# Blender 5.0.1
# www.blender.org
mtllib crashCharacterPiernaIzquierda.mtl
g 01.003_Mesh
v 0.204466 -0.510596 0.041873
v 0.186848 -0.760846 -0.097633
v 0.225939 -0.650667 -0.063631
v 0.208213 -0.761232 0.373196
v 0.183411 -0.747891 0.324050
v 0.189887 -0.761459 0.322289
v 0.202640 -0.769477 0.318780
v 0.178646 -0.762649 0.262692
v 0.223186 -0.508312 0.027052
v 0.239208 -0.692721 -0.068515
v 0.217531 -0.692700 -0.080946
v 0.221816 -0.720786 -0.084882
v 0.226263 -0.735684 -0.091787
v 0.229294 -0.751296 -0.094711
v 0.252274 -0.750225 -0.078198
v 0.175404 -0.768291 0.139495
v 0.184279 -0.770049 0.199496
v 0.191854 -0.769756 0.260170
v 0.199333 -0.773536 0.197544
v 0.206951 -0.773021 0.257418
v -0.000700 0.020608 -0.094158
v -0.000700 -0.013592 -0.089104
v -0.000700 0.075385 -0.081544
v 0.150347 -0.513786 -0.025728
v 0.142697 -0.512555 -0.004606
v 0.158178 -0.512030 0.034647
v 0.244732 -0.719980 -0.071637
v 0.249975 -0.735245 -0.076448
v 0.153891 -0.627184 -0.007103
v 0.158422 -0.595169 -0.006397
v 0.168280 -0.577261 -0.005174
v 0.178306 -0.567640 -0.004044
v 0.175536 -0.568477 0.014230
v 0.176182 -0.581850 0.036408
v 0.178773 -0.607282 0.053209
v 0.306971 -0.740600 0.453890
v 0.306930 -0.754187 0.455620
v 0.307766 -0.765498 0.448980
v 0.199647 -0.516245 -0.048519
v 0.225319 -0.510307 -0.024204
v -0.000700 0.001562 0.112648
v -0.000700 0.031952 0.119491
v -0.000700 0.070111 0.116822
v 0.277593 -0.773809 0.416248
v 0.309016 -0.771165 0.437440
v 0.309695 -0.773441 0.424625
v 0.371882 -0.768981 0.401088
v 0.343834 -0.771696 0.419156
v 0.217484 -0.773195 0.314799
v 0.222928 -0.775119 0.254586
v 0.233611 -0.775104 0.310476
v 0.243480 -0.776212 0.250940
v 0.254410 -0.775932 0.304896
v 0.272308 -0.776095 0.245604
v 0.283129 -0.775732 0.297977
v 0.303730 -0.774636 0.238777
v 0.315569 -0.774117 0.291515
v 0.332756 -0.772098 0.231412
v 0.346921 -0.771430 0.285784
v 0.357387 -0.768783 0.224379
v 0.372370 -0.767950 0.280977
v 0.388866 -0.764757 0.277782
v 0.404359 -0.759824 0.275078
v 0.380009 -0.766344 0.409682
v 0.347431 -0.769436 0.430748
v 0.230309 -0.506330 0.002642
v 0.166469 -0.516719 -0.042867
v 0.387244 -0.759911 0.417453
v 0.350990 -0.763596 0.441637
v 0.391188 -0.748984 0.422582
v 0.352398 -0.752428 0.447761
v 0.388815 -0.735796 0.421822
v 0.350816 -0.739335 0.446614
v 0.378257 -0.705610 0.414157
v 0.381639 -0.724484 0.415479
v 0.345844 -0.709788 0.435636
v 0.347089 -0.728348 0.438641
v 0.308584 -0.709119 0.443475
v 0.307298 -0.728482 0.445602
v 0.234834 -0.697404 0.412275
v 0.269522 -0.705198 0.436386
v 0.234048 -0.719507 0.411978
v 0.268542 -0.724799 0.435866
v 0.232709 -0.736371 0.412384
v 0.265031 -0.739247 0.439970
v 0.229890 -0.750193 0.414300
v 0.263284 -0.753033 0.442027
v 0.266020 -0.764389 0.436389
v 0.271404 -0.771431 0.427156
v -0.000700 -0.072018 -0.052176
v -0.000700 -0.046725 -0.074127
v -0.000700 -0.054217 0.075556
v -0.000700 -0.032349 0.095838
v -0.000700 -0.098964 -0.010708
v -0.000700 -0.087516 -0.031107
v -0.000700 -0.091346 0.036683
v -0.000700 -0.073567 0.055810
v -0.000700 -0.107518 0.014831
v 0.373351 -0.765789 0.219578
v 0.367597 -0.762262 0.154650
v 0.388309 -0.760860 0.215210
v 0.380525 -0.754820 0.149728
v 0.402024 -0.753871 0.211269
v 0.418361 -0.753046 0.272836
v 0.409531 -0.741587 0.209306
v 0.425842 -0.740883 0.271870
v 0.405737 -0.726361 0.210790
v 0.421731 -0.725681 0.273027
v 0.402014 -0.706807 0.211715
v 0.418338 -0.706030 0.273537
v 0.394415 -0.685525 0.212920
v 0.064748 0.011135 -0.095471
v 0.181075 -0.493535 0.036814
v 0.234537 -0.762281 0.409383
v 0.046120 0.021623 0.110275
v 0.219896 -0.768911 0.367754
v 0.411949 -0.683171 0.273941
v 0.393204 -0.660609 0.276513
v 0.362585 -0.639282 0.281509
v 0.376512 -0.663581 0.217056
v 0.346836 -0.642859 0.223736
v 0.197239 -0.498605 0.080516
v 0.216139 -0.499520 -0.090541
v 0.194837 -0.502042 -0.037854
v 0.242894 -0.769330 0.402318
v 0.233485 -0.772810 0.361554
v 0.253021 -0.773240 0.394407
v 0.247830 -0.774663 0.354799
v 0.265847 -0.775571 0.347000
v 0.306595 -0.629289 0.231431
v 0.327080 -0.649913 0.166599
v 0.291419 -0.639181 0.176775
v 0.252594 -0.639880 0.186631
v 0.040999 0.078784 -0.074501
v 0.072520 0.087032 -0.056847
v 0.104201 0.028997 -0.067926
v 0.137586 -0.041017 -0.050111
v 0.114857 -0.057095 -0.064724
v 0.049100 -0.031585 -0.092338
v 0.094809 -0.073115 -0.066903
v 0.195998 -0.499850 0.062702
v 0.184524 -0.499339 0.073151
v 0.166895 -0.501194 0.058100
v 0.184167 -0.557158 0.021743
v 0.197641 -0.551705 0.020825
v 0.196854 -0.496119 0.032492
v 0.210743 -0.499214 0.052298
v 0.151736 -0.502896 0.042565
v 0.165913 -0.497060 0.026675
v 0.172470 -0.552783 0.017354
v 0.292999 -0.775400 0.337222
v 0.323163 -0.773875 0.330478
v 0.353311 -0.771236 0.328172
v 0.377797 -0.768039 0.329613
v 0.395513 -0.764691 0.330758
v 0.389372 -0.766066 0.370546
v 0.410193 -0.760117 0.331322
v 0.401421 -0.761711 0.376375
v 0.422915 -0.754029 0.331730
v 0.145786 -0.512404 0.017658
v 0.089465 0.037808 0.096267
v 0.063210 0.081790 0.090957
v 0.030094 0.073325 0.108716
v 0.038526 -0.010468 0.105929
v 0.412809 -0.755853 0.380647
v 0.430795 -0.742261 0.332179
v 0.419027 -0.745200 0.383337
v 0.425765 -0.727649 0.332370
v 0.414495 -0.731537 0.382679
v 0.252706 -0.639519 0.090066
v 0.272643 -0.644501 0.128975
v 0.229494 -0.639270 0.098965
v 0.241635 -0.645458 0.138265
v 0.182516 -0.633082 0.071701
v 0.199574 -0.625472 0.075747
v 0.207396 -0.645507 0.101761
v 0.214515 -0.655187 0.142074
v 0.219342 -0.652290 0.193480
v 0.188153 -0.657726 0.098641
v 0.192266 -0.671980 0.142251
v 0.194274 -0.672575 0.197328
v 0.208475 -0.498194 0.073577
v 0.198237 -0.495842 0.098144
v 0.174703 -0.497887 0.089295
v 0.220230 -0.495080 0.091641
v 0.230022 -0.499753 -0.077012
v 0.211712 -0.502248 -0.066375
v 0.200016 -0.502118 -0.087728
v 0.222879 -0.483767 -0.109182
v 0.246633 -0.480651 -0.091995
v 0.196599 -0.486634 -0.113859
v 0.423139 -0.710119 0.332395
v 0.407733 -0.717695 0.380427
v 0.174162 -0.502565 -0.033257
v 0.157708 -0.507172 -0.046468
v 0.179080 -0.506789 -0.059600
v 0.197263 -0.504650 -0.063783
v 0.214397 -0.504699 -0.047327
v 0.209896 -0.500657 -0.019317
v 0.208631 -0.551353 -0.019997
v 0.195563 -0.553015 -0.031516
v 0.228098 -0.503043 -0.023220
v 0.180416 -0.553046 -0.029650
v 0.417686 -0.686410 0.332132
v 0.405630 -0.696974 0.381952
v 0.400669 -0.663712 0.332797
v 0.371121 -0.641686 0.334198
v 0.330211 -0.626049 0.339375
v 0.285409 -0.625972 0.348356
v 0.319910 -0.623688 0.288883
v 0.262529 -0.630147 0.240766
v 0.273664 -0.623951 0.298260
v 0.224908 -0.644835 0.249610
v 0.234081 -0.640155 0.307974
v 0.246956 -0.641981 0.358774
v 0.206067 -0.663461 0.316017
v 0.221791 -0.666317 0.367819
v 0.189657 -0.688301 0.321275
v 0.207223 -0.690672 0.374471
v 0.185052 -0.711632 0.323200
v 0.203670 -0.715001 0.376092
v 0.185467 -0.731695 0.323451
v 0.205410 -0.733077 0.374767
v 0.202830 -0.747694 0.375843
v 0.088287 0.088440 0.067209
v 0.103962 0.091892 0.037315
v 0.106859 0.092687 0.003228
v 0.131573 0.047121 0.037651
v 0.132469 0.044294 -0.000076
v 0.121440 0.037872 -0.035332
v 0.095486 0.091037 -0.028982
v 0.160345 -0.025594 0.003258
v 0.152061 -0.030717 -0.027221
v 0.186927 -0.098809 0.004862
v 0.179762 -0.101466 -0.022072
v 0.166760 -0.106068 -0.044550
v 0.204431 -0.173192 -0.020871
v 0.191930 -0.175869 -0.043470
v 0.172529 -0.180733 -0.060851
v 0.146091 -0.113641 -0.059690
v 0.147551 -0.187794 -0.067221
v 0.121533 -0.123081 -0.064454
v 0.123317 -0.195231 -0.061126
v 0.098727 -0.132624 -0.057512
v 0.074057 -0.087886 -0.057232
v 0.080131 -0.142483 -0.044827
v 0.056992 -0.101668 -0.043610
v 0.028454 -0.077502 -0.048020
v 0.037571 -0.058805 -0.071384
v 0.022655 -0.060510 0.074134
v 0.029780 -0.038800 0.092952
v 0.048258 -0.088534 0.079713
v 0.064457 -0.073648 0.095169
v 0.084954 -0.058344 0.102786
v 0.092849 -0.128078 0.099154
v 0.115872 -0.119321 0.105526
v 0.139561 -0.111695 0.101151
v 0.100757 -0.045882 0.102526
v 0.161134 -0.105416 0.085815
v 0.131866 -0.035245 0.088543
v 0.177041 -0.101220 0.063457
v 0.150046 -0.028746 0.066052
v 0.117337 0.044890 0.070153
v 0.160132 -0.025216 0.036529
v 0.186458 -0.098695 0.035236
v 0.202178 -0.174800 0.062387
v 0.211001 -0.172591 0.034818
v 0.211561 -0.172005 0.005308
v 0.234991 -0.250682 0.032179
v 0.234093 -0.249133 0.002908
v 0.227002 -0.248742 -0.023057
v 0.253825 -0.328791 -0.008656
v 0.245332 -0.326712 -0.035895
v 0.230949 -0.324961 -0.059932
v 0.214270 -0.249477 -0.045813
v 0.209368 -0.324516 -0.078425
v 0.194316 -0.252374 -0.062186
v 0.181445 -0.327106 -0.085157
v 0.169394 -0.257821 -0.067834
v 0.154593 -0.332156 -0.078105
v 0.145504 -0.263764 -0.062357
v 0.133234 -0.337815 -0.062782
v 0.126385 -0.269657 -0.048770
v 0.103783 -0.202094 -0.048215
v 0.111058 -0.274923 -0.030273
v 0.087744 -0.209050 -0.030273
v 0.064615 -0.152242 -0.028345
v 0.076255 -0.214523 -0.006466
v 0.053379 -0.159105 -0.007011
v 0.031918 -0.124308 -0.008817
v 0.042769 -0.114350 -0.028430
v 0.014551 -0.104326 -0.009714
v 0.020795 -0.092567 -0.029036
v 0.012733 -0.096515 0.037060
v 0.016460 -0.079549 0.056148
v 0.030095 -0.117487 0.040119
v 0.036853 -0.103677 0.060404
v 0.051938 -0.155667 0.043660
v 0.060755 -0.147156 0.066056
v 0.074003 -0.137663 0.084750
v 0.085340 -0.208217 0.071130
v 0.099500 -0.202257 0.089897
v 0.118794 -0.195574 0.104194
v 0.120846 -0.280012 0.093335
v 0.141274 -0.275420 0.110016
v 0.168822 -0.269076 0.114527
v 0.143371 -0.188502 0.109189
v 0.194860 -0.262491 0.104647
v 0.167911 -0.182343 0.101542
v 0.213919 -0.257434 0.084409
v 0.187709 -0.177940 0.084998
v 0.227197 -0.253675 0.060268
v 0.232254 -0.338070 0.079337
v 0.246418 -0.334622 0.053429
v 0.254719 -0.331372 0.023151
v 0.263496 -0.397381 0.051497
v 0.272134 -0.395681 0.015988
v 0.269476 -0.394031 -0.020836
v 0.285376 -0.427319 0.012535
v 0.282099 -0.425852 -0.029147
v 0.270151 -0.424712 -0.063999
v 0.258032 -0.392153 -0.052278
v 0.251025 -0.424330 -0.093707
v 0.240961 -0.390097 -0.077983
v 0.224113 -0.425523 -0.113206
v 0.217338 -0.389685 -0.096108
v 0.191753 -0.428605 -0.120093
v 0.188365 -0.392011 -0.102991
v 0.159748 -0.433748 -0.109966
v 0.160267 -0.397349 -0.095666
v 0.135183 -0.439599 -0.090852
v 0.137040 -0.403173 -0.079504
v 0.115801 -0.444655 -0.066379
v 0.118060 -0.408230 -0.057652
v 0.116784 -0.343597 -0.042420
v 0.104314 -0.412736 -0.029265
v 0.105699 -0.349111 -0.016788
v 0.099695 -0.279862 -0.006596
v 0.102647 -0.353510 0.012172
v 0.094936 -0.283048 0.020658
v 0.072490 -0.215861 0.021069
v 0.098369 -0.283828 0.048438
v 0.075741 -0.213384 0.047778
v 0.048698 -0.160615 0.018355
v 0.027343 -0.126064 0.015992
v 0.009143 -0.109622 0.014540
v 0.107140 -0.282740 0.072378
v 0.108325 -0.356369 0.040905
v 0.118806 -0.356968 0.065898
v 0.134519 -0.355651 0.087997
v 0.118121 -0.416902 0.064334
v 0.135263 -0.414415 0.090143
v 0.160193 -0.410098 0.110128
v 0.156584 -0.352118 0.104639
v 0.192852 -0.405111 0.115699
v 0.184876 -0.347273 0.108570
v 0.223907 -0.401232 0.106023
v 0.212131 -0.342110 0.099899
v 0.247682 -0.399046 0.081934
v 0.229785 -0.435416 0.113112
v 0.257578 -0.431824 0.086608
v 0.275386 -0.429308 0.052477
v 0.256418 -0.455571 0.085295
v 0.274724 -0.453245 0.051013
v 0.285460 -0.452133 0.010742
v 0.270195 -0.474345 0.049113
v 0.279751 -0.475273 0.009374
v 0.277437 -0.476793 -0.030921
v 0.282470 -0.451897 -0.031555
v 0.265580 -0.478961 -0.066099
v 0.270569 -0.452441 -0.067153
v 0.251197 -0.453744 -0.096120
v 0.224526 -0.455781 -0.114199
v 0.194248 -0.458393 -0.120268
v 0.168826 -0.489320 -0.106079
v 0.163126 -0.461820 -0.111278
v 0.145321 -0.490563 -0.089353
v 0.139561 -0.464691 -0.091311
v 0.125185 -0.491746 -0.065793
v 0.120577 -0.467453 -0.066492
v 0.111524 -0.491547 -0.034892
v 0.106397 -0.470053 -0.035920
v 0.101639 -0.448347 -0.035466
v 0.100765 -0.471551 -0.001321
v 0.097286 -0.450245 0.000045
v 0.100489 -0.415937 0.003811
v 0.103364 -0.450481 0.034098
v 0.106497 -0.417222 0.035546
v 0.115777 -0.449324 0.064223
v 0.106902 -0.470851 0.032429
v 0.119505 -0.469194 0.061507
v 0.136959 -0.467518 0.088173
v 0.133491 -0.446797 0.091691
v 0.163191 -0.465598 0.110591
v 0.160213 -0.443650 0.114301
v 0.197185 -0.461731 0.117174
v 0.195807 -0.439351 0.122402
v 0.228254 -0.459262 0.108968
v 0.198381 -0.479941 0.111915
v 0.225374 -0.476888 0.102256
v 0.251434 -0.475541 0.081886
v 0.240037 -0.496334 0.073117
v 0.254987 -0.495312 0.043377
v 0.220434 -0.497463 0.059456
v 0.230789 -0.499035 0.035744
v 0.236364 -0.500772 0.006860
v 0.261966 -0.496287 0.007923
v 0.234901 -0.501372 -0.022973
v 0.257893 -0.498408 -0.027207
v 0.225647 -0.501480 -0.047623
v 0.246004 -0.498870 -0.056466
v 0.232268 -0.499386 0.005359
v 0.225000 -0.498512 0.033093
v 0.209023 -0.497735 0.020449
v 0.213635 -0.498212 0.001475
v 0.208608 -0.550409 0.011785
v 0.212989 -0.550304 -0.003070
v 0.208590 -0.583466 0.007892
v 0.213314 -0.583796 -0.004937
v 0.208833 -0.584356 -0.020059
v 0.196341 -0.584879 -0.029917
v 0.182610 -0.585046 -0.027772
v 0.173392 -0.584932 -0.018609
v 0.169435 -0.552184 -0.019571
v 0.169927 -0.584657 -0.007600
v 0.163927 -0.552137 -0.006708
v 0.155751 -0.499296 -0.003937
v 0.161999 -0.500478 -0.020178
v 0.136330 -0.506037 -0.003246
v 0.143321 -0.507024 -0.027180
v 0.125699 -0.504650 -0.001899
v 0.131351 -0.505514 -0.029482
v 0.144117 -0.505214 -0.054487
v 0.163545 -0.504238 -0.072266
v 0.183006 -0.503307 -0.082276
v 0.107467 -0.491383 -0.001310
v 0.128967 -0.503146 0.025992
v 0.113419 -0.489750 0.030601
v 0.139643 -0.501885 0.050761
v 0.125358 -0.488240 0.058478
v 0.155056 -0.500439 0.071801
v 0.142132 -0.486325 0.083725
v 0.167323 -0.483555 0.104115
v 0.140015 -0.504642 0.022391
v 0.157685 -0.498874 0.012958
v 0.164703 -0.552319 0.006385
v 0.171804 -0.584288 0.002974
v 0.178223 -0.583896 0.011440
v 0.187439 -0.583563 0.016479
v 0.198561 -0.583422 0.014712
v 0.197273 -0.667412 0.255939
v 0.177839 -0.694675 0.199702
v 0.180710 -0.690859 0.260116
v 0.170571 -0.714918 0.201214
v 0.174355 -0.712982 0.262800
v 0.174188 -0.733069 0.263706
v 0.172101 -0.749495 0.264025
v 0.168724 -0.733619 0.201778
v 0.165784 -0.749205 0.202031
v 0.171295 -0.762745 0.201203
v 0.067239 0.061938 -0.070207
v 0.083979 0.076439 -0.049722
v 0.080616 0.064716 -0.062195
v 0.153223 -0.512124 0.014936
v 0.157030 -0.513643 -0.021666
v 0.150497 -0.512538 -0.003812
v 0.222544 -0.508992 0.002425
v 0.216206 -0.509778 0.023143
v 0.218103 -0.512003 -0.020635
v 0.170548 -0.516049 -0.036137
v 0.163746 -0.510824 0.029131
v 0.200268 -0.509897 0.035225
v 0.197323 -0.516126 -0.041250
v 0.181576 -0.508393 0.037778
v 0.161572 -0.502499 0.011675
v 0.165222 -0.504194 -0.017781
v 0.159661 -0.503116 -0.003330
v 0.210915 -0.502968 0.001613
v 0.206281 -0.502142 0.018617
v 0.207284 -0.505049 -0.017312
v 0.176029 -0.506050 -0.029413
v 0.169211 -0.500212 0.023582
v 0.194861 -0.499632 0.028693
v 0.193934 -0.506030 -0.033790
v 0.181917 -0.496672 0.032007
v 0.169731 -0.771573 -0.078083
v 0.219617 -0.572678 0.017182
v 0.162365 -0.602069 0.022717
v 0.227764 -0.582503 -0.023251
v 0.162213 -0.693116 0.077512
v 0.282782 -0.687555 -0.012665
v 0.177099 -0.726568 -0.085700
v 0.363921 -0.662887 0.404754
v 0.277768 -0.660187 0.420613
v 0.288486 -0.775150 0.394494
v 0.353689 -0.771697 0.384220
v 0.163618 -0.595357 -0.036370
v 0.190118 -0.738935 -0.098380
v 0.211723 -0.776702 -0.034539
v 0.166909 -0.766258 -0.085462
v 0.185535 -0.769745 -0.090296
v 0.182491 -0.773941 -0.078043
v 0.163023 -0.773280 -0.064131
v 0.152481 -0.766446 -0.067875
v 0.176625 -0.775657 -0.060999
v 0.208908 -0.566758 0.018114
v 0.215039 -0.577541 0.036189
v 0.228245 -0.584244 0.025894
v 0.237580 -0.592930 0.009932
v 0.224721 -0.571736 0.004358
v 0.210569 -0.564098 0.000103
v 0.159922 -0.597422 0.009720
v 0.155741 -0.627392 0.012206
v 0.161027 -0.622532 0.029911
v 0.167767 -0.590728 0.028680
v 0.167069 -0.580104 0.011526
v 0.168762 -0.614636 0.043379
v 0.226843 -0.574712 -0.011821
v 0.239490 -0.601459 -0.009183
v 0.235894 -0.607452 -0.026695
v 0.226894 -0.609538 -0.043267
v 0.218633 -0.577730 -0.031124
v 0.214054 -0.565887 -0.015739
v 0.173847 -0.673084 0.090515
v 0.170230 -0.643840 0.060733
v 0.161031 -0.655588 0.046310
v 0.152696 -0.663083 0.022038
v 0.148762 -0.697902 0.031293
v 0.168861 -0.709732 0.140094
v 0.176596 -0.691917 0.140887
v 0.144934 -0.721970 0.034149
v 0.155778 -0.723420 0.080622
v 0.163950 -0.730319 0.139751
v 0.276236 -0.665635 0.009347
v 0.310393 -0.685249 0.039004
v 0.318197 -0.704091 0.031421
v 0.323064 -0.723939 0.028081
v 0.293087 -0.719556 -0.017370
v 0.268249 -0.719148 -0.048532
v 0.260110 -0.692018 -0.046886
v 0.239488 -0.649498 -0.047966
v 0.249888 -0.644879 -0.025399
v 0.250816 -0.632979 -0.005249
v 0.156547 -0.725395 -0.065966
v 0.158169 -0.695083 -0.061049
v 0.174846 -0.693795 -0.077866
v 0.195636 -0.692867 -0.084449
v 0.199566 -0.723057 -0.089472
v 0.165999 -0.745605 -0.090748
v 0.149766 -0.741249 -0.070090
v 0.187884 -0.750103 -0.101158
v 0.204980 -0.737741 -0.098323
v 0.372627 -0.683179 0.411634
v 0.393434 -0.672925 0.379300
v 0.370897 -0.651110 0.378010
v 0.339619 -0.657311 0.414314
v 0.343854 -0.686470 0.431648
v 0.336273 -0.635741 0.381321
v 0.305347 -0.656130 0.420506
v 0.296427 -0.635489 0.388998
v 0.262698 -0.650088 0.398364
v 0.243602 -0.673581 0.406415
v 0.272533 -0.680149 0.431291
v 0.308847 -0.684851 0.438997
v 0.278506 -0.775429 0.377088
v 0.301269 -0.775124 0.367372
v 0.308623 -0.774883 0.394060
v 0.310651 -0.774435 0.411575
v 0.282785 -0.774672 0.406707
v 0.263279 -0.774703 0.387603
v 0.364292 -0.770349 0.394365
v 0.339401 -0.772890 0.407616
v 0.334290 -0.773516 0.390362
v 0.355050 -0.771403 0.361093
v 0.375669 -0.768738 0.365381
v 0.328726 -0.773701 0.361734
v 0.170221 -0.584391 -0.040727
v 0.173015 -0.615687 -0.055387
v 0.162265 -0.620065 -0.043509
v 0.156059 -0.623971 -0.026360
v 0.160643 -0.592689 -0.022494
v 0.166925 -0.574638 -0.021924
v 0.207370 -0.751726 -0.101430
v 0.219675 -0.776657 -0.015656
v 0.202743 -0.777308 -0.011561
v 0.199004 -0.776876 -0.037607
v 0.219072 -0.775722 -0.044769
v 0.234415 -0.775273 -0.023279
v 0.204531 -0.776314 -0.053975
v 0.212646 -0.774689 -0.066281
v 0.229363 -0.774243 -0.053427
v 0.185142 -0.777032 -0.037144
v 0.190637 -0.776329 -0.057843
v 0.196770 -0.774690 -0.073568
v 0.202163 -0.771408 -0.087219
v 0.221101 -0.771886 -0.079050
v 0.205530 -0.763681 -0.097642
v 0.226985 -0.764374 -0.089760
v 0.248322 -0.763305 -0.073233
v 0.240070 -0.770985 -0.063947
v 0.269541 -0.761441 -0.049072
v 0.259445 -0.769409 -0.040941
v 0.247073 -0.773228 -0.031684
v 0.279817 -0.768573 -0.007926
v 0.265998 -0.772270 0.000136
v 0.251009 -0.774698 0.008298
v 0.289864 -0.771661 0.048079
v 0.273180 -0.774156 0.056440
v 0.252480 -0.776090 0.064912
v 0.233405 -0.776401 0.016515
v 0.229778 -0.776999 0.071685
v 0.213088 -0.777167 0.022564
v 0.208975 -0.776669 0.075629
v 0.194743 -0.776918 0.026255
v 0.186213 -0.777139 -0.010150
v 0.178490 -0.775644 0.029015
v 0.170236 -0.775392 -0.009113
v 0.170730 -0.775965 -0.037909
v 0.155489 -0.772070 -0.008170
v 0.156435 -0.773431 -0.039515
v 0.142486 -0.765560 -0.007695
v 0.144706 -0.765978 -0.041083
v 0.133866 -0.753629 -0.007424
v 0.136767 -0.754160 -0.042259
v 0.147950 -0.755715 -0.070148
v 0.164587 -0.757273 -0.089529
v 0.139143 -0.740137 -0.042213
v 0.135410 -0.738884 -0.007628
v 0.140020 -0.722846 -0.007702
v 0.144512 -0.724073 -0.040926
v 0.144102 -0.698671 -0.006813
v 0.147612 -0.696694 -0.036797
v 0.149511 -0.663675 -0.006848
v 0.152314 -0.661098 -0.032399
v 0.160206 -0.657474 -0.053043
v 0.173793 -0.654448 -0.068018
v 0.191123 -0.652194 -0.075520
v 0.186497 -0.611981 -0.061564
v 0.201089 -0.609821 -0.061544
v 0.209369 -0.651102 -0.073334
v 0.180410 -0.579152 -0.045130
v 0.194171 -0.576515 -0.045092
v 0.206917 -0.576832 -0.039696
v 0.215476 -0.609390 -0.054696
v 0.177590 -0.565273 -0.022648
v 0.190079 -0.562809 -0.022823
v 0.201709 -0.563650 -0.020296
v 0.188545 -0.562785 -0.003147
v 0.199214 -0.561883 -0.001800
v 0.186642 -0.562966 0.016715
v 0.198218 -0.562823 0.017983
v 0.188228 -0.576411 0.041469
v 0.202077 -0.575008 0.041314
v 0.192906 -0.601719 0.058154
v 0.208805 -0.599280 0.056501
v 0.224571 -0.600002 0.049428
v 0.218102 -0.621626 0.072789
v 0.235575 -0.622352 0.063564
v 0.252169 -0.629504 0.049063
v 0.239523 -0.606830 0.035468
v 0.264895 -0.646103 0.030193
v 0.247714 -0.619439 0.016472
v 0.274954 -0.646982 0.076180
v 0.295212 -0.663242 0.057705
v 0.302068 -0.653366 0.116013
v 0.327602 -0.670797 0.101925
v 0.344061 -0.691657 0.092743
v 0.354526 -0.668445 0.158047
v 0.371479 -0.689313 0.152614
v 0.378901 -0.708899 0.150307
v 0.351150 -0.709117 0.089381
v 0.382915 -0.727270 0.148935
v 0.355049 -0.726776 0.087252
v 0.386637 -0.741963 0.147387
v 0.359352 -0.741210 0.085630
v 0.328835 -0.738649 0.025513
v 0.298988 -0.735600 -0.021329
v 0.355603 -0.754222 0.087852
v 0.328064 -0.753250 0.026537
v 0.299825 -0.750274 -0.021727
v 0.275604 -0.749496 -0.054205
v 0.273764 -0.734881 -0.052747
v 0.317573 -0.762350 0.032644
v 0.292166 -0.761889 -0.016138
v 0.304412 -0.768157 0.040103
v 0.343830 -0.762075 0.093584
v 0.330118 -0.767389 0.099955
v 0.314891 -0.770898 0.106895
v 0.353008 -0.766906 0.160159
v 0.336968 -0.769892 0.166224
v 0.315597 -0.772797 0.174076
v 0.295807 -0.773608 0.114975
v 0.289027 -0.775222 0.182363
v 0.272274 -0.775700 0.123296
v 0.260554 -0.776420 0.188785
v 0.246745 -0.776661 0.129853
v 0.234527 -0.776448 0.192849
v 0.223596 -0.776468 0.133724
v 0.214957 -0.775505 0.195444
v 0.205558 -0.775186 0.136036
v 0.192256 -0.775199 0.078402
v 0.190079 -0.772634 0.137867
v 0.176784 -0.772223 0.080706
v 0.163122 -0.772423 0.031569
v 0.162388 -0.766877 0.082667
v 0.149054 -0.765681 0.033788
v 0.152010 -0.756440 0.083779
v 0.139886 -0.754017 0.035046
v 0.151307 -0.741731 0.082787
v 0.140676 -0.739020 0.034761
v 0.163757 -0.759506 0.140592
v 0.160114 -0.746063 0.140554
v 0.180734 -0.505256 0.042586
v 0.198226 -0.512137 -0.045314
v 0.202261 -0.506384 0.039024
v 0.160448 -0.507672 0.032224
v 0.168681 -0.512564 -0.039981
v 0.220715 -0.507612 -0.022640
v 0.218948 -0.505372 0.024975
v 0.225264 -0.504236 0.002287
v 0.146587 -0.508718 -0.004420
v 0.153807 -0.509926 -0.024063
v 0.149336 -0.508499 0.016218
v 0.268479 -0.396386 0.053434
v 0.277444 -0.394482 0.016485
v 0.274633 -0.392617 -0.021859
v 0.262713 -0.390532 -0.054518
v 0.244749 -0.388288 -0.081512
v 0.219430 -0.387844 -0.100874
v 0.188001 -0.390419 -0.108321
v 0.157713 -0.396282 -0.100398
v 0.133247 -0.402583 -0.083356
v 0.113452 -0.408039 -0.060543
v 0.099060 -0.412882 -0.030783
v 0.113353 -0.417442 0.066867
v 0.131242 -0.414916 0.093807
v 0.157836 -0.410355 0.115163
v 0.193072 -0.404935 0.121250
v 0.226661 -0.400661 0.110828
v 0.251995 -0.398231 0.085193
v 0.095041 -0.416310 0.003966
v 0.101306 -0.417708 0.037064
v 0.180584 -0.510096 0.045046
vn 0.7486 0.6357 -0.1882
vn 0.8863 0.4585 0.0646
vn 0.9177 0.3551 -0.1781
vn -0.6818 0.0339 0.7307
vn -0.8709 0.0425 0.4897
vn -0.7044 0.1675 0.6898
vn -0.4019 0.1620 0.9012
vn -0.8781 -0.1127 0.4651
vn -0.7316 -0.1322 0.6687
vn -0.4483 0.2799 0.8490
vn 0.4946 0.0754 0.8659
vn -0.3299 0.8956 -0.2984
vn 0.8497 0.0338 0.5262
vn 0.3923 -0.9186 -0.0470
vn 0.1940 -0.9803 0.0375
vn 0.1387 -0.9885 0.0604
vn 0.3611 0.9316 0.0420
vn 0.4448 0.8630 -0.2395
vn -0.8381 0.2919 0.4608
vn -0.9289 0.1731 0.3273
vn -0.9234 0.1973 0.3293
vn -0.9704 0.1464 0.1920
vn -0.9751 0.1409 0.1711
vn 0.8367 0.3774 -0.3968
vn 0.7332 0.3567 -0.5789
vn 0.8668 0.3183 -0.3838
vn 0.8870 0.4111 -0.2102
vn 0.0245 0.7017 0.7120
vn 0.2417 0.9023 0.3571
vn -0.0810 0.9100 0.4067
vn 0.2672 0.9614 -0.0661
vn -0.8832 -0.2069 0.4208
vn -0.9622 -0.2702 -0.0347
vn -0.8014 -0.1758 -0.5717
vn -0.0275 -0.9970 0.0717
vn -0.0026 -0.9925 0.1221
vn -0.0219 -0.9951 0.0966
vn 0.0261 0.3607 0.9323
vn 0.2739 0.6946 0.6652
vn 0.0738 -0.9973 0.0039
vn 0.0313 -0.9982 0.0514
vn 0.0339 -0.9994 0.0109
vn 0.0693 -0.9976 -0.0067
vn 0.0317 -0.9995 -0.0001
vn -0.6628 -0.6670 0.3403
vn -0.5522 -0.6856 0.4744
vn -0.4804 -0.1571 0.8629
vn -0.3246 -0.9104 0.2566
vn -0.3662 -0.6635 0.6524
vn -0.3480 -0.9184 0.1883
vn -0.7075 -0.6772 0.2020
vn -0.3648 -0.9249 0.1072
vn -0.1690 -0.9818 0.0862
vn -0.1672 -0.9848 0.0478
vn -0.0737 -0.9966 0.0357
vn -0.0739 -0.9970 0.0224
vn -0.0641 -0.9966 0.0511
vn -0.0156 -0.9998 0.0145
vn -0.0148 -0.9998 0.0093
vn -0.2148 -0.4508 -0.8664
vn 0.0488 -0.9027 -0.4274
vn -0.1143 -0.8041 -0.5834
vn 0.9932 0.0230 0.1146
vn -0.2220 -0.0029 -0.9750
vn 0.0889 -0.5879 -0.8041
vn -0.5673 0.2069 -0.7971
vn -0.5794 -0.2403 -0.7788
vn -0.4677 -0.6660 -0.5812
vn -0.9761 0.2171 -0.0067
vn -0.9676 0.1686 0.1878
vn -0.9874 0.1582 0.0053
vn -0.9910 0.1335 0.0033
vn 0.4041 0.6557 -0.6378
vn 0.5308 0.3951 -0.7498
vn -0.4553 0.8626 -0.2205
vn -0.7104 0.4086 -0.5731
vn -0.8285 0.5439 -0.1331
vn 0.3622 -0.6452 -0.6727
vn 0.1441 -0.0682 -0.9872
vn 0.4431 -0.0844 -0.8925
vn -0.0700 0.1909 -0.9791
vn 0.2942 0.2717 -0.9163
vn 0.3270 0.2096 -0.9215
vn 0.5999 0.2894 -0.7459
vn 0.7626 0.3326 -0.5548
vn 0.5945 0.2472 -0.7652
vn 0.7315 0.3051 -0.6098
vn 0.5750 0.3253 -0.7507
vn 0.3242 0.3437 -0.8813
vn -0.0153 0.3583 -0.9335
vn 0.3726 0.3572 -0.8565
vn 0.0898 0.3802 -0.9205
vn 0.5981 0.3083 -0.7397
vn 0.5283 -0.6644 -0.5287
vn 0.6560 -0.1428 -0.7411
vn 0.5487 -0.7169 -0.4300
vn 0.7157 0.2850 -0.6376
vn 0.7613 0.3642 -0.5365
vn 0.7975 0.2411 -0.5530
vn 0.7071 0.3378 -0.6212
vn 0.4367 -0.8740 -0.2132
vn 0.7140 -0.6256 -0.3144
vn 0.3935 -0.9050 -0.1616
vn -0.2357 0.6386 0.7325
vn 0.1807 0.5967 0.7819
vn -0.2350 0.5266 0.8170
vn -0.2240 0.9746 -0.0036
vn -0.5661 0.8229 0.0475
vn -0.9914 0.1306 0.0036
vn -0.9665 0.1437 -0.2127
vn -0.9507 0.2474 0.1869
vn -0.9531 0.3023 0.0126
vn -0.9706 0.1371 -0.1978
vn -0.8201 0.5696 0.0544
vn -0.8654 0.4694 0.1753
vn -0.9483 0.2841 -0.1413
vn -0.6375 0.7414 0.2095
vn -0.0094 -0.9998 0.0149
vn 0.0289 -0.9996 0.0013
vn 0.0282 -0.9996 0.0013
vn 0.0667 -0.9978 -0.0062
vn 0.0680 -0.9977 -0.0066
vn 0.1080 -0.9941 -0.0137
vn 0.1087 -0.9940 -0.0116
vn 0.1580 -0.9872 -0.0226
vn 0.1585 -0.9873 -0.0146
vn 0.1089 -0.9940 -0.0095
vn 0.2406 -0.9699 -0.0381
vn 0.2427 -0.9700 -0.0133
vn 0.1619 -0.9868 -0.0036
vn 0.3613 -0.9304 -0.0619
vn 0.3677 -0.9299 -0.0031
vn 0.2584 -0.9657 0.0250
vn 0.6580 -0.7446 -0.1127
vn 0.6548 -0.7555 0.0215
vn 0.6515 -0.7306 0.2044
vn 0.9770 -0.1403 -0.1609
vn 0.9892 -0.1309 0.0664
vn 0.9144 -0.1265 0.3845
vn 0.9624 0.2509 0.1039
vn 0.9629 0.2205 -0.1555
vn 0.8256 0.3858 0.4117
vn 0.9759 0.1789 0.1246
vn 0.9624 0.2178 -0.1627
vn 0.8491 0.2538 0.4634
vn 0.9079 0.4061 0.1038
vn 0.8701 0.4657 -0.1614
vn 0.8381 0.2425 0.4887
vn -0.6620 0.5011 0.5574
vn -0.2722 0.9308 0.2440
vn 0.2663 -0.9632 0.0360
vn 0.1872 -0.9818 0.0319
vn -0.1116 -0.9856 0.1268
vn -0.8601 0.3284 0.3903
vn -0.6265 0.3907 0.6744
vn 0.7127 0.6955 0.0916
vn 0.6614 0.7375 -0.1369
vn 0.7268 0.5513 0.4096
vn 0.4918 0.8676 0.0731
vn 0.4459 0.8890 -0.1043
vn 0.5347 0.7778 0.3305
vn 0.0299 0.0729 -0.9969
vn 0.2279 0.3199 -0.9196
vn 0.2624 0.0993 -0.9598
vn 0.6451 0.3055 -0.7004
vn 0.3609 -0.0093 -0.9326
vn -0.0922 -0.2653 -0.9597
vn -0.0014 -0.2847 -0.9586
vn 0.0933 -0.9654 0.2434
vn -0.0561 -0.9632 0.2628
vn 0.0477 -0.9970 -0.0603
vn -0.1941 0.8582 0.4752
vn 0.4124 -0.1716 0.8947
vn 0.3689 0.8579 0.3577
vn 0.1923 -0.9745 -0.1153
vn 0.0638 -0.9937 -0.0918
vn -0.6330 -0.2319 0.7386
vn -0.1483 -0.2197 0.9642
vn -0.4938 0.8676 0.0582
vn 0.9268 0.0590 -0.3709
vn -0.8378 0.2519 0.4844
vn -0.6197 0.4584 0.6371
vn -0.6548 0.6146 0.4400
vn -0.1681 0.9840 0.0585
vn -0.5017 0.8643 -0.0364
vn -0.2100 0.9727 -0.0987
vn 0.6422 -0.7425 -0.1907
vn -0.4216 0.1224 -0.8985
vn 0.3305 0.9271 0.1771
vn 0.1354 -0.9884 -0.0691
vn 0.0618 -0.9979 0.0180
vn 0.1846 -0.9821 -0.0372
vn 0.1888 0.0138 0.9819
vn 0.4510 0.2931 0.8430
vn 0.3205 0.1136 0.9404
vn 0.2115 -0.0444 0.9764
vn 0.1150 -0.2960 0.9482
vn -0.0408 -0.2616 0.9643
vn -0.3401 -0.9387 0.0564
vn -0.6788 0.6424 0.3558
vn -0.4108 0.7748 0.4806
vn -0.4698 0.8442 0.2581
vn -0.1529 0.9731 0.1721
vn 0.1599 0.9855 -0.0573
vn 0.4060 0.8900 -0.2075
vn 0.1157 0.9801 -0.1615
vn 0.2012 0.9748 0.0958
vn -0.2131 0.9722 -0.0968
vn 0.0869 0.9815 -0.1708
vn -0.1938 0.9810 0.0101
vn -0.5103 0.8596 -0.0274
vn -0.7191 0.6949 0.0033
vn -0.7284 0.6848 0.0205
vn -0.4983 0.8632 0.0814
vn -0.7187 0.6784 0.1522
vn 0.0519 -0.9928 0.1079
vn 0.0834 -0.9937 0.0743
vn -0.1283 -0.9202 0.3697
vn 0.0221 -0.9953 0.0943
vn 0.2592 -0.8439 0.4697
vn 0.1332 -0.8505 0.5088
vn 0.2376 -0.8956 -0.3762
vn 0.1298 -0.9872 -0.0929
vn 0.0420 -0.9504 -0.3082
vn 0.6278 -0.5117 -0.5865
vn 0.3059 -0.9131 -0.2695
vn 0.0049 -0.5834 -0.8122
vn 0.3585 -0.5033 -0.7862
vn 0.6555 0.1766 -0.7343
vn -0.2571 -0.9647 -0.0575
vn -0.0273 -0.9235 -0.3827
vn 0.1673 -0.9839 -0.0625
vn 0.1291 -0.9564 -0.2620
vn 0.4026 -0.8523 -0.3338
vn 0.4250 0.8015 -0.4207
vn 0.8572 -0.0162 -0.5147
vn 0.2918 -0.0747 -0.9536
vn 0.4048 -0.9135 0.0397
vn -0.4265 -0.1101 -0.8978
vn -0.2861 0.6654 -0.6895
vn -0.0727 -0.9895 0.1252
vn -0.1762 -0.9770 0.1199
vn -0.0246 -0.9983 0.0533
vn 0.0251 -0.9916 0.1269
vn -0.0355 0.3388 0.9402
vn -0.0645 0.3594 0.9310
vn 0.3233 0.4028 0.8563
vn -0.0620 -0.2021 0.9774
vn 0.3000 0.3755 0.8769
vn -0.0282 -0.7309 0.6819
vn 0.3757 -0.1873 0.9076
vn -0.2328 -0.9170 0.3239
vn 0.0118 -0.9506 0.3102
vn 0.3298 -0.6955 0.6384
vn 0.2006 -0.9331 0.2983
vn 0.1126 -0.9877 0.1084
vn 0.0850 -0.9954 0.0446
vn 0.1380 -0.9903 0.0167
vn 0.1899 -0.9800 0.0592
vn 0.3703 -0.9236 0.0994
vn 0.3326 -0.9216 0.2003
vn 0.5614 -0.6928 0.4527
vn 0.7045 -0.1746 0.6879
vn 0.6159 0.4161 0.6689
vn 0.6114 0.4221 0.6694
vn 0.6399 0.1885 0.7449
vn 0.6020 0.3775 0.7037
vn 0.3520 0.3294 0.8761
vn 0.3741 0.1795 0.9098
vn 0.0024 0.1407 0.9901
vn -0.3740 0.1095 0.9209
vn -0.3404 0.3881 0.8565
vn -0.6037 0.5212 0.6032
vn -0.8217 0.3524 0.4479
vn -0.6618 0.2055 0.7210
vn 0.8648 0.4845 -0.1319
vn 0.8789 0.4334 0.1991
vn 0.8933 0.4155 -0.1711
vn 0.7646 0.4341 -0.4763
vn 0.8096 0.3875 -0.4410
vn 0.5316 0.3990 -0.7471
vn 0.8359 0.3096 -0.4533
vn 0.6485 0.2015 -0.7341
vn 0.9260 0.3476 -0.1471
vn 0.8650 0.3006 -0.4017
vn 0.6841 0.2427 -0.6878
vn 0.7335 0.2441 -0.6343
vn 0.4278 0.1543 -0.8906
vn 0.3499 0.1328 -0.9273
vn -0.0061 0.0193 -0.9998
vn -0.0492 -0.0134 -0.9987
vn 0.0316 -0.2277 -0.9732
vn -0.3753 -0.1063 -0.9208
vn -0.3727 -0.1426 -0.9169
vn -0.2793 -0.3843 -0.8799
vn -0.4394 -0.3919 -0.8083
vn -0.2166 -0.7096 -0.6705
vn -0.1497 -0.6347 -0.7581
vn -0.0865 -0.7531 -0.6522
vn -0.1661 -0.5230 -0.8360
vn -0.1167 -0.6771 0.7266
vn -0.2263 -0.4688 0.8538
vn -0.0149 -0.5572 0.8302
vn -0.3674 -0.5469 0.7523
vn -0.3978 -0.2154 0.8918
vn -0.1301 -0.0796 0.9883
vn -0.0548 0.0212 0.9983
vn 0.1948 0.0758 0.9779
vn 0.3408 0.1535 0.9275
vn 0.5504 0.2190 0.8057
vn 0.4289 0.2783 0.8594
vn 0.6523 0.2396 0.7191
vn 0.8071 0.3067 0.5044
vn 0.7192 0.3977 0.5697
vn 0.8123 0.5191 0.2658
vn 0.6515 0.4724 0.5936
vn 0.9222 0.3463 0.1721
vn 0.8379 0.2927 0.4606
vn 0.9311 0.3223 0.1710
vn 0.8586 0.2771 0.4314
vn 0.9403 0.2968 0.1666
vn 0.9465 0.2991 -0.1208
vn 0.9364 0.3264 -0.1289
vn 0.9536 0.2711 -0.1312
vn 0.8889 0.2732 -0.3676
vn 0.8817 0.2858 -0.3753
vn 0.9551 0.2603 -0.1419
vn 0.8842 0.2729 -0.3790
vn 0.7288 0.2596 -0.6336
vn 0.7359 0.2862 -0.6136
vn 0.4045 0.2096 -0.8902
vn 0.4216 0.2888 -0.8596
vn -0.0246 0.1204 -0.9924
vn -0.0412 0.2454 -0.9685
vn -0.4150 0.0194 -0.9096
vn -0.4485 0.1705 -0.8774
vn -0.6644 -0.0636 -0.7446
vn -0.7575 -0.2788 -0.5902
vn -0.5930 -0.1925 -0.7819
vn -0.6919 -0.3314 -0.6415
vn -0.5433 -0.2310 -0.8071
vn -0.8289 -0.4287 -0.3594
vn -0.7213 -0.5580 -0.4102
vn -0.5778 -0.4394 -0.6878
vn -0.4786 -0.7592 -0.4412
vn -0.3373 -0.7062 -0.6225
vn -0.2282 -0.8833 -0.4094
vn -0.1184 -0.8156 -0.5664
vn -0.2795 -0.7293 0.6245
vn -0.4620 -0.5726 0.6772
vn -0.2205 -0.6865 0.6929
vn -0.5168 -0.6434 0.5647
vn -0.6986 -0.3894 0.6003
vn -0.5867 -0.3163 0.7454
vn -0.7627 -0.4850 0.4278
vn -0.7704 -0.3110 0.5565
vn -0.6342 -0.2230 0.7404
vn -0.6601 -0.1816 0.7289
vn -0.3953 -0.1082 0.9121
vn -0.3835 -0.0706 0.9208
vn -0.7134 -0.1699 0.6799
vn -0.3920 -0.0976 0.9148
vn 0.0309 0.0638 0.9975
vn 0.0933 0.0165 0.9955
vn 0.4374 0.1781 0.8815
vn 0.5230 0.1243 0.8432
vn 0.7058 0.2433 0.6653
vn 0.7736 0.1889 0.6048
vn 0.8914 0.2226 0.3949
vn 0.7767 0.1810 0.6033
vn 0.8986 0.2099 0.3853
vn 0.9571 0.2530 0.1415
vn 0.9619 0.2384 0.1338
vn 0.4915 0.8394 0.2319
vn 0.5163 0.8516 0.0908
vn 0.5089 0.8603 -0.0289
vn 0.9900 0.1075 0.0911
vn 0.9699 0.1449 -0.1958
vn 0.4384 0.8850 -0.1568
vn 0.4928 0.8698 -0.0257
vn 0.8867 0.1828 -0.4248
vn 0.3358 0.9044 -0.2632
vn 0.4520 0.8814 -0.1372
vn 0.7101 0.2009 -0.6748
vn 0.1466 0.9076 -0.3935
vn 0.3721 0.8945 -0.2479
vn 0.3864 0.1868 -0.9032
vn -0.1292 0.8829 -0.4513
vn 0.1917 0.9029 -0.3847
vn -0.0622 0.1414 -0.9880
vn -0.3820 0.8247 -0.4171
vn -0.0836 0.8839 -0.4601
vn -0.4677 0.0803 -0.8802
vn -0.5353 0.7684 -0.3506
vn -0.5290 0.7813 -0.3314
vn -0.3080 0.8597 -0.4076
vn -0.8438 -0.0665 -0.5325
vn -0.6353 0.7224 -0.2729
vn -0.6203 0.7492 -0.2321
vn -0.6975 0.1106 -0.7080
vn -0.8587 0.0621 -0.5087
vn -0.6883 0.7181 -0.1028
vn -0.9676 0.0130 -0.2520
vn -0.9319 -0.1783 -0.3159
vn -0.8213 -0.1269 -0.5561
vn -0.9987 -0.0362 0.0364
vn -0.9761 -0.2146 -0.0331
vn -0.9328 -0.3605 -0.0026
vn -0.8845 -0.3448 -0.3143
vn -0.9015 -0.3250 0.2857
vn -0.8907 -0.4545 0.0059
vn -0.8544 -0.3957 0.3368
vn -0.7753 -0.6294 0.0537
vn -0.5014 -0.8593 0.1010
vn -0.2131 -0.9672 0.1386
vn -0.9459 -0.2216 0.2369
vn -0.8044 -0.2599 0.5343
vn -0.8723 -0.0848 0.4816
vn -0.8611 -0.2106 0.4627
vn -0.7132 -0.0752 0.6969
vn -0.5872 0.6784 0.4415
vn -0.3776 0.7121 0.5919
vn -0.3816 -0.0326 0.9238
vn -0.0606 0.7624 0.6442
vn 0.0793 0.0424 0.9959
vn 0.2363 0.8086 0.5388
vn 0.5044 0.1248 0.8544
vn 0.2117 0.7408 0.6375
vn 0.7983 0.0395 0.6010
vn 0.4465 0.8083 0.3837
vn 0.5141 0.8244 0.2367
vn 0.4008 0.8298 0.3884
vn 0.9252 -0.1371 0.3538
vn 0.9325 0.0667 0.3550
vn 0.5950 0.8028 0.0378
vn 0.9893 -0.1197 0.0836
vn 0.8390 -0.4356 0.3261
vn 0.8881 -0.4518 0.0848
vn 0.9776 -0.0865 -0.1917
vn 0.8839 -0.4450 -0.1437
vn 0.8982 -0.0646 -0.4349
vn 0.7966 -0.4747 -0.3742
vn 0.7096 -0.0803 -0.7000
vn 0.3965 -0.0812 -0.9144
vn -0.0363 -0.1063 -0.9937
vn -0.4426 -0.1316 -0.8870
vn -0.5261 -0.5958 -0.6069
vn -0.7020 -0.1538 -0.6954
vn -0.7104 0.0007 -0.7038
vn -0.6939 -0.5649 -0.4466
vn -0.8358 -0.1738 -0.5208
vn -0.7878 -0.5701 -0.2332
vn -0.9293 -0.2169 -0.2988
vn -0.9502 -0.1068 -0.2928
vn -0.9701 -0.2416 0.0230
vn -0.9927 -0.1177 0.0255
vn -0.7170 0.6866 -0.1201
vn -0.8155 0.5766 0.0497
vn -0.9487 -0.1401 0.2834
vn -0.7317 0.6428 0.2268
vn -0.6916 0.6836 0.2333
vn -0.7159 0.6941 0.0757
vn -0.8702 -0.1638 0.4646
vn -0.6986 0.6328 0.3339
vn -0.6203 0.7123 0.3285
vn -0.9567 -0.0694 0.2827
vn -0.8406 -0.2745 0.4669
vn -0.7041 -0.2911 0.6476
vn -0.7322 -0.1641 0.6610
vn -0.3980 -0.2936 0.8691
vn -0.4219 -0.1382 0.8960
vn -0.6712 0.5864 0.4535
vn 0.0646 -0.2576 0.9641
vn 0.0378 -0.0995 0.9943
vn -0.4829 0.5920 0.6453
vn 0.4595 -0.2757 0.8443
vn 0.4918 -0.0320 0.8701
vn -0.1230 0.6623 0.7391
vn 0.4339 -0.4645 0.7720
vn 0.6995 -0.4428 0.5609
vn 0.7788 -0.1777 0.6016
vn 0.3960 -0.8703 0.2928
vn 0.4634 -0.8664 0.1861
vn 0.0913 -0.9946 0.0499
vn 0.0281 -0.9981 0.0541
vn -0.0587 -0.9979 0.0259
vn 0.4888 -0.8702 0.0624
vn 0.4470 -0.8916 -0.0720
vn 0.1624 -0.9867 -0.0112
vn 0.3681 -0.9117 -0.1827
vn 0.1761 -0.9813 -0.0781
vn 0.6477 -0.7438 -0.1653
vn 0.4404 -0.8968 0.0429
vn 0.2727 -0.9599 0.0649
vn 0.4185 -0.9062 0.0609
vn 0.3716 -0.8811 0.2926
vn 0.8328 -0.0842 0.5472
vn 0.9996 -0.0151 0.0243
vn 0.3494 0.9342 -0.0721
vn 0.7932 -0.0601 0.6059
vn 0.9993 0.0003 0.0362
vn 0.8328 -0.0044 -0.5536
vn -0.4459 -0.0772 -0.8918
vn 0.2544 -0.0424 -0.9662
vn -0.8468 -0.1118 -0.5201
vn -0.8151 -0.1327 -0.5639
vn -0.9839 -0.1627 -0.0734
vn -0.9720 -0.1696 -0.1624
vn -0.1668 -0.9803 0.1055
vn -0.3953 -0.9003 -0.1822
vn -0.0391 -0.9962 0.0784
vn -0.2688 -0.9055 -0.3283
vn -0.4501 -0.8928 0.0185
vn -0.3319 -0.9381 -0.0994
vn -0.2494 -0.9456 -0.2087
vn -0.1678 -0.9479 -0.2709
vn -0.0567 -0.9537 -0.2955
vn -0.3082 -0.5814 -0.7530
vn -0.3673 -0.9300 0.0135
vn -0.8217 -0.5680 0.0465
vn -0.3628 -0.9192 0.1529
vn -0.7762 -0.5733 0.2624
vn -0.2950 -0.9261 0.2354
vn -0.7052 -0.5695 0.4223
vn -0.9222 -0.2614 0.2848
vn -0.2160 -0.9340 0.2848
vn -0.5765 -0.5786 0.5770
vn -0.3315 -0.5755 0.7476
vn 0.1027 -0.4462 0.8890
vn -0.4040 -0.8942 0.1928
vn -0.2182 -0.9340 0.2828
vn -0.0035 -0.9998 0.0220
vn -0.6483 0.7599 -0.0467
vn -0.9231 -0.2072 0.3241
vn -0.4290 0.7933 0.4320
vn -0.8969 -0.2200 0.3836
vn -0.6273 -0.2410 0.7405
vn 0.3754 -0.1447 0.9155
vn -0.1595 -0.2121 0.9641
vn 0.2633 -0.9291 0.2598
vn -0.8955 0.4402 0.0655
vn -0.8918 0.3981 0.2151
vn -0.9823 0.1505 0.1115
vn -0.9630 0.0939 0.2527
vn -0.9881 0.0720 0.1362
vn -0.9619 0.0527 0.2681
vn -0.8690 0.0170 0.4944
vn -0.9492 -0.1556 0.2736
vn -0.9752 -0.1693 0.1426
vn -0.7099 -0.6952 0.1125
vn -0.9897 -0.1022 0.1005
vn -0.7460 -0.6608 0.0824
vn -0.3585 -0.9326 0.0417
vn -0.8227 -0.5586 0.1059
vn -0.5284 -0.8418 0.1098
vn -0.4439 -0.8943 0.0559
vn -0.2599 -0.9637 0.0618
vn -0.2195 -0.9752 0.0298
vn -0.1745 -0.9844 0.0233
vn -0.1673 -0.9855 0.0287
vn -0.1140 -0.9933 0.0184
vn -0.0858 -0.9962 0.0143
vn -0.0878 -0.9959 0.0196
vn -0.0228 -0.9997 0.0099
vn -0.0233 -0.9997 0.0068
vn 0.1401 -0.9875 0.0726
vn -0.0498 -0.9961 -0.0729
vn -0.0940 -0.9942 -0.0517
vn -0.2990 -0.8968 -0.3261
vn -0.0774 -0.9687 -0.2358
vn -0.6671 -0.6609 -0.3436
vn -0.0963 -0.9909 -0.0937
vn -0.3229 -0.9316 -0.1668
vn 0.5423 0.7927 0.2784
vn 0.5009 0.7070 0.4992
vn 0.7330 0.6032 0.3144
vn 0.6512 0.7525 0.0984
vn 0.4010 0.8798 0.2553
vn -0.9298 0.2094 0.3025
vn 0.7951 0.4752 -0.3769
vn 0.5832 0.6156 -0.5300
vn -0.8475 0.4224 0.3214
vn -0.9341 0.2588 0.2458
vn -0.9455 0.3068 0.1086
vn -0.9604 0.2162 0.1759
vn -0.9519 0.2376 0.1935
vn 0.7727 0.4253 -0.4713
vn 0.7058 0.6041 -0.3701
vn 0.8004 0.3891 -0.4561
vn 0.7507 0.5919 -0.2934
vn -0.7845 0.2963 -0.5448
vn -0.5235 0.1734 -0.8342
vn -0.4325 0.3753 -0.8198
vn -0.1877 0.3820 -0.9049
vn 0.5050 0.6231 0.5972
vn -0.2620 0.6567 0.7072
vn -0.0018 -0.9997 0.0235
vn 0.1088 -0.9941 -0.0010
vn -0.8685 0.2785 -0.4100
vn -0.6251 0.2579 -0.7367
vn -0.8650 0.1731 -0.4710
vn 0.0495 -0.9984 -0.0291
vn 0.0111 -0.9999 -0.0071
vn 0.0139 -0.9997 -0.0214
vn 0.1018 -0.9940 -0.0397
vn 0.0579 -0.9981 -0.0187
vn 0.0446 -0.9972 -0.0596
vn 0.0818 -0.9952 -0.0537
vn 0.0799 -0.9890 -0.1247
vn -0.0054 -0.9976 -0.0695
vn 0.0258 -0.9848 -0.1718
vn 0.1845 -0.9240 -0.3349
vn 0.2892 -0.9268 -0.2396
vn 0.1353 -0.9861 -0.0969
vn 0.3192 -0.9253 -0.2046
vn 0.1726 -0.9813 -0.0858
vn 0.2839 -0.9475 -0.1469
vn 0.1680 -0.9831 -0.0726
vn 0.1080 -0.9933 -0.0399
vn 0.1601 -0.9852 -0.0608
vn 0.1050 -0.9939 -0.0343
vn 0.0598 -0.9981 -0.0177
vn 0.0121 -0.9999 0.0004
vn 0.0114 -0.9999 0.0002
vn -0.0480 -0.9987 0.0160
vn -0.0432 -0.9989 0.0172
vn -0.0575 -0.9983 0.0018
vn -0.1373 -0.9899 0.0366
vn -0.1563 -0.9875 0.0220
vn -0.0384 -0.9992 -0.0128
vn -0.1255 -0.9920 -0.0164
vn -0.3604 -0.9321 -0.0367
vn -0.3396 -0.9401 0.0286
vn -0.6859 -0.7184 -0.1158
vn -0.6475 -0.7617 0.0222
vn -0.9526 -0.2150 -0.2152
vn -0.8542 -0.1745 -0.4897
vn -0.9366 0.2495 -0.2460
vn -0.8134 0.2845 -0.5073
vn -0.9688 -0.2476 0.0105
vn -0.9809 0.1946 -0.0002
vn -0.9332 0.2282 -0.2777
vn -0.9572 0.1509 -0.2468
vn -0.8208 0.1509 -0.5510
vn -0.8513 0.1712 -0.4961
vn -0.5911 0.2151 -0.7774
vn -0.1564 0.2534 -0.9546
vn -0.2663 0.3463 -0.8995
vn 0.1762 0.3920 -0.9029
vn -0.3395 0.5877 -0.7344
vn 0.0908 0.6848 -0.7230
vn -0.0406 0.9555 -0.2923
vn 0.1928 0.9341 -0.3004
vn 0.0645 0.9976 -0.0241
vn 0.1325 0.9532 0.2718
vn -0.2953 0.6834 0.6677
vn 0.1588 0.7493 0.6429
vn 0.5265 0.6069 0.5954
vn 0.1395 0.7406 0.6573
vn 0.4674 0.7573 0.4561
vn 0.7937 0.5375 0.2848
vn 0.6907 0.7106 0.1342
vn 0.8980 0.4398 -0.0093
vn 0.7476 0.6524 -0.1245
vn 0.4677 0.8831 -0.0368
vn 0.5881 0.7736 -0.2357
vn 0.3563 0.9178 -0.1753
vn 0.5677 0.7710 -0.2887
vn 0.7800 0.5161 -0.3540
vn 0.7539 0.5433 -0.3696
vn 0.8464 0.3281 -0.4194
vn 0.8808 0.2940 -0.3710
vn 0.8662 0.2754 -0.4169
vn 0.8161 0.3389 -0.4680
vn 0.8975 0.2460 -0.3660
vn 0.9078 -0.0012 -0.4193
vn 0.8626 0.1621 -0.4792
vn 0.7753 -0.4785 -0.4122
vn 0.7864 -0.3075 -0.5358
vn 0.7442 -0.2076 -0.6349
vn 0.5146 -0.7935 -0.3248
vn 0.2636 -0.9579 -0.1141
vn 0.2509 -0.9634 -0.0942
vn 0.1601 -0.9858 -0.0511
vn 0.2216 -0.9730 -0.0651
vn 0.1465 -0.9886 -0.0349
vn 0.1042 -0.9942 -0.0262
vn 0.1057 -0.9942 -0.0208
vn 0.0602 -0.9981 -0.0114
vn 0.0606 -0.9980 -0.0157
vn 0.0216 -0.9998 0.0003
vn 0.0152 -0.9999 -0.0000
vn -0.0378 -0.9992 0.0091
vn -0.1305 -0.9908 0.0365
vn -0.3102 -0.9485 0.0637
vn -0.6086 -0.7851 0.1146
vn -0.8976 -0.4024 0.1799
vn -0.9370 -0.3045 0.1714
vn -0.9744 0.1116 0.1949
vn -0.9723 0.1553 0.1744
vn -0.9914 -0.0051 0.1309
vn -0.9664 0.2290 0.1171
vn -0.9865 0.1418 0.0819
vn -0.9729 0.2249 0.0547
vn -0.8795 0.4750 0.0285
vn -0.8647 0.4840 0.1343
vn -0.6964 0.6987 0.1636
vn -0.4676 0.8731 0.1381
vn -0.3622 0.8080 0.4647
vn -0.0324 0.9272 0.3731
vn 0.2541 0.9475 0.1941
vn 0.1102 0.9925 -0.0522
vn 0.3700 0.8983 -0.2371
vn 0.5993 0.7405 -0.3041
vn 0.6295 0.7352 -0.2514
vn 0.8168 0.4958 -0.2950
vn 0.9169 0.2595 -0.3031
vn 0.9280 0.2271 -0.2954
vn 0.9434 -0.1495 -0.2962
vn 0.9262 -0.1022 -0.3629
vn 0.6733 -0.6977 -0.2446
vn 0.3633 -0.9271 -0.0922
vn 0.3644 -0.9232 -0.1219
vn 0.2341 -0.9708 -0.0531
vn 0.1505 -0.9882 -0.0297
vn 0.1059 -0.9942 -0.0171
vn 0.0654 -0.9978 -0.0061
vn 0.0641 -0.9979 -0.0089
vn 0.0251 -0.9997 0.0015
vn 0.1234 -0.9847 -0.1234
vn -0.3007 0.0285 0.9533
vn 0.0717 -0.9949 0.0703
vn 0.1046 -0.9897 0.0976
vn 0.1206 -0.9805 0.1550
vn 0.1770 -0.9730 0.1483
vn 0.1865 0.3063 -0.9335
vn 0.3245 -0.9442 0.0571
vn 0.1456 0.2213 -0.9643
vn 0.2485 0.0652 0.9664
vn 0.0635 -0.9692 -0.2378
vt 0.873731 0.285320
vt 0.878126 0.274207
vt 0.884307 0.280054
vt 0.886662 0.514693
vt 0.898457 0.498279
vt 0.893212 0.516918
vt 0.882135 0.531303
vt 0.904283 0.500202
vt 0.898783 0.518780
vt 0.887937 0.533474
vt 0.628399 0.511418
vt 0.618320 0.511656
vt 0.199071 0.898625
vt 0.204155 0.890638
vt 0.864694 0.283933
vt 0.868738 0.289318
vt 0.044916 0.238162
vt 0.041832 0.222196
vt 0.052224 0.233252
vt 0.919368 0.349522
vt 0.902235 0.347457
vt 0.906736 0.341074
vt 0.534310 0.063583
vt 0.547807 0.076528
vt 0.540381 0.078739
vt 0.896720 0.273506
vt 0.888621 0.286425
vt 0.027290 0.401309
vt 0.008274 0.392690
vt 0.023429 0.387916
vt 0.660230 0.528204
vt 0.651517 0.520182
vt 0.033369 0.412065
vt 0.015422 0.407485
vt 0.786046 0.930783
vt 0.791167 0.942982
vt 0.784094 0.941508
vt 0.773652 0.929366
vt 0.772602 0.941159
vt 0.784722 0.978134
vt 0.765163 0.979609
vt 0.782043 0.973042
vt 0.799432 0.967441
vt 0.779840 0.968209
vt 0.795714 0.963592
vt 0.763999 0.973595
vt 0.743207 0.981998
vt 0.742945 0.975622
vt 0.762895 0.967416
vt 0.742765 0.969125
vt 0.761703 0.961016
vt 0.742605 0.962197
vt 0.776229 0.958453
vt 0.760509 0.953028
vt 0.742436 0.953262
vt 0.575073 0.948038
vt 0.580348 0.942977
vt 0.579109 0.948379
vt 0.608791 0.513268
vt 0.570612 0.947970
vt 0.576118 0.941627
vt 0.572411 0.957964
vt 0.576718 0.956325
vt 0.579802 0.954713
vt 0.947175 0.345586
vt 0.931850 0.357650
vt 0.937364 0.342787
vt 0.923464 0.338313
vt 0.892919 0.297699
vt 0.905191 0.287809
vt 0.907288 0.293972
vt 0.018990 0.199096
vt 0.024269 0.189841
vt 0.023996 0.198568
vt 0.578614 0.934494
vt 0.571893 0.940403
vt 0.574073 0.932536
vt 0.942855 0.300840
vt 0.925289 0.296020
vt 0.942025 0.291768
vt 0.923653 0.288555
vt 0.920771 0.280723
vt 0.940155 0.281731
vt 0.936620 0.270036
vt 0.951099 0.278123
vt 0.953725 0.289020
vt 0.955785 0.298659
vt 0.567955 0.930831
vt 0.566313 0.940064
vt 0.960591 0.287157
vt 0.957720 0.275907
vt 0.962817 0.295997
vt 0.583397 0.926187
vt 0.578737 0.923126
vt 0.591414 0.915982
vt 0.573237 0.920079
vt 0.581505 0.908323
vt 0.532295 0.023925
vt 0.516990 0.032665
vt 0.515925 0.025573
vt 0.947005 0.265149
vt 0.953637 0.262761
vt 0.603752 0.205396
vt 0.577877 0.214774
vt 0.576901 0.208583
vt 0.029161 0.245607
vt 0.018654 0.235271
vt 0.024973 0.233125
vt 0.015874 0.206628
vt 0.020098 0.205763
vt 0.909227 0.333571
vt 0.925501 0.327934
vt 0.895301 0.336218
vt 0.896614 0.329652
vt 0.910345 0.325689
vt 0.025342 0.204745
vt 0.033683 0.203643
vt 0.026838 0.211030
vt 0.031533 0.196814
vt 0.021753 0.212060
vt 0.773812 0.951318
vt 0.759544 0.941069
vt 0.742573 0.940912
vt 0.743314 0.926927
vt 0.760173 0.928001
vt 0.485327 0.173611
vt 0.500704 0.187799
vt 0.483216 0.185959
vt 0.472136 0.172767
vt 0.499906 0.198468
vt 0.480205 0.195586
vt 0.469944 0.183474
vt 0.499402 0.205416
vt 0.477982 0.202543
vt 0.466350 0.191310
vt 0.498778 0.212083
vt 0.476250 0.208484
vt 0.463065 0.196307
vt 0.498080 0.218433
vt 0.474671 0.213989
vt 0.456726 0.205312
vt 0.497352 0.224272
vt 0.473004 0.219481
vt 0.453908 0.209625
vt 0.364771 0.062597
vt 0.387098 0.050190
vt 0.388575 0.056465
vt 0.344338 0.068259
vt 0.363039 0.056458
vt 0.366984 0.069542
vt 0.390726 0.064369
vt 0.346639 0.074145
vt 0.905170 0.115088
vt 0.920645 0.134156
vt 0.911397 0.136947
vt 0.897875 0.096571
vt 0.913904 0.110765
vt 0.024949 0.220347
vt 0.017696 0.213514
vt 0.029617 0.217978
vt 0.030840 0.230199
vt 0.895079 0.119031
vt 0.900255 0.140154
vt 0.889204 0.102083
vt 0.881683 0.123420
vt 0.885922 0.143847
vt 0.878229 0.106560
vt 0.617637 0.236506
vt 0.647003 0.223389
vt 0.638836 0.253618
vt 0.657599 0.255356
vt 0.648302 0.293652
vt 0.610954 0.248345
vt 0.627211 0.265402
vt 0.209175 0.871444
vt 0.219992 0.870468
vt 0.217136 0.880895
vt 0.593832 0.860868
vt 0.611495 0.852376
vt 0.595661 0.853165
vt 0.210040 0.884678
vt 0.226127 0.882990
vt 0.612701 0.865808
vt 0.614064 0.859305
vt 0.600405 0.517316
vt 0.036292 0.226713
vt 0.037302 0.242407
vt 0.043839 0.258466
vt 0.022455 0.282255
vt 0.037296 0.304890
vt 0.021482 0.304754
vt 0.524033 0.218795
vt 0.233182 0.886611
vt 0.200955 0.622596
vt 0.180859 0.600793
vt 0.197116 0.597004
vt 0.217531 0.607767
vt 0.223168 0.619524
vt 0.208976 0.634354
vt 0.718302 0.974506
vt 0.050206 0.373975
vt 0.036814 0.387298
vt 0.037172 0.372069
vt 0.021351 0.372098
vt 0.862979 0.108784
vt 0.867808 0.148190
vt 0.890715 0.167345
vt 0.873713 0.171987
vt 0.864308 0.127024
vt 0.001028 0.353327
vt 0.003245 0.375104
vt 0.020569 0.328505
vt 0.004078 0.303458
vt 0.020425 0.352286
vt 0.001503 0.328042
vt 0.037537 0.329063
vt 0.051434 0.304432
vt 0.052372 0.329459
vt 0.037427 0.352562
vt 0.051741 0.353694
vt 0.207559 0.864147
vt 0.204115 0.866419
vt 0.213313 0.861709
vt 0.212108 0.866143
vt 0.201756 0.862965
vt 0.206975 0.860957
vt 0.647512 0.490972
vt 0.647636 0.496933
vt 0.643825 0.491635
vt 0.654392 0.488660
vt 0.651813 0.493248
vt 0.643617 0.486684
vt 0.648420 0.487113
vt 0.634741 0.501170
vt 0.640356 0.512490
vt 0.641964 0.499638
vt 0.648799 0.507082
vt 0.606957 0.042526
vt 0.599845 0.027909
vt 0.608666 0.029508
vt 0.616518 0.030646
vt 0.617089 0.043671
vt 0.788821 0.956160
vt 0.777769 0.963212
vt 0.785793 0.953057
vt 0.796029 0.945084
vt 0.875630 0.546083
vt 0.880510 0.549255
vt 0.865687 0.559049
vt 0.893242 0.535672
vt 0.885116 0.552172
vt 0.869707 0.563258
vt 0.810386 0.951787
vt 0.805451 0.949371
vt 0.815087 0.932768
vt 0.792280 0.959811
vt 0.800820 0.947096
vt 0.809609 0.931810
vt 0.804162 0.931442
vt 0.798962 0.931114
vt 0.793716 0.931164
vt 0.455924 0.184262
vt 0.452664 0.186767
vt 0.447437 0.174155
vt 0.459619 0.200747
vt 0.448644 0.189397
vt 0.444609 0.192230
vt 0.442346 0.174939
vt 0.440361 0.195247
vt 0.432023 0.177961
vt 0.324386 0.070543
vt 0.326860 0.075428
vt 0.308073 0.080701
vt 0.329787 0.080675
vt 0.315094 0.089870
vt 0.888592 0.082581
vt 0.904774 0.091997
vt 0.881821 0.088867
vt 0.871311 0.079247
vt 0.877283 0.071374
vt 0.894269 0.077245
vt 0.039107 0.419327
vt 0.022101 0.419827
vt 0.031139 0.434261
vt 0.027027 0.427961
vt 0.049069 0.408120
vt 0.042039 0.402094
vt 0.054990 0.412946
vt 0.047381 0.389813
vt 0.060790 0.376698
vt 0.056014 0.393802
vt 0.688971 0.231285
vt 0.702068 0.255425
vt 0.687118 0.256057
vt 0.675599 0.229650
vt 0.672150 0.255853
vt 0.661460 0.226828
vt 0.672982 0.290172
vt 0.661220 0.291331
vt 0.686310 0.290058
vt 0.674428 0.326889
vt 0.663777 0.327016
vt 0.665658 0.363253
vt 0.655409 0.363204
vt 0.653121 0.327277
vt 0.645264 0.363163
vt 0.642535 0.327688
vt 0.638309 0.296435
vt 0.634884 0.363247
vt 0.631701 0.328642
vt 0.626890 0.299943
vt 0.615061 0.304630
vt 0.606551 0.284815
vt 0.617179 0.275521
vt 0.596268 0.272980
vt 0.603735 0.261168
vt 0.237227 0.644700
vt 0.218306 0.645367
vt 0.230453 0.633826
vt 0.227859 0.655022
vt 0.208147 0.670086
vt 0.197428 0.666965
vt 0.194667 0.701264
vt 0.190197 0.664454
vt 0.184997 0.701711
vt 0.175241 0.665504
vt 0.180328 0.625627
vt 0.174229 0.702291
vt 0.163391 0.665851
vt 0.164723 0.628214
vt 0.150336 0.629552
vt 0.152174 0.604094
vt 0.166178 0.603065
vt 0.150577 0.666138
vt 0.162950 0.702917
vt 0.150553 0.703395
vt 0.698405 0.326502
vt 0.699775 0.290453
vt 0.163020 0.740077
vt 0.150876 0.740627
vt 0.687512 0.363050
vt 0.686052 0.326721
vt 0.699585 0.362550
vt 0.689281 0.400846
vt 0.677983 0.400997
vt 0.676223 0.363219
vt 0.688512 0.439271
vt 0.676984 0.438585
vt 0.667207 0.400959
vt 0.666223 0.437734
vt 0.657025 0.400891
vt 0.656164 0.436974
vt 0.646907 0.400998
vt 0.646373 0.436461
vt 0.636737 0.400959
vt 0.636456 0.436159
vt 0.626363 0.401133
vt 0.613632 0.364712
vt 0.624487 0.363691
vt 0.609469 0.333113
vt 0.620506 0.330607
vt 0.598960 0.335243
vt 0.594015 0.313235
vt 0.604144 0.309266
vt 0.588484 0.297871
vt 0.597172 0.292133
vt 0.583021 0.288440
vt 0.589572 0.281756
vt 0.251853 0.663493
vt 0.237105 0.663413
vt 0.244579 0.654736
vt 0.245539 0.670935
vt 0.230250 0.679456
vt 0.219220 0.674259
vt 0.239867 0.684538
vt 0.225446 0.703927
vt 0.215072 0.702167
vt 0.213533 0.736281
vt 0.204579 0.701242
vt 0.203816 0.736708
vt 0.215507 0.774500
vt 0.205620 0.775418
vt 0.194208 0.737450
vt 0.195619 0.776372
vt 0.184400 0.738335
vt 0.185530 0.777198
vt 0.174155 0.739262
vt 0.174831 0.778008
vt 0.163502 0.778857
vt 0.178019 0.815864
vt 0.165902 0.817684
vt 0.151289 0.779581
vt 0.152620 0.819560
vt 0.170967 0.846602
vt 0.156634 0.852101
vt 0.700094 0.471442
vt 0.701756 0.439343
vt 0.701383 0.400396
vt 0.684682 0.469400
vt 0.696162 0.487180
vt 0.679982 0.482383
vt 0.672261 0.467079
vt 0.668211 0.479009
vt 0.662062 0.465145
vt 0.658789 0.476810
vt 0.653244 0.463921
vt 0.651247 0.475607
vt 0.644953 0.463335
vt 0.644337 0.475140
vt 0.636528 0.463383
vt 0.636916 0.475301
vt 0.627569 0.463946
vt 0.619807 0.477396
vt 0.617797 0.464760
vt 0.626338 0.436324
vt 0.615774 0.436875
vt 0.606645 0.465907
vt 0.604351 0.437562
vt 0.603706 0.401759
vt 0.615442 0.401321
vt 0.592318 0.438051
vt 0.591744 0.402153
vt 0.590771 0.366677
vt 0.602242 0.365899
vt 0.579962 0.367015
vt 0.588658 0.336800
vt 0.578512 0.337712
vt 0.584493 0.315721
vt 0.574832 0.317221
vt 0.579755 0.301116
vt 0.570425 0.303746
vt 0.576284 0.293085
vt 0.236259 0.772219
vt 0.223512 0.736164
vt 0.234247 0.736294
vt 0.235920 0.705922
vt 0.231367 0.809758
vt 0.225644 0.773461
vt 0.220167 0.810950
vt 0.223206 0.836955
vt 0.212722 0.836709
vt 0.209684 0.811851
vt 0.202731 0.837430
vt 0.199317 0.813019
vt 0.193199 0.839215
vt 0.188933 0.814392
vt 0.186634 0.853165
vt 0.182878 0.842370
vt 0.179559 0.865589
vt 0.175576 0.858741
vt 0.161799 0.867036
vt 0.167096 0.875488
vt 0.183442 0.870478
vt 0.172578 0.881672
vt 0.687467 0.504890
vt 0.676227 0.490452
vt 0.692048 0.497084
vt 0.672815 0.496855
vt 0.665011 0.486273
vt 0.662099 0.491766
vt 0.656477 0.483681
vt 0.649756 0.482372
vt 0.643884 0.481875
vt 0.637429 0.482198
vt 0.631153 0.488410
vt 0.630050 0.483137
vt 0.628909 0.476094
vt 0.622654 0.490216
vt 0.621282 0.484702
vt 0.612236 0.492407
vt 0.610830 0.486922
vt 0.609104 0.479170
vt 0.598941 0.489689
vt 0.596733 0.481400
vt 0.594017 0.467131
vt 0.582648 0.483870
vt 0.580289 0.467902
vt 0.248551 0.838502
vt 0.234383 0.851036
vt 0.234964 0.837743
vt 0.243079 0.808168
vt 0.247357 0.854627
vt 0.233025 0.858662
vt 0.222720 0.855447
vt 0.223319 0.848563
vt 0.213665 0.853889
vt 0.213574 0.847590
vt 0.205700 0.853898
vt 0.204620 0.847950
vt 0.198607 0.855568
vt 0.196383 0.849637
vt 0.200397 0.859854
vt 0.192784 0.863646
vt 0.189782 0.859165
vt 0.195586 0.867227
vt 0.187556 0.874803
vt 0.199554 0.870992
vt 0.193212 0.879155
vt 0.186312 0.890509
vt 0.178627 0.886373
vt 0.675046 0.518991
vt 0.668757 0.502981
vt 0.682086 0.511759
vt 0.663672 0.509107
vt 0.658996 0.496996
vt 0.654654 0.502303
vt 0.658113 0.514606
vt 0.668830 0.523328
vt 0.192002 0.893600
vt 0.198058 0.883249
vt 0.600839 0.836542
vt 0.611974 0.845211
vt 0.613607 0.837801
vt 0.591361 0.026056
vt 0.595652 0.039683
vt 0.585407 0.037789
vt 0.628295 0.846404
vt 0.629686 0.839939
vt 0.596201 0.010480
vt 0.603698 0.012070
vt 0.617903 0.014540
vt 0.611244 0.013526
vt 0.624190 0.015117
vt 0.624147 0.031566
vt 0.629812 0.015281
vt 0.631220 0.031556
vt 0.625688 0.045040
vt 0.615797 0.503671
vt 0.625447 0.502229
vt 0.605186 0.505886
vt 0.613850 0.497632
vt 0.623865 0.495087
vt 0.632530 0.493630
vt 0.639111 0.492522
vt 0.637889 0.487191
vt 0.602736 0.500443
vt 0.600694 0.495461
vt 0.590460 0.504898
vt 0.587786 0.499938
vt 0.242250 0.869704
vt 0.229846 0.868370
vt 0.231318 0.864305
vt 0.244903 0.863586
vt 0.221030 0.864451
vt 0.221906 0.860353
vt 0.213484 0.858173
vt 0.206453 0.858020
vt 0.236426 0.879050
vt 0.227989 0.874214
vt 0.594207 0.510569
vt 0.634168 0.045415
vt 0.637671 0.030812
vt 0.642455 0.044434
vt 0.600673 0.876075
vt 0.597245 0.869138
vt 0.635031 0.014965
vt 0.614368 0.872211
vt 0.628194 0.862550
vt 0.627499 0.852181
vt 0.627409 0.857572
vt 0.598129 0.845396
vt 0.204391 0.876160
vt 0.585249 0.493237
vt 0.579882 0.438240
vt 0.064382 0.329865
vt 0.063537 0.355073
vt 0.074195 0.330296
vt 0.073312 0.356310
vt 0.897759 0.473740
vt 0.914097 0.453128
vt 0.905498 0.476582
vt 0.891338 0.495888
vt 0.911799 0.478766
vt 0.920523 0.455318
vt 0.743507 0.988340
vt 0.766492 0.985547
vt 0.718070 0.980858
vt 0.691683 0.984411
vt 0.692269 0.978269
vt 0.717822 0.987063
vt 0.692834 0.971995
vt 0.666393 0.976563
vt 0.642304 0.970203
vt 0.667165 0.970358
vt 0.642988 0.963694
vt 0.667912 0.963836
vt 0.693435 0.965475
vt 0.718602 0.967966
vt 0.668638 0.957160
vt 0.694035 0.958818
vt 0.718967 0.961141
vt 0.719457 0.952401
vt 0.694816 0.950530
vt 0.070254 0.379630
vt 0.063640 0.398032
vt 0.582792 0.953788
vt 0.583261 0.949594
vt 0.584857 0.960170
vt 0.588758 0.952048
vt 0.587067 0.956457
vt 0.866917 0.275658
vt 0.863865 0.268056
vt 0.870901 0.270208
vt 0.870076 0.280038
vt 0.862098 0.276893
vt 0.895231 0.341961
vt 0.034313 0.210686
vt 0.034902 0.216563
vt 0.878044 0.288743
vt 0.542716 0.089292
vt 0.547782 0.090835
vt 0.875766 0.293555
vt 0.053564 0.254684
vt 0.064244 0.249900
vt 0.912763 0.358256
vt 0.922975 0.375400
vt 0.068768 0.277681
vt 0.941006 0.361905
vt 0.934670 0.380449
vt 0.920886 0.401959
vt 0.922702 0.266772
vt 0.920333 0.242187
vt 0.929455 0.243034
vt 0.495964 0.042747
vt 0.519775 0.046263
vt 0.533182 0.030884
vt 0.536115 0.042094
vt 0.903896 0.280178
vt 0.910644 0.260891
vt 0.955010 0.320811
vt 0.942944 0.309869
vt 0.957359 0.308608
vt 0.966160 0.312235
vt 0.963722 0.301901
vt 0.875467 0.095276
vt 0.865160 0.092236
vt 0.035936 0.397008
vt 0.781763 0.949414
vt 0.460834 0.180853
vt 0.452502 0.173178
vt 0.459975 0.172477
vt 0.900409 0.317759
vt 0.910477 0.311643
vt 0.910832 0.318208
vt 0.897669 0.323002
vt 0.030378 0.190368
vt 0.565820 0.946415
vt 0.599526 0.940157
vt 0.608240 0.944711
vt 0.597952 0.944953
vt 0.604379 0.930891
vt 0.607478 0.937434
vt 0.592025 0.942498
vt 0.595619 0.937149
vt 0.587647 0.939482
vt 0.590330 0.947350
vt 0.585013 0.944923
vt 0.583060 0.936594
vt 0.587853 0.929361
vt 0.592234 0.933205
vt 0.596077 0.920497
vt 0.637570 0.185461
vt 0.624049 0.195345
vt 0.622656 0.188775
vt 0.635900 0.179333
vt 0.600536 0.925577
vt 0.621355 0.181810
vt 0.601003 0.192182
vt 0.599732 0.184572
vt 0.620342 0.173819
vt 0.634789 0.172522
vt 0.622059 0.934257
vt 0.644448 0.940930
vt 0.622819 0.943156
vt 0.644079 0.949854
vt 0.622729 0.950910
vt 0.607721 0.951311
vt 0.622361 0.957662
vt 0.606938 0.957528
vt 0.597514 0.950123
vt 0.596414 0.955279
vt 0.594875 0.960255
vt 0.606015 0.963289
vt 0.593157 0.964953
vt 0.604887 0.968741
vt 0.591175 0.969805
vt 0.582233 0.963444
vt 0.588375 0.975028
vt 0.578073 0.967517
vt 0.603608 0.974338
vt 0.602137 0.980108
vt 0.953689 0.347809
vt 0.951744 0.332277
vt 0.958520 0.334311
vt 0.962350 0.322545
vt 0.940167 0.330546
vt 0.942010 0.319673
vt 0.926293 0.318902
vt 0.926537 0.310750
vt 0.926219 0.303233
vt 0.909697 0.305721
vt 0.908703 0.300056
vt 0.896697 0.313667
vt 0.895212 0.308881
vt 0.893992 0.303286
vt 0.018936 0.188734
vt 0.014436 0.199389
vt 0.012896 0.189052
vt 0.007191 0.191076
vt 0.010057 0.200609
vt 0.011858 0.207778
vt 0.004898 0.202667
vt 0.001826 0.194540
vt 0.013848 0.215047
vt 0.007269 0.209363
vt 0.020514 0.222554
vt 0.015976 0.224394
vt 0.009734 0.216800
vt 0.010772 0.225830
vt 0.011880 0.236966
vt 0.020682 0.247586
vt 0.012296 0.248503
vt 0.877014 0.248591
vt 0.878688 0.262166
vt 0.870332 0.258525
vt 0.886452 0.251973
vt 0.887845 0.266995
vt 0.898199 0.256091
vt 0.893312 0.235948
vt 0.906838 0.238741
vt 0.896623 0.215365
vt 0.910958 0.215490
vt 0.920537 0.188099
vt 0.922790 0.215410
vt 0.930796 0.215027
vt 0.442020 0.051152
vt 0.467442 0.038272
vt 0.468794 0.045587
vt 0.494699 0.034379
vt 0.440304 0.043647
vt 0.466073 0.032235
vt 0.493316 0.027982
vt 0.578788 0.220365
vt 0.605050 0.211418
vt 0.606378 0.217279
vt 0.627377 0.207623
vt 0.628929 0.213431
vt 0.643410 0.203416
vt 0.625723 0.201745
vt 0.641593 0.197726
vt 0.639596 0.191737
vt 0.602380 0.198959
vt 0.575961 0.202082
vt 0.574992 0.195136
vt 0.549651 0.204173
vt 0.549080 0.197064
vt 0.574025 0.186604
vt 0.548402 0.187663
vt 0.573478 0.176298
vt 0.598896 0.175364
vt 0.669757 0.928377
vt 0.695623 0.939442
vt 0.670020 0.939537
vt 0.643814 0.930933
vt 0.669407 0.949463
vt 0.643588 0.957006
vt 0.621888 0.964096
vt 0.621283 0.970436
vt 0.641580 0.976414
vt 0.620584 0.976456
vt 0.640755 0.982646
vt 0.619899 0.982717
vt 0.947797 0.364333
vt 0.665617 0.982427
vt 0.941774 0.383593
vt 0.929193 0.404432
vt 0.935427 0.406726
vt 0.922401 0.429025
vt 0.928559 0.431086
vt 0.906411 0.450149
vt 0.915155 0.426420
vt 0.072766 0.303820
vt 0.063445 0.304056
vt 0.060326 0.278204
vt 0.048813 0.279721
vt 0.035910 0.281287
vt 0.033086 0.261192
vt 0.022200 0.262895
vt 0.011204 0.263243
vt 0.882741 0.216176
vt 0.881830 0.234398
vt 0.008085 0.281603
vt 0.879769 0.195018
vt 0.895345 0.191787
vt 0.909291 0.189566
vt 0.905245 0.164142
vt 0.916637 0.161870
vt 0.925806 0.160093
vt 0.929246 0.187154
vt 0.416035 0.057788
vt 0.414075 0.049886
vt 0.412709 0.043586
vt 0.523955 0.224781
vt 0.551103 0.223155
vt 0.550660 0.217220
vt 0.524031 0.212285
vt 0.550166 0.210811
vt 0.523979 0.205599
vt 0.523852 0.198666
vt 0.523787 0.188061
vt 0.501754 0.174653
vt 0.524070 0.175685
vt 0.548135 0.176153
vt 0.720393 0.926491
vt 0.720093 0.940099
vt 0.695712 0.927086
vt 0.543898 0.059759
vt 0.891449 0.291927
vt 0.586705 0.912031
vt 0.342435 0.062707
vt 0.630765 0.215526
vt 0.209372 0.592302
vt 0.873679 0.566804
vt 0.437094 0.176159
vt 0.311162 0.085385
vt 0.881983 0.065197
vt 0.044276 0.424912
vt 0.702128 0.231210
vt 0.579867 0.402272
vt 0.567566 0.294558
vt 0.239791 0.874102
vt 0.629655 0.867504
vt 0.968443 0.302496
vt 0.439006 0.037558
vt 0.645036 0.209303
s 1
g off
g 01.003_Material.001
usemtl Material.001
f 518/1/1 509/2/2 519/3/3
f 82/4/4 223/5/5 84/6/6
f 84/6/6 83/7/7 82/4/4
f 84/6/6 224/8/8 86/9/9
f 86/9/9 85/10/10 84/6/6
f 481/11/11 428/12/12 476/12/13
f 467/13/14 719/14/15 468/14/16
f 511/15/17 518/1/1 523/16/18
f 525/17/19 514/18/20 526/19/21
f 527/20/22 514/21/20 513/22/23
f 542/23/24 521/24/25 520/25/26
f 543/26/27 520/27/26 519/3/3
f 559/28/28 558/29/29 560/30/30
f 415/31/31 480/32/32 478/31/33
f 479/14/34 415/13/31 478/13/33
f 722/12/35 470/11/36 465/12/37
f 564/33/38 556/34/39 559/28/28
f 573/35/40 568/36/41 567/37/42
f 576/38/43 567/37/42 566/39/44
f 86/40/9 4/41/45 114/42/46
f 114/42/46 87/43/47 86/40/9
f 125/44/48 88/45/49 114/42/46
f 116/46/50 6/47/51 7/48/52
f 116/46/50 114/42/46 4/41/45
f 126/49/53 7/48/52 49/50/54
f 126/49/53 125/44/48 116/46/50
f 128/51/55 49/50/54 51/52/56
f 570/53/57 126/49/53 128/51/55
f 129/54/58 51/52/56 53/55/59
f 2/56/60 595/57/61 501/58/62
f 428/12/12 477/59/63 476/12/13
f 551/60/64 597/61/65 2/56/60
f 549/62/66 2/56/60 626/63/67
f 2/56/60 500/64/68 626/63/67
f 629/65/69 528/66/70 631/67/71
f 631/67/71 527/20/22 633/68/72
f 643/69/73 521/70/25 644/71/74
f 645/72/75 577/73/76 582/74/77
f 598/75/78 583/76/79 14/77/80
f 547/78/81 640/79/82 11/80/83
f 3/81/84 521/70/25 541/82/85
f 640/79/82 644/71/74 3/81/84
f 10/83/86 541/82/85 540/84/87
f 11/80/83 3/81/84 10/83/86
f 540/84/87 27/85/88 10/83/86
f 12/86/89 10/83/86 27/85/88
f 548/87/90 11/80/83 12/86/89
f 13/88/91 583/76/79 552/89/92
f 13/90/91 27/85/88 28/91/93
f 552/92/92 12/86/89 13/90/91
f 599/93/94 14/77/80 15/94/95
f 15/94/95 601/95/96 599/93/94
f 14/77/80 28/96/93 15/94/95
f 682/97/97 15/94/95 28/96/93
f 682/98/97 538/99/98 677/100/99
f 28/91/93 539/101/100 682/102/97
f 683/103/101 678/104/102 686/105/103
f 175/106/104 655/107/105 654/108/106
f 648/109/107 645/72/75 32/110/108
f 633/68/72 513/22/23 29/111/109
f 29/111/109 634/112/110 633/68/72
f 29/111/109 512/113/111 30/114/112
f 30/114/112 580/115/113 29/111/109
f 32/110/108 582/74/77 31/116/114
f 30/117/112 516/118/115 31/116/114
f 31/116/114 581/119/116 30/117/112
f 33/120/117 648/109/107 32/110/108
f 565/121/118 128/51/55 129/54/58
f 151/122/119 53/55/59 55/123/120
f 566/39/44 129/54/58 151/122/119
f 151/122/119 57/124/121 152/125/122
f 152/125/122 566/39/44 151/122/119
f 152/126/122 59/127/123 153/128/124
f 153/128/124 576/129/43 152/126/122
f 153/128/124 61/130/125 154/131/126
f 154/131/126 574/132/127 153/128/124
f 154/131/126 62/133/128 155/134/129
f 155/134/129 575/135/130 154/131/126
f 155/134/129 63/136/131 157/137/132
f 157/137/132 156/138/133 155/134/129
f 157/137/132 104/139/134 159/140/135
f 165/141/136 157/137/132 159/140/135
f 159/140/135 106/142/137 166/143/138
f 167/144/139 159/140/135 166/143/138
f 168/145/140 106/146/137 108/147/141
f 169/148/142 166/149/138 168/145/140
f 192/150/143 108/147/141 110/151/144
f 193/152/145 168/145/140 192/150/143
f 204/153/146 110/154/144 117/155/147
f 205/156/148 192/157/143 204/153/146
f 33/120/117 31/116/114 516/118/115
f 34/158/149 650/159/150 33/120/117
f 718/32/151 467/31/14 469/32/152
f 466/59/153 722/12/35 465/12/37
f 34/158/149 516/118/115 515/160/154
f 654/108/106 34/158/149 35/161/155
f 206/162/156 117/155/147 118/163/157
f 554/164/158 204/153/146 206/162/156
f 207/165/159 118/163/157 119/166/160
f 555/167/161 206/162/156 207/165/159
f 21/168/162 134/169/163 112/170/164
f 134/169/163 136/171/165 112/170/164
f 136/171/165 138/172/166 112/170/164
f 112/170/164 22/173/167 21/168/162
f 138/172/166 139/174/168 112/170/164
f 141/175/169 143/176/170 743/177/171
f 113/178/172 145/179/173 146/180/174
f 1/181/175 141/175/169 743/177/171
f 143/176/170 26/182/176 743/177/171
f 113/178/172 150/183/177 144/184/178
f 477/59/63 445/185/179 475/185/180
f 35/161/155 515/160/154 517/186/181
f 174/187/182 654/108/106 35/161/155
f 525/17/19 179/188/183 174/187/182
f 174/187/182 517/186/181 525/17/19
f 173/189/184 178/190/185 133/191/186
f 63/136/131 103/192/187 104/139/134
f 483/181/188 414/14/189 479/14/34
f 716/182/190 464/193/191 471/182/192
f 115/194/193 162/195/194 163/196/195
f 163/196/195 42/197/196 115/194/193
f 115/194/193 41/198/197 164/199/198
f 18/200/199 49/50/54 7/48/52
f 217/201/200 561/202/201 215/203/202
f 215/203/202 560/30/30 209/204/203
f 207/165/159 558/205/29 555/167/161
f 210/206/204 121/207/205 130/208/206
f 208/209/207 119/166/160 210/206/204
f 210/210/204 209/204/203 208/211/207
f 211/212/208 132/213/209 133/191/186
f 212/214/210 130/215/206 211/212/208
f 211/212/208 178/190/185 213/216/211
f 213/216/211 212/214/210 211/212/208
f 213/216/211 181/217/212 451/218/213
f 214/219/214 451/218/213 216/220/215
f 122/221/216 141/175/169 182/222/217
f 122/221/216 184/223/218 142/224/219
f 122/221/216 185/225/220 183/226/221
f 123/227/222 187/228/223 188/229/224
f 123/227/222 190/230/225 186/231/226
f 123/227/222 191/232/227 189/233/228
f 209/204/203 214/219/214 215/203/202
f 445/193/179 482/182/229 475/193/180
f 67/11/230 196/234/231 39/235/232
f 39/235/232 197/236/233 198/237/234
f 124/238/235 200/239/236 201/240/237
f 198/237/234 40/32/238 39/235/232
f 124/238/235 203/241/239 194/242/240
f 208/211/207 560/30/30 558/29/29
f 44/243/241 125/44/48 127/244/242
f 569/245/243 46/246/244 44/243/241
f 127/244/242 569/245/243 44/243/241
f 79/247/245 85/10/10 36/248/246
f 36/248/246 77/249/247 79/247/245
f 36/248/246 87/250/47 37/251/248
f 37/251/248 73/252/249 36/248/246
f 37/253/248 88/45/49 38/254/250
f 38/254/250 71/255/251 37/253/248
f 38/254/250 89/256/252 45/257/253
f 45/257/253 69/258/254 38/254/250
f 45/257/253 44/243/241 46/246/244
f 65/259/255 46/246/244 48/260/256
f 46/246/244 572/261/257 48/260/256
f 571/262/258 156/138/133 47/263/259
f 48/264/256 571/262/258 47/263/259
f 47/263/259 158/265/260 64/266/261
f 64/266/261 48/264/256 47/263/259
f 68/267/262 158/265/260 165/141/136
f 68/267/262 65/268/255 64/266/261
f 70/269/263 165/141/136 167/144/139
f 71/270/251 68/267/262 70/269/263
f 70/271/263 169/148/142 72/272/264
f 72/272/264 71/273/251 70/271/263
f 75/274/265 169/148/142 193/152/145
f 77/275/247 72/272/264 75/274/265
f 74/276/266 193/277/145 205/156/148
f 205/156/148 553/278/267 74/276/266
f 74/276/266 557/279/268 76/280/269
f 76/280/269 75/281/265 74/276/266
f 78/282/270 557/283/268 564/33/38
f 78/282/270 77/284/247 76/285/269
f 81/286/271 564/33/38 563/287/272
f 83/288/7 78/282/270 81/286/271
f 562/289/273 219/290/274 80/291/275
f 227/292/276 228/293/277 229/294/278
f 229/294/278 231/295/279 227/292/276
f 230/296/280 135/297/281 231/295/279
f 229/294/278 233/298/282 230/296/280
f 230/296/280 137/299/283 136/171/165
f 232/300/284 235/301/285 233/298/282
f 233/298/282 236/302/286 137/299/283
f 235/301/285 238/303/287 236/302/286
f 236/302/286 239/304/288 240/305/289
f 240/305/289 137/299/283 236/302/286
f 240/305/289 241/306/290 242/307/291
f 240/305/289 140/308/292 138/172/166
f 242/307/291 243/309/293 244/310/294
f 242/307/291 245/311/295 140/308/292
f 244/310/294 247/312/296 245/311/295
f 245/311/295 248/313/297 249/314/298
f 249/314/298 140/308/292 245/311/295
f 249/314/298 90/315/299 91/316/300
f 91/316/300 139/174/168 249/314/298
f 92/317/301 251/318/302 93/319/303
f 93/319/303 164/199/198 41/198/197
f 250/320/304 253/321/305 251/318/302
f 251/318/302 254/322/306 164/199/198
f 253/321/305 256/323/307 254/322/306
f 256/323/307 258/324/308 254/322/306
f 258/324/308 164/199/198 254/322/306
f 257/325/309 260/326/310 258/324/308
f 258/324/308 161/327/311 115/194/193
f 259/328/312 262/329/313 260/326/310
f 260/326/310 263/330/314 161/327/311
f 262/329/313 228/331/277 263/330/314
f 263/330/314 226/332/315 225/333/316
f 225/333/316 161/327/311 263/330/314
f 264/334/317 261/335/318 265/336/319
f 265/337/319 232/300/284 264/338/317
f 264/338/317 229/294/278 228/293/277
f 265/336/319 266/339/320 267/340/321
f 265/337/319 268/341/322 234/342/323
f 267/343/321 270/344/324 268/341/322
f 268/341/322 271/345/325 237/346/326
f 237/346/326 234/342/323 268/341/322
f 271/345/325 272/347/327 273/348/328
f 273/348/328 275/349/329 271/345/325
f 275/349/329 237/346/326 271/345/325
f 274/350/330 277/351/331 275/349/329
f 277/351/331 238/303/287 275/349/329
f 276/352/332 279/353/333 277/351/331
f 279/353/333 239/304/288 277/351/331
f 278/354/334 281/355/335 279/353/333
f 281/355/335 241/306/290 279/353/333
f 280/356/336 283/357/337 281/355/335
f 283/357/337 243/309/293 281/355/335
f 283/357/337 286/358/338 284/359/339
f 284/359/339 287/360/340 246/361/341
f 246/361/341 243/309/293 284/359/339
f 286/358/338 289/362/342 287/360/340
f 287/360/340 290/363/343 291/364/344
f 291/364/344 246/361/341 287/360/340
f 291/364/344 292/365/345 293/366/346
f 293/366/346 247/312/296 291/364/344
f 293/366/346 94/367/347 95/368/348
f 95/368/348 248/313/297 293/366/346
f 96/369/349 295/370/350 97/371/351
f 97/371/351 250/320/304 92/317/301
f 294/372/352 297/373/353 295/370/350
f 295/370/350 252/374/354 250/320/304
f 296/375/355 299/376/356 297/373/353
f 297/373/353 300/377/357 252/374/354
f 299/376/356 302/378/358 300/377/357
f 302/378/358 255/379/359 300/377/357
f 255/379/359 252/374/354 300/377/357
f 303/380/360 304/381/361 305/382/362
f 305/382/362 307/383/363 303/380/360
f 303/380/360 256/323/307 255/379/359
f 306/384/364 309/385/365 307/383/363
f 307/383/363 257/325/309 256/323/307
f 308/386/366 311/387/367 309/385/365
f 309/385/365 259/328/312 257/325/309
f 310/388/368 266/339/320 311/387/367
f 311/387/367 261/335/318 259/328/312
f 312/389/369 313/390/370 314/391/371
f 314/391/371 269/392/372 312/389/369
f 312/389/369 267/340/321 266/339/320
f 315/393/373 316/394/374 317/395/375
f 317/396/375 272/347/327 315/397/373
f 315/397/373 270/344/324 269/398/372
f 726/399/376 319/400/377 320/401/378
f 320/401/378 727/402/379 726/399/376
f 318/399/380 273/348/328 272/347/327
f 321/403/381 728/404/382 727/402/379
f 322/402/383 274/350/330 273/348/328
f 323/405/384 729/406/385 728/404/382
f 324/404/386 276/352/332 274/350/330
f 325/407/387 730/408/388 729/406/385
f 326/406/389 278/354/334 276/352/332
f 327/409/390 731/410/391 730/408/388
f 328/408/392 280/356/336 278/354/334
f 329/411/393 732/412/394 731/410/391
f 332/412/395 280/356/336 330/410/396
f 732/412/394 333/413/397 733/414/398
f 334/414/399 282/415/400 332/412/395
f 335/416/401 336/417/402 337/418/403
f 335/416/401 338/419/404 285/420/405
f 285/420/405 282/415/400 335/416/401
f 338/419/404 339/421/406 340/422/407
f 338/419/404 341/423/408 288/424/409
f 288/424/409 285/420/405 338/419/404
f 340/422/407 343/425/410 341/423/408
f 343/425/410 344/426/411 341/423/408
f 344/426/411 288/424/409 341/423/408
f 298/427/412 345/428/413 344/426/411
f 345/428/413 289/362/342 344/426/411
f 296/429/355 346/430/414 345/428/413
f 346/430/414 290/363/343 345/428/413
f 294/431/352 98/432/415 346/430/414
f 346/430/414 94/367/347 292/365/345
f 342/433/416 301/434/417 343/435/410
f 301/434/417 298/436/412 343/435/410
f 342/433/416 349/437/418 347/438/419
f 347/438/419 350/439/420 304/381/361
f 347/438/419 302/378/358 301/434/417
f 349/437/418 352/440/421 350/439/420
f 350/439/420 353/441/422 354/442/423
f 354/442/423 304/381/361 350/439/420
f 354/442/423 355/443/424 356/444/425
f 356/444/425 305/382/362 354/442/423
f 356/444/425 357/445/426 358/446/427
f 356/444/425 308/386/366 306/384/364
f 357/445/426 313/390/370 358/446/427
f 358/446/427 310/388/368 308/386/366
f 739/445/428 361/447/429 740/448/430
f 361/447/429 724/394/431 740/448/430
f 359/448/432 314/391/371 313/390/370
f 361/447/429 364/449/433 362/450/434
f 364/449/433 319/451/377 362/450/434
f 362/450/434 725/395/435 724/394/431
f 365/452/436 366/453/437 367/454/438
f 367/455/438 369/456/439 365/457/436
f 365/457/436 320/401/378 319/400/377
f 368/458/440 371/459/441 369/456/439
f 369/456/439 321/403/381 320/401/378
f 370/460/442 372/461/443 371/459/441
f 371/459/441 323/405/384 321/403/381
f 190/230/225 373/462/444 372/461/443
f 372/461/443 325/407/387 323/405/384
f 189/233/228 374/463/445 373/462/444
f 373/462/444 327/409/390 325/407/387
f 191/232/227 376/464/446 374/463/445
f 374/463/445 329/411/393 327/409/390
f 376/464/446 377/465/447 378/466/448
f 376/464/446 331/467/449 329/411/393
f 378/466/448 379/468/450 380/469/451
f 380/469/451 331/467/449 378/466/448
f 380/469/451 381/470/452 382/471/453
f 382/471/453 333/413/397 380/469/451
f 383/472/454 384/473/455 385/474/456
f 385/474/456 734/417/457 383/472/454
f 383/472/454 733/414/398 333/413/397
f 741/475/458 387/476/459 742/477/460
f 388/477/461 339/421/406 386/475/462
f 386/475/462 337/418/403 336/417/402
f 742/478/460 389/479/463 735/480/464
f 351/480/465 348/481/466 388/478/461
f 387/482/459 391/483/467 389/479/463
f 389/479/463 392/484/468 393/485/469
f 393/485/469 735/480/464 389/479/463
f 393/485/469 394/486/470 395/487/471
f 395/487/471 736/440/472 393/485/469
f 395/487/471 396/488/473 397/489/474
f 397/489/474 737/441/475 395/487/471
f 397/489/474 398/490/476 360/491/477
f 360/491/477 738/443/478 397/489/474
f 396/488/473 400/492/479 398/490/476
f 398/490/476 401/493/480 363/494/481
f 363/494/481 360/491/477 398/490/476
f 401/493/480 185/225/220 402/495/482
f 401/493/480 403/496/483 366/453/437
f 366/453/437 363/494/481 401/493/480
f 403/496/483 404/497/484 405/498/485
f 403/496/483 406/499/486 407/500/487
f 403/496/483 367/454/438 366/453/437
f 406/501/486 409/502/488 407/503/487
f 407/503/487 368/458/440 367/455/438
f 408/504/489 411/505/490 409/502/488
f 409/502/488 370/460/442 368/458/440
f 410/506/491 186/231/226 411/505/490
f 411/505/490 190/230/225 370/460/442
f 410/506/491 202/507/492 198/237/234
f 198/237/234 187/228/223 410/506/491
f 408/504/489 412/508/493 202/507/492
f 412/509/493 9/14/494 66/13/495
f 66/31/495 202/507/492 412/508/493
f 406/499/486 413/510/496 412/509/493
f 415/511/31 416/512/497 417/513/498
f 417/514/498 199/515/499 415/516/31
f 417/513/498 418/517/500 419/518/501
f 419/519/501 200/239/236 417/514/498
f 420/520/502 201/240/237 200/239/236
f 422/521/503 201/240/237 421/522/504
f 423/523/505 203/241/239 422/521/503
f 424/524/506 425/525/507 426/526/508
f 426/526/508 428/527/12 424/524/506
f 424/524/506 194/242/240 203/241/239
f 25/59/509 430/528/510 24/12/511
f 24/12/511 195/529/512 67/11/230
f 429/530/513 432/531/514 430/528/510
f 430/528/510 433/532/515 195/529/512
f 434/533/516 195/529/512 433/532/515
f 432/531/514 379/468/450 433/532/515
f 433/532/515 377/465/447 434/533/516
f 435/534/517 196/234/231 434/533/516
f 434/533/516 375/535/518 435/534/517
f 188/229/224 197/236/233 435/534/517
f 435/534/517 191/232/227 188/229/224
f 431/536/519 381/470/452 432/531/514
f 436/537/520 437/538/521 438/539/522
f 438/539/522 384/473/455 436/537/520
f 384/473/455 381/470/452 436/537/520
f 438/540/522 439/541/523 440/542/524
f 440/542/524 390/543/525 438/540/522
f 440/542/524 441/544/526 442/545/527
f 442/545/527 391/483/467 440/542/524
f 442/545/527 184/223/218 443/546/528
f 443/546/528 392/484/468 442/545/527
f 443/546/528 183/226/221 399/547/529
f 399/547/529 394/486/470 443/546/528
f 439/541/523 143/176/170 441/544/526
f 441/544/526 142/224/219 184/223/218
f 439/541/523 444/548/530 148/549/531
f 429/530/513 160/185/532 444/550/530
f 444/548/530 26/182/176 148/549/531
f 444/550/530 431/536/519 429/530/513
f 427/551/533 446/552/534 445/553/179
f 445/554/179 150/183/177 149/555/535
f 426/526/508 447/556/536 446/552/534
f 446/557/534 448/558/537 150/183/177
f 448/558/537 144/184/178 150/183/177
f 450/559/538 144/184/178 449/560/539
f 450/559/538 416/512/497 145/179/173
f 414/561/189 145/179/173 416/512/497
f 413/510/496 1/181/175 9/14/494
f 405/498/485 147/562/540 413/510/496
f 182/222/217 147/562/540 404/497/484
f 402/495/482 182/222/217 404/497/484
f 400/492/479 183/226/221 185/225/220
f 390/563/525 385/474/456 384/473/455
f 348/564/466 340/422/407 339/421/406
f 216/220/215 215/203/202 214/219/214
f 216/220/215 453/565/541 218/566/542
f 218/566/542 217/201/200 216/220/215
f 218/566/542 455/567/543 220/568/544
f 220/568/544 219/290/274 218/566/542
f 220/569/544 456/570/545 222/571/546
f 222/571/546 221/572/547 220/569/544
f 5/573/548 456/570/545 457/574/549
f 5/573/548 223/5/5 222/571/546
f 5/575/548 4/41/45 224/576/8
f 8/577/550 459/578/551 460/579/552
f 6/47/51 457/580/549 8/577/550
f 8/577/550 7/48/52 6/47/51
f 18/200/199 460/579/552 17/581/553
f 711/582/554 705/583/555 16/584/556
f 16/584/556 460/579/552 711/582/554
f 16/584/556 703/585/557 702/586/558
f 17/581/553 702/586/558 19/587/559
f 20/588/560 17/581/553 19/587/559
f 19/587/559 700/589/561 699/590/562
f 50/591/563 19/587/559 699/590/562
f 51/52/56 20/588/560 50/591/563
f 52/592/564 699/590/562 697/593/565
f 80/291/275 563/287/272 562/289/273
f 80/291/275 221/594/547 82/595/4
f 723/185/566 466/59/153 464/185/191
f 468/14/16 715/181/567 472/181/568
f 82/595/4 81/286/271 80/291/275
f 486/596/569 501/58/62 502/597/570
f 486/596/569 504/598/571 500/64/68
f 486/596/569 505/599/572 503/600/573
f 487/601/574 507/602/575 508/603/576
f 508/603/576 510/604/577 487/601/574
f 487/601/574 511/15/17 506/605/578
f 488/606/579 513/22/23 514/21/20
f 515/160/154 512/607/111 488/608/579
f 488/608/579 517/186/181 515/160/154
f 489/609/580 519/3/3 520/27/26
f 489/610/580 521/24/25 522/611/581
f 522/612/581 518/1/1 489/609/580
f 524/613/582 526/19/21 490/614/583
f 526/615/21 528/66/70 490/616/583
f 529/617/584 524/613/582 490/614/583
f 490/616/583 531/618/585 532/619/586
f 532/619/586 529/620/584 490/616/583
f 491/621/587 535/622/588 536/623/589
f 536/624/589 538/99/98 491/625/587
f 491/625/587 539/626/100 540/627/87
f 540/627/87 542/23/24 491/625/587
f 542/628/24 534/629/590 491/621/587
f 544/630/591 546/631/592 492/632/593
f 492/632/593 547/78/81 548/87/90
f 549/633/66 544/630/591 492/632/593
f 498/634/594 549/633/66 492/632/593
f 548/87/90 498/634/594 492/632/593
f 493/635/595 554/164/158 555/167/161
f 493/635/595 557/279/268 553/278/267
f 493/635/595 558/205/29 556/636/39
f 494/637/596 560/30/30 561/202/201
f 494/637/596 562/289/273 563/287/272
f 494/637/596 564/33/38 559/28/28
f 495/638/597 566/39/44 567/37/42
f 495/638/597 568/36/41 569/245/243
f 495/638/597 570/53/57 565/121/118
f 496/639/598 572/640/257 573/641/40
f 496/639/598 575/135/130 571/262/258
f 496/639/598 576/129/43 574/132/127
f 497/642/599 578/643/600 579/644/601
f 497/642/599 580/115/113 581/645/116
f 581/119/116 577/73/76 497/646/599
f 498/647/594 583/76/79 551/60/64
f 499/648/602 585/649/603 586/650/604
f 499/648/602 588/651/605 584/652/606
f 499/648/602 589/653/607 587/654/608
f 590/655/609 587/654/608 589/653/607
f 586/650/604 593/656/610 589/653/607
f 589/653/607 594/657/611 590/655/609
f 594/657/611 501/58/62 595/57/61
f 595/57/61 590/655/609 594/657/611
f 593/656/610 502/597/570 594/657/611
f 596/658/612 597/61/65 598/75/78
f 596/658/612 599/93/94 600/659/613
f 596/658/612 591/660/614 590/655/609
f 600/659/613 601/95/96 602/661/615
f 602/661/615 591/660/614 600/659/613
f 603/662/616 604/663/617 605/664/618
f 605/664/618 588/665/605 603/662/616
f 588/651/605 591/660/614 603/666/616
f 606/667/619 607/668/620 608/669/621
f 608/669/621 610/670/622 606/667/619
f 606/667/619 584/671/606 588/665/605
f 610/672/622 611/673/623 612/674/624
f 612/674/624 584/652/606 610/672/622
f 612/674/624 613/675/625 614/676/626
f 614/676/626 585/649/603 612/674/624
f 615/677/627 586/650/604 585/649/603
f 615/677/627 616/678/628 617/679/629
f 617/679/629 592/680/630 615/677/627
f 505/599/572 592/680/630 618/681/631
f 617/679/629 620/682/632 618/681/631
f 618/681/631 503/600/573 505/599/572
f 619/683/633 622/684/634 620/682/632
f 620/682/632 504/598/571 503/600/573
f 621/685/635 624/686/636 622/684/634
f 622/684/634 625/687/637 504/598/571
f 625/687/637 500/64/68 504/598/571
f 625/687/637 627/688/638 550/689/639
f 550/689/639 626/63/67 625/687/637
f 627/688/638 623/690/640 628/691/641
f 628/692/641 630/693/642 627/694/638
f 627/694/638 544/630/591 550/695/639
f 629/65/69 632/696/643 630/693/642
f 630/693/642 545/697/644 544/630/591
f 632/696/643 633/68/72 634/112/110
f 632/696/643 635/698/645 545/697/644
f 636/699/646 545/697/644 635/698/645
f 635/698/645 580/115/113 579/644/601
f 579/644/601 636/699/646 635/698/645
f 637/700/647 546/631/592 636/699/646
f 636/699/646 638/701/648 637/700/647
f 639/702/649 637/700/647 638/701/648
f 638/701/648 577/703/76 641/704/650
f 638/701/648 642/705/651 639/702/649
f 643/69/73 639/702/649 642/705/651
f 641/706/650 646/707/652 642/708/651
f 646/707/652 643/709/73 642/708/651
f 647/710/653 648/109/107 649/711/654
f 649/711/654 523/712/18 647/710/653
f 647/710/653 522/713/581 643/709/73
f 649/711/654 650/159/150 651/714/655
f 651/714/655 511/715/17 649/711/654
f 651/714/655 652/716/656 653/717/657
f 653/717/657 506/718/578 651/714/655
f 653/717/657 654/108/106 655/107/105
f 655/107/105 507/719/575 653/717/657
f 656/720/658 657/721/659 658/722/660
f 658/723/660 660/724/661 656/725/658
f 656/725/658 508/603/576 507/602/575
f 659/726/662 662/727/663 660/724/661
f 660/724/661 509/2/2 508/603/576
f 661/728/664 543/26/27 662/727/663
f 662/727/663 519/3/3 509/2/2
f 661/728/664 663/729/665 664/730/666
f 664/730/666 534/629/590 661/728/664
f 664/730/666 665/731/667 666/732/668
f 666/732/668 535/622/588 664/730/666
f 666/732/668 669/733/669 667/734/670
f 669/733/669 671/735/671 667/734/670
f 667/734/670 536/623/589 535/622/588
f 670/736/672 673/737/673 671/738/671
f 671/738/671 537/739/674 536/624/589
f 672/740/675 675/741/676 673/737/673
f 673/737/673 676/742/677 537/739/674
f 677/100/99 537/739/674 676/742/677
f 675/743/676 679/744/678 676/745/677
f 676/745/677 680/746/679 677/747/99
f 681/748/680 677/747/99 680/746/679
f 679/744/678 684/749/681 680/746/679
f 680/746/679 601/750/96 681/748/680
f 683/103/101 604/663/617 684/749/681
f 684/749/681 602/751/615 601/750/96
f 685/752/682 686/105/103 687/753/683
f 687/753/683 607/668/620 685/752/682
f 685/752/682 605/664/618 604/663/617
f 688/754/684 689/755/685 690/756/686
f 690/756/686 692/757/687 688/754/684
f 688/754/684 608/669/621 607/668/620
f 691/758/688 694/759/689 692/757/687
f 692/757/687 609/760/690 608/669/621
f 694/761/689 695/762/691 696/763/692
f 696/763/692 609/764/690 694/761/689
f 696/763/692 697/593/565 698/765/693
f 698/765/693 611/673/623 696/763/692
f 698/765/693 699/590/562 700/589/561
f 700/589/561 613/675/625 698/765/693
f 701/766/694 614/676/626 613/675/625
f 701/766/694 702/586/558 703/585/557
f 703/585/557 616/678/628 701/766/694
f 704/767/695 617/679/629 616/678/628
f 704/767/695 705/583/555 706/768/696
f 706/768/696 619/683/633 704/767/695
f 706/768/696 707/769/697 708/770/698
f 708/770/698 621/685/635 706/768/696
f 708/770/698 709/771/699 710/772/700
f 710/772/700 623/690/640 708/770/698
f 710/773/700 532/619/586 531/618/585
f 710/773/700 629/65/69 628/692/641
f 707/769/697 712/774/701 709/771/699
f 709/775/699 533/776/702 532/619/586
f 711/582/554 459/578/551 712/774/701
f 712/777/701 458/778/703 533/776/702
f 459/779/551 456/570/545 458/778/703
f 458/778/703 455/780/543 454/781/704
f 454/781/704 533/776/702 458/778/703
f 454/782/704 453/565/541 452/783/705
f 452/783/705 529/617/584 454/782/704
f 452/783/705 451/218/213 181/217/212
f 181/217/212 530/784/706 452/783/705
f 180/785/707 524/613/582 530/784/706
f 181/217/212 177/786/708 180/785/707
f 180/785/707 176/787/709 179/188/183
f 175/106/104 179/188/183 176/787/709
f 177/786/708 172/788/710 176/787/709
f 176/787/709 657/721/659 175/106/104
f 173/189/184 170/789/711 172/788/710
f 172/788/710 658/722/660 657/721/659
f 171/790/712 663/729/665 170/791/711
f 170/791/711 659/726/662 658/723/660
f 171/792/712 133/191/186 132/213/209
f 132/793/209 665/731/667 171/790/712
f 131/794/713 130/208/206 121/207/205
f 121/207/205 668/795/714 131/794/713
f 131/794/713 666/732/668 665/731/667
f 120/796/715 119/166/160 118/163/157
f 118/163/157 111/797/716 120/796/715
f 120/796/715 669/733/669 668/795/714
f 117/155/147 109/798/717 111/797/716
f 111/797/716 670/799/672 669/733/669
f 109/800/717 108/147/141 107/801/718
f 107/801/718 670/736/672 109/800/717
f 107/801/718 106/146/137 105/802/719
f 105/802/719 672/740/675 107/801/718
f 105/803/719 104/139/134 103/192/187
f 103/192/187 674/804/720 105/803/719
f 678/104/102 674/804/720 102/805/721
f 102/805/721 101/806/722 100/807/723
f 102/805/721 686/105/103 678/104/102
f 100/807/723 99/808/724 689/755/685
f 100/807/723 687/753/683 686/105/103
f 101/806/722 62/133/128 99/808/724
f 99/808/724 61/130/125 60/809/725
f 60/809/725 689/755/685 99/808/724
f 60/809/725 59/127/123 58/810/726
f 58/810/726 690/756/686 60/809/725
f 58/810/726 57/811/121 56/812/727
f 58/810/726 693/813/728 691/758/688
f 56/814/727 55/123/120 54/815/729
f 54/815/729 693/816/728 56/814/727
f 55/123/120 52/592/564 54/815/729
f 52/592/564 695/762/691 54/815/729
f 53/55/59 50/591/563 52/592/564
f 474/177/730 483/181/188 472/181/568
f 482/182/229 474/177/730 471/182/192
f 484/235/731 470/11/36 473/235/732
f 469/32/152 484/235/731 473/235/732
f 468/14/16 478/13/33 467/13/14
f 478/31/33 469/32/152 467/31/14
f 465/12/37 477/59/63 466/59/153
f 481/11/11 465/12/37 470/11/36
f 477/59/63 464/185/191 466/59/153
f 475/193/180 471/182/192 464/193/191
f 472/181/568 479/14/34 468/14/16
f 743/177/171 715/181/567 1/181/175
f 716/182/190 743/177/171 26/182/176
f 714/235/733 67/11/230 39/235/232
f 40/32/238 714/235/733 39/235/232
f 726/399/376 317/396/375 725/396/435
f 727/402/379 318/399/380 726/399/376
f 324/404/386 727/402/379 728/404/382
f 326/406/389 728/404/382 729/406/385
f 328/408/392 729/406/385 730/408/388
f 731/410/391 328/408/392 730/408/388
f 732/412/394 330/410/396 731/410/391
f 334/414/399 732/412/394 733/414/398
f 740/448/430 357/445/426 739/445/428
f 724/394/431 359/448/432 740/448/430
f 317/395/375 724/394/431 725/395/435
f 741/475/458 336/417/402 734/417/457
f 336/417/402 733/414/398 734/417/457
f 742/477/460 386/475/462 741/475/458
f 351/480/465 742/478/460 735/480/464
f 352/440/421 735/480/464 736/440/472
f 353/441/422 736/440/472 737/441/475
f 738/443/478 353/441/422 737/441/475
f 739/445/428 355/443/424 738/443/478
f 719/14/15 66/13/495 9/14/494
f 66/31/495 718/32/151 40/32/238
f 24/12/511 721/59/734 25/59/509
f 717/11/735 24/12/511 67/11/230
f 25/59/509 723/185/566 160/185/532
f 723/193/566 26/182/176 160/193/532
f 1/181/175 719/14/15 9/14/494
f 485/177/736 146/181/174 483/181/188
f 715/181/567 474/177/730 472/181/568
f 149/182/535 485/177/736 482/182/229
f 474/177/730 716/182/190 471/182/192
f 484/235/731 194/11/240 481/11/11
f 717/11/735 473/235/732 470/11/36
f 199/32/499 484/235/731 480/32/32
f 473/235/732 718/32/151 469/32/152
f 518/1/1 510/604/577 509/2/2
f 82/4/4 221/572/547 223/5/5
f 84/6/6 85/10/10 83/7/7
f 84/6/6 223/5/5 224/8/8
f 86/9/9 87/250/47 85/10/10
f 481/11/11 194/11/240 428/12/12
f 467/13/14 720/13/737 719/14/15
f 511/15/17 510/604/577 518/1/1
f 525/17/19 517/186/181 514/18/20
f 527/20/22 526/615/21 514/21/20
f 542/23/24 541/817/85 521/24/25
f 543/26/27 542/628/24 520/27/26
f 559/28/28 556/34/39 558/29/29
f 415/31/31 199/32/499 480/32/32
f 479/14/34 414/14/189 415/13/31
f 722/12/35 717/11/735 470/11/36
f 564/33/38 557/283/268 556/34/39
f 573/35/40 572/261/257 568/36/41
f 576/38/43 573/35/40 567/37/42
f 86/40/9 224/576/8 4/41/45
f 114/42/46 88/45/49 87/43/47
f 125/44/48 89/256/252 88/45/49
f 116/46/50 4/41/45 6/47/51
f 116/46/50 125/44/48 114/42/46
f 126/49/53 116/46/50 7/48/52
f 126/49/53 127/244/242 125/44/48
f 128/51/55 126/49/53 49/50/54
f 570/53/57 127/244/242 126/49/53
f 129/54/58 128/51/55 51/52/56
f 2/56/60 597/61/65 595/57/61
f 428/12/12 427/59/533 477/59/63
f 551/60/64 583/76/79 597/61/65
f 549/62/66 551/60/64 2/56/60
f 2/56/60 501/58/62 500/64/68
f 629/65/69 531/618/585 528/66/70
f 631/67/71 528/66/70 527/20/22
f 643/69/73 522/818/581 521/70/25
f 645/72/75 641/706/650 577/73/76
f 598/75/78 597/61/65 583/76/79
f 547/78/81 637/700/647 640/79/82
f 3/81/84 644/71/74 521/70/25
f 640/79/82 639/702/649 644/71/74
f 10/83/86 3/81/84 541/82/85
f 11/80/83 640/79/82 3/81/84
f 540/84/87 539/101/100 27/85/88
f 12/86/89 11/80/83 10/83/86
f 548/87/90 547/78/81 11/80/83
f 13/88/91 14/77/80 583/76/79
f 13/90/91 12/86/89 27/85/88
f 552/92/92 548/87/90 12/86/89
f 599/93/94 598/75/78 14/77/80
f 15/94/95 681/819/680 601/95/96
f 14/77/80 13/88/91 28/96/93
f 682/97/97 681/819/680 15/94/95
f 682/98/97 539/626/100 538/99/98
f 28/91/93 27/85/88 539/101/100
f 683/103/101 679/744/678 678/104/102
f 175/106/104 657/721/659 655/107/105
f 648/109/107 646/707/652 645/72/75
f 633/68/72 527/20/22 513/22/23
f 29/111/109 580/115/113 634/112/110
f 29/111/109 513/22/23 512/113/111
f 30/114/112 581/645/116 580/115/113
f 32/110/108 645/72/75 582/74/77
f 30/117/112 512/607/111 516/118/115
f 31/116/114 582/74/77 581/119/116
f 33/120/117 650/159/150 648/109/107
f 565/121/118 570/53/57 128/51/55
f 151/122/119 129/54/58 53/55/59
f 566/39/44 565/121/118 129/54/58
f 151/122/119 55/123/120 57/124/121
f 152/125/122 576/38/43 566/39/44
f 152/126/122 57/811/121 59/127/123
f 153/128/124 574/132/127 576/129/43
f 153/128/124 59/127/123 61/130/125
f 154/131/126 575/135/130 574/132/127
f 154/131/126 61/130/125 62/133/128
f 155/134/129 156/138/133 575/135/130
f 155/134/129 62/133/128 63/136/131
f 157/137/132 158/265/260 156/138/133
f 157/137/132 63/136/131 104/139/134
f 165/141/136 158/265/260 157/137/132
f 159/140/135 104/139/134 106/142/137
f 167/144/139 165/141/136 159/140/135
f 168/145/140 166/149/138 106/146/137
f 169/148/142 167/820/139 166/149/138
f 192/150/143 168/145/140 108/147/141
f 193/152/145 169/148/142 168/145/140
f 204/153/146 192/157/143 110/154/144
f 205/156/148 193/277/145 192/157/143
f 33/120/117 32/110/108 31/116/114
f 34/158/149 652/716/656 650/159/150
f 718/32/151 720/31/737 467/31/14
f 466/59/153 721/59/734 722/12/35
f 34/158/149 33/120/117 516/118/115
f 654/108/106 652/716/656 34/158/149
f 206/162/156 204/153/146 117/155/147
f 554/164/158 205/156/148 204/153/146
f 207/165/159 206/162/156 118/163/157
f 555/167/161 554/164/158 206/162/156
f 21/168/162 23/821/738 134/169/163
f 134/169/163 135/297/281 136/171/165
f 136/171/165 137/299/283 138/172/166
f 112/170/164 139/174/168 22/173/167
f 138/172/166 140/308/292 139/174/168
f 141/175/169 142/224/219 143/176/170
f 113/178/172 144/184/178 145/179/173
f 1/181/175 147/562/540 141/175/169
f 143/176/170 148/549/531 26/182/176
f 113/178/172 149/555/535 150/183/177
f 477/59/63 427/59/533 445/185/179
f 35/161/155 34/158/149 515/160/154
f 174/187/182 175/106/104 654/108/106
f 525/17/19 524/613/582 179/188/183
f 174/187/182 35/161/155 517/186/181
f 173/189/184 177/786/708 178/190/185
f 63/136/131 101/806/722 103/192/187
f 483/181/188 146/181/174 414/14/189
f 716/182/190 723/193/566 464/193/191
f 115/194/193 161/327/311 162/195/194
f 163/196/195 43/822/739 42/197/196
f 115/194/193 42/197/196 41/198/197
f 18/200/199 20/588/560 49/50/54
f 217/201/200 562/289/273 561/202/201
f 215/203/202 561/202/201 560/30/30
f 207/165/159 208/209/207 558/205/29
f 210/206/204 119/166/160 121/207/205
f 208/209/207 207/165/159 119/166/160
f 210/210/204 212/214/210 209/204/203
f 211/212/208 130/215/206 132/213/209
f 212/214/210 210/210/204 130/215/206
f 211/212/208 133/191/186 178/190/185
f 213/216/211 214/219/214 212/214/210
f 213/216/211 178/190/185 181/217/212
f 214/219/214 213/216/211 451/218/213
f 122/221/216 142/224/219 141/175/169
f 122/221/216 183/226/221 184/223/218
f 122/221/216 182/222/217 185/225/220
f 123/227/222 186/231/226 187/228/223
f 123/227/222 189/233/228 190/230/225
f 123/227/222 188/229/224 191/232/227
f 209/204/203 212/214/210 214/219/214
f 445/193/179 149/182/535 482/182/229
f 67/11/230 195/529/512 196/234/231
f 39/235/232 196/234/231 197/236/233
f 124/238/235 199/515/499 200/239/236
f 198/237/234 202/507/492 40/32/238
f 124/238/235 201/240/237 203/241/239
f 208/211/207 209/204/203 560/30/30
f 44/243/241 89/256/252 125/44/48
f 569/245/243 568/36/41 46/246/244
f 127/244/242 570/53/57 569/245/243
f 79/247/245 83/7/7 85/10/10
f 36/248/246 73/252/249 77/249/247
f 36/248/246 85/10/10 87/250/47
f 37/251/248 71/823/251 73/252/249
f 37/253/248 87/43/47 88/45/49
f 38/254/250 69/258/254 71/255/251
f 38/254/250 88/45/49 89/256/252
f 45/257/253 65/259/255 69/258/254
f 45/257/253 89/256/252 44/243/241
f 65/259/255 45/257/253 46/246/244
f 46/246/244 568/36/41 572/261/257
f 571/262/258 575/135/130 156/138/133
f 48/264/256 572/640/257 571/262/258
f 47/263/259 156/138/133 158/265/260
f 64/266/261 65/268/255 48/264/256
f 68/267/262 64/266/261 158/265/260
f 68/267/262 69/824/254 65/268/255
f 70/269/263 68/267/262 165/141/136
f 71/270/251 69/824/254 68/267/262
f 70/271/263 167/820/139 169/148/142
f 72/272/264 73/825/249 71/273/251
f 75/274/265 72/272/264 169/148/142
f 77/275/247 73/825/249 72/272/264
f 74/276/266 75/281/265 193/277/145
f 205/156/148 554/164/158 553/278/267
f 74/276/266 553/278/267 557/279/268
f 76/280/269 77/826/247 75/281/265
f 78/282/270 76/285/269 557/283/268
f 78/282/270 79/827/245 77/284/247
f 81/286/271 78/282/270 564/33/38
f 83/288/7 79/827/245 78/282/270
f 562/289/273 217/201/200 219/290/274
f 227/292/276 226/828/315 228/293/277
f 229/294/278 230/296/280 231/295/279
f 230/296/280 136/171/165 135/297/281
f 229/294/278 232/300/284 233/298/282
f 230/296/280 233/298/282 137/299/283
f 232/300/284 234/342/323 235/301/285
f 233/298/282 235/301/285 236/302/286
f 235/301/285 237/346/326 238/303/287
f 236/302/286 238/303/287 239/304/288
f 240/305/289 138/172/166 137/299/283
f 240/305/289 239/304/288 241/306/290
f 240/305/289 242/307/291 140/308/292
f 242/307/291 241/306/290 243/309/293
f 242/307/291 244/310/294 245/311/295
f 244/310/294 246/361/341 247/312/296
f 245/311/295 247/312/296 248/313/297
f 249/314/298 139/174/168 140/308/292
f 249/314/298 248/313/297 90/315/299
f 91/316/300 22/173/167 139/174/168
f 92/317/301 250/320/304 251/318/302
f 93/319/303 251/318/302 164/199/198
f 250/320/304 252/374/354 253/321/305
f 251/318/302 253/321/305 254/322/306
f 253/321/305 255/379/359 256/323/307
f 256/323/307 257/325/309 258/324/308
f 258/324/308 115/194/193 164/199/198
f 257/325/309 259/328/312 260/326/310
f 258/324/308 260/326/310 161/327/311
f 259/328/312 261/335/318 262/329/313
f 260/326/310 262/329/313 263/330/314
f 262/329/313 264/334/317 228/331/277
f 263/330/314 228/331/277 226/332/315
f 225/333/316 162/195/194 161/327/311
f 264/334/317 262/329/313 261/335/318
f 265/337/319 234/342/323 232/300/284
f 264/338/317 232/300/284 229/294/278
f 265/336/319 261/335/318 266/339/320
f 265/337/319 267/343/321 268/341/322
f 267/343/321 269/398/372 270/344/324
f 268/341/322 270/344/324 271/345/325
f 237/346/326 235/301/285 234/342/323
f 271/345/325 270/344/324 272/347/327
f 273/348/328 274/350/330 275/349/329
f 275/349/329 238/303/287 237/346/326
f 274/350/330 276/352/332 277/351/331
f 277/351/331 239/304/288 238/303/287
f 276/352/332 278/354/334 279/353/333
f 279/353/333 241/306/290 239/304/288
f 278/354/334 280/356/336 281/355/335
f 281/355/335 243/309/293 241/306/290
f 280/356/336 282/415/400 283/357/337
f 283/357/337 284/359/339 243/309/293
f 283/357/337 285/420/405 286/358/338
f 284/359/339 286/358/338 287/360/340
f 246/361/341 244/310/294 243/309/293
f 286/358/338 288/424/409 289/362/342
f 287/360/340 289/362/342 290/363/343
f 291/364/344 247/312/296 246/361/341
f 291/364/344 290/363/343 292/365/345
f 293/366/346 248/313/297 247/312/296
f 293/366/346 292/365/345 94/367/347
f 95/368/348 90/315/299 248/313/297
f 96/369/349 294/372/352 295/370/350
f 97/371/351 295/370/350 250/320/304
f 294/372/352 296/375/355 297/373/353
f 295/370/350 297/373/353 252/374/354
f 296/375/355 298/436/412 299/376/356
f 297/373/353 299/376/356 300/377/357
f 299/376/356 301/434/417 302/378/358
f 302/378/358 303/380/360 255/379/359
f 255/379/359 253/321/305 252/374/354
f 303/380/360 302/378/358 304/381/361
f 305/382/362 306/384/364 307/383/363
f 303/380/360 307/383/363 256/323/307
f 306/384/364 308/386/366 309/385/365
f 307/383/363 309/385/365 257/325/309
f 308/386/366 310/388/368 311/387/367
f 309/385/365 311/387/367 259/328/312
f 310/388/368 312/389/369 266/339/320
f 311/387/367 266/339/320 261/335/318
f 312/389/369 310/388/368 313/390/370
f 314/391/371 315/393/373 269/392/372
f 312/389/369 269/392/372 267/340/321
f 315/393/373 314/391/371 316/394/374
f 317/396/375 318/399/380 272/347/327
f 315/397/373 272/347/327 270/344/324
f 726/399/376 725/396/435 319/400/377
f 320/401/378 321/403/381 727/402/379
f 318/399/380 322/402/383 273/348/328
f 321/403/381 323/405/384 728/404/382
f 322/402/383 324/404/386 274/350/330
f 323/405/384 325/407/387 729/406/385
f 324/404/386 326/406/389 276/352/332
f 325/407/387 327/409/390 730/408/388
f 326/406/389 328/408/392 278/354/334
f 327/409/390 329/411/393 731/410/391
f 328/408/392 330/410/396 280/356/336
f 329/411/393 331/467/449 732/412/394
f 332/412/395 282/415/400 280/356/336
f 732/412/394 331/467/449 333/413/397
f 334/414/399 335/416/401 282/415/400
f 335/416/401 334/414/399 336/417/402
f 335/416/401 337/418/403 338/419/404
f 285/420/405 283/357/337 282/415/400
f 338/419/404 337/418/403 339/421/406
f 338/419/404 340/422/407 341/423/408
f 288/424/409 286/358/338 285/420/405
f 340/422/407 342/829/416 343/425/410
f 343/425/410 298/427/412 344/426/411
f 344/426/411 289/362/342 288/424/409
f 298/427/412 296/429/355 345/428/413
f 345/428/413 290/363/343 289/362/342
f 296/429/355 294/431/352 346/430/414
f 346/430/414 292/365/345 290/363/343
f 294/431/352 96/830/349 98/432/415
f 346/430/414 98/432/415 94/367/347
f 342/433/416 347/438/419 301/434/417
f 301/434/417 299/376/356 298/436/412
f 342/433/416 348/481/466 349/437/418
f 347/438/419 349/437/418 350/439/420
f 347/438/419 304/381/361 302/378/358
f 349/437/418 351/480/465 352/440/421
f 350/439/420 352/440/421 353/441/422
f 354/442/423 305/382/362 304/381/361
f 354/442/423 353/441/422 355/443/424
f 356/444/425 306/384/364 305/382/362
f 356/444/425 355/443/424 357/445/426
f 356/444/425 358/446/427 308/386/366
f 357/445/426 359/448/432 313/390/370
f 358/446/427 313/390/370 310/388/368
f 739/445/428 360/491/477 361/447/429
f 361/447/429 362/450/434 724/394/431
f 359/448/432 316/394/374 314/391/371
f 361/447/429 363/494/481 364/449/433
f 364/449/433 365/452/436 319/451/377
f 362/450/434 319/451/377 725/395/435
f 365/452/436 364/449/433 366/453/437
f 367/455/438 368/458/440 369/456/439
f 365/457/436 369/456/439 320/401/378
f 368/458/440 370/460/442 371/459/441
f 369/456/439 371/459/441 321/403/381
f 370/460/442 190/230/225 372/461/443
f 371/459/441 372/461/443 323/405/384
f 190/230/225 189/233/228 373/462/444
f 372/461/443 373/462/444 325/407/387
f 189/233/228 191/232/227 374/463/445
f 373/462/444 374/463/445 327/409/390
f 191/232/227 375/535/518 376/464/446
f 374/463/445 376/464/446 329/411/393
f 376/464/446 375/535/518 377/465/447
f 376/464/446 378/466/448 331/467/449
f 378/466/448 377/465/447 379/468/450
f 380/469/451 333/413/397 331/467/449
f 380/469/451 379/468/450 381/470/452
f 382/471/453 383/472/454 333/413/397
f 383/472/454 382/471/453 384/473/455
f 385/474/456 741/475/458 734/417/457
f 383/472/454 734/417/457 733/414/398
f 741/475/458 385/474/456 387/476/459
f 388/477/461 348/564/466 339/421/406
f 386/475/462 339/421/406 337/418/403
f 742/478/460 387/482/459 389/479/463
f 351/480/465 349/437/418 348/481/466
f 387/482/459 390/543/525 391/483/467
f 389/479/463 391/483/467 392/484/468
f 393/485/469 736/440/472 735/480/464
f 393/485/469 392/484/468 394/486/470
f 395/487/471 737/441/475 736/440/472
f 395/487/471 394/486/470 396/488/473
f 397/489/474 738/443/478 737/441/475
f 397/489/474 396/488/473 398/490/476
f 360/491/477 739/445/428 738/443/478
f 396/488/473 399/547/529 400/492/479
f 398/490/476 400/492/479 401/493/480
f 363/494/481 361/447/429 360/491/477
f 401/493/480 400/492/479 185/225/220
f 401/493/480 402/495/482 403/496/483
f 366/453/437 364/449/433 363/494/481
f 403/496/483 402/495/482 404/497/484
f 403/496/483 405/498/485 406/499/486
f 403/496/483 407/500/487 367/454/438
f 406/501/486 408/504/489 409/502/488
f 407/503/487 409/502/488 368/458/440
f 408/504/489 410/506/491 411/505/490
f 409/502/488 411/505/490 370/460/442
f 410/506/491 187/228/223 186/231/226
f 411/505/490 186/231/226 190/230/225
f 410/506/491 408/504/489 202/507/492
f 198/237/234 197/236/233 187/228/223
f 408/504/489 406/501/486 412/508/493
f 412/509/493 413/510/496 9/14/494
f 66/31/495 40/32/238 202/507/492
f 406/499/486 405/498/485 413/510/496
f 415/511/31 414/561/189 416/512/497
f 417/514/498 200/239/236 199/515/499
f 417/513/498 416/512/497 418/517/500
f 419/519/501 420/520/502 200/239/236
f 420/520/502 421/522/504 201/240/237
f 422/521/503 203/241/239 201/240/237
f 423/523/505 424/524/506 203/241/239
f 424/524/506 423/523/505 425/525/507
f 426/526/508 427/551/533 428/527/12
f 424/524/506 428/527/12 194/242/240
f 25/59/509 429/530/513 430/528/510
f 24/12/511 430/528/510 195/529/512
f 429/530/513 431/536/519 432/531/514
f 430/528/510 432/531/514 433/532/515
f 434/533/516 196/234/231 195/529/512
f 432/531/514 381/470/452 379/468/450
f 433/532/515 379/468/450 377/465/447
f 435/534/517 197/236/233 196/234/231
f 434/533/516 377/465/447 375/535/518
f 188/229/224 187/228/223 197/236/233
f 435/534/517 375/535/518 191/232/227
f 431/536/519 436/537/520 381/470/452
f 436/537/520 431/536/519 437/538/521
f 438/539/522 390/563/525 384/473/455
f 384/473/455 382/471/453 381/470/452
f 438/540/522 437/831/521 439/541/523
f 440/542/524 391/483/467 390/543/525
f 440/542/524 439/541/523 441/544/526
f 442/545/527 392/484/468 391/483/467
f 442/545/527 441/544/526 184/223/218
f 443/546/528 394/486/470 392/484/468
f 443/546/528 184/223/218 183/226/221
f 399/547/529 396/488/473 394/486/470
f 439/541/523 148/549/531 143/176/170
f 441/544/526 143/176/170 142/224/219
f 439/541/523 437/831/521 444/548/530
f 429/530/513 25/59/509 160/185/532
f 444/548/530 160/193/532 26/182/176
f 444/550/530 437/538/521 431/536/519
f 427/551/533 426/526/508 446/552/534
f 445/554/179 446/557/534 150/183/177
f 426/526/508 425/525/507 447/556/536
f 446/557/534 447/832/536 448/558/537
f 448/558/537 449/560/539 144/184/178
f 450/559/538 145/179/173 144/184/178
f 450/559/538 418/517/500 416/512/497
f 414/561/189 146/180/174 145/179/173
f 413/510/496 147/562/540 1/181/175
f 405/498/485 404/497/484 147/562/540
f 182/222/217 141/175/169 147/562/540
f 402/495/482 185/225/220 182/222/217
f 400/492/479 399/547/529 183/226/221
f 390/563/525 387/476/459 385/474/456
f 348/564/466 342/829/416 340/422/407
f 216/220/215 217/201/200 215/203/202
f 216/220/215 451/218/213 453/565/541
f 218/566/542 219/290/274 217/201/200
f 218/566/542 453/565/541 455/567/543
f 220/568/544 221/594/547 219/290/274
f 220/569/544 455/780/543 456/570/545
f 222/571/546 223/5/5 221/572/547
f 5/573/548 222/571/546 456/570/545
f 5/573/548 224/8/8 223/5/5
f 5/575/548 6/47/51 4/41/45
f 8/577/550 457/580/549 459/578/551
f 6/47/51 5/575/548 457/580/549
f 8/577/550 18/200/199 7/48/52
f 18/200/199 8/577/550 460/579/552
f 711/582/554 707/769/697 705/583/555
f 16/584/556 17/581/553 460/579/552
f 16/584/556 705/583/555 703/585/557
f 17/581/553 16/584/556 702/586/558
f 20/588/560 18/200/199 17/581/553
f 19/587/559 702/586/558 700/589/561
f 50/591/563 20/588/560 19/587/559
f 51/52/56 49/50/54 20/588/560
f 52/592/564 50/591/563 699/590/562
f 80/291/275 81/286/271 563/287/272
f 80/291/275 219/290/274 221/594/547
f 723/185/566 721/59/734 466/59/153
f 468/14/16 719/14/15 715/181/567
f 82/595/4 83/288/7 81/286/271
f 486/596/569 500/64/68 501/58/62
f 486/596/569 503/600/573 504/598/571
f 486/596/569 502/597/570 505/599/572
f 487/601/574 506/605/578 507/602/575
f 508/603/576 509/2/2 510/604/577
f 487/601/574 510/604/577 511/15/17
f 488/606/579 512/113/111 513/22/23
f 515/160/154 516/118/115 512/607/111
f 488/608/579 514/18/20 517/186/181
f 489/609/580 518/1/1 519/3/3
f 489/610/580 520/25/26 521/24/25
f 522/612/581 523/16/18 518/1/1
f 524/613/582 525/17/19 526/19/21
f 526/615/21 527/20/22 528/66/70
f 529/617/584 530/784/706 524/613/582
f 490/616/583 528/66/70 531/618/585
f 532/619/586 533/776/702 529/620/584
f 491/621/587 534/629/590 535/622/588
f 536/624/589 537/739/674 538/99/98
f 491/625/587 538/99/98 539/626/100
f 540/627/87 541/817/85 542/23/24
f 542/628/24 543/26/27 534/629/590
f 544/630/591 545/697/644 546/631/592
f 492/632/593 546/631/592 547/78/81
f 549/633/66 550/695/639 544/630/591
f 498/634/594 551/833/64 549/633/66
f 548/87/90 552/92/92 498/634/594
f 493/635/595 553/278/267 554/164/158
f 493/635/595 556/636/39 557/279/268
f 493/635/595 555/167/161 558/205/29
f 494/637/596 559/28/28 560/30/30
f 494/637/596 561/202/201 562/289/273
f 494/637/596 563/287/272 564/33/38
f 495/638/597 565/121/118 566/39/44
f 495/638/597 567/37/42 568/36/41
f 495/638/597 569/245/243 570/53/57
f 496/639/598 571/262/258 572/640/257
f 496/639/598 574/132/127 575/135/130
f 496/639/598 573/641/40 576/129/43
f 497/642/599 577/703/76 578/643/600
f 497/642/599 579/644/601 580/115/113
f 581/119/116 582/74/77 577/73/76
f 498/647/594 552/89/92 583/76/79
f 499/648/602 584/652/606 585/649/603
f 499/648/602 587/654/608 588/651/605
f 499/648/602 586/650/604 589/653/607
f 590/655/609 591/660/614 587/654/608
f 586/650/604 592/680/630 593/656/610
f 589/653/607 593/656/610 594/657/611
f 594/657/611 502/597/570 501/58/62
f 595/57/61 596/658/612 590/655/609
f 593/656/610 505/599/572 502/597/570
f 596/658/612 595/57/61 597/61/65
f 596/658/612 598/75/78 599/93/94
f 596/658/612 600/659/613 591/660/614
f 600/659/613 599/93/94 601/95/96
f 602/661/615 603/666/616 591/660/614
f 603/662/616 602/751/615 604/663/617
f 605/664/618 606/667/619 588/665/605
f 588/651/605 587/654/608 591/660/614
f 606/667/619 605/664/618 607/668/620
f 608/669/621 609/760/690 610/670/622
f 606/667/619 610/670/622 584/671/606
f 610/672/622 609/764/690 611/673/623
f 612/674/624 585/649/603 584/652/606
f 612/674/624 611/673/623 613/675/625
f 614/676/626 615/677/627 585/649/603
f 615/677/627 592/680/630 586/650/604
f 615/677/627 614/676/626 616/678/628
f 617/679/629 618/681/631 592/680/630
f 505/599/572 593/656/610 592/680/630
f 617/679/629 619/683/633 620/682/632
f 618/681/631 620/682/632 503/600/573
f 619/683/633 621/685/635 622/684/634
f 620/682/632 622/684/634 504/598/571
f 621/685/635 623/690/640 624/686/636
f 622/684/634 624/686/636 625/687/637
f 625/687/637 626/63/67 500/64/68
f 625/687/637 624/686/636 627/688/638
f 550/689/639 549/62/66 626/63/67
f 627/688/638 624/686/636 623/690/640
f 628/692/641 629/65/69 630/693/642
f 627/694/638 630/693/642 544/630/591
f 629/65/69 631/67/71 632/696/643
f 630/693/642 632/696/643 545/697/644
f 632/696/643 631/67/71 633/68/72
f 632/696/643 634/112/110 635/698/645
f 636/699/646 546/631/592 545/697/644
f 635/698/645 634/112/110 580/115/113
f 579/644/601 578/643/600 636/699/646
f 637/700/647 547/78/81 546/631/592
f 636/699/646 578/643/600 638/701/648
f 639/702/649 640/79/82 637/700/647
f 638/701/648 578/643/600 577/703/76
f 638/701/648 641/704/650 642/705/651
f 643/69/73 644/71/74 639/702/649
f 641/706/650 645/72/75 646/707/652
f 646/707/652 647/710/653 643/709/73
f 647/710/653 646/707/652 648/109/107
f 649/711/654 511/715/17 523/712/18
f 647/710/653 523/712/18 522/713/581
f 649/711/654 648/109/107 650/159/150
f 651/714/655 506/718/578 511/715/17
f 651/714/655 650/159/150 652/716/656
f 653/717/657 507/719/575 506/718/578
f 653/717/657 652/716/656 654/108/106
f 655/107/105 656/720/658 507/719/575
f 656/720/658 655/107/105 657/721/659
f 658/723/660 659/726/662 660/724/661
f 656/725/658 660/724/661 508/603/576
f 659/726/662 661/728/664 662/727/663
f 660/724/661 662/727/663 509/2/2
f 661/728/664 534/629/590 543/26/27
f 662/727/663 543/26/27 519/3/3
f 661/728/664 659/726/662 663/729/665
f 664/730/666 535/622/588 534/629/590
f 664/730/666 663/729/665 665/731/667
f 666/732/668 667/734/670 535/622/588
f 666/732/668 668/795/714 669/733/669
f 669/733/669 670/799/672 671/735/671
f 667/734/670 671/735/671 536/623/589
f 670/736/672 672/740/675 673/737/673
f 671/738/671 673/737/673 537/739/674
f 672/740/675 674/834/720 675/741/676
f 673/737/673 675/741/676 676/742/677
f 677/100/99 538/99/98 537/739/674
f 675/743/676 678/104/102 679/744/678
f 676/745/677 679/744/678 680/746/679
f 681/748/680 682/835/97 677/747/99
f 679/744/678 683/103/101 684/749/681
f 680/746/679 684/749/681 601/750/96
f 683/103/101 685/752/682 604/663/617
f 684/749/681 604/663/617 602/751/615
f 685/752/682 683/103/101 686/105/103
f 687/753/683 688/754/684 607/668/620
f 685/752/682 607/668/620 605/664/618
f 688/754/684 687/753/683 689/755/685
f 690/756/686 691/758/688 692/757/687
f 688/754/684 692/757/687 608/669/621
f 691/758/688 693/813/728 694/759/689
f 692/757/687 694/759/689 609/760/690
f 694/761/689 693/816/728 695/762/691
f 696/763/692 611/673/623 609/764/690
f 696/763/692 695/762/691 697/593/565
f 698/765/693 613/675/625 611/673/623
f 698/765/693 697/593/565 699/590/562
f 700/589/561 701/766/694 613/675/625
f 701/766/694 616/678/628 614/676/626
f 701/766/694 700/589/561 702/586/558
f 703/585/557 704/767/695 616/678/628
f 704/767/695 619/683/633 617/679/629
f 704/767/695 703/585/557 705/583/555
f 706/768/696 621/685/635 619/683/633
f 706/768/696 705/583/555 707/769/697
f 708/770/698 623/690/640 621/685/635
f 708/770/698 707/769/697 709/771/699
f 710/772/700 628/691/641 623/690/640
f 710/773/700 709/775/699 532/619/586
f 710/773/700 531/618/585 629/65/69
f 707/769/697 711/582/554 712/774/701
f 709/775/699 712/777/701 533/776/702
f 711/582/554 460/579/552 459/578/551
f 712/777/701 459/779/551 458/778/703
f 459/779/551 457/574/549 456/570/545
f 458/778/703 456/570/545 455/780/543
f 454/781/704 529/620/584 533/776/702
f 454/782/704 455/567/543 453/565/541
f 452/783/705 530/784/706 529/617/584
f 452/783/705 453/565/541 451/218/213
f 181/217/212 180/785/707 530/784/706
f 180/785/707 179/188/183 524/613/582
f 181/217/212 178/190/185 177/786/708
f 180/785/707 177/786/708 176/787/709
f 175/106/104 174/187/182 179/188/183
f 177/786/708 173/189/184 172/788/710
f 176/787/709 172/788/710 657/721/659
f 173/189/184 171/792/712 170/789/711
f 172/788/710 170/789/711 658/722/660
f 171/790/712 665/731/667 663/729/665
f 170/791/711 663/729/665 659/726/662
f 171/792/712 173/189/184 133/191/186
f 132/793/209 131/794/713 665/731/667
f 131/794/713 132/793/209 130/208/206
f 121/207/205 120/796/715 668/795/714
f 131/794/713 668/795/714 666/732/668
f 120/796/715 121/207/205 119/166/160
f 118/163/157 117/155/147 111/797/716
f 120/796/715 111/797/716 669/733/669
f 117/155/147 110/154/144 109/798/717
f 111/797/716 109/798/717 670/799/672
f 109/800/717 110/151/144 108/147/141
f 107/801/718 672/740/675 670/736/672
f 107/801/718 108/147/141 106/146/137
f 105/802/719 674/834/720 672/740/675
f 105/803/719 106/142/137 104/139/134
f 103/192/187 102/805/721 674/804/720
f 678/104/102 675/743/676 674/804/720
f 102/805/721 103/192/187 101/806/722
f 102/805/721 100/807/723 686/105/103
f 100/807/723 101/806/722 99/808/724
f 100/807/723 689/755/685 687/753/683
f 101/806/722 63/136/131 62/133/128
f 99/808/724 62/133/128 61/130/125
f 60/809/725 690/756/686 689/755/685
f 60/809/725 61/130/125 59/127/123
f 58/810/726 691/758/688 690/756/686
f 58/810/726 59/127/123 57/811/121
f 58/810/726 56/812/727 693/813/728
f 56/814/727 57/124/121 55/123/120
f 54/815/729 695/762/691 693/816/728
f 55/123/120 53/55/59 52/592/564
f 52/592/564 697/593/565 695/762/691
f 53/55/59 51/52/56 50/591/563
f 474/177/730 485/177/736 483/181/188
f 482/182/229 485/177/736 474/177/730
f 484/235/731 481/11/11 470/11/36
f 469/32/152 480/32/32 484/235/731
f 468/14/16 479/14/34 478/13/33
f 478/31/33 480/32/32 469/32/152
f 465/12/37 476/12/13 477/59/63
f 481/11/11 476/12/13 465/12/37
f 477/59/63 475/185/180 464/185/191
f 475/193/180 482/182/229 471/182/192
f 472/181/568 483/181/188 479/14/34
f 743/177/171 713/177/740 715/181/567
f 716/182/190 713/177/740 743/177/171
f 714/235/733 717/11/735 67/11/230
f 40/32/238 718/32/151 714/235/733
f 726/399/376 318/399/380 317/396/375
f 727/402/379 322/402/383 318/399/380
f 324/404/386 322/402/383 727/402/379
f 326/406/389 324/404/386 728/404/382
f 328/408/392 326/406/389 729/406/385
f 731/410/391 330/410/396 328/408/392
f 732/412/394 332/412/395 330/410/396
f 334/414/399 332/412/395 732/412/394
f 740/448/430 359/448/432 357/445/426
f 724/394/431 316/394/374 359/448/432
f 317/395/375 316/394/374 724/394/431
f 741/475/458 386/475/462 336/417/402
f 336/417/402 334/414/399 733/414/398
f 742/477/460 388/477/461 386/475/462
f 351/480/465 388/478/461 742/478/460
f 352/440/421 351/480/465 735/480/464
f 353/441/422 352/440/421 736/440/472
f 738/443/478 355/443/424 353/441/422
f 739/445/428 357/445/426 355/443/424
f 719/14/15 720/13/737 66/13/495
f 66/31/495 720/31/737 718/32/151
f 24/12/511 722/12/35 721/59/734
f 717/11/735 722/12/35 24/12/511
f 25/59/509 721/59/734 723/185/566
f 723/193/566 716/182/190 26/182/176
f 1/181/175 715/181/567 719/14/15
f 485/177/736 113/177/172 146/181/174
f 715/181/567 713/177/740 474/177/730
f 149/182/535 113/177/172 485/177/736
f 474/177/730 713/177/740 716/182/190
f 484/235/731 124/235/235 194/11/240
f 717/11/735 714/235/733 473/235/732
f 199/32/499 124/235/235 484/235/731
f 473/235/732 714/235/733 718/32/151
l 461 463
l 462 463
