# Blender 5.0.1
# www.blender.org
mtllib ejeTraseroExpresoHowarts.mtl
g polySurface13_Mesh
v 1.561701 0.709012 -1.296422
v 1.561701 0.627083 -1.333837
v 1.561700 0.661179 -1.408498
v 1.561700 0.743108 -1.371082
v 1.561700 0.701069 -1.427657
v 1.561700 0.678713 -1.426921
v 1.561700 0.661181 -1.408502
v 1.671038 0.661181 -1.408502
v 1.675820 0.678713 -1.426921
v 1.677800 0.701069 -1.427657
v 1.561700 0.743110 -1.371086
v 1.561700 0.745549 -1.396397
v 1.561700 0.731465 -1.413775
v 1.677800 0.731465 -1.413775
v 1.675820 0.745549 -1.396397
v 1.671038 0.743110 -1.371086
v 1.793876 0.683245 -1.308189
v 1.783920 0.700643 -1.298066
v 1.759882 0.706203 -1.290270
v 1.793876 0.652849 -1.322070
v 1.783920 0.633807 -1.328590
v 1.759882 0.624274 -1.327686
v 1.759879 0.686945 -1.396732
v 1.752258 0.665560 -1.398120
v 1.733860 0.650371 -1.384831
v 1.759879 0.717342 -1.382850
v 1.752258 0.732396 -1.367597
v 1.733860 0.732300 -1.347415
v 1.561701 0.249219 -0.289616
v 1.759882 0.249219 -0.289616
v 1.783920 0.241673 -0.293062
v 1.793876 0.223453 -0.301384
v 1.793876 0.193056 -0.315264
v 1.783920 0.174837 -0.323586
v 1.759882 0.167290 -0.327032
v 1.561701 0.167290 -0.327032
v 1.561701 -0.602217 1.574771
v 1.561701 -0.684146 1.537354
v 1.561700 -0.718243 1.612016
v 1.561700 -0.636314 1.649432
v 1.561700 -0.718244 1.612020
v 1.561700 -0.720683 1.637331
v 1.561700 -0.706600 1.654709
v 1.677800 -0.706600 1.654709
v 1.675820 -0.720683 1.637331
v 1.671038 -0.718244 1.612020
v 1.561700 -0.676204 1.668589
v 1.561700 -0.653847 1.667853
v 1.561700 -0.636315 1.649434
v 1.671038 -0.636315 1.649434
v 1.675820 -0.653847 1.667853
v 1.677800 -0.676204 1.668589
v 1.793876 -0.627984 1.563003
v 1.783920 -0.608941 1.569522
v 1.759882 -0.599408 1.568619
v 1.793876 -0.658380 1.549122
v 1.783920 -0.675777 1.539000
v 1.759882 -0.681337 1.531203
v 1.759879 -0.692477 1.623782
v 1.752258 -0.707531 1.608531
v 1.733860 -0.707434 1.588348
v 1.759879 -0.662081 1.637664
v 1.752258 -0.640695 1.639053
v 1.733860 -0.625505 1.625763
v 1.561701 -0.142425 0.567964
v 1.759882 -0.142424 0.567964
v 1.783920 -0.149971 0.564518
v 1.793876 -0.168191 0.556198
v 1.793876 -0.198588 0.542316
v 1.783920 -0.216807 0.533996
v 1.759882 -0.224354 0.530549
v 1.561701 -0.224354 0.530549
v 1.561701 0.281612 -1.435277
v 1.561701 0.192460 -1.448095
v 1.561700 0.204141 -1.529338
v 1.561700 0.293293 -1.516519
v 1.561700 0.237017 -1.558958
v 1.561700 0.215775 -1.551954
v 1.561700 0.204142 -1.529340
v 1.671038 0.204142 -1.529340
v 1.675820 0.215775 -1.551954
v 1.677800 0.237017 -1.558958
v 1.561700 0.293293 -1.516523
v 1.561700 0.288503 -1.541496
v 1.561700 0.270093 -1.554202
v 1.677800 0.270093 -1.554202
v 1.675820 0.288503 -1.541496
v 1.671038 0.293293 -1.516523
v 1.793876 0.253574 -1.439309
v 1.783920 0.273118 -1.434497
v 1.759882 0.280650 -1.428583
v 1.793876 0.220498 -1.444063
v 1.783920 0.200390 -1.444953
v 1.759882 0.191498 -1.441402
v 1.759879 0.232179 -1.525306
v 1.752258 0.211269 -1.520613
v 1.733860 0.200439 -1.503583
v 1.759879 0.265255 -1.520551
v 1.752258 0.283997 -1.510157
v 1.733860 0.289590 -1.490766
v 1.561701 0.124094 -0.339715
v 1.759882 0.124094 -0.339716
v 1.783920 0.115882 -0.340895
v 1.793876 0.096056 -0.343747
v 1.793876 0.062980 -0.348502
v 1.783920 0.043154 -0.351353
v 1.759882 0.034943 -0.352534
v 1.561701 0.034943 -0.352534
v 1.561701 -0.987044 1.342693
v 1.561701 -1.055113 1.283712
v 1.561700 -1.108863 1.345743
v 1.561700 -1.040794 1.404725
v 1.561700 -1.108865 1.345745
v 1.561700 -1.118337 1.369344
v 1.561700 -1.109720 1.389986
v 1.677800 -1.109720 1.389986
v 1.675820 -1.118337 1.369344
v 1.671038 -1.108865 1.345745
v 1.561700 -1.084466 1.411868
v 1.561700 -1.062808 1.417460
v 1.561700 -1.040797 1.404727
v 1.671038 -1.040797 1.404727
v 1.675820 -1.062808 1.417460
v 1.677800 -1.084466 1.411868
v 1.793876 -1.008452 1.324144
v 1.783920 -0.992017 1.335765
v 1.759882 -0.982616 1.337584
v 1.793876 -1.033706 1.302261
v 1.783920 -1.047546 1.287647
v 1.759882 -1.050685 1.278600
v 1.759879 -1.087456 1.364291
v 1.752258 -1.097603 1.345416
v 1.733860 -1.091824 1.326079
v 1.759879 -1.062202 1.386175
v 1.752258 -1.042074 1.393532
v 1.733860 -1.023755 1.385060
v 1.561701 -0.281846 0.528852
v 1.759882 -0.281726 0.528713
v 1.783920 -0.288081 0.523378
v 1.793876 -0.303254 0.510301
v 1.793876 -0.328508 0.488419
v 1.783920 -0.343610 0.475262
v 1.759882 -0.349795 0.469731
v 1.561701 -0.349915 0.469869
v 1.561701 -1.489166 0.608311
v 1.561701 -1.514542 0.521891
v 1.561700 -1.593295 0.545015
v 1.561700 -1.567920 0.631436
v 1.561700 -1.593299 0.545016
v 1.561700 -1.614025 0.559749
v 1.561700 -1.617936 0.581773
v 1.677800 -1.617936 0.581773
v 1.675820 -1.614025 0.559749
v 1.671038 -1.593299 0.545016
v 1.561700 -1.608522 0.613835
v 1.561700 -1.593325 0.630248
v 1.561700 -1.567924 0.631436
v 1.671038 -1.567924 0.631436
v 1.675820 -1.593325 0.630248
v 1.677800 -1.608522 0.613835
v 1.793876 -1.497147 0.581132
v 1.783920 -1.489604 0.599793
v 1.759882 -1.482678 0.606406
v 1.793876 -1.506561 0.549070
v 1.783920 -1.510304 0.529294
v 1.759882 -1.508053 0.519986
v 1.759879 -1.585315 0.572194
v 1.752258 -1.583646 0.550828
v 1.733860 -1.568330 0.537685
v 1.759879 -1.575901 0.604256
v 1.752258 -1.562946 0.621329
v 1.733860 -1.542955 0.624105
v 1.561701 -0.849815 0.420582
v 1.759882 -0.847232 0.419822
v 1.783920 -0.851396 0.412398
v 1.793876 -0.857795 0.393401
v 1.793876 -0.867210 0.361338
v 1.783920 -0.872097 0.341899
v 1.759882 -0.872608 0.333401
v 1.561701 -0.875190 0.334161
v 1.536405 -1.157358 0.001711
v 1.536405 -1.086137 -0.105400
v 1.536405 -0.975207 -0.190414
v 1.536405 -0.142513 -0.356411
v 1.536405 0.012433 -0.380952
v 1.536405 0.167380 -0.356411
v 1.536405 0.307160 -0.285190
v 1.536405 0.418089 -0.174260
v 1.536405 0.489310 -0.034479
v 1.536405 0.513852 0.120467
v 1.536405 0.489310 0.275411
v 1.536405 0.418089 0.415192
v 1.536405 0.307160 0.526121
v 1.536405 0.167380 0.597344
v 1.536405 0.012433 0.621885
v 1.536405 -0.142513 0.597344
v 1.536405 -0.975207 0.431346
v 1.536405 -1.086137 0.346334
v 1.536405 -1.157358 0.239221
v 1.536405 -1.181899 0.120467
v 1.536405 0.012433 0.120467
v 1.804783 0.012433 0.120467
v 1.751113 -1.157358 0.001711
v 1.789064 -1.142221 0.005495
v 1.804783 -1.105679 0.014595
v 1.751113 -1.086137 -0.105400
v 1.789064 -1.073261 -0.098239
v 1.804783 -1.042176 -0.080927
v 1.751113 -0.975208 -0.190414
v 1.789064 -0.965852 -0.180546
v 1.804783 -0.943267 -0.156723
v 1.751113 -0.142514 -0.356411
v 1.789064 -0.137595 -0.341275
v 1.804783 -0.125722 -0.304732
v 1.751113 0.012433 -0.380952
v 1.789064 0.012433 -0.365037
v 1.804783 0.012433 -0.326612
v 1.751113 0.167380 -0.356411
v 1.789064 0.162462 -0.341275
v 1.804783 0.150588 -0.304732
v 1.751113 0.307160 -0.285190
v 1.789064 0.297805 -0.272313
v 1.804783 0.275220 -0.241228
v 1.751113 0.418089 -0.174260
v 1.789064 0.405213 -0.164904
v 1.804783 0.374128 -0.142320
v 1.751113 0.489310 -0.034479
v 1.789064 0.474174 -0.029561
v 1.804783 0.437631 -0.017689
v 1.751113 0.513852 0.120467
v 1.789064 0.497936 0.120467
v 1.804783 0.459512 0.120467
v 1.751113 0.489310 0.275411
v 1.789064 0.474174 0.270495
v 1.804783 0.437631 0.258621
v 1.751113 0.418089 0.415192
v 1.789064 0.405213 0.405837
v 1.804783 0.374128 0.383252
v 1.751113 0.307160 0.526121
v 1.789064 0.297804 0.513246
v 1.804783 0.275220 0.482161
v 1.751113 0.167380 0.597344
v 1.789064 0.162462 0.582208
v 1.804783 0.150588 0.545665
v 1.751113 0.012433 0.621885
v 1.789064 0.012433 0.605970
v 1.804783 0.012433 0.567546
v 1.751113 -0.142514 0.597344
v 1.789064 -0.137595 0.582208
v 1.804783 -0.125722 0.545665
v 1.751113 -0.975207 0.431346
v 1.789064 -0.965852 0.421481
v 1.804783 -0.943267 0.397657
v 1.751113 -1.086137 0.346334
v 1.789064 -1.073261 0.339171
v 1.804783 -1.042176 0.321858
v 1.751113 -1.157358 0.239221
v 1.789064 -1.142221 0.235436
v 1.804783 -1.105678 0.226337
v 1.751113 -1.181899 0.120467
v 1.789064 -1.165983 0.120467
v 1.804783 -1.127560 0.120467
v 1.804783 -0.943267 0.120467
v 1.561701 -1.565783 0.075433
v 1.561701 -1.565783 0.165501
v 1.561700 -1.647862 0.165501
v 1.561700 -1.647862 0.075433
v 1.561700 -1.681859 0.137176
v 1.561700 -1.671903 0.157205
v 1.561700 -1.647865 0.165501
v 1.671038 -1.647865 0.165501
v 1.675820 -1.671903 0.157205
v 1.677800 -1.681859 0.137176
v 1.561700 -1.647865 0.075433
v 1.561700 -1.671903 0.083730
v 1.561700 -1.681859 0.103759
v 1.677800 -1.681859 0.103759
v 1.675820 -1.671903 0.083730
v 1.671038 -1.647865 0.075433
v 1.793876 -1.565783 0.103759
v 1.783920 -1.563803 0.083730
v 1.759882 -1.559021 0.075433
v 1.793876 -1.565783 0.137176
v 1.783920 -1.563803 0.157205
v 1.759882 -1.559021 0.165501
v 1.759879 -1.647862 0.137176
v 1.752258 -1.640241 0.157205
v 1.733860 -1.621843 0.165501
v 1.759879 -1.647862 0.103759
v 1.752258 -1.640241 0.083730
v 1.733860 -1.621843 0.075433
v 1.561701 -1.130205 0.165501
v 1.759882 -1.126104 0.165501
v 1.783920 -1.129004 0.157205
v 1.793876 -1.130205 0.137176
v 1.793876 -1.130205 0.103759
v 1.783920 -1.129004 0.083730
v 1.759882 -1.126104 0.075433
v 1.561701 -1.130205 0.075433
v 1.803830 -0.362800 -0.001453
v 1.803830 -0.306760 -0.111440
v 1.803830 -0.219474 -0.198725
v 1.803830 -0.109487 -0.254768
v 1.803830 0.012433 -0.274074
v 1.803830 0.134354 -0.254768
v 1.803830 0.244340 -0.198725
v 1.803830 0.331626 -0.111440
v 1.803830 0.387667 -0.001453
v 1.803830 0.406978 0.120467
v 1.803830 0.387667 0.242392
v 1.803830 0.331626 0.352375
v 1.803830 0.244341 0.439661
v 1.803830 0.134354 0.495702
v 1.803830 0.012433 0.515015
v 1.803830 -0.109487 0.495702
v 1.803830 -0.219474 0.439661
v 1.803830 -0.306759 0.352375
v 1.803830 -0.362800 0.242392
v 1.803830 -0.382111 0.120467
v 1.831245 -0.362801 -0.001453
v 1.850627 -0.355070 0.001059
v 1.831245 -0.306760 -0.111440
v 1.850627 -0.300184 -0.106660
v 1.831245 -0.219474 -0.198725
v 1.850627 -0.214696 -0.192149
v 1.831245 -0.109488 -0.254768
v 1.850627 -0.106976 -0.247033
v 1.831245 0.012433 -0.274074
v 1.850627 0.012433 -0.265946
v 1.831245 0.134354 -0.254768
v 1.850627 0.131843 -0.247033
v 1.831245 0.244340 -0.198725
v 1.850627 0.239563 -0.192149
v 1.831245 0.331626 -0.111440
v 1.850627 0.325050 -0.106660
v 1.831245 0.387667 -0.001453
v 1.850627 0.379937 0.001059
v 1.831245 0.406978 0.120467
v 1.850627 0.398849 0.120467
v 1.831245 0.387667 0.242392
v 1.850627 0.379937 0.239877
v 1.831245 0.331626 0.352375
v 1.850627 0.325050 0.347599
v 1.831245 0.244341 0.439661
v 1.850627 0.239563 0.433084
v 1.831245 0.134354 0.495702
v 1.850627 0.131843 0.487972
v 1.831245 0.012434 0.515015
v 1.850627 0.012433 0.506886
v 1.831245 -0.109487 0.495702
v 1.850627 -0.106975 0.487970
v 1.831245 -0.219474 0.439661
v 1.850627 -0.214696 0.433084
v 1.831245 -0.306759 0.352375
v 1.850627 -0.300184 0.347599
v 1.831245 -0.362800 0.242392
v 1.850627 -0.355070 0.239877
v 1.831245 -0.382111 0.120467
v 1.850627 -0.373982 0.120467
v 1.844709 -0.244670 -0.066324
v 1.844709 -0.289809 0.022264
v 1.844709 -0.174363 -0.136635
v 1.844709 -0.085771 -0.181772
v 1.844709 0.012433 -0.197325
v 1.844709 0.110638 -0.181772
v 1.844709 0.199230 -0.136635
v 1.844709 0.269536 -0.066324
v 1.844709 0.314676 0.022264
v 1.844709 0.330230 0.120467
v 1.844709 0.314676 0.218672
v 1.844709 0.269536 0.307266
v 1.844709 0.199230 0.377573
v 1.844709 0.110638 0.422714
v 1.844709 0.012434 0.438267
v 1.844709 -0.085771 0.422714
v 1.844709 -0.174363 0.377573
v 1.844709 -0.244669 0.307266
v 1.844709 -0.289809 0.218672
v 1.844709 -0.305363 0.120467
v 1.860389 -0.339141 0.006233
v 1.858794 -0.308309 0.016253
v 1.860389 -0.357234 0.120467
v 1.858794 -0.324815 0.120467
v 1.860389 -0.286635 -0.096811
v 1.858794 -0.260407 -0.077759
v 1.860389 -0.204852 -0.178601
v 1.858794 -0.185797 -0.152370
v 1.860389 -0.101800 -0.231107
v 1.858794 -0.091782 -0.200275
v 1.860388 0.012433 -0.249200
v 1.858794 0.012433 -0.216778
v 1.860388 0.126667 -0.231107
v 1.858794 0.116649 -0.200275
v 1.860388 0.229719 -0.178601
v 1.858794 0.210663 -0.152370
v 1.860389 0.311501 -0.096811
v 1.858794 0.285273 -0.077760
v 1.860389 0.364008 0.006233
v 1.858794 0.333176 0.016253
v 1.860389 0.382101 0.120467
v 1.858794 0.349682 0.120467
v 1.860389 0.364008 0.234703
v 1.858794 0.333176 0.224684
v 1.860389 0.311500 0.337753
v 1.858794 0.285273 0.318697
v 1.860389 0.229719 0.419535
v 1.858794 0.210663 0.393311
v 1.860388 0.126668 0.472046
v 1.858794 0.116649 0.441214
v 1.860389 0.012434 0.490140
v 1.858795 0.012434 0.457719
v 1.860388 -0.101801 0.472044
v 1.858794 -0.091782 0.441211
v 1.860389 -0.204852 0.419535
v 1.858794 -0.185796 0.393311
v 1.860389 -0.286633 0.337753
v 1.858794 -0.260406 0.318697
v 1.860389 -0.339141 0.234703
v 1.858794 -0.308309 0.224684
v 1.835594 -0.185481 -0.023319
v 1.835594 -0.220228 0.044875
v 1.835594 0.012433 0.120468
v 1.835594 -0.131359 -0.077443
v 1.835594 -0.063163 -0.112189
v 1.835594 0.012433 -0.124162
v 1.835594 0.088030 -0.112189
v 1.835594 0.156226 -0.077443
v 1.835594 0.210347 -0.023319
v 1.835594 0.245096 0.044875
v 1.835594 0.257068 0.120468
v 1.835594 0.245096 0.196066
v 1.835594 0.210347 0.264263
v 1.835594 0.156226 0.318384
v 1.835594 0.088030 0.353136
v 1.835594 0.012434 0.365108
v 1.835594 -0.063163 0.353136
v 1.835594 -0.131359 0.318384
v 1.835594 -0.185480 0.264263
v 1.835594 -0.220228 0.196066
v 1.835594 -0.232201 0.120468
v 1.852539 -0.230770 -0.056225
v 1.850225 -0.204023 -0.036791
v 1.852539 -0.273469 0.027574
v 1.850225 -0.242026 0.037794
v 1.852539 -0.164264 -0.122734
v 1.850226 -0.144831 -0.095986
v 1.852539 -0.080462 -0.165434
v 1.850226 -0.070246 -0.133989
v 1.852539 0.012433 -0.180144
v 1.850225 0.012433 -0.147080
v 1.852539 0.105329 -0.165434
v 1.850226 0.095112 -0.133989
v 1.852539 0.189131 -0.122734
v 1.850226 0.169698 -0.095986
v 1.852540 0.255637 -0.056225
v 1.850226 0.228889 -0.036791
v 1.852539 0.298337 0.027574
v 1.850226 0.266893 0.037793
v 1.852539 0.313050 0.120467
v 1.850226 0.279988 0.120467
v 1.852539 0.298337 0.213365
v 1.850225 0.266893 0.203150
v 1.852539 0.255637 0.297167
v 1.850226 0.228889 0.277734
v 1.852539 0.189131 0.363675
v 1.850225 0.169698 0.336927
v 1.852539 0.105329 0.406376
v 1.850225 0.095112 0.374935
v 1.852539 0.012434 0.421087
v 1.850226 0.012434 0.388025
v 1.852539 -0.080462 0.406376
v 1.850225 -0.070245 0.374935
v 1.852539 -0.164264 0.363675
v 1.850225 -0.144831 0.336927
v 1.852539 -0.230770 0.297167
v 1.850226 -0.204022 0.277734
v 1.852539 -0.273470 0.213365
v 1.850225 -0.242026 0.203150
v 1.852539 -0.288183 0.120467
v 1.850225 -0.255121 0.120467
v 1.561701 1.539408 -0.280959
v 1.561701 1.514033 -0.367379
v 1.561700 1.592787 -0.390503
v 1.561700 1.618162 -0.304083
v 1.561700 1.633388 -0.372902
v 1.561700 1.618191 -0.389316
v 1.561700 1.592790 -0.390504
v 1.671038 1.592790 -0.390504
v 1.675820 1.618191 -0.389316
v 1.677800 1.633388 -0.372902
v 1.561700 1.618165 -0.304084
v 1.561700 1.638892 -0.318815
v 1.561700 1.642802 -0.340841
v 1.677800 1.642802 -0.340841
v 1.675820 1.638892 -0.318815
v 1.671038 1.618165 -0.304084
v 1.793876 1.531427 -0.308138
v 1.783920 1.535171 -0.288361
v 1.759882 1.532920 -0.279054
v 1.793876 1.522013 -0.340200
v 1.783920 1.514470 -0.358861
v 1.759882 1.507545 -0.365473
v 1.759879 1.600767 -0.363324
v 1.752258 1.587812 -0.380395
v 1.733860 1.567822 -0.383172
v 1.759879 1.610181 -0.331262
v 1.752258 1.608512 -0.309896
v 1.733860 1.593197 -0.296753
v 1.561701 0.477415 0.030871
v 1.759882 0.477415 0.030871
v 1.783920 0.475078 0.022911
v 1.793876 0.469435 0.003692
v 1.793876 0.460020 -0.028371
v 1.783920 0.454377 -0.047589
v 1.759882 0.452040 -0.055549
v 1.561701 0.452040 -0.055549
v -1.536405 0.131190 -1.049324
v -1.536405 0.238299 -0.978104
v -1.536405 0.323314 -0.867174
v -1.536405 0.489311 -0.034481
v -1.536405 0.513852 0.120468
v -1.536405 0.489310 0.275414
v -1.536405 0.418089 0.415193
v -1.536405 0.307159 0.526122
v -1.536405 0.167379 0.597344
v -1.536405 0.012433 0.621885
v -1.536405 -0.142511 0.597344
v -1.536405 -0.282293 0.526124
v -1.536405 -0.393222 0.415193
v -1.536405 -0.464444 0.275414
v -1.536405 -0.488985 0.120467
v -1.536405 -0.464445 -0.034479
v -1.536405 -0.298446 -0.867174
v -1.536405 -0.213435 -0.978102
v -1.536405 -0.106321 -1.049326
v -1.536405 0.012433 -1.073864
v -1.536405 0.012434 0.120467
v -1.804783 0.012434 0.120467
v -1.751113 0.131189 -1.049324
v -1.789064 0.127404 -1.034188
v -1.804783 0.118304 -0.997643
v -1.751113 0.238300 -0.978105
v -1.789064 0.231139 -0.965227
v -1.804783 0.213828 -0.934142
v -1.751113 0.323314 -0.867174
v -1.789064 0.313446 -0.857818
v -1.804783 0.289622 -0.835233
v -1.751113 0.489310 -0.034479
v -1.789064 0.474175 -0.029561
v -1.804783 0.437631 -0.017689
v -1.751113 0.513852 0.120467
v -1.789064 0.497938 0.120467
v -1.804783 0.459512 0.120467
v -1.751113 0.489310 0.275414
v -1.789064 0.474175 0.270496
v -1.804783 0.437633 0.258622
v -1.751113 0.418089 0.415193
v -1.789064 0.405212 0.405838
v -1.804783 0.374127 0.383255
v -1.751113 0.307160 0.526124
v -1.789064 0.297803 0.513246
v -1.804783 0.275220 0.482162
v -1.751113 0.167378 0.597344
v -1.789064 0.162461 0.582208
v -1.804783 0.150588 0.545665
v -1.751113 0.012433 0.621885
v -1.789064 0.012433 0.605970
v -1.804783 0.012433 0.567546
v -1.751113 -0.142513 0.597344
v -1.789064 -0.137594 0.582208
v -1.804783 -0.125722 0.545665
v -1.751113 -0.282292 0.526122
v -1.789064 -0.272937 0.513248
v -1.804783 -0.250352 0.482162
v -1.751113 -0.393222 0.415193
v -1.789064 -0.380345 0.405838
v -1.804783 -0.349261 0.383254
v -1.751113 -0.464444 0.275414
v -1.789064 -0.449308 0.270496
v -1.804783 -0.412765 0.258621
v -1.751113 -0.488985 0.120467
v -1.789064 -0.473068 0.120467
v -1.804783 -0.434646 0.120467
v -1.751113 -0.464444 -0.034479
v -1.789064 -0.449308 -0.029561
v -1.804783 -0.412765 -0.017687
v -1.751113 -0.298446 -0.867174
v -1.789064 -0.288581 -0.857817
v -1.804783 -0.264758 -0.835234
v -1.751113 -0.213435 -0.978102
v -1.789064 -0.206270 -0.965228
v -1.804783 -0.188959 -0.934141
v -1.751113 -0.106321 -1.049324
v -1.789064 -0.102536 -1.034189
v -1.804783 -0.093437 -0.997643
v -1.751113 0.012433 -1.073864
v -1.789064 0.012433 -1.057950
v -1.804783 0.012432 -1.019526
v -1.804783 0.012433 -0.835233
v 1.809583 -1.852576 -0.485512
v 1.809583 -1.574038 -1.032172
v 1.809583 -1.140206 -1.466004
v 1.809583 -0.593545 -1.744542
v 1.809583 0.012433 -1.840519
v 1.809583 0.618411 -1.744542
v 1.809583 1.165071 -1.466004
v 1.809583 1.598904 -1.032172
v 1.809583 1.877441 -0.485511
v 1.809583 1.973418 0.120467
v 1.809583 1.877441 0.726443
v 1.809583 1.598903 1.273103
v 1.809583 1.165072 1.706936
v 1.809583 0.618411 1.985474
v 1.809583 0.012433 2.081451
v 1.809583 -0.593544 1.985474
v 1.809583 -1.140205 1.706937
v 1.809583 -1.574037 1.273104
v 1.809583 -1.852575 0.726442
v 1.809583 -1.948552 0.120465
v 1.813718 -1.754860 -0.453764
v 1.813718 -1.490917 -0.971782
v 1.813718 -1.079814 -1.382883
v 1.813718 -0.561795 -1.646826
v 1.813718 0.012433 -1.737774
v 1.813718 0.586662 -1.646826
v 1.813718 1.104680 -1.382882
v 1.813718 1.515782 -0.971781
v 1.813718 1.779725 -0.453763
v 1.813718 1.870674 0.120467
v 1.813718 1.779725 0.694695
v 1.813718 1.515782 1.212714
v 1.813718 1.104680 1.623815
v 1.813718 0.586661 1.887757
v 1.813718 0.012433 1.978706
v 1.813718 -0.561795 1.887758
v 1.813718 -1.079813 1.623816
v 1.813718 -1.490915 1.212713
v 1.813718 -1.754859 0.694694
v 1.813718 -1.845808 0.120467
v 1.809699 -1.652668 -0.420558
v 1.809700 -1.403987 -0.908622
v 1.809700 -1.016656 -1.295953
v 1.809700 -0.528591 -1.544634
v 1.809700 0.012433 -1.630325
v 1.809700 0.553457 -1.544634
v 1.809700 1.041522 -1.295953
v 1.809700 1.428852 -0.908623
v 1.809700 1.677534 -0.420557
v 1.809699 1.763224 0.120467
v 1.809699 1.677533 0.661491
v 1.809699 1.428852 1.149555
v 1.809700 1.041522 1.536885
v 1.809700 0.553457 1.785568
v 1.809700 0.012433 1.871257
v 1.809700 -0.528591 1.785567
v 1.809700 -1.016655 1.536885
v 1.809700 -1.403986 1.149556
v 1.809699 -1.652667 0.661491
v 1.809699 -1.738357 0.120467
v 1.635412 -1.868005 -0.490524
v 1.635412 -1.587163 -1.041710
v 1.635412 -1.149742 -1.479129
v 1.635412 -0.598559 -1.759971
v 1.635412 0.012433 -1.856743
v 1.635412 0.623424 -1.759973
v 1.635412 1.174607 -1.479129
v 1.635412 1.612029 -1.041707
v 1.635412 1.892870 -0.490524
v 1.635412 1.989642 0.120467
v 1.635412 1.892870 0.731457
v 1.635412 1.612029 1.282638
v 1.635412 1.174607 1.720061
v 1.635412 0.623424 2.000904
v 1.635412 0.012433 2.097675
v 1.635412 -0.598558 2.000902
v 1.635412 -1.149741 1.720063
v 1.635412 -1.587162 1.282640
v 1.635412 -1.868004 0.731458
v 1.635412 -1.964776 0.120466
v 1.514510 -1.947741 -0.516432
v 1.514510 -1.654991 -1.090987
v 1.607989 -1.656350 -1.091974
v 1.607989 -1.949339 -0.516951
v 1.514510 -1.199021 -1.546957
v 1.607989 -1.200009 -1.548316
v 1.514510 -0.624466 -1.839709
v 1.607989 -0.624985 -1.841307
v 1.514510 0.012433 -1.940582
v 1.607989 0.012433 -1.942261
v 1.514510 0.649332 -1.839706
v 1.607989 0.649851 -1.841306
v 1.514510 1.223887 -1.546956
v 1.607989 1.224874 -1.548315
v 1.514510 1.679856 -1.090987
v 1.607989 1.681216 -1.091975
v 1.514510 1.972607 -0.516433
v 1.607989 1.974204 -0.516952
v 1.514510 2.073481 0.120465
v 1.607989 2.075162 0.120468
v 1.514510 1.972607 0.757366
v 1.607989 1.974204 0.757885
v 1.514510 1.679856 1.331919
v 1.607989 1.681216 1.332908
v 1.514510 1.223887 1.787889
v 1.607989 1.224874 1.789248
v 1.514510 0.649332 2.080641
v 1.607989 0.649852 2.082238
v 1.514510 0.012433 2.181515
v 1.607989 0.012433 2.183195
v 1.514510 -0.624466 2.080640
v 1.607989 -0.624985 2.082238
v 1.514510 -1.199020 1.787890
v 1.607989 -1.200008 1.789249
v 1.514510 -1.654990 1.331920
v 1.607989 -1.656349 1.332907
v 1.514510 -1.947740 0.757365
v 1.607989 -1.949338 0.757883
v 1.514510 -2.048615 0.120466
v 1.607989 -2.050295 0.120467
v 1.614666 -1.603844 -1.053827
v 1.614666 -1.887614 -0.496895
v 1.614666 -1.985394 0.120467
v 1.614666 -1.887613 0.737829
v 1.614666 -1.603842 1.294756
v 1.614666 -1.161860 1.736741
v 1.614666 -0.604929 2.020513
v 1.614666 0.012433 2.118294
v 1.614666 0.629795 2.020513
v 1.614666 1.186726 1.736742
v 1.614666 1.628709 1.294759
v 1.614666 1.912480 0.737829
v 1.614666 2.010260 0.120464
v 1.614666 1.912480 -0.496897
v 1.614666 1.628709 -1.053826
v 1.614666 1.186726 -1.495810
v 1.614666 0.629796 -1.779580
v 1.614666 0.012433 -1.877362
v 1.614666 -0.604930 -1.779581
v 1.614666 -1.161861 -1.495810
v 1.561250 -1.664875 -1.098167
v 1.561250 -1.206202 -1.556840
v 1.561249 -0.628242 -1.851326
v 1.561249 0.012433 -1.952800
v 1.561249 0.653107 -1.851326
v 1.561249 1.231068 -1.556840
v 1.561249 1.689741 -1.098168
v 1.561249 1.984226 -0.520208
v 1.561249 2.085698 0.120465
v 1.561249 1.984226 0.761141
v 1.561249 1.689740 1.339100
v 1.561249 1.231068 1.797773
v 1.561249 0.653107 2.092261
v 1.561249 0.012433 2.193733
v 1.561249 -0.628241 2.092260
v 1.561249 -1.206201 1.797773
v 1.561249 -1.664873 1.339101
v 1.561249 -1.959359 0.761140
v 1.561249 -2.060832 0.120467
v 1.561250 -1.959360 -0.520209
v 1.764026 -1.866407 -0.490007
v 1.764026 -1.963095 0.120465
v 1.764026 -1.866406 0.730939
v 1.764026 -1.585803 1.281652
v 1.764026 -1.148753 1.718704
v 1.764026 -0.598039 1.999306
v 1.764026 0.012433 2.095994
v 1.764026 0.622905 1.999306
v 1.764026 1.173620 1.718703
v 1.764026 1.610669 1.281652
v 1.764026 1.891273 0.730939
v 1.764026 1.987962 0.120467
v 1.764026 1.891273 -0.490004
v 1.764026 1.610669 -1.040720
v 1.764026 1.173620 -1.477771
v 1.764026 0.622905 -1.758372
v 1.764026 0.012433 -1.855064
v 1.764026 -0.598039 -1.758373
v 1.764026 -1.148754 -1.477770
v 1.764026 -1.585804 -1.040721
v 1.751370 -1.637942 -0.415773
v 1.751370 -1.391460 -0.899518
v 1.751370 -1.007555 -1.283425
v 1.751370 -0.523806 -1.529909
v 1.751370 0.012433 -1.614840
v 1.751370 0.548672 -1.529908
v 1.751370 1.032421 -1.283425
v 1.751370 1.416325 -0.899521
v 1.751370 1.662807 -0.415774
v 1.751370 1.747739 0.120468
v 1.751370 1.662807 0.656707
v 1.751370 1.416325 1.140456
v 1.751370 1.032421 1.524359
v 1.751370 0.548672 1.770840
v 1.751370 0.012433 1.855773
v 1.751370 -0.523806 1.770840
v 1.751370 -1.007554 1.524360
v 1.751370 -1.391459 1.140456
v 1.751370 -1.637941 0.656706
v 1.751370 -1.722873 0.120467
v 1.587958 1.689740 -1.098168
v 1.607989 1.470890 -1.337990
v 1.561249 1.859584 -0.820704
v 1.587958 1.984226 -0.520207
v 1.607989 1.850196 -0.815921
v 1.561249 2.060015 -0.203839
v 1.587958 2.085698 0.120467
v 1.607989 2.049609 -0.202191
v 1.561249 2.060015 0.444772
v 1.587958 1.984226 0.761141
v 1.607989 2.049609 0.443124
v 1.561249 1.859584 1.061636
v 1.587958 1.689740 1.339101
v 1.607989 1.850196 1.056853
v 1.561249 1.478341 1.586372
v 1.587958 1.231068 1.797771
v 1.607989 1.470891 1.578923
v 1.561249 0.953604 1.967616
v 1.587958 0.653107 2.092259
v 1.607989 0.948821 1.958229
v 1.561249 0.336738 2.168048
v 1.587958 0.012433 2.193731
v 1.607989 0.335090 2.157643
v 1.561249 -0.311872 2.168048
v 1.587958 -0.628241 2.092259
v 1.607989 -0.310224 2.157643
v 1.561249 -0.928737 1.967617
v 1.587958 -1.206202 1.797772
v 1.607989 -0.923954 1.958229
v 1.561249 -1.453474 1.586373
v 1.587958 -1.664873 1.339101
v 1.607989 -1.446024 1.578923
v 1.561249 -1.834718 1.061636
v 1.587958 -1.959359 0.761141
v 1.607989 -1.825330 1.056854
v 1.561249 -2.035149 0.444772
v 1.587958 -2.060832 0.120467
v 1.607989 -2.024743 0.443124
v 1.561249 -2.035150 -0.203838
v 1.607989 -2.024744 -0.202190
v 1.507833 -1.625339 -1.069444
v 1.514510 -1.823834 -0.815158
v 1.507833 -1.912884 -0.505107
v 1.614666 -1.767508 -0.786457
v 1.614666 -1.919275 -0.507183
v 1.614666 -1.630777 -1.073394
v 1.507833 -1.177478 -1.517304
v 1.514510 -1.444837 -1.336802
v 1.614666 -1.400136 -1.292101
v 1.614666 -1.181429 -1.522742
v 1.507833 -0.613141 -1.804850
v 1.514510 -0.923192 -1.715800
v 1.614666 -0.894492 -1.659474
v 1.614666 -0.615217 -1.811242
v 1.507833 0.012433 -1.903931
v 1.514510 -0.309962 -1.915051
v 1.614666 -0.300072 -1.852613
v 1.614666 0.012433 -1.910651
v 1.507833 0.638006 -1.804849
v 1.514510 0.334827 -1.915051
v 1.614666 0.324938 -1.852613
v 1.614666 0.640083 -1.811242
v 1.507833 1.202344 -1.517305
v 1.514510 0.948057 -1.715799
v 1.614666 0.919358 -1.659475
v 1.614666 1.206294 -1.522743
v 1.507833 1.650205 -1.069444
v 1.514510 1.469702 -1.336803
v 1.614666 1.425002 -1.292102
v 1.614666 1.655642 -1.073394
v 1.507833 1.937749 -0.505106
v 1.514510 1.848700 -0.815157
v 1.614666 1.792373 -0.786457
v 1.614666 1.944141 -0.507183
v 1.507833 2.036830 0.120467
v 1.514510 2.047950 -0.201927
v 1.614666 1.985512 -0.192038
v 1.614666 2.043550 0.120467
v 1.507833 1.937749 0.746039
v 1.514510 2.047950 0.442860
v 1.614666 1.985512 0.432972
v 1.614666 1.944141 0.748117
v 1.507833 1.650205 1.310375
v 1.514510 1.848699 1.056089
v 1.614666 1.792373 1.027390
v 1.614666 1.655642 1.314328
v 1.507833 1.202344 1.758236
v 1.514510 1.469703 1.577734
v 1.614666 1.425002 1.533034
v 1.614666 1.206294 1.763673
v 1.507833 0.638006 2.045782
v 1.514510 0.948058 1.956731
v 1.614666 0.919358 1.900404
v 1.614666 0.640083 2.052175
v 1.507833 0.012433 2.144862
v 1.514510 0.334827 2.155983
v 1.614666 0.324938 2.093545
v 1.614666 0.012433 2.151585
v 1.507833 -0.613140 2.045782
v 1.514510 -0.309961 2.155983
v 1.614666 -0.300072 2.093545
v 1.614666 -0.615217 2.052175
v 1.507833 -1.177477 1.758237
v 1.514510 -0.923191 1.956732
v 1.614666 -0.894491 1.900405
v 1.614666 -1.181428 1.763674
v 1.507833 -1.625338 1.310375
v 1.514510 -1.444836 1.577734
v 1.614666 -1.400135 1.533034
v 1.614666 -1.630775 1.314328
v 1.507833 -1.912883 0.746039
v 1.514510 -1.823833 1.056089
v 1.614666 -1.767507 1.027391
v 1.614666 -1.919274 0.748117
v 1.507833 -2.011964 0.120467
v 1.514510 -2.023084 0.442861
v 1.614666 -1.960645 0.432972
v 1.614666 -2.018684 0.120467
v 1.514510 -2.023084 -0.201927
v 1.614666 -1.960646 -0.192038
v 1.614666 -1.872799 -0.492082
v 1.614666 -1.591241 -1.044670
v 1.614666 -1.969816 0.120467
v 1.614666 -1.872798 0.733016
v 1.614666 -1.591240 1.285602
v 1.614666 -1.152704 1.724140
v 1.614666 -0.600115 2.005697
v 1.614666 0.012433 2.102715
v 1.614666 0.624982 2.005697
v 1.614666 1.177570 1.724140
v 1.614666 1.616106 1.285602
v 1.614666 1.897664 0.733016
v 1.614666 1.994682 0.120467
v 1.614666 1.897664 -0.492082
v 1.614666 1.616107 -1.044670
v 1.614666 1.177570 -1.483208
v 1.614666 0.624982 -1.764766
v 1.614666 0.012433 -1.861783
v 1.614666 -0.600116 -1.764765
v 1.614666 -1.152704 -1.483207
v 1.534541 -1.206202 -1.556839
v 1.534541 -1.664875 -1.098168
v 1.534541 -0.628242 -1.851326
v 1.534541 0.012433 -1.952798
v 1.534541 0.653107 -1.851326
v 1.534541 1.231068 -1.556840
v 1.534541 1.689740 -1.098168
v 1.534541 1.984226 -0.520207
v 1.534541 2.085698 0.120467
v 1.534541 1.984226 0.761141
v 1.534541 1.689740 1.339101
v 1.534541 1.231068 1.797771
v 1.534541 0.653107 2.092259
v 1.534541 0.012433 2.193731
v 1.534541 -0.628241 2.092259
v 1.534541 -1.206202 1.797772
v 1.534541 -1.664873 1.339101
v 1.534541 -1.959359 0.761141
v 1.534541 -2.060832 0.120467
v 1.534541 -1.959360 -0.520207
v 1.797177 -1.866407 -0.490004
v 1.797177 -1.963095 0.120467
v 1.797177 -1.866406 0.730938
v 1.797178 -1.585803 1.281651
v 1.797177 -1.148753 1.718702
v 1.797178 -0.598039 1.999305
v 1.797177 0.012433 2.095994
v 1.797177 0.622905 1.999305
v 1.797177 1.173620 1.718701
v 1.797177 1.610669 1.281651
v 1.797178 1.891272 0.730938
v 1.797177 1.987962 0.120467
v 1.797178 1.891272 -0.490004
v 1.797177 1.610669 -1.040720
v 1.797177 1.173619 -1.477769
v 1.797177 0.622905 -1.758373
v 1.797177 0.012433 -1.855062
v 1.797178 -0.598039 -1.758372
v 1.797177 -1.148754 -1.477769
v 1.797178 -1.585804 -1.040720
v 1.797643 -1.391460 -0.899521
v 1.797643 -1.637942 -0.415772
v 1.797643 -1.007555 -1.283425
v 1.797643 -0.523806 -1.529907
v 1.797643 0.012433 -1.614841
v 1.797643 0.548672 -1.529909
v 1.797643 1.032421 -1.283425
v 1.797643 1.416325 -0.899522
v 1.797643 1.662807 -0.415774
v 1.797643 1.747738 0.120468
v 1.797643 1.662807 0.656706
v 1.797643 1.416325 1.140457
v 1.797643 1.032421 1.524358
v 1.797643 0.548672 1.770840
v 1.797643 0.012433 1.855773
v 1.797643 -0.523806 1.770840
v 1.797643 -1.007554 1.524359
v 1.797643 -1.391459 1.140455
v 1.797643 -1.637941 0.656705
v 1.797643 -1.722872 0.120467
v 1.635412 -1.749139 -0.777099
v 1.764026 -1.747642 -0.776336
v 1.635412 -1.385558 -1.277525
v 1.764026 -1.384370 -1.276336
v 1.635412 -0.885133 -1.641105
v 1.764026 -0.884370 -1.639607
v 1.635412 -0.296847 -1.832250
v 1.764026 -0.296584 -1.830590
v 1.635412 0.321713 -1.832250
v 1.764026 0.321450 -1.830590
v 1.635412 0.909998 -1.641106
v 1.764026 0.909235 -1.639608
v 1.635412 1.410424 -1.277525
v 1.764026 1.409235 -1.276336
v 1.635412 1.774004 -0.777099
v 1.764026 1.772507 -0.776335
v 1.635412 1.965150 -0.188813
v 1.764026 1.963490 -0.188549
v 1.635412 1.965150 0.429746
v 1.764026 1.963490 0.429483
v 1.635412 1.774004 1.018031
v 1.764026 1.772507 1.017267
v 1.635412 1.410423 1.518456
v 1.764026 1.409235 1.517267
v 1.635412 0.909999 1.882036
v 1.764026 0.909236 1.880539
v 1.635412 0.321713 2.073183
v 1.764026 0.321450 2.071523
v 1.635412 -0.296847 2.073183
v 1.764026 -0.296584 2.071523
v 1.635412 -0.885132 1.882037
v 1.764026 -0.884369 1.880539
v 1.635412 -1.385557 1.518456
v 1.764026 -1.384369 1.517267
v 1.635412 -1.749137 1.018032
v 1.764026 -1.747640 1.017267
v 1.635412 -1.940283 0.429747
v 1.764026 -1.938623 0.429483
v 1.635412 -1.940283 -0.188813
v 1.764026 -1.938624 -0.188549
v 1.809583 -1.734685 -0.769733
v 1.813718 -1.643146 -0.723094
v 1.809583 -1.374087 -1.266053
v 1.813718 -1.301442 -1.193408
v 1.809583 -0.877768 -1.626650
v 1.813718 -0.831127 -1.535112
v 1.809583 -0.294309 -1.816227
v 1.813718 -0.278238 -1.714755
v 1.809583 0.319175 -1.816227
v 1.813718 0.303104 -1.714755
v 1.809583 0.902634 -1.626650
v 1.813718 0.855993 -1.535112
v 1.809583 1.398953 -1.266053
v 1.813718 1.326307 -1.193408
v 1.809583 1.759550 -0.769733
v 1.813718 1.668011 -0.723093
v 1.809583 1.949127 -0.186275
v 1.813718 1.847655 -0.170205
v 1.809583 1.949127 0.427209
v 1.813718 1.847655 0.411138
v 1.809583 1.759550 1.010666
v 1.813718 1.668011 0.964025
v 1.809583 1.398953 1.506984
v 1.813718 1.326308 1.434339
v 1.809583 0.902633 1.867582
v 1.813718 0.855993 1.776044
v 1.809583 0.319175 2.057160
v 1.813718 0.303104 1.955689
v 1.809583 -0.294309 2.057160
v 1.813718 -0.278237 1.955689
v 1.809583 -0.877767 1.867582
v 1.813718 -0.831126 1.776044
v 1.809583 -1.374086 1.506984
v 1.813718 -1.301441 1.434339
v 1.809583 -1.734683 1.010666
v 1.813718 -1.643145 0.964025
v 1.809583 -1.924260 0.427209
v 1.813718 -1.822789 0.411138
v 1.809583 -1.924261 -0.186275
v 1.813718 -1.822790 -0.170204
v 1.809699 -1.547414 -0.674316
v 1.809699 -1.225469 -1.117433
v 1.809699 -0.782349 -1.439379
v 1.809699 -0.261430 -1.608637
v 1.809699 0.286296 -1.608636
v 1.809699 0.807215 -1.439379
v 1.809699 1.250334 -1.117435
v 1.809699 1.572279 -0.674316
v 1.809699 1.741535 -0.153397
v 1.809699 1.741535 0.394330
v 1.809699 1.572279 0.915248
v 1.809699 1.250334 1.358367
v 1.809699 0.807215 1.680313
v 1.809699 0.286296 1.849568
v 1.809699 -0.261430 1.849568
v 1.809699 -0.782348 1.680313
v 1.809699 -1.225467 1.358367
v 1.809699 -1.547413 0.915246
v 1.809699 -1.716669 0.394329
v 1.809699 -1.716670 -0.153397
v 1.751370 -1.533618 -0.667286
v 1.751370 -1.214520 -1.106485
v 1.751370 -0.775319 -1.425584
v 1.751370 -0.259008 -1.593344
v 1.751370 0.283874 -1.593344
v 1.751370 0.800185 -1.425584
v 1.751370 1.239386 -1.106486
v 1.751370 1.558483 -0.667286
v 1.751370 1.726242 -0.150975
v 1.751370 1.726242 0.391910
v 1.751370 1.558483 0.908221
v 1.751370 1.239386 1.347420
v 1.751370 0.800185 1.666518
v 1.751370 0.283874 1.834275
v 1.751370 -0.259007 1.834275
v 1.751370 -0.775319 1.666518
v 1.751370 -1.214519 1.347420
v 1.751370 -1.533617 0.908218
v 1.751370 -1.701377 0.391906
v 1.751370 -1.701377 -0.150975
v 1.561249 -1.834719 -0.820704
v 1.587958 -1.664875 -1.098168
v 1.607989 -1.825331 -0.815921
v 1.587958 -1.959360 -0.520207
v 1.561249 -1.453475 -1.345440
v 1.587958 -1.206202 -1.556839
v 1.607989 -1.446025 -1.337991
v 1.561249 -0.928738 -1.726684
v 1.587958 -0.628242 -1.851326
v 1.607989 -0.923955 -1.717297
v 1.561249 -0.311873 -1.927116
v 1.587958 0.012433 -1.952798
v 1.607989 -0.310224 -1.916711
v 1.561249 0.336738 -1.927116
v 1.587958 0.653107 -1.851326
v 1.607989 0.335090 -1.916711
v 1.561249 0.953603 -1.726685
v 1.587958 1.231068 -1.556840
v 1.607989 0.948820 -1.717298
v 1.561249 1.478341 -1.345440
v 1.587958 -1.834719 -0.820704
v 1.587958 -1.453475 -1.345441
v 1.587958 -0.928738 -1.726685
v 1.587958 -0.311873 -1.927117
v 1.587958 0.336738 -1.927117
v 1.587958 0.953604 -1.726685
v 1.587958 1.478341 -1.345441
v 1.587958 1.859585 -0.820703
v 1.587958 2.060016 -0.203838
v 1.587958 2.060016 0.444771
v 1.587958 1.859584 1.061636
v 1.587958 1.478341 1.586372
v 1.587958 0.953604 1.967618
v 1.587958 0.336738 2.168050
v 1.587958 -0.311872 2.168050
v 1.587958 -0.928737 1.967618
v 1.587958 -1.453474 1.586373
v 1.587958 -1.834718 1.061636
v 1.587958 -2.035149 0.444771
v 1.587958 -2.035150 -0.203838
v 1.507833 -1.791180 -0.798520
v 1.614666 -1.797168 -0.801570
v 1.507833 -1.418923 -1.310888
v 1.614666 -1.423675 -1.315640
v 1.507833 -0.906554 -1.683146
v 1.614666 -0.909605 -1.689135
v 1.507833 -0.304228 -1.878854
v 1.614666 -0.305280 -1.885491
v 1.507833 0.329094 -1.878854
v 1.614666 0.330145 -1.885491
v 1.507833 0.931420 -1.683146
v 1.614666 0.934470 -1.689135
v 1.507833 1.443788 -1.310888
v 1.614666 1.448540 -1.315640
v 1.507833 1.816046 -0.798519
v 1.614666 1.822034 -0.801571
v 1.507833 2.011753 -0.196193
v 1.614666 2.018390 -0.197246
v 1.507833 2.011753 0.437127
v 1.614666 2.018390 0.438179
v 1.507833 1.816046 1.039452
v 1.614666 1.822034 1.042503
v 1.507833 1.443788 1.551822
v 1.614666 1.448540 1.556573
v 1.507833 0.931420 1.924080
v 1.614666 0.934471 1.930066
v 1.507833 0.329094 2.119788
v 1.614666 0.330146 2.126424
v 1.507833 -0.304228 2.119786
v 1.614666 -0.305279 2.126424
v 1.507833 -0.906553 1.924080
v 1.614666 -0.909604 1.930066
v 1.507833 -1.418922 1.551822
v 1.614666 -1.423674 1.556573
v 1.507833 -1.791179 1.039452
v 1.614666 -1.797167 1.042503
v 1.507833 -1.986887 0.437127
v 1.614666 -1.993524 0.438179
v 1.507833 -1.986887 -0.196194
v 1.614666 -1.993525 -0.197245
v 1.614666 -1.753629 -0.779387
v 1.614666 -1.945262 -0.189601
v 1.614666 -1.945261 0.430535
v 1.614666 -1.753628 1.020320
v 1.614666 -1.389121 1.522021
v 1.614666 -0.887420 1.886528
v 1.614666 -0.297635 2.078161
v 1.614666 0.322502 2.078161
v 1.614666 0.912287 1.886527
v 1.614666 1.413988 1.522021
v 1.614666 1.778495 1.020319
v 1.614666 1.970127 0.430535
v 1.614666 1.970128 -0.189602
v 1.614666 1.778495 -0.779387
v 1.614666 1.413988 -1.281088
v 1.614666 0.912287 -1.645595
v 1.614666 0.322501 -1.837228
v 1.614666 -0.297635 -1.837228
v 1.614666 -0.887421 -1.645595
v 1.614666 -1.389122 -1.281088
v 1.534541 -1.453475 -1.345441
v 1.534541 -0.928738 -1.726685
v 1.534541 -0.311873 -1.927117
v 1.534541 0.336738 -1.927117
v 1.534541 0.953604 -1.726685
v 1.534541 1.478341 -1.345441
v 1.534541 1.859585 -0.820703
v 1.534541 2.060016 -0.203838
v 1.534541 2.060016 0.444771
v 1.534541 1.859584 1.061636
v 1.534541 1.478341 1.586372
v 1.534541 0.953604 1.967618
v 1.534541 0.336738 2.168050
v 1.534541 -0.311872 2.168050
v 1.534541 -0.928737 1.967618
v 1.534541 -1.453474 1.586373
v 1.534541 -1.834718 1.061636
v 1.534541 -2.035149 0.444771
v 1.534541 -2.035150 -0.203838
v 1.534541 -1.834719 -0.820704
v 1.797178 -1.938624 -0.188550
v 1.797178 -1.938623 0.429483
v 1.797178 -1.747640 1.017269
v 1.797178 -1.384369 1.517269
v 1.797178 -0.884369 1.880540
v 1.797178 -0.296584 2.071524
v 1.797178 0.321450 2.071524
v 1.797178 0.909236 1.880540
v 1.797178 1.409236 1.517268
v 1.797178 1.772507 1.017268
v 1.797178 1.963490 0.429483
v 1.797178 1.963490 -0.188549
v 1.797178 1.772507 -0.776335
v 1.797178 1.409235 -1.276336
v 1.797178 0.909235 -1.639608
v 1.797178 0.321450 -1.830590
v 1.797178 -0.296584 -1.830590
v 1.797178 -0.884370 -1.639607
v 1.797178 -1.384370 -1.276336
v 1.797178 -1.747642 -0.776336
v 1.797643 -1.533618 -0.667284
v 1.797643 -1.214520 -1.106486
v 1.797643 -0.775319 -1.425584
v 1.797643 -0.259008 -1.593344
v 1.797643 0.283874 -1.593344
v 1.797643 0.800185 -1.425584
v 1.797643 1.239386 -1.106486
v 1.797643 1.558483 -0.667286
v 1.797643 1.726243 -0.150974
v 1.797643 1.726243 0.391907
v 1.797643 1.558483 0.908218
v 1.797643 1.239386 1.347419
v 1.797643 0.800185 1.666518
v 1.797643 0.283874 1.834278
v 1.797643 -0.259007 1.834277
v 1.797643 -0.775319 1.666517
v 1.797643 -1.214519 1.347420
v 1.797643 -1.533617 0.908218
v 1.797643 -1.701377 0.391907
v 1.797643 -1.701377 -0.150973
v 1.507833 -1.297469 -0.831232
v 1.507832 -1.430094 -0.614537
v 1.507832 -1.527449 -0.379872
v 1.507833 -0.939266 -1.189433
v 1.507833 -1.132363 -1.024328
v 1.507833 -0.487905 -1.419416
v 1.507833 -0.722571 -1.322060
v 1.507833 0.012433 -1.498662
v 1.507833 -0.240832 -1.478587
v 1.507833 0.512771 -1.419416
v 1.507833 0.265698 -1.478587
v 1.507833 0.964132 -1.189433
v 1.507833 0.747437 -1.322060
v 1.507833 1.322334 -0.831232
v 1.507833 1.157228 -1.024328
v 1.507833 1.552314 -0.379873
v 1.507832 1.454959 -0.614538
v 1.507833 1.631559 0.120467
v 1.507833 1.611485 -0.132799
v 1.507832 1.552314 0.620806
v 1.507833 1.611485 0.373732
v 1.507833 1.322334 1.072166
v 1.507833 1.454959 0.855470
v 1.507833 0.964132 1.430367
v 1.507833 1.157228 1.265260
v 1.507833 0.512771 1.660348
v 1.507833 0.747437 1.562992
v 1.507833 0.012433 1.739593
v 1.507833 0.265698 1.719519
v 1.507833 -0.487904 1.660348
v 1.507833 -0.240832 1.719519
v 1.507832 -0.939265 1.430367
v 1.507832 -0.722570 1.562992
v 1.507833 -1.297468 1.072165
v 1.507833 -1.132362 1.265261
v 1.507833 -1.527448 0.620804
v 1.507833 -1.430093 0.855471
v 1.507833 -1.606694 0.120466
v 1.507833 -1.586619 0.373731
v 1.507833 -1.586619 -0.132798
v 1.751370 -1.547799 -0.386485
v 1.730040 -1.527380 -0.379849
v 1.730039 -1.430031 -0.614505
v 1.751370 -1.449158 -0.624252
v 1.730039 -1.297410 -0.831187
v 1.751370 -1.314780 -0.843807
v 1.730038 -1.132313 -1.024277
v 1.751370 -1.147492 -1.039456
v 1.730039 -0.939223 -1.189374
v 1.751370 -0.951844 -1.206744
v 1.730039 -0.722539 -1.321997
v 1.751370 -0.732285 -1.341125
v 1.730040 -0.487883 -1.419348
v 1.751371 -0.494517 -1.439767
v 1.730038 -0.240821 -1.478518
v 1.751370 -0.244179 -1.499720
v 1.730038 0.012433 -1.498588
v 1.751369 0.012433 -1.520058
v 1.730037 0.265687 -1.478518
v 1.751369 0.269045 -1.499720
v 1.730039 0.512748 -1.419346
v 1.751370 0.519383 -1.439766
v 1.730039 0.747404 -1.321997
v 1.751370 0.757151 -1.341125
v 1.730039 0.964089 -1.189375
v 1.751370 0.976709 -1.206744
v 1.730038 1.157178 -1.024278
v 1.751370 1.172358 -1.039458
v 1.730039 1.322276 -0.831190
v 1.751370 1.339646 -0.843809
v 1.730039 1.454896 -0.614505
v 1.751371 1.474023 -0.624252
v 1.730040 1.552245 -0.379849
v 1.751370 1.572664 -0.386485
v 1.730038 1.611415 -0.132788
v 1.751370 1.632618 -0.136146
v 1.730039 1.631487 0.120468
v 1.751370 1.652958 0.120468
v 1.730038 1.611415 0.373722
v 1.751370 1.632618 0.377080
v 1.730040 1.552245 0.620783
v 1.751370 1.572664 0.627419
v 1.730039 1.454895 0.855440
v 1.751371 1.474023 0.865187
v 1.730040 1.322275 1.072124
v 1.751370 1.339645 1.084744
v 1.730038 1.157179 1.265212
v 1.751370 1.172358 1.280391
v 1.730040 0.964089 1.430309
v 1.751371 0.976709 1.447679
v 1.730040 0.747405 1.562930
v 1.751371 0.757151 1.582059
v 1.730040 0.512749 1.660279
v 1.751370 0.519383 1.680699
v 1.730038 0.265687 1.719449
v 1.751370 0.269045 1.740652
v 1.730039 0.012434 1.739521
v 1.751370 0.012434 1.760992
v 1.730038 -0.240820 1.719449
v 1.751370 -0.244179 1.740651
v 1.730040 -0.487882 1.660279
v 1.751370 -0.494516 1.680699
v 1.730039 -0.722538 1.562930
v 1.751371 -0.732284 1.582059
v 1.730040 -0.939223 1.430309
v 1.751371 -0.951843 1.447679
v 1.730039 -1.132312 1.265212
v 1.751370 -1.147491 1.280391
v 1.730041 -1.297409 1.072125
v 1.751371 -1.314779 1.084744
v 1.730039 -1.430029 0.855439
v 1.751370 -1.449157 0.865185
v 1.730039 -1.527378 0.620782
v 1.751370 -1.547798 0.627418
v 1.730038 -1.586549 0.373719
v 1.751370 -1.607752 0.377077
v 1.730039 -1.606621 0.120466
v 1.751370 -1.628091 0.120466
v 1.730038 -1.586549 -0.132789
v 1.751370 -1.607753 -0.136147
v -1.809583 -1.852576 -0.485512
v -1.809583 -1.574038 -1.032172
v -1.809583 -1.140206 -1.466004
v -1.809583 -0.593545 -1.744542
v -1.809583 0.012433 -1.840519
v -1.809583 0.618411 -1.744542
v -1.809583 1.165071 -1.466004
v -1.809583 1.598904 -1.032172
v -1.809583 1.877441 -0.485511
v -1.809583 1.973418 0.120467
v -1.809583 1.877441 0.726443
v -1.809583 1.598903 1.273103
v -1.809583 1.165072 1.706936
v -1.809583 0.618411 1.985474
v -1.809583 0.012433 2.081451
v -1.809583 -0.593544 1.985474
v -1.809583 -1.140205 1.706937
v -1.809583 -1.574037 1.273104
v -1.809583 -1.852575 0.726442
v -1.809583 -1.948552 0.120465
v -1.813718 -1.754860 -0.453764
v -1.813718 -1.490917 -0.971782
v -1.813718 -1.079814 -1.382883
v -1.813718 -0.561795 -1.646826
v -1.813718 0.012433 -1.737774
v -1.813718 0.586662 -1.646826
v -1.813718 1.104680 -1.382882
v -1.813718 1.515782 -0.971781
v -1.813718 1.779725 -0.453763
v -1.813718 1.870674 0.120467
v -1.813718 1.779725 0.694695
v -1.813718 1.515782 1.212714
v -1.813718 1.104680 1.623815
v -1.813718 0.586661 1.887757
v -1.813718 0.012433 1.978706
v -1.813718 -0.561795 1.887758
v -1.813718 -1.079813 1.623816
v -1.813718 -1.490915 1.212713
v -1.813718 -1.754859 0.694694
v -1.813718 -1.845808 0.120467
v -1.809699 -1.652668 -0.420558
v -1.809700 -1.403987 -0.908622
v -1.809700 -1.016656 -1.295953
v -1.809700 -0.528591 -1.544634
v -1.809700 0.012433 -1.630325
v -1.809700 0.553457 -1.544634
v -1.809700 1.041522 -1.295953
v -1.809700 1.428852 -0.908623
v -1.809700 1.677534 -0.420557
v -1.809699 1.763224 0.120467
v -1.809699 1.677533 0.661491
v -1.809699 1.428852 1.149555
v -1.809700 1.041522 1.536885
v -1.809700 0.553457 1.785568
v -1.809700 0.012433 1.871257
v -1.809700 -0.528591 1.785567
v -1.809700 -1.016655 1.536885
v -1.809700 -1.403986 1.149556
v -1.809699 -1.652667 0.661491
v -1.809699 -1.738357 0.120467
v -1.635412 -1.868005 -0.490524
v -1.635412 -1.587163 -1.041710
v -1.635412 -1.149742 -1.479129
v -1.635412 -0.598559 -1.759971
v -1.635412 0.012433 -1.856743
v -1.635412 0.623424 -1.759973
v -1.635412 1.174607 -1.479129
v -1.635412 1.612029 -1.041707
v -1.635412 1.892870 -0.490524
v -1.635412 1.989642 0.120467
v -1.635412 1.892870 0.731457
v -1.635412 1.612029 1.282638
v -1.635412 1.174607 1.720061
v -1.635412 0.623424 2.000904
v -1.635412 0.012433 2.097675
v -1.635412 -0.598558 2.000902
v -1.635412 -1.149741 1.720063
v -1.635412 -1.587162 1.282640
v -1.635412 -1.868004 0.731458
v -1.635412 -1.964776 0.120466
v -1.514510 -1.947741 -0.516432
v -1.514510 -1.654991 -1.090987
v -1.607989 -1.656350 -1.091974
v -1.607989 -1.949339 -0.516951
v -1.514510 -1.199021 -1.546957
v -1.607989 -1.200009 -1.548316
v -1.514510 -0.624466 -1.839709
v -1.607989 -0.624985 -1.841307
v -1.514510 0.012433 -1.940582
v -1.607989 0.012433 -1.942261
v -1.514510 0.649332 -1.839706
v -1.607989 0.649851 -1.841306
v -1.514510 1.223887 -1.546956
v -1.607989 1.224874 -1.548315
v -1.514510 1.679856 -1.090987
v -1.607989 1.681216 -1.091975
v -1.514510 1.972607 -0.516433
v -1.607989 1.974204 -0.516952
v -1.514510 2.073481 0.120465
v -1.607989 2.075162 0.120468
v -1.514510 1.972607 0.757366
v -1.607989 1.974204 0.757885
v -1.514510 1.679856 1.331919
v -1.607989 1.681216 1.332908
v -1.514510 1.223887 1.787889
v -1.607989 1.224874 1.789248
v -1.514510 0.649332 2.080641
v -1.607989 0.649852 2.082238
v -1.514510 0.012433 2.181515
v -1.607989 0.012433 2.183195
v -1.514510 -0.624466 2.080640
v -1.607989 -0.624985 2.082238
v -1.514510 -1.199020 1.787890
v -1.607989 -1.200008 1.789249
v -1.514510 -1.654990 1.331920
v -1.607989 -1.656349 1.332907
v -1.514510 -1.947740 0.757365
v -1.607989 -1.949338 0.757883
v -1.514510 -2.048615 0.120466
v -1.607989 -2.050295 0.120467
v -1.614666 -1.603844 -1.053827
v -1.614666 -1.887614 -0.496895
v -1.614666 -1.985394 0.120467
v -1.614666 -1.887613 0.737829
v -1.614666 -1.603842 1.294756
v -1.614666 -1.161860 1.736741
v -1.614666 -0.604929 2.020513
v -1.614666 0.012433 2.118294
v -1.614666 0.629795 2.020513
v -1.614666 1.186726 1.736742
v -1.614666 1.628709 1.294759
v -1.614666 1.912480 0.737829
v -1.614666 2.010260 0.120464
v -1.614666 1.912480 -0.496897
v -1.614666 1.628709 -1.053826
v -1.614666 1.186726 -1.495810
v -1.614666 0.629796 -1.779580
v -1.614666 0.012433 -1.877362
v -1.614666 -0.604930 -1.779581
v -1.614666 -1.161861 -1.495810
v -1.561250 -1.664875 -1.098167
v -1.561250 -1.206202 -1.556840
v -1.561249 -0.628242 -1.851326
v -1.561249 0.012433 -1.952800
v -1.561249 0.653107 -1.851326
v -1.561249 1.231068 -1.556840
v -1.561249 1.689741 -1.098168
v -1.561249 1.984226 -0.520208
v -1.561249 2.085698 0.120465
v -1.561249 1.984226 0.761141
v -1.561249 1.689740 1.339100
v -1.561249 1.231068 1.797773
v -1.561249 0.653107 2.092261
v -1.561249 0.012433 2.193733
v -1.561249 -0.628241 2.092260
v -1.561249 -1.206201 1.797773
v -1.561249 -1.664873 1.339101
v -1.561249 -1.959359 0.761140
v -1.561249 -2.060832 0.120467
v -1.561250 -1.959360 -0.520209
v -1.764026 -1.866407 -0.490007
v -1.764026 -1.963095 0.120465
v -1.764026 -1.866406 0.730939
v -1.764026 -1.585803 1.281652
v -1.764026 -1.148753 1.718704
v -1.764026 -0.598039 1.999306
v -1.764026 0.012433 2.095994
v -1.764026 0.622905 1.999306
v -1.764026 1.173620 1.718703
v -1.764026 1.610669 1.281652
v -1.764026 1.891273 0.730939
v -1.764026 1.987962 0.120467
v -1.764026 1.891273 -0.490004
v -1.764026 1.610669 -1.040720
v -1.764026 1.173620 -1.477771
v -1.764026 0.622905 -1.758372
v -1.764026 0.012433 -1.855064
v -1.764026 -0.598039 -1.758373
v -1.764026 -1.148754 -1.477770
v -1.764026 -1.585804 -1.040721
v -1.751370 -1.637942 -0.415773
v -1.751370 -1.391460 -0.899518
v -1.751370 -1.007555 -1.283425
v -1.751370 -0.523806 -1.529909
v -1.751370 0.012433 -1.614840
v -1.751370 0.548672 -1.529908
v -1.751370 1.032421 -1.283425
v -1.751370 1.416325 -0.899521
v -1.751370 1.662807 -0.415774
v -1.751370 1.747739 0.120468
v -1.751370 1.662807 0.656707
v -1.751370 1.416325 1.140456
v -1.751370 1.032421 1.524359
v -1.751370 0.548672 1.770840
v -1.751370 0.012433 1.855773
v -1.751370 -0.523806 1.770840
v -1.751370 -1.007554 1.524360
v -1.751370 -1.391459 1.140456
v -1.751370 -1.637941 0.656706
v -1.751370 -1.722873 0.120467
v -1.587958 1.689740 -1.098168
v -1.607989 1.470890 -1.337990
v -1.561249 1.859584 -0.820704
v -1.587958 1.984226 -0.520207
v -1.607989 1.850196 -0.815921
v -1.561249 2.060015 -0.203839
v -1.587958 2.085698 0.120467
v -1.607989 2.049609 -0.202191
v -1.561249 2.060015 0.444772
v -1.587958 1.984226 0.761141
v -1.607989 2.049609 0.443124
v -1.561249 1.859584 1.061636
v -1.587958 1.689740 1.339101
v -1.607989 1.850196 1.056853
v -1.561249 1.478341 1.586372
v -1.587958 1.231068 1.797771
v -1.607989 1.470891 1.578923
v -1.561249 0.953604 1.967616
v -1.587958 0.653107 2.092259
v -1.607989 0.948821 1.958229
v -1.561249 0.336738 2.168048
v -1.587958 0.012433 2.193731
v -1.607989 0.335090 2.157643
v -1.561249 -0.311872 2.168048
v -1.587958 -0.628241 2.092259
v -1.607989 -0.310224 2.157643
v -1.561249 -0.928737 1.967617
v -1.587958 -1.206202 1.797772
v -1.607989 -0.923954 1.958229
v -1.561249 -1.453474 1.586373
v -1.587958 -1.664873 1.339101
v -1.607989 -1.446024 1.578923
v -1.561249 -1.834718 1.061636
v -1.587958 -1.959359 0.761141
v -1.607989 -1.825330 1.056854
v -1.561249 -2.035149 0.444772
v -1.587958 -2.060832 0.120467
v -1.607989 -2.024743 0.443124
v -1.561249 -2.035150 -0.203838
v -1.607989 -2.024744 -0.202190
v -1.507833 -1.625339 -1.069444
v -1.514510 -1.823834 -0.815158
v -1.507833 -1.912884 -0.505107
v -1.614666 -1.767508 -0.786457
v -1.614666 -1.919275 -0.507183
v -1.614666 -1.630777 -1.073394
v -1.507833 -1.177478 -1.517304
v -1.514510 -1.444837 -1.336802
v -1.614666 -1.400136 -1.292101
v -1.614666 -1.181429 -1.522742
v -1.507833 -0.613141 -1.804850
v -1.514510 -0.923192 -1.715800
v -1.614666 -0.894492 -1.659474
v -1.614666 -0.615217 -1.811242
v -1.507833 0.012433 -1.903931
v -1.514510 -0.309962 -1.915051
v -1.614666 -0.300072 -1.852613
v -1.614666 0.012433 -1.910651
v -1.507833 0.638006 -1.804849
v -1.514510 0.334827 -1.915051
v -1.614666 0.324938 -1.852613
v -1.614666 0.640083 -1.811242
v -1.507833 1.202344 -1.517305
v -1.514510 0.948057 -1.715799
v -1.614666 0.919358 -1.659475
v -1.614666 1.206294 -1.522743
v -1.507833 1.650205 -1.069444
v -1.514510 1.469702 -1.336803
v -1.614666 1.425002 -1.292102
v -1.614666 1.655642 -1.073394
v -1.507833 1.937749 -0.505106
v -1.514510 1.848700 -0.815157
v -1.614666 1.792373 -0.786457
v -1.614666 1.944141 -0.507183
v -1.507833 2.036830 0.120467
v -1.514510 2.047950 -0.201927
v -1.614666 1.985512 -0.192038
v -1.614666 2.043550 0.120467
v -1.507833 1.937749 0.746039
v -1.514510 2.047950 0.442860
v -1.614666 1.985512 0.432972
v -1.614666 1.944141 0.748117
v -1.507833 1.650205 1.310375
v -1.514510 1.848699 1.056089
v -1.614666 1.792373 1.027390
v -1.614666 1.655642 1.314328
v -1.507833 1.202344 1.758236
v -1.514510 1.469703 1.577734
v -1.614666 1.425002 1.533034
v -1.614666 1.206294 1.763673
v -1.507833 0.638006 2.045782
v -1.514510 0.948058 1.956731
v -1.614666 0.919358 1.900404
v -1.614666 0.640083 2.052175
v -1.507833 0.012433 2.144862
v -1.514510 0.334827 2.155983
v -1.614666 0.324938 2.093545
v -1.614666 0.012433 2.151585
v -1.507833 -0.613140 2.045782
v -1.514510 -0.309961 2.155983
v -1.614666 -0.300072 2.093545
v -1.614666 -0.615217 2.052175
v -1.507833 -1.177477 1.758237
v -1.514510 -0.923191 1.956732
v -1.614666 -0.894491 1.900405
v -1.614666 -1.181428 1.763674
v -1.507833 -1.625338 1.310375
v -1.514510 -1.444836 1.577734
v -1.614666 -1.400135 1.533034
v -1.614666 -1.630775 1.314328
v -1.507833 -1.912883 0.746039
v -1.514510 -1.823833 1.056089
v -1.614666 -1.767507 1.027391
v -1.614666 -1.919274 0.748117
v -1.507833 -2.011964 0.120467
v -1.514510 -2.023084 0.442861
v -1.614666 -1.960645 0.432972
v -1.614666 -2.018684 0.120467
v -1.514510 -2.023084 -0.201927
v -1.614666 -1.960646 -0.192038
v -1.614666 -1.872799 -0.492082
v -1.614666 -1.591241 -1.044670
v -1.614666 -1.969816 0.120467
v -1.614666 -1.872798 0.733016
v -1.614666 -1.591240 1.285602
v -1.614666 -1.152704 1.724140
v -1.614666 -0.600115 2.005697
v -1.614666 0.012433 2.102715
v -1.614666 0.624982 2.005697
v -1.614666 1.177570 1.724140
v -1.614666 1.616106 1.285602
v -1.614666 1.897664 0.733016
v -1.614666 1.994682 0.120467
v -1.614666 1.897664 -0.492082
v -1.614666 1.616107 -1.044670
v -1.614666 1.177570 -1.483208
v -1.614666 0.624982 -1.764766
v -1.614666 0.012433 -1.861783
v -1.614666 -0.600116 -1.764765
v -1.614666 -1.152704 -1.483207
v -1.534541 -1.206202 -1.556839
v -1.534541 -1.664875 -1.098168
v -1.534541 -0.628242 -1.851326
v -1.534541 0.012433 -1.952798
v -1.534541 0.653107 -1.851326
v -1.534541 1.231068 -1.556840
v -1.534541 1.689740 -1.098168
v -1.534541 1.984226 -0.520207
v -1.534541 2.085698 0.120467
v -1.534541 1.984226 0.761141
v -1.534541 1.689740 1.339101
v -1.534541 1.231068 1.797771
v -1.534541 0.653107 2.092259
v -1.534541 0.012433 2.193731
v -1.534541 -0.628241 2.092259
v -1.534541 -1.206202 1.797772
v -1.534541 -1.664873 1.339101
v -1.534541 -1.959359 0.761141
v -1.534541 -2.060832 0.120467
v -1.534541 -1.959360 -0.520207
v -1.797177 -1.866407 -0.490004
v -1.797177 -1.963095 0.120467
v -1.797177 -1.866406 0.730938
v -1.797178 -1.585803 1.281651
v -1.797177 -1.148753 1.718702
v -1.797178 -0.598039 1.999305
v -1.797177 0.012433 2.095994
v -1.797177 0.622905 1.999305
v -1.797177 1.173620 1.718701
v -1.797177 1.610669 1.281651
v -1.797178 1.891272 0.730938
v -1.797177 1.987962 0.120467
v -1.797178 1.891272 -0.490004
v -1.797177 1.610669 -1.040720
v -1.797177 1.173619 -1.477769
v -1.797177 0.622905 -1.758373
v -1.797177 0.012433 -1.855062
v -1.797178 -0.598039 -1.758372
v -1.797177 -1.148754 -1.477769
v -1.797178 -1.585804 -1.040720
v -1.797643 -1.391460 -0.899521
v -1.797643 -1.637942 -0.415772
v -1.797643 -1.007555 -1.283425
v -1.797643 -0.523806 -1.529907
v -1.797643 0.012433 -1.614841
v -1.797643 0.548672 -1.529909
v -1.797643 1.032421 -1.283425
v -1.797643 1.416325 -0.899522
v -1.797643 1.662807 -0.415774
v -1.797643 1.747738 0.120468
v -1.797643 1.662807 0.656706
v -1.797643 1.416325 1.140457
v -1.797643 1.032421 1.524358
v -1.797643 0.548672 1.770840
v -1.797643 0.012433 1.855773
v -1.797643 -0.523806 1.770840
v -1.797643 -1.007554 1.524359
v -1.797643 -1.391459 1.140455
v -1.797643 -1.637941 0.656705
v -1.797643 -1.722872 0.120467
v -1.635412 -1.749139 -0.777099
v -1.764026 -1.747642 -0.776336
v -1.635412 -1.385558 -1.277525
v -1.764026 -1.384370 -1.276336
v -1.635412 -0.885133 -1.641105
v -1.764026 -0.884370 -1.639607
v -1.635412 -0.296847 -1.832250
v -1.764026 -0.296584 -1.830590
v -1.635412 0.321713 -1.832250
v -1.764026 0.321450 -1.830590
v -1.635412 0.909998 -1.641106
v -1.764026 0.909235 -1.639608
v -1.635412 1.410424 -1.277525
v -1.764026 1.409235 -1.276336
v -1.635412 1.774004 -0.777099
v -1.764026 1.772507 -0.776335
v -1.635412 1.965150 -0.188813
v -1.764026 1.963490 -0.188549
v -1.635412 1.965150 0.429746
v -1.764026 1.963490 0.429483
v -1.635412 1.774004 1.018031
v -1.764026 1.772507 1.017267
v -1.635412 1.410423 1.518456
v -1.764026 1.409235 1.517267
v -1.635412 0.909999 1.882036
v -1.764026 0.909236 1.880539
v -1.635412 0.321713 2.073183
v -1.764026 0.321450 2.071523
v -1.635412 -0.296847 2.073183
v -1.764026 -0.296584 2.071523
v -1.635412 -0.885132 1.882037
v -1.764026 -0.884369 1.880539
v -1.635412 -1.385557 1.518456
v -1.764026 -1.384369 1.517267
v -1.635412 -1.749137 1.018032
v -1.764026 -1.747640 1.017267
v -1.635412 -1.940283 0.429747
v -1.764026 -1.938623 0.429483
v -1.635412 -1.940283 -0.188813
v -1.764026 -1.938624 -0.188549
v -1.809583 -1.734685 -0.769733
v -1.813718 -1.643146 -0.723094
v -1.809583 -1.374087 -1.266053
v -1.813718 -1.301442 -1.193408
v -1.809583 -0.877768 -1.626650
v -1.813718 -0.831127 -1.535112
v -1.809583 -0.294309 -1.816227
v -1.813718 -0.278238 -1.714755
v -1.809583 0.319175 -1.816227
v -1.813718 0.303104 -1.714755
v -1.809583 0.902634 -1.626650
v -1.813718 0.855993 -1.535112
v -1.809583 1.398953 -1.266053
v -1.813718 1.326307 -1.193408
v -1.809583 1.759550 -0.769733
v -1.813718 1.668011 -0.723093
v -1.809583 1.949127 -0.186275
v -1.813718 1.847655 -0.170205
v -1.809583 1.949127 0.427209
v -1.813718 1.847655 0.411138
v -1.809583 1.759550 1.010666
v -1.813718 1.668011 0.964025
v -1.809583 1.398953 1.506984
v -1.813718 1.326308 1.434339
v -1.809583 0.902633 1.867582
v -1.813718 0.855993 1.776044
v -1.809583 0.319175 2.057160
v -1.813718 0.303104 1.955689
v -1.809583 -0.294309 2.057160
v -1.813718 -0.278237 1.955689
v -1.809583 -0.877767 1.867582
v -1.813718 -0.831126 1.776044
v -1.809583 -1.374086 1.506984
v -1.813718 -1.301441 1.434339
v -1.809583 -1.734683 1.010666
v -1.813718 -1.643145 0.964025
v -1.809583 -1.924260 0.427209
v -1.813718 -1.822789 0.411138
v -1.809583 -1.924261 -0.186275
v -1.813718 -1.822790 -0.170204
v -1.809699 -1.547414 -0.674316
v -1.809699 -1.225469 -1.117433
v -1.809699 -0.782349 -1.439379
v -1.809699 -0.261430 -1.608637
v -1.809699 0.286296 -1.608636
v -1.809699 0.807215 -1.439379
v -1.809699 1.250334 -1.117435
v -1.809699 1.572279 -0.674316
v -1.809699 1.741535 -0.153397
v -1.809699 1.741535 0.394330
v -1.809699 1.572279 0.915248
v -1.809699 1.250334 1.358367
v -1.809699 0.807215 1.680313
v -1.809699 0.286296 1.849568
v -1.809699 -0.261430 1.849568
v -1.809699 -0.782348 1.680313
v -1.809699 -1.225467 1.358367
v -1.809699 -1.547413 0.915246
v -1.809699 -1.716669 0.394329
v -1.809699 -1.716670 -0.153397
v -1.751370 -1.533618 -0.667286
v -1.751370 -1.214520 -1.106485
v -1.751370 -0.775319 -1.425584
v -1.751370 -0.259008 -1.593344
v -1.751370 0.283874 -1.593344
v -1.751370 0.800185 -1.425584
v -1.751370 1.239386 -1.106486
v -1.751370 1.558483 -0.667286
v -1.751370 1.726242 -0.150975
v -1.751370 1.726242 0.391910
v -1.751370 1.558483 0.908221
v -1.751370 1.239386 1.347420
v -1.751370 0.800185 1.666518
v -1.751370 0.283874 1.834275
v -1.751370 -0.259007 1.834275
v -1.751370 -0.775319 1.666518
v -1.751370 -1.214519 1.347420
v -1.751370 -1.533617 0.908218
v -1.751370 -1.701377 0.391906
v -1.751370 -1.701377 -0.150975
v -1.561249 -1.834719 -0.820704
v -1.587958 -1.664875 -1.098168
v -1.607989 -1.825331 -0.815921
v -1.587958 -1.959360 -0.520207
v -1.561249 -1.453475 -1.345440
v -1.587958 -1.206202 -1.556839
v -1.607989 -1.446025 -1.337991
v -1.561249 -0.928738 -1.726684
v -1.587958 -0.628242 -1.851326
v -1.607989 -0.923955 -1.717297
v -1.561249 -0.311873 -1.927116
v -1.587958 0.012433 -1.952798
v -1.607989 -0.310224 -1.916711
v -1.561249 0.336738 -1.927116
v -1.587958 0.653107 -1.851326
v -1.607989 0.335090 -1.916711
v -1.561249 0.953603 -1.726685
v -1.587958 1.231068 -1.556840
v -1.607989 0.948820 -1.717298
v -1.561249 1.478341 -1.345440
v -1.587958 -1.834719 -0.820704
v -1.587958 -1.453475 -1.345441
v -1.587958 -0.928738 -1.726685
v -1.587958 -0.311873 -1.927117
v -1.587958 0.336738 -1.927117
v -1.587958 0.953604 -1.726685
v -1.587958 1.478341 -1.345441
v -1.587958 1.859585 -0.820703
v -1.587958 2.060016 -0.203838
v -1.587958 2.060016 0.444771
v -1.587958 1.859584 1.061636
v -1.587958 1.478341 1.586372
v -1.587958 0.953604 1.967618
v -1.587958 0.336738 2.168050
v -1.587958 -0.311872 2.168050
v -1.587958 -0.928737 1.967618
v -1.587958 -1.453474 1.586373
v -1.587958 -1.834718 1.061636
v -1.587958 -2.035149 0.444771
v -1.587958 -2.035150 -0.203838
v -1.507833 -1.791180 -0.798520
v -1.614666 -1.797168 -0.801570
v -1.507833 -1.418923 -1.310888
v -1.614666 -1.423675 -1.315640
v -1.507833 -0.906554 -1.683146
v -1.614666 -0.909605 -1.689135
v -1.507833 -0.304228 -1.878854
v -1.614666 -0.305280 -1.885491
v -1.507833 0.329094 -1.878854
v -1.614666 0.330145 -1.885491
v -1.507833 0.931420 -1.683146
v -1.614666 0.934470 -1.689135
v -1.507833 1.443788 -1.310888
v -1.614666 1.448540 -1.315640
v -1.507833 1.816046 -0.798519
v -1.614666 1.822034 -0.801571
v -1.507833 2.011753 -0.196193
v -1.614666 2.018390 -0.197246
v -1.507833 2.011753 0.437127
v -1.614666 2.018390 0.438179
v -1.507833 1.816046 1.039452
v -1.614666 1.822034 1.042503
v -1.507833 1.443788 1.551822
v -1.614666 1.448540 1.556573
v -1.507833 0.931420 1.924080
v -1.614666 0.934471 1.930066
v -1.507833 0.329094 2.119788
v -1.614666 0.330146 2.126424
v -1.507833 -0.304228 2.119786
v -1.614666 -0.305279 2.126424
v -1.507833 -0.906553 1.924080
v -1.614666 -0.909604 1.930066
v -1.507833 -1.418922 1.551822
v -1.614666 -1.423674 1.556573
v -1.507833 -1.791179 1.039452
v -1.614666 -1.797167 1.042503
v -1.507833 -1.986887 0.437127
v -1.614666 -1.993524 0.438179
v -1.507833 -1.986887 -0.196194
v -1.614666 -1.993525 -0.197245
v -1.614666 -1.753629 -0.779387
v -1.614666 -1.945262 -0.189601
v -1.614666 -1.945261 0.430535
v -1.614666 -1.753628 1.020320
v -1.614666 -1.389121 1.522021
v -1.614666 -0.887420 1.886528
v -1.614666 -0.297635 2.078161
v -1.614666 0.322502 2.078161
v -1.614666 0.912287 1.886527
v -1.614666 1.413988 1.522021
v -1.614666 1.778495 1.020319
v -1.614666 1.970127 0.430535
v -1.614666 1.970128 -0.189602
v -1.614666 1.778495 -0.779387
v -1.614666 1.413988 -1.281088
v -1.614666 0.912287 -1.645595
v -1.614666 0.322501 -1.837228
v -1.614666 -0.297635 -1.837228
v -1.614666 -0.887421 -1.645595
v -1.614666 -1.389122 -1.281088
v -1.534541 -1.453475 -1.345441
v -1.534541 -0.928738 -1.726685
v -1.534541 -0.311873 -1.927117
v -1.534541 0.336738 -1.927117
v -1.534541 0.953604 -1.726685
v -1.534541 1.478341 -1.345441
v -1.534541 1.859585 -0.820703
v -1.534541 2.060016 -0.203838
v -1.534541 2.060016 0.444771
v -1.534541 1.859584 1.061636
v -1.534541 1.478341 1.586372
v -1.534541 0.953604 1.967618
v -1.534541 0.336738 2.168050
v -1.534541 -0.311872 2.168050
v -1.534541 -0.928737 1.967618
v -1.534541 -1.453474 1.586373
v -1.534541 -1.834718 1.061636
v -1.534541 -2.035149 0.444771
v -1.534541 -2.035150 -0.203838
v -1.534541 -1.834719 -0.820704
v -1.797178 -1.938624 -0.188550
v -1.797178 -1.938623 0.429483
v -1.797178 -1.747640 1.017269
v -1.797178 -1.384369 1.517269
v -1.797178 -0.884369 1.880540
v -1.797178 -0.296584 2.071524
v -1.797178 0.321450 2.071524
v -1.797178 0.909236 1.880540
v -1.797178 1.409236 1.517268
v -1.797178 1.772507 1.017268
v -1.797178 1.963490 0.429483
v -1.797178 1.963490 -0.188549
v -1.797178 1.772507 -0.776335
v -1.797178 1.409235 -1.276336
v -1.797178 0.909235 -1.639608
v -1.797178 0.321450 -1.830590
v -1.797178 -0.296584 -1.830590
v -1.797178 -0.884370 -1.639607
v -1.797178 -1.384370 -1.276336
v -1.797178 -1.747642 -0.776336
v -1.797643 -1.533618 -0.667284
v -1.797643 -1.214520 -1.106486
v -1.797643 -0.775319 -1.425584
v -1.797643 -0.259008 -1.593344
v -1.797643 0.283874 -1.593344
v -1.797643 0.800185 -1.425584
v -1.797643 1.239386 -1.106486
v -1.797643 1.558483 -0.667286
v -1.797643 1.726243 -0.150974
v -1.797643 1.726243 0.391907
v -1.797643 1.558483 0.908218
v -1.797643 1.239386 1.347419
v -1.797643 0.800185 1.666518
v -1.797643 0.283874 1.834278
v -1.797643 -0.259007 1.834277
v -1.797643 -0.775319 1.666517
v -1.797643 -1.214519 1.347420
v -1.797643 -1.533617 0.908218
v -1.797643 -1.701377 0.391907
v -1.797643 -1.701377 -0.150973
v -1.507833 -1.297469 -0.831232
v -1.507832 -1.430094 -0.614537
v -1.507832 -1.527449 -0.379872
v -1.507833 -0.939266 -1.189433
v -1.507833 -1.132363 -1.024328
v -1.507833 -0.487905 -1.419416
v -1.507833 -0.722571 -1.322060
v -1.507833 0.012433 -1.498662
v -1.507833 -0.240832 -1.478587
v -1.507833 0.512771 -1.419416
v -1.507833 0.265698 -1.478587
v -1.507833 0.964132 -1.189433
v -1.507833 0.747437 -1.322060
v -1.507833 1.322334 -0.831232
v -1.507833 1.157228 -1.024328
v -1.507833 1.552314 -0.379873
v -1.507832 1.454959 -0.614538
v -1.507833 1.631559 0.120467
v -1.507833 1.611485 -0.132799
v -1.507832 1.552314 0.620806
v -1.507833 1.611485 0.373732
v -1.507833 1.322334 1.072166
v -1.507833 1.454959 0.855470
v -1.507833 0.964132 1.430367
v -1.507833 1.157228 1.265260
v -1.507833 0.512771 1.660348
v -1.507833 0.747437 1.562992
v -1.507833 0.012433 1.739593
v -1.507833 0.265698 1.719519
v -1.507833 -0.487904 1.660348
v -1.507833 -0.240832 1.719519
v -1.507832 -0.939265 1.430367
v -1.507832 -0.722570 1.562992
v -1.507833 -1.297468 1.072165
v -1.507833 -1.132362 1.265261
v -1.507833 -1.527448 0.620804
v -1.507833 -1.430093 0.855471
v -1.507833 -1.606694 0.120466
v -1.507833 -1.586619 0.373731
v -1.507833 -1.586619 -0.132798
v -1.751370 -1.547799 -0.386485
v -1.730040 -1.527380 -0.379849
v -1.730039 -1.430031 -0.614505
v -1.751370 -1.449158 -0.624252
v -1.730039 -1.297410 -0.831187
v -1.751370 -1.314780 -0.843807
v -1.730038 -1.132313 -1.024277
v -1.751370 -1.147492 -1.039456
v -1.730039 -0.939223 -1.189374
v -1.751370 -0.951844 -1.206744
v -1.730039 -0.722539 -1.321997
v -1.751370 -0.732285 -1.341125
v -1.730040 -0.487883 -1.419348
v -1.751371 -0.494517 -1.439767
v -1.730038 -0.240821 -1.478518
v -1.751370 -0.244179 -1.499720
v -1.730038 0.012433 -1.498588
v -1.751369 0.012433 -1.520058
v -1.730037 0.265687 -1.478518
v -1.751369 0.269045 -1.499720
v -1.730039 0.512748 -1.419346
v -1.751370 0.519383 -1.439766
v -1.730039 0.747404 -1.321997
v -1.751370 0.757151 -1.341125
v -1.730039 0.964089 -1.189375
v -1.751370 0.976709 -1.206744
v -1.730038 1.157178 -1.024278
v -1.751370 1.172358 -1.039458
v -1.730039 1.322276 -0.831190
v -1.751370 1.339646 -0.843809
v -1.730039 1.454896 -0.614505
v -1.751371 1.474023 -0.624252
v -1.730040 1.552245 -0.379849
v -1.751370 1.572664 -0.386485
v -1.730038 1.611415 -0.132788
v -1.751370 1.632618 -0.136146
v -1.730039 1.631487 0.120468
v -1.751370 1.652958 0.120468
v -1.730038 1.611415 0.373722
v -1.751370 1.632618 0.377080
v -1.730040 1.552245 0.620783
v -1.751370 1.572664 0.627419
v -1.730039 1.454895 0.855440
v -1.751371 1.474023 0.865187
v -1.730040 1.322275 1.072124
v -1.751370 1.339645 1.084744
v -1.730038 1.157179 1.265212
v -1.751370 1.172358 1.280391
v -1.730040 0.964089 1.430309
v -1.751371 0.976709 1.447679
v -1.730040 0.747405 1.562930
v -1.751371 0.757151 1.582059
v -1.730040 0.512749 1.660279
v -1.751370 0.519383 1.680699
v -1.730038 0.265687 1.719449
v -1.751370 0.269045 1.740652
v -1.730039 0.012434 1.739521
v -1.751370 0.012434 1.760992
v -1.730038 -0.240820 1.719449
v -1.751370 -0.244179 1.740651
v -1.730040 -0.487882 1.660279
v -1.751370 -0.494516 1.680699
v -1.730039 -0.722538 1.562930
v -1.751371 -0.732284 1.582059
v -1.730040 -0.939223 1.430309
v -1.751371 -0.951843 1.447679
v -1.730039 -1.132312 1.265212
v -1.751370 -1.147491 1.280391
v -1.730041 -1.297409 1.072125
v -1.751371 -1.314779 1.084744
v -1.730039 -1.430029 0.855439
v -1.751370 -1.449157 0.865185
v -1.730039 -1.527378 0.620782
v -1.751370 -1.547798 0.627418
v -1.730038 -1.586549 0.373719
v -1.751370 -1.607752 0.377077
v -1.730039 -1.606621 0.120466
v -1.751370 -1.628091 0.120466
v -1.730038 -1.586549 -0.132789
v -1.751370 -1.607753 -0.136147
v 1.561701 1.364460 0.935830
v 1.561701 1.315765 1.011599
v 1.561700 1.384814 1.055974
v 1.561700 1.433509 0.980204
v 1.561700 1.384817 1.055977
v 1.561700 1.409524 1.061994
v 1.561700 1.428729 1.050526
v 1.677800 1.428729 1.050526
v 1.675820 1.409524 1.061994
v 1.671038 1.384817 1.055977
v 1.561700 1.446795 1.022415
v 1.561700 1.449248 1.000181
v 1.561700 1.433512 0.980207
v 1.671038 1.433512 0.980207
v 1.675820 1.449248 1.000181
v 1.677800 1.446795 1.022415
v 1.793876 1.349145 0.959660
v 1.783920 1.358309 0.941739
v 1.759882 1.358771 0.932173
v 1.793876 1.331079 0.987771
v 1.783920 1.318584 1.003550
v 1.759882 1.310076 1.007944
v 1.759879 1.400128 1.032146
v 1.752258 1.382889 1.044876
v 1.733860 1.362925 1.041908
v 1.759879 1.418194 1.004035
v 1.752258 1.422613 0.983064
v 1.733860 1.411620 0.966138
v 1.561701 0.433338 0.337435
v 1.759882 0.433337 0.337433
v 1.783920 0.428852 0.344413
v 1.793876 0.418023 0.361264
v 1.793876 0.399957 0.389375
v 1.783920 0.389128 0.406225
v 1.759882 0.384643 0.413204
v 1.561701 0.384643 0.413205
v 1.561701 -1.290900 -0.770666
v 1.561701 -1.339595 -0.694896
v 1.561700 -1.408643 -0.739271
v 1.561700 -1.359949 -0.815041
v 1.561700 -1.421930 -0.781481
v 1.561700 -1.424383 -0.759247
v 1.561700 -1.408646 -0.739272
v 1.671038 -1.408646 -0.739272
v 1.675820 -1.424383 -0.759247
v 1.677800 -1.421930 -0.781481
v 1.561700 -1.359951 -0.815043
v 1.561700 -1.384659 -0.821059
v 1.561700 -1.403864 -0.809592
v 1.677800 -1.403864 -0.809592
v 1.675820 -1.384659 -0.821059
v 1.671038 -1.359951 -0.815043
v 1.793876 -1.306214 -0.746836
v 1.783920 -1.293719 -0.762617
v 1.759882 -1.285212 -0.767010
v 1.793876 -1.324281 -0.718725
v 1.783920 -1.333443 -0.700804
v 1.759882 -1.333906 -0.691240
v 1.759879 -1.393329 -0.763100
v 1.752258 -1.397747 -0.742129
v 1.733860 -1.386755 -0.725204
v 1.759879 -1.375263 -0.791211
v 1.752258 -1.358023 -0.803942
v 1.733860 -1.338061 -0.800975
v 1.561701 -0.544989 -0.184234
v 1.759882 -0.544155 -0.183698
v 1.783920 -0.540259 -0.191058
v 1.793876 -0.529675 -0.208063
v 1.793877 -0.511609 -0.236174
v 1.783920 -0.500535 -0.252869
v 1.759882 -0.495461 -0.259467
v 1.561701 -0.496294 -0.260004
v 1.561701 1.539408 0.521892
v 1.561701 1.514032 0.608312
v 1.561700 1.592786 0.631436
v 1.561700 1.618161 0.545016
v 1.561700 1.592790 0.631437
v 1.561700 1.618191 0.630249
v 1.561700 1.633387 0.613836
v 1.677800 1.633387 0.613836
v 1.675820 1.618191 0.630249
v 1.671038 1.592790 0.631437
v 1.561700 1.642802 0.581774
v 1.561700 1.638891 0.559749
v 1.561700 1.618165 0.545017
v 1.671038 1.618165 0.545017
v 1.675820 1.638891 0.559749
v 1.677800 1.642802 0.581774
v 1.793876 1.531427 0.549071
v 1.783920 1.535170 0.529294
v 1.759882 1.532919 0.519987
v 1.793876 1.522013 0.581133
v 1.783920 1.514469 0.599794
v 1.759882 1.507544 0.606407
v 1.759879 1.600766 0.604257
v 1.752258 1.587812 0.621329
v 1.733860 1.567821 0.624106
v 1.759879 1.610181 0.572195
v 1.752258 1.608512 0.550829
v 1.733860 1.593196 0.537686
v 1.561701 0.477415 0.210063
v 1.759882 0.477414 0.210063
v 1.783920 0.475078 0.218023
v 1.793876 0.469434 0.237242
v 1.793876 0.460020 0.269305
v 1.783920 0.454377 0.288522
v 1.759882 0.452039 0.296482
v 1.561701 0.452040 0.296482
v 1.561701 -1.489167 -0.367377
v 1.561701 -1.514542 -0.280958
v 1.561700 -1.593296 -0.304081
v 1.561700 -1.567920 -0.390502
v 1.561700 -1.617936 -0.340839
v 1.561700 -1.614026 -0.318815
v 1.561700 -1.593299 -0.304083
v 1.671038 -1.593299 -0.304083
v 1.675820 -1.614026 -0.318815
v 1.677800 -1.617936 -0.340839
v 1.561700 -1.567924 -0.390502
v 1.561700 -1.593325 -0.389315
v 1.561700 -1.608522 -0.372901
v 1.677800 -1.608522 -0.372901
v 1.675820 -1.593325 -0.389315
v 1.671038 -1.567924 -0.390502
v 1.793876 -1.497147 -0.340198
v 1.783920 -1.489604 -0.358859
v 1.759882 -1.482679 -0.365473
v 1.793876 -1.506562 -0.308137
v 1.783920 -1.510304 -0.288360
v 1.759882 -1.508054 -0.279052
v 1.759879 -1.585315 -0.331260
v 1.752258 -1.583646 -0.309896
v 1.733860 -1.568331 -0.296751
v 1.759879 -1.575901 -0.363322
v 1.752258 -1.562946 -0.380395
v 1.733860 -1.542956 -0.383172
v 1.561701 -0.866881 -0.090788
v 1.759882 -0.864350 -0.090043
v 1.783920 -0.863803 -0.098531
v 1.793876 -0.858901 -0.117966
v 1.793876 -0.849487 -0.150029
v 1.783920 -0.843102 -0.169030
v 1.759881 -0.838975 -0.176465
v 1.561701 -0.841506 -0.177208
v 1.561701 1.079979 1.283711
v 1.561701 1.011910 1.342695
v 1.561700 1.065660 1.404724
v 1.561700 1.133729 1.345743
v 1.561700 1.065662 1.404727
v 1.561700 1.087673 1.417461
v 1.561700 1.109331 1.411869
v 1.677800 1.109331 1.411869
v 1.675820 1.087673 1.417461
v 1.671038 1.065662 1.404727
v 1.561700 1.134585 1.389987
v 1.561700 1.143203 1.369345
v 1.561700 1.133731 1.345745
v 1.671038 1.133731 1.345745
v 1.675820 1.143203 1.369345
v 1.677800 1.134585 1.389987
v 1.793876 1.058571 1.302262
v 1.783920 1.072412 1.287648
v 1.759882 1.075551 1.278601
v 1.793876 1.033317 1.324145
v 1.783920 1.016883 1.335765
v 1.759882 1.007482 1.337583
v 1.759879 1.087067 1.386175
v 1.752258 1.066939 1.393533
v 1.733860 1.048621 1.385060
v 1.759879 1.112321 1.364292
v 1.752258 1.122469 1.345417
v 1.733860 1.116690 1.326078
v 1.561701 0.355161 0.447228
v 1.759882 0.355161 0.447227
v 1.783920 0.348891 0.452660
v 1.793876 0.333754 0.465778
v 1.793876 0.308500 0.487660
v 1.783920 0.293362 0.500777
v 1.759882 0.287092 0.506209
v 1.561701 0.287092 0.506210
v 1.561701 -0.987045 -1.101760
v 1.561701 -1.055114 -1.042778
v 1.561700 -1.108864 -1.104809
v 1.561700 -1.040795 -1.163791
v 1.561700 -1.109720 -1.149052
v 1.561700 -1.118338 -1.128411
v 1.561700 -1.108866 -1.104811
v 1.671038 -1.108866 -1.104811
v 1.675820 -1.118338 -1.128411
v 1.677800 -1.109720 -1.149052
v 1.561700 -1.040797 -1.163793
v 1.561700 -1.062808 -1.176528
v 1.561700 -1.084466 -1.170934
v 1.677800 -1.084466 -1.170934
v 1.675820 -1.062808 -1.176528
v 1.671038 -1.040797 -1.163793
v 1.793876 -1.008452 -1.083210
v 1.783920 -0.992018 -1.094831
v 1.759882 -0.982617 -1.096650
v 1.793876 -1.033706 -1.061327
v 1.783920 -1.047547 -1.046714
v 1.759882 -1.050686 -1.037668
v 1.759879 -1.087456 -1.123359
v 1.752258 -1.097603 -1.104482
v 1.733860 -1.091825 -1.085146
v 1.759879 -1.062202 -1.145241
v 1.752258 -1.042074 -1.152599
v 1.733860 -1.023756 -1.144128
v 1.561701 -0.359136 -0.239578
v 1.759882 -0.358961 -0.239374
v 1.783920 -0.352815 -0.244951
v 1.793876 -0.337729 -0.258127
v 1.793876 -0.312475 -0.280010
v 1.783920 -0.297286 -0.293067
v 1.759882 -0.290891 -0.298358
v 1.561701 -0.291068 -0.298560
v 1.561701 0.709012 1.537355
v 1.561701 0.627083 1.574771
v 1.561700 0.661180 1.649432
v 1.561700 0.743109 1.612016
v 1.561700 0.661181 1.649435
v 1.561700 0.678713 1.667855
v 1.561700 0.701069 1.668591
v 1.677800 0.701069 1.668591
v 1.675820 0.678713 1.667855
v 1.671038 0.661181 1.649435
v 1.561700 0.731465 1.654709
v 1.561700 0.745549 1.637331
v 1.561700 0.743110 1.612020
v 1.671038 0.743110 1.612020
v 1.675820 0.745549 1.637331
v 1.677800 0.731465 1.654709
v 1.793876 0.683245 1.549122
v 1.783920 0.700643 1.539000
v 1.759882 0.706203 1.531204
v 1.793876 0.652849 1.563003
v 1.783920 0.633807 1.569523
v 1.759882 0.624273 1.568619
v 1.759879 0.686946 1.637665
v 1.752258 0.665560 1.639053
v 1.733860 0.650371 1.625763
v 1.759879 0.717342 1.623783
v 1.752258 0.732396 1.608531
v 1.733860 0.732300 1.588348
v 1.561701 0.249219 0.530550
v 1.759882 0.249219 0.530549
v 1.783920 0.241673 0.533996
v 1.793876 0.223452 0.542316
v 1.793876 0.193056 0.556198
v 1.783920 0.174837 0.564518
v 1.759882 0.167290 0.567964
v 1.561701 0.167290 0.567966
v 1.561701 -0.602217 -1.333837
v 1.561701 -0.684146 -1.296422
v 1.561700 -0.718243 -1.371082
v 1.561700 -0.636314 -1.408498
v 1.561700 -0.706600 -1.413775
v 1.561700 -0.720684 -1.396397
v 1.561700 -0.718245 -1.371086
v 1.671038 -0.718245 -1.371086
v 1.675820 -0.720684 -1.396397
v 1.677800 -0.706600 -1.413775
v 1.561700 -0.636316 -1.408500
v 1.561700 -0.653848 -1.426921
v 1.561700 -0.676204 -1.427657
v 1.677800 -0.676204 -1.427657
v 1.675820 -0.653848 -1.426921
v 1.671038 -0.636316 -1.408500
v 1.793876 -0.627984 -1.322070
v 1.783920 -0.608941 -1.328590
v 1.759882 -0.599409 -1.327686
v 1.793876 -0.658381 -1.308188
v 1.783920 -0.675777 -1.298066
v 1.759882 -0.681338 -1.290270
v 1.759879 -0.692477 -1.382849
v 1.752258 -0.707531 -1.367597
v 1.733860 -0.707435 -1.347415
v 1.759879 -0.662081 -1.396730
v 1.752258 -0.640695 -1.398120
v 1.733860 -0.625506 -1.384831
v 1.561701 -0.142425 -0.327032
v 1.759882 -0.142425 -0.327032
v 1.783920 -0.149971 -0.323585
v 1.793876 -0.168192 -0.315264
v 1.793876 -0.198588 -0.301383
v 1.783920 -0.216807 -0.293062
v 1.759882 -0.224354 -0.289616
v 1.561701 -0.224354 -0.289616
v 1.561701 0.281612 1.676210
v 1.561701 0.192461 1.689028
v 1.561700 0.204141 1.770271
v 1.561700 0.293293 1.757453
v 1.561700 0.204142 1.770274
v 1.561700 0.215775 1.792886
v 1.561700 0.237018 1.799892
v 1.677800 0.237018 1.799892
v 1.675820 0.215775 1.792886
v 1.671038 0.204142 1.770274
v 1.561700 0.270093 1.795136
v 1.561700 0.288503 1.782430
v 1.561700 0.293294 1.757457
v 1.671038 0.293294 1.757457
v 1.675820 0.288503 1.782430
v 1.677800 0.270093 1.795136
v 1.793876 0.253574 1.680241
v 1.783920 0.273118 1.675430
v 1.759882 0.280650 1.669516
v 1.793876 0.220498 1.684997
v 1.783920 0.200390 1.685887
v 1.759882 0.191498 1.682334
v 1.759879 0.232179 1.766240
v 1.752258 0.211269 1.761547
v 1.733860 0.200439 1.744517
v 1.759879 0.265255 1.761484
v 1.752258 0.283997 1.751091
v 1.733860 0.289590 1.731699
v 1.561701 0.124094 0.580649
v 1.759882 0.124094 0.580647
v 1.783920 0.115882 0.581829
v 1.793876 0.096056 0.584679
v 1.793876 0.062980 0.589435
v 1.783920 0.043154 0.592286
v 1.759882 0.034943 0.593466
v 1.561701 0.034943 0.593467
v 1.561701 -0.167595 -1.448095
v 1.561701 -0.256747 -1.435277
v 1.561700 -0.268428 -1.516519
v 1.561700 -0.179276 -1.529338
v 1.561700 -0.245229 -1.554202
v 1.561700 -0.263637 -1.541496
v 1.561700 -0.268428 -1.516523
v 1.671038 -0.268428 -1.516523
v 1.675820 -0.263637 -1.541496
v 1.677800 -0.245229 -1.554202
v 1.561700 -0.179277 -1.529340
v 1.561700 -0.190909 -1.551953
v 1.561700 -0.212153 -1.558958
v 1.677800 -0.212153 -1.558958
v 1.675820 -0.190909 -1.551953
v 1.671038 -0.179277 -1.529340
v 1.793876 -0.195634 -1.444063
v 1.783920 -0.175525 -1.444953
v 1.759882 -0.166633 -1.441401
v 1.793876 -0.228709 -1.439307
v 1.783920 -0.248253 -1.434497
v 1.759882 -0.255784 -1.428583
v 1.759879 -0.240390 -1.520550
v 1.752258 -0.259131 -1.510157
v 1.733860 -0.264725 -1.490766
v 1.759879 -0.207315 -1.525306
v 1.752258 -0.186403 -1.520613
v 1.733860 -0.175573 -1.503583
v 1.561701 -0.010077 -0.352534
v 1.759882 -0.010077 -0.352534
v 1.783920 -0.018289 -0.351353
v 1.793876 -0.038116 -0.348502
v 1.793876 -0.071191 -0.343747
v 1.783920 -0.091017 -0.340895
v 1.759882 -0.099229 -0.339715
v 1.561701 -0.099229 -0.339715
v 1.561701 -0.167595 1.689028
v 1.561701 -0.256747 1.676210
v 1.561700 -0.268427 1.757453
v 1.561700 -0.179276 1.770270
v 1.561700 -0.268428 1.757457
v 1.561700 -0.263637 1.782430
v 1.561700 -0.245228 1.795136
v 1.677800 -0.245228 1.795136
v 1.675820 -0.263637 1.782430
v 1.671038 -0.268428 1.757457
v 1.561700 -0.212153 1.799892
v 1.561700 -0.190909 1.792886
v 1.561700 -0.179276 1.770274
v 1.671038 -0.179276 1.770274
v 1.675820 -0.190909 1.792886
v 1.677800 -0.212153 1.799892
v 1.793876 -0.195633 1.684997
v 1.783920 -0.175525 1.685887
v 1.759882 -0.166633 1.682334
v 1.793876 -0.228709 1.680241
v 1.783920 -0.248253 1.675430
v 1.759882 -0.255784 1.669516
v 1.759879 -0.240390 1.761484
v 1.752258 -0.259131 1.751091
v 1.733860 -0.264725 1.731699
v 1.759879 -0.207314 1.766240
v 1.752258 -0.186403 1.761547
v 1.733860 -0.175573 1.744516
v 1.561701 -0.010077 0.593466
v 1.759882 -0.010077 0.593466
v 1.783920 -0.018289 0.592286
v 1.793876 -0.038115 0.589435
v 1.793876 -0.071191 0.584679
v 1.783920 -0.091017 0.581829
v 1.759882 -0.099229 0.580647
v 1.561701 -0.099229 0.580649
v -1.561701 1.568176 0.389645
v -1.561701 1.580996 0.300494
v -1.561700 1.662238 0.312176
v -1.561700 1.649420 0.401326
v -1.561700 1.691858 0.345052
v -1.561700 1.684854 0.323808
v -1.561700 1.662240 0.312176
v -1.671038 1.662240 0.312176
v -1.675820 1.684854 0.323808
v -1.677800 1.691858 0.345052
v -1.561700 1.649422 0.401327
v -1.561700 1.674396 0.396536
v -1.561700 1.687102 0.378127
v -1.677800 1.687102 0.378127
v -1.675820 1.674396 0.396536
v -1.671038 1.649422 0.401327
v -1.793876 1.572208 0.361607
v -1.783920 1.567396 0.381153
v -1.759882 1.561483 0.388684
v -1.793876 1.576962 0.328532
v -1.783920 1.577854 0.308426
v -1.759882 1.574302 0.299532
v -1.759879 1.658206 0.340213
v -1.752258 1.653514 0.319302
v -1.733860 1.636484 0.308472
v -1.759879 1.653451 0.373287
v -1.752258 1.643056 0.392032
v -1.733860 1.623665 0.397622
v -1.561701 0.472615 0.232128
v -1.759882 0.472617 0.232129
v -1.783920 0.473795 0.223916
v -1.793876 0.476647 0.204090
v -1.793876 0.481403 0.171014
v -1.783920 0.484252 0.151188
v -1.759882 0.485433 0.142977
v -1.561701 0.485433 0.142977
v -1.561701 -1.441871 -0.494184
v -1.561701 -1.404455 -0.576113
v -1.561700 -1.479117 -0.610209
v -1.561700 -1.516531 -0.528281
v -1.561700 -1.479121 -0.610211
v -1.561700 -1.504431 -0.612650
v -1.561700 -1.521809 -0.598566
v -1.677800 -1.521809 -0.598566
v -1.675820 -1.504431 -0.612650
v -1.671038 -1.479121 -0.610211
v -1.561700 -1.535689 -0.568171
v -1.561700 -1.534953 -0.545814
v -1.561700 -1.516534 -0.528281
v -1.671038 -1.516534 -0.528281
v -1.675820 -1.534953 -0.545814
v -1.677800 -1.535689 -0.568171
v -1.793876 -1.430103 -0.519951
v -1.783920 -1.436621 -0.500908
v -1.759882 -1.435720 -0.491374
v -1.793876 -1.416222 -0.550347
v -1.783920 -1.406100 -0.567742
v -1.759882 -1.398303 -0.573303
v -1.759879 -1.490882 -0.584443
v -1.752258 -1.475631 -0.599496
v -1.733860 -1.455447 -0.599400
v -1.759879 -1.504764 -0.554047
v -1.752258 -1.506154 -0.532662
v -1.733860 -1.492863 -0.517470
v -1.561701 -0.435065 -0.034390
v -1.759882 -0.435066 -0.034390
v -1.783920 -0.431619 -0.041937
v -1.793876 -0.423297 -0.060158
v -1.793876 -0.409416 -0.090554
v -1.783920 -0.401095 -0.108774
v -1.759882 -0.397650 -0.116320
v -1.561701 -0.397649 -0.116320
v -1.561701 1.429322 0.817046
v -1.561701 1.466736 0.735115
v -1.561700 1.541397 0.769213
v -1.561700 1.503983 0.851142
v -1.561700 1.560556 0.809102
v -1.561700 1.559821 0.786748
v -1.561700 1.541402 0.769214
v -1.671038 1.541402 0.769214
v -1.675820 1.559821 0.786748
v -1.677800 1.560556 0.809102
v -1.561700 1.503986 0.851143
v -1.561700 1.529296 0.853582
v -1.561700 1.546675 0.839499
v -1.677800 1.546675 0.839499
v -1.675820 1.529296 0.853582
v -1.671038 1.503986 0.851143
v -1.793876 1.441090 0.791280
v -1.783920 1.430966 0.808677
v -1.759882 1.423172 0.814237
v -1.793876 1.454970 0.760883
v -1.783920 1.461490 0.741841
v -1.759882 1.460586 0.732307
v -1.759879 1.529632 0.794978
v -1.752258 1.531020 0.773594
v -1.733860 1.517730 0.758405
v -1.759879 1.515750 0.825376
v -1.752258 1.500496 0.840429
v -1.733860 1.480315 0.840334
v -1.561701 0.422516 0.357253
v -1.759882 0.422516 0.357253
v -1.783920 0.425963 0.349706
v -1.793876 0.434284 0.331486
v -1.793876 0.448163 0.301092
v -1.783920 0.456486 0.282870
v -1.759882 0.459932 0.275324
v -1.561701 0.459931 0.275324
v -1.561701 -1.209794 -0.879011
v -1.561701 -1.150811 -0.947078
v -1.561700 -1.212844 -1.000829
v -1.561700 -1.271824 -0.932761
v -1.561700 -1.212845 -1.000832
v -1.561700 -1.236444 -1.010302
v -1.561700 -1.257087 -1.001686
v -1.677800 -1.257087 -1.001686
v -1.675820 -1.236444 -1.010302
v -1.671038 -1.212845 -1.000832
v -1.561700 -1.278967 -0.976432
v -1.561700 -1.284561 -0.954772
v -1.561700 -1.271827 -0.932762
v -1.671038 -1.271827 -0.932762
v -1.675820 -1.284561 -0.954772
v -1.677800 -1.278967 -0.976432
v -1.793876 -1.191244 -0.900419
v -1.783920 -1.202865 -0.883984
v -1.759882 -1.204683 -0.874582
v -1.793876 -1.169362 -0.925672
v -1.783920 -1.154747 -0.939512
v -1.759882 -1.145700 -0.942651
v -1.759879 -1.231392 -0.979422
v -1.752258 -1.212516 -0.989570
v -1.733860 -1.193178 -0.983791
v -1.759879 -1.253276 -0.954169
v -1.752258 -1.260632 -0.934040
v -1.733860 -1.252161 -0.915722
v -1.561701 -0.395952 -0.173812
v -1.759882 -0.395813 -0.173692
v -1.783920 -0.390479 -0.180047
v -1.793876 -0.377401 -0.195220
v -1.793876 -0.355517 -0.220476
v -1.783920 -0.342362 -0.235577
v -1.759882 -0.336830 -0.241761
v -1.561701 -0.336968 -0.241882
v -1.561701 1.175680 1.188013
v -1.561701 1.234661 1.119944
v -1.561700 1.296690 1.173694
v -1.561700 1.237709 1.241763
v -1.561700 1.303836 1.217365
v -1.561700 1.309428 1.195708
v -1.561700 1.296693 1.173695
v -1.671038 1.296693 1.173695
v -1.675820 1.309428 1.195708
v -1.677800 1.303836 1.217365
v -1.561700 1.237712 1.241764
v -1.561700 1.261313 1.251237
v -1.561700 1.281953 1.242619
v -1.677800 1.281953 1.242619
v -1.675820 1.261313 1.251237
v -1.671038 1.237712 1.241764
v -1.793876 1.194229 1.166604
v -1.783920 1.179614 1.180446
v -1.759882 1.170568 1.183586
v -1.793876 1.216110 1.141352
v -1.783920 1.227732 1.124917
v -1.759882 1.229551 1.115515
v -1.759879 1.278143 1.195102
v -1.752258 1.285500 1.174972
v -1.733860 1.277027 1.156653
v -1.759879 1.256260 1.220356
v -1.752258 1.237383 1.230503
v -1.733860 1.218046 1.224725
v -1.561701 0.339194 0.463195
v -1.759882 0.339195 0.463195
v -1.783920 0.344628 0.456926
v -1.793876 0.357743 0.441788
v -1.793876 0.379627 0.416534
v -1.783920 0.392744 0.401396
v -1.759882 0.398176 0.395126
v -1.561701 0.398176 0.395125
v -1.561701 -0.878700 -1.182866
v -1.561701 -0.802929 -1.231561
v -1.561700 -0.847304 -1.300610
v -1.561700 -0.923074 -1.251913
v -1.561700 -0.847308 -1.300611
v -1.561700 -0.867281 -1.316348
v -1.561700 -0.889514 -1.313896
v -1.677800 -0.889514 -1.313896
v -1.675820 -0.867281 -1.316348
v -1.671038 -0.847308 -1.300611
v -1.561700 -0.917626 -1.295831
v -1.561700 -0.929093 -1.276623
v -1.561700 -0.923077 -1.251918
v -1.671038 -0.923077 -1.251918
v -1.675820 -0.929093 -1.276623
v -1.677800 -0.917626 -1.295831
v -1.793876 -0.854871 -1.198180
v -1.783920 -0.870649 -1.185684
v -1.759882 -0.875044 -1.177177
v -1.793876 -0.826759 -1.216247
v -1.783920 -0.808838 -1.225410
v -1.759882 -0.799273 -1.225871
v -1.759879 -0.871134 -1.285295
v -1.752258 -0.850163 -1.289714
v -1.733860 -0.833237 -1.278720
v -1.759879 -0.899247 -1.267230
v -1.752258 -0.911976 -1.249990
v -1.733860 -0.909008 -1.230026
v -1.561701 -0.368154 -0.388441
v -1.759882 -0.367617 -0.387606
v -1.783920 -0.361017 -0.392681
v -1.793876 -0.344325 -0.403756
v -1.793876 -0.316213 -0.421822
v -1.783920 -0.299206 -0.432405
v -1.759882 -0.291847 -0.436300
v -1.561701 -0.292383 -0.437137
v -1.561701 0.827797 1.472494
v -1.561701 0.903568 1.423799
v -1.561700 0.947942 1.492847
v -1.561700 0.872171 1.541543
v -1.561700 0.942494 1.536763
v -1.561700 0.953961 1.517558
v -1.561700 0.947942 1.492851
v -1.671038 0.947942 1.492851
v -1.675820 0.953961 1.517558
v -1.677800 0.942494 1.536763
v -1.561700 0.872172 1.541546
v -1.561700 0.892149 1.557281
v -1.561700 0.914382 1.554829
v -1.677800 0.914382 1.554829
v -1.675820 0.892149 1.557281
v -1.671038 0.872172 1.541546
v -1.793876 0.851626 1.457179
v -1.783920 0.833704 1.466343
v -1.759882 0.824141 1.466806
v -1.793876 0.879737 1.439113
v -1.783920 0.895517 1.426619
v -1.759882 0.899911 1.418111
v -1.759879 0.924113 1.508162
v -1.752258 0.936843 1.490923
v -1.733860 0.933876 1.470961
v -1.759879 0.896002 1.526228
v -1.752258 0.875031 1.530646
v -1.733860 0.858104 1.519655
v -1.561701 0.229402 0.541371
v -1.759882 0.229402 0.541373
v -1.783920 0.236380 0.536886
v -1.793876 0.253230 0.526058
v -1.793876 0.281341 0.507991
v -1.783920 0.298191 0.497162
v -1.759882 0.305170 0.492677
v -1.561701 0.305170 0.492677
v -1.561701 0.057468 1.698682
v -1.561701 -0.032600 1.698683
v -1.561700 -0.032601 1.780761
v -1.561700 0.057467 1.780761
v -1.561700 -0.032601 1.780765
v -1.561700 -0.024307 1.804803
v -1.561700 -0.004275 1.814760
v -1.677800 -0.004275 1.814760
v -1.675820 -0.024307 1.804803
v -1.671038 -0.032601 1.780765
v -1.561700 0.029141 1.814758
v -1.561700 0.049170 1.804801
v -1.561700 0.057468 1.780763
v -1.671038 0.057468 1.780763
v -1.675820 0.049170 1.804801
v -1.677800 0.029141 1.814758
v -1.793876 0.029141 1.698683
v -1.783920 0.049170 1.696702
v -1.759882 0.057468 1.691921
v -1.793876 -0.004275 1.698682
v -1.783920 -0.024305 1.696702
v -1.759882 -0.032601 1.691919
v -1.759879 -0.004276 1.780760
v -1.752258 -0.024306 1.773140
v -1.733860 -0.032600 1.754742
v -1.759879 0.029141 1.780761
v -1.752258 0.049171 1.773140
v -1.733860 0.057467 1.754742
v -1.561701 0.057468 0.591856
v -1.759882 0.057467 0.591855
v -1.783920 0.049171 0.591857
v -1.793876 0.029141 0.591856
v -1.793876 -0.004276 0.591856
v -1.783920 -0.024305 0.591855
v -1.759882 -0.032601 0.591855
v -1.561701 -0.032601 0.591855
v -1.561701 0.057467 -1.457750
v -1.561701 -0.032601 -1.457750
v -1.561700 -0.032601 -1.539829
v -1.561700 0.057466 -1.539827
v -1.561700 -0.004275 -1.573826
v -1.561700 -0.024306 -1.563869
v -1.561700 -0.032601 -1.539831
v -1.671038 -0.032601 -1.539831
v -1.675820 -0.024306 -1.563869
v -1.677800 -0.004275 -1.573826
v -1.561700 0.057468 -1.539830
v -1.561700 0.049170 -1.563869
v -1.561700 0.029141 -1.573825
v -1.677800 0.029141 -1.573825
v -1.675820 0.049170 -1.563869
v -1.671038 0.057468 -1.539830
v -1.793876 0.029141 -1.457750
v -1.783920 0.049169 -1.455770
v -1.759882 0.057467 -1.450988
v -1.793876 -0.004276 -1.457750
v -1.783920 -0.024305 -1.455768
v -1.759882 -0.032601 -1.450988
v -1.759879 -0.004276 -1.539829
v -1.752258 -0.024306 -1.532208
v -1.733860 -0.032603 -1.513811
v -1.759879 0.029141 -1.539829
v -1.752258 0.049170 -1.532208
v -1.733860 0.057468 -1.513808
v -1.561701 -0.032601 -1.022171
v -1.759882 -0.032601 -1.018071
v -1.783920 -0.024304 -1.020969
v -1.793876 -0.004276 -1.022171
v -1.793876 0.029141 -1.022171
v -1.783920 0.049170 -1.020970
v -1.759882 0.057468 -1.018071
v -1.561701 0.057467 -1.022171
v -1.561701 -0.475411 -1.381133
v -1.561701 -0.388992 -1.406507
v -1.561700 -0.412115 -1.485262
v -1.561700 -0.498536 -1.459886
v -1.561700 -0.412116 -1.485264
v -1.561700 -0.426848 -1.505992
v -1.561700 -0.448873 -1.509903
v -1.677800 -0.448873 -1.509903
v -1.675820 -0.426848 -1.505992
v -1.671038 -0.412116 -1.485264
v -1.561700 -0.480934 -1.500488
v -1.561700 -0.497348 -1.485290
v -1.561700 -0.498537 -1.459891
v -1.671038 -0.498537 -1.459891
v -1.675820 -0.497348 -1.485290
v -1.677800 -0.480934 -1.500488
v -1.793876 -0.448232 -1.389113
v -1.783920 -0.466893 -1.381569
v -1.759882 -0.473505 -1.374643
v -1.793876 -0.416170 -1.398527
v -1.783920 -0.396394 -1.402270
v -1.759882 -0.387086 -1.400019
v -1.759879 -0.439294 -1.477282
v -1.752258 -0.417929 -1.475613
v -1.733860 -0.404784 -1.460295
v -1.759879 -0.471356 -1.467866
v -1.752258 -0.488429 -1.454912
v -1.733860 -0.491205 -1.434923
v -1.561701 -0.287682 -0.741782
v -1.759882 -0.286922 -0.739199
v -1.783920 -0.279498 -0.743361
v -1.793876 -0.260502 -0.749761
v -1.793876 -0.228439 -0.759177
v -1.783920 -0.208999 -0.764063
v -1.759882 -0.200502 -0.764573
v -1.561701 -0.201260 -0.767156
v -1.561701 0.413860 1.647441
v -1.561701 0.500279 1.622066
v -1.561700 0.523402 1.700820
v -1.561700 0.436983 1.726196
v -1.561700 0.505802 1.741421
v -1.561700 0.522216 1.726225
v -1.561700 0.523404 1.700824
v -1.671038 0.523404 1.700824
v -1.675820 0.522216 1.726225
v -1.677800 0.505802 1.741421
v -1.561700 0.436985 1.726198
v -1.561700 0.451714 1.746925
v -1.561700 0.473742 1.750835
v -1.677800 0.473742 1.750835
v -1.675820 0.451714 1.746925
v -1.671038 0.436985 1.726198
v -1.793876 0.441038 1.639461
v -1.783920 0.421261 1.643205
v -1.759882 0.411952 1.640955
v -1.793876 0.473099 1.630047
v -1.783920 0.491760 1.622503
v -1.759882 0.498375 1.615579
v -1.759879 0.496223 1.708799
v -1.752258 0.513295 1.695845
v -1.733860 0.516072 1.675855
v -1.759879 0.464163 1.718215
v -1.752258 0.442796 1.716546
v -1.733860 0.429653 1.701230
v -1.561701 0.102029 0.585449
v -1.759882 0.102028 0.585449
v -1.783920 0.109989 0.583111
v -1.793876 0.129208 0.577470
v -1.793876 0.161271 0.568055
v -1.783920 0.180487 0.562411
v -1.759882 0.188450 0.560074
v -1.561701 0.188448 0.560073
v -1.803830 0.134353 -0.254768
v -1.803830 0.244340 -0.198726
v -1.803830 0.331624 -0.111440
v -1.803830 0.387668 -0.001453
v -1.803830 0.406974 0.120467
v -1.803830 0.387667 0.242388
v -1.803830 0.331625 0.352374
v -1.803830 0.244340 0.439660
v -1.803830 0.134353 0.495701
v -1.803830 0.012434 0.515011
v -1.803830 -0.109492 0.495701
v -1.803830 -0.219474 0.439660
v -1.803830 -0.306761 0.352375
v -1.803830 -0.362802 0.242388
v -1.803830 -0.382116 0.120467
v -1.803830 -0.362802 -0.001453
v -1.803830 -0.306762 -0.111440
v -1.803830 -0.219476 -0.198726
v -1.803830 -0.109492 -0.254766
v -1.803830 0.012432 -0.274077
v -1.831245 0.134353 -0.254768
v -1.850627 0.131842 -0.247036
v -1.831245 0.244341 -0.198725
v -1.850627 0.239560 -0.192150
v -1.831245 0.331625 -0.111441
v -1.850627 0.325048 -0.106662
v -1.831245 0.387668 -0.001453
v -1.850627 0.379933 0.001058
v -1.831245 0.406974 0.120467
v -1.850627 0.398846 0.120467
v -1.831245 0.387667 0.242388
v -1.850627 0.379933 0.239875
v -1.831245 0.331625 0.352374
v -1.850627 0.325049 0.347596
v -1.831245 0.244339 0.439660
v -1.850627 0.239560 0.433084
v -1.831245 0.134352 0.495701
v -1.850627 0.131841 0.487970
v -1.831245 0.012434 0.515011
v -1.850627 0.012433 0.506883
v -1.831245 -0.109492 0.495701
v -1.850627 -0.106977 0.487970
v -1.831245 -0.219475 0.439661
v -1.850627 -0.214699 0.433085
v -1.831245 -0.306761 0.352375
v -1.850627 -0.300184 0.347597
v -1.831245 -0.362802 0.242388
v -1.850627 -0.355071 0.239876
v -1.831245 -0.382116 0.120467
v -1.850627 -0.373987 0.120467
v -1.831245 -0.362802 -0.001453
v -1.850627 -0.355071 0.001059
v -1.831245 -0.306761 -0.111440
v -1.850627 -0.300185 -0.106663
v -1.831245 -0.219475 -0.198725
v -1.850627 -0.214699 -0.192150
v -1.831245 -0.109492 -0.254766
v -1.850627 -0.106977 -0.247036
v -1.831245 0.012433 -0.274077
v -1.850627 0.012432 -0.265948
v -1.844709 0.199225 -0.136635
v -1.844709 0.110636 -0.181774
v -1.844709 0.269536 -0.066329
v -1.844709 0.314672 0.022262
v -1.844709 0.330226 0.120467
v -1.844709 0.314671 0.218672
v -1.844709 0.269535 0.307262
v -1.844709 0.199224 0.377570
v -1.844709 0.110636 0.422709
v -1.844709 0.012433 0.438265
v -1.844709 -0.085773 0.422709
v -1.844709 -0.174366 0.377570
v -1.844709 -0.244673 0.307264
v -1.844709 -0.289815 0.218672
v -1.844709 -0.305367 0.120467
v -1.844709 -0.289814 0.022262
v -1.844709 -0.244674 -0.066329
v -1.844709 -0.174366 -0.136635
v -1.844709 -0.085772 -0.181776
v -1.844709 0.012434 -0.197329
v -1.860389 0.126668 -0.231107
v -1.858794 0.116647 -0.200275
v -1.860389 0.012433 -0.249200
v -1.858794 0.012433 -0.216782
v -1.860389 0.229710 -0.178601
v -1.858794 0.210659 -0.152373
v -1.860389 0.311500 -0.096818
v -1.858794 0.285271 -0.077763
v -1.860389 0.364006 0.006233
v -1.858794 0.333174 0.016252
v -1.860388 0.382099 0.120467
v -1.858794 0.349678 0.120467
v -1.860388 0.364006 0.234703
v -1.858794 0.333174 0.224683
v -1.860388 0.311500 0.337753
v -1.858794 0.285270 0.318698
v -1.860389 0.229710 0.419535
v -1.858794 0.210659 0.393307
v -1.860389 0.126666 0.472042
v -1.858794 0.116647 0.441210
v -1.860389 0.012434 0.490135
v -1.858794 0.012433 0.457717
v -1.860389 -0.101803 0.472042
v -1.858794 -0.091785 0.441210
v -1.860389 -0.204853 0.419534
v -1.858794 -0.185797 0.393307
v -1.860389 -0.286635 0.337752
v -1.858794 -0.260411 0.318697
v -1.860388 -0.339146 0.234701
v -1.858794 -0.308314 0.224684
v -1.860389 -0.357241 0.120468
v -1.858795 -0.324820 0.120467
v -1.860388 -0.339146 0.006233
v -1.858794 -0.308312 0.016252
v -1.860389 -0.286635 -0.096818
v -1.858794 -0.260412 -0.077762
v -1.860389 -0.204853 -0.178599
v -1.858794 -0.185798 -0.152372
v -1.860389 -0.101803 -0.231108
v -1.858794 -0.091785 -0.200275
v -1.835594 0.156219 -0.077447
v -1.835594 0.088025 -0.112194
v -1.835594 0.012432 0.120467
v -1.835594 0.210343 -0.023327
v -1.835594 0.245089 0.044871
v -1.835594 0.257062 0.120466
v -1.835594 0.245089 0.196064
v -1.835594 0.210343 0.264260
v -1.835594 0.156219 0.318382
v -1.835594 0.088025 0.353129
v -1.835594 0.012431 0.365102
v -1.835594 -0.063167 0.353129
v -1.835594 -0.131363 0.318381
v -1.835594 -0.185484 0.264261
v -1.835594 -0.220236 0.196064
v -1.835594 -0.232208 0.120468
v -1.835594 -0.220236 0.044871
v -1.835594 -0.185484 -0.023327
v -1.835594 -0.131363 -0.077447
v -1.835594 -0.063167 -0.112194
v -1.835594 0.012431 -0.124167
v -1.852539 0.189125 -0.122736
v -1.850225 0.169692 -0.095989
v -1.852539 0.105327 -0.165435
v -1.850225 0.095107 -0.133992
v -1.852539 0.255633 -0.056230
v -1.850226 0.228886 -0.036798
v -1.852539 0.298334 0.027571
v -1.850226 0.266889 0.037787
v -1.852539 0.313043 0.120467
v -1.850225 0.279980 0.120468
v -1.852539 0.298334 0.213364
v -1.850226 0.266889 0.203146
v -1.852539 0.255635 0.297165
v -1.850226 0.228886 0.277732
v -1.852540 0.189125 0.363671
v -1.850226 0.169691 0.336923
v -1.852539 0.105327 0.406371
v -1.850226 0.095107 0.374926
v -1.852539 0.012434 0.421083
v -1.850226 0.012433 0.388022
v -1.852539 -0.080465 0.406371
v -1.850225 -0.070250 0.374927
v -1.852539 -0.164267 0.363671
v -1.850226 -0.144833 0.336923
v -1.852539 -0.230774 0.297165
v -1.850225 -0.204027 0.277731
v -1.852539 -0.273477 0.213362
v -1.850225 -0.242035 0.203146
v -1.852539 -0.288187 0.120467
v -1.850226 -0.255125 0.120468
v -1.852539 -0.273477 0.027571
v -1.850225 -0.242035 0.037789
v -1.852539 -0.230775 -0.056230
v -1.850225 -0.204028 -0.036796
v -1.852539 -0.164267 -0.122736
v -1.850226 -0.144834 -0.095988
v -1.852539 -0.080464 -0.165435
v -1.850225 -0.070249 -0.133992
v -1.852539 0.012433 -0.180148
v -1.850225 0.012432 -0.147087
v 1.714350 0.509058 -0.563076
v 1.713544 0.509716 -0.549252
v 1.702850 0.515876 -0.556424
v 1.714350 0.688353 -0.370615
v 1.702850 0.696074 -0.376226
v 1.714350 0.807025 -0.137711
v 1.702850 0.816102 -0.140657
v 1.714350 0.847916 0.120469
v 1.702850 0.857460 0.120469
v 1.714350 0.807025 0.378647
v 1.702850 0.816102 0.381597
v 1.714350 0.688353 0.611552
v 1.702850 0.696074 0.617162
v 1.702850 0.515877 0.797360
v 1.714350 0.510183 0.789722
v 1.714350 0.509059 0.804017
v 1.828066 0.515876 -0.556424
v 1.816567 0.510183 -0.548786
v 1.816567 0.509058 -0.563076
v 1.816567 0.688353 -0.370615
v 1.828066 0.696074 -0.376226
v 1.816567 0.807025 -0.137711
v 1.828066 0.816102 -0.140657
v 1.816567 0.847916 0.120469
v 1.828066 0.857460 0.120469
v 1.816567 0.807025 0.378647
v 1.828066 0.816102 0.381597
v 1.816567 0.688353 0.611552
v 1.828066 0.696074 0.617162
v 1.816567 0.509059 0.804017
v 1.817373 0.509716 0.790191
v 1.828066 0.515877 0.797360
v 1.815546 1.001859 -1.224115
v 1.828066 0.995741 -1.216901
v 1.815546 0.988569 -1.223068
v 1.828066 1.356551 -0.856091
v 1.816567 1.364273 -0.861700
v 1.828066 1.592539 -0.392939
v 1.816567 1.601616 -0.395887
v 1.828066 1.673855 0.120469
v 1.816567 1.683399 0.120469
v 1.828066 1.592539 0.633877
v 1.816567 1.601616 0.636824
v 1.828066 1.356552 1.097027
v 1.816567 1.364273 1.102640
v 1.815546 0.988570 1.464005
v 1.828066 0.995741 1.457839
v 1.815546 1.001860 1.465050
v 1.702850 0.995741 -1.216901
v 1.714350 1.001268 -1.224707
v 1.714350 0.989061 -1.223741
v 1.714350 1.364273 -0.861700
v 1.702850 1.356551 -0.856091
v 1.714350 1.601616 -0.395887
v 1.702850 1.592539 -0.392939
v 1.714350 1.683399 0.120469
v 1.702850 1.673855 0.120469
v 1.714350 1.601616 0.636824
v 1.702850 1.592539 0.633877
v 1.714350 1.364273 1.102640
v 1.702850 1.356552 1.097027
v 1.714350 0.989062 1.464684
v 1.715370 1.001860 1.465050
v 1.702850 0.995741 1.457839
v -1.561701 -0.802931 1.472493
v -1.561701 -0.878699 1.423798
v -1.561700 -0.923075 1.492849
v -1.561700 -0.847305 1.541542
v -1.561700 -0.923076 1.492851
v -1.561700 -0.929094 1.517557
v -1.561700 -0.917626 1.536763
v -1.677800 -0.917626 1.536763
v -1.675820 -0.929094 1.517557
v -1.671038 -0.923076 1.492851
v -1.561700 -0.889515 1.554829
v -1.561700 -0.867281 1.557283
v -1.561700 -0.847308 1.541545
v -1.671038 -0.847308 1.541545
v -1.675820 -0.867281 1.557283
v -1.677800 -0.889515 1.554829
v -1.793876 -0.826760 1.457181
v -1.783920 -0.808839 1.466343
v -1.759882 -0.799274 1.466805
v -1.793876 -0.854871 1.439113
v -1.783920 -0.870650 1.426618
v -1.759882 -0.875043 1.418108
v -1.759879 -0.899246 1.508162
v -1.752258 -0.911976 1.490921
v -1.733860 -0.909007 1.470959
v -1.759879 -0.871134 1.526229
v -1.752258 -0.850165 1.530646
v -1.733860 -0.833238 1.519653
v -1.561701 -0.204535 0.541371
v -1.759882 -0.204534 0.541370
v -1.783920 -0.211513 0.536887
v -1.793876 -0.228364 0.526056
v -1.793876 -0.256475 0.507992
v -1.783920 -0.273325 0.497162
v -1.759882 -0.280303 0.492676
v -1.561701 -0.280305 0.492676
v -1.561701 0.903566 -1.182866
v -1.561701 0.827795 -1.231561
v -1.561700 0.872171 -1.300610
v -1.561700 0.947941 -1.251915
v -1.561700 0.914380 -1.313896
v -1.561700 0.892147 -1.316350
v -1.561700 0.872171 -1.300612
v -1.671038 0.872171 -1.300612
v -1.675820 0.892147 -1.316350
v -1.677800 0.914380 -1.313896
v -1.561700 0.947944 -1.251917
v -1.561700 0.953958 -1.276626
v -1.561700 0.942492 -1.295830
v -1.677800 0.942492 -1.295830
v -1.675820 0.953958 -1.276626
v -1.671038 0.947944 -1.251917
v -1.793876 0.879737 -1.198181
v -1.783920 0.895517 -1.185687
v -1.759882 0.899910 -1.177177
v -1.793876 0.851626 -1.216246
v -1.783920 0.833704 -1.225410
v -1.759882 0.824139 -1.225874
v -1.759879 0.895999 -1.285296
v -1.752258 0.875030 -1.289713
v -1.733860 0.858104 -1.278723
v -1.759879 0.924113 -1.267230
v -1.752258 0.936842 -1.249990
v -1.733860 0.933875 -1.230026
v -1.561701 0.317132 -0.436955
v -1.759882 0.316598 -0.436121
v -1.783920 0.323958 -0.432226
v -1.793876 0.340964 -0.421640
v -1.793877 0.369073 -0.403575
v -1.783920 0.385769 -0.392502
v -1.759882 0.392367 -0.387426
v -1.561701 0.392905 -0.388261
v -1.561701 -0.388993 1.647441
v -1.561701 -0.475412 1.622066
v -1.561700 -0.498537 1.700820
v -1.561700 -0.412117 1.726197
v -1.561700 -0.498537 1.700823
v -1.561700 -0.497349 1.726225
v -1.561700 -0.480937 1.741423
v -1.677800 -0.480937 1.741423
v -1.675820 -0.497349 1.726225
v -1.671038 -0.498537 1.700823
v -1.561700 -0.448873 1.750837
v -1.561700 -0.426850 1.746925
v -1.561700 -0.412117 1.726198
v -1.671038 -0.412117 1.726198
v -1.675820 -0.426850 1.746925
v -1.677800 -0.448873 1.750837
v -1.793876 -0.416172 1.639461
v -1.783920 -0.396392 1.643204
v -1.759882 -0.387087 1.640953
v -1.793876 -0.448234 1.630047
v -1.783920 -0.466894 1.622503
v -1.759882 -0.473506 1.615578
v -1.759879 -0.471358 1.708799
v -1.752258 -0.488428 1.695845
v -1.733860 -0.491206 1.675855
v -1.759879 -0.439295 1.718215
v -1.752258 -0.417929 1.716547
v -1.733860 -0.404785 1.701230
v -1.561701 -0.077163 0.585449
v -1.759882 -0.077163 0.585449
v -1.783920 -0.085122 0.583111
v -1.793876 -0.104342 0.577468
v -1.793876 -0.136404 0.568053
v -1.783920 -0.155623 0.562410
v -1.759882 -0.163583 0.560073
v -1.561701 -0.163583 0.560074
v -1.561701 0.500278 -1.381132
v -1.561701 0.413857 -1.406507
v -1.561700 0.436981 -1.485262
v -1.561700 0.523403 -1.459888
v -1.561700 0.473738 -1.509902
v -1.561700 0.451715 -1.505992
v -1.561700 0.436982 -1.485264
v -1.671038 0.436982 -1.485264
v -1.675820 0.451715 -1.505992
v -1.677800 0.473738 -1.509902
v -1.561700 0.523402 -1.459888
v -1.561700 0.522215 -1.485291
v -1.561700 0.505802 -1.500488
v -1.677800 0.505802 -1.500488
v -1.675820 0.522215 -1.485291
v -1.671038 0.523402 -1.459888
v -1.793876 0.473098 -1.389113
v -1.783920 0.491759 -1.381570
v -1.759882 0.498373 -1.374645
v -1.793876 0.441037 -1.398528
v -1.783920 0.421260 -1.402270
v -1.759882 0.411953 -1.400019
v -1.759879 0.464159 -1.477282
v -1.752258 0.442795 -1.475612
v -1.733860 0.429651 -1.460297
v -1.759879 0.496221 -1.467867
v -1.752258 0.513294 -1.454912
v -1.733860 0.516071 -1.434923
v -1.561701 0.223687 -0.758847
v -1.759882 0.222944 -0.756317
v -1.783920 0.231430 -0.755768
v -1.793876 0.250865 -0.750869
v -1.793876 0.282928 -0.741453
v -1.783920 0.301930 -0.735069
v -1.759881 0.309365 -0.730942
v -1.561701 0.310107 -0.733472
v -1.561701 -1.150810 1.188013
v -1.561701 -1.209795 1.119943
v -1.561700 -1.271825 1.173693
v -1.561700 -1.212842 1.241763
v -1.561700 -1.271827 1.173696
v -1.561700 -1.284562 1.195707
v -1.561700 -1.278970 1.217365
v -1.677800 -1.278970 1.217365
v -1.675820 -1.284562 1.195707
v -1.671038 -1.271827 1.173696
v -1.561700 -1.257087 1.242618
v -1.561700 -1.236444 1.251237
v -1.561700 -1.212846 1.241765
v -1.671038 -1.212846 1.241765
v -1.675820 -1.236444 1.251237
v -1.677800 -1.257087 1.242618
v -1.793876 -1.169362 1.166605
v -1.783920 -1.154748 1.180446
v -1.759882 -1.145701 1.183586
v -1.793876 -1.191245 1.141351
v -1.783920 -1.202864 1.124915
v -1.759882 -1.204684 1.115516
v -1.759879 -1.253275 1.195101
v -1.752258 -1.260634 1.174973
v -1.733860 -1.252160 1.156655
v -1.759879 -1.231393 1.220355
v -1.752258 -1.212517 1.230502
v -1.733860 -1.193179 1.224722
v -1.561701 -0.314329 0.463195
v -1.759882 -0.314328 0.463194
v -1.783920 -0.319762 0.456926
v -1.793876 -0.332878 0.441788
v -1.793876 -0.354761 0.416534
v -1.783920 -0.367877 0.401397
v -1.759882 -0.373309 0.395125
v -1.561701 -0.373311 0.395126
v -1.561701 1.234659 -0.879011
v -1.561701 1.175678 -0.947080
v -1.561700 1.237709 -1.000828
v -1.561700 1.296690 -0.932761
v -1.561700 1.281952 -1.001687
v -1.561700 1.261311 -1.010303
v -1.561700 1.237711 -1.000832
v -1.671038 1.237711 -1.000832
v -1.675820 1.261311 -1.010303
v -1.677800 1.281952 -1.001687
v -1.561700 1.296694 -0.932763
v -1.561700 1.309429 -0.954772
v -1.561700 1.303834 -0.976433
v -1.677800 1.303834 -0.976433
v -1.675820 1.309429 -0.954772
v -1.671038 1.296694 -0.932763
v -1.793876 1.216110 -0.900418
v -1.783920 1.227731 -0.883984
v -1.759882 1.229549 -0.874583
v -1.793876 1.194226 -0.925673
v -1.783920 1.179615 -0.939512
v -1.759882 1.170568 -0.942652
v -1.759879 1.256259 -0.979422
v -1.752258 1.237381 -0.989570
v -1.733860 1.218047 -0.983791
v -1.759879 1.278141 -0.954168
v -1.752258 1.285500 -0.934040
v -1.733860 1.277027 -0.915722
v -1.561701 0.372478 -0.251103
v -1.759882 0.372274 -0.250927
v -1.783920 0.377850 -0.244781
v -1.793876 0.391027 -0.229696
v -1.793876 0.412911 -0.204440
v -1.783920 0.425967 -0.189251
v -1.759882 0.431257 -0.182857
v -1.561701 0.431460 -0.183034
v -1.561701 -1.404457 0.817047
v -1.561701 -1.441871 0.735117
v -1.561700 -1.516533 0.769213
v -1.561700 -1.479116 0.851142
v -1.561700 -1.516535 0.769216
v -1.561700 -1.534955 0.786747
v -1.561700 -1.535690 0.809105
v -1.677800 -1.535690 0.809105
v -1.675820 -1.534955 0.786747
v -1.671038 -1.516535 0.769216
v -1.561700 -1.521807 0.839500
v -1.561700 -1.504431 0.853583
v -1.561700 -1.479120 0.851143
v -1.671038 -1.479120 0.851143
v -1.675820 -1.504431 0.853583
v -1.677800 -1.521807 0.839500
v -1.793876 -1.416222 0.791279
v -1.783920 -1.406100 0.808677
v -1.759882 -1.398304 0.814236
v -1.793876 -1.430104 0.760882
v -1.783920 -1.436624 0.741840
v -1.759882 -1.435720 0.732309
v -1.759879 -1.504765 0.794979
v -1.752258 -1.506153 0.773594
v -1.733860 -1.492863 0.758403
v -1.759879 -1.490883 0.825377
v -1.752258 -1.475631 0.840430
v -1.733860 -1.455448 0.840334
v -1.561701 -0.397649 0.357252
v -1.759882 -0.397649 0.357253
v -1.783920 -0.401095 0.349706
v -1.793876 -0.409417 0.331486
v -1.793876 -0.423299 0.301091
v -1.783920 -0.431619 0.282870
v -1.759882 -0.435066 0.275324
v -1.561701 -0.435067 0.275324
v -1.561701 1.466737 -0.494184
v -1.561701 1.429322 -0.576113
v -1.561700 1.503982 -0.610211
v -1.561700 1.541397 -0.528281
v -1.561700 1.546674 -0.598566
v -1.561700 1.529298 -0.612650
v -1.561700 1.503986 -0.610211
v -1.671038 1.503986 -0.610211
v -1.675820 1.529298 -0.612650
v -1.677800 1.546674 -0.598566
v -1.561700 1.541401 -0.528281
v -1.561700 1.559820 -0.545815
v -1.561700 1.560557 -0.568170
v -1.677800 1.560557 -0.568170
v -1.675820 1.559820 -0.545815
v -1.671038 1.541401 -0.528281
v -1.793876 1.454969 -0.519951
v -1.783920 1.461489 -0.500908
v -1.759882 1.460586 -0.491375
v -1.793876 1.441087 -0.550346
v -1.783920 1.430965 -0.567744
v -1.759882 1.423170 -0.573304
v -1.759879 1.515749 -0.584443
v -1.752258 1.500498 -0.599497
v -1.733860 1.480317 -0.599401
v -1.759879 1.529630 -0.554046
v -1.752258 1.531020 -0.532661
v -1.733860 1.517731 -0.517474
v -1.561701 0.459932 -0.034390
v -1.759882 0.459930 -0.034392
v -1.783920 0.456485 -0.041938
v -1.793876 0.448165 -0.060158
v -1.793876 0.434282 -0.090554
v -1.783920 0.425963 -0.108774
v -1.759882 0.422516 -0.116320
v -1.561701 0.422516 -0.116320
v -1.561701 -1.543310 0.389644
v -1.561701 -1.556127 0.300494
v -1.561700 -1.637372 0.312176
v -1.561700 -1.624552 0.401326
v -1.561700 -1.637374 0.312176
v -1.561700 -1.659986 0.323809
v -1.561700 -1.666991 0.345051
v -1.677800 -1.666991 0.345051
v -1.675820 -1.659986 0.323809
v -1.671038 -1.637374 0.312176
v -1.561700 -1.662236 0.378127
v -1.561700 -1.649529 0.396536
v -1.561700 -1.624558 0.401328
v -1.671038 -1.624558 0.401328
v -1.675820 -1.649529 0.396536
v -1.677800 -1.662236 0.378127
v -1.793876 -1.547341 0.361608
v -1.783920 -1.542530 0.381152
v -1.759882 -1.536615 0.388683
v -1.793876 -1.552096 0.328533
v -1.783920 -1.552986 0.308425
v -1.759882 -1.549434 0.299532
v -1.759879 -1.633339 0.340213
v -1.752258 -1.628648 0.319302
v -1.733860 -1.611617 0.308472
v -1.759879 -1.628582 0.373289
v -1.752258 -1.618191 0.392031
v -1.733860 -1.598799 0.397624
v -1.561701 -0.447748 0.232128
v -1.759882 -0.447747 0.232127
v -1.783920 -0.448929 0.223917
v -1.793876 -0.451781 0.204089
v -1.793876 -0.456537 0.171014
v -1.783920 -0.459384 0.151188
v -1.759882 -0.460566 0.142977
v -1.561701 -0.460566 0.142977
v -1.561701 1.580995 -0.059560
v -1.561701 1.568177 -0.148713
v -1.561700 1.649420 -0.160395
v -1.561700 1.662238 -0.071242
v -1.561700 1.687102 -0.137194
v -1.561700 1.674397 -0.155605
v -1.561700 1.649422 -0.160394
v -1.671038 1.649422 -0.160394
v -1.675820 1.674397 -0.155605
v -1.677800 1.687102 -0.137194
v -1.561700 1.662240 -0.071242
v -1.561700 1.684852 -0.082877
v -1.561700 1.691858 -0.104119
v -1.677800 1.691858 -0.104119
v -1.675820 1.684852 -0.082877
v -1.671038 1.662240 -0.071242
v -1.793876 1.576964 -0.087600
v -1.783920 1.577852 -0.067491
v -1.759882 1.574301 -0.058599
v -1.793876 1.572207 -0.120675
v -1.783920 1.567397 -0.140219
v -1.759882 1.561484 -0.147751
v -1.759879 1.653450 -0.132357
v -1.752258 1.643058 -0.151097
v -1.733860 1.623666 -0.156691
v -1.759879 1.658207 -0.099281
v -1.752258 1.653512 -0.078369
v -1.733860 1.636482 -0.067539
v -1.561701 0.485433 0.097957
v -1.759882 0.485433 0.097957
v -1.783920 0.484252 0.089745
v -1.793876 0.481402 0.069917
v -1.793876 0.476647 0.036843
v -1.783920 0.473796 0.017017
v -1.759882 0.472615 0.008805
v -1.561701 0.472615 0.008805
v -1.561701 -1.556128 -0.059561
v -1.561701 -1.543310 -0.148713
v -1.561700 -1.624554 -0.160394
v -1.561700 -1.637370 -0.071242
v -1.561700 -1.624557 -0.160395
v -1.561700 -1.649529 -0.155604
v -1.561700 -1.662237 -0.137194
v -1.677800 -1.662237 -0.137194
v -1.675820 -1.649529 -0.155604
v -1.671038 -1.624557 -0.160395
v -1.561700 -1.666992 -0.104119
v -1.561700 -1.659986 -0.082875
v -1.561700 -1.637375 -0.071243
v -1.671038 -1.637375 -0.071243
v -1.675820 -1.659986 -0.082875
v -1.677800 -1.666992 -0.104119
v -1.793876 -1.552097 -0.087599
v -1.783920 -1.552987 -0.067491
v -1.759882 -1.549434 -0.058599
v -1.793876 -1.547340 -0.120674
v -1.783920 -1.542531 -0.140219
v -1.759882 -1.536615 -0.147751
v -1.759879 -1.628584 -0.132357
v -1.752258 -1.618190 -0.151098
v -1.733860 -1.598799 -0.156691
v -1.759879 -1.633340 -0.099280
v -1.752258 -1.628646 -0.078370
v -1.733860 -1.611615 -0.067541
v -1.561701 -0.460567 0.097956
v -1.759882 -0.460567 0.097957
v -1.783920 -0.459386 0.089745
v -1.793876 -0.456535 0.069919
v -1.793876 -0.451780 0.036844
v -1.783920 -0.448930 0.017017
v -1.759882 -0.447749 0.008804
v -1.561701 -0.447748 0.008805
v -1.714350 0.801221 0.423257
v -1.713544 0.788039 0.427470
v -1.702850 0.796561 0.431564
v -1.714350 0.661723 0.646255
v -1.702850 0.669142 0.652260
v -1.714350 0.467470 0.821163
v -1.702850 0.472665 0.829168
v -1.714350 0.228671 0.927482
v -1.702850 0.231141 0.936701
v -1.714350 -0.031293 0.954805
v -1.702850 -0.031794 0.964338
v -1.714350 -0.286976 0.900458
v -1.702850 -0.290398 0.909368
v -1.702850 -0.511094 0.781949
v -1.714350 -0.505190 0.774473
v -1.714350 -0.519288 0.777087
v -1.828066 0.796561 0.431564
v -1.816567 0.787710 0.428041
v -1.816567 0.801221 0.423257
v -1.816567 0.661723 0.646255
v -1.828066 0.669142 0.652260
v -1.816567 0.467470 0.821163
v -1.828066 0.472665 0.829168
v -1.816567 0.228671 0.927482
v -1.828066 0.231141 0.936701
v -1.816567 -0.031293 0.954805
v -1.828066 -0.031794 0.964338
v -1.816567 -0.286976 0.900458
v -1.828066 -0.290398 0.909368
v -1.816567 -0.519288 0.777087
v -1.817373 -0.505763 0.774144
v -1.828066 -0.511094 0.781949
v -1.815546 1.567282 0.728177
v -1.828066 1.558731 0.724134
v -1.815546 1.562832 0.715611
v -1.828066 1.303600 1.166034
v -1.816567 1.311016 1.172040
v -1.828066 0.917307 1.513853
v -1.816567 0.922504 1.521858
v -1.828066 0.442439 1.725278
v -1.816567 0.444910 1.734498
v -1.828066 -0.074521 1.779612
v -1.816567 -0.075017 1.789144
v -1.828066 -0.582967 1.671539
v -1.816567 -0.586390 1.680450
v -1.815546 -1.032681 1.411076
v -1.828066 -1.024868 1.416408
v -1.815546 -1.030251 1.424184
v -1.702850 1.558731 0.724134
v -1.714350 1.567701 0.727452
v -1.714350 1.563610 0.715911
v -1.714350 1.311016 1.172040
v -1.702850 1.303600 1.166034
v -1.714350 0.922504 1.521858
v -1.702850 0.917307 1.513853
v -1.714350 0.444910 1.734498
v -1.702850 0.442439 1.725278
v -1.714350 -0.075017 1.789144
v -1.702850 -0.074521 1.779612
v -1.714350 -0.586390 1.680450
v -1.702850 -0.582967 1.671539
v -1.714350 -1.033210 1.411728
v -1.715370 -1.030251 1.424184
v -1.702850 -1.024868 1.416408
v 1.561701 -1.290900 1.011600
v 1.561701 -1.339594 0.935829
v 1.561700 -1.408643 0.980204
v 1.561700 -1.359948 1.055975
v 1.561700 -1.408646 0.980207
v 1.561700 -1.424382 1.000181
v 1.561700 -1.421930 1.022414
v 1.677800 -1.421930 1.022414
v 1.675820 -1.424382 1.000181
v 1.671038 -1.408646 0.980207
v 1.561700 -1.403864 1.050526
v 1.561700 -1.384658 1.061993
v 1.561700 -1.359951 1.055977
v 1.671038 -1.359951 1.055977
v 1.675820 -1.384658 1.061993
v 1.677800 -1.403864 1.050526
v 1.793876 -1.306214 0.987770
v 1.783920 -1.293719 1.003549
v 1.759882 -1.285210 1.007944
v 1.793876 -1.324280 0.959659
v 1.783920 -1.333443 0.941738
v 1.759882 -1.333905 0.932173
v 1.759879 -1.393329 1.004034
v 1.752258 -1.397747 0.983063
v 1.733860 -1.386754 0.966137
v 1.759879 -1.375263 1.032145
v 1.752258 -1.358023 1.044876
v 1.733860 -1.338060 1.041907
v 1.561701 -0.496474 0.501054
v 1.759882 -0.495639 0.500517
v 1.783920 -0.500715 0.493917
v 1.793876 -0.511789 0.477225
v 1.793876 -0.529855 0.449113
v 1.783920 -0.540439 0.432105
v 1.759882 -0.544333 0.424747
v 1.561701 -0.545169 0.425284
v 1.561701 1.079979 -1.042779
v 1.561701 1.011910 -1.101761
v 1.561700 1.065660 -1.163791
v 1.561700 1.133729 -1.104809
v 1.561700 1.109331 -1.170936
v 1.561700 1.087674 -1.176528
v 1.561700 1.065662 -1.163794
v 1.671038 1.065662 -1.163794
v 1.675820 1.087674 -1.176528
v 1.677800 1.109331 -1.170936
v 1.561700 1.133731 -1.104812
v 1.561700 1.143203 -1.128411
v 1.561700 1.134585 -1.149054
v 1.677800 1.134585 -1.149054
v 1.675820 1.143203 -1.128411
v 1.671038 1.133731 -1.104812
v 1.793876 1.058571 -1.061329
v 1.783920 1.072412 -1.046715
v 1.759882 1.075551 -1.037668
v 1.793876 1.033317 -1.083211
v 1.783920 1.016883 -1.094831
v 1.759882 1.007482 -1.096650
v 1.759879 1.087067 -1.145242
v 1.752258 1.066939 -1.152600
v 1.733860 1.048621 -1.144128
v 1.759879 1.112321 -1.123359
v 1.752258 1.122469 -1.104483
v 1.733860 1.116691 -1.085146
v 1.561701 0.355162 -0.206295
v 1.759882 0.355162 -0.206295
v 1.783920 0.348892 -0.211728
v 1.793876 0.333754 -0.224844
v 1.793876 0.308500 -0.246727
v 1.783920 0.293362 -0.259843
v 1.759882 0.287093 -0.265277
v 1.561701 0.287093 -0.265277
v 1.561701 1.364460 -0.694897
v 1.561701 1.315766 -0.770667
v 1.561700 1.384814 -0.815042
v 1.561700 1.433509 -0.739272
v 1.561700 1.428729 -0.809593
v 1.561700 1.409524 -0.821060
v 1.561700 1.384817 -0.815044
v 1.671038 1.384817 -0.815044
v 1.675820 1.409524 -0.821060
v 1.677800 1.428729 -0.809593
v 1.561700 1.433511 -0.739273
v 1.561700 1.449248 -0.759249
v 1.561700 1.446795 -0.781482
v 1.677800 1.446795 -0.781482
v 1.675820 1.449248 -0.759249
v 1.671038 1.433511 -0.739273
v 1.793876 1.349146 -0.718726
v 1.783920 1.358309 -0.700805
v 1.759882 1.358772 -0.691241
v 1.793876 1.331080 -0.746838
v 1.783920 1.318585 -0.762617
v 1.759882 1.310077 -0.767011
v 1.759879 1.400128 -0.791213
v 1.752258 1.382889 -0.803942
v 1.733860 1.362926 -0.800975
v 1.759879 1.418194 -0.763101
v 1.752258 1.422613 -0.742131
v 1.733860 1.411621 -0.725205
v 1.561701 0.433338 -0.096501
v 1.759882 0.433338 -0.096501
v 1.783920 0.428853 -0.103480
v 1.793876 0.418023 -0.120330
v 1.793876 0.399958 -0.148442
v 1.783920 0.389129 -0.165291
v 1.759882 0.384644 -0.172271
v 1.561701 0.384643 -0.172271
v 1.561701 1.590649 0.075433
v 1.561701 1.590649 0.165501
v 1.561700 1.672727 0.165501
v 1.561700 1.672727 0.075433
v 1.561700 1.672731 0.165501
v 1.561700 1.696769 0.157205
v 1.561700 1.706725 0.137176
v 1.677800 1.706725 0.137176
v 1.675820 1.696769 0.157205
v 1.671038 1.672731 0.165501
v 1.561700 1.706725 0.103759
v 1.561700 1.696769 0.083730
v 1.561700 1.672731 0.075433
v 1.671038 1.672731 0.075433
v 1.675820 1.696769 0.083730
v 1.677800 1.706725 0.103759
v 1.793876 1.590649 0.103759
v 1.783920 1.588668 0.083730
v 1.759882 1.583886 0.075433
v 1.793876 1.590649 0.137176
v 1.783920 1.588668 0.157205
v 1.759882 1.583886 0.165501
v 1.759879 1.672727 0.137176
v 1.752258 1.665107 0.157205
v 1.733860 1.646708 0.165501
v 1.759879 1.672727 0.103759
v 1.752258 1.665107 0.083730
v 1.733860 1.646708 0.075433
v 1.561701 0.483822 0.075433
v 1.759882 0.483821 0.075433
v 1.783920 0.483822 0.083730
v 1.793876 0.483822 0.103759
v 1.793876 0.483822 0.137176
v 1.783920 0.483822 0.157205
v 1.759882 0.483821 0.165501
v 1.561701 0.483822 0.165501
vn -0.0000 -0.4270 -0.9043
vn 0.0347 -0.7966 -0.6035
vn -0.0000 -0.8265 -0.5629
vn -0.0000 0.2416 -0.9704
vn 0.1213 -0.3708 -0.9207
vn -0.0000 0.5748 -0.8183
vn 0.1105 0.9490 -0.2952
vn 0.1653 0.5644 -0.8088
vn -0.0000 0.9630 -0.2695
vn 0.0347 0.9778 0.2069
vn 0.7264 0.0749 -0.6832
vn 0.9839 0.1720 0.0493
vn 0.9838 -0.1498 -0.0987
vn 0.6487 0.5152 -0.5602
vn 0.0509 -0.7865 -0.6154
vn -0.0000 -0.9096 -0.4154
vn -0.0000 -0.9301 -0.3672
vn 0.0946 0.9106 0.4023
vn -0.0000 0.9096 0.4154
vn 0.0423 0.9094 0.4138
vn -0.0000 0.9199 0.3921
vn 0.4864 0.8623 -0.1410
vn 0.4862 -0.4584 -0.7439
vn 0.6941 -0.6450 -0.3197
vn 0.1351 0.1846 -0.9735
vn 0.6941 0.6640 0.2782
vn 0.9828 0.1679 0.0767
vn 0.9829 -0.1674 -0.0765
vn 0.1927 -0.9311 -0.3098
vn 0.6413 0.6979 0.3188
vn 0.0373 0.9090 0.4151
vn 0.6413 -0.6979 -0.3187
vn -0.0000 -0.5748 0.8183
vn 0.1105 -0.9490 0.2952
vn 0.1653 -0.5645 0.8087
vn -0.0000 -0.9630 0.2695
vn 0.0347 -0.9778 -0.2069
vn -0.0000 0.4269 0.9043
vn 0.0347 0.7966 0.6035
vn -0.0000 0.7731 0.6342
vn -0.0000 -0.2416 0.9704
vn 0.1213 0.3708 0.9207
vn 0.6526 -0.4979 0.5711
vn 0.2141 -0.1402 0.9667
vn 0.9839 0.1499 0.0977
vn 0.7236 -0.0549 0.6881
vn -0.0000 -0.9199 -0.3921
vn 0.0439 -0.9261 -0.3747
vn -0.0000 0.8938 0.4486
vn 0.0423 -0.9094 -0.4138
vn 0.0946 0.9003 0.4248
vn 0.4862 -0.8624 0.1407
vn 0.4862 0.4584 0.7439
vn 0.6941 0.6450 0.3197
vn 0.6941 -0.6640 -0.2782
vn 0.9547 -0.1944 0.2253
vn 0.1926 0.9311 0.3098
vn 0.6413 0.6979 0.3187
vn -0.0000 -0.6645 -0.7473
vn 0.0347 -0.9344 -0.3546
vn -0.0000 -0.9374 -0.3484
vn -0.0000 -0.0415 -0.9991
vn 0.1213 -0.6152 -0.7790
vn -0.0000 0.3210 -0.9471
vn 0.1105 0.8274 -0.5506
vn 0.1653 0.3138 -0.9350
vn -0.0000 0.8481 -0.5299
vn 0.0347 0.9964 -0.0770
vn 0.7260 -0.1207 -0.6770
vn 0.9839 0.1789 -0.0012
vn 0.9838 -0.1715 -0.0525
vn 0.1500 -0.1277 -0.9804
vn 0.6481 0.3366 -0.6831
vn 0.0509 -0.9281 -0.3689
vn -0.0000 -0.9898 -0.1423
vn -0.0000 -0.9910 -0.1336
vn 0.0946 0.9871 0.1294
vn -0.0000 0.9898 0.1423
vn 0.0423 0.9891 0.1409
vn -0.0000 0.9913 0.1317
vn 0.4864 0.7876 -0.3782
vn 0.4862 -0.6494 -0.5846
vn 0.6941 -0.7090 -0.1250
vn 0.6941 0.7155 0.0798
vn 0.9828 0.1827 0.0263
vn 0.9829 -0.1822 -0.0262
vn 0.1927 -0.9806 -0.0349
vn 0.6413 0.7595 0.1092
vn 0.0373 0.9891 0.1423
vn 0.6413 -0.7595 -0.1092
vn -0.0000 -0.7821 0.6232
vn 0.1105 -0.9938 0.0159
vn 0.1653 -0.7695 0.6169
vn -0.0000 -0.9999 -0.0127
vn 0.0347 -0.8799 -0.4739
vn -0.0000 0.1549 0.9879
vn 0.0347 0.5943 0.8035
vn -0.0000 0.5628 0.8266
vn -0.0000 -0.5052 0.8630
vn 0.1213 0.0964 0.9879
vn 0.6526 -0.6387 0.4076
vn 0.2141 -0.4069 0.8880
vn 0.9838 0.1158 0.1366
vn 0.7236 -0.2465 0.6447
vn -0.0000 -0.7469 -0.6649
vn 0.0439 -0.7830 -0.6204
vn -0.0000 0.7309 0.6825
vn -0.0000 -0.7558 -0.6549
vn 0.0423 -0.7560 -0.6532
vn 0.0946 0.7442 0.6612
vn -0.0000 0.7558 0.6549
vn 0.4862 -0.8671 -0.1080
vn 0.4862 0.2303 0.8429
vn 0.6940 0.5286 0.4888
vn 0.6940 -0.5591 -0.4537
vn 0.9547 -0.2504 0.1608
vn 0.1920 0.8062 0.5596
vn -0.0000 0.7557 0.6549
vn 0.6406 0.5804 0.5028
vn 0.0372 0.7551 0.6545
vn 0.9828 0.1396 0.1210
vn 0.9829 -0.1392 -0.1206
vn 0.6406 -0.5803 -0.5029
vn -0.0000 -0.7557 -0.6549
vn -0.0000 -0.9948 0.1014
vn 0.1105 -0.8446 -0.5239
vn 0.1653 -0.9808 0.1031
vn -0.0000 -0.8343 -0.5513
vn 0.0347 -0.4840 -0.8744
vn -0.0000 -0.4038 0.9148
vn 0.0347 0.0656 0.9972
vn -0.0000 -0.0790 0.9969
vn -0.0000 -0.8916 0.4528
vn 0.1213 -0.4530 0.8832
vn 0.6958 -0.6175 0.3668
vn 0.2141 -0.8225 0.5269
vn 0.9787 -0.2051 -0.0137
vn 0.7236 -0.6889 -0.0436
vn -0.0000 -0.3122 -0.9500
vn 0.0439 -0.3233 -0.9453
vn -0.0000 0.1423 0.9898
vn -0.0000 -0.2817 -0.9595
vn 0.0425 -0.2833 -0.9581
vn 0.0946 0.2685 0.9586
vn -0.0000 0.2817 0.9595
vn 0.4862 -0.6711 -0.5596
vn 0.9879 -0.0196 0.1535
vn 0.4862 -0.2620 0.8336
vn 0.6912 0.1721 0.7019
vn 0.6912 -0.2347 -0.6835
vn 0.1766 0.3770 0.9092
vn 0.6305 0.2187 0.7448
vn 0.0360 0.2799 0.9594
vn 0.9824 0.0527 0.1795
vn 0.9825 -0.0525 -0.1789
vn 0.6304 -0.2187 -0.7448
vn -0.7244 -0.0000 -0.6894
vn -0.9759 -0.0416 -0.2143
vn -1.0000 -0.0000 -0.0000
vn -0.7254 0.2127 -0.6546
vn -0.7254 0.4046 -0.5569
vn -0.7254 0.5569 -0.4046
vn -0.7261 0.6540 -0.2125
vn -0.7244 0.6894 -0.0000
vn -0.7261 0.6540 0.2125
vn -0.7244 0.5577 0.4052
vn -0.7254 0.4046 0.5569
vn -0.7254 0.2127 0.6546
vn -0.7254 -0.0000 0.6883
vn -0.9759 -0.0416 0.2143
vn -0.2878 -0.8626 0.4160
vn -0.9872 0.0375 -0.1552
vn -0.9402 0.0723 -0.3329
vn -0.7603 -0.5660 0.3187
vn 0.0563 -0.9196 -0.3889
vn 0.0372 -0.2551 -0.9662
vn 0.1879 -0.6307 -0.7529
vn 0.0693 -0.1879 -0.9797
vn 0.0581 -0.0000 -0.9983
vn 0.1958 0.4290 -0.8818
vn 0.1958 0.6805 -0.7061
vn 0.1958 0.8654 -0.4613
vn 0.0581 0.9983 -0.0000
vn 0.1958 0.9655 -0.1719
vn 0.0581 0.8077 0.5868
vn 0.1958 0.8822 0.4282
vn 0.1958 0.4613 0.8654
vn 0.1958 0.1712 0.9656
vn 0.1958 -0.1355 0.9712
vn 0.2064 -0.2938 0.9333
vn -0.7805 0.2799 0.5590
vn -0.0098 -0.5317 0.8469
vn 0.0558 -0.9196 0.3889
vn 0.1691 -0.8011 0.5741
vn -0.7338 -0.2336 0.6380
vn 0.0473 -0.9764 0.2106
vn 0.1960 -0.9713 -0.1348
vn 0.9997 -0.0039 -0.0248
vn 0.9973 -0.0000 -0.0729
vn 1.0000 -0.0000 -0.0000
vn 0.9973 0.0228 -0.0702
vn 0.9973 0.0429 -0.0590
vn 0.9973 0.0595 -0.0432
vn 0.9973 0.0699 -0.0227
vn 0.9973 0.0735 -0.0000
vn 0.9973 0.0702 0.0228
vn 0.9973 0.0595 0.0432
vn 0.9973 0.0432 0.0594
vn 0.9973 0.0227 0.0699
vn 0.9973 -0.0000 0.0729
vn 0.9997 -0.0039 0.0248
vn 0.6769 -0.7361 -0.0000
vn 0.6669 -0.6883 -0.2854
vn 0.9894 -0.1455 -0.0000
vn 0.9537 -0.2736 -0.1246
vn 0.6426 -0.5561 -0.5271
vn 0.9912 -0.0938 -0.0929
vn 0.5714 -0.2085 -0.7938
vn 0.8968 -0.2455 -0.3680
vn 0.6895 -0.1326 -0.7120
vn 0.6832 -0.0000 -0.7302
vn 0.6906 0.2344 -0.6842
vn 0.6832 0.4292 -0.5907
vn 0.6906 0.5917 -0.4157
vn 0.6906 0.6913 -0.2125
vn 0.6907 0.7231 0.0114
vn 0.6907 0.6841 0.2344
vn 0.6832 0.5908 0.4292
vn 0.6832 0.4292 0.5908
vn 0.6832 0.2257 0.6945
vn 0.6832 -0.0000 0.7302
vn 0.7084 -0.1433 0.6911
vn 0.9974 -0.0170 0.0701
vn 0.5057 -0.3513 0.7879
vn 0.9912 -0.0938 0.0928
vn 0.6534 -0.5692 0.4991
vn 0.9899 -0.1298 0.0574
vn 0.6740 -0.6874 0.2707
vn -0.0000 -0.6452 0.7640
vn 0.0347 -0.2181 0.9753
vn -0.0000 -0.2201 0.9755
vn -0.0000 -0.9831 0.1833
vn 0.1213 -0.6835 0.7198
vn -0.0000 -0.9831 -0.1830
vn 0.1105 -0.6628 -0.7406
vn 0.1653 -0.9701 -0.1776
vn -0.0000 -0.6452 -0.7640
vn 0.0347 -0.2181 -0.9753
vn 0.7260 -0.6529 0.2158
vn 0.9821 -0.0631 -0.1776
vn 0.9820 -0.0634 0.1777
vn 0.1500 -0.9522 0.2660
vn 0.6481 -0.7241 -0.2360
vn 0.0509 -0.2331 0.9711
vn -0.0000 -0.0000 1.0000
vn 0.0946 -0.0124 -0.9954
vn -0.0000 -0.0000 -1.0000
vn 0.0426 -0.0026 -0.9991
vn 0.4862 -0.4863 -0.7260
vn 0.4862 -0.4862 0.7260
vn 0.6876 -0.0444 0.7248
vn 0.6876 -0.0444 -0.7248
vn 0.1567 0.1036 0.9822
vn 0.6249 -0.0000 0.7807
vn 0.9821 -0.0000 0.1883
vn 0.9822 -0.0000 -0.1877
vn 0.6249 -0.0000 -0.7807
vn 0.0353 -0.0000 -0.9994
vn -0.0000 -0.8090 -0.5878
vn 0.1662 -0.9378 -0.3047
vn -0.0000 -0.9511 -0.3090
vn -0.0000 -0.5878 -0.8090
vn 0.1943 -0.7770 -0.5988
vn 0.1663 -0.3047 -0.9378
vn 0.1943 -0.5540 -0.8096
vn -0.0000 -0.3090 -0.9511
vn -0.0000 0.3090 -0.9511
vn 0.1943 0.0277 -0.9805
vn -0.0000 0.5878 -0.8090
vn 0.1944 0.3294 -0.9240
vn 0.1663 0.7978 -0.5796
vn 0.1943 0.5987 -0.7770
vn -0.0000 0.8090 -0.5878
vn 0.1662 0.9378 -0.3047
vn -0.0000 1.0000 -0.0000
vn -0.0000 0.9511 -0.3090
vn 0.1663 0.9378 0.3047
vn 0.1943 0.9805 0.0277
vn -0.0000 0.8090 0.5878
vn -0.0000 0.9511 0.3090
vn -0.0000 0.5878 0.8090
vn 0.1943 0.7770 0.5988
vn -0.0000 0.3090 0.9511
vn 0.1943 0.5539 0.8096
vn 0.1663 -0.0000 0.9861
vn 0.1943 0.2767 0.9411
vn 0.1663 -0.3047 0.9378
vn -0.0000 -0.5878 0.8090
vn -0.0000 -0.3090 0.9511
vn -0.0000 -0.8090 0.5878
vn 0.1943 -0.5988 0.7770
vn -0.0000 -0.9511 0.3090
vn 0.1943 -0.8096 0.5539
vn -0.0000 -1.0000 -0.0000
vn 0.1943 -0.9411 0.2766
vn 0.1943 -0.9805 -0.0277
vn 0.9928 0.1143 0.0371
vn 0.9926 0.0980 0.0712
vn 0.9928 0.0707 0.0972
vn 0.9928 0.0369 0.1137
vn 0.9926 -0.0000 0.1212
vn 0.9928 -0.0369 0.1137
vn 0.9928 -0.0706 0.0972
vn 0.9926 -0.0981 0.0711
vn 0.9928 -0.1137 0.0369
vn 0.9926 -0.1211 -0.0001
vn 0.9928 -0.1137 -0.0369
vn 0.9928 -0.0972 -0.0706
vn 0.9926 -0.0712 -0.0980
vn 0.9928 -0.0370 -0.1137
vn 0.9926 -0.0000 -0.1212
vn 0.9928 0.0369 -0.1137
vn 0.9926 0.0712 -0.0980
vn 0.9928 0.0972 -0.0707
vn 0.9928 0.1137 -0.0370
vn 0.9928 0.1202 -0.0000
vn 0.6291 -0.7383 -0.2433
vn 0.6290 -0.6290 -0.4570
vn 0.6288 -0.4570 -0.6291
vn 0.6289 -0.2403 -0.7394
vn 0.6289 -0.0000 -0.7775
vn 0.6289 0.2403 -0.7394
vn 0.6288 0.4570 -0.6291
vn 0.6289 0.6290 -0.4570
vn 0.6289 0.7394 -0.2403
vn 0.6287 0.7776 -0.0000
vn 0.6289 0.7394 0.2402
vn 0.6289 0.6290 0.4570
vn 0.6287 0.4571 0.6291
vn 0.6289 0.2403 0.7395
vn 0.6289 -0.0000 0.7775
vn 0.6289 -0.2403 0.7394
vn 0.6288 -0.4570 0.6291
vn 0.6290 -0.6290 0.4570
vn 0.6289 -0.7394 0.2402
vn 0.6456 -0.7634 0.0199
vn 0.9661 0.2496 0.0664
vn 0.9796 -0.2007 -0.0000
vn 0.9799 -0.1898 -0.0617
vn 0.9797 -0.1621 -0.1177
vn 0.9668 0.2068 0.1502
vn 0.9669 0.2427 -0.0789
vn 0.9797 -0.1905 0.0619
vn 0.9796 -0.1180 -0.1624
vn 0.9670 0.1497 0.2060
vn 0.9667 0.0791 0.2435
vn 0.9798 -0.0000 -0.2001
vn 0.9670 -0.0000 0.2546
vn 0.9667 -0.0791 0.2433
vn 0.9796 0.1180 -0.1624
vn 0.9669 -0.1500 0.2065
vn 0.9668 -0.2068 0.1502
vn 0.9696 0.2267 -0.0916
vn 0.9667 -0.2435 0.0791
vn 0.9796 0.2007 -0.0000
vn 0.9669 -0.2552 -0.0000
vn 0.9669 -0.2427 -0.0789
vn 0.9697 0.2071 0.1300
vn 0.9668 -0.2068 -0.1502
vn 0.9696 0.1572 0.1874
vn 0.9667 -0.1505 -0.2071
vn 0.9797 0.0619 0.1906
vn 0.9669 -0.0788 -0.2427
vn 0.9797 -0.0000 0.2004
vn 0.9667 -0.0000 -0.2559
vn 0.9797 -0.0620 0.1907
vn 0.9669 0.0789 -0.2427
vn 0.9667 0.1504 -0.2070
vn 0.9798 -0.1617 0.1175
vn 0.9668 0.2068 -0.1502
vn 0.9652 -0.1394 -0.2212
vn 0.9652 0.0172 -0.2609
vn 0.9652 0.2209 -0.1400
vn 0.9652 0.2007 0.1676
vn 0.9652 -0.0970 0.2428
vn 0.9721 0.1896 0.1378
vn 0.9724 0.2218 0.0721
vn 0.9719 0.1383 0.1904
vn 0.9718 -0.0000 0.2360
vn 0.9873 -0.0373 0.1542
vn 0.9872 -0.1226 0.1019
vn 0.9871 -0.1490 0.0583
vn 0.9871 -0.1597 0.0093
vn 0.9721 -0.2344 -0.0000
vn 0.9872 -0.1546 -0.0392
vn 0.9719 -0.2238 -0.0727
vn 0.9871 -0.0583 -0.1490
vn 0.9719 -0.0727 -0.2238
vn 0.9872 -0.0104 -0.1591
vn 0.9721 0.0724 -0.2230
vn 0.9871 0.0863 -0.1347
vn 0.9721 0.1378 -0.1896
vn 0.9721 0.1897 -0.1378
vn 0.9719 0.2238 -0.0727
vn 0.9450 0.3233 0.0492
vn 0.9871 0.1347 0.0863
vn 0.9660 0.2161 0.1420
vn 0.9897 -0.1359 -0.0441
vn 0.9897 -0.1156 -0.0840
vn 0.9666 0.1506 0.2072
vn 0.9581 0.2593 0.1217
vn 0.9897 -0.1428 -0.0000
vn 0.9835 -0.0595 -0.1711
vn 0.9666 0.0792 0.2437
vn 0.9898 -0.0000 -0.1426
vn 0.9666 -0.0000 0.2561
vn 0.9666 -0.0792 0.2437
vn 0.9897 0.0840 -0.1156
vn 0.9666 -0.1506 0.2072
vn 0.9897 0.1156 -0.0840
vn 0.9666 -0.2073 0.1506
vn 0.9897 0.1359 -0.0441
vn 0.9897 0.1428 -0.0000
vn 0.9666 -0.2563 -0.0000
vn 0.9897 0.1359 0.0441
vn 0.9667 -0.2435 -0.0791
vn 0.9897 0.1156 0.0840
vn 0.9667 -0.2071 -0.1505
vn 0.9666 -0.1506 -0.2073
vn 0.9834 0.0596 0.1711
vn 0.9666 -0.0792 -0.2437
vn 0.9898 -0.0000 0.1426
vn 0.9666 -0.0000 -0.2561
vn 0.9666 0.0792 -0.2437
vn 0.9897 -0.0840 0.1156
vn 0.9666 0.1506 -0.2073
vn 0.9897 -0.1156 0.0840
vn 0.9667 0.2071 -0.1505
vn 0.9667 0.2435 -0.0791
vn 0.9835 -0.1811 0.0038
vn 0.9545 0.2961 0.0359
vn 0.9796 -0.1152 -0.1648
vn 0.9796 0.0037 -0.2010
vn 0.9657 0.0802 0.2469
vn 0.9796 -0.0034 0.2011
vn -0.0000 0.4038 -0.9148
vn 0.0347 -0.0656 -0.9972
vn -0.0000 -0.1068 -0.9943
vn -0.0000 0.8916 -0.4528
vn 0.1213 0.4530 -0.8832
vn -0.0000 0.9948 -0.1014
vn 0.1105 0.8446 0.5239
vn 0.1653 0.9808 -0.1031
vn -0.0000 0.8343 0.5513
vn 0.0347 0.4840 0.8744
vn 0.9713 -0.0494 -0.2327
vn 0.6957 0.7179 -0.0248
vn 0.9838 0.0764 0.1623
vn 0.6530 0.6358 -0.4117
vn 0.0509 -0.0499 -0.9975
vn -0.0000 -0.3230 -0.9464
vn 0.0946 0.2923 0.9516
vn 0.0423 0.2827 0.9583
vn -0.0000 0.3352 0.9421
vn 0.4864 0.6712 0.5593
vn 0.4865 0.2623 -0.8334
vn 0.6941 -0.1808 -0.6968
vn 0.1351 0.8566 -0.4980
vn 0.6941 0.2246 0.6840
vn 0.9828 -0.0520 -0.1771
vn 0.1926 -0.3756 -0.9065
vn 0.6413 0.2162 0.7362
vn 0.0373 0.2815 0.9588
vn 0.9829 0.0518 0.1766
vn 0.6413 -0.2162 -0.7362
vn 0.7254 0.6883 -0.0000
vn 0.9732 0.2258 -0.0436
vn 0.7244 0.6556 0.2130
vn 0.7254 0.5569 0.4046
vn 0.7254 0.4046 0.5569
vn 0.7254 0.2127 0.6546
vn 0.7254 -0.0000 0.6883
vn 0.7254 -0.2127 0.6546
vn 0.7254 -0.4046 0.5569
vn 0.7254 -0.5569 0.4046
vn 0.7254 -0.6546 0.2127
vn 0.7254 -0.6883 -0.0000
vn 0.9759 -0.2143 -0.0416
vn 0.2842 0.4130 -0.8653
vn 0.9872 -0.1552 0.0375
vn 0.9402 -0.3329 0.0723
vn 0.7586 0.6513 0.0170
vn -0.0527 0.6861 -0.7256
vn -0.0817 0.5519 -0.8299
vn -0.0363 0.9663 -0.2547
vn -0.0587 0.9983 -0.0000
vn -0.0581 0.9494 0.3085
vn -0.0855 0.7554 0.6496
vn -0.0855 0.5177 0.8513
vn -0.0854 0.2293 0.9696
vn -0.0855 -0.0815 0.9930
vn -0.0855 -0.3844 0.9192
vn -0.0855 -0.6496 0.7554
vn -0.0855 -0.8513 0.5177
vn -0.0856 -0.9696 0.2294
vn -0.0854 -0.9930 -0.0816
vn -0.1763 -0.9393 -0.2945
vn 0.0375 -0.9373 -0.3466
vn -0.1047 -0.7913 -0.6024
vn -0.0563 -0.3888 -0.9196
vn -0.0583 -0.0000 -0.9983
vn -0.0998 -0.2019 -0.9743
vn -0.1833 0.2502 -0.9507
vn -0.9997 0.0242 -0.0038
vn -0.9973 0.0735 -0.0000
vn -0.9973 0.0702 0.0228
vn -0.9973 0.0595 0.0432
vn -0.9973 0.0429 0.0590
vn -0.9973 0.0227 0.0699
vn -0.9973 -0.0000 0.0738
vn -0.9973 -0.0227 0.0699
vn -0.9973 -0.0432 0.0594
vn -0.9973 -0.0595 0.0432
vn -0.9973 -0.0699 0.0227
vn -0.9973 -0.0729 -0.0000
vn -0.9997 -0.0248 -0.0039
vn -0.6769 -0.0000 -0.7361
vn -0.6669 0.2910 -0.6860
vn -0.9894 -0.0000 -0.1455
vn -0.9899 0.0574 -0.1298
vn -0.6426 0.5271 -0.5561
vn -0.9644 0.0972 -0.2459
vn -0.5723 0.7933 -0.2076
vn -0.9283 0.3664 0.0634
vn -0.6896 0.7120 -0.1326
vn -0.2065 0.9332 -0.2941
vn -0.6906 0.7231 -0.0115
vn -0.6835 0.6934 0.2283
vn -0.6832 0.5907 0.4292
vn -0.6832 0.4292 0.5908
vn -0.6906 0.2345 0.6841
vn -0.6835 -0.0028 0.7300
vn -0.6832 -0.2256 0.6945
vn -0.6832 -0.4292 0.5908
vn -0.6832 -0.5908 0.4292
vn -0.6832 -0.6945 0.2256
vn -0.6832 -0.7303 -0.0000
vn -0.6914 -0.7093 -0.1371
vn -0.9206 -0.2584 -0.2927
vn -0.5664 -0.7961 -0.2132
vn -0.9644 -0.0972 -0.2459
vn -0.6425 -0.5214 -0.5616
vn -0.9718 -0.0148 -0.2352
vn -0.6668 -0.2860 -0.6882
vn -0.2969 -0.6502 -0.6994
vn 0.0940 -0.8504 -0.5177
vn 0.0104 -0.9510 -0.3090
vn 0.0438 -0.9501 -0.3087
vn 0.0104 -0.8090 -0.5878
vn 0.0065 -0.8927 -0.4506
vn 0.0937 -0.8478 -0.5220
vn 0.0104 -0.7071 -0.7071
vn 0.0941 -0.7550 -0.6490
vn 0.0104 -0.5878 -0.8090
vn 0.0446 -0.4535 -0.8901
vn 0.0104 -0.4540 -0.8910
vn 0.0104 -0.3090 -0.9510
vn 0.0446 -0.1563 -0.9867
vn 0.0104 -0.1564 -0.9876
vn 0.0105 -0.0000 -0.9999
vn 0.0446 0.1563 -0.9867
vn 0.0104 0.1564 -0.9876
vn 0.0104 0.3090 -0.9510
vn 0.0446 0.4535 -0.8901
vn 0.0104 0.4540 -0.8910
vn 0.0104 0.5878 -0.8090
vn 0.0446 0.7064 -0.7064
vn 0.0104 0.7071 -0.7071
vn 0.0104 0.8090 -0.5878
vn 0.0449 0.8901 -0.4535
vn 0.0104 0.8910 -0.4540
vn 0.0937 0.9676 -0.2344
vn 0.0030 0.9506 -0.3104
vn 0.0446 0.9867 -0.1563
vn 0.0104 0.9876 -0.1564
vn 0.0104 0.9999 -0.0000
vn 0.0446 0.9867 0.1563
vn 0.0104 0.9876 0.1564
vn 0.0104 0.9510 0.3090
vn 0.0446 0.8901 0.4535
vn 0.0104 0.8910 0.4540
vn 0.0104 0.8090 0.5878
vn 0.0446 0.7064 0.7064
vn 0.0103 0.7071 0.7071
vn 0.0105 0.5878 0.8090
vn 0.0446 0.4535 0.8901
vn 0.0104 0.4540 0.8910
vn 0.0105 0.3090 0.9510
vn 0.0446 0.1563 0.9867
vn 0.0104 0.1564 0.9876
vn 0.0105 -0.0000 0.9999
vn 0.0446 -0.1563 0.9867
vn 0.0104 -0.1564 0.9876
vn 0.0105 -0.3090 0.9510
vn 0.0446 -0.4536 0.8901
vn 0.0104 -0.4540 0.8910
vn 0.0104 -0.5878 0.8090
vn 0.0446 -0.7064 0.7064
vn 0.0104 -0.7071 0.7071
vn 0.0104 -0.8090 0.5878
vn 0.0446 -0.8901 0.4535
vn 0.0104 -0.8910 0.4540
vn 0.0105 -0.9510 0.3090
vn 0.0449 -0.9867 0.1563
vn 0.0104 -0.9876 0.1564
vn 0.0937 -0.9927 -0.0761
vn 0.0029 -1.0000 0.0015
vn 0.0446 -0.9867 -0.1563
vn 0.0104 -0.9876 -0.1564
vn 0.9332 -0.3540 0.0623
vn 1.0000 -0.0037 -0.0012
vn 0.9877 -0.1486 -0.0483
vn 1.0000 -0.0031 -0.0023
vn 1.0000 -0.0030 -0.0015
vn 0.9884 -0.1076 -0.1076
vn 1.0000 -0.0024 -0.0024
vn 1.0000 -0.0023 -0.0031
vn 0.9884 -0.0691 -0.1356
vn 1.0000 -0.0015 -0.0030
vn 1.0000 -0.0010 -0.0032
vn 0.9884 -0.0238 -0.1503
vn 1.0000 -0.0005 -0.0033
vn 1.0000 -0.0000 -0.0037
vn 0.9884 0.0238 -0.1503
vn 1.0000 0.0005 -0.0033
vn 1.0000 0.0010 -0.0032
vn 0.9884 0.0691 -0.1356
vn 1.0000 0.0015 -0.0030
vn 1.0000 0.0023 -0.0031
vn 0.9884 0.1076 -0.1076
vn 1.0000 0.0024 -0.0024
vn 1.0000 0.0031 -0.0023
vn 0.9884 0.1356 -0.0691
vn 1.0000 0.0030 -0.0015
vn 1.0000 0.0037 -0.0012
vn 0.9884 0.1503 -0.0238
vn 1.0000 0.0033 -0.0005
vn 1.0000 0.0037 -0.0000
vn 0.9884 0.1503 0.0238
vn 1.0000 0.0033 0.0005
vn 1.0000 0.0037 0.0012
vn 0.9884 0.1356 0.0691
vn 1.0000 0.0033 0.0017
vn 1.0000 0.0031 0.0023
vn 0.9884 0.1076 0.1076
vn 1.0000 0.0024 0.0024
vn 1.0000 0.0023 0.0031
vn 0.9884 0.0691 0.1356
vn 1.0000 0.0015 0.0030
vn 1.0000 0.0012 0.0037
vn 0.9884 0.0238 0.1503
vn 1.0000 0.0005 0.0033
vn 1.0000 -0.0000 0.0037
vn 0.9884 -0.0238 0.1503
vn 1.0000 -0.0005 0.0033
vn 1.0000 -0.0010 0.0032
vn 0.9884 -0.0691 0.1356
vn 1.0000 -0.0015 0.0030
vn 1.0000 -0.0023 0.0031
vn 0.9884 -0.1076 0.1076
vn 1.0000 -0.0024 0.0024
vn 1.0000 -0.0031 0.0023
vn 0.9884 -0.1356 0.0691
vn 1.0000 -0.0030 0.0015
vn 1.0000 -0.0037 0.0012
vn 0.9884 -0.1503 0.0238
vn 1.0000 -0.0033 0.0005
vn 1.0000 -0.0037 -0.0000
vn 0.9884 -0.1503 -0.0238
vn 1.0000 -0.0033 -0.0005
vn 0.9924 0.1169 0.0380
vn 0.9924 0.0994 0.0723
vn 0.9190 0.3931 -0.0312
vn 0.9920 0.0894 0.0894
vn 0.9924 0.0722 0.0994
vn 0.9920 0.0574 0.1126
vn 0.9924 0.0380 0.1169
vn 0.9920 0.0198 0.1248
vn 0.9924 -0.0000 0.1229
vn 0.9920 -0.0198 0.1248
vn 0.9924 -0.0380 0.1169
vn 0.9920 -0.0574 0.1126
vn 0.9924 -0.0722 0.0994
vn 0.9920 -0.0894 0.0893
vn 0.9924 -0.0994 0.0723
vn 0.9920 -0.1126 0.0574
vn 0.9924 -0.1169 0.0380
vn 0.9920 -0.1248 0.0198
vn 0.9924 -0.1229 -0.0000
vn 0.9920 -0.1248 -0.0198
vn 0.9924 -0.1169 -0.0380
vn 0.9920 -0.1126 -0.0574
vn 0.9924 -0.0995 -0.0723
vn 0.9920 -0.0893 -0.0894
vn 0.9924 -0.0722 -0.0994
vn 0.9920 -0.0574 -0.1126
vn 0.9924 -0.0380 -0.1169
vn 0.9920 -0.0198 -0.1248
vn 0.9924 -0.0000 -0.1229
vn 0.9920 0.0198 -0.1248
vn 0.9924 0.0380 -0.1169
vn 0.9920 0.0574 -0.1126
vn 0.9924 0.0723 -0.0994
vn 0.9920 0.0894 -0.0894
vn 0.9924 0.0994 -0.0722
vn 0.9920 0.1126 -0.0574
vn 0.9924 0.1169 -0.0380
vn 0.9920 0.1248 -0.0198
vn 0.9924 0.1229 -0.0000
vn 0.9920 0.1248 0.0198
vn 0.2172 -0.8697 -0.4432
vn 0.2170 -0.9284 -0.3017
vn -0.0000 -0.8910 -0.4540
vn 0.8329 -0.4477 -0.3253
vn 0.8331 -0.4928 -0.2511
vn 0.8329 -0.5263 -0.1710
vn -0.0000 -0.7071 -0.7071
vn 0.2373 -0.7736 -0.5875
vn 0.2373 -0.6723 -0.7012
vn 0.8329 -0.3253 -0.4477
vn 0.8331 -0.3911 -0.3911
vn -0.0000 -0.4540 -0.8910
vn 0.2373 -0.5542 -0.7978
vn 0.2373 -0.4227 -0.8746
vn 0.8329 -0.1710 -0.5263
vn 0.8331 -0.2511 -0.4928
vn -0.0000 -0.1564 -0.9877
vn 0.2373 -0.2805 -0.9300
vn 0.2373 -0.1318 -0.9625
vn 0.8329 -0.0000 -0.5534
vn 0.8331 -0.0865 -0.5462
vn -0.0000 0.1564 -0.9877
vn 0.2374 0.0206 -0.9712
vn 0.2170 0.3016 -0.9284
vn 0.2373 0.1722 -0.9561
vn 0.8329 0.1710 -0.5263
vn 0.8331 0.0865 -0.5462
vn -0.0000 0.4540 -0.8910
vn 0.2373 0.4591 -0.8561
vn 0.8329 0.3253 -0.4477
vn 0.8331 0.2511 -0.4928
vn 0.2171 0.6902 -0.6902
vn 0.2374 0.5876 -0.7735
vn -0.0000 0.7071 -0.7071
vn 0.2170 0.7897 -0.5738
vn 0.8329 0.4477 -0.3253
vn 0.8332 0.3911 -0.3911
vn -0.0000 0.8910 -0.4540
vn 0.2373 0.8746 -0.4227
vn 0.8329 0.5263 -0.1710
vn 0.8331 0.4928 -0.2511
vn -0.0000 0.9877 -0.1564
vn 0.2374 0.9300 -0.2805
vn 0.2373 0.9624 -0.1318
vn 0.8329 0.5534 -0.0000
vn 0.8331 0.5463 -0.0865
vn 0.2171 0.9641 0.1527
vn 0.2373 0.9712 0.0207
vn -0.0000 0.9877 0.1564
vn 0.2171 0.9284 0.3016
vn 0.8329 0.5263 0.1710
vn 0.8331 0.5463 0.0865
vn -0.0000 0.8910 0.4540
vn 0.2373 0.8561 0.4591
vn 0.8329 0.4477 0.3253
vn 0.8331 0.4928 0.2511
vn -0.0000 0.7071 0.7071
vn 0.2373 0.7736 0.5875
vn 0.2170 0.5738 0.7897
vn 0.2373 0.6723 0.7012
vn 0.8329 0.3253 0.4477
vn 0.8331 0.3911 0.3911
vn -0.0000 0.4540 0.8910
vn 0.2170 0.3017 0.9284
vn 0.2373 0.4227 0.8747
vn 0.8329 0.1710 0.5263
vn 0.8332 0.2511 0.4928
vn 0.2172 0.1527 0.9641
vn -0.0000 0.1564 0.9877
vn 0.8329 -0.0000 0.5534
vn 0.8331 0.0865 0.5462
vn -0.0000 -0.1564 0.9877
vn 0.2374 -0.0206 0.9712
vn 0.2170 -0.3017 0.9284
vn 0.2373 -0.1722 0.9561
vn 0.8329 -0.1710 0.5263
vn 0.8331 -0.0865 0.5462
vn 0.2172 -0.4432 0.8697
vn -0.0000 -0.4540 0.8910
vn 0.8329 -0.3253 0.4477
vn 0.8332 -0.2511 0.4928
vn -0.0000 -0.7071 0.7071
vn 0.2373 -0.5875 0.7736
vn 0.2373 -0.7012 0.6723
vn 0.8329 -0.4477 0.3253
vn 0.8331 -0.3911 0.3911
vn -0.0000 -0.8910 0.4540
vn 0.2373 -0.7978 0.5542
vn 0.2171 -0.9284 0.3017
vn 0.2373 -0.8747 0.4227
vn 0.8329 -0.5263 0.1710
vn 0.8331 -0.4928 0.2511
vn -0.0000 -0.9877 0.1564
vn 0.2373 -0.9624 0.1318
vn 0.8329 -0.5534 -0.0000
vn 0.8331 -0.5463 0.0865
vn -0.0000 -0.9877 -0.1564
vn 0.2373 -0.9712 -0.0206
vn 0.2373 -0.9561 -0.1722
vn 0.8331 -0.5463 -0.0865
vn -0.9929 -0.0296 -0.1149
vn -0.8671 -0.4438 -0.2262
vn -0.9998 -0.0159 -0.0081
vn -0.9998 -0.0158 -0.0142
vn -0.8668 -0.4742 -0.1541
vn 0.9941 -0.0965 -0.0492
vn 0.9941 -0.0877 -0.0637
vn 0.9941 -0.1030 -0.0336
vn -0.9929 0.0074 -0.1184
vn -0.8671 -0.3522 -0.3522
vn -0.9998 -0.0126 -0.0126
vn -0.8147 -0.4063 -0.4139
vn 0.9941 -0.0766 -0.0766
vn 0.9941 -0.0637 -0.0877
vn -0.9929 0.0436 -0.1104
vn -0.8671 -0.2261 -0.4438
vn -0.9998 -0.0081 -0.0159
vn -0.8146 -0.2585 -0.5192
vn 0.9941 -0.0491 -0.0964
vn 0.9941 -0.0335 -0.1030
vn -0.9929 0.0756 -0.0915
vn -0.8671 -0.0779 -0.4920
vn -0.9998 -0.0028 -0.0176
vn -0.8146 -0.0854 -0.5736
vn 0.9941 -0.0170 -0.1071
vn 0.9941 -0.0000 -0.1084
vn -0.9929 0.1002 -0.0636
vn -0.8671 0.0779 -0.4920
vn -0.9998 0.0028 -0.0176
vn -0.8147 0.0960 -0.5719
vn 0.9941 0.0169 -0.1069
vn 0.9941 0.0335 -0.1030
vn -0.9929 0.1149 -0.0296
vn -0.8671 0.2261 -0.4438
vn -0.9998 0.0081 -0.0159
vn -0.8147 0.2681 -0.5143
vn 0.9941 0.0492 -0.0965
vn 0.9941 0.0638 -0.0878
vn -0.9929 0.1184 0.0074
vn -0.8671 0.3522 -0.3522
vn -0.9998 0.0126 -0.0126
vn -0.8147 0.4139 -0.4063
vn 0.9941 0.0767 -0.0767
vn 0.9941 0.0877 -0.0638
vn -0.9929 0.1103 0.0436
vn -0.8671 0.4438 -0.2261
vn -0.9998 0.0159 -0.0081
vn -0.8147 0.5191 -0.2585
vn 0.9941 0.0966 -0.0492
vn 0.9941 0.1031 -0.0335
vn -0.9929 0.0915 0.0756
vn -0.8671 0.4920 -0.0779
vn -0.9998 0.0176 -0.0028
vn -0.8146 0.5736 -0.0854
vn 0.9941 0.1070 -0.0169
vn 0.9941 0.1084 -0.0000
vn -0.9929 0.0636 0.1002
vn -0.8671 0.4920 0.0779
vn -0.9998 0.0176 0.0028
vn -0.8146 0.5720 0.0960
vn 0.9941 0.1070 0.0169
vn 0.9941 0.1032 0.0335
vn -0.9929 0.0296 0.1149
vn -0.8671 0.4438 0.2261
vn -0.9998 0.0159 0.0081
vn -0.8146 0.5143 0.2681
vn 0.9941 0.0966 0.0492
vn 0.9941 0.0878 0.0638
vn -0.9929 -0.0074 0.1184
vn -0.8671 0.3522 0.3522
vn -0.9998 0.0126 0.0126
vn -0.8147 0.4063 0.4139
vn 0.9941 0.0766 0.0766
vn 0.9941 0.0637 0.0877
vn -0.9929 -0.0436 0.1104
vn -0.8671 0.2261 0.4438
vn -0.9998 0.0081 0.0159
vn -0.8146 0.2585 0.5192
vn 0.9941 0.0492 0.0965
vn 0.9941 0.0335 0.1030
vn -0.9929 -0.0756 0.0915
vn -0.8671 0.0779 0.4920
vn -0.9998 0.0028 0.0176
vn -0.8146 0.0854 0.5736
vn 0.9941 0.0169 0.1069
vn 0.9941 -0.0000 0.1084
vn -0.9929 -0.1002 0.0636
vn -0.8671 -0.0779 0.4920
vn -0.9998 -0.0028 0.0176
vn -0.8146 -0.0960 0.5720
vn 0.9941 -0.0169 0.1070
vn 0.9941 -0.0334 0.1029
vn -0.9929 -0.1149 0.0296
vn -0.8671 -0.2261 0.4438
vn -0.9998 -0.0081 0.0159
vn -0.8147 -0.2681 0.5143
vn 0.9941 -0.0492 0.0965
vn 0.9941 -0.0637 0.0877
vn -0.9929 -0.1184 -0.0074
vn -0.8671 -0.3522 0.3522
vn -0.9998 -0.0126 0.0126
vn -0.8146 -0.4139 0.4063
vn 0.9941 -0.0767 0.0767
vn 0.9941 -0.0878 0.0638
vn -0.9929 -0.1104 -0.0436
vn -0.8671 -0.4438 0.2261
vn -0.9998 -0.0159 0.0081
vn -0.8147 -0.5191 0.2585
vn 0.9941 -0.0965 0.0492
vn 0.9941 -0.1030 0.0335
vn -0.9929 -0.0915 -0.0756
vn -0.8671 -0.4920 0.0779
vn -0.9998 -0.0176 0.0028
vn -0.8147 -0.5736 0.0854
vn 0.9941 -0.1070 0.0169
vn 0.9941 -0.1084 -0.0000
vn -0.8671 -0.4920 -0.0779
vn -0.9998 -0.0176 -0.0028
vn -0.8147 -0.5719 -0.0960
vn 0.9941 -0.1070 -0.0169
vn 0.7153 -0.6226 -0.3172
vn 0.7152 -0.5654 -0.4108
vn 0.7153 -0.6662 -0.2109
vn 0.7153 -0.6902 -0.1093
vn 0.7153 -0.6988 0.0053
vn 0.7153 -0.6902 0.1093
vn 0.1304 -0.9142 0.3836
vn 0.7153 -0.6630 0.2210
vn 0.7153 -0.6226 0.3172
vn 0.1304 -0.7509 0.6474
vn 0.7153 -0.5622 0.4150
vn 0.7153 -0.4941 0.4941
vn 0.1304 -0.5142 0.8477
vn 0.7153 -0.4065 0.5684
vn 0.7153 -0.3173 0.6226
vn 0.1305 -0.2270 0.9651
vn 0.7153 -0.2109 0.6662
vn 0.7153 -0.1093 0.6902
vn 0.1304 0.0823 0.9880
vn 0.7153 0.0053 0.6988
vn 0.7153 0.1093 0.6902
vn 0.1304 0.3836 0.9142
vn 0.7153 0.2210 0.6630
vn 0.7153 0.3172 0.6226
vn 0.1304 0.6474 0.7509
vn 0.7153 0.4150 0.5622
vn 0.7153 0.4941 0.4941
vn 0.1304 0.8477 0.5141
vn 0.7153 0.5684 0.4065
vn 0.7153 0.6226 0.3172
vn 0.1304 0.9651 0.2270
vn 0.7153 0.6662 0.2109
vn 0.7153 0.6902 0.1093
vn 0.1304 0.9880 -0.0823
vn 0.7153 0.6988 -0.0053
vn 0.7153 0.6902 -0.1093
vn 0.7153 0.6629 -0.2209
vn 0.7153 0.6226 -0.3172
vn 0.1304 0.7510 -0.6474
vn 0.7153 0.5622 -0.4150
vn 0.7153 0.4941 -0.4941
vn 0.1304 0.5142 -0.8477
vn 0.7153 0.4065 -0.5684
vn 0.7153 0.3172 -0.6226
vn 0.1304 0.2270 -0.9651
vn 0.7153 0.2109 -0.6662
vn 0.7153 0.1093 -0.6902
vn 0.1304 -0.0823 -0.9880
vn 0.7153 -0.0053 -0.6988
vn 0.7153 -0.1093 -0.6902
vn 0.1304 -0.3836 -0.9142
vn 0.7153 -0.2209 -0.6629
vn 0.7153 -0.3172 -0.6226
vn 0.1304 -0.6474 -0.7510
vn 0.7153 -0.4150 -0.5622
vn 0.7153 -0.4941 -0.4941
vn -0.2493 -0.6848 -0.6848
vn -0.2490 -0.7835 -0.5693
vn -0.2493 -0.4397 -0.8629
vn -0.2665 -0.5814 -0.7687
vn -0.2492 -0.1515 -0.9565
vn -0.2665 -0.3154 -0.9108
vn -0.2491 0.0015 -0.9685
vn -0.2493 0.1515 -0.9565
vn -0.2492 0.3007 -0.9206
vn -0.2493 0.4397 -0.8629
vn -0.2493 0.6848 -0.6848
vn -0.2665 0.5513 -0.7906
vn -0.2492 0.7843 -0.5681
vn -0.2493 0.8629 -0.4397
vn -0.2493 0.9565 -0.1515
vn -0.2665 0.9108 -0.3154
vn -0.2492 0.9565 0.1515
vn -0.2665 0.9636 -0.0185
vn -0.2492 0.9206 0.3007
vn -0.2493 0.8629 0.4397
vn -0.2492 0.6848 0.6848
vn -0.2665 0.7905 0.5514
vn -0.2492 0.5681 0.7843
vn -0.2492 0.4397 0.8629
vn -0.2492 0.2979 0.9215
vn -0.2493 0.1515 0.9565
vn -0.2492 -0.0015 0.9684
vn -0.2492 -0.1515 0.9565
vn -0.2491 -0.3007 0.9206
vn -0.2493 -0.4397 0.8629
vn -0.2492 -0.5704 0.7826
vn -0.2492 -0.6848 0.6848
vn -0.2492 -0.7844 0.5681
vn -0.2493 -0.8629 0.4397
vn -0.2492 -0.9215 0.2979
vn -0.2493 -0.9565 0.1515
vn -0.2493 -0.9565 -0.1515
vn -0.2665 -0.9636 0.0186
vn -0.2491 -0.9206 -0.3007
vn -0.2493 -0.8629 -0.4397
vn 0.2998 -0.9422 -0.1492
vn 0.2974 -0.9548 -0.0000
vn 0.2974 -0.9080 -0.2950
vn 0.8139 -0.5810 -0.0000
vn 0.2974 -0.9080 0.2950
vn 0.4118 -0.9110 0.0230
vn 0.8140 -0.5525 0.1795
vn 0.2974 -0.7724 0.5612
vn 0.4118 -0.8590 0.3042
vn 0.8140 -0.4700 0.3415
vn 0.2974 -0.5612 0.7724
vn 0.4118 -0.7230 0.5548
vn 0.8140 -0.3415 0.4700
vn 0.3004 -0.4330 0.8499
vn 0.2974 -0.2950 0.9080
vn 0.8139 -0.1795 0.5525
vn 0.2998 -0.1492 0.9422
vn 0.2956 -0.0000 0.9553
vn 0.8140 -0.0000 0.5809
vn 0.2974 0.2950 0.9080
vn 0.4118 0.0239 0.9110
vn 0.8139 0.1795 0.5525
vn 0.2974 0.5612 0.7724
vn 0.4118 0.3042 0.8590
vn 0.8139 0.3415 0.4700
vn 0.3004 0.6745 0.6744
vn 0.2974 0.7724 0.5612
vn 0.8140 0.4700 0.3415
vn 0.2986 0.9077 0.2949
vn 0.4117 0.7506 0.5168
vn 0.8139 0.5525 0.1795
vn 0.2974 0.9548 -0.0000
vn 0.4117 0.8735 0.2596
vn 0.8140 0.5809 -0.0000
vn 0.3004 0.9421 -0.1492
vn 0.2974 0.9080 -0.2950
vn 0.8139 0.5525 -0.1795
vn 0.2974 0.7724 -0.5612
vn 0.4117 0.8593 -0.3034
vn 0.8139 0.4700 -0.3415
vn 0.2974 0.5612 -0.7724
vn 0.4118 0.7230 -0.5547
vn 0.8139 0.3415 -0.4700
vn 0.3004 0.4330 -0.8499
vn 0.2974 0.2950 -0.9080
vn 0.8140 0.1795 -0.5525
vn 0.2986 -0.0000 -0.9544
vn 0.4118 0.2596 -0.8735
vn 0.8139 -0.0000 -0.5810
vn 0.2998 -0.1492 -0.9422
vn 0.2974 -0.2950 -0.9080
vn 0.8139 -0.1795 -0.5525
vn 0.2998 -0.4331 -0.8500
vn 0.2974 -0.5612 -0.7724
vn 0.8140 -0.3415 -0.4700
vn 0.2998 -0.6746 -0.6746
vn 0.2974 -0.7724 -0.5612
vn 0.8139 -0.4700 -0.3415
vn 0.2998 -0.8500 -0.4331
vn 0.2749 0.9144 0.2971
vn 0.2750 0.7778 0.5651
vn 0.4458 0.6942 0.5650
vn 0.8906 0.3680 0.2674
vn 0.8894 0.4072 0.2075
vn 0.8906 0.4326 0.1406
vn 0.2749 0.5651 0.7778
vn 0.4457 0.4834 0.7535
vn 0.8906 0.2673 0.3680
vn 0.8932 0.3179 0.3179
vn 0.2749 0.2971 0.9144
vn 0.4454 0.2229 0.8671
vn 0.8961 0.2016 0.3956
vn 0.2732 -0.0000 0.9619
vn 0.4458 -0.0490 0.8938
vn 0.8948 -0.0000 0.4465
vn 0.8894 0.0715 0.4514
vn 0.6378 0.5293 0.5595
vn 0.2749 -0.2971 0.9144
vn 0.4457 -0.3254 0.8340
vn 0.8932 -0.0703 0.4441
vn 0.2749 -0.5651 0.7779
vn 0.4457 -0.5672 0.6926
vn 0.8932 -0.2041 0.4006
vn 0.6378 0.0994 0.7637
vn 0.2749 -0.7778 0.5652
vn 0.4457 -0.7535 0.4834
vn 0.8932 -0.3179 0.3179
vn 0.6378 -0.1415 0.7571
vn 0.2749 -0.9144 0.2971
vn 0.4458 -0.8652 0.2295
vn 0.8906 -0.4326 0.1405
vn 0.8894 -0.4072 0.2075
vn 0.6378 -0.3685 0.6763
vn 0.2732 -0.9620 -0.0000
vn 0.4457 -0.8937 -0.0518
vn 0.8948 -0.4465 -0.0000
vn 0.8932 -0.4440 0.0703
vn 0.2749 -0.9144 -0.2971
vn 0.4457 -0.8339 -0.3254
vn 0.8932 -0.4440 -0.0704
vn 0.2749 -0.7779 -0.5651
vn 0.4457 -0.6926 -0.5672
vn 0.8932 -0.4006 -0.2041
vn 0.6378 -0.7637 0.0994
vn 0.2749 -0.5651 -0.7778
vn 0.4457 -0.4834 -0.7535
vn 0.8932 -0.3179 -0.3179
vn 0.6378 -0.7571 -0.1415
vn 0.2762 -0.2970 -0.9141
vn 0.4457 -0.2269 -0.8660
vn 0.8932 -0.2041 -0.4006
vn 0.6378 -0.6763 -0.3685
vn 0.2761 -0.0000 -0.9611
vn 0.4454 0.0559 -0.8936
vn 0.8960 -0.0695 -0.4385
vn 0.6415 -0.5176 -0.5662
vn 0.2762 0.2970 -0.9141
vn 0.4454 0.3293 -0.8325
vn 0.8960 0.0695 -0.4385
vn 0.6415 -0.3173 -0.6984
vn 0.2749 0.5651 -0.7779
vn 0.4457 0.5672 -0.6926
vn 0.8906 0.2674 -0.3680
vn 0.8932 0.2041 -0.4006
vn 0.6415 -0.0860 -0.7623
vn 0.2749 0.7778 -0.5651
vn 0.4457 0.7535 -0.4834
vn 0.8906 0.3680 -0.2673
vn 0.8932 0.3179 -0.3179
vn 0.2749 0.9144 -0.2971
vn 0.4457 0.8660 -0.2269
vn 0.8906 0.4326 -0.1405
vn 0.8932 0.4006 -0.2041
vn 0.2749 0.9615 -0.0000
vn 0.4454 0.8936 0.0559
vn 0.8961 0.4385 -0.0694
vn 0.4457 0.8339 0.3254
vn 0.8932 0.4440 0.0703
vn 0.6378 0.6956 -0.3306
vn 0.1039 0.9355 0.3377
vn 0.9854 0.1684 0.0266
vn 0.9859 0.1591 0.0517
vn 0.9854 0.1518 0.0774
vn 0.0893 0.8875 0.4521
vn 0.0995 0.8050 0.5849
vn 0.9854 0.1206 0.1205
vn 0.0883 0.7044 0.7043
vn 0.0995 0.5849 0.8050
vn 0.9854 0.0774 0.1519
vn 0.0893 0.4522 0.8874
vn 0.1022 0.3074 0.9461
vn 0.9854 0.0268 0.1684
vn 0.0893 0.1558 0.9837
vn 0.0975 -0.0000 0.9952
vn 0.9854 -0.0266 0.1684
vn 0.0893 -0.1558 0.9837
vn 0.1022 -0.3074 0.9461
vn 0.9854 -0.0774 0.1519
vn 0.0883 -0.4522 0.8875
vn 0.1022 -0.5847 0.8048
vn 0.9854 -0.1205 0.1205
vn 0.0883 -0.7043 0.7044
vn 0.0995 -0.8050 0.5849
vn 0.9854 -0.1519 0.0774
vn 0.0893 -0.8874 0.4522
vn 0.1022 -0.9461 0.3074
vn 0.9854 -0.1684 0.0267
vn 0.0883 -0.9838 0.1559
vn 0.0995 -0.9950 -0.0000
vn 0.9854 -0.1684 -0.0266
vn 0.0893 -0.9837 -0.1558
vn 0.0995 -0.9463 -0.3075
vn 0.9854 -0.1519 -0.0774
vn 0.0893 -0.8875 -0.4521
vn 0.0995 -0.8050 -0.5849
vn 0.9854 -0.1205 -0.1205
vn 0.0893 -0.7043 -0.7043
vn 0.0995 -0.5849 -0.8050
vn 0.9854 -0.0774 -0.1519
vn 0.0909 -0.4521 -0.8873
vn 0.0995 -0.3075 -0.9463
vn 0.9854 -0.0267 -0.1684
vn 0.0883 -0.1559 -0.9838
vn 0.1022 -0.0000 -0.9948
vn 0.9854 0.0266 -0.1684
vn 0.0883 0.1558 -0.9838
vn 0.1022 0.3074 -0.9461
vn 0.9854 0.0774 -0.1519
vn 0.0893 0.4521 -0.8875
vn 0.0995 0.5849 -0.8050
vn 0.9854 0.1205 -0.1205
vn 0.0893 0.7043 -0.7043
vn 0.0995 0.8050 -0.5849
vn 0.9854 0.1518 -0.0775
vn 0.0893 0.8874 -0.4522
vn 0.0975 0.9465 -0.3075
vn 0.9854 0.1684 -0.0267
vn 0.0893 0.9837 -0.1558
vn 0.0995 0.9950 -0.0000
vn 0.3806 0.9096 -0.1668
vn -0.8101 0.4072 0.4218
vn -0.9082 0.3728 0.1900
vn -0.9118 0.3322 0.2413
vn -0.9070 0.2977 0.2977
vn -0.9118 0.2413 0.3322
vn -0.9082 0.1900 0.3728
vn -0.9120 0.1268 0.3902
vn -0.9082 0.0655 0.4133
vn -0.9116 -0.0000 0.4111
vn -0.9082 -0.0655 0.4133
vn -0.9120 -0.1268 0.3901
vn -0.9070 -0.1912 0.3752
vn -0.9120 -0.2411 0.3319
vn -0.9070 -0.2977 0.2978
vn -0.9118 -0.3322 0.2413
vn -0.9082 -0.3728 0.1900
vn -0.9120 -0.3902 0.1268
vn -0.9070 -0.4159 0.0659
vn -0.9118 -0.4106 -0.0000
vn -0.9082 -0.4133 -0.0655
vn -0.9118 -0.3905 -0.1269
vn -0.9082 -0.3729 -0.1900
vn -0.9118 -0.3322 -0.2413
vn -0.9082 -0.2959 -0.2959
vn -0.9118 -0.2413 -0.3322
vn -0.9090 -0.1892 -0.3713
vn -0.9118 -0.1269 -0.3905
vn -0.9070 -0.0659 -0.4159
vn -0.9120 -0.0000 -0.4102
vn -0.9070 0.0659 -0.4159
vn -0.9120 0.1268 -0.3901
vn -0.9082 0.1900 -0.3728
vn -0.9118 0.2413 -0.3322
vn -0.9082 0.2959 -0.2959
vn -0.9118 0.3322 -0.2413
vn -0.9082 0.3728 -0.1900
vn -0.9116 0.3909 -0.1270
vn -0.9082 0.4133 -0.0655
vn -0.9118 0.4106 -0.0000
vn -0.9082 0.4133 0.0655
vn 0.9171 0.3969 0.0374
vn 0.9171 0.3659 0.1581
vn 0.9171 0.2991 0.2634
vn 0.9171 0.2031 0.3429
vn 0.9171 0.0871 0.3889
vn 0.9171 -0.0373 0.3968
vn 0.9171 -0.1581 0.3659
vn 0.9171 -0.2634 0.2991
vn 0.9171 -0.3430 0.2031
vn 0.9172 -0.3889 0.0872
vn 0.9171 -0.3968 -0.0373
vn 0.9171 -0.3659 -0.1581
vn 0.9171 -0.2991 -0.2634
vn 0.9171 -0.2031 -0.3430
vn 0.9171 -0.0871 -0.3889
vn 0.9172 0.0373 -0.3968
vn 0.9171 0.1581 -0.3659
vn 0.9171 0.2634 -0.2991
vn 0.9172 0.3429 -0.2031
vn -0.0101 -0.9505 -0.3104
vn -0.0446 -0.8901 -0.4535
vn -0.0438 -0.9501 -0.3087
vn -0.0104 -0.8090 -0.5878
vn -0.0437 -0.8082 -0.5872
vn -0.0080 -0.7046 -0.7096
vn -0.1997 -0.7154 -0.6695
vn -0.0104 -0.5878 -0.8090
vn -0.0438 -0.5872 -0.8082
vn -0.0446 -0.4535 -0.8901
vn -0.0104 -0.3090 -0.9510
vn -0.0438 -0.3087 -0.9501
vn -0.0446 -0.1563 -0.9867
vn -0.0105 -0.0000 -0.9999
vn -0.0438 -0.0000 -0.9990
vn -0.0446 0.1563 -0.9867
vn -0.0104 0.3090 -0.9510
vn -0.0439 0.3087 -0.9501
vn -0.0446 0.4535 -0.8901
vn -0.0105 0.5878 -0.8090
vn -0.0438 0.5872 -0.8082
vn -0.0446 0.7064 -0.7064
vn -0.0104 0.8090 -0.5878
vn -0.0438 0.8082 -0.5872
vn -0.0449 0.8901 -0.4535
vn -0.0080 0.8894 -0.4572
vn -0.0437 0.9501 -0.3087
vn -0.0080 0.9499 -0.3124
vn -0.0446 0.9867 -0.1563
vn -0.0104 0.9999 -0.0000
vn -0.0438 0.9990 -0.0000
vn -0.0446 0.9867 0.1563
vn -0.0104 0.9510 0.3090
vn -0.0439 0.9501 0.3087
vn -0.0446 0.8901 0.4535
vn -0.0105 0.8090 0.5878
vn -0.0438 0.8082 0.5872
vn -0.0446 0.7064 0.7064
vn -0.0104 0.5878 0.8090
vn -0.0438 0.5872 0.8082
vn -0.0446 0.4535 0.8901
vn -0.0104 0.3090 0.9510
vn -0.0438 0.3087 0.9501
vn -0.0446 0.1563 0.9867
vn -0.0105 -0.0000 0.9999
vn -0.0438 -0.0000 0.9990
vn -0.0446 -0.1563 0.9867
vn -0.0104 -0.3090 0.9510
vn -0.0439 -0.3087 0.9501
vn -0.0446 -0.4535 0.8901
vn -0.0104 -0.5878 0.8090
vn -0.0438 -0.5872 0.8082
vn -0.0446 -0.7064 0.7064
vn -0.0104 -0.8090 0.5878
vn -0.0438 -0.8082 0.5872
vn -0.0446 -0.8901 0.4535
vn -0.0104 -0.9510 0.3090
vn -0.0438 -0.9501 0.3087
vn -0.0449 -0.9867 0.1563
vn -0.0080 -0.9871 0.1600
vn -0.0437 -0.9990 -0.0000
vn -0.0080 -1.0000 0.0036
vn -0.0446 -0.9867 -0.1563
vn -1.0000 -0.0037 -0.0010
vn -0.9884 -0.1356 -0.0691
vn -0.9877 -0.1486 -0.0483
vn -1.0000 -0.0031 -0.0023
vn -0.9877 -0.1264 -0.0918
vn -0.9884 -0.1076 -0.1076
vn -1.0000 -0.0023 -0.0031
vn -0.9877 -0.0918 -0.1264
vn -0.9884 -0.0691 -0.1356
vn -1.0000 -0.0012 -0.0037
vn -0.9877 -0.0483 -0.1486
vn -0.9884 -0.0238 -0.1503
vn -1.0000 -0.0000 -0.0037
vn -0.9877 -0.0000 -0.1563
vn -0.9884 0.0238 -0.1503
vn -1.0000 0.0010 -0.0032
vn -0.9877 0.0483 -0.1486
vn -0.9884 0.0691 -0.1356
vn -1.0000 0.0023 -0.0031
vn -0.9877 0.0918 -0.1264
vn -0.9884 0.1076 -0.1076
vn -1.0000 0.0031 -0.0023
vn -0.9877 0.1264 -0.0919
vn -0.9884 0.1356 -0.0691
vn -1.0000 0.0032 -0.0010
vn -0.9877 0.1486 -0.0483
vn -0.9884 0.1503 -0.0238
vn -1.0000 0.0037 -0.0000
vn -0.9877 0.1563 -0.0000
vn -0.9884 0.1503 0.0238
vn -1.0000 0.0037 0.0012
vn -0.9877 0.1486 0.0483
vn -0.9884 0.1356 0.0691
vn -1.0000 0.0030 0.0022
vn -0.9877 0.1264 0.0919
vn -0.9884 0.1076 0.1076
vn -1.0000 0.0023 0.0031
vn -0.9877 0.0919 0.1264
vn -0.9884 0.0691 0.1356
vn -1.0000 0.0012 0.0037
vn -0.9877 0.0483 0.1486
vn -0.9884 0.0238 0.1503
vn -1.0000 -0.0000 0.0037
vn -0.9877 -0.0000 0.1563
vn -0.9884 -0.0238 0.1503
vn -1.0000 -0.0010 0.0032
vn -0.9877 -0.0483 0.1486
vn -0.9884 -0.0691 0.1356
vn -1.0000 -0.0023 0.0031
vn -0.9877 -0.0919 0.1265
vn -0.9884 -0.1076 0.1076
vn -1.0000 -0.0030 0.0022
vn -0.9877 -0.1264 0.0919
vn -0.9884 -0.1356 0.0691
vn -1.0000 -0.0037 0.0012
vn -0.9877 -0.1486 0.0483
vn -0.9884 -0.1503 0.0238
vn -1.0000 -0.0037 -0.0000
vn -0.9877 -0.1562 -0.0000
vn -0.9884 -0.1503 -0.0238
vn -0.9883 0.1061 0.1095
vn -1.0000 -0.0030 -0.0015
vn -0.9924 0.0994 0.0722
vn -1.0000 -0.0024 -0.0024
vn -0.9924 0.0722 0.0994
vn -1.0000 -0.0015 -0.0030
vn -0.9924 0.0380 0.1169
vn -1.0000 -0.0005 -0.0033
vn -0.9924 -0.0000 0.1229
vn -1.0000 0.0005 -0.0033
vn -0.9924 -0.0380 0.1169
vn -1.0000 0.0015 -0.0030
vn -0.9924 -0.0722 0.0994
vn -1.0000 0.0024 -0.0024
vn -0.9924 -0.0994 0.0723
vn -1.0000 0.0030 -0.0015
vn -0.9924 -0.1169 0.0380
vn -1.0000 0.0033 -0.0005
vn -0.9924 -0.1229 -0.0000
vn -1.0000 0.0033 0.0005
vn -0.9924 -0.1169 -0.0380
vn -1.0000 0.0031 0.0012
vn -0.9924 -0.0995 -0.0723
vn -1.0000 0.0024 0.0024
vn -0.9924 -0.0723 -0.0994
vn -1.0000 0.0015 0.0030
vn -0.9924 -0.0380 -0.1169
vn -1.0000 0.0005 0.0033
vn -0.9924 -0.0000 -0.1229
vn -1.0000 -0.0005 0.0033
vn -0.9924 0.0380 -0.1169
vn -1.0000 -0.0015 0.0030
vn -0.9924 0.0723 -0.0994
vn -1.0000 -0.0021 0.0026
vn -0.9924 0.0994 -0.0722
vn -1.0000 -0.0030 0.0015
vn -0.9924 0.1169 -0.0380
vn -1.0000 -0.0033 0.0005
vn -0.9924 0.1229 -0.0000
vn -1.0000 -0.0033 -0.0005
vn -0.2172 -0.8697 -0.4432
vn -0.8329 -0.4477 -0.3253
vn -0.2373 -0.7978 -0.5542
vn -0.8328 -0.5249 -0.1757
vn -0.2366 -0.9175 -0.3198
vn -0.2357 -0.6726 -0.7014
vn -0.8329 -0.3253 -0.4477
vn -0.2373 -0.5875 -0.7736
vn -0.2357 -0.4230 -0.8749
vn -0.8329 -0.1710 -0.5263
vn -0.2373 -0.3197 -0.9173
vn -0.2357 -0.1319 -0.9628
vn -0.8329 -0.0000 -0.5534
vn -0.2374 -0.0206 -0.9712
vn -0.2170 0.3016 -0.9284
vn -0.2387 0.1720 -0.9557
vn -0.8329 0.1710 -0.5263
vn -0.2358 0.4592 -0.8565
vn -0.8329 0.3253 -0.4477
vn -0.2374 0.5541 -0.7979
vn -0.2171 0.6902 -0.6902
vn -0.2170 0.7897 -0.5738
vn -0.8329 0.4477 -0.3253
vn -0.2358 0.8749 -0.4229
vn -0.8329 0.5263 -0.1710
vn -0.2374 0.9173 -0.3197
vn -0.2358 0.9628 -0.1319
vn -0.8329 0.5534 -0.0000
vn -0.2373 0.9712 -0.0206
vn -0.2171 0.9284 0.3016
vn -0.2387 0.9557 0.1720
vn -0.8329 0.5263 0.1710
vn -0.2358 0.8565 0.4592
vn -0.8329 0.4477 0.3253
vn -0.2373 0.7978 0.5542
vn -0.2170 0.5738 0.7897
vn -0.2387 0.6721 0.7009
vn -0.8329 0.3253 0.4477
vn -0.2170 0.3017 0.9284
vn -0.2387 0.4226 0.8743
vn -0.8329 0.1710 0.5263
vn -0.2172 0.1527 0.9641
vn -0.8329 -0.0000 0.5534
vn -0.2374 0.0206 0.9712
vn -0.2170 -0.3017 0.9284
vn -0.2387 -0.1720 0.9557
vn -0.8329 -0.1710 0.5263
vn -0.2172 -0.4432 0.8697
vn -0.8329 -0.3253 0.4477
vn -0.2373 -0.5542 0.7978
vn -0.2358 -0.7014 0.6726
vn -0.8329 -0.4477 0.3253
vn -0.2373 -0.7736 0.5875
vn -0.2171 -0.9284 0.3017
vn -0.2387 -0.8743 0.4226
vn -0.8329 -0.5263 0.1710
vn -0.2358 -0.9628 0.1319
vn -0.8329 -0.5534 -0.0000
vn -0.2373 -0.9712 0.0206
vn -0.2387 -0.9557 -0.1720
vn 0.8668 -0.4488 -0.2173
vn 0.9998 -0.0153 -0.0111
vn 0.9998 -0.0159 -0.0081
vn 0.9929 -0.1104 0.0436
vn -0.9941 -0.0965 -0.0492
vn -0.7383 -0.6082 -0.2914
vn -0.9940 -0.1035 -0.0342
vn -0.9941 -0.0877 -0.0636
vn 0.8668 -0.3597 -0.3454
vn 0.9998 -0.0111 -0.0153
vn 0.9998 -0.0126 -0.0126
vn -0.9941 -0.0765 -0.0765
vn -0.7383 -0.4884 -0.4651
vn -0.9941 -0.0638 -0.0876
vn 0.8668 -0.2354 -0.4396
vn 0.9998 -0.0058 -0.0180
vn 0.9998 -0.0081 -0.0159
vn -0.9941 -0.0492 -0.0965
vn -0.7383 -0.3208 -0.5933
vn -0.9941 -0.0336 -0.1031
vn 0.8668 -0.0880 -0.4908
vn 0.9998 -0.0000 -0.0189
vn 0.9998 -0.0028 -0.0176
vn -0.9941 -0.0170 -0.1071
vn -0.7383 -0.1217 -0.6633
vn -0.9941 -0.0001 -0.1084
vn 0.8668 0.0680 -0.4940
vn 0.9998 0.0058 -0.0180
vn 0.9998 0.0028 -0.0176
vn -0.9941 0.0169 -0.1069
vn -0.7383 0.0892 -0.6685
vn -0.9941 0.0334 -0.1031
vn 0.8668 0.2173 -0.4488
vn 0.9998 0.0111 -0.0153
vn 0.9998 0.0081 -0.0159
vn -0.9941 0.0493 -0.0967
vn -0.7383 0.2914 -0.6082
vn -0.9941 0.0636 -0.0877
vn 0.8668 0.3454 -0.3597
vn 0.9998 0.0153 -0.0111
vn 0.9998 0.0126 -0.0126
vn -0.9941 0.0767 -0.0767
vn -0.7383 0.4651 -0.4884
vn -0.9941 0.0876 -0.0637
vn 0.8668 0.4396 -0.2354
vn 0.9998 0.0180 -0.0058
vn 0.9998 0.0159 -0.0081
vn -0.9941 0.0967 -0.0493
vn -0.7383 0.5933 -0.3208
vn -0.9941 0.1031 -0.0336
vn 0.8668 0.4908 -0.0880
vn 0.9998 0.0189 -0.0000
vn 0.9998 0.0176 -0.0028
vn -0.9941 0.1069 -0.0169
vn -0.7383 0.6634 -0.1217
vn -0.9941 0.1084 -0.0001
vn 0.8668 0.4940 0.0680
vn 0.9998 0.0180 0.0058
vn 0.9998 0.0176 0.0028
vn -0.9941 0.1070 0.0169
vn -0.7383 0.6685 0.0892
vn -0.9941 0.1032 0.0335
vn 0.8668 0.4488 0.2173
vn 0.9998 0.0153 0.0111
vn 0.9998 0.0159 0.0081
vn -0.9941 0.0965 0.0492
vn -0.7383 0.6082 0.2914
vn -0.9941 0.0876 0.0636
vn 0.8668 0.3597 0.3454
vn 0.9998 0.0111 0.0153
vn 0.9998 0.0126 0.0126
vn -0.9941 0.0766 0.0766
vn -0.7383 0.4884 0.4651
vn -0.9941 0.0638 0.0876
vn 0.8668 0.2354 0.4396
vn 0.9998 0.0058 0.0180
vn 0.9998 0.0081 0.0159
vn -0.9941 0.0492 0.0966
vn -0.7383 0.3208 0.5933
vn -0.9941 0.0336 0.1031
vn 0.8668 0.0880 0.4908
vn 0.9998 -0.0000 0.0189
vn 0.9998 0.0028 0.0176
vn -0.9941 0.0169 0.1069
vn -0.7383 0.1217 0.6633
vn -0.9941 0.0001 0.1085
vn 0.8668 -0.0680 0.4940
vn 0.9998 -0.0058 0.0180
vn 0.9998 -0.0028 0.0176
vn -0.9941 -0.0170 0.1071
vn -0.7383 -0.0892 0.6685
vn -0.9941 -0.0334 0.1031
vn 0.8668 -0.2173 0.4488
vn 0.9998 -0.0111 0.0153
vn 0.9998 -0.0081 0.0159
vn -0.9941 -0.0491 0.0964
vn -0.7383 -0.2914 0.6082
vn -0.9941 -0.0636 0.0877
vn 0.8668 -0.3454 0.3597
vn 0.9998 -0.0153 0.0111
vn 0.9998 -0.0126 0.0126
vn -0.9941 -0.0766 0.0766
vn -0.7383 -0.4651 0.4884
vn -0.9941 -0.0876 0.0637
vn 0.8668 -0.4396 0.2354
vn 0.9998 -0.0180 0.0058
vn 0.9998 -0.0159 0.0081
vn -0.9941 -0.0965 0.0492
vn -0.7383 -0.5933 0.3208
vn -0.9941 -0.1031 0.0336
vn 0.8668 -0.4909 0.0880
vn 0.9998 -0.0189 -0.0000
vn 0.9998 -0.0176 0.0028
vn -0.9941 -0.1070 0.0169
vn -0.7383 -0.6634 0.1217
vn -0.9941 -0.1083 0.0001
vn 0.8668 -0.4940 -0.0680
vn 0.9998 -0.0176 -0.0028
vn -0.9941 -0.1070 -0.0169
vn -0.7383 -0.6685 -0.0892
vn -0.7153 -0.6226 -0.3172
vn -0.7894 -0.6110 -0.0597
vn -0.7153 -0.5622 -0.4150
vn -0.7153 -0.6902 -0.1093
vn -0.7894 -0.5995 0.1320
vn -0.7153 -0.6902 0.1093
vn -0.7894 -0.5294 0.3109
vn -0.7153 -0.6226 0.3173
vn -0.7894 -0.4074 0.4592
vn -0.7153 -0.4941 0.4941
vn -0.7894 -0.2455 0.5627
vn -0.7153 -0.3172 0.6226
vn -0.7894 -0.0597 0.6110
vn -0.7153 -0.1093 0.6902
vn -0.7894 0.1320 0.5995
vn -0.7153 0.1093 0.6902
vn -0.7894 0.3109 0.5294
vn -0.7153 0.3172 0.6226
vn -0.7894 0.4592 0.4074
vn -0.7153 0.4941 0.4941
vn -0.7894 0.5626 0.2456
vn -0.7153 0.6226 0.3173
vn -0.7894 0.6110 0.0597
vn -0.7153 0.6902 0.1093
vn -0.7894 0.5995 -0.1320
vn -0.7153 0.6902 -0.1093
vn -0.7894 0.5294 -0.3108
vn -0.7153 0.6226 -0.3172
vn -0.7894 0.4074 -0.4592
vn -0.7153 0.4941 -0.4941
vn -0.7894 0.2456 -0.5626
vn -0.7153 0.3172 -0.6226
vn -0.7894 0.0596 -0.6110
vn -0.7153 0.1093 -0.6902
vn -0.7894 -0.1320 -0.5995
vn -0.7153 -0.1093 -0.6902
vn -0.7894 -0.3108 -0.5294
vn -0.7153 -0.3173 -0.6226
vn -0.7894 -0.4592 -0.4074
vn -0.7153 -0.4941 -0.4941
vn 0.8110 -0.4104 -0.4171
vn 0.2493 -0.6848 -0.6848
vn 0.8146 -0.4139 -0.4063
vn 0.2665 -0.5514 -0.7905
vn 0.2491 -0.7844 -0.5681
vn 0.2493 -0.4397 -0.8629
vn 0.8146 -0.2681 -0.5143
vn 0.2665 -0.2802 -0.9222
vn 0.2492 -0.1515 -0.9565
vn 0.8147 -0.0960 -0.5719
vn 0.2665 0.0185 -0.9636
vn 0.2493 0.1515 -0.9565
vn 0.8147 0.0854 -0.5736
vn 0.2665 0.3153 -0.9108
vn 0.2493 0.4397 -0.8629
vn 0.8147 0.2585 -0.5191
vn 0.2665 0.5815 -0.7686
vn 0.2493 0.6848 -0.6848
vn 0.8147 0.4063 -0.4139
vn 0.2665 0.7904 -0.5516
vn 0.2493 0.8629 -0.4397
vn 0.8147 0.5143 -0.2681
vn 0.2665 0.9222 -0.2802
vn 0.2493 0.9565 -0.1515
vn 0.8146 0.5720 -0.0960
vn 0.2665 0.9637 0.0185
vn 0.2492 0.9565 0.1515
vn 0.8147 0.5736 0.0854
vn 0.2665 0.9108 0.3153
vn 0.2493 0.8629 0.4397
vn 0.8147 0.5191 0.2585
vn 0.2665 0.7687 0.5814
vn 0.2492 0.6848 0.6848
vn 0.8146 0.4139 0.4063
vn 0.2665 0.5516 0.7904
vn 0.2493 0.4397 0.8629
vn 0.8146 0.2681 0.5143
vn 0.2665 0.2802 0.9222
vn 0.2493 0.1515 0.9565
vn 0.8146 0.0960 0.5720
vn 0.2665 -0.0184 0.9636
vn 0.2492 -0.1515 0.9565
vn 0.8147 -0.0854 0.5736
vn 0.2665 -0.3154 0.9108
vn 0.2493 -0.4397 0.8629
vn 0.8146 -0.2585 0.5192
vn 0.2665 -0.5813 0.7688
vn 0.2492 -0.6848 0.6848
vn 0.8147 -0.4063 0.4139
vn 0.2665 -0.7905 0.5515
vn 0.2493 -0.8629 0.4397
vn 0.8147 -0.5143 0.2681
vn 0.2665 -0.9222 0.2802
vn 0.2493 -0.9565 0.1515
vn 0.8147 -0.5719 0.0960
vn 0.2665 -0.9636 -0.0187
vn 0.2493 -0.9565 -0.1515
vn 0.7557 -0.6265 -0.1906
vn 0.2665 -0.9108 -0.3154
vn 0.2493 -0.8629 -0.4397
vn -0.2998 -0.9423 -0.1492
vn -0.0065 -0.9871 -0.1602
vn -0.2974 -0.9080 -0.2950
vn -0.4045 -0.9065 -0.1214
vn -0.2991 -0.9038 0.3060
vn -0.4179 -0.9082 0.0230
vn -0.2998 -0.8500 0.4331
vn -0.0065 -0.8927 0.4506
vn -0.4044 -0.8056 0.4330
vn -0.2979 -0.5515 0.7792
vn -0.0065 -0.7098 0.7044
vn -0.4012 -0.7262 0.5583
vn -0.3004 -0.4330 0.8498
vn -0.0065 -0.4574 0.8892
vn -0.4045 -0.3956 0.8246
vn -0.2998 -0.1492 0.9422
vn -0.0065 -0.1603 0.9871
vn -0.4044 -0.1232 0.9063
vn -0.3004 0.1492 0.9421
vn -0.0065 0.1526 0.9883
vn -0.4044 0.1628 0.9000
vn -0.2979 0.5706 0.7653
vn -0.0065 0.4505 0.8927
vn -0.4012 0.3066 0.8632
vn -0.3004 0.6744 0.6744
vn -0.0065 0.7044 0.7098
vn -0.4044 0.6607 0.6324
vn -0.2991 0.9111 0.2837
vn -0.0065 0.8892 0.4574
vn -0.4012 0.7554 0.5181
vn -0.2991 0.9542 -0.0117
vn -0.0065 0.9870 0.1603
vn -0.4179 0.8709 0.2588
vn -0.2998 0.9422 -0.1492
vn -0.0065 0.9883 -0.1526
vn -0.4045 0.8996 -0.1646
vn -0.2979 0.7653 -0.5706
vn -0.4179 0.8567 -0.3025
vn -0.2979 0.5515 -0.7792
vn -0.0065 0.7098 -0.7044
vn -0.4012 0.7262 -0.5582
vn -0.3004 0.4330 -0.8498
vn -0.0065 0.4574 -0.8892
vn -0.4045 0.3956 -0.8246
vn -0.2991 -0.0117 -0.9542
vn -0.0065 0.1602 -0.9871
vn -0.4179 0.2588 -0.8709
vn -0.2998 -0.1492 -0.9422
vn -0.0065 -0.1526 -0.9883
vn -0.4045 -0.1647 -0.8996
vn -0.2998 -0.4331 -0.8500
vn -0.0065 -0.4506 -0.8927
vn -0.4045 -0.4346 -0.8047
vn -0.2998 -0.6746 -0.6746
vn -0.4045 -0.6620 -0.6310
vn -0.2998 -0.8500 -0.4331
vn -0.0065 -0.8892 -0.4574
vn -0.2752 0.9179 0.2857
vn -0.9190 0.2058 0.3364
vn -0.2749 0.7778 0.5652
vn -0.4709 0.6845 0.5565
vn -0.8906 0.3680 0.2673
vn -0.8887 0.4217 0.1798
vn -0.9190 0.0918 0.3835
vn -0.2749 0.5651 0.7778
vn -0.4712 0.4766 0.7422
vn -0.8906 0.2674 0.3680
vn -0.6366 0.2533 0.7284
vn -0.9190 -0.0312 0.3931
vn -0.2749 0.2971 0.9144
vn -0.8942 0.1649 0.4163
vn -0.6138 0.3584 0.7034
vn -0.9190 -0.1512 0.3642
vn -0.2732 -0.0001 0.9619
vn -0.4709 -0.0479 0.8809
vn -0.8948 -0.0000 0.4465
vn -0.6673 0.5204 0.5328
vn -0.9190 -0.2563 0.2997
vn -0.2749 -0.2971 0.9144
vn -0.8914 -0.1114 0.4393
vn -0.6105 -0.1240 0.7822
vn -0.9190 -0.3364 0.2058
vn -0.2749 -0.5651 0.7779
vn -0.8914 -0.2417 0.3834
vn -0.6105 -0.3596 0.7057
vn -0.6673 0.1078 0.7369
vn -0.9190 -0.3835 0.0918
vn -0.2749 -0.7778 0.5651
vn -0.8914 -0.3484 0.2899
vn -0.6105 -0.5600 0.5600
vn -0.6673 -0.1252 0.7342
vn -0.9190 -0.3931 -0.0312
vn -0.2749 -0.9144 0.2971
vn -0.4709 -0.8526 0.2266
vn -0.8906 -0.4326 0.1406
vn -0.6673 -0.3459 0.6595
vn -0.9190 -0.3642 -0.1512
vn -0.2732 -0.9620 -0.0000
vn -0.4711 -0.8806 -0.0507
vn -0.8948 -0.4465 -0.0000
vn -0.6366 -0.7382 -0.2232
vn -0.9190 -0.2997 -0.2563
vn -0.2749 -0.9144 -0.2971
vn -0.8914 -0.4393 -0.1115
vn -0.6105 -0.7822 -0.1239
vn -0.9190 -0.2058 -0.3364
vn -0.2749 -0.7779 -0.5651
vn -0.8914 -0.3834 -0.2418
vn -0.6105 -0.7057 -0.3596
vn -0.6673 -0.7369 0.1078
vn -0.9190 -0.0918 -0.3835
vn -0.2749 -0.5652 -0.7778
vn -0.8914 -0.2899 -0.3484
vn -0.6105 -0.5600 -0.5600
vn -0.6673 -0.7342 -0.1252
vn -0.9190 0.0312 -0.3931
vn -0.2750 -0.2971 -0.9144
vn -0.4709 -0.2266 -0.8526
vn -0.8906 -0.1406 -0.4326
vn -0.6673 -0.6596 -0.3459
vn -0.9190 0.1512 -0.3643
vn -0.2761 0.0001 -0.9611
vn -0.8942 -0.0282 -0.4468
vn -0.6138 -0.1235 -0.7797
vn -0.9190 0.2563 -0.2997
vn -0.2762 0.2970 -0.9141
vn -0.8942 0.1113 -0.4337
vn -0.6138 0.1235 -0.7797
vn -0.9190 0.3364 -0.2058
vn -0.2749 0.5651 -0.7779
vn -0.4711 0.5586 -0.6826
vn -0.8906 0.2674 -0.3680
vn -0.6366 0.6144 -0.4660
vn -0.9190 0.3835 -0.0918
vn -0.2749 0.7779 -0.5651
vn -0.4711 0.7422 -0.4766
vn -0.8906 0.3680 -0.2674
vn -0.6366 0.7284 -0.2533
vn -0.9190 0.3931 0.0312
vn -0.2732 0.9149 -0.2973
vn -0.4711 0.8532 -0.2239
vn -0.8948 0.4247 -0.1380
vn -0.6366 0.7710 -0.0159
vn -0.9190 0.3642 0.1512
vn -0.2749 0.9615 -0.0000
vn -0.8914 0.4522 -0.0298
vn -0.6105 0.7822 -0.1239
vn -0.9190 0.2997 0.2563
vn -0.8914 0.4393 0.1114
vn -0.6105 0.7822 0.1239
vn -0.6673 0.6675 -0.3303
vn -0.9253 0.2890 0.2457
vn -0.1022 0.9461 0.3074
vn -0.9859 0.1591 0.0517
vn -0.9854 0.1519 0.0774
vn -0.3520 0.8926 0.2818
vn -0.3806 0.6378 0.6696
vn -0.9854 0.1205 0.1205
vn -0.9171 0.1581 0.3659
vn -0.3524 0.7601 0.5459
vn -0.3805 0.3988 0.8344
vn -0.9854 0.0774 0.1519
vn -0.9171 0.0373 0.3968
vn -0.3525 0.5542 0.7541
vn -0.3805 0.1214 0.9168
vn -0.9854 0.0267 0.1684
vn -0.9171 -0.0872 0.3889
vn -0.3515 0.2986 0.8873
vn -0.3806 -0.1668 0.9096
vn -0.9854 -0.0267 0.1684
vn -0.9171 -0.2031 0.3430
vn -0.3525 0.0051 0.9358
vn -0.3806 -0.4397 0.8135
vn -0.9854 -0.0774 0.1519
vn -0.9171 -0.2991 0.2634
vn -0.3525 -0.2843 0.8916
vn -0.3806 -0.6703 0.6371
vn -0.9854 -0.1205 0.1205
vn -0.9171 -0.3659 0.1581
vn -0.3521 -0.5438 0.7618
vn -0.3805 -0.8344 0.3988
vn -0.9854 -0.1519 0.0774
vn -0.9171 -0.3968 0.0373
vn -0.3524 -0.7541 0.5542
vn -0.3806 -0.9166 0.1225
vn -0.9854 -0.1684 0.0266
vn -0.9171 -0.3889 -0.0872
vn -0.3520 -0.8877 0.2966
vn -0.3805 -0.9094 -0.1678
vn -0.9854 -0.1684 -0.0267
vn -0.9171 -0.3429 -0.2031
vn -0.3521 -0.9359 0.0078
vn -0.3806 -0.8135 -0.4397
vn -0.9854 -0.1519 -0.0774
vn -0.9171 -0.2634 -0.2991
vn -0.3520 -0.8926 -0.2818
vn -0.3806 -0.6378 -0.6695
vn -0.9854 -0.1205 -0.1205
vn -0.9171 -0.1581 -0.3659
vn -0.3520 -0.7618 -0.5438
vn -0.3806 -0.3997 -0.8339
vn -0.9854 -0.0774 -0.1519
vn -0.9171 -0.0373 -0.3968
vn -0.3520 -0.5564 -0.7526
vn -0.3808 -0.1240 -0.9163
vn -0.9854 -0.0266 -0.1684
vn -0.9171 0.0872 -0.3889
vn -0.3526 -0.2940 -0.8884
vn -0.3805 0.1678 -0.9094
vn -0.9854 0.0267 -0.1684
vn -0.9171 0.2031 -0.3429
vn -0.3525 -0.0051 -0.9358
vn -0.3805 0.4406 -0.8131
vn -0.9854 0.0774 -0.1519
vn -0.9171 0.2991 -0.2634
vn -0.3521 0.2818 -0.8925
vn -0.3806 0.6695 -0.6378
vn -0.9854 0.1205 -0.1205
vn -0.9171 0.3659 -0.1581
vn -0.3520 0.5438 -0.7618
vn -0.3806 0.8339 -0.3997
vn -0.9854 0.1519 -0.0774
vn -0.9171 0.3968 -0.0372
vn -0.3519 0.7527 -0.5564
vn -0.3806 0.9166 -0.1225
vn -0.9854 0.1684 -0.0266
vn -0.9171 0.3889 0.0872
vn -0.3520 0.8877 -0.2966
vn -0.3805 0.9094 0.1678
vn -0.9171 0.3430 0.2031
vn 0.8811 0.4724 -0.0211
vn 0.8088 0.3442 0.4768
vn 0.8101 0.2573 0.5268
vn 0.8101 0.5270 0.2569
vn 0.6996 0.2269 0.6776
vn 0.8101 0.4218 0.4072
vn 0.6997 0.0064 0.7144
vn 0.8088 -0.1834 0.5587
vn 0.8088 0.1834 0.5588
vn 0.6980 -0.3287 0.6362
vn 0.8101 0.1019 0.5773
vn 0.8101 -0.0815 0.5806
vn 0.6997 -0.5742 0.4251
vn 0.8101 -0.2573 0.5269
vn 0.6998 -0.6774 0.2267
vn 0.8088 -0.3442 0.4768
vn 0.8101 -0.4072 0.4218
vn 0.8101 -0.5178 0.2750
vn 0.6997 -0.6814 -0.2147
vn 0.8088 -0.5588 0.1834
vn 0.8101 -0.5775 0.1015
vn 0.8088 -0.5881 0.0018
vn 0.8101 -0.5806 -0.0819
vn 0.8088 -0.5599 -0.1800
vn 0.8101 -0.5269 -0.2573
vn 0.8090 -0.4777 -0.3425
vn 0.8101 0.1015 -0.5774
vn 0.8101 -0.2753 -0.5176
vn 0.6997 0.2147 -0.6814
vn 0.8101 -0.1019 -0.5773
vn 0.6997 0.4148 -0.5817
vn 0.8087 0.4769 -0.3443
vn 0.8101 0.5268 -0.2573
vn 0.8088 0.5598 -0.1800
vn 0.8100 0.5806 -0.0819
vn 0.8087 0.5882 0.0018
vn 0.8101 0.5774 0.1015
vn 0.8102 0.5177 -0.2749
vn 0.6997 0.6814 0.2147
vn 0.8088 0.5588 -0.1834
vn -0.3634 0.8207 0.4408
vn -0.4153 0.8260 0.3812
vn -0.4153 0.1771 0.8923
vn -0.4153 -0.7939 0.4442
vn -0.4153 -0.4442 -0.7939
vn -0.6415 0.3173 -0.6984
vn -0.6415 0.5176 -0.5662
vn -0.0000 0.7281 0.6854
vn 0.1105 0.1572 0.9814
vn 0.1653 0.7202 0.6738
vn -0.0000 0.1297 0.9916
vn 0.0347 -0.3439 0.9384
vn -0.0000 0.9558 -0.2939
vn 0.0347 0.7107 -0.7026
vn -0.0000 0.7559 -0.6546
vn -0.0000 0.9261 0.3773
vn 0.1213 0.9641 -0.2360
vn 0.6958 0.6816 0.2264
vn 0.2141 0.9369 0.2765
vn 0.9807 0.1283 0.1478
vn 0.7236 0.4181 0.5491
vn -0.0000 -0.5787 0.8156
vn 0.0439 -0.5027 0.8634
vn -0.0000 0.5934 -0.8049
vn -0.0000 -0.5406 0.8413
vn 0.0423 -0.5391 0.8412
vn 0.0946 0.5486 -0.8307
vn -0.0000 0.5406 -0.8413
vn 0.4864 0.0168 0.8736
vn 0.9894 0.1136 -0.0906
vn 0.4862 0.8016 -0.3479
vn 0.6941 0.4082 -0.5930
vn 0.6941 -0.3698 0.6177
vn 0.1926 0.4392 -0.8775
vn 0.6413 0.4148 -0.6455
vn 0.0373 0.5403 -0.8407
vn 0.9829 0.0995 -0.1548
vn 0.9828 -0.0998 0.1553
vn 0.6413 -0.4148 0.6455
vn -0.0000 -0.9558 0.2939
vn 0.0347 -0.7107 0.7026
vn -0.0000 -0.6603 0.7510
vn -0.0000 -0.9261 -0.3773
vn 0.1213 -0.9641 0.2360
vn -0.0000 -0.7281 -0.6854
vn 0.1105 -0.1572 -0.9814
vn 0.1653 -0.7202 -0.6738
vn -0.0000 -0.1297 -0.9915
vn 0.0347 0.3438 -0.9384
vn 0.7263 -0.6656 -0.1714
vn 0.9837 0.0695 -0.1657
vn 0.9836 -0.1228 0.1319
vn 0.6487 -0.4812 -0.5896
vn 0.0509 -0.7211 0.6909
vn -0.0000 -0.4788 0.8779
vn 0.0946 0.5278 -0.8441
vn 0.0423 0.5389 -0.8413
vn -0.0000 0.6092 -0.7930
vn 0.4864 -0.0168 -0.8736
vn 0.4862 -0.8016 0.3479
vn 0.6933 -0.4107 0.5921
vn 0.1351 -0.9373 -0.3213
vn 0.6933 0.3680 -0.6196
vn 0.1884 -0.4393 0.8783
vn 0.6373 -0.4166 0.6483
vn 0.9827 -0.1000 0.1556
vn 0.9826 0.1003 -0.1561
vn 0.6373 0.4166 -0.6483
vn 0.0368 0.5403 -0.8407
vn -0.0000 0.8918 0.4525
vn 0.1105 0.4273 0.8973
vn 0.1653 0.8808 0.4437
vn -0.0000 0.4038 0.9148
vn 0.0347 -0.0656 0.9972
vn -0.0000 0.8343 -0.5513
vn 0.0347 0.4840 -0.8744
vn -0.0000 0.5049 -0.8632
vn -0.0000 0.9949 0.1011
vn 0.1213 0.8586 -0.4981
vn 0.6526 0.6361 0.4116
vn 0.2141 0.9768 0.0012
vn 0.9839 0.0754 -0.1623
vn 0.7236 0.6889 -0.0436
vn -0.0000 -0.3026 0.9531
vn 0.0439 -0.2391 0.9700
vn -0.0000 0.3026 -0.9531
vn -0.0000 -0.2817 0.9595
vn 0.0423 -0.2802 0.9590
vn 0.0946 0.2924 -0.9516
vn -0.0000 0.2817 -0.9595
vn 0.4862 0.2620 0.8336
vn 0.4864 0.6712 -0.5594
vn 0.6941 0.2246 -0.6840
vn 0.6941 -0.1808 0.6968
vn 0.9547 0.2507 0.1603
vn 0.1926 0.1741 -0.9657
vn 0.6413 0.2162 -0.7362
vn 0.0373 0.2815 -0.9588
vn 0.9828 0.0520 -0.1771
vn 0.9829 -0.0519 0.1766
vn 0.6413 -0.2162 0.7362
vn -0.0000 -0.8343 0.5513
vn 0.0347 -0.4840 0.8744
vn -0.0000 -0.5234 0.8521
vn -0.0000 -0.9949 -0.1011
vn 0.1213 -0.8586 0.4981
vn -0.0000 -0.8918 -0.4525
vn 0.1105 -0.4273 -0.8973
vn 0.1653 -0.8808 -0.4437
vn -0.0000 -0.4038 -0.9148
vn 0.0347 0.0655 -0.9972
vn 0.9721 -0.0973 0.2133
vn 0.6958 -0.6175 -0.3668
vn 0.9832 0.0083 -0.1825
vn 0.1500 -0.9886 -0.0131
vn 0.6487 -0.7607 0.0225
vn 0.0509 -0.4973 0.8661
vn -0.0000 -0.3230 0.9464
vn 0.0946 0.2686 -0.9586
vn 0.0424 0.2797 -0.9591
vn -0.0000 0.1423 -0.9898
vn 0.4863 -0.2620 -0.8336
vn 0.4863 -0.6711 0.5596
vn 0.6913 -0.2343 0.6835
vn 0.6913 0.1724 -0.7017
vn 0.1771 -0.1744 0.9686
vn 0.6307 -0.2186 0.7446
vn 0.9824 -0.0527 0.1794
vn 0.9825 0.0525 -0.1789
vn 0.6307 0.2186 -0.7446
vn 0.0360 0.2816 -0.9589
vn -0.0000 0.5055 0.8628
vn 0.1105 -0.1257 0.9859
vn 0.1653 0.5012 0.8494
vn -0.0000 -0.1549 0.9879
vn 0.0347 -0.5943 0.8035
vn -0.0000 0.9999 -0.0127
vn 0.0347 0.8799 -0.4739
vn -0.0000 0.8749 -0.4842
vn -0.0000 0.7823 0.6229
vn 0.1213 0.9916 0.0452
vn 0.6958 0.5905 0.4089
vn 0.2141 0.8210 0.5293
vn 0.7260 0.2645 0.6348
vn 0.9838 0.1515 -0.0955
vn -0.0000 -0.7469 0.6649
vn 0.0439 -0.7255 0.6868
vn -0.0000 0.7469 -0.6649
vn -0.0000 -0.7557 0.6549
vn 0.0423 -0.7542 0.6553
vn 0.0946 0.7604 -0.6425
vn -0.0000 0.7557 -0.6549
vn 0.4862 -0.2303 0.8429
vn 0.4862 0.8671 -0.1080
vn 0.6941 0.5587 -0.4540
vn 0.6941 -0.5289 0.4884
vn 0.9547 0.1245 0.2704
vn 0.1926 0.6686 -0.7182
vn 0.6413 0.5799 -0.5025
vn 0.0373 0.7552 -0.6544
vn 0.9829 0.1391 -0.1205
vn 0.9828 -0.1395 0.1209
vn 0.6413 -0.5799 0.5025
vn -0.0000 -0.9999 0.0128
vn 0.0347 -0.8799 0.4739
vn -0.0000 -0.8873 0.4613
vn -0.0000 -0.7823 -0.6229
vn 0.1213 -0.9916 -0.0452
vn -0.0000 -0.5056 -0.8628
vn 0.1105 0.1257 -0.9859
vn 0.1653 -0.5012 -0.8494
vn -0.0000 0.1549 -0.9879
vn 0.0347 0.5943 -0.8035
vn 0.9714 -0.1915 0.1406
vn 0.6958 -0.3207 -0.6427
vn 0.9837 0.1152 -0.1377
vn 0.6530 -0.6386 -0.4073
vn 0.0509 -0.8866 0.4598
vn -0.0000 -0.7558 0.6549
vn -0.0000 -0.7640 0.6452
vn 0.0946 0.7442 -0.6612
vn -0.0000 0.7558 -0.6549
vn 0.0423 0.7542 -0.6553
vn -0.0000 0.7640 -0.6452
vn 0.4864 0.2300 -0.8429
vn 0.4862 -0.8671 0.1080
vn 0.6939 -0.5593 0.4536
vn 0.1351 -0.8088 -0.5723
vn 0.6939 0.5286 -0.4890
vn 0.1916 -0.6687 0.7184
vn 0.6402 -0.5804 0.5032
vn 0.9828 -0.1397 0.1211
vn 0.9829 0.1393 -0.1207
vn 0.6402 0.5806 -0.5031
vn 0.0372 0.7552 -0.6544
vn -0.0000 0.2420 0.9703
vn 0.1105 -0.3984 0.9106
vn 0.1653 0.2415 0.9562
vn -0.0000 -0.4270 0.9043
vn 0.0347 -0.7966 0.6035
vn -0.0000 0.9630 0.2695
vn 0.0347 0.9778 -0.2068
vn -0.0000 0.9837 -0.1800
vn -0.0000 0.5751 0.8181
vn 0.1213 0.9387 0.3227
vn 0.6529 0.1053 0.7501
vn 0.2141 0.6388 0.7390
vn 0.9807 0.0280 0.1937
vn 0.7240 0.4839 0.4916
vn -0.0000 -0.9301 0.3672
vn 0.0439 -0.8896 0.4546
vn -0.0000 0.9199 -0.3921
vn -0.0000 -0.9096 0.4154
vn 0.0423 -0.9083 0.4162
vn 0.0946 0.9106 -0.4023
vn -0.0000 0.9096 -0.4154
vn 0.4864 -0.4581 0.7440
vn 0.9894 0.1445 -0.0149
vn 0.4863 0.8624 0.1407
vn 0.6941 0.6640 -0.2782
vn 0.6941 -0.6450 0.3197
vn 0.1926 0.8439 -0.5008
vn 0.6413 0.6979 -0.3187
vn 0.0373 0.9090 -0.4151
vn 0.9829 0.1674 -0.0765
vn 0.9828 -0.1679 0.0767
vn 0.6413 -0.6979 0.3188
vn -0.0000 -0.9630 -0.2695
vn 0.0347 -0.9778 0.2069
vn -0.0000 -0.9860 0.1669
vn -0.0000 -0.5751 -0.8181
vn 0.1213 -0.9387 -0.3227
vn -0.0000 -0.2420 -0.9703
vn 0.1105 0.3984 -0.9105
vn 0.1653 -0.2415 -0.9562
vn -0.0000 0.4270 -0.9043
vn 0.0347 0.7966 -0.6035
vn 0.7260 -0.4676 -0.5043
vn 0.9839 0.1499 -0.0977
vn 0.9838 -0.1727 0.0485
vn 0.1500 -0.6375 -0.7557
vn 0.6481 -0.0862 -0.7566
vn 0.0509 -0.9802 0.1914
vn -0.0000 -0.9251 0.3798
vn 0.0946 0.9003 -0.4248
vn 0.0423 0.9083 -0.4162
vn -0.0000 0.8938 -0.4486
vn 0.4863 0.4584 -0.7439
vn 0.4864 -0.8623 -0.1410
vn 0.6941 -0.6640 0.2782
vn 0.6941 0.6450 -0.3197
vn 0.9828 0.1679 -0.0767
vn 0.9829 -0.1674 0.0765
vn 0.1927 -0.8439 0.5008
vn 0.6413 -0.6979 0.3187
vn -0.0000 -0.0412 0.9992
vn 0.1105 -0.6388 0.7614
vn 0.1653 -0.0377 0.9855
vn -0.0000 -0.6644 0.7474
vn 0.0347 -0.9344 0.3546
vn -0.0000 0.8481 0.5299
vn 0.0347 0.9964 0.0770
vn -0.0000 0.9960 0.0897
vn -0.0000 0.3213 0.9470
vn 0.1213 0.8098 0.5741
vn 0.6529 -0.1103 0.7493
vn 0.2141 0.4047 0.8890
vn 0.9807 -0.0277 0.1938
vn 0.7240 0.3258 0.6080
vn -0.0000 -0.9811 0.1934
vn 0.0439 -0.9817 0.1855
vn -0.0000 0.9913 -0.1317
vn -0.0000 -0.9898 0.1423
vn 0.0423 -0.9887 0.1435
vn 0.0946 0.9871 -0.1294
vn -0.0000 0.9898 -0.1423
vn 0.4862 -0.6494 0.5846
vn 0.9894 0.1429 0.0265
vn 0.4865 0.7876 0.3783
vn 0.6941 0.7155 -0.0798
vn 0.6941 -0.7090 0.1250
vn 0.1926 0.9508 -0.2428
vn 0.6413 0.7595 -0.1092
vn 0.0373 0.9891 -0.1422
vn 0.9829 0.1822 -0.0262
vn 0.9828 -0.1827 0.0263
vn 0.6413 -0.7595 0.1092
vn -0.0000 -0.8481 -0.5299
vn 0.0347 -0.9964 -0.0770
vn -0.0000 -0.9937 -0.1122
vn -0.0000 -0.3214 -0.9470
vn 0.1213 -0.8098 -0.5741
vn -0.0000 0.0412 -0.9992
vn 0.1105 0.6388 -0.7614
vn 0.1653 0.0377 -0.9855
vn -0.0000 0.6644 -0.7474
vn 0.0347 0.9344 -0.3546
vn 0.7260 -0.3066 -0.6156
vn 0.9838 0.1714 -0.0519
vn 0.9838 -0.1792 -0.0018
vn 0.1500 -0.3988 -0.9047
vn 0.6481 0.1305 -0.7503
vn 0.0509 -0.9944 -0.0925
vn -0.0000 -0.9940 0.1092
vn 0.0946 0.9835 -0.1539
vn 0.0423 0.9887 -0.1435
vn -0.0000 0.9860 -0.1666
vn 0.4864 0.6492 -0.5848
vn 0.4864 -0.7876 -0.3782
vn 0.6941 -0.7155 0.0798
vn 0.6941 0.7090 -0.1250
vn 0.1926 -0.9508 0.2428
vn -0.0000 -0.3210 0.9471
vn 0.1105 -0.8274 0.5506
vn 0.1653 -0.3137 0.9350
vn -0.0000 -0.8481 0.5299
vn 0.0347 -0.9964 0.0770
vn -0.0000 0.6644 0.7474
vn 0.0347 0.9344 0.3546
vn -0.0000 0.9367 0.3501
vn -0.0000 0.0415 0.9991
vn 0.1213 0.6152 0.7790
vn 0.6958 0.0777 0.7141
vn 0.2141 0.1376 0.9671
vn 0.7260 -0.3066 0.6156
vn 0.9839 0.1714 0.0516
vn -0.0000 -0.9892 -0.1465
vn 0.0439 -0.9942 -0.0986
vn -0.0000 0.9908 0.1354
vn 0.0423 -0.9891 -0.1409
vn 0.0946 0.9835 0.1539
vn 0.4862 -0.7878 0.3780
vn 0.4862 0.6494 0.5846
vn 0.6941 0.7090 0.1250
vn 0.6941 -0.7155 -0.0798
vn 0.9547 -0.1230 0.2710
vn 0.1927 0.9806 0.0349
vn 0.0373 0.9891 0.1422
vn 0.0047 0.3174 -0.9483
vn -0.0000 0.7473 -0.6645
vn -0.0000 0.2891 -0.9573
vn -0.1093 0.7643 -0.6356
vn -0.0000 0.9991 -0.0415
vn -0.0000 0.9471 0.3210
vn -0.1105 0.5506 0.8274
vn -0.0000 0.5299 0.8481
vn -0.0347 0.0770 0.9964
vn -0.0000 -0.1800 0.9837
vn -0.2383 0.9132 0.3306
vn -0.9713 -0.0158 0.2373
vn -0.6958 0.7141 -0.0777
vn -0.9838 0.0525 -0.1715
vn -0.6530 0.6879 0.3169
vn -0.2096 0.9677 -0.1399
vn -0.0946 0.1539 -0.9835
vn -0.0424 0.1435 -0.9887
vn -0.0000 -0.1423 0.9898
vn -0.0439 -0.0985 0.9942
vn -0.0423 -0.1409 0.9891
vn -0.0000 0.0713 -0.9975
vn -0.0000 -0.3921 0.9199
vn -0.4862 0.3780 0.7879
vn -0.4863 0.5846 -0.6494
vn -0.6678 0.1250 -0.7338
vn -0.6678 -0.0868 0.7392
vn -0.9828 -0.0263 0.1827
vn -0.0373 -0.1422 0.9891
vn -0.0373 0.1421 -0.9891
vn -0.6413 -0.1092 0.7595
vn -0.9829 0.0262 -0.1822
vn -0.6413 0.1092 -0.7595
vn -0.0000 -0.8183 -0.5748
vn -0.1105 -0.2952 -0.9490
vn -0.0000 -0.2695 -0.9630
vn -0.0347 0.2068 -0.9778
vn -0.0000 0.1393 -0.9902
vn 0.0047 -0.5718 0.8204
vn -0.0000 -0.9043 0.4269
vn -0.0000 -0.4224 0.9064
vn -0.1093 -0.9124 0.3945
vn -0.0000 -0.9704 -0.2416
vn -0.2383 -0.7831 -0.5745
vn -0.2266 -0.9626 -0.1482
vn -0.6958 -0.5590 -0.4509
vn -0.9838 -0.0981 0.1498
vn -0.9838 0.0488 -0.1725
vn -0.0000 0.3538 -0.9353
vn -0.0439 0.3747 -0.9261
vn -0.0000 -0.2126 0.9771
vn -0.0439 -0.4546 0.8896
vn -0.0000 0.4154 -0.9096
vn -0.0423 0.4138 -0.9094
vn -0.0000 -0.4154 0.9096
vn -0.0423 -0.4162 0.9083
vn -0.4862 -0.1407 -0.8624
vn -0.4864 -0.7440 0.4581
vn -0.6678 -0.3267 0.6688
vn -0.6678 0.2915 -0.6849
vn -0.0373 -0.4151 0.9090
vn -0.6413 -0.3187 0.6979
vn -0.9829 -0.0764 0.1674
vn -0.9828 0.0767 -0.1679
vn -0.6413 0.3187 -0.6979
vn -0.0373 0.4151 -0.9090
vn 0.0047 0.5717 -0.8204
vn -0.0000 0.9043 -0.4269
vn -0.0000 0.5294 -0.8484
vn -0.1094 0.9124 -0.3945
vn -0.0000 0.9704 0.2417
vn -0.0000 0.8183 0.5748
vn -0.1105 0.2952 0.9490
vn -0.0000 0.2695 0.9630
vn -0.0347 -0.2068 0.9778
vn -0.0000 -0.1775 0.9841
vn -0.2383 0.7831 0.5745
vn -0.9713 -0.0820 0.2233
vn -0.6958 0.7070 0.1267
vn -0.9838 0.0987 -0.1497
vn -0.6529 0.5707 0.4980
vn -0.2096 0.9679 0.1384
vn -0.0946 0.4248 -0.9003
vn -0.0423 0.4162 -0.9083
vn -0.0439 -0.3747 0.9261
vn -0.0423 -0.4138 0.9094
vn -0.0000 0.3297 -0.9441
vn -0.0000 -0.3897 0.9209
vn -0.4862 0.1407 0.8624
vn -0.4862 0.7439 -0.4585
vn -0.6678 0.3267 -0.6688
vn -0.6678 -0.2915 0.6849
vn -0.9828 -0.0767 0.1679
vn -0.9829 0.0764 -0.1674
vn -0.0000 -0.6232 -0.7821
vn -0.1105 -0.0159 -0.9938
vn -0.0000 0.0127 -0.9999
vn -0.0347 0.4739 -0.8799
vn -0.0000 0.6206 -0.7841
vn 0.0047 -0.7797 0.6261
vn -0.0000 -0.9879 0.1549
vn -0.0000 -0.7239 0.6899
vn -0.1093 -0.9866 0.1215
vn -0.0000 -0.8630 -0.5052
vn -0.2383 -0.5895 -0.7718
vn -0.2266 -0.8819 -0.4134
vn -0.6958 -0.4093 -0.5902
vn -0.9838 -0.1366 0.1158
vn -0.9838 0.0947 -0.1525
vn -0.0000 0.7780 -0.6283
vn -0.0439 0.6204 -0.7831
vn -0.0000 -0.5544 0.8323
vn -0.0439 -0.6868 0.7255
vn -0.0000 0.6549 -0.7558
vn -0.0423 0.6533 -0.7560
vn -0.0000 -0.6549 0.7557
vn -0.0423 -0.6553 0.7542
vn -0.4862 0.1080 -0.8671
vn -0.4862 -0.8429 0.2303
vn -0.6678 -0.5022 0.5494
vn -0.6678 0.4724 -0.5753
vn -0.0372 -0.6544 0.7552
vn -0.6406 -0.5029 0.5803
vn -0.9828 -0.1210 0.1396
vn -0.9829 0.1206 -0.1392
vn -0.6405 0.5030 -0.5803
vn -0.0000 0.6549 -0.7557
vn -0.0372 0.6543 -0.7553
vn 0.0047 0.7797 -0.6261
vn -0.0000 0.9879 -0.1549
vn -0.0000 0.6925 -0.7214
vn -0.1093 0.9866 -0.1215
vn -0.0000 0.8630 0.5053
vn -0.0000 0.6232 0.7821
vn -0.1105 0.0159 0.9937
vn -0.0000 -0.0128 0.9999
vn -0.0347 -0.4739 0.8799
vn -0.0000 -0.3158 0.9488
vn -0.2385 0.5896 0.7717
vn -0.9807 0.1780 0.0815
vn -0.6957 0.4089 0.5905
vn -0.6958 0.6427 0.3207
vn -0.2095 0.8897 0.4057
vn -0.0946 0.6613 -0.7442
vn -0.0423 0.6553 -0.7542
vn -0.0439 -0.6204 0.7830
vn -0.0423 -0.6533 0.7559
vn -0.0000 0.5168 -0.8561
vn -0.0000 -0.5168 0.8561
vn -0.4862 -0.1080 0.8671
vn -0.4864 0.8429 -0.2300
vn -0.6678 0.5019 -0.5497
vn -0.6678 -0.4727 0.5750
vn -0.9706 0.1367 0.1982
vn -0.9828 0.1209 -0.1395
vn -0.0373 -0.6544 0.7552
vn -0.0373 0.6544 -0.7553
vn -0.6413 -0.5025 0.5799
vn -0.9829 -0.1205 0.1391
vn -0.6413 0.5025 -0.5799
vn -0.0000 -0.3776 -0.9260
vn -0.1105 0.2647 -0.9580
vn -0.0000 0.2939 -0.9558
vn -0.0347 0.7026 -0.7107
vn -0.0000 0.4374 -0.8992
vn 0.0047 -0.9245 0.3811
vn -0.0000 -0.9916 -0.1297
vn -0.0000 -0.9261 0.3773
vn -0.1093 -0.9808 -0.1614
vn -0.0000 -0.6857 -0.7279
vn -0.2385 -0.3482 -0.9066
vn -0.6958 -0.5263 -0.4888
vn -0.6958 -0.2260 -0.6818
vn -0.9837 -0.1660 0.0693
vn -0.9837 0.1319 -0.1225
vn -0.0000 0.6245 -0.7810
vn -0.0439 0.8159 -0.5766
vn -0.0000 -0.8203 0.5719
vn -0.0439 -0.8634 0.5026
vn -0.0000 0.8413 -0.5406
vn -0.0423 0.8397 -0.5414
vn -0.0000 -0.8413 0.5406
vn -0.0424 -0.8413 0.5389
vn -0.4862 0.3479 -0.8016
vn -0.4862 -0.8737 -0.0165
vn -0.6677 -0.6380 0.3837
vn -0.6677 0.6141 -0.4209
vn -0.1391 -0.7283 -0.6710
vn -0.0369 -0.8407 0.5403
vn -0.6372 -0.6483 0.4167
vn -0.9827 -0.1556 0.1000
vn -0.9826 0.1561 -0.1003
vn -0.6373 0.6483 -0.4167
vn -0.0369 0.8403 -0.5408
vn 0.0047 0.9245 -0.3811
vn -0.0000 0.9916 0.1297
vn -0.0000 0.9940 -0.1092
vn -0.1093 0.9808 0.1613
vn -0.0000 0.6857 0.7279
vn -0.0000 0.3776 0.9260
vn -0.1105 -0.2647 0.9580
vn -0.0000 -0.2939 0.9558
vn -0.0347 -0.7026 0.7108
vn -0.0000 -0.7381 0.6747
vn -0.2383 0.3482 0.9066
vn -0.9806 0.1482 0.1281
vn -0.6958 0.2265 0.6816
vn -0.6957 0.5268 0.4884
vn -0.2096 0.7395 0.6397
vn -0.0946 0.8441 -0.5278
vn -0.0423 0.8412 -0.5390
vn -0.0439 -0.8159 0.5765
vn -0.0423 -0.8398 0.5413
vn -0.0000 0.9457 -0.3252
vn -0.0000 -0.8685 0.4957
vn -0.4864 -0.3476 0.8016
vn -0.4864 0.8736 0.0168
vn -0.6678 0.6364 -0.3860
vn -0.6678 -0.6155 0.4185
vn -0.9706 0.0756 0.2286
vn -0.9828 -0.1553 0.0998
vn -0.0373 -0.8407 0.5403
vn -0.0373 0.8406 -0.5403
vn -0.6413 -0.6455 0.4148
vn -0.9829 0.1548 -0.0995
vn -0.6413 0.6455 -0.4148
vn -0.0000 -0.1829 0.9831
vn -0.1105 -0.7406 0.6628
vn -0.0347 -0.9753 0.2180
vn -0.0000 -0.9657 0.2597
vn 0.0047 0.9838 0.1793
vn -0.0000 0.7640 0.6452
vn -0.0000 0.9917 0.1284
vn -0.1093 0.7379 0.6660
vn -0.0000 0.1833 0.9831
vn -0.2385 -0.1971 0.9509
vn -0.6958 0.1784 0.6958
vn -0.6958 -0.1785 0.6958
vn -0.9839 0.1769 0.0267
vn -0.9838 -0.1772 0.0276
vn -0.0000 -0.9992 0.0409
vn -0.0439 -0.9981 0.0439
vn -0.0000 0.9957 -0.0931
vn -0.0439 0.9981 0.0439
vn -0.0424 -0.9991 0.0014
vn -0.0424 0.9991 0.0013
vn -0.4864 -0.7258 0.4864
vn -0.4864 0.7258 0.4864
vn -0.6678 0.7441 0.0193
vn -0.6678 -0.7441 0.0193
vn -0.1391 0.2499 0.9582
vn -0.0373 0.9993 -0.0000
vn -0.6413 0.7673 -0.0000
vn -0.9828 0.1846 -0.0000
vn -0.9829 -0.1840 -0.0000
vn -0.6413 -0.7673 -0.0000
vn -0.0373 -0.9993 -0.0000
vn 0.0047 -0.9838 -0.1793
vn -0.0000 -0.7640 -0.6452
vn -0.0000 -0.9415 -0.3370
vn -0.1093 -0.7379 -0.6660
vn -0.0000 -0.1833 -0.9831
vn -0.0000 0.1830 -0.9831
vn -0.1105 0.7406 -0.6628
vn -0.0347 0.9753 -0.2181
vn -0.0000 0.9983 0.0577
vn -0.2383 0.1973 -0.9509
vn -0.9759 -0.0893 -0.1990
vn -0.6958 0.1780 -0.6958
vn -0.6957 -0.1792 -0.6957
vn -0.2096 -0.2762 -0.9380
vn -0.0946 -0.9954 -0.0124
vn -0.0426 -0.9991 -0.0025
vn -0.0439 0.9981 -0.0439
vn -0.0426 0.9991 -0.0026
vn -0.0000 -0.9926 -0.1216
vn -0.0000 0.9612 0.2760
vn -0.4862 0.7260 -0.4863
vn -0.4863 -0.7260 -0.4862
vn -0.6665 -0.7443 -0.0424
vn -0.6665 0.7443 -0.0424
vn -0.9673 0.0962 -0.2348
vn -0.0353 -0.9994 -0.0000
vn -0.6248 -0.7808 -0.0000
vn -0.9821 -0.1883 -0.0000
vn -0.9822 0.1877 -0.0000
vn -0.6249 0.7807 -0.0000
vn -0.0353 0.9994 -0.0000
vn -0.0000 -0.1014 -0.9948
vn -0.1105 0.5239 -0.8446
vn -0.0000 0.5513 -0.8343
vn -0.0347 0.8744 -0.4840
vn -0.0000 0.7868 -0.6173
vn 0.0047 -0.9944 0.1052
vn -0.0000 -0.9148 -0.4038
vn -0.0000 -1.0000 0.0003
vn -0.1093 -0.8956 -0.4312
vn -0.0000 -0.4529 -0.8916
vn -0.2383 -0.0787 -0.9680
vn -0.2266 -0.5184 -0.8245
vn -0.6958 -0.0248 -0.7179
vn -0.7260 -0.3911 -0.5657
vn -0.9832 0.1579 -0.0913
vn -0.0000 0.9033 -0.4290
vn -0.0439 0.9453 -0.3233
vn -0.0000 -0.9754 0.2203
vn -0.0439 -0.9700 0.2391
vn -0.0000 0.9595 -0.2817
vn -0.0425 0.9581 -0.2833
vn -0.0000 -0.9595 0.2817
vn -0.0424 -0.9592 0.2797
vn -0.4862 0.5596 -0.6711
vn -0.9546 -0.1740 -0.2418
vn -0.4864 -0.8334 -0.2623
vn -0.6672 -0.7225 0.1811
vn -0.6673 0.7057 -0.2382
vn -0.0360 -0.9589 0.2816
vn -0.6304 -0.7448 0.2187
vn -0.9825 -0.1789 0.0525
vn -0.9824 0.1795 -0.0527
vn -0.6304 0.7448 -0.2187
vn -0.0360 0.9584 -0.2832
vn 0.0047 0.9944 -0.1052
vn -0.0000 0.9148 0.4038
vn -0.0000 0.9921 -0.1255
vn -0.1094 0.8956 0.4312
vn -0.0000 0.4528 0.8916
vn -0.0000 0.1015 0.9948
vn -0.1105 -0.5239 0.8446
vn -0.0000 -0.5513 0.8343
vn -0.0347 -0.8744 0.4839
vn -0.0000 -0.7377 0.6751
vn -0.2383 0.0787 0.9680
vn -0.9713 -0.2225 0.0842
vn -0.6958 0.3673 0.6173
vn -0.9838 0.1778 -0.0234
vn -0.6530 -0.0026 0.7574
vn -0.2096 0.5292 0.8222
vn -0.0946 0.9586 -0.2686
vn -0.0423 0.9590 -0.2802
vn -0.0439 -0.9453 0.3233
vn -0.0423 -0.9583 0.2828
vn -0.0000 0.9402 -0.3407
vn -0.0000 -0.8681 0.4963
vn -0.4863 -0.5596 0.6711
vn -0.4863 0.8336 0.2620
vn -0.6678 0.7194 -0.1911
vn -0.6678 -0.7085 0.2281
vn -0.9828 -0.1771 0.0520
vn -0.0373 -0.9588 0.2815
vn -0.0373 0.9588 -0.2815
vn -0.6413 -0.7362 0.2162
vn -0.9829 0.1766 -0.0519
vn -0.6413 0.7362 -0.2162
vn -0.1669 0.2990 -0.9396
vn -0.1884 0.5991 -0.7782
vn -0.1663 0.9378 -0.3047
vn -0.1663 0.9861 -0.0000
vn -0.1663 0.9378 0.3047
vn -0.1884 0.7782 0.5991
vn -0.1884 0.5550 0.8102
vn -0.1884 0.2774 0.9421
vn -0.1663 -0.3047 0.9378
vn -0.1662 -0.5796 0.7978
vn -0.1663 -0.7978 0.5796
vn -0.1663 -0.9378 0.3047
vn -0.1884 -0.9817 -0.0272
vn -0.1884 -0.9252 -0.3293
vn -0.1884 -0.7782 -0.5991
vn -0.0001 -0.5878 -0.8090
vn -0.1884 -0.5550 -0.8102
vn -0.1884 -0.2775 -0.9421
vn -0.1884 0.0272 -0.9817
vn -0.9926 -0.0375 0.1152
vn -0.9928 -0.0706 0.0972
vn -0.9928 -0.0972 0.0706
vn -0.9928 -0.1143 0.0371
vn -0.9928 -0.1202 -0.0000
vn -0.9928 -0.1143 -0.0371
vn -0.9928 -0.0967 -0.0703
vn -0.9928 -0.0706 -0.0972
vn -0.9928 -0.0371 -0.1143
vn -0.9928 -0.0000 -0.1202
vn -0.9928 0.0372 -0.1143
vn -0.9926 0.0712 -0.0980
vn -0.9928 0.0972 -0.0706
vn -0.9928 0.1137 -0.0369
vn -0.9926 0.1212 -0.0000
vn -0.9928 0.1137 0.0369
vn -0.9928 0.0972 0.0707
vn -0.9926 0.0712 0.0980
vn -0.9928 0.0371 0.1143
vn -0.9928 -0.0000 0.1195
vn -0.6288 -0.0000 -0.7776
vn -0.6289 0.2403 -0.7394
vn -0.6431 0.4340 -0.6309
vn -0.6431 0.6076 -0.4660
vn -0.6431 0.7219 -0.2554
vn -0.2207 0.7891 -0.5733
vn -0.6431 0.7655 -0.0198
vn -0.6431 0.7342 0.2177
vn -0.6431 0.6309 0.4340
vn -0.6431 0.4339 0.6309
vn -0.6431 0.0199 0.7655
vn -0.6456 0.2172 0.7322
vn -0.6431 -0.2177 0.7342
vn -0.2207 -0.0000 0.9754
vn -0.6431 -0.4341 0.6309
vn -0.6431 -0.7220 0.2554
vn -0.6456 -0.6293 0.4327
vn -0.6431 -0.7656 0.0197
vn -0.6431 -0.7220 -0.2554
vn -0.6431 -0.6077 -0.4660
vn -0.6431 -0.4340 -0.6309
vn -0.6431 -0.2178 -0.7342
vn -0.9696 0.0588 -0.2375
vn -0.9667 -0.0791 0.2433
vn -0.9799 0.0617 -0.1898
vn -0.9797 0.1177 -0.1620
vn -0.9667 0.0791 0.2433
vn -0.9484 -0.0521 0.3128
vn -0.9528 -0.1339 0.2725
vn -0.9796 0.1624 -0.1180
vn -0.9528 -0.3005 0.0436
vn -0.9484 -0.2225 0.2260
vn -0.9797 0.2005 -0.0000
vn -0.9652 0.2609 -0.0172
vn -0.9528 -0.2687 -0.1413
vn -0.9483 -0.3129 0.0526
vn -0.9797 0.1622 0.1178
vn -0.9652 0.2212 0.1395
vn -0.9528 -0.1336 -0.2727
vn -0.9484 -0.2836 -0.1417
vn -0.9528 -0.0436 -0.3005
vn -0.9652 0.0971 0.2427
vn -0.9797 -0.0000 0.2007
vn -0.9652 0.0166 0.2610
vn -0.9528 -0.0518 -0.2992
vn -0.9797 -0.0619 0.1906
vn -0.9528 0.2176 -0.2118
vn -0.9483 0.0466 -0.3138
vn -0.9797 -0.1622 0.1178
vn -0.9652 -0.2010 0.1672
vn -0.9528 0.3007 -0.0428
vn -0.9484 0.2226 -0.2256
vn -0.9528 0.2992 0.0516
vn -0.9652 -0.2610 0.0169
vn -0.9797 -0.1907 -0.0620
vn -0.9652 -0.2535 -0.0643
vn -0.9528 0.2118 0.2176
vn -0.9484 0.3136 0.0471
vn -0.9528 0.1336 0.2728
vn -0.9652 -0.1674 -0.2009
vn -0.9652 -0.0971 -0.2427
vn -0.9626 -0.1432 -0.2302
vn -0.9724 -0.0551 0.2267
vn -0.9845 -0.1600 0.0718
vn -0.9845 -0.1744 0.0189
vn -0.9718 -0.2360 -0.0000
vn -0.9724 -0.1886 -0.1371
vn -0.9719 -0.1383 -0.1904
vn -0.9721 -0.0000 -0.2344
vn -0.9719 0.0727 -0.2237
vn -0.9845 0.1600 -0.0719
vn -0.9719 0.2238 -0.0727
vn -0.9844 0.1522 0.0882
vn -0.9845 0.1178 0.1300
vn -0.9718 0.1387 0.1909
vn -0.9845 -0.0360 0.1717
vn -0.9845 -0.0872 0.1522
vn -0.9835 0.1034 -0.1488
vn -0.9666 -0.1506 0.2072
vn -0.9897 0.0840 -0.1156
vn -0.9581 -0.2509 0.1382
vn -0.9835 0.0524 -0.1734
vn -0.9545 -0.1255 0.2705
vn -0.9581 -0.2813 0.0541
vn -0.9796 0.1901 -0.0654
vn -0.9898 0.1425 -0.0000
vn -0.9796 0.2010 -0.0037
vn -0.9581 -0.2593 -0.1215
vn -0.9545 -0.2961 0.0361
vn -0.9897 0.1158 0.0841
vn -0.9796 0.1647 0.1154
vn -0.9581 -0.2509 -0.1381
vn -0.9897 0.0840 0.1156
vn -0.9581 -0.1959 -0.2090
vn -0.9898 0.0440 0.1355
vn -0.9581 -0.1217 -0.2593
vn -0.9897 -0.0000 0.1428
vn -0.9581 -0.0356 -0.2842
vn -0.9897 -0.0441 0.1359
vn -0.9581 0.0540 -0.2813
vn -0.9897 -0.0840 0.1156
vn -0.9581 0.2508 -0.1382
vn -0.9545 0.1450 -0.2607
vn -0.9581 0.2813 -0.0540
vn -0.9796 -0.1900 0.0656
vn -0.9898 -0.1426 -0.0000
vn -0.9796 -0.2010 0.0034
vn -0.9581 0.2593 0.1216
vn -0.9545 0.2961 -0.0359
vn -0.9897 -0.1158 -0.0841
vn -0.9796 -0.1647 -0.1154
vn -0.9581 0.1383 0.2508
vn -0.9545 0.2608 0.1449
vn -0.9581 0.0540 0.2813
vn -0.9796 -0.0650 -0.1903
vn -0.9455 -0.0016 0.3257
vn -0.9796 -0.0034 -0.2010
vn -0.9873 -0.1028 0.1208
vn -0.9872 -0.1545 0.0393
vn -0.9871 -0.1237 -0.1013
vn -0.9873 0.0605 -0.1467
vn -0.9873 0.1582 0.0122
vn -0.0300 -0.9977 -0.0614
vn -0.9994 -0.0124 -0.0326
vn -0.0778 -0.8000 -0.5949
vn 0.0814 -0.7230 0.6860
vn -0.0888 -0.7304 0.6773
vn -0.6394 -0.5730 0.5128
vn -0.0948 -0.8067 0.5833
vn -0.9999 -0.0082 0.0062
vn -0.0979 -0.9465 0.3076
vn -0.9999 -0.0108 0.0035
vn -0.0979 -0.9952 -0.0000
vn -0.9998 -0.0180 -0.0000
vn -0.0979 -0.9465 -0.3075
vn -1.0000 -0.0062 -0.0020
vn -0.1008 -0.8063 -0.5828
vn -1.0000 -0.0064 -0.0047
vn -0.9998 -0.0199 0.0099
vn -0.0918 -0.8113 0.5773
vn -0.9991 -0.0101 0.0409
vn -0.5773 -0.7940 -0.1906
vn 0.0904 -0.8099 0.5796
vn 0.3878 -0.9185 0.0770
vn 0.9988 -0.0150 -0.0471
vn 0.9998 -0.0152 -0.0086
vn 0.0960 -0.8067 0.5831
vn 0.8812 -0.4549 -0.1286
vn 0.0979 -0.9465 0.3075
vn 0.8811 -0.3930 -0.2629
vn 0.0979 -0.9952 -0.0000
vn 0.8830 -0.2946 -0.3654
vn 0.0979 -0.9465 -0.3075
vn 0.8798 -0.1607 -0.4473
vn 0.0981 -0.8064 -0.5832
vn 0.9999 -0.0106 0.0118
vn 0.4412 -0.8966 -0.0372
vn 0.9988 -0.0147 0.0471
vn 0.0696 -0.8051 0.5891
vn 0.5552 -0.1247 -0.8223
vn -0.0775 0.6923 -0.7175
vn 0.0722 0.6975 -0.7130
vn 0.9999 0.0129 -0.0087
vn 0.2988 0.6018 -0.7406
vn 0.9998 0.0197 -0.0064
vn 0.2998 0.7983 -0.5224
vn 0.9998 0.0201 -0.0000
vn 0.0830 0.9478 0.3080
vn 0.9998 0.0207 0.0068
vn 0.9999 0.0122 0.0087
vn 0.0751 0.6905 0.7194
vn -0.0710 0.7002 0.7105
vn -0.5373 -0.0279 0.8429
vn -0.0832 0.8073 -0.5843
vn -0.9998 0.0197 -0.0064
vn -0.0817 0.9479 -0.3080
vn -0.9998 0.0201 -0.0001
vn -0.0798 0.9968 -0.0000
vn -0.0830 0.9478 0.3079
vn -0.9999 0.0123 0.0086
vn -0.0852 0.8076 0.5836
vn 0.8741 -0.4706 0.1205
vn 0.3061 0.9179 0.2524
vn 0.3045 0.5986 0.7409
vn -0.7702 0.6330 0.0775
vn -0.7703 0.3091 0.5577
vn -0.0000 -0.6854 0.7281
vn -0.1105 -0.9814 0.1572
vn -0.0000 -0.9916 0.1297
vn -0.0347 -0.9384 -0.3439
vn -0.0000 -0.9454 -0.3259
vn 0.0047 0.7307 0.6826
vn -0.0000 0.2939 0.9558
vn -0.0000 0.5524 0.8336
vn -0.1093 0.2607 0.9592
vn -0.0000 -0.3773 0.9261
vn -0.2383 -0.6800 0.6934
vn -0.2267 -0.2836 0.9318
vn -0.6958 -0.5259 0.4891
vn -0.9839 0.1344 0.1181
vn -0.9838 -0.1640 -0.0726
vn -0.0000 -0.8505 -0.5259
vn -0.0439 -0.8634 -0.5026
vn -0.0000 0.7222 0.6917
vn -0.0439 0.8159 0.5766
vn -0.0000 -0.8413 -0.5406
vn -0.0424 -0.8412 -0.5390
vn -0.0000 0.8413 0.5406
vn -0.0423 0.8398 0.5413
vn -0.4862 -0.8737 0.0165
vn -0.4862 0.3479 0.8016
vn -0.6678 0.6155 0.4185
vn -0.6678 -0.6364 -0.3860
vn -0.0373 0.8407 0.5402
vn -0.6413 0.6455 0.4148
vn -0.9828 0.1553 0.0998
vn -0.9829 -0.1548 -0.0995
vn -0.6413 -0.6455 -0.4148
vn -0.0373 -0.8407 -0.5403
vn 0.0047 -0.7307 -0.6827
vn -0.0000 -0.2939 -0.9558
vn -0.0000 -0.8739 -0.4860
vn -0.1094 -0.2606 -0.9592
vn -0.0000 0.3773 -0.9261
vn -0.0000 0.6854 -0.7281
vn -0.1105 0.9814 -0.1572
vn -0.0000 0.9916 -0.1297
vn -0.0347 0.9384 0.3438
vn -0.0000 0.8734 0.4870
vn -0.2383 0.6801 -0.6933
vn -0.9715 0.2104 0.1087
vn -0.6958 0.2260 -0.6818
vn -0.9836 -0.1319 -0.1228
vn -0.6529 0.5741 -0.4941
vn -0.2096 0.2747 -0.9384
vn -0.0946 -0.8307 -0.5486
vn -0.0000 -0.8412 -0.5406
vn -0.0424 -0.8397 -0.5414
vn -0.0439 0.8634 0.5027
vn -0.0424 0.8413 0.5389
vn -0.0000 -0.9595 -0.2817
vn -0.0000 0.7448 0.6673
vn -0.4864 0.8736 -0.0168
vn -0.4864 -0.3476 -0.8016
vn -0.6677 -0.6140 -0.4209
vn -0.6677 0.6379 0.3837
vn -0.0368 -0.8407 -0.5403
vn -0.6373 -0.6483 -0.4166
vn -0.9827 -0.1556 -0.1000
vn -0.9826 0.1561 0.1003
vn -0.6373 0.6483 0.4166
vn -0.0368 0.8410 0.5397
vn -0.0000 -0.4526 0.8917
vn -0.1105 -0.8974 0.4272
vn -0.0000 -0.9149 0.4038
vn -0.0347 -0.9972 -0.0655
vn -0.0000 -0.9969 0.0790
vn 0.0047 0.8934 0.4492
vn -0.0000 0.5513 0.8343
vn -0.0000 0.7773 0.6292
vn -0.1093 0.5204 0.8469
vn -0.0000 -0.1011 0.9949
vn -0.2385 -0.4571 0.8568
vn -0.6958 -0.0248 0.7178
vn -0.6958 -0.3672 0.6173
vn -0.9838 0.1622 0.0758
vn -0.9838 -0.1776 -0.0237
vn -0.0439 -0.9700 -0.2390
vn -0.0000 0.8967 0.4427
vn -0.0439 0.9453 0.3233
vn -0.0423 -0.9590 -0.2802
vn -0.0000 0.9595 0.2817
vn -0.0423 0.9583 0.2827
vn -0.4863 -0.8336 0.2620
vn -0.4863 0.5596 0.6711
vn -0.6678 0.7085 0.2282
vn -0.6678 -0.7194 -0.1911
vn -0.1391 -0.0302 0.9898
vn -0.0373 0.9588 0.2815
vn -0.6413 0.7362 0.2162
vn -0.9829 0.1766 0.0519
vn -0.9828 -0.1771 -0.0520
vn -0.6413 -0.7362 -0.2162
vn -0.0373 -0.9588 -0.2815
vn 0.0047 -0.8934 -0.4492
vn -0.0000 -0.5513 -0.8343
vn -0.0000 -0.8421 -0.5393
vn -0.1093 -0.5203 -0.8469
vn -0.0000 0.1011 -0.9949
vn -0.0000 0.4525 -0.8918
vn -0.1105 0.8974 -0.4273
vn -0.0000 0.9149 -0.4037
vn -0.0347 0.9973 0.0654
vn -0.0868 0.6812 -0.7269
vn -0.2383 0.4572 -0.8569
vn -0.9787 -0.0129 -0.2047
vn -0.6958 0.3668 -0.6175
vn -0.6957 0.0241 -0.7180
vn -0.2096 -0.0008 -0.9778
vn -0.0946 -0.9516 -0.2923
vn -0.0424 -0.9581 -0.2832
vn -0.0439 0.9700 0.2390
vn -0.0424 0.9592 0.2797
vn -0.0000 -0.9402 -0.3408
vn -0.4863 0.8336 -0.2620
vn -0.4865 -0.5593 -0.6712
vn -0.6673 -0.7058 -0.2379
vn -0.6673 0.7224 0.1814
vn -0.9693 0.1389 -0.2030
vn -0.0360 -0.9589 -0.2815
vn -0.6306 -0.7446 -0.2186
vn -0.9824 -0.1794 -0.0527
vn -0.9825 0.1789 0.0525
vn -0.6307 0.7446 0.2186
vn -0.0360 0.9593 0.2799
vn -0.0000 -0.8628 0.5056
vn -0.1105 -0.9859 -0.1257
vn -0.0000 -0.9879 -0.1550
vn -0.0347 -0.8035 -0.5944
vn -0.0000 -0.8666 -0.4990
vn 0.0047 0.5088 0.8609
vn -0.0000 0.0127 0.9999
vn -0.0000 0.3050 0.9524
vn -0.1093 -0.0202 0.9938
vn -0.0000 -0.6229 0.7823
vn -0.2383 -0.8478 0.4737
vn -0.2266 -0.5347 0.8141
vn -0.6958 -0.6424 0.3211
vn -0.9839 0.0957 0.1512
vn -0.9838 -0.1369 -0.1159
vn -0.0000 -0.7356 -0.6774
vn -0.0439 -0.6868 -0.7255
vn -0.0000 0.5070 0.8619
vn -0.0439 0.6204 0.7831
vn -0.0000 -0.6549 -0.7557
vn -0.0423 -0.6553 -0.7542
vn -0.0000 0.6549 0.7558
vn -0.0423 0.6533 0.7559
vn -0.4864 -0.8429 -0.2300
vn -0.4862 0.1080 0.8671
vn -0.6678 0.4727 0.5750
vn -0.6678 -0.5019 -0.5497
vn -0.0000 0.6549 0.7557
vn -0.0373 0.6544 0.7552
vn -0.6413 0.5025 0.5799
vn -0.9828 0.1209 0.1395
vn -0.9829 -0.1205 -0.1391
vn -0.6413 -0.5025 -0.5799
vn -0.0373 -0.6544 -0.7552
vn 0.0047 -0.5088 -0.8609
vn -0.0000 -0.0127 -0.9999
vn -0.0000 -0.6393 -0.7690
vn -0.1093 0.0201 -0.9938
vn -0.0000 0.6229 -0.7823
vn -0.0000 0.8628 -0.5056
vn -0.1105 0.9859 0.1256
vn -0.0000 0.9879 0.1549
vn -0.0347 0.8034 0.5944
vn -0.0000 0.7446 0.6675
vn -0.2384 0.8478 -0.4737
vn -0.9714 0.1698 0.1662
vn -0.6958 0.4093 -0.5901
vn -0.9838 -0.0946 -0.1525
vn -0.2095 0.5282 -0.8229
vn -0.0946 -0.6425 -0.7604
vn -0.0000 -0.6549 -0.7558
vn -0.0424 -0.6532 -0.7560
vn -0.0439 0.6868 0.7255
vn -0.0423 0.6553 0.7542
vn -0.0000 -0.7929 -0.6094
vn -0.0000 0.5795 0.8150
vn -0.4864 0.8429 0.2300
vn -0.4862 -0.1080 -0.8671
vn -0.6678 -0.4722 -0.5754
vn -0.6678 0.5024 0.5493
vn -0.0372 -0.6544 -0.7552
vn -0.6402 -0.5031 -0.5806
vn -0.9828 -0.1211 -0.1397
vn -0.9829 0.1207 0.1393
vn -0.6402 0.5029 0.5807
vn -0.0372 0.6545 0.7551
vn -0.0000 -0.9703 0.2420
vn -0.1105 -0.9106 -0.3983
vn -0.0000 -0.9043 -0.4269
vn -0.0347 -0.6035 -0.7966
vn -0.0000 -0.7212 -0.6928
vn 0.0047 0.2456 0.9694
vn -0.0000 -0.2695 0.9630
vn -0.0000 0.1563 0.9877
vn -0.1093 -0.2993 0.9479
vn -0.0000 -0.8181 0.5751
vn -0.2385 -0.9469 0.2157
vn -0.6958 -0.5588 0.4513
vn -0.6957 -0.7070 0.1267
vn -0.9839 0.0493 0.1720
vn -0.9838 -0.0987 -0.1497
vn -0.0000 -0.5511 -0.8344
vn -0.0439 -0.4546 -0.8896
vn -0.0000 0.3698 0.9291
vn -0.0439 0.3747 0.9261
vn -0.0000 -0.4154 -0.9096
vn -0.0423 -0.4162 -0.9083
vn -0.0000 0.4154 0.9096
vn -0.0423 0.4139 0.9094
vn -0.4862 -0.7439 -0.4584
vn -0.4862 -0.1407 0.8624
vn -0.6678 0.2915 0.6849
vn -0.6678 -0.3267 -0.6688
vn -0.1391 -0.7678 0.6254
vn -0.0373 0.4152 0.9090
vn -0.6413 0.3187 0.6979
vn -0.9828 0.0767 0.1679
vn -0.9829 -0.0765 -0.1674
vn -0.6413 -0.3187 -0.6979
vn -0.0373 -0.4151 -0.9090
vn 0.0047 -0.2456 -0.9694
vn -0.0000 0.2695 -0.9630
vn -0.0000 0.0077 -1.0000
vn -0.1093 0.2993 -0.9479
vn -0.0000 0.8181 -0.5751
vn -0.0000 0.9703 -0.2420
vn -0.1105 0.9106 0.3983
vn -0.0000 0.9043 0.4270
vn -0.0347 0.6035 0.7966
vn -0.0000 0.4224 0.9064
vn -0.2383 0.9469 -0.2156
vn -0.9806 0.1479 -0.1284
vn -0.6958 0.7069 -0.1271
vn -0.6957 0.5584 -0.4519
vn -0.2096 0.7385 -0.6409
vn -0.0946 -0.4022 -0.9106
vn -0.0423 -0.4138 -0.9094
vn -0.0439 0.4546 0.8896
vn -0.0424 0.4163 0.9083
vn -0.0000 -0.2126 -0.9771
vn -0.0000 0.2126 0.9771
vn -0.4864 0.7440 0.4582
vn -0.4863 0.1407 -0.8624
vn -0.6678 -0.2915 -0.6849
vn -0.6678 0.3267 0.6688
vn -0.9706 0.2370 -0.0423
vn -0.0373 0.4151 0.9090
vn -0.6413 0.3187 0.6980
vn -0.9829 -0.0764 -0.1674
vn -0.0000 -0.9992 -0.0412
vn -0.1105 -0.7614 -0.6388
vn -0.0000 -0.7474 -0.6644
vn -0.0347 -0.3547 -0.9344
vn -0.0000 -0.2891 -0.9573
vn 0.0047 -0.0374 0.9993
vn -0.0000 -0.5299 0.8481
vn -0.0000 -0.0428 0.9991
vn -0.1093 -0.5542 0.8251
vn -0.0000 -0.9470 0.3213
vn -0.2383 -0.9693 -0.0599
vn -0.2267 -0.8899 0.3958
vn -0.6958 -0.7141 -0.0776
vn -0.7260 -0.6156 0.3066
vn -0.9839 -0.0516 -0.1713
vn -0.0000 -0.0713 -0.9975
vn -0.0439 -0.1855 -0.9817
vn -0.0000 0.1781 0.9840
vn -0.0439 0.0986 0.9942
vn -0.0000 -0.1423 -0.9898
vn -0.0423 -0.1435 -0.9887
vn -0.0423 0.1409 0.9891
vn -0.4862 -0.5846 -0.6494
vn -0.9547 -0.2710 0.1230
vn -0.4862 -0.3780 0.7878
vn -0.6678 0.0868 0.7392
vn -0.6678 -0.1250 -0.7337
vn -0.0373 0.1422 0.9891
vn -0.6413 0.1092 0.7595
vn -0.9829 0.0262 0.1821
vn -0.9828 -0.0263 -0.1828
vn -0.6413 -0.1092 -0.7595
vn -0.0373 -0.1422 -0.9891
vn 0.0047 0.0374 -0.9993
vn -0.0000 0.5299 -0.8481
vn -0.0000 0.3899 -0.9208
vn -0.1093 0.5542 -0.8252
vn -0.0000 0.9470 -0.3213
vn -0.0000 0.9992 0.0412
vn -0.1105 0.7615 0.6387
vn -0.0000 0.7474 0.6644
vn -0.0347 0.3547 0.9343
vn -0.0000 0.2891 0.9573
vn -0.2383 0.9693 0.0599
vn -0.9713 0.0517 0.2322
vn -0.6958 0.6633 -0.2757
vn -0.9838 0.0021 -0.1793
vn -0.6529 0.7493 0.1103
vn -0.2096 0.8891 -0.4069
vn -0.0946 -0.1294 -0.9871
vn -0.0423 -0.1409 -0.9891
vn -0.0439 0.1855 0.9817
vn -0.0423 0.1435 0.9887
vn -0.0000 0.1778 -0.9841
vn -0.0000 0.0713 0.9975
vn -0.4862 0.5846 0.6495
vn -0.4863 0.3780 -0.7878
vn -0.6678 -0.0868 -0.7393
vn -0.6678 0.1250 0.7337
vn -0.9828 0.0263 0.1827
vn -0.0373 -0.1423 -0.9891
vn -0.9829 -0.0262 -0.1822
vn -0.0000 -0.9471 -0.3210
vn -0.1105 -0.5506 -0.8274
vn -0.0000 -0.5299 -0.8481
vn -0.0347 -0.0770 -0.9964
vn -0.0000 0.0243 -0.9997
vn 0.0047 -0.3174 0.9483
vn -0.0000 -0.7474 0.6644
vn -0.0000 -0.4083 0.9128
vn -0.1093 -0.7643 0.6356
vn -0.0000 -0.9991 0.0416
vn -0.2385 -0.9132 -0.3305
vn -0.6958 -0.7141 0.0777
vn -0.6957 -0.6633 -0.2757
vn -0.9839 -0.0516 0.1713
vn -0.9838 -0.0021 -0.1794
vn -0.0000 0.2437 -0.9699
vn -0.0439 0.0986 -0.9942
vn -0.0000 -0.1974 0.9803
vn -0.0439 -0.1855 0.9817
vn -0.0423 0.1409 -0.9891
vn -0.0424 -0.1435 0.9887
vn -0.4864 -0.3782 -0.7876
vn -0.4865 -0.5848 0.6491
vn -0.6678 -0.1250 0.7338
vn -0.6678 0.0868 -0.7392
vn -0.1391 -0.9840 0.1110
vn -0.0373 -0.1423 0.9891
vn -0.0373 0.1422 -0.9891
vn 0.0894 0.3550 -0.9306
vn 0.9994 0.0283 -0.0205
vn 0.9997 0.0045 -0.0237
vn -0.5571 -0.6873 -0.4661
vn 0.0888 -0.8432 -0.5302
vn 0.0981 -0.7718 -0.6282
vn 0.8830 -0.4670 -0.0481
vn 0.8711 0.0026 -0.4910
vn 0.0979 -0.2576 -0.9613
vn 0.3522 -0.2692 -0.8964
vn 0.8830 0.2767 -0.3791
vn 0.0979 0.0521 -0.9938
vn 0.8798 0.3905 -0.2711
vn 0.1008 0.3543 -0.9297
vn 0.7118 -0.5953 -0.3727
vn 0.8710 0.4679 -0.1495
vn 0.6594 -0.4695 0.5872
vn 0.0869 -0.7657 -0.6373
vn -0.5664 -0.5940 -0.5713
vn 0.5301 -0.0848 -0.8437
vn -0.6575 0.7034 0.2699
vn -0.3626 -0.3196 -0.8754
vn -0.9999 0.0034 -0.0165
vn -0.3363 -0.8668 -0.3683
vn -0.3394 -0.7087 -0.6186
vn -0.8739 -0.0049 -0.4861
vn -0.3393 -0.4828 -0.8073
vn -0.8739 0.1456 -0.4638
vn -0.3394 -0.2097 -0.9170
vn -0.8759 0.2753 -0.3963
vn -0.3415 0.0838 -0.9361
vn -0.8725 0.3946 -0.2881
vn -0.9998 -0.0157 -0.0137
vn -0.8723 0.4649 -0.1517
vn -0.9989 -0.0459 -0.0031
vn 0.6513 0.7079 0.2732
vn -0.5358 0.7797 -0.3241
vn -0.0715 0.8694 0.4888
vn -0.7728 0.0762 0.6300
vn -0.7750 -0.1183 0.6208
vn -0.3056 0.8697 0.3877
vn -0.7747 -0.3048 0.5539
vn -0.3063 0.7103 0.6337
vn -0.0817 -0.0521 0.9953
vn -0.3061 0.4814 0.8213
vn -0.7792 0.4041 0.4791
vn -0.0871 -0.3547 0.9309
vn -0.7730 0.2491 0.5835
vn -0.0735 -0.5171 0.8528
vn -0.5572 -0.8246 0.0977
vn 0.0711 -0.5050 0.8602
vn 0.3017 0.5587 0.7726
vn 0.9998 0.0112 0.0173
vn 0.7703 0.6361 -0.0444
vn 0.2999 0.7112 0.6359
vn 0.9998 0.0052 0.0194
vn 0.2999 -0.2980 0.9062
vn 0.3060 0.4815 0.8213
vn 0.2984 -0.5595 0.7732
vn 0.7742 0.4022 0.4888
vn 0.7673 0.2436 0.5933
vn -0.0164 -0.0690 -0.9975
vn 0.5714 0.3085 -0.7605
vn 0.6790 -0.6480 -0.3452
vn -0.0000 -0.9260 0.3776
vn 0.1105 -0.9580 -0.2647
vn 0.1653 -0.9121 0.3751
vn -0.0000 -0.9558 -0.2939
vn 0.0347 -0.7107 -0.7026
vn -0.0000 -0.1297 0.9915
vn 0.0347 0.3439 0.9384
vn -0.0000 0.4017 0.9158
vn -0.0000 -0.7279 0.6857
vn 0.1213 -0.1858 0.9751
vn 0.6526 -0.7276 0.2112
vn 0.2141 -0.6406 0.7374
vn 0.9837 0.0695 0.1657
vn 0.7236 -0.4182 0.5491
vn -0.0000 -0.5934 -0.8049
vn 0.0439 -0.5765 -0.8159
vn -0.0000 0.5934 0.8049
vn -0.0000 -0.5406 -0.8413
vn 0.0424 -0.5414 -0.8397
vn 0.0946 0.5278 0.8441
vn -0.0000 0.5406 0.8413
vn 0.4862 -0.8016 -0.3479
vn 0.4862 -0.0165 0.8737
vn 0.6933 0.3680 0.6196
vn 0.6933 -0.4107 -0.5921
vn 0.9547 -0.2866 0.0802
vn 0.1884 0.6165 0.7645
vn 0.6373 0.4166 0.6483
vn 0.0368 0.5397 0.8410
vn 0.9826 0.1003 0.1561
vn 0.9827 -0.1000 -0.1556
vn 0.6372 -0.4166 -0.6483
vn -0.0000 -0.1549 -0.9879
vn 0.0347 -0.5943 -0.8035
vn -0.0000 -0.6257 -0.7800
vn -0.0000 0.5052 -0.8630
vn 0.1213 -0.0964 -0.9879
vn -0.0000 0.7821 -0.6232
vn 0.1105 0.9938 -0.0159
vn 0.1653 0.7694 -0.6170
vn -0.0000 0.9999 0.0127
vn 0.0347 0.8799 0.4739
vn 0.9713 -0.1671 -0.1693
vn 0.6957 0.5905 -0.4089
vn 0.9838 0.1517 0.0954
vn 0.6529 0.3123 -0.6900
vn 0.0509 -0.5813 -0.8121
vn -0.0000 -0.7821 -0.6232
vn 0.0946 0.7604 0.6425
vn 0.0423 0.7559 0.6533
vn -0.0000 0.7469 0.6649
vn 0.4862 0.8671 0.1080
vn 0.4862 -0.2303 -0.8429
vn 0.6941 -0.5289 -0.4884
vn 0.1351 0.4514 -0.8820
vn 0.6941 0.5587 0.4540
vn 0.9828 0.1395 0.1209
vn 0.9829 -0.1391 -0.1205
vn 0.1926 -0.8061 -0.5596
vn 0.6413 0.5799 0.5025
vn 0.0373 0.7552 0.6544
vn 0.6413 -0.5799 -0.5025
vn -0.0000 0.1297 -0.9916
vn 0.0347 -0.3439 -0.9384
vn -0.0000 -0.2473 -0.9689
vn -0.0000 0.7279 -0.6857
vn 0.1213 0.1858 -0.9751
vn -0.0000 0.9260 -0.3776
vn 0.1105 0.9580 0.2647
vn 0.1653 0.9121 -0.3751
vn -0.0000 0.9558 0.2939
vn 0.0347 0.7107 0.7026
vn 0.9713 -0.1130 -0.2093
vn 0.6958 0.6816 -0.2264
vn 0.9838 0.1190 0.1342
vn 0.1500 0.6573 -0.7385
vn 0.6486 0.4812 -0.5897
vn 0.0509 -0.3289 -0.9430
vn -0.0000 -0.4544 -0.8908
vn 0.0946 0.5486 0.8307
vn 0.0423 0.5413 0.8398
vn -0.0000 0.4788 0.8779
vn 0.4863 0.8016 0.3479
vn 0.4862 0.0165 -0.8737
vn 0.6941 -0.3698 -0.6177
vn 0.6941 0.4082 0.5930
vn 0.9828 -0.0998 -0.1553
vn 0.1927 -0.6158 -0.7640
vn 0.6413 0.4148 0.6455
vn 0.0373 0.5402 0.8407
vn 0.9829 0.0995 0.1548
vn 0.6413 -0.4148 -0.6455
vn -0.0000 0.9831 0.1830
vn 0.1105 0.6628 0.7406
vn 0.1653 0.9701 0.1776
vn -0.0000 0.6452 0.7640
vn 0.0347 0.2180 0.9753
vn -0.0000 0.6452 -0.7640
vn 0.0347 0.2181 -0.9753
vn -0.0000 0.2201 -0.9755
vn -0.0000 0.9831 -0.1833
vn 0.1213 0.6835 -0.7198
vn 0.6529 0.7260 0.2158
vn 0.2141 0.9376 -0.2741
vn 0.9806 0.1879 0.0554
vn 0.7241 0.6481 -0.2360
vn 0.0439 0.0439 0.9981
vn 0.0423 0.0013 0.9991
vn 0.0946 0.0124 -0.9954
vn 0.4862 0.4862 0.7260
vn 0.9894 0.0463 -0.1374
vn 0.4865 0.4865 -0.7257
vn 0.6941 0.0228 -0.7196
vn 0.6941 0.0228 0.7195
vn 0.1927 -0.1050 -0.9756
vn 0.6413 -0.0000 -0.7673
vn 0.0373 -0.0000 -0.9993
vn 0.9828 -0.0000 -0.1846
vn 0.9829 -0.0000 0.1840
vn 0.6413 -0.0000 0.7673
vn -0.0000 0.9837 0.1800
vn 0.0373 -0.9090 -0.4151
vn -0.0000 -0.9837 -0.1800
vn -0.0000 0.9960 -0.0897
vn 0.0373 -0.9891 -0.1422
vn -0.0000 -0.8749 -0.4843
vn 0.0372 -0.7552 -0.6544
vn -0.0000 -0.5136 -0.8580
vn 0.0360 -0.2815 -0.9589
vn -0.0000 -0.2201 -0.9755
vn 0.0353 -0.0000 0.9994
vn -0.0000 0.5343 0.8453
vn 0.0373 -0.2815 -0.9588
vn -0.0000 -0.3850 0.9229
vn 0.0373 -0.5403 0.8406
vn -0.0000 0.4198 -0.9076
vn 0.0368 -0.5408 0.8403
vn -0.0000 -0.0854 0.9963
vn 0.0373 -0.2815 0.9588
vn -0.0000 -0.0790 -0.9969
vn 0.0361 -0.2832 0.9584
vn -0.0000 -0.5823 0.8130
vn 0.0373 -0.7553 0.6544
vn -0.0000 0.6033 -0.7976
vn 0.0372 -0.7553 0.6543
vn -0.0000 -0.8265 0.5629
vn 0.0373 -0.9090 0.4152
vn -0.0000 0.7731 -0.6342
vn 0.0373 -0.9090 0.4151
vn -0.0000 -0.9145 0.4045
vn 0.0373 -0.9891 0.1422
vn -0.0000 0.9252 -0.3795
vn -0.0000 -0.9972 0.0748
vn -0.6957 -0.7072 -0.1260
vn -0.6956 -0.6431 -0.3201
vn -0.6957 -0.2254 0.6821
vn -0.1161 0.7690 -0.6287
vn -0.6957 -0.4084 0.5910
vn -0.6957 0.6431 -0.3201
vn -0.0000 -0.7559 -0.6546
vn 0.0368 -0.5403 -0.8407
vn -0.0000 0.8749 0.4843
vn 0.0373 -0.7552 -0.6544
vn -0.0000 0.6603 0.7510
vn 0.0373 -0.5403 -0.8407
vn -0.0000 0.2200 0.9755
vn 0.0373 -0.0000 0.9993
vt 0.139941 0.414767
vt 0.141382 0.415009
vt 0.139941 0.415009
vt 0.008460 0.485444
vt 0.008751 0.483959
vt 0.008751 0.485444
vt 0.388064 0.419827
vt 0.389565 0.419598
vt 0.389591 0.419827
vt 0.388064 0.419598
vt 0.389502 0.419265
vt 0.008065 0.483933
vt 0.008065 0.485444
vt 0.186608 0.417196
vt 0.186560 0.418340
vt 0.186167 0.418160
vt 0.008644 0.482865
vt 0.008248 0.482865
vt 0.142209 0.415321
vt 0.139941 0.415993
vt 0.390328 0.418954
vt 0.388064 0.418283
vt 0.390670 0.418202
vt 0.388064 0.419265
vt 0.390570 0.419219
vt 0.390670 0.419420
vt 0.186332 0.417178
vt 0.142868 0.416062
vt 0.142451 0.415146
vt 0.141445 0.414767
vt 0.008460 0.483933
vt 0.008922 0.482964
vt 0.390987 0.418305
vt 0.187195 0.417572
vt 0.186785 0.418470
vt 0.180620 0.431346
vt 0.180228 0.431167
vt 0.388064 0.405043
vt 0.142552 0.416074
vt 0.139941 0.429255
vt 0.390987 0.405089
vt 0.390670 0.405043
vt 0.180856 0.431453
vt 0.185921 0.418076
vt 0.142868 0.429301
vt 0.413462 0.417843
vt 0.414964 0.417615
vt 0.414990 0.417843
vt 0.413462 0.417615
vt 0.414901 0.417281
vt 0.406624 0.412869
vt 0.408065 0.413111
vt 0.406624 0.413111
vt 0.160850 0.486910
vt 0.161140 0.485428
vt 0.161140 0.486910
vt 0.160455 0.485402
vt 0.160455 0.486910
vt 0.160639 0.484336
vt 0.160850 0.485402
vt 0.039519 0.429890
vt 0.040352 0.429105
vt 0.039912 0.430070
vt 0.413462 0.417281
vt 0.415727 0.416970
vt 0.413462 0.416299
vt 0.416070 0.416218
vt 0.408892 0.413423
vt 0.406624 0.414095
vt 0.415969 0.417236
vt 0.416070 0.417436
vt 0.040188 0.430088
vt 0.409552 0.414164
vt 0.409135 0.413248
vt 0.416386 0.416321
vt 0.039960 0.428925
vt 0.039324 0.429693
vt 0.039735 0.428795
vt 0.408128 0.412869
vt 0.161311 0.484435
vt 0.409235 0.414176
vt 0.406624 0.427358
vt 0.409552 0.427404
vt 0.409235 0.427358
vt 0.040598 0.429189
vt 0.046293 0.416097
vt 0.046528 0.416204
vt 0.045900 0.415918
vt 0.416386 0.403100
vt 0.413462 0.403055
vt 0.065700 0.396628
vt 0.067079 0.396913
vt 0.065700 0.396913
vt 0.482266 0.486156
vt 0.482537 0.484697
vt 0.482537 0.486156
vt 0.416393 0.398674
vt 0.417837 0.398514
vt 0.417862 0.398674
vt 0.416393 0.398514
vt 0.417776 0.398198
vt 0.481843 0.484672
vt 0.481843 0.486156
vt 0.364131 0.385682
vt 0.364408 0.386793
vt 0.363980 0.386732
vt 0.482266 0.484672
vt 0.481905 0.483622
vt 0.482327 0.483622
vt 0.067872 0.397238
vt 0.065700 0.397938
vt 0.065700 0.396914
vt 0.418571 0.397872
vt 0.416393 0.397170
vt 0.418900 0.397086
vt 0.416393 0.398198
vt 0.418803 0.398117
vt 0.418900 0.398249
vt 0.363861 0.385743
vt 0.068503 0.397978
vt 0.068104 0.397023
vt 0.067140 0.396628
vt 0.482595 0.483720
vt 0.419204 0.397160
vt 0.364801 0.385878
vt 0.364660 0.386856
vt 0.362372 0.400950
vt 0.361945 0.400889
vt 0.416393 0.383313
vt 0.068200 0.398023
vt 0.065700 0.411761
vt 0.419204 0.383328
vt 0.418900 0.383313
vt 0.362629 0.400987
vt 0.363721 0.386720
vt 0.068503 0.411776
vt 0.122358 0.436686
vt 0.124000 0.436389
vt 0.124029 0.436686
vt 0.122358 0.436389
vt 0.123932 0.436049
vt 0.399786 0.437760
vt 0.401469 0.438099
vt 0.399786 0.438099
vt 0.399786 0.437427
vt 0.401542 0.437760
vt 0.122358 0.437001
vt 0.125211 0.436316
vt 0.124029 0.437001
vt 0.136165 0.455827
vt 0.137185 0.455308
vt 0.136491 0.456110
vt 0.122358 0.436049
vt 0.124836 0.435767
vt 0.122358 0.435157
vt 0.125211 0.435083
vt 0.402435 0.438361
vt 0.399786 0.438926
vt 0.125101 0.436045
vt 0.136751 0.456205
vt 0.403205 0.438850
vt 0.402718 0.438079
vt 0.125557 0.435213
vt 0.136859 0.455025
vt 0.136034 0.455583
vt 0.136680 0.454837
vt 0.401573 0.437427
vt 0.402836 0.438994
vt 0.399786 0.449776
vt 0.403205 0.449680
vt 0.402836 0.449778
vt 0.137398 0.455458
vt 0.146298 0.444792
vt 0.146494 0.444961
vt 0.145971 0.444510
vt 0.125557 0.423518
vt 0.122358 0.423441
vt 0.470734 0.483193
vt 0.470428 0.481605
vt 0.470734 0.481577
vt 0.470428 0.483193
vt 0.470223 0.481671
vt 0.185854 0.459168
vt 0.187252 0.459493
vt 0.185854 0.459493
vt 0.471181 0.483193
vt 0.471409 0.481605
vt 0.471409 0.483193
vt 0.471047 0.480435
vt 0.471181 0.481577
vt 0.314758 0.460401
vt 0.314044 0.459503
vt 0.314459 0.459381
vt 0.320107 0.470432
vt 0.318707 0.470432
vt 0.320911 0.470112
vt 0.318707 0.469423
vt 0.321245 0.469340
vt 0.000566 0.483826
vt 0.001247 0.486006
vt 0.000250 0.486006
vt 0.470303 0.480541
vt 0.470601 0.480435
vt 0.470120 0.480797
vt 0.314343 0.460523
vt 0.313823 0.459671
vt 0.188697 0.460495
vt 0.188056 0.459812
vt 0.188291 0.459557
vt 0.321552 0.469369
vt 0.314735 0.459403
vt 0.315014 0.460352
vt 0.187314 0.459168
vt 0.471285 0.480541
vt 0.188389 0.460583
vt 0.185854 0.468680
vt 0.185854 0.460501
vt 0.188697 0.468660
vt 0.188389 0.468713
vt 0.314101 0.460621
vt 0.316774 0.468801
vt 0.316528 0.468884
vt 0.317189 0.468679
vt 0.321552 0.461198
vt 0.318707 0.461237
vt 0.363643 0.368681
vt 0.363949 0.366743
vt 0.369912 0.368681
vt 0.363949 0.370618
vt 0.364840 0.372366
vt 0.366227 0.373753
vt 0.367975 0.374643
vt 0.369912 0.374950
vt 0.371849 0.374643
vt 0.373597 0.373753
vt 0.374984 0.372366
vt 0.375875 0.370618
vt 0.376181 0.368681
vt 0.375875 0.366743
vt 0.373799 0.356332
vt 0.366025 0.356332
vt 0.368427 0.354054
vt 0.473051 0.462820
vt 0.476071 0.464327
vt 0.473051 0.464327
vt 0.476071 0.461624
vt 0.476071 0.462820
vt 0.023694 0.396783
vt 0.026432 0.386167
vt 0.026432 0.396783
vt 0.023694 0.386167
vt 0.026432 0.384192
vt 0.023694 0.382217
vt 0.023694 0.384192
vt 0.023694 0.380434
vt 0.026432 0.382217
vt 0.098913 0.459947
vt 0.101822 0.461449
vt 0.098913 0.461449
vt 0.098913 0.458053
vt 0.101822 0.459947
vt 0.101822 0.455954
vt 0.101822 0.458053
vt 0.098913 0.453854
vt 0.098913 0.455954
vt 0.101822 0.451961
vt 0.101822 0.453854
vt 0.098913 0.450458
vt 0.098913 0.451961
vt 0.202460 0.395623
vt 0.205197 0.397405
vt 0.202460 0.397405
vt 0.202460 0.393648
vt 0.205197 0.395623
vt 0.202460 0.391672
vt 0.205197 0.393648
vt 0.202460 0.381058
vt 0.205197 0.391672
vt 0.473051 0.469174
vt 0.476071 0.470370
vt 0.473051 0.470370
vt 0.476071 0.467667
vt 0.476071 0.469174
vt 0.473051 0.465997
vt 0.473051 0.467667
vt 0.476071 0.465997
vt 0.434682 0.375582
vt 0.434957 0.377319
vt 0.429336 0.377319
vt 0.434682 0.379056
vt 0.433884 0.380623
vt 0.432640 0.381867
vt 0.431073 0.382666
vt 0.429336 0.382941
vt 0.427598 0.382666
vt 0.426031 0.381867
vt 0.424788 0.380623
vt 0.423989 0.379056
vt 0.423714 0.377319
vt 0.423989 0.375582
vt 0.429336 0.365302
vt 0.476605 0.465997
vt 0.430781 0.362801
vt 0.429336 0.362985
vt 0.429336 0.362502
vt 0.430667 0.363260
vt 0.432086 0.363668
vt 0.431868 0.364059
vt 0.476605 0.464380
vt 0.476605 0.462921
vt 0.433121 0.365018
vt 0.432821 0.365302
vt 0.476605 0.461763
vt 0.435142 0.375433
vt 0.026915 0.396664
vt 0.026915 0.386104
vt 0.435441 0.377319
vt 0.026915 0.384192
vt 0.026915 0.382279
vt 0.434274 0.380908
vt 0.026432 0.380434
vt 0.026915 0.380553
vt 0.102336 0.461275
vt 0.102336 0.459820
vt 0.432924 0.382258
vt 0.102336 0.457986
vt 0.431222 0.383125
vt 0.102336 0.455954
vt 0.429336 0.383424
vt 0.102336 0.453921
vt 0.425747 0.382258
vt 0.102336 0.452088
vt 0.424397 0.380908
vt 0.101822 0.450458
vt 0.102336 0.450632
vt 0.423530 0.379206
vt 0.205681 0.397285
vt 0.205681 0.395560
vt 0.423231 0.377319
vt 0.205681 0.393648
vt 0.205681 0.391735
vt 0.423530 0.375433
vt 0.425850 0.365302
vt 0.205681 0.381177
vt 0.425551 0.365018
vt 0.426804 0.364059
vt 0.476605 0.469073
vt 0.476605 0.470231
vt 0.426586 0.363668
vt 0.428004 0.363260
vt 0.476605 0.467614
vt 0.427890 0.362801
vt 0.371457 0.473377
vt 0.372830 0.473679
vt 0.371457 0.473679
vt 0.087888 0.485184
vt 0.088150 0.483693
vt 0.088150 0.485184
vt 0.087452 0.485184
vt 0.087190 0.483693
vt 0.087452 0.483668
vt 0.042255 0.481199
vt 0.043627 0.480897
vt 0.043687 0.481199
vt 0.079635 0.473462
vt 0.080068 0.474526
vt 0.079635 0.474526
vt 0.087888 0.483668
vt 0.087452 0.482596
vt 0.087888 0.482596
vt 0.373618 0.474005
vt 0.371457 0.474709
vt 0.044415 0.480571
vt 0.042255 0.479867
vt 0.044742 0.479783
vt 0.042255 0.480897
vt 0.087190 0.482695
vt 0.044646 0.480802
vt 0.079376 0.473561
vt 0.374246 0.474733
vt 0.373849 0.473774
vt 0.372890 0.473377
vt 0.088150 0.482695
vt 0.045043 0.479842
vt 0.080328 0.473561
vt 0.080328 0.474551
vt 0.373945 0.474794
vt 0.371457 0.480175
vt 0.374246 0.480190
vt 0.079635 0.480170
vt 0.079376 0.474551
vt 0.080068 0.480170
vt 0.080328 0.480186
vt 0.045043 0.474387
vt 0.044742 0.474350
vt 0.042255 0.474402
vt 0.498450 0.459164
vt 0.498824 0.460668
vt 0.498450 0.460668
vt 0.498450 0.457970
vt 0.498824 0.459164
vt 0.177062 0.480702
vt 0.177420 0.479265
vt 0.177420 0.480702
vt 0.177062 0.477671
vt 0.177062 0.479265
vt 0.177062 0.476078
vt 0.177420 0.477671
vt 0.177062 0.474641
vt 0.177420 0.476078
vt 0.398810 0.468239
vt 0.399184 0.467045
vt 0.399184 0.468239
vt 0.398810 0.467045
vt 0.399184 0.465541
vt 0.398810 0.463874
vt 0.398810 0.465541
vt 0.399184 0.462207
vt 0.399184 0.463874
vt 0.398810 0.460703
vt 0.398810 0.462207
vt 0.398810 0.459509
vt 0.399184 0.460703
vt 0.348990 0.478295
vt 0.349348 0.479735
vt 0.348990 0.479735
vt 0.349348 0.476699
vt 0.349348 0.478295
vt 0.348990 0.476699
vt 0.349348 0.475104
vt 0.348990 0.473664
vt 0.348990 0.475104
vt 0.498450 0.465506
vt 0.498824 0.466700
vt 0.498450 0.466700
vt 0.498450 0.464002
vt 0.498824 0.465506
vt 0.498450 0.462335
vt 0.498824 0.464002
vt 0.498824 0.462335
vt 0.489680 0.461063
vt 0.490127 0.460187
vt 0.492670 0.462035
vt 0.490822 0.459491
vt 0.491699 0.459045
vt 0.492670 0.458891
vt 0.493642 0.459045
vt 0.494518 0.459491
vt 0.495214 0.460187
vt 0.495660 0.461063
vt 0.495814 0.462035
vt 0.495660 0.463006
vt 0.495214 0.463883
vt 0.494518 0.464578
vt 0.493642 0.465025
vt 0.492670 0.465179
vt 0.491699 0.465025
vt 0.490822 0.464578
vt 0.490127 0.463883
vt 0.489680 0.463006
vt 0.489526 0.462035
vt 0.499090 0.460702
vt 0.499090 0.459229
vt 0.499090 0.458060
vt 0.177673 0.479232
vt 0.177673 0.480639
vt 0.177673 0.477671
vt 0.177673 0.476111
vt 0.177420 0.474641
vt 0.177673 0.474703
vt 0.399449 0.468149
vt 0.399449 0.466980
vt 0.399449 0.465507
vt 0.399449 0.463874
vt 0.399449 0.462241
vt 0.399449 0.460768
vt 0.399184 0.459509
vt 0.399449 0.459599
vt 0.349602 0.478262
vt 0.349602 0.479672
vt 0.349602 0.476699
vt 0.349602 0.475137
vt 0.349348 0.473664
vt 0.349602 0.473727
vt 0.499090 0.465441
vt 0.499090 0.466610
vt 0.499090 0.463968
vt 0.499090 0.462335
vt 0.488548 0.460696
vt 0.487919 0.462035
vt 0.488152 0.460567
vt 0.488827 0.459243
vt 0.489164 0.459487
vt 0.488548 0.463374
vt 0.488152 0.463503
vt 0.489878 0.458192
vt 0.490123 0.458528
vt 0.491331 0.457913
vt 0.492670 0.457284
vt 0.492670 0.457701
vt 0.494009 0.457913
vt 0.495463 0.458192
vt 0.495218 0.458528
vt 0.496176 0.459487
vt 0.496514 0.459243
vt 0.496792 0.460696
vt 0.497421 0.462035
vt 0.497004 0.462035
vt 0.496792 0.463374
vt 0.497188 0.463503
vt 0.496176 0.464583
vt 0.496514 0.464827
vt 0.495218 0.465541
vt 0.494138 0.466553
vt 0.494009 0.466157
vt 0.492670 0.466786
vt 0.492670 0.466369
vt 0.491202 0.466553
vt 0.491331 0.466157
vt 0.490123 0.465541
vt 0.488827 0.464827
vt 0.489164 0.464583
vt 0.487947 0.460500
vt 0.487704 0.462035
vt 0.488652 0.459116
vt 0.491135 0.457312
vt 0.491202 0.457517
vt 0.492670 0.457069
vt 0.494138 0.457517
vt 0.494205 0.457312
vt 0.496688 0.459116
vt 0.497393 0.460500
vt 0.497188 0.460567
vt 0.497393 0.463569
vt 0.496688 0.464954
vt 0.495463 0.465879
vt 0.494205 0.466758
vt 0.492670 0.467001
vt 0.491136 0.466758
vt 0.489751 0.466053
vt 0.489878 0.465879
vt 0.488652 0.464954
vt 0.487947 0.463569
vt 0.489366 0.459634
vt 0.488786 0.460773
vt 0.490269 0.458731
vt 0.492670 0.457951
vt 0.491408 0.458150
vt 0.493932 0.458150
vt 0.495071 0.458731
vt 0.495974 0.459634
vt 0.496754 0.462035
vt 0.496554 0.460773
vt 0.496554 0.463297
vt 0.495974 0.464436
vt 0.493932 0.465919
vt 0.495071 0.465339
vt 0.491408 0.465919
vt 0.492670 0.466119
vt 0.490269 0.465339
vt 0.489366 0.464436
vt 0.488786 0.463297
vt 0.488336 0.462035
vt 0.488586 0.462035
vt 0.489888 0.460014
vt 0.488996 0.460841
vt 0.489545 0.459764
vt 0.490649 0.459253
vt 0.489400 0.460972
vt 0.488807 0.462035
vt 0.490399 0.458910
vt 0.491607 0.458765
vt 0.492670 0.458171
vt 0.492670 0.458596
vt 0.493733 0.458765
vt 0.494941 0.458910
vt 0.494691 0.459253
vt 0.495796 0.459764
vt 0.495452 0.460014
vt 0.496344 0.460841
vt 0.495940 0.460972
vt 0.496534 0.462035
vt 0.496109 0.462035
vt 0.496344 0.463229
vt 0.495940 0.463098
vt 0.495796 0.464306
vt 0.495452 0.464056
vt 0.494691 0.464817
vt 0.494941 0.465161
vt 0.493733 0.465305
vt 0.492670 0.465898
vt 0.492670 0.465473
vt 0.491608 0.465305
vt 0.490399 0.465161
vt 0.490649 0.464817
vt 0.489545 0.464306
vt 0.489888 0.464056
vt 0.489400 0.463098
vt 0.488996 0.463229
vt 0.489232 0.462035
vt 0.491476 0.458361
vt 0.493864 0.458361
vt 0.493864 0.465709
vt 0.491476 0.465709
vt 0.402717 0.402559
vt 0.404116 0.402884
vt 0.402717 0.402884
vt 0.257247 0.483230
vt 0.257476 0.481642
vt 0.257476 0.483230
vt 0.256801 0.483230
vt 0.256495 0.481642
vt 0.256801 0.481614
vt 0.256495 0.483230
vt 0.256290 0.481708
vt 0.319494 0.414555
vt 0.319379 0.415695
vt 0.319080 0.414677
vt 0.257114 0.480472
vt 0.256668 0.480472
vt 0.404920 0.403203
vt 0.402717 0.403892
vt 0.456695 0.420042
vt 0.454491 0.419353
vt 0.457028 0.419270
vt 0.455891 0.420362
vt 0.454491 0.420362
vt 0.256370 0.480578
vt 0.256188 0.480834
vt 0.320014 0.415406
vt 0.319793 0.415573
vt 0.405560 0.403886
vt 0.405155 0.402948
vt 0.404177 0.402559
vt 0.257247 0.481614
vt 0.257352 0.480578
vt 0.457336 0.419299
vt 0.319103 0.415673
vt 0.318824 0.414725
vt 0.315463 0.400824
vt 0.454491 0.405755
vt 0.405253 0.403975
vt 0.402717 0.417479
vt 0.457336 0.405725
vt 0.457028 0.405755
vt 0.315048 0.400946
vt 0.314799 0.401019
vt 0.319736 0.414457
vt 0.405560 0.417449
vt 0.201323 0.371672
vt 0.195053 0.371672
vt 0.201016 0.369735
vt 0.201016 0.373610
vt 0.200125 0.375357
vt 0.198738 0.376744
vt 0.196991 0.377635
vt 0.195053 0.377942
vt 0.193116 0.377635
vt 0.191369 0.376744
vt 0.189982 0.375357
vt 0.189091 0.373610
vt 0.188784 0.371672
vt 0.189091 0.369735
vt 0.198940 0.359324
vt 0.191166 0.359324
vt 0.193569 0.357047
vt 0.319118 0.376616
vt 0.316278 0.375673
vt 0.319118 0.375673
vt 0.316278 0.374206
vt 0.319118 0.374206
vt 0.319118 0.363193
vt 0.316278 0.361143
vt 0.319118 0.361143
vt 0.316278 0.359094
vt 0.319118 0.359094
vt 0.319118 0.357245
vt 0.316278 0.357245
vt 0.319118 0.355778
vt 0.201976 0.476371
vt 0.204762 0.474557
vt 0.204762 0.476371
vt 0.201976 0.474557
vt 0.204762 0.472547
vt 0.201976 0.472547
vt 0.204762 0.470536
vt 0.201976 0.470536
vt 0.204762 0.468722
vt 0.320186 0.380929
vt 0.323025 0.379462
vt 0.323025 0.380929
vt 0.320186 0.379462
vt 0.323025 0.377614
vt 0.320186 0.377614
vt 0.323025 0.375564
vt 0.320186 0.375564
vt 0.323025 0.373515
vt 0.320186 0.373515
vt 0.323025 0.362502
vt 0.320186 0.362502
vt 0.323025 0.361034
vt 0.320186 0.360093
vt 0.323025 0.360093
vt 0.244551 0.478586
vt 0.243043 0.481313
vt 0.243043 0.478586
vt 0.241535 0.481313
vt 0.241535 0.478586
vt 0.265685 0.370705
vt 0.260339 0.368968
vt 0.265960 0.368968
vt 0.265685 0.367231
vt 0.264887 0.365664
vt 0.263643 0.364420
vt 0.262076 0.363622
vt 0.260339 0.363347
vt 0.258601 0.363622
vt 0.257034 0.364420
vt 0.255791 0.365664
vt 0.254992 0.367231
vt 0.254717 0.368968
vt 0.254992 0.370705
vt 0.260339 0.380985
vt 0.243043 0.481795
vt 0.241583 0.481795
vt 0.261784 0.383487
vt 0.260339 0.383302
vt 0.261670 0.383027
vt 0.263089 0.382620
vt 0.315776 0.376415
vt 0.316278 0.376616
vt 0.262871 0.382229
vt 0.264124 0.381269
vt 0.315776 0.375503
vt 0.263824 0.380985
vt 0.266145 0.370854
vt 0.315776 0.374082
vt 0.316278 0.363193
vt 0.315776 0.363127
vt 0.266443 0.368968
vt 0.315776 0.359159
vt 0.315776 0.361143
vt 0.265278 0.365380
vt 0.266145 0.367082
vt 0.263927 0.364029
vt 0.315776 0.357369
vt 0.316278 0.355778
vt 0.201483 0.476249
vt 0.262225 0.363162
vt 0.201483 0.472547
vt 0.201483 0.474493
vt 0.258452 0.363162
vt 0.260339 0.362864
vt 0.201483 0.470600
vt 0.256750 0.364029
vt 0.201483 0.468844
vt 0.255400 0.365380
vt 0.319684 0.379338
vt 0.319684 0.380759
vt 0.254533 0.367082
vt 0.319684 0.377548
vt 0.254234 0.368968
vt 0.319684 0.373580
vt 0.319684 0.375564
vt 0.256853 0.380985
vt 0.254533 0.370854
vt 0.319684 0.362626
vt 0.257806 0.382229
vt 0.256554 0.381269
vt 0.319684 0.361205
vt 0.259007 0.383027
vt 0.257589 0.382620
vt 0.319684 0.360293
vt 0.320186 0.361034
vt 0.258893 0.383487
vt 0.244551 0.481313
vt 0.244503 0.481795
vt 0.087479 0.178672
vt 0.089268 0.182665
vt 0.087479 0.182657
vt 0.089268 0.175007
vt 0.089268 0.178683
vt 0.087479 0.174993
vt 0.089268 0.171731
vt 0.087479 0.171714
vt 0.089268 0.168929
vt 0.087479 0.166658
vt 0.089268 0.166679
vt 0.343393 0.357103
vt 0.345033 0.353441
vt 0.345033 0.357093
vt 0.343393 0.349599
vt 0.345033 0.349596
vt 0.345033 0.345655
vt 0.343393 0.341710
vt 0.345033 0.341714
vt 0.345033 0.337869
vt 0.343393 0.334207
vt 0.345033 0.334217
vt 0.091386 0.162589
vt 0.093175 0.160318
vt 0.093175 0.162568
vt 0.091386 0.157533
vt 0.093175 0.157517
vt 0.093175 0.154240
vt 0.091386 0.150574
vt 0.093175 0.150564
vt 0.091386 0.146589
vt 0.093175 0.146582
vt 0.091386 0.142394
vt 0.093175 0.142390
vt 0.093175 0.138093
vt 0.091386 0.133792
vt 0.093175 0.133795
vt 0.093175 0.129604
vt 0.091386 0.125611
vt 0.093175 0.125622
vt 0.093175 0.121945
vt 0.091386 0.118652
vt 0.093175 0.118669
vt 0.093175 0.115868
vt 0.091386 0.113596
vt 0.093175 0.113617
vt 0.181234 0.358030
vt 0.182874 0.354369
vt 0.182874 0.358020
vt 0.181234 0.350528
vt 0.182874 0.350525
vt 0.182874 0.346584
vt 0.181234 0.342640
vt 0.182874 0.342643
vt 0.182874 0.338799
vt 0.181234 0.335138
vt 0.182874 0.335148
vt 0.087479 0.215648
vt 0.089268 0.213377
vt 0.089268 0.215627
vt 0.087479 0.210593
vt 0.089268 0.210576
vt 0.089268 0.207300
vt 0.087479 0.203634
vt 0.089268 0.203623
vt 0.089268 0.199642
vt 0.087479 0.195454
vt 0.089268 0.195450
vt 0.087479 0.191153
vt 0.089268 0.191153
vt 0.087479 0.186853
vt 0.089268 0.186856
vt 0.244443 0.206540
vt 0.244186 0.210563
vt 0.242942 0.210159
vt 0.247547 0.203967
vt 0.245609 0.207134
vt 0.249035 0.200220
vt 0.249960 0.201145
vt 0.252782 0.198732
vt 0.255355 0.195628
vt 0.255949 0.196794
vt 0.259379 0.195371
vt 0.262785 0.193214
vt 0.262990 0.194506
vt 0.266691 0.194213
vt 0.270597 0.193214
vt 0.270392 0.194506
vt 0.274003 0.195371
vt 0.278027 0.195628
vt 0.277433 0.196794
vt 0.280600 0.198732
vt 0.284347 0.200220
vt 0.283422 0.201145
vt 0.285835 0.203967
vt 0.288938 0.206540
vt 0.287773 0.207134
vt 0.289195 0.210563
vt 0.291353 0.213970
vt 0.290060 0.214174
vt 0.290354 0.217876
vt 0.291353 0.221782
vt 0.290060 0.221577
vt 0.289195 0.225188
vt 0.288938 0.229211
vt 0.287773 0.228617
vt 0.285834 0.231784
vt 0.284347 0.235531
vt 0.283422 0.234606
vt 0.280600 0.237019
vt 0.278027 0.240123
vt 0.277433 0.238958
vt 0.274003 0.240380
vt 0.270597 0.242537
vt 0.270392 0.241245
vt 0.266691 0.241538
vt 0.262785 0.242537
vt 0.262990 0.241245
vt 0.259379 0.240380
vt 0.255355 0.240123
vt 0.255949 0.238958
vt 0.252782 0.237019
vt 0.249035 0.235531
vt 0.249960 0.234606
vt 0.247547 0.231784
vt 0.244443 0.229211
vt 0.245609 0.228617
vt 0.244186 0.225188
vt 0.242029 0.221782
vt 0.243321 0.221577
vt 0.243028 0.217876
vt 0.242029 0.213970
vt 0.243321 0.214174
vt 0.245487 0.210986
vt 0.248654 0.204771
vt 0.246828 0.207755
vt 0.250928 0.202112
vt 0.253587 0.199839
vt 0.256570 0.198013
vt 0.259801 0.196672
vt 0.263204 0.195857
vt 0.266691 0.195581
vt 0.270178 0.195857
vt 0.273580 0.196672
vt 0.276812 0.198013
vt 0.279795 0.199839
vt 0.282454 0.202112
vt 0.284727 0.204771
vt 0.286554 0.207755
vt 0.287894 0.210986
vt 0.288709 0.214388
vt 0.288985 0.217876
vt 0.288709 0.221363
vt 0.287894 0.224765
vt 0.286554 0.227996
vt 0.284727 0.230980
vt 0.282454 0.233639
vt 0.279795 0.235912
vt 0.276812 0.237739
vt 0.273580 0.239079
vt 0.270178 0.239894
vt 0.266691 0.240170
vt 0.263203 0.239894
vt 0.259801 0.239079
vt 0.256570 0.237739
vt 0.253587 0.235912
vt 0.250928 0.233639
vt 0.248654 0.230980
vt 0.246828 0.227996
vt 0.245488 0.224765
vt 0.244673 0.221363
vt 0.244397 0.217876
vt 0.244673 0.214388
vt 0.077796 0.024235
vt 0.078169 0.020029
vt 0.078169 0.024235
vt 0.077796 0.016146
vt 0.077796 0.020029
vt 0.078450 0.016232
vt 0.078450 0.020096
vt 0.078450 0.024280
vt 0.077796 0.012685
vt 0.078169 0.016146
vt 0.077796 0.009726
vt 0.078169 0.012685
vt 0.078450 0.009845
vt 0.078450 0.012789
vt 0.077796 0.007349
vt 0.078169 0.009726
vt 0.496845 0.056653
vt 0.497194 0.060578
vt 0.496845 0.060578
vt 0.497455 0.056610
vt 0.497455 0.060516
vt 0.497455 0.064122
vt 0.497194 0.064202
vt 0.496845 0.052520
vt 0.497194 0.056653
vt 0.496845 0.048284
vt 0.497194 0.052520
vt 0.497455 0.048284
vt 0.497455 0.052499
vt 0.496845 0.044048
vt 0.497194 0.048284
vt 0.497194 0.039915
vt 0.497194 0.044048
vt 0.497455 0.039958
vt 0.497455 0.044070
vt 0.496845 0.035991
vt 0.496845 0.039915
vt 0.089798 0.056029
vt 0.090172 0.058405
vt 0.089798 0.058405
vt 0.497194 0.035991
vt 0.497455 0.032447
vt 0.497455 0.036053
vt 0.090172 0.053071
vt 0.090172 0.056029
vt 0.089798 0.053071
vt 0.090172 0.049612
vt 0.090452 0.049526
vt 0.090452 0.052967
vt 0.090452 0.055910
vt 0.089798 0.045731
vt 0.089798 0.049612
vt 0.089798 0.041527
vt 0.090172 0.045731
vt 0.090452 0.041481
vt 0.090452 0.045664
vt 0.089798 0.037101
vt 0.090172 0.041527
vt 0.089798 0.032564
vt 0.090172 0.037101
vt 0.090452 0.032564
vt 0.090452 0.037078
vt 0.090172 0.028027
vt 0.090172 0.032564
vt 0.089798 0.028027
vt 0.090172 0.023601
vt 0.090452 0.023647
vt 0.090452 0.028050
vt 0.089798 0.019397
vt 0.089798 0.023601
vt 0.089798 0.015516
vt 0.090172 0.019397
vt 0.090452 0.015602
vt 0.090452 0.019464
vt 0.089798 0.012056
vt 0.090172 0.015516
vt 0.090172 0.009099
vt 0.090172 0.012056
vt 0.090452 0.009218
vt 0.090452 0.012161
vt 0.089798 0.006723
vt 0.089798 0.009099
vt 0.491960 0.055303
vt 0.492309 0.051378
vt 0.492309 0.055303
vt 0.492571 0.051336
vt 0.492571 0.055241
vt 0.492571 0.058846
vt 0.492309 0.058927
vt 0.491960 0.051378
vt 0.492309 0.047246
vt 0.491960 0.043010
vt 0.491960 0.047246
vt 0.492571 0.043010
vt 0.492571 0.047225
vt 0.491960 0.038774
vt 0.492309 0.043010
vt 0.492309 0.034642
vt 0.492309 0.038774
vt 0.492571 0.034684
vt 0.492571 0.038796
vt 0.491960 0.034642
vt 0.492309 0.030717
vt 0.077796 0.056678
vt 0.078169 0.059055
vt 0.077796 0.059055
vt 0.492571 0.027174
vt 0.492571 0.030779
vt 0.077796 0.053719
vt 0.078169 0.056678
vt 0.077796 0.050258
vt 0.078169 0.053719
vt 0.078450 0.050172
vt 0.078450 0.053615
vt 0.078450 0.056559
vt 0.077796 0.046375
vt 0.078169 0.050258
vt 0.078169 0.042169
vt 0.078169 0.046375
vt 0.078450 0.042123
vt 0.078450 0.046308
vt 0.077796 0.037741
vt 0.077796 0.042169
vt 0.077796 0.033202
vt 0.078169 0.037741
vt 0.078450 0.033202
vt 0.078450 0.037718
vt 0.077796 0.028663
vt 0.078169 0.033202
vt 0.078169 0.028663
vt 0.078450 0.028686
vt 0.457878 0.095747
vt 0.461103 0.093229
vt 0.461313 0.093643
vt 0.465034 0.092100
vt 0.464891 0.091658
vt 0.232177 0.159404
vt 0.235345 0.161831
vt 0.231932 0.159742
vt 0.239171 0.162967
vt 0.235535 0.161459
vt 0.239042 0.163365
vt 0.235165 0.162185
vt 0.231698 0.160063
vt 0.452198 0.101426
vt 0.454487 0.098036
vt 0.454816 0.098364
vt 0.457605 0.095370
vt 0.226627 0.153854
vt 0.228889 0.157141
vt 0.226289 0.154099
vt 0.229185 0.156846
vt 0.228609 0.157422
vt 0.225968 0.154332
vt 0.448552 0.108583
vt 0.449681 0.104651
vt 0.450095 0.104862
vt 0.451822 0.101153
vt 0.223064 0.146860
vt 0.224199 0.150686
vt 0.222666 0.146989
vt 0.224572 0.150496
vt 0.223846 0.150866
vt 0.222288 0.147111
vt 0.447296 0.116516
vt 0.447155 0.112427
vt 0.447614 0.112500
vt 0.448110 0.108439
vt 0.221836 0.139107
vt 0.221734 0.143097
vt 0.221418 0.139107
vt 0.222146 0.143031
vt 0.221342 0.143159
vt 0.221021 0.139107
vt 0.448552 0.124449
vt 0.447155 0.120604
vt 0.447614 0.120532
vt 0.446830 0.116516
vt 0.223064 0.131354
vt 0.221734 0.135117
vt 0.222666 0.131225
vt 0.222146 0.135182
vt 0.221341 0.135055
vt 0.222289 0.131102
vt 0.452198 0.131605
vt 0.449681 0.128381
vt 0.450095 0.128170
vt 0.448110 0.124592
vt 0.226627 0.124360
vt 0.224199 0.127528
vt 0.226289 0.124115
vt 0.224572 0.127718
vt 0.223846 0.127348
vt 0.225968 0.123881
vt 0.457878 0.137285
vt 0.454487 0.134996
vt 0.454816 0.134667
vt 0.451822 0.131878
vt 0.232177 0.118810
vt 0.228889 0.121073
vt 0.231932 0.118472
vt 0.229185 0.121368
vt 0.228609 0.120792
vt 0.231698 0.118151
vt 0.465034 0.140931
vt 0.461103 0.139802
vt 0.461313 0.139388
vt 0.457605 0.137661
vt 0.239171 0.115246
vt 0.235345 0.116382
vt 0.239042 0.114849
vt 0.235535 0.116755
vt 0.235165 0.116029
vt 0.238919 0.114471
vt 0.472967 0.142188
vt 0.468879 0.142329
vt 0.468952 0.141870
vt 0.464891 0.141373
vt 0.246924 0.114019
vt 0.242934 0.113916
vt 0.246924 0.113600
vt 0.242999 0.114329
vt 0.242872 0.113524
vt 0.246924 0.113203
vt 0.480900 0.140931
vt 0.477056 0.142329
vt 0.476983 0.141870
vt 0.472967 0.142652
vt 0.254677 0.115246
vt 0.250914 0.113916
vt 0.254806 0.114849
vt 0.250848 0.114329
vt 0.250976 0.113524
vt 0.254929 0.114471
vt 0.488057 0.137285
vt 0.484832 0.139802
vt 0.484621 0.139388
vt 0.481044 0.141373
vt 0.261671 0.118810
vt 0.258503 0.116382
vt 0.261916 0.118472
vt 0.258313 0.116755
vt 0.258683 0.116029
vt 0.262150 0.118151
vt 0.493737 0.131605
vt 0.491448 0.134996
vt 0.491119 0.134667
vt 0.488330 0.137661
vt 0.267221 0.124360
vt 0.264959 0.121073
vt 0.267559 0.124115
vt 0.264663 0.121368
vt 0.265239 0.120792
vt 0.267880 0.123881
vt 0.497383 0.124449
vt 0.496254 0.128381
vt 0.495840 0.128170
vt 0.494113 0.131879
vt 0.270785 0.131354
vt 0.269649 0.127528
vt 0.271182 0.131225
vt 0.269276 0.127718
vt 0.270002 0.127348
vt 0.271560 0.131102
vt 0.498639 0.116516
vt 0.498781 0.120604
vt 0.498321 0.120532
vt 0.497825 0.124592
vt 0.272012 0.139107
vt 0.272114 0.135117
vt 0.272430 0.139107
vt 0.271702 0.135182
vt 0.272507 0.135055
vt 0.272827 0.139107
vt 0.497383 0.108583
vt 0.498781 0.112427
vt 0.498321 0.112500
vt 0.499104 0.116516
vt 0.270784 0.146860
vt 0.272114 0.143097
vt 0.271182 0.146989
vt 0.271702 0.143031
vt 0.272507 0.143159
vt 0.271560 0.147111
vt 0.493737 0.101426
vt 0.496254 0.104651
vt 0.495840 0.104862
vt 0.497825 0.108439
vt 0.267221 0.153854
vt 0.269648 0.150686
vt 0.267559 0.154099
vt 0.269276 0.150496
vt 0.270002 0.150866
vt 0.267880 0.154332
vt 0.488057 0.095747
vt 0.491448 0.098036
vt 0.491119 0.098364
vt 0.494112 0.101153
vt 0.261671 0.159404
vt 0.264959 0.157141
vt 0.261917 0.159742
vt 0.264663 0.156846
vt 0.265239 0.157422
vt 0.262150 0.160063
vt 0.480900 0.092100
vt 0.484832 0.093229
vt 0.484621 0.093643
vt 0.488330 0.095370
vt 0.254677 0.162967
vt 0.258503 0.161831
vt 0.254806 0.163365
vt 0.258313 0.161459
vt 0.258683 0.162185
vt 0.254929 0.163742
vt 0.472967 0.090844
vt 0.477056 0.090703
vt 0.476983 0.091162
vt 0.481044 0.091658
vt 0.246924 0.164195
vt 0.250914 0.164297
vt 0.246924 0.164613
vt 0.250849 0.163884
vt 0.250976 0.164689
vt 0.246924 0.165010
vt 0.468879 0.090703
vt 0.468952 0.091162
vt 0.472967 0.090379
vt 0.242934 0.164297
vt 0.243000 0.163884
vt 0.242872 0.164689
vt 0.238920 0.163742
vt 0.087190 0.178641
vt 0.087190 0.174952
vt 0.239232 0.162781
vt 0.235624 0.161285
vt 0.232292 0.159245
vt 0.087190 0.186842
vt 0.087190 0.182635
vt 0.246924 0.163999
vt 0.243030 0.163691
vt 0.087190 0.195465
vt 0.087190 0.191153
vt 0.087479 0.199649
vt 0.254616 0.162781
vt 0.250818 0.163691
vt 0.087190 0.203666
vt 0.087190 0.199671
vt 0.087479 0.207313
vt 0.261556 0.159245
vt 0.258224 0.161285
vt 0.087190 0.210642
vt 0.087190 0.207355
vt 0.087479 0.213396
vt 0.267063 0.153738
vt 0.264525 0.156707
vt 0.087190 0.215711
vt 0.087190 0.213453
vt 0.181234 0.338793
vt 0.180969 0.335109
vt 0.270598 0.146799
vt 0.269102 0.150407
vt 0.180969 0.342630
vt 0.180969 0.338773
vt 0.181234 0.346584
vt 0.271817 0.139107
vt 0.271508 0.143001
vt 0.180969 0.350538
vt 0.180969 0.346584
vt 0.181234 0.354375
vt 0.270598 0.131415
vt 0.271508 0.135213
vt 0.180969 0.358059
vt 0.180969 0.354395
vt 0.091386 0.115849
vt 0.091098 0.113534
vt 0.267063 0.124475
vt 0.269102 0.127807
vt 0.091098 0.118603
vt 0.091098 0.115792
vt 0.091386 0.121932
vt 0.261556 0.118968
vt 0.264525 0.121506
vt 0.091098 0.125580
vt 0.091098 0.121890
vt 0.091386 0.129596
vt 0.254616 0.115433
vt 0.258224 0.116929
vt 0.091098 0.133781
vt 0.091098 0.129575
vt 0.091386 0.138093
vt 0.246924 0.114214
vt 0.250818 0.114522
vt 0.091098 0.142405
vt 0.091098 0.138093
vt 0.239232 0.115433
vt 0.243030 0.114522
vt 0.091098 0.150606
vt 0.091098 0.146611
vt 0.091386 0.154254
vt 0.232292 0.118968
vt 0.235624 0.116929
vt 0.091098 0.157583
vt 0.091098 0.154295
vt 0.091386 0.160337
vt 0.226785 0.124475
vt 0.229323 0.121506
vt 0.091098 0.162651
vt 0.091098 0.160394
vt 0.343393 0.337862
vt 0.343128 0.334178
vt 0.223250 0.131415
vt 0.224746 0.127807
vt 0.343128 0.341701
vt 0.343128 0.337843
vt 0.343393 0.345655
vt 0.222031 0.139107
vt 0.222340 0.135213
vt 0.343128 0.349609
vt 0.343128 0.345655
vt 0.343393 0.353448
vt 0.223250 0.146799
vt 0.222340 0.143001
vt 0.343128 0.357132
vt 0.343128 0.353468
vt 0.087479 0.168910
vt 0.087190 0.166596
vt 0.226785 0.153738
vt 0.224746 0.150407
vt 0.087190 0.171664
vt 0.087190 0.168854
vt 0.229323 0.156707
vt 0.454378 0.097926
vt 0.457513 0.095245
vt 0.077422 0.012685
vt 0.077422 0.016146
vt 0.449543 0.104581
vt 0.451697 0.101062
vt 0.496496 0.060578
vt 0.077422 0.009726
vt 0.447002 0.112403
vt 0.447963 0.108391
vt 0.496496 0.048284
vt 0.496496 0.052520
vt 0.496496 0.056653
vt 0.447002 0.120628
vt 0.446676 0.116516
vt 0.496496 0.039915
vt 0.496496 0.044048
vt 0.449543 0.128451
vt 0.447963 0.124640
vt 0.089424 0.058405
vt 0.454378 0.135105
vt 0.451697 0.131970
vt 0.089424 0.049612
vt 0.089424 0.053071
vt 0.089424 0.056029
vt 0.461032 0.139940
vt 0.457513 0.137786
vt 0.089424 0.045731
vt 0.089144 0.041474
vt 0.089424 0.037101
vt 0.089424 0.041527
vt 0.468855 0.142482
vt 0.477080 0.142482
vt 0.472967 0.142807
vt 0.089424 0.023601
vt 0.089424 0.028027
vt 0.089424 0.032564
vt 0.484903 0.139940
vt 0.481092 0.141521
vt 0.089424 0.019397
vt 0.491557 0.135105
vt 0.488421 0.137786
vt 0.089424 0.009099
vt 0.089424 0.012056
vt 0.089424 0.015516
vt 0.496392 0.128451
vt 0.494238 0.131970
vt 0.491611 0.051378
vt 0.491611 0.055303
vt 0.498933 0.120628
vt 0.497972 0.124640
vt 0.491611 0.043010
vt 0.491611 0.047246
vt 0.498933 0.112403
vt 0.499259 0.116516
vt 0.491611 0.034642
vt 0.491611 0.038774
vt 0.496392 0.104580
vt 0.497972 0.108391
vt 0.077422 0.056678
vt 0.077422 0.059055
vt 0.491611 0.030717
vt 0.491557 0.097926
vt 0.494238 0.101062
vt 0.077422 0.050258
vt 0.077422 0.053719
vt 0.484903 0.093092
vt 0.488421 0.095245
vt 0.077422 0.042169
vt 0.077422 0.046375
vt 0.477080 0.090550
vt 0.481092 0.091511
vt 0.077422 0.037741
vt 0.468855 0.090550
vt 0.472967 0.090224
vt 0.077422 0.024235
vt 0.077422 0.028663
vt 0.077422 0.033202
vt 0.461032 0.093092
vt 0.464843 0.091511
vt 0.077422 0.020029
vt 0.089728 0.186856
vt 0.089728 0.191153
vt 0.089728 0.182665
vt 0.241846 0.213941
vt 0.241720 0.217876
vt 0.241535 0.217876
vt 0.089728 0.199642
vt 0.089728 0.195450
vt 0.241846 0.221811
vt 0.242942 0.225592
vt 0.242766 0.225649
vt 0.089728 0.207300
vt 0.089728 0.203623
vt 0.244278 0.229295
vt 0.246489 0.232553
vt 0.246339 0.232662
vt 0.089728 0.213377
vt 0.089728 0.210576
vt 0.248904 0.235662
vt 0.252013 0.238077
vt 0.251904 0.238228
vt 0.183297 0.335148
vt 0.183297 0.338799
vt 0.089728 0.215627
vt 0.255271 0.240288
vt 0.258974 0.241625
vt 0.258917 0.241801
vt 0.183297 0.342643
vt 0.183297 0.346584
vt 0.262756 0.242720
vt 0.266691 0.242847
vt 0.266691 0.243032
vt 0.183297 0.354369
vt 0.183297 0.350525
vt 0.270626 0.242720
vt 0.274407 0.241624
vt 0.274464 0.241801
vt 0.093636 0.115868
vt 0.183297 0.358020
vt 0.278110 0.240288
vt 0.281369 0.238077
vt 0.281477 0.238228
vt 0.093636 0.118669
vt 0.093636 0.121945
vt 0.284478 0.235662
vt 0.286893 0.232553
vt 0.287043 0.232662
vt 0.093636 0.129604
vt 0.093636 0.125622
vt 0.289103 0.229295
vt 0.290440 0.225592
vt 0.290616 0.225649
vt 0.093636 0.138093
vt 0.093636 0.133795
vt 0.291535 0.221811
vt 0.291662 0.217876
vt 0.291847 0.217876
vt 0.093636 0.142390
vt 0.093636 0.146582
vt 0.291535 0.213941
vt 0.290440 0.210159
vt 0.290616 0.210102
vt 0.093636 0.154240
vt 0.093636 0.150564
vt 0.289103 0.206456
vt 0.286893 0.203198
vt 0.287043 0.203089
vt 0.093636 0.160318
vt 0.093636 0.157517
vt 0.284478 0.200089
vt 0.281369 0.197674
vt 0.281477 0.197524
vt 0.345456 0.334217
vt 0.345456 0.337869
vt 0.093636 0.162568
vt 0.278110 0.195463
vt 0.274407 0.194127
vt 0.274464 0.193951
vt 0.345456 0.345655
vt 0.345456 0.341714
vt 0.270626 0.193031
vt 0.266691 0.192905
vt 0.266691 0.192719
vt 0.345456 0.349596
vt 0.345456 0.353441
vt 0.262756 0.193031
vt 0.258974 0.194127
vt 0.258917 0.193951
vt 0.089728 0.166679
vt 0.089728 0.168929
vt 0.345456 0.357093
vt 0.255271 0.195463
vt 0.252013 0.197674
vt 0.251904 0.197524
vt 0.089728 0.171731
vt 0.089728 0.175007
vt 0.248904 0.200089
vt 0.246489 0.203198
vt 0.246339 0.203089
vt 0.089728 0.178683
vt 0.244278 0.206456
vt 0.242766 0.210102
vt 0.245675 0.211047
vt 0.248814 0.204887
vt 0.247004 0.207844
vt 0.279298 0.275144
vt 0.278655 0.278367
vt 0.278655 0.275144
vt 0.278655 0.271653
vt 0.279298 0.271653
vt 0.253703 0.199999
vt 0.251067 0.202252
vt 0.279298 0.281240
vt 0.278655 0.283696
vt 0.278655 0.281240
vt 0.279298 0.278367
vt 0.259863 0.196860
vt 0.256659 0.198188
vt 0.004746 0.367086
vt 0.004157 0.363886
vt 0.004746 0.363886
vt 0.279298 0.283696
vt 0.278655 0.285668
vt 0.266691 0.195779
vt 0.263234 0.196052
vt 0.004746 0.370454
vt 0.004157 0.373908
vt 0.004157 0.370454
vt 0.004157 0.367086
vt 0.273519 0.196860
vt 0.270147 0.196052
vt 0.004746 0.380730
vt 0.004157 0.377361
vt 0.004746 0.377361
vt 0.004746 0.373908
vt 0.279680 0.199999
vt 0.276722 0.198188
vt 0.025314 0.243792
vt 0.024671 0.241819
vt 0.025314 0.241819
vt 0.004746 0.383930
vt 0.004157 0.380730
vt 0.284568 0.204887
vt 0.282315 0.202252
vt 0.025314 0.249120
vt 0.024671 0.246248
vt 0.025314 0.246248
vt 0.024671 0.243792
vt 0.287707 0.211047
vt 0.286378 0.207844
vt 0.025314 0.252344
vt 0.024671 0.255835
vt 0.024671 0.252344
vt 0.024671 0.249120
vt 0.288788 0.217876
vt 0.288515 0.214419
vt 0.025314 0.259510
vt 0.024671 0.263278
vt 0.024671 0.259510
vt 0.025314 0.255835
vt 0.287707 0.224704
vt 0.288515 0.221332
vt 0.025314 0.270721
vt 0.024671 0.267046
vt 0.025314 0.267046
vt 0.025314 0.263278
vt 0.284568 0.230864
vt 0.286378 0.227907
vt 0.025314 0.277435
vt 0.024671 0.274212
vt 0.025314 0.274212
vt 0.024671 0.270721
vt 0.279680 0.235753
vt 0.282315 0.233500
vt 0.025314 0.282764
vt 0.024671 0.280308
vt 0.025314 0.280308
vt 0.024671 0.277435
vt 0.273519 0.238891
vt 0.276722 0.237563
vt 0.420889 0.366222
vt 0.420301 0.363021
vt 0.420889 0.363021
vt 0.025314 0.284737
vt 0.024671 0.282764
vt 0.266691 0.239973
vt 0.270147 0.239699
vt 0.420889 0.373046
vt 0.420301 0.369591
vt 0.420889 0.369591
vt 0.420301 0.366222
vt 0.259863 0.238891
vt 0.263234 0.239699
vt 0.420889 0.379870
vt 0.420301 0.376500
vt 0.420889 0.376500
vt 0.420301 0.373046
vt 0.253703 0.235753
vt 0.256660 0.237563
vt 0.279298 0.242753
vt 0.278655 0.244726
vt 0.278655 0.242753
vt 0.420301 0.383070
vt 0.420301 0.379870
vt 0.248814 0.230864
vt 0.251067 0.233500
vt 0.279298 0.247182
vt 0.278655 0.250054
vt 0.278655 0.247182
vt 0.279298 0.244726
vt 0.245675 0.224704
vt 0.247004 0.227907
vt 0.279298 0.253277
vt 0.278655 0.256768
vt 0.278655 0.253277
vt 0.279298 0.250054
vt 0.244594 0.217876
vt 0.244867 0.221332
vt 0.279298 0.264211
vt 0.278655 0.260443
vt 0.279298 0.260443
vt 0.279298 0.256768
vt 0.244867 0.214419
vt 0.278655 0.267978
vt 0.279298 0.267978
vt 0.278655 0.264211
vt 0.226276 0.276471
vt 0.229434 0.277512
vt 0.226190 0.276735
vt 0.223109 0.275457
vt 0.223236 0.275209
vt 0.220428 0.273491
vt 0.217730 0.271549
vt 0.217927 0.271352
vt 0.215787 0.268850
vt 0.213821 0.266169
vt 0.214069 0.266043
vt 0.212808 0.263002
vt 0.211767 0.259845
vt 0.212041 0.259801
vt 0.211781 0.256520
vt 0.211767 0.253195
vt 0.212041 0.253239
vt 0.212808 0.250038
vt 0.213821 0.246871
vt 0.214069 0.246997
vt 0.215787 0.244190
vt 0.217730 0.241491
vt 0.217927 0.241688
vt 0.220428 0.239549
vt 0.223109 0.237583
vt 0.223236 0.237831
vt 0.226276 0.236569
vt 0.229434 0.235528
vt 0.229477 0.235802
vt 0.232759 0.235543
vt 0.236083 0.235528
vt 0.236040 0.235802
vt 0.239241 0.236569
vt 0.242408 0.237583
vt 0.242281 0.237831
vt 0.245089 0.239549
vt 0.247787 0.241491
vt 0.247591 0.241688
vt 0.249730 0.244190
vt 0.251696 0.246871
vt 0.251448 0.246997
vt 0.252709 0.250037
vt 0.253751 0.253195
vt 0.253476 0.253239
vt 0.253736 0.256520
vt 0.253751 0.259845
vt 0.253476 0.259801
vt 0.252709 0.263002
vt 0.251696 0.266169
vt 0.251448 0.266043
vt 0.249729 0.268850
vt 0.247787 0.271549
vt 0.247591 0.271352
vt 0.245089 0.273491
vt 0.242408 0.275457
vt 0.242281 0.275209
vt 0.239241 0.276471
vt 0.236083 0.277512
vt 0.236040 0.277237
vt 0.232759 0.277497
vt 0.229477 0.277237
vt 0.271817 0.271708
vt 0.274902 0.274965
vt 0.271818 0.274966
vt 0.274902 0.277974
vt 0.271818 0.277974
vt 0.274902 0.280654
vt 0.271818 0.280655
vt 0.271818 0.282947
vt 0.274902 0.282946
vt 0.271818 0.284788
vt 0.022616 0.371155
vt 0.019787 0.374142
vt 0.019787 0.371155
vt 0.022616 0.377288
vt 0.019787 0.377288
vt 0.022616 0.380512
vt 0.019787 0.380512
vt 0.019787 0.383737
vt 0.022616 0.383736
vt 0.019787 0.386882
vt 0.022616 0.389869
vt 0.019787 0.389870
vt 0.476136 0.243393
vt 0.473051 0.245233
vt 0.473051 0.243392
vt 0.476136 0.247526
vt 0.473051 0.247525
vt 0.473051 0.250206
vt 0.476136 0.250206
vt 0.473051 0.253214
vt 0.476136 0.253214
vt 0.473051 0.256472
vt 0.476136 0.259902
vt 0.473051 0.259902
vt 0.473051 0.263418
vt 0.476136 0.263418
vt 0.473051 0.266933
vt 0.476136 0.266933
vt 0.473051 0.270363
vt 0.476136 0.270363
vt 0.473051 0.273621
vt 0.476136 0.273621
vt 0.473051 0.276630
vt 0.476136 0.276629
vt 0.473051 0.279310
vt 0.476136 0.279310
vt 0.473051 0.281602
vt 0.476136 0.281601
vt 0.473051 0.283443
vt 0.092075 0.374298
vt 0.094904 0.377286
vt 0.092075 0.377286
vt 0.094904 0.380431
vt 0.092075 0.380431
vt 0.092075 0.383655
vt 0.094904 0.386879
vt 0.092075 0.386879
vt 0.092075 0.390025
vt 0.094904 0.393012
vt 0.092075 0.393012
vt 0.271817 0.244737
vt 0.274902 0.246579
vt 0.271817 0.246578
vt 0.274902 0.248871
vt 0.271818 0.248870
vt 0.274902 0.251551
vt 0.271818 0.251551
vt 0.274902 0.254559
vt 0.271818 0.254559
vt 0.274902 0.257817
vt 0.271818 0.257817
vt 0.271818 0.261247
vt 0.274902 0.261247
vt 0.271818 0.264762
vt 0.274902 0.264762
vt 0.271818 0.268278
vt 0.274902 0.268278
vt 0.222552 0.276552
vt 0.225811 0.277903
vt 0.220265 0.273716
vt 0.216861 0.272417
vt 0.219543 0.274709
vt 0.215563 0.269014
vt 0.212727 0.266726
vt 0.214569 0.269735
vt 0.212543 0.263088
vt 0.210553 0.260037
vt 0.211376 0.263468
vt 0.211503 0.256520
vt 0.210553 0.253003
vt 0.210275 0.256520
vt 0.212543 0.249952
vt 0.212727 0.246313
vt 0.211376 0.249572
vt 0.215563 0.244026
vt 0.216861 0.240623
vt 0.214569 0.243304
vt 0.220265 0.239324
vt 0.222552 0.236488
vt 0.219543 0.238330
vt 0.226190 0.236305
vt 0.229242 0.234315
vt 0.225811 0.235137
vt 0.232759 0.235265
vt 0.236275 0.234315
vt 0.232759 0.234036
vt 0.239327 0.236305
vt 0.242965 0.236488
vt 0.239706 0.235137
vt 0.245252 0.239324
vt 0.248656 0.240623
vt 0.245974 0.238330
vt 0.249955 0.244026
vt 0.252790 0.246313
vt 0.250948 0.243304
vt 0.252974 0.249952
vt 0.254964 0.253003
vt 0.254142 0.249572
vt 0.254014 0.256520
vt 0.254964 0.260037
vt 0.255242 0.256520
vt 0.252974 0.263088
vt 0.252790 0.266726
vt 0.254142 0.263468
vt 0.249955 0.269014
vt 0.248656 0.272417
vt 0.250948 0.269735
vt 0.245252 0.273716
vt 0.242965 0.276552
vt 0.245974 0.274710
vt 0.239327 0.276735
vt 0.236275 0.278725
vt 0.239706 0.277903
vt 0.232759 0.277775
vt 0.229242 0.278725
vt 0.232759 0.279004
vt 0.466622 0.096988
vt 0.472967 0.095983
vt 0.469755 0.096238
vt 0.479312 0.096988
vt 0.476179 0.096238
vt 0.485036 0.099904
vt 0.482288 0.098222
vt 0.489579 0.104447
vt 0.487485 0.101998
vt 0.492495 0.110171
vt 0.491261 0.107195
vt 0.493500 0.116516
vt 0.493246 0.113304
vt 0.492495 0.122861
vt 0.493246 0.119728
vt 0.489579 0.128584
vt 0.491261 0.125837
vt 0.485036 0.133127
vt 0.487485 0.131033
vt 0.479312 0.136043
vt 0.482288 0.134809
vt 0.472967 0.137048
vt 0.476179 0.136794
vt 0.466622 0.136043
vt 0.469755 0.136794
vt 0.460899 0.133127
vt 0.463647 0.134809
vt 0.456356 0.128584
vt 0.458450 0.131033
vt 0.453440 0.122861
vt 0.454674 0.125837
vt 0.452435 0.116516
vt 0.452689 0.119728
vt 0.453440 0.110171
vt 0.452689 0.113304
vt 0.456356 0.104447
vt 0.454674 0.107195
vt 0.460899 0.099905
vt 0.458450 0.101998
vt 0.463647 0.098222
vt 0.059322 0.125362
vt 0.061111 0.121369
vt 0.061111 0.125355
vt 0.059322 0.117704
vt 0.061111 0.117690
vt 0.059322 0.114427
vt 0.061111 0.114411
vt 0.059322 0.111626
vt 0.061111 0.111607
vt 0.061111 0.109355
vt 0.185963 0.357477
vt 0.184323 0.353816
vt 0.185963 0.353822
vt 0.185963 0.349975
vt 0.184323 0.346031
vt 0.185963 0.346031
vt 0.185963 0.342087
vt 0.184323 0.338246
vt 0.185963 0.338239
vt 0.185963 0.334585
vt 0.073810 0.165341
vt 0.072022 0.163070
vt 0.073810 0.163089
vt 0.073810 0.160285
vt 0.072022 0.156993
vt 0.073810 0.157006
vt 0.073810 0.153327
vt 0.072022 0.153316
vt 0.073810 0.149342
vt 0.072022 0.149335
vt 0.073810 0.145147
vt 0.072022 0.140846
vt 0.073810 0.140846
vt 0.073810 0.136545
vt 0.072022 0.132357
vt 0.073810 0.132350
vt 0.073810 0.128365
vt 0.072022 0.124699
vt 0.073810 0.124685
vt 0.073810 0.121406
vt 0.072022 0.118622
vt 0.073810 0.118603
vt 0.073810 0.116351
vt 0.415525 0.359167
vt 0.413885 0.355506
vt 0.415525 0.355512
vt 0.415525 0.351665
vt 0.413885 0.347721
vt 0.415525 0.347721
vt 0.415525 0.343778
vt 0.413885 0.339937
vt 0.415525 0.339931
vt 0.415525 0.336276
vt 0.061111 0.158347
vt 0.059322 0.156076
vt 0.061111 0.156095
vt 0.061111 0.153292
vt 0.059322 0.149998
vt 0.061111 0.150012
vt 0.061111 0.146333
vt 0.059322 0.142340
vt 0.061111 0.142348
vt 0.061111 0.138152
vt 0.059322 0.138148
vt 0.061111 0.133851
vt 0.059322 0.133851
vt 0.061111 0.129550
vt 0.311590 0.214358
vt 0.311847 0.218381
vt 0.310345 0.214762
vt 0.314951 0.220954
vt 0.313892 0.221723
vt 0.316438 0.224701
vt 0.320186 0.226189
vt 0.319417 0.227247
vt 0.322758 0.229293
vt 0.326782 0.229550
vt 0.326378 0.230794
vt 0.330189 0.231707
vt 0.334095 0.230708
vt 0.334095 0.232016
vt 0.338001 0.231707
vt 0.341407 0.229550
vt 0.341811 0.230794
vt 0.345430 0.229293
vt 0.348003 0.226189
vt 0.348772 0.227247
vt 0.351750 0.224701
vt 0.353238 0.220954
vt 0.354296 0.221723
vt 0.356342 0.218381
vt 0.356599 0.214358
vt 0.357843 0.214762
vt 0.358756 0.210951
vt 0.357757 0.207046
vt 0.359065 0.207046
vt 0.358756 0.203139
vt 0.356599 0.199733
vt 0.357843 0.199329
vt 0.356342 0.195710
vt 0.353238 0.193137
vt 0.354296 0.192368
vt 0.351750 0.189389
vt 0.348003 0.187902
vt 0.348772 0.186843
vt 0.345430 0.184797
vt 0.341407 0.184541
vt 0.341811 0.183296
vt 0.338001 0.182384
vt 0.334095 0.183383
vt 0.334095 0.182074
vt 0.330189 0.182384
vt 0.326782 0.184541
vt 0.326378 0.183296
vt 0.322759 0.184797
vt 0.320186 0.187902
vt 0.319417 0.186843
vt 0.316438 0.189389
vt 0.314951 0.193137
vt 0.313892 0.192368
vt 0.311847 0.195710
vt 0.311590 0.199733
vt 0.310345 0.199329
vt 0.309433 0.203139
vt 0.310432 0.207046
vt 0.309123 0.207045
vt 0.309433 0.210951
vt 0.312891 0.213935
vt 0.313012 0.217787
vt 0.316058 0.220150
vt 0.317364 0.223776
vt 0.320990 0.225082
vt 0.323353 0.228127
vt 0.327205 0.228248
vt 0.330393 0.230415
vt 0.334095 0.229340
vt 0.337796 0.230415
vt 0.340984 0.228248
vt 0.344836 0.228127
vt 0.347199 0.225082
vt 0.350825 0.223776
vt 0.352131 0.220150
vt 0.355176 0.217787
vt 0.355298 0.213935
vt 0.357464 0.210747
vt 0.356389 0.207046
vt 0.357464 0.203344
vt 0.355298 0.200156
vt 0.355176 0.196304
vt 0.352131 0.193941
vt 0.350825 0.190315
vt 0.347199 0.189009
vt 0.344836 0.185963
vt 0.340984 0.185842
vt 0.337796 0.183676
vt 0.334095 0.184751
vt 0.330393 0.183676
vt 0.327205 0.185842
vt 0.323353 0.185963
vt 0.320990 0.189009
vt 0.317363 0.190315
vt 0.316058 0.193941
vt 0.313012 0.196304
vt 0.312891 0.200156
vt 0.310725 0.203344
vt 0.311800 0.207046
vt 0.310725 0.210747
vt 0.087845 0.023576
vt 0.087471 0.019370
vt 0.087845 0.019370
vt 0.087845 0.015487
vt 0.087190 0.015574
vt 0.087471 0.015487
vt 0.087190 0.023621
vt 0.087471 0.023575
vt 0.087845 0.012026
vt 0.087471 0.012026
vt 0.087845 0.009068
vt 0.087190 0.009187
vt 0.087471 0.009068
vt 0.087845 0.006691
vt 0.008326 0.070198
vt 0.008675 0.066272
vt 0.008675 0.070198
vt 0.008065 0.066230
vt 0.008326 0.066272
vt 0.008065 0.073741
vt 0.008326 0.073822
vt 0.008675 0.062140
vt 0.008326 0.062140
vt 0.008675 0.057904
vt 0.008065 0.057904
vt 0.008326 0.057904
vt 0.008675 0.053667
vt 0.008326 0.049534
vt 0.008675 0.049534
vt 0.008326 0.053667
vt 0.008065 0.049577
vt 0.008675 0.045609
vt 0.073795 0.058626
vt 0.074169 0.056248
vt 0.074169 0.058626
vt 0.008326 0.045609
vt 0.008065 0.042066
vt 0.008326 0.041985
vt 0.073795 0.053290
vt 0.074169 0.053290
vt 0.073795 0.049829
vt 0.074169 0.049829
vt 0.073514 0.049742
vt 0.073514 0.056129
vt 0.073795 0.056248
vt 0.074169 0.045945
vt 0.073795 0.045945
vt 0.074169 0.041739
vt 0.073514 0.041694
vt 0.073795 0.041739
vt 0.074169 0.037311
vt 0.073795 0.037311
vt 0.074169 0.032772
vt 0.073514 0.032772
vt 0.073795 0.032772
vt 0.074169 0.028233
vt 0.073795 0.023805
vt 0.074169 0.023805
vt 0.073795 0.028233
vt 0.073514 0.023850
vt 0.074169 0.019599
vt 0.073795 0.019599
vt 0.074169 0.015716
vt 0.073514 0.015802
vt 0.073795 0.015715
vt 0.074169 0.012254
vt 0.073795 0.009295
vt 0.074169 0.009295
vt 0.073795 0.012254
vt 0.073514 0.009415
vt 0.074169 0.006918
vt 0.487338 0.088181
vt 0.486989 0.084256
vt 0.487338 0.084256
vt 0.486989 0.088181
vt 0.486727 0.084213
vt 0.486727 0.091725
vt 0.486989 0.091806
vt 0.486989 0.080123
vt 0.487338 0.080123
vt 0.487338 0.075887
vt 0.486727 0.075887
vt 0.486989 0.075887
vt 0.487338 0.071651
vt 0.486989 0.067518
vt 0.487338 0.067518
vt 0.486989 0.071651
vt 0.486727 0.067560
vt 0.486989 0.063593
vt 0.487338 0.063593
vt 0.087471 0.058392
vt 0.087845 0.056015
vt 0.087845 0.058392
vt 0.486727 0.060049
vt 0.486989 0.059968
vt 0.087471 0.056015
vt 0.087845 0.053057
vt 0.087471 0.053057
vt 0.087845 0.049596
vt 0.087190 0.049510
vt 0.087471 0.049596
vt 0.087190 0.055896
vt 0.087845 0.045713
vt 0.087471 0.041508
vt 0.087845 0.041508
vt 0.087471 0.045713
vt 0.087190 0.041462
vt 0.087845 0.037080
vt 0.087471 0.037080
vt 0.087845 0.032542
vt 0.087190 0.032542
vt 0.087471 0.032542
vt 0.087845 0.028003
vt 0.087471 0.028003
vt 0.417467 0.005540
vt 0.420694 0.008060
vt 0.417255 0.005954
vt 0.413531 0.004410
vt 0.395314 0.108077
vt 0.398482 0.105650
vt 0.398671 0.106022
vt 0.402308 0.104514
vt 0.398301 0.105296
vt 0.402179 0.104116
vt 0.395068 0.107739
vt 0.424088 0.010351
vt 0.426379 0.013745
vt 0.423759 0.010680
vt 0.389763 0.113628
vt 0.392026 0.110340
vt 0.392321 0.110636
vt 0.391745 0.110059
vt 0.389425 0.113382
vt 0.428899 0.016973
vt 0.430030 0.020908
vt 0.428485 0.017184
vt 0.386200 0.120622
vt 0.387335 0.116796
vt 0.387708 0.116986
vt 0.386982 0.116616
vt 0.385802 0.120493
vt 0.431428 0.024757
vt 0.431287 0.028849
vt 0.430969 0.024829
vt 0.384972 0.128375
vt 0.384869 0.124385
vt 0.385282 0.124451
vt 0.384477 0.124323
vt 0.384553 0.128375
vt 0.431428 0.032941
vt 0.430030 0.036790
vt 0.430969 0.032869
vt 0.386200 0.136128
vt 0.384869 0.132365
vt 0.385282 0.132300
vt 0.384477 0.132427
vt 0.385802 0.136257
vt 0.428899 0.040726
vt 0.426380 0.043954
vt 0.428485 0.040515
vt 0.389763 0.143122
vt 0.387335 0.139955
vt 0.387708 0.139765
vt 0.386982 0.140135
vt 0.389425 0.143368
vt 0.424088 0.047347
vt 0.420694 0.049638
vt 0.423759 0.047018
vt 0.395314 0.148673
vt 0.392026 0.146410
vt 0.392321 0.146115
vt 0.391745 0.146691
vt 0.395068 0.149011
vt 0.417467 0.052158
vt 0.413531 0.053289
vt 0.417255 0.051744
vt 0.402308 0.152237
vt 0.398482 0.151101
vt 0.398671 0.150728
vt 0.398301 0.151455
vt 0.402179 0.152634
vt 0.409682 0.054687
vt 0.405590 0.054546
vt 0.409610 0.054228
vt 0.410061 0.153464
vt 0.406071 0.153567
vt 0.406136 0.153154
vt 0.406009 0.153959
vt 0.410061 0.153883
vt 0.401497 0.054687
vt 0.397649 0.053289
vt 0.401570 0.054228
vt 0.417814 0.152237
vt 0.414051 0.153567
vt 0.413985 0.153154
vt 0.414113 0.153959
vt 0.417943 0.152634
vt 0.393713 0.052158
vt 0.390486 0.049639
vt 0.393925 0.051744
vt 0.424808 0.148673
vt 0.421640 0.151101
vt 0.421450 0.150728
vt 0.421820 0.151455
vt 0.425054 0.149011
vt 0.387092 0.047347
vt 0.384800 0.043953
vt 0.387421 0.047018
vt 0.430359 0.143122
vt 0.428096 0.146410
vt 0.427800 0.146115
vt 0.428377 0.146691
vt 0.430697 0.143368
vt 0.382281 0.040726
vt 0.381151 0.036790
vt 0.382695 0.040515
vt 0.433922 0.136128
vt 0.432786 0.139955
vt 0.432414 0.139765
vt 0.433140 0.140135
vt 0.434320 0.136257
vt 0.379752 0.032941
vt 0.379893 0.028849
vt 0.380211 0.032869
vt 0.435150 0.128375
vt 0.435252 0.132365
vt 0.434840 0.132300
vt 0.435644 0.132427
vt 0.435568 0.128375
vt 0.379752 0.024757
vt 0.381151 0.020908
vt 0.380211 0.024830
vt 0.433922 0.120622
vt 0.435252 0.124385
vt 0.434840 0.124451
vt 0.435644 0.124323
vt 0.434320 0.120493
vt 0.382281 0.016973
vt 0.384800 0.013745
vt 0.382695 0.017184
vt 0.430359 0.113628
vt 0.432786 0.116796
vt 0.432414 0.116986
vt 0.433140 0.116616
vt 0.430697 0.113382
vt 0.387092 0.010351
vt 0.390486 0.008060
vt 0.387421 0.010680
vt 0.424808 0.108077
vt 0.428096 0.110340
vt 0.427800 0.110636
vt 0.428377 0.110059
vt 0.425054 0.107739
vt 0.393713 0.005540
vt 0.397649 0.004410
vt 0.393925 0.005954
vt 0.417814 0.104514
vt 0.421640 0.105650
vt 0.421450 0.106022
vt 0.421820 0.105296
vt 0.417943 0.104116
vt 0.401497 0.003011
vt 0.405590 0.003152
vt 0.401570 0.003470
vt 0.410061 0.103286
vt 0.414051 0.103184
vt 0.413985 0.103597
vt 0.414113 0.102792
vt 0.410061 0.102868
vt 0.409682 0.003011
vt 0.409610 0.003470
vt 0.406071 0.103184
vt 0.406136 0.103596
vt 0.406009 0.102792
vt 0.061399 0.121338
vt 0.402368 0.104700
vt 0.398760 0.106196
vt 0.395429 0.108236
vt 0.061399 0.129539
vt 0.410061 0.103481
vt 0.406167 0.103790
vt 0.061399 0.138163
vt 0.417753 0.104700
vt 0.413955 0.103790
vt 0.061399 0.146365
vt 0.424693 0.108236
vt 0.421362 0.106196
vt 0.061399 0.153341
vt 0.430200 0.113743
vt 0.427662 0.110774
vt 0.061399 0.158410
vt 0.415790 0.336247
vt 0.433736 0.120683
vt 0.432240 0.117075
vt 0.415790 0.343768
vt 0.434955 0.128375
vt 0.434646 0.124481
vt 0.415790 0.351675
vt 0.433736 0.136068
vt 0.434646 0.132269
vt 0.415790 0.359196
vt 0.074099 0.116288
vt 0.430200 0.143007
vt 0.432240 0.139676
vt 0.074099 0.121357
vt 0.424693 0.148515
vt 0.427662 0.145977
vt 0.074099 0.128333
vt 0.417753 0.152051
vt 0.421362 0.150554
vt 0.074099 0.136534
vt 0.410061 0.153269
vt 0.413955 0.152961
vt 0.074099 0.145158
vt 0.402368 0.152051
vt 0.406167 0.152961
vt 0.074099 0.153359
vt 0.395429 0.148515
vt 0.398760 0.150554
vt 0.074099 0.160335
vt 0.389921 0.143007
vt 0.392460 0.145977
vt 0.074099 0.165404
vt 0.186227 0.334556
vt 0.386386 0.136068
vt 0.387882 0.139676
vt 0.186227 0.342077
vt 0.385167 0.128375
vt 0.385475 0.132269
vt 0.186227 0.349985
vt 0.386386 0.120683
vt 0.385475 0.124481
vt 0.186227 0.357506
vt 0.061399 0.109292
vt 0.389921 0.113743
vt 0.387882 0.117075
vt 0.061399 0.114361
vt 0.392460 0.110774
vt 0.420968 0.007683
vt 0.424198 0.010241
vt 0.426756 0.013471
vt 0.088219 0.012026
vt 0.088219 0.009068
vt 0.088219 0.015487
vt 0.429037 0.016902
vt 0.430472 0.020764
vt 0.009024 0.070198
vt 0.009024 0.066272
vt 0.088219 0.006691
vt 0.431581 0.024732
vt 0.431752 0.028849
vt 0.009024 0.057904
vt 0.009024 0.062140
vt 0.431581 0.032966
vt 0.430472 0.036934
vt 0.009024 0.049534
vt 0.009024 0.053667
vt 0.429037 0.040796
vt 0.426756 0.044227
vt 0.074542 0.058626
vt 0.074542 0.056248
vt 0.009024 0.045609
vt 0.424198 0.047457
vt 0.420968 0.050015
vt 0.074542 0.049829
vt 0.074542 0.053290
vt 0.417537 0.052296
vt 0.413675 0.053731
vt 0.074542 0.045945
vt 0.074542 0.041739
vt 0.409707 0.054841
vt 0.405590 0.055011
vt 0.074542 0.037311
vt 0.074542 0.032772
vt 0.401473 0.054841
vt 0.397505 0.053731
vt 0.074542 0.023805
vt 0.074542 0.028233
vt 0.393643 0.052296
vt 0.390212 0.050015
vt 0.074542 0.019599
vt 0.074542 0.015715
vt 0.386982 0.047457
vt 0.384424 0.044227
vt 0.074542 0.009295
vt 0.074542 0.012254
vt 0.382143 0.040796
vt 0.380708 0.036934
vt 0.487687 0.084256
vt 0.487687 0.088181
vt 0.074542 0.006918
vt 0.379598 0.032966
vt 0.379428 0.028849
vt 0.487687 0.075887
vt 0.487687 0.080123
vt 0.379598 0.024732
vt 0.380708 0.020764
vt 0.487687 0.067518
vt 0.487687 0.071651
vt 0.382143 0.016902
vt 0.384424 0.013471
vt 0.088219 0.056015
vt 0.088219 0.058392
vt 0.487687 0.063593
vt 0.386982 0.010241
vt 0.390212 0.007683
vt 0.088219 0.049596
vt 0.088219 0.053057
vt 0.393643 0.005402
vt 0.397505 0.003967
vt 0.088219 0.041508
vt 0.088219 0.045713
vt 0.401473 0.002857
vt 0.405590 0.002687
vt 0.088219 0.037080
vt 0.088219 0.032542
vt 0.409707 0.002858
vt 0.413675 0.003967
vt 0.088219 0.023575
vt 0.088219 0.028003
vt 0.417537 0.005402
vt 0.088219 0.019370
vt 0.058861 0.129554
vt 0.059322 0.129554
vt 0.058861 0.125362
vt 0.309250 0.210980
vt 0.310169 0.214819
vt 0.308938 0.207046
vt 0.058861 0.142340
vt 0.058861 0.133851
vt 0.309250 0.203110
vt 0.310169 0.199272
vt 0.058861 0.146322
vt 0.059322 0.146322
vt 0.311682 0.195625
vt 0.313743 0.192259
vt 0.058861 0.156076
vt 0.059322 0.153275
vt 0.058861 0.153275
vt 0.316308 0.189259
vt 0.319308 0.186694
vt 0.413462 0.336286
vt 0.413885 0.336286
vt 0.058861 0.158327
vt 0.059322 0.158327
vt 0.322675 0.184633
vt 0.326321 0.183120
vt 0.413462 0.343781
vt 0.413885 0.343781
vt 0.413462 0.339937
vt 0.330159 0.182201
vt 0.334095 0.181889
vt 0.413462 0.351662
vt 0.413885 0.351662
vt 0.338030 0.182201
vt 0.341868 0.183120
vt 0.071561 0.118622
vt 0.072022 0.116371
vt 0.413462 0.359157
vt 0.413885 0.359157
vt 0.345514 0.184633
vt 0.348881 0.186694
vt 0.071561 0.121423
vt 0.072022 0.121423
vt 0.351881 0.189259
vt 0.354447 0.192259
vt 0.071561 0.132357
vt 0.072022 0.128375
vt 0.071561 0.128375
vt 0.356507 0.195625
vt 0.358020 0.199272
vt 0.071561 0.140846
vt 0.072022 0.136549
vt 0.358939 0.203110
vt 0.359251 0.207046
vt 0.071561 0.145143
vt 0.072022 0.145143
vt 0.358939 0.210980
vt 0.358020 0.214819
vt 0.071561 0.156993
vt 0.071561 0.149335
vt 0.356507 0.218465
vt 0.354446 0.221832
vt 0.071561 0.163070
vt 0.072022 0.160269
vt 0.071561 0.160269
vt 0.351881 0.224832
vt 0.348881 0.227397
vt 0.183900 0.334595
vt 0.184323 0.334595
vt 0.071561 0.165320
vt 0.072022 0.165320
vt 0.345514 0.229458
vt 0.341868 0.230970
vt 0.183900 0.346031
vt 0.184323 0.342090
vt 0.183900 0.338246
vt 0.338030 0.231890
vt 0.334095 0.232202
vt 0.183900 0.349972
vt 0.184323 0.349972
vt 0.330159 0.231890
vt 0.326321 0.230970
vt 0.058861 0.109375
vt 0.059322 0.109375
vt 0.184323 0.357467
vt 0.183900 0.353816
vt 0.322675 0.229458
vt 0.319308 0.227397
vt 0.058861 0.114427
vt 0.058861 0.111626
vt 0.316307 0.224832
vt 0.313743 0.221832
vt 0.058861 0.121380
vt 0.059322 0.121380
vt 0.058861 0.117704
vt 0.311682 0.218465
vt 0.313078 0.213874
vt 0.314231 0.217166
vt 0.316217 0.220034
vt 0.276702 0.276479
vt 0.277344 0.279702
vt 0.276702 0.279702
vt 0.277344 0.272989
vt 0.276702 0.272989
vt 0.318331 0.222809
vt 0.321106 0.224922
vt 0.276702 0.282575
vt 0.277344 0.285030
vt 0.276702 0.285030
vt 0.277344 0.282575
vt 0.323974 0.226908
vt 0.327266 0.228061
vt 0.162998 0.358964
vt 0.162409 0.362165
vt 0.162409 0.358964
vt 0.277344 0.287003
vt 0.276702 0.287003
vt 0.330607 0.229064
vt 0.334095 0.229142
vt 0.162409 0.365536
vt 0.162998 0.368991
vt 0.162409 0.368991
vt 0.162998 0.362165
vt 0.337582 0.229064
vt 0.340923 0.228061
vt 0.162998 0.372446
vt 0.162409 0.375817
vt 0.162409 0.372446
vt 0.344215 0.226908
vt 0.347083 0.224922
vt 0.256830 0.244029
vt 0.256188 0.246002
vt 0.256188 0.244029
vt 0.162998 0.375817
vt 0.162409 0.379018
vt 0.349858 0.222809
vt 0.351971 0.220034
vt 0.256830 0.248457
vt 0.256188 0.251330
vt 0.256188 0.248457
vt 0.256830 0.246002
vt 0.353958 0.217166
vt 0.355110 0.213874
vt 0.256188 0.254553
vt 0.256830 0.258043
vt 0.256188 0.258043
vt 0.256830 0.251330
vt 0.356113 0.210533
vt 0.356192 0.207045
vt 0.256188 0.261718
vt 0.256830 0.265485
vt 0.256188 0.265485
vt 0.256830 0.261718
vt 0.356113 0.203558
vt 0.355110 0.200217
vt 0.256830 0.269252
vt 0.256188 0.272927
vt 0.256188 0.269252
vt 0.353958 0.196925
vt 0.351971 0.194057
vt 0.256830 0.276418
vt 0.256188 0.279641
vt 0.256188 0.276418
vt 0.256830 0.272927
vt 0.349858 0.191282
vt 0.347083 0.189168
vt 0.256830 0.282513
vt 0.256188 0.284969
vt 0.256188 0.282513
vt 0.256830 0.279641
vt 0.344215 0.187182
vt 0.340923 0.186030
vt 0.498450 0.359030
vt 0.499038 0.362231
vt 0.498450 0.362231
vt 0.256830 0.284969
vt 0.256188 0.286941
vt 0.337582 0.185027
vt 0.334095 0.184948
vt 0.499038 0.365602
vt 0.498450 0.369056
vt 0.498450 0.365602
vt 0.330607 0.185027
vt 0.327266 0.186030
vt 0.499038 0.372512
vt 0.498450 0.375882
vt 0.498450 0.372512
vt 0.323974 0.187182
vt 0.321106 0.189168
vt 0.276702 0.244091
vt 0.277344 0.246063
vt 0.276702 0.246063
vt 0.499038 0.379083
vt 0.498450 0.379083
vt 0.318331 0.191282
vt 0.316217 0.194057
vt 0.276702 0.248519
vt 0.277344 0.251391
vt 0.276702 0.251391
vt 0.277344 0.248519
vt 0.314232 0.196925
vt 0.313078 0.200217
vt 0.276702 0.254614
vt 0.277344 0.258105
vt 0.276702 0.258105
vt 0.277344 0.254614
vt 0.312076 0.203558
vt 0.311997 0.207046
vt 0.277344 0.261780
vt 0.276702 0.265547
vt 0.276702 0.261780
vt 0.312076 0.210533
vt 0.277344 0.269314
vt 0.276702 0.269314
vt 0.277344 0.265547
vt 0.286008 0.253527
vt 0.287050 0.256685
vt 0.286785 0.256771
vt 0.288063 0.259852
vt 0.290029 0.262533
vt 0.288311 0.259726
vt 0.291972 0.265232
vt 0.289804 0.262697
vt 0.294671 0.267174
vt 0.292169 0.265035
vt 0.297352 0.269141
vt 0.294507 0.267400
vt 0.300519 0.270154
vt 0.297478 0.268893
vt 0.303677 0.271196
vt 0.300433 0.270419
vt 0.307002 0.271181
vt 0.303720 0.270921
vt 0.310327 0.271196
vt 0.307002 0.271459
vt 0.313485 0.270154
vt 0.310283 0.270921
vt 0.316651 0.269141
vt 0.313570 0.270419
vt 0.319333 0.267174
vt 0.316525 0.268893
vt 0.322031 0.265232
vt 0.319496 0.267400
vt 0.323974 0.262533
vt 0.321835 0.265035
vt 0.325940 0.259852
vt 0.324199 0.262697
vt 0.326954 0.256685
vt 0.325692 0.259726
vt 0.327995 0.253527
vt 0.327218 0.256771
vt 0.327981 0.250203
vt 0.327720 0.253484
vt 0.327995 0.246877
vt 0.328259 0.250203
vt 0.326954 0.243720
vt 0.327720 0.246921
vt 0.325940 0.240553
vt 0.327218 0.243634
vt 0.323974 0.237871
vt 0.325692 0.240679
vt 0.322031 0.235173
vt 0.324199 0.237708
vt 0.319333 0.233230
vt 0.321835 0.235370
vt 0.316651 0.231264
vt 0.319496 0.233005
vt 0.313485 0.230250
vt 0.316525 0.231512
vt 0.310327 0.229209
vt 0.313570 0.229986
vt 0.307002 0.229224
vt 0.310283 0.229484
vt 0.303677 0.229209
vt 0.307002 0.228946
vt 0.300519 0.230250
vt 0.303720 0.229484
vt 0.297352 0.231264
vt 0.300433 0.229986
vt 0.294671 0.233230
vt 0.297478 0.231512
vt 0.291972 0.235173
vt 0.294507 0.233005
vt 0.290029 0.237871
vt 0.292169 0.235370
vt 0.288063 0.240553
vt 0.289804 0.237708
vt 0.287050 0.243720
vt 0.288311 0.240679
vt 0.286008 0.246877
vt 0.286785 0.243634
vt 0.286023 0.250203
vt 0.286283 0.246921
vt 0.285745 0.250203
vt 0.132196 0.019643
vt 0.129196 0.022811
vt 0.129196 0.019642
vt 0.132196 0.022811
vt 0.129196 0.025737
vt 0.132196 0.025738
vt 0.129196 0.028345
vt 0.132196 0.030575
vt 0.132196 0.028345
vt 0.129196 0.032365
vt 0.129196 0.030574
vt 0.466111 0.376030
vt 0.463282 0.373042
vt 0.466111 0.373042
vt 0.463282 0.379175
vt 0.463282 0.376030
vt 0.466111 0.379175
vt 0.463282 0.382399
vt 0.466111 0.385623
vt 0.466111 0.382399
vt 0.466111 0.388769
vt 0.463282 0.385623
vt 0.463282 0.391756
vt 0.463282 0.388769
vt 0.265134 0.248206
vt 0.262049 0.246366
vt 0.265134 0.246365
vt 0.262049 0.250498
vt 0.262049 0.248206
vt 0.265134 0.253178
vt 0.265134 0.250498
vt 0.265134 0.256186
vt 0.262049 0.253179
vt 0.265134 0.259444
vt 0.262049 0.256187
vt 0.262049 0.262874
vt 0.262049 0.259444
vt 0.265134 0.266390
vt 0.265134 0.262874
vt 0.265134 0.269906
vt 0.262049 0.266390
vt 0.265134 0.273335
vt 0.262049 0.269905
vt 0.265134 0.276593
vt 0.262049 0.273335
vt 0.265134 0.279601
vt 0.262049 0.276593
vt 0.265134 0.282282
vt 0.262049 0.279601
vt 0.265134 0.284574
vt 0.262049 0.282281
vt 0.265134 0.286415
vt 0.262049 0.284573
vt 0.190624 0.432777
vt 0.187807 0.435752
vt 0.187807 0.432778
vt 0.190624 0.435752
vt 0.187807 0.438884
vt 0.190624 0.442095
vt 0.190624 0.438884
vt 0.187807 0.445305
vt 0.187807 0.442095
vt 0.030747 0.383548
vt 0.027602 0.380050
vt 0.030747 0.380051
vt 0.027602 0.386869
vt 0.027602 0.383547
vt 0.030747 0.386869
vt 0.027602 0.389936
vt 0.030747 0.389936
vt 0.027602 0.392669
vt 0.030747 0.392669
vt 0.027602 0.395005
vt 0.030747 0.395006
vt 0.027602 0.396882
vt 0.132196 0.002960
vt 0.129196 0.006129
vt 0.129196 0.002960
vt 0.132196 0.006129
vt 0.129196 0.009465
vt 0.132196 0.012885
vt 0.132196 0.009465
vt 0.132196 0.016306
vt 0.129196 0.012885
vt 0.129196 0.016306
vt 0.286969 0.260410
vt 0.285617 0.257151
vt 0.288811 0.263419
vt 0.291104 0.266101
vt 0.293785 0.268393
vt 0.296795 0.270235
vt 0.300053 0.271587
vt 0.303485 0.272409
vt 0.307002 0.272688
vt 0.310519 0.272409
vt 0.313950 0.271587
vt 0.317209 0.270235
vt 0.320218 0.268393
vt 0.322900 0.266101
vt 0.325193 0.263419
vt 0.327034 0.260410
vt 0.328386 0.257151
vt 0.329208 0.253720
vt 0.329487 0.250203
vt 0.329208 0.246685
vt 0.328386 0.243254
vt 0.327034 0.239995
vt 0.325193 0.236986
vt 0.322900 0.234304
vt 0.320218 0.232012
vt 0.317209 0.230170
vt 0.313950 0.228818
vt 0.310519 0.227996
vt 0.307002 0.227717
vt 0.303485 0.227996
vt 0.300053 0.228818
vt 0.296795 0.230170
vt 0.293785 0.232012
vt 0.291104 0.234304
vt 0.288811 0.236986
vt 0.286969 0.239995
vt 0.285617 0.243254
vt 0.284795 0.246685
vt 0.284517 0.250203
vt 0.284795 0.253720
vt 0.411941 0.009302
vt 0.405590 0.008296
vt 0.399239 0.009302
vt 0.393509 0.012221
vt 0.388962 0.016769
vt 0.386043 0.022498
vt 0.385037 0.028849
vt 0.386043 0.035200
vt 0.388962 0.040930
vt 0.393509 0.045477
vt 0.399239 0.048396
vt 0.405590 0.049402
vt 0.411941 0.048396
vt 0.417671 0.045477
vt 0.422218 0.040930
vt 0.425137 0.035200
vt 0.426143 0.028849
vt 0.285616 0.471191
vt 0.279872 0.468895
vt 0.284691 0.467330
vt 0.283169 0.463662
vt 0.422218 0.016769
vt 0.417671 0.012222
vt 0.410532 0.439394
vt 0.412446 0.439202
vt 0.412479 0.439394
vt 0.399786 0.434151
vt 0.401279 0.433814
vt 0.401344 0.434151
vt 0.410532 0.440239
vt 0.412366 0.440573
vt 0.410532 0.440573
vt 0.410532 0.439865
vt 0.412446 0.440239
vt 0.413856 0.440174
vt 0.412479 0.439865
vt 0.461090 0.440162
vt 0.460880 0.441288
vt 0.460516 0.441054
vt 0.399786 0.433814
vt 0.402136 0.433515
vt 0.399786 0.432871
vt 0.402492 0.432794
vt 0.413420 0.440810
vt 0.410532 0.441318
vt 0.401371 0.434413
vt 0.402387 0.433787
vt 0.402492 0.434023
vt 0.461453 0.440396
vt 0.461151 0.441345
vt 0.414260 0.441219
vt 0.413728 0.440526
vt 0.402819 0.432910
vt 0.460352 0.440832
vt 0.460886 0.440001
vt 0.413856 0.441379
vt 0.410532 0.451356
vt 0.414260 0.451239
vt 0.413856 0.451356
vt 0.461685 0.440514
vt 0.469186 0.428363
vt 0.469403 0.428503
vt 0.468822 0.428130
vt 0.402819 0.420224
vt 0.399786 0.420162
vt 0.308938 0.455065
vt 0.310768 0.455399
vt 0.308938 0.455399
vt 0.308938 0.454693
vt 0.310848 0.455065
vt 0.308938 0.454222
vt 0.310848 0.454031
vt 0.310881 0.454222
vt 0.099890 0.447040
vt 0.101382 0.446703
vt 0.101447 0.447040
vt 0.447230 0.446512
vt 0.447020 0.447638
vt 0.446656 0.447404
vt 0.312254 0.455000
vt 0.312254 0.454530
vt 0.311819 0.455634
vt 0.308938 0.456141
vt 0.102239 0.446404
vt 0.099890 0.445761
vt 0.102594 0.445683
vt 0.099890 0.446703
vt 0.101474 0.447302
vt 0.102490 0.446677
vt 0.102594 0.446912
vt 0.446959 0.446455
vt 0.312656 0.456043
vt 0.312127 0.455351
vt 0.310881 0.454693
vt 0.102922 0.445799
vt 0.447757 0.446968
vt 0.447224 0.447799
vt 0.312254 0.456203
vt 0.308938 0.464686
vt 0.312656 0.464571
vt 0.440058 0.457672
vt 0.446425 0.447286
vt 0.440421 0.457906
vt 0.440637 0.458049
vt 0.102922 0.434975
vt 0.102594 0.434906
vt 0.099890 0.434917
vt 0.396107 0.482345
vt 0.395879 0.480757
vt 0.396107 0.480729
vt 0.304054 0.417359
vt 0.305453 0.417034
vt 0.305514 0.417359
vt 0.396860 0.482345
vt 0.397066 0.480823
vt 0.397066 0.482345
vt 0.396554 0.482345
vt 0.396860 0.480757
vt 0.396241 0.479586
vt 0.396554 0.480729
vt 0.047360 0.416041
vt 0.048073 0.415145
vt 0.047774 0.416163
vt 0.304054 0.417034
vt 0.306257 0.416714
vt 0.429515 0.406435
vt 0.428115 0.406435
vt 0.428115 0.406435
vt 0.304054 0.416026
vt 0.306590 0.415943
vt 0.430320 0.406755
vt 0.428115 0.407443
vt 0.396003 0.479692
vt 0.306492 0.416970
vt 0.048050 0.416141
vt 0.430961 0.407497
vt 0.430555 0.406558
vt 0.306897 0.416032
vt 0.047659 0.415023
vt 0.047139 0.415874
vt 0.047417 0.414926
vt 0.397168 0.479949
vt 0.396985 0.479692
vt 0.430653 0.407526
vt 0.428115 0.421041
vt 0.430961 0.421071
vt 0.430653 0.421041
vt 0.048329 0.415193
vt 0.052104 0.401416
vt 0.052353 0.401489
vt 0.051690 0.401295
vt 0.306897 0.402468
vt 0.304054 0.402438
vt 0.106730 0.483656
vt 0.106934 0.482138
vt 0.106934 0.483656
vt 0.106424 0.483656
vt 0.106730 0.482071
vt 0.105979 0.483656
vt 0.105751 0.482071
vt 0.105979 0.482044
vt 0.035417 0.466713
vt 0.036815 0.466388
vt 0.036876 0.466713
vt 0.438643 0.001669
vt 0.439357 0.000772
vt 0.439058 0.001791
vt 0.106424 0.482044
vt 0.106112 0.480904
vt 0.106557 0.480904
vt 0.145076 0.461077
vt 0.142872 0.461765
vt 0.142872 0.460757
vt 0.037618 0.466069
vt 0.035417 0.465381
vt 0.037951 0.465298
vt 0.144272 0.460757
vt 0.142872 0.460757
vt 0.035417 0.466388
vt 0.105875 0.481010
vt 0.037854 0.466324
vt 0.438665 0.000671
vt 0.438942 0.000650
vt 0.145717 0.461820
vt 0.145311 0.460881
vt 0.107037 0.481265
vt 0.106854 0.481010
vt 0.038259 0.465386
vt 0.439578 0.000939
vt 0.439299 0.001888
vt 0.145409 0.461848
vt 0.142872 0.470058
vt 0.145717 0.470097
vt 0.436182 0.010050
vt 0.438387 0.001620
vt 0.436597 0.010172
vt 0.436843 0.010254
vt 0.038259 0.457119
vt 0.037951 0.457066
vt 0.035417 0.457098
vt 0.280609 0.446727
vt 0.282365 0.446394
vt 0.282396 0.446727
vt 0.280609 0.446394
vt 0.282292 0.446056
vt 0.203437 0.421919
vt 0.205011 0.422258
vt 0.203437 0.422258
vt 0.203437 0.421622
vt 0.205080 0.421919
vt 0.205109 0.421307
vt 0.203437 0.421307
vt 0.206290 0.421992
vt 0.205109 0.421622
vt 0.063258 0.452055
vt 0.062889 0.450971
vt 0.063584 0.451772
vt 0.280609 0.446056
vt 0.283259 0.445793
vt 0.280609 0.445228
vt 0.283659 0.445160
vt 0.205916 0.422542
vt 0.203437 0.423152
vt 0.283542 0.446075
vt 0.283659 0.446385
vt 0.063715 0.451528
vt 0.206636 0.423095
vt 0.206181 0.422263
vt 0.284029 0.445305
vt 0.062563 0.451254
vt 0.062998 0.452150
vt 0.062351 0.451404
vt 0.206290 0.423225
vt 0.203437 0.435194
vt 0.206636 0.435116
vt 0.206290 0.435194
vt 0.063068 0.450782
vt 0.053522 0.440161
vt 0.053718 0.439991
vt 0.053196 0.440443
vt 0.284029 0.434171
vt 0.280609 0.434074
vt 0.171201 0.425564
vt 0.172774 0.425903
vt 0.171201 0.425903
vt 0.171201 0.425266
vt 0.172843 0.425564
vt 0.299170 0.451753
vt 0.300925 0.451419
vt 0.300956 0.451753
vt 0.299170 0.451419
vt 0.300852 0.451081
vt 0.172872 0.424951
vt 0.171201 0.424951
vt 0.034289 0.447658
vt 0.033920 0.446574
vt 0.034615 0.447375
vt 0.174053 0.425636
vt 0.174053 0.425321
vt 0.173679 0.426186
vt 0.171201 0.426796
vt 0.301818 0.450819
vt 0.299170 0.450254
vt 0.302219 0.450186
vt 0.299170 0.451081
vt 0.302101 0.451101
vt 0.302219 0.451410
vt 0.033463 0.447100
vt 0.033594 0.446856
vt 0.174399 0.426739
vt 0.173944 0.425908
vt 0.172872 0.425266
vt 0.302589 0.450330
vt 0.034181 0.446479
vt 0.034828 0.447225
vt 0.174053 0.426870
vt 0.171201 0.438359
vt 0.174399 0.438281
vt 0.043282 0.458037
vt 0.034110 0.447847
vt 0.043609 0.457754
vt 0.043805 0.457586
vt 0.302589 0.439642
vt 0.302219 0.439544
vt 0.299170 0.439546
vt 0.317218 0.485687
vt 0.316925 0.484192
vt 0.317218 0.484167
vt 0.223951 0.424395
vt 0.225392 0.424152
vt 0.225455 0.424395
vt 0.424208 0.405920
vt 0.425646 0.406252
vt 0.424208 0.406252
vt 0.424208 0.405691
vt 0.425709 0.405920
vt 0.317616 0.485687
vt 0.317033 0.483091
vt 0.317616 0.484167
vt 0.279945 0.430770
vt 0.280778 0.431555
vt 0.280385 0.431734
vt 0.223951 0.424152
vt 0.226219 0.423840
vt 0.424208 0.406253
vt 0.223951 0.423168
vt 0.226562 0.423087
vt 0.426472 0.406564
vt 0.424208 0.407234
vt 0.316753 0.483191
vt 0.226462 0.424015
vt 0.280338 0.430590
vt 0.280972 0.431358
vt 0.427131 0.407213
vt 0.426714 0.406298
vt 0.226879 0.423099
vt 0.280109 0.431752
vt 0.279699 0.430854
vt 0.425735 0.405691
vt 0.426814 0.407315
vt 0.424208 0.420475
vt 0.427131 0.420430
vt 0.426814 0.420475
vt 0.280563 0.430460
vt 0.274399 0.417586
vt 0.274634 0.417479
vt 0.274006 0.417766
vt 0.226879 0.409858
vt 0.223951 0.409904
vt 0.361689 0.404828
vt 0.363127 0.405161
vt 0.361689 0.405161
vt 0.361689 0.404599
vt 0.363189 0.404828
vt 0.079837 0.486355
vt 0.079546 0.484872
vt 0.079837 0.484847
vt 0.011972 0.427631
vt 0.013413 0.427388
vt 0.013475 0.427631
vt 0.080232 0.486355
vt 0.068825 0.416990
vt 0.069658 0.417776
vt 0.069265 0.417956
vt 0.080232 0.484847
vt 0.079653 0.483780
vt 0.080048 0.483780
vt 0.363953 0.405472
vt 0.361689 0.406143
vt 0.014240 0.427076
vt 0.011972 0.426404
vt 0.014583 0.426323
vt 0.011972 0.427388
vt 0.079376 0.483879
vt 0.014483 0.427251
vt 0.068630 0.417188
vt 0.364611 0.406121
vt 0.364195 0.405207
vt 0.363216 0.404599
vt 0.014900 0.426335
vt 0.069494 0.416793
vt 0.069905 0.417692
vt 0.075603 0.430792
vt 0.075210 0.430971
vt 0.011972 0.413141
vt 0.364295 0.406224
vt 0.361689 0.419384
vt 0.014900 0.413095
vt 0.014583 0.413141
vt 0.075838 0.430684
vt 0.069041 0.418087
vt 0.364611 0.419338
vt 0.468496 0.486762
vt 0.468225 0.485302
vt 0.468496 0.485277
vt 0.015880 0.408208
vt 0.017259 0.407923
vt 0.017319 0.408208
vt 0.337267 0.382174
vt 0.338650 0.382489
vt 0.337267 0.382489
vt 0.337267 0.382013
vt 0.338711 0.382174
vt 0.468919 0.486762
vt 0.468434 0.484228
vt 0.468919 0.485277
vt 0.407939 0.401032
vt 0.408518 0.402020
vt 0.408090 0.402082
vt 0.015880 0.407923
vt 0.018052 0.407598
vt 0.337267 0.382490
vt 0.015880 0.406898
vt 0.018380 0.406814
vt 0.339445 0.382815
vt 0.337267 0.383517
vt 0.468167 0.484325
vt 0.018284 0.407813
vt 0.408367 0.400971
vt 0.408760 0.401886
vt 0.340078 0.383527
vt 0.339678 0.382570
vt 0.018683 0.406858
vt 0.407820 0.402021
vt 0.407680 0.401043
vt 0.338736 0.382013
vt 0.339774 0.383602
vt 0.337267 0.397375
vt 0.340078 0.397360
vt 0.339774 0.397375
vt 0.408619 0.400908
vt 0.406331 0.386813
vt 0.406587 0.386777
vt 0.405904 0.386875
vt 0.018683 0.393059
vt 0.015880 0.393074
vt 0.329452 0.382191
vt 0.330835 0.382506
vt 0.329452 0.382506
vt 0.329452 0.382030
vt 0.330896 0.382191
vt 0.348342 0.486571
vt 0.348071 0.485110
vt 0.348342 0.485085
vt 0.097936 0.413017
vt 0.099316 0.412732
vt 0.099376 0.413017
vt 0.348766 0.486571
vt 0.428358 0.387703
vt 0.428936 0.388692
vt 0.428509 0.388754
vt 0.348766 0.485085
vt 0.348281 0.484034
vt 0.348704 0.484034
vt 0.331630 0.382832
vt 0.329452 0.383534
vt 0.329452 0.382506
vt 0.100108 0.412407
vt 0.097936 0.411707
vt 0.100436 0.411622
vt 0.097936 0.412732
vt 0.348013 0.484132
vt 0.100340 0.412622
vt 0.428115 0.387838
vt 0.332263 0.383544
vt 0.331863 0.382587
vt 0.330921 0.382030
vt 0.100739 0.411667
vt 0.429055 0.387703
vt 0.429196 0.388680
vt 0.430544 0.402910
vt 0.097936 0.397885
vt 0.331959 0.383619
vt 0.329452 0.397393
vt 0.100739 0.397870
vt 0.100436 0.397885
vt 0.430971 0.402849
vt 0.431228 0.402812
vt 0.428256 0.388816
vt 0.332263 0.397378
vt 0.031509 0.397869
vt 0.032953 0.397708
vt 0.032978 0.397869
vt 0.031509 0.397708
vt 0.032892 0.397392
vt 0.004157 0.392679
vt 0.005537 0.392965
vt 0.004157 0.392965
vt 0.110081 0.486218
vt 0.110353 0.484759
vt 0.110353 0.486218
vt 0.109658 0.484734
vt 0.109658 0.486218
vt 0.110143 0.483685
vt 0.110081 0.484734
vt 0.389283 0.401564
vt 0.389861 0.400576
vt 0.389710 0.401626
vt 0.031509 0.397392
vt 0.033687 0.397066
vt 0.004157 0.392965
vt 0.031509 0.396365
vt 0.034016 0.396280
vt 0.006330 0.393290
vt 0.004157 0.393990
vt 0.033920 0.397312
vt 0.034016 0.397443
vt 0.389981 0.401565
vt 0.006961 0.394030
vt 0.006562 0.393075
vt 0.034320 0.396355
vt 0.389434 0.400515
vt 0.389041 0.401430
vt 0.389182 0.400452
vt 0.005597 0.392679
vt 0.110410 0.483782
vt 0.006658 0.394074
vt 0.004157 0.407814
vt 0.006961 0.407829
vt 0.006658 0.407814
vt 0.390122 0.400588
vt 0.391897 0.386417
vt 0.392153 0.386455
vt 0.391470 0.386356
vt 0.034320 0.382521
vt 0.031509 0.382506
vt 0.370928 0.399749
vt 0.372307 0.399464
vt 0.372307 0.399749
vt 0.219046 0.483229
vt 0.218767 0.481729
vt 0.219046 0.481729
vt 0.218332 0.481729
vt 0.218090 0.483229
vt 0.218090 0.481729
vt 0.072408 0.412627
vt 0.071030 0.412312
vt 0.072408 0.412312
vt 0.218332 0.483255
vt 0.343894 0.399982
vt 0.343618 0.401093
vt 0.343467 0.400043
vt 0.218396 0.484334
vt 0.218767 0.483255
vt 0.218830 0.484334
vt 0.370135 0.400074
vt 0.372307 0.400774
vt 0.369807 0.400859
vt 0.072408 0.411288
vt 0.070238 0.411988
vt 0.069910 0.411204
vt 0.218149 0.484234
vt 0.070969 0.412627
vt 0.343347 0.401032
vt 0.343207 0.400055
vt 0.369504 0.400814
vt 0.370867 0.399464
vt 0.219105 0.484234
vt 0.069607 0.411278
vt 0.344287 0.400897
vt 0.344147 0.399919
vt 0.341858 0.385823
vt 0.072408 0.397479
vt 0.069910 0.397479
vt 0.372307 0.414595
vt 0.369807 0.414595
vt 0.069607 0.397494
vt 0.342115 0.385786
vt 0.341431 0.385884
vt 0.341175 0.385921
vt 0.369504 0.414610
vt 0.302300 0.479036
vt 0.302100 0.480659
vt 0.302100 0.479036
vt 0.250315 0.424718
vt 0.248879 0.424386
vt 0.250315 0.424386
vt 0.303301 0.480591
vt 0.303051 0.479036
vt 0.303301 0.479036
vt 0.303051 0.480659
vt 0.302733 0.479036
vt 0.302300 0.480687
vt 0.302733 0.480687
vt 0.302501 0.481855
vt 0.333554 0.417833
vt 0.334388 0.418618
vt 0.333995 0.418797
vt 0.248053 0.424075
vt 0.295769 0.419859
vt 0.297206 0.419859
vt 0.294943 0.420170
vt 0.250315 0.423405
vt 0.247712 0.423325
vt 0.297206 0.420840
vt 0.294601 0.420921
vt 0.302287 0.481746
vt 0.248816 0.424718
vt 0.334223 0.417636
vt 0.334634 0.418534
vt 0.303690 0.482197
vt 0.303454 0.481485
vt 0.303825 0.481855
vt 0.247396 0.423427
vt 0.333360 0.418030
vt 0.333770 0.418928
vt 0.303238 0.481746
vt 0.297206 0.434074
vt 0.294601 0.434074
vt 0.294285 0.434119
vt 0.294285 0.420909
vt 0.340329 0.431628
vt 0.339936 0.431808
vt 0.247396 0.410227
vt 0.250315 0.410181
vt 0.247712 0.410181
vt 0.466437 0.480173
vt 0.466188 0.478616
vt 0.466437 0.478616
vt 0.466188 0.480241
vt 0.465869 0.478616
vt 0.465437 0.478616
vt 0.465236 0.480241
vt 0.465236 0.478616
vt 0.215148 0.425143
vt 0.213712 0.424810
vt 0.215148 0.424810
vt 0.465437 0.480269
vt 0.272528 0.429877
vt 0.272576 0.431022
vt 0.272135 0.430057
vt 0.465638 0.481438
vt 0.465869 0.480269
vt 0.466071 0.481438
vt 0.115201 0.420736
vt 0.117464 0.421407
vt 0.114859 0.421488
vt 0.215148 0.423830
vt 0.212886 0.424499
vt 0.212545 0.423749
vt 0.116027 0.420425
vt 0.117464 0.420425
vt 0.465423 0.481330
vt 0.213649 0.425143
vt 0.272299 0.431040
vt 0.271889 0.430141
vt 0.466827 0.481781
vt 0.466591 0.481068
vt 0.466963 0.481438
vt 0.466375 0.481330
vt 0.212229 0.423851
vt 0.273163 0.430645
vt 0.272753 0.429747
vt 0.266585 0.416864
vt 0.215148 0.410606
vt 0.212545 0.410606
vt 0.117464 0.434642
vt 0.114859 0.434642
vt 0.212229 0.410651
vt 0.266820 0.416756
vt 0.266192 0.417043
vt 0.265956 0.417150
vt 0.114543 0.434687
vt 0.156809 0.440276
vt 0.155170 0.439980
vt 0.156809 0.439980
vt 0.155239 0.439640
vt 0.156809 0.439640
vt 0.140699 0.433523
vt 0.142379 0.433185
vt 0.142379 0.433523
vt 0.140625 0.433185
vt 0.142379 0.432852
vt 0.140594 0.432464
vt 0.142379 0.432464
vt 0.140594 0.432852
vt 0.139334 0.432806
vt 0.180124 0.444754
vt 0.181145 0.445273
vt 0.180818 0.445555
vt 0.154336 0.439358
vt 0.139733 0.433785
vt 0.156809 0.438749
vt 0.153962 0.438676
vt 0.142379 0.434349
vt 0.139334 0.434417
vt 0.155142 0.440276
vt 0.154072 0.439636
vt 0.180710 0.444376
vt 0.181357 0.445122
vt 0.138964 0.434272
vt 0.153617 0.438806
vt 0.179992 0.444998
vt 0.180639 0.445744
vt 0.139451 0.433503
vt 0.142379 0.445184
vt 0.139334 0.445186
vt 0.138964 0.445088
vt 0.190260 0.455792
vt 0.189933 0.456075
vt 0.153617 0.427135
vt 0.156809 0.427058
vt 0.153962 0.427056
vt 0.396636 0.430958
vt 0.398317 0.430619
vt 0.398317 0.430958
vt 0.396564 0.430619
vt 0.398317 0.430286
vt 0.390280 0.436557
vt 0.388641 0.436260
vt 0.390280 0.436260
vt 0.388709 0.435921
vt 0.390280 0.435921
vt 0.396533 0.429898
vt 0.398317 0.429898
vt 0.475781 0.449071
vt 0.476802 0.449590
vt 0.476476 0.449873
vt 0.395271 0.430629
vt 0.396533 0.430286
vt 0.395671 0.431220
vt 0.398317 0.431784
vt 0.395271 0.431852
vt 0.390280 0.435030
vt 0.387806 0.435639
vt 0.387433 0.434957
vt 0.390280 0.435921
vt 0.388612 0.436557
vt 0.387542 0.435916
vt 0.476216 0.449968
vt 0.475568 0.449221
vt 0.394902 0.431707
vt 0.395389 0.430938
vt 0.387087 0.435087
vt 0.476934 0.449346
vt 0.476107 0.448788
vt 0.476286 0.448599
vt 0.466409 0.438255
vt 0.390280 0.423011
vt 0.387433 0.423011
vt 0.398317 0.442923
vt 0.395271 0.442923
vt 0.387087 0.423089
vt 0.466735 0.437972
vt 0.466931 0.437802
vt 0.466213 0.438424
vt 0.394902 0.442827
vt 0.015704 0.465111
vt 0.013788 0.464738
vt 0.015704 0.464738
vt 0.013868 0.464403
vt 0.015704 0.464403
vt 0.377887 0.432462
vt 0.379383 0.432123
vt 0.379383 0.432462
vt 0.377821 0.432123
vt 0.379383 0.431860
vt 0.377794 0.431613
vt 0.379383 0.431613
vt 0.013754 0.465111
vt 0.012376 0.465275
vt 0.012376 0.464802
vt 0.077950 0.457965
vt 0.078160 0.456839
vt 0.078524 0.457072
vt 0.012813 0.464166
vt 0.377027 0.432761
vt 0.015704 0.463657
vt 0.012376 0.463596
vt 0.379383 0.433406
vt 0.376671 0.433484
vt 0.012504 0.464450
vt 0.077422 0.457509
vt 0.077956 0.456677
vt 0.376342 0.433368
vt 0.011972 0.463757
vt 0.078221 0.458022
vt 0.078756 0.457191
vt 0.376775 0.432488
vt 0.377794 0.431860
vt 0.379383 0.444279
vt 0.376671 0.444290
vt 0.376342 0.444221
vt 0.084763 0.446565
vt 0.085126 0.446799
vt 0.011972 0.455197
vt 0.015704 0.455083
vt 0.012376 0.455074
vt 0.367141 0.415270
vt 0.368637 0.414932
vt 0.368637 0.415270
vt 0.367075 0.414932
vt 0.368637 0.414669
vt 0.289233 0.455193
vt 0.287313 0.454819
vt 0.289233 0.454819
vt 0.287394 0.454483
vt 0.289233 0.454483
vt 0.367048 0.414422
vt 0.368637 0.414422
vt 0.225427 0.428851
vt 0.225637 0.427725
vt 0.226000 0.427958
vt 0.285898 0.454884
vt 0.287279 0.455666
vt 0.285898 0.455357
vt 0.366281 0.415570
vt 0.368637 0.416215
vt 0.365925 0.416293
vt 0.289233 0.453736
vt 0.286336 0.454246
vt 0.285898 0.453675
vt 0.368637 0.415270
vt 0.287279 0.455193
vt 0.286027 0.454531
vt 0.226165 0.428181
vt 0.225631 0.429012
vt 0.365596 0.416176
vt 0.366030 0.415296
vt 0.367048 0.414669
vt 0.285494 0.453836
vt 0.225366 0.427668
vt 0.225063 0.428617
vt 0.224832 0.428499
vt 0.217331 0.440649
vt 0.289233 0.443665
vt 0.285898 0.443665
vt 0.368637 0.428956
vt 0.365925 0.428956
vt 0.285494 0.443783
vt 0.217113 0.440509
vt 0.217694 0.440883
vt 0.217912 0.441023
vt 0.365596 0.428894
vt 0.139226 0.482354
vt 0.138964 0.483844
vt 0.138964 0.482354
vt 0.234553 0.406209
vt 0.233182 0.405908
vt 0.234553 0.405908
vt 0.451999 0.390124
vt 0.453371 0.389823
vt 0.453371 0.390124
vt 0.139923 0.483844
vt 0.139662 0.482354
vt 0.139923 0.482354
vt 0.139226 0.483870
vt 0.139662 0.484941
vt 0.139226 0.484941
vt 0.292590 0.381722
vt 0.293022 0.382783
vt 0.292590 0.382783
vt 0.234553 0.405908
vt 0.232394 0.405581
vt 0.451211 0.390451
vt 0.234553 0.404878
vt 0.232068 0.404793
vt 0.453371 0.391154
vt 0.450885 0.391239
vt 0.138964 0.484842
vt 0.233122 0.406209
vt 0.293281 0.381821
vt 0.293281 0.382808
vt 0.450583 0.391179
vt 0.231766 0.404853
vt 0.292332 0.381821
vt 0.292332 0.382808
vt 0.451939 0.389823
vt 0.139923 0.484842
vt 0.139662 0.483870
vt 0.453371 0.405039
vt 0.450885 0.405039
vt 0.450583 0.405039
vt 0.293022 0.397086
vt 0.292590 0.397086
vt 0.231766 0.390995
vt 0.234553 0.390995
vt 0.232068 0.390995
vt 0.088607 0.472511
vt 0.089980 0.472210
vt 0.089980 0.472511
vt 0.429075 0.484093
vt 0.428814 0.482602
vt 0.429075 0.482602
vt 0.428377 0.482602
vt 0.428115 0.484093
vt 0.428115 0.482602
vt 0.009877 0.479325
vt 0.008504 0.479023
vt 0.009877 0.479023
vt 0.428377 0.484119
vt 0.072797 0.477481
vt 0.073231 0.478545
vt 0.072797 0.478545
vt 0.428377 0.485191
vt 0.428814 0.484119
vt 0.428814 0.485191
vt 0.087819 0.472838
vt 0.089980 0.473542
vt 0.087492 0.473626
vt 0.009877 0.477993
vt 0.007716 0.478697
vt 0.007390 0.477908
vt 0.428115 0.485091
vt 0.008444 0.479325
vt 0.072538 0.478446
vt 0.072538 0.477455
vt 0.087190 0.473566
vt 0.088547 0.472210
vt 0.429075 0.485091
vt 0.007088 0.477969
vt 0.073490 0.478446
vt 0.073231 0.477481
vt 0.073490 0.477455
vt 0.089980 0.479008
vt 0.087492 0.479060
vt 0.087190 0.479023
vt 0.072797 0.471832
vt 0.072538 0.471817
vt 0.073231 0.471832
vt 0.073490 0.471817
vt 0.007088 0.472511
vt 0.007390 0.472475
vt 0.009877 0.472526
vt 0.028975 0.483602
vt 0.028693 0.485063
vt 0.028693 0.483602
vt 0.221918 0.468636
vt 0.220515 0.468370
vt 0.221918 0.468370
vt 0.133575 0.456125
vt 0.134979 0.455799
vt 0.134979 0.456125
vt 0.133514 0.455799
vt 0.134979 0.455604
vt 0.029385 0.483602
vt 0.028975 0.485088
vt 0.029385 0.485088
vt 0.028852 0.486139
vt 0.172398 0.466413
vt 0.173113 0.465516
vt 0.172814 0.466535
vt 0.219709 0.468049
vt 0.132769 0.456446
vt 0.221918 0.467359
vt 0.219375 0.467276
vt 0.134979 0.457136
vt 0.132435 0.457219
vt 0.028579 0.486041
vt 0.220454 0.468636
vt 0.172698 0.465394
vt 0.172178 0.466246
vt 0.172456 0.465296
vt 0.132126 0.457130
vt 0.219067 0.467305
vt 0.173090 0.466513
vt 0.173368 0.465564
vt 0.132533 0.456189
vt 0.133489 0.455604
vt 0.134979 0.465345
vt 0.132435 0.465378
vt 0.132126 0.465325
vt 0.175127 0.457120
vt 0.175542 0.457242
vt 0.219067 0.459117
vt 0.221918 0.459157
vt 0.219375 0.459124
vt 0.121852 0.393719
vt 0.123254 0.393393
vt 0.123254 0.393719
vt 0.121790 0.393393
vt 0.123254 0.393198
vt 0.425581 0.483296
vt 0.425299 0.484757
vt 0.425299 0.483296
vt 0.059757 0.416981
vt 0.058355 0.416715
vt 0.059757 0.416715
vt 0.425991 0.483296
vt 0.425581 0.484783
vt 0.290749 0.401878
vt 0.291463 0.400981
vt 0.291164 0.402000
vt 0.425458 0.485833
vt 0.425991 0.484783
vt 0.425869 0.485833
vt 0.121046 0.394039
vt 0.123254 0.394729
vt 0.120712 0.394812
vt 0.059757 0.415706
vt 0.057549 0.416395
vt 0.057216 0.415622
vt 0.425185 0.485736
vt 0.058294 0.416981
vt 0.291683 0.401149
vt 0.291405 0.402097
vt 0.120404 0.394723
vt 0.120810 0.393783
vt 0.121765 0.393198
vt 0.056908 0.415651
vt 0.290772 0.400881
vt 0.290494 0.401830
vt 0.286719 0.415605
vt 0.059757 0.402091
vt 0.057216 0.402091
vt 0.123254 0.408350
vt 0.120712 0.408350
vt 0.056908 0.402061
vt 0.286470 0.415532
vt 0.287133 0.415726
vt 0.287382 0.415799
vt 0.120404 0.408320
vt 0.358035 0.001759
vt 0.358395 0.000316
vt 0.358395 0.001759
vt 0.169512 0.469286
vt 0.169887 0.468092
vt 0.169887 0.469286
vt 0.169512 0.466588
vt 0.169887 0.466588
vt 0.169512 0.464921
vt 0.169887 0.464921
vt 0.169512 0.463254
vt 0.169887 0.463254
vt 0.169887 0.461750
vt 0.169512 0.461750
vt 0.169887 0.460556
vt 0.407855 0.479924
vt 0.408214 0.478483
vt 0.408214 0.479924
vt 0.407855 0.478483
vt 0.408214 0.476887
vt 0.407855 0.475291
vt 0.408214 0.475291
vt 0.407855 0.473851
vt 0.408214 0.473851
vt 0.190401 0.467758
vt 0.190026 0.466564
vt 0.190401 0.466564
vt 0.190026 0.465060
vt 0.190401 0.465060
vt 0.190401 0.463393
vt 0.190026 0.463393
vt 0.190401 0.461726
vt 0.190026 0.461726
vt 0.190401 0.460221
vt 0.190026 0.460221
vt 0.190401 0.459028
vt 0.358035 0.006401
vt 0.358395 0.004958
vt 0.358395 0.006401
vt 0.358035 0.004958
vt 0.358395 0.003358
vt 0.358035 0.003358
vt 0.208398 0.464859
vt 0.207427 0.461869
vt 0.209274 0.464413
vt 0.209970 0.463717
vt 0.210417 0.462841
vt 0.210570 0.461869
vt 0.210417 0.460897
vt 0.209970 0.460021
vt 0.209274 0.459325
vt 0.208398 0.458879
vt 0.207427 0.458725
vt 0.206455 0.458879
vt 0.205578 0.459325
vt 0.204883 0.460021
vt 0.204436 0.460897
vt 0.204282 0.461869
vt 0.204436 0.462841
vt 0.204883 0.463717
vt 0.205578 0.464413
vt 0.206455 0.464859
vt 0.207427 0.465013
vt 0.357781 0.003358
vt 0.357781 0.001792
vt 0.357781 0.000379
vt 0.169247 0.468027
vt 0.169247 0.469196
vt 0.169247 0.466554
vt 0.169512 0.468092
vt 0.169247 0.464921
vt 0.169247 0.463288
vt 0.169247 0.461815
vt 0.169512 0.460556
vt 0.407601 0.479861
vt 0.407601 0.476887
vt 0.407601 0.478450
vt 0.407601 0.475324
vt 0.407855 0.476887
vt 0.407601 0.473913
vt 0.189761 0.467668
vt 0.190026 0.467758
vt 0.189761 0.465026
vt 0.189761 0.466499
vt 0.189761 0.463393
vt 0.189761 0.461760
vt 0.189761 0.460287
vt 0.190026 0.459028
vt 0.357781 0.006338
vt 0.357781 0.004925
vt 0.207427 0.466620
vt 0.208766 0.465991
vt 0.208895 0.466388
vt 0.210219 0.465713
vt 0.206087 0.465991
vt 0.207427 0.466203
vt 0.209974 0.465376
vt 0.211270 0.464661
vt 0.211549 0.463208
vt 0.210933 0.464417
vt 0.212177 0.461869
vt 0.211945 0.463337
vt 0.211549 0.460530
vt 0.211761 0.461869
vt 0.211270 0.459076
vt 0.211945 0.460401
vt 0.209974 0.458362
vt 0.210933 0.459321
vt 0.208766 0.457747
vt 0.210219 0.458025
vt 0.207427 0.457118
vt 0.208895 0.457350
vt 0.207427 0.457534
vt 0.205958 0.457350
vt 0.204879 0.458362
vt 0.206087 0.457747
vt 0.203583 0.459076
vt 0.204634 0.458025
vt 0.203304 0.460530
vt 0.203920 0.459321
vt 0.203092 0.461869
vt 0.202908 0.460401
vt 0.202908 0.463337
vt 0.202675 0.461869
vt 0.203920 0.464417
vt 0.203304 0.463208
vt 0.204879 0.465376
vt 0.203583 0.464661
vt 0.204634 0.465713
vt 0.208961 0.466592
vt 0.210345 0.465887
vt 0.212150 0.463404
vt 0.211444 0.464788
vt 0.212393 0.461869
vt 0.212150 0.460334
vt 0.211444 0.458950
vt 0.210345 0.457851
vt 0.208961 0.457146
vt 0.205892 0.457146
vt 0.207427 0.456903
vt 0.204507 0.457851
vt 0.203409 0.458950
vt 0.202703 0.460334
vt 0.202460 0.461869
vt 0.202703 0.463404
vt 0.203409 0.464788
vt 0.205958 0.466388
vt 0.204507 0.465887
vt 0.205892 0.466592
vt 0.208689 0.465753
vt 0.209827 0.465173
vt 0.210731 0.464270
vt 0.211511 0.461869
vt 0.210731 0.459468
vt 0.209827 0.458565
vt 0.207427 0.457785
vt 0.206164 0.457984
vt 0.205026 0.458565
vt 0.203542 0.460607
vt 0.203342 0.461869
vt 0.203542 0.463131
vt 0.205026 0.465173
vt 0.206164 0.465753
vt 0.207427 0.465953
vt 0.208620 0.465543
vt 0.209448 0.464651
vt 0.209697 0.464995
vt 0.210208 0.463890
vt 0.207427 0.465733
vt 0.208489 0.465139
vt 0.210697 0.462931
vt 0.210552 0.464140
vt 0.211290 0.461869
vt 0.211101 0.463063
vt 0.210697 0.460806
vt 0.210865 0.461869
vt 0.210552 0.459598
vt 0.211101 0.460675
vt 0.210208 0.459848
vt 0.209697 0.458743
vt 0.209448 0.459087
vt 0.208620 0.458194
vt 0.208489 0.458598
vt 0.207427 0.458005
vt 0.207427 0.458430
vt 0.206232 0.458194
vt 0.206364 0.458598
vt 0.205155 0.458743
vt 0.204644 0.459848
vt 0.205405 0.459087
vt 0.204156 0.460806
vt 0.204301 0.459598
vt 0.203563 0.461869
vt 0.203752 0.460675
vt 0.204156 0.462931
vt 0.203988 0.461869
vt 0.204301 0.464140
vt 0.203752 0.463063
vt 0.205405 0.464651
vt 0.204644 0.463890
vt 0.206364 0.465139
vt 0.205155 0.464995
vt 0.207427 0.465308
vt 0.206232 0.465543
vt 0.211311 0.463131
vt 0.211311 0.460607
vt 0.208689 0.457984
vt 0.204122 0.459468
vt 0.204122 0.464270
vt 0.114543 0.177199
vt 0.120681 0.185446
vt 0.120597 0.185532
vt 0.113723 0.267302
vt 0.115120 0.267497
vt 0.113712 0.267491
vt 0.114629 0.177115
vt 0.116804 0.174771
vt 0.116902 0.174842
vt 0.118301 0.171834
vt 0.118416 0.171871
vt 0.118817 0.168577
vt 0.118937 0.168577
vt 0.118301 0.165320
vt 0.118416 0.165283
vt 0.116804 0.162382
vt 0.116902 0.162311
vt 0.114629 0.160039
vt 0.114543 0.159954
vt 0.120681 0.151707
vt 0.113723 0.285786
vt 0.115120 0.285982
vt 0.113723 0.285982
vt 0.121381 0.125940
vt 0.127521 0.117691
vt 0.121467 0.126024
vt 0.123643 0.128368
vt 0.121395 0.126120
vt 0.123740 0.128297
vt 0.125140 0.131307
vt 0.125254 0.131269
vt 0.125656 0.134564
vt 0.125776 0.134564
vt 0.125140 0.137821
vt 0.125254 0.137858
vt 0.123643 0.140759
vt 0.121467 0.143104
vt 0.121389 0.143013
vt 0.121381 0.143188
vt 0.127521 0.151436
vt 0.127430 0.151514
vt 0.461490 0.481622
vt 0.461336 0.482851
vt 0.461329 0.481622
vt 0.127598 0.117600
vt 0.132073 0.122243
vt 0.132170 0.122172
vt 0.135050 0.128086
vt 0.135165 0.128049
vt 0.136076 0.134564
vt 0.135165 0.141078
vt 0.135050 0.141041
vt 0.132073 0.146884
vt 0.127598 0.151528
vt 0.489658 0.000657
vt 0.489802 0.001746
vt 0.489663 0.001757
vt 0.125330 0.180965
vt 0.120751 0.185545
vt 0.128209 0.175053
vt 0.128324 0.175090
vt 0.129235 0.168577
vt 0.129355 0.168577
vt 0.128324 0.162063
vt 0.125233 0.156259
vt 0.125330 0.156188
vt 0.120759 0.151616
vt 0.113723 0.269932
vt 0.115120 0.269932
vt 0.115120 0.273114
vt 0.113723 0.273114
vt 0.115120 0.276642
vt 0.113723 0.276642
vt 0.115120 0.280170
vt 0.113723 0.280170
vt 0.115120 0.283352
vt 0.113723 0.283352
vt 0.115131 0.285793
vt 0.123740 0.140830
vt 0.209683 0.286733
vt 0.208321 0.281857
vt 0.209697 0.281857
vt 0.208321 0.275589
vt 0.209697 0.275589
vt 0.208321 0.268642
vt 0.209697 0.268642
vt 0.208321 0.261695
vt 0.209697 0.261695
vt 0.208321 0.255427
vt 0.209697 0.255427
vt 0.208335 0.250551
vt 0.209683 0.250551
vt 0.125233 0.180895
vt 0.128209 0.162100
vt 0.115106 0.258285
vt 0.115120 0.267302
vt 0.115106 0.294999
vt 0.114551 0.177025
vt 0.113566 0.285891
vt 0.115277 0.267393
vt 0.461403 0.481470
vt 0.489736 0.000521
vt 0.489802 0.000657
vt 0.120597 0.151621
vt 0.254344 0.428580
vt 0.252782 0.428317
vt 0.254344 0.428317
vt 0.252848 0.427979
vt 0.254344 0.427979
vt 0.497419 0.444386
vt 0.499259 0.444050
vt 0.499259 0.444386
vt 0.497338 0.444050
vt 0.499259 0.443676
vt 0.254344 0.428827
vt 0.252755 0.428580
vt 0.497305 0.443676
vt 0.495923 0.443512
vt 0.497305 0.443203
vt 0.239745 0.428736
vt 0.240682 0.429394
vt 0.240319 0.429628
vt 0.251988 0.427680
vt 0.496361 0.444623
vt 0.254344 0.427035
vt 0.251632 0.426957
vt 0.499259 0.445133
vt 0.495923 0.445195
vt 0.251737 0.427953
vt 0.240380 0.428445
vt 0.240914 0.429276
vt 0.495519 0.445033
vt 0.251303 0.427073
vt 0.239581 0.428959
vt 0.240115 0.429790
vt 0.496052 0.444338
vt 0.499259 0.455204
vt 0.495923 0.455204
vt 0.495519 0.455086
vt 0.248415 0.441426
vt 0.248051 0.441660
vt 0.251303 0.414355
vt 0.254344 0.414294
vt 0.251632 0.414294
vt 0.182865 0.455855
vt 0.184702 0.455519
vt 0.184702 0.455855
vt 0.182785 0.455519
vt 0.184702 0.455146
vt 0.022828 0.443299
vt 0.021266 0.443037
vt 0.022828 0.443037
vt 0.021332 0.442698
vt 0.022828 0.442698
vt 0.022828 0.443547
vt 0.021239 0.443299
vt 0.019157 0.456956
vt 0.019367 0.458082
vt 0.018794 0.457189
vt 0.181373 0.454982
vt 0.182752 0.455146
vt 0.181373 0.455454
vt 0.181810 0.456091
vt 0.184702 0.456600
vt 0.181373 0.456661
vt 0.022828 0.441754
vt 0.020472 0.442399
vt 0.020116 0.441676
vt 0.020220 0.442672
vt 0.019096 0.458139
vt 0.018562 0.457308
vt 0.180969 0.456500
vt 0.181501 0.455807
vt 0.019787 0.441792
vt 0.019895 0.457625
vt 0.019361 0.456794
vt 0.184702 0.465176
vt 0.181373 0.465185
vt 0.180969 0.465062
vt 0.012192 0.446917
vt 0.011972 0.447053
vt 0.012555 0.446683
vt 0.012771 0.446540
vt 0.019787 0.430938
vt 0.020116 0.430869
vt 0.022828 0.430880
vt 0.211172 0.407317
vt 0.209708 0.407122
vt 0.211172 0.407122
vt 0.209769 0.406796
vt 0.211172 0.406796
vt 0.054448 0.403634
vt 0.055849 0.403368
vt 0.055849 0.403634
vt 0.095697 0.485373
vt 0.095415 0.483914
vt 0.095697 0.483914
vt 0.095005 0.485398
vt 0.095005 0.483914
vt 0.095537 0.486447
vt 0.095128 0.486447
vt 0.038568 0.401665
vt 0.039281 0.402561
vt 0.038867 0.402683
vt 0.208964 0.406476
vt 0.053642 0.403954
vt 0.211172 0.405786
vt 0.208630 0.405703
vt 0.055849 0.404643
vt 0.053309 0.404727
vt 0.209683 0.407317
vt 0.208728 0.406732
vt 0.039259 0.401565
vt 0.039537 0.402512
vt 0.053000 0.404698
vt 0.208321 0.405791
vt 0.038347 0.401832
vt 0.038626 0.402780
vt 0.054386 0.403368
vt 0.095811 0.486350
vt 0.095415 0.485398
vt 0.055849 0.418258
vt 0.053309 0.418258
vt 0.053000 0.418288
vt 0.043311 0.416284
vt 0.042897 0.416406
vt 0.208321 0.392194
vt 0.211172 0.392163
vt 0.208630 0.392163
vt 0.456916 0.456016
vt 0.458318 0.455751
vt 0.458318 0.456016
vt 0.017549 0.485061
vt 0.017267 0.483600
vt 0.017549 0.483600
vt 0.344028 0.464089
vt 0.342563 0.463894
vt 0.344028 0.463894
vt 0.342624 0.463568
vt 0.344028 0.463568
vt 0.016856 0.485086
vt 0.016856 0.483600
vt 0.465995 0.465889
vt 0.466708 0.466786
vt 0.466293 0.466908
vt 0.016979 0.486137
vt 0.017267 0.485086
vt 0.017390 0.486137
vt 0.456110 0.456337
vt 0.458318 0.457027
vt 0.455776 0.457110
vt 0.344028 0.462557
vt 0.341817 0.463247
vt 0.341483 0.462473
vt 0.342537 0.464089
vt 0.341581 0.463504
vt 0.466017 0.466887
vt 0.465739 0.465938
vt 0.455468 0.457081
vt 0.456854 0.455751
vt 0.017663 0.486039
vt 0.341175 0.462562
vt 0.466929 0.466619
vt 0.466409 0.465767
vt 0.466651 0.465669
vt 0.458318 0.465336
vt 0.455776 0.465369
vt 0.455468 0.465376
vt 0.463534 0.457509
vt 0.463282 0.457573
vt 0.463949 0.457387
vt 0.464195 0.457305
vt 0.341175 0.454262
vt 0.341483 0.454209
vt 0.344028 0.454241
vt 0.277185 0.444787
vt 0.275432 0.444454
vt 0.277185 0.444454
vt 0.275505 0.444116
vt 0.277185 0.444116
vt 0.392617 0.423457
vt 0.394188 0.423117
vt 0.394188 0.423457
vt 0.392548 0.423117
vt 0.394188 0.422821
vt 0.277185 0.445174
vt 0.275401 0.444787
vt 0.275401 0.445174
vt 0.274140 0.444445
vt 0.242024 0.437531
vt 0.241655 0.438615
vt 0.241329 0.438332
vt 0.391889 0.000779
vt 0.391889 0.002460
vt 0.391627 0.003426
vt 0.391714 0.423739
vt 0.391063 0.000779
vt 0.390995 0.003827
vt 0.394188 0.424348
vt 0.391340 0.424421
vt 0.274257 0.444135
vt 0.274540 0.443854
vt 0.242481 0.438057
vt 0.241834 0.438804
vt 0.390995 0.424292
vt 0.273771 0.443366
vt 0.274140 0.443222
vt 0.241763 0.437435
vt 0.241116 0.438182
vt 0.391450 0.423461
vt 0.392519 0.422821
vt 0.394188 0.436367
vt 0.391340 0.436367
vt 0.390995 0.436288
vt 0.232288 0.449425
vt 0.231962 0.449143
vt 0.273771 0.432252
vt 0.277185 0.432156
vt 0.274140 0.432156
vt 0.233388 0.428476
vt 0.234958 0.428137
vt 0.234958 0.428476
vt 0.233319 0.428137
vt 0.234958 0.427840
vt 0.481349 0.448452
vt 0.479596 0.448119
vt 0.481349 0.448119
vt 0.479670 0.447782
vt 0.481349 0.447782
vt 0.481349 0.448840
vt 0.479566 0.448452
vt 0.022893 0.456471
vt 0.021872 0.456990
vt 0.022567 0.456188
vt 0.478305 0.448498
vt 0.479566 0.448840
vt 0.232485 0.428758
vt 0.234958 0.429367
vt 0.232111 0.429440
vt 0.481349 0.446956
vt 0.478705 0.447520
vt 0.478305 0.446888
vt 0.478422 0.447801
vt 0.021741 0.456746
vt 0.022388 0.455999
vt 0.231766 0.429310
vt 0.232221 0.428480
vt 0.233290 0.427840
vt 0.477935 0.447032
vt 0.022458 0.457368
vt 0.023106 0.456621
vt 0.234958 0.440904
vt 0.232111 0.440907
vt 0.231766 0.440827
vt 0.031562 0.445807
vt 0.031367 0.445636
vt 0.031889 0.446089
vt 0.032085 0.446258
vt 0.477935 0.436359
vt 0.478305 0.436261
vt 0.481349 0.436264
vt 0.149826 0.478367
vt 0.149508 0.479992
vt 0.149508 0.478367
vt 0.149258 0.479924
vt 0.149258 0.478367
vt 0.397362 0.412239
vt 0.398798 0.411907
vt 0.398798 0.412239
vt 0.150460 0.479992
vt 0.150259 0.478367
vt 0.150460 0.478367
vt 0.149826 0.480021
vt 0.150058 0.481189
vt 0.149625 0.481189
vt 0.086972 0.412858
vt 0.086924 0.414002
vt 0.086531 0.413823
vt 0.288415 0.433725
vt 0.286977 0.433726
vt 0.286151 0.433414
vt 0.396537 0.412550
vt 0.288415 0.432744
vt 0.285810 0.432663
vt 0.398798 0.413220
vt 0.396195 0.413301
vt 0.149321 0.481081
vt 0.149104 0.480819
vt 0.087559 0.413235
vt 0.087149 0.414133
vt 0.395879 0.413198
vt 0.148869 0.481532
vt 0.148733 0.481189
vt 0.086695 0.412840
vt 0.086285 0.413739
vt 0.397299 0.411907
vt 0.150273 0.481081
vt 0.150259 0.480021
vt 0.398798 0.426443
vt 0.396195 0.426443
vt 0.395879 0.426398
vt 0.080981 0.427016
vt 0.080588 0.426836
vt 0.285494 0.419463
vt 0.285494 0.432675
vt 0.288415 0.419508
vt 0.285810 0.419508
vt 0.244971 0.409639
vt 0.246407 0.409307
vt 0.246407 0.409639
vt 0.190508 0.481086
vt 0.190308 0.479464
vt 0.190508 0.479464
vt 0.189875 0.479464
vt 0.189558 0.481086
vt 0.189558 0.479464
vt 0.189308 0.481018
vt 0.189308 0.479464
vt 0.189875 0.481114
vt 0.161091 0.426672
vt 0.161043 0.427817
vt 0.160650 0.427638
vt 0.189675 0.482281
vt 0.190308 0.481114
vt 0.190107 0.482281
vt 0.244146 0.409950
vt 0.246407 0.410620
vt 0.243804 0.410701
vt 0.308929 0.433722
vt 0.306666 0.434393
vt 0.306323 0.433641
vt 0.308929 0.434704
vt 0.307492 0.434704
vt 0.189371 0.482172
vt 0.189155 0.481911
vt 0.160455 0.427440
vt 0.160865 0.426541
vt 0.243488 0.410598
vt 0.244908 0.409307
vt 0.190321 0.482172
vt 0.188919 0.482622
vt 0.188784 0.482281
vt 0.161319 0.427835
vt 0.161484 0.426852
vt 0.161730 0.426936
vt 0.167429 0.413833
vt 0.308929 0.420487
vt 0.306323 0.420487
vt 0.246407 0.423844
vt 0.243804 0.423844
vt 0.306008 0.420441
vt 0.167665 0.413941
vt 0.167036 0.413654
vt 0.166800 0.413546
vt 0.243488 0.423799
vt 0.333698 0.481728
vt 0.333419 0.483225
vt 0.333419 0.481728
vt 0.487577 0.414643
vt 0.486197 0.414358
vt 0.487577 0.414358
vt 0.374834 0.395838
vt 0.376212 0.395524
vt 0.376212 0.395838
vt 0.334373 0.483225
vt 0.334132 0.481728
vt 0.334373 0.481728
vt 0.333698 0.483251
vt 0.334132 0.483251
vt 0.333634 0.484328
vt 0.238542 0.386364
vt 0.237964 0.387352
vt 0.238115 0.386303
vt 0.485405 0.414033
vt 0.376212 0.395838
vt 0.374042 0.396163
vt 0.487577 0.413333
vt 0.485076 0.413248
vt 0.376212 0.396862
vt 0.373714 0.396947
vt 0.333360 0.484228
vt 0.486137 0.414643
vt 0.238392 0.387414
vt 0.238784 0.386498
vt 0.238644 0.387475
vt 0.373411 0.396872
vt 0.484773 0.413293
vt 0.237845 0.386363
vt 0.237705 0.387340
vt 0.374774 0.395524
vt 0.334314 0.484228
vt 0.376212 0.410672
vt 0.373714 0.410672
vt 0.373411 0.410657
vt 0.236357 0.401564
vt 0.235930 0.401502
vt 0.484773 0.399497
vt 0.487577 0.399512
vt 0.485076 0.399512
vt 0.463728 0.394732
vt 0.465107 0.394417
vt 0.465107 0.394732
vt 0.366604 0.483576
vt 0.366364 0.482087
vt 0.366604 0.482087
vt 0.365932 0.482087
vt 0.365655 0.483576
vt 0.365655 0.482087
vt 0.080225 0.414636
vt 0.078846 0.414351
vt 0.080225 0.414351
vt 0.365932 0.483602
vt 0.455311 0.401489
vt 0.454733 0.402477
vt 0.454884 0.401427
vt 0.365869 0.484673
vt 0.366364 0.483602
vt 0.366301 0.484673
vt 0.462936 0.395056
vt 0.465107 0.395756
vt 0.462609 0.395840
vt 0.080225 0.413326
vt 0.078053 0.414026
vt 0.077725 0.413241
vt 0.365596 0.484573
vt 0.078785 0.414636
vt 0.454491 0.402342
vt 0.454631 0.401365
vt 0.462306 0.395766
vt 0.463668 0.394417
vt 0.366545 0.484573
vt 0.077422 0.413286
vt 0.455430 0.402477
vt 0.455570 0.401500
vt 0.457345 0.387339
vt 0.080225 0.399505
vt 0.077725 0.399505
vt 0.465107 0.409565
vt 0.462609 0.409565
vt 0.077422 0.399490
vt 0.457601 0.387377
vt 0.456918 0.387278
vt 0.456662 0.387241
vt 0.462306 0.409551
vt 0.059104 0.481660
vt 0.058861 0.483161
vt 0.058861 0.481660
vt 0.014773 0.408655
vt 0.013395 0.408340
vt 0.014773 0.408340
vt 0.268357 0.397874
vt 0.269737 0.397589
vt 0.269737 0.397874
vt 0.059818 0.483161
vt 0.059539 0.481660
vt 0.059818 0.481660
vt 0.059104 0.483188
vt 0.059602 0.484267
vt 0.059167 0.484267
vt 0.412728 0.384954
vt 0.413306 0.385942
vt 0.412879 0.386004
vt 0.012603 0.408015
vt 0.269737 0.397874
vt 0.267565 0.398199
vt 0.014773 0.407316
vt 0.012275 0.407231
vt 0.269737 0.398899
vt 0.267236 0.398984
vt 0.058921 0.484167
vt 0.013335 0.408655
vt 0.413426 0.384953
vt 0.413566 0.385931
vt 0.266933 0.398939
vt 0.011972 0.407306
vt 0.412486 0.385088
vt 0.412626 0.386066
vt 0.268297 0.397589
vt 0.059877 0.484167
vt 0.059539 0.483188
vt 0.269737 0.412721
vt 0.267236 0.412721
vt 0.266933 0.412736
vt 0.415342 0.400103
vt 0.414915 0.400165
vt 0.011972 0.393521
vt 0.014773 0.393506
vt 0.012275 0.393506
vt 0.135679 0.085195
vt 0.131884 0.094750
vt 0.135574 0.085136
vt 0.493719 0.011004
vt 0.495090 0.010823
vt 0.495101 0.011000
vt 0.132866 0.083435
vt 0.135626 0.085029
vt 0.130559 0.081051
vt 0.132791 0.083529
vt 0.129319 0.077973
vt 0.130660 0.080985
vt 0.129203 0.078004
vt 0.128974 0.074694
vt 0.128854 0.074687
vt 0.129660 0.071469
vt 0.131155 0.068641
vt 0.129548 0.071425
vt 0.123152 0.062161
vt 0.131216 0.068538
vt 0.493719 0.028527
vt 0.495090 0.028338
vt 0.495090 0.028527
vt 0.040190 0.038161
vt 0.036394 0.028604
vt 0.036499 0.028545
vt 0.039207 0.026844
vt 0.036454 0.028434
vt 0.041414 0.024393
vt 0.039283 0.026938
vt 0.042755 0.021381
vt 0.041515 0.024459
vt 0.043100 0.018101
vt 0.042872 0.021412
vt 0.042414 0.014875
vt 0.043220 0.018095
vt 0.040919 0.012048
vt 0.042527 0.014832
vt 0.040858 0.011944
vt 0.048924 0.005565
vt 0.110303 0.456485
vt 0.108860 0.456654
vt 0.108860 0.456474
vt 0.045765 0.034942
vt 0.040241 0.038269
vt 0.050153 0.030069
vt 0.045841 0.035036
vt 0.052821 0.024078
vt 0.050254 0.030134
vt 0.053626 0.017549
vt 0.052937 0.024109
vt 0.053506 0.017555
vt 0.052255 0.011098
vt 0.052142 0.011141
vt 0.049022 0.005498
vt 0.216327 0.420972
vt 0.217852 0.421171
vt 0.216327 0.421171
vt 0.126234 0.091625
vt 0.131842 0.094863
vt 0.121923 0.086659
vt 0.126310 0.091532
vt 0.121822 0.086725
vt 0.119256 0.080669
vt 0.118450 0.074142
vt 0.119139 0.080701
vt 0.119821 0.067692
vt 0.118570 0.074148
vt 0.123054 0.062093
vt 0.119933 0.067735
vt 0.495090 0.012693
vt 0.493719 0.015297
vt 0.495090 0.015297
vt 0.493719 0.018499
vt 0.495090 0.018499
vt 0.493719 0.021984
vt 0.495090 0.021984
vt 0.493719 0.025412
vt 0.495090 0.025412
vt 0.110303 0.450145
vt 0.108846 0.450145
vt 0.110303 0.445157
vt 0.108846 0.445157
vt 0.459701 0.378296
vt 0.458398 0.384384
vt 0.458398 0.378296
vt 0.459701 0.371670
vt 0.458398 0.371670
vt 0.459701 0.365152
vt 0.458398 0.365152
vt 0.216311 0.425074
vt 0.493733 0.000612
vt 0.493719 0.010823
vt 0.217868 0.411317
vt 0.216311 0.411317
vt 0.495244 0.028417
vt 0.493565 0.010885
vt 0.040821 0.012115
vt 0.108681 0.456532
vt 0.216136 0.421053
vt 0.131988 0.094812
vt 0.123211 0.062055
vt 0.197576 0.462614
vt 0.199486 0.462241
vt 0.199519 0.462614
vt 0.197576 0.462241
vt 0.199406 0.461908
vt 0.336290 0.436231
vt 0.337783 0.436569
vt 0.336290 0.436569
vt 0.197576 0.463084
vt 0.199486 0.463276
vt 0.197576 0.463276
vt 0.200892 0.462306
vt 0.199519 0.463084
vt 0.165868 0.446849
vt 0.166078 0.447976
vt 0.165504 0.447083
vt 0.197576 0.461908
vt 0.200457 0.461672
vt 0.197576 0.461165
vt 0.200892 0.461103
vt 0.338640 0.436867
vt 0.336290 0.437511
vt 0.200765 0.461955
vt 0.165339 0.447306
vt 0.339323 0.437472
vt 0.338891 0.436595
vt 0.201295 0.461263
vt 0.166442 0.447743
vt 0.166139 0.446792
vt 0.166674 0.447624
vt 0.337848 0.436231
vt 0.337875 0.435969
vt 0.338995 0.437589
vt 0.336290 0.448353
vt 0.339323 0.448295
vt 0.338995 0.448365
vt 0.165874 0.448138
vt 0.172684 0.458255
vt 0.172468 0.458399
vt 0.173048 0.458022
vt 0.201295 0.452735
vt 0.197576 0.452621
vt 0.071561 0.434756
vt 0.073243 0.435094
vt 0.071561 0.435094
vt 0.071561 0.434423
vt 0.073317 0.434756
vt 0.127242 0.436183
vt 0.128885 0.435886
vt 0.128913 0.436183
vt 0.127242 0.435886
vt 0.128816 0.435546
vt 0.127242 0.436498
vt 0.031303 0.438192
vt 0.032324 0.437673
vt 0.031630 0.438474
vt 0.130095 0.436128
vt 0.130095 0.435813
vt 0.074210 0.435357
vt 0.071561 0.435922
vt 0.129720 0.435263
vt 0.127242 0.434653
vt 0.130095 0.434579
vt 0.127242 0.435546
vt 0.129985 0.435541
vt 0.031738 0.437295
vt 0.031998 0.437390
vt 0.074980 0.435845
vt 0.074493 0.435075
vt 0.073347 0.434423
vt 0.130441 0.434710
vt 0.032456 0.437917
vt 0.031809 0.438663
vt 0.022263 0.449285
vt 0.021936 0.449002
vt 0.127242 0.422611
vt 0.074610 0.435990
vt 0.071561 0.447076
vt 0.130441 0.422689
vt 0.130095 0.422611
vt 0.022458 0.449454
vt 0.031091 0.438042
vt 0.074980 0.446979
vt 0.298193 0.421614
vt 0.299685 0.421951
vt 0.298193 0.421951
vt 0.066676 0.452768
vt 0.068590 0.452960
vt 0.066676 0.452960
vt 0.066676 0.452296
vt 0.068590 0.451923
vt 0.068624 0.452296
vt 0.066676 0.451923
vt 0.068510 0.451588
vt 0.356331 0.438502
vt 0.356541 0.439628
vt 0.355967 0.438735
vt 0.068624 0.452768
vt 0.070000 0.451988
vt 0.070000 0.452459
vt 0.300543 0.422250
vt 0.298193 0.422894
vt 0.069564 0.451353
vt 0.066676 0.450844
vt 0.070001 0.450783
vt 0.066676 0.451588
vt 0.069873 0.451637
vt 0.357069 0.439171
vt 0.356905 0.439394
vt 0.301226 0.422855
vt 0.300794 0.421978
vt 0.299751 0.421614
vt 0.299778 0.421352
vt 0.070404 0.450943
vt 0.356270 0.439685
vt 0.355736 0.438854
vt 0.348594 0.426463
vt 0.066676 0.440807
vt 0.300898 0.422971
vt 0.298193 0.435603
vt 0.070404 0.440924
vt 0.070001 0.440807
vt 0.348231 0.426697
vt 0.348013 0.426836
vt 0.356535 0.438340
vt 0.301226 0.435542
vt 0.143133 0.485536
vt 0.142872 0.484047
vt 0.143133 0.484021
vt 0.239581 0.405410
vt 0.240953 0.405109
vt 0.241013 0.405410
vt 0.243488 0.390278
vt 0.244860 0.390579
vt 0.243489 0.390579
vt 0.143569 0.485536
vt 0.143830 0.484047
vt 0.143830 0.485536
vt 0.143133 0.482950
vt 0.143569 0.484021
vt 0.349248 0.395884
vt 0.349680 0.396945
vt 0.349248 0.396945
vt 0.239581 0.405109
vt 0.241741 0.404782
vt 0.239581 0.404079
vt 0.242067 0.403994
vt 0.245648 0.390906
vt 0.243489 0.391609
vt 0.142872 0.483050
vt 0.241972 0.405013
vt 0.349680 0.395884
vt 0.349939 0.396846
vt 0.246276 0.391634
vt 0.245879 0.390675
vt 0.242369 0.404054
vt 0.348990 0.396846
vt 0.348990 0.395859
vt 0.244920 0.390278
vt 0.143830 0.483050
vt 0.245975 0.391694
vt 0.243489 0.405494
vt 0.246276 0.405494
vt 0.245975 0.405494
vt 0.349939 0.395859
vt 0.349680 0.381586
vt 0.349939 0.381586
vt 0.349248 0.381586
vt 0.242369 0.390193
vt 0.239581 0.390193
vt 0.187001 0.417375
vt 0.142552 0.429255
vt 0.179992 0.431059
vt 0.161034 0.484336
vt 0.045665 0.415810
vt 0.416070 0.403055
vt 0.364559 0.385744
vt 0.068200 0.411761
vt 0.361689 0.400852
vt 0.125211 0.436631
vt 0.402836 0.437769
vt 0.145776 0.444339
vt 0.125211 0.423439
vt 0.470223 0.483193
vt 0.001330 0.483496
vt 0.321147 0.470308
vt 0.317440 0.468616
vt 0.321245 0.461204
vt 0.369912 0.353747
vt 0.371397 0.354054
vt 0.372736 0.354945
vt 0.367088 0.354945
vt 0.473051 0.461624
vt 0.205197 0.381058
vt 0.435142 0.379206
vt 0.427449 0.383125
vt 0.087190 0.485184
vt 0.080068 0.473462
vt 0.373945 0.480226
vt 0.079376 0.480186
vt 0.498824 0.457970
vt 0.489751 0.458017
vt 0.495589 0.458017
vt 0.497636 0.462035
vt 0.495589 0.466053
vt 0.256290 0.483230
vt 0.456931 0.420238
vt 0.405253 0.417479
vt 0.315711 0.400751
vt 0.195053 0.356740
vt 0.196538 0.357047
vt 0.197877 0.357937
vt 0.192229 0.357937
vt 0.201976 0.468722
vt 0.260339 0.383786
vt 0.315776 0.355948
vt 0.078169 0.007349
vt 0.497194 0.032366
vt 0.090172 0.006723
vt 0.491960 0.030717
vt 0.492309 0.027093
vt 0.077422 0.007349
vt 0.496496 0.035991
vt 0.464843 0.141521
vt 0.089144 0.037074
vt 0.089424 0.006723
vt 0.093636 0.113617
vt 0.279298 0.285668
vt 0.004157 0.383930
vt 0.024671 0.284737
vt 0.420889 0.383070
vt 0.274902 0.271708
vt 0.274902 0.284787
vt 0.022616 0.374142
vt 0.022616 0.386882
vt 0.476136 0.245234
vt 0.476136 0.256472
vt 0.476136 0.283442
vt 0.094904 0.374298
vt 0.094904 0.383655
vt 0.094904 0.390025
vt 0.274902 0.244738
vt 0.087190 0.019437
vt 0.087190 0.012131
vt 0.087471 0.006691
vt 0.008065 0.070135
vt 0.008065 0.062118
vt 0.008065 0.053689
vt 0.008065 0.045672
vt 0.073514 0.053185
vt 0.073514 0.045878
vt 0.073514 0.037288
vt 0.073514 0.028256
vt 0.073514 0.019666
vt 0.073514 0.012359
vt 0.073795 0.006918
vt 0.486727 0.088119
vt 0.486727 0.080101
vt 0.486727 0.071672
vt 0.486727 0.063655
vt 0.087190 0.052953
vt 0.087190 0.045646
vt 0.087190 0.037057
vt 0.087190 0.028026
vt 0.402056 0.103738
vt 0.394835 0.107418
vt 0.389104 0.113149
vt 0.385424 0.120370
vt 0.384157 0.128375
vt 0.385424 0.136380
vt 0.389104 0.143602
vt 0.394835 0.149332
vt 0.402056 0.153012
vt 0.410061 0.154280
vt 0.418066 0.153012
vt 0.425287 0.149332
vt 0.431018 0.143602
vt 0.434697 0.136380
vt 0.435965 0.128375
vt 0.434697 0.120370
vt 0.431018 0.113149
vt 0.425287 0.107418
vt 0.418066 0.103738
vt 0.410061 0.102471
vt 0.061399 0.117649
vt 0.061399 0.125333
vt 0.061399 0.133851
vt 0.061399 0.142369
vt 0.061399 0.150054
vt 0.061399 0.156152
vt 0.415790 0.339911
vt 0.415790 0.347721
vt 0.415790 0.355532
vt 0.074099 0.118546
vt 0.074099 0.124644
vt 0.074099 0.132328
vt 0.074099 0.140846
vt 0.074099 0.149364
vt 0.074099 0.157047
vt 0.074099 0.163146
vt 0.186227 0.338220
vt 0.186227 0.346031
vt 0.186227 0.353842
vt 0.061399 0.111551
vt 0.421059 0.007558
vt 0.426881 0.013380
vt 0.430619 0.020717
vt 0.431908 0.028849
vt 0.430619 0.036982
vt 0.426881 0.044318
vt 0.421059 0.050140
vt 0.413723 0.053879
vt 0.405590 0.055167
vt 0.397457 0.053879
vt 0.390121 0.050141
vt 0.384299 0.044318
vt 0.380561 0.036982
vt 0.379272 0.028849
vt 0.380561 0.020717
vt 0.384299 0.013380
vt 0.390121 0.007558
vt 0.397457 0.003819
vt 0.405590 0.002531
vt 0.413723 0.003819
vt 0.058861 0.138148
vt 0.058861 0.149998
vt 0.413462 0.347721
vt 0.413462 0.355506
vt 0.071561 0.116371
vt 0.071561 0.124699
vt 0.071561 0.136549
vt 0.071561 0.153316
vt 0.183900 0.342090
vt 0.183900 0.357467
vt 0.314407 0.217076
vt 0.277344 0.276479
vt 0.318470 0.222669
vt 0.324063 0.226733
vt 0.330638 0.228869
vt 0.162998 0.365536
vt 0.337551 0.228869
vt 0.344126 0.226733
vt 0.162998 0.379018
vt 0.349718 0.222669
vt 0.353782 0.217076
vt 0.256830 0.254553
vt 0.355918 0.210502
vt 0.355918 0.203589
vt 0.353782 0.197014
vt 0.349718 0.191421
vt 0.344126 0.187358
vt 0.499038 0.359030
vt 0.256830 0.286941
vt 0.337551 0.185222
vt 0.499038 0.369056
vt 0.330638 0.185222
vt 0.499038 0.375882
vt 0.324063 0.187358
vt 0.277344 0.244091
vt 0.318470 0.191421
vt 0.314407 0.197014
vt 0.312271 0.203589
vt 0.312271 0.210502
vt 0.286283 0.253484
vt 0.132196 0.032366
vt 0.466111 0.391757
vt 0.262049 0.286414
vt 0.190624 0.445305
vt 0.030747 0.396883
vt 0.408805 0.008551
vt 0.402375 0.008551
vt 0.396260 0.010538
vt 0.391058 0.014317
vt 0.387279 0.019519
vt 0.385292 0.025634
vt 0.385292 0.032064
vt 0.387279 0.038179
vt 0.391058 0.043381
vt 0.396260 0.047160
vt 0.402375 0.049147
vt 0.408805 0.049147
vt 0.414920 0.047160
vt 0.420122 0.043381
vt 0.423901 0.038179
vt 0.425888 0.032064
vt 0.425888 0.025634
vt 0.280612 0.471984
vt 0.278655 0.465961
vt 0.423901 0.019519
vt 0.420122 0.014317
vt 0.414920 0.010538
vt 0.410532 0.439202
vt 0.413856 0.439703
vt 0.468605 0.427990
vt 0.402492 0.420162
vt 0.308938 0.454031
vt 0.447593 0.446745
vt 0.312254 0.464695
vt 0.439838 0.457536
vt 0.395879 0.482345
vt 0.396687 0.479586
vt 0.051441 0.401222
vt 0.306590 0.402438
vt 0.105751 0.483656
vt 0.145409 0.470090
vt 0.435930 0.009986
vt 0.206290 0.421677
vt 0.053000 0.440613
vt 0.283659 0.434074
vt 0.174053 0.438361
vt 0.043087 0.458207
vt 0.316925 0.485687
vt 0.317431 0.483091
vt 0.426814 0.406098
vt 0.273771 0.417873
vt 0.226562 0.409904
vt 0.079546 0.486355
vt 0.069218 0.416811
vt 0.364295 0.405006
vt 0.364295 0.419384
vt 0.074974 0.431079
vt 0.468225 0.486762
vt 0.468857 0.484228
vt 0.339774 0.382438
vt 0.405648 0.386912
vt 0.018380 0.393074
vt 0.348071 0.486571
vt 0.428785 0.387642
vt 0.331959 0.382455
vt 0.331959 0.397393
vt 0.430288 0.402947
vt 0.109720 0.483685
vt 0.391213 0.386319
vt 0.034016 0.382506
vt 0.344045 0.401032
vt 0.070006 0.412232
vt 0.369903 0.399859
vt 0.302934 0.481855
vt 0.333947 0.417653
vt 0.297206 0.419859
vt 0.247812 0.424340
vt 0.340565 0.431521
vt 0.339701 0.431915
vt 0.272969 0.430842
vt 0.117464 0.420425
vt 0.212645 0.424764
vt 0.114543 0.421476
vt 0.139334 0.433194
vt 0.180450 0.444471
vt 0.153962 0.439907
vt 0.190456 0.455623
vt 0.189738 0.456245
vt 0.395271 0.430241
vt 0.387433 0.436188
vt 0.013754 0.465583
vt 0.077586 0.457731
vt 0.376671 0.432252
vt 0.084547 0.446422
vt 0.085346 0.446936
vt 0.365925 0.415060
vt 0.293022 0.381722
vt 0.232163 0.405812
vt 0.450980 0.390220
vt 0.293281 0.397086
vt 0.292332 0.397086
vt 0.007485 0.478928
vt 0.087588 0.472607
vt 0.029263 0.486139
vt 0.219473 0.468246
vt 0.132435 0.456022
vt 0.174881 0.457037
vt 0.175794 0.457305
vt 0.291048 0.400860
vt 0.057314 0.416592
vt 0.120712 0.393617
vt 0.358035 0.000316
vt 0.169247 0.460646
vt 0.189761 0.459118
vt 0.207427 0.466835
vt 0.114557 0.160135
vt 0.127430 0.117613
vt 0.461484 0.482851
vt 0.136196 0.134564
vt 0.132170 0.146955
vt 0.208321 0.286741
vt 0.113723 0.258276
vt 0.113723 0.295008
vt 0.252755 0.428827
vt 0.495923 0.443985
vt 0.240109 0.428502
vt 0.251632 0.428189
vt 0.248632 0.441286
vt 0.247833 0.441799
vt 0.021239 0.443547
vt 0.019731 0.457848
vt 0.182752 0.454673
vt 0.020116 0.442908
vt 0.038982 0.401543
vt 0.208630 0.406898
vt 0.053406 0.403757
vt 0.043559 0.416212
vt 0.042648 0.416479
vt 0.341483 0.463670
vt 0.455874 0.456140
vt 0.274140 0.444832
vt 0.242350 0.437813
vt 0.391340 0.423190
vt 0.232483 0.449595
vt 0.231766 0.448973
vt 0.277185 0.443290
vt 0.022198 0.457273
vt 0.478305 0.448110
vt 0.232111 0.428209
vt 0.087365 0.413037
vt 0.288415 0.433726
vt 0.396295 0.412285
vt 0.081216 0.427123
vt 0.080352 0.426729
vt 0.243904 0.409685
vt 0.306008 0.433653
vt 0.334068 0.484328
vt 0.485173 0.414248
vt 0.373810 0.395918
vt 0.236613 0.401601
vt 0.235674 0.401466
vt 0.455160 0.402538
vt 0.077821 0.414240
vt 0.462705 0.394812
vt 0.413155 0.384892
vt 0.012371 0.408260
vt 0.267333 0.397984
vt 0.415599 0.400067
vt 0.414659 0.400202
vt 0.131249 0.068716
vt 0.493709 0.028346
vt 0.040082 0.038213
vt 0.048856 0.005467
vt 0.110303 0.456650
vt 0.217868 0.420981
vt 0.493719 0.012693
vt 0.459701 0.384384
vt 0.217868 0.425074
vt 0.495090 0.000601
vt 0.200892 0.462777
vt 0.338995 0.436360
vt 0.173268 0.457885
vt 0.200892 0.452612
vt 0.128913 0.436498
vt 0.074610 0.434765
vt 0.074610 0.447076
vt 0.021741 0.448832
vt 0.300898 0.421742
vt 0.300898 0.435603
vt 0.348812 0.426323
vt 0.142872 0.485536
vt 0.239581 0.405109
vt 0.143569 0.482950
vt 0.348990 0.381586
vt 0.242067 0.390193
s 1
g off
g polySurface13_Black
usemtl Black
f 6/1/1 8/2/2 7/3/3
f 5/4/4 9/5/5 6/6/1
f 13/7/6 15/8/7 14/9/8
f 12/10/9 16/11/10 15/8/7
f 14/12/8 5/4/4 13/13/6
f 23/14/11 17/15/12 20/16/13
f 23/17/11 14/12/8 26/18/14
f 25/19/15 2/20/16 3/3/17
f 28/21/18 1/22/19 19/23/20
f 8/2/2 3/3/17 7/3/3
f 16/11/10 4/24/21 28/21/18
f 14/9/8 27/25/22 26/26/14
f 15/8/7 28/21/18 27/25/22
f 20/16/13 24/27/23 23/14/11
f 21/28/24 25/19/15 24/29/23
f 9/30/5 25/19/15 8/2/2
f 10/31/25 24/32/23 9/5/5
f 18/33/26 28/21/18 19/23/20
f 17/15/12 27/34/22 18/35/26
f 20/16/13 32/36/27 33/37/28
f 29/38/19 19/23/20 1/22/19
f 22/39/29 36/40/16 2/20/16
f 31/41/30 19/23/20 30/42/31
f 32/36/27 18/35/26 31/43/30
f 33/37/28 21/44/24 20/16/13
f 34/45/32 22/39/29 21/28/24
f 43/46/33 45/47/34 44/48/35
f 42/49/36 46/50/37 45/47/34
f 48/51/38 50/52/39 49/53/40
f 47/54/41 51/55/42 48/56/38
f 44/57/35 47/54/41 43/58/33
f 59/59/43 52/60/44 44/57/35
f 59/61/43 53/62/45 62/63/46
f 46/50/37 39/64/47 61/65/48
f 50/52/39 40/53/49 49/53/40
f 61/65/48 38/66/16 58/67/50
f 64/68/51 37/69/19 40/53/49
f 44/48/35 60/70/52 59/71/43
f 45/47/34 61/65/48 60/70/52
f 53/62/45 63/72/53 62/63/46
f 54/73/54 64/68/51 63/74/53
f 57/75/55 61/65/48 58/67/50
f 56/76/56 60/77/52 57/78/55
f 51/79/42 64/68/51 50/52/39
f 52/60/44 63/80/53 51/55/42
f 55/81/57 65/82/19 37/69/19
f 55/81/57 67/83/58 66/84/31
f 54/85/54 68/86/27 67/87/58
f 68/86/27 56/76/56 69/88/28
f 57/78/55 69/88/28 56/76/56
f 58/67/50 70/89/32 57/75/55
f 72/90/16 58/67/50 38/66/16
f 78/91/59 80/92/60 79/93/61
f 77/94/62 81/95/63 78/96/59
f 85/97/64 87/98/65 86/99/66
f 84/100/67 88/101/68 87/98/65
f 86/102/66 77/94/62 85/103/64
f 95/104/69 89/105/70 92/106/71
f 82/107/72 98/108/73 95/109/69
f 97/110/74 74/111/75 75/112/76
f 100/113/77 73/114/78 91/115/79
f 80/92/60 75/112/76 79/93/61
f 88/101/68 76/116/80 100/113/77
f 86/99/66 99/117/81 98/118/73
f 87/98/65 100/113/77 99/117/81
f 92/106/71 96/119/82 95/104/69
f 93/120/83 97/110/74 96/121/82
f 81/122/63 97/110/74 80/92/60
f 82/107/72 96/123/82 81/95/63
f 90/124/84 100/113/77 91/115/79
f 89/105/70 99/125/81 90/126/84
f 92/106/71 104/127/85 105/128/86
f 101/129/78 91/115/79 73/114/78
f 94/130/87 108/131/75 74/111/75
f 103/132/88 91/115/79 102/133/89
f 104/127/85 90/126/84 103/134/88
f 105/128/86 93/135/83 92/106/71
f 106/136/90 94/130/87 93/120/83
f 115/137/91 117/138/92 116/139/93
f 114/140/94 118/141/95 117/138/92
f 120/142/96 122/143/97 121/144/98
f 119/145/99 123/146/100 120/142/96
f 116/139/93 119/147/99 115/137/91
f 131/148/101 124/149/102 116/139/93
f 131/150/101 125/151/103 134/152/104
f 118/141/95 111/153/105 133/154/106
f 122/143/97 112/144/107 121/144/98
f 133/154/106 110/155/108 130/156/109
f 136/157/110 109/158/111 112/144/107
f 116/139/93 132/159/112 131/148/101
f 117/138/92 133/154/106 132/159/112
f 125/151/103 135/160/113 134/152/104
f 126/161/114 136/157/110 135/162/113
f 129/163/115 133/154/106 130/156/109
f 128/164/116 132/165/112 129/166/115
f 123/146/100 136/157/110 122/143/97
f 124/167/102 135/162/113 123/146/100
f 127/168/117 137/169/118 109/158/111
f 127/168/117 139/170/119 138/171/120
f 126/172/114 140/173/121 139/174/119
f 140/173/121 128/164/116 141/175/122
f 129/166/115 141/175/122 128/164/116
f 130/156/109 142/176/123 129/163/115
f 144/177/124 130/156/109 110/155/108
f 151/178/125 153/179/126 152/180/127
f 150/181/128 154/182/129 153/179/126
f 156/183/130 158/184/131 157/185/132
f 155/186/133 159/187/134 156/188/130
f 152/180/127 155/186/133 151/178/125
f 152/180/127 170/189/135 160/190/136
f 164/191/137 170/192/135 167/193/138
f 154/194/129 147/195/139 169/196/140
f 158/184/131 148/185/141 157/185/132
f 169/196/140 146/197/142 166/198/143
f 172/199/144 145/200/145 148/201/141
f 152/180/127 168/202/146 167/203/138
f 153/179/126 169/204/140 168/202/146
f 161/205/147 171/206/148 170/192/135
f 162/207/149 172/208/144 171/209/148
f 165/210/150 169/196/140 166/198/143
f 164/191/137 168/211/146 165/212/150
f 159/213/134 172/208/144 158/184/131
f 160/190/136 171/214/148 159/187/134
f 163/215/151 173/216/145 145/217/145
f 163/215/151 175/218/152 174/219/153
f 162/220/149 176/221/154 175/222/152
f 176/221/154 164/191/137 177/223/155
f 165/212/150 177/223/155 164/191/137
f 166/198/143 178/224/156 165/210/150
f 180/225/142 166/198/143 146/197/142
f 185/226/157 184/227/158 201/228/159
f 186/229/160 185/226/157 201/228/159
f 187/230/161 186/229/160 201/228/159
f 188/231/162 187/230/161 201/228/159
f 189/232/163 188/231/162 201/228/159
f 190/233/164 189/232/163 201/228/159
f 191/234/165 190/233/164 201/228/159
f 192/235/166 191/234/165 201/228/159
f 193/236/167 192/235/166 201/228/159
f 194/237/168 193/236/167 201/228/159
f 195/238/169 194/237/168 201/228/159
f 196/239/170 195/238/169 201/228/159
f 197/240/171 183/241/172 181/242/173
f 182/243/174 203/244/175 181/245/173
f 182/243/174 209/246/176 206/247/177
f 183/248/172 212/249/178 209/250/176
f 184/251/158 215/252/179 212/249/178
f 186/253/160 215/252/179 185/254/157
f 187/255/161 218/256/180 186/253/160
f 188/257/162 221/258/181 187/259/161
f 189/260/163 224/261/182 188/257/162
f 189/260/163 230/262/183 227/263/184
f 191/264/165 230/262/183 190/265/164
f 191/264/165 236/266/185 233/267/186
f 193/268/167 236/266/185 192/269/166
f 194/270/168 239/271/187 193/272/167
f 195/273/169 242/274/188 194/270/168
f 196/275/170 245/276/189 195/273/169
f 197/277/171 248/278/190 196/275/170
f 198/279/191 251/280/192 197/281/171
f 198/279/191 257/282/193 254/283/194
f 200/284/195 257/282/193 199/285/196
f 181/245/173 260/286/197 200/284/195
f 214/287/198 217/288/199 202/289/200
f 217/288/199 220/290/201 202/289/200
f 220/290/201 223/291/202 202/289/200
f 223/291/202 226/292/203 202/289/200
f 226/292/203 229/293/204 202/289/200
f 229/293/204 232/294/205 202/289/200
f 232/294/205 235/295/206 202/289/200
f 235/295/206 238/296/207 202/289/200
f 238/296/207 241/297/208 202/289/200
f 241/297/208 244/298/209 202/289/200
f 244/298/209 247/299/210 202/289/200
f 247/299/210 250/300/211 202/289/200
f 263/301/200 214/287/198 202/289/200
f 203/244/175 261/302/212 260/286/197
f 204/303/213 262/304/214 261/305/212
f 205/306/215 207/307/216 208/308/217
f 204/309/213 206/247/177 207/310/216
f 208/308/217 210/311/218 211/312/219
f 207/310/216 209/246/176 210/313/218
f 211/312/219 213/314/220 214/287/198
f 210/315/218 212/249/178 213/316/220
f 214/287/198 216/317/221 217/288/199
f 213/316/220 215/252/179 216/318/221
f 216/317/221 220/290/201 217/288/199
f 216/318/221 218/256/180 219/319/222
f 220/290/201 222/320/223 223/291/202
f 219/319/222 221/321/181 222/322/223
f 222/320/223 226/292/203 223/291/202
f 222/323/223 224/261/182 225/324/224
f 225/325/224 229/293/204 226/292/203
f 225/324/224 227/263/184 228/326/225
f 228/327/225 232/294/205 229/293/204
f 227/263/184 231/328/226 228/326/225
f 231/329/226 235/295/206 232/294/205
f 231/328/226 233/267/186 234/330/227
f 235/295/206 237/331/228 238/296/207
f 234/330/227 236/266/185 237/332/228
f 238/296/207 240/333/229 241/297/208
f 237/332/228 239/334/187 240/335/229
f 241/297/208 243/336/230 244/298/209
f 240/337/229 242/274/188 243/338/230
f 244/298/209 246/339/231 247/299/210
f 242/274/188 246/340/231 243/338/230
f 246/339/231 250/300/211 247/299/210
f 245/276/189 249/341/232 246/340/231
f 249/342/232 253/343/233 250/300/211
f 248/278/190 252/344/234 249/341/232
f 252/345/234 256/346/235 253/343/233
f 251/280/192 255/347/236 252/348/234
f 255/349/236 259/350/237 256/346/235
f 254/283/194 258/351/238 255/347/236
f 258/352/238 262/304/214 259/350/237
f 257/282/193 261/302/212 258/351/238
f 208/308/217 263/301/200 205/306/215
f 250/300/211 263/301/200 202/289/200
f 262/304/214 263/301/200 259/350/237
f 205/306/215 263/301/200 262/304/214
f 211/312/219 263/301/200 208/308/217
f 256/346/235 263/301/200 253/343/233
f 259/350/237 263/301/200 256/346/235
f 269/353/239 271/354/240 270/355/241
f 268/356/242 272/357/243 269/358/239
f 276/359/244 278/360/245 277/361/246
f 275/362/247 279/363/248 278/364/245
f 277/361/246 268/356/242 276/359/244
f 286/365/249 280/366/250 283/367/251
f 273/368/252 289/369/253 286/370/249
f 288/371/254 265/372/255 266/355/255
f 291/373/256 264/374/257 282/375/258
f 271/354/240 266/355/255 270/355/241
f 279/363/248 267/376/257 291/373/256
f 277/361/246 290/377/259 289/369/253
f 278/364/245 291/373/256 290/378/259
f 283/367/251 287/379/260 286/365/249
f 284/380/261 288/371/254 287/381/260
f 272/382/243 288/371/254 271/354/240
f 273/368/252 287/383/260 272/357/243
f 281/384/262 291/373/256 282/375/258
f 280/366/250 290/385/259 281/386/262
f 285/387/263 292/388/255 265/372/255
f 294/389/264 285/387/263 284/380/261
f 295/390/265 284/391/261 283/367/251
f 280/366/250 295/390/265 283/367/251
f 296/392/266 281/386/262 297/393/267
f 297/394/267 282/375/258 298/395/268
f 299/396/257 282/375/258 264/374/257
f 301/397/269 320/398/270 300/399/271
f 302/400/272 322/401/273 301/397/269
f 302/402/272 326/403/274 324/404/275
f 304/405/257 326/403/274 303/406/276
f 305/407/277 328/408/278 304/405/257
f 306/409/279 330/410/280 305/407/277
f 306/411/279 334/412/281 332/413/282
f 307/414/283 336/415/284 334/412/281
f 309/416/285 336/415/284 308/417/286
f 309/416/285 340/418/287 338/419/288
f 311/420/289 340/418/287 310/421/290
f 312/422/291 342/423/292 311/420/289
f 313/424/293 344/425/294 312/426/291
f 313/424/293 348/427/295 346/428/296
f 314/429/255 350/430/297 348/427/295
f 316/431/298 350/430/297 315/432/299
f 317/433/300 352/434/301 316/435/298
f 318/436/302 354/437/303 317/433/300
f 319/438/304 356/439/305 318/436/302
f 319/438/304 320/398/270 358/440/306
f 421/441/307 420/442/308 422/443/200
f 420/442/308 423/444/309 422/443/200
f 423/444/309 424/445/310 422/443/200
f 424/445/310 425/446/311 422/443/200
f 425/446/311 426/447/312 422/443/200
f 426/447/312 427/448/313 422/443/200
f 427/448/313 428/449/314 422/443/200
f 428/449/314 429/450/315 422/443/200
f 429/450/315 430/451/316 422/443/200
f 430/451/316 431/452/317 422/443/200
f 431/452/317 432/453/318 422/443/200
f 432/453/318 433/454/319 422/443/200
f 433/454/319 434/455/320 422/443/200
f 434/455/320 435/456/321 422/443/200
f 435/456/321 436/457/322 422/443/200
f 436/457/322 437/458/323 422/443/200
f 437/458/323 438/459/324 422/443/200
f 438/459/324 439/460/325 422/443/200
f 439/460/325 440/461/326 422/443/200
f 440/461/326 421/441/307 422/443/200
f 321/462/327 358/440/306 320/398/270
f 320/398/270 323/463/328 321/462/327
f 322/401/273 325/464/329 323/463/328
f 324/404/275 327/465/330 325/466/329
f 326/403/274 329/467/331 327/465/330
f 329/467/331 330/410/280 331/468/332
f 331/468/332 332/469/282 333/470/333
f 333/471/333 334/412/281 335/472/334
f 335/472/334 336/415/284 337/473/335
f 337/473/335 338/419/288 339/474/336
f 338/419/288 341/475/337 339/474/336
f 340/418/287 343/476/338 341/475/337
f 343/476/338 344/477/294 345/478/339
f 344/425/294 347/479/340 345/480/339
f 346/428/296 349/481/341 347/479/340
f 349/481/341 350/430/297 351/482/342
f 351/482/342 352/483/301 353/484/343
f 352/434/301 355/485/344 353/486/343
f 355/485/344 356/439/305 357/487/345
f 357/487/345 358/440/306 359/488/346
f 381/489/347 382/490/348 380/491/349
f 381/489/347 384/492/350 385/493/351
f 382/490/348 419/494/352 418/495/353
f 385/493/351 386/496/354 387/497/355
f 386/496/354 389/498/356 387/497/355
f 389/498/356 390/499/357 391/500/358
f 390/499/357 393/501/359 391/500/358
f 393/501/359 394/502/360 395/503/361
f 394/502/360 397/504/362 395/503/361
f 396/505/363 399/506/364 397/504/362
f 399/506/364 400/507/365 401/508/366
f 400/507/365 403/509/367 401/508/366
f 402/510/368 405/511/369 403/509/367
f 404/512/370 407/513/371 405/511/369
f 407/513/371 408/514/372 409/515/373
f 409/515/373 410/516/374 411/517/375
f 411/517/375 412/518/376 413/519/377
f 412/518/376 415/520/378 413/519/377
f 415/520/378 416/521/379 417/522/380
f 417/522/380 418/495/353 419/494/352
f 321/523/327 382/490/348 359/524/346
f 321/523/327 384/492/350 380/491/349
f 323/525/328 386/496/354 384/492/350
f 386/496/354 327/526/330 388/527/381
f 388/527/381 329/528/331 390/499/357
f 329/528/331 392/529/382 390/499/357
f 331/530/332 394/502/360 392/529/382
f 394/502/360 335/531/334 396/505/363
f 396/505/363 337/532/335 398/533/383
f 337/532/335 400/507/365 398/533/383
f 400/507/365 341/534/337 402/510/368
f 341/534/337 404/512/370 402/510/368
f 343/535/338 406/536/384 404/512/370
f 406/536/384 347/537/340 408/514/372
f 408/514/372 349/538/341 410/516/374
f 410/516/374 351/539/342 412/518/376
f 412/518/376 353/540/343 414/541/385
f 414/541/385 355/542/344 416/521/379
f 355/542/344 418/495/353 416/521/379
f 357/543/345 382/490/348 418/495/353
f 381/489/347 360/544/386 361/545/387
f 385/493/351 362/546/388 360/544/386
f 389/498/356 362/546/388 387/497/355
f 389/498/356 364/547/389 363/548/390
f 393/501/359 364/547/389 391/500/358
f 395/503/361 365/549/391 393/501/359
f 397/504/362 366/550/392 395/503/361
f 399/506/364 367/551/393 397/504/362
f 399/506/364 369/552/394 368/553/395
f 401/508/366 370/554/396 369/552/394
f 405/511/369 370/554/396 403/509/367
f 407/513/371 371/555/397 405/511/369
f 407/513/371 373/556/398 372/557/399
f 411/517/375 373/556/398 409/515/373
f 411/517/375 375/558/400 374/559/401
f 413/519/377 376/560/402 375/558/400
f 415/520/378 377/561/403 376/560/402
f 417/522/380 378/562/404 377/561/403
f 383/563/405 378/562/404 419/494/352
f 381/489/347 379/564/406 383/563/405
f 442/565/407 443/566/408 441/567/409
f 441/567/409 446/568/410 442/565/407
f 444/569/411 479/570/412 443/566/408
f 445/571/413 448/572/414 446/568/410
f 448/572/414 449/573/415 450/574/416
f 449/573/415 452/575/417 450/574/416
f 452/575/417 453/576/418 454/577/419
f 454/577/419 455/578/420 456/579/421
f 456/579/421 457/580/422 458/581/364
f 458/581/364 459/582/423 460/583/424
f 460/583/424 461/584/425 462/585/426
f 462/585/426 463/586/427 464/587/428
f 463/586/427 466/588/429 464/587/428
f 465/589/430 468/590/431 466/588/429
f 468/590/431 469/591/432 470/592/433
f 469/591/432 472/593/434 470/592/433
f 472/593/434 473/594/435 474/595/436
f 474/595/436 475/596/437 476/597/438
f 475/596/437 478/598/439 476/597/438
f 477/599/440 480/600/441 478/598/439
f 361/545/387 441/567/409 443/566/408
f 360/544/386 445/571/413 441/567/409
f 362/546/388 447/601/442 445/571/413
f 364/547/389 447/601/442 363/548/390
f 364/547/389 451/602/443 449/573/415
f 366/550/392 451/602/443 365/549/391
f 367/551/393 453/576/418 366/550/392
f 368/553/395 455/578/420 367/551/393
f 369/552/394 457/580/422 368/553/395
f 370/554/396 459/582/423 369/552/394
f 371/555/397 461/584/425 370/554/396
f 372/557/399 463/586/427 371/555/397
f 373/556/398 465/589/430 372/557/399
f 374/559/401 467/603/444 373/556/398
f 374/559/401 471/604/445 469/591/432
f 375/558/400 473/594/435 471/604/445
f 376/560/402 475/596/437 473/594/435
f 377/561/403 477/599/440 475/596/437
f 378/562/404 479/570/412 477/599/440
f 379/564/406 443/566/408 479/570/412
f 442/565/407 421/441/307 444/569/411
f 442/565/407 423/444/309 420/442/308
f 446/568/410 424/445/310 423/444/309
f 450/574/416 424/445/310 448/572/414
f 450/574/416 426/447/312 425/446/311
f 454/577/419 426/447/312 452/575/417
f 456/579/421 427/448/313 454/577/419
f 456/579/421 429/450/315 428/449/314
f 460/583/424 429/450/315 458/581/364
f 460/583/424 431/452/317 430/451/316
f 464/587/428 431/452/317 462/585/426
f 466/588/429 432/453/318 464/587/428
f 466/588/429 434/455/320 433/454/319
f 470/592/433 434/455/320 468/590/431
f 470/592/433 436/457/322 435/456/321
f 474/595/436 436/457/322 472/593/434
f 474/595/436 438/459/324 437/458/323
f 476/597/438 439/460/325 438/459/324
f 480/600/441 439/460/325 478/598/439
f 444/569/411 440/461/326 480/600/441
f 486/605/446 488/606/447 487/607/448
f 485/608/449 489/609/450 486/610/446
f 493/611/451 495/612/452 494/613/453
f 492/614/454 496/615/455 495/612/452
f 494/613/453 485/608/449 493/611/451
f 500/616/456 506/617/457 497/618/458
f 503/619/459 494/613/453 506/620/457
f 505/621/460 482/622/142 483/607/461
f 508/623/462 481/624/145 499/625/463
f 488/606/447 483/607/461 487/607/448
f 496/626/455 484/627/464 508/623/462
f 494/613/453 507/628/465 506/620/457
f 495/612/452 508/629/462 507/628/465
f 500/616/456 504/630/466 503/631/459
f 501/632/467 505/621/460 504/633/466
f 489/634/450 505/621/460 488/606/447
f 490/635/468 504/636/466 489/609/450
f 498/637/469 508/623/462 499/625/463
f 497/618/458 507/638/465 498/639/469
f 497/618/458 513/640/470 500/616/456
f 509/641/145 499/625/463 481/624/145
f 502/642/471 516/643/142 482/622/142
f 511/644/472 499/625/463 510/645/473
f 512/646/474 498/639/469 511/647/472
f 513/640/470 501/648/467 500/616/456
f 514/649/475 502/642/471 501/632/467
f 521/650/476 537/651/200 520/652/477
f 522/653/478 537/651/200 521/650/476
f 523/654/479 537/651/200 522/653/478
f 524/655/480 537/651/200 523/654/479
f 525/656/481 537/651/200 524/655/480
f 526/657/482 537/651/200 525/656/481
f 527/658/483 537/651/200 526/657/482
f 528/659/484 537/651/200 527/658/483
f 529/660/485 537/651/200 528/659/484
f 530/661/486 537/651/200 529/660/485
f 531/662/487 537/651/200 530/661/486
f 532/663/488 537/651/200 531/662/487
f 519/664/489 533/665/490 535/666/491
f 517/667/492 542/668/493 518/669/494
f 518/669/494 545/670/495 519/671/489
f 545/670/495 520/672/477 519/671/489
f 520/672/477 551/673/496 521/674/476
f 521/674/476 554/675/497 522/676/478
f 554/675/497 523/677/479 522/676/478
f 557/678/498 524/679/480 523/677/479
f 560/680/499 525/681/481 524/682/480
f 563/683/500 526/684/482 525/681/481
f 566/685/501 527/686/483 526/684/482
f 569/687/502 528/688/484 527/686/483
f 572/689/503 529/690/485 528/691/484
f 575/692/504 530/693/486 529/690/485
f 578/694/505 531/695/487 530/693/486
f 581/696/506 532/697/488 531/695/487
f 584/698/507 533/699/490 532/697/488
f 587/700/508 534/701/509 533/699/490
f 534/701/509 593/702/510 535/703/491
f 535/704/491 596/705/511 536/706/512
f 536/706/512 539/707/513 517/708/492
f 550/709/514 538/710/159 553/711/515
f 553/711/515 538/710/159 556/712/516
f 556/712/516 538/710/159 559/713/517
f 559/713/517 538/710/159 562/714/518
f 562/714/518 538/710/159 565/715/519
f 565/715/519 538/710/159 568/716/520
f 568/716/520 538/710/159 571/717/521
f 571/717/521 538/710/159 574/718/522
f 574/718/522 538/710/159 577/719/523
f 577/719/523 538/710/159 580/720/524
f 580/720/524 538/710/159 583/721/525
f 583/721/525 538/710/159 586/722/526
f 550/709/514 599/723/159 538/710/159
f 539/707/513 597/724/527 540/725/528
f 540/726/528 598/727/529 541/728/530
f 541/728/530 543/729/531 540/726/528
f 540/730/528 542/668/493 539/731/513
f 544/732/532 546/733/533 543/729/531
f 543/734/531 545/670/495 542/668/493
f 547/735/534 549/736/535 546/733/533
f 546/737/533 548/738/536 545/670/495
f 553/711/515 549/736/535 550/709/514
f 549/739/535 551/673/496 548/738/536
f 556/712/516 552/740/537 553/711/515
f 555/741/538 551/673/496 552/742/537
f 556/712/516 558/743/539 555/744/538
f 555/741/538 557/678/498 554/675/497
f 559/713/517 561/745/540 558/743/539
f 558/746/539 560/747/499 557/678/498
f 565/715/519 561/745/540 562/714/518
f 561/748/540 563/683/500 560/680/499
f 568/716/520 564/749/541 565/715/519
f 567/750/542 563/683/500 564/751/541
f 568/716/520 570/752/543 567/753/542
f 570/754/543 566/685/501 567/750/542
f 571/717/521 573/755/544 570/752/543
f 573/756/544 569/687/502 570/754/543
f 574/718/522 576/757/545 573/755/544
f 576/758/545 572/689/503 573/759/544
f 577/719/523 579/760/546 576/757/545
f 579/761/546 575/692/504 576/758/545
f 580/720/524 582/762/547 579/760/546
f 579/761/546 581/696/506 578/694/505
f 586/722/526 582/762/547 583/721/525
f 585/763/548 581/696/506 582/764/547
f 589/765/549 585/766/548 586/722/526
f 588/767/550 584/698/507 585/763/548
f 592/768/551 588/769/550 589/765/549
f 591/770/552 587/700/508 588/767/550
f 595/771/553 591/772/552 592/768/551
f 594/773/554 590/774/555 591/770/552
f 598/727/529 594/775/554 595/771/553
f 597/724/527 593/776/510 594/777/554
f 544/732/532 541/728/530 599/723/159
f 586/722/526 599/723/159 589/765/549
f 598/727/529 595/771/553 599/723/159
f 541/728/530 598/727/529 599/723/159
f 547/735/534 544/732/532 599/723/159
f 592/768/551 589/765/549 599/723/159
f 595/771/553 592/768/551 599/723/159
f 1041/854/624 640/911/681 620/851/621
f 1041/854/624 641/912/682 1080/913/683
f 641/912/682 1043/856/626 1081/914/684
f 1043/856/626 642/915/685 1081/914/684
f 642/915/685 1045/859/629 1082/916/686
f 1045/859/629 643/917/687 1082/916/686
f 643/917/687 1047/862/632 1083/918/688
f 1047/862/632 644/919/689 1083/918/688
f 644/919/689 1049/865/635 1084/920/690
f 1049/865/635 645/921/691 1084/920/690
f 645/921/691 1051/868/638 1085/922/692
f 1051/868/638 646/923/693 1085/922/692
f 646/923/693 1053/871/641 1086/924/694
f 1053/871/641 647/925/695 1086/924/694
f 647/925/695 1055/874/644 1087/926/696
f 1055/874/644 648/927/697 1087/926/696
f 648/927/697 1057/877/647 1088/928/698
f 1057/877/647 649/929/699 1088/928/698
f 649/929/699 1059/880/650 1089/930/700
f 1059/880/650 650/931/701 1089/930/700
f 650/931/701 1061/883/653 1090/932/702
f 1061/883/653 651/933/703 1090/932/702
f 651/933/703 1063/886/656 1091/934/704
f 1063/886/656 652/935/705 1091/934/704
f 652/935/705 1065/889/659 1092/936/706
f 1065/889/659 653/937/707 1092/936/706
f 653/937/707 1067/892/662 1093/938/708
f 1067/892/662 654/939/709 1093/938/708
f 654/939/709 1069/895/665 1094/940/710
f 1069/895/665 655/941/711 1094/940/710
f 655/941/711 1071/898/668 1095/942/712
f 1071/898/668 656/943/713 1095/942/712
f 656/943/713 1073/901/671 1096/944/714
f 1073/901/671 657/945/715 1096/944/714
f 657/945/715 1075/904/674 1097/946/716
f 1075/904/674 658/947/717 1097/946/716
f 658/947/717 1077/907/677 1098/948/718
f 1077/907/677 659/949/719 1098/948/718
f 659/949/719 1079/910/680 1099/950/720
f 1079/910/680 640/911/681 1099/950/720
f 1080/913/683 981/1565/1096 640/911/681
f 1080/913/683 980/1566/1097 1260/1567/1098
f 1260/1568/1098 781/1569/1099 1100/1570/1100
f 1260/1568/1098 780/1571/1101 981/1572/1096
f 1081/914/684 980/1566/1097 641/912/682
f 1081/914/684 982/1573/1102 1261/1574/1103
f 1261/1575/1103 782/1576/1104 1101/1577/1105
f 980/1578/1097 1101/1577/1105 781/1569/1099
f 1082/916/686 982/1573/1102 642/915/685
f 1082/916/686 983/1579/1106 1262/1580/1107
f 983/1581/1106 1102/1582/1108 1262/1583/1107
f 982/1584/1102 1102/1585/1108 782/1576/1104
f 1083/918/688 983/1579/1106 643/917/687
f 1083/918/688 984/1586/1109 1263/1587/1110
f 1263/1588/1110 784/1589/1111 1103/1590/1112
f 1263/1588/1110 783/1591/1113 983/1581/1106
f 1084/920/690 984/1586/1109 644/919/689
f 1084/920/690 985/1592/1114 1264/1593/1115
f 985/1594/1114 1104/1595/1116 1264/1596/1115
f 1264/1596/1115 784/1589/1111 984/1597/1109
f 1085/922/692 985/1592/1114 645/921/691
f 1085/922/692 986/1598/1117 1265/1599/1118
f 986/1600/1117 1105/1601/1119 1265/1602/1118
f 1265/1603/1118 785/1604/1120 985/1594/1114
f 1086/924/694 986/1598/1117 646/923/693
f 1086/924/694 987/1605/1121 1266/1606/1122
f 987/1607/1121 1106/1608/1123 1266/1609/1122
f 1266/1609/1122 786/1610/1124 986/1600/1117
f 1087/926/696 987/1605/1121 647/925/695
f 1087/926/696 988/1611/1125 1267/1612/1126
f 1267/1613/1126 788/1614/1127 1107/1615/1128
f 1267/1613/1126 787/1616/1129 987/1607/1121
f 1088/928/698 988/1611/1125 648/927/697
f 1088/928/698 989/1617/1130 1268/1618/1131
f 1268/1619/1131 789/1620/1132 1108/1621/1133
f 988/1622/1125 1108/1621/1133 788/1614/1127
f 1089/930/700 989/1617/1130 649/929/699
f 1089/930/700 990/1623/1134 1269/1624/1135
f 990/1625/1134 1109/1626/1136 1269/1627/1135
f 1269/1627/1135 789/1620/1132 989/1628/1130
f 1090/932/702 990/1623/1134 650/931/701
f 1090/932/702 991/1629/1137 1270/1630/1138
f 991/1631/1137 1110/1632/1139 1270/1633/1138
f 1270/1633/1138 790/1634/1140 990/1625/1134
f 1091/934/704 991/1629/1137 651/933/703
f 1091/934/704 992/1635/1141 1271/1636/1142
f 992/1637/1141 1111/1638/1143 1271/1639/1142
f 1271/1639/1142 791/1640/1144 991/1631/1137
f 1092/936/706 992/1635/1141 652/935/705
f 1092/936/706 993/1641/1145 1272/1642/1146
f 993/1643/1145 1112/1644/1147 1272/1645/1146
f 1272/1646/1146 792/1647/1148 992/1637/1141
f 1093/938/708 993/1641/1145 653/937/707
f 1093/938/708 994/1648/1149 1273/1649/1150
f 994/1650/1149 1113/1651/1151 1273/1652/1150
f 993/1643/1145 1113/1651/1151 793/1653/1152
f 1094/940/710 994/1648/1149 654/939/709
f 1094/940/710 995/1654/1153 1274/1655/1154
f 995/1656/1153 1114/1657/1155 1274/1658/1154
f 994/1650/1149 1114/1657/1155 794/1659/1156
f 1095/942/712 995/1654/1153 655/941/711
f 1095/942/712 996/1660/1157 1275/1661/1158
f 1275/1662/1158 796/1663/1159 1115/1664/1160
f 995/1656/1153 1115/1665/1160 795/1666/1161
f 1096/944/714 996/1660/1157 656/943/713
f 1096/944/714 997/1667/1162 1276/1668/1163
f 1276/1669/1163 797/1670/1164 1116/1671/1165
f 996/1672/1157 1116/1671/1165 796/1663/1159
f 1097/946/716 997/1667/1162 657/945/715
f 1097/946/716 998/1673/1166 1277/1674/1167
f 1277/1675/1167 798/1676/1168 1117/1677/1169
f 997/1678/1162 1117/1677/1169 797/1670/1164
f 1098/948/718 998/1673/1166 658/947/717
f 1098/948/718 999/1679/1170 1278/1680/1171
f 999/1681/1170 1118/1682/1172 1278/1683/1171
f 998/1684/1166 1118/1682/1172 798/1676/1168
f 1099/950/720 999/1679/1170 659/949/719
f 1099/950/720 981/1565/1096 1279/1685/1173
f 981/1572/1096 1119/1686/1174 1279/1687/1173
f 1279/1687/1173 799/1688/1175 999/1681/1170
f 1321/1689/1176 1399/1690/1177 1320/1691/1178
f 1321/1689/1176 1323/1692/1179 1322/1693/1180
f 1323/1692/1179 1324/1694/1181 1322/1693/1180
f 1324/1694/1181 1327/1695/1182 1326/1696/1183
f 1327/1695/1182 1328/1697/1184 1326/1696/1183
f 1328/1697/1184 1331/1698/1185 1330/1699/1186
f 1331/1698/1185 1332/1700/1187 1330/1699/1186
f 1332/1700/1187 1335/1701/1188 1334/1702/1189
f 1335/1701/1188 1336/1703/1190 1334/1702/1189
f 1336/1703/1190 1339/1704/1191 1338/1705/1192
f 1339/1704/1191 1340/1706/1193 1338/1705/1192
f 1340/1706/1193 1343/1707/1194 1342/1708/1195
f 1343/1707/1194 1344/1709/1196 1342/1708/1195
f 1344/1709/1196 1347/1710/1197 1346/1711/1198
f 1347/1710/1197 1348/1712/1199 1346/1711/1198
f 1348/1712/1199 1351/1713/1200 1350/1714/1201
f 1351/1713/1200 1352/1715/1202 1350/1714/1201
f 1352/1715/1202 1355/1716/1203 1354/1717/1204
f 1355/1716/1203 1356/1718/1205 1354/1717/1204
f 1356/1718/1205 1359/1719/1206 1358/1720/1207
f 1359/1719/1206 1360/1721/1208 1358/1720/1207
f 1360/1721/1208 1363/1722/1209 1362/1723/1210
f 1363/1722/1209 1364/1724/1211 1362/1723/1210
f 1364/1724/1211 1367/1725/1212 1366/1726/1213
f 1367/1725/1212 1368/1727/1214 1366/1726/1213
f 1368/1727/1214 1371/1728/1215 1370/1729/1216
f 1371/1728/1215 1372/1730/1217 1370/1729/1216
f 1372/1730/1217 1375/1731/1218 1374/1732/1219
f 1375/1731/1218 1376/1733/1220 1374/1732/1219
f 1376/1733/1220 1379/1734/1221 1378/1735/1222
f 1379/1734/1221 1380/1736/1223 1378/1735/1222
f 1380/1736/1223 1383/1737/1224 1382/1738/1225
f 1383/1737/1224 1384/1739/1226 1382/1738/1225
f 1384/1739/1226 1387/1740/1227 1386/1741/1228
f 1387/1740/1227 1388/1742/1229 1386/1741/1228
f 1388/1742/1229 1391/1743/1230 1390/1744/1231
f 1391/1743/1230 1392/1745/1232 1390/1744/1231
f 1392/1745/1232 1395/1746/1233 1394/1747/1234
f 1395/1746/1233 1396/1748/1235 1394/1747/1234
f 1396/1748/1235 1399/1690/1177 1398/1749/1236
f 1282/1750/1237 1322/1751/1180 1281/1752/1238
f 1281/1752/1238 1324/1753/1181 1280/1754/1239
f 1280/1754/1239 1326/1755/1183 1284/1756/1240
f 1326/1755/1183 1283/1757/1241 1284/1756/1240
f 1328/1758/1184 1286/1759/1242 1283/1757/1241
f 1330/1760/1186 1285/1761/1243 1286/1762/1242
f 1285/1761/1243 1334/1763/1189 1288/1764/1244
f 1288/1764/1244 1336/1765/1190 1287/1766/1245
f 1336/1765/1190 1290/1767/1246 1287/1766/1245
f 1338/1768/1192 1289/1769/1247 1290/1767/1246
f 1289/1769/1247 1342/1770/1195 1292/1771/1248
f 1342/1772/1195 1291/1773/1249 1292/1774/1248
f 1291/1773/1249 1346/1775/1198 1294/1776/1250
f 1346/1775/1198 1293/1777/1251 1294/1776/1250
f 1348/1778/1199 1296/1779/1252 1293/1777/1251
f 1350/1780/1201 1295/1781/1253 1296/1779/1252
f 1295/1781/1253 1354/1782/1204 1298/1783/1254
f 1354/1782/1204 1297/1784/1255 1298/1783/1254
f 1356/1785/1205 1300/1786/1256 1297/1784/1255
f 1358/1787/1207 1299/1788/1257 1300/1786/1256
f 1360/1789/1208 1302/1790/1258 1299/1788/1257
f 1362/1791/1210 1301/1792/1259 1302/1790/1258
f 1364/1793/1211 1304/1794/1260 1301/1792/1259
f 1366/1795/1213 1303/1796/1261 1304/1794/1260
f 1368/1797/1214 1306/1798/1262 1303/1796/1261
f 1306/1799/1262 1372/1800/1217 1305/1801/1263
f 1305/1801/1263 1374/1802/1219 1308/1803/1264
f 1374/1802/1219 1307/1804/1265 1308/1803/1264
f 1307/1804/1265 1378/1805/1222 1310/1806/1266
f 1378/1805/1222 1309/1807/1267 1310/1806/1266
f 1309/1807/1267 1382/1808/1225 1312/1809/1268
f 1312/1810/1268 1384/1811/1226 1311/1812/1269
f 1311/1812/1269 1386/1813/1228 1314/1814/1270
f 1314/1814/1270 1388/1815/1229 1313/1816/1271
f 1313/1816/1271 1390/1817/1231 1316/1818/1272
f 1316/1818/1272 1392/1819/1232 1315/1820/1273
f 1392/1819/1232 1318/1821/1274 1315/1820/1273
f 1394/1822/1234 1317/1823/1275 1318/1821/1274
f 1396/1824/1235 1319/1825/1276 1317/1823/1275
f 1398/1826/1236 1282/1750/1237 1319/1825/1276
f 1100/1827/1100 1320/1691/1178 780/1828/1101
f 1100/1827/1100 1325/1829/1277 1323/1692/1179
f 1101/1830/1105 1325/1829/1277 781/1831/1099
f 1101/1830/1105 1329/1832/1278 1327/1695/1182
f 1102/1833/1108 1329/1832/1278 782/1834/1104
f 1102/1833/1108 1333/1835/1279 1331/1698/1185
f 1103/1836/1112 1333/1835/1279 783/1837/1113
f 1103/1836/1112 1337/1838/1280 1335/1701/1188
f 1104/1839/1116 1337/1838/1280 784/1840/1111
f 1104/1839/1116 1341/1841/1281 1339/1704/1191
f 1105/1842/1119 1341/1841/1281 785/1843/1120
f 1105/1842/1119 1345/1844/1282 1343/1707/1194
f 1106/1845/1123 1345/1844/1282 786/1846/1124
f 1106/1845/1123 1349/1847/1283 1347/1710/1197
f 1107/1848/1128 1349/1847/1283 787/1849/1129
f 1107/1848/1128 1353/1850/1284 1351/1713/1200
f 1108/1851/1133 1353/1850/1284 788/1852/1127
f 1108/1851/1133 1357/1853/1285 1355/1716/1203
f 1109/1854/1136 1357/1853/1285 789/1855/1132
f 1109/1854/1136 1361/1856/1286 1359/1719/1206
f 1110/1857/1139 1361/1856/1286 790/1858/1140
f 1110/1857/1139 1365/1859/1287 1363/1722/1209
f 1111/1860/1143 1365/1859/1287 791/1861/1144
f 1111/1860/1143 1369/1862/1288 1367/1725/1212
f 1112/1863/1147 1369/1862/1288 792/1864/1148
f 1112/1863/1147 1373/1865/1289 1371/1728/1215
f 1113/1866/1151 1373/1865/1289 793/1867/1152
f 1113/1866/1151 1377/1868/1290 1375/1731/1218
f 1114/1869/1155 1377/1868/1290 794/1870/1156
f 1114/1869/1155 1381/1871/1291 1379/1734/1221
f 1115/1872/1160 1381/1871/1291 795/1873/1161
f 1115/1872/1160 1385/1874/1292 1383/1737/1224
f 1116/1875/1165 1385/1874/1292 796/1876/1159
f 1116/1875/1165 1389/1877/1293 1387/1740/1227
f 1117/1878/1169 1389/1877/1293 797/1879/1164
f 1117/1878/1169 1393/1880/1294 1391/1743/1230
f 1118/1881/1172 1393/1880/1294 798/1882/1168
f 1118/1881/1172 1397/1883/1295 1395/1746/1233
f 1119/1884/1174 1397/1883/1295 799/1885/1175
f 1119/1884/1174 1320/1691/1178 1399/1690/1177
f 1440/2053/1419 1841/2054/1420 1420/1993/1359
f 1841/2054/1420 1441/2055/1421 1421/1996/1362
f 1441/2055/1421 1843/2056/1422 1421/1996/1362
f 1843/2056/1422 1442/2057/1423 1422/1999/1365
f 1442/2057/1423 1845/2058/1424 1422/1999/1365
f 1845/2058/1424 1443/2059/1425 1423/2002/1368
f 1443/2059/1425 1847/2060/1426 1423/2002/1368
f 1847/2060/1426 1444/2061/1427 1424/2005/1371
f 1444/2061/1427 1849/2062/1428 1424/2005/1371
f 1849/2062/1428 1445/2063/1429 1425/2008/1374
f 1445/2063/1429 1851/2064/1430 1425/2008/1374
f 1851/2064/1430 1446/2065/1431 1426/2011/1377
f 1446/2065/1431 1853/2066/1432 1426/2011/1377
f 1853/2066/1432 1447/2067/1433 1427/2014/1380
f 1447/2067/1433 1855/2068/1434 1427/2014/1380
f 1855/2068/1434 1448/2069/1435 1428/2017/1383
f 1448/2069/1435 1857/2070/1436 1428/2017/1383
f 1857/2070/1436 1449/2071/1437 1429/2020/1386
f 1449/2071/1437 1859/2072/1438 1429/2020/1386
f 1859/2072/1438 1450/2073/1439 1430/2023/1389
f 1450/2073/1439 1861/2074/1440 1430/2023/1389
f 1861/2074/1440 1451/2075/1441 1431/2026/1392
f 1451/2075/1441 1863/2076/1442 1431/2026/1392
f 1863/2076/1442 1452/2077/1443 1432/2029/1395
f 1452/2077/1443 1865/2078/1444 1432/2029/1395
f 1865/2078/1444 1453/2079/1445 1433/2032/1398
f 1453/2079/1445 1867/2080/1446 1433/2032/1398
f 1867/2080/1446 1454/2081/1447 1434/2035/1401
f 1454/2081/1447 1869/2082/1448 1434/2035/1401
f 1869/2082/1448 1455/2083/1449 1435/2038/1404
f 1455/2083/1449 1871/2084/1450 1435/2038/1404
f 1871/2084/1450 1456/2085/1451 1436/2041/1407
f 1456/2085/1451 1873/2086/1452 1436/2041/1407
f 1873/2086/1452 1457/2087/1453 1437/2044/1410
f 1457/2087/1453 1875/2088/1454 1437/2044/1410
f 1875/2088/1454 1458/2089/1455 1438/2047/1413
f 1458/2089/1455 1877/2090/1456 1438/2047/1413
f 1877/2090/1456 1459/2091/1457 1439/2050/1416
f 1459/2091/1457 1879/2092/1458 1439/2050/1416
f 1879/2092/1458 1440/2053/1419 1420/1993/1359
f 1781/2610/1796 1880/2611/1797 1440/2053/1419
f 1880/2611/1797 1780/2612/1798 1441/2055/1421
f 2060/2613/1799 1581/2614/1800 1780/2615/1798
f 1580/2616/1801 2060/2613/1799 1781/2617/1796
f 1780/2612/1798 1881/2618/1802 1441/2055/1421
f 1881/2618/1802 1782/2619/1803 1442/2057/1423
f 2061/2620/1804 1582/2621/1805 1782/2622/1803
f 1780/2615/1798 1901/2623/1806 2061/2620/1804
f 1782/2619/1803 1882/2624/1807 1442/2057/1423
f 1882/2624/1807 1783/2625/1808 1443/2059/1425
f 1902/2626/1809 1783/2627/1808 2062/2628/1810
f 1782/2622/1803 1902/2629/1809 2062/2630/1810
f 1783/2625/1808 1883/2631/1811 1443/2059/1425
f 1883/2631/1811 1784/2632/1812 1444/2061/1427
f 2063/2633/1813 1584/2634/1814 1784/2635/1812
f 1583/2636/1815 2063/2633/1813 1783/2627/1808
f 1784/2632/1812 1884/2637/1816 1444/2061/1427
f 1884/2637/1816 1785/2638/1817 1445/2063/1429
f 1904/2639/1818 1785/2640/1817 2064/2641/1819
f 1584/2634/1814 2064/2641/1819 1784/2635/1812
f 1785/2638/1817 1885/2642/1820 1445/2063/1429
f 1885/2642/1820 1786/2643/1821 1446/2065/1431
f 1905/2644/1822 1786/2645/1821 2065/2646/1823
f 1585/2647/1824 2065/2648/1823 1785/2640/1817
f 1786/2643/1821 1886/2649/1825 1446/2065/1431
f 1886/2649/1825 1787/2650/1826 1447/2067/1433
f 1906/2651/1827 1787/2652/1826 2066/2653/1828
f 1586/2654/1829 2066/2653/1828 1786/2645/1821
f 1787/2650/1826 1887/2655/1830 1447/2067/1433
f 1887/2655/1830 1788/2656/1831 1448/2069/1435
f 2067/2657/1832 1588/2658/1833 1788/2659/1831
f 1587/2660/1834 2067/2657/1832 1787/2652/1826
f 1788/2656/1831 1888/2661/1835 1448/2069/1435
f 1888/2661/1835 1789/2662/1836 1449/2071/1437
f 2068/2663/1837 1589/2664/1838 1789/2665/1836
f 1788/2659/1831 1908/2666/1839 2068/2663/1837
f 1789/2662/1836 1889/2667/1840 1449/2071/1437
f 1889/2667/1840 1790/2668/1841 1450/2073/1439
f 1909/2669/1842 1790/2670/1841 2069/2671/1843
f 1589/2664/1838 2069/2671/1843 1789/2665/1836
f 1790/2668/1841 1890/2672/1844 1450/2073/1439
f 1890/2672/1844 1791/2673/1845 1451/2075/1441
f 1910/2674/1846 1791/2675/1845 2070/2676/1847
f 1590/2677/1848 2070/2676/1847 1790/2670/1841
f 1791/2673/1845 1891/2678/1849 1451/2075/1441
f 1891/2678/1849 1792/2679/1850 1452/2077/1443
f 1911/2680/1851 1792/2681/1850 2071/2682/1852
f 1591/2683/1853 2071/2682/1852 1791/2675/1845
f 1792/2679/1850 1892/2684/1854 1452/2077/1443
f 1892/2684/1854 1793/2685/1855 1453/2079/1445
f 2072/2686/1856 1593/2687/1857 1793/2688/1855
f 1592/2689/1858 2072/2690/1856 1792/2681/1850
f 1793/2685/1855 1893/2691/1859 1453/2079/1445
f 1893/2691/1859 1794/2692/1860 1454/2081/1447
f 1913/2693/1861 1794/2694/1860 2073/2695/1862
f 1793/2688/1855 1913/2693/1861 2073/2695/1862
f 1794/2692/1860 1894/2696/1863 1454/2081/1447
f 1894/2696/1863 1795/2697/1864 1455/2083/1449
f 1914/2698/1865 1795/2699/1864 2074/2700/1866
f 1794/2694/1860 1914/2698/1865 2074/2700/1866
f 1795/2697/1864 1895/2701/1867 1455/2083/1449
f 1895/2701/1867 1796/2702/1868 1456/2085/1451
f 2075/2703/1869 1596/2704/1870 1796/2705/1868
f 1795/2699/1864 1915/2706/1871 2075/2707/1869
f 1796/2702/1868 1896/2708/1872 1456/2085/1451
f 1896/2708/1872 1797/2709/1873 1457/2087/1453
f 2076/2710/1874 1597/2711/1875 1797/2712/1873
f 1796/2705/1868 1916/2713/1876 2076/2710/1874
f 1797/2709/1873 1897/2714/1877 1457/2087/1453
f 1897/2714/1877 1798/2715/1878 1458/2089/1455
f 2077/2716/1879 1598/2717/1880 1798/2718/1878
f 1797/2712/1873 1917/2719/1881 2077/2716/1879
f 1798/2715/1878 1898/2720/1882 1458/2089/1455
f 1898/2720/1882 1799/2721/1883 1459/2091/1457
f 1918/2722/1884 1799/2723/1883 2078/2724/1885
f 1598/2717/1880 2078/2724/1885 1798/2718/1878
f 1799/2721/1883 1899/2725/1886 1459/2091/1457
f 1899/2725/1886 1781/2610/1796 1440/2053/1419
f 1919/2726/1887 1781/2617/1796 2079/2727/1888
f 1599/2728/1889 2079/2727/1888 1799/2723/1883
f 2199/2729/1890 2121/2730/1891 2120/2731/1892
f 2121/2730/1891 2123/2732/1893 2120/2731/1892
f 2124/2733/1894 2123/2732/1893 2122/2734/1895
f 2124/2733/1894 2127/2735/1896 2125/2736/1897
f 2128/2737/1898 2127/2735/1896 2126/2738/1899
f 2128/2737/1898 2131/2739/1900 2129/2740/1901
f 2132/2741/1902 2131/2739/1900 2130/2742/1903
f 2132/2741/1902 2135/2743/1904 2133/2744/1905
f 2136/2745/1906 2135/2743/1904 2134/2746/1907
f 2136/2745/1906 2139/2747/1908 2137/2748/1909
f 2140/2749/1910 2139/2747/1908 2138/2750/1911
f 2140/2749/1910 2143/2751/1912 2141/2752/1913
f 2144/2753/1914 2143/2751/1912 2142/2754/1915
f 2144/2753/1914 2147/2755/1916 2145/2756/1917
f 2148/2757/1918 2147/2755/1916 2146/2758/1919
f 2148/2757/1918 2151/2759/1920 2149/2760/1921
f 2152/2761/1922 2151/2759/1920 2150/2762/1923
f 2152/2761/1922 2155/2763/1924 2153/2764/1925
f 2156/2765/1926 2155/2763/1924 2154/2766/1927
f 2156/2765/1926 2159/2767/1928 2157/2768/1929
f 2160/2769/1930 2159/2767/1928 2158/2770/1931
f 2160/2769/1930 2163/2771/1932 2161/2772/1933
f 2164/2773/1934 2163/2771/1932 2162/2774/1935
f 2164/2773/1934 2167/2775/1936 2165/2776/1937
f 2168/2777/1938 2167/2775/1936 2166/2778/1939
f 2168/2777/1938 2171/2779/1940 2169/2780/1941
f 2172/2781/1942 2171/2779/1940 2170/2782/1943
f 2172/2781/1942 2175/2783/1944 2173/2784/1945
f 2176/2785/1946 2175/2783/1944 2174/2786/1947
f 2176/2785/1946 2179/2787/1948 2177/2788/1949
f 2180/2789/1950 2179/2787/1948 2178/2790/1951
f 2180/2789/1950 2183/2791/1952 2181/2792/1953
f 2184/2793/1954 2183/2791/1952 2182/2794/1955
f 2184/2793/1954 2187/2795/1956 2185/2796/1957
f 2188/2797/1958 2187/2795/1956 2186/2798/1959
f 2188/2797/1958 2191/2799/1960 2189/2800/1961
f 2192/2801/1962 2191/2799/1960 2190/2802/1963
f 2192/2801/1962 2195/2803/1964 2193/2804/1965
f 2196/2805/1966 2195/2803/1964 2194/2806/1967
f 2196/2805/1966 2199/2729/1890 2197/2807/1968
f 2082/2808/1969 2122/2809/1895 2121/2810/1891
f 2081/2811/1970 2124/2812/1894 2122/2809/1895
f 2080/2813/1971 2126/2814/1899 2124/2812/1894
f 2083/2815/1972 2126/2814/1899 2084/2816/1973
f 2083/2815/1972 2130/2817/1903 2128/2818/1898
f 2085/2819/1974 2130/2820/1903 2086/2821/1975
f 2085/2819/1974 2134/2822/1907 2132/2823/1902
f 2088/2824/1976 2136/2825/1906 2134/2822/1907
f 2090/2826/1977 2136/2825/1906 2087/2827/1978
f 2089/2828/1979 2138/2829/1911 2090/2826/1977
f 2089/2828/1979 2142/2830/1915 2140/2831/1910
f 2091/2832/1980 2142/2833/1915 2092/2834/1981
f 2091/2832/1980 2146/2835/1919 2144/2836/1914
f 2093/2837/1982 2146/2835/1919 2094/2838/1983
f 2096/2839/1984 2148/2840/1918 2093/2837/1982
f 2095/2841/1985 2150/2842/1923 2096/2839/1984
f 2095/2841/1985 2154/2843/1927 2152/2844/1922
f 2097/2845/1986 2154/2843/1927 2098/2846/1987
f 2100/2847/1988 2156/2848/1926 2097/2845/1986
f 2099/2849/1989 2158/2850/1931 2100/2847/1988
f 2102/2851/1990 2160/2852/1930 2099/2849/1989
f 2101/2853/1991 2162/2854/1935 2102/2851/1990
f 2104/2855/1992 2164/2856/1934 2101/2853/1991
f 2103/2857/1993 2166/2858/1939 2104/2855/1992
f 2106/2859/1994 2168/2860/1938 2103/2857/1993
f 2106/2861/1994 2172/2862/1942 2170/2863/1943
f 2105/2864/1995 2174/2865/1947 2172/2862/1942
f 2107/2866/1996 2174/2865/1947 2108/2867/1997
f 2107/2866/1996 2178/2868/1951 2176/2869/1946
f 2109/2870/1998 2178/2871/1951 2110/2872/1999
f 2109/2870/1998 2182/2873/1955 2180/2874/1950
f 2112/2875/2000 2184/2876/1954 2182/2873/1955
f 2111/2877/2001 2186/2878/1959 2184/2876/1954
f 2114/2879/2002 2188/2880/1958 2186/2878/1959
f 2113/2881/2003 2190/2882/1963 2188/2880/1958
f 2116/2883/2004 2192/2884/1962 2190/2885/1963
f 2115/2886/2005 2194/2887/1967 2192/2884/1962
f 2117/2888/2006 2194/2887/1967 2118/2889/2007
f 2119/2890/2008 2196/2891/1966 2117/2888/2006
f 2082/2808/1969 2198/2892/2009 2119/2890/2008
f 2120/2731/1892 1900/2893/2010 1580/2894/1801
f 1900/2893/2010 2125/2736/1897 1581/2895/1800
f 2125/2736/1897 1901/2896/1806 1581/2895/1800
f 1901/2896/1806 2129/2740/1901 1582/2897/1805
f 2129/2740/1901 1902/2898/1809 1582/2897/1805
f 1902/2898/1809 2133/2744/1905 1583/2899/1815
f 2133/2744/1905 1903/2900/2011 1583/2899/1815
f 1903/2900/2011 2137/2748/1909 1584/2901/1814
f 2137/2748/1909 1904/2902/1818 1584/2901/1814
f 1904/2902/1818 2141/2752/1913 1585/2903/1824
f 2141/2752/1913 1905/2904/1822 1585/2903/1824
f 1905/2904/1822 2145/2756/1917 1586/2905/1829
f 2145/2756/1917 1906/2906/1827 1586/2905/1829
f 1906/2906/1827 2149/2760/1921 1587/2907/1834
f 2149/2760/1921 1907/2908/2012 1587/2907/1834
f 1907/2908/2012 2153/2764/1925 1588/2909/1833
f 2153/2764/1925 1908/2910/1839 1588/2909/1833
f 1908/2910/1839 2157/2768/1929 1589/2911/1838
f 2157/2768/1929 1909/2912/1842 1589/2911/1838
f 1909/2912/1842 2161/2772/1933 1590/2913/1848
f 2161/2772/1933 1910/2914/1846 1590/2913/1848
f 1910/2914/1846 2165/2776/1937 1591/2915/1853
f 2165/2776/1937 1911/2916/1851 1591/2915/1853
f 1911/2916/1851 2169/2780/1941 1592/2917/1858
f 2169/2780/1941 1912/2918/2013 1592/2917/1858
f 1912/2918/2013 2173/2784/1945 1593/2919/1857
f 2173/2784/1945 1913/2920/1861 1593/2919/1857
f 1913/2920/1861 2177/2788/1949 1594/2921/2014
f 2177/2788/1949 1914/2922/1865 1594/2921/2014
f 1914/2922/1865 2181/2792/1953 1595/2923/2015
f 2181/2792/1953 1915/2924/1871 1595/2923/2015
f 1915/2924/1871 2185/2796/1957 1596/2925/1870
f 2185/2796/1957 1916/2926/1876 1596/2925/1870
f 1916/2926/1876 2189/2800/1961 1597/2927/1875
f 2189/2800/1961 1917/2928/1881 1597/2927/1875
f 1917/2928/1881 2193/2804/1965 1598/2929/1880
f 2193/2804/1965 1918/2930/1884 1598/2929/1880
f 1918/2930/1884 2197/2807/1968 1599/2931/1889
f 2197/2807/1968 1919/2932/1887 1599/2931/1889
f 1919/2932/1887 2120/2731/1892 1580/2894/1801
f 2206/2956/2016 2208/2957/2017 2207/2958/2018
f 2205/2959/2019 2209/2960/2020 2208/2961/2017
f 2211/2962/2021 2213/2963/2022 2212/2964/2023
f 2210/2965/2024 2214/2966/2025 2211/2962/2021
f 2207/2958/2018 2210/2965/2024 2206/2956/2016
f 2207/2958/2018 2225/2967/2026 2215/2968/2027
f 2219/2969/2028 2225/2970/2026 2222/2971/2029
f 2209/2960/2020 2202/2972/2030 2224/2973/2031
f 2213/2963/2022 2203/2964/2032 2212/2964/2023
f 2224/2973/2031 2201/2974/2033 2221/2975/2034
f 2227/2976/2035 2200/2977/2036 2203/2964/2032
f 2207/2978/2018 2223/2979/2037 2222/2980/2029
f 2208/2961/2017 2224/2973/2031 2223/2979/2037
f 2216/2981/2038 2226/2982/2039 2225/2970/2026
f 2217/2983/2040 2227/2976/2035 2226/2984/2039
f 2220/2985/2041 2224/2973/2031 2221/2975/2034
f 2219/2969/2028 2223/2986/2037 2220/2987/2041
f 2214/2966/2025 2227/2976/2035 2213/2963/2022
f 2215/2968/2027 2226/2984/2039 2214/2966/2025
f 2218/2988/2042 2228/2989/2036 2200/2977/2036
f 2218/2988/2042 2230/2990/2043 2229/2991/2044
f 2217/2992/2040 2231/2993/2045 2230/2994/2043
f 2232/2995/2046 2216/2981/2038 2219/2969/2028
f 2220/2987/2041 2232/2995/2046 2219/2969/2028
f 2221/2975/2034 2233/2996/2047 2220/2985/2041
f 2235/2997/2033 2221/2975/2034 2201/2974/2033
f 2241/2998/2048 2243/2999/2049 2242/3000/2050
f 2240/3001/2051 2244/3002/2052 2241/2998/2048
f 2248/3003/2053 2250/3004/2054 2249/3005/2055
f 2247/3006/2056 2251/3007/2057 2250/3008/2054
f 2249/3005/2055 2240/3001/2051 2248/3003/2053
f 2258/3009/2058 2252/3010/2059 2255/3011/2060
f 2258/3012/2058 2249/3005/2055 2261/3013/2061
f 2260/3014/2062 2237/3015/2033 2238/3000/2063
f 2263/3016/2064 2236/3017/2036 2254/3018/2065
f 2243/2999/2049 2238/3000/2063 2242/3000/2050
f 2251/3007/2057 2239/3019/2066 2263/3016/2064
f 2249/3020/2055 2262/3021/2067 2261/3022/2061
f 2250/3008/2054 2263/3016/2064 2262/3021/2067
f 2255/3011/2060 2259/3023/2068 2258/3009/2058
f 2256/3024/2069 2260/3014/2062 2259/3025/2068
f 2244/3002/2052 2260/3014/2062 2243/2999/2049
f 2245/3026/2070 2259/3025/2068 2244/3002/2052
f 2253/3027/2071 2263/3016/2064 2254/3018/2065
f 2252/3010/2059 2262/3028/2067 2253/3029/2071
f 2257/3030/2072 2264/3031/2033 2237/3015/2033
f 2266/3032/2073 2257/3030/2072 2256/3024/2069
f 2267/3033/2074 2256/3034/2069 2255/3011/2060
f 2255/3011/2060 2268/3035/2075 2267/3033/2074
f 2268/3035/2075 2253/3029/2071 2269/3036/2076
f 2269/3037/2076 2254/3018/2065 2270/3038/2077
f 2271/3039/2036 2254/3018/2065 2236/3017/2036
f 2278/3040/2078 2280/3041/2079 2279/3042/2080
f 2277/3043/2081 2281/3044/2082 2280/3045/2079
f 2283/3046/2083 2285/3047/2084 2284/3048/2085
f 2282/3049/2086 2286/3050/2087 2283/3046/2083
f 2279/3042/2080 2282/3049/2086 2278/3040/2078
f 2294/3051/2088 2287/3052/2089 2279/3042/2080
f 2294/3053/2088 2288/3054/2090 2297/3055/2091
f 2281/3044/2082 2274/3056/2092 2296/3057/2093
f 2285/3058/2084 2275/3059/2094 2284/3060/2085
f 2296/3057/2093 2273/3061/2095 2293/3062/2096
f 2299/3063/2097 2272/3064/2098 2275/3059/2094
f 2279/3042/2080 2295/3065/2099 2294/3051/2088
f 2280/3045/2079 2296/3057/2093 2295/3066/2099
f 2288/3054/2090 2298/3067/2100 2297/3055/2091
f 2289/3068/2101 2299/3063/2097 2298/3069/2100
f 2292/3070/2102 2296/3057/2093 2293/3062/2096
f 2291/3071/2103 2295/3072/2099 2292/3073/2102
f 2286/3050/2087 2299/3074/2097 2285/3047/2084
f 2287/3052/2089 2298/3075/2100 2286/3050/2087
f 2290/3076/2104 2300/3077/2098 2272/3064/2098
f 2290/3076/2104 2302/3078/2105 2301/3079/2106
f 2289/3080/2101 2303/3081/2107 2302/3082/2105
f 2303/3081/2107 2291/3071/2103 2304/3083/2108
f 2292/3073/2102 2304/3083/2108 2291/3071/2103
f 2293/3062/2096 2305/3084/2109 2292/3070/2102
f 2307/3085/2095 2293/3062/2096 2273/3061/2095
f 2313/3086/2110 2315/3087/2111 2314/3088/2112
f 2312/3089/2113 2316/3090/2114 2313/3086/2110
f 2320/3091/2115 2322/3092/2116 2321/3093/2117
f 2319/3094/2118 2323/3095/2119 2322/3096/2116
f 2321/3093/2117 2312/3089/2113 2320/3091/2115
f 2327/3097/2120 2333/3098/2121 2324/3099/2122
f 2317/3100/2123 2333/3101/2121 2330/3102/2124
f 2332/3103/2125 2309/3104/2095 2310/3105/2126
f 2335/3106/2127 2308/3107/2098 2326/3108/2128
f 2315/3109/2111 2310/3105/2126 2314/3110/2112
f 2323/3095/2119 2311/3111/2129 2335/3106/2127
f 2321/3093/2117 2334/3112/2130 2333/3101/2121
f 2322/3096/2116 2335/3106/2127 2334/3113/2130
f 2327/3097/2120 2331/3114/2131 2330/3115/2124
f 2328/3116/2132 2332/3103/2125 2331/3117/2131
f 2316/3090/2114 2332/3118/2125 2315/3087/2111
f 2317/3100/2123 2331/3119/2131 2316/3090/2114
f 2325/3120/2133 2335/3106/2127 2326/3108/2128
f 2324/3099/2122 2334/3121/2130 2325/3122/2133
f 2329/3123/2134 2336/3124/2095 2309/3104/2095
f 2338/3125/2135 2329/3123/2134 2328/3116/2132
f 2339/3126/2136 2328/3127/2132 2327/3097/2120
f 2324/3099/2122 2339/3126/2136 2327/3097/2120
f 2340/3128/2137 2325/3122/2133 2341/3129/2138
f 2341/3130/2138 2326/3108/2128 2342/3131/2139
f 2343/3132/2098 2326/3108/2128 2308/3107/2098
f 2350/3133/2140 2352/3134/2141 2351/3135/2142
f 2349/3136/2143 2353/3137/2144 2352/3134/2141
f 2355/3138/2145 2357/3139/2146 2356/3140/2147
f 2354/3141/2148 2358/3142/2149 2355/3138/2145
f 2351/3143/2142 2354/3141/2148 2350/3144/2140
f 2351/3143/2142 2369/3145/2150 2359/3146/2151
f 2366/3147/2152 2360/3148/2153 2369/3149/2150
f 2353/3137/2144 2346/3150/2154 2368/3151/2155
f 2357/3139/2146 2347/3140/2156 2356/3140/2147
f 2368/3151/2155 2345/3152/2157 2365/3153/2158
f 2371/3154/2159 2344/3155/2160 2347/3140/2156
f 2351/3135/2142 2367/3156/2161 2366/3157/2152
f 2352/3134/2141 2368/3151/2155 2367/3156/2161
f 2360/3148/2153 2370/3158/2162 2369/3149/2150
f 2361/3159/2163 2371/3154/2159 2370/3160/2162
f 2364/3161/2164 2368/3151/2155 2365/3153/2158
f 2363/3162/2165 2367/3163/2161 2364/3164/2164
f 2358/3142/2149 2371/3154/2159 2357/3139/2146
f 2359/3146/2151 2370/3160/2162 2358/3142/2149
f 2362/3165/2166 2372/3166/2160 2344/3155/2160
f 2362/3165/2166 2374/3167/2167 2373/3168/2168
f 2361/3169/2163 2375/3170/2169 2374/3171/2167
f 2376/3172/2170 2360/3148/2153 2363/3162/2165
f 2364/3164/2164 2376/3172/2170 2363/3162/2165
f 2365/3153/2158 2377/3173/2171 2364/3161/2164
f 2379/3174/2157 2365/3153/2158 2345/3152/2157
f 2385/3175/2172 2387/3176/2173 2386/3177/2174
f 2384/3178/2175 2388/3179/2176 2385/3175/2172
f 2392/3180/2177 2394/3181/2178 2393/3182/2179
f 2391/3183/2180 2395/3184/2181 2394/3181/2178
f 2393/3185/2179 2384/3178/2175 2392/3186/2177
f 2399/3187/2182 2405/3188/2183 2396/3189/2184
f 2402/3190/2185 2393/3185/2179 2405/3191/2183
f 2404/3192/2186 2381/3193/2187 2382/3177/2188
f 2407/3194/2189 2380/3195/2190 2398/3196/2191
f 2387/3176/2173 2382/3177/2188 2386/3177/2174
f 2395/3184/2181 2383/3197/2192 2407/3194/2189
f 2393/3182/2179 2406/3198/2193 2405/3199/2183
f 2394/3181/2178 2407/3194/2189 2406/3198/2193
f 2399/3187/2182 2403/3200/2194 2402/3201/2185
f 2400/3202/2195 2404/3192/2186 2403/3203/2194
f 2388/3179/2176 2404/3192/2186 2387/3176/2173
f 2389/3204/2196 2403/3203/2194 2388/3179/2176
f 2397/3205/2197 2407/3194/2189 2398/3196/2191
f 2396/3189/2184 2406/3206/2193 2397/3207/2197
f 2401/3208/2198 2408/3209/2157 2381/3193/2187
f 2410/3210/2199 2401/3208/2198 2400/3202/2195
f 2411/3211/2200 2400/3212/2195 2399/3187/2182
f 2396/3189/2184 2411/3211/2200 2399/3187/2182
f 2412/3213/2201 2397/3207/2197 2413/3214/2202
f 2413/3215/2202 2398/3196/2191 2414/3216/2203
f 2415/3217/2160 2398/3196/2191 2380/3195/2190
f 2422/3218/2204 2424/3219/2205 2423/3220/2206
f 2421/3221/2207 2425/3222/2208 2424/3223/2205
f 2427/3224/2209 2429/3225/2210 2428/3226/2211
f 2426/3227/2212 2430/3228/2213 2427/3224/2209
f 2423/3220/2206 2426/3229/2212 2422/3218/2204
f 2438/3230/2214 2431/3231/2215 2423/3220/2206
f 2435/3232/2216 2441/3233/2217 2438/3234/2214
f 2425/3222/2208 2418/3235/2218 2440/3236/2219
f 2429/3225/2210 2419/3237/2220 2428/3226/2211
f 2440/3236/2219 2417/3238/2221 2437/3239/2222
f 2443/3240/2223 2416/3241/2224 2419/3237/2220
f 2423/3220/2206 2439/3242/2225 2438/3230/2214
f 2424/3223/2205 2440/3236/2219 2439/3243/2225
f 2432/3244/2226 2442/3245/2227 2441/3233/2217
f 2433/3246/2228 2443/3240/2223 2442/3247/2227
f 2436/3248/2229 2440/3236/2219 2437/3239/2222
f 2435/3232/2216 2439/3249/2225 2436/3250/2229
f 2430/3228/2213 2443/3240/2223 2429/3225/2210
f 2431/3251/2215 2442/3247/2227 2430/3228/2213
f 2434/3252/2230 2444/3253/2224 2416/3241/2224
f 2434/3252/2230 2446/3254/2231 2445/3255/2232
f 2433/3256/2228 2447/3257/2233 2446/3258/2231
f 2448/3259/2234 2432/3244/2226 2435/3232/2216
f 2436/3250/2229 2448/3259/2234 2435/3232/2216
f 2437/3239/2222 2449/3260/2235 2436/3248/2229
f 2451/3261/2221 2437/3239/2222 2417/3238/2221
f 2457/3262/2236 2459/3263/2237 2458/3264/2238
f 2456/3265/2239 2460/3266/2240 2457/3262/2236
f 2464/3267/2241 2466/3268/2242 2465/3269/2243
f 2463/3270/2244 2467/3271/2245 2466/3272/2242
f 2465/3269/2243 2456/3273/2239 2464/3267/2241
f 2474/3274/2246 2468/3275/2247 2471/3276/2248
f 2461/3277/2249 2477/3278/2250 2474/3279/2246
f 2476/3280/2251 2453/3281/2221 2454/3264/2252
f 2479/3282/2253 2452/3283/2224 2470/3284/2254
f 2459/3263/2237 2454/3264/2252 2458/3264/2238
f 2467/3271/2245 2455/3285/2255 2479/3282/2253
f 2465/3269/2243 2478/3286/2256 2477/3278/2250
f 2466/3272/2242 2479/3282/2253 2478/3287/2256
f 2471/3276/2248 2475/3288/2257 2474/3274/2246
f 2472/3289/2258 2476/3280/2251 2475/3290/2257
f 2460/3266/2240 2476/3280/2251 2459/3263/2237
f 2461/3291/2249 2475/3290/2257 2460/3266/2240
f 2469/3292/2259 2479/3282/2253 2470/3284/2254
f 2468/3275/2247 2478/3293/2256 2469/3294/2259
f 2471/3276/2248 2483/3295/2260 2484/3296/2261
f 2480/3297/2224 2470/3284/2254 2452/3283/2224
f 2473/3298/2262 2487/3299/2221 2453/3281/2221
f 2482/3300/2231 2470/3284/2254 2481/3301/2232
f 2483/3295/2260 2469/3294/2259 2482/3302/2231
f 2484/3296/2261 2472/3303/2258 2471/3276/2248
f 2485/3304/2263 2473/3298/2262 2472/3289/2258
f 2494/3305/2264 2496/3306/2265 2495/3307/2266
f 2493/3308/2267 2497/3309/2268 2496/3310/2265
f 2499/3311/2269 2501/3312/2270 2500/3313/2271
f 2498/3314/2272 2502/3315/2273 2499/3311/2269
f 2495/3307/2266 2498/3316/2272 2494/3305/2264
f 2510/3317/2274 2503/3318/2275 2495/3307/2266
f 2507/3319/2276 2513/3320/2277 2510/3321/2274
f 2497/3309/2268 2490/3322/2278 2512/3323/2279
f 2501/3312/2270 2491/3324/2280 2500/3313/2271
f 2512/3323/2279 2489/3325/2281 2509/3326/2282
f 2515/3327/2283 2488/3328/2284 2491/3324/2280
f 2495/3307/2266 2511/3329/2285 2510/3317/2274
f 2496/3310/2265 2512/3323/2279 2511/3330/2285
f 2504/3331/2286 2514/3332/2287 2513/3320/2277
f 2505/3333/2288 2515/3327/2283 2514/3334/2287
f 2508/3335/2289 2512/3323/2279 2509/3326/2282
f 2507/3319/2276 2511/3336/2285 2508/3337/2289
f 2502/3315/2273 2515/3327/2283 2501/3312/2270
f 2503/3338/2275 2514/3334/2287 2502/3315/2273
f 2506/3339/2290 2516/3340/2284 2488/3328/2284
f 2506/3339/2290 2518/3341/2291 2517/3342/2292
f 2505/3343/2288 2519/3344/2293 2518/3345/2291
f 2520/3346/2294 2504/3331/2286 2507/3319/2276
f 2508/3337/2289 2520/3346/2294 2507/3319/2276
f 2509/3326/2282 2521/3347/2295 2508/3335/2289
f 2523/3348/2281 2509/3326/2282 2489/3325/2281
f 2529/3349/2296 2531/3350/2297 2530/3351/2298
f 2528/3352/2299 2532/3353/2300 2529/3349/2296
f 2536/3354/2301 2538/3355/2302 2537/3356/2303
f 2535/3357/2304 2539/3358/2305 2538/3359/2302
f 2537/3356/2303 2528/3360/2299 2536/3354/2301
f 2546/3361/2306 2540/3362/2307 2543/3363/2308
f 2533/3364/2309 2549/3365/2310 2546/3366/2306
f 2548/3367/2311 2525/3368/2281 2526/3369/2312
f 2551/3370/2313 2524/3371/2284 2542/3372/2314
f 2531/3350/2297 2526/3369/2312 2530/3351/2298
f 2539/3358/2305 2527/3373/2315 2551/3370/2313
f 2537/3356/2303 2550/3374/2316 2549/3365/2310
f 2538/3359/2302 2551/3370/2313 2550/3375/2316
f 2543/3363/2308 2547/3376/2317 2546/3361/2306
f 2544/3377/2318 2548/3367/2311 2547/3378/2317
f 2532/3353/2300 2548/3367/2311 2531/3350/2297
f 2533/3379/2309 2547/3378/2317 2532/3353/2300
f 2541/3380/2319 2551/3370/2313 2542/3372/2314
f 2540/3362/2307 2550/3381/2316 2541/3382/2319
f 2540/3362/2307 2556/3383/2294 2543/3363/2308
f 2552/3384/2284 2542/3372/2314 2524/3371/2284
f 2545/3385/2320 2559/3386/2281 2525/3368/2281
f 2554/3387/2291 2542/3372/2314 2553/3388/2292
f 2555/3389/2293 2541/3382/2319 2554/3390/2291
f 2556/3383/2294 2544/3391/2318 2543/3363/2308
f 2557/3392/2295 2545/3385/2320 2544/3377/2318
f 2566/3393/2321 2568/3394/2322 2567/3395/2323
f 2565/3396/2324 2569/3397/2325 2568/3394/2322
f 2571/3398/2326 2573/3399/2327 2572/3400/2328
f 2570/3401/2329 2574/3402/2330 2571/3403/2326
f 2567/3404/2323 2570/3401/2329 2566/3405/2321
f 2567/3404/2323 2585/3406/2331 2575/3407/2332
f 2582/3408/2333 2576/3409/2334 2585/3410/2331
f 2569/3397/2325 2562/3411/2335 2584/3412/2336
f 2573/3399/2327 2563/3413/2337 2572/3400/2328
f 2584/3412/2336 2561/3414/75 2581/3415/2338
f 2587/3416/2339 2560/3417/78 2563/3413/2337
f 2567/3395/2323 2583/3418/2340 2582/3419/2333
f 2568/3394/2322 2584/3412/2336 2583/3418/2340
f 2576/3409/2334 2586/3420/2341 2585/3410/2331
f 2577/3421/2342 2587/3416/2339 2586/3422/2341
f 2580/3423/2343 2584/3412/2336 2581/3415/2338
f 2579/3424/2344 2583/3425/2340 2580/3426/2343
f 2574/3427/2330 2587/3416/2339 2573/3399/2327
f 2575/3407/2332 2586/3428/2341 2574/3402/2330
f 2578/3429/2345 2588/3430/78 2560/3417/78
f 2578/3429/2345 2590/3431/88 2589/3432/2346
f 2577/3433/2342 2591/3434/85 2590/3435/88
f 2591/3434/85 2579/3424/2344 2592/3436/86
f 2580/3426/2343 2592/3436/86 2579/3424/2344
f 2581/3415/2338 2593/3437/90 2580/3423/2343
f 2595/3438/75 2581/3415/2338 2561/3414/75
f 2603/3439/2347 2601/3440/2348 2602/3441/2349
f 2604/3442/2350 2600/3443/2351 2601/3444/2348
f 2608/3445/2352 2610/3446/2353 2607/3447/2354
f 2607/3448/2354 2611/3449/2355 2606/3450/2356
f 2600/3443/2351 2609/3451/2357 2608/3445/2352
f 2612/3452/2358 2618/3453/2359 2615/3454/2360
f 2621/3455/2361 2605/3456/2362 2618/3457/2359
f 2620/3458/2363 2597/3459/2129 2617/3460/2364
f 2596/3461/2365 2623/3462/2366 2614/3463/2367
f 2603/3439/2347 2598/3441/2368 2620/3458/2363
f 2599/3450/2369 2611/3449/2355 2623/3462/2366
f 2609/3451/2357 2622/3464/2370 2610/3446/2353
f 2610/3465/2353 2623/3462/2366 2611/3449/2355
f 2615/3454/2360 2619/3466/2371 2616/3467/2372
f 2616/3468/2372 2620/3458/2363 2617/3460/2364
f 2620/3458/2363 2604/3469/2350 2603/3439/2347
f 2619/3470/2371 2605/3456/2362 2604/3442/2350
f 2623/3462/2366 2613/3471/2373 2614/3463/2367
f 2622/3472/2370 2612/3452/2358 2613/3473/2373
f 2615/3454/2360 2627/3474/2374 2612/3452/2358
f 2624/3475/2365 2614/3463/2367 2625/3476/2375
f 2617/3460/2364 2631/3477/2129 2630/3478/2376
f 2614/3463/2367 2626/3479/2377 2625/3476/2375
f 2613/3473/2373 2627/3474/2374 2626/3480/2377
f 2628/3481/2378 2616/3467/2372 2629/3482/2379
f 2629/3483/2379 2617/3460/2364 2630/3478/2376
f 2638/3484/2380 2640/3485/2381 2637/3486/2382
f 2637/3487/2382 2641/3488/2383 2636/3489/2384
f 2645/3490/2385 2643/3491/2386 2644/3492/2387
f 2646/3493/2388 2642/3494/2389 2643/3491/2386
f 2642/3494/2389 2639/3495/2390 2638/3484/2380
f 2647/3496/2391 2654/3497/2392 2639/3495/2390
f 2654/3498/2392 2648/3499/2393 2651/3500/2394
f 2634/3489/2395 2641/3488/2383 2656/3501/2396
f 2645/3502/2385 2635/3503/2397 2659/3504/2398
f 2633/3505/2399 2656/3501/2396 2653/3506/2400
f 2659/3504/2398 2632/3507/2401 2650/3508/2402
f 2639/3495/2390 2655/3509/2403 2640/3485/2381
f 2640/3510/2381 2656/3501/2396 2641/3488/2383
f 2648/3499/2393 2658/3511/2404 2649/3512/2405
f 2649/3513/2405 2659/3514/2398 2650/3515/2402
f 2656/3501/2396 2652/3516/2406 2653/3506/2400
f 2655/3517/2403 2651/3500/2394 2652/3518/2406
f 2659/3514/2398 2646/3493/2388 2645/3490/2385
f 2658/3519/2404 2647/3496/2391 2646/3493/2388
f 2650/3508/2402 2660/3520/2401 2661/3521/2407
f 2650/3508/2402 2662/3522/2408 2649/3523/2405
f 2649/3512/2405 2663/3524/2409 2648/3499/2393
f 2664/3525/2410 2648/3499/2393 2663/3524/2409
f 2664/3525/2410 2652/3518/2406 2651/3500/2394
f 2665/3526/2411 2653/3506/2400 2652/3516/2406
f 2667/3527/2399 2653/3506/2400 2666/3528/2412
f 2675/3529/2413 2673/3530/2414 2674/3531/2415
f 2676/3532/2416 2672/3533/2417 2673/3530/2414
f 2680/3534/2418 2682/3535/2419 2679/3536/2420
f 2679/3537/2420 2683/3538/2421 2678/3539/2422
f 2672/3533/2417 2681/3540/2423 2680/3534/2418
f 2684/3541/2424 2690/3542/2425 2687/3543/2426
f 2693/3544/2427 2677/3545/2428 2690/3546/2425
f 2692/3547/2429 2669/3548/2399 2689/3549/2430
f 2668/3550/2401 2695/3551/2431 2686/3552/2432
f 2675/3553/2413 2670/3554/2433 2692/3547/2429
f 2671/3539/2434 2683/3538/2421 2695/3551/2431
f 2681/3540/2423 2694/3555/2435 2682/3535/2419
f 2682/3556/2419 2695/3551/2431 2683/3538/2421
f 2687/3543/2426 2691/3557/2436 2688/3558/2437
f 2688/3559/2437 2692/3560/2429 2689/3561/2430
f 2692/3560/2429 2676/3532/2416 2675/3529/2413
f 2691/3562/2436 2677/3545/2428 2676/3532/2416
f 2695/3551/2431 2685/3563/2438 2686/3552/2432
f 2694/3564/2435 2684/3541/2424 2685/3565/2438
f 2687/3543/2426 2699/3566/2439 2684/3541/2424
f 2696/3567/2401 2686/3552/2432 2697/3568/2407
f 2689/3549/2430 2703/3569/2399 2702/3570/2412
f 2686/3552/2432 2698/3571/2408 2697/3568/2407
f 2685/3565/2438 2699/3566/2439 2698/3572/2408
f 2700/3573/2440 2688/3558/2437 2701/3574/2411
f 2701/3575/2411 2689/3549/2430 2702/3570/2412
f 2710/3576/2441 2712/3577/2442 2709/3578/2443
f 2709/3578/2443 2713/3579/2444 2708/3580/2445
f 2717/3581/2446 2715/3582/2447 2716/3583/2448
f 2718/3584/2449 2714/3585/2450 2715/3582/2447
f 2714/3585/2450 2711/3586/2451 2710/3587/2441
f 2719/3588/2452 2726/3589/2453 2711/3586/2451
f 2726/3590/2453 2720/3591/2454 2723/3592/2455
f 2706/3580/2456 2713/3579/2444 2728/3593/2457
f 2717/3581/2446 2707/3583/2458 2731/3594/2459
f 2705/3595/2460 2728/3593/2457 2725/3596/2461
f 2731/3594/2459 2704/3597/2462 2722/3598/2463
f 2711/3599/2451 2727/3600/2464 2712/3577/2442
f 2712/3577/2442 2728/3593/2457 2713/3579/2444
f 2720/3591/2454 2730/3601/2465 2721/3602/2466
f 2721/3603/2466 2731/3594/2459 2722/3598/2463
f 2728/3593/2457 2724/3604/2467 2725/3596/2461
f 2727/3605/2464 2723/3592/2455 2724/3606/2467
f 2731/3594/2459 2718/3584/2449 2717/3581/2446
f 2730/3607/2465 2719/3588/2452 2718/3584/2449
f 2722/3598/2463 2732/3608/2462 2733/3609/2468
f 2722/3598/2463 2734/3610/2469 2721/3603/2466
f 2721/3602/2466 2735/3611/2470 2720/3591/2454
f 2723/3592/2455 2735/3611/2470 2736/3612/2471
f 2736/3612/2471 2724/3606/2467 2723/3592/2455
f 2737/3613/2472 2725/3596/2461 2724/3604/2467
f 2739/3614/2473 2725/3596/2461 2738/3615/2474
f 2747/3616/2475 2745/3617/2476 2746/3618/2477
f 2748/3619/2478 2744/3620/2479 2745/3617/2476
f 2752/3621/2480 2754/3622/2481 2751/3623/2482
f 2751/3623/2482 2755/3624/2483 2750/3625/2484
f 2744/3620/2479 2753/3626/2485 2752/3627/2480
f 2759/3628/2486 2765/3629/2487 2762/3630/2488
f 2762/3631/2488 2753/3626/2485 2749/3632/2489
f 2764/3633/2490 2741/3634/2473 2761/3635/2491
f 2740/3636/2462 2767/3637/2492 2758/3638/2493
f 2747/3616/2475 2742/3618/2494 2764/3633/2490
f 2743/3639/2495 2755/3624/2483 2767/3637/2492
f 2753/3640/2485 2766/3641/2496 2754/3622/2481
f 2754/3622/2481 2767/3637/2492 2755/3624/2483
f 2759/3628/2486 2763/3642/2497 2760/3643/2498
f 2760/3644/2498 2764/3633/2490 2761/3635/2491
f 2764/3633/2490 2748/3619/2478 2747/3616/2475
f 2763/3645/2497 2749/3632/2489 2748/3619/2478
f 2767/3637/2492 2757/3646/2499 2758/3638/2493
f 2766/3647/2496 2756/3648/2500 2757/3649/2499
f 2772/3650/2501 2756/3648/2500 2759/3628/2486
f 2768/3651/2462 2758/3638/2493 2769/3652/2502
f 2761/3635/2491 2775/3653/2473 2774/3654/2503
f 2758/3638/2493 2770/3655/2504 2769/3652/2502
f 2757/3649/2499 2771/3656/2505 2770/3657/2504
f 2772/3650/2501 2760/3643/2498 2773/3658/2506
f 2773/3659/2506 2761/3635/2491 2774/3654/2503
f 2782/3660/2507 2784/3661/2508 2781/3662/2509
f 2781/3662/2509 2785/3663/2510 2780/3664/2511
f 2789/3665/2512 2787/3666/2513 2788/3667/2514
f 2790/3668/2515 2786/3669/2516 2787/3666/2513
f 2786/3669/2516 2783/3670/2517 2782/3671/2507
f 2783/3672/2517 2801/3673/2518 2798/3674/2519
f 2798/3675/2519 2792/3676/2520 2795/3677/2521
f 2778/3664/2522 2785/3663/2510 2800/3678/2523
f 2789/3665/2512 2779/3667/2524 2803/3679/2525
f 2777/3680/2526 2800/3678/2523 2797/3681/2527
f 2803/3679/2525 2776/3682/2528 2794/3683/2529
f 2783/3672/2517 2799/3684/2530 2784/3661/2508
f 2784/3661/2508 2800/3678/2523 2785/3663/2510
f 2792/3676/2520 2802/3685/2531 2793/3686/2532
f 2793/3687/2532 2803/3679/2525 2794/3683/2529
f 2800/3678/2523 2796/3688/2533 2797/3681/2527
f 2799/3689/2530 2795/3677/2521 2796/3690/2533
f 2803/3679/2525 2790/3668/2515 2789/3665/2512
f 2802/3691/2531 2791/3692/2534 2790/3668/2515
f 2794/3683/2529 2804/3693/2528 2805/3694/2535
f 2794/3683/2529 2806/3695/2536 2793/3687/2532
f 2793/3686/2532 2807/3696/2537 2792/3676/2520
f 2808/3697/2538 2792/3676/2520 2807/3696/2537
f 2808/3697/2538 2796/3690/2533 2795/3677/2521
f 2809/3698/2539 2797/3681/2527 2796/3688/2533
f 2811/3699/2526 2797/3681/2527 2810/3700/2540
f 2819/3701/2541 2817/3702/2542 2818/3703/2543
f 2820/3704/2544 2816/3705/2545 2817/3702/2542
f 2824/3706/2546 2826/3707/2547 2823/3708/2548
f 2823/3708/2548 2827/3709/2549 2822/3710/2550
f 2816/3705/2545 2825/3711/2551 2824/3712/2546
f 2831/3713/2552 2837/3714/2553 2834/3715/2554
f 2837/3716/2553 2821/3717/2555 2834/3718/2554
f 2836/3719/2556 2813/3720/2526 2833/3721/2557
f 2812/3722/2528 2839/3723/2558 2830/3724/2559
f 2819/3701/2541 2814/3725/2560 2836/3719/2556
f 2815/3710/2561 2827/3709/2549 2839/3723/2558
f 2825/3726/2551 2838/3727/2562 2826/3707/2547
f 2826/3707/2547 2839/3723/2558 2827/3709/2549
f 2831/3713/2552 2835/3728/2563 2832/3729/2564
f 2832/3730/2564 2836/3719/2556 2833/3721/2557
f 2836/3719/2556 2820/3704/2544 2819/3701/2541
f 2835/3731/2563 2821/3732/2555 2820/3704/2544
f 2839/3723/2558 2829/3733/2565 2830/3724/2559
f 2838/3734/2562 2828/3735/2566 2829/3736/2565
f 2831/3713/2552 2843/3737/2567 2828/3735/2566
f 2840/3738/2528 2830/3724/2559 2841/3739/2568
f 2833/3721/2557 2847/3740/2526 2846/3741/2569
f 2830/3724/2559 2842/3742/2570 2841/3739/2568
f 2829/3736/2565 2843/3737/2567 2842/3743/2570
f 2844/3744/2571 2832/3729/2564 2845/3745/2572
f 2845/3746/2572 2833/3721/2557 2846/3741/2569
f 2854/3747/2573 2856/3748/2574 2853/3749/2188
f 2853/3750/2188 2857/3751/2575 2852/3752/2576
f 2861/3753/2577 2859/3754/2578 2860/3755/2579
f 2862/3756/2580 2858/3757/2581 2859/3758/2578
f 2858/3757/2581 2855/3759/2582 2854/3747/2573
f 2855/3759/2582 2873/3760/2583 2870/3761/2584
f 2870/3762/2584 2864/3763/2585 2867/3764/2586
f 2850/3765/2587 2857/3751/2575 2872/3766/2588
f 2861/3753/2577 2851/3755/2589 2875/3767/2590
f 2849/3768/304 2872/3766/2588 2869/3769/2591
f 2875/3767/2590 2848/3770/285 2866/3771/2592
f 2855/3759/2582 2871/3772/2593 2856/3748/2574
f 2856/3773/2574 2872/3766/2588 2857/3751/2575
f 2864/3763/2585 2874/3774/2594 2865/3775/2595
f 2865/3776/2595 2875/3767/2590 2866/3771/2592
f 2872/3766/2588 2868/3777/2596 2869/3769/2591
f 2871/3778/2593 2867/3764/2586 2868/3779/2596
f 2875/3767/2590 2862/3780/2580 2861/3753/2577
f 2874/3781/2594 2863/3782/2597 2862/3756/2580
f 2866/3771/2592 2876/3783/285 2877/3784/2598
f 2866/3771/2592 2878/3785/2599 2865/3776/2595
f 2865/3775/2595 2879/3786/2600 2864/3763/2585
f 2867/3764/2586 2879/3786/2600 2880/3787/2601
f 2880/3787/2601 2868/3779/2596 2867/3764/2586
f 2881/3788/2602 2869/3769/2591 2868/3777/2596
f 2883/3789/304 2869/3769/2591 2882/3790/2603
f 2891/3791/2604 2889/3792/2605 2890/3793/2606
f 2892/3794/2607 2888/3795/2608 2889/3796/2605
f 2896/3797/2609 2898/3798/2610 2895/3799/2192
f 2895/3800/2192 2899/3801/2611 2894/3802/2612
f 2888/3795/2608 2897/3803/2613 2896/3797/2609
f 2903/3804/2614 2909/3805/2615 2906/3806/2616
f 2909/3807/2615 2893/3808/2617 2906/3809/2616
f 2908/3810/2618 2885/3811/304 2905/3812/2619
f 2884/3813/285 2911/3814/2620 2902/3815/2621
f 2891/3791/2604 2886/3793/2622 2908/3810/2618
f 2887/3802/2623 2899/3801/2611 2911/3814/2620
f 2897/3803/2613 2910/3816/2624 2898/3798/2610
f 2898/3817/2610 2911/3814/2620 2899/3801/2611
f 2903/3804/2614 2907/3818/2625 2904/3819/2626
f 2904/3820/2626 2908/3810/2618 2905/3812/2619
f 2908/3810/2618 2892/3821/2607 2891/3791/2604
f 2907/3822/2625 2893/3808/2617 2892/3794/2607
f 2911/3814/2620 2901/3823/2627 2902/3815/2621
f 2910/3824/2624 2900/3825/2628 2901/3826/2627
f 2905/3812/2619 2912/3827/304 2913/3828/2629
f 2914/3829/2630 2905/3812/2619 2913/3828/2629
f 2915/3830/2631 2904/3819/2626 2914/3831/2630
f 2915/3830/2631 2900/3825/2628 2903/3804/2614
f 2901/3826/2627 2916/3832/2632 2917/3833/2633
f 2902/3815/2621 2917/3834/2633 2918/3835/2634
f 2919/3836/285 2902/3815/2621 2918/3835/2634
f 2926/3837/2635 2928/3838/2636 2925/3839/2637
f 2925/3840/2637 2929/3841/2638 2924/3842/2639
f 2933/3843/2640 2931/3844/2641 2932/3845/2642
f 2934/3846/2643 2930/3847/2644 2931/3844/2641
f 2930/3848/2644 2927/3849/2645 2926/3837/2635
f 2935/3850/2646 2942/3851/2647 2927/3849/2645
f 2945/3852/2648 2939/3853/2649 2942/3854/2647
f 2922/3842/2650 2929/3841/2638 2944/3855/2651
f 2933/3843/2640 2923/3845/2652 2947/3856/2653
f 2921/3857/2654 2944/3855/2651 2941/3858/2655
f 2947/3856/2653 2920/3859/2656 2938/3860/2657
f 2927/3849/2645 2943/3861/2658 2928/3838/2636
f 2928/3862/2636 2944/3855/2651 2929/3841/2638
f 2936/3863/2659 2946/3864/2660 2937/3865/2661
f 2937/3866/2661 2947/3856/2653 2938/3860/2657
f 2944/3855/2651 2940/3867/2662 2941/3858/2655
f 2943/3868/2658 2939/3853/2649 2940/3869/2662
f 2947/3856/2653 2934/3846/2643 2933/3843/2640
f 2946/3870/2660 2935/3871/2646 2934/3846/2643
f 2938/3860/2657 2948/3872/2656 2949/3873/2663
f 2938/3860/2657 2950/3874/2664 2937/3866/2661
f 2937/3865/2661 2951/3875/2665 2936/3863/2659
f 2952/3876/2666 2936/3863/2659 2951/3875/2665
f 2952/3876/2666 2940/3869/2662 2939/3853/2649
f 2953/3877/2667 2941/3858/2655 2940/3867/2662
f 2955/3878/2654 2941/3858/2655 2954/3879/2668
f 2963/3880/2669 2961/3881/2670 2962/3882/2671
f 2964/3883/2672 2960/3884/2673 2961/3881/2670
f 2968/3885/2674 2970/3886/2675 2967/3887/2676
f 2967/3888/2676 2971/3889/2677 2966/3890/2678
f 2960/3891/2673 2969/3892/2679 2968/3885/2674
f 2972/3893/2680 2978/3894/2681 2975/3895/2682
f 2981/3896/2683 2965/3897/2684 2978/3898/2681
f 2980/3899/2685 2957/3900/2654 2977/3901/2686
f 2956/3902/2656 2983/3903/2687 2974/3904/2688
f 2963/3880/2669 2958/3882/2689 2980/3899/2685
f 2959/3890/2690 2971/3889/2677 2983/3903/2687
f 2969/3892/2679 2982/3905/2691 2970/3886/2675
f 2970/3906/2675 2983/3903/2687 2971/3889/2677
f 2975/3895/2682 2979/3907/2692 2976/3908/2693
f 2976/3909/2693 2980/3899/2685 2977/3901/2686
f 2980/3899/2685 2964/3883/2672 2963/3880/2669
f 2979/3910/2692 2965/3911/2684 2964/3883/2672
f 2983/3903/2687 2973/3912/2694 2974/3904/2688
f 2982/3913/2691 2972/3893/2680 2973/3914/2694
f 2975/3895/2682 2987/3915/2695 2972/3893/2680
f 2984/3916/2656 2974/3904/2688 2985/3917/2696
f 2977/3901/2686 2991/3918/2654 2990/3919/2697
f 2974/3904/2688 2986/3920/2698 2985/3917/2696
f 2973/3914/2694 2987/3915/2695 2986/3921/2698
f 2988/3922/2699 2976/3908/2693 2989/3923/2700
f 2989/3924/2700 2977/3901/2686 2990/3919/2697
f 3012/3925/2701 2993/3926/279 2992/3927/277
f 3014/3928/2702 2994/3929/283 2993/3930/279
f 2994/3929/283 3018/3931/2703 2995/3932/286
f 2995/3932/286 3020/3933/2704 2996/3934/285
f 2996/3934/285 3022/3935/2705 2997/3936/290
f 3022/3935/2705 2998/3937/289 2997/3936/290
f 3024/3938/2706 2999/3939/291 2998/3937/289
f 3026/3940/2707 3000/3941/293 2999/3942/291
f 3028/3943/2708 3001/3944/255 3000/3941/293
f 3001/3944/255 3032/3945/2709 3002/3946/299
f 3002/3946/299 3034/3947/2710 3003/3948/298
f 3003/3949/298 3036/3950/2711 3004/3951/300
f 3004/3951/300 3038/3952/2712 3005/3953/302
f 3038/3952/2712 3006/3954/304 3005/3953/302
f 3040/3955/2713 3007/3956/271 3006/3954/304
f 3042/3957/2714 3008/3958/269 3007/3956/271
f 3044/3959/2715 3009/3960/2716 3008/3958/269
f 3046/3961/2717 3010/3962/276 3009/3963/2716
f 3048/3964/2718 3011/3965/257 3010/3962/276
f 3050/3966/2719 2992/3927/277 3011/3965/257
f 3113/3967/2720 3114/3968/159 3112/3969/2721
f 3112/3969/2721 3114/3968/159 3115/3970/2722
f 3115/3970/2722 3114/3968/159 3116/3971/2723
f 3116/3971/2723 3114/3968/159 3117/3972/2724
f 3117/3972/2724 3114/3968/159 3118/3973/2725
f 3118/3973/2725 3114/3968/159 3119/3974/2726
f 3119/3974/2726 3114/3968/159 3120/3975/2727
f 3120/3975/2727 3114/3968/159 3121/3976/2728
f 3121/3976/2728 3114/3968/159 3122/3977/2729
f 3122/3977/2729 3114/3968/159 3123/3978/2730
f 3123/3978/2730 3114/3968/159 3124/3979/2731
f 3124/3979/2731 3114/3968/159 3125/3980/2732
f 3125/3980/2732 3114/3968/159 3126/3981/2733
f 3126/3981/2733 3114/3968/159 3127/3982/2734
f 3127/3982/2734 3114/3968/159 3128/3983/2735
f 3128/3983/2735 3114/3968/159 3129/3984/2736
f 3129/3984/2736 3114/3968/159 3130/3985/2737
f 3130/3985/2737 3114/3968/159 3131/3986/2738
f 3131/3986/2738 3114/3968/159 3132/3987/2739
f 3132/3987/2739 3114/3968/159 3113/3967/2720
f 3012/3925/2701 3051/3988/2740 3013/3989/2741
f 3015/3990/2742 3012/3925/2701 3013/3989/2741
f 3017/3991/2743 3014/3928/2702 3015/3992/2742
f 3019/3993/2744 3016/3994/2745 3017/3991/2743
f 3021/3995/2746 3018/3931/2703 3019/3993/2744
f 3023/3996/2747 3020/3933/2704 3021/3995/2746
f 3025/3997/2748 3022/3935/2705 3023/3996/2747
f 3025/3997/2748 3026/3998/2707 3024/3938/2706
f 3027/3999/2749 3028/3943/2708 3026/3940/2707
f 3031/4000/2750 3028/3943/2708 3029/4001/2751
f 3033/4002/2752 3030/4003/2753 3031/4000/2750
f 3035/4004/2754 3032/3945/2709 3033/4002/2752
f 3035/4005/2754 3036/3950/2711 3034/4006/2710
f 3039/4007/2755 3036/3950/2711 3037/4008/2756
f 3041/4009/2757 3038/3952/2712 3039/4007/2755
f 3041/4009/2757 3042/3957/2714 3040/3955/2713
f 3043/4010/2758 3044/3959/2715 3042/3957/2714
f 3045/4011/2759 3046/4012/2717 3044/3959/2715
f 3047/4013/2760 3048/3964/2718 3046/3961/2717
f 3049/4014/2761 3050/3966/2719 3048/3964/2718
f 3074/4015/2762 3073/4016/2763 3072/4017/2764
f 3073/4016/2763 3076/4018/2765 3072/4017/2764
f 3074/4015/2762 3111/4019/2766 3075/4020/2767
f 3077/4021/2768 3078/4022/2769 3076/4018/2765
f 3081/4023/2770 3078/4022/2769 3079/4024/2771
f 3081/4023/2770 3082/4025/2772 3080/4026/2773
f 3085/4027/2774 3082/4025/2772 3083/4028/2775
f 3085/4027/2774 3086/4029/2776 3084/4030/2777
f 3089/4031/2778 3086/4029/2776 3087/4032/2779
f 3091/4033/2780 3088/4034/2781 3089/4031/2778
f 3091/4033/2780 3092/4035/2782 3090/4036/2783
f 3093/4037/2784 3094/4038/2785 3092/4035/2782
f 3097/4039/2786 3094/4038/2785 3095/4040/2787
f 3097/4039/2786 3098/4041/2788 3096/4042/2789
f 3101/4043/2790 3098/4041/2788 3099/4044/2791
f 3103/4045/2792 3100/4046/2793 3101/4043/2790
f 3103/4045/2792 3104/4047/2794 3102/4048/2795
f 3107/4049/2796 3104/4047/2794 3105/4050/2797
f 3109/4051/2798 3106/4052/2799 3107/4049/2796
f 3111/4019/2766 3108/4053/2800 3109/4051/2798
f 3013/4054/2741 3074/4015/2762 3072/4017/2764
f 3076/4018/2765 3013/4054/2741 3072/4017/2764
f 3078/4022/2769 3015/4055/2742 3076/4018/2765
f 3078/4022/2769 3019/4056/2744 3017/4057/2743
f 3080/4026/2773 3021/4058/2746 3019/4056/2744
f 3082/4025/2772 3023/4059/2747 3021/4058/2746
f 3084/4030/2777 3025/4060/2748 3023/4059/2747
f 3086/4029/2776 3027/4061/2749 3025/4060/2748
f 3088/4034/2781 3029/4062/2751 3027/4061/2749
f 3092/4035/2782 3029/4062/2751 3090/4036/2783
f 3092/4035/2782 3033/4063/2752 3031/4064/2750
f 3094/4038/2785 3035/4065/2754 3033/4063/2752
f 3096/4042/2789 3037/4066/2756 3035/4065/2754
f 3098/4041/2788 3039/4067/2755 3037/4066/2756
f 3102/4048/2795 3039/4067/2755 3100/4046/2793
f 3104/4047/2794 3041/4068/2757 3102/4048/2795
f 3106/4052/2799 3043/4069/2758 3104/4047/2794
f 3108/4053/2800 3045/4070/2759 3106/4052/2799
f 3110/4071/2801 3047/4072/2760 3108/4053/2800
f 3074/4015/2762 3049/4073/2761 3110/4071/2801
f 3053/4074/2802 3077/4021/2768 3073/4016/2763
f 3052/4075/2803 3079/4024/2771 3077/4021/2768
f 3054/4076/2804 3081/4023/2770 3079/4024/2771
f 3081/4023/2770 3056/4077/2805 3083/4028/2775
f 3056/4077/2805 3085/4027/2774 3083/4028/2775
f 3085/4027/2774 3058/4078/2806 3087/4032/2779
f 3087/4032/2779 3059/4079/2807 3089/4031/2778
f 3059/4079/2807 3091/4033/2780 3089/4031/2778
f 3091/4033/2780 3061/4080/2808 3093/4037/2784
f 3093/4037/2784 3062/4081/2809 3095/4040/2787
f 3062/4081/2809 3097/4039/2786 3095/4040/2787
f 3063/4082/2810 3099/4044/2791 3097/4039/2786
f 3099/4044/2791 3065/4083/2811 3101/4043/2790
f 3065/4083/2811 3103/4045/2792 3101/4043/2790
f 3066/4084/2812 3105/4050/2797 3103/4045/2792
f 3067/4085/2813 3107/4049/2796 3105/4050/2797
f 3107/4049/2796 3069/4086/2814 3109/4051/2798
f 3069/4086/2814 3111/4019/2766 3109/4051/2798
f 3070/4087/2815 3075/4020/2767 3111/4019/2766
f 3071/4088/2816 3073/4016/2763 3075/4020/2767
f 3135/4089/2817 3134/4090/2818 3133/4091/2819
f 3138/4092/2820 3133/4091/2819 3134/4090/2818
f 3171/4093/2821 3136/4094/2822 3135/4089/2817
f 3140/4095/2823 3137/4096/2824 3138/4092/2820
f 3140/4095/2823 3141/4097/2825 3139/4098/2826
f 3144/4099/2827 3141/4097/2825 3142/4100/2828
f 3144/4099/2827 3145/4101/2829 3143/4102/2830
f 3146/4103/2831 3147/4104/2832 3145/4101/2829
f 3148/4105/2833 3149/4106/2834 3147/4104/2832
f 3150/4107/2835 3151/4108/2836 3149/4106/2834
f 3152/4109/2837 3153/4110/2838 3151/4108/2836
f 3154/4111/2839 3155/4112/2840 3153/4110/2838
f 3158/4113/2841 3155/4112/2840 3156/4114/2842
f 3160/4115/2843 3157/4116/2844 3158/4113/2841
f 3160/4115/2843 3161/4117/2845 3159/4118/2846
f 3164/4119/2847 3161/4117/2845 3162/4120/2848
f 3164/4119/2847 3165/4121/2849 3163/4122/2850
f 3168/4123/2851 3165/4121/2849 3166/4124/2852
f 3170/4125/2853 3167/4126/2854 3168/4123/2851
f 3172/4127/2855 3169/4128/2856 3170/4125/2853
f 3053/4074/2802 3133/4091/2819 3052/4075/2803
f 3052/4075/2803 3137/4096/2824 3054/4076/2804
f 3054/4076/2804 3139/4098/2826 3055/4129/2857
f 3139/4098/2826 3056/4077/2805 3055/4129/2857
f 3056/4077/2805 3143/4102/2830 3057/4130/2858
f 3057/4130/2858 3145/4101/2829 3058/4078/2806
f 3145/4101/2829 3059/4079/2807 3058/4078/2806
f 3147/4104/2832 3060/4131/2859 3059/4079/2807
f 3060/4131/2859 3151/4108/2836 3061/4080/2808
f 3061/4080/2808 3153/4110/2838 3062/4081/2809
f 3062/4081/2809 3155/4112/2840 3063/4082/2810
f 3063/4082/2810 3157/4116/2844 3064/4132/2860
f 3157/4116/2844 3065/4083/2811 3064/4132/2860
f 3159/4118/2846 3066/4084/2812 3065/4083/2811
f 3066/4084/2812 3163/4122/2850 3067/4085/2813
f 3067/4085/2813 3165/4121/2849 3068/4133/2861
f 3165/4121/2849 3069/4086/2814 3068/4133/2861
f 3069/4086/2814 3169/4128/2856 3070/4087/2815
f 3070/4087/2815 3171/4093/2821 3071/4088/2816
f 3071/4088/2816 3135/4089/2817 3053/4074/2802
f 3136/4094/2822 3112/3969/2721 3134/4090/2818
f 3134/4090/2818 3115/3970/2722 3138/4092/2820
f 3138/4092/2820 3116/3971/2723 3140/4095/2823
f 3140/4095/2823 3117/3972/2724 3142/4100/2828
f 3142/4100/2828 3118/3973/2725 3144/4099/2827
f 3144/4099/2827 3119/3974/2726 3146/4103/2831
f 3119/3974/2726 3148/4105/2833 3146/4103/2831
f 3120/3975/2727 3150/4107/2835 3148/4105/2833
f 3121/3976/2728 3152/4109/2837 3150/4107/2835
f 3122/3977/2729 3154/4111/2839 3152/4109/2837
f 3123/3978/2730 3156/4114/2842 3154/4111/2839
f 3156/4114/2842 3125/3980/2732 3158/4113/2841
f 3158/4113/2841 3126/3981/2733 3160/4115/2843
f 3126/3981/2733 3162/4120/2848 3160/4115/2843
f 3162/4120/2848 3128/3983/2735 3164/4119/2847
f 3128/3983/2735 3166/4124/2852 3164/4119/2847
f 3129/3984/2736 3168/4123/2851 3166/4124/2852
f 3168/4123/2851 3131/3986/2738 3170/4125/2853
f 3170/4125/2853 3132/3987/2739 3172/4127/2855
f 3132/3987/2739 3136/4094/2822 3172/4127/2855
f 3173/4134/2862 3221/4135/2863 3223/4136/2864
f 3173/4137/2862 3190/4138/2865 3174/4139/2866
f 3175/4140/2867 3176/4141/2868 3177/4142/2869
f 3177/4142/2869 3178/4143/2870 3179/4144/2871
f 3179/4144/2871 3180/4145/2872 3181/4146/2873
f 3181/4146/2873 3182/4147/2874 3183/4148/2875
f 3183/4148/2875 3184/4149/2876 3185/4150/2877
f 3184/4149/2876 3186/4151/2878 3185/4150/2877
f 3188/4152/2879 3236/4153/2880 3186/4151/2878
f 3187/4154/2881 3202/4155/2882 3188/4156/2879
f 3191/4157/2883 3206/4158/2884 3189/4159/2885
f 3189/4159/2885 3192/4160/2886 3190/4161/2865
f 3193/4162/2887 3194/4163/2888 3192/4160/2886
f 3195/4164/2889 3196/4165/2890 3194/4163/2888
f 3197/4166/2891 3198/4167/2892 3196/4165/2890
f 3199/4168/2893 3200/4169/2894 3198/4167/2892
f 3200/4169/2894 3204/4170/2895 3203/4171/2896
f 3202/4172/2882 3219/4173/2897 3218/4174/2898
f 3207/4175/2899 3222/4176/2900 3205/4177/2901
f 3205/4178/2901 3208/4179/2902 3206/4158/2884
f 3209/4180/2903 3210/4181/2904 3208/4179/2902
f 3211/4182/2905 3212/4183/2906 3210/4181/2904
f 3212/4183/2906 3215/4184/2907 3214/4185/2908
f 3215/4184/2907 3216/4186/2909 3214/4185/2908
f 3216/4186/2909 3220/4187/2910 3219/4173/2897
f 3218/4188/2898 3235/4189/2911 3234/4190/2912
f 3221/4135/2863 3224/4191/2913 3222/4192/2900
f 3224/4191/2913 3227/4193/2914 3226/4194/2915
f 3226/4194/2915 3229/4195/2916 3228/4196/2917
f 3229/4195/2916 3230/4197/2918 3228/4196/2917
f 3230/4197/2918 3233/4198/2919 3232/4199/2920
f 3233/4198/2919 3235/4200/2911 3232/4199/2920
f 3176/4201/2868 3190/4138/2865 3192/4202/2886
f 3176/4201/2868 3194/4203/2888 3178/4204/2870
f 3178/4204/2870 3196/4205/2890 3180/4206/2872
f 3180/4206/2872 3198/4207/2892 3182/4208/2874
f 3182/4208/2874 3200/4209/2894 3184/4210/2876
f 3187/4154/2881 3200/4209/2894 3203/4211/2896
f 3189/4159/2885 3208/4179/2902 3193/4162/2887
f 3193/4162/2887 3210/4181/2904 3195/4164/2889
f 3195/4164/2889 3212/4183/2906 3197/4166/2891
f 3199/4168/2893 3212/4183/2906 3214/4185/2908
f 3199/4168/2893 3216/4186/2909 3201/4212/2921
f 3204/4170/2895 3216/4186/2909 3219/4173/2897
f 3205/4213/2901 3224/4214/2913 3209/4215/2903
f 3209/4215/2903 3226/4216/2915 3211/4217/2905
f 3211/4217/2905 3228/4218/2917 3213/4219/2922
f 3213/4219/2922 3230/4220/2918 3215/4221/2907
f 3215/4221/2907 3232/4222/2920 3217/4223/2923
f 3217/4223/2923 3235/4224/2911 3220/4225/2910
f 3221/4135/2863 3177/4142/2869 3225/4226/2924
f 3227/4193/2914 3177/4142/2869 3179/4144/2871
f 3229/4195/2916 3179/4144/2871 3181/4146/2873
f 3229/4195/2916 3183/4148/2875 3231/4227/2925
f 3233/4198/2919 3183/4148/2875 3185/4150/2877
f 3233/4198/2919 3186/4151/2878 3236/4153/2880
f 3173/4137/2862 3207/4228/2899 3191/4229/2883
f 3218/4230/2898 3188/4156/2879 3202/4155/2882
f 3173/4134/2862 3174/4231/2866 3175/4140/2867
f 3186/4232/2878 3187/4154/2881 3188/4156/2879
f 3189/4233/2885 3190/4138/2865 3191/4229/2883
f 3202/4172/2882 3203/4171/2896 3204/4170/2895
f 3205/4177/2901 3206/4234/2884 3207/4175/2899
f 3218/4188/2898 3219/4235/2897 3220/4236/2910
f 3221/4135/2863 3222/4192/2900 3223/4136/2864
f 3234/4237/2912 3235/4200/2911 3236/4153/2880
f 3243/4238/2926 3245/4239/2927 3242/4240/2928
f 3242/4240/2928 3246/4241/2929 3241/4242/2930
f 3250/4243/2931 3248/4244/2932 3249/4245/2933
f 3251/4246/2934 3247/4247/2935 3248/4244/2932
f 3247/4248/2935 3244/4249/2936 3243/4238/2926
f 3252/4250/2937 3259/4251/2938 3244/4252/2936
f 3259/4253/2938 3253/4254/2939 3256/4255/2940
f 3239/4242/2941 3246/4241/2929 3261/4256/2942
f 3250/4243/2931 3240/4245/2943 3264/4257/2944
f 3238/4258/2945 3261/4256/2942 3258/4259/2946
f 3264/4257/2944 3237/4260/2947 3255/4261/2948
f 3244/4249/2936 3260/4262/2949 3245/4239/2927
f 3245/4239/2927 3261/4256/2942 3246/4241/2929
f 3253/4254/2939 3263/4263/2950 3254/4264/2951
f 3254/4265/2951 3264/4257/2944 3255/4261/2948
f 3261/4256/2942 3257/4266/2952 3258/4259/2946
f 3260/4267/2949 3256/4255/2940 3257/4268/2952
f 3264/4257/2944 3251/4246/2934 3250/4243/2931
f 3263/4269/2950 3252/4250/2937 3251/4246/2934
f 3255/4261/2948 3265/4270/2947 3266/4271/2953
f 3255/4261/2948 3267/4272/2954 3254/4265/2951
f 3254/4264/2951 3268/4273/2955 3253/4254/2939
f 3256/4255/2940 3268/4273/2955 3269/4274/2956
f 3269/4274/2956 3257/4268/2952 3256/4255/2940
f 3270/4275/2957 3258/4259/2946 3257/4266/2952
f 3272/4276/2945 3258/4259/2946 3271/4277/2958
f 3280/4278/2959 3278/4279/2960 3279/4280/2961
f 3281/4281/2962 3277/4282/2963 3278/4279/2960
f 3285/4283/2964 3287/4284/2965 3284/4285/2966
f 3284/4285/2966 3288/4286/2967 3283/4287/2968
f 3277/4288/2963 3286/4289/2969 3285/4283/2964
f 3289/4290/2970 3295/4291/2971 3292/4292/2972
f 3298/4293/2973 3282/4294/2974 3295/4295/2971
f 3297/4296/2975 3274/4297/2976 3294/4298/2977
f 3273/4299/2947 3300/4300/2978 3291/4301/2979
f 3280/4278/2959 3275/4280/2980 3297/4296/2975
f 3276/4287/2981 3288/4286/2967 3300/4300/2978
f 3286/4289/2969 3299/4302/2982 3287/4284/2965
f 3287/4284/2965 3300/4300/2978 3288/4286/2967
f 3292/4292/2972 3296/4303/2983 3293/4304/2984
f 3293/4305/2984 3297/4296/2975 3294/4298/2977
f 3297/4296/2975 3281/4281/2962 3280/4278/2959
f 3296/4306/2983 3282/4294/2974 3281/4281/2962
f 3300/4300/2978 3290/4307/2985 3291/4301/2979
f 3299/4308/2982 3289/4290/2970 3290/4309/2985
f 3294/4298/2977 3301/4310/2945 3302/4311/2986
f 3303/4312/2987 3294/4298/2977 3302/4311/2986
f 3304/4313/2988 3293/4304/2984 3303/4314/2987
f 3292/4292/2972 3305/4315/2989 3289/4290/2970
f 3290/4309/2985 3305/4315/2989 3306/4316/2990
f 3291/4301/2979 3306/4317/2990 3307/4318/2991
f 3308/4319/2947 3291/4301/2979 3307/4318/2991
f 3315/4320/2992 3317/4321/2993 3314/4322/2994
f 3314/4322/2994 3318/4323/2995 3313/4324/2996
f 3322/4325/2997 3320/4326/2998 3321/4327/2999
f 3323/4328/3000 3319/4329/3001 3320/4330/2998
f 3319/4329/3001 3316/4331/3002 3315/4332/2992
f 3316/4331/3002 3334/4333/3003 3331/4334/3004
f 3331/4335/3004 3325/4336/3005 3328/4337/3006
f 3311/4324/75 3318/4323/2995 3333/4338/3007
f 3322/4325/2997 3312/4327/3008 3336/4339/3009
f 3310/4340/2980 3333/4338/3007 3330/4341/3010
f 3336/4339/3009 3309/4342/3011 3327/4343/3012
f 3316/4344/3002 3332/4345/3013 3317/4321/2993
f 3317/4321/2993 3333/4338/3007 3318/4323/2995
f 3325/4336/3005 3335/4346/3014 3326/4347/3015
f 3326/4348/3015 3336/4339/3009 3327/4343/3012
f 3333/4338/3007 3329/4349/3016 3330/4341/3010
f 3332/4350/3013 3328/4337/3006 3329/4351/3016
f 3336/4339/3009 3323/4352/3000 3322/4325/2997
f 3335/4353/3014 3324/4354/3017 3323/4328/3000
f 3327/4343/3012 3337/4355/3011 3338/4356/3018
f 3327/4343/3012 3339/4357/3019 3326/4348/3015
f 3326/4347/3015 3340/4358/3020 3325/4336/3005
f 3341/4359/3021 3325/4336/3005 3340/4358/3020
f 3341/4359/3021 3329/4351/3016 3328/4337/3006
f 3342/4360/3022 3330/4341/3010 3329/4349/3016
f 3344/4361/2980 3330/4341/3010 3343/4362/3023
f 3352/4363/3024 3350/4364/3025 3351/4365/3026
f 3353/4366/3027 3349/4367/3028 3350/4368/3025
f 3357/4369/3029 3359/4370/3030 3356/4371/3031
f 3356/4371/3031 3360/4372/3032 3355/4373/3033
f 3349/4367/3028 3358/4374/3034 3357/4375/3029
f 3364/4376/3035 3370/4377/3036 3367/4378/3037
f 3370/4379/3036 3354/4380/3038 3367/4381/3037
f 3369/4382/3039 3346/4383/2980 3366/4384/3040
f 3345/4385/3011 3372/4386/3041 3363/4387/3042
f 3352/4363/3024 3347/4365/3043 3369/4382/3039
f 3372/4386/3041 3355/4373/3033 3360/4372/3032
f 3358/4388/3034 3371/4389/3044 3359/4370/3030
f 3359/4370/3030 3372/4386/3041 3360/4372/3032
f 3364/4376/3035 3368/4390/3045 3365/4391/3046
f 3365/4392/3046 3369/4382/3039 3366/4384/3040
f 3369/4382/3039 3353/4393/3027 3352/4363/3024
f 3368/4394/3045 3354/4380/3038 3353/4366/3027
f 3372/4386/3041 3362/4395/3047 3363/4387/3042
f 3371/4396/3044 3361/4397/3048 3362/4398/3047
f 3366/4384/3040 3373/4399/2980 3374/4400/3049
f 3375/4401/3050 3366/4384/3040 3374/4400/3049
f 3376/4402/3051 3365/4391/3046 3375/4403/3050
f 3376/4402/3051 3361/4397/3048 3364/4376/3035
f 3362/4398/3047 3377/4404/3052 3378/4405/3053
f 3363/4387/3042 3378/4406/3053 3379/4407/3054
f 3380/4408/3011 3363/4387/3042 3379/4407/3054
f 3387/4409/3055 3389/4410/3056 3386/4411/3057
f 3386/4411/3057 3390/4412/3058 3385/4413/3059
f 3394/4414/3060 3392/4415/3061 3393/4416/3062
f 3395/4417/3063 3391/4418/3064 3392/4415/3061
f 3391/4419/3064 3388/4420/3065 3387/4409/3055
f 3396/4421/3066 3403/4422/3067 3388/4420/3065
f 3403/4423/3067 3397/4424/3068 3400/4425/3069
f 3383/4426/3070 3390/4427/3058 3405/4428/3071
f 3394/4414/3060 3384/4416/3072 3408/4429/3073
f 3382/4430/3074 3405/4428/3071 3402/4431/3075
f 3408/4429/3073 3381/4432/3076 3399/4433/3077
f 3388/4420/3065 3404/4434/3078 3389/4410/3056
f 3389/4410/3056 3405/4435/3071 3390/4412/3058
f 3397/4424/3068 3407/4436/3079 3398/4437/3080
f 3398/4438/3080 3408/4429/3073 3399/4433/3077
f 3405/4435/3071 3401/4439/3081 3402/4440/3075
f 3404/4441/3078 3400/4425/3069 3401/4442/3081
f 3408/4429/3073 3395/4417/3063 3394/4414/3060
f 3407/4443/3079 3396/4444/3066 3395/4417/3063
f 3399/4433/3077 3409/4445/3082 3410/4446/3083
f 3399/4433/3077 3411/4447/3084 3398/4438/3080
f 3398/4437/3080 3412/4448/3085 3397/4424/3068
f 3400/4425/3069 3412/4448/3085 3413/4449/3086
f 3413/4449/3086 3401/4442/3081 3400/4425/3069
f 3414/4450/3087 3402/4440/3075 3401/4439/3081
f 3416/4451/3074 3402/4440/3075 3415/4452/3088
f 3424/4453/3089 3422/4454/3090 3423/4455/3091
f 3425/4456/3092 3421/4457/3093 3422/4454/3090
f 3429/4458/3094 3431/4459/3095 3428/4460/3096
f 3428/4460/3096 3432/4461/3097 3427/4462/3098
f 3421/4463/3093 3430/4464/3099 3429/4458/3094
f 3433/4465/3100 3439/4466/3101 3436/4467/3102
f 3439/4468/3101 3430/4464/3099 3426/4469/3103
f 3441/4470/3104 3418/4471/3105 3438/4472/3106
f 3417/4473/3076 3444/4474/3107 3435/4475/3108
f 3424/4453/3089 3419/4455/3109 3441/4470/3104
f 3420/4462/3110 3432/4461/3097 3444/4474/3107
f 3430/4464/3099 3443/4476/3111 3431/4459/3095
f 3431/4459/3095 3444/4474/3107 3432/4461/3097
f 3436/4467/3102 3440/4477/3112 3437/4478/3113
f 3437/4479/3113 3441/4470/3104 3438/4472/3106
f 3441/4470/3104 3425/4456/3092 3424/4453/3089
f 3440/4480/3112 3426/4481/3103 3425/4456/3092
f 3444/4474/3107 3434/4482/3114 3435/4475/3108
f 3443/4483/3111 3433/4465/3100 3434/4484/3114
f 3438/4472/3106 3445/4485/3074 3446/4486/3115
f 3447/4487/3116 3438/4472/3106 3446/4486/3115
f 3448/4488/3117 3437/4478/3113 3447/4489/3116
f 3448/4488/3117 3433/4465/3100 3436/4467/3102
f 3434/4484/3114 3449/4490/3118 3450/4491/3119
f 3435/4475/3108 3450/4492/3119 3451/4493/3120
f 3452/4494/3082 3435/4475/3108 3451/4493/3120
f 3459/4495/3121 3461/4496/3122 3458/4497/3123
f 3458/4497/3123 3462/4498/3124 3457/4499/3125
f 3466/4500/3126 3464/4501/3127 3465/4502/3128
f 3467/4503/3129 3463/4504/3130 3464/4505/3127
f 3463/4504/3130 3460/4506/3131 3459/4495/3121
f 3460/4506/3131 3478/4507/3132 3475/4508/3133
f 3475/4509/3133 3469/4510/3134 3472/4511/3135
f 3455/4512/3136 3462/4513/3124 3477/4514/3137
f 3466/4500/3126 3456/4502/3138 3480/4515/3139
f 3454/4516/3140 3477/4514/3137 3474/4517/3141
f 3480/4515/3139 3453/4518/3142 3471/4519/3143
f 3460/4506/3131 3476/4520/3144 3461/4496/3122
f 3461/4496/3122 3477/4521/3137 3462/4498/3124
f 3469/4510/3134 3479/4522/3145 3470/4523/3146
f 3470/4524/3146 3480/4515/3139 3471/4519/3143
f 3477/4521/3137 3473/4525/3147 3474/4526/3141
f 3476/4527/3144 3472/4511/3135 3473/4528/3147
f 3480/4515/3139 3467/4529/3129 3466/4500/3126
f 3479/4530/3145 3468/4531/3148 3467/4503/3129
f 3471/4519/3143 3481/4532/3142 3482/4533/3149
f 3471/4519/3143 3483/4534/3150 3470/4524/3146
f 3470/4523/3146 3484/4535/3151 3469/4510/3134
f 3472/4511/3135 3484/4535/3151 3485/4536/3152
f 3485/4536/3152 3473/4528/3147 3472/4511/3135
f 3486/4537/3153 3474/4517/3141 3473/4538/3147
f 3488/4539/3140 3474/4517/3141 3487/4540/3154
f 3496/4541/3155 3494/4542/3156 3495/4543/3157
f 3497/4544/3158 3493/4545/3159 3494/4546/3156
f 3501/4547/3160 3503/4548/3161 3500/4549/3162
f 3500/4549/3162 3504/4550/3163 3499/4551/3164
f 3493/4545/3159 3502/4552/3165 3501/4547/3160
f 3508/4553/3166 3514/4554/3167 3511/4555/3168
f 3514/4556/3167 3498/4557/3169 3511/4558/3168
f 3513/4559/3170 3490/4560/3140 3510/4561/3171
f 3489/4562/3142 3516/4563/3172 3507/4564/3173
f 3496/4541/3155 3491/4543/3174 3513/4559/3170
f 3492/4565/3175 3504/4566/3163 3516/4563/3172
f 3502/4552/3165 3515/4567/3176 3503/4548/3161
f 3503/4548/3161 3516/4568/3172 3504/4550/3163
f 3508/4553/3166 3512/4569/3177 3509/4570/3178
f 3509/4571/3178 3513/4559/3170 3510/4561/3171
f 3513/4559/3170 3497/4572/3158 3496/4541/3155
f 3512/4573/3177 3498/4557/3169 3497/4544/3158
f 3516/4568/3172 3506/4574/3179 3507/4575/3173
f 3515/4576/3176 3505/4577/3180 3506/4578/3179
f 3508/4553/3166 3520/4579/3151 3505/4577/3180
f 3517/4580/3142 3507/4564/3173 3518/4581/3181
f 3510/4561/3171 3524/4582/3140 3523/4583/3154
f 3507/4564/3173 3519/4584/3182 3518/4581/3181
f 3506/4578/3179 3520/4579/3151 3519/4585/3182
f 3521/4586/3183 3509/4570/3178 3522/4587/3153
f 3522/4588/3153 3510/4561/3171 3523/4583/3154
f 3531/4589/3184 3533/4590/3185 3530/4591/3186
f 3530/4592/3186 3534/4593/3187 3529/4594/3188
f 3538/4595/3189 3536/4596/3190 3537/4597/3191
f 3539/4598/3192 3535/4599/3193 3536/4600/3190
f 3535/4599/3193 3532/4601/3194 3531/4589/3184
f 3540/4602/3195 3547/4603/3196 3532/4601/3194
f 3550/4604/3197 3544/4605/3198 3547/4606/3196
f 3527/4594/3199 3534/4593/3187 3549/4607/3200
f 3538/4595/3189 3528/4608/3201 3552/4609/3202
f 3526/4610/3203 3549/4607/3200 3546/4611/3204
f 3552/4609/3202 3525/4612/141 3543/4613/3205
f 3532/4601/3194 3548/4614/3206 3533/4590/3185
f 3533/4615/3185 3549/4607/3200 3534/4593/3187
f 3541/4616/3207 3551/4617/3208 3542/4618/3209
f 3542/4619/3209 3552/4609/3202 3543/4613/3205
f 3549/4607/3200 3545/4620/3210 3546/4611/3204
f 3548/4621/3206 3544/4605/3198 3545/4622/3210
f 3552/4609/3202 3539/4623/3192 3538/4595/3189
f 3551/4624/3208 3540/4602/3195 3539/4598/3192
f 3543/4613/3205 3553/4625/141 3554/4626/3211
f 3543/4613/3205 3555/4627/3212 3542/4619/3209
f 3542/4618/3209 3556/4628/3213 3541/4616/3207
f 3557/4629/3214 3541/4616/3207 3556/4628/3213
f 3557/4629/3214 3545/4622/3210 3544/4605/3198
f 3558/4630/3215 3546/4611/3204 3545/4620/3210
f 3560/4631/3203 3546/4611/3204 3559/4632/3216
f 3568/4633/3217 3566/4634/3218 3567/4635/3219
f 3569/4636/3220 3565/4637/3221 3566/4638/3218
f 3573/4639/3222 3575/4640/3223 3572/4641/3224
f 3572/4642/3224 3576/4643/3225 3571/4644/3226
f 3565/4637/3221 3574/4645/3227 3573/4639/3222
f 3577/4646/3228 3583/4647/3229 3580/4648/3230
f 3586/4649/3231 3570/4650/3232 3583/4651/3229
f 3585/4652/3233 3562/4653/3203 3582/4654/3234
f 3561/4655/141 3588/4656/3235 3579/4657/3236
f 3568/4633/3217 3563/4635/3237 3585/4652/3233
f 3564/4644/3238 3576/4643/3225 3588/4656/3235
f 3574/4645/3227 3587/4658/3239 3575/4640/3223
f 3575/4659/3223 3588/4656/3235 3576/4643/3225
f 3580/4648/3230 3584/4660/3240 3581/4661/3241
f 3581/4662/3241 3585/4652/3233 3582/4654/3234
f 3585/4652/3233 3569/4663/3220 3568/4633/3217
f 3584/4664/3240 3570/4650/3232 3569/4636/3220
f 3588/4656/3235 3578/4665/3242 3579/4657/3236
f 3587/4666/3239 3577/4646/3228 3578/4667/3242
f 3580/4648/3230 3592/4668/3243 3577/4646/3228
f 3589/4669/141 3579/4657/3236 3590/4670/3211
f 3582/4654/3234 3596/4671/3203 3595/4672/3244
f 3579/4657/3236 3591/4673/3212 3590/4670/3211
f 3578/4667/3242 3592/4668/3243 3591/4674/3212
f 3593/4675/3245 3581/4661/3241 3594/4676/3215
f 3594/4677/3215 3582/4654/3234 3595/4672/3244
f 3603/4678/3246 3605/4679/3247 3602/4680/3248
f 3602/4681/3248 3606/4682/3249 3601/4683/3250
f 3610/4684/3251 3608/4685/3252 3609/4686/3253
f 3611/4687/3254 3607/4688/3255 3608/4689/3252
f 3607/4688/3255 3604/4690/3256 3603/4678/3246
f 3604/4690/3256 3622/4691/3257 3619/4692/3258
f 3619/4693/3258 3613/4694/3259 3616/4695/3260
f 3599/4683/3261 3606/4682/3249 3621/4696/3262
f 3610/4684/3251 3600/4697/3263 3624/4698/3264
f 3598/4699/2129 3621/4696/3262 3618/4700/3265
f 3624/4698/3264 3597/4701/2365 3615/4702/3266
f 3604/4690/3256 3620/4703/3267 3605/4679/3247
f 3605/4704/3247 3621/4696/3262 3606/4682/3249
f 3613/4694/3259 3623/4705/3268 3614/4706/3269
f 3614/4707/3269 3624/4698/3264 3615/4702/3266
f 3621/4696/3262 3617/4708/3270 3618/4700/3265
f 3620/4709/3267 3616/4695/3260 3617/4710/3270
f 3624/4698/3264 3611/4711/3254 3610/4684/3251
f 3623/4712/3268 3612/4713/3271 3611/4687/3254
f 3615/4702/3266 3625/4714/2365 3626/4715/3272
f 3615/4702/3266 3627/4716/2377 3614/4707/3269
f 3614/4706/3269 3628/4717/2374 3613/4694/3259
f 3616/4695/3260 3628/4717/2374 3629/4718/2378
f 3629/4718/2378 3617/4710/3270 3616/4695/3260
f 3630/4719/2379 3618/4700/3265 3617/4708/3270
f 3632/4720/2129 3618/4700/3265 3631/4721/3273
f 3633/4722/3274 3681/4723/3275 3635/4724/3276
f 3650/4725/3277 3633/4726/3274 3634/4727/3278
f 3635/4724/3276 3636/4728/3279 3634/4729/3278
f 3639/4730/3280 3636/4728/3279 3637/4731/3281
f 3639/4730/3280 3640/4732/3282 3638/4733/3283
f 3641/4734/3284 3642/4735/3285 3640/4732/3282
f 3643/4736/3286 3644/4737/3287 3642/4735/3285
f 3646/4738/3288 3644/4737/3287 3645/4739/3289
f 3696/4740/3290 3648/4741/3291 3646/4738/3288
f 3662/4742/3292 3647/4743/3293 3648/4744/3291
f 3666/4745/3294 3651/4746/3295 3649/4747/3296
f 3652/4748/3297 3649/4747/3296 3650/4749/3277
f 3654/4750/3298 3653/4751/3299 3652/4748/3297
f 3656/4752/3300 3655/4753/3301 3654/4750/3298
f 3658/4754/3302 3657/4755/3303 3656/4752/3300
f 3660/4756/3304 3659/4757/3305 3658/4754/3302
f 3660/4756/3304 3664/4758/3306 3661/4759/3307
f 3662/4760/3292 3679/4761/3308 3664/4758/3306
f 3682/4762/3309 3667/4763/3310 3665/4764/3311
f 3668/4765/3312 3665/4766/3311 3666/4745/3294
f 3670/4767/3313 3669/4768/3314 3668/4765/3312
f 3672/4769/3315 3671/4770/3316 3670/4767/3313
f 3672/4769/3315 3675/4771/3317 3673/4772/3318
f 3674/4773/3319 3677/4774/3320 3675/4771/3317
f 3676/4775/3321 3680/4776/3322 3677/4774/3320
f 3678/4777/3323 3695/4778/3324 3680/4779/3322
f 3684/4780/3325 3681/4723/3275 3682/4781/3309
f 3684/4780/3325 3687/4782/3326 3685/4783/3327
f 3686/4784/3328 3689/4785/3329 3687/4782/3326
f 3690/4786/3330 3689/4785/3329 3688/4787/3331
f 3692/4788/3332 3691/4789/3333 3690/4786/3330
f 3695/4790/3324 3693/4791/3334 3692/4788/3332
f 3636/4792/3279 3650/4725/3277 3634/4727/3278
f 3654/4793/3298 3636/4792/3279 3638/4794/3283
f 3656/4795/3300 3638/4794/3283 3640/4796/3282
f 3658/4797/3302 3640/4796/3282 3642/4798/3285
f 3660/4799/3304 3642/4798/3285 3644/4800/3287
f 3647/4743/3293 3660/4799/3304 3644/4800/3287
f 3668/4765/3312 3649/4747/3296 3653/4751/3299
f 3670/4767/3313 3653/4751/3299 3655/4753/3301
f 3672/4769/3315 3655/4753/3301 3657/4755/3303
f 3659/4757/3305 3672/4769/3315 3657/4755/3303
f 3676/4775/3321 3659/4757/3305 3661/4759/3307
f 3679/4761/3308 3661/4759/3307 3664/4758/3306
f 3684/4801/3325 3665/4764/3311 3669/4802/3314
f 3686/4803/3328 3669/4802/3314 3671/4804/3316
f 3688/4805/3331 3671/4806/3316 3673/4807/3318
f 3690/4808/3330 3673/4807/3318 3675/4809/3317
f 3692/4810/3332 3675/4809/3317 3677/4811/3320
f 3695/4778/3324 3677/4812/3320 3680/4779/3322
f 3637/4731/3281 3681/4723/3275 3685/4783/3327
f 3687/4782/3326 3637/4731/3281 3685/4783/3327
f 3689/4785/3329 3639/4730/3280 3687/4782/3326
f 3643/4736/3286 3689/4785/3329 3691/4789/3333
f 3693/4791/3334 3643/4736/3286 3691/4789/3333
f 3696/4740/3290 3645/4739/3289 3693/4791/3334
f 3667/4813/3310 3633/4726/3274 3651/4814/3295
f 3648/4815/3291 3678/4777/3323 3662/4816/3292
f 3633/4722/3274 3635/4724/3276 3634/4729/3278
f 3646/4817/3288 3648/4744/3291 3647/4743/3293
f 3649/4818/3296 3651/4814/3295 3650/4725/3277
f 3662/4760/3292 3664/4758/3306 3663/4819/3335
f 3665/4764/3311 3667/4763/3310 3666/4820/3294
f 3678/4777/3323 3680/4779/3322 3679/4821/3308
f 3681/4723/3275 3683/4822/3336 3682/4781/3309
f 3694/4823/3337 3696/4740/3290 3695/4790/3324
f 3703/4824/3338 3705/4825/3339 3704/4826/3340
f 3702/4827/3341 3706/4828/3342 3705/4825/3339
f 3708/4829/3343 3710/4830/3344 3709/4831/3345
f 3707/4832/3346 3711/4833/3347 3708/4834/3343
f 3704/4826/3340 3707/4832/3346 3703/4824/3338
f 3719/4835/3348 3712/4836/3349 3704/4826/3340
f 3719/4837/3348 3713/4838/3350 3722/4839/3351
f 3706/4828/3342 3699/4840/3352 3721/4841/3353
f 3710/4830/3344 3700/4831/3354 3709/4831/3345
f 3721/4841/3353 3698/4842/3355 3718/4843/3356
f 3724/4844/3357 3697/4845/3358 3700/4831/3354
f 3704/4826/3340 3720/4846/3359 3719/4835/3348
f 3705/4825/3339 3721/4841/3353 3720/4846/3359
f 3713/4838/3350 3723/4847/3360 3722/4839/3351
f 3714/4848/3361 3724/4844/3357 3723/4849/3360
f 3717/4850/3362 3721/4841/3353 3718/4843/3356
f 3716/4851/3363 3720/4852/3359 3717/4853/3362
f 3711/4854/3347 3724/4844/3357 3710/4830/3344
f 3712/4855/3349 3723/4849/3360 3711/4854/3347
f 3715/4856/3364 3725/4857/3358 3697/4845/3358
f 3715/4856/3364 3727/4858/3365 3726/4859/3366
f 3714/4860/3361 3728/4861/3367 3727/4862/3365
f 3728/4861/3367 3716/4851/3363 3729/4863/3368
f 3717/4853/3362 3729/4863/3368 3716/4851/3363
f 3718/4843/3356 3730/4864/3369 3717/4850/3362
f 3732/4865/3355 3718/4843/3356 3698/4842/3355
f 3738/4866/3370 3740/4867/3371 3739/4868/3372
f 3737/4869/3373 3741/4870/3374 3738/4866/3370
f 3745/4871/3375 3747/4872/3376 3746/4873/3377
f 3744/4874/3378 3748/4875/3379 3747/4872/3376
f 3746/4873/3377 3737/4876/3373 3745/4871/3375
f 3752/4877/3380 3758/4878/3381 3749/4879/3382
f 3755/4880/3383 3746/4873/3377 3758/4881/3381
f 3757/4882/3384 3734/4883/124 3735/4868/3385
f 3760/4884/3386 3733/4885/118 3751/4886/3387
f 3740/4867/3371 3735/4868/3385 3739/4868/3372
f 3748/4875/3379 3736/4887/3388 3760/4884/3386
f 3746/4873/3377 3759/4888/3389 3758/4881/3381
f 3747/4872/3376 3760/4884/3386 3759/4888/3389
f 3752/4877/3380 3756/4889/3390 3755/4890/3383
f 3753/4891/3391 3757/4882/3384 3756/4892/3390
f 3741/4870/3374 3757/4882/3384 3740/4867/3371
f 3742/4893/3392 3756/4892/3390 3741/4870/3374
f 3750/4894/3393 3760/4884/3386 3751/4886/3387
f 3749/4879/3382 3759/4895/3389 3750/4896/3393
f 3752/4877/3380 3764/4897/3394 3765/4898/3395
f 3761/4899/118 3751/4886/3387 3733/4885/118
f 3754/4900/3396 3768/4901/124 3734/4883/124
f 3763/4902/3397 3751/4886/3387 3762/4903/3398
f 3764/4897/3394 3750/4896/3393 3763/4904/3397
f 3765/4898/3395 3753/4905/3391 3752/4877/3380
f 3766/4906/3399 3754/4900/3396 3753/4891/3391
f 3774/4907/3400 3776/4908/3401 3775/4909/3402
f 3773/4910/3403 3777/4911/3404 3774/4912/3400
f 3781/4913/3405 3783/4914/3406 3782/4915/3407
f 3780/4916/3408 3784/4917/3409 3783/4914/3406
f 3782/4915/3407 3773/4910/3403 3781/4913/3405
f 3788/4918/3410 3794/4919/3411 3785/4920/3412
f 3778/4921/3413 3794/4922/3411 3791/4923/3414
f 3793/4924/3415 3770/4925/3355 3771/4909/3416
f 3796/4926/3417 3769/4927/3358 3787/4928/3418
f 3776/4908/3401 3771/4909/3416 3775/4909/3402
f 3784/4917/3409 3772/4929/3419 3796/4926/3417
f 3782/4915/3407 3795/4930/3420 3794/4922/3411
f 3783/4914/3406 3796/4926/3417 3795/4930/3420
f 3788/4918/3410 3792/4931/3421 3791/4932/3414
f 3789/4933/3422 3793/4924/3415 3792/4934/3421
f 3777/4935/3404 3793/4924/3415 3776/4908/3401
f 3778/4936/3413 3792/4934/3421 3777/4935/3404
f 3786/4937/3423 3796/4926/3417 3787/4928/3418
f 3785/4920/3412 3795/4938/3420 3786/4939/3423
f 3785/4920/3412 3801/4940/3424 3788/4918/3410
f 3797/4941/3358 3787/4928/3418 3769/4927/3358
f 3790/4942/3425 3804/4943/3355 3770/4925/3355
f 3799/4944/3426 3787/4928/3418 3798/4945/3427
f 3800/4946/3428 3786/4939/3423 3799/4947/3426
f 3801/4940/3424 3789/4948/3422 3788/4918/3410
f 3802/4949/3429 3790/4942/3425 3789/4933/3422
f 3811/4950/3430 3813/4951/3431 3812/4952/3432
f 3810/4953/3433 3814/4954/3434 3813/4955/3431
f 3816/4956/3435 3818/4957/3436 3817/4958/3437
f 3815/4959/3438 3819/4960/3439 3816/4961/3435
f 3812/4952/3432 3815/4959/3438 3811/4950/3430
f 3827/4962/3440 3820/4963/3441 3812/4952/3432
f 3824/4964/3442 3830/4965/3443 3827/4966/3440
f 3814/4954/3434 3807/4967/255 3829/4968/3444
f 3818/4957/3436 3808/4958/257 3817/4958/3437
f 3829/4968/3444 3806/4969/255 3826/4970/3445
f 3832/4971/3446 3805/4972/257 3808/4958/257
f 3812/4952/3432 3828/4973/3447 3827/4962/3440
f 3813/4955/3431 3829/4968/3444 3828/4974/3447
f 3821/4975/3448 3831/4976/3449 3830/4965/3443
f 3822/4977/3450 3832/4971/3446 3831/4978/3449
f 3825/4979/3451 3829/4968/3444 3826/4970/3445
f 3824/4964/3442 3828/4980/3447 3825/4981/3451
f 3819/4982/3439 3832/4971/3446 3818/4957/3436
f 3820/4963/3441 3831/4983/3449 3819/4960/3439
f 3823/4984/3452 3833/4985/257 3805/4972/257
f 3823/4984/3452 3835/4986/3453 3834/4987/3454
f 3822/4988/3450 3836/4989/3455 3835/4990/3453
f 3836/4989/3455 3824/4964/3442 3837/4991/3456
f 3825/4981/3451 3837/4991/3456 3824/4964/3442
f 3826/4970/3445 3838/4992/3457 3825/4979/3451
f 3840/4993/255 3826/4970/3445 3806/4969/255
f 6/1/1 9/30/5 8/2/2
f 5/4/4 10/31/25 9/5/5
f 13/7/6 12/10/9 15/8/7
f 12/10/9 11/24/3458 16/11/10
f 14/12/8 10/31/25 5/4/4
f 23/14/11 26/4994/14 17/15/12
f 23/17/11 10/31/25 14/12/8
f 25/19/15 22/39/29 2/20/16
f 28/21/18 4/24/21 1/22/19
f 8/2/2 25/19/15 3/3/17
f 16/11/10 11/24/3458 4/24/21
f 14/9/8 15/8/7 27/25/22
f 15/8/7 16/11/10 28/21/18
f 20/16/13 21/44/24 24/27/23
f 21/28/24 22/39/29 25/19/15
f 9/30/5 24/29/23 25/19/15
f 10/31/25 23/17/11 24/32/23
f 18/33/26 27/25/22 28/21/18
f 17/15/12 26/4994/14 27/34/22
f 20/16/13 17/15/12 32/36/27
f 29/38/19 30/42/31 19/23/20
f 22/39/29 35/4995/3459 36/40/16
f 31/41/30 18/33/26 19/23/20
f 32/36/27 17/15/12 18/35/26
f 33/37/28 34/4996/32 21/44/24
f 34/45/32 35/4995/3459 22/39/29
f 43/46/33 42/49/36 45/47/34
f 42/49/36 41/64/3460 46/50/37
f 48/51/38 51/79/42 50/52/39
f 47/54/41 52/60/44 51/55/42
f 44/57/35 52/60/44 47/54/41
f 59/59/43 62/4997/46 52/60/44
f 59/61/43 56/76/56 53/62/45
f 46/50/37 41/64/3460 39/64/47
f 50/52/39 64/68/51 40/53/49
f 61/65/48 39/64/47 38/66/16
f 64/68/51 55/81/57 37/69/19
f 44/48/35 45/47/34 60/70/52
f 45/47/34 46/50/37 61/65/48
f 53/62/45 54/85/54 63/72/53
f 54/73/54 55/81/57 64/68/51
f 57/75/55 60/70/52 61/65/48
f 56/76/56 59/61/43 60/77/52
f 51/79/42 63/74/53 64/68/51
f 52/60/44 62/4997/46 63/80/53
f 55/81/57 66/84/31 65/82/19
f 55/81/57 54/73/54 67/83/58
f 54/85/54 53/62/45 68/86/27
f 68/86/27 53/62/45 56/76/56
f 57/78/55 70/4998/32 69/88/28
f 58/67/50 71/4999/3459 70/89/32
f 72/90/16 71/4999/3459 58/67/50
f 78/91/59 81/122/63 80/92/60
f 77/94/62 82/107/72 81/95/63
f 85/97/64 84/100/67 87/98/65
f 84/100/67 83/116/3461 88/101/68
f 86/102/66 82/107/72 77/94/62
f 95/104/69 98/5000/73 89/105/70
f 82/107/72 86/102/66 98/108/73
f 97/110/74 94/130/87 74/111/75
f 100/113/77 76/116/80 73/114/78
f 80/92/60 97/110/74 75/112/76
f 88/101/68 83/116/3461 76/116/80
f 86/99/66 87/98/65 99/117/81
f 87/98/65 88/101/68 100/113/77
f 92/106/71 93/135/83 96/119/82
f 93/120/83 94/130/87 97/110/74
f 81/122/63 96/121/82 97/110/74
f 82/107/72 95/109/69 96/123/82
f 90/124/84 99/117/81 100/113/77
f 89/105/70 98/5000/73 99/125/81
f 92/106/71 89/105/70 104/127/85
f 101/129/78 102/133/89 91/115/79
f 94/130/87 107/5001/3462 108/131/75
f 103/132/88 90/124/84 91/115/79
f 104/127/85 89/105/70 90/126/84
f 105/128/86 106/5002/90 93/135/83
f 106/136/90 107/5001/3462 94/130/87
f 115/137/91 114/140/94 117/138/92
f 114/140/94 113/153/3463 118/141/95
f 120/142/96 123/146/100 122/143/97
f 119/145/99 124/167/102 123/146/100
f 116/139/93 124/149/102 119/147/99
f 131/148/101 134/5003/104 124/149/102
f 131/150/101 128/164/116 125/151/103
f 118/141/95 113/153/3463 111/153/105
f 122/143/97 136/157/110 112/144/107
f 133/154/106 111/153/105 110/155/108
f 136/157/110 127/168/117 109/158/111
f 116/139/93 117/138/92 132/159/112
f 117/138/92 118/141/95 133/154/106
f 125/151/103 126/172/114 135/160/113
f 126/161/114 127/168/117 136/157/110
f 129/163/115 132/159/112 133/154/106
f 128/164/116 131/150/101 132/165/112
f 123/146/100 135/162/113 136/157/110
f 124/167/102 134/5004/104 135/162/113
f 127/168/117 138/171/120 137/169/118
f 127/168/117 126/161/114 139/170/119
f 126/172/114 125/151/103 140/173/121
f 140/173/121 125/151/103 128/164/116
f 129/166/115 142/5005/123 141/175/122
f 130/156/109 143/5006/3464 142/176/123
f 144/177/124 143/5006/3464 130/156/109
f 151/178/125 150/181/128 153/179/126
f 150/181/128 149/5007/3465 154/182/129
f 156/183/130 159/213/134 158/184/131
f 155/186/133 160/190/136 159/187/134
f 152/180/127 160/190/136 155/186/133
f 152/180/127 167/203/138 170/189/135
f 164/191/137 161/205/147 170/192/135
f 154/194/129 149/195/3465 147/195/139
f 158/184/131 172/208/144 148/185/141
f 169/196/140 147/195/139 146/197/142
f 172/199/144 163/5008/151 145/200/145
f 152/180/127 153/179/126 168/202/146
f 153/179/126 154/182/129 169/204/140
f 161/205/147 162/220/149 171/206/148
f 162/207/149 163/215/151 172/208/144
f 165/210/150 168/5009/146 169/196/140
f 164/191/137 167/193/138 168/211/146
f 159/213/134 171/209/148 172/208/144
f 160/190/136 170/189/135 171/214/148
f 163/215/151 174/219/153 173/216/145
f 163/215/151 162/207/149 175/218/152
f 162/220/149 161/205/147 176/221/154
f 176/221/154 161/205/147 164/191/137
f 165/212/150 178/5010/156 177/223/155
f 166/198/143 179/5011/3466 178/224/156
f 180/225/142 179/5011/3466 166/198/143
f 181/242/173 200/5012/195 199/5013/196
f 199/5013/196 198/5014/191 197/240/171
f 197/240/171 196/239/170 201/228/159
f 201/228/159 184/227/158 183/241/172
f 183/241/172 182/5015/174 181/242/173
f 181/242/173 199/5013/196 197/240/171
f 197/240/171 201/228/159 183/241/172
f 182/243/174 206/247/177 203/244/175
f 182/243/174 183/5016/172 209/246/176
f 183/248/172 184/251/158 212/249/178
f 184/251/158 185/254/157 215/252/179
f 186/253/160 218/256/180 215/252/179
f 187/255/161 221/321/181 218/256/180
f 188/257/162 224/261/182 221/258/181
f 189/260/163 227/263/184 224/261/182
f 189/260/163 190/265/164 230/262/183
f 191/264/165 233/267/186 230/262/183
f 191/264/165 192/269/166 236/266/185
f 193/268/167 239/334/187 236/266/185
f 194/270/168 242/274/188 239/271/187
f 195/273/169 245/276/189 242/274/188
f 196/275/170 248/278/190 245/276/189
f 197/277/171 251/5017/192 248/278/190
f 198/279/191 254/283/194 251/280/192
f 198/279/191 199/285/196 257/282/193
f 200/284/195 260/286/197 257/282/193
f 181/245/173 203/244/175 260/286/197
f 263/301/200 211/312/219 214/287/198
f 203/244/175 204/309/213 261/302/212
f 204/303/213 205/306/215 262/304/214
f 205/306/215 204/303/213 207/307/216
f 204/309/213 203/244/175 206/247/177
f 208/308/217 207/307/216 210/311/218
f 207/310/216 206/247/177 209/246/176
f 211/312/219 210/311/218 213/314/220
f 210/315/218 209/250/176 212/249/178
f 214/287/198 213/314/220 216/317/221
f 213/316/220 212/249/178 215/252/179
f 216/317/221 219/5018/222 220/290/201
f 216/318/221 215/252/179 218/256/180
f 220/290/201 219/5018/222 222/320/223
f 219/319/222 218/256/180 221/321/181
f 222/320/223 225/325/224 226/292/203
f 222/323/223 221/258/181 224/261/182
f 225/325/224 228/327/225 229/293/204
f 225/324/224 224/261/182 227/263/184
f 228/327/225 231/329/226 232/294/205
f 227/263/184 230/262/183 231/328/226
f 231/329/226 234/5019/227 235/295/206
f 231/328/226 230/262/183 233/267/186
f 235/295/206 234/5019/227 237/331/228
f 234/330/227 233/267/186 236/266/185
f 238/296/207 237/331/228 240/333/229
f 237/332/228 236/266/185 239/334/187
f 241/297/208 240/333/229 243/336/230
f 240/337/229 239/271/187 242/274/188
f 244/298/209 243/336/230 246/339/231
f 242/274/188 245/276/189 246/340/231
f 246/339/231 249/342/232 250/300/211
f 245/276/189 248/278/190 249/341/232
f 249/342/232 252/345/234 253/343/233
f 248/278/190 251/5017/192 252/344/234
f 252/345/234 255/349/236 256/346/235
f 251/280/192 254/283/194 255/347/236
f 255/349/236 258/352/238 259/350/237
f 254/283/194 257/282/193 258/351/238
f 258/352/238 261/305/212 262/304/214
f 257/282/193 260/286/197 261/302/212
f 250/300/211 253/343/233 263/301/200
f 269/353/239 272/382/243 271/354/240
f 268/356/242 273/368/252 272/357/243
f 276/359/244 275/5020/247 278/360/245
f 275/362/247 274/376/3467 279/363/248
f 277/361/246 273/368/252 268/356/242
f 286/365/249 289/5021/253 280/366/250
f 273/368/252 277/361/246 289/369/253
f 288/371/254 285/387/263 265/372/255
f 291/373/256 267/376/257 264/374/257
f 271/354/240 288/371/254 266/355/255
f 279/363/248 274/376/3467 267/376/257
f 277/361/246 278/360/245 290/377/259
f 278/364/245 279/363/248 291/373/256
f 283/367/251 284/391/261 287/379/260
f 284/380/261 285/387/263 288/371/254
f 272/382/243 287/381/260 288/371/254
f 273/368/252 286/370/249 287/383/260
f 281/384/262 290/378/259 291/373/256
f 280/366/250 289/5021/253 290/385/259
f 285/387/263 293/5022/3468 292/388/255
f 294/389/264 293/5022/3468 285/387/263
f 295/390/265 294/5023/264 284/391/261
f 280/366/250 296/392/266 295/390/265
f 296/392/266 280/366/250 281/386/262
f 297/394/267 281/384/262 282/375/258
f 299/396/257 298/395/268 282/375/258
f 301/397/269 322/401/273 320/398/270
f 302/400/272 324/5024/275 322/401/273
f 302/402/272 303/406/276 326/403/274
f 304/405/257 328/408/278 326/403/274
f 305/407/277 330/410/280 328/408/278
f 306/409/279 332/469/282 330/410/280
f 306/411/279 307/414/283 334/412/281
f 307/414/283 308/417/286 336/415/284
f 309/416/285 338/419/288 336/415/284
f 309/416/285 310/421/290 340/418/287
f 311/420/289 342/423/292 340/418/287
f 312/422/291 344/477/294 342/423/292
f 313/424/293 346/428/296 344/425/294
f 313/424/293 314/429/255 348/427/295
f 314/429/255 315/432/299 350/430/297
f 316/431/298 352/483/301 350/430/297
f 317/433/300 354/437/303 352/434/301
f 318/436/302 356/439/305 354/437/303
f 319/438/304 358/440/306 356/439/305
f 319/438/304 300/399/271 320/398/270
f 321/462/327 359/488/346 358/440/306
f 320/398/270 322/401/273 323/463/328
f 322/401/273 324/5024/275 325/464/329
f 324/404/275 326/403/274 327/465/330
f 326/403/274 328/408/278 329/467/331
f 329/467/331 328/408/278 330/410/280
f 331/468/332 330/410/280 332/469/282
f 333/471/333 332/413/282 334/412/281
f 335/472/334 334/412/281 336/415/284
f 337/473/335 336/415/284 338/419/288
f 338/419/288 340/418/287 341/475/337
f 340/418/287 342/423/292 343/476/338
f 343/476/338 342/423/292 344/477/294
f 344/425/294 346/428/296 347/479/340
f 346/428/296 348/427/295 349/481/341
f 349/481/341 348/427/295 350/430/297
f 351/482/342 350/430/297 352/483/301
f 352/434/301 354/437/303 355/485/344
f 355/485/344 354/437/303 356/439/305
f 357/487/345 356/439/305 358/440/306
f 381/489/347 383/563/405 382/490/348
f 381/489/347 380/491/349 384/492/350
f 382/490/348 383/563/405 419/494/352
f 385/493/351 384/492/350 386/496/354
f 386/496/354 388/527/381 389/498/356
f 389/498/356 388/527/381 390/499/357
f 390/499/357 392/529/382 393/501/359
f 393/501/359 392/529/382 394/502/360
f 394/502/360 396/505/363 397/504/362
f 396/505/363 398/533/383 399/506/364
f 399/506/364 398/533/383 400/507/365
f 400/507/365 402/510/368 403/509/367
f 402/510/368 404/512/370 405/511/369
f 404/512/370 406/536/384 407/513/371
f 407/513/371 406/536/384 408/514/372
f 409/515/373 408/514/372 410/516/374
f 411/517/375 410/516/374 412/518/376
f 412/518/376 414/541/385 415/520/378
f 415/520/378 414/541/385 416/521/379
f 417/522/380 416/521/379 418/495/353
f 321/523/327 380/491/349 382/490/348
f 321/523/327 323/525/328 384/492/350
f 323/525/328 325/5025/329 386/496/354
f 386/496/354 325/5025/329 327/526/330
f 388/527/381 327/526/330 329/528/331
f 329/528/331 331/530/332 392/529/382
f 331/530/332 333/5026/333 394/502/360
f 394/502/360 333/5026/333 335/531/334
f 396/505/363 335/531/334 337/532/335
f 337/532/335 339/5027/336 400/507/365
f 400/507/365 339/5027/336 341/534/337
f 341/534/337 343/535/338 404/512/370
f 343/535/338 345/5028/339 406/536/384
f 406/536/384 345/5028/339 347/537/340
f 408/514/372 347/537/340 349/538/341
f 410/516/374 349/538/341 351/539/342
f 412/518/376 351/539/342 353/540/343
f 414/541/385 353/540/343 355/542/344
f 355/542/344 357/543/345 418/495/353
f 357/543/345 359/524/346 382/490/348
f 381/489/347 385/493/351 360/544/386
f 385/493/351 387/497/355 362/546/388
f 389/498/356 363/548/390 362/546/388
f 389/498/356 391/500/358 364/547/389
f 393/501/359 365/549/391 364/547/389
f 395/503/361 366/550/392 365/549/391
f 397/504/362 367/551/393 366/550/392
f 399/506/364 368/553/395 367/551/393
f 399/506/364 401/508/366 369/552/394
f 401/508/366 403/509/367 370/554/396
f 405/511/369 371/555/397 370/554/396
f 407/513/371 372/557/399 371/555/397
f 407/513/371 409/515/373 373/556/398
f 411/517/375 374/559/401 373/556/398
f 411/517/375 413/519/377 375/558/400
f 413/519/377 415/520/378 376/560/402
f 415/520/378 417/522/380 377/561/403
f 417/522/380 419/494/352 378/562/404
f 383/563/405 379/564/406 378/562/404
f 381/489/347 361/545/387 379/564/406
f 442/565/407 444/569/411 443/566/408
f 441/567/409 445/571/413 446/568/410
f 444/569/411 480/600/441 479/570/412
f 445/571/413 447/601/442 448/572/414
f 448/572/414 447/601/442 449/573/415
f 449/573/415 451/602/443 452/575/417
f 452/575/417 451/602/443 453/576/418
f 454/577/419 453/576/418 455/578/420
f 456/579/421 455/578/420 457/580/422
f 458/581/364 457/580/422 459/582/423
f 460/583/424 459/582/423 461/584/425
f 462/585/426 461/584/425 463/586/427
f 463/586/427 465/589/430 466/588/429
f 465/589/430 467/603/444 468/590/431
f 468/590/431 467/603/444 469/591/432
f 469/591/432 471/604/445 472/593/434
f 472/593/434 471/604/445 473/594/435
f 474/595/436 473/594/435 475/596/437
f 475/596/437 477/599/440 478/598/439
f 477/599/440 479/570/412 480/600/441
f 361/545/387 360/544/386 441/567/409
f 360/544/386 362/546/388 445/571/413
f 362/546/388 363/548/390 447/601/442
f 364/547/389 449/573/415 447/601/442
f 364/547/389 365/549/391 451/602/443
f 366/550/392 453/576/418 451/602/443
f 367/551/393 455/578/420 453/576/418
f 368/553/395 457/580/422 455/578/420
f 369/552/394 459/582/423 457/580/422
f 370/554/396 461/584/425 459/582/423
f 371/555/397 463/586/427 461/584/425
f 372/557/399 465/589/430 463/586/427
f 373/556/398 467/603/444 465/589/430
f 374/559/401 469/591/432 467/603/444
f 374/559/401 375/558/400 471/604/445
f 375/558/400 376/560/402 473/594/435
f 376/560/402 377/561/403 475/596/437
f 377/561/403 378/562/404 477/599/440
f 378/562/404 379/564/406 479/570/412
f 379/564/406 361/545/387 443/566/408
f 442/565/407 420/442/308 421/441/307
f 442/565/407 446/568/410 423/444/309
f 446/568/410 448/572/414 424/445/310
f 450/574/416 425/446/311 424/445/310
f 450/574/416 452/575/417 426/447/312
f 454/577/419 427/448/313 426/447/312
f 456/579/421 428/449/314 427/448/313
f 456/579/421 458/581/364 429/450/315
f 460/583/424 430/451/316 429/450/315
f 460/583/424 462/585/426 431/452/317
f 464/587/428 432/453/318 431/452/317
f 466/588/429 433/454/319 432/453/318
f 466/588/429 468/590/431 434/455/320
f 470/592/433 435/456/321 434/455/320
f 470/592/433 472/593/434 436/457/322
f 474/595/436 437/458/323 436/457/322
f 474/595/436 476/597/438 438/459/324
f 476/597/438 478/598/439 439/460/325
f 480/600/441 440/461/326 439/460/325
f 444/569/411 421/441/307 440/461/326
f 486/605/446 489/634/450 488/606/447
f 485/608/449 490/635/468 489/609/450
f 493/611/451 492/614/454 495/612/452
f 492/614/454 491/5029/3469 496/615/455
f 494/613/453 490/635/468 485/608/449
f 500/616/456 503/631/459 506/617/457
f 503/619/459 490/635/468 494/613/453
f 505/621/460 502/642/471 482/622/142
f 508/623/462 484/627/464 481/624/145
f 488/606/447 505/621/460 483/607/461
f 496/626/455 491/627/3469 484/627/464
f 494/613/453 495/612/452 507/628/465
f 495/612/452 496/615/455 508/629/462
f 500/616/456 501/648/467 504/630/466
f 501/632/467 502/642/471 505/621/460
f 489/634/450 504/633/466 505/621/460
f 490/635/468 503/619/459 504/636/466
f 498/637/469 507/5030/465 508/623/462
f 497/618/458 506/617/457 507/638/465
f 497/618/458 512/646/474 513/640/470
f 509/641/145 510/645/473 499/625/463
f 502/642/471 515/5031/3470 516/643/142
f 511/644/472 498/637/469 499/625/463
f 512/646/474 497/618/458 498/639/469
f 513/640/470 514/5032/475 501/648/467
f 514/649/475 515/5031/3470 502/642/471
f 535/666/491 536/5033/512 517/5034/492
f 517/5034/492 518/5035/494 519/664/489
f 519/664/489 520/652/477 537/651/200
f 537/651/200 532/663/488 533/665/490
f 533/665/490 534/5036/509 535/666/491
f 535/666/491 517/5034/492 519/664/489
f 519/664/489 537/651/200 533/665/490
f 517/667/492 539/731/513 542/668/493
f 518/669/494 542/668/493 545/670/495
f 545/670/495 548/738/536 520/672/477
f 520/672/477 548/738/536 551/673/496
f 521/674/476 551/673/496 554/675/497
f 554/675/497 557/678/498 523/677/479
f 557/678/498 560/747/499 524/679/480
f 560/680/499 563/683/500 525/681/481
f 563/683/500 566/685/501 526/684/482
f 566/685/501 569/687/502 527/686/483
f 569/687/502 572/5037/503 528/688/484
f 572/689/503 575/692/504 529/690/485
f 575/692/504 578/694/505 530/693/486
f 578/694/505 581/696/506 531/695/487
f 581/696/506 584/698/507 532/697/488
f 584/698/507 587/700/508 533/699/490
f 587/700/508 590/774/555 534/701/509
f 534/701/509 590/774/555 593/702/510
f 535/704/491 593/776/510 596/705/511
f 536/706/512 596/705/511 539/707/513
f 550/709/514 547/735/534 599/723/159
f 539/707/513 596/705/511 597/724/527
f 540/726/528 597/5038/527 598/727/529
f 541/728/530 544/732/532 543/729/531
f 540/730/528 543/734/531 542/668/493
f 544/732/532 547/735/534 546/733/533
f 543/734/531 546/737/533 545/670/495
f 547/735/534 550/709/514 549/736/535
f 546/737/533 549/739/535 548/738/536
f 553/711/515 552/740/537 549/736/535
f 549/739/535 552/742/537 551/673/496
f 556/712/516 555/744/538 552/740/537
f 555/741/538 554/675/497 551/673/496
f 556/712/516 559/713/517 558/743/539
f 555/741/538 558/746/539 557/678/498
f 559/713/517 562/714/518 561/745/540
f 558/746/539 561/5039/540 560/747/499
f 565/715/519 564/749/541 561/745/540
f 561/748/540 564/751/541 563/683/500
f 568/716/520 567/753/542 564/749/541
f 567/750/542 566/685/501 563/683/500
f 568/716/520 571/717/521 570/752/543
f 570/754/543 569/687/502 566/685/501
f 571/717/521 574/718/522 573/755/544
f 573/756/544 572/5037/503 569/687/502
f 574/718/522 577/719/523 576/757/545
f 576/758/545 575/692/504 572/689/503
f 577/719/523 580/720/524 579/760/546
f 579/761/546 578/694/505 575/692/504
f 580/720/524 583/721/525 582/762/547
f 579/761/546 582/764/547 581/696/506
f 586/722/526 585/766/548 582/762/547
f 585/763/548 584/698/507 581/696/506
f 589/765/549 588/769/550 585/766/548
f 588/767/550 587/700/508 584/698/507
f 592/768/551 591/772/552 588/769/550
f 591/770/552 590/774/555 587/700/508
f 595/771/553 594/775/554 591/772/552
f 594/773/554 593/702/510 590/774/555
f 598/727/529 597/5038/527 594/775/554
f 597/724/527 596/705/511 593/776/510
f 586/722/526 538/710/159 599/723/159
f 1041/854/624 1080/913/683 640/911/681
f 1041/854/624 621/853/623 641/912/682
f 641/912/682 621/853/623 1043/856/626
f 1043/856/626 622/857/627 642/915/685
f 642/915/685 622/857/627 1045/859/629
f 1045/859/629 623/860/630 643/917/687
f 643/917/687 623/860/630 1047/862/632
f 1047/862/632 624/863/633 644/919/689
f 644/919/689 624/863/633 1049/865/635
f 1049/865/635 625/866/636 645/921/691
f 645/921/691 625/866/636 1051/868/638
f 1051/868/638 626/869/639 646/923/693
f 646/923/693 626/869/639 1053/871/641
f 1053/871/641 627/872/642 647/925/695
f 647/925/695 627/872/642 1055/874/644
f 1055/874/644 628/875/645 648/927/697
f 648/927/697 628/875/645 1057/877/647
f 1057/877/647 629/878/648 649/929/699
f 649/929/699 629/878/648 1059/880/650
f 1059/880/650 630/881/651 650/931/701
f 650/931/701 630/881/651 1061/883/653
f 1061/883/653 631/884/654 651/933/703
f 651/933/703 631/884/654 1063/886/656
f 1063/886/656 632/887/657 652/935/705
f 652/935/705 632/887/657 1065/889/659
f 1065/889/659 633/890/660 653/937/707
f 653/937/707 633/890/660 1067/892/662
f 1067/892/662 634/893/663 654/939/709
f 654/939/709 634/893/663 1069/895/665
f 1069/895/665 635/896/666 655/941/711
f 655/941/711 635/896/666 1071/898/668
f 1071/898/668 636/899/669 656/943/713
f 656/943/713 636/899/669 1073/901/671
f 1073/901/671 637/902/672 657/945/715
f 657/945/715 637/902/672 1075/904/674
f 1075/904/674 638/905/675 658/947/717
f 658/947/717 638/905/675 1077/907/677
f 1077/907/677 639/908/678 659/949/719
f 659/949/719 639/908/678 1079/910/680
f 1079/910/680 620/851/621 640/911/681
f 1080/913/683 1260/1567/1098 981/1565/1096
f 1080/913/683 641/912/682 980/1566/1097
f 1260/1568/1098 980/1578/1097 781/1569/1099
f 1260/1568/1098 1100/1570/1100 780/1571/1101
f 1081/914/684 1261/1574/1103 980/1566/1097
f 1081/914/684 642/915/685 982/1573/1102
f 1261/1575/1103 982/1584/1102 782/1576/1104
f 980/1578/1097 1261/1575/1103 1101/1577/1105
f 1082/916/686 1262/1580/1107 982/1573/1102
f 1082/916/686 643/917/687 983/1579/1106
f 983/1581/1106 783/1591/1113 1102/1582/1108
f 982/1584/1102 1262/5051/1107 1102/1585/1108
f 1083/918/688 1263/1587/1110 983/1579/1106
f 1083/918/688 644/919/689 984/1586/1109
f 1263/1588/1110 984/1597/1109 784/1589/1111
f 1263/1588/1110 1103/1590/1112 783/1591/1113
f 1084/920/690 1264/1593/1115 984/1586/1109
f 1084/920/690 645/921/691 985/1592/1114
f 985/1594/1114 785/1604/1120 1104/1595/1116
f 1264/1596/1115 1104/1595/1116 784/1589/1111
f 1085/922/692 1265/1599/1118 985/1592/1114
f 1085/922/692 646/923/693 986/1598/1117
f 986/1600/1117 786/1610/1124 1105/1601/1119
f 1265/1603/1118 1105/5052/1119 785/1604/1120
f 1086/924/694 1266/1606/1122 986/1598/1117
f 1086/924/694 647/925/695 987/1605/1121
f 987/1607/1121 787/1616/1129 1106/1608/1123
f 1266/1609/1122 1106/1608/1123 786/1610/1124
f 1087/926/696 1267/1612/1126 987/1605/1121
f 1087/926/696 648/927/697 988/1611/1125
f 1267/1613/1126 988/1622/1125 788/1614/1127
f 1267/1613/1126 1107/1615/1128 787/1616/1129
f 1088/928/698 1268/1618/1131 988/1611/1125
f 1088/928/698 649/929/699 989/1617/1130
f 1268/1619/1131 989/1628/1130 789/1620/1132
f 988/1622/1125 1268/1619/1131 1108/1621/1133
f 1089/930/700 1269/1624/1135 989/1617/1130
f 1089/930/700 650/931/701 990/1623/1134
f 990/1625/1134 790/1634/1140 1109/1626/1136
f 1269/1627/1135 1109/1626/1136 789/1620/1132
f 1090/932/702 1270/1630/1138 990/1623/1134
f 1090/932/702 651/933/703 991/1629/1137
f 991/1631/1137 791/1640/1144 1110/1632/1139
f 1270/1633/1138 1110/1632/1139 790/1634/1140
f 1091/934/704 1271/1636/1142 991/1629/1137
f 1091/934/704 652/935/705 992/1635/1141
f 992/1637/1141 792/1647/1148 1111/1638/1143
f 1271/1639/1142 1111/1638/1143 791/1640/1144
f 1092/936/706 1272/1642/1146 992/1635/1141
f 1092/936/706 653/937/707 993/1641/1145
f 993/1643/1145 793/1653/1152 1112/1644/1147
f 1272/1646/1146 1112/5053/1147 792/1647/1148
f 1093/938/708 1273/1649/1150 993/1641/1145
f 1093/938/708 654/939/709 994/1648/1149
f 994/1650/1149 794/1659/1156 1113/1651/1151
f 993/1643/1145 1273/1652/1150 1113/1651/1151
f 1094/940/710 1274/1655/1154 994/1648/1149
f 1094/940/710 655/941/711 995/1654/1153
f 995/1656/1153 795/1666/1161 1114/1657/1155
f 994/1650/1149 1274/1658/1154 1114/1657/1155
f 1095/942/712 1275/1661/1158 995/1654/1153
f 1095/942/712 656/943/713 996/1660/1157
f 1275/1662/1158 996/1672/1157 796/1663/1159
f 995/1656/1153 1275/5054/1158 1115/1665/1160
f 1096/944/714 1276/1668/1163 996/1660/1157
f 1096/944/714 657/945/715 997/1667/1162
f 1276/1669/1163 997/1678/1162 797/1670/1164
f 996/1672/1157 1276/1669/1163 1116/1671/1165
f 1097/946/716 1277/1674/1167 997/1667/1162
f 1097/946/716 658/947/717 998/1673/1166
f 1277/1675/1167 998/1684/1166 798/1676/1168
f 997/1678/1162 1277/1675/1167 1117/1677/1169
f 1098/948/718 1278/1680/1171 998/1673/1166
f 1098/948/718 659/949/719 999/1679/1170
f 999/1681/1170 799/1688/1175 1118/1682/1172
f 998/1684/1166 1278/1683/1171 1118/1682/1172
f 1099/950/720 1279/1685/1173 999/1679/1170
f 1099/950/720 640/911/681 981/1565/1096
f 981/1572/1096 780/1571/1101 1119/1686/1174
f 1279/1687/1173 1119/1686/1174 799/1688/1175
f 1321/1689/1176 1398/1749/1236 1399/1690/1177
f 1321/1689/1176 1320/1691/1178 1323/1692/1179
f 1323/1692/1179 1325/1829/1277 1324/1694/1181
f 1324/1694/1181 1325/1829/1277 1327/1695/1182
f 1327/1695/1182 1329/1832/1278 1328/1697/1184
f 1328/1697/1184 1329/1832/1278 1331/1698/1185
f 1331/1698/1185 1333/1835/1279 1332/1700/1187
f 1332/1700/1187 1333/1835/1279 1335/1701/1188
f 1335/1701/1188 1337/1838/1280 1336/1703/1190
f 1336/1703/1190 1337/1838/1280 1339/1704/1191
f 1339/1704/1191 1341/1841/1281 1340/1706/1193
f 1340/1706/1193 1341/1841/1281 1343/1707/1194
f 1343/1707/1194 1345/1844/1282 1344/1709/1196
f 1344/1709/1196 1345/1844/1282 1347/1710/1197
f 1347/1710/1197 1349/1847/1283 1348/1712/1199
f 1348/1712/1199 1349/1847/1283 1351/1713/1200
f 1351/1713/1200 1353/1850/1284 1352/1715/1202
f 1352/1715/1202 1353/1850/1284 1355/1716/1203
f 1355/1716/1203 1357/1853/1285 1356/1718/1205
f 1356/1718/1205 1357/1853/1285 1359/1719/1206
f 1359/1719/1206 1361/1856/1286 1360/1721/1208
f 1360/1721/1208 1361/1856/1286 1363/1722/1209
f 1363/1722/1209 1365/1859/1287 1364/1724/1211
f 1364/1724/1211 1365/1859/1287 1367/1725/1212
f 1367/1725/1212 1369/1862/1288 1368/1727/1214
f 1368/1727/1214 1369/1862/1288 1371/1728/1215
f 1371/1728/1215 1373/1865/1289 1372/1730/1217
f 1372/1730/1217 1373/1865/1289 1375/1731/1218
f 1375/1731/1218 1377/1868/1290 1376/1733/1220
f 1376/1733/1220 1377/1868/1290 1379/1734/1221
f 1379/1734/1221 1381/1871/1291 1380/1736/1223
f 1380/1736/1223 1381/1871/1291 1383/1737/1224
f 1383/1737/1224 1385/1874/1292 1384/1739/1226
f 1384/1739/1226 1385/1874/1292 1387/1740/1227
f 1387/1740/1227 1389/1877/1293 1388/1742/1229
f 1388/1742/1229 1389/1877/1293 1391/1743/1230
f 1391/1743/1230 1393/1880/1294 1392/1745/1232
f 1392/1745/1232 1393/1880/1294 1395/1746/1233
f 1395/1746/1233 1397/1883/1295 1396/1748/1235
f 1396/1748/1235 1397/1883/1295 1399/1690/1177
f 1282/1750/1237 1321/5055/1176 1322/1751/1180
f 1281/1752/1238 1322/1751/1180 1324/1753/1181
f 1280/1754/1239 1324/1753/1181 1326/1755/1183
f 1326/1755/1183 1328/1758/1184 1283/1757/1241
f 1328/1758/1184 1330/5056/1186 1286/1759/1242
f 1330/1760/1186 1332/5057/1187 1285/1761/1243
f 1285/1761/1243 1332/5057/1187 1334/1763/1189
f 1288/1764/1244 1334/1763/1189 1336/1765/1190
f 1336/1765/1190 1338/1768/1192 1290/1767/1246
f 1338/1768/1192 1340/5058/1193 1289/1769/1247
f 1289/1769/1247 1340/5058/1193 1342/1770/1195
f 1342/1772/1195 1344/5059/1196 1291/1773/1249
f 1291/1773/1249 1344/5059/1196 1346/1775/1198
f 1346/1775/1198 1348/1778/1199 1293/1777/1251
f 1348/1778/1199 1350/1780/1201 1296/1779/1252
f 1350/1780/1201 1352/5060/1202 1295/1781/1253
f 1295/1781/1253 1352/5060/1202 1354/1782/1204
f 1354/1782/1204 1356/1785/1205 1297/1784/1255
f 1356/1785/1205 1358/1787/1207 1300/1786/1256
f 1358/1787/1207 1360/1789/1208 1299/1788/1257
f 1360/1789/1208 1362/1791/1210 1302/1790/1258
f 1362/1791/1210 1364/1793/1211 1301/1792/1259
f 1364/1793/1211 1366/1795/1213 1304/1794/1260
f 1366/1795/1213 1368/1797/1214 1303/1796/1261
f 1368/1797/1214 1370/5061/1216 1306/1798/1262
f 1306/1799/1262 1370/5062/1216 1372/1800/1217
f 1305/1801/1263 1372/1800/1217 1374/1802/1219
f 1374/1802/1219 1376/5063/1220 1307/1804/1265
f 1307/1804/1265 1376/5063/1220 1378/1805/1222
f 1378/1805/1222 1380/5064/1223 1309/1807/1267
f 1309/1807/1267 1380/5064/1223 1382/1808/1225
f 1312/1810/1268 1382/5065/1225 1384/1811/1226
f 1311/1812/1269 1384/1811/1226 1386/1813/1228
f 1314/1814/1270 1386/1813/1228 1388/1815/1229
f 1313/1816/1271 1388/1815/1229 1390/1817/1231
f 1316/1818/1272 1390/1817/1231 1392/1819/1232
f 1392/1819/1232 1394/1822/1234 1318/1821/1274
f 1394/1822/1234 1396/1824/1235 1317/1823/1275
f 1396/1824/1235 1398/1826/1236 1319/1825/1276
f 1398/1826/1236 1321/5055/1176 1282/1750/1237
f 1100/1827/1100 1323/1692/1179 1320/1691/1178
f 1100/1827/1100 781/1831/1099 1325/1829/1277
f 1101/1830/1105 1327/1695/1182 1325/1829/1277
f 1101/1830/1105 782/1834/1104 1329/1832/1278
f 1102/1833/1108 1331/1698/1185 1329/1832/1278
f 1102/1833/1108 783/1837/1113 1333/1835/1279
f 1103/1836/1112 1335/1701/1188 1333/1835/1279
f 1103/1836/1112 784/1840/1111 1337/1838/1280
f 1104/1839/1116 1339/1704/1191 1337/1838/1280
f 1104/1839/1116 785/1843/1120 1341/1841/1281
f 1105/1842/1119 1343/1707/1194 1341/1841/1281
f 1105/1842/1119 786/1846/1124 1345/1844/1282
f 1106/1845/1123 1347/1710/1197 1345/1844/1282
f 1106/1845/1123 787/1849/1129 1349/1847/1283
f 1107/1848/1128 1351/1713/1200 1349/1847/1283
f 1107/1848/1128 788/1852/1127 1353/1850/1284
f 1108/1851/1133 1355/1716/1203 1353/1850/1284
f 1108/1851/1133 789/1855/1132 1357/1853/1285
f 1109/1854/1136 1359/1719/1206 1357/1853/1285
f 1109/1854/1136 790/1858/1140 1361/1856/1286
f 1110/1857/1139 1363/1722/1209 1361/1856/1286
f 1110/1857/1139 791/1861/1144 1365/1859/1287
f 1111/1860/1143 1367/1725/1212 1365/1859/1287
f 1111/1860/1143 792/1864/1148 1369/1862/1288
f 1112/1863/1147 1371/1728/1215 1369/1862/1288
f 1112/1863/1147 793/1867/1152 1373/1865/1289
f 1113/1866/1151 1375/1731/1218 1373/1865/1289
f 1113/1866/1151 794/1870/1156 1377/1868/1290
f 1114/1869/1155 1379/1734/1221 1377/1868/1290
f 1114/1869/1155 795/1873/1161 1381/1871/1291
f 1115/1872/1160 1383/1737/1224 1381/1871/1291
f 1115/1872/1160 796/1876/1159 1385/1874/1292
f 1116/1875/1165 1387/1740/1227 1385/1874/1292
f 1116/1875/1165 797/1879/1164 1389/1877/1293
f 1117/1878/1169 1391/1743/1230 1389/1877/1293
f 1117/1878/1169 798/1882/1168 1393/1880/1294
f 1118/1881/1172 1395/1746/1233 1393/1880/1294
f 1118/1881/1172 799/1885/1175 1397/1883/1295
f 1119/1884/1174 1399/1690/1177 1397/1883/1295
f 1119/1884/1174 780/1828/1101 1320/1691/1178
f 1440/2053/1419 1880/2611/1797 1841/2054/1420
f 1841/2054/1420 1880/2611/1797 1441/2055/1421
f 1441/2055/1421 1881/2618/1802 1843/2056/1422
f 1843/2056/1422 1881/2618/1802 1442/2057/1423
f 1442/2057/1423 1882/2624/1807 1845/2058/1424
f 1845/2058/1424 1882/2624/1807 1443/2059/1425
f 1443/2059/1425 1883/2631/1811 1847/2060/1426
f 1847/2060/1426 1883/2631/1811 1444/2061/1427
f 1444/2061/1427 1884/2637/1816 1849/2062/1428
f 1849/2062/1428 1884/2637/1816 1445/2063/1429
f 1445/2063/1429 1885/2642/1820 1851/2064/1430
f 1851/2064/1430 1885/2642/1820 1446/2065/1431
f 1446/2065/1431 1886/2649/1825 1853/2066/1432
f 1853/2066/1432 1886/2649/1825 1447/2067/1433
f 1447/2067/1433 1887/2655/1830 1855/2068/1434
f 1855/2068/1434 1887/2655/1830 1448/2069/1435
f 1448/2069/1435 1888/2661/1835 1857/2070/1436
f 1857/2070/1436 1888/2661/1835 1449/2071/1437
f 1449/2071/1437 1889/2667/1840 1859/2072/1438
f 1859/2072/1438 1889/2667/1840 1450/2073/1439
f 1450/2073/1439 1890/2672/1844 1861/2074/1440
f 1861/2074/1440 1890/2672/1844 1451/2075/1441
f 1451/2075/1441 1891/2678/1849 1863/2076/1442
f 1863/2076/1442 1891/2678/1849 1452/2077/1443
f 1452/2077/1443 1892/2684/1854 1865/2078/1444
f 1865/2078/1444 1892/2684/1854 1453/2079/1445
f 1453/2079/1445 1893/2691/1859 1867/2080/1446
f 1867/2080/1446 1893/2691/1859 1454/2081/1447
f 1454/2081/1447 1894/2696/1863 1869/2082/1448
f 1869/2082/1448 1894/2696/1863 1455/2083/1449
f 1455/2083/1449 1895/2701/1867 1871/2084/1450
f 1871/2084/1450 1895/2701/1867 1456/2085/1451
f 1456/2085/1451 1896/2708/1872 1873/2086/1452
f 1873/2086/1452 1896/2708/1872 1457/2087/1453
f 1457/2087/1453 1897/2714/1877 1875/2088/1454
f 1875/2088/1454 1897/2714/1877 1458/2089/1455
f 1458/2089/1455 1898/2720/1882 1877/2090/1456
f 1877/2090/1456 1898/2720/1882 1459/2091/1457
f 1459/2091/1457 1899/2725/1886 1879/2092/1458
f 1879/2092/1458 1899/2725/1886 1440/2053/1419
f 1781/2610/1796 2060/5158/1799 1880/2611/1797
f 1880/2611/1797 2060/5158/1799 1780/2612/1798
f 2060/2613/1799 1900/5159/2010 1581/2614/1800
f 1580/2616/1801 1900/5159/2010 2060/2613/1799
f 1780/2612/1798 2061/5160/1804 1881/2618/1802
f 1881/2618/1802 2061/5160/1804 1782/2619/1803
f 2061/2620/1804 1901/2623/1806 1582/2621/1805
f 1780/2615/1798 1581/2614/1800 1901/2623/1806
f 1782/2619/1803 2062/5161/1810 1882/2624/1807
f 1882/2624/1807 2062/5161/1810 1783/2625/1808
f 1902/2626/1809 1583/2636/1815 1783/2627/1808
f 1782/2622/1803 1582/2621/1805 1902/2629/1809
f 1783/2625/1808 2063/5162/1813 1883/2631/1811
f 1883/2631/1811 2063/5162/1813 1784/2632/1812
f 2063/2633/1813 1903/5163/2011 1584/2634/1814
f 1583/2636/1815 1903/5163/2011 2063/2633/1813
f 1784/2632/1812 2064/5164/1819 1884/2637/1816
f 1884/2637/1816 2064/5164/1819 1785/2638/1817
f 1904/2639/1818 1585/2647/1824 1785/2640/1817
f 1584/2634/1814 1904/2639/1818 2064/2641/1819
f 1785/2638/1817 2065/5165/1823 1885/2642/1820
f 1885/2642/1820 2065/5165/1823 1786/2643/1821
f 1905/2644/1822 1586/2654/1829 1786/2645/1821
f 1585/2647/1824 1905/5166/1822 2065/2648/1823
f 1786/2643/1821 2066/5167/1828 1886/2649/1825
f 1886/2649/1825 2066/5167/1828 1787/2650/1826
f 1906/2651/1827 1587/2660/1834 1787/2652/1826
f 1586/2654/1829 1906/2651/1827 2066/2653/1828
f 1787/2650/1826 2067/5168/1832 1887/2655/1830
f 1887/2655/1830 2067/5168/1832 1788/2656/1831
f 2067/2657/1832 1907/5169/2012 1588/2658/1833
f 1587/2660/1834 1907/5169/2012 2067/2657/1832
f 1788/2656/1831 2068/5170/1837 1888/2661/1835
f 1888/2661/1835 2068/5170/1837 1789/2662/1836
f 2068/2663/1837 1908/2666/1839 1589/2664/1838
f 1788/2659/1831 1588/2658/1833 1908/2666/1839
f 1789/2662/1836 2069/5171/1843 1889/2667/1840
f 1889/2667/1840 2069/5171/1843 1790/2668/1841
f 1909/2669/1842 1590/2677/1848 1790/2670/1841
f 1589/2664/1838 1909/2669/1842 2069/2671/1843
f 1790/2668/1841 2070/5172/1847 1890/2672/1844
f 1890/2672/1844 2070/5172/1847 1791/2673/1845
f 1910/2674/1846 1591/2683/1853 1791/2675/1845
f 1590/2677/1848 1910/2674/1846 2070/2676/1847
f 1791/2673/1845 2071/5173/1852 1891/2678/1849
f 1891/2678/1849 2071/5173/1852 1792/2679/1850
f 1911/2680/1851 1592/2689/1858 1792/2681/1850
f 1591/2683/1853 1911/2680/1851 2071/2682/1852
f 1792/2679/1850 2072/5174/1856 1892/2684/1854
f 1892/2684/1854 2072/5174/1856 1793/2685/1855
f 2072/2686/1856 1912/5175/2013 1593/2687/1857
f 1592/2689/1858 1912/5176/2013 2072/2690/1856
f 1793/2685/1855 2073/5177/1862 1893/2691/1859
f 1893/2691/1859 2073/5177/1862 1794/2692/1860
f 1913/2693/1861 1594/5178/2014 1794/2694/1860
f 1793/2688/1855 1593/2687/1857 1913/2693/1861
f 1794/2692/1860 2074/5179/1866 1894/2696/1863
f 1894/2696/1863 2074/5179/1866 1795/2697/1864
f 1914/2698/1865 1595/5180/2015 1795/2699/1864
f 1794/2694/1860 1594/5178/2014 1914/2698/1865
f 1795/2697/1864 2075/5181/1869 1895/2701/1867
f 1895/2701/1867 2075/5181/1869 1796/2702/1868
f 2075/2703/1869 1915/5182/1871 1596/2704/1870
f 1795/2699/1864 1595/5180/2015 1915/2706/1871
f 1796/2702/1868 2076/5183/1874 1896/2708/1872
f 1896/2708/1872 2076/5183/1874 1797/2709/1873
f 2076/2710/1874 1916/2713/1876 1597/2711/1875
f 1796/2705/1868 1596/2704/1870 1916/2713/1876
f 1797/2709/1873 2077/5184/1879 1897/2714/1877
f 1897/2714/1877 2077/5184/1879 1798/2715/1878
f 2077/2716/1879 1917/2719/1881 1598/2717/1880
f 1797/2712/1873 1597/2711/1875 1917/2719/1881
f 1798/2715/1878 2078/5185/1885 1898/2720/1882
f 1898/2720/1882 2078/5185/1885 1799/2721/1883
f 1918/2722/1884 1599/2728/1889 1799/2723/1883
f 1598/2717/1880 1918/2722/1884 2078/2724/1885
f 1799/2721/1883 2079/5186/1888 1899/2725/1886
f 1899/2725/1886 2079/5186/1888 1781/2610/1796
f 1919/2726/1887 1580/2616/1801 1781/2617/1796
f 1599/2728/1889 1919/2726/1887 2079/2727/1888
f 2199/2729/1890 2198/5187/2009 2121/2730/1891
f 2121/2730/1891 2122/2734/1895 2123/2732/1893
f 2124/2733/1894 2125/2736/1897 2123/2732/1893
f 2124/2733/1894 2126/2738/1899 2127/2735/1896
f 2128/2737/1898 2129/2740/1901 2127/2735/1896
f 2128/2737/1898 2130/2742/1903 2131/2739/1900
f 2132/2741/1902 2133/2744/1905 2131/2739/1900
f 2132/2741/1902 2134/2746/1907 2135/2743/1904
f 2136/2745/1906 2137/2748/1909 2135/2743/1904
f 2136/2745/1906 2138/2750/1911 2139/2747/1908
f 2140/2749/1910 2141/2752/1913 2139/2747/1908
f 2140/2749/1910 2142/2754/1915 2143/2751/1912
f 2144/2753/1914 2145/2756/1917 2143/2751/1912
f 2144/2753/1914 2146/2758/1919 2147/2755/1916
f 2148/2757/1918 2149/2760/1921 2147/2755/1916
f 2148/2757/1918 2150/2762/1923 2151/2759/1920
f 2152/2761/1922 2153/2764/1925 2151/2759/1920
f 2152/2761/1922 2154/2766/1927 2155/2763/1924
f 2156/2765/1926 2157/2768/1929 2155/2763/1924
f 2156/2765/1926 2158/2770/1931 2159/2767/1928
f 2160/2769/1930 2161/2772/1933 2159/2767/1928
f 2160/2769/1930 2162/2774/1935 2163/2771/1932
f 2164/2773/1934 2165/2776/1937 2163/2771/1932
f 2164/2773/1934 2166/2778/1939 2167/2775/1936
f 2168/2777/1938 2169/2780/1941 2167/2775/1936
f 2168/2777/1938 2170/2782/1943 2171/2779/1940
f 2172/2781/1942 2173/2784/1945 2171/2779/1940
f 2172/2781/1942 2174/2786/1947 2175/2783/1944
f 2176/2785/1946 2177/2788/1949 2175/2783/1944
f 2176/2785/1946 2178/2790/1951 2179/2787/1948
f 2180/2789/1950 2181/2792/1953 2179/2787/1948
f 2180/2789/1950 2182/2794/1955 2183/2791/1952
f 2184/2793/1954 2185/2796/1957 2183/2791/1952
f 2184/2793/1954 2186/2798/1959 2187/2795/1956
f 2188/2797/1958 2189/2800/1961 2187/2795/1956
f 2188/2797/1958 2190/2802/1963 2191/2799/1960
f 2192/2801/1962 2193/2804/1965 2191/2799/1960
f 2192/2801/1962 2194/2806/1967 2195/2803/1964
f 2196/2805/1966 2197/2807/1968 2195/2803/1964
f 2196/2805/1966 2198/5187/2009 2199/2729/1890
f 2082/2808/1969 2081/2811/1970 2122/2809/1895
f 2081/2811/1970 2080/2813/1971 2124/2812/1894
f 2080/2813/1971 2084/2816/1973 2126/2814/1899
f 2083/2815/1972 2128/2818/1898 2126/2814/1899
f 2083/2815/1972 2086/5188/1975 2130/2817/1903
f 2085/2819/1974 2132/2823/1902 2130/2820/1903
f 2085/2819/1974 2088/2824/1976 2134/2822/1907
f 2088/2824/1976 2087/2827/1978 2136/2825/1906
f 2090/2826/1977 2138/2829/1911 2136/2825/1906
f 2089/2828/1979 2140/2831/1910 2138/2829/1911
f 2089/2828/1979 2092/5189/1981 2142/2830/1915
f 2091/2832/1980 2144/2836/1914 2142/2833/1915
f 2091/2832/1980 2094/2838/1983 2146/2835/1919
f 2093/2837/1982 2148/2840/1918 2146/2835/1919
f 2096/2839/1984 2150/2842/1923 2148/2840/1918
f 2095/2841/1985 2152/2844/1922 2150/2842/1923
f 2095/2841/1985 2098/2846/1987 2154/2843/1927
f 2097/2845/1986 2156/2848/1926 2154/2843/1927
f 2100/2847/1988 2158/2850/1931 2156/2848/1926
f 2099/2849/1989 2160/2852/1930 2158/2850/1931
f 2102/2851/1990 2162/2854/1935 2160/2852/1930
f 2101/2853/1991 2164/2856/1934 2162/2854/1935
f 2104/2855/1992 2166/2858/1939 2164/2856/1934
f 2103/2857/1993 2168/2860/1938 2166/2858/1939
f 2106/2859/1994 2170/5190/1943 2168/2860/1938
f 2106/2861/1994 2105/2864/1995 2172/2862/1942
f 2105/2864/1995 2108/2867/1997 2174/2865/1947
f 2107/2866/1996 2176/2869/1946 2174/2865/1947
f 2107/2866/1996 2110/5191/1999 2178/2868/1951
f 2109/2870/1998 2180/2874/1950 2178/2871/1951
f 2109/2870/1998 2112/2875/2000 2182/2873/1955
f 2112/2875/2000 2111/2877/2001 2184/2876/1954
f 2111/2877/2001 2114/2879/2002 2186/2878/1959
f 2114/2879/2002 2113/2881/2003 2188/2880/1958
f 2113/2881/2003 2116/5192/2004 2190/2882/1963
f 2116/2883/2004 2115/2886/2005 2192/2884/1962
f 2115/2886/2005 2118/2889/2007 2194/2887/1967
f 2117/2888/2006 2196/2891/1966 2194/2887/1967
f 2119/2890/2008 2198/2892/2009 2196/2891/1966
f 2082/2808/1969 2121/2810/1891 2198/2892/2009
f 2120/2731/1892 2123/2732/1893 1900/2893/2010
f 1900/2893/2010 2123/2732/1893 2125/2736/1897
f 2125/2736/1897 2127/2735/1896 1901/2896/1806
f 1901/2896/1806 2127/2735/1896 2129/2740/1901
f 2129/2740/1901 2131/2739/1900 1902/2898/1809
f 1902/2898/1809 2131/2739/1900 2133/2744/1905
f 2133/2744/1905 2135/2743/1904 1903/2900/2011
f 1903/2900/2011 2135/2743/1904 2137/2748/1909
f 2137/2748/1909 2139/2747/1908 1904/2902/1818
f 1904/2902/1818 2139/2747/1908 2141/2752/1913
f 2141/2752/1913 2143/2751/1912 1905/2904/1822
f 1905/2904/1822 2143/2751/1912 2145/2756/1917
f 2145/2756/1917 2147/2755/1916 1906/2906/1827
f 1906/2906/1827 2147/2755/1916 2149/2760/1921
f 2149/2760/1921 2151/2759/1920 1907/2908/2012
f 1907/2908/2012 2151/2759/1920 2153/2764/1925
f 2153/2764/1925 2155/2763/1924 1908/2910/1839
f 1908/2910/1839 2155/2763/1924 2157/2768/1929
f 2157/2768/1929 2159/2767/1928 1909/2912/1842
f 1909/2912/1842 2159/2767/1928 2161/2772/1933
f 2161/2772/1933 2163/2771/1932 1910/2914/1846
f 1910/2914/1846 2163/2771/1932 2165/2776/1937
f 2165/2776/1937 2167/2775/1936 1911/2916/1851
f 1911/2916/1851 2167/2775/1936 2169/2780/1941
f 2169/2780/1941 2171/2779/1940 1912/2918/2013
f 1912/2918/2013 2171/2779/1940 2173/2784/1945
f 2173/2784/1945 2175/2783/1944 1913/2920/1861
f 1913/2920/1861 2175/2783/1944 2177/2788/1949
f 2177/2788/1949 2179/2787/1948 1914/2922/1865
f 1914/2922/1865 2179/2787/1948 2181/2792/1953
f 2181/2792/1953 2183/2791/1952 1915/2924/1871
f 1915/2924/1871 2183/2791/1952 2185/2796/1957
f 2185/2796/1957 2187/2795/1956 1916/2926/1876
f 1916/2926/1876 2187/2795/1956 2189/2800/1961
f 2189/2800/1961 2191/2799/1960 1917/2928/1881
f 1917/2928/1881 2191/2799/1960 2193/2804/1965
f 2193/2804/1965 2195/2803/1964 1918/2930/1884
f 1918/2930/1884 2195/2803/1964 2197/2807/1968
f 2197/2807/1968 2199/2729/1890 1919/2932/1887
f 1919/2932/1887 2199/2729/1890 2120/2731/1892
f 2206/2956/2016 2205/5215/2019 2208/2957/2017
f 2205/2959/2019 2204/2972/3471 2209/2960/2020
f 2211/2962/2021 2214/2966/2025 2213/2963/2022
f 2210/2965/2024 2215/2968/2027 2214/2966/2025
f 2207/2958/2018 2215/2968/2027 2210/2965/2024
f 2207/2958/2018 2222/5216/2029 2225/2967/2026
f 2219/2969/2028 2216/2981/2038 2225/2970/2026
f 2209/2960/2020 2204/2972/3471 2202/2972/2030
f 2213/2963/2022 2227/2976/2035 2203/2964/2032
f 2224/2973/2031 2202/2972/2030 2201/2974/2033
f 2227/2976/2035 2218/2988/2042 2200/2977/2036
f 2207/2978/2018 2208/2961/2017 2223/2979/2037
f 2208/2961/2017 2209/2960/2020 2224/2973/2031
f 2216/2981/2038 2217/2992/2040 2226/2982/2039
f 2217/2983/2040 2218/2988/2042 2227/2976/2035
f 2220/2985/2041 2223/2979/2037 2224/2973/2031
f 2219/2969/2028 2222/2971/2029 2223/2986/2037
f 2214/2966/2025 2226/2984/2039 2227/2976/2035
f 2215/2968/2027 2225/2967/2026 2226/2984/2039
f 2218/2988/2042 2229/2991/2044 2228/2989/2036
f 2218/2988/2042 2217/2983/2040 2230/2990/2043
f 2217/2992/2040 2216/2981/2038 2231/2993/2045
f 2232/2995/2046 2231/2993/2045 2216/2981/2038
f 2220/2987/2041 2233/5217/2047 2232/2995/2046
f 2221/2975/2034 2234/5218/3472 2233/2996/2047
f 2235/2997/2033 2234/5218/3472 2221/2975/2034
f 2241/2998/2048 2244/3002/2052 2243/2999/2049
f 2240/3001/2051 2245/3026/2070 2244/3002/2052
f 2248/3003/2053 2247/5219/2056 2250/3004/2054
f 2247/3006/2056 2246/3019/3473 2251/3007/2057
f 2249/3005/2055 2245/3026/2070 2240/3001/2051
f 2258/3009/2058 2261/5220/2061 2252/3010/2059
f 2258/3012/2058 2245/3026/2070 2249/3005/2055
f 2260/3014/2062 2257/3030/2072 2237/3015/2033
f 2263/3016/2064 2239/3019/2066 2236/3017/2036
f 2243/2999/2049 2260/3014/2062 2238/3000/2063
f 2251/3007/2057 2246/3019/3473 2239/3019/2066
f 2249/3020/2055 2250/3008/2054 2262/3021/2067
f 2250/3008/2054 2251/3007/2057 2263/3016/2064
f 2255/3011/2060 2256/3034/2069 2259/3023/2068
f 2256/3024/2069 2257/3030/2072 2260/3014/2062
f 2244/3002/2052 2259/3025/2068 2260/3014/2062
f 2245/3026/2070 2258/3012/2058 2259/3025/2068
f 2253/3027/2071 2262/3021/2067 2263/3016/2064
f 2252/3010/2059 2261/5220/2061 2262/3028/2067
f 2257/3030/2072 2265/5221/3474 2264/3031/2033
f 2266/3032/2073 2265/5221/3474 2257/3030/2072
f 2267/3033/2074 2266/5222/2073 2256/3034/2069
f 2255/3011/2060 2252/3010/2059 2268/3035/2075
f 2268/3035/2075 2252/3010/2059 2253/3029/2071
f 2269/3037/2076 2253/3027/2071 2254/3018/2065
f 2271/3039/2036 2270/3038/2077 2254/3018/2065
f 2278/3040/2078 2277/5223/2081 2280/3041/2079
f 2277/3043/2081 2276/3056/3475 2281/3044/2082
f 2283/3046/2083 2286/3050/2087 2285/3047/2084
f 2282/3049/2086 2287/3052/2089 2286/3050/2087
f 2279/3042/2080 2287/3052/2089 2282/3049/2086
f 2294/3051/2088 2297/5224/2091 2287/3052/2089
f 2294/3053/2088 2291/3071/2103 2288/3054/2090
f 2281/3044/2082 2276/3056/3475 2274/3056/2092
f 2285/3058/2084 2299/3063/2097 2275/3059/2094
f 2296/3057/2093 2274/3056/2092 2273/3061/2095
f 2299/3063/2097 2290/3076/2104 2272/3064/2098
f 2279/3042/2080 2280/3041/2079 2295/3065/2099
f 2280/3045/2079 2281/3044/2082 2296/3057/2093
f 2288/3054/2090 2289/3080/2101 2298/3067/2100
f 2289/3068/2101 2290/3076/2104 2299/3063/2097
f 2292/3070/2102 2295/3066/2099 2296/3057/2093
f 2291/3071/2103 2294/3053/2088 2295/3072/2099
f 2286/3050/2087 2298/3075/2100 2299/3074/2097
f 2287/3052/2089 2297/5224/2091 2298/3075/2100
f 2290/3076/2104 2301/3079/2106 2300/3077/2098
f 2290/3076/2104 2289/3068/2101 2302/3078/2105
f 2289/3080/2101 2288/3054/2090 2303/3081/2107
f 2303/3081/2107 2288/3054/2090 2291/3071/2103
f 2292/3073/2102 2305/5225/2109 2304/3083/2108
f 2293/3062/2096 2306/5226/3476 2305/3084/2109
f 2307/3085/2095 2306/5226/3476 2293/3062/2096
f 2313/3086/2110 2316/3090/2114 2315/3087/2111
f 2312/3089/2113 2317/3100/2123 2316/3090/2114
f 2320/3091/2115 2319/5227/2118 2322/3092/2116
f 2319/3094/2118 2318/3111/3477 2323/3095/2119
f 2321/3093/2117 2317/3100/2123 2312/3089/2113
f 2327/3097/2120 2330/3115/2124 2333/3098/2121
f 2317/3100/2123 2321/3093/2117 2333/3101/2121
f 2332/3103/2125 2329/3123/2134 2309/3104/2095
f 2335/3106/2127 2311/3111/2129 2308/3107/2098
f 2315/3109/2111 2332/3103/2125 2310/3105/2126
f 2323/3095/2119 2318/3111/3477 2311/3111/2129
f 2321/3093/2117 2322/3092/2116 2334/3112/2130
f 2322/3096/2116 2323/3095/2119 2335/3106/2127
f 2327/3097/2120 2328/3127/2132 2331/3114/2131
f 2328/3116/2132 2329/3123/2134 2332/3103/2125
f 2316/3090/2114 2331/3119/2131 2332/3118/2125
f 2317/3100/2123 2330/3102/2124 2331/3119/2131
f 2325/3120/2133 2334/3113/2130 2335/3106/2127
f 2324/3099/2122 2333/3098/2121 2334/3121/2130
f 2329/3123/2134 2337/5228/3478 2336/3124/2095
f 2338/3125/2135 2337/5228/3478 2329/3123/2134
f 2339/3126/2136 2338/5229/2135 2328/3127/2132
f 2324/3099/2122 2340/3128/2137 2339/3126/2136
f 2340/3128/2137 2324/3099/2122 2325/3122/2133
f 2341/3130/2138 2325/3120/2133 2326/3108/2128
f 2343/3132/2098 2342/3131/2139 2326/3108/2128
f 2350/3133/2140 2349/3136/2143 2352/3134/2141
f 2349/3136/2143 2348/3150/3479 2353/3137/2144
f 2355/3138/2145 2358/3142/2149 2357/3139/2146
f 2354/3141/2148 2359/3146/2151 2358/3142/2149
f 2351/3143/2142 2359/3146/2151 2354/3141/2148
f 2351/3143/2142 2366/5230/2152 2369/3145/2150
f 2366/3147/2152 2363/3162/2165 2360/3148/2153
f 2353/3137/2144 2348/3150/3479 2346/3150/2154
f 2357/3139/2146 2371/3154/2159 2347/3140/2156
f 2368/3151/2155 2346/3150/2154 2345/3152/2157
f 2371/3154/2159 2362/3165/2166 2344/3155/2160
f 2351/3135/2142 2352/3134/2141 2367/3156/2161
f 2352/3134/2141 2353/3137/2144 2368/3151/2155
f 2360/3148/2153 2361/3169/2163 2370/3158/2162
f 2361/3159/2163 2362/3165/2166 2371/3154/2159
f 2364/3161/2164 2367/3156/2161 2368/3151/2155
f 2363/3162/2165 2366/3147/2152 2367/3163/2161
f 2358/3142/2149 2370/3160/2162 2371/3154/2159
f 2359/3146/2151 2369/3145/2150 2370/3160/2162
f 2362/3165/2166 2373/3168/2168 2372/3166/2160
f 2362/3165/2166 2361/3159/2163 2374/3167/2167
f 2361/3169/2163 2360/3148/2153 2375/3170/2169
f 2376/3172/2170 2375/3170/2169 2360/3148/2153
f 2364/3164/2164 2377/5231/2171 2376/3172/2170
f 2365/3153/2158 2378/5232/3480 2377/3173/2171
f 2379/3174/2157 2378/5232/3480 2365/3153/2158
f 2385/3175/2172 2388/3179/2176 2387/3176/2173
f 2384/3178/2175 2389/3204/2196 2388/3179/2176
f 2392/3180/2177 2391/3183/2180 2394/3181/2178
f 2391/3183/2180 2390/3197/3481 2395/3184/2181
f 2393/3185/2179 2389/3204/2196 2384/3178/2175
f 2399/3187/2182 2402/3201/2185 2405/3188/2183
f 2402/3190/2185 2389/3204/2196 2393/3185/2179
f 2404/3192/2186 2401/3208/2198 2381/3193/2187
f 2407/3194/2189 2383/3197/2192 2380/3195/2190
f 2387/3176/2173 2404/3192/2186 2382/3177/2188
f 2395/3184/2181 2390/3197/3481 2383/3197/2192
f 2393/3182/2179 2394/3181/2178 2406/3198/2193
f 2394/3181/2178 2395/3184/2181 2407/3194/2189
f 2399/3187/2182 2400/3212/2195 2403/3200/2194
f 2400/3202/2195 2401/3208/2198 2404/3192/2186
f 2388/3179/2176 2403/3203/2194 2404/3192/2186
f 2389/3204/2196 2402/3190/2185 2403/3203/2194
f 2397/3205/2197 2406/3198/2193 2407/3194/2189
f 2396/3189/2184 2405/3188/2183 2406/3206/2193
f 2401/3208/2198 2409/5233/3482 2408/3209/2157
f 2410/3210/2199 2409/5233/3482 2401/3208/2198
f 2411/3211/2200 2410/5234/2199 2400/3212/2195
f 2396/3189/2184 2412/3213/2201 2411/3211/2200
f 2412/3213/2201 2396/3189/2184 2397/3207/2197
f 2413/3215/2202 2397/3205/2197 2398/3196/2191
f 2415/3217/2160 2414/3216/2203 2398/3196/2191
f 2422/3218/2204 2421/5235/2207 2424/3219/2205
f 2421/3221/2207 2420/3235/3483 2425/3222/2208
f 2427/3224/2209 2430/3228/2213 2429/3225/2210
f 2426/3227/2212 2431/3251/2215 2430/3228/2213
f 2423/3220/2206 2431/3231/2215 2426/3229/2212
f 2438/3230/2214 2441/5236/2217 2431/3231/2215
f 2435/3232/2216 2432/3244/2226 2441/3233/2217
f 2425/3222/2208 2420/3235/3483 2418/3235/2218
f 2429/3225/2210 2443/3240/2223 2419/3237/2220
f 2440/3236/2219 2418/3235/2218 2417/3238/2221
f 2443/3240/2223 2434/3252/2230 2416/3241/2224
f 2423/3220/2206 2424/3219/2205 2439/3242/2225
f 2424/3223/2205 2425/3222/2208 2440/3236/2219
f 2432/3244/2226 2433/3256/2228 2442/3245/2227
f 2433/3246/2228 2434/3252/2230 2443/3240/2223
f 2436/3248/2229 2439/3243/2225 2440/3236/2219
f 2435/3232/2216 2438/3234/2214 2439/3249/2225
f 2430/3228/2213 2442/3247/2227 2443/3240/2223
f 2431/3251/2215 2441/5237/2217 2442/3247/2227
f 2434/3252/2230 2445/3255/2232 2444/3253/2224
f 2434/3252/2230 2433/3246/2228 2446/3254/2231
f 2433/3256/2228 2432/3244/2226 2447/3257/2233
f 2448/3259/2234 2447/3257/2233 2432/3244/2226
f 2436/3250/2229 2449/5238/2235 2448/3259/2234
f 2437/3239/2222 2450/5239/3484 2449/3260/2235
f 2451/3261/2221 2450/5239/3484 2437/3239/2222
f 2457/3262/2236 2460/3266/2240 2459/3263/2237
f 2456/3265/2239 2461/3291/2249 2460/3266/2240
f 2464/3267/2241 2463/5240/2244 2466/3268/2242
f 2463/3270/2244 2462/3285/3485 2467/3271/2245
f 2465/3269/2243 2461/3277/2249 2456/3273/2239
f 2474/3274/2246 2477/5241/2250 2468/3275/2247
f 2461/3277/2249 2465/3269/2243 2477/3278/2250
f 2476/3280/2251 2473/3298/2262 2453/3281/2221
f 2479/3282/2253 2455/3285/2255 2452/3283/2224
f 2459/3263/2237 2476/3280/2251 2454/3264/2252
f 2467/3271/2245 2462/3285/3485 2455/3285/2255
f 2465/3269/2243 2466/3268/2242 2478/3286/2256
f 2466/3272/2242 2467/3271/2245 2479/3282/2253
f 2471/3276/2248 2472/3303/2258 2475/3288/2257
f 2472/3289/2258 2473/3298/2262 2476/3280/2251
f 2460/3266/2240 2475/3290/2257 2476/3280/2251
f 2461/3291/2249 2474/5242/2246 2475/3290/2257
f 2469/3292/2259 2478/3287/2256 2479/3282/2253
f 2468/3275/2247 2477/5241/2250 2478/3293/2256
f 2471/3276/2248 2468/3275/2247 2483/3295/2260
f 2480/3297/2224 2481/3301/2232 2470/3284/2254
f 2473/3298/2262 2486/5243/3486 2487/3299/2221
f 2482/3300/2231 2469/3292/2259 2470/3284/2254
f 2483/3295/2260 2468/3275/2247 2469/3294/2259
f 2484/3296/2261 2485/5244/2263 2472/3303/2258
f 2485/3304/2263 2486/5243/3486 2473/3298/2262
f 2494/3305/2264 2493/5245/2267 2496/3306/2265
f 2493/3308/2267 2492/3322/3487 2497/3309/2268
f 2499/3311/2269 2502/3315/2273 2501/3312/2270
f 2498/3314/2272 2503/3338/2275 2502/3315/2273
f 2495/3307/2266 2503/3318/2275 2498/3316/2272
f 2510/3317/2274 2513/5246/2277 2503/3318/2275
f 2507/3319/2276 2504/3331/2286 2513/3320/2277
f 2497/3309/2268 2492/3322/3487 2490/3322/2278
f 2501/3312/2270 2515/3327/2283 2491/3324/2280
f 2512/3323/2279 2490/3322/2278 2489/3325/2281
f 2515/3327/2283 2506/3339/2290 2488/3328/2284
f 2495/3307/2266 2496/3306/2265 2511/3329/2285
f 2496/3310/2265 2497/3309/2268 2512/3323/2279
f 2504/3331/2286 2505/3343/2288 2514/3332/2287
f 2505/3333/2288 2506/3339/2290 2515/3327/2283
f 2508/3335/2289 2511/3330/2285 2512/3323/2279
f 2507/3319/2276 2510/3321/2274 2511/3336/2285
f 2502/3315/2273 2514/3334/2287 2515/3327/2283
f 2503/3338/2275 2513/5247/2277 2514/3334/2287
f 2506/3339/2290 2517/3342/2292 2516/3340/2284
f 2506/3339/2290 2505/3333/2288 2518/3341/2291
f 2505/3343/2288 2504/3331/2286 2519/3344/2293
f 2520/3346/2294 2519/3344/2293 2504/3331/2286
f 2508/3337/2289 2521/5248/2295 2520/3346/2294
f 2509/3326/2282 2522/5249/3488 2521/3347/2295
f 2523/3348/2281 2522/5249/3488 2509/3326/2282
f 2529/3349/2296 2532/3353/2300 2531/3350/2297
f 2528/3352/2299 2533/3379/2309 2532/3353/2300
f 2536/3354/2301 2535/5250/2304 2538/3355/2302
f 2535/3357/2304 2534/3373/3489 2539/3358/2305
f 2537/3356/2303 2533/3364/2309 2528/3360/2299
f 2546/3361/2306 2549/5251/2310 2540/3362/2307
f 2533/3364/2309 2537/3356/2303 2549/3365/2310
f 2548/3367/2311 2545/3385/2320 2525/3368/2281
f 2551/3370/2313 2527/3373/2315 2524/3371/2284
f 2531/3350/2297 2548/3367/2311 2526/3369/2312
f 2539/3358/2305 2534/3373/3489 2527/3373/2315
f 2537/3356/2303 2538/3355/2302 2550/3374/2316
f 2538/3359/2302 2539/3358/2305 2551/3370/2313
f 2543/3363/2308 2544/3391/2318 2547/3376/2317
f 2544/3377/2318 2545/3385/2320 2548/3367/2311
f 2532/3353/2300 2547/3378/2317 2548/3367/2311
f 2533/3379/2309 2546/5252/2306 2547/3378/2317
f 2541/3380/2319 2550/3375/2316 2551/3370/2313
f 2540/3362/2307 2549/5251/2310 2550/3381/2316
f 2540/3362/2307 2555/3389/2293 2556/3383/2294
f 2552/3384/2284 2553/3388/2292 2542/3372/2314
f 2545/3385/2320 2558/5253/3488 2559/3386/2281
f 2554/3387/2291 2541/3380/2319 2542/3372/2314
f 2555/3389/2293 2540/3362/2307 2541/3382/2319
f 2556/3383/2294 2557/5254/2295 2544/3391/2318
f 2557/3392/2295 2558/5253/3488 2545/3385/2320
f 2566/3393/2321 2565/3396/2324 2568/3394/2322
f 2565/3396/2324 2564/3411/3490 2569/3397/2325
f 2571/3398/2326 2574/3427/2330 2573/3399/2327
f 2570/3401/2329 2575/3407/2332 2574/3402/2330
f 2567/3404/2323 2575/3407/2332 2570/3401/2329
f 2567/3404/2323 2582/5255/2333 2585/3406/2331
f 2582/3408/2333 2579/3424/2344 2576/3409/2334
f 2569/3397/2325 2564/3411/3490 2562/3411/2335
f 2573/3399/2327 2587/3416/2339 2563/3413/2337
f 2584/3412/2336 2562/3411/2335 2561/3414/75
f 2587/3416/2339 2578/3429/2345 2560/3417/78
f 2567/3395/2323 2568/3394/2322 2583/3418/2340
f 2568/3394/2322 2569/3397/2325 2584/3412/2336
f 2576/3409/2334 2577/3433/2342 2586/3420/2341
f 2577/3421/2342 2578/3429/2345 2587/3416/2339
f 2580/3423/2343 2583/3418/2340 2584/3412/2336
f 2579/3424/2344 2582/3408/2333 2583/3425/2340
f 2574/3427/2330 2586/3422/2341 2587/3416/2339
f 2575/3407/2332 2585/3406/2331 2586/3428/2341
f 2578/3429/2345 2589/3432/2346 2588/3430/78
f 2578/3429/2345 2577/3421/2342 2590/3431/88
f 2577/3433/2342 2576/3409/2334 2591/3434/85
f 2591/3434/85 2576/3409/2334 2579/3424/2344
f 2580/3426/2343 2593/5256/90 2592/3436/86
f 2581/3415/2338 2594/5257/3462 2593/3437/90
f 2595/3438/75 2594/5257/3462 2581/3415/2338
f 2603/3439/2347 2604/3469/2350 2601/3440/2348
f 2604/3442/2350 2605/3456/2362 2600/3443/2351
f 2608/3445/2352 2609/3451/2357 2610/3446/2353
f 2607/3448/2354 2610/3465/2353 2611/3449/2355
f 2600/3443/2351 2605/3456/2362 2609/3451/2357
f 2612/3452/2358 2621/5258/2361 2618/3453/2359
f 2621/3455/2361 2609/3451/2357 2605/3456/2362
f 2620/3458/2363 2598/3441/2368 2597/3459/2129
f 2596/3461/2365 2599/3450/2369 2623/3462/2366
f 2603/3439/2347 2602/3441/2349 2598/3441/2368
f 2599/3450/2369 2606/3450/2356 2611/3449/2355
f 2609/3451/2357 2621/3455/2361 2622/3464/2370
f 2610/3465/2353 2622/5259/2370 2623/3462/2366
f 2615/3454/2360 2618/3453/2359 2619/3466/2371
f 2616/3468/2372 2619/5260/2371 2620/3458/2363
f 2620/3458/2363 2619/5260/2371 2604/3469/2350
f 2619/3470/2371 2618/3457/2359 2605/3456/2362
f 2623/3462/2366 2622/5259/2370 2613/3471/2373
f 2622/3472/2370 2621/5258/2361 2612/3452/2358
f 2615/3454/2360 2628/3481/2378 2627/3474/2374
f 2624/3475/2365 2596/3461/2365 2614/3463/2367
f 2617/3460/2364 2597/3459/2129 2631/3477/2129
f 2614/3463/2367 2613/3471/2373 2626/3479/2377
f 2613/3473/2373 2612/3452/2358 2627/3474/2374
f 2628/3481/2378 2615/3454/2360 2616/3467/2372
f 2629/3483/2379 2616/3468/2372 2617/3460/2364
f 2638/3484/2380 2639/3495/2390 2640/3485/2381
f 2637/3487/2382 2640/3510/2381 2641/3488/2383
f 2645/3490/2385 2646/3493/2388 2643/3491/2386
f 2646/3493/2388 2647/3496/2391 2642/3494/2389
f 2642/3494/2389 2647/3496/2391 2639/3495/2390
f 2647/3496/2391 2657/5261/3491 2654/3497/2392
f 2654/3498/2392 2657/5262/3491 2648/3499/2393
f 2634/3489/2395 2636/3489/2384 2641/3488/2383
f 2645/3502/2385 2644/5263/2387 2635/3503/2397
f 2633/3505/2399 2634/3489/2395 2656/3501/2396
f 2659/3504/2398 2635/3503/2397 2632/3507/2401
f 2639/3495/2390 2654/3497/2392 2655/3509/2403
f 2640/3510/2381 2655/5264/2403 2656/3501/2396
f 2648/3499/2393 2657/5262/3491 2658/3511/2404
f 2649/3513/2405 2658/3519/2404 2659/3514/2398
f 2656/3501/2396 2655/5264/2403 2652/3516/2406
f 2655/3517/2403 2654/3498/2392 2651/3500/2394
f 2659/3514/2398 2658/3519/2404 2646/3493/2388
f 2658/3519/2404 2657/5261/3491 2647/3496/2391
f 2650/3508/2402 2632/3507/2401 2660/3520/2401
f 2650/3508/2402 2661/3521/2407 2662/3522/2408
f 2649/3512/2405 2662/5265/2408 2663/3524/2409
f 2664/3525/2410 2651/3500/2394 2648/3499/2393
f 2664/3525/2410 2665/5266/2411 2652/3518/2406
f 2665/3526/2411 2666/3528/2412 2653/3506/2400
f 2667/3527/2399 2633/3505/2399 2653/3506/2400
f 2675/3529/2413 2676/3532/2416 2673/3530/2414
f 2676/3532/2416 2677/3545/2428 2672/3533/2417
f 2680/3534/2418 2681/3540/2423 2682/3535/2419
f 2679/3537/2420 2682/3556/2419 2683/3538/2421
f 2672/3533/2417 2677/3545/2428 2681/3540/2423
f 2684/3541/2424 2693/5267/2427 2690/3542/2425
f 2693/3544/2427 2681/3540/2423 2677/3545/2428
f 2692/3547/2429 2670/3554/2433 2669/3548/2399
f 2668/3550/2401 2671/3539/2434 2695/3551/2431
f 2675/3553/2413 2674/5268/2415 2670/3554/2433
f 2671/3539/2434 2678/3539/2422 2683/3538/2421
f 2681/3540/2423 2693/3544/2427 2694/3555/2435
f 2682/3556/2419 2694/5269/2435 2695/3551/2431
f 2687/3543/2426 2690/3542/2425 2691/3557/2436
f 2688/3559/2437 2691/3562/2436 2692/3560/2429
f 2692/3560/2429 2691/3562/2436 2676/3532/2416
f 2691/3562/2436 2690/3546/2425 2677/3545/2428
f 2695/3551/2431 2694/5269/2435 2685/3563/2438
f 2694/3564/2435 2693/5267/2427 2684/3541/2424
f 2687/3543/2426 2700/3573/2440 2699/3566/2439
f 2696/3567/2401 2668/3550/2401 2686/3552/2432
f 2689/3549/2430 2669/3548/2399 2703/3569/2399
f 2686/3552/2432 2685/3563/2438 2698/3571/2408
f 2685/3565/2438 2684/3541/2424 2699/3566/2439
f 2700/3573/2440 2687/3543/2426 2688/3558/2437
f 2701/3575/2411 2688/5270/2437 2689/3549/2430
f 2710/3576/2441 2711/3599/2451 2712/3577/2442
f 2709/3578/2443 2712/3577/2442 2713/3579/2444
f 2717/3581/2446 2718/3584/2449 2715/3582/2447
f 2718/3584/2449 2719/3588/2452 2714/3585/2450
f 2714/3585/2450 2719/3588/2452 2711/3586/2451
f 2719/3588/2452 2729/5271/3492 2726/3589/2453
f 2726/3590/2453 2729/5272/3492 2720/3591/2454
f 2706/3580/2456 2708/3580/2445 2713/3579/2444
f 2717/3581/2446 2716/3583/2448 2707/3583/2458
f 2705/3595/2460 2706/3580/2456 2728/3593/2457
f 2731/3594/2459 2707/3583/2458 2704/3597/2462
f 2711/3599/2451 2726/5273/2453 2727/3600/2464
f 2712/3577/2442 2727/3600/2464 2728/3593/2457
f 2720/3591/2454 2729/5272/3492 2730/3601/2465
f 2721/3603/2466 2730/3607/2465 2731/3594/2459
f 2728/3593/2457 2727/3600/2464 2724/3604/2467
f 2727/3605/2464 2726/3590/2453 2723/3592/2455
f 2731/3594/2459 2730/3607/2465 2718/3584/2449
f 2730/3607/2465 2729/5271/3492 2719/3588/2452
f 2722/3598/2463 2704/3597/2462 2732/3608/2462
f 2722/3598/2463 2733/3609/2468 2734/3610/2469
f 2721/3602/2466 2734/5274/2469 2735/3611/2470
f 2723/3592/2455 2720/3591/2454 2735/3611/2470
f 2736/3612/2471 2737/5275/2472 2724/3606/2467
f 2737/3613/2472 2738/3615/2474 2725/3596/2461
f 2739/3614/2473 2705/3595/2460 2725/3596/2461
f 2747/3616/2475 2748/3619/2478 2745/3617/2476
f 2748/3619/2478 2749/3632/2489 2744/3620/2479
f 2752/3621/2480 2753/3640/2485 2754/3622/2481
f 2751/3623/2482 2754/3622/2481 2755/3624/2483
f 2744/3620/2479 2749/3632/2489 2753/3626/2485
f 2759/3628/2486 2756/3648/2500 2765/3629/2487
f 2762/3631/2488 2765/5276/2487 2753/3626/2485
f 2764/3633/2490 2742/3618/2494 2741/3634/2473
f 2740/3636/2462 2743/3639/2495 2767/3637/2492
f 2747/3616/2475 2746/3618/2477 2742/3618/2494
f 2743/3639/2495 2750/3625/2484 2755/3624/2483
f 2753/3640/2485 2765/5277/2487 2766/3641/2496
f 2754/3622/2481 2766/3641/2496 2767/3637/2492
f 2759/3628/2486 2762/3630/2488 2763/3642/2497
f 2760/3644/2498 2763/3645/2497 2764/3633/2490
f 2764/3633/2490 2763/3645/2497 2748/3619/2478
f 2763/3645/2497 2762/3631/2488 2749/3632/2489
f 2767/3637/2492 2766/3641/2496 2757/3646/2499
f 2766/3647/2496 2765/3629/2487 2756/3648/2500
f 2772/3650/2501 2771/3656/2505 2756/3648/2500
f 2768/3651/2462 2740/3636/2462 2758/3638/2493
f 2761/3635/2491 2741/3634/2473 2775/3653/2473
f 2758/3638/2493 2757/3646/2499 2770/3655/2504
f 2757/3649/2499 2756/3648/2500 2771/3656/2505
f 2772/3650/2501 2759/3628/2486 2760/3643/2498
f 2773/3659/2506 2760/3644/2498 2761/3635/2491
f 2782/3660/2507 2783/3672/2517 2784/3661/2508
f 2781/3662/2509 2784/3661/2508 2785/3663/2510
f 2789/3665/2512 2790/3668/2515 2787/3666/2513
f 2790/3668/2515 2791/3692/2534 2786/3669/2516
f 2786/3669/2516 2791/3692/2534 2783/3670/2517
f 2783/3672/2517 2791/5278/2534 2801/3673/2518
f 2798/3675/2519 2801/5279/2518 2792/3676/2520
f 2778/3664/2522 2780/3664/2511 2785/3663/2510
f 2789/3665/2512 2788/3667/2514 2779/3667/2524
f 2777/3680/2526 2778/3664/2522 2800/3678/2523
f 2803/3679/2525 2779/3667/2524 2776/3682/2528
f 2783/3672/2517 2798/3674/2519 2799/3684/2530
f 2784/3661/2508 2799/3684/2530 2800/3678/2523
f 2792/3676/2520 2801/5279/2518 2802/3685/2531
f 2793/3687/2532 2802/3691/2531 2803/3679/2525
f 2800/3678/2523 2799/3684/2530 2796/3688/2533
f 2799/3689/2530 2798/3675/2519 2795/3677/2521
f 2803/3679/2525 2802/3691/2531 2790/3668/2515
f 2802/3691/2531 2801/5280/2518 2791/3692/2534
f 2794/3683/2529 2776/3682/2528 2804/3693/2528
f 2794/3683/2529 2805/3694/2535 2806/3695/2536
f 2793/3686/2532 2806/5281/2536 2807/3696/2537
f 2808/3697/2538 2795/3677/2521 2792/3676/2520
f 2808/3697/2538 2809/5282/2539 2796/3690/2533
f 2809/3698/2539 2810/3700/2540 2797/3681/2527
f 2811/3699/2526 2777/3680/2526 2797/3681/2527
f 2819/3701/2541 2820/3704/2544 2817/3702/2542
f 2820/3704/2544 2821/3732/2555 2816/3705/2545
f 2824/3706/2546 2825/3726/2551 2826/3707/2547
f 2823/3708/2548 2826/3707/2547 2827/3709/2549
f 2816/3705/2545 2821/3732/2555 2825/3711/2551
f 2831/3713/2552 2828/3735/2566 2837/3714/2553
f 2837/3716/2553 2825/3726/2551 2821/3717/2555
f 2836/3719/2556 2814/3725/2560 2813/3720/2526
f 2812/3722/2528 2815/3710/2561 2839/3723/2558
f 2819/3701/2541 2818/3703/2543 2814/3725/2560
f 2815/3710/2561 2822/3710/2550 2827/3709/2549
f 2825/3726/2551 2837/3716/2553 2838/3727/2562
f 2826/3707/2547 2838/3727/2562 2839/3723/2558
f 2831/3713/2552 2834/3715/2554 2835/3728/2563
f 2832/3730/2564 2835/3731/2563 2836/3719/2556
f 2836/3719/2556 2835/3731/2563 2820/3704/2544
f 2835/3731/2563 2834/5283/2554 2821/3732/2555
f 2839/3723/2558 2838/3727/2562 2829/3733/2565
f 2838/3734/2562 2837/3714/2553 2828/3735/2566
f 2831/3713/2552 2844/3744/2571 2843/3737/2567
f 2840/3738/2528 2812/3722/2528 2830/3724/2559
f 2833/3721/2557 2813/3720/2526 2847/3740/2526
f 2830/3724/2559 2829/3733/2565 2842/3742/2570
f 2829/3736/2565 2828/3735/2566 2843/3737/2567
f 2844/3744/2571 2831/3713/2552 2832/3729/2564
f 2845/3746/2572 2832/3730/2564 2833/3721/2557
f 2854/3747/2573 2855/3759/2582 2856/3748/2574
f 2853/3750/2188 2856/3773/2574 2857/3751/2575
f 2861/3753/2577 2862/3780/2580 2859/3754/2578
f 2862/3756/2580 2863/3782/2597 2858/3757/2581
f 2858/3757/2581 2863/3782/2597 2855/3759/2582
f 2855/3759/2582 2863/3782/2597 2873/3760/2583
f 2870/3762/2584 2873/5284/2583 2864/3763/2585
f 2850/3765/2587 2852/3752/2576 2857/3751/2575
f 2861/3753/2577 2860/3755/2579 2851/3755/2589
f 2849/3768/304 2850/3765/2587 2872/3766/2588
f 2875/3767/2590 2851/3755/2589 2848/3770/285
f 2855/3759/2582 2870/3761/2584 2871/3772/2593
f 2856/3773/2574 2871/5285/2593 2872/3766/2588
f 2864/3763/2585 2873/5284/2583 2874/3774/2594
f 2865/3776/2595 2874/5286/2594 2875/3767/2590
f 2872/3766/2588 2871/5285/2593 2868/3777/2596
f 2871/3778/2593 2870/3762/2584 2867/3764/2586
f 2875/3767/2590 2874/5286/2594 2862/3780/2580
f 2874/3781/2594 2873/3760/2583 2863/3782/2597
f 2866/3771/2592 2848/3770/285 2876/3783/285
f 2866/3771/2592 2877/3784/2598 2878/3785/2599
f 2865/3775/2595 2878/5287/2599 2879/3786/2600
f 2867/3764/2586 2864/3763/2585 2879/3786/2600
f 2880/3787/2601 2881/5288/2602 2868/3779/2596
f 2881/3788/2602 2882/3790/2603 2869/3769/2591
f 2883/3789/304 2849/3768/304 2869/3769/2591
f 2891/3791/2604 2892/3821/2607 2889/3792/2605
f 2892/3794/2607 2893/3808/2617 2888/3795/2608
f 2896/3797/2609 2897/3803/2613 2898/3798/2610
f 2895/3800/2192 2898/3817/2610 2899/3801/2611
f 2888/3795/2608 2893/3808/2617 2897/3803/2613
f 2903/3804/2614 2900/3825/2628 2909/3805/2615
f 2909/3807/2615 2897/3803/2613 2893/3808/2617
f 2908/3810/2618 2886/3793/2622 2885/3811/304
f 2884/3813/285 2887/3802/2623 2911/3814/2620
f 2891/3791/2604 2890/3793/2606 2886/3793/2622
f 2887/3802/2623 2894/3802/2612 2899/3801/2611
f 2897/3803/2613 2909/3807/2615 2910/3816/2624
f 2898/3817/2610 2910/5289/2624 2911/3814/2620
f 2903/3804/2614 2906/3806/2616 2907/3818/2625
f 2904/3820/2626 2907/5290/2625 2908/3810/2618
f 2908/3810/2618 2907/5290/2625 2892/3821/2607
f 2907/3822/2625 2906/3809/2616 2893/3808/2617
f 2911/3814/2620 2910/5289/2624 2901/3823/2627
f 2910/3824/2624 2909/3805/2615 2900/3825/2628
f 2905/3812/2619 2885/3811/304 2912/3827/304
f 2914/3829/2630 2904/3820/2626 2905/3812/2619
f 2915/3830/2631 2903/3804/2614 2904/3819/2626
f 2915/3830/2631 2916/3832/2632 2900/3825/2628
f 2901/3826/2627 2900/3825/2628 2916/3832/2632
f 2902/3815/2621 2901/3823/2627 2917/3834/2633
f 2919/3836/285 2884/3813/285 2902/3815/2621
f 2926/3837/2635 2927/3849/2645 2928/3838/2636
f 2925/3840/2637 2928/3862/2636 2929/3841/2638
f 2933/3843/2640 2934/3846/2643 2931/3844/2641
f 2934/3846/2643 2935/3871/2646 2930/3847/2644
f 2930/3848/2644 2935/3850/2646 2927/3849/2645
f 2935/3850/2646 2945/5291/2648 2942/3851/2647
f 2945/3852/2648 2936/3863/2659 2939/3853/2649
f 2922/3842/2650 2924/3842/2639 2929/3841/2638
f 2933/3843/2640 2932/3845/2642 2923/3845/2652
f 2921/3857/2654 2922/3842/2650 2944/3855/2651
f 2947/3856/2653 2923/3845/2652 2920/3859/2656
f 2927/3849/2645 2942/3851/2647 2943/3861/2658
f 2928/3862/2636 2943/5292/2658 2944/3855/2651
f 2936/3863/2659 2945/3852/2648 2946/3864/2660
f 2937/3866/2661 2946/3870/2660 2947/3856/2653
f 2944/3855/2651 2943/5292/2658 2940/3867/2662
f 2943/3868/2658 2942/3854/2647 2939/3853/2649
f 2947/3856/2653 2946/3870/2660 2934/3846/2643
f 2946/3870/2660 2945/5293/2648 2935/3871/2646
f 2938/3860/2657 2920/3859/2656 2948/3872/2656
f 2938/3860/2657 2949/3873/2663 2950/3874/2664
f 2937/3865/2661 2950/5294/2664 2951/3875/2665
f 2952/3876/2666 2939/3853/2649 2936/3863/2659
f 2952/3876/2666 2953/5295/2667 2940/3869/2662
f 2953/3877/2667 2954/3879/2668 2941/3858/2655
f 2955/3878/2654 2921/3857/2654 2941/3858/2655
f 2963/3880/2669 2964/3883/2672 2961/3881/2670
f 2964/3883/2672 2965/3911/2684 2960/3884/2673
f 2968/3885/2674 2969/3892/2679 2970/3886/2675
f 2967/3888/2676 2970/3906/2675 2971/3889/2677
f 2960/3891/2673 2965/3897/2684 2969/3892/2679
f 2972/3893/2680 2981/5296/2683 2978/3894/2681
f 2981/3896/2683 2969/3892/2679 2965/3897/2684
f 2980/3899/2685 2958/3882/2689 2957/3900/2654
f 2956/3902/2656 2959/3890/2690 2983/3903/2687
f 2963/3880/2669 2962/3882/2671 2958/3882/2689
f 2959/3890/2690 2966/3890/2678 2971/3889/2677
f 2969/3892/2679 2981/3896/2683 2982/3905/2691
f 2970/3906/2675 2982/5297/2691 2983/3903/2687
f 2975/3895/2682 2978/3894/2681 2979/3907/2692
f 2976/3909/2693 2979/3910/2692 2980/3899/2685
f 2980/3899/2685 2979/3910/2692 2964/3883/2672
f 2979/3910/2692 2978/5298/2681 2965/3911/2684
f 2983/3903/2687 2982/5297/2691 2973/3912/2694
f 2982/3913/2691 2981/5296/2683 2972/3893/2680
f 2975/3895/2682 2988/3922/2699 2987/3915/2695
f 2984/3916/2656 2956/3902/2656 2974/3904/2688
f 2977/3901/2686 2957/3900/2654 2991/3918/2654
f 2974/3904/2688 2973/3912/2694 2986/3920/2698
f 2973/3914/2694 2972/3893/2680 2987/3915/2695
f 2988/3922/2699 2975/3895/2682 2976/3908/2693
f 2989/3924/2700 2976/3909/2693 2977/3901/2686
f 3012/3925/2701 3014/5299/2702 2993/3926/279
f 3014/3928/2702 3016/3994/2745 2994/3929/283
f 2994/3929/283 3016/3994/2745 3018/3931/2703
f 2995/3932/286 3018/3931/2703 3020/3933/2704
f 2996/3934/285 3020/3933/2704 3022/3935/2705
f 3022/3935/2705 3024/3938/2706 2998/3937/289
f 3024/3938/2706 3026/3998/2707 2999/3939/291
f 3026/3940/2707 3028/3943/2708 3000/3941/293
f 3028/3943/2708 3030/4003/2753 3001/3944/255
f 3001/3944/255 3030/4003/2753 3032/3945/2709
f 3002/3946/299 3032/3945/2709 3034/3947/2710
f 3003/3949/298 3034/4006/2710 3036/3950/2711
f 3004/3951/300 3036/3950/2711 3038/3952/2712
f 3038/3952/2712 3040/3955/2713 3006/3954/304
f 3040/3955/2713 3042/3957/2714 3007/3956/271
f 3042/3957/2714 3044/3959/2715 3008/3958/269
f 3044/3959/2715 3046/4012/2717 3009/3960/2716
f 3046/3961/2717 3048/3964/2718 3010/3962/276
f 3048/3964/2718 3050/3966/2719 3011/3965/257
f 3050/3966/2719 3012/3925/2701 2992/3927/277
f 3012/3925/2701 3050/3966/2719 3051/3988/2740
f 3015/3990/2742 3014/5299/2702 3012/3925/2701
f 3017/3991/2743 3016/3994/2745 3014/3928/2702
f 3019/3993/2744 3018/3931/2703 3016/3994/2745
f 3021/3995/2746 3020/3933/2704 3018/3931/2703
f 3023/3996/2747 3022/3935/2705 3020/3933/2704
f 3025/3997/2748 3024/3938/2706 3022/3935/2705
f 3025/3997/2748 3027/5300/2749 3026/3998/2707
f 3027/3999/2749 3029/4001/2751 3028/3943/2708
f 3031/4000/2750 3030/4003/2753 3028/3943/2708
f 3033/4002/2752 3032/3945/2709 3030/4003/2753
f 3035/4004/2754 3034/3947/2710 3032/3945/2709
f 3035/4005/2754 3037/4008/2756 3036/3950/2711
f 3039/4007/2755 3038/3952/2712 3036/3950/2711
f 3041/4009/2757 3040/3955/2713 3038/3952/2712
f 3041/4009/2757 3043/4010/2758 3042/3957/2714
f 3043/4010/2758 3045/4011/2759 3044/3959/2715
f 3045/4011/2759 3047/5301/2760 3046/4012/2717
f 3047/4013/2760 3049/4014/2761 3048/3964/2718
f 3049/4014/2761 3051/3988/2740 3050/3966/2719
f 3074/4015/2762 3075/4020/2767 3073/4016/2763
f 3073/4016/2763 3077/4021/2768 3076/4018/2765
f 3074/4015/2762 3110/4071/2801 3111/4019/2766
f 3077/4021/2768 3079/4024/2771 3078/4022/2769
f 3081/4023/2770 3080/4026/2773 3078/4022/2769
f 3081/4023/2770 3083/4028/2775 3082/4025/2772
f 3085/4027/2774 3084/4030/2777 3082/4025/2772
f 3085/4027/2774 3087/4032/2779 3086/4029/2776
f 3089/4031/2778 3088/4034/2781 3086/4029/2776
f 3091/4033/2780 3090/4036/2783 3088/4034/2781
f 3091/4033/2780 3093/4037/2784 3092/4035/2782
f 3093/4037/2784 3095/4040/2787 3094/4038/2785
f 3097/4039/2786 3096/4042/2789 3094/4038/2785
f 3097/4039/2786 3099/4044/2791 3098/4041/2788
f 3101/4043/2790 3100/4046/2793 3098/4041/2788
f 3103/4045/2792 3102/4048/2795 3100/4046/2793
f 3103/4045/2792 3105/4050/2797 3104/4047/2794
f 3107/4049/2796 3106/4052/2799 3104/4047/2794
f 3109/4051/2798 3108/4053/2800 3106/4052/2799
f 3111/4019/2766 3110/4071/2801 3108/4053/2800
f 3013/4054/2741 3051/5302/2740 3074/4015/2762
f 3076/4018/2765 3015/4055/2742 3013/4054/2741
f 3078/4022/2769 3017/4057/2743 3015/4055/2742
f 3078/4022/2769 3080/4026/2773 3019/4056/2744
f 3080/4026/2773 3082/4025/2772 3021/4058/2746
f 3082/4025/2772 3084/4030/2777 3023/4059/2747
f 3084/4030/2777 3086/4029/2776 3025/4060/2748
f 3086/4029/2776 3088/4034/2781 3027/4061/2749
f 3088/4034/2781 3090/4036/2783 3029/4062/2751
f 3092/4035/2782 3031/4064/2750 3029/4062/2751
f 3092/4035/2782 3094/4038/2785 3033/4063/2752
f 3094/4038/2785 3096/4042/2789 3035/4065/2754
f 3096/4042/2789 3098/4041/2788 3037/4066/2756
f 3098/4041/2788 3100/4046/2793 3039/4067/2755
f 3102/4048/2795 3041/4068/2757 3039/4067/2755
f 3104/4047/2794 3043/4069/2758 3041/4068/2757
f 3106/4052/2799 3045/4070/2759 3043/4069/2758
f 3108/4053/2800 3047/4072/2760 3045/4070/2759
f 3110/4071/2801 3049/4073/2761 3047/4072/2760
f 3074/4015/2762 3051/5302/2740 3049/4073/2761
f 3053/4074/2802 3052/4075/2803 3077/4021/2768
f 3052/4075/2803 3054/4076/2804 3079/4024/2771
f 3054/4076/2804 3055/4129/2857 3081/4023/2770
f 3081/4023/2770 3055/4129/2857 3056/4077/2805
f 3056/4077/2805 3057/4130/2858 3085/4027/2774
f 3085/4027/2774 3057/4130/2858 3058/4078/2806
f 3087/4032/2779 3058/4078/2806 3059/4079/2807
f 3059/4079/2807 3060/4131/2859 3091/4033/2780
f 3091/4033/2780 3060/4131/2859 3061/4080/2808
f 3093/4037/2784 3061/4080/2808 3062/4081/2809
f 3062/4081/2809 3063/4082/2810 3097/4039/2786
f 3063/4082/2810 3064/4132/2860 3099/4044/2791
f 3099/4044/2791 3064/4132/2860 3065/4083/2811
f 3065/4083/2811 3066/4084/2812 3103/4045/2792
f 3066/4084/2812 3067/4085/2813 3105/4050/2797
f 3067/4085/2813 3068/4133/2861 3107/4049/2796
f 3107/4049/2796 3068/4133/2861 3069/4086/2814
f 3069/4086/2814 3070/4087/2815 3111/4019/2766
f 3070/4087/2815 3071/4088/2816 3075/4020/2767
f 3071/4088/2816 3053/4074/2802 3073/4016/2763
f 3135/4089/2817 3136/4094/2822 3134/4090/2818
f 3138/4092/2820 3137/4096/2824 3133/4091/2819
f 3171/4093/2821 3172/4127/2855 3136/4094/2822
f 3140/4095/2823 3139/4098/2826 3137/4096/2824
f 3140/4095/2823 3142/4100/2828 3141/4097/2825
f 3144/4099/2827 3143/4102/2830 3141/4097/2825
f 3144/4099/2827 3146/4103/2831 3145/4101/2829
f 3146/4103/2831 3148/4105/2833 3147/4104/2832
f 3148/4105/2833 3150/4107/2835 3149/4106/2834
f 3150/4107/2835 3152/4109/2837 3151/4108/2836
f 3152/4109/2837 3154/4111/2839 3153/4110/2838
f 3154/4111/2839 3156/4114/2842 3155/4112/2840
f 3158/4113/2841 3157/4116/2844 3155/4112/2840
f 3160/4115/2843 3159/4118/2846 3157/4116/2844
f 3160/4115/2843 3162/4120/2848 3161/4117/2845
f 3164/4119/2847 3163/4122/2850 3161/4117/2845
f 3164/4119/2847 3166/4124/2852 3165/4121/2849
f 3168/4123/2851 3167/4126/2854 3165/4121/2849
f 3170/4125/2853 3169/4128/2856 3167/4126/2854
f 3172/4127/2855 3171/4093/2821 3169/4128/2856
f 3053/4074/2802 3135/4089/2817 3133/4091/2819
f 3052/4075/2803 3133/4091/2819 3137/4096/2824
f 3054/4076/2804 3137/4096/2824 3139/4098/2826
f 3139/4098/2826 3141/4097/2825 3056/4077/2805
f 3056/4077/2805 3141/4097/2825 3143/4102/2830
f 3057/4130/2858 3143/4102/2830 3145/4101/2829
f 3145/4101/2829 3147/4104/2832 3059/4079/2807
f 3147/4104/2832 3149/4106/2834 3060/4131/2859
f 3060/4131/2859 3149/4106/2834 3151/4108/2836
f 3061/4080/2808 3151/4108/2836 3153/4110/2838
f 3062/4081/2809 3153/4110/2838 3155/4112/2840
f 3063/4082/2810 3155/4112/2840 3157/4116/2844
f 3157/4116/2844 3159/4118/2846 3065/4083/2811
f 3159/4118/2846 3161/4117/2845 3066/4084/2812
f 3066/4084/2812 3161/4117/2845 3163/4122/2850
f 3067/4085/2813 3163/4122/2850 3165/4121/2849
f 3165/4121/2849 3167/4126/2854 3069/4086/2814
f 3069/4086/2814 3167/4126/2854 3169/4128/2856
f 3070/4087/2815 3169/4128/2856 3171/4093/2821
f 3071/4088/2816 3171/4093/2821 3135/4089/2817
f 3136/4094/2822 3113/3967/2720 3112/3969/2721
f 3134/4090/2818 3112/3969/2721 3115/3970/2722
f 3138/4092/2820 3115/3970/2722 3116/3971/2723
f 3140/4095/2823 3116/3971/2723 3117/3972/2724
f 3142/4100/2828 3117/3972/2724 3118/3973/2725
f 3144/4099/2827 3118/3973/2725 3119/3974/2726
f 3119/3974/2726 3120/3975/2727 3148/4105/2833
f 3120/3975/2727 3121/3976/2728 3150/4107/2835
f 3121/3976/2728 3122/3977/2729 3152/4109/2837
f 3122/3977/2729 3123/3978/2730 3154/4111/2839
f 3123/3978/2730 3124/3979/2731 3156/4114/2842
f 3156/4114/2842 3124/3979/2731 3125/3980/2732
f 3158/4113/2841 3125/3980/2732 3126/3981/2733
f 3126/3981/2733 3127/3982/2734 3162/4120/2848
f 3162/4120/2848 3127/3982/2734 3128/3983/2735
f 3128/3983/2735 3129/3984/2736 3166/4124/2852
f 3129/3984/2736 3130/3985/2737 3168/4123/2851
f 3168/4123/2851 3130/3985/2737 3131/3986/2738
f 3170/4125/2853 3131/3986/2738 3132/3987/2739
f 3132/3987/2739 3113/3967/2720 3136/4094/2822
f 3173/4134/2862 3175/4140/2867 3221/4135/2863
f 3173/4137/2862 3191/4229/2883 3190/4138/2865
f 3175/4140/2867 3174/4231/2866 3176/4141/2868
f 3177/4142/2869 3176/4141/2868 3178/4143/2870
f 3179/4144/2871 3178/4143/2870 3180/4145/2872
f 3181/4146/2873 3180/4145/2872 3182/4147/2874
f 3183/4148/2875 3182/4147/2874 3184/4149/2876
f 3184/4149/2876 3187/5303/2881 3186/4151/2878
f 3188/4152/2879 3234/4237/2912 3236/4153/2880
f 3187/4154/2881 3203/4211/2896 3202/4155/2882
f 3191/4157/2883 3207/5304/2899 3206/4158/2884
f 3189/4159/2885 3193/4162/2887 3192/4160/2886
f 3193/4162/2887 3195/4164/2889 3194/4163/2888
f 3195/4164/2889 3197/4166/2891 3196/4165/2890
f 3197/4166/2891 3199/4168/2893 3198/4167/2892
f 3199/4168/2893 3201/4212/2921 3200/4169/2894
f 3200/4169/2894 3201/4212/2921 3204/4170/2895
f 3202/4172/2882 3204/4170/2895 3219/4173/2897
f 3207/4175/2899 3223/5305/2864 3222/4176/2900
f 3205/4178/2901 3209/4180/2903 3208/4179/2902
f 3209/4180/2903 3211/4182/2905 3210/4181/2904
f 3211/4182/2905 3213/5306/2922 3212/4183/2906
f 3212/4183/2906 3213/5306/2922 3215/4184/2907
f 3215/4184/2907 3217/5307/2923 3216/4186/2909
f 3216/4186/2909 3217/5307/2923 3220/4187/2910
f 3218/4188/2898 3220/4236/2910 3235/4189/2911
f 3221/4135/2863 3225/4226/2924 3224/4191/2913
f 3224/4191/2913 3225/4226/2924 3227/4193/2914
f 3226/4194/2915 3227/4193/2914 3229/4195/2916
f 3229/4195/2916 3231/4227/2925 3230/4197/2918
f 3230/4197/2918 3231/4227/2925 3233/4198/2919
f 3233/4198/2919 3236/4153/2880 3235/4200/2911
f 3176/4201/2868 3174/4139/2866 3190/4138/2865
f 3176/4201/2868 3192/4202/2886 3194/4203/2888
f 3178/4204/2870 3194/4203/2888 3196/4205/2890
f 3180/4206/2872 3196/4205/2890 3198/4207/2892
f 3182/4208/2874 3198/4207/2892 3200/4209/2894
f 3187/4154/2881 3184/4210/2876 3200/4209/2894
f 3189/4159/2885 3206/4158/2884 3208/4179/2902
f 3193/4162/2887 3208/4179/2902 3210/4181/2904
f 3195/4164/2889 3210/4181/2904 3212/4183/2906
f 3199/4168/2893 3197/4166/2891 3212/4183/2906
f 3199/4168/2893 3214/4185/2908 3216/4186/2909
f 3204/4170/2895 3201/4212/2921 3216/4186/2909
f 3205/4213/2901 3222/5308/2900 3224/4214/2913
f 3209/4215/2903 3224/4214/2913 3226/4216/2915
f 3211/4217/2905 3226/4216/2915 3228/4218/2917
f 3213/4219/2922 3228/4218/2917 3230/4220/2918
f 3215/4221/2907 3230/4220/2918 3232/4222/2920
f 3217/4223/2923 3232/4222/2920 3235/4224/2911
f 3221/4135/2863 3175/4140/2867 3177/4142/2869
f 3227/4193/2914 3225/4226/2924 3177/4142/2869
f 3229/4195/2916 3227/4193/2914 3179/4144/2871
f 3229/4195/2916 3181/4146/2873 3183/4148/2875
f 3233/4198/2919 3231/4227/2925 3183/4148/2875
f 3233/4198/2919 3185/4150/2877 3186/4151/2878
f 3173/4137/2862 3223/5309/2864 3207/4228/2899
f 3218/4230/2898 3234/5310/2912 3188/4156/2879
f 3243/4238/2926 3244/4249/2936 3245/4239/2927
f 3242/4240/2928 3245/4239/2927 3246/4241/2929
f 3250/4243/2931 3251/4246/2934 3248/4244/2932
f 3251/4246/2934 3252/4250/2937 3247/4247/2935
f 3247/4248/2935 3252/5311/2937 3244/4249/2936
f 3252/4250/2937 3262/5312/3493 3259/4251/2938
f 3259/4253/2938 3262/5313/3493 3253/4254/2939
f 3239/4242/2941 3241/4242/2930 3246/4241/2929
f 3250/4243/2931 3249/4245/2933 3240/4245/2943
f 3238/4258/2945 3239/4242/2941 3261/4256/2942
f 3264/4257/2944 3240/4245/2943 3237/4260/2947
f 3244/4249/2936 3259/5314/2938 3260/4262/2949
f 3245/4239/2927 3260/4262/2949 3261/4256/2942
f 3253/4254/2939 3262/5313/3493 3263/4263/2950
f 3254/4265/2951 3263/4269/2950 3264/4257/2944
f 3261/4256/2942 3260/4262/2949 3257/4266/2952
f 3260/4267/2949 3259/4253/2938 3256/4255/2940
f 3264/4257/2944 3263/4269/2950 3251/4246/2934
f 3263/4269/2950 3262/5312/3493 3252/4250/2937
f 3255/4261/2948 3237/4260/2947 3265/4270/2947
f 3255/4261/2948 3266/4271/2953 3267/4272/2954
f 3254/4264/2951 3267/5315/2954 3268/4273/2955
f 3256/4255/2940 3253/4254/2939 3268/4273/2955
f 3269/4274/2956 3270/5316/2957 3257/4268/2952
f 3270/4275/2957 3271/4277/2958 3258/4259/2946
f 3272/4276/2945 3238/4258/2945 3258/4259/2946
f 3280/4278/2959 3281/4281/2962 3278/4279/2960
f 3281/4281/2962 3282/4294/2974 3277/4282/2963
f 3285/4283/2964 3286/4289/2969 3287/4284/2965
f 3284/4285/2966 3287/4284/2965 3288/4286/2967
f 3277/4288/2963 3282/5317/2974 3286/4289/2969
f 3289/4290/2970 3298/5318/2973 3295/4291/2971
f 3298/4293/2973 3286/5319/2969 3282/4294/2974
f 3297/4296/2975 3275/4280/2980 3274/4297/2976
f 3273/4299/2947 3276/4287/2981 3300/4300/2978
f 3280/4278/2959 3279/4280/2961 3275/4280/2980
f 3276/4287/2981 3283/4287/2968 3288/4286/2967
f 3286/4289/2969 3298/5320/2973 3299/4302/2982
f 3287/4284/2965 3299/4302/2982 3300/4300/2978
f 3292/4292/2972 3295/4291/2971 3296/4303/2983
f 3293/4305/2984 3296/4306/2983 3297/4296/2975
f 3297/4296/2975 3296/4306/2983 3281/4281/2962
f 3296/4306/2983 3295/4295/2971 3282/4294/2974
f 3300/4300/2978 3299/4302/2982 3290/4307/2985
f 3299/4308/2982 3298/5318/2973 3289/4290/2970
f 3294/4298/2977 3274/4297/2976 3301/4310/2945
f 3303/4312/2987 3293/4305/2984 3294/4298/2977
f 3304/4313/2988 3292/4292/2972 3293/4304/2984
f 3292/4292/2972 3304/4313/2988 3305/4315/2989
f 3290/4309/2985 3289/4290/2970 3305/4315/2989
f 3291/4301/2979 3290/4307/2985 3306/4317/2990
f 3308/4319/2947 3273/4299/2947 3291/4301/2979
f 3315/4320/2992 3316/4344/3002 3317/4321/2993
f 3314/4322/2994 3317/4321/2993 3318/4323/2995
f 3322/4325/2997 3323/4352/3000 3320/4326/2998
f 3323/4328/3000 3324/4354/3017 3319/4329/3001
f 3319/4329/3001 3324/4354/3017 3316/4331/3002
f 3316/4331/3002 3324/4354/3017 3334/4333/3003
f 3331/4335/3004 3334/5321/3003 3325/4336/3005
f 3311/4324/75 3313/4324/2996 3318/4323/2995
f 3322/4325/2997 3321/4327/2999 3312/4327/3008
f 3310/4340/2980 3311/4324/75 3333/4338/3007
f 3336/4339/3009 3312/4327/3008 3309/4342/3011
f 3316/4344/3002 3331/5322/3004 3332/4345/3013
f 3317/4321/2993 3332/4345/3013 3333/4338/3007
f 3325/4336/3005 3334/5321/3003 3335/4346/3014
f 3326/4348/3015 3335/5323/3014 3336/4339/3009
f 3333/4338/3007 3332/4345/3013 3329/4349/3016
f 3332/4350/3013 3331/4335/3004 3328/4337/3006
f 3336/4339/3009 3335/5323/3014 3323/4352/3000
f 3335/4353/3014 3334/4333/3003 3324/4354/3017
f 3327/4343/3012 3309/4342/3011 3337/4355/3011
f 3327/4343/3012 3338/4356/3018 3339/4357/3019
f 3326/4347/3015 3339/5324/3019 3340/4358/3020
f 3341/4359/3021 3328/4337/3006 3325/4336/3005
f 3341/4359/3021 3342/5325/3022 3329/4351/3016
f 3342/4360/3022 3343/4362/3023 3330/4341/3010
f 3344/4361/2980 3310/4340/2980 3330/4341/3010
f 3352/4363/3024 3353/4393/3027 3350/4364/3025
f 3353/4366/3027 3354/4380/3038 3349/4367/3028
f 3357/4369/3029 3358/4388/3034 3359/4370/3030
f 3356/4371/3031 3359/4370/3030 3360/4372/3032
f 3349/4367/3028 3354/4380/3038 3358/4374/3034
f 3364/4376/3035 3361/4397/3048 3370/4377/3036
f 3370/4379/3036 3358/4374/3034 3354/4380/3038
f 3369/4382/3039 3347/4365/3043 3346/4383/2980
f 3345/4385/3011 3348/4373/3494 3372/4386/3041
f 3352/4363/3024 3351/4365/3026 3347/4365/3043
f 3372/4386/3041 3348/4373/3494 3355/4373/3033
f 3358/4388/3034 3370/5326/3036 3371/4389/3044
f 3359/4370/3030 3371/4389/3044 3372/4386/3041
f 3364/4376/3035 3367/4378/3037 3368/4390/3045
f 3365/4392/3046 3368/5327/3045 3369/4382/3039
f 3369/4382/3039 3368/5327/3045 3353/4393/3027
f 3368/4394/3045 3367/4381/3037 3354/4380/3038
f 3372/4386/3041 3371/4389/3044 3362/4395/3047
f 3371/4396/3044 3370/4377/3036 3361/4397/3048
f 3366/4384/3040 3346/4383/2980 3373/4399/2980
f 3375/4401/3050 3365/4392/3046 3366/4384/3040
f 3376/4402/3051 3364/4376/3035 3365/4391/3046
f 3376/4402/3051 3377/4404/3052 3361/4397/3048
f 3362/4398/3047 3361/4397/3048 3377/4404/3052
f 3363/4387/3042 3362/4395/3047 3378/4406/3053
f 3380/4408/3011 3345/4385/3011 3363/4387/3042
f 3387/4409/3055 3388/4420/3065 3389/4410/3056
f 3386/4411/3057 3389/4410/3056 3390/4412/3058
f 3394/4414/3060 3395/4417/3063 3392/4415/3061
f 3395/4417/3063 3396/4444/3066 3391/4418/3064
f 3391/4419/3064 3396/4421/3066 3388/4420/3065
f 3396/4421/3066 3406/5328/3495 3403/4422/3067
f 3403/4423/3067 3406/5329/3495 3397/4424/3068
f 3383/4426/3070 3385/4426/3059 3390/4427/3058
f 3394/4414/3060 3393/4416/3062 3384/4416/3072
f 3382/4430/3074 3383/4426/3070 3405/4428/3071
f 3408/4429/3073 3384/4416/3072 3381/4432/3076
f 3388/4420/3065 3403/4422/3067 3404/4434/3078
f 3389/4410/3056 3404/4434/3078 3405/4435/3071
f 3397/4424/3068 3406/5329/3495 3407/4436/3079
f 3398/4438/3080 3407/4443/3079 3408/4429/3073
f 3405/4435/3071 3404/4434/3078 3401/4439/3081
f 3404/4441/3078 3403/4423/3067 3400/4425/3069
f 3408/4429/3073 3407/4443/3079 3395/4417/3063
f 3407/4443/3079 3406/5330/3495 3396/4444/3066
f 3399/4433/3077 3381/4432/3076 3409/4445/3082
f 3399/4433/3077 3410/4446/3083 3411/4447/3084
f 3398/4437/3080 3411/5331/3084 3412/4448/3085
f 3400/4425/3069 3397/4424/3068 3412/4448/3085
f 3413/4449/3086 3414/5332/3087 3401/4442/3081
f 3414/4450/3087 3415/4452/3088 3402/4440/3075
f 3416/4451/3074 3382/5333/3074 3402/4440/3075
f 3424/4453/3089 3425/4456/3092 3422/4454/3090
f 3425/4456/3092 3426/4481/3103 3421/4457/3093
f 3429/4458/3094 3430/4464/3099 3431/4459/3095
f 3428/4460/3096 3431/4459/3095 3432/4461/3097
f 3421/4463/3093 3426/4469/3103 3430/4464/3099
f 3433/4465/3100 3442/5334/3496 3439/4466/3101
f 3439/4468/3101 3442/5335/3496 3430/4464/3099
f 3441/4470/3104 3419/4455/3109 3418/4471/3105
f 3417/4473/3076 3420/4462/3110 3444/4474/3107
f 3424/4453/3089 3423/4455/3091 3419/4455/3109
f 3420/4462/3110 3427/4462/3098 3432/4461/3097
f 3430/4464/3099 3442/5335/3496 3443/4476/3111
f 3431/4459/3095 3443/4476/3111 3444/4474/3107
f 3436/4467/3102 3439/4466/3101 3440/4477/3112
f 3437/4479/3113 3440/4480/3112 3441/4470/3104
f 3441/4470/3104 3440/4480/3112 3425/4456/3092
f 3440/4480/3112 3439/5336/3101 3426/4481/3103
f 3444/4474/3107 3443/4476/3111 3434/4482/3114
f 3443/4483/3111 3442/5334/3496 3433/4465/3100
f 3438/4472/3106 3418/4471/3105 3445/4485/3074
f 3447/4487/3116 3437/4479/3113 3438/4472/3106
f 3448/4488/3117 3436/4467/3102 3437/4478/3113
f 3448/4488/3117 3449/4490/3118 3433/4465/3100
f 3434/4484/3114 3433/4465/3100 3449/4490/3118
f 3435/4475/3108 3434/4482/3114 3450/4492/3119
f 3452/4494/3082 3417/4473/3076 3435/4475/3108
f 3459/4495/3121 3460/4506/3131 3461/4496/3122
f 3458/4497/3123 3461/4496/3122 3462/4498/3124
f 3466/4500/3126 3467/4529/3129 3464/4501/3127
f 3467/4503/3129 3468/4531/3148 3463/4504/3130
f 3463/4504/3130 3468/4531/3148 3460/4506/3131
f 3460/4506/3131 3468/4531/3148 3478/4507/3132
f 3475/4509/3133 3478/5337/3132 3469/4510/3134
f 3455/4512/3136 3457/5338/3125 3462/4513/3124
f 3466/4500/3126 3465/4502/3128 3456/4502/3138
f 3454/4516/3140 3455/4512/3136 3477/4514/3137
f 3480/4515/3139 3456/4502/3138 3453/4518/3142
f 3460/4506/3131 3475/4508/3133 3476/4520/3144
f 3461/4496/3122 3476/4520/3144 3477/4521/3137
f 3469/4510/3134 3478/5337/3132 3479/4522/3145
f 3470/4524/3146 3479/5339/3145 3480/4515/3139
f 3477/4521/3137 3476/4520/3144 3473/4525/3147
f 3476/4527/3144 3475/4509/3133 3472/4511/3135
f 3480/4515/3139 3479/5339/3145 3467/4529/3129
f 3479/4530/3145 3478/4507/3132 3468/4531/3148
f 3471/4519/3143 3453/4518/3142 3481/4532/3142
f 3471/4519/3143 3482/4533/3149 3483/4534/3150
f 3470/4523/3146 3483/5340/3150 3484/4535/3151
f 3472/4511/3135 3469/4510/3134 3484/4535/3151
f 3485/4536/3152 3486/5341/3153 3473/4528/3147
f 3486/4537/3153 3487/4540/3154 3474/4517/3141
f 3488/4539/3140 3454/4516/3140 3474/4517/3141
f 3496/4541/3155 3497/4572/3158 3494/4542/3156
f 3497/4544/3158 3498/4557/3169 3493/4545/3159
f 3501/4547/3160 3502/4552/3165 3503/4548/3161
f 3500/4549/3162 3503/4548/3161 3504/4550/3163
f 3493/4545/3159 3498/4557/3169 3502/4552/3165
f 3508/4553/3166 3505/4577/3180 3514/4554/3167
f 3514/4556/3167 3502/4552/3165 3498/4557/3169
f 3513/4559/3170 3491/4543/3174 3490/4560/3140
f 3489/4562/3142 3492/4565/3175 3516/4563/3172
f 3496/4541/3155 3495/4543/3157 3491/4543/3174
f 3492/4565/3175 3499/4565/3164 3504/4566/3163
f 3502/4552/3165 3514/4556/3167 3515/4567/3176
f 3503/4548/3161 3515/4567/3176 3516/4568/3172
f 3508/4553/3166 3511/4555/3168 3512/4569/3177
f 3509/4571/3178 3512/5342/3177 3513/4559/3170
f 3513/4559/3170 3512/5342/3177 3497/4572/3158
f 3512/4573/3177 3511/4558/3168 3498/4557/3169
f 3516/4568/3172 3515/4567/3176 3506/4574/3179
f 3515/4576/3176 3514/4554/3167 3505/4577/3180
f 3508/4553/3166 3521/4586/3183 3520/4579/3151
f 3517/4580/3142 3489/4562/3142 3507/4564/3173
f 3510/4561/3171 3490/4560/3140 3524/4582/3140
f 3507/4564/3173 3506/5343/3179 3519/4584/3182
f 3506/4578/3179 3505/4577/3180 3520/4579/3151
f 3521/4586/3183 3508/4553/3166 3509/4570/3178
f 3522/4588/3153 3509/4571/3178 3510/4561/3171
f 3531/4589/3184 3532/4601/3194 3533/4590/3185
f 3530/4592/3186 3533/4615/3185 3534/4593/3187
f 3538/4595/3189 3539/4623/3192 3536/4596/3190
f 3539/4598/3192 3540/4602/3195 3535/4599/3193
f 3535/4599/3193 3540/4602/3195 3532/4601/3194
f 3540/4602/3195 3550/5344/3197 3547/4603/3196
f 3550/4604/3197 3541/4616/3207 3544/4605/3198
f 3527/4594/3199 3529/4594/3188 3534/4593/3187
f 3538/4595/3189 3537/4597/3191 3528/4608/3201
f 3526/4610/3203 3527/4594/3199 3549/4607/3200
f 3552/4609/3202 3528/4608/3201 3525/4612/141
f 3532/4601/3194 3547/4603/3196 3548/4614/3206
f 3533/4615/3185 3548/5345/3206 3549/4607/3200
f 3541/4616/3207 3550/4604/3197 3551/4617/3208
f 3542/4619/3209 3551/5346/3208 3552/4609/3202
f 3549/4607/3200 3548/5345/3206 3545/4620/3210
f 3548/4621/3206 3547/4606/3196 3544/4605/3198
f 3552/4609/3202 3551/5346/3208 3539/4623/3192
f 3551/4624/3208 3550/5344/3197 3540/4602/3195
f 3543/4613/3205 3525/4612/141 3553/4625/141
f 3543/4613/3205 3554/4626/3211 3555/4627/3212
f 3542/4618/3209 3555/5347/3212 3556/4628/3213
f 3557/4629/3214 3544/4605/3198 3541/4616/3207
f 3557/4629/3214 3558/5348/3215 3545/4622/3210
f 3558/4630/3215 3559/4632/3216 3546/4611/3204
f 3560/4631/3203 3526/4610/3203 3546/4611/3204
f 3568/4633/3217 3569/4663/3220 3566/4634/3218
f 3569/4636/3220 3570/4650/3232 3565/4637/3221
f 3573/4639/3222 3574/4645/3227 3575/4640/3223
f 3572/4642/3224 3575/4659/3223 3576/4643/3225
f 3565/4637/3221 3570/4650/3232 3574/4645/3227
f 3577/4646/3228 3586/5349/3231 3583/4647/3229
f 3586/4649/3231 3574/4645/3227 3570/4650/3232
f 3585/4652/3233 3563/4635/3237 3562/4653/3203
f 3561/4655/141 3564/4644/3238 3588/4656/3235
f 3568/4633/3217 3567/4635/3219 3563/4635/3237
f 3564/4644/3238 3571/4644/3226 3576/4643/3225
f 3574/4645/3227 3586/4649/3231 3587/4658/3239
f 3575/4659/3223 3587/5350/3239 3588/4656/3235
f 3580/4648/3230 3583/4647/3229 3584/4660/3240
f 3581/4662/3241 3584/5351/3240 3585/4652/3233
f 3585/4652/3233 3584/5351/3240 3569/4663/3220
f 3584/4664/3240 3583/4651/3229 3570/4650/3232
f 3588/4656/3235 3587/5350/3239 3578/4665/3242
f 3587/4666/3239 3586/5349/3231 3577/4646/3228
f 3580/4648/3230 3593/4675/3245 3592/4668/3243
f 3589/4669/141 3561/4655/141 3579/4657/3236
f 3582/4654/3234 3562/4653/3203 3596/4671/3203
f 3579/4657/3236 3578/4665/3242 3591/4673/3212
f 3578/4667/3242 3577/4646/3228 3592/4668/3243
f 3593/4675/3245 3580/4648/3230 3581/4661/3241
f 3594/4677/3215 3581/4662/3241 3582/4654/3234
f 3603/4678/3246 3604/4690/3256 3605/4679/3247
f 3602/4681/3248 3605/4704/3247 3606/4682/3249
f 3610/4684/3251 3611/4711/3254 3608/4685/3252
f 3611/4687/3254 3612/4713/3271 3607/4688/3255
f 3607/4688/3255 3612/4713/3271 3604/4690/3256
f 3604/4690/3256 3612/4713/3271 3622/4691/3257
f 3619/4693/3258 3622/5352/3257 3613/4694/3259
f 3599/4683/3261 3601/4683/3250 3606/4682/3249
f 3610/4684/3251 3609/4686/3253 3600/4697/3263
f 3598/4699/2129 3599/4683/3261 3621/4696/3262
f 3624/4698/3264 3600/4697/3263 3597/4701/2365
f 3604/4690/3256 3619/4692/3258 3620/4703/3267
f 3605/4704/3247 3620/5353/3267 3621/4696/3262
f 3613/4694/3259 3622/5352/3257 3623/4705/3268
f 3614/4707/3269 3623/5354/3268 3624/4698/3264
f 3621/4696/3262 3620/5353/3267 3617/4708/3270
f 3620/4709/3267 3619/4693/3258 3616/4695/3260
f 3624/4698/3264 3623/5354/3268 3611/4711/3254
f 3623/4712/3268 3622/4691/3257 3612/4713/3271
f 3615/4702/3266 3597/4701/2365 3625/4714/2365
f 3615/4702/3266 3626/4715/3272 3627/4716/2377
f 3614/4706/3269 3627/5355/2377 3628/4717/2374
f 3616/4695/3260 3613/4694/3259 3628/4717/2374
f 3629/4718/2378 3630/5356/2379 3617/4710/3270
f 3630/4719/2379 3631/4721/3273 3618/4700/3265
f 3632/4720/2129 3598/4699/2129 3618/4700/3265
f 3633/4722/3274 3683/4822/3336 3681/4723/3275
f 3650/4725/3277 3651/4814/3295 3633/4726/3274
f 3635/4724/3276 3637/4731/3281 3636/4728/3279
f 3639/4730/3280 3638/4733/3283 3636/4728/3279
f 3639/4730/3280 3641/4734/3284 3640/4732/3282
f 3641/4734/3284 3643/4736/3286 3642/4735/3285
f 3643/4736/3286 3645/4739/3289 3644/4737/3287
f 3646/4738/3288 3647/5357/3293 3644/4737/3287
f 3696/4740/3290 3694/4823/3337 3648/4741/3291
f 3662/4742/3292 3663/5358/3335 3647/4743/3293
f 3666/4745/3294 3667/5359/3310 3651/4746/3295
f 3652/4748/3297 3653/4751/3299 3649/4747/3296
f 3654/4750/3298 3655/4753/3301 3653/4751/3299
f 3656/4752/3300 3657/4755/3303 3655/4753/3301
f 3658/4754/3302 3659/4757/3305 3657/4755/3303
f 3660/4756/3304 3661/4759/3307 3659/4757/3305
f 3660/4756/3304 3663/4819/3335 3664/4758/3306
f 3662/4760/3292 3678/5360/3323 3679/4761/3308
f 3682/4762/3309 3683/5361/3336 3667/4763/3310
f 3668/4765/3312 3669/4768/3314 3665/4766/3311
f 3670/4767/3313 3671/4770/3316 3669/4768/3314
f 3672/4769/3315 3673/4772/3318 3671/4770/3316
f 3672/4769/3315 3674/4773/3319 3675/4771/3317
f 3674/4773/3319 3676/4775/3321 3677/4774/3320
f 3676/4775/3321 3679/4761/3308 3680/4776/3322
f 3678/4777/3323 3694/5362/3337 3695/4778/3324
f 3684/4780/3325 3685/4783/3327 3681/4723/3275
f 3684/4780/3325 3686/4784/3328 3687/4782/3326
f 3686/4784/3328 3688/4787/3331 3689/4785/3329
f 3690/4786/3330 3691/4789/3333 3689/4785/3329
f 3692/4788/3332 3693/4791/3334 3691/4789/3333
f 3695/4790/3324 3696/4740/3290 3693/4791/3334
f 3636/4792/3279 3652/5363/3297 3650/4725/3277
f 3654/4793/3298 3652/5363/3297 3636/4792/3279
f 3656/4795/3300 3654/4793/3298 3638/4794/3283
f 3658/4797/3302 3656/4795/3300 3640/4796/3282
f 3660/4799/3304 3658/4797/3302 3642/4798/3285
f 3647/4743/3293 3663/5358/3335 3660/4799/3304
f 3668/4765/3312 3666/4745/3294 3649/4747/3296
f 3670/4767/3313 3668/4765/3312 3653/4751/3299
f 3672/4769/3315 3670/4767/3313 3655/4753/3301
f 3659/4757/3305 3674/4773/3319 3672/4769/3315
f 3676/4775/3321 3674/4773/3319 3659/4757/3305
f 3679/4761/3308 3676/4775/3321 3661/4759/3307
f 3684/4801/3325 3682/4762/3309 3665/4764/3311
f 3686/4803/3328 3684/4801/3325 3669/4802/3314
f 3688/4805/3331 3686/5364/3328 3671/4806/3316
f 3690/4808/3330 3688/4805/3331 3673/4807/3318
f 3692/4810/3332 3690/4808/3330 3675/4809/3317
f 3695/4778/3324 3692/5365/3332 3677/4812/3320
f 3637/4731/3281 3635/4724/3276 3681/4723/3275
f 3687/4782/3326 3639/4730/3280 3637/4731/3281
f 3689/4785/3329 3641/4734/3284 3639/4730/3280
f 3643/4736/3286 3641/4734/3284 3689/4785/3329
f 3693/4791/3334 3645/4739/3289 3643/4736/3286
f 3696/4740/3290 3646/4738/3288 3645/4739/3289
f 3667/4813/3310 3683/5366/3336 3633/4726/3274
f 3648/4815/3291 3694/5362/3337 3678/4777/3323
f 3703/4824/3338 3702/4827/3341 3705/4825/3339
f 3702/4827/3341 3701/4840/3497 3706/4828/3342
f 3708/4829/3343 3711/4854/3347 3710/4830/3344
f 3707/4832/3346 3712/4836/3349 3711/4833/3347
f 3704/4826/3340 3712/4836/3349 3707/4832/3346
f 3719/4835/3348 3722/5367/3351 3712/4836/3349
f 3719/4837/3348 3716/4851/3363 3713/4838/3350
f 3706/4828/3342 3701/4840/3497 3699/4840/3352
f 3710/4830/3344 3724/4844/3357 3700/4831/3354
f 3721/4841/3353 3699/4840/3352 3698/4842/3355
f 3724/4844/3357 3715/4856/3364 3697/4845/3358
f 3704/4826/3340 3705/4825/3339 3720/4846/3359
f 3705/4825/3339 3706/4828/3342 3721/4841/3353
f 3713/4838/3350 3714/4860/3361 3723/4847/3360
f 3714/4848/3361 3715/4856/3364 3724/4844/3357
f 3717/4850/3362 3720/4846/3359 3721/4841/3353
f 3716/4851/3363 3719/4837/3348 3720/4852/3359
f 3711/4854/3347 3723/4849/3360 3724/4844/3357
f 3712/4855/3349 3722/5368/3351 3723/4849/3360
f 3715/4856/3364 3726/4859/3366 3725/4857/3358
f 3715/4856/3364 3714/4848/3361 3727/4858/3365
f 3714/4860/3361 3713/4838/3350 3728/4861/3367
f 3728/4861/3367 3713/4838/3350 3716/4851/3363
f 3717/4853/3362 3730/5369/3369 3729/4863/3368
f 3718/4843/3356 3731/5370/3498 3730/4864/3369
f 3732/4865/3355 3731/5370/3498 3718/4843/3356
f 3738/4866/3370 3741/4870/3374 3740/4867/3371
f 3737/4869/3373 3742/4893/3392 3741/4870/3374
f 3745/4871/3375 3744/4874/3378 3747/4872/3376
f 3744/4874/3378 3743/4887/3499 3748/4875/3379
f 3746/4873/3377 3742/5371/3392 3737/4876/3373
f 3752/4877/3380 3755/4890/3383 3758/4878/3381
f 3755/4880/3383 3742/5371/3392 3746/4873/3377
f 3757/4882/3384 3754/4900/3396 3734/4883/124
f 3760/4884/3386 3736/4887/3388 3733/4885/118
f 3740/4867/3371 3757/4882/3384 3735/4868/3385
f 3748/4875/3379 3743/4887/3499 3736/4887/3388
f 3746/4873/3377 3747/4872/3376 3759/4888/3389
f 3747/4872/3376 3748/4875/3379 3760/4884/3386
f 3752/4877/3380 3753/4905/3391 3756/4889/3390
f 3753/4891/3391 3754/4900/3396 3757/4882/3384
f 3741/4870/3374 3756/4892/3390 3757/4882/3384
f 3742/4893/3392 3755/5372/3383 3756/4892/3390
f 3750/4894/3393 3759/4888/3389 3760/4884/3386
f 3749/4879/3382 3758/4878/3381 3759/4895/3389
f 3752/4877/3380 3749/4879/3382 3764/4897/3394
f 3761/4899/118 3762/4903/3398 3751/4886/3387
f 3754/4900/3396 3767/5373/3500 3768/4901/124
f 3763/4902/3397 3750/4894/3393 3751/4886/3387
f 3764/4897/3394 3749/4879/3382 3750/4896/3393
f 3765/4898/3395 3766/5374/3399 3753/4905/3391
f 3766/4906/3399 3767/5373/3500 3754/4900/3396
f 3774/4907/3400 3777/4935/3404 3776/4908/3401
f 3773/4910/3403 3778/4921/3413 3777/4911/3404
f 3781/4913/3405 3780/4916/3408 3783/4914/3406
f 3780/4916/3408 3779/4929/3501 3784/4917/3409
f 3782/4915/3407 3778/4921/3413 3773/4910/3403
f 3788/4918/3410 3791/4932/3414 3794/4919/3411
f 3778/4921/3413 3782/4915/3407 3794/4922/3411
f 3793/4924/3415 3790/4942/3425 3770/4925/3355
f 3796/4926/3417 3772/4929/3419 3769/4927/3358
f 3776/4908/3401 3793/4924/3415 3771/4909/3416
f 3784/4917/3409 3779/4929/3501 3772/4929/3419
f 3782/4915/3407 3783/4914/3406 3795/4930/3420
f 3783/4914/3406 3784/4917/3409 3796/4926/3417
f 3788/4918/3410 3789/4948/3422 3792/4931/3421
f 3789/4933/3422 3790/4942/3425 3793/4924/3415
f 3777/4935/3404 3792/4934/3421 3793/4924/3415
f 3778/4936/3413 3791/5375/3414 3792/4934/3421
f 3786/4937/3423 3795/4930/3420 3796/4926/3417
f 3785/4920/3412 3794/4919/3411 3795/4938/3420
f 3785/4920/3412 3800/4946/3428 3801/4940/3424
f 3797/4941/3358 3798/4945/3427 3787/4928/3418
f 3790/4942/3425 3803/5376/3502 3804/4943/3355
f 3799/4944/3426 3786/4937/3423 3787/4928/3418
f 3800/4946/3428 3785/4920/3412 3786/4939/3423
f 3801/4940/3424 3802/5377/3429 3789/4948/3422
f 3802/4949/3429 3803/5376/3502 3790/4942/3425
f 3811/4950/3430 3810/5378/3433 3813/4951/3431
f 3810/4953/3433 3809/5379/3503 3814/4954/3434
f 3816/4956/3435 3819/4982/3439 3818/4957/3436
f 3815/4959/3438 3820/4963/3441 3819/4960/3439
f 3812/4952/3432 3820/4963/3441 3815/4959/3438
f 3827/4962/3440 3830/5380/3443 3820/4963/3441
f 3824/4964/3442 3821/4975/3448 3830/4965/3443
f 3814/4954/3434 3809/5379/3503 3807/4967/255
f 3818/4957/3436 3832/4971/3446 3808/4958/257
f 3829/4968/3444 3807/4967/255 3806/4969/255
f 3832/4971/3446 3823/4984/3452 3805/4972/257
f 3812/4952/3432 3813/4951/3431 3828/4973/3447
f 3813/4955/3431 3814/4954/3434 3829/4968/3444
f 3821/4975/3448 3822/4988/3450 3831/4976/3449
f 3822/4977/3450 3823/4984/3452 3832/4971/3446
f 3825/4979/3451 3828/4974/3447 3829/4968/3444
f 3824/4964/3442 3827/4966/3440 3828/4980/3447
f 3819/4982/3439 3831/4978/3449 3832/4971/3446
f 3820/4963/3441 3830/5380/3443 3831/4983/3449
f 3823/4984/3452 3834/4987/3454 3833/4985/257
f 3823/4984/3452 3822/4977/3450 3835/4986/3453
f 3822/4988/3450 3821/4975/3448 3836/4989/3455
f 3836/4989/3455 3821/4975/3448 3824/4964/3442
f 3825/4981/3451 3838/5381/3457 3837/4991/3456
f 3826/4970/3445 3839/5382/3504 3838/4992/3457
f 3840/4993/255 3839/5382/3504 3826/4970/3445
g polySurface13_Grey
usemtl Grey
f 1000/778/556 760/779/557 660/780/558
f 1000/778/556 779/781/559 1001/782/560
f 661/783/561 1003/784/562 779/781/559
f 1002/785/563 778/786/564 1003/784/562
f 778/786/564 1004/787/565 1005/788/566
f 1004/789/565 777/790/567 1005/791/566
f 777/790/567 1006/792/568 1007/793/569
f 1006/792/568 776/794/570 1007/793/569
f 776/794/570 1008/795/571 1009/796/572
f 1008/795/571 775/797/573 1009/796/572
f 775/797/573 1010/798/574 1011/799/575
f 1010/800/574 774/801/576 1011/802/575
f 774/801/576 1012/803/577 1013/804/578
f 1012/803/577 773/805/579 1013/804/578
f 773/805/579 1014/806/580 1015/807/581
f 668/808/582 1015/807/581 1014/806/580
f 772/809/583 1016/810/584 1017/811/585
f 1016/810/584 771/812/586 1017/811/585
f 771/812/586 1018/813/587 1019/814/588
f 1018/813/587 770/815/589 1019/814/588
f 770/815/589 1020/816/590 1021/817/591
f 1020/816/590 769/818/592 1021/817/591
f 769/818/592 1022/819/593 1023/820/594
f 1022/819/593 768/821/595 1023/820/594
f 768/821/595 1024/822/596 1025/823/597
f 1024/824/596 767/825/598 1025/826/597
f 767/825/598 1026/827/599 1027/828/600
f 1026/827/599 766/829/601 1027/828/600
f 766/829/601 1028/830/602 1029/831/603
f 1028/830/602 765/832/604 1029/831/603
f 765/832/604 1030/833/605 1031/834/606
f 1030/835/605 764/836/607 1031/837/606
f 764/836/607 1032/838/608 1033/839/609
f 1032/838/608 763/840/610 1033/839/609
f 763/840/610 1034/841/611 1035/842/612
f 1034/841/611 762/843/613 1035/842/612
f 762/843/613 1036/844/614 1037/845/615
f 679/846/616 1037/845/615 1036/844/614
f 761/847/617 1038/848/618 1039/849/619
f 1038/848/618 760/779/557 1039/849/619
f 1040/850/620 620/851/621 600/852/622
f 1040/850/620 621/853/623 1041/854/624
f 621/853/623 1042/855/625 1043/856/626
f 1042/855/625 622/857/627 1043/856/626
f 622/857/627 1044/858/628 1045/859/629
f 1044/858/628 623/860/630 1045/859/629
f 623/860/630 1046/861/631 1047/862/632
f 1046/861/631 624/863/633 1047/862/632
f 624/863/633 1048/864/634 1049/865/635
f 1048/864/634 625/866/636 1049/865/635
f 625/866/636 1050/867/637 1051/868/638
f 1050/867/637 626/869/639 1051/868/638
f 626/869/639 1052/870/640 1053/871/641
f 1052/870/640 627/872/642 1053/871/641
f 627/872/642 1054/873/643 1055/874/644
f 1054/873/643 628/875/645 1055/874/644
f 628/875/645 1056/876/646 1057/877/647
f 1056/876/646 629/878/648 1057/877/647
f 629/878/648 1058/879/649 1059/880/650
f 1058/879/649 630/881/651 1059/880/650
f 630/881/651 1060/882/652 1061/883/653
f 1060/882/652 631/884/654 1061/883/653
f 631/884/654 1062/885/655 1063/886/656
f 1062/885/655 632/887/657 1063/886/656
f 632/887/657 1064/888/658 1065/889/659
f 1064/888/658 633/890/660 1065/889/659
f 633/890/660 1066/891/661 1067/892/662
f 1066/891/661 634/893/663 1067/892/662
f 634/893/663 1068/894/664 1069/895/665
f 1068/894/664 635/896/666 1069/895/665
f 635/896/666 1070/897/667 1071/898/668
f 1070/897/667 636/899/669 1071/898/668
f 636/899/669 1072/900/670 1073/901/671
f 1072/900/670 637/902/672 1073/901/671
f 637/902/672 1074/903/673 1075/904/674
f 1074/903/673 638/905/675 1075/904/674
f 638/905/675 1076/906/676 1077/907/677
f 1076/906/676 639/908/678 1077/907/677
f 639/908/678 1078/909/679 1079/910/680
f 1078/909/679 620/851/621 1079/910/680
f 759/951/271 1140/952/721 1123/953/722
f 740/954/269 1140/952/721 1120/955/723
f 1140/952/721 682/956/724 1122/957/725
f 1140/952/721 683/958/726 1123/953/722
f 1124/959/727 1121/960/728 740/954/269
f 741/961/272 1141/962/729 1124/959/727
f 1141/962/729 685/963/730 1126/964/731
f 1141/962/729 682/956/724 1121/960/728
f 1127/965/732 1125/966/733 741/961/272
f 742/967/276 1142/968/734 1127/969/732
f 1142/968/734 687/970/735 1129/971/736
f 1142/968/734 685/972/730 1125/973/733
f 1130/974/737 1128/975/738 742/967/276
f 743/976/257 1143/977/739 1130/974/737
f 1143/977/739 689/978/740 1132/979/741
f 1143/977/739 687/970/735 1128/975/738
f 1133/980/742 1131/981/743 743/976/257
f 1133/980/742 1134/982/744 1144/983/745
f 1144/983/745 691/984/746 1135/985/747
f 1144/983/745 689/978/740 1131/981/743
f 1136/986/748 1134/982/744 744/987/277
f 745/988/279 1145/989/749 1136/990/748
f 1145/991/749 693/992/750 1138/993/751
f 1145/991/749 691/984/746 1134/982/744
f 745/988/279 1146/994/752 1137/995/753
f 1139/996/754 800/997/755 1146/994/752
f 1146/994/752 695/998/756 801/999/757
f 1146/994/752 693/1000/750 1137/995/753
f 802/1001/758 800/997/755 746/1002/283
f 747/1003/286 1147/1004/759 802/1001/758
f 1147/1004/759 697/1005/760 804/1006/761
f 1147/1004/759 695/998/756 800/997/755
f 805/1007/762 803/1008/763 747/1003/286
f 748/1009/285 1148/1010/764 805/1007/762
f 1148/1010/764 699/1011/765 807/1012/766
f 1148/1010/764 697/1005/760 803/1008/763
f 748/1009/285 1149/1013/767 806/1014/768
f 808/1015/769 809/1016/770 1149/1013/767
f 1149/1013/767 701/1017/771 810/1018/772
f 1149/1013/767 699/1011/765 806/1014/768
f 811/1019/773 809/1016/770 749/1020/290
f 750/1021/289 1150/1022/774 811/1019/773
f 1150/1022/774 703/1023/775 813/1024/776
f 1150/1022/774 701/1017/771 809/1016/770
f 814/1025/777 812/1026/778 750/1021/289
f 814/1025/777 815/1027/779 1151/1028/780
f 1151/1028/780 705/1029/781 816/1030/782
f 1151/1028/780 703/1023/775 812/1026/778
f 817/1031/783 815/1027/779 751/1032/291
f 817/1033/783 818/1034/784 1152/1035/785
f 1152/1035/785 707/1036/786 819/1037/787
f 1152/1035/785 705/1038/781 815/1039/779
f 752/1040/293 1153/1041/788 818/1034/784
f 753/1042/255 1153/1041/788 820/1043/789
f 1153/1041/788 709/1044/790 822/1045/791
f 1153/1041/788 707/1036/786 818/1034/784
f 823/1046/792 821/1047/793 753/1042/255
f 823/1046/792 824/1048/794 1154/1049/795
f 1154/1049/795 711/1050/796 825/1051/797
f 1154/1049/795 709/1044/790 821/1047/793
f 754/1052/299 1155/1053/798 824/1048/794
f 755/1054/298 1155/1055/798 826/1056/799
f 1155/1053/798 713/1057/800 828/1058/801
f 1155/1053/798 711/1050/796 824/1048/794
f 829/1059/802 827/1060/803 755/1054/298
f 756/1061/300 1156/1062/804 829/1059/802
f 1156/1062/804 715/1063/805 831/1064/806
f 1156/1062/804 713/1065/800 827/1060/803
f 832/1066/807 830/1067/808 756/1061/300
f 832/1066/807 833/1068/809 1157/1069/810
f 1157/1069/810 717/1070/811 834/1071/812
f 1157/1069/810 715/1063/805 830/1067/808
f 835/1072/813 833/1068/809 757/1073/302
f 758/1074/304 1158/1075/814 835/1072/813
f 1158/1075/814 719/1076/815 837/1077/816
f 1158/1075/814 717/1070/811 833/1068/809
f 838/1078/817 836/1079/818 758/1074/304
f 838/1078/817 1123/953/722 1159/1080/819
f 1159/1080/819 683/958/726 839/1081/820
f 1159/1080/819 719/1076/815 836/1079/818
f 840/1082/821 841/1083/822 1160/1084/823
f 842/1085/824 841/1083/822 680/1086/825
f 720/1087/200 1161/1088/826 845/1089/827
f 721/1090/200 1161/1088/826 843/1091/200
f 844/1092/828 1122/1093/725 1161/1088/826
f 845/1089/827 1122/1093/725 682/1094/724
f 846/1095/829 847/1096/830 1162/1097/831
f 840/1082/821 847/1096/830 681/1098/832
f 739/1099/200 1163/1100/833 849/1101/834
f 720/1087/200 1163/1100/833 848/1102/200
f 845/1089/827 1126/1103/731 1163/1100/833
f 849/1101/834 1126/1103/731 685/1104/730
f 850/1105/835 851/1106/836 1164/1107/837
f 846/1095/829 851/1106/836 684/1108/838
f 738/1109/200 1165/1110/839 853/1111/840
f 739/1099/200 1165/1110/839 852/1112/200
f 849/1101/834 1129/1113/736 1165/1110/839
f 853/1111/840 1129/1113/736 687/1114/735
f 854/1115/841 855/1116/842 1166/1117/843
f 850/1105/835 855/1116/842 686/1118/844
f 737/1119/200 1167/1120/845 857/1121/846
f 738/1109/200 1167/1120/845 856/1122/200
f 853/1111/840 1132/1123/741 1167/1120/845
f 857/1121/846 1132/1123/741 689/1124/740
f 858/1125/847 859/1126/848 1168/1127/849
f 854/1115/841 859/1126/848 688/1128/850
f 736/1129/200 1169/1130/851 861/1131/852
f 737/1119/200 1169/1130/851 860/1132/200
f 857/1121/846 1135/1133/747 1169/1130/851
f 861/1131/852 1135/1133/747 691/1134/746
f 862/1135/853 863/1136/854 1170/1137/855
f 858/1125/847 863/1136/854 690/1138/856
f 735/1139/200 1171/1140/857 865/1141/858
f 736/1129/200 1171/1140/857 864/1142/200
f 861/1131/852 1138/1143/751 1171/1140/857
f 865/1141/858 1138/1143/751 693/1144/750
f 866/1145/859 867/1146/860 1172/1147/861
f 862/1135/853 867/1146/860 692/1148/862
f 734/1149/200 1173/1150/863 869/1151/864
f 735/1139/200 1173/1150/863 868/1152/200
f 865/1141/858 801/1153/757 1173/1150/863
f 869/1151/864 801/1153/757 695/1154/756
f 870/1155/865 871/1156/866 1174/1157/867
f 866/1145/859 871/1156/866 694/1158/868
f 733/1159/200 1175/1160/869 873/1161/870
f 734/1149/200 1175/1160/869 872/1162/200
f 869/1151/864 804/1163/761 1175/1160/869
f 873/1161/870 804/1163/761 697/1164/760
f 874/1165/871 875/1166/872 1176/1167/873
f 870/1155/865 875/1166/872 696/1168/874
f 732/1169/200 1177/1170/875 877/1171/876
f 733/1159/200 1177/1170/875 876/1172/200
f 873/1161/870 807/1173/766 1177/1170/875
f 877/1171/876 807/1173/766 699/1174/765
f 878/1175/877 879/1176/878 1178/1177/879
f 874/1165/871 879/1176/878 698/1178/880
f 731/1179/200 1179/1180/881 881/1181/882
f 732/1169/200 1179/1180/881 880/1182/200
f 877/1171/876 810/1183/772 1179/1180/881
f 881/1181/882 810/1183/772 701/1184/771
f 882/1185/883 883/1186/884 1180/1187/885
f 878/1175/877 883/1186/884 700/1188/886
f 730/1189/200 1181/1190/887 885/1191/888
f 731/1179/200 1181/1190/887 884/1192/200
f 881/1181/882 813/1193/776 1181/1190/887
f 885/1191/888 813/1193/776 703/1194/775
f 886/1195/889 887/1196/890 1182/1197/891
f 882/1185/883 887/1196/890 702/1198/892
f 729/1199/200 1183/1200/893 889/1201/894
f 730/1189/200 1183/1200/893 888/1202/200
f 885/1191/888 816/1203/782 1183/1200/893
f 889/1201/894 816/1203/782 705/1204/781
f 890/1205/895 891/1206/896 1184/1207/897
f 886/1195/889 891/1206/896 704/1208/898
f 728/1209/200 1185/1210/899 893/1211/900
f 729/1199/200 1185/1210/899 892/1212/200
f 889/1201/894 819/1213/787 1185/1210/899
f 893/1211/900 819/1213/787 707/1214/786
f 894/1215/901 895/1216/902 1186/1217/903
f 890/1205/895 895/1216/902 706/1218/904
f 727/1219/200 1187/1220/905 897/1221/906
f 728/1209/200 1187/1220/905 896/1222/200
f 893/1211/900 822/1223/791 1187/1220/905
f 897/1221/906 822/1223/791 709/1224/790
f 898/1225/907 899/1226/908 1188/1227/909
f 894/1215/901 899/1226/908 708/1228/910
f 726/1229/200 1189/1230/911 901/1231/912
f 727/1219/200 1189/1230/911 900/1232/200
f 897/1221/906 825/1233/797 1189/1230/911
f 901/1231/912 825/1233/797 711/1234/796
f 902/1235/913 903/1236/914 1190/1237/915
f 898/1225/907 903/1236/914 710/1238/916
f 725/1239/200 1191/1240/917 905/1241/918
f 726/1229/200 1191/1240/917 904/1242/200
f 901/1231/912 828/1243/801 1191/1240/917
f 905/1241/918 828/1243/801 713/1244/800
f 906/1245/919 907/1246/920 1192/1247/921
f 902/1235/913 907/1246/920 712/1248/922
f 724/1249/200 1193/1250/923 909/1251/924
f 725/1239/200 1193/1250/923 908/1252/200
f 905/1241/918 831/1253/806 1193/1250/923
f 909/1251/924 831/1253/806 715/1254/805
f 910/1255/925 911/1256/926 1194/1257/927
f 906/1245/919 911/1256/926 714/1258/928
f 723/1259/200 1195/1260/929 913/1261/930
f 724/1249/200 1195/1260/929 912/1262/200
f 909/1251/924 834/1263/812 1195/1260/929
f 913/1261/930 834/1263/812 717/1264/811
f 914/1265/931 915/1266/932 1196/1267/933
f 910/1255/925 915/1266/932 716/1268/934
f 722/1269/200 1197/1270/935 917/1271/936
f 723/1259/200 1197/1270/935 916/1272/200
f 913/1261/930 837/1273/816 1197/1270/935
f 917/1271/936 837/1273/816 719/1274/815
f 842/1085/824 918/1275/937 1198/1276/938
f 914/1265/931 918/1275/937 718/1277/939
f 721/1090/200 1199/1278/940 844/1092/828
f 722/1269/200 1199/1278/940 919/1279/200
f 917/1271/936 839/1280/820 1199/1278/940
f 844/1092/828 839/1280/820 683/1281/726
f 661/783/561 1200/1282/941 921/1283/942
f 660/780/558 1200/1282/941 1000/778/556
f 920/1284/943 843/1091/200 1200/1285/941
f 921/1286/942 843/1091/200 720/1087/200
f 660/780/558 1201/1287/944 920/1288/943
f 679/846/616 1201/1287/944 1038/848/618
f 922/1289/945 919/1279/200 1201/1290/944
f 920/1284/943 919/1279/200 721/1090/200
f 679/846/616 1202/1291/946 922/1292/945
f 678/1293/947 1202/1291/946 1036/844/614
f 923/1294/948 916/1272/200 1202/1295/946
f 922/1289/945 916/1272/200 722/1269/200
f 678/1293/947 1203/1296/949 923/1297/948
f 677/1298/950 1203/1296/949 1034/841/611
f 924/1299/951 912/1262/200 1203/1300/949
f 923/1294/948 912/1262/200 723/1259/200
f 677/1298/950 1204/1301/952 924/1302/951
f 676/1303/953 1204/1301/952 1032/838/608
f 925/1304/954 908/1252/200 1204/1305/952
f 924/1299/951 908/1252/200 724/1249/200
f 676/1303/953 1205/1306/955 925/1307/954
f 675/1308/956 1205/1309/955 1030/833/605
f 926/1310/957 904/1242/200 1205/1311/955
f 925/1304/954 904/1242/200 725/1239/200
f 675/1308/956 1206/1312/958 926/1313/957
f 674/1314/959 1206/1312/958 1028/830/602
f 927/1315/960 900/1232/200 1206/1316/958
f 926/1310/957 900/1232/200 726/1229/200
f 674/1314/959 1207/1317/961 927/1318/960
f 673/1319/962 1207/1317/961 1026/827/599
f 928/1320/963 896/1222/200 1207/1321/961
f 927/1315/960 896/1222/200 727/1219/200
f 673/1319/962 1208/1322/964 928/1323/963
f 672/1324/965 1208/1325/964 1024/822/596
f 929/1326/966 892/1212/200 1208/1327/964
f 928/1320/963 892/1212/200 728/1209/200
f 672/1324/965 1209/1328/967 929/1329/966
f 671/1330/968 1209/1328/967 1022/819/593
f 930/1331/969 888/1202/200 1209/1332/967
f 929/1326/966 888/1202/200 729/1199/200
f 671/1330/968 1210/1333/970 930/1334/969
f 670/1335/971 1210/1333/970 1020/816/590
f 931/1336/972 884/1192/200 1210/1337/970
f 930/1331/969 884/1192/200 730/1189/200
f 670/1335/971 1211/1338/973 931/1339/972
f 669/1340/974 1211/1338/973 1018/813/587
f 932/1341/975 880/1182/200 1211/1342/973
f 931/1336/972 880/1182/200 731/1179/200
f 669/1340/974 1212/1343/976 932/1344/975
f 668/808/582 1212/1343/976 1016/810/584
f 933/1345/977 876/1172/200 1212/1346/976
f 932/1341/975 876/1172/200 732/1169/200
f 668/808/582 1213/1347/978 933/1348/977
f 667/1349/979 1213/1347/978 1014/806/580
f 934/1350/980 872/1162/200 1213/1351/978
f 933/1345/977 872/1162/200 733/1159/200
f 667/1349/979 1214/1352/981 934/1353/980
f 666/1354/982 1214/1352/981 1012/803/577
f 935/1355/983 868/1152/200 1214/1356/981
f 934/1350/980 868/1152/200 734/1149/200
f 666/1354/982 1215/1357/984 935/1358/983
f 665/1359/985 1215/1360/984 1010/798/574
f 936/1361/986 864/1142/200 1215/1362/984
f 935/1355/983 864/1142/200 735/1139/200
f 665/1359/985 1216/1363/987 936/1364/986
f 664/1365/988 1216/1363/987 1008/795/571
f 937/1366/989 860/1132/200 1216/1367/987
f 936/1361/986 860/1132/200 736/1129/200
f 664/1365/988 1217/1368/990 937/1369/989
f 663/1370/991 1217/1368/990 1006/792/568
f 938/1371/992 856/1122/200 1217/1372/990
f 937/1366/989 856/1122/200 737/1119/200
f 663/1370/991 1218/1373/993 938/1374/992
f 662/1375/994 1218/1376/993 1004/787/565
f 939/1377/995 852/1112/200 1218/1378/993
f 938/1371/992 852/1112/200 738/1109/200
f 662/1375/994 1219/1379/996 939/1380/995
f 661/783/561 1219/1379/996 1002/785/563
f 921/1286/942 848/1102/200 1219/1381/996
f 939/1377/995 848/1102/200 739/1099/200
f 681/1098/832 1220/1382/997 941/1383/998
f 684/1108/838 1220/1382/997 847/1096/830
f 1220/1384/997 741/961/272 1124/959/727
f 941/1385/998 1124/959/727 740/954/269
f 684/1108/838 1221/1386/999 940/1387/1000
f 686/1118/844 1221/1386/999 851/1106/836
f 1221/1388/999 742/967/276 1127/969/732
f 940/1389/1000 1127/965/732 741/961/272
f 686/1118/844 1222/1390/1001 942/1391/1002
f 688/1128/850 1222/1390/1001 855/1116/842
f 943/1392/1003 1130/974/737 1222/1393/1001
f 942/1394/1002 1130/974/737 742/967/276
f 688/1128/850 1223/1395/1004 943/1396/1003
f 690/1138/856 1223/1395/1004 859/1126/848
f 944/1397/1005 1133/980/742 1223/1398/1004
f 1223/1398/1004 743/976/257 943/1392/1003
f 690/1138/856 1224/1399/1006 944/1400/1005
f 692/1148/862 1224/1399/1006 863/1136/854
f 1224/1401/1006 745/988/279 1136/990/748
f 944/1397/1005 1136/986/748 744/987/277
f 692/1148/862 1225/1402/1007 945/1403/1008
f 694/1158/868 1225/1402/1007 867/1146/860
f 946/1404/1009 1139/996/754 1225/1405/1007
f 1225/1405/1007 745/988/279 945/1406/1008
f 694/1158/868 1226/1407/1010 946/1408/1009
f 696/1168/874 1226/1407/1010 871/1156/866
f 1226/1409/1010 747/1003/286 802/1001/758
f 946/1404/1009 802/1001/758 746/1002/283
f 696/1410/874 1227/1411/1011 947/1412/1012
f 698/1178/880 1227/1413/1011 875/1166/872
f 1227/1411/1011 748/1009/285 805/1007/762
f 947/1412/1012 805/1007/762 747/1003/286
f 698/1178/880 1228/1414/1013 948/1415/1014
f 700/1188/886 1228/1414/1013 879/1176/878
f 949/1416/1015 808/1015/769 1228/1417/1013
f 948/1418/1014 808/1015/769 748/1009/285
f 700/1188/886 1229/1419/1016 949/1420/1015
f 702/1198/892 1229/1419/1016 883/1186/884
f 1229/1421/1016 750/1021/289 811/1019/773
f 949/1416/1015 811/1019/773 749/1020/290
f 702/1198/892 1230/1422/1017 950/1423/1018
f 704/1208/898 1230/1422/1017 887/1196/890
f 951/1424/1019 814/1025/777 1230/1425/1017
f 950/1426/1018 814/1025/777 750/1021/289
f 704/1208/898 1231/1427/1020 951/1428/1019
f 706/1218/904 1231/1427/1020 891/1206/896
f 952/1429/1021 817/1033/783 1231/1430/1020
f 951/1424/1019 817/1031/783 751/1032/291
f 706/1218/904 1232/1431/1022 952/1432/1021
f 708/1228/910 1232/1431/1022 895/1216/902
f 953/1433/1023 820/1043/789 1232/1434/1022
f 1232/1434/1022 752/1040/293 952/1429/1021
f 708/1228/910 1233/1435/1024 953/1436/1023
f 710/1238/916 1233/1435/1024 899/1226/908
f 954/1437/1025 823/1046/792 1233/1438/1024
f 953/1433/1023 823/1046/792 753/1042/255
f 710/1238/916 1234/1439/1026 954/1440/1025
f 712/1248/922 1234/1439/1026 903/1236/914
f 955/1441/1027 826/1056/799 1234/1442/1026
f 1234/1443/1026 754/1052/299 954/1437/1025
f 712/1248/922 1235/1444/1028 955/1445/1027
f 714/1258/928 1235/1444/1028 907/1246/920
f 956/1446/1029 829/1059/802 1235/1447/1028
f 955/1441/1027 829/1059/802 755/1054/298
f 714/1258/928 1236/1448/1030 956/1449/1029
f 716/1268/934 1236/1448/1030 911/1256/926
f 957/1450/1031 832/1066/807 1236/1451/1030
f 1236/1451/1030 756/1061/300 956/1446/1029
f 716/1268/934 1237/1452/1032 957/1453/1031
f 718/1277/939 1237/1452/1032 915/1266/932
f 1237/1454/1032 758/1074/304 835/1072/813
f 957/1450/1031 835/1072/813 757/1073/302
f 718/1277/939 1238/1455/1033 958/1456/1034
f 680/1086/825 1238/1455/1033 918/1275/937
f 959/1457/1035 838/1078/817 1238/1458/1033
f 1238/1458/1033 758/1074/304 958/1459/1034
f 680/1086/825 1239/1460/1036 959/1461/1035
f 681/1098/832 1239/1460/1036 841/1083/822
f 1239/1462/1036 740/954/269 1120/955/723
f 1239/1462/1036 759/951/271 959/1457/1035
f 761/847/617 1240/1463/1037 961/1464/1038
f 1039/849/619 960/1465/1039 1240/1463/1037
f 1240/1466/1037 600/852/622 1078/909/679
f 1240/1466/1037 619/1467/1040 961/1468/1038
f 1037/845/615 962/1469/1041 762/843/613
f 1037/845/615 961/1464/1038 1241/1470/1042
f 1241/1471/1042 619/1467/1040 1076/906/676
f 1241/1471/1042 618/1472/1043 962/1473/1041
f 1035/842/612 963/1474/1044 763/840/610
f 762/843/613 1242/1475/1045 1035/842/612
f 1242/1476/1045 618/1472/1043 1074/903/673
f 1242/1476/1045 617/1477/1046 963/1478/1044
f 1033/839/609 964/1479/1047 764/836/607
f 763/840/610 1243/1480/1048 1033/839/609
f 1243/1481/1048 617/1477/1046 1072/900/670
f 1243/1481/1048 616/1482/1049 964/1483/1047
f 765/832/604 1244/1484/1050 965/1485/1051
f 764/836/607 1244/1486/1050 1031/837/606
f 1244/1487/1050 616/1482/1049 1070/897/667
f 1244/1487/1050 615/1488/1052 965/1489/1051
f 766/829/601 1245/1490/1053 966/1491/1054
f 1029/831/603 965/1485/1051 1245/1490/1053
f 1245/1492/1053 615/1488/1052 1068/894/664
f 1245/1492/1053 614/1493/1055 966/1494/1054
f 1027/828/600 967/1495/1056 767/825/598
f 766/829/601 1246/1496/1057 1027/828/600
f 1246/1497/1057 614/1493/1055 1066/891/661
f 1246/1497/1057 613/1498/1058 967/1499/1056
f 1025/823/597 968/1500/1059 768/821/595
f 767/825/598 1247/1501/1060 1025/826/597
f 1247/1502/1060 613/1498/1058 1064/888/658
f 1247/1502/1060 612/1503/1061 968/1504/1059
f 769/818/592 1248/1505/1062 969/1506/1063
f 768/821/595 1248/1505/1062 1023/820/594
f 1248/1507/1062 612/1503/1061 1062/885/655
f 1248/1507/1062 611/1508/1064 969/1509/1063
f 1021/817/591 970/1510/1065 770/815/589
f 1021/817/591 969/1506/1063 1249/1511/1066
f 1249/1512/1066 611/1508/1064 1060/882/652
f 1249/1512/1066 610/1513/1067 970/1514/1065
f 1019/814/588 971/1515/1068 771/812/586
f 1019/814/588 970/1510/1065 1250/1516/1069
f 1250/1517/1069 610/1513/1067 1058/879/649
f 1250/1517/1069 609/1518/1070 971/1519/1068
f 772/809/583 1251/1520/1071 972/1521/1072
f 771/812/586 1251/1520/1071 1017/811/585
f 1251/1522/1071 609/1518/1070 1056/876/646
f 1251/1522/1071 608/1523/1073 972/1524/1072
f 1015/807/581 973/1525/1074 773/805/579
f 1015/807/581 972/1521/1072 1252/1526/1075
f 1252/1527/1075 608/1523/1073 1054/873/643
f 1252/1527/1075 607/1528/1076 973/1529/1074
f 1013/804/578 974/1530/1077 774/801/576
f 773/805/579 1253/1531/1078 1013/804/578
f 1253/1532/1078 607/1528/1076 1052/870/640
f 1253/1532/1078 606/1533/1079 974/1534/1077
f 775/797/573 1254/1535/1080 975/1536/1081
f 774/801/576 1254/1537/1080 1011/802/575
f 1254/1538/1080 606/1533/1079 1050/867/637
f 1254/1538/1080 605/1539/1082 975/1540/1081
f 1009/796/572 976/1541/1083 776/794/570
f 1009/796/572 975/1536/1081 1255/1542/1084
f 1255/1543/1084 605/1539/1082 1048/864/634
f 1255/1543/1084 604/1544/1085 976/1545/1083
f 777/790/567 1256/1546/1086 977/1547/1087
f 1007/793/569 976/1541/1083 1256/1546/1086
f 1256/1548/1086 604/1544/1085 1046/861/631
f 1256/1548/1086 603/1549/1088 977/1550/1087
f 778/786/564 1257/1551/1089 978/1552/1090
f 1005/791/566 977/1547/1087 1257/1553/1089
f 1257/1554/1089 603/1549/1088 1044/858/628
f 1257/1554/1089 602/1555/1091 978/1556/1090
f 779/781/559 1258/1557/1092 979/1558/1093
f 1003/784/562 978/1552/1090 1258/1557/1092
f 1258/1559/1092 602/1555/1091 1042/855/625
f 1258/1559/1092 601/1560/1094 979/1561/1093
f 760/779/557 1259/1562/1095 960/1465/1039
f 1001/782/560 979/1558/1093 1259/1562/1095
f 1259/1563/1095 601/1560/1094 1040/850/620
f 1259/1563/1095 600/852/622 960/1564/1039
f 1198/1276/938 1282/1886/1237 842/1085/824
f 1198/1276/938 1317/1887/1275 1319/1888/1276
f 1196/1267/933 1317/1887/1275 914/1265/931
f 1196/1267/933 1315/1889/1273 1318/1890/1274
f 1194/1257/927 1315/1889/1273 910/1255/925
f 1194/1257/927 1313/1891/1271 1316/1892/1272
f 1192/1247/921 1313/1891/1271 906/1245/919
f 1192/1247/921 1311/1893/1269 1314/1894/1270
f 1190/1237/915 1311/1893/1269 902/1235/913
f 1190/1237/915 1309/1895/1267 1312/1896/1268
f 1188/1227/909 1309/1895/1267 898/1225/907
f 1188/1227/909 1307/1897/1265 1310/1898/1266
f 1186/1217/903 1307/1897/1265 894/1215/901
f 1186/1217/903 1305/1899/1263 1308/1900/1264
f 1184/1207/897 1305/1899/1263 890/1205/895
f 1184/1207/897 1303/1901/1261 1306/1902/1262
f 1182/1197/891 1303/1901/1261 886/1195/889
f 1182/1197/891 1301/1903/1259 1304/1904/1260
f 1180/1187/885 1301/1903/1259 882/1185/883
f 1180/1187/885 1299/1905/1257 1302/1906/1258
f 1178/1177/879 1299/1905/1257 878/1175/877
f 1178/1177/879 1297/1907/1255 1300/1908/1256
f 1176/1167/873 1297/1907/1255 874/1165/871
f 1176/1167/873 1295/1909/1253 1298/1910/1254
f 1174/1157/867 1295/1909/1253 870/1155/865
f 1174/1157/867 1293/1911/1251 1296/1912/1252
f 1172/1147/861 1293/1911/1251 866/1145/859
f 1172/1147/861 1291/1913/1249 1294/1914/1250
f 1170/1137/855 1291/1913/1249 862/1135/853
f 1170/1137/855 1289/1915/1247 1292/1916/1248
f 1168/1127/849 1289/1915/1247 858/1125/847
f 1168/1127/849 1287/1917/1245 1290/1918/1246
f 1166/1117/843 1287/1917/1245 854/1115/841
f 1166/1117/843 1285/1919/1243 1288/1920/1244
f 1164/1107/837 1285/1919/1243 850/1105/835
f 1164/1107/837 1283/1921/1241 1286/1922/1242
f 1162/1097/831 1283/1921/1241 846/1095/829
f 1162/1097/831 1280/1923/1239 1284/1924/1240
f 1160/1084/823 1280/1923/1239 840/1082/821
f 1160/1084/823 1282/1886/1237 1281/1925/1238
f 1560/1926/1296 1800/1927/1297 1460/1928/1298
f 1800/1927/1297 1579/1929/1299 1461/1930/1300
f 1803/1931/1301 1461/1930/1300 1579/1929/1299
f 1802/1932/1302 1578/1933/1303 1462/1934/1304
f 1578/1933/1303 1804/1935/1305 1462/1934/1304
f 1804/1936/1305 1577/1937/1306 1463/1938/1307
f 1577/1937/1306 1806/1939/1308 1463/1938/1307
f 1806/1939/1308 1576/1940/1309 1464/1941/1310
f 1576/1940/1309 1808/1942/1311 1464/1941/1310
f 1808/1942/1311 1575/1943/1312 1465/1944/1313
f 1575/1943/1312 1810/1945/1314 1465/1944/1313
f 1810/1946/1314 1574/1947/1315 1466/1948/1316
f 1574/1947/1315 1812/1949/1317 1466/1948/1316
f 1812/1949/1317 1573/1950/1318 1467/1951/1319
f 1573/1950/1318 1814/1952/1320 1467/1951/1319
f 1815/1953/1321 1468/1954/1322 1814/1952/1320
f 1572/1955/1323 1816/1956/1324 1468/1954/1322
f 1816/1956/1324 1571/1957/1325 1469/1958/1326
f 1571/1957/1325 1818/1959/1327 1469/1958/1326
f 1818/1959/1327 1570/1960/1328 1470/1961/1329
f 1570/1960/1328 1820/1962/1330 1470/1961/1329
f 1820/1962/1330 1569/1963/1331 1471/1964/1332
f 1569/1963/1331 1822/1965/1333 1471/1964/1332
f 1822/1965/1333 1568/1966/1334 1472/1967/1335
f 1568/1966/1334 1824/1968/1336 1472/1967/1335
f 1824/1969/1336 1567/1970/1337 1473/1971/1338
f 1567/1970/1337 1826/1972/1339 1473/1971/1338
f 1826/1972/1339 1566/1973/1340 1474/1974/1341
f 1566/1973/1340 1828/1975/1342 1474/1974/1341
f 1828/1975/1342 1565/1976/1343 1475/1977/1344
f 1565/1976/1343 1830/1978/1345 1475/1977/1344
f 1830/1979/1345 1564/1980/1346 1476/1981/1347
f 1564/1980/1346 1832/1982/1348 1476/1981/1347
f 1832/1982/1348 1563/1983/1349 1477/1984/1350
f 1563/1983/1349 1834/1985/1351 1477/1984/1350
f 1834/1985/1351 1562/1986/1352 1478/1987/1353
f 1562/1986/1352 1836/1988/1354 1478/1987/1353
f 1837/1989/1355 1479/1990/1356 1836/1988/1354
f 1561/1991/1357 1838/1992/1358 1479/1990/1356
f 1838/1992/1358 1560/1926/1296 1460/1928/1298
f 1420/1993/1359 1840/1994/1360 1400/1995/1361
f 1840/1994/1360 1421/1996/1362 1401/1997/1363
f 1421/1996/1362 1842/1998/1364 1401/1997/1363
f 1842/1998/1364 1422/1999/1365 1402/2000/1366
f 1422/1999/1365 1844/2001/1367 1402/2000/1366
f 1844/2001/1367 1423/2002/1368 1403/2003/1369
f 1423/2002/1368 1846/2004/1370 1403/2003/1369
f 1846/2004/1370 1424/2005/1371 1404/2006/1372
f 1424/2005/1371 1848/2007/1373 1404/2006/1372
f 1848/2007/1373 1425/2008/1374 1405/2009/1375
f 1425/2008/1374 1850/2010/1376 1405/2009/1375
f 1850/2010/1376 1426/2011/1377 1406/2012/1378
f 1426/2011/1377 1852/2013/1379 1406/2012/1378
f 1852/2013/1379 1427/2014/1380 1407/2015/1381
f 1427/2014/1380 1854/2016/1382 1407/2015/1381
f 1854/2016/1382 1428/2017/1383 1408/2018/1384
f 1428/2017/1383 1856/2019/1385 1408/2018/1384
f 1856/2019/1385 1429/2020/1386 1409/2021/1387
f 1429/2020/1386 1858/2022/1388 1409/2021/1387
f 1858/2022/1388 1430/2023/1389 1410/2024/1390
f 1430/2023/1389 1860/2025/1391 1410/2024/1390
f 1860/2025/1391 1431/2026/1392 1411/2027/1393
f 1431/2026/1392 1862/2028/1394 1411/2027/1393
f 1862/2028/1394 1432/2029/1395 1412/2030/1396
f 1432/2029/1395 1864/2031/1397 1412/2030/1396
f 1864/2031/1397 1433/2032/1398 1413/2033/1399
f 1433/2032/1398 1866/2034/1400 1413/2033/1399
f 1866/2034/1400 1434/2035/1401 1414/2036/1402
f 1434/2035/1401 1868/2037/1403 1414/2036/1402
f 1868/2037/1403 1435/2038/1404 1415/2039/1405
f 1435/2038/1404 1870/2040/1406 1415/2039/1405
f 1870/2040/1406 1436/2041/1407 1416/2042/1408
f 1436/2041/1407 1872/2043/1409 1416/2042/1408
f 1872/2043/1409 1437/2044/1410 1417/2045/1411
f 1437/2044/1410 1874/2046/1412 1417/2045/1411
f 1874/2046/1412 1438/2047/1413 1418/2048/1414
f 1438/2047/1413 1876/2049/1415 1418/2048/1414
f 1876/2049/1415 1439/2050/1416 1419/2051/1417
f 1439/2050/1416 1878/2052/1418 1419/2051/1417
f 1878/2052/1418 1420/1993/1359 1400/1995/1361
f 1559/2093/271 1940/2094/1459 1920/2095/723
f 1940/2094/1459 1540/2096/269 1920/2095/723
f 1940/2094/1459 1482/2097/1460 1921/2098/1461
f 1483/2099/1462 1940/2094/1459 1923/2100/1463
f 1921/2098/1461 1924/2101/727 1540/2096/269
f 1941/2102/1464 1541/2103/272 1924/2101/727
f 1941/2102/1464 1485/2104/1465 1925/2105/1466
f 1482/2097/1460 1941/2102/1464 1921/2098/1461
f 1925/2105/1466 1927/2106/732 1541/2103/272
f 1942/2107/1467 1542/2108/276 1927/2109/732
f 1942/2107/1467 1487/2110/1468 1928/2111/1469
f 1485/2112/1465 1942/2107/1467 1925/2113/1466
f 1928/2111/1469 1930/2114/737 1542/2108/276
f 1943/2115/1470 1543/2116/257 1930/2114/737
f 1943/2115/1470 1489/2117/1471 1931/2118/1472
f 1487/2110/1468 1943/2115/1470 1928/2111/1469
f 1931/2118/1472 1933/2119/742 1543/2116/257
f 1933/2119/742 1934/2120/1473 1544/2121/277
f 1944/2122/1474 1491/2123/1475 1934/2120/1473
f 1489/2117/1471 1944/2122/1474 1931/2118/1472
f 1934/2120/1473 1936/2124/748 1544/2121/277
f 1945/2125/1476 1545/2126/279 1936/2127/748
f 1945/2128/1476 1493/2129/1477 1937/2130/1478
f 1491/2123/1475 1945/2128/1476 1934/2120/1473
f 1545/2126/279 1946/2131/1479 1939/2132/754
f 1939/2132/754 1600/2133/1480 1546/2134/283
f 1946/2131/1479 1495/2135/1481 1600/2133/1480
f 1493/2136/1477 1946/2131/1479 1937/2137/1478
f 1600/2133/1480 1602/2138/758 1546/2134/283
f 1947/2139/1482 1547/2140/286 1602/2138/758
f 1947/2139/1482 1497/2141/1483 1603/2142/1484
f 1495/2135/1481 1947/2139/1482 1600/2133/1480
f 1603/2142/1484 1605/2143/762 1547/2140/286
f 1948/2144/1485 1548/2145/285 1605/2143/762
f 1948/2144/1485 1499/2146/1486 1606/2147/1487
f 1497/2141/1483 1948/2144/1485 1603/2142/1484
f 1606/2147/1487 1608/2148/769 1548/2145/285
f 1608/2148/769 1609/2149/1488 1549/2150/290
f 1949/2151/1489 1501/2152/1490 1609/2149/1488
f 1499/2146/1486 1949/2151/1489 1606/2147/1487
f 1609/2149/1488 1611/2153/773 1549/2150/290
f 1950/2154/1491 1550/2155/289 1611/2153/773
f 1950/2154/1491 1503/2156/1492 1612/2157/1493
f 1501/2152/1490 1950/2154/1491 1609/2149/1488
f 1612/2157/1493 1614/2158/777 1550/2155/289
f 1614/2158/777 1615/2159/1494 1551/2160/291
f 1951/2161/1495 1505/2162/1496 1615/2159/1494
f 1503/2156/1492 1951/2161/1495 1612/2157/1493
f 1615/2159/1494 1617/2163/783 1551/2160/291
f 1617/2164/783 1618/2165/1497 1552/2166/293
f 1952/2167/1498 1507/2168/1499 1618/2165/1497
f 1505/2169/1496 1952/2167/1498 1615/2170/1494
f 1552/2166/293 1953/2171/1500 1620/2172/789
f 1953/2171/1500 1553/2173/255 1620/2172/789
f 1953/2171/1500 1509/2174/1501 1621/2175/1502
f 1507/2168/1499 1953/2171/1500 1618/2165/1497
f 1621/2175/1502 1623/2176/792 1553/2173/255
f 1623/2176/792 1624/2177/1503 1554/2178/299
f 1954/2179/1504 1511/2180/1505 1624/2177/1503
f 1509/2174/1501 1954/2179/1504 1621/2175/1502
f 1554/2178/299 1955/2181/1506 1626/2182/799
f 1955/2183/1506 1555/2184/298 1626/2185/799
f 1955/2181/1506 1513/2186/1507 1627/2187/1508
f 1511/2180/1505 1955/2181/1506 1624/2177/1503
f 1627/2188/1508 1629/2189/802 1555/2184/298
f 1956/2190/1509 1556/2191/300 1629/2189/802
f 1956/2190/1509 1515/2192/1510 1630/2193/1511
f 1513/2194/1507 1956/2190/1509 1627/2188/1508
f 1630/2193/1511 1632/2195/807 1556/2191/300
f 1632/2195/807 1633/2196/1512 1557/2197/302
f 1957/2198/1513 1517/2199/1514 1633/2196/1512
f 1515/2192/1510 1957/2198/1513 1630/2193/1511
f 1633/2196/1512 1635/2200/813 1557/2197/302
f 1958/2201/1515 1558/2202/304 1635/2200/813
f 1958/2201/1515 1519/2203/1516 1636/2204/1517
f 1517/2199/1514 1958/2201/1515 1633/2196/1512
f 1636/2204/1517 1638/2205/817 1558/2202/304
f 1638/2205/817 1923/2100/1463 1559/2093/271
f 1959/2206/1518 1483/2099/1462 1923/2100/1463
f 1519/2203/1516 1959/2206/1518 1636/2204/1517
f 1641/2207/1519 1640/2208/1520 1960/2209/1521
f 1642/2210/1522 1641/2207/1519 1960/2209/1521
f 1520/2211/159 1961/2212/1523 1643/2213/159
f 1961/2212/1523 1521/2214/159 1643/2213/159
f 1922/2215/1524 1644/2216/1525 1961/2212/1523
f 1645/2217/1526 1922/2215/1524 1961/2212/1523
f 1647/2218/1527 1646/2219/1528 1962/2220/1529
f 1640/2208/1520 1647/2218/1527 1962/2220/1529
f 1539/2221/159 1963/2222/1530 1648/2223/159
f 1963/2222/1530 1520/2211/159 1648/2223/159
f 1926/2224/1531 1645/2217/1526 1963/2222/1530
f 1649/2225/1532 1926/2224/1531 1963/2222/1530
f 1651/2226/1533 1650/2227/1534 1964/2228/1535
f 1646/2219/1528 1651/2226/1533 1964/2228/1535
f 1538/2229/159 1965/2230/1536 1652/2231/159
f 1965/2230/1536 1539/2221/159 1652/2231/159
f 1929/2232/1537 1649/2225/1532 1965/2230/1536
f 1653/2233/1538 1929/2232/1537 1965/2230/1536
f 1655/2234/1539 1654/2235/1540 1966/2236/1541
f 1650/2227/1534 1655/2234/1539 1966/2236/1541
f 1537/2237/159 1967/2238/1542 1656/2239/159
f 1967/2238/1542 1538/2229/159 1656/2239/159
f 1932/2240/1543 1653/2233/1538 1967/2238/1542
f 1657/2241/1544 1932/2240/1543 1967/2238/1542
f 1659/2242/1545 1658/2243/1546 1968/2244/1547
f 1654/2235/1540 1659/2242/1545 1968/2244/1547
f 1536/2245/159 1969/2246/1548 1660/2247/159
f 1969/2246/1548 1537/2237/159 1660/2247/159
f 1935/2248/1549 1657/2241/1544 1969/2246/1548
f 1661/2249/1550 1935/2248/1549 1969/2246/1548
f 1663/2250/1551 1662/2251/1552 1970/2252/1553
f 1658/2243/1546 1663/2250/1551 1970/2252/1553
f 1535/2253/159 1971/2254/1554 1664/2255/159
f 1971/2254/1554 1536/2245/159 1664/2255/159
f 1938/2256/1555 1661/2249/1550 1971/2254/1554
f 1665/2257/1556 1938/2256/1555 1971/2254/1554
f 1667/2258/1557 1666/2259/1558 1972/2260/1559
f 1662/2251/1552 1667/2258/1557 1972/2260/1559
f 1534/2261/159 1973/2262/1560 1668/2263/159
f 1973/2262/1560 1535/2253/159 1668/2263/159
f 1601/2264/1561 1665/2257/1556 1973/2262/1560
f 1669/2265/1562 1601/2264/1561 1973/2262/1560
f 1671/2266/1563 1670/2267/1564 1974/2268/1565
f 1666/2259/1558 1671/2266/1563 1974/2268/1565
f 1533/2269/159 1975/2270/1566 1672/2271/159
f 1975/2270/1566 1534/2261/159 1672/2271/159
f 1604/2272/1567 1669/2265/1562 1975/2270/1566
f 1673/2273/1568 1604/2272/1567 1975/2270/1566
f 1675/2274/1569 1674/2275/1570 1976/2276/1571
f 1670/2267/1564 1675/2274/1569 1976/2276/1571
f 1532/2277/159 1977/2278/1572 1676/2279/159
f 1977/2278/1572 1533/2269/159 1676/2279/159
f 1607/2280/1573 1673/2273/1568 1977/2278/1572
f 1677/2281/1574 1607/2280/1573 1977/2278/1572
f 1679/2282/1575 1678/2283/1576 1978/2284/1577
f 1674/2275/1570 1679/2282/1575 1978/2284/1577
f 1531/2285/159 1979/2286/1578 1680/2287/159
f 1979/2286/1578 1532/2277/159 1680/2287/159
f 1610/2288/1579 1677/2281/1574 1979/2286/1578
f 1681/2289/1580 1610/2288/1579 1979/2286/1578
f 1683/2290/1581 1682/2291/1582 1980/2292/1583
f 1678/2283/1576 1683/2290/1581 1980/2292/1583
f 1530/2293/159 1981/2294/1584 1684/2295/159
f 1981/2294/1584 1531/2285/159 1684/2295/159
f 1613/2296/1585 1681/2289/1580 1981/2294/1584
f 1685/2297/1586 1613/2296/1585 1981/2294/1584
f 1687/2298/1587 1686/2299/1588 1982/2300/1589
f 1682/2291/1582 1687/2298/1587 1982/2300/1589
f 1529/2301/159 1983/2302/1590 1688/2303/159
f 1983/2302/1590 1530/2293/159 1688/2303/159
f 1616/2304/1591 1685/2297/1586 1983/2302/1590
f 1689/2305/1592 1616/2304/1591 1983/2302/1590
f 1691/2306/1593 1690/2307/1594 1984/2308/1595
f 1686/2299/1588 1691/2306/1593 1984/2308/1595
f 1528/2309/159 1985/2310/1596 1692/2311/159
f 1985/2310/1596 1529/2301/159 1692/2311/159
f 1619/2312/1597 1689/2305/1592 1985/2310/1596
f 1693/2313/1598 1619/2312/1597 1985/2310/1596
f 1695/2314/1599 1694/2315/1600 1986/2316/1601
f 1690/2307/1594 1695/2314/1599 1986/2316/1601
f 1527/2317/159 1987/2318/1602 1696/2319/159
f 1987/2318/1602 1528/2309/159 1696/2319/159
f 1622/2320/1603 1693/2313/1598 1987/2318/1602
f 1697/2321/1604 1622/2320/1603 1987/2318/1602
f 1699/2322/1605 1698/2323/1606 1988/2324/1607
f 1694/2315/1600 1699/2322/1605 1988/2324/1607
f 1526/2325/159 1989/2326/1608 1700/2327/159
f 1989/2326/1608 1527/2317/159 1700/2327/159
f 1625/2328/1609 1697/2321/1604 1989/2326/1608
f 1701/2329/1610 1625/2328/1609 1989/2326/1608
f 1703/2330/1611 1702/2331/1612 1990/2332/1613
f 1698/2323/1606 1703/2330/1611 1990/2332/1613
f 1525/2333/159 1991/2334/1614 1704/2335/159
f 1991/2334/1614 1526/2325/159 1704/2335/159
f 1628/2336/1615 1701/2329/1610 1991/2334/1614
f 1705/2337/1616 1628/2336/1615 1991/2334/1614
f 1707/2338/1617 1706/2339/1618 1992/2340/1619
f 1702/2331/1612 1707/2338/1617 1992/2340/1619
f 1524/2341/159 1993/2342/1620 1708/2343/159
f 1993/2342/1620 1525/2333/159 1708/2343/159
f 1631/2344/1621 1705/2337/1616 1993/2342/1620
f 1709/2345/1622 1631/2344/1621 1993/2342/1620
f 1711/2346/1623 1710/2347/1624 1994/2348/1625
f 1706/2339/1618 1711/2346/1623 1994/2348/1625
f 1523/2349/159 1995/2350/1626 1712/2351/159
f 1995/2350/1626 1524/2341/159 1712/2351/159
f 1634/2352/1627 1709/2345/1622 1995/2350/1626
f 1713/2353/1628 1634/2352/1627 1995/2350/1626
f 1715/2354/1629 1714/2355/1630 1996/2356/1631
f 1710/2347/1624 1715/2354/1629 1996/2356/1631
f 1522/2357/159 1997/2358/1632 1716/2359/159
f 1997/2358/1632 1523/2349/159 1716/2359/159
f 1637/2360/1633 1713/2353/1628 1997/2358/1632
f 1717/2361/1634 1637/2360/1633 1997/2358/1632
f 1718/2362/1635 1642/2210/1522 1998/2363/1636
f 1714/2355/1630 1718/2362/1635 1998/2363/1636
f 1521/2214/159 1999/2364/1637 1719/2365/159
f 1999/2364/1637 1522/2357/159 1719/2365/159
f 1639/2366/1638 1717/2361/1634 1999/2364/1637
f 1644/2216/1525 1639/2366/1638 1999/2364/1637
f 1461/1930/1300 2000/2367/1639 1800/1927/1297
f 2000/2367/1639 1460/1928/1298 1800/1927/1297
f 1643/2213/159 1720/2368/1640 2000/2369/1639
f 1721/2370/1641 1643/2213/159 2000/2369/1639
f 1460/1928/1298 2001/2371/1642 1838/1992/1358
f 2001/2371/1642 1479/1990/1356 1838/1992/1358
f 1719/2365/159 1722/2372/1643 2001/2373/1642
f 1720/2368/1640 1719/2365/159 2001/2373/1642
f 1479/1990/1356 2002/2374/1644 1836/1988/1354
f 2002/2374/1644 1478/1987/1353 1836/1988/1354
f 1716/2359/159 1723/2375/1645 2002/2376/1644
f 1722/2372/1643 1716/2359/159 2002/2376/1644
f 1478/1987/1353 2003/2377/1646 1834/1985/1351
f 2003/2377/1646 1477/1984/1350 1834/1985/1351
f 1712/2351/159 1724/2378/1647 2003/2379/1646
f 1723/2375/1645 1712/2351/159 2003/2379/1646
f 1477/1984/1350 2004/2380/1648 1832/1982/1348
f 2004/2380/1648 1476/1981/1347 1832/1982/1348
f 1708/2343/159 1725/2381/1649 2004/2382/1648
f 1724/2378/1647 1708/2343/159 2004/2382/1648
f 1476/1981/1347 2005/2383/1650 1830/1979/1345
f 2005/2384/1650 1475/1977/1344 1830/1978/1345
f 1704/2335/159 1726/2385/1651 2005/2386/1650
f 1725/2381/1649 1704/2335/159 2005/2386/1650
f 1475/1977/1344 2006/2387/1652 1828/1975/1342
f 2006/2387/1652 1474/1974/1341 1828/1975/1342
f 1700/2327/159 1727/2388/1653 2006/2389/1652
f 1726/2385/1651 1700/2327/159 2006/2389/1652
f 1474/1974/1341 2007/2390/1654 1826/1972/1339
f 2007/2390/1654 1473/1971/1338 1826/1972/1339
f 1696/2319/159 1728/2391/1655 2007/2392/1654
f 1727/2388/1653 1696/2319/159 2007/2392/1654
f 1473/1971/1338 2008/2393/1656 1824/1969/1336
f 2008/2394/1656 1472/1967/1335 1824/1968/1336
f 1692/2311/159 1729/2395/1657 2008/2396/1656
f 1728/2391/1655 1692/2311/159 2008/2396/1656
f 1472/1967/1335 2009/2397/1658 1822/1965/1333
f 2009/2397/1658 1471/1964/1332 1822/1965/1333
f 1688/2303/159 1730/2398/1659 2009/2399/1658
f 1729/2395/1657 1688/2303/159 2009/2399/1658
f 1471/1964/1332 2010/2400/1660 1820/1962/1330
f 2010/2400/1660 1470/1961/1329 1820/1962/1330
f 1684/2295/159 1731/2401/1661 2010/2402/1660
f 1730/2398/1659 1684/2295/159 2010/2402/1660
f 1470/1961/1329 2011/2403/1662 1818/1959/1327
f 2011/2403/1662 1469/1958/1326 1818/1959/1327
f 1680/2287/159 1732/2404/1663 2011/2405/1662
f 1731/2401/1661 1680/2287/159 2011/2405/1662
f 1469/1958/1326 2012/2406/1664 1816/1956/1324
f 2012/2406/1664 1468/1954/1322 1816/1956/1324
f 1676/2279/159 1733/2407/1665 2012/2408/1664
f 1732/2404/1663 1676/2279/159 2012/2408/1664
f 1468/1954/1322 2013/2409/1666 1814/1952/1320
f 2013/2409/1666 1467/1951/1319 1814/1952/1320
f 1672/2271/159 1734/2410/1667 2013/2411/1666
f 1733/2407/1665 1672/2271/159 2013/2411/1666
f 1467/1951/1319 2014/2412/1668 1812/1949/1317
f 2014/2412/1668 1466/1948/1316 1812/1949/1317
f 1668/2263/159 1735/2413/1669 2014/2414/1668
f 1734/2410/1667 1668/2263/159 2014/2414/1668
f 1466/1948/1316 2015/2415/1670 1810/1946/1314
f 2015/2416/1670 1465/1944/1313 1810/1945/1314
f 1664/2255/159 1736/2417/1671 2015/2418/1670
f 1735/2413/1669 1664/2255/159 2015/2418/1670
f 1465/1944/1313 2016/2419/1672 1808/1942/1311
f 2016/2419/1672 1464/1941/1310 1808/1942/1311
f 1660/2247/159 1737/2420/1673 2016/2421/1672
f 1736/2417/1671 1660/2247/159 2016/2421/1672
f 1464/1941/1310 2017/2422/1674 1806/1939/1308
f 2017/2422/1674 1463/1938/1307 1806/1939/1308
f 1656/2239/159 1738/2423/1675 2017/2424/1674
f 1737/2420/1673 1656/2239/159 2017/2424/1674
f 1463/1938/1307 2018/2425/1676 1804/1936/1305
f 2018/2426/1676 1462/1934/1304 1804/1935/1305
f 1652/2231/159 1739/2427/1677 2018/2428/1676
f 1738/2423/1675 1652/2231/159 2018/2428/1676
f 1462/1934/1304 2019/2429/1678 1802/1932/1302
f 2019/2429/1678 1461/1930/1300 1802/1932/1302
f 1648/2223/159 1721/2370/1641 2019/2430/1678
f 1739/2427/1677 1648/2223/159 2019/2430/1678
f 1481/2431/1679 2020/2432/1680 1647/2218/1527
f 2020/2432/1680 1484/2433/1681 1647/2218/1527
f 2020/2434/1680 1541/2103/272 1740/2435/1682
f 1741/2436/1683 1924/2101/727 2020/2434/1680
f 1484/2433/1681 2021/2437/1684 1651/2226/1533
f 2021/2437/1684 1486/2438/1685 1651/2226/1533
f 2021/2439/1684 1542/2108/276 1742/2440/1686
f 1740/2435/1682 1927/2106/732 2021/2441/1684
f 1486/2438/1685 2022/2442/1687 1655/2234/1539
f 2022/2442/1687 1488/2443/1688 1655/2234/1539
f 1930/2114/737 1743/2444/1689 2022/2445/1687
f 1742/2440/1686 1930/2114/737 2022/2445/1687
f 1488/2443/1688 2023/2446/1690 1659/2242/1545
f 2023/2446/1690 1490/2447/1691 1659/2242/1545
f 1933/2119/742 1744/2448/1692 2023/2449/1690
f 1543/2116/257 2023/2449/1690 1743/2444/1689
f 1490/2447/1691 2024/2450/1693 1663/2250/1551
f 2024/2450/1693 1492/2451/1694 1663/2250/1551
f 2024/2452/1693 1545/2126/279 1745/2453/1695
f 1744/2448/1692 1936/2124/748 2024/2454/1693
f 1492/2451/1694 2025/2455/1696 1667/2258/1557
f 2025/2455/1696 1494/2456/1697 1667/2258/1557
f 1939/2132/754 1746/2457/1698 2025/2458/1696
f 1545/2126/279 2025/2458/1696 1745/2453/1695
f 1494/2456/1697 2026/2459/1699 1671/2266/1563
f 2026/2459/1699 1496/2460/1700 1671/2266/1563
f 2026/2461/1699 1547/2140/286 1747/2462/1701
f 1746/2457/1698 1602/2138/758 2026/2461/1699
f 1496/2460/1700 2027/2463/1702 1675/2274/1569
f 2027/2463/1702 1498/2464/1703 1675/2274/1569
f 2027/2465/1702 1548/2145/285 1748/2466/1704
f 1747/2462/1701 1605/2143/762 2027/2465/1702
f 1498/2464/1703 2028/2467/1705 1679/2282/1575
f 2028/2467/1705 1500/2468/1706 1679/2282/1575
f 1608/2148/769 1749/2469/1707 2028/2470/1705
f 1748/2466/1704 1608/2148/769 2028/2470/1705
f 1500/2468/1706 2029/2471/1708 1683/2290/1581
f 2029/2471/1708 1502/2472/1709 1683/2290/1581
f 2029/2473/1708 1550/2155/289 1750/2474/1710
f 1749/2469/1707 1611/2153/773 2029/2473/1708
f 1502/2472/1709 2030/2475/1711 1687/2298/1587
f 2030/2475/1711 1504/2476/1712 1687/2298/1587
f 1614/2158/777 1751/2477/1713 2030/2478/1711
f 1750/2474/1710 1614/2158/777 2030/2478/1711
f 1504/2476/1712 2031/2479/1714 1691/2306/1593
f 2031/2479/1714 1506/2480/1715 1691/2306/1593
f 1617/2164/783 1752/2481/1716 2031/2482/1714
f 1751/2477/1713 1617/2163/783 2031/2483/1714
f 1506/2480/1715 2032/2484/1717 1695/2314/1599
f 2032/2484/1717 1508/2485/1718 1695/2314/1599
f 1620/2172/789 1753/2486/1719 2032/2487/1717
f 1552/2166/293 2032/2487/1717 1752/2481/1716
f 1508/2485/1718 2033/2488/1720 1699/2322/1605
f 2033/2488/1720 1510/2489/1721 1699/2322/1605
f 1623/2176/792 1754/2490/1722 2033/2491/1720
f 1753/2486/1719 1623/2176/792 2033/2491/1720
f 1510/2489/1721 2034/2492/1723 1703/2330/1611
f 2034/2492/1723 1512/2493/1724 1703/2330/1611
f 1626/2185/799 1755/2494/1725 2034/2495/1723
f 1554/2178/299 2034/2496/1723 1754/2490/1722
f 1512/2493/1724 2035/2497/1726 1707/2338/1617
f 2035/2497/1726 1514/2498/1727 1707/2338/1617
f 1629/2189/802 1756/2499/1728 2035/2500/1726
f 1755/2494/1725 1629/2189/802 2035/2500/1726
f 1514/2498/1727 2036/2501/1729 1711/2346/1623
f 2036/2501/1729 1516/2502/1730 1711/2346/1623
f 1632/2195/807 1757/2503/1731 2036/2504/1729
f 1556/2191/300 2036/2504/1729 1756/2499/1728
f 1516/2502/1730 2037/2505/1732 1715/2354/1629
f 2037/2505/1732 1518/2506/1733 1715/2354/1629
f 2037/2507/1732 1558/2202/304 1758/2508/1734
f 1557/2197/302 2037/2507/1732 1757/2503/1731
f 1518/2506/1733 2038/2509/1735 1718/2362/1635
f 2038/2509/1735 1480/2510/1736 1718/2362/1635
f 1638/2205/817 1759/2511/1737 2038/2512/1735
f 1558/2202/304 2038/2512/1735 1758/2508/1734
f 1480/2510/1736 2039/2513/1738 1641/2207/1519
f 2039/2513/1738 1481/2431/1679 1641/2207/1519
f 2039/2514/1738 1540/2096/269 1741/2436/1683
f 1559/2093/271 2039/2514/1738 1759/2511/1737
f 1561/1991/1357 2040/2515/1739 1839/2516/1740
f 1839/2516/1740 1760/2517/1741 1560/1926/1296
f 2040/2518/1739 1400/1995/1361 1760/2519/1741
f 1419/2051/1417 2040/2518/1739 1761/2520/1742
f 1762/2521/1743 1837/1989/1355 1562/1986/1352
f 1837/1989/1355 1761/2522/1742 1561/1991/1357
f 2041/2523/1744 1419/2051/1417 1761/2520/1742
f 1418/2048/1414 2041/2523/1744 1762/2524/1743
f 1563/1983/1349 2042/2525/1745 1835/2526/1746
f 1835/2526/1746 1762/2521/1743 1562/1986/1352
f 2042/2527/1745 1418/2048/1414 1762/2524/1743
f 1417/2045/1411 2042/2527/1745 1763/2528/1747
f 1764/2529/1748 1833/2530/1749 1564/1980/1346
f 2043/2531/1750 1563/1983/1349 1833/2530/1749
f 2043/2532/1750 1417/2045/1411 1763/2528/1747
f 1416/2042/1408 2043/2532/1750 1764/2533/1748
f 1565/1976/1343 2044/2534/1751 1831/2535/1752
f 2044/2536/1751 1564/1980/1346 1831/2537/1752
f 2044/2538/1751 1416/2042/1408 1764/2533/1748
f 1415/2039/1405 2044/2538/1751 1765/2539/1753
f 1566/1973/1340 2045/2540/1754 1829/2541/1755
f 1829/2541/1755 1765/2542/1753 1565/1976/1343
f 2045/2543/1754 1415/2039/1405 1765/2539/1753
f 1414/2036/1402 2045/2543/1754 1766/2544/1756
f 1567/1970/1337 2046/2545/1757 1827/2546/1758
f 2046/2545/1757 1566/1973/1340 1827/2546/1758
f 2046/2547/1757 1414/2036/1402 1766/2544/1756
f 1413/2033/1399 2046/2547/1757 1767/2548/1759
f 1768/2549/1760 1825/2550/1761 1568/1966/1334
f 2047/2551/1762 1567/1970/1337 1825/2552/1761
f 2047/2553/1762 1413/2033/1399 1767/2548/1759
f 1412/2030/1396 2047/2553/1762 1768/2554/1760
f 1569/1963/1331 2048/2555/1763 1823/2556/1764
f 2048/2555/1763 1568/1966/1334 1823/2556/1764
f 2048/2557/1763 1412/2030/1396 1768/2554/1760
f 1411/2027/1393 2048/2557/1763 1769/2558/1765
f 1770/2559/1766 1821/2560/1767 1570/1960/1328
f 2049/2561/1768 1569/1963/1331 1821/2560/1767
f 2049/2562/1768 1411/2027/1393 1769/2558/1765
f 1410/2024/1390 2049/2562/1768 1770/2563/1766
f 1771/2564/1769 1819/2565/1770 1571/1957/1325
f 1819/2565/1770 1770/2559/1766 1570/1960/1328
f 2050/2566/1771 1410/2024/1390 1770/2563/1766
f 1409/2021/1387 2050/2566/1771 1771/2567/1769
f 1572/1955/1323 2051/2568/1772 1817/2569/1773
f 1817/2569/1773 1771/2564/1769 1571/1957/1325
f 2051/2570/1772 1409/2021/1387 1771/2567/1769
f 1408/2018/1384 2051/2570/1772 1772/2571/1774
f 1773/2572/1775 1815/1953/1321 1573/1950/1318
f 1815/1953/1321 1772/2573/1774 1572/1955/1323
f 2052/2574/1776 1408/2018/1384 1772/2571/1774
f 1407/2015/1381 2052/2574/1776 1773/2575/1775
f 1774/2576/1777 1813/2577/1778 1574/1947/1315
f 2053/2578/1779 1573/1950/1318 1813/2577/1778
f 2053/2579/1779 1407/2015/1381 1773/2575/1775
f 1406/2012/1378 2053/2579/1779 1774/2580/1777
f 1575/1943/1312 2054/2581/1780 1811/2582/1781
f 2054/2583/1780 1574/1947/1315 1811/2584/1781
f 2054/2585/1780 1406/2012/1378 1774/2580/1777
f 1405/2009/1375 2054/2585/1780 1775/2586/1782
f 1776/2587/1783 1809/2588/1784 1576/1940/1309
f 1809/2588/1784 1775/2589/1782 1575/1943/1312
f 2055/2590/1785 1405/2009/1375 1775/2586/1782
f 1404/2006/1372 2055/2590/1785 1776/2591/1783
f 1577/1937/1306 2056/2592/1786 1807/2593/1787
f 1807/2593/1787 1776/2587/1783 1576/1940/1309
f 2056/2594/1786 1404/2006/1372 1776/2591/1783
f 1403/2003/1369 2056/2594/1786 1777/2595/1788
f 1578/1933/1303 2057/2596/1789 1805/2597/1790
f 1805/2598/1790 1777/2599/1788 1577/1937/1306
f 2057/2600/1789 1403/2003/1369 1777/2595/1788
f 1402/2000/1366 2057/2600/1789 1778/2601/1791
f 1579/1929/1299 2058/2602/1792 1803/1931/1301
f 1803/1931/1301 1778/2603/1791 1578/1933/1303
f 2058/2604/1792 1402/2000/1366 1778/2601/1791
f 1401/1997/1363 2058/2604/1792 1779/2605/1793
f 1560/1926/1296 2059/2606/1794 1801/2607/1795
f 1801/2607/1795 1779/2608/1793 1579/1929/1299
f 2059/2609/1794 1401/1997/1363 1779/2605/1793
f 1400/1995/1361 2059/2609/1794 1760/2519/1741
f 2082/2933/1969 1998/2363/1636 1642/2210/1522
f 1998/2363/1636 2117/2934/2006 1714/2355/1630
f 2117/2934/2006 1996/2356/1631 1714/2355/1630
f 1996/2356/1631 2115/2935/2005 1710/2347/1624
f 2115/2935/2005 1994/2348/1625 1710/2347/1624
f 1994/2348/1625 2113/2936/2003 1706/2339/1618
f 2113/2936/2003 1992/2340/1619 1706/2339/1618
f 1992/2340/1619 2111/2937/2001 1702/2331/1612
f 2111/2937/2001 1990/2332/1613 1702/2331/1612
f 1990/2332/1613 2109/2938/1998 1698/2323/1606
f 2109/2938/1998 1988/2324/1607 1698/2323/1606
f 1988/2324/1607 2107/2939/1996 1694/2315/1600
f 2107/2939/1996 1986/2316/1601 1694/2315/1600
f 1986/2316/1601 2105/2940/1995 1690/2307/1594
f 2105/2940/1995 1984/2308/1595 1690/2307/1594
f 1984/2308/1595 2103/2941/1993 1686/2299/1588
f 2103/2941/1993 1982/2300/1589 1686/2299/1588
f 1982/2300/1589 2101/2942/1991 1682/2291/1582
f 2101/2942/1991 1980/2292/1583 1682/2291/1582
f 1980/2292/1583 2099/2943/1989 1678/2283/1576
f 2099/2943/1989 1978/2284/1577 1678/2283/1576
f 1978/2284/1577 2097/2944/1986 1674/2275/1570
f 2097/2944/1986 1976/2276/1571 1674/2275/1570
f 1976/2276/1571 2095/2945/1985 1670/2267/1564
f 2095/2945/1985 1974/2268/1565 1670/2267/1564
f 1974/2268/1565 2093/2946/1982 1666/2259/1558
f 2093/2946/1982 1972/2260/1559 1666/2259/1558
f 1972/2260/1559 2091/2947/1980 1662/2251/1552
f 2091/2947/1980 1970/2252/1553 1662/2251/1552
f 1970/2252/1553 2089/2948/1979 1658/2243/1546
f 2089/2948/1979 1968/2244/1547 1658/2243/1546
f 1968/2244/1547 2087/2949/1978 1654/2235/1540
f 2087/2949/1978 1966/2236/1541 1654/2235/1540
f 1966/2950/1541 2085/2951/1974 1650/2952/1534
f 2085/2951/1974 1964/2953/1535 1650/2952/1534
f 1964/2228/1535 2083/2954/1972 1646/2219/1528
f 2083/2954/1972 1962/2220/1529 1646/2219/1528
f 1962/2220/1529 2080/2955/1971 1640/2208/1520
f 2080/2955/1971 1960/2209/1521 1640/2208/1520
f 1960/2209/1521 2082/2933/1969 1642/2210/1522
f 1000/778/556 1001/782/560 760/779/557
f 1000/778/556 661/783/561 779/781/559
f 661/783/561 1002/785/563 1003/784/562
f 1002/785/563 662/1375/994 778/786/564
f 778/786/564 662/1375/994 1004/787/565
f 1004/789/565 663/1370/991 777/790/567
f 777/790/567 663/1370/991 1006/792/568
f 1006/792/568 664/1365/988 776/794/570
f 776/794/570 664/1365/988 1008/795/571
f 1008/795/571 665/1359/985 775/797/573
f 775/797/573 665/1359/985 1010/798/574
f 1010/800/574 666/1354/982 774/801/576
f 774/801/576 666/1354/982 1012/803/577
f 1012/803/577 667/1349/979 773/805/579
f 773/805/579 667/1349/979 1014/806/580
f 668/808/582 772/809/583 1015/807/581
f 772/809/583 668/808/582 1016/810/584
f 1016/810/584 669/1340/974 771/812/586
f 771/812/586 669/1340/974 1018/813/587
f 1018/813/587 670/1335/971 770/815/589
f 770/815/589 670/1335/971 1020/816/590
f 1020/816/590 671/1330/968 769/818/592
f 769/818/592 671/1330/968 1022/819/593
f 1022/819/593 672/1324/965 768/821/595
f 768/821/595 672/1324/965 1024/822/596
f 1024/824/596 673/1319/962 767/825/598
f 767/825/598 673/1319/962 1026/827/599
f 1026/827/599 674/1314/959 766/829/601
f 766/829/601 674/1314/959 1028/830/602
f 1028/830/602 675/1308/956 765/832/604
f 765/832/604 675/1308/956 1030/833/605
f 1030/835/605 676/1303/953 764/836/607
f 764/836/607 676/1303/953 1032/838/608
f 1032/838/608 677/1298/950 763/840/610
f 763/840/610 677/1298/950 1034/841/611
f 1034/841/611 678/1293/947 762/843/613
f 762/843/613 678/1293/947 1036/844/614
f 679/846/616 761/847/617 1037/845/615
f 761/847/617 679/846/616 1038/848/618
f 1038/848/618 660/780/558 760/779/557
f 1040/850/620 1041/854/624 620/851/621
f 1040/850/620 601/1560/1094 621/853/623
f 621/853/623 601/1560/1094 1042/855/625
f 1042/855/625 602/1555/1091 622/857/627
f 622/857/627 602/1555/1091 1044/858/628
f 1044/858/628 603/1549/1088 623/860/630
f 623/860/630 603/1549/1088 1046/861/631
f 1046/861/631 604/1544/1085 624/863/633
f 624/863/633 604/1544/1085 1048/864/634
f 1048/864/634 605/1539/1082 625/866/636
f 625/866/636 605/1539/1082 1050/867/637
f 1050/867/637 606/1533/1079 626/869/639
f 626/869/639 606/1533/1079 1052/870/640
f 1052/870/640 607/1528/1076 627/872/642
f 627/872/642 607/1528/1076 1054/873/643
f 1054/873/643 608/1523/1073 628/875/645
f 628/875/645 608/1523/1073 1056/876/646
f 1056/876/646 609/1518/1070 629/878/648
f 629/878/648 609/1518/1070 1058/879/649
f 1058/879/649 610/1513/1067 630/881/651
f 630/881/651 610/1513/1067 1060/882/652
f 1060/882/652 611/1508/1064 631/884/654
f 631/884/654 611/1508/1064 1062/885/655
f 1062/885/655 612/1503/1061 632/887/657
f 632/887/657 612/1503/1061 1064/888/658
f 1064/888/658 613/1498/1058 633/890/660
f 633/890/660 613/1498/1058 1066/891/661
f 1066/891/661 614/1493/1055 634/893/663
f 634/893/663 614/1493/1055 1068/894/664
f 1068/894/664 615/1488/1052 635/896/666
f 635/896/666 615/1488/1052 1070/897/667
f 1070/897/667 616/1482/1049 636/899/669
f 636/899/669 616/1482/1049 1072/900/670
f 1072/900/670 617/1477/1046 637/902/672
f 637/902/672 617/1477/1046 1074/903/673
f 1074/903/673 618/1472/1043 638/905/675
f 638/905/675 618/1472/1043 1076/906/676
f 1076/906/676 619/1467/1040 639/908/678
f 639/908/678 619/1467/1040 1078/909/679
f 1078/909/679 600/852/622 620/851/621
f 759/951/271 1120/955/723 1140/952/721
f 740/954/269 1121/960/728 1140/952/721
f 1140/952/721 1121/960/728 682/956/724
f 1140/952/721 1122/957/725 683/958/726
f 1124/959/727 1141/962/729 1121/960/728
f 741/961/272 1125/966/733 1141/962/729
f 1141/962/729 1125/966/733 685/963/730
f 1141/962/729 1126/964/731 682/956/724
f 1127/965/732 1142/5040/734 1125/966/733
f 742/967/276 1128/975/738 1142/968/734
f 1142/968/734 1128/975/738 687/970/735
f 1142/968/734 1129/971/736 685/972/730
f 1130/974/737 1143/977/739 1128/975/738
f 743/976/257 1131/981/743 1143/977/739
f 1143/977/739 1131/981/743 689/978/740
f 1143/977/739 1132/979/741 687/970/735
f 1133/980/742 1144/983/745 1131/981/743
f 1133/980/742 744/987/277 1134/982/744
f 1144/983/745 1134/982/744 691/984/746
f 1144/983/745 1135/985/747 689/978/740
f 1136/986/748 1145/991/749 1134/982/744
f 745/988/279 1137/995/753 1145/989/749
f 1145/991/749 1137/5041/753 693/992/750
f 1145/991/749 1138/993/751 691/984/746
f 745/988/279 1139/996/754 1146/994/752
f 1139/996/754 746/1002/283 800/997/755
f 1146/994/752 800/997/755 695/998/756
f 1146/994/752 801/999/757 693/1000/750
f 802/1001/758 1147/1004/759 800/997/755
f 747/1003/286 803/1008/763 1147/1004/759
f 1147/1004/759 803/1008/763 697/1005/760
f 1147/1004/759 804/1006/761 695/998/756
f 805/1007/762 1148/1010/764 803/1008/763
f 748/1009/285 806/1014/768 1148/1010/764
f 1148/1010/764 806/1014/768 699/1011/765
f 1148/1010/764 807/1012/766 697/1005/760
f 748/1009/285 808/1015/769 1149/1013/767
f 808/1015/769 749/1020/290 809/1016/770
f 1149/1013/767 809/1016/770 701/1017/771
f 1149/1013/767 810/1018/772 699/1011/765
f 811/1019/773 1150/1022/774 809/1016/770
f 750/1021/289 812/1026/778 1150/1022/774
f 1150/1022/774 812/1026/778 703/1023/775
f 1150/1022/774 813/1024/776 701/1017/771
f 814/1025/777 1151/1028/780 812/1026/778
f 814/1025/777 751/1032/291 815/1027/779
f 1151/1028/780 815/1027/779 705/1029/781
f 1151/1028/780 816/1030/782 703/1023/775
f 817/1031/783 1152/5042/785 815/1027/779
f 817/1033/783 752/1040/293 818/1034/784
f 1152/1035/785 818/1034/784 707/1036/786
f 1152/1035/785 819/1037/787 705/1038/781
f 752/1040/293 820/1043/789 1153/1041/788
f 753/1042/255 821/1047/793 1153/1041/788
f 1153/1041/788 821/1047/793 709/1044/790
f 1153/1041/788 822/1045/791 707/1036/786
f 823/1046/792 1154/1049/795 821/1047/793
f 823/1046/792 754/1052/299 824/1048/794
f 1154/1049/795 824/1048/794 711/1050/796
f 1154/1049/795 825/1051/797 709/1044/790
f 754/1052/299 826/5043/799 1155/1053/798
f 755/1054/298 827/1060/803 1155/1055/798
f 1155/1053/798 827/5044/803 713/1057/800
f 1155/1053/798 828/1058/801 711/1050/796
f 829/1059/802 1156/1062/804 827/1060/803
f 756/1061/300 830/1067/808 1156/1062/804
f 1156/1062/804 830/1067/808 715/1063/805
f 1156/1062/804 831/1064/806 713/1065/800
f 832/1066/807 1157/1069/810 830/1067/808
f 832/1066/807 757/1073/302 833/1068/809
f 1157/1069/810 833/1068/809 717/1070/811
f 1157/1069/810 834/1071/812 715/1063/805
f 835/1072/813 1158/1075/814 833/1068/809
f 758/1074/304 836/1079/818 1158/1075/814
f 1158/1075/814 836/1079/818 719/1076/815
f 1158/1075/814 837/1077/816 717/1070/811
f 838/1078/817 1159/1080/819 836/1079/818
f 838/1078/817 759/951/271 1123/953/722
f 1159/1080/819 1123/953/722 683/958/726
f 1159/1080/819 839/1081/820 719/1076/815
f 840/1082/821 681/1098/832 841/1083/822
f 842/1085/824 1160/1084/823 841/1083/822
f 720/1087/200 843/1091/200 1161/1088/826
f 721/1090/200 844/1092/828 1161/1088/826
f 844/1092/828 683/1281/726 1122/1093/725
f 845/1089/827 1161/1088/826 1122/1093/725
f 846/1095/829 684/1108/838 847/1096/830
f 840/1082/821 1162/1097/831 847/1096/830
f 739/1099/200 848/1102/200 1163/1100/833
f 720/1087/200 845/1089/827 1163/1100/833
f 845/1089/827 682/1094/724 1126/1103/731
f 849/1101/834 1163/1100/833 1126/1103/731
f 850/1105/835 686/1118/844 851/1106/836
f 846/1095/829 1164/1107/837 851/1106/836
f 738/1109/200 852/1112/200 1165/1110/839
f 739/1099/200 849/1101/834 1165/1110/839
f 849/1101/834 685/1104/730 1129/1113/736
f 853/1111/840 1165/1110/839 1129/1113/736
f 854/1115/841 688/1128/850 855/1116/842
f 850/1105/835 1166/1117/843 855/1116/842
f 737/1119/200 856/1122/200 1167/1120/845
f 738/1109/200 853/1111/840 1167/1120/845
f 853/1111/840 687/1114/735 1132/1123/741
f 857/1121/846 1167/1120/845 1132/1123/741
f 858/1125/847 690/1138/856 859/1126/848
f 854/1115/841 1168/1127/849 859/1126/848
f 736/1129/200 860/1132/200 1169/1130/851
f 737/1119/200 857/1121/846 1169/1130/851
f 857/1121/846 689/1124/740 1135/1133/747
f 861/1131/852 1169/1130/851 1135/1133/747
f 862/1135/853 692/1148/862 863/1136/854
f 858/1125/847 1170/1137/855 863/1136/854
f 735/1139/200 864/1142/200 1171/1140/857
f 736/1129/200 861/1131/852 1171/1140/857
f 861/1131/852 691/1134/746 1138/1143/751
f 865/1141/858 1171/1140/857 1138/1143/751
f 866/1145/859 694/1158/868 867/1146/860
f 862/1135/853 1172/1147/861 867/1146/860
f 734/1149/200 868/1152/200 1173/1150/863
f 735/1139/200 865/1141/858 1173/1150/863
f 865/1141/858 693/1144/750 801/1153/757
f 869/1151/864 1173/1150/863 801/1153/757
f 870/1155/865 696/1168/874 871/1156/866
f 866/1145/859 1174/1157/867 871/1156/866
f 733/1159/200 872/1162/200 1175/1160/869
f 734/1149/200 869/1151/864 1175/1160/869
f 869/1151/864 695/1154/756 804/1163/761
f 873/1161/870 1175/1160/869 804/1163/761
f 874/1165/871 698/1178/880 875/1166/872
f 870/1155/865 1176/1167/873 875/1166/872
f 732/1169/200 876/1172/200 1177/1170/875
f 733/1159/200 873/1161/870 1177/1170/875
f 873/1161/870 697/1164/760 807/1173/766
f 877/1171/876 1177/1170/875 807/1173/766
f 878/1175/877 700/1188/886 879/1176/878
f 874/1165/871 1178/1177/879 879/1176/878
f 731/1179/200 880/1182/200 1179/1180/881
f 732/1169/200 877/1171/876 1179/1180/881
f 877/1171/876 699/1174/765 810/1183/772
f 881/1181/882 1179/1180/881 810/1183/772
f 882/1185/883 702/1198/892 883/1186/884
f 878/1175/877 1180/1187/885 883/1186/884
f 730/1189/200 884/1192/200 1181/1190/887
f 731/1179/200 881/1181/882 1181/1190/887
f 881/1181/882 701/1184/771 813/1193/776
f 885/1191/888 1181/1190/887 813/1193/776
f 886/1195/889 704/1208/898 887/1196/890
f 882/1185/883 1182/1197/891 887/1196/890
f 729/1199/200 888/1202/200 1183/1200/893
f 730/1189/200 885/1191/888 1183/1200/893
f 885/1191/888 703/1194/775 816/1203/782
f 889/1201/894 1183/1200/893 816/1203/782
f 890/1205/895 706/1218/904 891/1206/896
f 886/1195/889 1184/1207/897 891/1206/896
f 728/1209/200 892/1212/200 1185/1210/899
f 729/1199/200 889/1201/894 1185/1210/899
f 889/1201/894 705/1204/781 819/1213/787
f 893/1211/900 1185/1210/899 819/1213/787
f 894/1215/901 708/1228/910 895/1216/902
f 890/1205/895 1186/1217/903 895/1216/902
f 727/1219/200 896/1222/200 1187/1220/905
f 728/1209/200 893/1211/900 1187/1220/905
f 893/1211/900 707/1214/786 822/1223/791
f 897/1221/906 1187/1220/905 822/1223/791
f 898/1225/907 710/1238/916 899/1226/908
f 894/1215/901 1188/1227/909 899/1226/908
f 726/1229/200 900/1232/200 1189/1230/911
f 727/1219/200 897/1221/906 1189/1230/911
f 897/1221/906 709/1224/790 825/1233/797
f 901/1231/912 1189/1230/911 825/1233/797
f 902/1235/913 712/1248/922 903/1236/914
f 898/1225/907 1190/1237/915 903/1236/914
f 725/1239/200 904/1242/200 1191/1240/917
f 726/1229/200 901/1231/912 1191/1240/917
f 901/1231/912 711/1234/796 828/1243/801
f 905/1241/918 1191/1240/917 828/1243/801
f 906/1245/919 714/1258/928 907/1246/920
f 902/1235/913 1192/1247/921 907/1246/920
f 724/1249/200 908/1252/200 1193/1250/923
f 725/1239/200 905/1241/918 1193/1250/923
f 905/1241/918 713/1244/800 831/1253/806
f 909/1251/924 1193/1250/923 831/1253/806
f 910/1255/925 716/1268/934 911/1256/926
f 906/1245/919 1194/1257/927 911/1256/926
f 723/1259/200 912/1262/200 1195/1260/929
f 724/1249/200 909/1251/924 1195/1260/929
f 909/1251/924 715/1254/805 834/1263/812
f 913/1261/930 1195/1260/929 834/1263/812
f 914/1265/931 718/1277/939 915/1266/932
f 910/1255/925 1196/1267/933 915/1266/932
f 722/1269/200 916/1272/200 1197/1270/935
f 723/1259/200 913/1261/930 1197/1270/935
f 913/1261/930 717/1264/811 837/1273/816
f 917/1271/936 1197/1270/935 837/1273/816
f 842/1085/824 680/1086/825 918/1275/937
f 914/1265/931 1198/1276/938 918/1275/937
f 721/1090/200 919/1279/200 1199/1278/940
f 722/1269/200 917/1271/936 1199/1278/940
f 917/1271/936 719/1274/815 839/1280/820
f 844/1092/828 1199/1278/940 839/1280/820
f 661/783/561 1000/778/556 1200/1282/941
f 660/780/558 920/1288/943 1200/1282/941
f 920/1284/943 721/1090/200 843/1091/200
f 921/1286/942 1200/1285/941 843/1091/200
f 660/780/558 1038/848/618 1201/1287/944
f 679/846/616 922/1292/945 1201/1287/944
f 922/1289/945 722/1269/200 919/1279/200
f 920/1284/943 1201/1290/944 919/1279/200
f 679/846/616 1036/844/614 1202/1291/946
f 678/1293/947 923/1297/948 1202/1291/946
f 923/1294/948 723/1259/200 916/1272/200
f 922/1289/945 1202/1295/946 916/1272/200
f 678/1293/947 1034/841/611 1203/1296/949
f 677/1298/950 924/1302/951 1203/1296/949
f 924/1299/951 724/1249/200 912/1262/200
f 923/1294/948 1203/1300/949 912/1262/200
f 677/1298/950 1032/838/608 1204/1301/952
f 676/1303/953 925/1307/954 1204/1301/952
f 925/1304/954 725/1239/200 908/1252/200
f 924/1299/951 1204/1305/952 908/1252/200
f 676/1303/953 1030/835/605 1205/1306/955
f 675/1308/956 926/1313/957 1205/1309/955
f 926/1310/957 726/1229/200 904/1242/200
f 925/1304/954 1205/1311/955 904/1242/200
f 675/1308/956 1028/830/602 1206/1312/958
f 674/1314/959 927/1318/960 1206/1312/958
f 927/1315/960 727/1219/200 900/1232/200
f 926/1310/957 1206/1316/958 900/1232/200
f 674/1314/959 1026/827/599 1207/1317/961
f 673/1319/962 928/1323/963 1207/1317/961
f 928/1320/963 728/1209/200 896/1222/200
f 927/1315/960 1207/1321/961 896/1222/200
f 673/1319/962 1024/824/596 1208/1322/964
f 672/1324/965 929/1329/966 1208/1325/964
f 929/1326/966 729/1199/200 892/1212/200
f 928/1320/963 1208/1327/964 892/1212/200
f 672/1324/965 1022/819/593 1209/1328/967
f 671/1330/968 930/1334/969 1209/1328/967
f 930/1331/969 730/1189/200 888/1202/200
f 929/1326/966 1209/1332/967 888/1202/200
f 671/1330/968 1020/816/590 1210/1333/970
f 670/1335/971 931/1339/972 1210/1333/970
f 931/1336/972 731/1179/200 884/1192/200
f 930/1331/969 1210/1337/970 884/1192/200
f 670/1335/971 1018/813/587 1211/1338/973
f 669/1340/974 932/1344/975 1211/1338/973
f 932/1341/975 732/1169/200 880/1182/200
f 931/1336/972 1211/1342/973 880/1182/200
f 669/1340/974 1016/810/584 1212/1343/976
f 668/808/582 933/1348/977 1212/1343/976
f 933/1345/977 733/1159/200 876/1172/200
f 932/1341/975 1212/1346/976 876/1172/200
f 668/808/582 1014/806/580 1213/1347/978
f 667/1349/979 934/1353/980 1213/1347/978
f 934/1350/980 734/1149/200 872/1162/200
f 933/1345/977 1213/1351/978 872/1162/200
f 667/1349/979 1012/803/577 1214/1352/981
f 666/1354/982 935/1358/983 1214/1352/981
f 935/1355/983 735/1139/200 868/1152/200
f 934/1350/980 1214/1356/981 868/1152/200
f 666/1354/982 1010/800/574 1215/1357/984
f 665/1359/985 936/1364/986 1215/1360/984
f 936/1361/986 736/1129/200 864/1142/200
f 935/1355/983 1215/1362/984 864/1142/200
f 665/1359/985 1008/795/571 1216/1363/987
f 664/1365/988 937/1369/989 1216/1363/987
f 937/1366/989 737/1119/200 860/1132/200
f 936/1361/986 1216/1367/987 860/1132/200
f 664/1365/988 1006/792/568 1217/1368/990
f 663/1370/991 938/1374/992 1217/1368/990
f 938/1371/992 738/1109/200 856/1122/200
f 937/1366/989 1217/1372/990 856/1122/200
f 663/1370/991 1004/789/565 1218/1373/993
f 662/1375/994 939/1380/995 1218/1376/993
f 939/1377/995 739/1099/200 852/1112/200
f 938/1371/992 1218/1378/993 852/1112/200
f 662/1375/994 1002/785/563 1219/1379/996
f 661/783/561 921/1283/942 1219/1379/996
f 921/1286/942 720/1087/200 848/1102/200
f 939/1377/995 1219/1381/996 848/1102/200
f 681/1098/832 847/1096/830 1220/1382/997
f 684/1108/838 940/1387/1000 1220/1382/997
f 1220/1384/997 940/1389/1000 741/961/272
f 941/1385/998 1220/1384/997 1124/959/727
f 684/1108/838 851/1106/836 1221/1386/999
f 686/1118/844 942/1391/1002 1221/1386/999
f 1221/1388/999 942/1394/1002 742/967/276
f 940/1389/1000 1221/5045/999 1127/965/732
f 686/1118/844 855/1116/842 1222/1390/1001
f 688/1128/850 943/1396/1003 1222/1390/1001
f 943/1392/1003 743/976/257 1130/974/737
f 942/1394/1002 1222/1393/1001 1130/974/737
f 688/1128/850 859/1126/848 1223/1395/1004
f 690/1138/856 944/1400/1005 1223/1395/1004
f 944/1397/1005 744/987/277 1133/980/742
f 1223/1398/1004 1133/980/742 743/976/257
f 690/1138/856 863/1136/854 1224/1399/1006
f 692/1148/862 945/1403/1008 1224/1399/1006
f 1224/1401/1006 945/1406/1008 745/988/279
f 944/1397/1005 1224/5046/1006 1136/986/748
f 692/1148/862 867/1146/860 1225/1402/1007
f 694/1158/868 946/1408/1009 1225/1402/1007
f 946/1404/1009 746/1002/283 1139/996/754
f 1225/1405/1007 1139/996/754 745/988/279
f 694/1158/868 871/1156/866 1226/1407/1010
f 696/1168/874 947/5047/1012 1226/1407/1010
f 1226/1409/1010 947/1412/1012 747/1003/286
f 946/1404/1009 1226/1409/1010 802/1001/758
f 696/1410/874 875/5048/872 1227/1411/1011
f 698/1178/880 948/1415/1014 1227/1413/1011
f 1227/1411/1011 948/1418/1014 748/1009/285
f 947/1412/1012 1227/1411/1011 805/1007/762
f 698/1178/880 879/1176/878 1228/1414/1013
f 700/1188/886 949/1420/1015 1228/1414/1013
f 949/1416/1015 749/1020/290 808/1015/769
f 948/1418/1014 1228/1417/1013 808/1015/769
f 700/1188/886 883/1186/884 1229/1419/1016
f 702/1198/892 950/1423/1018 1229/1419/1016
f 1229/1421/1016 950/1426/1018 750/1021/289
f 949/1416/1015 1229/1421/1016 811/1019/773
f 702/1198/892 887/1196/890 1230/1422/1017
f 704/1208/898 951/1428/1019 1230/1422/1017
f 951/1424/1019 751/1032/291 814/1025/777
f 950/1426/1018 1230/1425/1017 814/1025/777
f 704/1208/898 891/1206/896 1231/1427/1020
f 706/1218/904 952/1432/1021 1231/1427/1020
f 952/1429/1021 752/1040/293 817/1033/783
f 951/1424/1019 1231/5049/1020 817/1031/783
f 706/1218/904 895/1216/902 1232/1431/1022
f 708/1228/910 953/1436/1023 1232/1431/1022
f 953/1433/1023 753/1042/255 820/1043/789
f 1232/1434/1022 820/1043/789 752/1040/293
f 708/1228/910 899/1226/908 1233/1435/1024
f 710/1238/916 954/1440/1025 1233/1435/1024
f 954/1437/1025 754/1052/299 823/1046/792
f 953/1433/1023 1233/1438/1024 823/1046/792
f 710/1238/916 903/1236/914 1234/1439/1026
f 712/1248/922 955/1445/1027 1234/1439/1026
f 955/1441/1027 755/1054/298 826/1056/799
f 1234/1443/1026 826/5043/799 754/1052/299
f 712/1248/922 907/1246/920 1235/1444/1028
f 714/1258/928 956/1449/1029 1235/1444/1028
f 956/1446/1029 756/1061/300 829/1059/802
f 955/1441/1027 1235/1447/1028 829/1059/802
f 714/1258/928 911/1256/926 1236/1448/1030
f 716/1268/934 957/1453/1031 1236/1448/1030
f 957/1450/1031 757/1073/302 832/1066/807
f 1236/1451/1030 832/1066/807 756/1061/300
f 716/1268/934 915/1266/932 1237/1452/1032
f 718/1277/939 958/1456/1034 1237/1452/1032
f 1237/1454/1032 958/1459/1034 758/1074/304
f 957/1450/1031 1237/1454/1032 835/1072/813
f 718/1277/939 918/1275/937 1238/1455/1033
f 680/1086/825 959/1461/1035 1238/1455/1033
f 959/1457/1035 759/951/271 838/1078/817
f 1238/1458/1033 838/1078/817 758/1074/304
f 680/1086/825 841/1083/822 1239/1460/1036
f 681/1098/832 941/1383/998 1239/1460/1036
f 1239/1462/1036 941/1385/998 740/954/269
f 1239/1462/1036 1120/955/723 759/951/271
f 761/847/617 1039/849/619 1240/1463/1037
f 1039/849/619 760/779/557 960/1465/1039
f 1240/1466/1037 960/1564/1039 600/852/622
f 1240/1466/1037 1078/909/679 619/1467/1040
f 1037/845/615 1241/1470/1042 962/1469/1041
f 1037/845/615 761/847/617 961/1464/1038
f 1241/1471/1042 961/1468/1038 619/1467/1040
f 1241/1471/1042 1076/906/676 618/1472/1043
f 1035/842/612 1242/1475/1045 963/1474/1044
f 762/843/613 962/1469/1041 1242/1475/1045
f 1242/1476/1045 962/1473/1041 618/1472/1043
f 1242/1476/1045 1074/903/673 617/1477/1046
f 1033/839/609 1243/1480/1048 964/1479/1047
f 763/840/610 963/1474/1044 1243/1480/1048
f 1243/1481/1048 963/1478/1044 617/1477/1046
f 1243/1481/1048 1072/900/670 616/1482/1049
f 765/832/604 1031/834/606 1244/1484/1050
f 764/836/607 964/1479/1047 1244/1486/1050
f 1244/1487/1050 964/1483/1047 616/1482/1049
f 1244/1487/1050 1070/897/667 615/1488/1052
f 766/829/601 1029/831/603 1245/1490/1053
f 1029/831/603 765/832/604 965/1485/1051
f 1245/1492/1053 965/1489/1051 615/1488/1052
f 1245/1492/1053 1068/894/664 614/1493/1055
f 1027/828/600 1246/1496/1057 967/1495/1056
f 766/829/601 966/1491/1054 1246/1496/1057
f 1246/1497/1057 966/1494/1054 614/1493/1055
f 1246/1497/1057 1066/891/661 613/1498/1058
f 1025/823/597 1247/5050/1060 968/1500/1059
f 767/825/598 967/1495/1056 1247/1501/1060
f 1247/1502/1060 967/1499/1056 613/1498/1058
f 1247/1502/1060 1064/888/658 612/1503/1061
f 769/818/592 1023/820/594 1248/1505/1062
f 768/821/595 968/1500/1059 1248/1505/1062
f 1248/1507/1062 968/1504/1059 612/1503/1061
f 1248/1507/1062 1062/885/655 611/1508/1064
f 1021/817/591 1249/1511/1066 970/1510/1065
f 1021/817/591 769/818/592 969/1506/1063
f 1249/1512/1066 969/1509/1063 611/1508/1064
f 1249/1512/1066 1060/882/652 610/1513/1067
f 1019/814/588 1250/1516/1069 971/1515/1068
f 1019/814/588 770/815/589 970/1510/1065
f 1250/1517/1069 970/1514/1065 610/1513/1067
f 1250/1517/1069 1058/879/649 609/1518/1070
f 772/809/583 1017/811/585 1251/1520/1071
f 771/812/586 971/1515/1068 1251/1520/1071
f 1251/1522/1071 971/1519/1068 609/1518/1070
f 1251/1522/1071 1056/876/646 608/1523/1073
f 1015/807/581 1252/1526/1075 973/1525/1074
f 1015/807/581 772/809/583 972/1521/1072
f 1252/1527/1075 972/1524/1072 608/1523/1073
f 1252/1527/1075 1054/873/643 607/1528/1076
f 1013/804/578 1253/1531/1078 974/1530/1077
f 773/805/579 973/1525/1074 1253/1531/1078
f 1253/1532/1078 973/1529/1074 607/1528/1076
f 1253/1532/1078 1052/870/640 606/1533/1079
f 775/797/573 1011/799/575 1254/1535/1080
f 774/801/576 974/1530/1077 1254/1537/1080
f 1254/1538/1080 974/1534/1077 606/1533/1079
f 1254/1538/1080 1050/867/637 605/1539/1082
f 1009/796/572 1255/1542/1084 976/1541/1083
f 1009/796/572 775/797/573 975/1536/1081
f 1255/1543/1084 975/1540/1081 605/1539/1082
f 1255/1543/1084 1048/864/634 604/1544/1085
f 777/790/567 1007/793/569 1256/1546/1086
f 1007/793/569 776/794/570 976/1541/1083
f 1256/1548/1086 976/1545/1083 604/1544/1085
f 1256/1548/1086 1046/861/631 603/1549/1088
f 778/786/564 1005/788/566 1257/1551/1089
f 1005/791/566 777/790/567 977/1547/1087
f 1257/1554/1089 977/1550/1087 603/1549/1088
f 1257/1554/1089 1044/858/628 602/1555/1091
f 779/781/559 1003/784/562 1258/1557/1092
f 1003/784/562 778/786/564 978/1552/1090
f 1258/1559/1092 978/1556/1090 602/1555/1091
f 1258/1559/1092 1042/855/625 601/1560/1094
f 760/779/557 1001/782/560 1259/1562/1095
f 1001/782/560 779/781/559 979/1558/1093
f 1259/1563/1095 979/1561/1093 601/1560/1094
f 1259/1563/1095 1040/850/620 600/852/622
f 1198/1276/938 1319/1888/1276 1282/1886/1237
f 1198/1276/938 914/1265/931 1317/1887/1275
f 1196/1267/933 1318/1890/1274 1317/1887/1275
f 1196/1267/933 910/1255/925 1315/1889/1273
f 1194/1257/927 1316/1892/1272 1315/1889/1273
f 1194/1257/927 906/1245/919 1313/1891/1271
f 1192/1247/921 1314/1894/1270 1313/1891/1271
f 1192/1247/921 902/1235/913 1311/1893/1269
f 1190/1237/915 1312/1896/1268 1311/1893/1269
f 1190/1237/915 898/1225/907 1309/1895/1267
f 1188/1227/909 1310/1898/1266 1309/1895/1267
f 1188/1227/909 894/1215/901 1307/1897/1265
f 1186/1217/903 1308/1900/1264 1307/1897/1265
f 1186/1217/903 890/1205/895 1305/1899/1263
f 1184/1207/897 1306/1902/1262 1305/1899/1263
f 1184/1207/897 886/1195/889 1303/1901/1261
f 1182/1197/891 1304/1904/1260 1303/1901/1261
f 1182/1197/891 882/1185/883 1301/1903/1259
f 1180/1187/885 1302/1906/1258 1301/1903/1259
f 1180/1187/885 878/1175/877 1299/1905/1257
f 1178/1177/879 1300/1908/1256 1299/1905/1257
f 1178/1177/879 874/1165/871 1297/1907/1255
f 1176/1167/873 1298/1910/1254 1297/1907/1255
f 1176/1167/873 870/1155/865 1295/1909/1253
f 1174/1157/867 1296/1912/1252 1295/1909/1253
f 1174/1157/867 866/1145/859 1293/1911/1251
f 1172/1147/861 1294/1914/1250 1293/1911/1251
f 1172/1147/861 862/1135/853 1291/1913/1249
f 1170/1137/855 1292/1916/1248 1291/1913/1249
f 1170/1137/855 858/1125/847 1289/1915/1247
f 1168/1127/849 1290/1918/1246 1289/1915/1247
f 1168/1127/849 854/1115/841 1287/1917/1245
f 1166/1117/843 1288/1920/1244 1287/1917/1245
f 1166/1117/843 850/1105/835 1285/1919/1243
f 1164/1107/837 1286/1922/1242 1285/1919/1243
f 1164/1107/837 846/1095/829 1283/1921/1241
f 1162/1097/831 1284/1924/1240 1283/1921/1241
f 1162/1097/831 840/1082/821 1280/1923/1239
f 1160/1084/823 1281/1925/1238 1280/1923/1239
f 1160/1084/823 842/1085/824 1282/1886/1237
f 1560/1926/1296 1801/2607/1795 1800/1927/1297
f 1800/1927/1297 1801/2607/1795 1579/1929/1299
f 1803/1931/1301 1802/1932/1302 1461/1930/1300
f 1802/1932/1302 1803/1931/1301 1578/1933/1303
f 1578/1933/1303 1805/2597/1790 1804/1935/1305
f 1804/1936/1305 1805/2598/1790 1577/1937/1306
f 1577/1937/1306 1807/2593/1787 1806/1939/1308
f 1806/1939/1308 1807/2593/1787 1576/1940/1309
f 1576/1940/1309 1809/2588/1784 1808/1942/1311
f 1808/1942/1311 1809/2588/1784 1575/1943/1312
f 1575/1943/1312 1811/2582/1781 1810/1945/1314
f 1810/1946/1314 1811/2584/1781 1574/1947/1315
f 1574/1947/1315 1813/2577/1778 1812/1949/1317
f 1812/1949/1317 1813/2577/1778 1573/1950/1318
f 1573/1950/1318 1815/1953/1321 1814/1952/1320
f 1815/1953/1321 1572/1955/1323 1468/1954/1322
f 1572/1955/1323 1817/2569/1773 1816/1956/1324
f 1816/1956/1324 1817/2569/1773 1571/1957/1325
f 1571/1957/1325 1819/2565/1770 1818/1959/1327
f 1818/1959/1327 1819/2565/1770 1570/1960/1328
f 1570/1960/1328 1821/2560/1767 1820/1962/1330
f 1820/1962/1330 1821/2560/1767 1569/1963/1331
f 1569/1963/1331 1823/2556/1764 1822/1965/1333
f 1822/1965/1333 1823/2556/1764 1568/1966/1334
f 1568/1966/1334 1825/2550/1761 1824/1968/1336
f 1824/1969/1336 1825/2552/1761 1567/1970/1337
f 1567/1970/1337 1827/2546/1758 1826/1972/1339
f 1826/1972/1339 1827/2546/1758 1566/1973/1340
f 1566/1973/1340 1829/2541/1755 1828/1975/1342
f 1828/1975/1342 1829/2541/1755 1565/1976/1343
f 1565/1976/1343 1831/2535/1752 1830/1978/1345
f 1830/1979/1345 1831/2537/1752 1564/1980/1346
f 1564/1980/1346 1833/2530/1749 1832/1982/1348
f 1832/1982/1348 1833/2530/1749 1563/1983/1349
f 1563/1983/1349 1835/2526/1746 1834/1985/1351
f 1834/1985/1351 1835/2526/1746 1562/1986/1352
f 1562/1986/1352 1837/1989/1355 1836/1988/1354
f 1837/1989/1355 1561/1991/1357 1479/1990/1356
f 1561/1991/1357 1839/2516/1740 1838/1992/1358
f 1838/1992/1358 1839/2516/1740 1560/1926/1296
f 1420/1993/1359 1841/2054/1420 1840/1994/1360
f 1840/1994/1360 1841/2054/1420 1421/1996/1362
f 1421/1996/1362 1843/2056/1422 1842/1998/1364
f 1842/1998/1364 1843/2056/1422 1422/1999/1365
f 1422/1999/1365 1845/2058/1424 1844/2001/1367
f 1844/2001/1367 1845/2058/1424 1423/2002/1368
f 1423/2002/1368 1847/2060/1426 1846/2004/1370
f 1846/2004/1370 1847/2060/1426 1424/2005/1371
f 1424/2005/1371 1849/2062/1428 1848/2007/1373
f 1848/2007/1373 1849/2062/1428 1425/2008/1374
f 1425/2008/1374 1851/2064/1430 1850/2010/1376
f 1850/2010/1376 1851/2064/1430 1426/2011/1377
f 1426/2011/1377 1853/2066/1432 1852/2013/1379
f 1852/2013/1379 1853/2066/1432 1427/2014/1380
f 1427/2014/1380 1855/2068/1434 1854/2016/1382
f 1854/2016/1382 1855/2068/1434 1428/2017/1383
f 1428/2017/1383 1857/2070/1436 1856/2019/1385
f 1856/2019/1385 1857/2070/1436 1429/2020/1386
f 1429/2020/1386 1859/2072/1438 1858/2022/1388
f 1858/2022/1388 1859/2072/1438 1430/2023/1389
f 1430/2023/1389 1861/2074/1440 1860/2025/1391
f 1860/2025/1391 1861/2074/1440 1431/2026/1392
f 1431/2026/1392 1863/2076/1442 1862/2028/1394
f 1862/2028/1394 1863/2076/1442 1432/2029/1395
f 1432/2029/1395 1865/2078/1444 1864/2031/1397
f 1864/2031/1397 1865/2078/1444 1433/2032/1398
f 1433/2032/1398 1867/2080/1446 1866/2034/1400
f 1866/2034/1400 1867/2080/1446 1434/2035/1401
f 1434/2035/1401 1869/2082/1448 1868/2037/1403
f 1868/2037/1403 1869/2082/1448 1435/2038/1404
f 1435/2038/1404 1871/2084/1450 1870/2040/1406
f 1870/2040/1406 1871/2084/1450 1436/2041/1407
f 1436/2041/1407 1873/2086/1452 1872/2043/1409
f 1872/2043/1409 1873/2086/1452 1437/2044/1410
f 1437/2044/1410 1875/2088/1454 1874/2046/1412
f 1874/2046/1412 1875/2088/1454 1438/2047/1413
f 1438/2047/1413 1877/2090/1456 1876/2049/1415
f 1876/2049/1415 1877/2090/1456 1439/2050/1416
f 1439/2050/1416 1879/2092/1458 1878/2052/1418
f 1878/2052/1418 1879/2092/1458 1420/1993/1359
f 1559/2093/271 1923/2100/1463 1940/2094/1459
f 1940/2094/1459 1921/2098/1461 1540/2096/269
f 1940/2094/1459 1922/5066/1524 1482/2097/1460
f 1483/2099/1462 1922/5066/1524 1940/2094/1459
f 1921/2098/1461 1941/2102/1464 1924/2101/727
f 1941/2102/1464 1925/2105/1466 1541/2103/272
f 1941/2102/1464 1926/5067/1531 1485/2104/1465
f 1482/2097/1460 1926/5067/1531 1941/2102/1464
f 1925/2105/1466 1942/5068/1467 1927/2106/732
f 1942/2107/1467 1928/2111/1469 1542/2108/276
f 1942/2107/1467 1929/5069/1537 1487/2110/1468
f 1485/2112/1465 1929/5069/1537 1942/2107/1467
f 1928/2111/1469 1943/2115/1470 1930/2114/737
f 1943/2115/1470 1931/2118/1472 1543/2116/257
f 1943/2115/1470 1932/5070/1543 1489/2117/1471
f 1487/2110/1468 1932/5070/1543 1943/2115/1470
f 1931/2118/1472 1944/2122/1474 1933/2119/742
f 1933/2119/742 1944/2122/1474 1934/2120/1473
f 1944/2122/1474 1935/5071/1549 1491/2123/1475
f 1489/2117/1471 1935/5071/1549 1944/2122/1474
f 1934/2120/1473 1945/2128/1476 1936/2124/748
f 1945/2125/1476 1937/2137/1478 1545/2126/279
f 1945/2128/1476 1938/5072/1555 1493/2129/1477
f 1491/2123/1475 1938/5072/1555 1945/2128/1476
f 1545/2126/279 1937/2137/1478 1946/2131/1479
f 1939/2132/754 1946/2131/1479 1600/2133/1480
f 1946/2131/1479 1601/5073/1561 1495/2135/1481
f 1493/2136/1477 1601/5073/1561 1946/2131/1479
f 1600/2133/1480 1947/2139/1482 1602/2138/758
f 1947/2139/1482 1603/2142/1484 1547/2140/286
f 1947/2139/1482 1604/5074/1567 1497/2141/1483
f 1495/2135/1481 1604/5074/1567 1947/2139/1482
f 1603/2142/1484 1948/2144/1485 1605/2143/762
f 1948/2144/1485 1606/2147/1487 1548/2145/285
f 1948/2144/1485 1607/5075/1573 1499/2146/1486
f 1497/2141/1483 1607/5075/1573 1948/2144/1485
f 1606/2147/1487 1949/2151/1489 1608/2148/769
f 1608/2148/769 1949/2151/1489 1609/2149/1488
f 1949/2151/1489 1610/5076/1579 1501/2152/1490
f 1499/2146/1486 1610/5076/1579 1949/2151/1489
f 1609/2149/1488 1950/2154/1491 1611/2153/773
f 1950/2154/1491 1612/2157/1493 1550/2155/289
f 1950/2154/1491 1613/5077/1585 1503/2156/1492
f 1501/2152/1490 1613/5077/1585 1950/2154/1491
f 1612/2157/1493 1951/2161/1495 1614/2158/777
f 1614/2158/777 1951/2161/1495 1615/2159/1494
f 1951/2161/1495 1616/5078/1591 1505/2162/1496
f 1503/2156/1492 1616/5078/1591 1951/2161/1495
f 1615/2159/1494 1952/5079/1498 1617/2163/783
f 1617/2164/783 1952/2167/1498 1618/2165/1497
f 1952/2167/1498 1619/5080/1597 1507/2168/1499
f 1505/2169/1496 1619/5080/1597 1952/2167/1498
f 1552/2166/293 1618/2165/1497 1953/2171/1500
f 1953/2171/1500 1621/2175/1502 1553/2173/255
f 1953/2171/1500 1622/5081/1603 1509/2174/1501
f 1507/2168/1499 1622/5081/1603 1953/2171/1500
f 1621/2175/1502 1954/2179/1504 1623/2176/792
f 1623/2176/792 1954/2179/1504 1624/2177/1503
f 1954/2179/1504 1625/5082/1609 1511/2180/1505
f 1509/2174/1501 1625/5082/1609 1954/2179/1504
f 1554/2178/299 1624/2177/1503 1955/2181/1506
f 1955/2183/1506 1627/2188/1508 1555/2184/298
f 1955/2181/1506 1628/5083/1615 1513/2186/1507
f 1511/2180/1505 1628/5083/1615 1955/2181/1506
f 1627/2188/1508 1956/2190/1509 1629/2189/802
f 1956/2190/1509 1630/2193/1511 1556/2191/300
f 1956/2190/1509 1631/5084/1621 1515/2192/1510
f 1513/2194/1507 1631/5084/1621 1956/2190/1509
f 1630/2193/1511 1957/2198/1513 1632/2195/807
f 1632/2195/807 1957/2198/1513 1633/2196/1512
f 1957/2198/1513 1634/5085/1627 1517/2199/1514
f 1515/2192/1510 1634/5085/1627 1957/2198/1513
f 1633/2196/1512 1958/2201/1515 1635/2200/813
f 1958/2201/1515 1636/2204/1517 1558/2202/304
f 1958/2201/1515 1637/5086/1633 1519/2203/1516
f 1517/2199/1514 1637/5086/1633 1958/2201/1515
f 1636/2204/1517 1959/2206/1518 1638/2205/817
f 1638/2205/817 1959/2206/1518 1923/2100/1463
f 1959/2206/1518 1639/5087/1638 1483/2099/1462
f 1519/2203/1516 1639/5087/1638 1959/2206/1518
f 1641/2207/1519 1481/2431/1679 1640/2208/1520
f 1642/2210/1522 1480/2510/1736 1641/2207/1519
f 1520/2211/159 1645/2217/1526 1961/2212/1523
f 1961/2212/1523 1644/2216/1525 1521/2214/159
f 1922/2215/1524 1483/5088/1462 1644/2216/1525
f 1645/2217/1526 1482/5089/1460 1922/2215/1524
f 1647/2218/1527 1484/2433/1681 1646/2219/1528
f 1640/2208/1520 1481/2431/1679 1647/2218/1527
f 1539/2221/159 1649/2225/1532 1963/2222/1530
f 1963/2222/1530 1645/2217/1526 1520/2211/159
f 1926/2224/1531 1482/5089/1460 1645/2217/1526
f 1649/2225/1532 1485/5090/1465 1926/2224/1531
f 1651/2226/1533 1486/2438/1685 1650/2227/1534
f 1646/2219/1528 1484/2433/1681 1651/2226/1533
f 1538/2229/159 1653/2233/1538 1965/2230/1536
f 1965/2230/1536 1649/2225/1532 1539/2221/159
f 1929/2232/1537 1485/5090/1465 1649/2225/1532
f 1653/2233/1538 1487/5091/1468 1929/2232/1537
f 1655/2234/1539 1488/2443/1688 1654/2235/1540
f 1650/2227/1534 1486/2438/1685 1655/2234/1539
f 1537/2237/159 1657/2241/1544 1967/2238/1542
f 1967/2238/1542 1653/2233/1538 1538/2229/159
f 1932/2240/1543 1487/5091/1468 1653/2233/1538
f 1657/2241/1544 1489/5092/1471 1932/2240/1543
f 1659/2242/1545 1490/2447/1691 1658/2243/1546
f 1654/2235/1540 1488/2443/1688 1659/2242/1545
f 1536/2245/159 1661/2249/1550 1969/2246/1548
f 1969/2246/1548 1657/2241/1544 1537/2237/159
f 1935/2248/1549 1489/5092/1471 1657/2241/1544
f 1661/2249/1550 1491/5093/1475 1935/2248/1549
f 1663/2250/1551 1492/2451/1694 1662/2251/1552
f 1658/2243/1546 1490/2447/1691 1663/2250/1551
f 1535/2253/159 1665/2257/1556 1971/2254/1554
f 1971/2254/1554 1661/2249/1550 1536/2245/159
f 1938/2256/1555 1491/5093/1475 1661/2249/1550
f 1665/2257/1556 1493/5094/1477 1938/2256/1555
f 1667/2258/1557 1494/2456/1697 1666/2259/1558
f 1662/2251/1552 1492/2451/1694 1667/2258/1557
f 1534/2261/159 1669/2265/1562 1973/2262/1560
f 1973/2262/1560 1665/2257/1556 1535/2253/159
f 1601/2264/1561 1493/5094/1477 1665/2257/1556
f 1669/2265/1562 1495/5095/1481 1601/2264/1561
f 1671/2266/1563 1496/2460/1700 1670/2267/1564
f 1666/2259/1558 1494/2456/1697 1671/2266/1563
f 1533/2269/159 1673/2273/1568 1975/2270/1566
f 1975/2270/1566 1669/2265/1562 1534/2261/159
f 1604/2272/1567 1495/5095/1481 1669/2265/1562
f 1673/2273/1568 1497/5096/1483 1604/2272/1567
f 1675/2274/1569 1498/2464/1703 1674/2275/1570
f 1670/2267/1564 1496/2460/1700 1675/2274/1569
f 1532/2277/159 1677/2281/1574 1977/2278/1572
f 1977/2278/1572 1673/2273/1568 1533/2269/159
f 1607/2280/1573 1497/5096/1483 1673/2273/1568
f 1677/2281/1574 1499/5097/1486 1607/2280/1573
f 1679/2282/1575 1500/2468/1706 1678/2283/1576
f 1674/2275/1570 1498/2464/1703 1679/2282/1575
f 1531/2285/159 1681/2289/1580 1979/2286/1578
f 1979/2286/1578 1677/2281/1574 1532/2277/159
f 1610/2288/1579 1499/5097/1486 1677/2281/1574
f 1681/2289/1580 1501/5098/1490 1610/2288/1579
f 1683/2290/1581 1502/2472/1709 1682/2291/1582
f 1678/2283/1576 1500/2468/1706 1683/2290/1581
f 1530/2293/159 1685/2297/1586 1981/2294/1584
f 1981/2294/1584 1681/2289/1580 1531/2285/159
f 1613/2296/1585 1501/5098/1490 1681/2289/1580
f 1685/2297/1586 1503/5099/1492 1613/2296/1585
f 1687/2298/1587 1504/2476/1712 1686/2299/1588
f 1682/2291/1582 1502/2472/1709 1687/2298/1587
f 1529/2301/159 1689/2305/1592 1983/2302/1590
f 1983/2302/1590 1685/2297/1586 1530/2293/159
f 1616/2304/1591 1503/5099/1492 1685/2297/1586
f 1689/2305/1592 1505/5100/1496 1616/2304/1591
f 1691/2306/1593 1506/2480/1715 1690/2307/1594
f 1686/2299/1588 1504/2476/1712 1691/2306/1593
f 1528/2309/159 1693/2313/1598 1985/2310/1596
f 1985/2310/1596 1689/2305/1592 1529/2301/159
f 1619/2312/1597 1505/5100/1496 1689/2305/1592
f 1693/2313/1598 1507/5101/1499 1619/2312/1597
f 1695/2314/1599 1508/2485/1718 1694/2315/1600
f 1690/2307/1594 1506/2480/1715 1695/2314/1599
f 1527/2317/159 1697/2321/1604 1987/2318/1602
f 1987/2318/1602 1693/2313/1598 1528/2309/159
f 1622/2320/1603 1507/5101/1499 1693/2313/1598
f 1697/2321/1604 1509/5102/1501 1622/2320/1603
f 1699/2322/1605 1510/2489/1721 1698/2323/1606
f 1694/2315/1600 1508/2485/1718 1699/2322/1605
f 1526/2325/159 1701/2329/1610 1989/2326/1608
f 1989/2326/1608 1697/2321/1604 1527/2317/159
f 1625/2328/1609 1509/5102/1501 1697/2321/1604
f 1701/2329/1610 1511/5103/1505 1625/2328/1609
f 1703/2330/1611 1512/2493/1724 1702/2331/1612
f 1698/2323/1606 1510/2489/1721 1703/2330/1611
f 1525/2333/159 1705/2337/1616 1991/2334/1614
f 1991/2334/1614 1701/2329/1610 1526/2325/159
f 1628/2336/1615 1511/5103/1505 1701/2329/1610
f 1705/2337/1616 1513/5104/1507 1628/2336/1615
f 1707/2338/1617 1514/2498/1727 1706/2339/1618
f 1702/2331/1612 1512/2493/1724 1707/2338/1617
f 1524/2341/159 1709/2345/1622 1993/2342/1620
f 1993/2342/1620 1705/2337/1616 1525/2333/159
f 1631/2344/1621 1513/5104/1507 1705/2337/1616
f 1709/2345/1622 1515/5105/1510 1631/2344/1621
f 1711/2346/1623 1516/2502/1730 1710/2347/1624
f 1706/2339/1618 1514/2498/1727 1711/2346/1623
f 1523/2349/159 1713/2353/1628 1995/2350/1626
f 1995/2350/1626 1709/2345/1622 1524/2341/159
f 1634/2352/1627 1515/5105/1510 1709/2345/1622
f 1713/2353/1628 1517/5106/1514 1634/2352/1627
f 1715/2354/1629 1518/2506/1733 1714/2355/1630
f 1710/2347/1624 1516/2502/1730 1715/2354/1629
f 1522/2357/159 1717/2361/1634 1997/2358/1632
f 1997/2358/1632 1713/2353/1628 1523/2349/159
f 1637/2360/1633 1517/5106/1514 1713/2353/1628
f 1717/2361/1634 1519/5107/1516 1637/2360/1633
f 1718/2362/1635 1480/2510/1736 1642/2210/1522
f 1714/2355/1630 1518/2506/1733 1718/2362/1635
f 1521/2214/159 1644/2216/1525 1999/2364/1637
f 1999/2364/1637 1717/2361/1634 1522/2357/159
f 1639/2366/1638 1519/5107/1516 1717/2361/1634
f 1644/2216/1525 1483/5088/1462 1639/2366/1638
f 1461/1930/1300 1721/5108/1641 2000/2367/1639
f 2000/2367/1639 1720/5109/1640 1460/1928/1298
f 1643/2213/159 1521/2214/159 1720/2368/1640
f 1721/2370/1641 1520/2211/159 1643/2213/159
f 1460/1928/1298 1720/5109/1640 2001/2371/1642
f 2001/2371/1642 1722/5110/1643 1479/1990/1356
f 1719/2365/159 1522/2357/159 1722/2372/1643
f 1720/2368/1640 1521/2214/159 1719/2365/159
f 1479/1990/1356 1722/5110/1643 2002/2374/1644
f 2002/2374/1644 1723/5111/1645 1478/1987/1353
f 1716/2359/159 1523/2349/159 1723/2375/1645
f 1722/2372/1643 1522/2357/159 1716/2359/159
f 1478/1987/1353 1723/5111/1645 2003/2377/1646
f 2003/2377/1646 1724/5112/1647 1477/1984/1350
f 1712/2351/159 1524/2341/159 1724/2378/1647
f 1723/2375/1645 1523/2349/159 1712/2351/159
f 1477/1984/1350 1724/5112/1647 2004/2380/1648
f 2004/2380/1648 1725/5113/1649 1476/1981/1347
f 1708/2343/159 1525/2333/159 1725/2381/1649
f 1724/2378/1647 1524/2341/159 1708/2343/159
f 1476/1981/1347 1725/5113/1649 2005/2383/1650
f 2005/2384/1650 1726/5114/1651 1475/1977/1344
f 1704/2335/159 1526/2325/159 1726/2385/1651
f 1725/2381/1649 1525/2333/159 1704/2335/159
f 1475/1977/1344 1726/5114/1651 2006/2387/1652
f 2006/2387/1652 1727/5115/1653 1474/1974/1341
f 1700/2327/159 1527/2317/159 1727/2388/1653
f 1726/2385/1651 1526/2325/159 1700/2327/159
f 1474/1974/1341 1727/5115/1653 2007/2390/1654
f 2007/2390/1654 1728/5116/1655 1473/1971/1338
f 1696/2319/159 1528/2309/159 1728/2391/1655
f 1727/2388/1653 1527/2317/159 1696/2319/159
f 1473/1971/1338 1728/5116/1655 2008/2393/1656
f 2008/2394/1656 1729/5117/1657 1472/1967/1335
f 1692/2311/159 1529/2301/159 1729/2395/1657
f 1728/2391/1655 1528/2309/159 1692/2311/159
f 1472/1967/1335 1729/5117/1657 2009/2397/1658
f 2009/2397/1658 1730/5118/1659 1471/1964/1332
f 1688/2303/159 1530/2293/159 1730/2398/1659
f 1729/2395/1657 1529/2301/159 1688/2303/159
f 1471/1964/1332 1730/5118/1659 2010/2400/1660
f 2010/2400/1660 1731/5119/1661 1470/1961/1329
f 1684/2295/159 1531/2285/159 1731/2401/1661
f 1730/2398/1659 1530/2293/159 1684/2295/159
f 1470/1961/1329 1731/5119/1661 2011/2403/1662
f 2011/2403/1662 1732/5120/1663 1469/1958/1326
f 1680/2287/159 1532/2277/159 1732/2404/1663
f 1731/2401/1661 1531/2285/159 1680/2287/159
f 1469/1958/1326 1732/5120/1663 2012/2406/1664
f 2012/2406/1664 1733/5121/1665 1468/1954/1322
f 1676/2279/159 1533/2269/159 1733/2407/1665
f 1732/2404/1663 1532/2277/159 1676/2279/159
f 1468/1954/1322 1733/5121/1665 2013/2409/1666
f 2013/2409/1666 1734/5122/1667 1467/1951/1319
f 1672/2271/159 1534/2261/159 1734/2410/1667
f 1733/2407/1665 1533/2269/159 1672/2271/159
f 1467/1951/1319 1734/5122/1667 2014/2412/1668
f 2014/2412/1668 1735/5123/1669 1466/1948/1316
f 1668/2263/159 1535/2253/159 1735/2413/1669
f 1734/2410/1667 1534/2261/159 1668/2263/159
f 1466/1948/1316 1735/5123/1669 2015/2415/1670
f 2015/2416/1670 1736/5124/1671 1465/1944/1313
f 1664/2255/159 1536/2245/159 1736/2417/1671
f 1735/2413/1669 1535/2253/159 1664/2255/159
f 1465/1944/1313 1736/5124/1671 2016/2419/1672
f 2016/2419/1672 1737/5125/1673 1464/1941/1310
f 1660/2247/159 1537/2237/159 1737/2420/1673
f 1736/2417/1671 1536/2245/159 1660/2247/159
f 1464/1941/1310 1737/5125/1673 2017/2422/1674
f 2017/2422/1674 1738/5126/1675 1463/1938/1307
f 1656/2239/159 1538/2229/159 1738/2423/1675
f 1737/2420/1673 1537/2237/159 1656/2239/159
f 1463/1938/1307 1738/5126/1675 2018/2425/1676
f 2018/2426/1676 1739/5127/1677 1462/1934/1304
f 1652/2231/159 1539/2221/159 1739/2427/1677
f 1738/2423/1675 1538/2229/159 1652/2231/159
f 1462/1934/1304 1739/5127/1677 2019/2429/1678
f 2019/2429/1678 1721/5108/1641 1461/1930/1300
f 1648/2223/159 1520/2211/159 1721/2370/1641
f 1739/2427/1677 1539/2221/159 1648/2223/159
f 1481/2431/1679 1741/5128/1683 2020/2432/1680
f 2020/2432/1680 1740/5129/1682 1484/2433/1681
f 2020/2434/1680 1924/2101/727 1541/2103/272
f 1741/2436/1683 1540/2096/269 1924/2101/727
f 1484/2433/1681 1740/5129/1682 2021/2437/1684
f 2021/2437/1684 1742/5130/1686 1486/2438/1685
f 2021/2439/1684 1927/2109/732 1542/2108/276
f 1740/2435/1682 1541/2103/272 1927/2106/732
f 1486/2438/1685 1742/5130/1686 2022/2442/1687
f 2022/2442/1687 1743/5131/1689 1488/2443/1688
f 1930/2114/737 1543/2116/257 1743/2444/1689
f 1742/2440/1686 1542/2108/276 1930/2114/737
f 1488/2443/1688 1743/5131/1689 2023/2446/1690
f 2023/2446/1690 1744/5132/1692 1490/2447/1691
f 1933/2119/742 1544/2121/277 1744/2448/1692
f 1543/2116/257 1933/2119/742 2023/2449/1690
f 1490/2447/1691 1744/5132/1692 2024/2450/1693
f 2024/2450/1693 1745/5133/1695 1492/2451/1694
f 2024/2452/1693 1936/2127/748 1545/2126/279
f 1744/2448/1692 1544/2121/277 1936/2124/748
f 1492/2451/1694 1745/5133/1695 2025/2455/1696
f 2025/2455/1696 1746/5134/1698 1494/2456/1697
f 1939/2132/754 1546/2134/283 1746/2457/1698
f 1545/2126/279 1939/2132/754 2025/2458/1696
f 1494/2456/1697 1746/5134/1698 2026/2459/1699
f 2026/2459/1699 1747/5135/1701 1496/2460/1700
f 2026/2461/1699 1602/2138/758 1547/2140/286
f 1746/2457/1698 1546/2134/283 1602/2138/758
f 1496/2460/1700 1747/5135/1701 2027/2463/1702
f 2027/2463/1702 1748/5136/1704 1498/2464/1703
f 2027/2465/1702 1605/2143/762 1548/2145/285
f 1747/2462/1701 1547/2140/286 1605/2143/762
f 1498/2464/1703 1748/5136/1704 2028/2467/1705
f 2028/2467/1705 1749/5137/1707 1500/2468/1706
f 1608/2148/769 1549/2150/290 1749/2469/1707
f 1748/2466/1704 1548/2145/285 1608/2148/769
f 1500/2468/1706 1749/5137/1707 2029/2471/1708
f 2029/2471/1708 1750/5138/1710 1502/2472/1709
f 2029/2473/1708 1611/2153/773 1550/2155/289
f 1749/2469/1707 1549/2150/290 1611/2153/773
f 1502/2472/1709 1750/5138/1710 2030/2475/1711
f 2030/2475/1711 1751/5139/1713 1504/2476/1712
f 1614/2158/777 1551/2160/291 1751/2477/1713
f 1750/2474/1710 1550/2155/289 1614/2158/777
f 1504/2476/1712 1751/5139/1713 2031/2479/1714
f 2031/2479/1714 1752/5140/1716 1506/2480/1715
f 1617/2164/783 1552/2166/293 1752/2481/1716
f 1751/2477/1713 1551/2160/291 1617/2163/783
f 1506/2480/1715 1752/5140/1716 2032/2484/1717
f 2032/2484/1717 1753/5141/1719 1508/2485/1718
f 1620/2172/789 1553/2173/255 1753/2486/1719
f 1552/2166/293 1620/2172/789 2032/2487/1717
f 1508/2485/1718 1753/5141/1719 2033/2488/1720
f 2033/2488/1720 1754/5142/1722 1510/2489/1721
f 1623/2176/792 1554/2178/299 1754/2490/1722
f 1753/2486/1719 1553/2173/255 1623/2176/792
f 1510/2489/1721 1754/5142/1722 2034/2492/1723
f 2034/2492/1723 1755/5143/1725 1512/2493/1724
f 1626/2185/799 1555/2184/298 1755/2494/1725
f 1554/2178/299 1626/2182/799 2034/2496/1723
f 1512/2493/1724 1755/5143/1725 2035/2497/1726
f 2035/2497/1726 1756/5144/1728 1514/2498/1727
f 1629/2189/802 1556/2191/300 1756/2499/1728
f 1755/2494/1725 1555/2184/298 1629/2189/802
f 1514/2498/1727 1756/5144/1728 2036/2501/1729
f 2036/2501/1729 1757/5145/1731 1516/2502/1730
f 1632/2195/807 1557/2197/302 1757/2503/1731
f 1556/2191/300 1632/2195/807 2036/2504/1729
f 1516/2502/1730 1757/5145/1731 2037/2505/1732
f 2037/2505/1732 1758/5146/1734 1518/2506/1733
f 2037/2507/1732 1635/2200/813 1558/2202/304
f 1557/2197/302 1635/2200/813 2037/2507/1732
f 1518/2506/1733 1758/5146/1734 2038/2509/1735
f 2038/2509/1735 1759/5147/1737 1480/2510/1736
f 1638/2205/817 1559/2093/271 1759/2511/1737
f 1558/2202/304 1638/2205/817 2038/2512/1735
f 1480/2510/1736 1759/5147/1737 2039/2513/1738
f 2039/2513/1738 1741/5128/1683 1481/2431/1679
f 2039/2514/1738 1920/2095/723 1540/2096/269
f 1559/2093/271 1920/2095/723 2039/2514/1738
f 1561/1991/1357 1761/2522/1742 2040/2515/1739
f 1839/2516/1740 2040/2515/1739 1760/2517/1741
f 2040/2518/1739 1878/2052/1418 1400/1995/1361
f 1419/2051/1417 1878/2052/1418 2040/2518/1739
f 1762/2521/1743 2041/5148/1744 1837/1989/1355
f 1837/1989/1355 2041/5148/1744 1761/2522/1742
f 2041/2523/1744 1876/2049/1415 1419/2051/1417
f 1418/2048/1414 1876/2049/1415 2041/2523/1744
f 1563/1983/1349 1763/5149/1747 2042/2525/1745
f 1835/2526/1746 2042/2525/1745 1762/2521/1743
f 2042/2527/1745 1874/2046/1412 1418/2048/1414
f 1417/2045/1411 1874/2046/1412 2042/2527/1745
f 1764/2529/1748 2043/2531/1750 1833/2530/1749
f 2043/2531/1750 1763/5149/1747 1563/1983/1349
f 2043/2532/1750 1872/2043/1409 1417/2045/1411
f 1416/2042/1408 1872/2043/1409 2043/2532/1750
f 1565/1976/1343 1765/2542/1753 2044/2534/1751
f 2044/2536/1751 1764/2529/1748 1564/1980/1346
f 2044/2538/1751 1870/2040/1406 1416/2042/1408
f 1415/2039/1405 1870/2040/1406 2044/2538/1751
f 1566/1973/1340 1766/5150/1756 2045/2540/1754
f 1829/2541/1755 2045/2540/1754 1765/2542/1753
f 2045/2543/1754 1868/2037/1403 1415/2039/1405
f 1414/2036/1402 1868/2037/1403 2045/2543/1754
f 1567/1970/1337 1767/5151/1759 2046/2545/1757
f 2046/2545/1757 1766/5150/1756 1566/1973/1340
f 2046/2547/1757 1866/2034/1400 1414/2036/1402
f 1413/2033/1399 1866/2034/1400 2046/2547/1757
f 1768/2549/1760 2047/5152/1762 1825/2550/1761
f 2047/2551/1762 1767/5151/1759 1567/1970/1337
f 2047/2553/1762 1864/2031/1397 1413/2033/1399
f 1412/2030/1396 1864/2031/1397 2047/2553/1762
f 1569/1963/1331 1769/5153/1765 2048/2555/1763
f 2048/2555/1763 1768/2549/1760 1568/1966/1334
f 2048/2557/1763 1862/2028/1394 1412/2030/1396
f 1411/2027/1393 1862/2028/1394 2048/2557/1763
f 1770/2559/1766 2049/2561/1768 1821/2560/1767
f 2049/2561/1768 1769/5153/1765 1569/1963/1331
f 2049/2562/1768 1860/2025/1391 1411/2027/1393
f 1410/2024/1390 1860/2025/1391 2049/2562/1768
f 1771/2564/1769 2050/5154/1771 1819/2565/1770
f 1819/2565/1770 2050/5154/1771 1770/2559/1766
f 2050/2566/1771 1858/2022/1388 1410/2024/1390
f 1409/2021/1387 1858/2022/1388 2050/2566/1771
f 1572/1955/1323 1772/2573/1774 2051/2568/1772
f 1817/2569/1773 2051/2568/1772 1771/2564/1769
f 2051/2570/1772 1856/2019/1385 1409/2021/1387
f 1408/2018/1384 1856/2019/1385 2051/2570/1772
f 1773/2572/1775 2052/5155/1776 1815/1953/1321
f 1815/1953/1321 2052/5155/1776 1772/2573/1774
f 2052/2574/1776 1854/2016/1382 1408/2018/1384
f 1407/2015/1381 1854/2016/1382 2052/2574/1776
f 1774/2576/1777 2053/2578/1779 1813/2577/1778
f 2053/2578/1779 1773/2572/1775 1573/1950/1318
f 2053/2579/1779 1852/2013/1379 1407/2015/1381
f 1406/2012/1378 1852/2013/1379 2053/2579/1779
f 1575/1943/1312 1775/2589/1782 2054/2581/1780
f 2054/2583/1780 1774/2576/1777 1574/1947/1315
f 2054/2585/1780 1850/2010/1376 1406/2012/1378
f 1405/2009/1375 1850/2010/1376 2054/2585/1780
f 1776/2587/1783 2055/5156/1785 1809/2588/1784
f 1809/2588/1784 2055/5156/1785 1775/2589/1782
f 2055/2590/1785 1848/2007/1373 1405/2009/1375
f 1404/2006/1372 1848/2007/1373 2055/2590/1785
f 1577/1937/1306 1777/2599/1788 2056/2592/1786
f 1807/2593/1787 2056/2592/1786 1776/2587/1783
f 2056/2594/1786 1846/2004/1370 1404/2006/1372
f 1403/2003/1369 1846/2004/1370 2056/2594/1786
f 1578/1933/1303 1778/2603/1791 2057/2596/1789
f 1805/2598/1790 2057/5157/1789 1777/2599/1788
f 2057/2600/1789 1844/2001/1367 1403/2003/1369
f 1402/2000/1366 1844/2001/1367 2057/2600/1789
f 1579/1929/1299 1779/2608/1793 2058/2602/1792
f 1803/1931/1301 2058/2602/1792 1778/2603/1791
f 2058/2604/1792 1842/1998/1364 1402/2000/1366
f 1401/1997/1363 1842/1998/1364 2058/2604/1792
f 1560/1926/1296 1760/2517/1741 2059/2606/1794
f 1801/2607/1795 2059/2606/1794 1779/2608/1793
f 2059/2609/1794 1840/1994/1360 1401/1997/1363
f 1400/1995/1361 1840/1994/1360 2059/2609/1794
f 2082/2933/1969 2119/5193/2008 1998/2363/1636
f 1998/2363/1636 2119/5193/2008 2117/2934/2006
f 2117/2934/2006 2118/5194/2007 1996/2356/1631
f 1996/2356/1631 2118/5194/2007 2115/2935/2005
f 2115/2935/2005 2116/5195/2004 1994/2348/1625
f 1994/2348/1625 2116/5195/2004 2113/2936/2003
f 2113/2936/2003 2114/5196/2002 1992/2340/1619
f 1992/2340/1619 2114/5196/2002 2111/2937/2001
f 2111/2937/2001 2112/5197/2000 1990/2332/1613
f 1990/2332/1613 2112/5197/2000 2109/2938/1998
f 2109/2938/1998 2110/5198/1999 1988/2324/1607
f 1988/2324/1607 2110/5198/1999 2107/2939/1996
f 2107/2939/1996 2108/5199/1997 1986/2316/1601
f 1986/2316/1601 2108/5199/1997 2105/2940/1995
f 2105/2940/1995 2106/5200/1994 1984/2308/1595
f 1984/2308/1595 2106/5200/1994 2103/2941/1993
f 2103/2941/1993 2104/5201/1992 1982/2300/1589
f 1982/2300/1589 2104/5201/1992 2101/2942/1991
f 2101/2942/1991 2102/5202/1990 1980/2292/1583
f 1980/2292/1583 2102/5202/1990 2099/2943/1989
f 2099/2943/1989 2100/5203/1988 1978/2284/1577
f 1978/2284/1577 2100/5203/1988 2097/2944/1986
f 2097/2944/1986 2098/5204/1987 1976/2276/1571
f 1976/2276/1571 2098/5204/1987 2095/2945/1985
f 2095/2945/1985 2096/5205/1984 1974/2268/1565
f 1974/2268/1565 2096/5205/1984 2093/2946/1982
f 2093/2946/1982 2094/5206/1983 1972/2260/1559
f 1972/2260/1559 2094/5206/1983 2091/2947/1980
f 2091/2947/1980 2092/5207/1981 1970/2252/1553
f 1970/2252/1553 2092/5207/1981 2089/2948/1979
f 2089/2948/1979 2090/5208/1977 1968/2244/1547
f 1968/2244/1547 2090/5208/1977 2087/2949/1978
f 2087/2949/1978 2088/5209/1976 1966/2236/1541
f 1966/2950/1541 2088/5210/1976 2085/2951/1974
f 2085/2951/1974 2086/5211/1975 1964/2953/1535
f 1964/2228/1535 2086/5212/1975 2083/2954/1972
f 2083/2954/1972 2084/5213/1973 1962/2220/1529
f 1962/2220/1529 2084/5213/1973 2080/2955/1971
f 2080/2955/1971 2081/5214/1970 1960/2209/1521
f 1960/2209/1521 2081/5214/1970 2082/2933/1969
