# Blender 5.0.1
# www.blender.org
mtllib relojplanetas.mtl
o Part_003_part_03_0.001
v -0.118500 -0.205805 1.025946
v -0.112909 -0.216834 1.027955
v -0.156165 -0.216286 1.035147
v -0.145120 -0.238071 1.039115
v -0.104132 -0.225586 1.029772
v -0.127783 -0.255361 1.042704
v -0.104132 -0.225586 1.029772
v -0.093030 -0.231206 1.031220
v -0.127783 -0.255361 1.042704
v -0.105852 -0.266461 1.045565
v -0.080689 -0.233142 1.032157
v -0.081474 -0.270286 1.047415
v -0.068317 -0.231206 1.032491
v -0.057034 -0.266461 1.048075
v -0.057125 -0.225586 1.032189
v -0.034925 -0.255361 1.047479
v -0.048208 -0.216834 1.031282
v -0.017312 -0.238071 1.045687
v -0.042440 -0.205805 1.029858
v -0.005918 -0.216286 1.042873
v -0.040385 -0.193580 1.028055
v -0.001859 -0.192136 1.039313
v -0.042245 -0.181354 1.026052
v -0.005532 -0.167986 1.035355
v -0.047836 -0.170326 1.024043
v -0.016577 -0.146200 1.031387
v -0.056612 -0.161573 1.022226
v -0.033913 -0.128911 1.027798
v -0.056612 -0.161573 1.022226
v -0.067715 -0.155954 1.020778
v -0.033913 -0.128911 1.027798
v -0.055844 -0.117810 1.024938
v -0.080056 -0.154017 1.019841
v -0.080223 -0.113985 1.023087
v -0.092428 -0.155954 1.019507
v -0.104663 -0.117810 1.022427
v -0.103620 -0.161573 1.019809
v -0.126771 -0.128911 1.023023
v -0.112537 -0.170326 1.020716
v -0.144384 -0.146200 1.024815
v -0.118305 -0.181354 1.022141
v -0.155778 -0.167986 1.027629
v -0.120360 -0.193580 1.023943
v -0.159838 -0.192136 1.031189
v -0.192279 -0.225249 1.050265
v -0.176052 -0.257255 1.056094
v -0.150582 -0.282656 1.061368
v -0.150582 -0.282656 1.061368
v -0.118363 -0.298964 1.065570
v -0.082547 -0.304583 1.068288
v -0.046642 -0.298964 1.069258
v -0.014161 -0.282656 1.068383
v 0.011716 -0.257255 1.065749
v 0.028455 -0.225249 1.061615
v 0.034419 -0.189769 1.056385
v 0.029023 -0.154289 1.050570
v 0.012796 -0.122283 1.044741
v -0.012674 -0.096882 1.039467
v -0.012674 -0.096882 1.039467
v -0.044894 -0.080574 1.035266
v -0.080709 -0.074955 1.032547
v -0.116615 -0.080574 1.031578
v -0.149095 -0.096882 1.032453
v -0.174972 -0.122283 1.035086
v -0.191711 -0.154289 1.039220
v -0.197675 -0.189769 1.044450
v -0.225954 -0.232473 1.070928
v -0.204945 -0.273912 1.078475
v -0.171968 -0.306798 1.085303
v -0.171968 -0.306798 1.085303
v -0.130253 -0.327913 1.090743
v -0.083883 -0.335188 1.094263
v -0.037396 -0.327913 1.095518
v 0.004658 -0.306798 1.094385
v 0.038160 -0.273912 1.090976
v 0.059833 -0.232473 1.085623
v 0.067554 -0.186537 1.078851
v 0.060568 -0.140602 1.071323
v 0.039559 -0.099162 1.063776
v 0.006583 -0.066276 1.056948
v 0.006583 -0.066276 1.056948
v -0.035133 -0.045162 1.051508
v -0.081503 -0.037886 1.047988
v -0.127990 -0.045162 1.046733
v -0.170043 -0.066276 1.047866
v -0.203546 -0.099162 1.051275
v -0.225219 -0.140602 1.056628
v -0.232940 -0.186537 1.063400
v -0.256360 -0.237781 1.096627
v -0.231085 -0.287632 1.105706
v -0.191415 -0.327195 1.113920
v -0.191415 -0.327195 1.113920
v -0.141232 -0.352595 1.120464
v -0.085448 -0.361348 1.124699
v -0.029524 -0.352595 1.126209
v 0.021066 -0.327195 1.124846
v 0.061370 -0.287632 1.120744
v 0.087442 -0.237781 1.114305
v 0.096731 -0.182520 1.106159
v 0.088327 -0.127260 1.097103
v 0.063052 -0.077408 1.088023
v 0.023382 -0.037846 1.079809
v 0.023382 -0.037846 1.079809
v -0.026801 -0.012445 1.073265
v -0.082585 -0.003693 1.069030
v -0.138509 -0.012445 1.067520
v -0.189099 -0.037846 1.068883
v -0.229403 -0.077408 1.072985
v -0.255475 -0.127260 1.079424
v -0.264764 -0.182520 1.087570
v -0.282748 -0.241042 1.126729
v -0.253831 -0.298078 1.137117
v -0.208443 -0.343343 1.146515
v -0.208443 -0.343343 1.146515
v -0.151027 -0.372404 1.154002
v -0.087204 -0.382418 1.158847
v -0.023220 -0.372404 1.160574
v 0.034661 -0.343343 1.159015
v 0.080774 -0.298078 1.154322
v 0.110604 -0.241042 1.146955
v 0.121231 -0.177817 1.137635
v 0.111616 -0.114592 1.127273
v 0.082699 -0.057556 1.116885
v 0.037311 -0.012292 1.107488
v 0.037311 -0.012292 1.107488
v -0.020105 0.016769 1.100000
v -0.083929 0.026783 1.095155
v -0.147913 0.016769 1.093428
v -0.205793 -0.012292 1.094987
v -0.251906 -0.057556 1.099680
v -0.281736 -0.114592 1.107047
v -0.292363 -0.177817 1.116367
v -0.304469 -0.242176 1.160493
v -0.272621 -0.304993 1.171934
v -0.222634 -0.354844 1.182284
v -0.222634 -0.354844 1.182284
v -0.159399 -0.386851 1.190531
v -0.089107 -0.397879 1.195866
v -0.018639 -0.386851 1.197769
v 0.045108 -0.354844 1.196052
v 0.095894 -0.304993 1.190883
v 0.128747 -0.242176 1.182769
v 0.140451 -0.172544 1.172504
v 0.129862 -0.102911 1.161093
v 0.098014 -0.040095 1.149652
v 0.048026 0.009757 1.139302
v 0.048026 0.009757 1.139302
v -0.015208 0.041763 1.131056
v -0.085500 0.052792 1.125720
v -0.155969 0.041763 1.123818
v -0.219716 0.009757 1.125535
v -0.270501 -0.040095 1.130703
v -0.303354 -0.102911 1.138817
v -0.315059 -0.172544 1.149082
v -0.320988 -0.241155 1.197088
v -0.286994 -0.308205 1.209300
v -0.233637 -0.361416 1.220348
v -0.233637 -0.361416 1.220348
v -0.166141 -0.395580 1.229150
v -0.091112 -0.407352 1.234846
v -0.015894 -0.395580 1.236876
v 0.052150 -0.361416 1.235043
v 0.106358 -0.308205 1.229527
v 0.141425 -0.241155 1.220866
v 0.153918 -0.166830 1.209909
v 0.142615 -0.092504 1.197729
v 0.108621 -0.025454 1.185517
v 0.055264 0.027757 1.174469
v 0.055264 0.027757 1.174469
v -0.012232 0.061921 1.165667
v -0.087261 0.073693 1.159972
v -0.162479 0.061921 1.157941
v -0.230522 0.027757 1.159774
v -0.284731 -0.025454 1.165291
v -0.319798 -0.092504 1.173951
v -0.332291 -0.166830 1.184908
v -0.331898 -0.238004 1.235613
v -0.296594 -0.307636 1.248295
v -0.241183 -0.362897 1.259769
v -0.241183 -0.362897 1.259769
v -0.171086 -0.398376 1.268910
v -0.093167 -0.410602 1.274825
v -0.015052 -0.398376 1.276934
v 0.055612 -0.362897 1.275030
v 0.111908 -0.307636 1.269301
v 0.148326 -0.238004 1.260307
v 0.161300 -0.160815 1.248928
v 0.149561 -0.083627 1.236278
v 0.114258 -0.013995 1.223596
v 0.058846 0.041266 1.212123
v 0.058846 0.041266 1.212123
v -0.011250 0.076746 1.202981
v -0.089169 0.088971 1.197067
v -0.167284 0.076746 1.194958
v -0.237948 0.041266 1.196862
v -0.294244 -0.013995 1.202591
v -0.330662 -0.083627 1.211585
v -0.343636 -0.160815 1.222964
v -0.336930 -0.232800 1.275119
v -0.301187 -0.303300 1.287959
v -0.245084 -0.359250 1.299576
v -0.245084 -0.359250 1.299576
v -0.174114 -0.395172 1.308831
v -0.095224 -0.407549 1.314819
v -0.016135 -0.395172 1.316954
v 0.055410 -0.359250 1.315027
v 0.112408 -0.303300 1.309227
v 0.149280 -0.232800 1.300120
v 0.162416 -0.154649 1.288600
v 0.150531 -0.076499 1.275792
v 0.114787 -0.005998 1.262952
v 0.058685 0.049951 1.251336
v 0.058685 0.049951 1.251336
v -0.012285 0.085873 1.242081
v -0.091176 0.098251 1.236092
v -0.170264 0.085873 1.233957
v -0.241809 0.049951 1.235884
v -0.298807 -0.005998 1.241685
v -0.335679 -0.076499 1.250791
v -0.348815 -0.154649 1.262312
v -0.335961 -0.225672 1.314633
v -0.300658 -0.295304 1.327315
v -0.245246 -0.350565 1.338789
v -0.245246 -0.350565 1.338789
v -0.175150 -0.386044 1.347930
v -0.097231 -0.398270 1.353845
v -0.019116 -0.386044 1.355954
v 0.051548 -0.350565 1.354050
v 0.107845 -0.295304 1.348321
v 0.144263 -0.225672 1.339327
v 0.157237 -0.148483 1.327948
v 0.145498 -0.071295 1.315298
v 0.110195 -0.001663 1.302616
v 0.054783 0.053598 1.291143
v 0.054783 0.053598 1.291143
v -0.015313 0.089078 1.282001
v -0.093232 0.101303 1.276087
v -0.171347 0.089078 1.273978
v -0.242011 0.053598 1.275882
v -0.298307 -0.001663 1.281611
v -0.334725 -0.071295 1.290605
v -0.347700 -0.148483 1.301984
v -0.329014 -0.216795 1.353183
v -0.295020 -0.283845 1.365395
v -0.241664 -0.337056 1.376442
v -0.241664 -0.337056 1.376442
v -0.174167 -0.371220 1.385245
v -0.099138 -0.382992 1.390940
v -0.023920 -0.371220 1.392970
v 0.044123 -0.337056 1.391138
v 0.098331 -0.283845 1.385621
v 0.133399 -0.216795 1.376960
v 0.145892 -0.142469 1.366004
v 0.134588 -0.068144 1.353823
v 0.100594 -0.001094 1.341611
v 0.047238 0.052117 1.330564
v 0.047238 0.052117 1.330564
v -0.020259 0.086281 1.321761
v -0.095288 0.098053 1.316066
v -0.170506 0.086281 1.314036
v -0.238549 0.052117 1.315868
v -0.292757 -0.001094 1.321385
v -0.327824 -0.068144 1.330046
v -0.340318 -0.142469 1.341002
v -0.316261 -0.206388 1.389819
v -0.284414 -0.269204 1.401259
v -0.234426 -0.319055 1.411610
v -0.234426 -0.319055 1.411610
v -0.171191 -0.351062 1.419856
v -0.100899 -0.362091 1.425192
v -0.030431 -0.351062 1.427094
v 0.033316 -0.319055 1.425377
v 0.084102 -0.269204 1.420208
v 0.116955 -0.206388 1.412095
v 0.128659 -0.136755 1.401830
v 0.118069 -0.067123 1.390418
v 0.086222 -0.004306 1.378978
v 0.036234 0.045545 1.368627
v 0.036234 0.045545 1.368627
v -0.027000 0.077552 1.360381
v -0.097292 0.088580 1.355045
v -0.167761 0.077552 1.353143
v -0.231508 0.045545 1.354860
v -0.282293 -0.004306 1.360028
v -0.315146 -0.067123 1.368142
v -0.326851 -0.136755 1.378407
v -0.298015 -0.194706 1.423638
v -0.269098 -0.251742 1.434026
v -0.223710 -0.297007 1.443424
v -0.223710 -0.297007 1.443424
v -0.166295 -0.326068 1.450912
v -0.102471 -0.336082 1.455756
v -0.038487 -0.326068 1.457484
v 0.019394 -0.297007 1.455925
v 0.065507 -0.251742 1.451232
v 0.095336 -0.194706 1.443865
v 0.105964 -0.131481 1.434544
v 0.096349 -0.068256 1.424183
v 0.067432 -0.011220 1.413795
v 0.022044 0.034044 1.404397
v 0.022044 0.034044 1.404397
v -0.035372 0.063105 1.396909
v -0.099196 0.073119 1.392065
v -0.163180 0.063105 1.390337
v -0.221061 0.034044 1.391896
v -0.267173 -0.011220 1.396589
v -0.297003 -0.068256 1.403956
v -0.307630 -0.131481 1.413277
v -0.274726 -0.182039 1.453809
v -0.249452 -0.231890 1.462888
v -0.209782 -0.271453 1.471102
v -0.209782 -0.271453 1.471102
v -0.159598 -0.296853 1.477647
v -0.103814 -0.305606 1.481881
v -0.047890 -0.296853 1.483391
v 0.002700 -0.271453 1.482028
v 0.043003 -0.231890 1.477927
v 0.069076 -0.182039 1.471488
v 0.078364 -0.126778 1.463341
v 0.069960 -0.071518 1.454285
v 0.044686 -0.021666 1.445206
v 0.005016 0.017896 1.436992
v 0.005016 0.017896 1.436992
v -0.045168 0.043297 1.430447
v -0.100952 0.052049 1.426213
v -0.156876 0.043297 1.424703
v -0.207466 0.017896 1.426066
v -0.247769 -0.021666 1.430168
v -0.273842 -0.071518 1.436607
v -0.283130 -0.126778 1.444753
v -0.246968 -0.168697 1.479588
v -0.225958 -0.210136 1.487136
v -0.192982 -0.243023 1.493964
v -0.192982 -0.243023 1.493964
v -0.151267 -0.264137 1.499404
v -0.104896 -0.271412 1.502923
v -0.058409 -0.264137 1.504178
v -0.016356 -0.243023 1.503046
v 0.017146 -0.210136 1.499636
v 0.038819 -0.168697 1.494284
v 0.046540 -0.122761 1.487512
v 0.039555 -0.076826 1.479984
v 0.018545 -0.035387 1.472437
v -0.014431 -0.002500 1.465609
v -0.014431 -0.002500 1.465609
v -0.056146 0.018614 1.460169
v -0.102517 0.025889 1.456649
v -0.149004 0.018614 1.455394
v -0.191057 -0.002500 1.456527
v -0.224560 -0.035387 1.459936
v -0.246232 -0.076826 1.465289
v -0.253953 -0.122761 1.472060
v -0.215423 -0.155009 1.500341
v -0.199195 -0.187016 1.506171
v -0.173725 -0.212416 1.511444
v -0.173725 -0.212416 1.511444
v -0.141506 -0.228725 1.515646
v -0.105690 -0.234344 1.518365
v -0.069785 -0.228725 1.519334
v -0.037304 -0.212416 1.518459
v -0.011428 -0.187016 1.515826
v 0.005312 -0.155009 1.511691
v 0.011276 -0.119530 1.506461
v 0.005880 -0.084050 1.500647
v -0.010347 -0.052044 1.494817
v -0.035817 -0.026643 1.489544
v -0.035817 -0.026643 1.489544
v -0.068037 -0.010335 1.485342
v -0.103852 -0.004716 1.482623
v -0.139758 -0.010335 1.481654
v -0.172239 -0.026643 1.482529
v -0.198115 -0.052044 1.485162
v -0.214855 -0.084050 1.489297
v -0.220818 -0.119530 1.494527
v -0.180868 -0.141313 1.515557
v -0.169823 -0.163099 1.519524
v -0.152486 -0.180388 1.523114
v -0.152486 -0.180388 1.523114
v -0.130555 -0.191488 1.525974
v -0.106177 -0.195313 1.527825
v -0.081737 -0.191488 1.528484
v -0.059628 -0.180388 1.527889
v -0.042015 -0.163099 1.526096
v -0.030621 -0.141313 1.523282
v -0.026562 -0.117163 1.519722
v -0.030234 -0.093013 1.515765
v -0.041280 -0.071227 1.511797
v -0.058616 -0.053938 1.508207
v -0.058616 -0.053938 1.508207
v -0.080547 -0.042838 1.505347
v -0.104926 -0.039013 1.503497
v -0.129365 -0.042838 1.502837
v -0.151474 -0.053938 1.503432
v -0.169087 -0.071227 1.505225
v -0.180481 -0.093013 1.508039
v -0.184541 -0.117163 1.511599
v -0.144155 -0.127944 1.524860
v -0.138563 -0.138973 1.526869
v -0.129787 -0.147726 1.528686
v -0.129787 -0.147726 1.528686
v -0.118685 -0.153345 1.530134
v -0.106344 -0.155281 1.531070
v -0.093971 -0.153345 1.531404
v -0.082779 -0.147726 1.531103
v -0.073863 -0.138973 1.530195
v -0.068095 -0.127944 1.528771
v -0.066040 -0.115719 1.526969
v -0.067899 -0.103494 1.524965
v -0.073491 -0.092465 1.522956
v -0.082267 -0.083712 1.521139
v -0.082267 -0.083712 1.521139
v -0.093369 -0.078093 1.519692
v -0.105710 -0.076157 1.518755
v -0.118082 -0.078093 1.518421
v -0.129275 -0.083712 1.518722
v -0.138191 -0.092465 1.519630
v -0.143959 -0.103494 1.521054
v -0.146014 -0.115719 1.522856
v -0.080213 -0.194065 1.022890
v -0.080213 -0.194065 1.022890
v -0.106187 -0.115234 1.528022
v -0.106187 -0.115234 1.528022
v -0.112100 -0.215667 1.033890
v -0.108273 -0.220375 0.985640
v -0.104113 -0.227064 1.035636
v -0.100286 -0.231772 0.987386
v -0.092971 -0.235410 1.037334
v -0.089143 -0.240118 0.989084
v -0.079763 -0.239891 1.038819
v -0.075936 -0.244599 0.990569
v -0.065783 -0.240066 1.039945
v -0.061956 -0.244775 0.991695
v -0.052401 -0.235920 1.040602
v -0.048574 -0.240628 0.992352
v -0.040925 -0.227857 1.040725
v -0.037098 -0.232566 0.992475
v -0.032479 -0.216668 1.040303
v -0.028652 -0.221376 0.992053
v -0.027890 -0.203446 1.039377
v -0.024063 -0.208155 0.991127
v -0.027606 -0.189488 1.038038
v -0.023779 -0.194197 0.989788
v -0.031657 -0.176158 1.036416
v -0.027830 -0.180866 0.988165
v -0.039644 -0.164762 1.034670
v -0.035817 -0.169470 0.986420
v -0.050787 -0.156415 1.032972
v -0.046960 -0.161123 0.984722
v -0.063994 -0.151934 1.031487
v -0.060167 -0.156643 0.983237
v -0.077974 -0.151759 1.030361
v -0.074147 -0.156467 0.982111
v -0.091356 -0.155905 1.029704
v -0.087529 -0.160614 0.981454
v -0.102832 -0.163968 1.029581
v -0.099006 -0.168676 0.981331
v -0.111278 -0.175157 1.030003
v -0.107451 -0.179865 0.981753
v -0.115867 -0.188378 1.030929
v -0.112040 -0.193087 0.982678
v -0.116151 -0.202337 1.032268
v -0.112324 -0.207045 0.984018
v -0.093864 -0.213298 0.986092
v -0.088739 -0.220613 0.987213
v -0.081587 -0.225969 0.988303
v -0.073111 -0.228844 0.989255
v -0.064140 -0.228958 0.989978
v -0.055552 -0.226297 0.990400
v -0.048187 -0.221122 0.990479
v -0.042766 -0.213941 0.990208
v -0.039822 -0.205456 0.989614
v -0.039639 -0.196498 0.988754
v -0.042239 -0.187943 0.987713
v -0.047365 -0.180630 0.986593
v -0.054516 -0.175273 0.985503
v -0.062992 -0.172397 0.984550
v -0.071963 -0.172285 0.983828
v -0.080552 -0.174946 0.983406
v -0.087917 -0.180120 0.983327
v -0.093337 -0.187301 0.983598
v -0.096282 -0.195786 0.984192
v -0.096464 -0.204744 0.985052
v -0.059334 -0.241548 0.542906
v -0.060365 -0.241076 0.541497
v -0.062280 -0.250033 0.543501
v -0.063442 -0.249940 0.542118
v -0.054703 -0.233573 0.541214
v -0.053914 -0.234367 0.542635
v -0.062461 -0.258991 0.544360
v -0.063632 -0.259299 0.543016
v -0.059862 -0.267546 0.545401
v -0.060917 -0.268237 0.544104
v -0.054736 -0.274860 0.546521
v -0.055561 -0.275877 0.545274
v -0.047585 -0.280217 0.547611
v -0.048090 -0.281473 0.546413
v -0.039109 -0.283092 0.548564
v -0.039235 -0.284477 0.547408
v -0.039109 -0.283092 0.548564
v -0.039235 -0.284477 0.547408
v -0.030137 -0.283205 0.549287
v -0.029862 -0.284595 0.548163
v -0.021549 -0.280544 0.549708
v -0.020890 -0.281815 0.548604
v -0.014184 -0.275369 0.549788
v -0.013195 -0.276409 0.548687
v -0.008764 -0.268189 0.549517
v -0.007533 -0.268907 0.548404
v -0.005818 -0.259703 0.548922
v -0.004456 -0.260042 0.547783
v -0.005636 -0.250745 0.548063
v -0.004266 -0.250684 0.546884
v -0.008236 -0.242191 0.547022
v -0.006981 -0.241747 0.545797
v -0.013362 -0.234877 0.545902
v -0.012337 -0.234106 0.544627
v -0.020513 -0.229520 0.544812
v -0.019808 -0.228510 0.543488
v -0.028989 -0.226645 0.543859
v -0.028663 -0.225506 0.542493
v -0.037961 -0.226532 0.543136
v -0.038036 -0.225388 0.541738
v -0.046549 -0.229193 0.542715
v -0.047008 -0.228168 0.541297
v -0.047908 -0.241757 0.466908
v -0.048896 -0.240717 0.468009
v -0.040543 -0.236583 0.466987
v -0.041202 -0.235311 0.468092
v -0.054559 -0.248219 0.468292
v -0.053328 -0.248938 0.467178
v -0.031954 -0.233921 0.467409
v -0.032230 -0.232531 0.468532
v -0.048696 -0.240963 0.465486
v -0.054359 -0.248465 0.465769
v -0.041002 -0.235558 0.465569
v -0.032029 -0.232777 0.466010
v -0.056273 -0.257423 0.467773
v -0.057436 -0.257329 0.466390
v -0.057636 -0.257083 0.468913
v -0.056455 -0.266381 0.468632
v -0.057626 -0.266689 0.467288
v -0.057826 -0.266442 0.469811
v -0.053856 -0.274935 0.469673
v -0.054910 -0.275626 0.468376
v -0.055110 -0.275379 0.470898
v -0.048729 -0.282249 0.470794
v -0.049554 -0.283267 0.469546
v -0.049755 -0.283021 0.472069
v -0.041578 -0.287606 0.471884
v -0.042084 -0.288863 0.470685
v -0.042284 -0.288616 0.473207
v -0.033103 -0.290482 0.472837
v -0.033229 -0.291867 0.471681
v -0.033429 -0.291621 0.474203
v -0.033103 -0.290482 0.472837
v -0.033229 -0.291867 0.471681
v -0.024131 -0.290594 0.473559
v -0.023856 -0.291985 0.472436
v -0.033429 -0.291621 0.474203
v -0.024056 -0.291738 0.474958
v -0.015543 -0.287933 0.473981
v -0.014884 -0.289205 0.472876
v -0.015084 -0.288959 0.475398
v -0.008178 -0.282759 0.474060
v -0.007189 -0.283799 0.472959
v -0.007389 -0.283553 0.475481
v -0.002757 -0.275578 0.473789
v -0.001526 -0.276297 0.472676
v -0.001726 -0.276051 0.475198
v 0.000188 -0.267093 0.473195
v 0.001551 -0.267432 0.472055
v 0.001351 -0.267186 0.474577
v 0.000370 -0.258135 0.472335
v 0.001741 -0.258074 0.471157
v 0.001541 -0.257827 0.473679
v -0.002230 -0.249580 0.471294
v -0.000975 -0.249136 0.470069
v -0.001175 -0.248890 0.472592
v -0.007356 -0.242267 0.470174
v -0.006330 -0.241496 0.468899
v -0.006531 -0.241250 0.471421
v -0.014507 -0.236910 0.469084
v -0.013801 -0.235899 0.467760
v -0.014001 -0.235653 0.470283
v -0.022983 -0.234035 0.468131
v -0.022656 -0.232895 0.466765
v -0.022856 -0.232649 0.469287
v -0.081439 -0.230044 0.537468
v -0.080409 -0.230517 0.538877
v -0.071238 -0.216529 0.536959
v -0.070449 -0.217323 0.538380
v -0.085820 -0.246108 0.539970
v -0.086983 -0.246014 0.538587
v -0.086154 -0.262567 0.541549
v -0.087325 -0.262875 0.540205
v -0.074602 -0.237661 0.465672
v -0.075833 -0.236942 0.466785
v -0.064643 -0.224466 0.465174
v -0.065632 -0.223426 0.466276
v -0.081376 -0.252912 0.467904
v -0.080013 -0.253251 0.466764
v -0.081719 -0.269772 0.469522
v -0.080348 -0.269711 0.468344
v -0.081378 -0.278285 0.543462
v -0.082433 -0.278975 0.542164
v -0.076827 -0.285873 0.471481
v -0.075572 -0.285429 0.470256
v -0.071959 -0.291724 0.545520
v -0.072785 -0.292741 0.544273
v -0.067178 -0.299639 0.473589
v -0.066153 -0.298867 0.472315
v -0.058820 -0.301566 0.547522
v -0.059326 -0.302823 0.546324
v -0.053719 -0.309720 0.475641
v -0.053013 -0.308710 0.474317
v -0.043246 -0.306850 0.549273
v -0.043373 -0.308235 0.548117
v -0.037766 -0.315133 0.477434
v -0.037440 -0.313993 0.476068
v -0.043246 -0.306850 0.549273
v -0.043373 -0.308235 0.548117
v -0.026762 -0.307057 0.550601
v -0.026487 -0.308447 0.549478
v -0.037766 -0.315133 0.477434
v -0.037440 -0.313993 0.476068
v -0.020880 -0.315345 0.478795
v -0.020955 -0.314201 0.477396
v -0.010982 -0.302168 0.551375
v -0.010322 -0.303439 0.550271
v -0.004716 -0.310336 0.479588
v -0.005175 -0.309311 0.478170
v 0.002551 -0.292660 0.551521
v 0.003539 -0.293700 0.550420
v 0.009146 -0.300598 0.479737
v 0.008357 -0.299804 0.478316
v 0.012510 -0.279466 0.551024
v 0.013741 -0.280185 0.549910
v 0.019348 -0.287082 0.479227
v 0.018317 -0.286609 0.477818
v 0.017923 -0.263875 0.549932
v 0.019285 -0.264215 0.548792
v 0.024892 -0.271112 0.478109
v 0.023729 -0.271019 0.476726
v 0.018256 -0.247415 0.548352
v 0.019627 -0.247354 0.547174
v 0.025234 -0.254251 0.476491
v 0.024063 -0.254559 0.475147
v 0.013480 -0.231697 0.546439
v 0.014735 -0.231253 0.545215
v 0.020341 -0.238150 0.474531
v 0.019287 -0.238840 0.473234
v 0.004061 -0.218259 0.544381
v 0.005087 -0.217488 0.543106
v 0.010693 -0.224385 0.472423
v 0.009868 -0.225403 0.471176
v -0.009078 -0.208417 0.542378
v -0.008373 -0.207406 0.541054
v -0.002766 -0.214303 0.470372
v -0.003272 -0.215560 0.469173
v -0.024652 -0.203133 0.540628
v -0.024326 -0.201993 0.539261
v -0.018719 -0.208891 0.468578
v -0.018846 -0.210276 0.467422
v -0.041136 -0.202926 0.539300
v -0.041211 -0.201781 0.537901
v -0.035605 -0.208679 0.467218
v -0.035330 -0.210069 0.466095
v -0.056917 -0.207815 0.538526
v -0.057376 -0.206790 0.537108
v -0.051770 -0.213687 0.466425
v -0.051110 -0.214959 0.465320
v -0.065232 -0.223919 0.461231
v -0.064443 -0.224712 0.462652
v -0.051369 -0.214179 0.461380
v -0.050910 -0.215205 0.462798
v -0.074402 -0.237907 0.463149
v -0.075433 -0.237435 0.461740
v -0.079814 -0.253497 0.464241
v -0.080976 -0.253404 0.462859
v -0.057924 -0.232732 0.380466
v -0.058912 -0.231692 0.381568
v -0.044391 -0.223224 0.380612
v -0.045050 -0.221953 0.381717
v -0.069115 -0.245208 0.382077
v -0.067884 -0.245927 0.380964
v -0.074658 -0.261178 0.383196
v -0.073295 -0.261517 0.382056
v -0.080148 -0.269957 0.465821
v -0.081319 -0.270264 0.464477
v -0.075000 -0.278038 0.384814
v -0.073629 -0.277977 0.383636
v -0.075372 -0.285675 0.467733
v -0.076426 -0.286365 0.466436
v -0.070108 -0.294138 0.386773
v -0.068853 -0.293694 0.385548
v -0.065953 -0.299114 0.469792
v -0.066778 -0.300131 0.468545
v -0.060459 -0.307904 0.388882
v -0.059434 -0.307133 0.387607
v -0.052813 -0.308956 0.471794
v -0.053319 -0.310213 0.470596
v -0.047000 -0.317986 0.390933
v -0.046295 -0.316976 0.389609
v -0.037240 -0.314240 0.473545
v -0.037366 -0.315625 0.472390
v -0.031047 -0.323399 0.392726
v -0.030721 -0.322259 0.391360
v -0.037240 -0.314240 0.473545
v -0.037366 -0.315625 0.472390
v -0.020755 -0.314447 0.474873
v -0.020480 -0.315837 0.473749
v -0.031047 -0.323399 0.392726
v -0.030721 -0.322259 0.391360
v -0.014161 -0.323611 0.394087
v -0.014236 -0.322466 0.392688
v -0.004975 -0.309558 0.475648
v -0.004316 -0.310829 0.474543
v 0.002003 -0.318603 0.394880
v 0.001544 -0.317577 0.393462
v 0.008557 -0.300050 0.475793
v 0.009546 -0.301090 0.474692
v 0.015865 -0.308864 0.395029
v 0.015076 -0.308070 0.393608
v 0.018517 -0.286855 0.475296
v 0.019748 -0.287574 0.474182
v 0.026067 -0.295347 0.394519
v 0.025036 -0.294874 0.393110
v 0.023929 -0.271265 0.474204
v 0.025292 -0.271604 0.473064
v 0.031610 -0.279378 0.393400
v 0.030448 -0.279285 0.392018
v 0.024263 -0.254805 0.472624
v 0.025634 -0.254744 0.471446
v 0.031953 -0.262517 0.391783
v 0.030782 -0.262825 0.390439
v 0.019487 -0.239087 0.470712
v 0.020741 -0.238643 0.469487
v 0.027060 -0.246416 0.389823
v 0.026006 -0.247106 0.388526
v 0.010068 -0.225649 0.468653
v 0.011093 -0.224878 0.467378
v 0.017412 -0.232651 0.387715
v 0.016587 -0.233668 0.386468
v -0.003072 -0.215806 0.466651
v -0.002366 -0.214795 0.465327
v 0.003953 -0.222569 0.385664
v 0.003447 -0.223826 0.384465
v -0.018646 -0.210523 0.464900
v -0.018319 -0.209384 0.463533
v -0.012001 -0.217157 0.383870
v -0.012127 -0.218542 0.382714
v -0.035130 -0.210316 0.463572
v -0.035205 -0.209171 0.462173
v -0.028886 -0.216945 0.382510
v -0.028611 -0.218335 0.381387
v -0.087917 -0.180120 0.983327
v -0.053914 -0.234367 0.542635
v -0.093337 -0.187301 0.983598
v -0.059334 -0.241548 0.542906
v -0.096282 -0.195786 0.984192
v -0.062280 -0.250033 0.543501
v -0.096464 -0.204744 0.985052
v -0.062461 -0.258991 0.544360
v -0.093864 -0.213298 0.986092
v -0.059862 -0.267546 0.545401
v -0.088739 -0.220613 0.987213
v -0.054736 -0.274860 0.546521
v -0.081587 -0.225969 0.988303
v -0.047585 -0.280217 0.547611
v -0.073111 -0.228844 0.989255
v -0.039109 -0.283092 0.548564
v -0.064140 -0.228958 0.989978
v -0.073111 -0.228844 0.989255
v -0.030137 -0.283205 0.549287
v -0.039109 -0.283092 0.548564
v -0.055552 -0.226297 0.990400
v -0.021549 -0.280544 0.549708
v -0.048187 -0.221122 0.990479
v -0.014184 -0.275369 0.549788
v -0.042766 -0.213941 0.990208
v -0.008764 -0.268189 0.549517
v -0.039822 -0.205456 0.989614
v -0.005818 -0.259703 0.548922
v -0.039639 -0.196498 0.988754
v -0.005636 -0.250745 0.548063
v -0.042239 -0.187943 0.987713
v -0.008236 -0.242191 0.547022
v -0.047365 -0.180630 0.986593
v -0.013362 -0.234877 0.545902
v -0.054516 -0.175273 0.985503
v -0.020513 -0.229520 0.544812
v -0.062992 -0.172397 0.984550
v -0.028989 -0.226645 0.543859
v -0.071963 -0.172285 0.983828
v -0.037961 -0.226532 0.543136
v -0.080552 -0.174946 0.983406
v -0.046549 -0.229193 0.542715
v -0.056192 -0.264545 0.382505
v -0.055067 -0.264837 0.381422
v -0.056415 -0.275607 0.383567
v -0.055284 -0.275572 0.382453
v -0.051538 -0.254669 0.380711
v -0.052555 -0.254068 0.381772
v -0.045042 -0.246064 0.380386
v -0.045861 -0.245200 0.381437
v -0.053205 -0.286172 0.384853
v -0.052169 -0.285824 0.383701
v -0.046876 -0.295203 0.386236
v -0.046027 -0.294588 0.385043
v -0.038045 -0.301818 0.387582
v -0.037457 -0.301008 0.386349
v -0.027578 -0.305369 0.388758
v -0.027299 -0.304453 0.387491
v -0.027578 -0.305369 0.388758
v -0.027299 -0.304453 0.387491
v -0.016499 -0.305508 0.389651
v -0.016548 -0.304588 0.388357
v -0.005894 -0.302222 0.390171
v -0.006256 -0.301400 0.388862
v 0.003201 -0.295832 0.390269
v 0.002569 -0.295199 0.388957
v 0.009895 -0.286965 0.389935
v 0.009065 -0.286593 0.388632
v 0.013532 -0.276487 0.389201
v 0.012594 -0.276426 0.387920
v 0.013756 -0.265425 0.388139
v 0.012812 -0.265691 0.386890
v 0.010546 -0.254861 0.386853
v 0.009697 -0.255439 0.385642
v 0.004216 -0.245829 0.385470
v 0.003555 -0.246674 0.384300
v -0.004614 -0.239215 0.384124
v -0.005015 -0.240255 0.382994
v -0.015082 -0.235664 0.382948
v -0.015173 -0.236810 0.381852
v -0.026161 -0.235524 0.382056
v -0.025924 -0.236674 0.380986
v -0.036766 -0.238810 0.381535
v -0.036216 -0.239863 0.380481
v -0.051410 -0.255127 0.373657
v -0.050393 -0.255729 0.372596
v -0.054988 -0.265438 0.374379
v -0.053864 -0.265730 0.373296
v -0.044003 -0.247264 0.372277
v -0.044822 -0.246400 0.373328
v -0.055209 -0.276325 0.375424
v -0.054077 -0.276290 0.374310
v -0.052049 -0.286721 0.376690
v -0.051013 -0.286373 0.375538
v -0.045821 -0.295608 0.378051
v -0.044972 -0.294994 0.376858
v -0.037131 -0.302118 0.379375
v -0.036543 -0.301308 0.378142
v -0.026830 -0.305612 0.380533
v -0.026551 -0.304697 0.379266
v -0.026830 -0.305612 0.380533
v -0.026551 -0.304697 0.379266
v -0.015927 -0.305750 0.381411
v -0.015977 -0.304830 0.380117
v -0.005491 -0.302516 0.381923
v -0.005853 -0.301694 0.380614
v 0.003459 -0.296228 0.382020
v 0.002827 -0.295595 0.380708
v 0.010047 -0.287501 0.381691
v 0.009217 -0.287130 0.380389
v 0.013626 -0.277190 0.380969
v 0.012689 -0.277129 0.379688
v 0.013847 -0.266304 0.379924
v 0.012903 -0.266570 0.378674
v 0.010688 -0.255908 0.378658
v 0.009839 -0.256486 0.377447
v 0.004459 -0.247020 0.377297
v 0.003797 -0.247865 0.376127
v -0.004231 -0.240510 0.375973
v -0.004632 -0.241551 0.374842
v -0.014533 -0.237016 0.374815
v -0.014624 -0.238162 0.373719
v -0.025435 -0.236878 0.373937
v -0.025198 -0.238029 0.372868
v -0.035872 -0.240113 0.373425
v -0.035322 -0.241165 0.372371
v -0.041194 -0.260614 0.373081
v -0.040145 -0.261231 0.372060
v -0.043601 -0.267547 0.373566
v -0.042440 -0.267842 0.372523
v -0.035921 -0.255635 0.371849
v -0.036765 -0.254746 0.372859
v -0.043749 -0.274868 0.374269
v -0.042581 -0.274823 0.373193
v -0.041624 -0.281859 0.375120
v -0.040555 -0.281490 0.374005
v -0.037436 -0.287836 0.376035
v -0.036561 -0.287189 0.374878
v -0.031593 -0.292212 0.376926
v -0.030989 -0.291363 0.375727
v -0.024666 -0.294563 0.377705
v -0.024383 -0.293604 0.376469
v -0.024666 -0.294563 0.377705
v -0.024383 -0.293604 0.376469
v -0.017334 -0.294654 0.378295
v -0.017392 -0.293692 0.377032
v -0.010316 -0.292480 0.378639
v -0.010700 -0.291619 0.377361
v -0.004298 -0.288252 0.378704
v -0.004960 -0.287587 0.377422
v 0.000132 -0.282383 0.378483
v -0.000736 -0.281990 0.377212
v 0.002539 -0.275450 0.377997
v 0.001559 -0.275379 0.376748
v 0.002687 -0.268130 0.377294
v 0.001701 -0.268398 0.376078
v 0.000562 -0.261138 0.376444
v -0.000325 -0.261731 0.375267
v -0.003626 -0.255162 0.375528
v -0.004319 -0.256032 0.374394
v -0.009469 -0.250785 0.374638
v -0.009892 -0.251858 0.373545
v -0.016397 -0.248435 0.373859
v -0.016498 -0.249617 0.372802
v -0.023728 -0.248343 0.373269
v -0.023489 -0.249529 0.372240
v -0.030746 -0.250518 0.372925
v -0.030181 -0.251603 0.371911
v -0.040951 -0.269674 0.353751
v -0.038656 -0.263062 0.353289
v -0.041092 -0.276655 0.354422
v -0.039066 -0.283322 0.355234
v -0.035072 -0.289021 0.356106
v -0.029500 -0.293195 0.356955
v -0.022894 -0.295436 0.357698
v -0.015903 -0.295523 0.358261
v -0.022894 -0.295436 0.357698
v -0.009211 -0.293450 0.358589
v -0.003472 -0.289418 0.358651
v 0.000753 -0.283822 0.358440
v 0.003048 -0.277210 0.357977
v 0.003190 -0.270230 0.357307
v 0.001164 -0.263562 0.356496
v -0.002830 -0.257863 0.355623
v -0.008403 -0.253690 0.354774
v -0.015009 -0.251449 0.354031
v -0.022000 -0.251361 0.353468
v -0.028692 -0.253435 0.353140
v -0.034432 -0.257467 0.353078
v 0.153419 -0.262778 0.288779
v 0.104109 -0.262772 0.309204
v 0.153102 -0.203669 0.288715
v 0.103792 -0.203666 0.309140
v 0.198927 -0.262782 0.260891
v 0.198610 -0.203670 0.260827
v 0.239513 -0.262785 0.226227
v 0.239196 -0.203671 0.226164
v 0.274177 -0.262787 0.185641
v 0.273860 -0.203671 0.185577
v 0.302066 -0.262787 0.140131
v 0.301749 -0.203670 0.140067
v 0.322491 -0.262786 0.090823
v 0.302066 -0.262787 0.140131
v 0.322174 -0.203668 0.090759
v 0.301749 -0.203670 0.140067
v 0.334632 -0.203673 0.038857
v 0.334950 -0.262791 0.038921
v 0.338822 -0.203662 -0.014352
v 0.339139 -0.262780 -0.014288
v 0.334632 -0.203665 -0.067561
v 0.334950 -0.262782 -0.067497
v 0.322174 -0.203652 -0.119461
v 0.322491 -0.262769 -0.119397
v 0.301749 -0.203652 -0.168772
v 0.302066 -0.262767 -0.168708
v 0.273860 -0.203646 -0.214280
v 0.274178 -0.262758 -0.214216
v 0.239196 -0.203637 -0.254865
v 0.239513 -0.262747 -0.254802
v 0.198611 -0.203631 -0.289530
v 0.198928 -0.262739 -0.289466
v 0.153102 -0.203626 -0.317417
v 0.153419 -0.262730 -0.317353
v 0.103793 -0.203620 -0.337842
v 0.104109 -0.262721 -0.337778
v 0.051893 -0.203615 -0.350303
v 0.052210 -0.262713 -0.350239
v -0.001316 -0.203621 -0.354490
v -0.000999 -0.262715 -0.354426
v -0.054525 -0.203610 -0.350303
v -0.054208 -0.262701 -0.350239
v -0.106423 -0.203603 -0.337842
v -0.106106 -0.262691 -0.337778
v -0.155735 -0.203601 -0.317416
v -0.155418 -0.262686 -0.317352
v -0.201243 -0.203599 -0.289530
v -0.200926 -0.262682 -0.289466
v -0.241828 -0.203615 -0.254865
v -0.241511 -0.262694 -0.254801
v -0.276492 -0.203598 -0.214280
v -0.276176 -0.262676 -0.214216
v -0.304379 -0.203604 -0.168772
v -0.304062 -0.262681 -0.168708
v -0.324805 -0.203602 -0.119459
v -0.324488 -0.262678 -0.119395
v -0.337265 -0.203605 -0.067560
v -0.336949 -0.262680 -0.067496
v -0.341136 -0.262684 -0.014287
v -0.341453 -0.203608 -0.014351
v -0.336949 -0.262689 0.038922
v -0.337266 -0.203612 0.038858
v -0.324488 -0.262695 0.090822
v -0.324805 -0.203617 0.090758
v -0.304062 -0.262702 0.140133
v -0.304379 -0.203623 0.140069
v -0.276176 -0.262709 0.185642
v -0.276492 -0.203628 0.185578
v -0.241512 -0.262718 0.226228
v -0.241828 -0.203634 0.226164
v -0.200927 -0.262726 0.260892
v -0.201244 -0.203639 0.260828
v -0.155419 -0.262735 0.288778
v -0.155736 -0.203645 0.288715
v -0.106106 -0.262750 0.309204
v -0.106423 -0.203658 0.309140
v -0.054209 -0.262752 0.321665
v -0.054526 -0.203656 0.321601
v -0.001000 -0.262760 0.325851
v -0.001317 -0.203660 0.325787
v 0.052210 -0.262772 0.321665
v 0.051893 -0.203670 0.321601
v 0.119343 -0.211562 0.356875
v 0.116821 -0.203582 0.349238
v 0.059786 -0.211593 0.371175
v 0.058489 -0.203610 0.363245
v 0.172245 -0.203562 0.326284
v 0.175928 -0.211535 0.333437
v 0.223394 -0.203544 0.294939
v 0.228150 -0.211512 0.301435
v 0.117460 -0.322934 0.349364
v 0.119897 -0.314918 0.356987
v 0.059128 -0.322954 0.363368
v 0.060341 -0.314941 0.371287
v 0.176482 -0.314897 0.333549
v 0.172881 -0.322920 0.326405
v 0.228705 -0.314880 0.301546
v 0.224029 -0.322907 0.295060
v 0.269011 -0.203528 0.255979
v 0.274724 -0.211493 0.261657
v 0.275278 -0.314864 0.261768
v 0.269644 -0.322895 0.256100
v 0.307972 -0.203514 0.210361
v 0.314501 -0.211477 0.215082
v 0.315056 -0.314852 0.215194
v 0.308604 -0.322886 0.210484
v 0.339318 -0.203504 0.159211
v 0.346505 -0.211465 0.162859
v 0.347059 -0.314843 0.162971
v 0.339949 -0.322879 0.159335
v 0.339318 -0.203504 0.159211
v 0.346505 -0.211465 0.162859
v 0.362275 -0.203497 0.103788
v 0.369943 -0.211457 0.106274
v 0.347059 -0.314843 0.162971
v 0.339949 -0.322879 0.159335
v 0.370498 -0.314837 0.106386
v 0.362905 -0.322873 0.103914
v 0.376279 -0.203501 0.045453
v 0.384240 -0.211461 0.046716
v 0.384795 -0.314840 0.046828
v 0.376909 -0.322876 0.045581
v 0.380987 -0.203493 -0.014352
v 0.389048 -0.211454 -0.014343
v 0.389602 -0.314835 -0.014231
v 0.381618 -0.322870 -0.014223
v 0.376278 -0.203503 -0.074157
v 0.384240 -0.211466 -0.075403
v 0.384795 -0.314844 -0.075291
v 0.376910 -0.322877 -0.074026
v 0.369943 -0.211468 -0.134959
v 0.362274 -0.203502 -0.132490
v 0.362907 -0.322875 -0.132358
v 0.370498 -0.314845 -0.134847
v 0.346505 -0.211486 -0.191546
v 0.339317 -0.203517 -0.187914
v 0.339951 -0.322886 -0.187782
v 0.347059 -0.314859 -0.191434
v 0.314502 -0.211502 -0.243769
v 0.307970 -0.203529 -0.239063
v 0.308607 -0.322893 -0.238931
v 0.315057 -0.314871 -0.243657
v 0.274724 -0.211519 -0.290341
v 0.269010 -0.203541 -0.284678
v 0.269648 -0.322902 -0.284547
v 0.275279 -0.314883 -0.290230
v 0.228151 -0.211543 -0.330121
v 0.223392 -0.203559 -0.323639
v 0.224032 -0.322914 -0.323509
v 0.228705 -0.314902 -0.330009
v 0.175928 -0.211569 -0.362122
v 0.172242 -0.203579 -0.354982
v 0.172883 -0.322928 -0.354853
v 0.176482 -0.314921 -0.362010
v 0.119343 -0.211596 -0.385560
v 0.116821 -0.203600 -0.377938
v 0.117461 -0.322942 -0.377811
v 0.119897 -0.314941 -0.385449
v 0.059786 -0.211623 -0.399859
v 0.058488 -0.203622 -0.391942
v 0.059129 -0.322958 -0.391817
v 0.060341 -0.314963 -0.399748
v -0.001273 -0.211663 -0.404665
v -0.001316 -0.203656 -0.396648
v -0.000676 -0.322982 -0.396524
v -0.000719 -0.314993 -0.404553
v -0.062332 -0.211683 -0.399859
v -0.061120 -0.203670 -0.391941
v -0.060481 -0.322991 -0.391818
v -0.061778 -0.315008 -0.399747
v -0.121888 -0.211706 -0.385560
v -0.119450 -0.203688 -0.377935
v -0.118813 -0.323003 -0.377814
v -0.121334 -0.315025 -0.385448
v -0.178474 -0.211731 -0.362121
v -0.174873 -0.203708 -0.354977
v -0.174237 -0.323017 -0.354857
v -0.177920 -0.315044 -0.362010
v -0.230697 -0.211753 -0.330120
v -0.226021 -0.203726 -0.323634
v -0.225387 -0.323030 -0.323513
v -0.230143 -0.315062 -0.330008
v -0.277270 -0.211789 -0.290341
v -0.271636 -0.203758 -0.284673
v -0.271004 -0.323055 -0.284552
v -0.276716 -0.315090 -0.290230
v -0.317048 -0.211788 -0.243768
v -0.310596 -0.203755 -0.239058
v -0.309965 -0.323051 -0.238935
v -0.316494 -0.315088 -0.243656
v -0.341939 -0.203770 -0.187909
v -0.349049 -0.211805 -0.191545
v -0.348496 -0.315101 -0.191433
v -0.341309 -0.323062 -0.187785
v -0.364896 -0.203773 -0.132485
v -0.372488 -0.211809 -0.134958
v -0.371934 -0.315104 -0.134846
v -0.364267 -0.323064 -0.132360
v -0.378901 -0.203777 -0.074154
v -0.386787 -0.211813 -0.075401
v -0.386233 -0.315107 -0.075290
v -0.378272 -0.323067 -0.074027
v -0.383608 -0.203777 -0.014351
v -0.391592 -0.211812 -0.014342
v -0.391039 -0.315107 -0.014230
v -0.382978 -0.323068 -0.014222
v -0.378902 -0.203774 0.045453
v -0.386788 -0.211807 0.046717
v -0.386234 -0.315103 0.046829
v -0.378271 -0.323066 0.045583
v -0.364898 -0.203767 0.103785
v -0.372489 -0.211798 0.106274
v -0.371935 -0.315096 0.106386
v -0.364266 -0.323062 0.103916
v -0.341941 -0.203757 0.159208
v -0.349050 -0.211784 0.162860
v -0.348496 -0.315086 0.162972
v -0.341308 -0.323055 0.159340
v -0.310599 -0.203745 0.210357
v -0.317049 -0.211767 0.215083
v -0.316495 -0.315073 0.215195
v -0.309963 -0.323047 0.210489
v -0.271639 -0.203730 0.255975
v -0.277270 -0.211748 0.261658
v -0.276717 -0.315058 0.261769
v -0.271002 -0.323036 0.256106
v -0.226025 -0.203711 0.294935
v -0.230698 -0.211724 0.301435
v -0.230144 -0.315040 0.301547
v -0.225386 -0.323024 0.295066
v -0.174876 -0.203691 0.326280
v -0.178475 -0.211698 0.333437
v -0.177921 -0.315021 0.333549
v -0.174236 -0.323010 0.326409
v -0.119452 -0.203678 0.349238
v -0.121888 -0.211679 0.356875
v -0.121334 -0.315006 0.356987
v -0.118812 -0.323002 0.349365
v -0.061121 -0.203648 0.363244
v -0.062333 -0.211643 0.371175
v -0.061779 -0.314979 0.371287
v -0.060480 -0.322980 0.363369
v -0.001317 -0.203626 0.367950
v -0.001274 -0.211615 0.375979
v -0.000720 -0.314957 0.376091
v -0.000677 -0.322964 0.368074
v 0.119718 -0.281512 0.356951
v 0.176303 -0.281489 0.333513
v 0.228525 -0.281470 0.301510
v 0.275099 -0.281453 0.261732
v 0.314877 -0.281440 0.215158
v 0.346880 -0.281430 0.162935
v 0.346880 -0.281430 0.162935
v 0.370318 -0.281423 0.106350
v 0.384616 -0.281426 0.046792
v 0.389423 -0.281420 -0.014267
v 0.384616 -0.281431 -0.075327
v 0.370319 -0.281432 -0.134883
v 0.346880 -0.281447 -0.191470
v 0.314877 -0.281461 -0.243693
v 0.275099 -0.281475 -0.290266
v 0.228526 -0.281495 -0.330045
v 0.176303 -0.281516 -0.362046
v 0.119718 -0.281539 -0.385485
v 0.060161 -0.281562 -0.399784
v -0.000898 -0.281595 -0.404589
v -0.061957 -0.281612 -0.399784
v -0.121513 -0.281631 -0.385484
v -0.178099 -0.281652 -0.362046
v -0.230322 -0.281671 -0.330044
v -0.276895 -0.281702 -0.290266
v -0.316673 -0.281700 -0.243693
v -0.348674 -0.281715 -0.191469
v -0.372113 -0.281717 -0.134882
v -0.386412 -0.281721 -0.075326
v -0.391218 -0.281720 -0.014266
v -0.386413 -0.281717 0.046793
v -0.372114 -0.281709 0.106350
v -0.348675 -0.281697 0.162936
v -0.316674 -0.281683 0.215159
v -0.276895 -0.281667 0.261733
v -0.230323 -0.281647 0.301511
v -0.178100 -0.281626 0.333513
v -0.121513 -0.281609 0.356951
v -0.061958 -0.281579 0.371251
v -0.000899 -0.281556 0.376055
v 0.060161 -0.281538 0.371250
v 0.104432 -0.323019 0.309269
v 0.153743 -0.323027 0.288844
v 0.199251 -0.323034 0.260956
v 0.239836 -0.323039 0.226292
v 0.274500 -0.323042 0.185706
v 0.302389 -0.323045 0.140197
v 0.302389 -0.323045 0.140197
v 0.322814 -0.323044 0.090888
v 0.335273 -0.323048 0.038986
v 0.339463 -0.323039 -0.014223
v 0.335273 -0.323039 -0.067431
v 0.322814 -0.323025 -0.119332
v 0.302389 -0.323021 -0.168643
v 0.274501 -0.323010 -0.214151
v 0.239837 -0.322997 -0.254737
v 0.199251 -0.322986 -0.289401
v 0.153743 -0.322974 -0.317288
v 0.104433 -0.322962 -0.337713
v 0.052533 -0.322951 -0.350174
v -0.000676 -0.322948 -0.354361
v -0.053884 -0.322931 -0.350174
v -0.105783 -0.322919 -0.337713
v -0.155095 -0.322910 -0.317287
v -0.200603 -0.322904 -0.289401
v -0.241188 -0.322912 -0.254736
v -0.275853 -0.322894 -0.214151
v -0.303739 -0.322896 -0.168643
v -0.324165 -0.322893 -0.119330
v -0.336626 -0.322895 -0.067431
v -0.340813 -0.322899 -0.014221
v -0.336626 -0.322905 0.038987
v -0.324165 -0.322912 0.090887
v -0.303740 -0.322920 0.140198
v -0.275853 -0.322930 0.185707
v -0.241189 -0.322941 0.226293
v -0.200604 -0.322952 0.260957
v -0.155096 -0.322964 0.288843
v -0.105783 -0.322982 0.309269
v -0.053885 -0.322988 0.321730
v -0.000677 -0.322999 0.325916
v 0.052533 -0.323014 0.321730
v 0.302066 -0.262787 0.140131
v 0.274177 -0.262787 0.185641
v 0.239513 -0.262785 0.226227
v 0.198927 -0.262782 0.260891
v 0.153419 -0.262778 0.288779
v 0.104109 -0.262772 0.309204
v 0.052210 -0.262772 0.321665
v -0.001000 -0.262760 0.325851
v -0.054209 -0.262752 0.321665
v -0.106106 -0.262750 0.309204
v -0.155419 -0.262735 0.288778
v -0.200927 -0.262726 0.260892
v -0.241512 -0.262718 0.226228
v -0.276176 -0.262709 0.185642
v -0.304062 -0.262702 0.140133
v -0.324488 -0.262695 0.090822
v -0.336949 -0.262689 0.038922
v -0.341136 -0.262684 -0.014287
v -0.336949 -0.262680 -0.067496
v -0.324488 -0.262678 -0.119395
v -0.304062 -0.262681 -0.168708
v -0.276176 -0.262676 -0.214216
v -0.241511 -0.262694 -0.254801
v -0.200926 -0.262682 -0.289466
v -0.155418 -0.262686 -0.317352
v -0.106106 -0.262691 -0.337778
v -0.054208 -0.262701 -0.350239
v -0.000999 -0.262715 -0.354426
v 0.052210 -0.262713 -0.350239
v 0.104109 -0.262721 -0.337778
v 0.153419 -0.262730 -0.317353
v 0.198928 -0.262739 -0.289466
v 0.239513 -0.262747 -0.254802
v 0.274178 -0.262758 -0.214216
v 0.302066 -0.262767 -0.168708
v 0.322491 -0.262769 -0.119397
v 0.334950 -0.262782 -0.067497
v 0.339139 -0.262780 -0.014288
v 0.334950 -0.262791 0.038921
v 0.322491 -0.262786 0.090823
v 0.302066 -0.262787 0.140131
v -0.476642 -0.211868 -1.088206
v -0.469451 -0.223264 -1.092096
v -0.459600 -0.216576 -1.042904
v -0.452409 -0.227972 -1.046794
v -0.459215 -0.231611 -1.096814
v -0.442172 -0.236319 -1.051512
v -0.446935 -0.236091 -1.101899
v -0.429893 -0.240800 -1.056597
v -0.433814 -0.236267 -1.106853
v -0.416773 -0.240975 -1.061551
v -0.421138 -0.232121 -1.111191
v -0.404096 -0.236829 -1.065889
v -0.410145 -0.224058 -1.114489
v -0.393103 -0.228767 -1.069186
v -0.401912 -0.212869 -1.116423
v -0.384871 -0.217577 -1.071120
v -0.397246 -0.199648 -1.116804
v -0.380204 -0.204356 -1.071502
v -0.396603 -0.185689 -1.115595
v -0.379561 -0.190397 -1.070293
v -0.400045 -0.172359 -1.112915
v -0.383004 -0.177067 -1.067612
v -0.407237 -0.160963 -1.109025
v -0.390195 -0.165672 -1.063723
v -0.417473 -0.152617 -1.104307
v -0.400431 -0.157325 -1.059005
v -0.429753 -0.148136 -1.099222
v -0.412711 -0.152844 -1.053920
v -0.442873 -0.147960 -1.094268
v -0.425831 -0.152669 -1.048966
v -0.455550 -0.152106 -1.089930
v -0.438508 -0.156815 -1.044628
v -0.466543 -0.160169 -1.086633
v -0.449501 -0.164877 -1.041330
v -0.474775 -0.171359 -1.084699
v -0.457733 -0.176067 -1.039397
v -0.479441 -0.184579 -1.084317
v -0.462399 -0.189288 -1.039015
v -0.480085 -0.198538 -1.085526
v -0.463043 -0.203246 -1.040224
v -0.445880 -0.209499 -1.047330
v -0.441265 -0.216813 -1.049826
v -0.434696 -0.222170 -1.052854
v -0.426816 -0.225045 -1.056117
v -0.418395 -0.225158 -1.059297
v -0.410260 -0.222497 -1.062081
v -0.403205 -0.217323 -1.064197
v -0.397922 -0.210142 -1.065438
v -0.394927 -0.201657 -1.065683
v -0.394514 -0.192699 -1.064907
v -0.396723 -0.184144 -1.063187
v -0.401339 -0.176831 -1.060691
v -0.407908 -0.171474 -1.057662
v -0.415789 -0.168599 -1.054399
v -0.424209 -0.168486 -1.051220
v -0.432344 -0.171147 -1.048436
v -0.439399 -0.176321 -1.046320
v -0.444683 -0.183502 -1.045079
v -0.447677 -0.191987 -1.044834
v -0.448090 -0.200945 -1.045610
v -0.248328 -0.237749 -0.523116
v -0.251323 -0.246234 -0.522871
v -0.248928 -0.237276 -0.521476
v -0.252057 -0.246141 -0.521221
v -0.243409 -0.229774 -0.522773
v -0.243045 -0.230568 -0.524357
v -0.251735 -0.255192 -0.523647
v -0.252488 -0.255499 -0.522031
v -0.249526 -0.263747 -0.525367
v -0.250180 -0.264437 -0.523828
v -0.244911 -0.271060 -0.527863
v -0.245358 -0.272077 -0.526436
v -0.238342 -0.276417 -0.530891
v -0.238495 -0.277673 -0.529599
v -0.230461 -0.279292 -0.534154
v -0.230262 -0.280678 -0.533009
v -0.222041 -0.279405 -0.537334
v -0.221465 -0.280795 -0.536330
v -0.222041 -0.279405 -0.537334
v -0.213905 -0.276744 -0.540118
v -0.221465 -0.280795 -0.536330
v -0.212966 -0.278015 -0.539239
v -0.206850 -0.271570 -0.542234
v -0.205595 -0.272610 -0.541450
v -0.201567 -0.264389 -0.543475
v -0.200076 -0.265108 -0.542746
v -0.198572 -0.255904 -0.543719
v -0.196947 -0.256243 -0.543002
v -0.198160 -0.246945 -0.542944
v -0.196516 -0.246884 -0.542192
v -0.200369 -0.238391 -0.541224
v -0.198824 -0.237947 -0.540394
v -0.204984 -0.231078 -0.538728
v -0.203646 -0.230306 -0.537786
v -0.211554 -0.225721 -0.535699
v -0.210509 -0.224710 -0.534623
v -0.219434 -0.222846 -0.532436
v -0.218742 -0.221706 -0.531214
v -0.227854 -0.222733 -0.529257
v -0.227539 -0.221588 -0.527892
v -0.235990 -0.225394 -0.526473
v -0.236038 -0.224368 -0.524984
v -0.216298 -0.237957 -0.453256
v -0.209243 -0.232783 -0.455372
v -0.217553 -0.236917 -0.454040
v -0.210182 -0.231512 -0.456251
v -0.223072 -0.244419 -0.452743
v -0.221581 -0.245138 -0.452014
v -0.201107 -0.230122 -0.458156
v -0.201683 -0.228732 -0.459159
v -0.216662 -0.237164 -0.451671
v -0.222181 -0.244666 -0.450375
v -0.209291 -0.231758 -0.453882
v -0.200792 -0.228978 -0.456791
v -0.224575 -0.253623 -0.451770
v -0.225310 -0.253530 -0.450119
v -0.226201 -0.253284 -0.452488
v -0.224988 -0.262581 -0.452545
v -0.225741 -0.262889 -0.450929
v -0.226632 -0.262643 -0.453298
v -0.222779 -0.271136 -0.454265
v -0.223433 -0.271826 -0.452727
v -0.224324 -0.271580 -0.455095
v -0.218164 -0.278450 -0.456762
v -0.218611 -0.279467 -0.455335
v -0.219502 -0.279221 -0.457703
v -0.211594 -0.283806 -0.459790
v -0.211748 -0.285063 -0.458498
v -0.212638 -0.284817 -0.460866
v -0.203714 -0.286682 -0.463053
v -0.203515 -0.288067 -0.461907
v -0.204406 -0.287821 -0.464276
v -0.195294 -0.286794 -0.466233
v -0.194718 -0.288185 -0.465229
v -0.195609 -0.287939 -0.467598
v -0.195294 -0.286794 -0.466233
v -0.187159 -0.284134 -0.469016
v -0.194718 -0.288185 -0.465229
v -0.186219 -0.285405 -0.468137
v -0.195609 -0.287939 -0.467598
v -0.187110 -0.285159 -0.470506
v -0.180103 -0.278959 -0.471133
v -0.178848 -0.279999 -0.470348
v -0.179739 -0.279753 -0.472717
v -0.174820 -0.271779 -0.472374
v -0.173329 -0.272497 -0.471645
v -0.174220 -0.272251 -0.474013
v -0.171825 -0.263293 -0.472618
v -0.170200 -0.263633 -0.471901
v -0.171091 -0.263386 -0.474269
v -0.171413 -0.254335 -0.471843
v -0.169769 -0.254274 -0.471090
v -0.170660 -0.254028 -0.473459
v -0.173622 -0.245781 -0.470123
v -0.172077 -0.245337 -0.469293
v -0.172968 -0.245091 -0.471661
v -0.178237 -0.238467 -0.467626
v -0.176899 -0.237696 -0.466685
v -0.177790 -0.237450 -0.469054
v -0.184807 -0.233111 -0.464598
v -0.183762 -0.232100 -0.463522
v -0.184653 -0.231854 -0.465890
v -0.192687 -0.230235 -0.461335
v -0.191995 -0.229096 -0.460112
v -0.192886 -0.228850 -0.462481
v -0.268062 -0.226245 -0.511768
v -0.258118 -0.212729 -0.514104
v -0.267462 -0.226718 -0.513407
v -0.257754 -0.213523 -0.515687
v -0.272964 -0.242308 -0.512958
v -0.273699 -0.242215 -0.511307
v -0.273722 -0.258768 -0.514383
v -0.274475 -0.259075 -0.512767
v -0.241605 -0.233861 -0.444674
v -0.231898 -0.220667 -0.446955
v -0.243096 -0.233142 -0.445403
v -0.233153 -0.219627 -0.447739
v -0.248733 -0.249112 -0.444942
v -0.247108 -0.249451 -0.444224
v -0.249510 -0.265973 -0.446402
v -0.247866 -0.265911 -0.445650
v -0.269663 -0.274486 -0.517543
v -0.270317 -0.275176 -0.516005
v -0.245352 -0.282073 -0.449640
v -0.243807 -0.281629 -0.448810
v -0.261183 -0.287924 -0.522130
v -0.261631 -0.288941 -0.520703
v -0.236665 -0.295839 -0.454338
v -0.235327 -0.295067 -0.453397
v -0.249113 -0.297766 -0.527694
v -0.249267 -0.299023 -0.526402
v -0.224301 -0.305920 -0.460037
v -0.223256 -0.304910 -0.458961
v -0.234633 -0.303050 -0.533690
v -0.234434 -0.304435 -0.532544
v -0.209469 -0.311332 -0.466179
v -0.208777 -0.310193 -0.464957
v -0.219161 -0.303257 -0.539532
v -0.218586 -0.304647 -0.538528
v -0.193620 -0.311545 -0.472164
v -0.193305 -0.310400 -0.470799
v -0.219161 -0.303257 -0.539532
v -0.204213 -0.298368 -0.544647
v -0.218586 -0.304647 -0.538528
v -0.203274 -0.299639 -0.543768
v -0.193620 -0.311545 -0.472164
v -0.178308 -0.306537 -0.477403
v -0.193305 -0.310400 -0.470799
v -0.178357 -0.305511 -0.475914
v -0.191251 -0.288861 -0.548535
v -0.189996 -0.289901 -0.547751
v -0.165030 -0.296798 -0.481386
v -0.165394 -0.296004 -0.479802
v -0.181543 -0.275666 -0.550816
v -0.180052 -0.276385 -0.550087
v -0.155086 -0.283282 -0.483722
v -0.155686 -0.282810 -0.482083
v -0.176040 -0.260076 -0.551265
v -0.174415 -0.260415 -0.550547
v -0.149450 -0.267312 -0.484183
v -0.150184 -0.267219 -0.482532
v -0.175282 -0.243616 -0.549840
v -0.173638 -0.243554 -0.549087
v -0.148672 -0.250452 -0.482723
v -0.149425 -0.250759 -0.481107
v -0.179341 -0.227898 -0.546679
v -0.177796 -0.227454 -0.545850
v -0.152831 -0.234351 -0.479485
v -0.153485 -0.235041 -0.477946
v -0.187821 -0.214459 -0.542092
v -0.186483 -0.213688 -0.541151
v -0.161518 -0.220586 -0.474787
v -0.161965 -0.221603 -0.473360
v -0.199892 -0.204617 -0.536528
v -0.198848 -0.203607 -0.535452
v -0.173882 -0.210504 -0.469087
v -0.174036 -0.211761 -0.467796
v -0.214371 -0.199334 -0.530533
v -0.213680 -0.198195 -0.529310
v -0.188714 -0.205092 -0.462945
v -0.188515 -0.206477 -0.461800
v -0.229843 -0.199127 -0.524691
v -0.229528 -0.197982 -0.523326
v -0.204563 -0.204880 -0.456961
v -0.203987 -0.206270 -0.455958
v -0.244792 -0.204016 -0.519576
v -0.244840 -0.202991 -0.518087
v -0.219875 -0.209888 -0.451722
v -0.218935 -0.211159 -0.450843
v -0.231371 -0.220119 -0.443002
v -0.218093 -0.210380 -0.446985
v -0.231007 -0.220913 -0.444586
v -0.218044 -0.211406 -0.448475
v -0.240715 -0.234108 -0.442306
v -0.241315 -0.233635 -0.440666
v -0.246217 -0.249698 -0.441856
v -0.246951 -0.249605 -0.440205
v -0.201979 -0.228932 -0.367422
v -0.189016 -0.219425 -0.371310
v -0.203234 -0.227892 -0.368206
v -0.189955 -0.218153 -0.372189
v -0.213178 -0.241408 -0.365870
v -0.211687 -0.242127 -0.365142
v -0.218814 -0.257378 -0.365409
v -0.217189 -0.257718 -0.364692
v -0.246975 -0.266157 -0.443281
v -0.247728 -0.266465 -0.441665
v -0.219591 -0.274238 -0.366870
v -0.217947 -0.274177 -0.366117
v -0.242916 -0.281875 -0.446442
v -0.243570 -0.282565 -0.444903
v -0.215433 -0.290338 -0.370107
v -0.213888 -0.289894 -0.369278
v -0.234436 -0.295314 -0.451029
v -0.234883 -0.296331 -0.449602
v -0.206746 -0.304104 -0.374806
v -0.205408 -0.303333 -0.373865
v -0.222365 -0.305156 -0.456592
v -0.222519 -0.306413 -0.455301
v -0.194382 -0.314186 -0.380505
v -0.193337 -0.313175 -0.379428
v -0.207886 -0.310439 -0.462588
v -0.207687 -0.311825 -0.461443
v -0.179550 -0.319598 -0.386647
v -0.178858 -0.318459 -0.385424
v -0.192414 -0.310647 -0.468430
v -0.191839 -0.312037 -0.467427
v -0.163701 -0.319810 -0.392631
v -0.163386 -0.318666 -0.391266
v -0.192414 -0.310647 -0.468430
v -0.177466 -0.305757 -0.473545
v -0.191839 -0.312037 -0.467427
v -0.176527 -0.307029 -0.472666
v -0.163701 -0.319810 -0.392631
v -0.148389 -0.314802 -0.397870
v -0.163386 -0.318666 -0.391266
v -0.148438 -0.313777 -0.396381
v -0.164503 -0.296250 -0.477433
v -0.163248 -0.297290 -0.476649
v -0.135111 -0.305064 -0.401853
v -0.135475 -0.304270 -0.400269
v -0.154796 -0.283056 -0.479714
v -0.153304 -0.283774 -0.478985
v -0.125167 -0.291548 -0.404189
v -0.125768 -0.291075 -0.402550
v -0.149293 -0.267465 -0.480164
v -0.147668 -0.267805 -0.479446
v -0.119530 -0.275578 -0.404650
v -0.120265 -0.275485 -0.403000
v -0.148534 -0.251006 -0.478738
v -0.146891 -0.250944 -0.477986
v -0.118754 -0.258718 -0.403190
v -0.119506 -0.259025 -0.401575
v -0.152594 -0.235287 -0.475578
v -0.151049 -0.234843 -0.474749
v -0.122912 -0.242617 -0.399952
v -0.123566 -0.243307 -0.398414
v -0.161074 -0.221850 -0.470991
v -0.159736 -0.221078 -0.470050
v -0.131598 -0.228852 -0.395254
v -0.132046 -0.229869 -0.393827
v -0.173145 -0.212007 -0.465427
v -0.172100 -0.210996 -0.464351
v -0.143963 -0.218770 -0.389555
v -0.144117 -0.220026 -0.388263
v -0.187624 -0.206724 -0.459431
v -0.186932 -0.205584 -0.458209
v -0.158795 -0.213357 -0.383413
v -0.158597 -0.214743 -0.382267
v -0.203096 -0.206516 -0.453590
v -0.202781 -0.205372 -0.452225
v -0.174643 -0.213145 -0.377429
v -0.174068 -0.214536 -0.376426
v -0.439399 -0.176321 -1.046320
v -0.444683 -0.183502 -1.045079
v -0.243045 -0.230568 -0.524357
v -0.248328 -0.237749 -0.523116
v -0.447677 -0.191987 -1.044834
v -0.251323 -0.246234 -0.522871
v -0.448090 -0.200945 -1.045610
v -0.251735 -0.255192 -0.523647
v -0.445880 -0.209499 -1.047330
v -0.249526 -0.263747 -0.525367
v -0.441265 -0.216813 -1.049826
v -0.244911 -0.271060 -0.527863
v -0.434696 -0.222170 -1.052854
v -0.238342 -0.276417 -0.530891
v -0.426816 -0.225045 -1.056117
v -0.230461 -0.279292 -0.534154
v -0.418395 -0.225158 -1.059297
v -0.222041 -0.279405 -0.537334
v -0.410260 -0.222497 -1.062081
v -0.213905 -0.276744 -0.540118
v -0.418395 -0.225158 -1.059297
v -0.222041 -0.279405 -0.537334
v -0.403205 -0.217323 -1.064197
v -0.206850 -0.271570 -0.542234
v -0.397922 -0.210142 -1.065438
v -0.201567 -0.264389 -0.543475
v -0.394927 -0.201657 -1.065683
v -0.198572 -0.255904 -0.543719
v -0.394514 -0.192699 -1.064907
v -0.198160 -0.246945 -0.542944
v -0.396723 -0.184144 -1.063187
v -0.200369 -0.238391 -0.541224
v -0.401339 -0.176831 -1.060691
v -0.204984 -0.231078 -0.538728
v -0.407908 -0.171474 -1.057662
v -0.211554 -0.225721 -0.535699
v -0.415789 -0.168599 -1.054399
v -0.219434 -0.222846 -0.532436
v -0.424209 -0.168486 -1.051220
v -0.227854 -0.222733 -0.529257
v -0.432344 -0.171147 -1.048436
v -0.235990 -0.225394 -0.526473
v -0.200879 -0.260746 -0.369861
v -0.201388 -0.271808 -0.370819
v -0.199499 -0.261038 -0.369132
v -0.199993 -0.271773 -0.370062
v -0.195910 -0.250870 -0.369426
v -0.197181 -0.250268 -0.370163
v -0.189579 -0.242264 -0.370913
v -0.190656 -0.241400 -0.371696
v -0.198660 -0.282372 -0.372944
v -0.197345 -0.282024 -0.372124
v -0.192961 -0.291403 -0.376026
v -0.191815 -0.290789 -0.375115
v -0.184849 -0.298018 -0.379765
v -0.183943 -0.297208 -0.378743
v -0.175117 -0.301569 -0.383795
v -0.174498 -0.300653 -0.382654
v -0.164719 -0.301708 -0.387721
v -0.164408 -0.300789 -0.386464
v -0.164719 -0.301708 -0.387721
v -0.154673 -0.298422 -0.391159
v -0.164408 -0.300789 -0.386464
v -0.154658 -0.297600 -0.389800
v -0.145961 -0.292032 -0.393772
v -0.146205 -0.291399 -0.392336
v -0.139436 -0.283165 -0.395305
v -0.139873 -0.282794 -0.393824
v -0.135739 -0.272687 -0.395607
v -0.136285 -0.272626 -0.394117
v -0.135229 -0.261625 -0.394649
v -0.135790 -0.261891 -0.393187
v -0.137957 -0.251061 -0.392524
v -0.138437 -0.251639 -0.391125
v -0.143656 -0.242030 -0.389442
v -0.143968 -0.242875 -0.388134
v -0.151769 -0.235415 -0.385703
v -0.151840 -0.236456 -0.384506
v -0.161501 -0.231864 -0.381673
v -0.161285 -0.233010 -0.380595
v -0.171898 -0.231725 -0.377747
v -0.171375 -0.232875 -0.376785
v -0.181945 -0.235011 -0.374309
v -0.181124 -0.236064 -0.373449
v -0.193834 -0.251328 -0.362684
v -0.197472 -0.261639 -0.362386
v -0.192562 -0.251929 -0.361946
v -0.196092 -0.261931 -0.361657
v -0.186334 -0.243465 -0.363409
v -0.187412 -0.242601 -0.364192
v -0.197973 -0.272525 -0.363329
v -0.196578 -0.272490 -0.362572
v -0.195288 -0.282921 -0.365420
v -0.193974 -0.282573 -0.364600
v -0.189681 -0.291809 -0.368453
v -0.188534 -0.291194 -0.367542
v -0.181697 -0.298318 -0.372133
v -0.180791 -0.297508 -0.371111
v -0.172120 -0.301813 -0.376099
v -0.171501 -0.300897 -0.374958
v -0.161887 -0.301950 -0.379963
v -0.161576 -0.301030 -0.378706
v -0.161887 -0.301950 -0.379963
v -0.152001 -0.298716 -0.383345
v -0.161576 -0.301030 -0.378706
v -0.151987 -0.297894 -0.381987
v -0.143428 -0.292428 -0.385917
v -0.143671 -0.291795 -0.384481
v -0.137007 -0.283701 -0.387426
v -0.137443 -0.283330 -0.385944
v -0.133368 -0.273390 -0.387723
v -0.133914 -0.273329 -0.386233
v -0.132866 -0.262504 -0.386780
v -0.133427 -0.262770 -0.385318
v -0.135551 -0.252108 -0.384689
v -0.136031 -0.252686 -0.383290
v -0.141159 -0.243220 -0.381656
v -0.141471 -0.244065 -0.380348
v -0.149143 -0.236711 -0.377976
v -0.149214 -0.237752 -0.376779
v -0.158720 -0.233216 -0.374010
v -0.158504 -0.234362 -0.372932
v -0.168953 -0.233079 -0.370147
v -0.168429 -0.234229 -0.369185
v -0.178839 -0.236313 -0.366764
v -0.178018 -0.237366 -0.365904
v -0.183858 -0.256815 -0.364959
v -0.186305 -0.263748 -0.364759
v -0.182567 -0.257431 -0.364269
v -0.184900 -0.264042 -0.364078
v -0.178449 -0.251836 -0.365236
v -0.179541 -0.250946 -0.365973
v -0.186642 -0.271068 -0.365394
v -0.185221 -0.271023 -0.364683
v -0.184836 -0.278059 -0.366800
v -0.183499 -0.277691 -0.366024
v -0.181065 -0.284036 -0.368839
v -0.179904 -0.283390 -0.367969
v -0.175698 -0.288412 -0.371313
v -0.174785 -0.287563 -0.370328
v -0.169257 -0.290763 -0.373980
v -0.168643 -0.289804 -0.372872
v -0.162376 -0.290855 -0.376578
v -0.162081 -0.289892 -0.375349
v -0.162376 -0.290855 -0.376578
v -0.155728 -0.288680 -0.378853
v -0.162081 -0.289892 -0.375349
v -0.155742 -0.287819 -0.377518
v -0.149963 -0.284452 -0.380582
v -0.150244 -0.283787 -0.379167
v -0.145645 -0.278584 -0.381597
v -0.146127 -0.278191 -0.380135
v -0.143199 -0.271650 -0.381797
v -0.143794 -0.271579 -0.380326
v -0.142861 -0.264330 -0.381163
v -0.143472 -0.264598 -0.379721
v -0.144667 -0.257339 -0.379756
v -0.145194 -0.257931 -0.378380
v -0.148437 -0.251363 -0.377717
v -0.148790 -0.252232 -0.376435
v -0.153806 -0.246986 -0.375243
v -0.153909 -0.248059 -0.374076
v -0.160247 -0.244636 -0.372576
v -0.160051 -0.245817 -0.371532
v -0.167127 -0.244543 -0.369978
v -0.166612 -0.245730 -0.369055
v -0.173775 -0.246718 -0.367703
v -0.172952 -0.247804 -0.366886
v -0.139546 -0.259492 -0.363366
v -0.137824 -0.266159 -0.364707
v -0.143142 -0.253793 -0.361421
v -0.148261 -0.249619 -0.359062
v -0.154403 -0.247378 -0.356519
v -0.160964 -0.247290 -0.354041
v -0.167304 -0.249364 -0.351872
v -0.172802 -0.253396 -0.350223
v -0.176919 -0.258992 -0.349255
v -0.179252 -0.265603 -0.349064
v -0.179573 -0.272584 -0.349670
v -0.177851 -0.279251 -0.351011
v -0.174256 -0.284950 -0.352955
v -0.169137 -0.289123 -0.355315
v -0.162995 -0.291365 -0.357858
v -0.156434 -0.291453 -0.360336
v -0.150094 -0.289379 -0.362505
v -0.156434 -0.291453 -0.360336
v -0.144597 -0.285347 -0.364154
v -0.140479 -0.279751 -0.365121
v -0.138146 -0.273139 -0.365312
v -0.382979 -0.347048 -1.135122
v -0.445995 -0.361142 -1.115434
v -0.383684 -0.347623 -1.138494
v -0.447500 -0.361607 -1.119845
v -0.507960 -0.347406 -1.092464
v -0.560099 -0.311063 -1.069690
v -0.509443 -0.347964 -1.095547
v -0.562294 -0.311241 -1.073827
v -0.592728 -0.254984 -1.051025
v -0.603463 -0.189536 -1.038526
v -0.594764 -0.255009 -1.053880
v -0.605920 -0.188962 -1.042472
v -0.587681 -0.124004 -1.035173
v -0.550686 -0.067748 -1.040195
v -0.589669 -0.123171 -1.037896
v -0.552823 -0.066443 -1.044152
v -0.495721 -0.031124 -1.054105
v -0.432682 -0.017039 -1.073721
v -0.497144 -0.029711 -1.056963
v -0.434107 -0.015423 -1.077880
v -0.370749 -0.030764 -1.096773
v -0.318579 -0.067118 -1.119465
v -0.371389 -0.029370 -1.099911
v -0.319314 -0.065810 -1.123901
v -0.285969 -0.123159 -1.138252
v -0.275214 -0.188646 -1.150629
v -0.286069 -0.122325 -1.141579
v -0.275688 -0.188067 -1.155253
v -0.291036 -0.254178 -1.154144
v -0.327992 -0.310434 -1.148960
v -0.291163 -0.254163 -1.157562
v -0.328785 -0.310608 -1.153575
v -0.480463 -0.271985 -1.215061
v -0.515363 -0.264298 -1.201371
v -0.476581 -0.174505 -1.202919
v -0.545141 -0.243608 -1.189133
v -0.563435 -0.211925 -1.177894
v -0.569721 -0.174713 -1.171467
v -0.560565 -0.137644 -1.168889
v -0.539805 -0.105682 -1.172413
v -0.508434 -0.084986 -1.179631
v -0.472917 -0.076936 -1.191416
v -0.437580 -0.084794 -1.203829
v -0.408240 -0.105326 -1.217345
v -0.389509 -0.137168 -1.227306
v -0.383660 -0.174208 -1.235010
v -0.392379 -0.211449 -1.236311
v -0.413576 -0.243251 -1.234065
v -0.444508 -0.264106 -1.225568
v -0.453799 -0.031821 -1.135464
v -0.451747 -0.028782 -1.129461
v -0.399687 -0.043854 -1.154471
v -0.396263 -0.041120 -1.148950
v -0.508187 -0.044150 -1.117419
v -0.507513 -0.041421 -1.110955
v -0.556770 -0.073917 -1.099622
v -0.556225 -0.075843 -1.106367
v -0.588014 -0.124786 -1.100970
v -0.589366 -0.124102 -1.094087
v -0.603743 -0.182305 -1.098135
v -0.602035 -0.181549 -1.104918
v -0.592410 -0.238532 -1.114759
v -0.593873 -0.240734 -1.108227
v -0.565148 -0.290481 -1.125874
v -0.564396 -0.287049 -1.131969
v -0.518798 -0.318733 -1.150707
v -0.518393 -0.322968 -1.145089
v -0.463595 -0.335036 -1.166585
v -0.465354 -0.330505 -1.171670
v -0.410293 -0.318441 -1.187759
v -0.407140 -0.322666 -1.183083
v -0.358573 -0.289920 -1.196425
v -0.362926 -0.286505 -1.200771
v -0.330466 -0.237805 -1.204211
v -0.325291 -0.239985 -1.199952
v -0.311600 -0.181513 -1.197910
v -0.317113 -0.180776 -1.202218
v -0.326071 -0.124054 -1.190420
v -0.320784 -0.123354 -1.185812
v -0.350194 -0.073357 -1.170173
v -0.354755 -0.075294 -1.175168
v -0.445995 -0.361142 -1.115434
v -0.382979 -0.347048 -1.135122
v -0.439346 -0.189087 -1.094605
v -0.560099 -0.311063 -1.069690
v -0.507960 -0.347406 -1.092464
v -0.603463 -0.189536 -1.038526
v -0.592728 -0.254984 -1.051025
v -0.550686 -0.067748 -1.040195
v -0.587681 -0.124004 -1.035173
v -0.432682 -0.017039 -1.073721
v -0.495721 -0.031124 -1.054105
v -0.318579 -0.067118 -1.119465
v -0.370749 -0.030764 -1.096773
v -0.275214 -0.188646 -1.150629
v -0.285969 -0.123159 -1.138252
v -0.327992 -0.310434 -1.148960
v -0.291036 -0.254178 -1.154144
v -0.100132 0.274392 0.016905
v -0.085679 0.274392 0.045270
v -0.194520 0.298219 0.047574
v -0.165970 0.298219 0.103606
v -0.063168 0.274392 0.067781
v -0.121503 0.298219 0.148072
v -0.034803 0.274392 0.082234
v -0.065472 0.298219 0.176622
v -0.003360 0.274392 0.087214
v -0.003360 0.298219 0.186459
v 0.028082 0.274392 0.082234
v 0.058751 0.298219 0.176622
v 0.056447 0.274392 0.067781
v 0.114783 0.298219 0.148073
v 0.078958 0.274392 0.045270
v 0.159249 0.298219 0.103606
v 0.093411 0.274392 0.016905
v 0.187799 0.298219 0.047574
v 0.098391 0.274392 -0.014537
v 0.197636 0.298219 -0.014537
v 0.093411 0.274392 -0.045980
v 0.187799 0.298219 -0.076649
v 0.093411 0.274392 -0.045980
v 0.078958 0.274392 -0.074345
v 0.187799 0.298219 -0.076649
v 0.159249 0.298219 -0.132681
v 0.056448 0.274392 -0.096856
v 0.114783 0.298219 -0.177147
v 0.028082 0.274392 -0.111309
v 0.058751 0.298219 -0.205697
v -0.003360 0.274392 -0.116289
v -0.003360 0.298219 -0.215534
v -0.034803 0.274392 -0.111309
v -0.065472 0.298219 -0.205697
v -0.063168 0.274392 -0.096856
v -0.121503 0.298219 -0.177147
v -0.085679 0.274392 -0.074345
v -0.165970 0.298219 -0.132681
v -0.100132 0.274392 -0.045980
v -0.194520 0.298219 -0.076649
v -0.105112 0.274392 -0.014537
v -0.204357 0.298219 -0.014537
v -0.100132 0.274392 0.016905
v -0.194520 0.298219 0.047574
v -0.284201 0.337278 0.076713
v -0.242258 0.337278 0.159032
v -0.176930 0.337278 0.224360
v -0.094611 0.337278 0.266303
v -0.003360 0.337278 0.280756
v 0.087890 0.337278 0.266303
v 0.170209 0.337278 0.224360
v 0.235537 0.337278 0.159032
v 0.277480 0.337278 0.076713
v 0.291933 0.337278 -0.014537
v 0.277480 0.337278 -0.105788
v 0.277480 0.337278 -0.105788
v 0.235537 0.337278 -0.188107
v 0.170208 0.337278 -0.253435
v 0.087890 0.337278 -0.295378
v -0.003360 0.337278 -0.309831
v -0.094611 0.337278 -0.295378
v -0.176929 0.337278 -0.253435
v -0.242258 0.337278 -0.188107
v -0.284201 0.337278 -0.105788
v -0.298654 0.337278 -0.014537
v -0.284201 0.337278 0.076713
v -0.366967 0.390607 0.103606
v -0.312663 0.390607 0.210184
v -0.228082 0.390607 0.294765
v -0.121503 0.390607 0.349069
v -0.003360 0.390607 0.367782
v 0.114783 0.390607 0.349069
v 0.221361 0.390607 0.294765
v 0.305942 0.390607 0.210184
v 0.360246 0.390607 0.103605
v 0.378958 0.390607 -0.014537
v 0.360246 0.390607 -0.132681
v 0.360246 0.390607 -0.132681
v 0.305942 0.390607 -0.239259
v 0.221361 0.390607 -0.323840
v 0.114783 0.390607 -0.378144
v -0.003360 0.390607 -0.396856
v -0.121503 0.390607 -0.378144
v -0.228082 0.390607 -0.323840
v -0.312663 0.390607 -0.239259
v -0.366967 0.390607 -0.132681
v -0.385679 0.390607 -0.014537
v -0.366967 0.390607 0.103606
v -0.440780 0.456894 0.127589
v -0.375452 0.456894 0.255803
v -0.273701 0.456894 0.357554
v -0.145487 0.456894 0.422882
v -0.003360 0.456894 0.445393
v 0.138766 0.456894 0.422882
v 0.266980 0.456894 0.357554
v 0.368731 0.456894 0.255803
v 0.434059 0.456894 0.127589
v 0.456570 0.456894 -0.014537
v 0.434059 0.456894 -0.156664
v 0.434059 0.456894 -0.156664
v 0.368731 0.456894 -0.284878
v 0.266980 0.456894 -0.386629
v 0.138766 0.456894 -0.451957
v -0.003360 0.456894 -0.474468
v -0.145487 0.456894 -0.451957
v -0.273701 0.456894 -0.386629
v -0.375452 0.456894 -0.284878
v -0.440780 0.456894 -0.156664
v -0.463290 0.456894 -0.014537
v -0.440780 0.456894 0.127589
v -0.503822 0.534505 0.148072
v -0.429079 0.534505 0.294765
v -0.312663 0.534505 0.411181
v -0.165970 0.534505 0.485925
v -0.003360 0.534505 0.511679
v 0.159249 0.534505 0.485924
v 0.305942 0.534505 0.411181
v 0.422358 0.534505 0.294765
v 0.497102 0.534505 0.148073
v 0.522857 0.534505 -0.014537
v 0.497102 0.534505 -0.177147
v 0.497102 0.534505 -0.177147
v 0.422358 0.534505 -0.323840
v 0.305942 0.534505 -0.440256
v 0.159249 0.534505 -0.514999
v -0.003360 0.534505 -0.540754
v -0.165970 0.534505 -0.514999
v -0.312663 0.534505 -0.440256
v -0.429079 0.534505 -0.323840
v -0.503822 0.534505 -0.177147
v -0.529577 0.534505 -0.014537
v -0.503822 0.534505 0.148072
v -0.554542 0.621530 0.164552
v -0.472223 0.621530 0.326111
v -0.344009 0.621530 0.454325
v -0.182450 0.621530 0.536644
v -0.003360 0.621530 0.565009
v 0.175729 0.621530 0.536644
v 0.337288 0.621530 0.454325
v 0.465502 0.621530 0.326111
v 0.547820 0.621530 0.164552
v 0.576185 0.621530 -0.014537
v 0.547820 0.621530 -0.193627
v 0.547820 0.621530 -0.193627
v 0.465502 0.621530 -0.355186
v 0.337288 0.621530 -0.483400
v 0.175729 0.621530 -0.565719
v -0.003360 0.621530 -0.594084
v -0.182450 0.621530 -0.565718
v -0.344009 0.621530 -0.483400
v -0.472223 0.621530 -0.355186
v -0.554541 0.621530 -0.193627
v -0.582906 0.621530 -0.014537
v -0.554542 0.621530 0.164552
v -0.591689 0.715827 0.176622
v -0.503822 0.715827 0.349070
v -0.366967 0.715827 0.485924
v -0.194520 0.715827 0.573791
v -0.003360 0.715827 0.604068
v 0.187799 0.715827 0.573791
v 0.360246 0.715827 0.485924
v 0.497102 0.715827 0.349069
v 0.584968 0.715827 0.176622
v 0.615245 0.715827 -0.014537
v 0.584968 0.715827 -0.205697
v 0.584968 0.715827 -0.205697
v 0.497102 0.715827 -0.378144
v 0.360246 0.715827 -0.514999
v 0.187799 0.715827 -0.602866
v -0.003360 0.715827 -0.633143
v -0.194520 0.715827 -0.602866
v -0.366967 0.715827 -0.514999
v -0.503822 0.715827 -0.378144
v -0.591688 0.715827 -0.205697
v -0.621965 0.715827 -0.014537
v -0.591689 0.715827 0.176622
v -0.614350 0.815073 0.183985
v -0.523099 0.815073 0.363074
v -0.380972 0.815073 0.505201
v -0.201883 0.815073 0.596452
v -0.003360 0.815073 0.627894
v 0.195162 0.815073 0.596452
v 0.374251 0.815073 0.505201
v 0.516378 0.815073 0.363074
v 0.607629 0.815073 0.183985
v 0.639071 0.815073 -0.014537
v 0.607629 0.815073 -0.213060
v 0.607629 0.815073 -0.213060
v 0.516378 0.815073 -0.392150
v 0.374251 0.815073 -0.534276
v 0.195162 0.815073 -0.625526
v -0.003360 0.815073 -0.656969
v -0.201883 0.815073 -0.625526
v -0.380972 0.815073 -0.534276
v -0.523098 0.815073 -0.392150
v -0.614349 0.815073 -0.213060
v -0.645792 0.815073 -0.014537
v -0.614350 0.815073 0.183985
v -0.621965 0.916824 0.186459
v -0.529577 0.916824 0.367782
v -0.385679 0.916824 0.511680
v -0.204357 0.916824 0.604068
v -0.003360 0.916824 0.635902
v 0.197636 0.916824 0.604068
v 0.378959 0.916824 0.511680
v 0.522857 0.916824 0.367781
v 0.615245 0.916824 0.186459
v 0.647079 0.916824 -0.014537
v 0.615245 0.916824 -0.215535
v 0.615245 0.916824 -0.215535
v 0.522857 0.916824 -0.396856
v 0.378958 0.916824 -0.540754
v 0.197636 0.916824 -0.633143
v -0.003360 0.916824 -0.664977
v -0.204357 0.916824 -0.633143
v -0.385679 0.916824 -0.540754
v -0.529577 0.916824 -0.396856
v -0.621965 0.916824 -0.215534
v -0.653800 0.916824 -0.014537
v -0.621965 0.916824 0.186459
v -0.614350 1.018575 0.183985
v -0.523099 1.018575 0.363074
v -0.380972 1.018575 0.505201
v -0.201883 1.018575 0.596452
v -0.003360 1.018575 0.627894
v 0.195162 1.018575 0.596452
v 0.374251 1.018575 0.505201
v 0.516378 1.018575 0.363074
v 0.607629 1.018575 0.183985
v 0.639071 1.018575 -0.014537
v 0.607629 1.018575 -0.213060
v 0.607629 1.018575 -0.213060
v 0.516378 1.018575 -0.392150
v 0.374251 1.018575 -0.534276
v 0.195162 1.018575 -0.625526
v -0.003360 1.018575 -0.656969
v -0.201883 1.018575 -0.625526
v -0.380972 1.018575 -0.534276
v -0.523098 1.018575 -0.392150
v -0.614349 1.018575 -0.213060
v -0.645792 1.018575 -0.014537
v -0.614350 1.018575 0.183985
v -0.591689 1.117821 0.176622
v -0.503822 1.117821 0.349070
v -0.366967 1.117821 0.485924
v -0.194520 1.117821 0.573791
v -0.003360 1.117821 0.604068
v 0.187799 1.117821 0.573791
v 0.360246 1.117821 0.485924
v 0.497102 1.117821 0.349069
v 0.584968 1.117821 0.176622
v 0.615245 1.117821 -0.014537
v 0.584968 1.117821 -0.205697
v 0.584968 1.117821 -0.205697
v 0.497102 1.117821 -0.378145
v 0.360246 1.117821 -0.514999
v 0.187799 1.117821 -0.602866
v -0.003360 1.117821 -0.633143
v -0.194520 1.117821 -0.602866
v -0.366967 1.117821 -0.514999
v -0.503822 1.117821 -0.378145
v -0.591688 1.117821 -0.205697
v -0.621965 1.117821 -0.014537
v -0.591689 1.117821 0.176622
v -0.554542 1.212117 0.164552
v -0.472223 1.212117 0.326111
v -0.344009 1.212117 0.454325
v -0.182450 1.212117 0.536644
v -0.003360 1.212117 0.565009
v 0.175729 1.212117 0.536644
v 0.337288 1.212117 0.454325
v 0.465502 1.212117 0.326111
v 0.547820 1.212117 0.164552
v 0.576185 1.212117 -0.014537
v 0.547820 1.212117 -0.193627
v 0.547820 1.212117 -0.193627
v 0.465502 1.212117 -0.355186
v 0.337288 1.212117 -0.483400
v 0.175729 1.212117 -0.565719
v -0.003360 1.212117 -0.594084
v -0.182450 1.212117 -0.565719
v -0.344009 1.212117 -0.483400
v -0.472223 1.212117 -0.355186
v -0.554541 1.212117 -0.193627
v -0.582906 1.212117 -0.014537
v -0.554542 1.212117 0.164552
v -0.503822 1.299143 0.148072
v -0.429079 1.299143 0.294765
v -0.312663 1.299143 0.411181
v -0.165970 1.299143 0.485924
v -0.003360 1.299143 0.511679
v 0.159249 1.299143 0.485924
v 0.305942 1.299143 0.411181
v 0.422358 1.299143 0.294765
v 0.497102 1.299143 0.148072
v 0.522857 1.299143 -0.014537
v 0.497102 1.299143 -0.177148
v 0.497102 1.299143 -0.177148
v 0.422358 1.299143 -0.323840
v 0.305942 1.299143 -0.440256
v 0.159249 1.299143 -0.514999
v -0.003360 1.299143 -0.540754
v -0.165970 1.299143 -0.514999
v -0.312663 1.299143 -0.440256
v -0.429079 1.299143 -0.323840
v -0.503822 1.299143 -0.177148
v -0.529577 1.299143 -0.014537
v -0.503822 1.299143 0.148072
v -0.440780 1.376754 0.127589
v -0.375452 1.376754 0.255803
v -0.273701 1.376754 0.357554
v -0.145487 1.376754 0.422882
v -0.003360 1.376754 0.445393
v 0.138766 1.376754 0.422882
v 0.266980 1.376754 0.357554
v 0.368731 1.376754 0.255803
v 0.434059 1.376754 0.127589
v 0.456570 1.376754 -0.014538
v 0.434059 1.376754 -0.156664
v 0.434059 1.376754 -0.156664
v 0.368731 1.376754 -0.284878
v 0.266980 1.376754 -0.386629
v 0.138766 1.376754 -0.451957
v -0.003360 1.376754 -0.474468
v -0.145487 1.376754 -0.451957
v -0.273701 1.376754 -0.386629
v -0.375452 1.376754 -0.284878
v -0.440780 1.376754 -0.156664
v -0.463290 1.376754 -0.014538
v -0.440780 1.376754 0.127589
v -0.366967 1.443040 0.103605
v -0.312663 1.443040 0.210184
v -0.228082 1.443040 0.294765
v -0.121503 1.443040 0.349069
v -0.003360 1.443040 0.367781
v 0.114783 1.443040 0.349069
v 0.221361 1.443040 0.294765
v 0.305942 1.443040 0.210184
v 0.360246 1.443040 0.103605
v 0.378958 1.443040 -0.014538
v 0.360246 1.443040 -0.132681
v 0.360246 1.443040 -0.132681
v 0.305942 1.443040 -0.239259
v 0.221361 1.443040 -0.323840
v 0.114783 1.443040 -0.378145
v -0.003360 1.443040 -0.396857
v -0.121503 1.443040 -0.378145
v -0.228082 1.443040 -0.323840
v -0.312663 1.443040 -0.239259
v -0.366967 1.443040 -0.132681
v -0.385679 1.443040 -0.014538
v -0.366967 1.443040 0.103605
v -0.284201 1.496370 0.076713
v -0.242258 1.496370 0.159031
v -0.176930 1.496370 0.224360
v -0.094611 1.496370 0.266303
v -0.003360 1.496370 0.280756
v 0.087890 1.496370 0.266303
v 0.170209 1.496370 0.224360
v 0.235537 1.496370 0.159032
v 0.277480 1.496370 0.076713
v 0.291933 1.496370 -0.014538
v 0.277480 1.496370 -0.105788
v 0.277480 1.496370 -0.105788
v 0.235537 1.496370 -0.188107
v 0.170208 1.496370 -0.253435
v 0.087890 1.496370 -0.295378
v -0.003360 1.496370 -0.309831
v -0.094611 1.496370 -0.295378
v -0.176929 1.496370 -0.253435
v -0.242258 1.496370 -0.188107
v -0.284201 1.496370 -0.105788
v -0.298654 1.496370 -0.014538
v -0.284201 1.496370 0.076713
v -0.194520 1.535428 0.047574
v -0.165970 1.535428 0.103605
v -0.121503 1.535428 0.148072
v -0.065472 1.535428 0.176622
v -0.003360 1.535428 0.186459
v 0.058751 1.535428 0.176622
v 0.114783 1.535428 0.148072
v 0.159249 1.535428 0.103605
v 0.187799 1.535428 0.047574
v 0.197636 1.535428 -0.014538
v 0.187799 1.535428 -0.076649
v 0.187799 1.535428 -0.076649
v 0.159249 1.535428 -0.132681
v 0.114783 1.535428 -0.177148
v 0.058751 1.535428 -0.205697
v -0.003360 1.535428 -0.215535
v -0.065472 1.535428 -0.205697
v -0.121503 1.535428 -0.177148
v -0.165970 1.535428 -0.132681
v -0.194520 1.535428 -0.076649
v -0.204357 1.535428 -0.014538
v -0.194520 1.535428 0.047574
v -0.100132 1.559255 0.016905
v -0.085679 1.559255 0.045270
v -0.063168 1.559255 0.067781
v -0.034803 1.559255 0.082233
v -0.003360 1.559255 0.087214
v 0.028082 1.559255 0.082233
v 0.056447 1.559255 0.067781
v 0.078958 1.559255 0.045270
v 0.093411 1.559255 0.016905
v 0.098391 1.559255 -0.014538
v 0.093411 1.559255 -0.045980
v 0.093411 1.559255 -0.045980
v 0.078958 1.559255 -0.074346
v 0.056448 1.559255 -0.096856
v 0.028082 1.559255 -0.111309
v -0.003360 1.559255 -0.116289
v -0.034803 1.559255 -0.111309
v -0.063168 1.559255 -0.096856
v -0.085679 1.559255 -0.074346
v -0.100132 1.559255 -0.045981
v -0.105112 1.559255 -0.014538
v -0.100132 1.559255 0.016905
v -0.003360 0.266384 -0.014537
v -0.003360 0.266384 -0.014537
v -0.003360 1.567263 -0.014538
v -0.003360 1.567263 -0.014538
v 0.040555 0.017392 0.120618
v 0.080171 0.017392 0.100433
v 0.071628 0.017392 0.216250
v 0.139275 0.017392 0.181783
v -0.003360 0.017392 0.127574
v -0.003360 0.017392 0.228127
v -0.047274 0.017392 0.120618
v -0.078347 0.017392 0.216250
v -0.086891 0.017392 0.100433
v -0.145994 0.017392 0.181783
v -0.118330 0.017392 0.068993
v -0.199680 0.017392 0.128097
v -0.138516 0.017392 0.029377
v -0.234148 0.017392 0.060450
v -0.145471 0.017392 -0.014538
v -0.246025 0.017392 -0.014538
v -0.138516 0.017392 -0.058452
v -0.234148 0.017392 -0.089525
v -0.118330 0.017392 -0.098068
v -0.199680 0.017392 -0.157172
v -0.086891 0.017392 -0.129507
v -0.145995 0.017392 -0.210857
v -0.047274 0.017392 -0.149693
v -0.078348 0.017392 -0.245325
v -0.003360 0.017392 -0.156648
v -0.003360 0.017392 -0.257202
v 0.040555 0.017392 -0.149693
v 0.071628 0.017392 -0.245325
v 0.080171 0.017392 -0.129507
v 0.139275 0.017392 -0.210857
v 0.111610 0.017392 -0.098068
v 0.192960 0.017392 -0.157172
v 0.131795 0.017392 -0.058452
v 0.227428 0.017392 -0.089525
v 0.138751 0.017392 -0.014538
v 0.239304 0.017392 -0.014538
v 0.131795 0.017392 0.029377
v 0.227428 0.017392 0.060450
v 0.111610 0.017392 0.068993
v 0.192960 0.017392 0.128097
v -0.133379 0.177053 0.027708
v -0.143317 0.175159 0.030937
v -0.113961 0.177053 0.065819
v -0.122415 0.175159 0.071961
v -0.150519 0.175159 -0.014538
v -0.140070 0.177053 -0.014538
v -0.083716 0.177053 0.096064
v -0.089858 0.175159 0.104517
v -0.045606 0.177053 0.115482
v -0.048835 0.175159 0.125420
v -0.003360 0.177053 0.122173
v -0.003360 0.175159 0.132622
v 0.038886 0.177053 0.115482
v 0.042115 0.175159 0.125420
v 0.076996 0.177053 0.096064
v 0.083138 0.175159 0.104517
v 0.107241 0.177053 0.065819
v 0.115695 0.175159 0.071961
v 0.126659 0.177053 0.027708
v 0.136597 0.175159 0.030937
v 0.133351 0.177053 -0.014538
v 0.143799 0.175159 -0.014538
v 0.126659 0.177053 -0.056783
v 0.136597 0.175159 -0.060012
v 0.107241 0.177053 -0.094894
v 0.115694 0.175159 -0.101036
v 0.076996 0.177053 -0.125138
v 0.083138 0.175159 -0.133592
v 0.038886 0.177053 -0.144557
v 0.042115 0.175159 -0.154494
v -0.003360 0.177053 -0.151248
v -0.003360 0.175159 -0.161697
v -0.045606 0.177053 -0.144557
v -0.048835 0.175159 -0.154494
v -0.083716 0.177053 -0.125138
v -0.089858 0.175159 -0.133592
v -0.113961 0.177053 -0.094894
v -0.122415 0.175159 -0.101036
v -0.133379 0.177053 -0.056783
v -0.143317 0.175159 -0.060012
v 0.135729 0.141593 0.176902
v 0.139275 0.132956 0.181783
v 0.188079 0.141593 0.124551
v 0.192960 0.132956 0.128097
v 0.071628 0.132956 0.216250
v 0.069763 0.141593 0.210513
v -0.003360 0.132956 0.228127
v -0.003360 0.141593 0.222094
v -0.078347 0.132956 0.216250
v -0.076483 0.141593 0.210513
v -0.145994 0.132956 0.181783
v -0.142449 0.141593 0.176902
v -0.199680 0.132956 0.128097
v -0.194799 0.141593 0.124551
v -0.234148 0.132956 0.060450
v -0.228410 0.141593 0.058586
v -0.246025 0.132956 -0.014538
v -0.239992 0.141593 -0.014538
v -0.234148 0.132956 -0.089525
v -0.228410 0.141593 -0.087661
v -0.199680 0.132956 -0.157172
v -0.194799 0.141593 -0.153627
v -0.145995 0.132956 -0.210857
v -0.142449 0.141593 -0.205977
v -0.078348 0.132956 -0.245325
v -0.076483 0.141593 -0.239588
v -0.003360 0.132956 -0.257202
v -0.003360 0.141593 -0.251170
v 0.071628 0.132956 -0.245325
v 0.069763 0.141593 -0.239588
v 0.139275 0.132956 -0.210857
v 0.135729 0.141593 -0.205977
v 0.192960 0.132956 -0.157172
v 0.188079 0.141593 -0.153627
v 0.227428 0.132956 -0.089525
v 0.221690 0.141593 -0.087661
v 0.239304 0.132956 -0.014538
v 0.233272 0.141593 -0.014538
v 0.227428 0.132956 0.060450
v 0.221690 0.141593 0.058586
v -0.003360 0.177053 -0.014538
v 0.135729 0.141593 0.176902
v 0.069763 0.141593 0.210513
v -0.003360 0.141593 0.222094
v -0.076483 0.141593 0.210513
v -0.142449 0.141593 0.176902
v -0.194799 0.141593 0.124551
v -0.228410 0.141593 0.058586
v -0.239992 0.141593 -0.014538
v -0.228410 0.141593 -0.087661
v -0.194799 0.141593 -0.153627
v -0.142449 0.141593 -0.205977
v -0.076483 0.141593 -0.239588
v -0.003360 0.141593 -0.251170
v 0.069763 0.141593 -0.239588
v 0.135729 0.141593 -0.205977
v 0.188079 0.141593 -0.153627
v 0.221690 0.141593 -0.087661
v 0.233272 0.141593 -0.014538
v 0.221690 0.141593 0.058586
v 0.188079 0.141593 0.124551
v 0.040555 0.003730 -0.149693
v -0.003360 0.003730 -0.156648
v 0.080171 0.003730 -0.129507
v 0.111610 0.003730 -0.098068
v 0.131795 0.003730 -0.058452
v 0.138751 0.003730 -0.014538
v 0.131795 0.003730 0.029377
v 0.111610 0.003730 0.068993
v 0.080171 0.003730 0.100433
v 0.040555 0.003730 0.120618
v -0.003360 0.003730 0.127574
v -0.047274 0.003730 0.120618
v -0.086891 0.003730 0.100433
v -0.118330 0.003730 0.068993
v -0.138516 0.003730 0.029377
v -0.145471 0.003730 -0.014538
v -0.138516 0.003730 -0.058452
v -0.118330 0.003730 -0.098068
v -0.086891 0.003730 -0.129507
v -0.047274 0.003730 -0.149693
v 0.055018 0.274066 0.065932
v -0.003417 0.268039 -0.014496
v 0.033158 0.274066 0.081814
v -0.025277 0.268039 0.001385
v 0.092577 0.298339 0.163598
v 0.114437 0.298339 0.147716
v 0.149048 0.338135 0.241323
v 0.170907 0.338135 0.225441
v -0.083712 0.274066 -0.079043
v -0.025277 0.268039 0.001385
v -0.061852 0.274066 -0.094925
v -0.003417 0.268039 -0.014496
v -0.121271 0.298339 -0.176709
v -0.143131 0.298339 -0.160826
v -0.177742 0.338135 -0.254434
v -0.199602 0.338135 -0.238552
v 0.201166 0.392471 0.313058
v 0.223026 0.392471 0.297176
v -0.229860 0.392471 -0.326168
v -0.251720 0.392471 -0.310286
v 0.247646 0.460009 0.377033
v 0.269506 0.460009 0.361151
v -0.276341 0.460009 -0.390143
v -0.298200 0.460009 -0.374261
v 0.287344 0.539087 0.431672
v 0.309204 0.539087 0.415790
v -0.316038 0.539086 -0.444782
v -0.337898 0.539086 -0.428900
v 0.319283 0.627755 0.475631
v 0.341142 0.627755 0.459749
v -0.347977 0.627755 -0.488741
v -0.369836 0.627755 -0.472859
v 0.342674 0.723833 0.507827
v 0.364534 0.723833 0.491945
v -0.371368 0.723833 -0.520937
v -0.393228 0.723833 -0.505055
v 0.356943 0.824952 0.527467
v 0.378803 0.824952 0.511585
v -0.385637 0.824952 -0.540578
v -0.407497 0.824952 -0.524696
v 0.361739 0.928624 0.534068
v 0.383599 0.928624 0.518186
v -0.390434 0.928624 -0.547179
v -0.412293 0.928624 -0.531297
v 0.356943 1.032297 0.527467
v 0.378803 1.032297 0.511585
v -0.385637 1.032297 -0.540578
v -0.407497 1.032297 -0.524696
v 0.342674 1.133416 0.507827
v 0.364534 1.133416 0.491945
v -0.371368 1.133417 -0.520938
v -0.393228 1.133417 -0.505056
v 0.319282 1.229494 0.475631
v 0.341142 1.229494 0.459749
v -0.347977 1.229495 -0.488741
v -0.369836 1.229495 -0.472859
v 0.287344 1.318163 0.431672
v 0.309204 1.318163 0.415790
v -0.316038 1.318163 -0.444782
v -0.337898 1.318163 -0.428900
v 0.247646 1.397240 0.377033
v 0.269506 1.397240 0.361150
v -0.276341 1.397240 -0.390143
v -0.298200 1.397240 -0.374261
v 0.201166 1.464779 0.313058
v 0.223026 1.464779 0.297176
v -0.229860 1.464779 -0.326168
v -0.251720 1.464779 -0.310286
v 0.149048 1.519114 0.241323
v 0.170907 1.519114 0.225441
v -0.177742 1.519114 -0.254434
v -0.199602 1.519114 -0.238552
v 0.092577 1.558910 0.163598
v 0.114437 1.558910 0.147716
v -0.121271 1.558910 -0.176709
v -0.143131 1.558910 -0.160826
v 0.033158 1.583186 0.081814
v 0.055018 1.583186 0.065932
v -0.061852 1.583186 -0.094925
v -0.083712 1.583186 -0.079043
v -0.025277 1.589211 0.001385
v -0.003417 1.589211 -0.014496
v 0.079188 0.249071 0.052991
v 0.035355 0.249071 0.084838
v 0.018556 0.242719 -0.030461
v -0.025277 0.242719 0.001386
v 0.097169 0.274286 0.169918
v 0.141002 0.274286 0.138071
v 0.155797 0.315602 0.250612
v 0.199629 0.315602 0.218765
v -0.085909 0.249071 -0.082067
v -0.042075 0.249071 -0.113913
v -0.025277 0.242719 0.001386
v 0.018556 0.242719 -0.030461
v -0.103890 0.274286 -0.198993
v -0.147722 0.274286 -0.167146
v -0.162518 0.315602 -0.279687
v -0.206350 0.315602 -0.247840
v 0.209903 0.372011 0.325084
v 0.253736 0.372011 0.293237
v -0.216625 0.372011 -0.354159
v -0.260457 0.372011 -0.322312
v 0.258157 0.442127 0.391500
v 0.301990 0.442127 0.359653
v -0.264879 0.442127 -0.420574
v -0.308711 0.442127 -0.388728
v 0.299370 0.524221 0.448224
v 0.343203 0.524221 0.416378
v -0.306091 0.524221 -0.477299
v -0.349924 0.524221 -0.445453
v 0.332527 0.616274 0.493861
v 0.376360 0.616274 0.462014
v -0.339248 0.616274 -0.522936
v -0.383081 0.616274 -0.491089
v 0.356811 0.716017 0.527286
v 0.400644 0.716017 0.495439
v -0.363533 0.716017 -0.556360
v -0.407365 0.716017 -0.524514
v 0.371625 0.820996 0.547675
v 0.415458 0.820996 0.515829
v -0.378347 0.820996 -0.576750
v -0.422179 0.820996 -0.544904
v 0.376604 0.928624 0.554528
v 0.420437 0.928624 0.522682
v -0.383326 0.928624 -0.583603
v -0.427158 0.928624 -0.551756
v 0.371625 1.036253 0.547675
v 0.415458 1.036253 0.515829
v -0.378347 1.036253 -0.576751
v -0.422179 1.036253 -0.544904
v 0.356811 1.141231 0.527286
v 0.400644 1.141231 0.495439
v -0.363533 1.141231 -0.556361
v -0.407365 1.141231 -0.524514
v 0.332527 1.240976 0.493861
v 0.376360 1.240976 0.462014
v -0.339248 1.240976 -0.522936
v -0.383081 1.240976 -0.491089
v 0.299370 1.333029 0.448224
v 0.343203 1.333029 0.416378
v -0.306091 1.333029 -0.477299
v -0.349924 1.333029 -0.445453
v 0.258157 1.415123 0.391500
v 0.301991 1.415123 0.359653
v -0.264879 1.415123 -0.420575
v -0.308711 1.415123 -0.388728
v 0.209903 1.485239 0.325084
v 0.253736 1.485239 0.293237
v -0.216625 1.485239 -0.354159
v -0.260457 1.485239 -0.322312
v 0.155797 1.541648 0.250612
v 0.199629 1.541648 0.218765
v -0.162518 1.541648 -0.279687
v -0.206350 1.541648 -0.247840
v 0.097169 1.582963 0.169918
v 0.141002 1.582963 0.138071
v -0.103890 1.582963 -0.198993
v -0.147722 1.582963 -0.167146
v 0.035355 1.608179 0.084838
v 0.079188 1.608179 0.052991
v -0.042075 1.608179 -0.113913
v -0.085909 1.608179 -0.082067
v -0.025277 1.614531 0.001385
v 0.018556 1.614531 -0.030461
v 0.018556 0.268039 -0.030461
v 0.076991 0.274066 0.049968
v 0.136411 0.298339 0.131751
v 0.192881 0.338135 0.209477
v -0.039879 0.274066 -0.110890
v 0.018556 0.268039 -0.030461
v -0.099298 0.298339 -0.192673
v -0.155769 0.338135 -0.270398
v 0.244999 0.392471 0.281211
v -0.207887 0.392471 -0.342133
v 0.291479 0.460009 0.345186
v -0.254367 0.460009 -0.406107
v 0.331177 0.539087 0.399825
v -0.294065 0.539086 -0.460747
v 0.363116 0.627755 0.443784
v -0.326003 0.627755 -0.504706
v 0.386507 0.723833 0.475980
v -0.349395 0.723833 -0.536902
v 0.400776 0.824952 0.495621
v -0.363664 0.824952 -0.556542
v 0.405572 0.928624 0.502222
v -0.368461 0.928624 -0.563143
v 0.400777 1.032297 0.495621
v -0.363664 1.032297 -0.556542
v 0.386507 1.133416 0.475980
v -0.349395 1.133417 -0.536902
v 0.363115 1.229494 0.443784
v -0.326003 1.229495 -0.504706
v 0.331177 1.318163 0.399825
v -0.294065 1.318163 -0.460747
v 0.291479 1.397240 0.345186
v -0.254367 1.397240 -0.406107
v 0.244999 1.464779 0.281211
v -0.207887 1.464779 -0.342133
v 0.192881 1.519114 0.209477
v -0.155769 1.519114 -0.270398
v 0.136410 1.558910 0.131751
v -0.099298 1.558910 -0.192673
v 0.076991 1.583186 0.049968
v -0.039879 1.583186 -0.110890
v 0.018556 1.589211 -0.030461
v -0.229860 0.392471 -0.326168
v -0.276341 0.460009 -0.390143
v -0.316038 0.539086 -0.444782
v -0.347977 0.627755 -0.488741
v -0.371368 0.723833 -0.520937
v -0.385637 0.824952 -0.540578
v -0.390434 0.928624 -0.547179
v -0.385637 1.032297 -0.540578
v -0.371368 1.133417 -0.520938
v -0.347977 1.229495 -0.488741
v -0.316038 1.318163 -0.444782
v -0.276341 1.397240 -0.390143
v -0.229860 1.464779 -0.326168
v -0.177742 1.519114 -0.254434
v -0.121271 1.558910 -0.176709
v -0.061852 1.583186 -0.094925
v -0.003417 1.589211 -0.014496
v 0.055018 1.583186 0.065932
v 0.114437 1.558910 0.147716
v 0.170907 1.519114 0.225441
v 0.223026 1.464779 0.297176
v 0.269506 1.397240 0.361150
v 0.309204 1.318163 0.415790
v 0.341142 1.229494 0.459749
v 0.364534 1.133416 0.491945
v 0.378803 1.032297 0.511585
v 0.383599 0.928624 0.518186
v 0.378803 0.824952 0.511585
v 0.364534 0.723833 0.491945
v 0.341142 0.627755 0.459749
v 0.309204 0.539087 0.415790
v 0.269506 0.460009 0.361151
v 0.223026 0.392471 0.297176
v 0.170907 0.338135 0.225441
v 0.114437 0.298339 0.147716
v 0.055018 0.274066 0.065932
v -0.003417 0.268039 -0.014496
v -0.061852 0.274066 -0.094925
v -0.003417 0.268039 -0.014496
v -0.121271 0.298339 -0.176709
v -0.177742 0.338135 -0.254434
v -0.005372 0.247565 0.088483
v 0.022633 0.241539 -0.006906
v -0.032783 0.247565 0.080436
v -0.004778 0.241539 -0.014954
v -0.061260 0.271839 0.177432
v -0.033849 0.271839 0.185480
v -0.088324 0.311635 0.269615
v -0.060913 0.311635 0.277662
v 0.023227 0.247565 -0.110343
v 0.050638 0.247565 -0.102296
v 0.079115 0.271839 -0.199292
v 0.051704 0.271839 -0.207339
v 0.106178 0.311635 -0.291475
v 0.078768 0.311635 -0.299522
v -0.113302 0.365971 0.354693
v -0.085891 0.365971 0.362740
v 0.131156 0.365971 -0.376553
v 0.103745 0.365971 -0.384600
v -0.135578 0.433509 0.430567
v -0.108167 0.433509 0.438615
v 0.153432 0.433509 -0.452427
v 0.126021 0.433509 -0.460475
v -0.154603 0.512586 0.495371
v -0.127192 0.512586 0.503418
v 0.172458 0.512586 -0.517230
v 0.145047 0.512586 -0.525277
v -0.169909 0.601255 0.547506
v -0.142499 0.601255 0.555554
v 0.187764 0.601254 -0.569366
v 0.160353 0.601254 -0.577414
v -0.181120 0.697332 0.585691
v -0.153709 0.697332 0.593739
v 0.198974 0.697332 -0.607551
v 0.171564 0.697332 -0.615598
v -0.187959 0.798452 0.608985
v -0.160548 0.798452 0.617032
v 0.205813 0.798451 -0.630845
v 0.178402 0.798451 -0.638892
v -0.190257 0.902124 0.616813
v -0.162846 0.902124 0.624861
v 0.208111 0.902124 -0.638673
v 0.180701 0.902124 -0.646721
v -0.187959 1.005796 0.608985
v -0.160548 1.005796 0.617032
v 0.205813 1.005796 -0.630845
v 0.178403 1.005796 -0.638892
v -0.181120 1.106916 0.585691
v -0.153709 1.106916 0.593739
v 0.198974 1.106917 -0.607551
v 0.171564 1.106917 -0.615599
v -0.169909 1.202994 0.547506
v -0.142499 1.202994 0.555554
v 0.187764 1.202994 -0.569366
v 0.160353 1.202994 -0.577414
v -0.154603 1.291662 0.495370
v -0.127192 1.291662 0.503418
v 0.172458 1.291662 -0.517230
v 0.145047 1.291662 -0.525277
v -0.135577 1.370740 0.430567
v -0.108167 1.370740 0.438615
v 0.153432 1.370740 -0.452427
v 0.126021 1.370740 -0.460475
v -0.113302 1.438278 0.354693
v -0.085891 1.438278 0.362740
v 0.131156 1.438278 -0.376553
v 0.103745 1.438278 -0.384600
v -0.088324 1.492614 0.269615
v -0.060913 1.492614 0.277662
v 0.106178 1.492614 -0.291475
v 0.078768 1.492614 -0.299522
v -0.061260 1.532410 0.177432
v -0.033849 1.532410 0.185479
v 0.079115 1.532410 -0.199292
v 0.051704 1.532410 -0.207339
v -0.032783 1.556684 0.080435
v -0.005373 1.556684 0.088483
v 0.050638 1.556684 -0.102296
v 0.023227 1.556684 -0.110343
v -0.004778 1.562710 -0.014954
v 0.022633 1.562710 -0.006906
v 0.022633 1.562710 -0.006906
v -0.004778 1.562710 -0.014954
v -0.006425 0.222571 0.092069
v -0.058411 0.222571 0.076806
v 0.022633 0.216219 -0.006906
v -0.029353 0.216219 -0.022169
v -0.088036 0.247786 0.177712
v -0.036050 0.247786 0.192974
v -0.116134 0.289101 0.273416
v -0.064147 0.289101 0.288679
v -0.000296 0.222571 -0.121144
v 0.051691 0.222571 -0.105881
v 0.081315 0.247786 -0.206787
v 0.029329 0.247786 -0.222049
v 0.109413 0.289101 -0.302491
v 0.057426 0.289101 -0.317754
v -0.142065 0.345511 0.361740
v -0.090078 0.345511 0.377003
v 0.135343 0.345511 -0.390816
v 0.083357 0.345511 -0.406078
v -0.165191 0.415626 0.440511
v -0.113204 0.415626 0.455773
v 0.158469 0.415626 -0.469586
v 0.106483 0.415626 -0.484848
v -0.184942 0.497721 0.507787
v -0.132956 0.497721 0.523049
v 0.178221 0.497721 -0.536862
v 0.126235 0.497721 -0.552124
v -0.200833 0.589773 0.561912
v -0.148846 0.589773 0.577175
v 0.194112 0.589773 -0.590987
v 0.142125 0.589773 -0.606250
v -0.212471 0.689516 0.601554
v -0.160485 0.689516 0.616817
v 0.205749 0.689516 -0.630629
v 0.153764 0.689516 -0.645891
v -0.219571 0.794495 0.625737
v -0.167584 0.794495 0.640999
v 0.212849 0.794495 -0.654812
v 0.160863 0.794495 -0.670074
v -0.221957 0.902124 0.633864
v -0.169970 0.902124 0.649127
v 0.215235 0.902124 -0.662939
v 0.163249 0.902124 -0.678202
v -0.219571 1.009753 0.625737
v -0.167584 1.009753 0.640999
v 0.212850 1.009753 -0.654812
v 0.160864 1.009753 -0.670074
v -0.212471 1.114731 0.601554
v -0.160485 1.114731 0.616817
v 0.205750 1.114731 -0.630629
v 0.153764 1.114731 -0.645891
v -0.200833 1.214475 0.561912
v -0.148846 1.214475 0.577175
v 0.194112 1.214476 -0.590987
v 0.142125 1.214476 -0.606250
v -0.184942 1.306528 0.507787
v -0.132956 1.306528 0.523049
v 0.178221 1.306528 -0.536862
v 0.126235 1.306528 -0.552124
v -0.165191 1.388623 0.440511
v -0.113204 1.388623 0.455773
v 0.158469 1.388623 -0.469586
v 0.106483 1.388623 -0.484848
v -0.142065 1.458738 0.361741
v -0.090078 1.458738 0.377003
v 0.135343 1.458738 -0.390816
v 0.083357 1.458738 -0.406078
v -0.116134 1.515148 0.273416
v -0.064147 1.515148 0.288678
v 0.109412 1.515148 -0.302491
v 0.057426 1.515148 -0.317754
v -0.088036 1.556463 0.177712
v -0.036050 1.556463 0.192974
v 0.081315 1.556463 -0.206787
v 0.029329 1.556463 -0.222049
v -0.058411 1.581679 0.076806
v -0.006425 1.581679 0.092069
v 0.051691 1.581679 -0.105881
v -0.000296 1.581679 -0.121144
v -0.029353 1.588031 -0.022169
v 0.022633 1.588031 -0.006906
v 0.022633 1.588031 -0.006906
v -0.029353 1.588031 -0.022169
v -0.057358 0.247565 0.073220
v -0.029353 0.241539 -0.022169
v -0.085836 0.271839 0.170217
v -0.112899 0.311635 0.262400
v -0.001348 0.247565 -0.117559
v 0.027128 0.271839 -0.214554
v 0.054192 0.311635 -0.306737
v -0.137878 0.365971 0.347478
v 0.079170 0.365971 -0.391815
v -0.160153 0.433509 0.423352
v 0.101445 0.433509 -0.467690
v -0.179178 0.512586 0.488155
v 0.120471 0.512586 -0.532492
v -0.194485 0.601255 0.540291
v 0.135777 0.601254 -0.584629
v -0.205696 0.697332 0.578476
v 0.146988 0.697332 -0.622813
v -0.212534 0.798452 0.601769
v 0.153827 0.798451 -0.646107
v -0.214833 0.902124 0.609598
v 0.156125 0.902124 -0.653936
v -0.212534 1.005796 0.601769
v 0.153827 1.005796 -0.646107
v -0.205696 1.106916 0.578476
v 0.146988 1.106917 -0.622814
v -0.194485 1.202994 0.540291
v 0.135777 1.202994 -0.584629
v -0.179178 1.291662 0.488155
v 0.120471 1.291662 -0.532492
v -0.160153 1.370740 0.423352
v 0.101445 1.370740 -0.467690
v -0.137878 1.438278 0.347478
v 0.079170 1.438278 -0.391815
v -0.112899 1.492614 0.262399
v 0.054192 1.492614 -0.306737
v -0.085836 1.532410 0.170217
v 0.027128 1.532410 -0.214554
v -0.057359 1.556684 0.073220
v -0.001348 1.556684 -0.117559
v -0.029353 1.562710 -0.022169
v -0.029353 1.562710 -0.022169
v -0.169909 0.601255 0.547506
v -0.181120 0.697332 0.585691
v -0.187959 0.798452 0.608985
v -0.190257 0.902124 0.616813
v -0.187959 1.005796 0.608985
v -0.181120 1.106916 0.585691
v -0.169909 1.202994 0.547506
v -0.154603 1.291662 0.495370
v -0.135577 1.370740 0.430567
v -0.113302 1.438278 0.354693
v -0.088324 1.492614 0.269615
v -0.061260 1.532410 0.177432
v -0.032783 1.556684 0.080435
v -0.004778 1.562710 -0.014954
v 0.023227 1.556684 -0.110343
v -0.004778 1.562710 -0.014954
v 0.051704 1.532410 -0.207339
v 0.078768 1.492614 -0.299522
v 0.103745 1.438278 -0.384600
v 0.126021 1.370740 -0.460475
v 0.145047 1.291662 -0.525277
v 0.160353 1.202994 -0.577414
v 0.171564 1.106917 -0.615599
v 0.178403 1.005796 -0.638892
v 0.180701 0.902124 -0.646721
v 0.178402 0.798451 -0.638892
v 0.171564 0.697332 -0.615598
v 0.160353 0.601254 -0.577414
v 0.145047 0.512586 -0.525277
v 0.126021 0.433509 -0.460475
v 0.103745 0.365971 -0.384600
v 0.078768 0.311635 -0.299522
v 0.051704 0.271839 -0.207339
v 0.023227 0.247565 -0.110343
v -0.004778 0.241539 -0.014954
v -0.032783 0.247565 0.080436
v -0.061260 0.271839 0.177432
v -0.088324 0.311635 0.269615
v -0.113302 0.365971 0.354693
v -0.135578 0.433509 0.430567
v -0.154603 0.512586 0.495371
v -0.068879 0.173230 0.006751
v -0.059094 0.173230 0.025956
v -0.068879 0.207998 0.006751
v -0.059094 0.207998 0.025956
v -0.043853 0.173230 0.041197
v -0.043853 0.207998 0.041197
v -0.024648 0.173230 0.050982
v -0.024648 0.207998 0.050982
v -0.003360 0.173230 0.054354
v -0.003360 0.207997 0.054354
v 0.017928 0.173230 0.050982
v 0.017928 0.207998 0.050982
v 0.037133 0.173230 0.041196
v 0.037133 0.207998 0.041196
v 0.052374 0.173230 0.025956
v 0.052374 0.207998 0.025956
v 0.062159 0.173230 0.006752
v 0.062159 0.207998 0.006752
v 0.065531 0.173230 -0.014537
v 0.065531 0.207998 -0.014537
v 0.062159 0.173230 -0.035826
v 0.062159 0.207998 -0.035826
v 0.052374 0.173230 -0.055030
v 0.052374 0.207998 -0.055030
v 0.037133 0.173230 -0.070271
v 0.037133 0.207998 -0.070271
v 0.017929 0.173230 -0.080057
v 0.017929 0.207998 -0.080057
v 0.017929 0.173230 -0.080057
v -0.003360 0.173230 -0.083428
v 0.017929 0.207998 -0.080057
v -0.003360 0.207998 -0.083428
v -0.024649 0.173230 -0.080057
v -0.024649 0.207998 -0.080057
v -0.043853 0.173230 -0.070271
v -0.043853 0.207998 -0.070271
v -0.059094 0.173230 -0.055030
v -0.059094 0.207998 -0.055030
v -0.068879 0.173230 -0.035826
v -0.068879 0.207998 -0.035826
v -0.072251 0.173230 -0.014537
v -0.072251 0.207998 -0.014537
v -0.024287 0.207998 0.000670
v -0.018567 0.207998 0.006389
v -0.024287 0.239595 0.000670
v -0.018567 0.239595 0.006389
v -0.027965 0.207998 -0.006541
v -0.027965 0.239595 -0.006541
v -0.029227 0.207998 -0.014537
v -0.029227 0.239595 -0.014537
v -0.027965 0.207998 -0.022533
v -0.027965 0.239595 -0.022533
v -0.024287 0.207998 -0.029744
v -0.024287 0.239595 -0.029744
v -0.018567 0.207998 -0.035467
v -0.018567 0.239595 -0.035467
v -0.011356 0.207998 -0.039139
v -0.011356 0.239595 -0.039139
v -0.003360 0.207998 -0.040405
v -0.003360 0.239595 -0.040405
v 0.004636 0.207998 -0.039139
v 0.004636 0.239595 -0.039139
v 0.011844 0.207998 -0.035467
v 0.011844 0.239595 -0.035467
v 0.017569 0.207998 -0.029744
v 0.017569 0.239595 -0.029744
v 0.021242 0.207998 -0.022533
v 0.021242 0.239595 -0.022533
v 0.022508 0.207998 -0.014537
v 0.022508 0.239595 -0.014537
v 0.021242 0.207998 -0.006541
v 0.021242 0.239595 -0.006541
v 0.017569 0.207998 0.000670
v 0.017569 0.239595 0.000670
v 0.011844 0.207998 0.006389
v 0.011844 0.239595 0.006389
v 0.004636 0.207998 0.010068
v 0.004636 0.239595 0.010068
v -0.003360 0.207998 0.011330
v -0.003360 0.239595 0.011330
v -0.011356 0.207998 0.010068
v -0.011356 0.239595 0.010068
v -0.059094 0.207998 0.025956
v -0.068879 0.207998 0.006751
v -0.043853 0.207998 0.041197
v -0.024648 0.207998 0.050982
v -0.003360 0.207997 0.054354
v 0.017928 0.207998 0.050982
v 0.037133 0.207998 0.041196
v 0.052374 0.207998 0.025956
v 0.062159 0.207998 0.006752
v 0.065531 0.207998 -0.014537
v 0.062159 0.207998 -0.035826
v 0.052374 0.207998 -0.055030
v 0.037133 0.207998 -0.070271
v 0.017929 0.207998 -0.080057
v -0.003360 0.207998 -0.083428
v -0.024649 0.207998 -0.080057
v -0.043853 0.207998 -0.070271
v -0.059094 0.207998 -0.055030
v -0.068879 0.207998 -0.035826
v -0.072251 0.207998 -0.014537
v 0.207238 -0.000026 0.275008
v 0.249993 -0.000026 0.238531
v -0.003283 -0.000029 -0.014747
v 0.159301 -0.000026 0.304341
v 0.286518 -0.000026 0.195806
v 0.315906 -0.000027 0.147890
v 0.107370 -0.000026 0.325807
v 0.052724 -0.000035 0.338885
v -0.003283 -0.000026 0.343246
v 0.350548 -0.000037 -0.070787
v 0.337410 -0.000026 -0.125445
v 0.354969 -0.000027 -0.014746
v 0.315879 -0.000033 -0.177370
v -0.292698 -0.000026 0.195523
v -0.256267 -0.000027 0.238234
v -0.322002 -0.000026 0.147648
v -0.213600 -0.000026 0.274729
v -0.356535 -0.000026 -0.070698
v -0.360939 -0.000026 -0.014746
v -0.343439 -0.000026 -0.125269
v -0.356545 -0.000026 0.041203
v -0.321972 -0.000032 -0.177127
v -0.292664 -0.000026 -0.224994
v -0.165718 -0.000026 -0.333540
v -0.213564 -0.000026 -0.304173
v -0.113860 -0.000026 -0.355063
v -0.256229 -0.000050 -0.267693
v 0.207202 -0.000026 -0.304457
v 0.159270 -0.000026 -0.333780
v 0.249960 -0.000026 -0.267993
v 0.107350 -0.000026 -0.355239
v 0.052715 -0.000026 -0.368308
v -0.003283 -0.000042 -0.372670
v -0.059267 -0.000032 -0.368217
v -0.059281 -0.000026 0.338792
v -0.113881 -0.000037 0.325636
v -0.165745 -0.000026 0.304100
v 0.286487 -0.000031 -0.225279
v -0.343460 -0.000026 0.095784
v 0.337430 -0.000027 0.095956
v 0.350560 -0.000038 0.041297
v 0.218157 -0.004748 0.289987
v 0.167747 -0.004754 0.320842
v 0.227481 -0.018205 0.302672
v 0.174985 -0.018225 0.334824
v 0.236186 -0.062212 0.314170
v 0.233809 -0.038372 0.311161
v 0.181810 -0.062260 0.347493
v 0.179922 -0.038408 0.344176
v 0.263116 -0.004744 0.251617
v 0.274301 -0.018189 0.262700
v 0.281869 -0.038341 0.270118
v 0.284681 -0.062171 0.272752
v 0.113136 -0.004760 0.343430
v 0.118107 -0.018246 0.358368
v 0.122893 -0.062312 0.371898
v 0.121531 -0.038448 0.368359
v 0.301521 -0.004740 0.206682
v 0.314291 -0.018175 0.215896
v 0.322915 -0.038315 0.222062
v 0.326098 -0.062137 0.224256
v 0.332418 -0.004739 0.156287
v 0.346465 -0.018167 0.163407
v 0.355938 -0.038298 0.168176
v 0.359422 -0.062113 0.169879
v 0.055669 -0.004776 0.357193
v 0.058249 -0.018280 0.372719
v 0.060880 -0.062380 0.386786
v 0.060080 -0.038502 0.383108
v -0.003238 -0.004773 0.361793
v -0.003111 -0.018294 0.377528
v -0.002699 -0.062429 0.391788
v -0.002921 -0.038537 0.388060
v -0.062136 -0.004780 0.357126
v -0.064469 -0.018319 0.372682
v -0.066276 -0.062490 0.386786
v -0.065922 -0.038583 0.383096
v 0.368845 -0.004749 -0.073672
v 0.373490 -0.004737 -0.014739
v 0.384398 -0.018176 -0.076090
v 0.389232 -0.018160 -0.014714
v 0.394879 -0.038305 -0.077680
v 0.399840 -0.038284 -0.014676
v 0.398713 -0.062115 -0.078209
v 0.403720 -0.062092 -0.014631
v 0.355032 -0.004740 -0.131149
v 0.370020 -0.018174 -0.135952
v 0.380125 -0.038309 -0.139136
v 0.383828 -0.062124 -0.140220
v 0.368852 -0.004748 0.044194
v 0.384404 -0.018170 0.046663
v 0.394879 -0.038293 0.048330
v 0.398713 -0.062101 0.048947
v 0.332393 -0.004750 -0.185752
v 0.346453 -0.018194 -0.192826
v 0.355937 -0.038340 -0.197522
v 0.359423 -0.062161 -0.199141
v -0.307700 -0.004811 0.206465
v -0.338535 -0.004816 0.156104
v -0.320355 -0.018432 0.215778
v -0.352495 -0.018448 0.163306
v -0.331495 -0.062759 0.224258
v -0.328715 -0.038792 0.222029
v -0.364816 -0.062796 0.169881
v -0.361729 -0.038821 0.168148
v -0.269368 -0.004807 0.251391
v -0.280403 -0.018414 0.262579
v -0.287677 -0.038758 0.270084
v -0.290076 -0.062715 0.272754
v -0.361115 -0.004820 0.101543
v -0.376031 -0.018461 0.106457
v -0.389221 -0.062826 0.110962
v -0.385909 -0.038845 0.109766
v -0.224478 -0.004800 0.289771
v -0.233622 -0.018392 0.302558
v -0.239630 -0.038718 0.311127
v -0.241583 -0.062664 0.314171
v -0.374875 -0.004824 -0.073599
v -0.361096 -0.004824 -0.131012
v -0.390383 -0.018478 -0.076051
v -0.376021 -0.018475 -0.135879
v -0.404109 -0.062862 -0.078207
v -0.400656 -0.038875 -0.077669
v -0.389220 -0.062854 -0.140218
v -0.385905 -0.038870 -0.139115
v -0.379510 -0.004824 -0.014739
v -0.395211 -0.018476 -0.014713
v -0.405614 -0.038872 -0.014675
v -0.409113 -0.062859 -0.014629
v -0.338509 -0.004829 -0.185568
v -0.352479 -0.018476 -0.192724
v -0.361725 -0.038865 -0.197496
v -0.364815 -0.062845 -0.199140
v -0.374886 -0.004822 0.044126
v -0.390389 -0.018470 0.046627
v -0.400659 -0.038862 0.048323
v -0.404109 -0.062847 0.048948
v -0.307671 -0.004819 -0.235922
v -0.320338 -0.018459 -0.245193
v -0.328710 -0.038838 -0.251376
v -0.331494 -0.062812 -0.253517
v -0.269335 -0.004841 -0.280837
v -0.280384 -0.018471 -0.291988
v -0.287673 -0.038840 -0.299427
v -0.290075 -0.062806 -0.302009
v -0.174109 -0.004806 -0.350088
v -0.119554 -0.004800 -0.372718
v -0.181145 -0.018409 -0.364123
v -0.124297 -0.018388 -0.387687
v -0.185747 -0.038747 -0.373489
v -0.127366 -0.038706 -0.397679
v -0.187206 -0.062691 -0.376750
v -0.128286 -0.062638 -0.401156
v -0.224446 -0.004811 -0.319205
v -0.233602 -0.018429 -0.331958
v -0.239623 -0.038783 -0.340471
v -0.241582 -0.062738 -0.343430
v -0.062128 -0.004799 -0.386540
v -0.064462 -0.018371 -0.402071
v -0.065919 -0.038669 -0.412434
v -0.066275 -0.062587 -0.416045
v 0.218127 -0.004759 -0.319423
v 0.263087 -0.004753 -0.281065
v 0.227466 -0.018242 -0.332076
v 0.274285 -0.018221 -0.292111
v 0.233806 -0.038437 -0.340502
v 0.281865 -0.038397 -0.299462
v 0.236187 -0.062288 -0.343431
v 0.284682 -0.062237 -0.302010
v 0.167724 -0.004766 -0.350272
v 0.174972 -0.018265 -0.364222
v 0.179919 -0.038480 -0.373519
v 0.181810 -0.062343 -0.376751
v 0.301492 -0.004753 -0.236138
v 0.314276 -0.018208 -0.245308
v 0.322910 -0.038368 -0.251407
v 0.326099 -0.062197 -0.253518
v 0.113118 -0.004772 -0.372851
v 0.118100 -0.018290 -0.387761
v 0.121529 -0.038524 -0.397700
v 0.122894 -0.062401 -0.401157
v 0.055658 -0.004779 -0.386612
v 0.058247 -0.018315 -0.402110
v 0.060080 -0.038571 -0.412447
v 0.060880 -0.062461 -0.416046
v -0.003238 -0.004803 -0.391211
v -0.003111 -0.018357 -0.406921
v -0.002921 -0.038635 -0.417398
v -0.002698 -0.062540 -0.421049
v -0.119571 -0.004798 0.343297
v -0.124310 -0.018356 0.358295
v -0.128287 -0.062562 0.371898
v -0.127371 -0.038642 0.368340
v -0.174131 -0.004794 0.320660
v -0.181159 -0.018369 0.334727
v -0.187207 -0.062609 0.347493
v -0.185753 -0.038675 0.344152
v 0.355049 -0.004736 0.101676
v 0.370028 -0.018160 0.106530
v 0.380128 -0.038285 0.109785
v 0.383827 -0.062096 0.110962
v 0.103792 -0.194306 0.309140
v 0.104432 -0.332398 0.309269
v 0.153102 -0.194309 0.288715
v 0.153743 -0.332408 0.288844
v 0.198610 -0.194310 0.260827
v 0.199251 -0.332416 0.260956
v 0.239196 -0.194311 0.226164
v 0.239836 -0.332422 0.226292
v 0.273860 -0.194311 0.185577
v 0.274500 -0.332426 0.185706
v 0.301749 -0.194310 0.140067
v 0.302389 -0.332429 0.140197
v 0.322174 -0.194308 0.090759
v 0.322814 -0.332429 0.090888
v 0.334632 -0.194314 0.038857
v 0.335273 -0.332433 0.038986
v 0.338822 -0.194301 -0.014352
v 0.339463 -0.332422 -0.014223
v 0.334632 -0.194304 -0.067561
v 0.335273 -0.332422 -0.067431
v 0.322174 -0.194290 -0.119461
v 0.322814 -0.332406 -0.119332
v 0.301749 -0.194289 -0.168772
v 0.302389 -0.332401 -0.168643
v 0.273860 -0.194282 -0.214280
v 0.274501 -0.332389 -0.214151
v 0.239196 -0.194271 -0.254865
v 0.239837 -0.332374 -0.254737
v 0.198611 -0.194265 -0.289530
v 0.199251 -0.332361 -0.289401
v 0.153102 -0.194259 -0.317417
v 0.153743 -0.332347 -0.317288
v 0.103793 -0.194253 -0.337842
v 0.104433 -0.332333 -0.337713
v 0.051893 -0.194247 -0.350303
v 0.052533 -0.332320 -0.350174
v -0.001316 -0.194254 -0.354490
v -0.000676 -0.332317 -0.354361
v -0.054525 -0.194241 -0.350303
v -0.053884 -0.332298 -0.350174
v -0.106423 -0.194233 -0.337842
v -0.105783 -0.332283 -0.337713
v -0.155735 -0.194230 -0.317416
v -0.155095 -0.332273 -0.317287
v -0.201243 -0.194228 -0.289530
v -0.200603 -0.332266 -0.289401
v -0.241828 -0.194247 -0.254865
v -0.241188 -0.332275 -0.254736
v -0.276492 -0.194227 -0.214280
v -0.275853 -0.332254 -0.214151
v -0.304379 -0.194234 -0.168772
v -0.303739 -0.332257 -0.168643
v -0.324805 -0.194231 -0.119459
v -0.324165 -0.332253 -0.119330
v -0.337265 -0.194235 -0.067560
v -0.336626 -0.332256 -0.067431
v -0.341453 -0.194239 -0.014351
v -0.340813 -0.332260 -0.014221
v -0.337266 -0.194244 0.038858
v -0.336626 -0.332266 0.038987
v -0.324805 -0.194249 0.090758
v -0.324165 -0.332275 0.090887
v -0.304379 -0.194255 0.140069
v -0.303740 -0.332285 0.140198
v -0.276492 -0.194262 0.185578
v -0.275853 -0.332296 0.185707
v -0.241828 -0.194269 0.226164
v -0.241189 -0.332309 0.226293
v -0.201244 -0.194275 0.260828
v -0.200604 -0.332322 0.260957
v -0.155736 -0.194281 0.288715
v -0.155096 -0.332335 0.288843
v -0.106423 -0.194296 0.309140
v -0.105783 -0.332356 0.309269
v -0.054526 -0.194293 0.321601
v -0.053885 -0.332362 0.321730
v -0.001317 -0.194299 0.325787
v -0.000677 -0.332376 0.325916
v 0.051893 -0.194310 0.321601
v 0.052533 -0.332394 0.321730
v 0.124243 -0.187546 0.372170
v 0.122226 -0.194168 0.365873
v 0.183162 -0.187508 0.347765
v 0.180184 -0.194134 0.341866
v 0.061225 -0.194212 0.380519
v 0.062231 -0.187594 0.387058
v 0.237538 -0.187473 0.314442
v 0.233673 -0.194103 0.309087
v 0.286032 -0.187444 0.273024
v 0.281377 -0.194076 0.268344
v 0.327450 -0.187420 0.224529
v 0.322120 -0.194055 0.220640
v 0.360773 -0.187402 0.170152
v 0.354900 -0.194039 0.167150
v 0.385179 -0.187391 0.111234
v 0.378907 -0.194028 0.109192
v 0.400065 -0.187395 0.049219
v 0.393551 -0.194032 0.048189
v 0.405071 -0.187388 -0.014358
v 0.398476 -0.194025 -0.014352
v 0.400065 -0.187405 -0.077936
v 0.393552 -0.194039 -0.076893
v 0.385179 -0.187411 -0.139948
v 0.378908 -0.194044 -0.137894
v 0.360774 -0.187439 -0.198869
v 0.354901 -0.194068 -0.195854
v 0.322121 -0.194091 -0.249345
v 0.327451 -0.187465 -0.253245
v 0.281379 -0.194115 -0.297047
v 0.286033 -0.187493 -0.301739
v 0.233675 -0.194148 -0.337792
v 0.237539 -0.187530 -0.343158
v 0.180185 -0.194183 -0.370570
v 0.183162 -0.187570 -0.376479
v 0.122227 -0.194220 -0.394577
v 0.124244 -0.187612 -0.400884
v 0.061225 -0.194259 -0.409223
v 0.062231 -0.187655 -0.415773
v -0.001316 -0.194310 -0.414145
v -0.001347 -0.187711 -0.420776
v -0.063857 -0.194340 -0.409223
v -0.064924 -0.187745 -0.415773
v -0.124857 -0.194372 -0.394577
v -0.126935 -0.187782 -0.400884
v -0.182817 -0.194405 -0.370569
v -0.185856 -0.187820 -0.376479
v -0.236307 -0.194436 -0.337791
v -0.240232 -0.187854 -0.343158
v -0.288725 -0.187902 -0.301738
v -0.284010 -0.194482 -0.297047
v -0.330144 -0.187907 -0.253244
v -0.324753 -0.194484 -0.249344
v -0.363465 -0.187930 -0.198867
v -0.357531 -0.194506 -0.195853
v -0.387871 -0.187937 -0.139947
v -0.381538 -0.194511 -0.137893
v -0.402759 -0.187942 -0.077934
v -0.396184 -0.194516 -0.076892
v -0.407763 -0.187940 -0.014357
v -0.401106 -0.194515 -0.014351
v -0.402760 -0.187931 0.049220
v -0.396184 -0.194508 0.048190
v -0.387871 -0.187915 0.111234
v -0.381538 -0.194495 0.109192
v -0.363466 -0.187894 0.170153
v -0.357530 -0.194476 0.167151
v -0.330145 -0.187867 0.224530
v -0.324753 -0.194453 0.220641
v -0.288726 -0.187836 0.273025
v -0.284009 -0.194425 0.268345
v -0.240233 -0.187799 0.314443
v -0.236307 -0.194392 0.309088
v -0.185857 -0.187759 0.347765
v -0.182817 -0.194357 0.341866
v -0.126936 -0.187726 0.372170
v -0.124858 -0.194329 0.365873
v -0.064925 -0.187673 0.387059
v -0.063857 -0.194281 0.380519
v -0.001348 -0.187630 0.392061
v -0.001317 -0.194243 0.385440
v 0.124945 -0.338851 0.372311
v 0.122866 -0.332260 0.366002
v 0.062932 -0.338891 0.387200
v 0.061865 -0.332296 0.380648
v 0.180825 -0.332233 0.341995
v 0.183864 -0.338820 0.347906
v 0.234314 -0.332208 0.309216
v 0.238240 -0.338792 0.314584
v 0.282017 -0.332187 0.268473
v 0.286734 -0.338767 0.273165
v 0.322761 -0.332170 0.220769
v 0.328152 -0.338747 0.224670
v 0.355540 -0.332157 0.167279
v 0.361475 -0.338733 0.170294
v 0.379547 -0.332148 0.109321
v 0.385880 -0.338723 0.111375
v 0.394192 -0.332151 0.048318
v 0.400768 -0.338726 0.049361
v 0.399116 -0.332145 -0.014223
v 0.405773 -0.338720 -0.014216
v 0.394193 -0.332157 -0.076764
v 0.400768 -0.338733 -0.077794
v 0.379548 -0.332161 -0.137765
v 0.385880 -0.338739 -0.139807
v 0.355541 -0.332180 -0.195725
v 0.361475 -0.338761 -0.198727
v 0.328153 -0.338782 -0.253104
v 0.322762 -0.332198 -0.249216
v 0.286734 -0.338805 -0.301597
v 0.282019 -0.332217 -0.296919
v 0.238240 -0.338835 -0.343017
v 0.234315 -0.332243 -0.337663
v 0.183864 -0.338867 -0.376338
v 0.180825 -0.332271 -0.370441
v 0.124945 -0.338902 -0.400743
v 0.122867 -0.332301 -0.394448
v 0.062932 -0.338937 -0.415632
v 0.061865 -0.332331 -0.409094
v -0.000645 -0.338984 -0.420635
v -0.000676 -0.332373 -0.414016
v -0.064223 -0.339011 -0.415631
v -0.063217 -0.332396 -0.409094
v -0.126234 -0.339042 -0.400743
v -0.124218 -0.332422 -0.394448
v -0.185154 -0.339073 -0.376337
v -0.182177 -0.332448 -0.370440
v -0.239531 -0.339101 -0.343016
v -0.235667 -0.332473 -0.337662
v -0.235667 -0.332473 -0.337662
v -0.239531 -0.339101 -0.343016
v -0.283370 -0.332510 -0.296918
v -0.288025 -0.339141 -0.301597
v -0.324114 -0.332511 -0.249215
v -0.329443 -0.339145 -0.253103
v -0.356891 -0.332529 -0.195724
v -0.362764 -0.339164 -0.198726
v -0.380899 -0.332533 -0.137764
v -0.387170 -0.339170 -0.139806
v -0.395544 -0.332537 -0.076763
v -0.402058 -0.339174 -0.077793
v -0.400466 -0.332537 -0.014222
v -0.407062 -0.339173 -0.014215
v -0.395545 -0.332531 0.048319
v -0.402059 -0.339166 0.049362
v -0.380899 -0.332521 0.109321
v -0.387170 -0.339154 0.111375
v -0.356891 -0.332506 0.167280
v -0.362765 -0.339137 0.170294
v -0.324113 -0.332487 0.220770
v -0.329444 -0.339115 0.224671
v -0.283370 -0.332465 0.268474
v -0.288025 -0.339089 0.273166
v -0.235667 -0.332439 0.309217
v -0.239532 -0.339059 0.314585
v -0.182177 -0.332411 0.341995
v -0.185155 -0.339026 0.347906
v -0.124218 -0.332388 0.366002
v -0.126235 -0.338999 0.372311
v -0.063217 -0.332350 0.380648
v -0.064223 -0.338956 0.387200
v -0.000677 -0.332320 0.385569
v -0.000646 -0.338920 0.392202
v 0.180184 -0.194134 0.341866
v 0.122226 -0.194168 0.365873
v 0.104432 -0.332398 0.309269
v 0.153743 -0.332408 0.288844
v 0.233673 -0.194103 0.309087
v 0.199251 -0.332416 0.260956
v 0.281377 -0.194076 0.268344
v 0.239836 -0.332422 0.226292
v 0.322120 -0.194055 0.220640
v 0.274500 -0.332426 0.185706
v 0.354900 -0.194039 0.167150
v 0.302389 -0.332429 0.140197
v 0.378907 -0.194028 0.109192
v 0.322814 -0.332429 0.090888
v 0.393551 -0.194032 0.048189
v 0.335273 -0.332433 0.038986
v 0.398476 -0.194025 -0.014352
v 0.339463 -0.332422 -0.014223
v 0.393552 -0.194039 -0.076893
v 0.335273 -0.332422 -0.067431
v 0.378908 -0.194044 -0.137894
v 0.322814 -0.332406 -0.119332
v 0.354901 -0.194068 -0.195854
v 0.302389 -0.332401 -0.168643
v 0.322121 -0.194091 -0.249345
v 0.274501 -0.332389 -0.214151
v 0.281379 -0.194115 -0.297047
v 0.239837 -0.332374 -0.254737
v 0.233675 -0.194148 -0.337792
v 0.199251 -0.332361 -0.289401
v 0.180185 -0.194183 -0.370570
v 0.153743 -0.332347 -0.317288
v 0.122227 -0.194220 -0.394577
v 0.104433 -0.332333 -0.337713
v 0.061225 -0.194259 -0.409223
v 0.052533 -0.332320 -0.350174
v -0.001316 -0.194310 -0.414145
v -0.000676 -0.332317 -0.354361
v -0.063857 -0.194340 -0.409223
v -0.053884 -0.332298 -0.350174
v -0.124857 -0.194372 -0.394577
v -0.105783 -0.332283 -0.337713
v -0.182817 -0.194405 -0.370569
v -0.155095 -0.332273 -0.317287
v -0.236307 -0.194436 -0.337791
v -0.200603 -0.332266 -0.289401
v -0.284010 -0.194482 -0.297047
v -0.200603 -0.332266 -0.289401
v -0.241188 -0.332275 -0.254736
v -0.324753 -0.194484 -0.249344
v -0.275853 -0.332254 -0.214151
v -0.357531 -0.194506 -0.195853
v -0.303739 -0.332257 -0.168643
v -0.381538 -0.194511 -0.137893
v -0.324165 -0.332253 -0.119330
v -0.396184 -0.194516 -0.076892
v -0.336626 -0.332256 -0.067431
v -0.401106 -0.194515 -0.014351
v -0.340813 -0.332260 -0.014221
v -0.396184 -0.194508 0.048190
v -0.336626 -0.332266 0.038987
v -0.381538 -0.194495 0.109192
v -0.324165 -0.332275 0.090887
v -0.357530 -0.194476 0.167151
v -0.303740 -0.332285 0.140198
v -0.324753 -0.194453 0.220641
v -0.275853 -0.332296 0.185707
v -0.284009 -0.194425 0.268345
v -0.241189 -0.332309 0.226293
v -0.236307 -0.194392 0.309088
v -0.200604 -0.332322 0.260957
v -0.182817 -0.194357 0.341866
v -0.155096 -0.332335 0.288843
v -0.124858 -0.194329 0.365873
v -0.105783 -0.332356 0.309269
v -0.063857 -0.194281 0.380519
v -0.053885 -0.332362 0.321730
v -0.001317 -0.194243 0.385440
v -0.000677 -0.332376 0.325916
v 0.061225 -0.194212 0.380519
v 0.052533 -0.332394 0.321730
v -0.283370 -0.332510 -0.296918
v -0.235667 -0.332473 -0.337662
v -0.235667 -0.332473 -0.337662
v -0.124218 -0.332422 -0.394448
v -0.063217 -0.332396 -0.409094
v 0.061865 -0.332331 -0.409094
v 0.180825 -0.332271 -0.370441
v 0.183864 -0.338867 -0.376338
v 0.234315 -0.332243 -0.337663
v 0.238240 -0.338835 -0.343017
v 0.282019 -0.332217 -0.296919
v 0.328153 -0.338782 -0.253104
v 0.379548 -0.332161 -0.137765
v 0.400768 -0.338733 -0.077794
v 0.394193 -0.332157 -0.076764
v 0.385880 -0.338723 0.111375
v 0.286734 -0.338767 0.273165
v 0.238240 -0.338792 0.314584
v 0.183864 -0.338820 0.347906
v 0.062932 -0.338891 0.387200
v 0.124945 -0.338851 0.372311
v -0.001348 -0.187630 0.392061
v 0.237539 -0.187530 -0.343158
v 0.360774 -0.187439 -0.198869
v 0.360773 -0.187402 0.170152
v 0.327450 -0.187420 0.224529
v 0.286032 -0.187444 0.273024
v 0.183162 -0.187508 0.347765
v 0.124243 -0.187546 0.372170
v -0.054526 -0.194293 0.321601
v -0.106423 -0.194296 0.309140
v -0.304379 -0.194255 0.140069
v -0.341453 -0.194239 -0.014351
v -0.304379 -0.194234 -0.168772
v -0.276492 -0.194227 -0.214280
v -0.241828 -0.194247 -0.254865
v -0.201243 -0.194228 -0.289530
v -0.001316 -0.194254 -0.354490
v 0.051893 -0.194247 -0.350303
v 0.198611 -0.194265 -0.289530
v 0.239196 -0.194271 -0.254865
v 0.301749 -0.194289 -0.168772
v 0.334632 -0.194304 -0.067561
v 0.334632 -0.194314 0.038857
v 0.322174 -0.194308 0.090759
v 0.301749 -0.194310 0.140067
v 0.273860 -0.194311 0.185577
v 0.239196 -0.194311 0.226164
v 0.153102 -0.194309 0.288715
v 0.103792 -0.194306 0.309140
v -0.011356 0.207998 0.010068
v -0.011356 0.207998 -0.039139
v -0.018567 0.207998 -0.035467
v -0.018567 0.207998 0.006389
v -0.024287 0.207998 -0.029744
v -0.024287 0.207998 0.000670
v -0.029353 1.562710 -0.022169
v -0.029353 1.562710 -0.022169
v -0.179178 1.291662 0.488155
v 0.135777 1.202994 -0.584629
v 0.146988 1.106917 -0.622814
v 0.156125 0.902124 -0.653936
v 0.153827 0.798451 -0.646107
v -0.205696 0.697332 0.578476
v 0.120471 0.512586 -0.532492
v -0.179178 0.512586 0.488155
v -0.160153 0.433509 0.423352
v 0.054192 0.311635 -0.306737
v -0.001348 0.247565 -0.117559
v -0.112899 0.311635 0.262400
v -0.085836 0.271839 0.170217
v -0.057358 0.247565 0.073220
v 0.022633 1.588031 -0.006906
v 0.022633 1.588031 -0.006906
v 0.029329 1.556463 -0.222049
v 0.081315 1.556463 -0.206787
v -0.036050 1.556463 0.192974
v 0.057426 1.515148 -0.317754
v -0.064147 1.515148 0.288678
v -0.116134 1.515148 0.273416
v 0.083357 1.458738 -0.406078
v -0.090078 1.458738 0.377003
v -0.113204 1.388623 0.455773
v 0.178221 1.306528 -0.536862
v -0.132956 1.306528 0.523049
v 0.142125 1.214476 -0.606250
v -0.148846 1.214475 0.577175
v -0.200833 1.214475 0.561912
v 0.153764 1.114731 -0.645891
v 0.205750 1.114731 -0.630629
v -0.167584 1.009753 0.640999
v -0.219571 1.009753 0.625737
v 0.163249 0.902124 -0.678202
v -0.221957 0.902124 0.633864
v 0.153764 0.689516 -0.645891
v 0.205749 0.689516 -0.630629
v -0.160485 0.689516 0.616817
v 0.142125 0.589773 -0.606250
v 0.194112 0.589773 -0.590987
v -0.200833 0.589773 0.561912
v 0.178221 0.497721 -0.536862
v -0.184942 0.497721 0.507787
v 0.109413 0.289101 -0.302491
v 0.029329 0.247786 -0.222049
v -0.000296 0.222571 -0.121144
v -0.116134 0.289101 0.273416
v 0.022633 0.216219 -0.006906
v -0.058411 0.222571 0.076806
v -0.006425 0.222571 0.092069
v -0.005373 1.556684 0.088483
v 0.079115 1.532410 -0.199292
v 0.106178 1.492614 -0.291475
v 0.131156 1.438278 -0.376553
v -0.085891 1.438278 0.362740
v -0.108167 1.370740 0.438615
v 0.172458 1.291662 -0.517230
v -0.127192 1.291662 0.503418
v 0.187764 1.202994 -0.569366
v 0.198974 1.106917 -0.607551
v -0.153709 1.106916 0.593739
v -0.160548 1.005796 0.617032
v 0.208111 0.902124 -0.638673
v -0.160548 0.798452 0.617032
v -0.153709 0.697332 0.593739
v 0.187764 0.601254 -0.569366
v -0.142499 0.601255 0.555554
v 0.172458 0.512586 -0.517230
v -0.127192 0.512586 0.503418
v 0.131156 0.365971 -0.376553
v 0.079115 0.271839 -0.199292
v 0.050638 0.247565 -0.102296
v -0.148846 0.589773 0.577175
v -0.005372 0.247565 0.088483
v 0.076991 1.583186 0.049968
v 0.136410 1.558910 0.131751
v 0.363115 1.229494 0.443784
v -0.363664 1.032297 -0.556542
v 0.400777 1.032297 0.495621
v -0.368461 0.928624 -0.563143
v 0.400776 0.824952 0.495621
v 0.386507 0.723833 0.475980
v -0.326003 0.627755 -0.504706
v 0.363116 0.627755 0.443784
v 0.331177 0.539087 0.399825
v 0.291479 0.460009 0.345186
v -0.099298 0.298339 -0.192673
v 0.192881 0.338135 0.209477
v 0.076991 0.274066 0.049968
v 0.018556 0.268039 -0.030461
v 0.018556 0.268039 -0.030461
v -0.085909 1.608179 -0.082067
v 0.079188 1.608179 0.052991
v 0.035355 1.608179 0.084838
v -0.147722 1.582963 -0.167146
v -0.206350 1.541648 -0.247840
v -0.162518 1.541648 -0.279687
v 0.199629 1.541648 0.218765
v -0.216625 1.485239 -0.354159
v -0.264879 1.415123 -0.420575
v 0.301991 1.415123 0.359653
v -0.306091 1.333029 -0.477299
v -0.383081 1.240976 -0.491089
v 0.376360 1.240976 0.462014
v 0.332527 1.240976 0.493861
v -0.407365 1.141231 -0.524514
v -0.363533 1.141231 -0.556361
v 0.356811 1.141231 0.527286
v -0.422179 1.036253 -0.544904
v -0.378347 1.036253 -0.576751
v 0.371625 1.036253 0.547675
v -0.427158 0.928624 -0.551756
v 0.371625 0.820996 0.547675
v -0.407365 0.716017 -0.524514
v 0.400644 0.716017 0.495439
v -0.383081 0.616274 -0.491089
v 0.376360 0.616274 0.462014
v 0.332527 0.616274 0.493861
v 0.343203 0.524221 0.416378
v 0.299370 0.524221 0.448224
v -0.264879 0.442127 -0.420574
v 0.258157 0.442127 0.391500
v 0.253736 0.372011 0.293237
v -0.206350 0.315602 -0.247840
v -0.147722 0.274286 -0.167146
v -0.103890 0.274286 -0.198993
v -0.085909 0.249071 -0.082067
v 0.141002 0.274286 0.138071
v 0.079188 0.249071 0.052991
v -0.083712 1.583186 -0.079043
v -0.199602 1.519114 -0.238552
v 0.201166 1.464779 0.313058
v -0.298200 1.397240 -0.374261
v 0.247646 1.397240 0.377033
v -0.337898 1.318163 -0.428900
v -0.369836 1.229495 -0.472859
v 0.342674 1.133416 0.507827
v 0.356943 1.032297 0.527467
v -0.412293 0.928624 -0.531297
v -0.393228 0.723833 -0.505055
v 0.342674 0.723833 0.507827
v -0.337898 0.539086 -0.428900
v 0.287344 0.539087 0.431672
v -0.298200 0.460009 -0.374261
v -0.199602 0.338135 -0.238552
v 0.149048 0.338135 0.241323
v 0.111610 0.017392 0.068993
v 0.131795 0.017392 0.029377
v 0.131795 0.017392 -0.058452
v 0.192960 0.017392 0.128097
v 0.192960 0.017392 -0.157172
v -0.246025 0.017392 -0.014538
v -0.145471 0.017392 -0.014538
v -0.138516 0.017392 -0.058452
v -0.138516 0.017392 0.029377
v -0.118330 0.017392 0.068993
v -0.145994 0.017392 0.181783
v -0.086891 0.017392 -0.129507
v -0.086891 0.017392 0.100433
v -0.078347 0.017392 0.216250
v -0.047274 0.017392 -0.149693
v -0.047274 0.017392 0.120618
v -0.003360 0.017392 -0.257202
v -0.003360 0.017392 -0.156648
v -0.003360 0.017392 0.228127
v -0.003360 0.017392 0.127574
v 0.071628 0.017392 -0.245325
v 0.071628 0.017392 0.216250
v 0.080171 0.017392 -0.129507
v 0.080171 0.017392 0.100433
v 0.040555 0.017392 -0.149693
v 0.040555 0.017392 0.120618
v -0.160153 1.370740 0.423352
v 0.237538 -0.187473 0.314442
v 0.291479 1.397240 0.345186
v -0.363664 0.824952 -0.556542
v -0.033849 0.271839 0.185480
v 0.081315 0.247786 -0.206787
v 0.146988 0.697332 -0.622813
v 0.097169 0.274286 0.169918
v 0.122867 -0.332301 -0.394448
v 0.062231 -0.187594 0.387058
v 0.212849 0.794495 -0.654812
v 0.021242 0.207998 -0.006541
v 0.021242 0.207998 -0.022533
v 0.106483 1.388623 -0.484848
v 0.097169 1.582963 0.169918
v 0.405773 -0.338720 -0.014216
v -0.162846 0.902124 0.624861
v -0.027965 0.207998 -0.022533
v -0.027965 0.207998 -0.006541
v 0.356943 0.824952 0.527467
v -0.088036 1.556463 0.177712
v -0.085891 0.365971 0.362740
v -0.199680 0.017392 -0.157172
v -0.199680 0.017392 0.128097
v -0.029227 0.207998 -0.014537
v -0.099298 1.558910 -0.192673
v -0.349395 1.133417 -0.536902
v -0.212534 0.798452 0.601769
v 0.385880 -0.338739 -0.139807
v 0.194112 1.214476 -0.590987
v 0.101445 0.433509 -0.467690
v 0.022633 1.562710 -0.006906
v 0.022633 1.562710 -0.006906
v -0.324805 -0.194249 0.090758
v -0.155769 0.338135 -0.270398
v 0.400065 -0.187405 -0.077936
v 0.301990 0.442127 0.359653
v 0.004636 0.207998 0.010068
v 0.004636 0.207998 -0.039139
v -0.000296 1.581679 -0.121144
v -0.349924 1.333029 -0.445453
v 0.209903 0.372011 0.325084
v 0.153827 1.005796 -0.646107
v -0.088036 0.247786 0.177712
v -0.339248 0.616274 -0.522936
v 0.399116 -0.332145 -0.014223
v 0.011844 0.207998 0.006389
v 0.011844 0.207998 -0.035467
v -0.234148 0.017392 -0.089525
v -0.234148 0.017392 0.060450
v -0.057359 1.556684 0.073220
v -0.205696 1.106916 0.578476
v -0.349924 0.524221 -0.445453
v 0.126235 1.306528 -0.552124
v 0.247646 0.460009 0.377033
v -0.042075 1.608179 -0.113913
v -0.025277 0.268039 0.001385
v -0.025277 0.268039 0.001385
v 0.054192 1.492614 -0.306737
v -0.106423 -0.194233 -0.337842
v 0.356811 0.716017 0.527286
v -0.132956 0.497721 0.523049
v -0.324805 -0.194231 -0.119459
v 0.092577 1.558910 0.163598
v 0.022633 0.241539 -0.006906
v 0.079170 0.365971 -0.391815
v -0.369836 0.627755 -0.472859
v 0.209903 1.485239 0.325084
v -0.380899 -0.332533 -0.137764
v 0.141002 1.582963 0.138071
v 0.106483 0.415626 -0.484848
v -0.324114 -0.332511 -0.249215
v 0.155797 1.541648 0.250612
v -0.056273 -0.257423 0.467773
v -0.060913 0.311635 0.277662
v -0.143131 0.298339 -0.160826
v 0.327451 -0.187465 -0.253245
v -0.219571 0.794495 0.625737
v 0.405071 -0.187388 -0.014358
v -0.020890 -0.281815 0.548604
v -0.230698 -0.211724 0.301435
v -0.326003 1.229495 -0.504706
v 0.212850 1.009753 -0.654812
v -0.160485 1.114731 0.616817
v 0.215235 0.902124 -0.662939
v 0.158469 1.388623 -0.469586
v 0.183162 -0.187570 -0.376479
v 0.275278 -0.314864 0.261768
v 0.322174 -0.194290 -0.119461
v -0.064147 0.289101 0.288679
v -0.207887 1.464779 -0.342133
v -0.165191 0.415626 0.440511
v 0.415458 1.036253 0.515829
v -0.184942 1.306528 0.507787
v 0.400065 -0.187395 0.049219
v -0.001317 -0.194299 0.325787
v 0.153102 -0.203626 -0.317417
v -0.037098 -0.232566 0.992475
v 0.301749 -0.203652 -0.168772
v 0.172883 -0.322928 -0.354853
v 0.136411 0.298339 0.131751
v -0.246217 -0.249698 -0.441856
v 0.273860 -0.194282 -0.214280
v -0.137878 1.438278 0.347478
v -0.053328 -0.248938 0.467178
v -0.219591 -0.274238 -0.366870
v 0.135777 0.601254 -0.584629
v -0.276492 -0.194262 0.185578
v -0.057626 -0.266689 0.467288
v 0.376604 0.928624 0.554528
v 0.057426 0.289101 -0.317754
v 0.027128 1.532410 -0.214554
v 0.328152 -0.338747 0.224670
v 0.384795 -0.314840 0.046828
v -0.391592 -0.211812 -0.014342
v -0.247866 -0.265911 -0.445650
v -0.194485 0.601255 0.540291
v 0.302389 -0.323021 -0.168643
v -0.024131 -0.290594 0.473559
v 0.019348 -0.287082 0.479227
v -0.000646 -0.338920 0.392202
v 0.339463 -0.323039 -0.014223
v -0.143131 1.558910 -0.160826
v -0.054526 -0.203656 0.321601
v -0.444508 -0.264106 -1.225568
v -0.075833 -0.236942 0.466785
v 0.274500 -0.323042 0.185706
v -0.112899 1.492614 0.262399
v -0.029353 1.588031 -0.022169
v -0.029353 1.588031 -0.022169
v -0.029353 0.241539 -0.022169
v -0.438508 -0.156815 -1.044628
v -0.173638 -0.243554 -0.549087
v 0.258157 1.415123 0.391500
v -0.384871 -0.217577 -1.071120
v -0.340813 -0.322899 -0.014221
v 0.119897 -0.314941 -0.385449
v -0.563435 -0.211925 -1.177894
v -0.201244 -0.194275 0.260828
v -0.218611 -0.279467 -0.455335
v 0.160863 0.794495 -0.670074
v 0.362905 -0.322873 0.103914
v -0.308711 0.442127 -0.388728
v 0.315056 -0.314852 0.215194
v 0.415458 0.820996 0.515829
v 0.124945 -0.338902 -0.400743
v -0.002757 -0.275578 0.473789
v 0.389602 -0.314835 -0.014231
v -0.341453 -0.203608 -0.014351
v 0.205813 0.798451 -0.630845
v -0.203646 -0.230306 -0.537786
v 0.227428 0.017392 0.060450
v 0.227428 0.017392 -0.089525
v -0.304379 -0.203604 -0.168772
v -0.006330 -0.241496 0.468899
v -0.006425 1.581679 0.092069
v -0.112040 -0.193087 0.982678
v -0.194485 1.202994 0.540291
v 0.013741 -0.280185 0.549910
v 0.035355 0.249071 0.084838
v 0.286734 -0.338805 -0.301597
v -0.364896 -0.203773 -0.132485
v -0.142065 0.345511 0.361740
v -0.218164 -0.278450 -0.456762
v -0.383326 0.928624 -0.583603
v -0.336626 -0.322895 -0.067431
v -0.184653 -0.231854 -0.465890
v -0.341941 -0.203757 0.159208
v -0.074147 -0.156467 0.982111
v -0.226025 -0.203711 0.294935
v -0.203515 -0.288067 -0.461907
v -0.108273 -0.220375 0.985640
v -0.033849 1.532410 0.185479
v 0.335273 -0.323039 -0.067431
v 0.101445 1.370740 -0.467690
v -0.023779 -0.194197 0.989788
v -0.393228 1.133417 -0.505056
v -0.317049 -0.211767 0.215083
v 0.139275 0.017392 -0.210857
v 0.139275 0.017392 0.181783
v -0.383004 -0.177067 -1.067612
v -0.000676 -0.332373 -0.414016
v -0.031954 -0.233921 0.467409
v -0.207887 0.392471 -0.342133
v -0.025277 0.242719 0.001386
v -0.025277 0.242719 0.001386
v 0.239836 -0.323039 0.226292
v 0.361475 -0.338733 0.170294
v -0.001526 -0.276297 0.472676
v -0.274475 -0.259075 -0.512767
v 0.224029 -0.322907 0.295060
v 0.019748 -0.287574 0.474182
v -0.046960 -0.161123 0.984722
v -0.012001 -0.217157 0.383870
v -0.014507 -0.236910 0.469084
v -0.155095 -0.322910 -0.317287
v 0.386507 1.133416 0.475980
v -0.380204 -0.204356 -1.071502
v -0.225310 -0.253530 -0.450119
v -0.254367 1.397240 -0.406107
v -0.001348 1.556684 -0.117559
v -0.234633 -0.303050 -0.533690
v 0.017569 0.207998 0.000670
v 0.017569 0.207998 -0.029744
v -0.170200 -0.263633 -0.471901
v -0.155736 -0.203645 0.288715
v -0.054910 -0.275626 0.468376
v -0.037766 -0.315133 0.477434
v -0.037766 -0.315133 0.477434
v -0.053719 -0.309720 0.475641
v 0.273860 -0.203646 -0.214280
v -0.165191 1.388623 0.440511
v 0.027128 0.271839 -0.214554
v -0.200792 -0.228978 -0.456791
v -0.223433 -0.271826 -0.452727
v -0.212534 1.005796 0.601769
v -0.201244 -0.203639 0.260828
v 0.051691 1.581679 -0.105881
v -0.294065 1.318163 -0.460747
v -0.029353 0.216219 -0.022169
v -0.171413 -0.254335 -0.471843
v -0.463043 -0.203246 -1.040224
v -0.389509 -0.137168 -1.227306
v -0.508434 -0.084986 -1.179631
v -0.204406 -0.287821 -0.464276
v 0.001541 -0.257827 0.473679
v 0.301749 -0.203670 0.140067
v 0.301749 -0.203670 0.140067
v 0.051893 -0.203670 0.321601
v -0.224575 -0.253623 -0.451770
v -0.041002 -0.235558 0.465569
v -0.003360 0.207998 0.011330
v -0.003360 0.207998 -0.040405
v -0.020955 -0.314201 0.477396
v -0.207687 -0.311825 -0.461443
v -0.060913 1.492614 0.277662
v -0.386788 -0.211807 0.046717
v -0.019808 -0.228510 0.543488
v -0.169970 0.902124 0.649127
v -0.089143 -0.240118 0.989084
v 0.400644 1.141231 0.495439
v 0.192881 1.519114 0.209477
v -0.356891 -0.332529 -0.195724
v -0.155736 -0.194281 0.288715
v -0.209469 -0.311332 -0.466179
v -0.178475 -0.211698 0.333437
v -0.186932 -0.205584 -0.458209
v 0.239837 -0.322997 -0.254737
v 0.322762 -0.332198 -0.249216
v 0.022508 0.207998 -0.014537
v -0.241828 -0.203615 -0.254865
v 0.228705 -0.314902 -0.330009
v -0.363533 0.716017 -0.556360
v -0.071238 -0.216529 0.536959
v 0.355541 -0.332180 -0.195725
v 0.385179 -0.187411 -0.139948
v -0.064223 -0.338956 0.387200
v -0.155735 -0.194230 -0.317416
v -0.087529 -0.160614 0.981454
v 0.117461 -0.322942 -0.377811
v 0.319283 0.627755 0.475631
v -0.216625 0.372011 -0.354159
v -0.108167 0.433509 0.438615
v -0.260457 1.485239 -0.322312
v -0.085836 1.532410 0.170217
v 0.119343 -0.211596 -0.385560
v -0.001175 -0.248890 0.472592
v -0.154796 -0.283056 -0.479714
v -0.219161 -0.303257 -0.539532
v -0.219161 -0.303257 -0.539532
v -0.075936 -0.244599 0.990569
v -0.174873 -0.203708 -0.354977
v 0.079170 1.438278 -0.391815
v -0.024063 -0.208155 0.991127
v -0.059326 -0.302823 0.546324
v -0.035817 -0.169470 0.986420
v -0.099006 -0.168676 0.981331
v -0.112324 -0.207045 0.984018
v -0.106423 -0.203658 0.309140
v -0.033429 -0.291621 0.474203
v -0.033429 -0.291621 0.474203
v -0.337266 -0.194244 0.038858
v -0.029862 -0.284595 0.548163
v -0.013195 -0.276409 0.548687
v -0.040543 -0.236583 0.466987
v -0.054559 -0.248219 0.468292
v -0.048696 -0.240963 0.465486
v -0.054359 -0.248465 0.465769
v -0.015543 -0.287933 0.473981
v -0.032029 -0.232777 0.466010
v -0.048574 -0.240628 0.992352
v -0.057436 -0.257329 0.466390
v -0.056455 -0.266381 0.468632
v -0.057826 -0.266442 0.469811
v -0.055110 -0.275379 0.470898
v -0.041578 -0.287606 0.471884
v -0.260457 0.372011 -0.322312
v -0.024056 -0.291738 0.474958
v -0.015084 -0.288959 0.475398
v -0.007389 -0.283553 0.475481
v 0.001551 -0.267432 0.472055
v 0.000370 -0.258135 0.472335
v -0.002230 -0.249580 0.471294
v -0.007356 -0.242267 0.470174
v -0.006531 -0.241250 0.471421
v -0.013801 -0.235899 0.467760
v -0.022656 -0.232895 0.466765
v -0.086983 -0.246014 0.538587
v -0.087325 -0.262875 0.540205
v 0.124244 -0.187612 -0.400884
v 0.024892 -0.271112 0.478109
v -0.378902 -0.203774 0.045453
v 0.343203 1.333029 0.416378
v -0.035330 -0.210069 0.466095
v 0.400768 -0.338726 0.049361
v -0.056917 -0.207815 0.538526
v -0.074658 -0.261178 0.383196
v -0.037366 -0.315625 0.472390
v -0.037366 -0.315625 0.472390
v 0.002003 -0.318603 0.394880
v 0.199251 -0.322986 -0.289401
v 0.011093 -0.224878 0.467378
v -0.028652 -0.221376 0.992053
v -0.081439 -0.230044 0.537468
v 0.000188 -0.267093 0.473195
v -0.324805 -0.203617 0.090758
v 0.027060 -0.246416 0.389823
v -0.107451 -0.179865 0.981753
v -0.025277 1.589211 0.001385
v -0.179739 -0.279753 -0.472717
v -0.058411 1.581679 0.076806
v -0.201243 -0.203599 -0.289530
v -0.022983 -0.234035 0.468131
v 0.120471 1.291662 -0.532492
v -0.071959 -0.291724 0.545520
v -0.251720 1.464779 -0.310286
v -0.271636 -0.203758 -0.284673
v -0.429893 -0.240800 -1.056597
v -0.341939 -0.203770 -0.187909
v 0.338822 -0.194301 -0.014352
v 0.060341 -0.314941 0.371287
v 0.009546 -0.301090 0.474692
v 0.158469 0.415626 -0.469586
v 0.420437 0.928624 0.522682
v 0.205813 1.005796 -0.630845
v -0.100286 -0.231772 0.987386
v -0.212471 0.689516 0.601554
v 0.286033 -0.187493 -0.301739
v -0.145995 0.017392 -0.210857
v -0.209243 -0.232783 -0.455372
v -0.162518 0.315602 -0.279687
v -0.221581 -0.245138 -0.452014
v 0.322814 -0.323044 0.090888
v -0.008178 -0.282759 0.474060
v 0.025292 -0.271604 0.473064
v -0.372488 -0.211809 -0.134958
v -0.069115 -0.245208 0.382077
v -0.193620 -0.311545 -0.472164
v -0.193620 -0.311545 -0.472164
v -0.407497 0.824952 -0.524696
v -0.324165 -0.322912 0.090887
v -0.060167 -0.156643 0.983237
v -0.001726 -0.276051 0.475198
v -0.216662 -0.237164 -0.451671
v -0.049554 -0.283267 0.469546
v -0.251720 0.392471 -0.310286
v 0.322174 -0.203668 0.090759
v 0.198611 -0.203631 -0.289530
v -0.047908 -0.241757 0.466908
v -0.404096 -0.236829 -1.065889
v -0.053885 -0.322988 0.321730
v 0.019627 -0.247354 0.547174
v -0.407497 1.032297 -0.524696
v -0.339248 1.240976 -0.522936
v -0.310596 -0.203755 -0.239058
v -0.027830 -0.180866 0.988165
v -0.064443 -0.224712 0.462652
v -0.211748 -0.285063 -0.458498
v -0.241828 -0.194269 0.226164
v -0.383608 -0.203777 -0.014351
v 0.315057 -0.314871 -0.243657
v -0.159736 -0.221078 -0.470050
v -0.198848 -0.203607 -0.535452
v -0.000720 -0.314957 0.376091
v 0.051893 -0.194310 0.321601
v 0.385179 -0.187391 0.111234
v 0.106178 0.311635 -0.291475
v -0.078348 0.017392 -0.245325
v -0.560565 -0.137644 -1.168889
v -0.053856 -0.274935 0.469673
v 0.338822 -0.203662 -0.014352
v 0.224032 -0.322914 -0.323509
v -0.254367 0.460009 -0.406107
v 0.244999 1.464779 0.281211
v -0.036050 0.247786 0.192974
v 0.103793 -0.194253 -0.337842
v 0.339951 -0.322886 -0.187782
v -0.308711 1.415123 -0.388728
v 0.052533 -0.322951 -0.350174
v 0.299370 1.333029 0.448224
v 0.201166 0.392471 0.313058
v -0.083712 0.274066 -0.079043
v -0.425831 -0.152669 -1.048966
v 0.019285 -0.264215 0.548792
v -0.452409 -0.227972 -1.046794
v -0.392379 -0.211449 -1.236311
v -0.349395 0.723833 -0.536902
v -0.378901 -0.203777 -0.074154
v -0.212471 1.114731 0.601554
v -0.119530 -0.275578 -0.404650
v 0.244999 0.392471 0.281211
v -0.181543 -0.275666 -0.550816
v 0.117460 -0.322934 0.349364
v -0.212638 -0.284817 -0.460866
v 0.138751 0.017392 -0.014538
v -0.449501 -0.164877 -1.041330
v 0.347059 -0.314843 0.162971
v 0.347059 -0.314843 0.162971
v 0.092577 0.298339 0.163598
v 0.050638 1.556684 -0.102296
v 0.060341 -0.314963 -0.399748
v -0.042075 0.249071 -0.113913
v -0.192687 -0.230235 -0.461335
v 0.160864 1.009753 -0.670074
v 0.269644 -0.322895 0.256100
v -0.216298 -0.237957 -0.453256
v -0.459600 -0.216576 -1.042904
v 0.198974 0.697332 -0.607551
v 0.361475 -0.338761 -0.198727
v -0.324165 -0.322893 -0.119330
v -0.042084 -0.288863 0.470685
v -0.113204 0.415626 0.455773
v 0.109412 1.515148 -0.302491
v -0.118754 -0.258718 -0.403190
v -0.039879 0.274066 -0.110890
v 0.031953 -0.262517 0.391783
v 0.198610 -0.194310 0.260827
v -0.224988 -0.262581 -0.452545
v -0.155096 -0.322964 0.288843
v 0.331177 1.318163 0.399825
v -0.105783 -0.322982 0.309269
v -0.224301 -0.305920 -0.460037
v -0.001316 -0.203621 -0.354490
v -0.306091 0.524221 -0.477299
v -0.060481 -0.322991 -0.391818
v -0.188714 -0.205092 -0.462945
v -0.271639 -0.203730 0.255975
v 0.362907 -0.322875 -0.132358
v 0.176482 -0.314921 -0.362010
v 0.361739 0.928624 0.534068
v -0.378347 0.820996 -0.576750
v 0.347059 -0.314859 -0.191434
v -0.147668 -0.267805 -0.479446
v -0.001316 -0.203656 -0.396648
v -0.390195 -0.165672 -1.063723
v -0.178237 -0.238467 -0.467626
v 0.335273 -0.323048 0.038986
v -0.182177 -0.332448 -0.370440
v -0.219502 -0.279221 -0.457703
v -0.167584 0.794495 0.640999
v -0.180103 -0.278959 -0.471133
v -0.035205 -0.209171 0.462173
v 0.334632 -0.203665 -0.067561
v -0.172100 -0.210996 -0.464351
v 0.376910 -0.322877 -0.074026
v -0.236038 -0.224368 -0.524984
v -0.054525 -0.194241 -0.350303
v 0.033158 0.274066 0.081814
v -0.229528 -0.197982 -0.523326
v 0.273860 -0.203671 0.185577
v 0.001741 -0.258074 0.471157
v 0.104432 -0.323019 0.309269
v 0.199629 0.315602 0.218765
v -0.213680 -0.198195 -0.529310
v 0.153432 1.370740 -0.452427
v -0.412711 -0.152844 -1.053920
v 0.059129 -0.322958 -0.391817
v -0.001317 -0.203660 0.325787
v 0.051691 0.222571 -0.105881
v 0.126235 0.497721 -0.552124
v 0.198610 -0.203670 0.260827
v 0.111610 0.017392 -0.098068
v 0.153743 -0.322974 -0.317288
v -0.174643 -0.213145 -0.377429
v -0.337265 -0.194235 -0.067560
v 0.239304 0.017392 -0.014538
v -0.276492 -0.203628 0.185578
v 0.018556 0.242719 -0.030461
v 0.018556 0.242719 -0.030461
v 0.018556 1.614531 -0.030461
v -0.226632 -0.262643 -0.453298
v -0.231007 -0.220913 -0.444586
v 0.135343 0.345511 -0.390816
v -0.442172 -0.236319 -1.051512
v -0.143963 -0.218770 -0.389555
v -0.241188 -0.322912 -0.254736
v 0.135343 1.458738 -0.390816
v -0.422179 0.820996 -0.544904
v -0.048729 -0.282249 0.470794
v 0.149048 1.519114 0.241323
v 0.018556 1.589211 -0.030461
v -0.062333 -0.211643 0.371175
v -0.103890 1.582963 -0.198993
v 0.176482 -0.314897 0.333549
v 0.103792 -0.203666 0.309140
v 0.239196 -0.203671 0.226164
v 0.334632 -0.203673 0.038857
v 0.322174 -0.203652 -0.119461
v 0.239196 -0.203637 -0.254865
v 0.103793 -0.203620 -0.337842
v -0.053884 -0.322931 -0.350174
v 0.051893 -0.203615 -0.350303
v -0.054525 -0.203610 -0.350303
v -0.106423 -0.203603 -0.337842
v -0.276492 -0.203598 -0.214280
v -0.324805 -0.203602 -0.119459
v -0.337265 -0.203605 -0.067560
v -0.337266 -0.203612 0.038858
v -0.241828 -0.203634 0.226164
v -0.214833 0.902124 0.609598
v 0.119897 -0.314918 0.356987
v 0.059128 -0.322954 0.363368
v 0.172881 -0.322920 0.326405
v 0.228705 -0.314880 0.301546
v 0.308604 -0.322886 0.210484
v 0.339949 -0.322879 0.159335
v 0.339949 -0.322879 0.159335
v 0.370498 -0.314837 0.106386
v -0.033103 -0.290482 0.472837
v -0.033103 -0.290482 0.472837
v 0.376909 -0.322876 0.045581
v 0.381618 -0.322870 -0.014223
v 0.384795 -0.314844 -0.075291
v 0.370498 -0.314845 -0.134847
v 0.308607 -0.322893 -0.238931
v 0.269648 -0.322902 -0.284547
v 0.223392 -0.203559 -0.323639
v 0.172242 -0.203579 -0.354982
v 0.116821 -0.203600 -0.377938
v 0.059786 -0.211623 -0.399859
v 0.058488 -0.203622 -0.391942
v -0.001273 -0.211663 -0.404665
v -0.062332 -0.211683 -0.399859
v -0.061120 -0.203670 -0.391941
v -0.121888 -0.211706 -0.385560
v -0.119450 -0.203688 -0.377935
v -0.142499 1.202994 0.555554
v -0.178474 -0.211731 -0.362121
v -0.230697 -0.211753 -0.330120
v -0.025277 1.614531 0.001385
v -0.226021 -0.203726 -0.323634
v -0.277270 -0.211789 -0.290341
v -0.317048 -0.211788 -0.243768
v -0.349049 -0.211805 -0.191545
v -0.000975 -0.249136 0.470069
v -0.386787 -0.211813 -0.075401
v -0.364898 -0.203767 0.103785
v -0.372489 -0.211798 0.106274
v -0.349050 -0.211784 0.162860
v -0.336626 -0.322905 0.038987
v -0.310599 -0.203745 0.210357
v 0.083357 0.345511 -0.406078
v -0.277270 -0.211748 0.261658
v -0.121888 -0.211679 0.356875
v -0.121334 -0.315006 0.356987
v -0.061779 -0.314979 0.371287
v 0.153743 -0.323027 0.288844
v 0.199251 -0.323034 0.260956
v 0.302389 -0.323045 0.140197
v 0.302389 -0.323045 0.140197
v 0.322814 -0.323025 -0.119332
v 0.274501 -0.323010 -0.214151
v 0.104433 -0.322962 -0.337713
v -0.000676 -0.322948 -0.354361
v -0.105783 -0.322919 -0.337713
v -0.200603 -0.322904 -0.289401
v -0.275853 -0.322894 -0.214151
v -0.303739 -0.322896 -0.168643
v -0.303740 -0.322920 0.140198
v -0.275853 -0.322930 0.185707
v -0.241189 -0.322941 0.226293
v -0.200604 -0.322952 0.260957
v -0.000677 -0.322999 0.325916
v 0.052533 -0.323014 0.321730
v -0.416773 -0.240975 -1.061551
v -0.393103 -0.228767 -1.069186
v -0.379561 -0.190397 -1.070293
v -0.400431 -0.157325 -1.059005
v -0.457733 -0.176067 -1.039397
v -0.462399 -0.189288 -1.039015
v -0.243409 -0.229774 -0.522773
v -0.252488 -0.255499 -0.522031
v -0.142065 1.458738 0.361741
v -0.137878 0.365971 0.347478
v -0.227539 -0.221588 -0.527892
v -0.223072 -0.244419 -0.452743
v -0.201107 -0.230122 -0.458156
v -0.222181 -0.244666 -0.450375
v -0.209291 -0.231758 -0.453882
v -0.226201 -0.253284 -0.452488
v -0.225741 -0.262889 -0.450929
v -0.222779 -0.271136 -0.454265
v -0.224324 -0.271580 -0.455095
v -0.211594 -0.283806 -0.459790
v -0.203714 -0.286682 -0.463053
v -0.195294 -0.286794 -0.466233
v -0.195294 -0.286794 -0.466233
v -0.194718 -0.288185 -0.465229
v -0.194718 -0.288185 -0.465229
v -0.195609 -0.287939 -0.467598
v -0.195609 -0.287939 -0.467598
v -0.187159 -0.284134 -0.469016
v -0.173329 -0.272497 -0.471645
v -0.174220 -0.272251 -0.474013
v -0.171825 -0.263293 -0.472618
v -0.171091 -0.263386 -0.474269
v -0.173622 -0.245781 -0.470123
v -0.184807 -0.233111 -0.464598
v -0.191995 -0.229096 -0.460112
v -0.192886 -0.228850 -0.462481
v -0.258118 -0.212729 -0.514104
v -0.249113 -0.297766 -0.527694
v -0.174415 -0.260415 -0.550547
v -0.148672 -0.250452 -0.482723
v -0.153485 -0.235041 -0.477946
v 0.153432 0.433509 -0.452427
v -0.203987 -0.206270 -0.455958
v -0.244840 -0.202991 -0.518087
v -0.240715 -0.234108 -0.442306
v -0.218814 -0.257378 -0.365409
v -0.191839 -0.312037 -0.467427
v -0.191839 -0.312037 -0.467427
v -0.122912 -0.242617 -0.399952
v -0.131598 -0.228852 -0.395254
v -0.158795 -0.213357 -0.383413
v -0.480463 -0.271985 -1.215061
v -0.515363 -0.264298 -1.201371
v -0.545141 -0.243608 -1.189133
v -0.569721 -0.174713 -1.171467
v -0.539805 -0.105682 -1.172413
v -0.472917 -0.076936 -1.191416
v -0.437580 -0.084794 -1.203829
v -0.294065 0.539086 -0.460747
v -0.408240 -0.105326 -1.217345
v -0.383660 -0.174208 -1.235010
v -0.413576 -0.243251 -1.234065
v 0.405572 0.928624 0.502222
v -0.014001 -0.235653 0.470283
v 0.033158 1.583186 0.081814
v 0.287344 1.318163 0.431672
v -0.090078 0.345511 0.377003
v -0.061956 -0.244775 0.991695
v -0.039879 1.583186 -0.110890
v 0.319282 1.229494 0.475631
v -0.118330 0.017392 -0.098068
v -0.187110 -0.285159 -0.470506
v 0.153102 -0.203669 0.288715
v 0.253736 1.485239 0.293237
v -0.174820 -0.271779 -0.472374
v -0.155769 1.519114 -0.270398
v -0.155735 -0.203601 -0.317416
v 0.153102 -0.194259 -0.317417
v 0.275279 -0.314883 -0.290230
v 0.001351 -0.267186 0.474577
v -0.057636 -0.257083 0.468913
v -0.000676 -0.322982 -0.396524
v -0.304379 -0.203623 0.140069
v 0.155797 0.315602 0.250612
vn 0.1272 0.1955 0.9724
vn 0.2612 0.2328 0.9368
vn 0.1052 0.2473 0.9632
vn 0.2197 0.3229 0.9206
vn 0.0680 0.2898 0.9547
vn 0.1519 0.3956 0.9058
vn 0.0193 0.3187 0.9477
vn 0.0646 0.4439 0.8937
vn -0.0362 0.3312 0.9429
vn -0.0337 0.4630 0.8857
vn -0.0930 0.3262 0.9407
vn -0.1335 0.4511 0.8824
vn -0.1456 0.3041 0.9415
vn -0.2249 0.4093 0.8843
vn -0.1888 0.2670 0.9450
vn -0.2989 0.3417 0.8910
vn -0.2184 0.2185 0.9511
vn -0.3484 0.2549 0.9020
vn -0.2316 0.1636 0.9590
vn -0.3686 0.1575 0.9162
vn -0.2269 0.1074 0.9680
vn -0.3573 0.0589 0.9321
vn -0.2050 0.0555 0.9772
vn -0.3158 -0.0312 0.9483
vn -0.1678 0.0130 0.9857
vn -0.2480 -0.1039 0.9632
vn -0.1676 0.0130 0.9858
vn -0.1191 -0.0159 0.9928
vn -0.1607 -0.1522 0.9752
vn -0.0636 -0.0284 0.9976
vn -0.0624 -0.1714 0.9832
vn -0.0068 -0.0234 0.9997
vn 0.0374 -0.1594 0.9865
vn 0.0458 -0.0013 0.9989
vn 0.1288 -0.1176 0.9847
vn 0.0890 0.0359 0.9954
vn 0.2028 -0.0500 0.9779
vn 0.1187 0.0843 0.9894
vn 0.2523 0.0367 0.9669
vn 0.1318 0.1392 0.9815
vn 0.2725 0.1342 0.9528
vn 0.3974 0.2670 0.8779
vn 0.3361 0.3956 0.8547
vn 0.2375 0.4988 0.8335
vn 0.1112 0.5666 0.8164
vn -0.0303 0.5923 0.8052
vn -0.1733 0.5734 0.8008
vn -0.3038 0.5117 0.8037
vn -0.4089 0.4133 0.8136
vn -0.4784 0.2878 0.8296
vn -0.5055 0.1476 0.8501
vn -0.4875 0.0062 0.8731
vn -0.4262 -0.1223 0.8963
vn -0.3276 -0.2256 0.9175
vn -0.2013 -0.2933 0.9346
vn -0.0597 -0.3190 0.9459
vn 0.0833 -0.3001 0.9503
vn 0.2137 -0.2384 0.9474
vn 0.3189 -0.1400 0.9374
vn 0.3884 -0.0146 0.9214
vn 0.4154 0.1257 0.9009
vn 0.5262 0.2955 0.7974
vn 0.4463 0.4600 0.7676
vn 0.3187 0.5917 0.7405
vn 0.1559 0.6776 0.7187
vn -0.0263 0.7093 0.7044
vn -0.2097 0.6837 0.6989
vn -0.3766 0.6034 0.7029
vn -0.5108 0.4760 0.7159
vn -0.5989 0.3143 0.7366
vn -0.6324 0.1340 0.7630
vn -0.6080 -0.0473 0.7926
vn -0.5280 -0.2119 0.8224
vn -0.4005 -0.3436 0.8494
vn -0.4004 -0.3436 0.8495
vn -0.2377 -0.4295 0.8712
vn -0.0556 -0.4612 0.8856
vn 0.1279 -0.4356 0.8910
vn 0.2949 -0.3552 0.8870
vn 0.4290 -0.2280 0.8741
vn 0.5171 -0.0662 0.8534
vn 0.5506 0.1142 0.8269
vn 0.6430 0.3170 0.6972
vn 0.5463 0.5138 0.6615
vn 0.3927 0.6709 0.6291
vn 0.3925 0.6709 0.6291
vn 0.1970 0.7729 0.6031
vn -0.0214 0.8100 0.5861
vn -0.2412 0.7783 0.5797
vn -0.4408 0.6811 0.5846
vn -0.6009 0.5278 0.6003
vn -0.7056 0.3335 0.6253
vn -0.7447 0.1171 0.6570
vn -0.7145 -0.1001 0.6925
vn -0.6177 -0.2969 0.7282
vn -0.4642 -0.4540 0.7606
vn -0.4641 -0.4540 0.7606
vn -0.2685 -0.5561 0.7866
vn -0.0501 -0.5931 0.8036
vn 0.1697 -0.5614 0.8099
vn 0.3694 -0.4642 0.8050
vn 0.5294 -0.3109 0.7893
vn 0.6341 -0.1166 0.7644
vn 0.6733 0.0998 0.7326
vn 0.7445 0.3309 0.5799
vn 0.6334 0.5552 0.5391
vn 0.4573 0.7339 0.5022
vn 0.4571 0.7340 0.5022
vn 0.2335 0.8498 0.4726
vn -0.0160 0.8912 0.4533
vn -0.2669 0.8542 0.4462
vn -0.4945 0.7425 0.4519
vn -0.6766 0.5669 0.4699
vn -0.7955 0.3445 0.4985
vn -0.8393 0.0973 0.5348
vn -0.8039 -0.1505 0.5754
vn -0.6927 -0.3749 0.6161
vn -0.5167 -0.5537 0.6530
vn -0.5165 -0.5539 0.6530
vn -0.2929 -0.6695 0.6826
vn -0.0433 -0.7109 0.7019
vn 0.2074 -0.6740 0.7090
vn 0.4351 -0.5622 0.7033
vn 0.6172 -0.3866 0.6853
vn 0.7361 -0.1642 0.6567
vn 0.7799 0.0830 0.6203
vn 0.8281 0.3367 0.4482
vn 0.7051 0.5832 0.4034
vn 0.5110 0.7793 0.3628
vn 0.5107 0.7794 0.3628
vn 0.2644 0.9061 0.3304
vn -0.0103 0.9509 0.3092
vn -0.2862 0.9095 0.3015
vn -0.5362 0.7859 0.3080
vn -0.7361 0.5921 0.3279
vn -0.8662 0.3472 0.3594
vn -0.9137 0.0752 0.3995
vn -0.8740 -0.1974 0.4440
vn -0.7510 -0.4439 0.4888
vn -0.5569 -0.6401 0.5294
vn -0.5566 -0.6402 0.5294
vn -0.3102 -0.7668 0.5619
vn -0.0355 -0.8117 0.5830
vn 0.2403 -0.7703 0.5907
vn 0.4904 -0.6466 0.5843
vn 0.6902 -0.4529 0.5643
vn 0.8203 -0.2080 0.5328
vn 0.8678 0.0641 0.4928
vn 0.8916 0.3343 0.3055
vn 0.7598 0.5969 0.2578
vn 0.5521 0.8057 0.2145
vn 0.5519 0.8058 0.2145
vn 0.2888 0.9403 0.1800
vn -0.0043 0.9875 0.1575
vn -0.2985 0.9426 0.1494
vn -0.5649 0.8102 0.1564
vn -0.7777 0.6029 0.1778
vn -0.9158 0.3415 0.2115
vn -0.9658 0.0512 0.2542
vn -0.9228 -0.2395 0.3018
vn -0.7910 -0.5021 0.3496
vn -0.5834 -0.7109 0.3928
vn -0.5832 -0.7111 0.3928
vn -0.3200 -0.8455 0.4274
vn -0.0269 -0.8927 0.4498
vn 0.2672 -0.8479 0.4579
vn 0.5337 -0.7154 0.4509
vn 0.7464 -0.5082 0.4296
vn 0.8846 -0.2467 0.3958
vn 0.9346 0.0436 0.3531
vn 0.9333 0.3238 0.1553
vn 0.7959 0.5962 0.1058
vn 0.5798 0.8125 0.0609
vn 0.5797 0.8125 0.0609
vn 0.3061 0.9517 0.0251
vn 0.0017 1.0000 0.0019
vn -0.3035 0.9528 -0.0064
vn -0.5799 0.8147 0.0009
vn -0.8002 0.5993 0.0232
vn -0.9431 0.3274 0.0583
vn -0.9944 0.0258 0.1027
vn -0.9491 -0.2759 0.1521
vn -0.8117 -0.5481 0.2017
vn -0.5956 -0.7645 0.2466
vn -0.3219 -0.9037 0.2823
vn -0.0177 -0.9520 0.3055
vn 0.2876 -0.9048 0.3139
vn 0.5640 -0.7668 0.3065
vn 0.7845 -0.5511 0.2842
vn 0.9273 -0.2794 0.2492
vn 0.9786 0.0222 0.2046
vn 0.9522 0.3053 0.0013
vn 0.8126 0.5808 -0.0488
vn 0.5936 0.7992 -0.0942
vn 0.5933 0.7995 -0.0942
vn 0.3161 0.9397 -0.1304
vn 0.0079 0.9881 -0.1538
vn -0.3011 0.9397 -0.1621
vn -0.5806 0.7994 -0.1546
vn -0.8033 0.5808 -0.1319
vn -0.9474 0.3053 -0.0964
vn -0.9987 -0.0000 -0.0513
vn -0.9522 -0.3053 -0.0013
vn -0.8126 -0.5808 0.0489
vn -0.5934 -0.7994 0.0942
vn -0.5933 -0.7995 0.0942
vn -0.3161 -0.9397 0.1304
vn -0.0079 -0.9881 0.1538
vn 0.3011 -0.9397 0.1621
vn 0.5806 -0.7994 0.1546
vn 0.8033 -0.5808 0.1319
vn 0.9474 -0.3053 0.0964
vn 0.9987 -0.0000 0.0514
vn 0.9480 0.2794 -0.1527
vn 0.8094 0.5513 -0.2023
vn 0.5926 0.7667 -0.2471
vn 0.5923 0.7669 -0.2471
vn 0.3184 0.9048 -0.2827
vn 0.0140 0.9520 -0.3057
vn -0.2914 0.9037 -0.3139
vn -0.5670 0.7647 -0.3063
vn -0.7866 0.5484 -0.2839
vn -0.9285 0.2759 -0.2486
vn -0.9786 -0.0258 -0.2042
vn -0.9322 -0.3273 -0.1547
vn -0.7938 -0.5990 -0.1052
vn -0.5768 -0.8147 -0.0604
vn -0.5766 -0.8148 -0.0604
vn -0.3026 -0.9528 -0.0247
vn 0.0019 -1.0000 -0.0017
vn 0.3072 -0.9516 0.0064
vn 0.5830 -0.8125 -0.0011
vn 0.8025 -0.5962 -0.0235
vn 0.9443 -0.3238 -0.0588
vn 0.9944 -0.0222 -0.1033
vn 0.9205 0.2467 -0.3030
vn 0.7866 0.5082 -0.3507
vn 0.5773 0.7153 -0.3938
vn 0.5771 0.7155 -0.3938
vn 0.3128 0.8479 -0.4281
vn 0.0193 0.8927 -0.4502
vn -0.2745 0.8456 -0.4579
vn -0.5398 0.7110 -0.4506
vn -0.7510 0.5022 -0.4288
vn -0.8870 0.2395 -0.3949
vn -0.9346 -0.0511 -0.3519
vn -0.8893 -0.3415 -0.3043
vn -0.7553 -0.6030 -0.2566
vn -0.5459 -0.8102 -0.2135
vn -0.5458 -0.8102 -0.2135
vn -0.2816 -0.9426 -0.1792
vn 0.0118 -0.9875 -0.1571
vn 0.3058 -0.9403 -0.1494
vn 0.5711 -0.8058 -0.1567
vn 0.7822 -0.5969 -0.1785
vn 0.9182 -0.3342 -0.2125
vn 0.9659 -0.0436 -0.2554
vn 0.8706 0.2080 -0.4459
vn 0.7445 0.4529 -0.4906
vn 0.5478 0.6466 -0.5309
vn 0.5476 0.6467 -0.5309
vn 0.2996 0.7703 -0.5630
vn 0.0244 0.8117 -0.5836
vn -0.2510 0.7668 -0.5907
vn -0.4995 0.6401 -0.5838
vn -0.6969 0.4439 -0.5633
vn -0.8238 0.1974 -0.5313
vn -0.8679 -0.0752 -0.4911
vn -0.8248 -0.3471 -0.4464
vn -0.6986 -0.5921 -0.4017
vn -0.5020 -0.7858 -0.3613
vn -0.5017 -0.7860 -0.3613
vn -0.2537 -0.9095 -0.3293
vn 0.0215 -0.9509 -0.3087
vn 0.2968 -0.9061 -0.3015
vn 0.5454 -0.7793 -0.3085
vn 0.7428 -0.5831 -0.3290
vn 0.8697 -0.3367 -0.3609
vn 0.9138 -0.0641 -0.4012
vn 0.7996 0.1642 -0.5777
vn 0.6843 0.3866 -0.6183
vn 0.5050 0.5621 -0.6549
vn 0.5049 0.5622 -0.6550
vn 0.2791 0.6740 -0.6840
vn 0.0288 0.7109 -0.7027
vn -0.2214 0.6695 -0.7091
vn -0.4469 0.5537 -0.7026
vn -0.6259 0.3749 -0.6839
vn -0.7407 0.1506 -0.6548
vn -0.7800 -0.0972 -0.6181
vn -0.7402 -0.3444 -0.5775
vn -0.6249 -0.5668 -0.5369
vn -0.4457 -0.7424 -0.5002
vn -0.4454 -0.7425 -0.5002
vn -0.2197 -0.8542 -0.4712
vn 0.0306 -0.8912 -0.4525
vn 0.2808 -0.8498 -0.4461
vn 0.5064 -0.7340 -0.4526
vn 0.6853 -0.5552 -0.4713
vn 0.8001 -0.3308 -0.5004
vn 0.8394 -0.0829 -0.5371
vn 0.7092 0.1166 -0.6953
vn 0.6076 0.3108 -0.7309
vn 0.4501 0.4642 -0.7629
vn 0.4500 0.4642 -0.7629
vn 0.2519 0.5614 -0.7883
vn 0.0326 0.5931 -0.8045
vn -0.1864 0.5561 -0.8100
vn -0.3836 0.4540 -0.8042
vn -0.5398 0.2969 -0.7877
vn -0.6397 0.1002 -0.7621
vn -0.6734 -0.1171 -0.7300
vn -0.6377 -0.3335 -0.6944
vn -0.5361 -0.5278 -0.6588
vn -0.3787 -0.6810 -0.6268
vn -0.3785 -0.6811 -0.6268
vn -0.1805 -0.7783 -0.6014
vn 0.0389 -0.8100 -0.5852
vn 0.2578 -0.7730 -0.5797
vn 0.4551 -0.6709 -0.5855
vn 0.6113 -0.5138 -0.6020
vn 0.7111 -0.3170 -0.6276
vn 0.7448 -0.0998 -0.6597
vn 0.6019 0.0662 -0.7958
vn 0.5164 0.2280 -0.8255
vn 0.3843 0.3553 -0.8521
vn 0.2186 0.4356 -0.8732
vn 0.0355 0.4612 -0.8866
vn -0.1470 0.4295 -0.8910
vn -0.3112 0.3436 -0.8861
vn -0.4409 0.2119 -0.8722
vn -0.5234 0.0474 -0.8508
vn -0.5508 -0.1340 -0.8238
vn -0.5201 -0.3144 -0.7941
vn -0.4346 -0.4761 -0.7645
vn -0.3026 -0.6034 -0.7378
vn -0.3025 -0.6034 -0.7378
vn -0.1369 -0.6837 -0.7168
vn 0.0462 -0.7093 -0.7034
vn 0.2288 -0.6776 -0.6989
vn 0.3929 -0.5917 -0.7039
vn 0.5227 -0.4600 -0.7178
vn 0.6052 -0.2955 -0.7392
vn 0.6325 -0.1142 -0.7661
vn 0.4808 0.0146 -0.8767
vn 0.4133 0.1400 -0.8998
vn 0.3098 0.2384 -0.9204
vn 0.1803 0.3001 -0.9367
vn 0.0376 0.3190 -0.9470
vn -0.1044 0.2933 -0.9503
vn -0.2317 0.2256 -0.9463
vn -0.3320 0.1224 -0.9353
vn -0.3954 -0.0062 -0.9185
vn -0.4156 -0.1476 -0.8975
vn -0.3908 -0.2878 -0.8743
vn -0.3233 -0.4133 -0.8513
vn -0.2198 -0.5117 -0.8306
vn -0.2197 -0.5117 -0.8306
vn -0.0903 -0.5734 -0.8143
vn 0.0524 -0.5923 -0.8040
vn 0.1944 -0.5666 -0.8007
vn 0.3218 -0.4988 -0.8048
vn 0.4220 -0.3956 -0.8157
vn 0.4854 -0.2670 -0.8325
vn 0.5057 -0.1257 -0.8535
vn 0.3502 -0.0367 -0.9360
vn 0.3021 0.0500 -0.9520
vn 0.2291 0.1176 -0.9663
vn 0.1384 0.1594 -0.9775
vn 0.0388 0.1714 -0.9844
vn -0.0598 0.1522 -0.9865
vn -0.1479 0.1039 -0.9835
vn -0.2168 0.0312 -0.9757
vn -0.2598 -0.0589 -0.9639
vn -0.2726 -0.1575 -0.9492
vn -0.2541 -0.2549 -0.9330
vn -0.2060 -0.3417 -0.9170
vn -0.1330 -0.4093 -0.9027
vn -0.0423 -0.4511 -0.8915
vn 0.0573 -0.4630 -0.8845
vn 0.1559 -0.4439 -0.8824
vn 0.2440 -0.3956 -0.8854
vn 0.3129 -0.3229 -0.8932
vn 0.3559 -0.2328 -0.9051
vn 0.3687 -0.1342 -0.9198
vn 0.2196 -0.0843 -0.9719
vn 0.1907 -0.0359 -0.9810
vn 0.1481 0.0012 -0.9890
vn 0.1480 0.0012 -0.9890
vn 0.0958 0.0234 -0.9951
vn 0.0391 0.0285 -0.9988
vn -0.0166 0.0159 -0.9997
vn -0.0658 -0.0130 -0.9977
vn -0.1036 -0.0555 -0.9931
vn -0.1265 -0.1073 -0.9861
vn -0.1320 -0.1635 -0.9777
vn -0.1198 -0.2185 -0.9685
vn -0.0909 -0.2669 -0.9594
vn -0.0483 -0.3040 -0.9514
vn 0.0040 -0.3262 -0.9453
vn 0.0607 -0.3313 -0.9416
vn 0.1164 -0.3188 -0.9406
vn 0.1656 -0.2898 -0.9426
vn 0.2034 -0.2473 -0.9473
vn 0.2261 -0.1955 -0.9543
vn 0.2318 -0.1393 -0.9627
vn -0.0507 0.1540 0.9868
vn -0.0508 0.1540 0.9868
vn 0.0508 -0.1540 -0.9868
vn 0.0507 -0.1540 -0.9868
vn 0.9189 0.3931 0.0345
vn 0.7545 0.6563 -0.0042
vn 0.8731 0.4871 0.0217
vn 0.6817 0.7314 -0.0173
vn 0.5162 0.8554 -0.0425
vn 0.4236 0.9042 -0.0546
vn 0.2273 0.9708 -0.0767
vn 0.1240 0.9885 -0.0866
vn -0.0838 0.9911 -0.1034
vn -0.1878 0.9760 -0.1101
vn -0.3866 0.9144 -0.1199
vn -0.4811 0.8680 -0.1229
vn -0.6516 0.7482 -0.1247
vn -0.7274 0.6750 -0.1236
vn -0.8529 0.5088 -0.1173
vn -0.9024 0.4159 -0.1122
vn -0.9706 0.2195 -0.0984
vn -0.9892 0.1162 -0.0898
vn -0.9934 -0.0912 -0.0699
vn -0.9791 -0.1950 -0.0586
vn -0.9189 -0.3930 -0.0345
vn -0.8731 -0.4871 -0.0217
vn -0.7545 -0.6563 0.0042
vn -0.6817 -0.7314 0.0173
vn -0.5162 -0.8554 0.0425
vn -0.4235 -0.9042 0.0546
vn -0.2274 -0.9708 0.0767
vn -0.1240 -0.9885 0.0866
vn 0.0838 -0.9911 0.1034
vn 0.1878 -0.9760 0.1101
vn 0.3866 -0.9144 0.1199
vn 0.4812 -0.8680 0.1229
vn 0.6516 -0.7482 0.1247
vn 0.7274 -0.6750 0.1235
vn 0.8529 -0.5088 0.1173
vn 0.9025 -0.4159 0.1122
vn 0.9706 -0.2195 0.0984
vn 0.9892 -0.1161 0.0898
vn 0.9934 0.0912 0.0699
vn 0.9791 0.1950 0.0586
vn -0.0787 0.0968 0.9922
vn -0.0787 0.0969 0.9922
vn 0.6552 -0.4276 -0.6228
vn 0.9893 -0.1166 0.0880
vn 0.1166 -0.1143 -0.9866
vn 0.1199 -0.1038 -0.9873
vn 0.1092 -0.1252 -0.9861
vn 0.5134 -0.5957 -0.6177
vn 0.9798 0.1937 0.0489
vn 0.1202 -0.0908 -0.9886
vn 0.8744 0.4851 0.0050
vn 0.1164 -0.0783 -0.9901
vn 0.6835 0.7289 -0.0397
vn 0.1088 -0.0676 -0.9918
vn 0.4727 0.8780 -0.0756
vn 0.0984 -0.0596 -0.9934
vn 0.2294 0.9677 -0.1042
vn 0.0839 -0.0551 -0.9949
vn 0.2294 0.9677 -0.1041
vn -0.0815 0.9881 -0.1306
vn 0.0840 -0.0555 -0.9949
vn -0.0751 0.6177 -0.7828
vn -0.3845 0.9117 -0.1446
vn -0.2815 0.5421 -0.7918
vn -0.6499 0.7461 -0.1447
vn -0.4549 0.4066 -0.7923
vn -0.8517 0.5075 -0.1308
vn 0.0406 -0.0792 -0.9960
vn -0.9701 0.2190 -0.1045
vn 0.0373 -0.0897 -0.9953
vn -0.6427 -0.1319 -0.7546
vn 0.0372 -0.1028 -0.9940
vn -0.5907 -0.3442 -0.7298
vn 0.0410 -0.1153 -0.9925
vn -0.4753 -0.5296 -0.7026
vn 0.0498 -0.1274 -0.9906
vn -0.3079 -0.6699 -0.6756
vn -0.2428 -0.7043 -0.6671
vn -0.1050 -0.7513 -0.6515
vn 0.0733 -0.1384 -0.9877
vn 0.1137 -0.7659 -0.6328
vn 0.0843 -0.1382 -0.9868
vn 0.3268 -0.7123 -0.6212
vn 0.0969 -0.1343 -0.9862
vn 0.4564 -0.4051 0.7922
vn 0.2834 -0.5410 0.7918
vn -0.0512 0.0651 0.9966
vn -0.0603 0.0591 0.9964
vn 0.5444 -0.2880 0.7878
vn 0.5792 -0.2227 0.7842
vn 0.0772 -0.6173 0.7829
vn -0.0731 0.0553 0.9958
vn 0.5134 -0.5958 -0.6176
vn 0.5668 -0.5443 -0.6185
vn 0.6901 -0.3622 -0.6265
vn 0.3934 -0.6798 -0.6190
vn 0.3269 -0.7124 -0.6210
vn 0.1870 -0.7555 -0.6279
vn 0.1138 -0.7660 -0.6326
vn 0.7383 -0.2243 -0.6361
vn 0.7514 -0.1516 -0.6422
vn 0.6269 -0.0845 0.7745
vn 0.6399 -0.0119 0.7684
vn 0.7546 -0.0058 -0.6561
vn 0.7446 0.0673 -0.6641
vn 0.6425 0.1340 0.7544
vn 0.6324 0.2070 0.7465
vn 0.7025 0.2066 -0.6810
vn 0.6704 0.2728 -0.6900
vn 0.5898 0.3462 0.7296
vn 0.5576 0.4123 0.7205
vn 0.5872 0.3920 -0.7082
vn 0.5361 0.4449 -0.7174
vn -0.0470 0.1246 0.9911
vn 0.4226 0.5840 0.6931
vn 0.4199 0.5322 -0.7351
vn 0.3548 0.5666 -0.7437
vn -0.0568 0.1328 0.9895
vn 0.2410 0.7052 0.6668
vn 0.2169 0.6137 -0.7591
vn 0.0839 -0.0555 -0.9949
vn 0.1030 0.7518 0.6513
vn 0.0303 0.7642 0.6442
vn 0.2168 0.6137 -0.7591
vn -0.0019 0.6283 -0.7780
vn 0.0839 -0.0550 -0.9950
vn 0.0729 -0.0553 -0.9958
vn 0.1028 0.7518 0.6513
vn -0.1159 0.7657 0.6326
vn 0.0301 0.7642 0.6443
vn -0.1892 0.7550 0.6278
vn -0.2150 0.5747 -0.7896
vn 0.0603 -0.0592 -0.9964
vn -0.3288 0.7114 0.6211
vn -0.3953 0.6787 0.6189
vn -0.4015 0.4581 -0.7931
vn 0.0480 -0.0682 -0.9965
vn -0.5150 0.5943 0.6177
vn -0.5682 0.5428 0.6185
vn -0.5433 0.2899 -0.7879
vn -0.5782 0.2246 -0.7844
vn -0.6563 0.4257 0.6229
vn -0.6911 0.3603 0.6265
vn -0.6264 0.0866 -0.7746
vn -0.6395 0.0139 -0.7686
vn -0.7388 0.2222 0.6363
vn -0.7517 0.1494 0.6423
vn -0.6428 -0.1319 -0.7546
vn -0.6327 -0.2049 -0.7468
vn -0.7544 0.0036 0.6564
vn -0.7443 -0.0694 0.6643
vn -0.5585 -0.4104 -0.7208
vn -0.7017 -0.2085 0.6813
vn -0.6695 -0.2747 0.6902
vn -0.4753 -0.5296 -0.7025
vn -0.4242 -0.5825 -0.6934
vn -0.5858 -0.3936 0.7085
vn -0.5346 -0.4464 0.7176
vn -0.3080 -0.6699 -0.6756
vn -0.4180 -0.5333 0.7355
vn -0.3528 -0.5675 0.7439
vn -0.0323 -0.7639 -0.6445
vn -0.0881 0.0557 0.9946
vn -0.1420 -0.6264 0.7664
vn 0.6903 -0.3618 -0.6266
vn 0.5671 -0.5439 -0.6186
vn 0.1327 -0.1250 -0.9832
vn 0.1187 -0.1427 -0.9826
vn 0.1385 -0.1102 -0.9842
vn 0.7514 -0.1511 -0.6423
vn 0.1399 -0.0910 -0.9860
vn 0.7445 0.0677 -0.6642
vn -0.0229 0.0711 0.9972
vn -0.0338 0.0551 0.9979
vn 0.5441 -0.2884 0.7879
vn 0.6501 -0.7464 0.1423
vn 0.9691 -0.2177 0.1159
vn -0.0176 0.0895 0.9958
vn 0.9918 0.0929 0.0875
vn -0.0182 0.1087 0.9939
vn 0.1352 -0.0725 -0.9882
vn 0.8743 0.4853 0.0042
vn 0.9173 0.3947 0.0521
vn -0.0247 0.1267 0.9916
vn 0.5869 0.3923 -0.7083
vn 0.6830 0.7295 -0.0348
vn 0.7528 0.6581 0.0133
vn -0.0366 0.1418 0.9892
vn 0.1103 -0.0439 -0.9929
vn 0.3543 0.5667 -0.7438
vn 0.3065 0.6706 0.6755
vn -0.0524 0.1524 0.9869
vn 0.0926 -0.0369 -0.9950
vn 0.1253 0.9867 -0.1038
vn 0.1034 0.7516 0.6515
vn -0.0708 0.1575 0.9850
vn 0.0925 -0.0368 -0.9950
vn 0.0733 -0.0355 -0.9967
vn 0.1251 0.9866 -0.1043
vn -0.1864 0.9742 -0.1276
vn 0.1031 0.7516 0.6515
vn -0.0852 0.9927 -0.0858
vn -0.0710 0.1573 0.9850
vn -0.1886 0.7551 0.6279
vn 0.0548 -0.0403 -0.9977
vn -0.4797 0.8662 -0.1404
vn -0.3880 0.9160 -0.1023
vn -0.1083 0.1501 0.9827
vn 0.0385 -0.0506 -0.9980
vn -0.7259 0.6732 -0.1410
vn -0.6530 0.7498 -0.1071
vn -0.1235 0.1382 0.9827
vn 0.0259 -0.0653 -0.9975
vn -0.5784 0.2242 -0.7844
vn -0.6560 0.4261 0.6230
vn -0.1342 0.1222 0.9834
vn 0.0187 -0.0831 -0.9964
vn -0.6395 0.0134 -0.7686
vn -0.7386 0.2226 0.6363
vn -0.1395 0.1038 0.9848
vn 0.0173 -0.1022 -0.9946
vn -0.6326 -0.2054 -0.7467
vn -0.9946 -0.0896 -0.0523
vn -0.1388 0.0846 0.9867
vn 0.0219 -0.1209 -0.9924
vn -0.8716 -0.4887 -0.0392
vn -0.9201 -0.3913 -0.0170
vn -0.1322 0.0666 0.9890
vn 0.0321 -0.1371 -0.9900
vn -0.6802 -0.7330 -0.0003
vn -0.7557 -0.6545 0.0218
vn -0.1205 0.0515 0.9914
vn 0.0467 -0.1494 -0.9877
vn -0.4221 -0.9058 0.0371
vn -0.5175 -0.8536 0.0601
vn -0.1045 0.0409 0.9937
vn 0.0645 -0.1566 -0.9856
vn -0.1226 -0.9901 0.0689
vn -0.2287 -0.9689 0.0944
vn -0.0862 0.0357 0.9956
vn 0.0836 -0.1576 -0.9840
vn 0.1892 -0.9776 0.0926
vn 0.0823 -0.9892 0.1210
vn 0.0768 -0.6174 0.7829
vn 0.3273 -0.7121 -0.6211
vn 0.4824 -0.8696 0.1054
vn 0.3852 -0.9125 0.1374
vn -0.0488 0.0432 0.9979
vn 0.7286 -0.6764 0.1079
vn 0.4823 -0.8694 0.1071
vn 0.5138 -0.5954 -0.6177
vn 0.1023 -0.1531 -0.9829
vn 0.1311 -0.1280 -0.9831
vn 0.9036 -0.4174 0.0966
vn 0.1384 -0.1102 -0.9842
vn 0.9903 -0.1177 0.0742
vn 0.0227 0.0015 0.9997
vn -0.0118 -0.0252 0.9996
vn 0.6503 -0.7466 0.1404
vn 0.3853 -0.9128 0.1356
vn 0.0472 0.0373 0.9982
vn 0.6267 -0.0849 0.7746
vn 0.0595 0.0790 0.9951
vn 0.1398 -0.0909 -0.9860
vn 0.9802 0.1934 0.0430
vn 0.9920 0.0928 0.0857
vn 0.0584 0.1223 0.9908
vn 0.1352 -0.0724 -0.9882
vn 0.8742 0.4855 0.0061
vn 0.9175 0.3945 0.0502
vn 0.0439 0.1629 0.9857
vn 0.1250 -0.0562 -0.9906
vn 0.6829 0.7298 -0.0330
vn 0.7531 0.6578 0.0114
vn 0.0174 0.1971 0.9802
vn 0.1103 -0.0438 -0.9929
vn 0.4248 0.9025 -0.0703
vn 0.5148 0.8569 -0.0269
vn -0.0185 0.2213 0.9750
vn 0.0927 -0.0368 -0.9950
vn 0.1438 0.6262 -0.7663
vn 0.2262 0.9722 -0.0611
vn -0.0598 0.2332 0.9706
vn 0.0926 -0.0368 -0.9950
vn 0.0734 -0.0354 -0.9967
vn 0.1436 0.6262 -0.7664
vn -0.1865 0.9744 -0.1258
vn 0.2261 0.9722 -0.0612
vn -0.0850 0.9925 -0.0877
vn -0.0600 0.2333 0.9706
vn -0.1033 0.2318 0.9673
vn 0.0547 -0.0401 -0.9977
vn -0.4798 0.8664 -0.1385
vn -0.3285 0.7116 0.6211
vn -0.1442 0.2170 0.9655
vn 0.0385 -0.0505 -0.9980
vn -0.4551 0.4062 -0.7924
vn -0.6529 0.7496 -0.1090
vn -0.1786 0.1902 0.9654
vn 0.0260 -0.0653 -0.9975
vn -0.5783 0.2242 -0.7844
vn -0.8540 0.5102 -0.1016
vn -0.2032 0.1543 0.9669
vn -0.9718 0.2210 -0.0828
vn -0.2154 0.1128 0.9700
vn -0.9777 -0.1965 -0.0742
vn -0.7544 0.0041 0.6564
vn -0.2142 0.0695 0.9743
vn 0.0220 -0.1208 -0.9924
vn -0.8718 -0.4884 -0.0374
vn -0.7019 -0.2080 0.6812
vn -0.1997 0.0289 0.9794
vn 0.0320 -0.1371 -0.9900
vn -0.4238 -0.5828 -0.6934
vn -0.7555 -0.6548 0.0198
vn -0.1731 -0.0054 0.9849
vn 0.0468 -0.1495 -0.9877
vn -0.4222 -0.9056 0.0390
vn -0.5174 -0.8538 0.0582
vn -0.1374 -0.0295 0.9901
vn 0.0645 -0.1565 -0.9856
vn -0.1228 -0.9899 0.0710
vn -0.2152 -0.6139 0.7595
vn -0.0959 -0.0414 0.9945
vn 0.0837 -0.1577 -0.9839
vn 0.1873 -0.7553 -0.6281
vn 0.0826 -0.9894 0.1191
vn -0.0526 -0.0400 0.9978
vn 0.6502 -0.7464 0.1420
vn 0.8520 -0.5076 0.1282
vn 0.7261 -0.6734 0.1389
vn 0.9017 -0.4151 0.1207
vn 0.9703 -0.2192 0.1019
vn 0.9893 -0.1166 0.0877
vn 0.9937 0.0908 0.0655
vn 0.9798 0.1938 0.0488
vn 0.9198 0.3918 0.0227
vn 0.8745 0.4851 0.0048
vn 0.7558 0.6544 -0.0229
vn 0.6835 0.7289 -0.0399
vn 0.4724 0.8785 -0.0717
vn 0.4727 0.8780 -0.0759
vn 0.1261 0.9857 -0.1116
vn 0.2295 0.9677 -0.1043
vn -0.1859 0.9734 -0.1342
vn -0.0815 0.9881 -0.1308
vn 0.1257 0.9858 -0.1115
vn 0.2293 0.9677 -0.1043
vn -0.4794 0.8658 -0.1436
vn -0.3845 0.9117 -0.1448
vn -0.7261 0.6734 -0.1389
vn -0.6499 0.7461 -0.1449
vn -0.9017 0.4151 -0.1207
vn -0.8517 0.5074 -0.1311
vn -0.9891 0.1160 -0.0906
vn -0.9701 0.2189 -0.1047
vn -0.9796 -0.1943 -0.0517
vn -0.9937 -0.0908 -0.0655
vn -0.8741 -0.4856 -0.0077
vn -0.9197 -0.3919 -0.0227
vn -0.6831 -0.7294 0.0371
vn -0.7557 -0.6546 0.0223
vn -0.4253 -0.9017 0.0782
vn -0.5178 -0.8530 0.0650
vn -0.1258 -0.9858 0.1116
vn -0.2292 -0.9681 0.1015
vn 0.1859 -0.9734 0.1342
vn 0.0817 -0.9884 0.1280
vn 0.4327 -0.8901 0.1430
vn 0.9025 -0.4159 0.1121
vn 0.8529 -0.5087 0.1173
vn 0.4235 0.9042 -0.0547
vn 0.1254 0.9866 -0.1041
vn 0.2275 0.9708 -0.0767
vn 0.2272 0.9708 -0.0767
vn -0.9025 0.4159 -0.1122
vn -0.9892 0.1161 -0.0898
vn 0.7274 -0.6750 0.1236
vn 0.9707 -0.2195 0.0984
vn 0.1239 0.9885 -0.0866
vn -0.3867 0.9144 -0.1199
vn -0.9934 -0.0913 -0.0699
vn -0.6818 -0.7314 0.0173
vn 0.1877 -0.9760 0.1102
vn 0.0787 -0.0968 -0.9922
vn 0.0839 -0.0552 -0.9949
vn -0.0710 0.1574 0.9850
vn 0.0788 -0.0968 -0.9922
vn 0.0388 0.0687 0.9969
vn 0.0418 0.1062 0.9935
vn 0.9815 -0.1085 0.1580
vn 0.9712 0.2019 0.1269
vn 0.8951 -0.4077 0.1804
vn 0.0243 0.0339 0.9991
vn 0.7206 -0.6663 0.1917
vn -0.0002 0.0053 1.0000
vn 0.0330 0.1427 0.9892
vn 0.8653 0.4931 0.0902
vn 0.0135 0.1747 0.9845
vn 0.6742 0.7367 0.0512
vn -0.0151 0.1988 0.9799
vn 0.4165 0.9090 0.0139
vn -0.0499 0.2129 0.9758
vn 0.1176 0.9929 -0.0180
vn -0.0499 0.2130 0.9758
vn -0.0873 0.2157 0.9726
vn 0.1175 0.9929 -0.0179
vn -0.1933 0.9803 -0.0413
vn -0.1240 0.2067 0.9705
vn -0.4860 0.8723 -0.0541
vn -0.1562 0.1869 0.9699
vn -0.7315 0.6796 -0.0547
vn -0.1805 0.1582 0.9708
vn -0.9060 0.4211 -0.0432
vn -0.1950 0.1234 0.9730
vn -0.9923 0.1219 -0.0210
vn -0.1980 0.0860 0.9764
vn -0.9820 -0.1884 0.0101
vn -0.1893 0.0496 0.9807
vn -0.8762 -0.4797 0.0469
vn -0.1697 0.0176 0.9853
vn -0.6851 -0.7234 0.0858
vn -0.1411 -0.0068 0.9900
vn -0.4274 -0.8957 0.1231
vn -0.1064 -0.0208 0.9941
vn -0.1285 -0.9795 0.1551
vn -0.0690 -0.0236 0.9973
vn 0.1825 -0.9669 0.1784
vn -0.0324 -0.0145 0.9994
vn 0.4750 -0.8590 0.1912
vn 0.8459 -0.5005 0.1842
vn 0.9632 -0.2119 0.1654
vn 0.0803 0.0219 0.9965
vn 0.0957 0.0744 0.9926
vn 0.0496 -0.0234 0.9985
vn 0.6452 -0.7396 0.1918
vn 0.9857 0.0983 0.1371
vn 0.0941 0.1289 0.9872
vn 0.9112 0.3993 0.1017
vn 0.0758 0.1802 0.9807
vn 0.7470 0.6619 0.0631
vn 0.0423 0.2230 0.9739
vn 0.5092 0.8603 0.0248
vn -0.0028 0.2535 0.9673
vn 0.2211 0.9752 -0.0093
vn -0.0552 0.2684 0.9617
vn 0.2210 0.9752 -0.0093
vn -0.0894 0.9953 -0.0359
vn -0.1098 0.2664 0.9576
vn -0.3916 0.9186 -0.0523
vn -0.1613 0.2476 0.9554
vn -0.6559 0.7527 -0.0570
vn -0.2045 0.2140 0.9552
vn -0.8565 0.5137 -0.0496
vn -0.2354 0.1687 0.9572
vn -0.9739 0.2249 -0.0309
vn -0.2506 0.1163 0.9611
vn -0.9964 -0.0850 -0.0023
vn -0.2491 0.0618 0.9665
vn -0.9219 -0.3861 0.0329
vn -0.2307 0.0106 0.9730
vn -0.7577 -0.6487 0.0716
vn -0.1973 -0.0324 0.9798
vn -0.5198 -0.8472 0.1099
vn -0.1522 -0.0628 0.9864
vn -0.2316 -0.9621 0.1440
vn -0.0998 -0.0778 0.9920
vn 0.0788 -0.9822 0.1705
vn -0.0452 -0.0757 0.9961
vn 0.3809 -0.9055 0.1869
vn 0.0063 -0.0570 0.9984
vn 0.0492 0.0191 0.9986
vn 0.0670 0.0623 0.9958
vn 0.8968 -0.4099 0.1667
vn 0.9833 -0.1105 0.1444
vn 0.7220 -0.6686 0.1781
vn 0.0189 -0.0165 0.9997
vn 0.0706 0.1087 0.9916
vn 0.9732 0.2001 0.1132
vn 0.0596 0.1538 0.9863
vn 0.8674 0.4917 0.0764
vn 0.0353 0.1932 0.9805
vn 0.6762 0.7357 0.0375
vn -0.0001 0.2232 0.9748
vn 0.4184 0.9083 0.0003
vn -0.0431 0.2405 0.9697
vn 0.1193 0.9923 -0.0319
vn -0.0432 0.2405 0.9697
vn -0.0896 0.2439 0.9656
vn 0.1192 0.9924 -0.0319
vn -0.1919 0.9799 -0.0553
vn -0.1350 0.2326 0.9632
vn -0.4849 0.8719 -0.0680
vn -0.1745 0.2078 0.9625
vn -0.7307 0.6792 -0.0686
vn -0.2048 0.1724 0.9635
vn -0.9055 0.4205 -0.0573
vn -0.2227 0.1293 0.9663
vn -0.9920 0.1212 -0.0349
vn -0.2262 0.0828 0.9706
vn -0.9819 -0.1895 -0.0037
vn -0.2153 0.0378 0.9758
vn -0.8761 -0.4810 0.0331
vn -0.1909 -0.0018 0.9816
vn -0.6849 -0.7251 0.0721
vn -0.1554 -0.0316 0.9873
vn -0.4271 -0.8976 0.1093
vn -0.1124 -0.0491 0.9924
vn -0.1280 -0.9817 0.1412
vn -0.0660 -0.0523 0.9964
vn 0.1834 -0.9692 0.1647
vn -0.0208 -0.0412 0.9989
vn 0.4761 -0.8613 0.1774
vn 0.9934 0.0913 0.0699
vn 0.9189 0.3930 0.0346
vn 0.5161 0.8555 -0.0426
vn -0.0837 0.9911 -0.1034
vn 0.2271 0.9708 -0.0766
vn -0.6517 0.7482 -0.1247
vn -0.5161 -0.8555 0.0425
vn -0.2273 -0.9708 0.0767
vn 0.6516 -0.7483 0.1247
vn 0.4542 0.0034 0.8909
vn 0.4305 0.0034 0.9026
vn 0.3093 0.0027 0.9510
vn 0.2840 0.0027 0.9588
vn 0.5879 0.0040 0.8089
vn 0.5664 0.0040 0.8241
vn 0.7072 0.0045 0.7070
vn 0.6883 0.0046 0.7254
vn 0.8091 0.0050 0.5877
vn 0.7933 0.0050 0.6088
vn 0.8909 0.0051 0.4542
vn 0.8788 0.0052 0.4772
vn 0.9460 0.0054 0.3240
vn 0.9510 0.0054 0.3090
vn 0.8909 0.0053 0.4542
vn 0.8788 0.0053 0.4771
vn 0.9914 0.0055 0.1305
vn 0.9859 0.0055 0.1674
vn 0.9996 0.0053 -0.0262
vn 1.0000 0.0054 0.0001
vn 0.9832 0.0051 -0.1823
vn 0.9877 0.0051 -0.1563
vn 0.9426 0.0047 -0.3338
vn 0.9511 0.0048 -0.3089
vn 0.8788 0.0042 -0.4772
vn 0.8911 0.0043 -0.4538
vn 0.7933 0.0036 -0.6088
vn 0.8088 0.0037 -0.5880
vn 0.6883 0.0029 -0.7254
vn 0.7073 0.0030 -0.7069
vn 0.5664 0.0021 -0.8241
vn 0.5880 0.0023 -0.8089
vn 0.4305 0.0013 -0.9026
vn 0.4536 0.0015 -0.8912
vn 0.2840 0.0005 -0.9588
vn 0.3093 0.0006 -0.9510
vn 0.1305 -0.0004 -0.9915
vn 0.1567 -0.0002 -0.9876
vn -0.0262 -0.0012 -0.9997
vn 0.0003 -0.0011 -1.0000
vn -0.1823 -0.0020 -0.9832
vn -0.1567 -0.0019 -0.9877
vn -0.3338 -0.0028 -0.9426
vn -0.3088 -0.0027 -0.9511
vn -0.4772 -0.0035 -0.8788
vn -0.4538 -0.0034 -0.8911
vn -0.6088 -0.0041 -0.7933
vn -0.5876 -0.0040 -0.8091
vn -0.7254 -0.0046 -0.6883
vn -0.7076 -0.0046 -0.7066
vn -0.8241 -0.0050 -0.5664
vn -0.8089 -0.0050 -0.5879
vn -0.9026 -0.0053 -0.4305
vn -0.8910 -0.0053 -0.4540
vn -0.9588 -0.0054 -0.2840
vn -0.9461 -0.0054 -0.3238
vn -0.9877 -0.0055 -0.1565
vn -0.9858 -0.0055 -0.1676
vn -1.0000 -0.0054 0.0001
vn -0.9996 -0.0054 -0.0262
vn -0.9877 -0.0051 0.1565
vn -0.9914 -0.0051 0.1305
vn -0.9510 -0.0048 0.3092
vn -0.9588 -0.0048 0.2841
vn -0.8911 -0.0043 0.4537
vn -0.9026 -0.0043 0.4305
vn -0.8093 -0.0037 0.5874
vn -0.8241 -0.0037 0.5664
vn -0.7069 -0.0030 0.7073
vn -0.7254 -0.0030 0.6883
vn -0.5876 -0.0023 0.8092
vn -0.6088 -0.0023 0.7933
vn -0.4540 -0.0015 0.8910
vn -0.4772 -0.0015 0.8788
vn -0.3088 -0.0006 0.9511
vn -0.3339 -0.0006 0.9426
vn -0.1566 0.0002 0.9877
vn -0.1823 0.0002 0.9832
vn 0.0003 0.0011 1.0000
vn -0.0262 0.0011 0.9997
vn 0.1567 0.0019 0.9876
vn 0.1305 0.0019 0.9914
vn -0.2874 -0.1045 -0.9521
vn -0.1349 -0.1038 -0.9854
vn -0.0487 -0.9869 -0.1539
vn -0.0209 -0.9868 -0.1608
vn -0.0690 -0.9870 -0.1454
vn -0.4328 -0.1051 -0.8954
vn -0.0906 -0.9870 -0.1324
vn -0.5675 -0.1057 -0.8166
vn -0.2368 0.7063 -0.6671
vn -0.1293 0.7068 -0.6955
vn -0.2014 0.7065 -0.6784
vn -0.0927 0.7070 -0.7011
vn -0.3053 0.7061 -0.6390
vn -0.3384 0.7059 -0.6223
vn -0.4017 0.7057 -0.5837
vn -0.4318 0.7055 -0.5620
vn -0.1099 -0.9871 -0.1163
vn -0.6882 -0.1064 -0.7177
vn -0.4882 0.7053 -0.5139
vn -0.5146 0.7052 -0.4878
vn -0.1267 -0.9872 -0.0973
vn -0.7920 -0.1068 -0.6012
vn -0.5628 0.7051 -0.4314
vn -0.5847 0.7050 -0.4014
vn -0.1399 -0.9872 -0.0762
vn -0.8762 -0.1071 -0.4699
vn -0.6235 0.7049 -0.3382
vn -0.6405 0.7048 -0.3051
vn -0.1401 -0.9872 -0.0762
vn -0.1502 -0.9872 -0.0532
vn -0.8762 -0.1070 -0.4699
vn -0.9483 -0.0841 -0.3060
vn -0.6236 0.7048 -0.3382
vn -0.6689 0.7047 -0.2366
vn -0.6804 0.7047 -0.2012
vn -0.1566 -0.9872 -0.0291
vn -0.9857 -0.1073 -0.1299
vn -0.6977 0.7047 -0.1291
vn -0.7035 0.7047 -0.0923
vn -0.1593 -0.9872 -0.0043
vn -0.9939 -0.1072 0.0261
vn -0.7092 0.7048 -0.0183
vn -0.7092 0.7048 0.0188
vn -0.1988 -0.9795 0.0316
vn -0.9808 -0.0759 0.1798
vn -0.7004 0.7050 0.1110
vn -0.7005 0.7050 0.1109
vn -0.9390 -0.1065 0.3270
vn -0.1504 -0.9872 0.0535
vn -0.6800 0.7051 0.2012
vn -0.6685 0.7052 0.2364
vn -0.8763 -0.1061 0.4699
vn -0.1405 -0.9871 0.0768
vn -0.6400 0.7053 0.3048
vn -0.6230 0.7055 0.3378
vn -0.7921 -0.1055 0.6013
vn -0.1272 -0.9870 0.0980
vn -0.5841 0.7057 0.4010
vn -0.5622 0.7059 0.4309
vn -0.6883 -0.1048 0.7178
vn -0.1106 -0.9870 0.1169
vn -0.5139 0.7061 0.4871
vn -0.4876 0.7063 0.5132
vn -0.5676 -0.1040 0.8167
vn -0.3988 -0.7094 0.5812
vn -0.4312 0.7065 0.5611
vn -0.4011 0.7068 0.5828
vn -0.4329 -0.1034 0.8955
vn -0.3032 -0.7089 0.6368
vn -0.3378 0.7070 0.6213
vn -0.3047 0.7073 0.6379
vn -0.2350 -0.7086 0.6653
vn -0.1999 -0.7083 0.6770
vn -0.2364 0.7076 0.6659
vn -0.2011 0.7078 0.6772
vn -0.1281 -0.7081 0.6944
vn -0.0916 -0.7078 0.7004
vn -0.1292 0.7081 0.6942
vn -0.0927 0.7083 0.6998
vn -0.0179 -0.7075 0.7064
vn 0.0191 -0.7073 0.7067
vn -0.0190 0.7086 0.7053
vn -0.0160 0.1904 0.9816
vn 0.0928 -0.7070 0.7011
vn 0.1294 -0.7068 0.6955
vn 0.0916 0.7091 0.6991
vn 0.1378 0.1911 0.9719
vn 0.2015 -0.7065 0.6784
vn 0.2368 -0.7063 0.6671
vn 0.0456 0.9869 0.1547
vn 0.2881 0.1920 0.9382
vn 0.3053 -0.7061 0.6389
vn 0.3384 -0.7059 0.6222
vn 0.0689 0.9870 0.1452
vn 0.4312 0.1927 0.8814
vn 0.4018 -0.7057 0.5836
vn 0.4319 -0.7055 0.5619
vn 0.0904 0.9871 0.1324
vn 0.5637 0.1932 0.8031
vn 0.4883 -0.7053 0.5139
vn 0.5146 -0.7052 0.4878
vn 0.1098 0.9871 0.1162
vn 0.6824 0.1938 0.7049
vn 0.5737 -0.7051 0.4168
vn 0.5737 -0.7051 0.4167
vn 0.1630 0.9795 0.1185
vn 0.7875 0.1418 0.5998
vn 0.6233 -0.7049 0.3386
vn 0.6402 -0.7048 0.3055
vn 0.8621 0.1944 0.4680
vn 0.1439 0.9872 0.0685
vn 0.6687 -0.7047 0.2371
vn 0.6802 -0.7047 0.2017
vn 0.9247 0.1946 0.3273
vn 0.1527 0.9872 0.0453
vn 0.6976 -0.7047 0.1296
vn 0.7034 -0.7047 0.0928
vn 0.9751 0.1556 0.1583
vn 0.1579 0.9872 0.0208
vn 0.7092 -0.7047 0.0189
vn 0.7092 -0.7048 -0.0183
vn 0.9808 0.1945 -0.0159
vn 0.1594 0.9872 -0.0042
vn 0.7033 -0.7049 -0.0922
vn 0.6974 -0.7050 -0.1290
vn 0.9662 0.1943 -0.1692
vn 0.1570 0.9872 -0.0291
vn 0.6801 -0.7051 -0.2010
vn 0.6685 -0.7052 -0.2363
vn 0.9280 0.1939 -0.3183
vn 0.1507 0.9871 -0.0534
vn 0.6399 -0.7054 -0.3048
vn 0.6230 -0.7055 -0.3378
vn 0.8668 0.1935 -0.4596
vn 0.1408 0.9871 -0.0766
vn 0.5842 -0.7057 -0.4009
vn 0.5622 -0.7059 -0.4308
vn 0.7843 0.1929 -0.5896
vn 0.1275 0.9870 -0.0979
vn 0.5140 -0.7061 -0.4871
vn 0.4876 -0.7063 -0.5132
vn 0.6825 0.1922 -0.7051
vn 0.1110 0.9869 -0.1172
vn 0.4312 -0.7066 -0.5611
vn 0.4011 -0.7068 -0.5827
vn 0.5639 0.1915 -0.8033
vn 0.0915 0.9868 -0.1336
vn 0.0788 -0.9863 -0.1447
vn 0.3048 -0.7073 -0.6379
vn 0.4314 0.1907 -0.8818
vn 0.0698 0.9867 -0.1467
vn 0.0550 -0.9864 -0.1546
vn 0.2012 -0.7078 -0.6772
vn 0.2352 0.7086 -0.6653
vn 0.0461 0.9866 -0.1566
vn 0.0302 -0.9865 -0.1607
vn 0.0927 -0.7083 -0.6998
vn 0.1282 0.7081 -0.6944
vn 0.0211 0.9865 -0.1624
vn 0.0045 -0.9867 -0.1627
vn 0.0207 -0.1028 -0.9945
vn 0.0179 0.7075 -0.7064
vn -0.0044 0.9864 -0.1644
vn -0.3178 -0.0027 -0.9482
vn -0.4622 -0.0034 -0.8868
vn -0.3338 -0.0027 -0.9426
vn -0.4772 -0.0034 -0.8788
vn -0.5953 -0.0041 -0.8035
vn -0.6088 -0.0040 -0.7933
vn -0.7137 -0.0046 -0.7005
vn -0.7254 -0.0045 -0.6883
vn -0.8144 -0.0050 -0.5803
vn -0.8951 -0.0053 -0.4457
vn -0.9025 -0.0051 -0.4306
vn -0.8952 -0.0053 -0.4457
vn -0.9510 -0.0054 -0.3090
vn -0.9511 -0.0055 -0.3090
vn -0.9862 -0.0055 -0.1656
vn -0.9832 -0.0055 -0.1823
vn -0.9999 -0.0054 -0.0093
vn -0.9891 -0.0051 0.1473
vn -0.9914 -0.0052 0.1305
vn -0.9539 -0.0048 0.3001
vn -0.9588 -0.0048 0.2840
vn -0.8952 -0.0043 0.4457
vn -0.9026 -0.0044 0.4305
vn -0.8144 -0.0037 0.5803
vn -0.8241 -0.0038 0.5664
vn -0.7136 -0.0030 0.7005
vn -0.7254 -0.0031 0.6883
vn -0.5953 -0.0023 0.8035
vn -0.6088 -0.0024 0.7933
vn -0.4622 -0.0015 0.8868
vn -0.4772 -0.0016 0.8788
vn -0.3178 -0.0006 0.9482
vn -0.3339 -0.0008 0.9426
vn -0.1656 0.0002 0.9862
vn -0.1823 0.0001 0.9832
vn -0.0093 0.0011 1.0000
vn 0.1473 0.0019 0.9891
vn 0.3002 0.0027 0.9539
vn 0.4457 0.0034 0.8952
vn 0.5803 0.0040 0.8144
vn 0.7005 0.0046 0.7136
vn 0.8035 0.0050 0.5953
vn 0.8868 0.0053 0.4622
vn 0.9482 0.0054 0.3178
vn 0.9877 0.0055 0.1564
vn 0.9999 0.0054 -0.0093
vn 0.9862 0.0051 -0.1656
vn 0.9482 0.0047 -0.3178
vn 0.8868 0.0043 -0.4622
vn 0.8036 0.0037 -0.5952
vn 0.7005 0.0030 -0.7137
vn 0.5803 0.0022 -0.8144
vn 0.4457 0.0014 -0.8952
vn 0.3002 0.0006 -0.9539
vn 0.2840 0.0006 -0.9588
vn 0.1473 -0.0003 -0.9891
vn 0.1305 -0.0002 -0.9915
vn -0.0093 -0.0011 -1.0000
vn -0.0262 -0.0011 -0.9997
vn -0.1656 -0.0020 -0.9862
vn -0.1823 -0.0019 -0.9832
vn 0.0013 -1.0000 0.0023
vn 0.0008 -1.0000 0.0020
vn -0.0006 1.0000 -0.0018
vn -0.0008 1.0000 -0.0020
vn -0.0011 1.0000 -0.0022
vn -0.0013 1.0000 -0.0023
vn 0.0019 -1.0000 0.0024
vn -0.0017 1.0000 -0.0024
vn -0.0019 1.0000 -0.0024
vn 0.0025 -1.0000 0.0024
vn -0.0024 1.0000 -0.0023
vn -0.0025 1.0000 -0.0024
vn 0.0031 -1.0000 0.0022
vn -0.0030 1.0000 -0.0021
vn -0.0031 1.0000 -0.0021
vn 0.0034 -1.0000 0.0020
vn -0.0033 1.0000 -0.0020
vn -0.0037 1.0000 -0.0016
vn 0.0039 -1.0000 0.0013
vn 0.0035 -1.0000 0.0019
vn -0.0037 1.0000 -0.0015
vn -0.0038 1.0000 -0.0012
vn -0.0039 1.0000 -0.0012
vn 0.0040 -1.0000 0.0006
vn -0.0040 1.0000 -0.0006
vn 0.0040 -1.0000 -0.0000
vn -0.0040 1.0000 0.0001
vn -0.0040 1.0000 -0.0000
vn 0.0037 -1.0000 -0.0006
vn -0.0038 1.0000 0.0007
vn -0.0037 1.0000 0.0006
vn 0.0033 -1.0000 -0.0011
vn -0.0034 1.0000 0.0012
vn -0.0033 1.0000 0.0011
vn 0.0028 -1.0000 -0.0014
vn -0.0029 1.0000 0.0015
vn -0.0028 1.0000 0.0014
vn 0.0022 -1.0000 -0.0016
vn -0.0022 1.0000 0.0018
vn -0.0022 1.0000 0.0015
vn 0.0015 -1.0000 -0.0015
vn -0.0016 1.0000 0.0017
vn -0.0016 1.0000 0.0015
vn 0.0010 -1.0000 -0.0013
vn 0.0012 -1.0000 -0.0013
vn -0.0010 1.0000 0.0015
vn -0.0010 1.0000 0.0012
vn 0.0005 -1.0000 -0.0009
vn 0.0008 -1.0000 -0.0010
vn -0.0005 1.0000 0.0011
vn -0.0005 1.0000 0.0008
vn 0.0002 -1.0000 -0.0003
vn 0.0004 -1.0000 -0.0005
vn -0.0001 1.0000 0.0006
vn -0.0002 1.0000 0.0003
vn 0.0001 -1.0000 0.0003
vn 0.0003 -1.0000 0.0001
vn -0.0000 1.0000 -0.0000
vn -0.0002 1.0000 -0.0003
vn 0.0001 -1.0000 0.0010
vn 0.0003 -1.0000 0.0007
vn -0.0000 1.0000 -0.0007
vn -0.0002 1.0000 -0.0009
vn 0.0002 -1.0000 0.0015
vn -0.0000 -1.0000 0.0012
vn -0.0001 1.0000 -0.0013
vn -0.0003 1.0000 -0.0015
vn 0.0007 -1.0000 0.0020
vn 0.0008 -1.0000 0.0017
vn -0.0005 1.0000 -0.0018
vn 0.0013 -1.0000 0.0021
vn 0.0020 -1.0000 0.0024
vn 0.0020 -1.0000 0.0022
vn -0.0018 1.0000 -0.0023
vn 0.0025 -1.0000 0.0022
vn -0.0023 1.0000 -0.0024
vn 0.0030 -1.0000 0.0023
vn 0.0030 -1.0000 0.0021
vn -0.0029 1.0000 -0.0022
vn 0.0036 -1.0000 0.0017
vn 0.0035 -1.0000 0.0017
vn -0.0035 1.0000 -0.0017
vn 0.0039 -1.0000 0.0012
vn 0.0038 -1.0000 0.0012
vn 0.0038 -1.0000 -0.0006
vn 0.0035 -1.0000 -0.0010
vn 0.0029 -1.0000 -0.0014
vn -0.0029 1.0000 0.0016
vn 0.0024 -1.0000 -0.0016
vn -0.0023 1.0000 0.0018
vn 0.0016 -1.0000 -0.0015
vn 0.0018 -1.0000 -0.0015
vn 0.0004 -1.0000 -0.0009
vn -0.0004 1.0000 0.0011
vn -0.0000 1.0000 -0.0001
vn -0.0000 -1.0000 0.0009
vn 0.0001 1.0000 -0.0007
vn 0.0003 -1.0000 0.0015
vn -0.0002 1.0000 -0.0013
vn -0.0004 1.0000 -0.0015
vn 0.1823 -0.0002 -0.9832
vn 0.3338 0.0006 -0.9426
vn 0.4772 0.0015 -0.8788
vn 0.6088 0.0023 -0.7933
vn 0.7254 0.0030 -0.6883
vn 0.8241 0.0037 -0.5664
vn 0.9026 0.0043 -0.4305
vn 0.9588 0.0048 -0.2840
vn 0.9914 0.0051 -0.1305
vn 0.9996 0.0053 0.0262
vn 0.9588 0.0054 0.2840
vn 0.9026 0.0053 0.4305
vn 0.8241 0.0050 0.5664
vn 0.7254 0.0046 0.6883
vn 0.6088 0.0041 0.7933
vn 0.4772 0.0035 0.8788
vn 0.3339 0.0028 0.9426
vn 0.1823 0.0020 0.9832
vn 0.0262 0.0012 0.9997
vn -0.1305 0.0004 0.9914
vn -0.2840 -0.0005 0.9588
vn 0.9026 0.0051 0.4305
vn 0.8089 0.0050 0.5879
vn 0.7070 0.0046 0.7072
vn 0.5876 0.0040 0.8091
vn 0.6088 0.0040 0.7933
vn 0.4538 0.0034 0.8911
vn 0.4772 0.0034 0.8788
vn 0.3088 0.0027 0.9511
vn 0.3338 0.0027 0.9426
vn 0.1562 0.0019 0.9877
vn 0.1823 0.0019 0.9832
vn -0.0003 0.0011 1.0000
vn 0.0262 0.0011 0.9997
vn -0.1567 0.0002 0.9876
vn -0.1305 0.0002 0.9914
vn -0.3093 -0.0006 0.9510
vn -0.2840 -0.0006 0.9588
vn -0.4542 -0.0015 0.8909
vn -0.4305 -0.0015 0.9026
vn -0.5880 -0.0023 0.8089
vn -0.5664 -0.0023 0.8241
vn -0.7073 -0.0030 0.7069
vn -0.6883 -0.0030 0.7254
vn -0.8091 -0.0037 0.5876
vn -0.7933 -0.0037 0.6088
vn -0.8911 -0.0043 0.4538
vn -0.8788 -0.0043 0.4772
vn -0.9511 -0.0048 0.3089
vn -0.9426 -0.0048 0.3339
vn -0.9877 -0.0051 0.1563
vn -0.9832 -0.0051 0.1823
vn -1.0000 -0.0054 -0.0001
vn -0.9996 -0.0054 0.0262
vn -0.9858 -0.0055 -0.1677
vn -0.9914 -0.0055 -0.1305
vn -0.9510 -0.0054 -0.3091
vn -0.8910 -0.0053 -0.4539
vn -0.8788 -0.0052 -0.4772
vn -0.8091 -0.0050 -0.5877
vn -0.7933 -0.0049 -0.6088
vn -0.7072 -0.0046 -0.7070
vn -0.6883 -0.0045 -0.7254
vn -0.5879 -0.0040 -0.8089
vn -0.5664 -0.0039 -0.8241
vn -0.4542 -0.0034 -0.8909
vn -0.4305 -0.0033 -0.9026
vn -0.3093 -0.0027 -0.9510
vn -0.2840 -0.0026 -0.9588
vn -0.1567 -0.0019 -0.9876
vn -0.1305 -0.0018 -0.9914
vn -0.0003 -0.0011 -1.0000
vn 0.0262 -0.0009 -0.9997
vn 0.1562 -0.0002 -0.9877
vn 0.1823 -0.0001 -0.9832
vn 0.3088 0.0006 -0.9511
vn 0.3339 0.0008 -0.9426
vn 0.4537 0.0015 -0.8911
vn 0.4772 0.0016 -0.8788
vn 0.5876 0.0023 -0.8092
vn 0.6088 0.0024 -0.7933
vn 0.7069 0.0030 -0.7073
vn 0.7254 0.0032 -0.6883
vn 0.8089 0.0037 -0.5880
vn 0.8241 0.0038 -0.5664
vn 0.8909 0.0043 -0.4541
vn 0.9026 0.0044 -0.4305
vn 0.9510 0.0048 -0.3091
vn 0.9588 0.0048 -0.2839
vn 0.9877 0.0051 -0.1565
vn 0.9914 0.0052 -0.1305
vn 1.0000 0.0054 -0.0001
vn 0.9996 0.0054 0.0262
vn 0.9877 0.0055 0.1565
vn 0.8909 0.0054 0.4542
vn 0.8734 0.3930 -0.2877
vn 0.8329 0.4871 -0.2627
vn 0.7261 0.6563 -0.2049
vn 0.6598 0.7314 -0.1722
vn 0.5078 0.8554 -0.1021
vn 0.4221 0.9042 -0.0648
vn 0.2397 0.9708 0.0107
vn 0.1431 0.9885 0.0489
vn -0.0518 0.9911 0.1225
vn -0.1500 0.9760 0.1578
vn -0.3383 0.9144 0.2223
vn -0.4283 0.8680 0.2513
vn -0.5916 0.7482 0.3003
vn -0.6647 0.6750 0.3202
vn -0.7870 0.5088 0.3489
vn -0.8361 0.4159 0.3577
vn -0.9054 0.2195 0.3634
vn -0.9256 0.1162 0.3603
vn -0.9351 -0.0912 0.3423
vn -0.9245 -0.1950 0.3275
vn -0.8734 -0.3930 0.2877
vn -0.8329 -0.4870 0.2627
vn -0.7261 -0.6563 0.2049
vn -0.6598 -0.7314 0.1722
vn -0.5077 -0.8555 0.1021
vn -0.4222 -0.9042 0.0648
vn -0.2397 -0.9708 -0.0108
vn -0.1431 -0.9885 -0.0489
vn 0.0518 -0.9911 -0.1225
vn 0.1499 -0.9760 -0.1579
vn 0.3383 -0.9144 -0.2223
vn 0.4283 -0.8680 -0.2513
vn 0.5916 -0.7482 -0.3003
vn 0.6647 -0.6750 -0.3202
vn 0.7870 -0.5088 -0.3490
vn 0.8361 -0.4159 -0.3577
vn 0.9054 -0.2195 -0.3634
vn 0.9256 -0.1162 -0.3603
vn 0.9352 0.0912 -0.3423
vn 0.9245 0.1949 -0.3275
vn -0.3504 0.0968 -0.9316
vn -0.3505 0.0968 -0.9316
vn -0.3504 0.0969 -0.9316
vn 0.8138 -0.4635 -0.3507
vn 0.3854 -0.1143 0.9157
vn 0.9061 -0.2197 -0.3614
vn 0.3892 -0.1017 0.9155
vn 0.7159 -0.5443 0.4373
vn 0.6295 -0.7128 -0.3093
vn 0.9359 0.0910 -0.3403
vn 0.8994 0.0673 0.4318
vn 0.8741 0.3927 -0.2857
vn 0.3852 -0.0763 0.9197
vn 0.7269 0.6561 -0.2029
vn 0.3780 -0.0659 0.9235
vn 0.5085 0.8552 -0.1001
vn 0.3679 -0.0587 0.9280
vn 0.2405 0.9706 0.0127
vn 0.3562 -0.0551 0.9328
vn 0.2138 0.6282 0.7481
vn 0.3439 -0.0556 0.9373
vn 0.2135 0.6283 0.7481
vn 0.3438 -0.0556 0.9374
vn 0.0122 0.5746 0.8183
vn 0.3322 -0.0601 0.9413
vn -0.1661 0.4580 0.8733
vn 0.3221 -0.0683 0.9442
vn -0.7863 0.5085 0.3510
vn 0.3148 -0.0792 0.9458
vn -0.9046 0.2193 0.3654
vn 0.3111 -0.0918 0.9459
vn -0.4085 -0.1319 0.9032
vn 0.3112 -0.1048 0.9445
vn -0.3654 -0.3442 0.8649
vn 0.3150 -0.1171 0.9418
vn -0.7253 -0.6565 0.2070
vn -0.2155 -0.5825 0.7837
vn -0.5070 -0.8557 0.1040
vn 0.3324 -0.1348 0.9335
vn -0.2389 -0.9710 -0.0088
vn 0.3440 -0.1385 0.9287
vn 0.2846 -0.7659 0.5765
vn 0.3536 -0.7554 0.5517
vn 0.3390 -0.9146 -0.2203
vn 0.5495 -0.6797 0.4859
vn 0.2191 -0.4051 -0.8876
vn -0.3252 0.0652 -0.9434
vn 0.0530 -0.5410 -0.8393
vn -0.3358 0.0582 -0.9401
vn 0.3049 -0.2880 -0.9078
vn 0.3394 -0.2227 -0.9139
vn -0.1426 -0.6173 -0.7737
vn -0.3479 0.0549 -0.9359
vn 0.6644 -0.5958 0.4513
vn 0.8021 -0.4276 0.4169
vn 0.8367 -0.3623 0.4108
vn 0.5495 -0.6798 0.4858
vn 0.4861 -0.7124 0.5062
vn 0.2847 -0.7659 0.5765
vn 0.8856 -0.2243 0.4067
vn 0.8999 -0.1516 0.4089
vn 0.3878 -0.0845 -0.9179
vn 0.4020 -0.0118 -0.9156
vn 0.9069 -0.0058 0.4214
vn 0.8994 0.0673 0.4319
vn 0.4085 0.1340 -0.9029
vn 0.4010 0.2070 -0.8924
vn 0.8637 0.2066 0.4597
vn 0.8354 0.2728 0.4773
vn 0.3648 0.3462 -0.8643
vn 0.3362 0.4123 -0.8467
vn 0.7605 0.3920 0.5177
vn 0.7138 0.4449 0.5408
vn 0.2608 0.5312 -0.8061
vn 0.2141 0.5840 -0.7830
vn 0.6070 0.5323 0.5900
vn 0.5468 0.5667 0.6163
vn 0.1070 0.6710 -0.7337
vn 0.0468 0.7053 -0.7074
vn 0.4187 0.6137 0.6694
vn 0.3508 0.6262 0.6963
vn -0.0815 0.7518 -0.6543
vn -0.1494 0.7642 -0.6274
vn 0.2137 0.6283 0.7480
vn 0.1448 0.6177 0.7730
vn -0.2865 0.7657 -0.5758
vn -0.3555 0.7550 -0.5509
vn 0.2136 0.6283 0.7481
vn 0.1446 0.6177 0.7730
vn 0.0121 0.5747 0.8183
vn 0.3321 -0.0602 0.9413
vn -0.2867 0.7657 -0.5758
vn -0.3556 0.7550 -0.5509
vn -0.4880 0.7115 -0.5057
vn -0.5512 0.6788 -0.4852
vn -0.1661 0.4581 0.8733
vn 0.3223 -0.0681 0.9442
vn -0.6660 0.5943 -0.4509
vn -0.7173 0.5428 -0.4368
vn -0.3038 0.2899 0.9076
vn -0.3384 0.2246 0.9138
vn -0.8032 0.4257 -0.4168
vn -0.8376 0.3603 -0.4105
vn -0.3874 0.0866 0.9178
vn -0.4016 0.0139 0.9157
vn -0.8861 0.2222 -0.4067
vn -0.9002 0.1494 -0.4090
vn -0.4086 -0.1319 0.9031
vn 0.3111 -0.1050 0.9446
vn -0.3896 0.0927 -0.9163
vn -0.8991 -0.0694 -0.4322
vn 0.3150 -0.1172 0.9418
vn -0.3869 0.0802 -0.9186
vn -0.8344 -0.2747 -0.4778
vn -0.2621 -0.5296 0.8067
vn 0.3222 -0.1275 0.9380
vn -0.3807 0.0691 -0.9221
vn -0.7124 -0.4463 -0.5415
vn -0.1088 -0.6699 0.7345
vn 0.3322 -0.1348 0.9335
vn -0.6053 -0.5333 -0.5909
vn -0.5451 -0.5676 -0.6171
vn 0.0796 -0.7513 0.6551
vn 0.1476 -0.7638 0.6283
vn -0.4168 -0.6141 -0.6702
vn -0.3488 -0.6265 -0.6971
vn 0.8421 -0.4176 -0.3412
vn 0.3984 -0.1280 0.9082
vn 0.7162 -0.5439 0.4373
vn 0.3885 -0.1404 0.9107
vn 0.4057 -0.1102 0.9074
vn 0.9316 -0.1178 -0.3438
vn 0.4075 -0.0911 0.9087
vn 0.8994 0.0677 0.4319
vn -0.2998 0.0682 -0.9516
vn 0.7807 -0.5070 -0.3654
vn -0.3089 0.0551 -0.9495
vn 0.5854 -0.7464 -0.3166
vn 0.8990 -0.2178 -0.3799
vn -0.2927 0.0894 -0.9520
vn 0.9288 0.0929 -0.3587
vn 0.4009 0.2065 -0.8925
vn 0.4036 -0.0724 0.9121
vn 0.8390 0.4852 -0.2462
vn 0.8670 0.3947 -0.3042
vn -0.2986 0.1268 -0.9459
vn 0.3946 -0.0563 0.9171
vn 0.6659 0.7296 -0.1557
vn 0.7197 0.6580 -0.2215
vn -0.3069 0.1393 -0.9415
vn 0.6067 0.5325 0.5902
vn 0.4283 0.9024 -0.0483
vn 0.1074 0.6707 -0.7339
vn -0.3213 0.1510 -0.9349
vn 0.4182 0.6137 0.6697
vn 0.1493 0.9866 0.0654
vn -0.0812 0.7516 -0.6546
vn -0.3381 0.1569 -0.9280
vn 0.2133 0.6282 0.7482
vn -0.1438 0.9742 0.1742
vn -0.2861 0.7657 -0.5760
vn -0.3590 0.1568 -0.9201
vn 0.2131 0.6282 0.7483
vn -0.1438 0.9741 0.1743
vn 0.3288 -0.0403 0.9435
vn -0.4220 0.8661 0.2678
vn -0.2863 0.7658 -0.5759
vn -0.3591 0.1568 -0.9200
vn -0.3445 0.9159 0.2058
vn -0.3734 0.1516 -0.9152
vn 0.3135 -0.0504 0.9483
vn -0.6583 0.6732 0.3367
vn -0.5977 0.7498 0.2838
vn -0.3885 0.1405 -0.9107
vn -0.3040 0.2895 0.9076
vn -0.8297 0.4143 0.3742
vn -0.7931 0.5104 0.3323
vn -0.3998 0.1252 -0.9080
vn 0.2939 -0.0831 0.9522
vn -0.4015 0.0135 0.9158
vn -0.9114 0.2211 0.3470
vn -0.4063 0.1070 -0.9075
vn 0.2921 -0.1022 0.9509
vn -0.4010 -0.2053 0.8928
vn -0.9067 0.0041 -0.4218
vn -0.4069 0.0846 -0.9096
vn 0.2960 -0.1209 0.9475
vn -0.8266 -0.4886 0.2793
vn -0.8794 -0.3913 0.2711
vn -0.8346 -0.2743 -0.4777
vn 0.3051 -0.1372 0.9424
vn -0.6535 -0.7330 0.1888
vn -0.7321 -0.6546 0.1883
vn -0.3903 0.0515 -0.9192
vn 0.3185 -0.1495 0.9361
vn -0.0481 -0.7044 0.7081
vn -0.5138 -0.8536 0.0856
vn -0.3784 0.0424 -0.9247
vn 0.3350 -0.1564 0.9291
vn 0.1480 -0.7638 0.6282
vn -0.4172 -0.6139 -0.6701
vn -0.3586 0.0357 -0.9328
vn 0.3529 -0.1577 0.9223
vn 0.3541 -0.7552 0.5516
vn 0.0457 -0.9892 -0.1391
vn -0.1431 -0.6174 -0.7735
vn 0.3706 -0.1530 0.9161
vn 0.5499 -0.6795 0.4858
vn 0.3321 -0.9125 -0.2387
vn -0.3232 0.0432 -0.9453
vn 0.6701 -0.6764 -0.3056
vn 0.6647 -0.5954 0.4512
vn 0.4338 -0.8694 -0.2366
vn 0.3705 -0.1531 0.9161
vn 0.8023 -0.4271 0.4170
vn 0.8415 -0.4173 -0.3430
vn 0.8857 -0.2238 0.4067
vn 0.9310 -0.1177 -0.3455
vn -0.2551 0.0015 -0.9669
vn 0.5860 -0.7465 -0.3150
vn -0.2882 -0.0253 -0.9572
vn 0.3327 -0.9128 -0.2370
vn 0.7814 -0.5072 -0.3636
vn -0.2310 0.0374 -0.9722
vn 0.3876 -0.0849 -0.9179
vn -0.2185 0.0791 -0.9726
vn 0.4075 -0.0910 0.9087
vn 0.9299 0.1934 -0.3127
vn 0.4084 0.1336 -0.9030
vn -0.2184 0.1222 -0.9682
vn 0.8383 0.4855 -0.2480
vn 0.8677 0.3946 -0.3024
vn -0.2310 0.1629 -0.9592
vn 0.3945 -0.0562 0.9172
vn 0.6653 0.7298 -0.1576
vn 0.7205 0.6578 -0.2195
vn -0.2548 0.1972 -0.9467
vn 0.3810 -0.0440 0.9235
vn 0.4277 0.9025 -0.0501
vn 0.5020 0.8569 -0.1167
vn -0.2878 0.2214 -0.9318
vn 0.3646 -0.0369 0.9304
vn 0.3503 0.6262 0.6966
vn 0.2341 0.9722 -0.0041
vn -0.3265 0.2333 -0.9160
vn 0.3467 -0.0355 0.9373
vn 0.1445 0.6176 0.7731
vn -0.0573 0.9925 0.1077
vn -0.3672 0.2317 -0.9008
vn 0.3466 -0.0356 0.9374
vn 0.1442 0.6176 0.7732
vn 0.3290 -0.0402 0.9435
vn -0.4227 0.8664 0.2659
vn -0.0574 0.9925 0.1079
vn -0.3673 0.2317 -0.9008
vn -0.3438 0.9158 0.2077
vn -0.4060 0.2169 -0.8878
vn 0.3134 -0.0504 0.9483
vn -0.6592 0.6733 0.3349
vn -0.5971 0.7496 0.2856
vn -0.4390 0.1903 -0.8781
vn -0.8304 0.4144 0.3724
vn -0.7924 0.5102 0.3343
vn -0.4630 0.1543 -0.8728
vn -0.4016 0.0134 0.9157
vn -0.8859 0.2226 -0.4069
vn -0.4756 0.1128 -0.8724
vn -0.9189 -0.1964 0.3422
vn -0.9067 0.0041 -0.4217
vn -0.4757 0.0695 -0.8768
vn 0.2959 -0.1209 0.9475
vn -0.8273 -0.4885 0.2773
vn -0.8631 -0.2080 -0.4602
vn -0.4632 0.0289 -0.8858
vn 0.3050 -0.1371 0.9424
vn -0.2152 -0.5828 0.7836
vn -0.7594 -0.3931 -0.5185
vn -0.4392 -0.0053 -0.8984
vn 0.3185 -0.1493 0.9361
vn -0.0481 -0.7044 0.7082
vn -0.6058 -0.5330 -0.5907
vn -0.4063 -0.0295 -0.9133
vn 0.3350 -0.1565 0.9291
vn 0.1481 -0.7638 0.6282
vn -0.3676 -0.0415 -0.9291
vn 0.3529 -0.1578 0.9223
vn 0.1554 -0.9774 -0.1433
vn -0.2122 -0.6280 -0.7487
vn -0.3269 -0.0400 -0.9442
vn 0.6290 -0.7126 -0.3107
vn 0.6296 -0.7128 -0.3091
vn 0.8127 -0.4630 -0.3538
vn 0.9256 -0.1161 -0.3603
vn 0.9062 -0.2197 -0.3613
vn 0.9245 0.1950 -0.3275
vn 0.9360 0.0910 -0.3401
vn 0.8742 0.3928 -0.2855
vn 0.7269 0.6561 -0.2028
vn 0.5086 0.8552 -0.0999
vn 0.1430 0.9885 0.0489
vn 0.2405 0.9706 0.0129
vn -0.1499 0.9760 0.1578
vn -0.0517 0.9911 0.1225
vn -0.1501 0.9760 0.1579
vn -0.0521 0.9911 0.1226
vn -0.7862 0.5085 0.3511
vn -0.9256 0.1161 0.3603
vn -0.9046 0.2193 0.3656
vn -0.8329 -0.4871 0.2627
vn -0.6598 -0.7315 0.1722
vn -0.7253 -0.6566 0.2071
vn -0.4221 -0.9042 0.0648
vn -0.5069 -0.8557 0.1043
vn -0.2389 -0.9710 -0.0086
vn 0.1500 -0.9760 -0.1579
vn 0.3391 -0.9146 -0.2201
vn 0.5077 0.8555 -0.1021
vn -0.2397 -0.9708 -0.0107
vn 0.9351 0.0913 -0.3423
vn -0.1498 0.9760 0.1578
vn -0.1502 0.9760 0.1579
vn -0.9054 0.2196 0.3634
vn -0.7260 -0.6565 0.2049
vn 0.3504 -0.0968 0.9316
vn -0.3505 0.0969 -0.9316
vn -0.3505 0.0969 -0.9315
vn 0.3504 -0.0969 0.9316
vn 0.3505 -0.0968 0.9316
vn 0.3505 -0.0969 0.9316
vn 0.3505 -0.0968 0.9315
vn -0.2389 0.0688 -0.9686
vn 0.8992 -0.1086 -0.4238
vn -0.2350 0.1062 -0.9662
vn 0.8979 0.2019 -0.3911
vn 0.8102 -0.4077 -0.4212
vn -0.2535 0.0340 -0.9667
vn 0.6393 -0.6663 -0.3839
vn -0.2773 0.0052 -0.9608
vn -0.2422 0.1426 -0.9597
vn 0.8065 0.4931 -0.3263
vn -0.2599 0.1746 -0.9497
vn 0.6337 0.7368 -0.2359
vn -0.2859 0.1988 -0.9374
vn 0.3965 0.9090 -0.1288
vn -0.3181 0.2131 -0.9238
vn 0.1180 0.9929 -0.0153
vn -0.3533 0.2157 -0.9103
vn -0.1743 0.9803 0.0933
vn -0.1745 0.9802 0.0933
vn -0.3878 0.2067 -0.8982
vn -0.4519 0.8723 0.1866
vn -0.4185 0.1870 -0.8887
vn -0.6877 0.6796 0.2553
vn -0.4424 0.1582 -0.8828
vn -0.8585 0.4211 0.2925
vn -0.4569 0.1235 -0.8809
vn -0.9476 0.1219 0.2951
vn -0.4608 0.0859 -0.8833
vn -0.9464 -0.1885 0.2622
vn -0.4535 0.0496 -0.8899
vn -0.8549 -0.4797 0.1976
vn -0.4359 0.0176 -0.8998
vn -0.6821 -0.7234 0.1073
vn -0.4098 -0.0067 -0.9121
vn -0.4447 -0.8957 -0.0000
vn -0.3775 -0.0208 -0.9258
vn -0.1664 -0.9795 -0.1133
vn -0.3425 -0.0234 -0.9392
vn 0.1260 -0.9669 -0.2221
vn -0.3079 -0.0145 -0.9513
vn 0.4036 -0.8590 -0.3151
vn 0.7617 -0.5006 -0.4114
vn -0.1988 0.0219 -0.9798
vn 0.8796 -0.2119 -0.4259
vn -0.1829 0.0745 -0.9803
vn -0.2290 -0.0235 -0.9731
vn 0.5669 -0.7396 -0.3629
vn 0.9092 0.0982 -0.4046
vn -0.1830 0.1289 -0.9746
vn 0.8474 0.3992 -0.3501
vn -0.1989 0.1800 -0.9633
vn 0.7004 0.6618 -0.2675
vn -0.2291 0.2229 -0.9475
vn 0.4824 0.8603 -0.1648
vn -0.2706 0.2535 -0.9287
vn 0.2149 0.9752 -0.0522
vn -0.3194 0.2684 -0.9088
vn -0.0759 0.9954 0.0593
vn -0.3706 0.2664 -0.8898
vn -0.0760 0.9953 0.0593
vn -0.3707 0.2663 -0.8897
vn -0.3618 0.9186 0.1588
vn -0.4195 0.2475 -0.8733
vn -0.6144 0.7527 0.2365
vn -0.4611 0.2140 -0.8612
vn -0.8093 0.5137 0.2849
vn -0.4912 0.1686 -0.8546
vn -0.9272 0.2250 0.2994
vn -0.5070 0.1163 -0.8541
vn -0.9567 -0.0850 0.2782
vn -0.5071 0.0617 -0.8597
vn -0.8949 -0.3860 0.2237
vn -0.4913 0.0106 -0.8709
vn -0.7478 -0.6487 0.1411
vn -0.4610 -0.0325 -0.8868
vn -0.5298 -0.8472 0.0384
vn -0.4194 -0.0628 -0.9056
vn -0.2624 -0.9621 -0.0741
vn -0.3706 -0.0777 -0.9255
vn 0.0285 -0.9822 -0.1857
vn -0.3193 -0.0758 -0.9446
vn 0.3143 -0.9055 -0.2851
vn -0.2706 -0.0569 -0.9610
vn -0.2294 0.0192 -0.9731
vn 0.8120 -0.4087 -0.4167
vn -0.2115 0.0623 -0.9754
vn 0.9012 -0.1095 -0.4192
vn 0.6409 -0.6674 -0.3791
vn -0.2587 -0.0166 -0.9658
vn -0.2069 0.1087 -0.9723
vn 0.9001 0.2009 -0.3865
vn -0.2159 0.1537 -0.9642
vn 0.8088 0.4923 -0.3217
vn -0.2376 0.1932 -0.9520
vn 0.6359 0.7363 -0.2314
vn -0.2701 0.2231 -0.9366
vn 0.3987 0.9086 -0.1243
vn -0.3101 0.2406 -0.9198
vn 0.1203 0.9927 -0.0108
vn -0.3536 0.2438 -0.9031
vn -0.1722 0.9802 0.0980
vn -0.3536 0.2437 -0.9031
vn -0.3964 0.2324 -0.8882
vn -0.4500 0.8723 0.1912
vn -0.4342 0.2078 -0.8765
vn -0.6858 0.6797 0.2599
vn -0.4637 0.1722 -0.8691
vn -0.8568 0.4211 0.2974
vn -0.4816 0.1292 -0.8668
vn -0.9461 0.1219 0.2999
vn -0.4862 0.0829 -0.8699
vn -0.9450 -0.1886 0.2672
vn -0.4772 0.0378 -0.8780
vn -0.8536 -0.4799 0.2026
vn -0.4554 -0.0017 -0.8903
vn -0.6807 -0.7239 0.1121
vn -0.4228 -0.0317 -0.9057
vn -0.4435 -0.8962 0.0050
vn -0.3830 -0.0490 -0.9225
vn -0.1651 -0.9803 -0.1084
vn -0.3394 -0.0524 -0.9392
vn 0.1274 -0.9678 -0.2173
vn -0.2967 -0.0411 -0.9541
vn 0.4051 -0.8599 -0.3106
vn -0.9352 -0.0912 0.3423
vn -0.7261 -0.6564 0.2049
vn 0.7870 -0.5088 -0.3489
vn 0.7261 0.6564 -0.2050
vn -0.0519 0.9911 0.1226
vn -0.4106 0.9092 -0.0692
vn -0.2219 0.8420 0.4918
vn -0.0470 0.9906 -0.1286
vn 0.1439 0.8919 0.4286
vn 0.2800 0.9120 -0.2998
vn 0.4722 0.8439 0.2545
vn 0.5876 0.7114 -0.3854
vn 0.7629 0.6210 0.1799
vn 0.7438 0.4022 -0.5339
vn 0.9435 0.3306 0.0234
vn 0.8291 0.0360 -0.5579
vn 0.9992 -0.0399 0.0102
vn 0.7165 -0.3186 -0.6206
vn 0.9153 -0.3975 -0.0644
vn 0.5354 -0.6423 -0.5484
vn 0.7126 -0.7013 0.0196
vn 0.2104 -0.8307 -0.5155
vn 0.4044 -0.9137 0.0413
vn -0.1207 -0.9249 -0.3606
vn 0.0717 -0.9767 0.2024
vn -0.4763 -0.8355 -0.2740
vn -0.2898 -0.9154 0.2794
vn -0.7552 -0.6468 -0.1060
vn -0.5477 -0.7045 0.4513
vn -0.9449 -0.3231 -0.0526
vn -0.7605 -0.4021 0.5099
vn -0.9973 0.0304 0.0666
vn -0.7829 -0.0450 0.6205
vn -0.9167 0.3980 0.0358
vn -0.7322 0.3255 0.5982
vn -0.7032 0.7088 0.0557
vn -0.4960 0.6170 0.6110
vn 0.3208 -0.1296 0.9382
vn 0.3209 -0.1262 0.9387
vn 0.3223 -0.1230 0.9386
vn 0.3185 -0.1286 0.9392
vn 0.3240 -0.1249 0.9378
vn 0.3176 -0.1262 0.9398
vn 0.3239 -0.1275 0.9375
vn 0.3187 -0.1238 0.9397
vn 0.3220 -0.1294 0.9378
vn 0.3210 -0.1228 0.9391
vn 0.3195 -0.1294 0.9387
vn 0.3233 -0.1238 0.9382
vn 0.3178 -0.1275 0.9395
vn 0.3242 -0.1262 0.9375
vn 0.3179 -0.1249 0.9399
vn 0.3231 -0.1286 0.9376
vn 0.3198 -0.1230 0.9395
vn 0.1951 -0.8017 0.5649
vn -0.0771 -0.7625 0.6424
vn 0.0919 -0.9607 0.2619
vn -0.2520 -0.8997 0.3565
vn 0.4577 -0.7615 0.4589
vn 0.4216 -0.8980 0.1257
vn 0.7166 -0.6924 0.0836
vn 0.6851 -0.5915 0.4251
vn 0.8516 -0.3639 0.3773
vn 0.9174 -0.3973 0.0228
vn 0.9961 -0.0475 0.0745
vn 0.9044 -0.0856 0.4179
vn 0.8733 0.1973 0.4455
vn 0.9447 0.3093 0.1085
vn 0.7664 0.5960 0.2398
vn 0.7241 0.4191 0.5477
vn 0.5100 0.5927 0.6234
vn 0.4874 0.8075 0.3323
vn 0.1624 0.8607 0.4825
vn 0.2505 0.6262 0.7383
vn -0.0245 0.5906 0.8066
vn -0.1861 0.8052 0.5630
vn -0.4619 0.5920 0.6605
vn -0.2387 0.4153 0.8778
vn -0.4176 0.1930 0.8879
vn -0.6815 0.3043 0.6655
vn -0.7408 -0.0525 0.6696
vn -0.4573 -0.0896 0.8848
vn -0.4392 -0.3670 0.8200
vn -0.7087 -0.4016 0.5801
vn -0.5115 -0.6956 0.5044
vn -0.2778 -0.5935 0.7554
vn 0.4581 -0.7439 0.4865
vn 0.1981 -0.7950 0.5733
vn 0.6828 -0.5871 0.4350
vn 0.8400 -0.3584 0.4073
vn 0.8996 -0.0867 0.4279
vn 0.8610 0.1857 0.4734
vn 0.7213 0.4125 0.5564
vn 0.5088 0.5691 0.6460
vn 0.2529 0.6175 0.7448
vn -0.0095 0.5671 0.8236
vn -0.2310 0.4090 0.8828
vn -0.3906 0.1816 0.9025
vn -0.4474 -0.0906 0.8897
vn -0.4117 -0.3615 0.8365
vn -0.2698 -0.5892 0.7616
vn -0.0605 -0.7450 0.6644
vn -0.3208 0.1260 -0.9387
vn -0.3210 0.1262 -0.9386
vn -0.3209 0.1262 -0.9387
vn -0.3212 0.1262 -0.9386
vn -0.3209 0.1264 -0.9387
vn -0.3211 0.1260 -0.9386
vn -0.3209 0.1264 -0.9386
vn -0.3208 0.1261 -0.9387
vn -0.3208 0.1264 -0.9387
vn -0.3209 0.1261 -0.9387
vn -0.3211 0.1267 -0.9385
vn -0.3208 0.1263 -0.9387
vn -0.3213 0.1260 -0.9386
vn -0.3212 0.1257 -0.9386
vn -0.3213 0.1264 -0.9385
vn 0.1769 0.9832 -0.0446
vn 0.3090 0.9470 -0.0880
vn 0.1545 0.9832 -0.0970
vn 0.2666 0.9470 -0.1792
vn 0.1170 0.9832 -0.1401
vn 0.1982 0.9470 -0.2528
vn 0.0679 0.9832 -0.1693
vn 0.1104 0.9470 -0.3017
vn 0.0123 0.9832 -0.1820
vn 0.0118 0.9470 -0.3210
vn -0.0445 0.9832 -0.1769
vn -0.0880 0.9470 -0.3090
vn -0.0970 0.9832 -0.1545
vn -0.1792 0.9470 -0.2666
vn -0.1401 0.9832 -0.1170
vn -0.2528 0.9470 -0.1982
vn -0.1693 0.9832 -0.0680
vn -0.3017 0.9470 -0.1104
vn -0.1820 0.9832 -0.0123
vn -0.3210 0.9470 -0.0118
vn -0.1769 0.9832 0.0446
vn -0.3090 0.9470 0.0879
vn -0.3090 0.9470 0.0880
vn -0.1545 0.9832 0.0970
vn -0.2666 0.9470 0.1792
vn -0.1170 0.9832 0.1401
vn -0.1982 0.9470 0.2528
vn -0.0680 0.9832 0.1693
vn -0.1104 0.9470 0.3017
vn -0.0123 0.9832 0.1820
vn -0.0118 0.9470 0.3210
vn 0.0446 0.9832 0.1769
vn 0.0880 0.9470 0.3090
vn 0.0970 0.9832 0.1545
vn 0.1792 0.9470 0.2666
vn 0.1401 0.9832 0.1170
vn 0.2528 0.9470 0.1982
vn 0.1693 0.9832 0.0679
vn 0.3017 0.9470 0.1104
vn 0.1820 0.9832 0.0123
vn 0.3210 0.9470 0.0118
vn 0.4420 0.8873 -0.1320
vn 0.3796 0.8873 -0.2621
vn 0.2800 0.8873 -0.3666
vn 0.1530 0.8873 -0.4352
vn 0.0111 0.8872 -0.4612
vn -0.1320 0.8873 -0.4420
vn -0.2621 0.8873 -0.3796
vn -0.3666 0.8873 -0.2800
vn -0.4352 0.8873 -0.1530
vn -0.4612 0.8872 -0.0111
vn -0.4420 0.8873 0.1319
vn -0.4420 0.8873 0.1320
vn -0.3796 0.8873 0.2621
vn -0.2800 0.8873 0.3666
vn -0.1530 0.8873 0.4352
vn -0.0111 0.8872 0.4612
vn 0.1320 0.8873 0.4420
vn 0.2621 0.8873 0.3796
vn 0.3666 0.8873 0.2800
vn 0.4352 0.8873 0.1530
vn 0.4612 0.8872 0.0111
vn 0.4420 0.8873 -0.1319
vn 0.5664 0.8056 -0.1735
vn 0.4851 0.8056 -0.3401
vn 0.3563 0.8056 -0.4733
vn 0.1926 0.8056 -0.5603
vn 0.0100 0.8056 -0.5923
vn -0.1735 0.8056 -0.5665
vn -0.3401 0.8056 -0.4851
vn -0.4733 0.8056 -0.3563
vn -0.5603 0.8056 -0.1926
vn -0.5923 0.8056 -0.0101
vn -0.5665 0.8056 0.1735
vn -0.5664 0.8056 0.1735
vn -0.4851 0.8056 0.3401
vn -0.3563 0.8056 0.4733
vn -0.1926 0.8056 0.5603
vn -0.0101 0.8056 0.5923
vn 0.1735 0.8056 0.5664
vn 0.3401 0.8056 0.4851
vn 0.4733 0.8056 0.3563
vn 0.5602 0.8056 0.1926
vn 0.5923 0.8056 0.0101
vn 0.5665 0.8056 -0.1735
vn 0.6779 0.7042 -0.2111
vn 0.5795 0.7042 -0.4102
vn 0.4244 0.7042 -0.5692
vn 0.2276 0.7042 -0.6725
vn 0.0087 0.7042 -0.7100
vn -0.2111 0.7042 -0.6779
vn -0.4102 0.7042 -0.5795
vn -0.5692 0.7042 -0.4244
vn -0.6725 0.7042 -0.2277
vn -0.7100 0.7042 -0.0087
vn -0.6780 0.7042 0.2109
vn -0.6779 0.7042 0.2111
vn -0.5795 0.7042 0.4102
vn -0.4244 0.7042 0.5692
vn -0.2277 0.7042 0.6725
vn -0.0088 0.7042 0.7100
vn 0.2111 0.7042 0.6779
vn 0.4102 0.7042 0.5795
vn 0.5692 0.7042 0.4244
vn 0.6725 0.7042 0.2277
vn 0.7100 0.7042 0.0088
vn 0.6780 0.7042 -0.2109
vn 0.7733 0.5853 -0.2437
vn 0.6602 0.5853 -0.4706
vn 0.4824 0.5853 -0.6517
vn 0.2575 0.5853 -0.7688
vn 0.0073 0.5853 -0.8108
vn -0.2436 0.5853 -0.7733
vn -0.4707 0.5853 -0.6602
vn -0.6517 0.5853 -0.4824
vn -0.7689 0.5853 -0.2574
vn -0.8108 0.5853 -0.0073
vn -0.7733 0.5853 0.2436
vn -0.7733 0.5854 0.2437
vn -0.6602 0.5853 0.4707
vn -0.4825 0.5853 0.6516
vn -0.2574 0.5853 0.7689
vn -0.0073 0.5853 0.8108
vn 0.2437 0.5853 0.7733
vn 0.4707 0.5853 0.6602
vn 0.6517 0.5853 0.4825
vn 0.7688 0.5853 0.2575
vn 0.8108 0.5853 0.0073
vn 0.7734 0.5853 -0.2436
vn 0.8500 0.4521 -0.2705
vn 0.7249 0.4521 -0.5197
vn 0.5288 0.4521 -0.7183
vn 0.2810 0.4521 -0.8466
vn 0.0056 0.4521 -0.8919
vn -0.2703 0.4521 -0.8500
vn -0.5197 0.4521 -0.7249
vn -0.7183 0.4521 -0.5288
vn -0.8466 0.4521 -0.2810
vn -0.8919 0.4521 -0.0056
vn -0.8501 0.4521 0.2702
vn -0.8500 0.4521 0.2705
vn -0.7249 0.4521 0.5197
vn -0.5288 0.4521 0.7183
vn -0.2810 0.4521 0.8466
vn -0.0056 0.4521 0.8919
vn 0.2703 0.4521 0.8500
vn 0.5197 0.4521 0.7249
vn 0.7183 0.4521 0.5288
vn 0.8466 0.4521 0.2810
vn 0.8919 0.4521 0.0056
vn 0.8500 0.4521 -0.2702
vn 0.9061 0.3077 -0.2905
vn 0.7720 0.3077 -0.5562
vn 0.5623 0.3077 -0.7675
vn 0.2976 0.3077 -0.9038
vn 0.0038 0.3077 -0.9515
vn -0.2904 0.3077 -0.9061
vn -0.5562 0.3077 -0.7720
vn -0.7676 0.3077 -0.5623
vn -0.9037 0.3077 -0.2977
vn -0.9515 0.3077 -0.0039
vn -0.9061 0.3077 0.2902
vn -0.9061 0.3077 0.2905
vn -0.7720 0.3077 0.5561
vn -0.5623 0.3077 0.7675
vn -0.2976 0.3077 0.9038
vn -0.0038 0.3077 0.9515
vn 0.2904 0.3077 0.9061
vn 0.5562 0.3077 0.7720
vn 0.7675 0.3077 0.5623
vn 0.9038 0.3077 0.2976
vn 0.9515 0.3077 0.0038
vn 0.9061 0.3077 -0.2902
vn 0.9400 0.1558 -0.3036
vn 0.8002 0.1558 -0.5792
vn 0.5822 0.1558 -0.7980
vn 0.3070 0.1558 -0.9389
vn 0.0018 0.1558 -0.9878
vn -0.3035 0.1558 -0.9400
vn -0.5792 0.1558 -0.8001
vn -0.7980 0.1558 -0.5821
vn -0.9388 0.1558 -0.3071
vn -0.9878 0.1558 -0.0020
vn -0.9401 0.1558 0.3033
vn -0.9400 0.1558 0.3036
vn -0.8002 0.1558 0.5792
vn -0.5820 0.1558 0.7981
vn -0.3068 0.1558 0.9389
vn -0.0020 0.1558 0.9878
vn 0.3035 0.1558 0.9400
vn 0.5793 0.1558 0.8001
vn 0.7981 0.1558 0.5820
vn 0.9389 0.1558 0.3070
vn 0.9878 0.1558 0.0018
vn 0.9401 0.1558 -0.3033
vn 0.9510 -0.0000 -0.3091
vn 0.8090 -0.0000 -0.5878
vn 0.5878 -0.0000 -0.8090
vn 0.3090 -0.0000 -0.9511
vn -0.0000 -0.0000 -1.0000
vn -0.3090 -0.0000 -0.9511
vn -0.5878 -0.0000 -0.8090
vn -0.8090 -0.0000 -0.5878
vn -0.9511 -0.0000 -0.3090
vn -1.0000 -0.0000 -0.0000
vn -0.9511 -0.0000 0.3088
vn -0.9510 -0.0000 0.3091
vn -0.8090 -0.0000 0.5878
vn -0.5878 -0.0000 0.8090
vn -0.3090 -0.0000 0.9511
vn -0.0000 -0.0000 1.0000
vn 0.3090 -0.0000 0.9511
vn 0.5878 -0.0000 0.8090
vn 0.8090 -0.0000 0.5878
vn 0.9511 -0.0000 0.3090
vn 1.0000 -0.0000 -0.0000
vn 0.9511 -0.0000 -0.3088
vn 0.9388 -0.1558 -0.3073
vn 0.7980 -0.1558 -0.5822
vn 0.5791 -0.1558 -0.8003
vn 0.3035 -0.1558 -0.9400
vn -0.0020 -0.1558 -0.9878
vn -0.3071 -0.1558 -0.9388
vn -0.5821 -0.1558 -0.7980
vn -0.8001 -0.1558 -0.5793
vn -0.9400 -0.1558 -0.3036
vn -0.9878 -0.1558 0.0020
vn -0.9389 -0.1558 0.3070
vn -0.9388 -0.1558 0.3073
vn -0.7980 -0.1558 0.5822
vn -0.5792 -0.1558 0.8002
vn -0.3035 -0.1558 0.9400
vn 0.0020 -0.1558 0.9878
vn 0.3069 -0.1557 0.9389
vn 0.5820 -0.1558 0.7981
vn 0.8003 -0.1558 0.5790
vn 0.9400 -0.1558 0.3035
vn 0.9878 -0.1558 -0.0018
vn 0.9389 -0.1558 -0.3070
vn 0.9037 -0.3077 -0.2978
vn 0.7675 -0.3077 -0.5623
vn 0.5562 -0.3077 -0.7720
vn 0.2904 -0.3077 -0.9061
vn -0.0038 -0.3077 -0.9515
vn -0.2976 -0.3077 -0.9037
vn -0.5623 -0.3077 -0.7675
vn -0.7720 -0.3077 -0.5562
vn -0.9061 -0.3077 -0.2904
vn -0.9515 -0.3077 0.0038
vn -0.9038 -0.3077 0.2975
vn -0.9037 -0.3077 0.2978
vn -0.7675 -0.3077 0.5623
vn -0.5562 -0.3077 0.7720
vn -0.2904 -0.3077 0.9061
vn 0.0038 -0.3077 0.9515
vn 0.2976 -0.3077 0.9037
vn 0.5623 -0.3077 0.7675
vn 0.7720 -0.3077 0.5562
vn 0.9061 -0.3077 0.2904
vn 0.9515 -0.3077 -0.0038
vn 0.9038 -0.3077 -0.2975
vn 0.8465 -0.4521 -0.2811
vn 0.7183 -0.4521 -0.5288
vn 0.5197 -0.4521 -0.7249
vn 0.2703 -0.4521 -0.8500
vn -0.0056 -0.4521 -0.8919
vn -0.2810 -0.4521 -0.8466
vn -0.5288 -0.4521 -0.7183
vn -0.7249 -0.4521 -0.5197
vn -0.8500 -0.4521 -0.2703
vn -0.8919 -0.4521 0.0056
vn -0.8466 -0.4521 0.2808
vn -0.8465 -0.4521 0.2811
vn -0.7183 -0.4521 0.5288
vn -0.5197 -0.4521 0.7249
vn -0.2703 -0.4521 0.8500
vn 0.0056 -0.4521 0.8919
vn 0.2810 -0.4521 0.8466
vn 0.5288 -0.4521 0.7183
vn 0.7249 -0.4521 0.5197
vn 0.8500 -0.4521 0.2703
vn 0.8919 -0.4521 -0.0056
vn 0.8466 -0.4521 -0.2808
vn 0.7688 -0.5853 -0.2576
vn 0.6516 -0.5853 -0.4825
vn 0.4707 -0.5853 -0.6602
vn 0.2437 -0.5853 -0.7733
vn -0.0073 -0.5853 -0.8108
vn -0.2575 -0.5853 -0.7688
vn -0.4825 -0.5853 -0.6516
vn -0.6602 -0.5853 -0.4706
vn -0.7733 -0.5853 -0.2437
vn -0.8108 -0.5853 0.0073
vn -0.7689 -0.5853 0.2573
vn -0.7688 -0.5853 0.2576
vn -0.6516 -0.5853 0.4825
vn -0.4706 -0.5853 0.6602
vn -0.2436 -0.5853 0.7733
vn 0.0073 -0.5853 0.8108
vn 0.2575 -0.5853 0.7688
vn 0.4825 -0.5853 0.6516
vn 0.6602 -0.5853 0.4706
vn 0.7733 -0.5853 0.2437
vn 0.8108 -0.5853 -0.0073
vn 0.7689 -0.5853 -0.2573
vn 0.6725 -0.7042 -0.2279
vn 0.5692 -0.7042 -0.4244
vn 0.4102 -0.7042 -0.5795
vn 0.2111 -0.7042 -0.6779
vn -0.0088 -0.7042 -0.7100
vn -0.2277 -0.7042 -0.6725
vn -0.4244 -0.7042 -0.5692
vn -0.5795 -0.7042 -0.4102
vn -0.6779 -0.7042 -0.2111
vn -0.7100 -0.7042 0.0088
vn -0.6725 -0.7042 0.2277
vn -0.6725 -0.7042 0.2279
vn -0.5692 -0.7042 0.4244
vn -0.4102 -0.7042 0.5795
vn -0.2111 -0.7042 0.6779
vn 0.0088 -0.7042 0.7100
vn 0.2277 -0.7042 0.6725
vn 0.4244 -0.7042 0.5692
vn 0.5795 -0.7042 0.4102
vn 0.6779 -0.7042 0.2111
vn 0.7100 -0.7042 -0.0088
vn 0.6725 -0.7042 -0.2277
vn 0.5602 -0.8056 -0.1926
vn 0.4733 -0.8056 -0.3563
vn 0.3401 -0.8056 -0.4851
vn 0.1735 -0.8056 -0.5664
vn -0.0100 -0.8056 -0.5923
vn -0.1926 -0.8056 -0.5603
vn -0.3563 -0.8056 -0.4733
vn -0.4851 -0.8056 -0.3400
vn -0.5665 -0.8056 -0.1735
vn -0.5923 -0.8056 0.0100
vn -0.5603 -0.8056 0.1924
vn -0.5602 -0.8056 0.1926
vn -0.4733 -0.8056 0.3563
vn -0.3401 -0.8056 0.4851
vn -0.1735 -0.8056 0.5664
vn 0.0101 -0.8056 0.5923
vn 0.1926 -0.8056 0.5602
vn 0.3563 -0.8056 0.4733
vn 0.4851 -0.8056 0.3400
vn 0.5665 -0.8056 0.1735
vn 0.5923 -0.8056 -0.0101
vn 0.5603 -0.8056 -0.1924
vn 0.4352 -0.8873 -0.1530
vn 0.3666 -0.8873 -0.2800
vn 0.2621 -0.8873 -0.3796
vn 0.1320 -0.8873 -0.4420
vn -0.0111 -0.8872 -0.4612
vn -0.1530 -0.8873 -0.4352
vn -0.2800 -0.8873 -0.3666
vn -0.3796 -0.8873 -0.2621
vn -0.4420 -0.8873 -0.1320
vn -0.4612 -0.8872 0.0111
vn -0.4352 -0.8873 0.1530
vn -0.3666 -0.8873 0.2800
vn -0.2621 -0.8873 0.3796
vn -0.1320 -0.8873 0.4420
vn 0.0111 -0.8872 0.4612
vn 0.1530 -0.8873 0.4352
vn 0.2800 -0.8873 0.3666
vn 0.3796 -0.8873 0.2621
vn 0.4420 -0.8873 0.1320
vn 0.4612 -0.8872 -0.0111
vn 0.3017 -0.9470 -0.1104
vn 0.2528 -0.9470 -0.1982
vn 0.1792 -0.9470 -0.2666
vn 0.0880 -0.9470 -0.3090
vn -0.0118 -0.9470 -0.3210
vn -0.1104 -0.9470 -0.3017
vn -0.1982 -0.9470 -0.2528
vn -0.2666 -0.9470 -0.1792
vn -0.3090 -0.9470 -0.0880
vn -0.3210 -0.9470 0.0118
vn -0.3017 -0.9470 0.1104
vn -0.2528 -0.9470 0.1982
vn -0.1792 -0.9470 0.2666
vn -0.0880 -0.9470 0.3090
vn 0.0118 -0.9470 0.3210
vn 0.1104 -0.9470 0.3017
vn 0.1982 -0.9470 0.2528
vn 0.2666 -0.9470 0.1792
vn 0.3090 -0.9470 0.0880
vn 0.3210 -0.9470 -0.0118
vn 0.1693 -0.9832 -0.0679
vn 0.1401 -0.9832 -0.1169
vn 0.0971 -0.9832 -0.1545
vn 0.0446 -0.9832 -0.1769
vn -0.0123 -0.9832 -0.1821
vn -0.0679 -0.9832 -0.1694
vn -0.1168 -0.9832 -0.1401
vn -0.1545 -0.9832 -0.0971
vn -0.1769 -0.9832 -0.0446
vn -0.1821 -0.9832 0.0123
vn -0.1694 -0.9832 0.0679
vn -0.1401 -0.9832 0.1169
vn -0.0971 -0.9832 0.1545
vn -0.0446 -0.9832 0.1769
vn 0.0123 -0.9832 0.1821
vn 0.0679 -0.9832 0.1694
vn 0.1169 -0.9832 0.1401
vn 0.1545 -0.9832 0.0971
vn 0.1769 -0.9832 0.0446
vn 0.1821 -0.9832 -0.0123
vn 0.1694 -0.9832 -0.0679
vn -0.0000 -1.0000 -0.0000
vn 0.0185 -0.9998 -0.0049
vn 0.0161 -0.9998 -0.0104
vn 0.3135 -0.9411 -0.1266
vn 0.2590 -0.9412 -0.2172
vn 0.3372 -0.9411 -0.0235
vn 0.0191 -0.9998 0.0011
vn 0.0121 -0.9998 -0.0148
vn 0.1792 -0.9412 -0.2866
vn 0.0069 -0.9998 -0.0178
vn 0.0819 -0.9411 -0.3280
vn 0.0011 -0.9998 -0.0191
vn -0.0235 -0.9411 -0.3372
vn -0.0049 -0.9998 -0.0185
vn -0.1266 -0.9411 -0.3135
vn -0.0104 -0.9998 -0.0161
vn -0.2172 -0.9411 -0.2590
vn -0.0148 -0.9998 -0.0121
vn -0.2866 -0.9411 -0.1792
vn -0.0178 -0.9998 -0.0069
vn -0.3280 -0.9411 -0.0819
vn -0.0192 -0.9998 -0.0011
vn -0.3372 -0.9411 0.0235
vn -0.0185 -0.9998 0.0049
vn -0.3135 -0.9411 0.1266
vn -0.0161 -0.9998 0.0104
vn -0.2590 -0.9412 0.2172
vn -0.0121 -0.9998 0.0148
vn -0.1792 -0.9411 0.2866
vn -0.0069 -0.9998 0.0178
vn -0.0819 -0.9411 0.3280
vn -0.0011 -0.9998 0.0191
vn 0.0235 -0.9411 0.3372
vn 0.0049 -0.9998 0.0185
vn 0.1266 -0.9411 0.3135
vn 0.0104 -0.9998 0.0161
vn 0.2172 -0.9411 0.2590
vn 0.0148 -0.9998 0.0121
vn 0.2866 -0.9412 0.1792
vn 0.0178 -0.9998 0.0069
vn 0.3280 -0.9411 0.0819
vn -0.2281 -0.9113 -0.3428
vn -0.3229 -0.9113 -0.2555
vn -0.6288 -0.0482 -0.7761
vn -0.8378 -0.0483 -0.5438
vn -0.3582 -0.0483 -0.9324
vn -0.1110 -0.9113 -0.3965
vn -0.0526 -0.0482 -0.9975
vn 0.0169 -0.9113 -0.4114
vn 0.2582 -0.0483 -0.9649
vn 0.1432 -0.9113 -0.3860
vn 0.5438 -0.0482 -0.8378
vn 0.2555 -0.9113 -0.3229
vn 0.7761 -0.0483 -0.6288
vn 0.3428 -0.9113 -0.2281
vn 0.9324 -0.0483 -0.3582
vn 0.3965 -0.9113 -0.1110
vn 0.9975 -0.0482 -0.0526
vn 0.4114 -0.9113 0.0169
vn 0.9649 -0.0482 0.2582
vn 0.3860 -0.9113 0.1432
vn 0.8378 -0.0482 0.5438
vn 0.3229 -0.9113 0.2555
vn 0.6287 -0.0483 0.7761
vn 0.2281 -0.9113 0.3428
vn 0.3582 -0.0483 0.9324
vn 0.1110 -0.9113 0.3965
vn 0.0526 -0.0483 0.9974
vn -0.0169 -0.9113 0.4114
vn -0.2582 -0.0482 0.9649
vn -0.1432 -0.9113 0.3860
vn -0.5438 -0.0483 0.8378
vn -0.2555 -0.9113 0.3229
vn -0.7761 -0.0483 0.6287
vn -0.3428 -0.9113 0.2281
vn -0.9324 -0.0482 0.3582
vn -0.3965 -0.9113 0.1110
vn -0.9974 -0.0483 0.0526
vn -0.4114 -0.9113 -0.0169
vn -0.9649 -0.0482 -0.2582
vn -0.3860 -0.9113 -0.1432
vn -0.2585 -0.0000 -0.9660
vn -0.5443 -0.0000 -0.8389
vn 0.0527 -0.0000 -0.9986
vn 0.3587 -0.0000 -0.9335
vn 0.6296 -0.0000 -0.7769
vn 0.8389 -0.0000 -0.5443
vn 0.9660 -0.0000 -0.2585
vn 0.9986 -0.0000 0.0527
vn 0.9335 -0.0000 0.3587
vn 0.7769 -0.0000 0.6296
vn 0.5443 -0.0000 0.8389
vn 0.2585 -0.0000 0.9660
vn -0.0527 -0.0000 0.9986
vn -0.3587 -0.0000 0.9335
vn -0.6296 -0.0000 0.7769
vn -0.8389 -0.0000 0.5443
vn -0.9660 -0.0000 0.2585
vn -0.9986 -0.0000 -0.0527
vn -0.9335 -0.0000 -0.3587
vn -0.7769 -0.0000 -0.6296
vn 0.0170 -0.9113 -0.4114
vn 0.1433 -0.9113 -0.3860
vn 0.2555 -0.9113 -0.3228
vn 0.4114 -0.9113 0.0170
vn 0.3860 -0.9113 0.1433
vn 0.3228 -0.9113 0.2555
vn -0.0170 -0.9113 0.4114
vn -0.1433 -0.9113 0.3860
vn -0.2555 -0.9113 0.3228
vn -0.4114 -0.9113 -0.0170
vn -0.3860 -0.9113 -0.1433
vn -0.3228 -0.9113 -0.2555
vn -0.3586 -0.0000 0.9335
vn -0.2585 -0.0000 0.9660
vn 0.0527 -0.0000 0.9986
vn -0.5443 -0.0000 0.8389
vn -0.7769 -0.0000 0.6296
vn -0.9335 -0.0000 0.3586
vn -0.9986 -0.0000 0.0527
vn -0.9335 -0.0000 -0.3586
vn -0.9660 -0.0000 -0.2585
vn -0.8389 -0.0000 -0.5443
vn -0.6296 -0.0000 -0.7769
vn -0.3586 -0.0000 -0.9335
vn -0.0527 -0.0000 -0.9986
vn 0.3586 -0.0000 -0.9335
vn 0.2585 -0.0000 -0.9660
vn 0.5443 -0.0000 -0.8389
vn 0.7769 -0.0000 -0.6296
vn 0.9335 -0.0000 -0.3586
vn 0.9986 -0.0000 -0.0527
vn 0.9335 -0.0000 0.3586
vn 0.9660 -0.0000 0.2585
vn 0.8389 -0.0000 0.5443
vn 0.6296 0.0001 0.7769
vn 0.3586 -0.0000 0.9335
vn 0.0879 -0.9888 0.1209
vn 0.0707 -0.9927 0.0973
vn -0.0119 -0.9998 -0.0163
vn 0.1670 -0.9588 0.2299
vn 0.1816 -0.9511 0.2500
vn 0.2530 -0.9026 0.3483
vn 0.2669 -0.8910 0.3673
vn -0.1047 -0.9840 -0.1441
vn -0.0879 -0.9888 -0.1210
vn -0.0119 -0.9998 -0.0164
vn -0.1817 -0.9510 -0.2500
vn -0.1962 -0.9426 -0.2700
vn -0.2668 -0.8910 -0.3673
vn -0.2805 -0.8788 -0.3861
vn 0.3329 -0.8241 0.4583
vn 0.3455 -0.8090 0.4755
vn -0.3455 -0.8090 -0.4755
vn -0.3578 -0.7933 -0.4925
vn 0.4046 -0.7254 0.5569
vn 0.4156 -0.7071 0.5721
vn -0.4156 -0.7071 -0.5721
vn -0.4264 -0.6883 -0.5869
vn 0.4663 -0.6088 0.6418
vn 0.4755 -0.5878 0.6545
vn -0.4755 -0.5878 -0.6545
vn -0.4844 -0.5664 -0.6667
vn 0.5166 -0.4772 0.7110
vn 0.5237 -0.4540 0.7208
vn -0.5237 -0.4540 -0.7208
vn -0.5305 -0.4305 -0.7302
vn 0.5541 -0.3338 0.7626
vn 0.5590 -0.3090 0.7694
vn -0.5590 -0.3090 -0.7694
vn -0.5636 -0.2840 -0.7757
vn 0.5779 -0.1823 0.7955
vn 0.5805 -0.1564 0.7991
vn -0.5805 -0.1564 -0.7991
vn -0.5828 -0.1305 -0.8021
vn 0.5876 -0.0261 0.8087
vn -0.5876 0.0261 -0.8087
vn 0.5828 0.1305 0.8021
vn 0.5805 0.1564 0.7991
vn -0.5805 0.1564 -0.7991
vn -0.5779 0.1823 -0.7955
vn 0.5636 0.2840 0.7757
vn 0.5590 0.3090 0.7694
vn -0.5590 0.3090 -0.7694
vn -0.5541 0.3338 -0.7626
vn 0.5305 0.4305 0.7302
vn 0.5237 0.4540 0.7208
vn -0.5237 0.4540 -0.7208
vn -0.5166 0.4772 -0.7110
vn 0.4844 0.5664 0.6667
vn 0.4755 0.5878 0.6545
vn -0.4755 0.5878 -0.6545
vn -0.4663 0.6088 -0.6418
vn 0.4264 0.6883 0.5869
vn 0.4156 0.7071 0.5721
vn -0.4156 0.7071 -0.5721
vn -0.4046 0.7254 -0.5569
vn 0.3578 0.7933 0.4925
vn 0.3455 0.8090 0.4755
vn -0.3455 0.8090 -0.4755
vn -0.3329 0.8241 -0.4583
vn 0.2805 0.8788 0.3861
vn 0.2669 0.8910 0.3673
vn -0.2668 0.8910 -0.3673
vn -0.2531 0.9026 -0.3484
vn 0.1962 0.9426 0.2701
vn 0.1817 0.9510 0.2500
vn -0.1817 0.9510 -0.2500
vn -0.1670 0.9588 -0.2298
vn 0.1047 0.9840 0.1441
vn 0.0879 0.9888 0.1210
vn -0.0878 0.9888 -0.1208
vn -0.0707 0.9927 -0.0973
vn 0.0119 0.9998 0.0163
vn -0.1048 0.9840 -0.1442
vn -0.0121 0.9998 -0.0166
vn -0.0710 0.9927 -0.0978
vn 0.0121 0.9998 0.0166
vn -0.1668 0.9589 -0.2295
vn -0.1961 0.9427 -0.2700
vn -0.2531 0.9026 -0.3483
vn -0.2805 0.8788 -0.3860
vn 0.1048 0.9840 0.1442
vn 0.0710 0.9927 0.0978
vn 0.1668 0.9589 0.2295
vn 0.1961 0.9427 0.2700
vn 0.2531 0.9026 0.3483
vn 0.2805 0.8788 0.3860
vn -0.3329 0.8242 -0.4582
vn -0.3578 0.7934 -0.4924
vn 0.3329 0.8242 0.4582
vn 0.3578 0.7934 0.4924
vn -0.4264 0.6883 -0.5869
vn 0.4046 0.7254 0.5569
vn -0.4844 0.5664 -0.6667
vn 0.4663 0.6088 0.6418
vn -0.5165 0.4772 -0.7110
vn -0.5305 0.4305 -0.7302
vn 0.5166 0.4772 0.7110
vn -0.5636 0.2840 -0.7757
vn 0.5541 0.3338 0.7626
vn -0.5827 0.1306 -0.8021
vn 0.5779 0.1823 0.7955
vn 0.5828 0.1306 0.8021
vn -0.5876 -0.0261 -0.8087
vn 0.5876 0.0261 0.8087
vn -0.5827 -0.1306 -0.8021
vn -0.5779 -0.1823 -0.7955
vn 0.5828 -0.1306 0.8021
vn 0.5780 -0.1823 0.7955
vn -0.5541 -0.3338 -0.7626
vn 0.5636 -0.2840 0.7757
vn -0.5166 -0.4772 -0.7110
vn 0.5305 -0.4305 0.7302
vn -0.4663 -0.6088 -0.6418
vn 0.4844 -0.5664 0.6667
vn -0.4046 -0.7254 -0.5569
vn 0.4264 -0.6883 0.5869
vn -0.3578 -0.7934 -0.4924
vn -0.3329 -0.8241 -0.4582
vn 0.3578 -0.7934 0.4924
vn 0.3329 -0.8242 0.4582
vn -0.2805 -0.8788 -0.3860
vn -0.2531 -0.9026 -0.3483
vn 0.2805 -0.8788 0.3860
vn 0.2531 -0.9026 0.3483
vn -0.1961 -0.9427 -0.2700
vn -0.1668 -0.9589 -0.2296
vn 0.1961 -0.9427 0.2700
vn 0.1668 -0.9589 0.2295
vn -0.1048 -0.9840 -0.1442
vn -0.0710 -0.9927 -0.0978
vn 0.1048 -0.9840 0.1442
vn 0.0710 -0.9927 0.0978
vn -0.0121 -0.9998 -0.0166
vn 0.0121 -0.9998 0.0166
vn -0.5166 -0.4771 -0.7110
vn -0.5827 0.1305 -0.8021
vn -0.2805 0.8788 -0.3861
vn -0.1962 0.9426 -0.2701
vn -0.1047 0.9840 -0.1441
vn -0.0119 0.9998 -0.0163
vn 0.0879 0.9888 0.1209
vn 0.0707 0.9927 0.0973
vn 0.1670 0.9588 0.2299
vn 0.2668 0.8910 0.3673
vn 0.2530 0.9026 0.3483
vn 0.3329 0.8241 0.4582
vn 0.4046 0.7253 0.5569
vn 0.5828 -0.1305 0.8021
vn 0.3578 -0.7933 0.4925
vn 0.2668 -0.8910 0.3673
vn 0.2805 -0.8788 0.3861
vn 0.1816 -0.9510 0.2500
vn 0.1962 -0.9426 0.2701
vn 0.0877 -0.9888 0.1207
vn 0.1046 -0.9840 0.1440
vn 0.0119 -0.9998 0.0164
vn -0.0878 -0.9888 -0.1208
vn -0.0707 -0.9927 -0.0973
vn 0.0119 -0.9998 0.0163
vn -0.1670 -0.9588 -0.2299
vn -0.1816 -0.9511 -0.2500
vn -0.2530 -0.9026 -0.3483
vn -0.0502 -0.9840 0.1708
vn -0.0416 -0.9891 0.1416
vn -0.0057 -0.9998 0.0194
vn 0.0003 -1.0000 -0.0009
vn -0.0867 -0.9515 0.2952
vn -0.0940 -0.9426 0.3203
vn -0.1276 -0.8916 0.4345
vn -0.1344 -0.8788 0.4579
vn 0.0425 -0.9885 -0.1449
vn 0.0339 -0.9927 -0.1154
vn 0.0800 -0.9588 -0.2725
vn 0.0874 -0.9506 -0.2978
vn 0.1213 -0.9026 -0.4131
vn 0.1282 -0.8905 -0.4366
vn -0.1653 -0.8098 0.5629
vn -0.1715 -0.7933 0.5841
vn 0.1595 -0.8241 -0.5435
vn 0.1659 -0.8083 -0.5650
vn -0.1989 -0.7081 0.6775
vn -0.2043 -0.6883 0.6960
vn 0.1939 -0.7254 -0.6605
vn 0.1995 -0.7062 -0.6793
vn -0.2277 -0.5889 0.7755
vn -0.2321 -0.5664 0.7908
vn 0.2235 -0.6088 -0.7612
vn 0.2281 -0.5868 -0.7769
vn -0.2508 -0.4553 0.8543
vn -0.2543 -0.4305 0.8660
vn 0.2476 -0.4772 -0.8432
vn 0.2512 -0.4528 -0.8555
vn -0.2678 -0.3102 0.9122
vn -0.2701 -0.2840 0.9200
vn 0.2655 -0.3338 -0.9045
vn 0.2680 -0.3077 -0.9130
vn -0.2782 -0.1577 0.9475
vn -0.2793 -0.1306 0.9513
vn 0.2770 -0.1823 -0.9434
vn 0.2783 -0.1554 -0.9478
vn -0.2817 -0.0014 0.9595
vn -0.2816 0.0262 0.9592
vn 0.2816 -0.0261 -0.9592
vn 0.2817 0.0013 -0.9595
vn -0.2783 0.1553 0.9479
vn -0.2770 0.1823 0.9434
vn 0.2793 0.1305 -0.9513
vn 0.2782 0.1577 -0.9475
vn -0.2680 0.3075 0.9130
vn -0.2656 0.3338 0.9045
vn 0.2701 0.2840 -0.9200
vn 0.2678 0.3104 -0.9121
vn -0.2512 0.4529 0.8555
vn -0.2476 0.4772 0.8432
vn 0.2543 0.4305 -0.8660
vn 0.2508 0.4551 -0.8544
vn -0.2281 0.5869 0.7769
vn -0.2235 0.6088 0.7612
vn 0.2321 0.5664 -0.7908
vn 0.2277 0.5889 -0.7755
vn -0.1995 0.7062 0.6793
vn -0.1939 0.7253 0.6605
vn 0.2044 0.6883 -0.6960
vn 0.1989 0.7081 -0.6775
vn -0.1659 0.8083 0.5649
vn -0.1595 0.8242 0.5434
vn 0.1715 0.7933 -0.5841
vn 0.1652 0.8098 -0.5629
vn -0.1282 0.8905 0.4366
vn -0.1213 0.9026 0.4131
vn 0.1344 0.8788 -0.4579
vn 0.1275 0.8916 -0.4344
vn -0.0874 0.9506 0.2978
vn -0.0800 0.9588 0.2725
vn 0.0941 0.9426 -0.3204
vn 0.0867 0.9515 -0.2953
vn -0.0425 0.9885 0.1449
vn -0.0339 0.9927 0.1154
vn 0.0502 0.9840 -0.1708
vn 0.0416 0.9891 -0.1416
vn -0.0003 1.0000 0.0011
vn 0.0057 0.9998 -0.0194
vn -0.0003 1.0000 0.0010
vn 0.0502 0.9840 -0.1710
vn 0.0058 0.9998 -0.0197
vn 0.0341 0.9927 -0.1160
vn -0.0058 0.9998 0.0197
vn 0.0799 0.9589 -0.2722
vn 0.0940 0.9427 -0.3202
vn 0.1213 0.9026 -0.4131
vn -0.0502 0.9840 0.1710
vn -0.0341 0.9927 0.1160
vn -0.0799 0.9589 0.2722
vn -0.0940 0.9427 0.3202
vn -0.1344 0.8788 0.4578
vn 0.1595 0.8242 -0.5434
vn 0.1715 0.7934 -0.5841
vn -0.1715 0.7934 0.5841
vn 0.1939 0.7254 -0.6605
vn 0.2043 0.6883 -0.6960
vn -0.1939 0.7254 0.6604
vn -0.2043 0.6883 0.6960
vn 0.2235 0.6088 -0.7612
vn 0.2322 0.5664 -0.7908
vn -0.2322 0.5664 0.7908
vn 0.2476 0.4772 -0.8432
vn -0.2543 0.4305 0.8660
vn 0.2655 0.3338 -0.9045
vn -0.2655 0.3338 0.9045
vn -0.2701 0.2840 0.9200
vn 0.2770 0.1823 -0.9434
vn 0.2793 0.1306 -0.9513
vn -0.2793 0.1306 0.9513
vn 0.2816 0.0262 -0.9592
vn -0.2816 -0.0261 0.9592
vn 0.2793 -0.1305 -0.9513
vn -0.2770 -0.1823 0.9434
vn 0.2701 -0.2840 -0.9200
vn 0.2656 -0.3338 -0.9045
vn -0.2655 -0.3338 0.9045
vn 0.2543 -0.4305 -0.8660
vn -0.2476 -0.4772 0.8432
vn 0.2322 -0.5664 -0.7908
vn -0.2322 -0.5664 0.7908
vn -0.2235 -0.6088 0.7612
vn 0.2043 -0.6883 -0.6960
vn 0.1939 -0.7254 -0.6604
vn -0.1939 -0.7254 0.6605
vn 0.1715 -0.7934 -0.5841
vn 0.1595 -0.8242 -0.5434
vn -0.1715 -0.7934 0.5841
vn -0.1595 -0.8242 0.5434
vn 0.1344 -0.8788 -0.4579
vn -0.1213 -0.9026 0.4131
vn 0.0940 -0.9427 -0.3201
vn 0.0799 -0.9589 -0.2722
vn -0.0940 -0.9427 0.3202
vn -0.0799 -0.9589 0.2722
vn 0.0502 -0.9840 -0.1710
vn 0.0341 -0.9927 -0.1160
vn -0.0502 -0.9840 0.1710
vn -0.0341 -0.9927 0.1160
vn 0.0058 -0.9998 -0.0197
vn -0.0058 -0.9998 0.0196
vn -0.0058 -0.9998 0.0197
vn 0.0058 -0.9998 -0.0196
vn 0.9595 -0.0000 0.2817
vn -0.9595 -0.0000 -0.2817
vn -0.2508 -0.4551 0.8544
vn -0.2678 -0.3103 0.9121
vn -0.2782 -0.1576 0.9475
vn -0.2816 -0.0262 0.9592
vn -0.2817 -0.0012 0.9595
vn -0.2793 0.1305 0.9513
vn -0.2680 0.3079 0.9129
vn -0.2542 0.4305 0.8660
vn -0.2512 0.4528 0.8555
vn -0.1715 0.7933 0.5841
vn -0.1659 0.8082 0.5651
vn -0.0940 0.9426 0.3203
vn -0.0502 0.9840 0.1709
vn -0.0057 0.9998 0.0194
vn 0.0339 0.9927 -0.1154
vn 0.0867 0.9515 -0.2952
vn 0.0800 0.9588 -0.2725
vn 0.1653 0.8098 -0.5630
vn 0.1596 0.8241 -0.5435
vn 0.2277 0.5888 -0.7756
vn 0.2508 0.4550 -0.8544
vn 0.2678 0.3103 -0.9121
vn 0.2782 0.1576 -0.9475
vn 0.2783 -0.1551 -0.9479
vn 0.2680 -0.3076 -0.9130
vn 0.2542 -0.4305 -0.8660
vn 0.2281 -0.5869 -0.7769
vn 0.1659 -0.8082 -0.5651
vn 0.1715 -0.7933 -0.5841
vn 0.1282 -0.8904 -0.4368
vn 0.0874 -0.9506 -0.2977
vn 0.0940 -0.9426 -0.3203
vn 0.0501 -0.9840 -0.1708
vn 0.0057 -0.9998 -0.0194
vn -0.0339 -0.9927 0.1154
vn -0.0800 -0.9588 0.2725
vn -0.1275 -0.8916 0.4344
vn -0.1595 -0.8241 0.5435
vn -0.1653 -0.8098 0.5630
vn -0.1989 -0.7080 0.6776
vn -0.2277 -0.5888 0.7756
vn 0.9335 -0.0000 -0.3587
vn 0.5443 0.0001 -0.8389
vn -0.9660 -0.0000 0.2584
vn -0.9335 -0.0000 0.3587
vn -0.3590 -0.0000 0.9334
vn -0.2587 -0.0000 0.9660
vn -0.3585 -0.0001 0.9335
vn -0.2583 -0.0000 0.9661
vn 0.3587 -0.0000 0.9335
vn 0.6296 -0.0000 0.7769
vn 0.8389 0.0001 0.5443
vn 0.8387 -0.0000 -0.5445
vn 0.6297 -0.0001 -0.7769
vn 0.5446 -0.0000 -0.8387
vn 0.9661 -0.0000 -0.2583
vn 0.9334 -0.0000 -0.3589
vn 0.9986 -0.0000 0.0525
vn 0.9986 -0.0000 -0.0525
vn 0.9334 -0.0000 0.3589
vn 0.9661 -0.0000 0.2583
vn 0.8387 -0.0000 0.5445
vn 0.6297 -0.0000 0.7769
vn 0.3585 -0.0000 0.9335
vn -0.2584 -0.0000 0.9660
vn -0.6295 -0.0000 0.7770
vn -0.7768 -0.0000 0.6297
vn -0.9661 -0.0000 0.2583
vn -0.9661 -0.0000 -0.2583
vn -0.7767 -0.0000 -0.6298
vn -0.8388 -0.0000 -0.5444
vn -0.5446 -0.0000 -0.8387
vn -0.6295 0.0001 -0.7770
vn -0.2583 -0.0000 -0.9661
vn -0.3588 -0.0000 -0.9334
vn 0.0525 -0.0000 -0.9986
vn -0.0525 -0.0000 -0.9986
vn 0.3589 -0.0000 -0.9334
vn 0.2584 -0.0000 -0.9660
vn -0.0106 -0.9998 -0.0154
vn -0.0131 -0.9998 -0.0132
vn -0.0080 -0.9998 -0.0170
vn -0.0151 -0.9998 -0.0110
vn -0.0167 -0.9998 -0.0085
vn -0.0052 -0.9998 -0.0180
vn -0.0024 -0.9998 -0.0187
vn 0.0004 -0.9998 -0.0189
vn -0.0242 -0.9997 0.0038
vn -0.0177 -0.9998 0.0058
vn -0.0187 -0.9998 -0.0005
vn -0.0167 -0.9998 0.0086
vn 0.0156 -0.9998 -0.0107
vn 0.0135 -0.9998 -0.0134
vn 0.0172 -0.9998 -0.0081
vn 0.0112 -0.9998 -0.0153
vn 0.0187 -0.9998 0.0035
vn 0.0190 -0.9998 -0.0000
vn 0.0180 -0.9998 0.0064
vn 0.0189 -0.9998 -0.0030
vn 0.0115 -0.9999 0.0058
vn 0.0156 -0.9998 0.0109
vn 0.0091 -0.9998 0.0166
vn 0.0115 -0.9998 0.0152
vn 0.0063 -0.9998 0.0178
vn 0.0135 -0.9998 0.0134
vn -0.0106 -0.9998 0.0154
vn -0.0084 -0.9998 0.0168
vn -0.0130 -0.9998 0.0136
vn -0.0057 -0.9998 0.0179
vn -0.0023 -0.9998 0.0187
vn 0.0002 -0.9998 0.0190
vn 0.0030 -0.9998 0.0187
vn 0.0036 -0.9998 -0.0185
vn 0.0063 -0.9998 -0.0179
vn 0.0090 -0.9998 -0.0167
vn -0.0151 -0.9998 0.0111
vn 0.0182 -0.9998 -0.0058
vn -0.0177 -0.9998 -0.0057
vn -0.0184 -0.9998 -0.0029
vn -0.2718 -0.8818 -0.3855
vn -0.2083 -0.8815 -0.4237
vn -0.4594 -0.6148 -0.6411
vn -0.3536 -0.6143 -0.7054
vn -0.5729 -0.0323 -0.8190
vn -0.4378 -0.0310 -0.8985
vn -0.5565 -0.3104 -0.7707
vn -0.4292 -0.3096 -0.8485
vn -0.3286 -0.8819 -0.3380
vn -0.5538 -0.6153 -0.5610
vn -0.6701 -0.3111 -0.6739
vn -0.6940 -0.0334 -0.7192
vn -0.1395 -0.8813 -0.4514
vn -0.2389 -0.6137 -0.7525
vn -0.2918 -0.0297 -0.9560
vn -0.2913 -0.3086 -0.9055
vn -0.3772 -0.8821 -0.2822
vn -0.6345 -0.6157 -0.4672
vn -0.7672 -0.3117 -0.5606
vn -0.7979 -0.0342 -0.6018
vn -0.4166 -0.8822 -0.2195
vn -0.6997 -0.6159 -0.3621
vn -0.8453 -0.3122 -0.4336
vn -0.8822 -0.0349 -0.4696
vn -0.0672 -0.8811 -0.4682
vn -0.1184 -0.6130 -0.7812
vn -0.1387 -0.0283 -0.9899
vn -0.1461 -0.3077 -0.9402
vn 0.0068 -0.8808 -0.4735
vn 0.0052 -0.6123 -0.7906
vn 0.0179 -0.0265 -0.9995
vn 0.0028 -0.3065 -0.9519
vn 0.0810 -0.8805 -0.4670
vn 0.1290 -0.6115 -0.7807
vn 0.1740 -0.0249 -0.9844
vn 0.1517 -0.3054 -0.9401
vn -0.5013 -0.8605 0.0908
vn -0.4708 -0.8821 0.0126
vn -0.7774 -0.6158 0.1281
vn -0.7877 -0.6160 0.0048
vn -0.9380 -0.3119 0.1512
vn -0.9841 -0.0345 0.1740
vn -0.9500 -0.3122 0.0025
vn -0.9992 -0.0350 0.0179
vn -0.4461 -0.8820 0.1519
vn -0.7480 -0.6155 0.2483
vn -0.9030 -0.3114 0.2961
vn -0.9448 -0.0337 0.3258
vn -0.4944 -0.8659 -0.0757
vn -0.8140 -0.5664 -0.1289
vn -0.9533 -0.2615 -0.1510
vn -0.9907 -0.0281 -0.1334
vn -0.4171 -0.8818 0.2200
vn -0.7002 -0.6151 0.3625
vn -0.8456 -0.3108 0.4339
vn -0.8823 -0.0329 0.4696
vn 0.3893 -0.8793 -0.2744
vn 0.4277 -0.8791 -0.2104
vn 0.6453 -0.6081 -0.4624
vn 0.7100 -0.6076 -0.3560
vn 0.8192 -0.0174 -0.5732
vn 0.8988 -0.0163 -0.4380
vn 0.7733 -0.3001 -0.5585
vn 0.8514 -0.2993 -0.4308
vn 0.3413 -0.8795 -0.3317
vn 0.5647 -0.6087 -0.5573
vn 0.6762 -0.3010 -0.6724
vn 0.7195 -0.0187 -0.6942
vn 0.4556 -0.8790 -0.1410
vn 0.7572 -0.6072 -0.2408
vn 0.9563 -0.0154 -0.2920
vn 0.9084 -0.2987 -0.2924
vn 0.2850 -0.8797 -0.3806
vn 0.4703 -0.6093 -0.6384
vn 0.5626 -0.3020 -0.7696
vn 0.6020 -0.0201 -0.7982
vn 0.4703 -0.8788 0.0811
vn 0.4135 -0.9011 0.1304
vn 0.7844 -0.6066 0.1291
vn 0.7165 -0.6576 0.2327
vn 0.9883 -0.0239 0.1507
vn 0.9571 -0.0208 0.2890
vn 0.9425 -0.2978 0.1518
vn 0.8908 -0.3503 0.2894
vn 0.4772 -0.8788 0.0066
vn 0.7949 -0.6067 0.0049
vn 0.9546 -0.2980 0.0025
vn 0.9997 -0.0143 0.0178
vn 0.4030 -0.8940 0.1959
vn 0.7104 -0.6068 0.3564
vn 0.8516 -0.2981 0.4311
vn 0.8989 -0.0145 0.4380
vn 0.4722 -0.8789 -0.0681
vn 0.7857 -0.6069 -0.1194
vn 0.9431 -0.2983 -0.1468
vn 0.9902 -0.0148 -0.1388
vn 0.3897 -0.8789 0.2750
vn 0.6458 -0.6070 0.4631
vn 0.7736 -0.2985 0.5589
vn 0.8193 -0.0150 0.5732
vn 0.3419 -0.8790 0.3323
vn 0.5654 -0.6073 0.5581
vn 0.6766 -0.2990 0.6729
vn 0.7195 -0.0159 0.6943
vn 0.2221 -0.8794 0.4211
vn 0.1534 -0.8796 0.4503
vn 0.3649 -0.6084 0.7048
vn 0.2501 -0.6090 0.7527
vn 0.4354 -0.3006 0.8486
vn 0.4698 -0.0181 0.8826
vn 0.2972 -0.3015 0.9060
vn 0.3259 -0.0193 0.9452
vn 0.2857 -0.8792 0.3813
vn 0.4710 -0.6078 0.6393
vn 0.5630 -0.2997 0.7702
vn 0.6021 -0.0168 0.7983
vn 0.0810 -0.8798 0.4683
vn 0.1291 -0.6096 0.7821
vn 0.1518 -0.3025 0.9410
vn 0.1740 -0.0208 0.9845
vn -0.2723 -0.8812 0.3864
vn -0.3292 -0.8814 0.3387
vn -0.4600 -0.6134 0.6420
vn -0.5545 -0.6140 0.5617
vn -0.5569 -0.3080 0.7713
vn -0.5730 -0.0290 0.8191
vn -0.6706 -0.3090 0.6744
vn -0.6940 -0.0303 0.7193
vn -0.2087 -0.8809 0.4247
vn -0.3541 -0.6126 0.7066
vn -0.4296 -0.3070 0.8492
vn -0.4378 -0.0273 0.8987
vn -0.3778 -0.8817 0.2827
vn -0.6352 -0.6145 0.4678
vn -0.7676 -0.3100 0.5610
vn -0.7980 -0.0317 0.6019
vn -0.1399 -0.8807 0.4526
vn -0.2394 -0.6119 0.7538
vn -0.2916 -0.3059 0.9063
vn -0.2919 -0.0258 0.9561
vn -0.0673 -0.8804 0.4695
vn -0.1185 -0.6111 0.7826
vn -0.1462 -0.3048 0.9411
vn -0.1387 -0.0240 0.9900
vn 0.0069 -0.8801 0.4747
vn 0.0053 -0.6104 0.7921
vn 0.0028 -0.3036 0.9528
vn 0.0179 -0.0224 0.9996
vn 0.1532 -0.8802 -0.4491
vn 0.2497 -0.6108 -0.7514
vn 0.3259 -0.0233 -0.9451
vn 0.2970 -0.3042 -0.9051
vn 0.2216 -0.8800 -0.4201
vn 0.3643 -0.6101 -0.7036
vn 0.4697 -0.0216 -0.8826
vn 0.4352 -0.3031 -0.8478
vn -0.4458 -0.8822 -0.1516
vn -0.7476 -0.6161 -0.2480
vn -0.9027 -0.3123 -0.2960
vn -0.9516 -0.0300 -0.3058
vn -0.2840 -0.0023 -0.9588
vn -0.4305 -0.0029 -0.9026
vn -0.3339 -0.0023 -0.9426
vn -0.4772 -0.0029 -0.8788
vn -0.5664 -0.0035 -0.8241
vn -0.6088 -0.0035 -0.7933
vn -0.6883 -0.0039 -0.7254
vn -0.7254 -0.0039 -0.6883
vn -0.7933 -0.0043 -0.6088
vn -0.8241 -0.0043 -0.5664
vn -0.8788 -0.0045 -0.4772
vn -0.9026 -0.0045 -0.4305
vn -0.9510 -0.0047 -0.3090
vn -0.9511 -0.0047 -0.3090
vn -0.9914 -0.0047 -0.1305
vn -0.9832 -0.0047 -0.1823
vn -0.9996 -0.0046 0.0263
vn -0.9996 -0.0047 -0.0262
vn -0.9832 -0.0044 0.1823
vn -0.9914 -0.0045 0.1305
vn -0.9426 -0.0041 0.3338
vn -0.9588 -0.0042 0.2840
vn -0.8788 -0.0036 0.4772
vn -0.9026 -0.0038 0.4305
vn -0.7933 -0.0031 0.6088
vn -0.8242 -0.0033 0.5664
vn -0.6883 -0.0025 0.7254
vn -0.7254 -0.0027 0.6883
vn -0.5664 -0.0019 0.8241
vn -0.6088 -0.0021 0.7933
vn -0.4305 -0.0012 0.9026
vn -0.4772 -0.0014 0.8788
vn -0.2840 -0.0004 0.9588
vn -0.3338 -0.0007 0.9426
vn -0.1305 0.0003 0.9914
vn -0.0262 0.0008 0.9997
vn 0.1823 0.0018 0.9832
vn 0.1305 0.0015 0.9914
vn 0.3338 0.0024 0.9426
vn 0.2840 0.0022 0.9588
vn 0.4772 0.0030 0.8788
vn 0.4305 0.0028 0.9026
vn 0.6088 0.0036 0.7933
vn 0.5664 0.0034 0.8241
vn 0.7254 0.0040 0.6883
vn 0.6883 0.0039 0.7254
vn 0.8241 0.0043 0.5664
vn 0.7933 0.0042 0.6088
vn 0.9026 0.0046 0.4305
vn 0.8788 0.0045 0.4772
vn 0.9588 0.0047 0.2840
vn 0.9426 0.0047 0.3339
vn 0.9914 0.0047 0.1305
vn 0.9832 0.0047 0.1823
vn 1.0000 0.0046 0.0001
vn 1.0000 0.0046 -0.0001
vn 0.9914 0.0044 -0.1305
vn 0.9832 0.0044 -0.1823
vn 0.9588 0.0041 -0.2840
vn 0.9426 0.0041 -0.3339
vn 0.9026 0.0037 -0.4305
vn 0.8788 0.0037 -0.4772
vn 0.8241 0.0032 -0.5664
vn 0.7933 0.0032 -0.6088
vn 0.7254 0.0026 -0.6883
vn 0.6883 0.0026 -0.7254
vn 0.6088 0.0020 -0.7933
vn 0.5664 0.0020 -0.8242
vn 0.4772 0.0013 -0.8788
vn 0.3338 0.0005 -0.9426
vn 0.1305 -0.0002 -0.9914
vn -0.0262 -0.0009 -0.9997
vn -0.1305 -0.0016 -0.9914
vn -0.1823 -0.0016 -0.9832
vn -0.2016 0.7066 -0.6783
vn -0.3054 0.7061 -0.6389
vn -0.0360 0.9943 -0.1004
vn -0.0515 0.9942 -0.0941
vn -0.0198 0.9944 -0.1042
vn -0.0929 0.7070 -0.7010
vn -0.4017 0.7057 -0.5836
vn -0.0659 0.9942 -0.0853
vn -0.4883 0.7054 -0.5138
vn -0.0786 0.9941 -0.0742
vn -0.0896 0.9941 -0.0613
vn -0.0983 0.9941 -0.0467
vn -0.6688 0.7048 -0.2366
vn -0.1044 0.9941 -0.0309
vn -0.6976 0.7047 -0.1291
vn -0.1080 0.9941 -0.0141
vn -0.7092 0.7048 -0.0184
vn -0.7092 0.7048 0.0187
vn -0.7032 0.7049 0.0926
vn -0.6973 0.7050 0.1294
vn -0.6799 0.7051 0.2014
vn -0.6683 0.7052 0.2367
vn -0.6314 0.7056 0.3215
vn -0.6315 0.7056 0.3214
vn -0.5842 0.7057 0.4009
vn -0.5622 0.7059 0.4308
vn -0.5140 0.7061 0.4870
vn -0.4877 0.7063 0.5131
vn -0.4313 0.7066 0.5610
vn -0.4012 0.7068 0.5827
vn -0.3380 0.7071 0.6211
vn -0.3049 0.7073 0.6378
vn -0.2365 0.7076 0.6659
vn -0.2013 0.7078 0.6771
vn -0.1294 0.7081 0.6942
vn -0.1794 0.0502 0.9825
vn -0.0192 0.7086 0.7053
vn -0.0236 0.0518 0.9984
vn 0.0915 0.7091 0.6992
vn 0.1329 0.0537 0.9897
vn 0.1996 0.7096 0.6758
vn 0.2860 0.0552 0.9566
vn 0.3026 0.7100 0.6358
vn 0.4321 0.0565 0.9000
vn 0.4131 0.7107 0.5695
vn 0.5667 0.0420 0.8229
vn 0.6872 0.0589 0.7241
vn 0.5101 0.7109 0.4841
vn 0.7919 0.0597 0.6078
vn 0.5794 0.7112 0.3982
vn 0.8772 0.0604 0.4763
vn 0.6345 0.7113 0.3025
vn 0.9409 0.0605 0.3332
vn 0.6739 0.7114 0.1994
vn 0.9864 0.0489 0.1572
vn 0.0987 0.9950 0.0130
vn 0.9979 0.0605 -0.0236
vn 0.0996 0.9950 -0.0027
vn 0.9820 0.0600 -0.1794
vn 0.0982 0.9950 -0.0183
vn 0.9418 0.0593 -0.3309
vn 0.0944 0.9950 -0.0337
vn 0.8785 0.0583 -0.4741
vn 0.0885 0.9949 -0.0482
vn 0.7936 0.0570 -0.6058
vn 0.0802 0.9949 -0.0617
vn 0.6891 0.0559 -0.7225
vn 0.0698 0.9948 -0.0741
vn 0.5676 0.0543 -0.8215
vn 0.0578 0.9947 -0.0846
vn 0.4323 0.0527 -0.9002
vn 0.0442 0.9947 -0.0931
vn 0.2861 0.0512 -0.9568
vn 0.0291 0.9946 -0.0997
vn 0.1330 0.0494 -0.9899
vn 0.0132 0.9945 -0.1038
vn -0.0031 0.9944 -0.1053
vn -0.2346 -0.7098 -0.6642
vn -0.1279 -0.7094 -0.6932
vn -0.0304 -0.9947 -0.0978
vn -0.0131 -0.9947 -0.1022
vn -0.0435 -0.9948 -0.0921
vn -0.3354 -0.7102 -0.6189
vn -0.0571 -0.9949 -0.0836
vn -0.4280 -0.7106 -0.5585
vn -0.0692 -0.9949 -0.0731
vn -0.5099 -0.7109 -0.4844
vn -0.0795 -0.9950 -0.0613
vn -0.5792 -0.7112 -0.3985
vn -0.0879 -0.9950 -0.0478
vn -0.6343 -0.7113 -0.3029
vn -0.0942 -0.9950 -0.0334
vn -0.6738 -0.7114 -0.1998
vn -0.0981 -0.9950 -0.0183
vn -0.6968 -0.7114 -0.0920
vn -0.7026 -0.7114 -0.0186
vn -0.7026 -0.7113 0.0183
vn -0.6970 -0.7112 0.0916
vn -0.6913 -0.7112 0.1280
vn -0.6742 -0.7110 0.1996
vn -0.6629 -0.7109 0.2348
vn -0.6266 -0.7108 0.3196
vn -0.6267 -0.7108 0.3195
vn -0.5798 -0.7104 0.3989
vn -0.5582 -0.7102 0.4289
vn -0.5105 -0.7100 0.4851
vn -0.4845 -0.7098 0.5113
vn -0.4285 -0.7096 0.5593
vn -0.3988 -0.7093 0.5812
vn -0.3360 -0.7091 0.6199
vn -0.3032 -0.7088 0.6369
vn 0.1395 -0.8463 0.5141
vn -0.0915 -0.7078 0.7005
vn 0.1983 -0.8543 0.4805
vn 0.2710 -0.8540 0.4442
vn 0.3374 -0.8535 0.3970
vn 0.3956 -0.8532 0.3399
vn 0.1390 -0.5676 0.8115
vn 0.4167 -0.7057 0.5730
vn 0.4167 -0.7057 0.5729
vn 0.4880 -0.7054 0.5141
vn 0.7053 -0.6196 0.3444
vn 0.3010 -0.8994 0.3171
vn 0.5625 -0.7051 0.4318
vn 0.3470 -0.8993 0.2662
vn 0.6233 -0.7049 0.3385
vn 0.3849 -0.8991 0.2087
vn 0.6687 -0.7048 0.2370
vn 0.4129 -0.8990 0.1460
vn 0.1074 -0.9940 0.0198
vn 0.4308 -0.8989 0.0796
vn 0.1092 -0.9940 0.0030
vn 0.4376 -0.8991 0.0112
vn 0.1080 -0.9941 -0.0142
vn 0.4338 -0.8992 -0.0573
vn 0.1042 -0.9941 -0.0308
vn 0.4193 -0.8993 -0.1244
vn 0.0979 -0.9941 -0.0465
vn 0.3943 -0.8995 -0.1884
vn 0.0890 -0.9942 -0.0609
vn 0.3594 -0.8998 -0.2473
vn 0.0781 -0.9942 -0.0737
vn 0.3159 -0.9001 -0.3002
vn 0.0651 -0.9943 -0.0845
vn 0.2647 -0.9004 -0.3454
vn 0.0508 -0.9944 -0.0931
vn 0.2071 -0.9008 -0.3818
vn 0.0354 -0.9944 -0.0992
vn 0.3769 -0.8352 -0.4004
vn 0.0194 -0.9945 -0.1026
vn 0.0927 -0.7083 -0.6997
vn 0.0030 -0.9946 -0.1038
vn -0.0180 -0.7089 -0.7051
vn -0.6088 -0.0081 -0.7933
vn -0.7254 -0.0092 -0.6883
vn -0.8241 -0.0100 -0.5664
vn -0.4772 -0.0068 -0.8788
vn -0.3339 -0.0054 -0.9426
vn -0.1823 -0.0038 -0.9832
vn -0.9588 -0.0097 0.2839
vn -0.9914 -0.0104 0.1305
vn -0.4772 -0.0032 0.8788
vn -0.6088 -0.0048 0.7933
vn -0.0262 -0.0022 -0.9997
vn -0.8241 -0.0077 0.5664
vn -0.9026 -0.0088 0.4305
vn -0.7254 -0.0063 0.6883
vn -0.3338 -0.0016 0.9426
vn -0.9025 -0.0106 -0.4305
vn -0.9510 -0.0109 -0.3089
vn -0.9996 -0.0108 -0.0262
vn -0.9832 -0.0110 -0.1823
vn -0.0516 0.9942 -0.0942
vn -0.0014 1.0000 -0.0024
vn -0.0361 0.9943 -0.1005
vn 0.0008 -1.0000 0.0023
vn 0.0014 -1.0000 0.0027
vn -0.0660 0.9942 -0.0854
vn -0.0021 1.0000 -0.0026
vn 0.0021 -1.0000 0.0029
vn -0.0788 0.9941 -0.0743
vn -0.0028 1.0000 -0.0026
vn 0.0028 -1.0000 0.0028
vn -0.0896 0.9941 -0.0614
vn -0.0035 1.0000 -0.0024
vn 0.0035 -1.0000 0.0026
vn -0.0982 0.9941 -0.0467
vn -0.0040 1.0000 -0.0020
vn 0.0041 -1.0000 0.0021
vn -0.1045 0.9940 -0.0309
vn -0.0044 1.0000 -0.0014
vn 0.0045 -1.0000 0.0015
vn -0.1079 0.9941 -0.0141
vn -0.0047 1.0000 -0.0007
vn 0.0046 -1.0000 0.0007
vn -0.0046 1.0000 -0.0000
vn -0.0047 1.0000 0.0001
vn 0.0047 -1.0000 -0.0000
vn 0.0046 -1.0000 -0.0000
vn -0.0043 1.0000 0.0006
vn -0.0044 1.0000 0.0008
vn 0.0044 -1.0000 -0.0006
vn 0.0043 -1.0000 -0.0007
vn -0.0039 1.0000 0.0011
vn -0.0040 1.0000 0.0013
vn 0.0040 -1.0000 -0.0012
vn 0.0038 -1.0000 -0.0013
vn -0.0033 1.0000 0.0014
vn -0.0034 1.0000 0.0017
vn 0.0035 -1.0000 -0.0015
vn 0.0032 -1.0000 -0.0016
vn -0.0026 1.0000 0.0016
vn -0.0027 1.0000 0.0020
vn 0.0028 -1.0000 -0.0018
vn 0.0024 -1.0000 -0.0019
vn -0.0020 1.0000 0.0015
vn -0.0020 1.0000 0.0020
vn 0.0021 -1.0000 -0.0018
vn 0.0017 -1.0000 -0.0018
vn -0.0014 1.0000 0.0012
vn -0.0013 1.0000 0.0017
vn 0.0015 -1.0000 -0.0016
vn 0.0010 -1.0000 -0.0015
vn -0.0009 1.0000 0.0008
vn -0.0007 1.0000 0.0013
vn 0.0009 -1.0000 -0.0011
vn 0.0004 -1.0000 -0.0010
vn -0.0005 1.0000 0.0002
vn -0.0003 1.0000 0.0007
vn 0.0005 -1.0000 -0.0006
vn 0.0001 -1.0000 -0.0004
vn -0.0005 1.0000 -0.0004
vn -0.0002 1.0000 -0.0000
vn 0.0004 -1.0000 0.0001
vn -0.0000 -1.0000 0.0004
vn -0.0005 1.0000 -0.0011
vn -0.0001 1.0000 -0.0008
vn 0.0004 -1.0000 0.0008
vn -0.0000 -1.0000 0.0011
vn -0.0006 1.0000 -0.0017
vn -0.0002 1.0000 -0.0015
vn 0.0005 -1.0000 0.0014
vn 0.0002 -1.0000 0.0018
vn -0.0007 1.0000 -0.0020
vn 0.0009 -1.0000 0.0020
vn 0.0007 -1.0000 0.0024
vn -0.0017 1.0000 -0.0025
vn 0.0015 -1.0000 0.0024
vn -0.0025 1.0000 -0.0026
vn -0.0022 1.0000 -0.0025
vn 0.0018 -1.0000 0.0027
vn 0.0023 -1.0000 0.0027
vn -0.0031 1.0000 -0.0026
vn 0.0027 -1.0000 0.0023
vn 0.0027 -1.0000 0.0026
vn 0.0029 -1.0000 0.0026
vn 0.0029 -1.0000 0.0029
vn -0.0036 1.0000 -0.0024
vn -0.0034 1.0000 -0.0025
vn 0.0034 -1.0000 0.0024
vn 0.0035 -1.0000 0.0027
vn -0.0042 1.0000 -0.0019
vn -0.0041 1.0000 -0.0020
vn 0.0041 -1.0000 0.0019
vn -0.0045 1.0000 -0.0014
vn -0.0044 1.0000 -0.0017
vn 0.0044 -1.0000 0.0014
vn 0.0988 0.9950 0.0130
vn -0.0046 1.0000 0.0001
vn 0.0982 0.9950 -0.0184
vn -0.0044 1.0000 0.0007
vn 0.0945 0.9950 -0.0337
vn 0.0885 0.9949 -0.0483
vn 0.0032 -1.0000 -0.0017
vn 0.0801 0.9949 -0.0619
vn 0.0024 -1.0000 -0.0018
vn 0.0699 0.9948 -0.0742
vn -0.0020 1.0000 0.0019
vn 0.0578 0.9947 -0.0847
vn 0.0442 0.9947 -0.0934
vn -0.0006 1.0000 0.0013
vn 0.0291 0.9946 -0.0998
vn -0.0000 1.0000 -0.0008
vn -0.0001 -1.0000 0.0011
vn -0.0004 1.0000 -0.0014
vn 0.0003 -1.0000 0.0018
vt 0.071230 0.827642
vt 0.077587 0.822742
vt 0.072677 0.829338
vt 0.080761 0.825616
vt 0.073361 0.831356
vt 0.082744 0.829287
vt 0.180236 0.829103
vt 0.171241 0.826719
vt 0.181090 0.827175
vt 0.173388 0.823210
vt 0.182658 0.825589
vt 0.176668 0.820505
vt 0.184765 0.824431
vt 0.180723 0.818624
vt 0.187225 0.823750
vt 0.185257 0.817549
vt 0.189853 0.823568
vt 0.190015 0.817261
vt 0.192464 0.823888
vt 0.194761 0.817748
vt 0.194877 0.824702
vt 0.199259 0.819011
vt 0.196903 0.825980
vt 0.203250 0.821068
vt 0.198354 0.827673
vt 0.206430 0.823935
vt 0.199042 0.829690
vt 0.208420 0.827601
vt 0.054555 0.830731
vt 0.045565 0.828329
vt 0.055413 0.828805
vt 0.047719 0.824824
vt 0.056985 0.827222
vt 0.051004 0.822125
vt 0.059094 0.826068
vt 0.055064 0.820252
vt 0.061555 0.825392
vt 0.059600 0.819187
vt 0.064184 0.825215
vt 0.064359 0.818908
vt 0.066795 0.825541
vt 0.069104 0.819404
vt 0.069206 0.826359
vt 0.073600 0.820677
vt 0.082986 0.817312
vt 0.087970 0.820859
vt 0.091695 0.825652
vt 0.162709 0.823021
vt 0.166497 0.818387
vt 0.171521 0.815010
vt 0.177332 0.812754
vt 0.183608 0.811499
vt 0.190099 0.811166
vt 0.196585 0.811722
vt 0.202849 0.813186
vt 0.208637 0.815627
vt 0.213628 0.819163
vt 0.217362 0.823948
vt 0.037039 0.824613
vt 0.040837 0.819986
vt 0.045869 0.816619
vt 0.051685 0.814375
vt 0.057964 0.813133
vt 0.064456 0.812813
vt 0.070941 0.813382
vt 0.077202 0.814860
vt 0.087499 0.811476
vt 0.094221 0.815251
vt 0.099888 0.820583
vt 0.154862 0.818074
vt 0.160470 0.812822
vt 0.167164 0.809173
vt 0.174513 0.806816
vt 0.182239 0.805534
vt 0.190137 0.805201
vt 0.198038 0.805767
vt 0.205771 0.807259
vt 0.213137 0.809783
vt 0.219867 0.813543
vt 0.225545 0.818863
vt 0.029202 0.819649
vt 0.034821 0.814408
vt 0.041523 0.810773
vt 0.048877 0.808430
vt 0.056606 0.807165
vt 0.064506 0.806848
vt 0.072406 0.807430
vt 0.080137 0.808937
vt 0.091197 0.805336
vt 0.099486 0.808972
vt 0.107088 0.814284
vt 0.147892 0.812005
vt 0.155334 0.806642
vt 0.163544 0.803063
vt 0.172203 0.800815
vt 0.181116 0.799620
vt 0.190148 0.799320
vt 0.199187 0.799856
vt 0.208121 0.801253
vt 0.216823 0.803635
vt 0.225119 0.807254
vt 0.232731 0.812549
vt 0.022244 0.813565
vt 0.029697 0.808218
vt 0.037916 0.804655
vt 0.046579 0.802425
vt 0.055496 0.801248
vt 0.064529 0.800967
vt 0.073567 0.801520
vt 0.082499 0.802936
vt 0.094141 0.798969
vt 0.103763 0.802175
vt 0.113128 0.806973
vt 0.141953 0.804966
vt 0.151104 0.799966
vt 0.160622 0.796738
vt 0.170356 0.794761
vt 0.180218 0.793734
vt 0.190143 0.793493
vt 0.200076 0.793970
vt 0.209965 0.795188
vt 0.219754 0.797263
vt 0.229382 0.800449
vt 0.238756 0.805227
vt 0.016319 0.806514
vt 0.025480 0.801532
vt 0.035006 0.798323
vt 0.044745 0.796366
vt 0.054609 0.795360
vt 0.064536 0.795138
vt 0.074469 0.795636
vt 0.084355 0.796874
vt 0.096379 0.792437
vt 0.107060 0.794994
vt 0.117895 0.798871
vt 0.137170 0.797127
vt 0.147788 0.792898
vt 0.158365 0.790246
vt 0.168940 0.788663
vt 0.179527 0.787865
vt 0.190128 0.787698
vt 0.200736 0.788100
vt 0.211349 0.789078
vt 0.221978 0.790727
vt 0.232664 0.793262
vt 0.243506 0.797116
vt 0.011551 0.798664
vt 0.022178 0.794457
vt 0.032762 0.791827
vt 0.043341 0.790265
vt 0.053931 0.789488
vt 0.064532 0.789344
vt 0.075141 0.789767
vt 0.085753 0.790767
vt 0.097943 0.785791
vt 0.109387 0.787543
vt 0.121313 0.790194
vt 0.133640 0.788664
vt 0.145392 0.785538
vt 0.156753 0.783633
vt 0.167932 0.782530
vt 0.179033 0.782002
vt 0.190107 0.781924
vt 0.201187 0.782237
vt 0.212307 0.782936
vt 0.223529 0.784077
vt 0.234975 0.785806
vt 0.246906 0.788432
vt 0.008039 0.790193
vt 0.019797 0.787092
vt 0.031163 0.785209
vt 0.042346 0.784129
vt 0.053448 0.783624
vt 0.064523 0.783569
vt 0.075604 0.783904
vt 0.086723 0.784626
vt 0.098860 0.779073
vt 0.110755 0.779925
vt 0.123335 0.781153
vt 0.131439 0.779762
vt 0.143922 0.777979
vt 0.155772 0.776936
vt 0.167319 0.776373
vt 0.178728 0.776143
vt 0.190083 0.776161
vt 0.201442 0.776377
vt 0.212861 0.776773
vt 0.224431 0.777358
vt 0.236328 0.778186
vt 0.248909 0.779388
vt 0.005855 0.781286
vt 0.018343 0.779529
vt 0.030195 0.778510
vt 0.041745 0.777971
vt 0.053155 0.777764
vt 0.064511 0.777805
vt 0.075870 0.778045
vt 0.087289 0.778464
vt 0.099142 0.772324
vt 0.111174 0.772235
vt 0.123942 0.771956
vt 0.130618 0.770614
vt 0.143385 0.770309
vt 0.155415 0.770195
vt 0.167094 0.770203
vt 0.178608 0.770285
vt 0.190058 0.770402
vt 0.201507 0.770519
vt 0.213022 0.770601
vt 0.224700 0.770610
vt 0.236731 0.770495
vt 0.249497 0.770191
vt 0.005053 0.772136
vt 0.017821 0.771857
vt 0.029853 0.771768
vt 0.041532 0.771800
vt 0.053047 0.771906
vt 0.064498 0.772046
vt 0.075948 0.772186
vt 0.087463 0.772292
vt 0.098800 0.765582
vt 0.110653 0.764564
vt 0.123140 0.762806
vt 0.131207 0.761416
vt 0.143788 0.762619
vt 0.155684 0.763446
vt 0.167255 0.764031
vt 0.178674 0.764427
vt 0.190032 0.764644
vt 0.201388 0.764661
vt 0.212796 0.764431
vt 0.224344 0.763868
vt 0.236194 0.762826
vt 0.248676 0.761043
vt 0.005660 0.762939
vt 0.018240 0.764167
vt 0.030136 0.765019
vt 0.041706 0.765628
vt 0.053125 0.766047
vt 0.064484 0.766287
vt 0.075840 0.766328
vt 0.087250 0.766121
vt 0.097832 0.758883
vt 0.109198 0.757000
vt 0.120957 0.753899
vt 0.133210 0.752372
vt 0.145140 0.754998
vt 0.156586 0.756727
vt 0.167808 0.757869
vt 0.178928 0.758568
vt 0.190008 0.758881
vt 0.201082 0.758802
vt 0.212183 0.758275
vt 0.223363 0.757172
vt 0.234724 0.755266
vt 0.246475 0.752141
vt 0.007682 0.753898
vt 0.019608 0.756549
vt 0.031052 0.758301
vt 0.042272 0.759466
vt 0.053392 0.760188
vt 0.064472 0.760523
vt 0.075547 0.760468
vt 0.086649 0.759963
vt 0.096233 0.752266
vt 0.106817 0.749635
vt 0.117444 0.745428
vt 0.136609 0.743689
vt 0.147451 0.747543
vt 0.158137 0.750078
vt 0.168766 0.751727
vt 0.179379 0.752705
vt 0.189987 0.753106
vt 0.200588 0.752940
vt 0.211175 0.752142
vt 0.221750 0.750558
vt 0.232328 0.747907
vt 0.242945 0.743678
vt 0.011100 0.745221
vt 0.021935 0.749098
vt 0.032616 0.751655
vt 0.043243 0.753325
vt 0.053854 0.754325
vt 0.064463 0.754748
vt 0.075064 0.754604
vt 0.085654 0.753827
vt 0.093990 0.745769
vt 0.103515 0.742560
vt 0.112676 0.737578
vt 0.141360 0.735578
vt 0.150733 0.740356
vt 0.160361 0.743542
vt 0.170151 0.745617
vt 0.180039 0.746834
vt 0.189972 0.747312
vt 0.199897 0.747070
vt 0.209759 0.746043
vt 0.219494 0.744067
vt 0.229012 0.740839
vt 0.238162 0.735838
vt 0.015867 0.737119
vt 0.025232 0.741917
vt 0.034854 0.745123
vt 0.044640 0.747218
vt 0.054527 0.748456
vt 0.064459 0.748954
vt 0.074386 0.748732
vt 0.084251 0.747726
vt 0.091080 0.739437
vt 0.099298 0.735874
vt 0.106751 0.730527
vt 0.147385 0.728255
vt 0.154996 0.733551
vt 0.163292 0.737170
vt 0.171994 0.739552
vt 0.180928 0.740949
vt 0.189967 0.741484
vt 0.198999 0.741185
vt 0.207912 0.739989
vt 0.216571 0.737742
vt 0.224781 0.734162
vt 0.232223 0.728800
vt 0.021908 0.729808
vt 0.029509 0.735120
vt 0.037798 0.738756
vt 0.046496 0.741156
vt 0.055428 0.742572
vt 0.064466 0.743126
vt 0.073500 0.742844
vt 0.082416 0.741667
vt 0.087472 0.733319
vt 0.094174 0.729684
vt 0.099794 0.724443
vt 0.154571 0.721942
vt 0.160249 0.727261
vt 0.166978 0.731022
vt 0.174344 0.733546
vt 0.182077 0.735037
vt 0.189978 0.735603
vt 0.197877 0.735270
vt 0.205602 0.733989
vt 0.212951 0.731632
vt 0.219646 0.727983
vt 0.225253 0.722730
vt 0.029107 0.723509
vt 0.034775 0.728841
vt 0.041497 0.732616
vt 0.048858 0.735155
vt 0.056589 0.736662
vt 0.064489 0.737244
vt 0.072389 0.736927
vt 0.080118 0.735662
vt 0.083126 0.727473
vt 0.088158 0.724106
vt 0.091956 0.719479
vt 0.162753 0.716857
vt 0.166488 0.721642
vt 0.171478 0.725177
vt 0.177267 0.727618
vt 0.183530 0.729082
vt 0.190016 0.729639
vt 0.196507 0.729306
vt 0.202783 0.728051
vt 0.208594 0.725795
vt 0.213618 0.722418
vt 0.217407 0.717783
vt 0.037300 0.718441
vt 0.041026 0.723233
vt 0.046009 0.726780
vt 0.051793 0.729233
vt 0.058054 0.730710
vt 0.064540 0.731279
vt 0.071031 0.730959
vt 0.077310 0.729717
vt 0.077991 0.721967
vt 0.081276 0.719268
vt 0.083430 0.715763
vt 0.171695 0.713203
vt 0.173686 0.716870
vt 0.176866 0.719737
vt 0.180857 0.721793
vt 0.185354 0.723057
vt 0.190100 0.723543
vt 0.194858 0.723255
vt 0.199392 0.722181
vt 0.203447 0.720299
vt 0.206727 0.717594
vt 0.208874 0.714085
vt 0.046251 0.714805
vt 0.048234 0.718476
vt 0.051408 0.721350
vt 0.055395 0.723415
vt 0.059891 0.724688
vt 0.064636 0.725184
vt 0.069395 0.724905
vt 0.073932 0.723840
vt 0.072010 0.716870
vt 0.073582 0.715287
vt 0.074440 0.713361
vt 0.181073 0.711115
vt 0.181761 0.713132
vt 0.183212 0.714825
vt 0.185239 0.716103
vt 0.187651 0.716916
vt 0.190263 0.717237
vt 0.192891 0.717055
vt 0.195350 0.716373
vt 0.197457 0.715215
vt 0.199025 0.713629
vt 0.199880 0.711702
vt 0.055634 0.712736
vt 0.056318 0.714754
vt 0.057765 0.716450
vt 0.059789 0.717733
vt 0.062200 0.718551
vt 0.064811 0.718877
vt 0.067440 0.718700
vt 0.069901 0.718024
vt 0.063871 0.831905
vt 0.189554 0.830258
vt 0.065124 0.712187
vt 0.190562 0.710546
vt 0.384135 0.090892
vt 0.370777 0.093566
vt 0.376282 0.071279
vt 0.369370 0.072486
vt 0.357248 0.091981
vt 0.362423 0.071498
vt 0.344871 0.086293
vt 0.356122 0.068411
vt 0.334857 0.077058
vt 0.351084 0.063529
vt 0.328187 0.065182
vt 0.347800 0.057328
vt 0.325513 0.051827
vt 0.346594 0.050417
vt 0.327097 0.038298
vt 0.347582 0.043471
vt 0.332783 0.025921
vt 0.350668 0.037170
vt 0.342016 0.015907
vt 0.355550 0.032131
vt 0.353892 0.009235
vt 0.361751 0.028847
vt 0.367248 0.006560
vt 0.368662 0.027640
vt 0.380777 0.008143
vt 0.375608 0.028628
vt 0.393155 0.013829
vt 0.381909 0.031714
vt 0.403170 0.023062
vt 0.386948 0.036596
vt 0.409842 0.034938
vt 0.390232 0.042797
vt 0.412518 0.048295
vt 0.391439 0.049709
vt 0.410935 0.061826
vt 0.390451 0.056656
vt 0.405248 0.074205
vt 0.387365 0.062957
vt 0.396014 0.084221
vt 0.382483 0.067996
vt 0.373689 0.063676
vt 0.369253 0.064453
vt 0.364795 0.063822
vt 0.360750 0.061844
vt 0.357514 0.058713
vt 0.355404 0.054735
vt 0.354626 0.050300
vt 0.355257 0.045842
vt 0.357235 0.041797
vt 0.360366 0.038561
vt 0.364344 0.036451
vt 0.368779 0.035674
vt 0.373237 0.036305
vt 0.377283 0.038282
vt 0.380519 0.041414
vt 0.382629 0.045391
vt 0.383406 0.049826
vt 0.382775 0.054285
vt 0.380797 0.058330
vt 0.377666 0.061566
vt 0.879450 0.007850
vt 0.883525 0.007908
vt 0.879447 0.008373
vt 0.883524 0.008431
vt 0.875305 0.008322
vt 0.875308 0.007799
vt 0.887502 0.007947
vt 0.887508 0.008471
vt 0.891336 0.007931
vt 0.891360 0.008455
vt 0.894948 0.007788
vt 0.895011 0.008311
vt 0.898177 0.007375
vt 0.898333 0.007883
vt 0.900751 0.006387
vt 0.901012 0.006850
vt 0.824585 0.007282
vt 0.827272 0.008224
vt 0.824330 0.007751
vt 0.827134 0.008735
vt 0.830501 0.008571
vt 0.830448 0.009093
vt 0.834085 0.008644
vt 0.834070 0.009168
vt 0.837894 0.008582
vt 0.837897 0.009106
vt 0.841854 0.008453
vt 0.841866 0.008976
vt 0.845917 0.008296
vt 0.845932 0.008818
vt 0.850052 0.008139
vt 0.850067 0.008661
vt 0.854235 0.007998
vt 0.854248 0.008520
vt 0.858449 0.007886
vt 0.858458 0.008408
vt 0.862676 0.007810
vt 0.862683 0.008332
vt 0.866905 0.007771
vt 0.866908 0.008293
vt 0.871121 0.007770
vt 0.871120 0.008292
vt 0.876080 0.043047
vt 0.871888 0.042951
vt 0.876079 0.042551
vt 0.871885 0.042462
vt 0.880252 0.042691
vt 0.880251 0.043196
vt 0.867687 0.042915
vt 0.867683 0.042430
vt 0.876082 0.043541
vt 0.880252 0.043700
vt 0.871891 0.043438
vt 0.867691 0.043399
vt 0.884384 0.043390
vt 0.884384 0.043909
vt 0.884389 0.042871
vt 0.888451 0.043618
vt 0.888449 0.044157
vt 0.888461 0.043079
vt 0.892404 0.043864
vt 0.892402 0.044429
vt 0.892421 0.043300
vt 0.896166 0.044108
vt 0.896168 0.044705
vt 0.896192 0.043514
vt 0.899599 0.044317
vt 0.899630 0.044931
vt 0.899642 0.043713
vt 0.902454 0.044436
vt 0.902586 0.044806
vt 0.902551 0.044079
vt 0.824533 0.045383
vt 0.827387 0.045166
vt 0.824437 0.045754
vt 0.827375 0.045775
vt 0.824397 0.045031
vt 0.827326 0.044557
vt 0.830819 0.044891
vt 0.830824 0.045488
vt 0.830785 0.044296
vt 0.834578 0.044584
vt 0.834587 0.045149
vt 0.834554 0.044019
vt 0.838528 0.044261
vt 0.838539 0.044799
vt 0.838509 0.043722
vt 0.842592 0.043943
vt 0.842603 0.044461
vt 0.842577 0.043423
vt 0.846721 0.043648
vt 0.846732 0.044151
vt 0.846709 0.043143
vt 0.850889 0.043391
vt 0.850898 0.043885
vt 0.850879 0.042895
vt 0.855077 0.043183
vt 0.855086 0.043670
vt 0.855069 0.042694
vt 0.859277 0.043032
vt 0.859284 0.043515
vt 0.859270 0.042546
vt 0.863481 0.042942
vt 0.863487 0.043424
vt 0.863476 0.042457
vt 0.879885 0.015348
vt 0.875646 0.015304
vt 0.879868 0.014832
vt 0.875635 0.014787
vt 0.884109 0.014876
vt 0.884135 0.015390
vt 0.888366 0.014886
vt 0.888409 0.015397
vt 0.880230 0.036274
vt 0.875968 0.036198
vt 0.880233 0.035762
vt 0.875967 0.035688
vt 0.884519 0.035850
vt 0.884509 0.036364
vt 0.888836 0.035937
vt 0.888815 0.036454
vt 0.892658 0.014815
vt 0.892728 0.015321
vt 0.893206 0.036018
vt 0.893166 0.036537
vt 0.897010 0.014587
vt 0.897120 0.015086
vt 0.897662 0.036108
vt 0.897590 0.036627
vt 0.901449 0.014094
vt 0.901617 0.014593
vt 0.902257 0.036275
vt 0.902138 0.036795
vt 0.905985 0.013119
vt 0.906263 0.013802
vt 0.907063 0.036625
vt 0.906805 0.037300
vt 0.819648 0.014575
vt 0.824247 0.015311
vt 0.819356 0.015258
vt 0.824121 0.015822
vt 0.819696 0.038075
vt 0.824375 0.037518
vt 0.819955 0.038743
vt 0.824528 0.038032
vt 0.828771 0.015640
vt 0.828688 0.016142
vt 0.828898 0.037168
vt 0.828993 0.037685
vt 0.833171 0.015719
vt 0.833120 0.016225
vt 0.833316 0.036919
vt 0.833375 0.037437
vt 0.837484 0.015648
vt 0.837457 0.016159
vt 0.837664 0.036696
vt 0.837701 0.037212
vt 0.841750 0.015501
vt 0.841738 0.016015
vt 0.841967 0.036474
vt 0.841992 0.036988
vt 0.845992 0.015326
vt 0.845990 0.015842
vt 0.846240 0.036259
vt 0.846258 0.036770
vt 0.850226 0.015154
vt 0.850229 0.015671
vt 0.850496 0.036060
vt 0.850510 0.036570
vt 0.854458 0.015003
vt 0.854464 0.015520
vt 0.854743 0.035890
vt 0.854753 0.036399
vt 0.858693 0.014884
vt 0.858700 0.015401
vt 0.858984 0.035760
vt 0.858993 0.036268
vt 0.862929 0.014804
vt 0.862936 0.015321
vt 0.863225 0.035675
vt 0.863232 0.036182
vt 0.867166 0.014763
vt 0.867173 0.015280
vt 0.867467 0.035636
vt 0.867472 0.036144
vt 0.871401 0.014760
vt 0.871409 0.015277
vt 0.871713 0.035643
vt 0.871716 0.036152
vt 0.876240 0.050232
vt 0.872064 0.050073
vt 0.876249 0.049733
vt 0.872068 0.049577
vt 0.880440 0.049974
vt 0.880430 0.050477
vt 0.884647 0.050295
vt 0.884639 0.050804
vt 0.874950 0.073207
vt 0.871294 0.073001
vt 0.875011 0.072704
vt 0.871331 0.072495
vt 0.878728 0.073040
vt 0.878642 0.073539
vt 0.882498 0.073521
vt 0.882384 0.074017
vt 0.888877 0.050686
vt 0.888876 0.051201
vt 0.886339 0.074174
vt 0.886194 0.074664
vt 0.893142 0.051121
vt 0.893158 0.051645
vt 0.890272 0.075026
vt 0.890093 0.075512
vt 0.897467 0.051550
vt 0.897515 0.052081
vt 0.894328 0.076096
vt 0.894109 0.076584
vt 0.901898 0.051874
vt 0.901998 0.052414
vt 0.898558 0.077369
vt 0.898281 0.077878
vt 0.906510 0.051818
vt 0.906694 0.052550
vt 0.903081 0.078712
vt 0.902597 0.079381
vt 0.820762 0.053252
vt 0.825429 0.053088
vt 0.820578 0.053990
vt 0.825362 0.053631
vt 0.825500 0.080061
vt 0.829884 0.078507
vt 0.825962 0.080737
vt 0.830197 0.078994
vt 0.829929 0.052577
vt 0.829904 0.053108
vt 0.834003 0.077077
vt 0.834250 0.077554
vt 0.834290 0.051987
vt 0.834292 0.052509
vt 0.837975 0.075874
vt 0.838175 0.076353
vt 0.838571 0.051410
vt 0.838590 0.051924
vt 0.841847 0.074895
vt 0.842010 0.075381
vt 0.842808 0.050889
vt 0.842833 0.051397
vt 0.845645 0.074118
vt 0.845776 0.074610
vt 0.847018 0.050445
vt 0.847043 0.050947
vt 0.849386 0.073514
vt 0.849489 0.074011
vt 0.851210 0.050085
vt 0.851232 0.050583
vt 0.853084 0.073058
vt 0.853161 0.073559
vt 0.855389 0.049811
vt 0.855407 0.050307
vt 0.856751 0.072730
vt 0.856804 0.073234
vt 0.859560 0.049624
vt 0.859573 0.050118
vt 0.860398 0.072515
vt 0.860429 0.073022
vt 0.863728 0.049522
vt 0.863735 0.050017
vt 0.864037 0.072406
vt 0.864045 0.072913
vt 0.867896 0.049507
vt 0.867897 0.050002
vt 0.867678 0.072399
vt 0.867663 0.072905
vt 0.895500 0.124959
vt 0.898082 0.125001
vt 0.896144 0.252732
vt 0.898726 0.252774
vt 0.900664 0.125051
vt 0.901309 0.252825
vt 0.903246 0.125103
vt 0.903890 0.252877
vt 0.905829 0.125151
vt 0.906473 0.252924
vt 0.908411 0.125188
vt 0.909055 0.252961
vt 0.910994 0.125209
vt 0.911638 0.252982
vt 0.913576 0.125212
vt 0.914221 0.252985
vt 0.864514 0.125454
vt 0.865158 0.253228
vt 0.861931 0.125472
vt 0.862575 0.253245
vt 0.867096 0.125417
vt 0.867740 0.253190
vt 0.869678 0.125362
vt 0.870323 0.253135
vt 0.872260 0.125293
vt 0.872904 0.253067
vt 0.874842 0.125217
vt 0.875486 0.252990
vt 0.877423 0.125139
vt 0.878068 0.252912
vt 0.880005 0.125065
vt 0.880649 0.252839
vt 0.882587 0.125003
vt 0.883231 0.252776
vt 0.885169 0.124955
vt 0.885813 0.252728
vt 0.887752 0.124927
vt 0.888396 0.252700
vt 0.890334 0.124918
vt 0.890979 0.252692
vt 0.892917 0.124930
vt 0.893561 0.252703
vt 0.881147 0.078778
vt 0.884562 0.079370
vt 0.881009 0.079212
vt 0.884383 0.079797
vt 0.877635 0.078786
vt 0.877738 0.078346
vt 0.874268 0.078492
vt 0.874340 0.078047
vt 0.887970 0.080161
vt 0.887741 0.080580
vt 0.891332 0.081208
vt 0.891039 0.081621
vt 0.894541 0.082602
vt 0.894164 0.083020
vt 0.897321 0.084511
vt 0.896808 0.084919
vt 0.831418 0.085396
vt 0.834044 0.083493
vt 0.831906 0.085819
vt 0.834444 0.083890
vt 0.837191 0.082018
vt 0.837502 0.082419
vt 0.840516 0.080872
vt 0.840760 0.081283
vt 0.843897 0.079979
vt 0.844090 0.080400
vt 0.847291 0.079284
vt 0.847442 0.079715
vt 0.850682 0.078750
vt 0.850798 0.079188
vt 0.854068 0.078350
vt 0.854153 0.078792
vt 0.857447 0.078062
vt 0.857504 0.078508
vt 0.860822 0.077875
vt 0.860854 0.078323
vt 0.864197 0.077780
vt 0.864203 0.078229
vt 0.867572 0.077774
vt 0.867553 0.078223
vt 0.870952 0.077861
vt 0.870908 0.078308
vt 0.877152 0.080768
vt 0.880359 0.081165
vt 0.877043 0.081213
vt 0.880212 0.081605
vt 0.873853 0.080943
vt 0.873930 0.080493
vt 0.883537 0.081712
vt 0.883345 0.082143
vt 0.886660 0.082446
vt 0.886414 0.082865
vt 0.889676 0.083429
vt 0.889365 0.083832
vt 0.892486 0.084787
vt 0.892101 0.085165
vt 0.894882 0.086818
vt 0.894387 0.087167
vt 0.833919 0.087673
vt 0.836190 0.085628
vt 0.834412 0.088017
vt 0.836590 0.085991
vt 0.838920 0.084189
vt 0.839247 0.084580
vt 0.841893 0.083114
vt 0.842154 0.083525
vt 0.844988 0.082286
vt 0.845194 0.082712
vt 0.848146 0.081645
vt 0.848306 0.082080
vt 0.851337 0.081152
vt 0.851459 0.081595
vt 0.854548 0.080781
vt 0.854637 0.081229
vt 0.857770 0.080515
vt 0.857830 0.080966
vt 0.860999 0.080341
vt 0.861032 0.080794
vt 0.864232 0.080251
vt 0.864238 0.080706
vt 0.867466 0.080244
vt 0.867446 0.080699
vt 0.870700 0.080323
vt 0.870653 0.080776
vt 0.876313 0.084159
vt 0.879209 0.084517
vt 0.876195 0.084611
vt 0.879050 0.084964
vt 0.873277 0.084367
vt 0.873360 0.083911
vt 0.882017 0.085004
vt 0.881811 0.085444
vt 0.884696 0.085649
vt 0.884433 0.086078
vt 0.887181 0.086485
vt 0.886851 0.086897
vt 0.889374 0.087556
vt 0.888974 0.087931
vt 0.891092 0.088940
vt 0.890714 0.089191
vt 0.837669 0.089671
vt 0.839359 0.088225
vt 0.838077 0.089887
vt 0.839764 0.088597
vt 0.841528 0.087102
vt 0.841866 0.087509
vt 0.843996 0.086202
vt 0.844270 0.086625
vt 0.846663 0.085485
vt 0.846881 0.085921
vt 0.849463 0.084923
vt 0.849632 0.085366
vt 0.852351 0.084487
vt 0.852480 0.084936
vt 0.855300 0.084158
vt 0.855394 0.084612
vt 0.858289 0.083921
vt 0.858350 0.084378
vt 0.861301 0.083766
vt 0.861334 0.084225
vt 0.864327 0.083687
vt 0.864332 0.084147
vt 0.867352 0.083683
vt 0.867330 0.084142
vt 0.870367 0.083756
vt 0.870316 0.084214
vt 0.877587 0.090328
vt 0.875097 0.090033
vt 0.879952 0.090728
vt 0.882164 0.091259
vt 0.884202 0.091949
vt 0.886067 0.092819
vt 0.887803 0.093850
vt 0.842871 0.093480
vt 0.841138 0.094576
vt 0.844697 0.092530
vt 0.846697 0.091758
vt 0.848883 0.091148
vt 0.851231 0.090673
vt 0.853713 0.090308
vt 0.856299 0.090033
vt 0.858959 0.089834
vt 0.861667 0.089704
vt 0.864401 0.089638
vt 0.867134 0.089635
vt 0.869844 0.089696
vt 0.872507 0.089827
vt 0.623860 0.638022
vt 0.623827 0.643546
vt 0.618588 0.637991
vt 0.618555 0.643514
vt 0.629125 0.638054
vt 0.629092 0.643577
vt 0.634402 0.638085
vt 0.634369 0.643608
vt 0.639693 0.638116
vt 0.639661 0.643640
vt 0.645005 0.638148
vt 0.644972 0.643671
vt 0.438486 0.636923
vt 0.438453 0.642446
vt 0.433161 0.636892
vt 0.433128 0.642415
vt 0.443722 0.642478
vt 0.443754 0.636954
vt 0.448992 0.642509
vt 0.449025 0.636986
vt 0.454266 0.642540
vt 0.454298 0.637017
vt 0.459533 0.642571
vt 0.459566 0.637048
vt 0.464813 0.642603
vt 0.464846 0.637080
vt 0.470104 0.642634
vt 0.470136 0.637111
vt 0.475400 0.642665
vt 0.475433 0.637142
vt 0.480701 0.642697
vt 0.480733 0.637174
vt 0.486003 0.642728
vt 0.486035 0.637205
vt 0.491306 0.642760
vt 0.491339 0.637237
vt 0.496610 0.642791
vt 0.496643 0.637268
vt 0.501914 0.642823
vt 0.501947 0.637300
vt 0.507218 0.642854
vt 0.507251 0.637331
vt 0.512523 0.642886
vt 0.512555 0.637362
vt 0.517827 0.642917
vt 0.517860 0.637394
vt 0.523132 0.642949
vt 0.523164 0.637425
vt 0.528437 0.642980
vt 0.528469 0.637457
vt 0.533741 0.643011
vt 0.533774 0.637488
vt 0.539047 0.643043
vt 0.539079 0.637520
vt 0.544352 0.643074
vt 0.544384 0.637551
vt 0.549656 0.643106
vt 0.549689 0.637583
vt 0.554993 0.637614
vt 0.554960 0.643137
vt 0.560297 0.637646
vt 0.560265 0.643169
vt 0.565602 0.637677
vt 0.565569 0.643200
vt 0.570906 0.637708
vt 0.570873 0.643232
vt 0.576210 0.637740
vt 0.576177 0.643263
vt 0.581514 0.637771
vt 0.581481 0.643294
vt 0.586817 0.637803
vt 0.586784 0.643326
vt 0.592120 0.637834
vt 0.592087 0.643357
vt 0.597422 0.637866
vt 0.597389 0.643389
vt 0.602721 0.637897
vt 0.602689 0.643420
vt 0.608018 0.637929
vt 0.607985 0.643452
vt 0.613308 0.637960
vt 0.613275 0.643483
vt 0.618525 0.648549
vt 0.613245 0.648518
vt 0.618532 0.647463
vt 0.613252 0.647432
vt 0.623803 0.647495
vt 0.623797 0.648581
vt 0.629069 0.647526
vt 0.629063 0.648612
vt 0.618459 0.659728
vt 0.613179 0.659697
vt 0.618465 0.658643
vt 0.613186 0.658612
vt 0.623737 0.658674
vt 0.623731 0.659760
vt 0.629003 0.658706
vt 0.628996 0.659791
vt 0.634346 0.647557
vt 0.634339 0.648643
vt 0.634279 0.658737
vt 0.634273 0.659822
vt 0.639637 0.647589
vt 0.639631 0.648675
vt 0.639571 0.658768
vt 0.639564 0.659854
vt 0.644949 0.647620
vt 0.644943 0.648706
vt 0.644883 0.658800
vt 0.644876 0.659885
vt 0.433104 0.646364
vt 0.438430 0.646395
vt 0.433098 0.647450
vt 0.438423 0.647481
vt 0.433038 0.657544
vt 0.438363 0.657575
vt 0.433032 0.658629
vt 0.438357 0.658660
vt 0.443698 0.646427
vt 0.443692 0.647513
vt 0.443632 0.657606
vt 0.443626 0.658692
vt 0.448969 0.646458
vt 0.448962 0.647544
vt 0.448902 0.657638
vt 0.448896 0.658723
vt 0.454242 0.646489
vt 0.454236 0.647575
vt 0.454176 0.657669
vt 0.454169 0.658754
vt 0.459503 0.647606
vt 0.459510 0.646520
vt 0.459437 0.658785
vt 0.459444 0.657700
vt 0.464783 0.647638
vt 0.464790 0.646552
vt 0.464717 0.658817
vt 0.464723 0.657732
vt 0.470074 0.647669
vt 0.470080 0.646583
vt 0.470007 0.658848
vt 0.470014 0.657763
vt 0.475370 0.647700
vt 0.475377 0.646615
vt 0.475304 0.658880
vt 0.475311 0.657794
vt 0.480671 0.647732
vt 0.480677 0.646646
vt 0.480604 0.658911
vt 0.480611 0.657826
vt 0.485973 0.647763
vt 0.485979 0.646677
vt 0.485907 0.658942
vt 0.485913 0.657857
vt 0.491276 0.647795
vt 0.491282 0.646709
vt 0.491210 0.658974
vt 0.491216 0.657889
vt 0.496580 0.647826
vt 0.496586 0.646740
vt 0.496514 0.659005
vt 0.496520 0.657920
vt 0.501884 0.647858
vt 0.501891 0.646772
vt 0.501818 0.659037
vt 0.501824 0.657952
vt 0.507188 0.647889
vt 0.507195 0.646803
vt 0.507122 0.659068
vt 0.507128 0.657983
vt 0.512493 0.647921
vt 0.512499 0.646835
vt 0.512426 0.659100
vt 0.512433 0.658014
vt 0.517797 0.647952
vt 0.517804 0.646866
vt 0.517731 0.659131
vt 0.517738 0.658046
vt 0.523102 0.647984
vt 0.523108 0.646898
vt 0.523036 0.659163
vt 0.523042 0.658077
vt 0.528407 0.648015
vt 0.528413 0.646929
vt 0.528340 0.659194
vt 0.528347 0.658109
vt 0.533712 0.648046
vt 0.533718 0.646960
vt 0.533645 0.659226
vt 0.533652 0.658140
vt 0.539023 0.646992
vt 0.539017 0.648078
vt 0.538957 0.658172
vt 0.538950 0.659257
vt 0.544328 0.647023
vt 0.544322 0.648109
vt 0.544262 0.658203
vt 0.544255 0.659288
vt 0.549633 0.647055
vt 0.549626 0.648141
vt 0.549567 0.658235
vt 0.549560 0.659320
vt 0.554937 0.647086
vt 0.554931 0.648172
vt 0.554871 0.658266
vt 0.554864 0.659351
vt 0.560241 0.647118
vt 0.560235 0.648204
vt 0.560175 0.658298
vt 0.560168 0.659383
vt 0.565545 0.647149
vt 0.565539 0.648235
vt 0.565479 0.658329
vt 0.565473 0.659414
vt 0.570850 0.647181
vt 0.570843 0.648267
vt 0.570783 0.658360
vt 0.570777 0.659446
vt 0.576154 0.647212
vt 0.576147 0.648298
vt 0.576087 0.658392
vt 0.576081 0.659477
vt 0.581457 0.647244
vt 0.581451 0.648329
vt 0.581391 0.658423
vt 0.581385 0.659509
vt 0.586761 0.647275
vt 0.586754 0.648361
vt 0.586695 0.658455
vt 0.586688 0.659540
vt 0.592064 0.647306
vt 0.592057 0.648392
vt 0.591997 0.658486
vt 0.591991 0.659572
vt 0.597365 0.647338
vt 0.597359 0.648424
vt 0.597299 0.658518
vt 0.597293 0.659603
vt 0.602665 0.647369
vt 0.602659 0.648455
vt 0.602599 0.658549
vt 0.602592 0.659634
vt 0.607961 0.647401
vt 0.607955 0.648487
vt 0.607895 0.658581
vt 0.607889 0.659666
vt 0.618484 0.655406
vt 0.623756 0.655438
vt 0.629022 0.655469
vt 0.634298 0.655500
vt 0.639590 0.655532
vt 0.644902 0.655563
vt 0.433057 0.654307
vt 0.438383 0.654338
vt 0.443651 0.654370
vt 0.448921 0.654401
vt 0.454195 0.654432
vt 0.459463 0.654463
vt 0.464742 0.654495
vt 0.470033 0.654526
vt 0.475330 0.654557
vt 0.480630 0.654589
vt 0.485932 0.654620
vt 0.491235 0.654652
vt 0.496539 0.654683
vt 0.501843 0.654715
vt 0.507148 0.654746
vt 0.512452 0.654778
vt 0.517757 0.654809
vt 0.523061 0.654841
vt 0.528366 0.654872
vt 0.533671 0.654903
vt 0.538976 0.654935
vt 0.544281 0.654966
vt 0.549586 0.654998
vt 0.554890 0.655029
vt 0.560194 0.655061
vt 0.565498 0.655092
vt 0.570802 0.655124
vt 0.576106 0.655155
vt 0.581410 0.655187
vt 0.586714 0.655218
vt 0.592016 0.655249
vt 0.597318 0.655281
vt 0.602618 0.655312
vt 0.607914 0.655344
vt 0.613205 0.655375
vt 0.618435 0.663677
vt 0.623707 0.663708
vt 0.628973 0.663740
vt 0.634249 0.663771
vt 0.639541 0.663802
vt 0.644853 0.663834
vt 0.433008 0.662578
vt 0.438334 0.662609
vt 0.443602 0.662640
vt 0.448872 0.662672
vt 0.454146 0.662703
vt 0.459414 0.662734
vt 0.464693 0.662766
vt 0.469984 0.662797
vt 0.475281 0.662828
vt 0.480581 0.662860
vt 0.485883 0.662891
vt 0.491186 0.662923
vt 0.496490 0.662954
vt 0.501794 0.662986
vt 0.507099 0.663017
vt 0.512403 0.663048
vt 0.517708 0.663080
vt 0.523012 0.663111
vt 0.528317 0.663143
vt 0.533622 0.663174
vt 0.538927 0.663206
vt 0.544232 0.663237
vt 0.549537 0.663269
vt 0.554841 0.663300
vt 0.560145 0.663332
vt 0.565449 0.663363
vt 0.570753 0.663394
vt 0.576057 0.663426
vt 0.581361 0.663457
vt 0.586665 0.663489
vt 0.591967 0.663520
vt 0.597269 0.663552
vt 0.602569 0.663583
vt 0.607865 0.663615
vt 0.613156 0.663646
vt 0.644819 0.669465
vt 0.639508 0.669433
vt 0.634216 0.669402
vt 0.628939 0.669370
vt 0.623674 0.669339
vt 0.618402 0.669308
vt 0.613122 0.669277
vt 0.607832 0.669245
vt 0.602536 0.669214
vt 0.597236 0.669182
vt 0.591934 0.669151
vt 0.586631 0.669120
vt 0.581328 0.669088
vt 0.576024 0.669057
vt 0.570720 0.669025
vt 0.565416 0.668994
vt 0.560112 0.668962
vt 0.554808 0.668931
vt 0.549503 0.668899
vt 0.544199 0.668868
vt 0.538894 0.668836
vt 0.533588 0.668805
vt 0.528284 0.668774
vt 0.522979 0.668742
vt 0.517674 0.668711
vt 0.512370 0.668679
vt 0.507065 0.668648
vt 0.501761 0.668616
vt 0.496457 0.668585
vt 0.491153 0.668553
vt 0.485850 0.668522
vt 0.480548 0.668490
vt 0.475247 0.668459
vt 0.469951 0.668428
vt 0.464660 0.668396
vt 0.459380 0.668365
vt 0.454112 0.668334
vt 0.448839 0.668302
vt 0.443569 0.668271
vt 0.438300 0.668240
vt 0.432975 0.668208
vt 0.476813 0.581244
vt 0.489536 0.590945
vt 0.472159 0.590451
vt 0.487258 0.595745
vt 0.470579 0.600645
vt 0.486574 0.601014
vt 0.472226 0.610829
vt 0.487552 0.606237
vt 0.476939 0.620006
vt 0.490096 0.610902
vt 0.484257 0.627277
vt 0.493956 0.614552
vt 0.493463 0.631930
vt 0.498756 0.616831
vt 0.503657 0.633511
vt 0.504026 0.617515
vt 0.513840 0.631864
vt 0.509248 0.616537
vt 0.523016 0.627152
vt 0.513913 0.613994
vt 0.530287 0.619834
vt 0.517564 0.610133
vt 0.534941 0.610628
vt 0.519843 0.605333
vt 0.536522 0.600435
vt 0.520526 0.600064
vt 0.534876 0.590251
vt 0.519549 0.594841
vt 0.530164 0.581075
vt 0.517005 0.590176
vt 0.522847 0.573804
vt 0.513144 0.586526
vt 0.513641 0.569150
vt 0.508344 0.584247
vt 0.503447 0.567568
vt 0.503075 0.583563
vt 0.493263 0.569213
vt 0.497852 0.584540
vt 0.484085 0.573926
vt 0.493187 0.587084
vt 0.494561 0.594376
vt 0.493096 0.597455
vt 0.492655 0.600836
vt 0.493280 0.604188
vt 0.494911 0.607183
vt 0.497387 0.609528
vt 0.500467 0.610992
vt 0.503848 0.611434
vt 0.507200 0.610808
vt 0.510195 0.609178
vt 0.512540 0.606702
vt 0.514004 0.603623
vt 0.514445 0.600242
vt 0.513820 0.596890
vt 0.512189 0.593895
vt 0.509713 0.591550
vt 0.506634 0.590086
vt 0.503252 0.589644
vt 0.499900 0.590269
vt 0.496906 0.591900
vt 0.369255 0.579549
vt 0.369261 0.579936
vt 0.366197 0.579616
vt 0.366203 0.580003
vt 0.372351 0.579882
vt 0.372347 0.579496
vt 0.363188 0.579686
vt 0.363192 0.580073
vt 0.360250 0.579741
vt 0.360249 0.580129
vt 0.357417 0.579752
vt 0.357403 0.580140
vt 0.354748 0.579667
vt 0.354703 0.580055
vt 0.352358 0.579379
vt 0.352244 0.579756
vt 0.350450 0.578660
vt 0.350258 0.579004
vt 0.406713 0.578678
vt 0.406907 0.579021
vt 0.404736 0.579407
vt 0.404845 0.579784
vt 0.402352 0.579700
vt 0.402398 0.580086
vt 0.399705 0.579794
vt 0.399722 0.580181
vt 0.396889 0.579789
vt 0.396893 0.580177
vt 0.393963 0.579735
vt 0.393960 0.580122
vt 0.390960 0.579661
vt 0.390954 0.580047
vt 0.387905 0.579585
vt 0.387899 0.579971
vt 0.384815 0.579521
vt 0.384810 0.579907
vt 0.381703 0.579476
vt 0.381701 0.579863
vt 0.378581 0.579457
vt 0.378581 0.579843
vt 0.375459 0.579464
vt 0.375462 0.579850
vt 0.372060 0.605549
vt 0.372057 0.605186
vt 0.375170 0.605491
vt 0.375169 0.605130
vt 0.368953 0.605282
vt 0.368957 0.605649
vt 0.378284 0.605476
vt 0.378283 0.605116
vt 0.372062 0.605910
vt 0.368960 0.606015
vt 0.375171 0.605849
vt 0.378283 0.605834
vt 0.365869 0.605787
vt 0.365873 0.606160
vt 0.365864 0.605413
vt 0.362810 0.605956
vt 0.362815 0.606340
vt 0.362802 0.605571
vt 0.359800 0.606148
vt 0.359805 0.606546
vt 0.359788 0.605749
vt 0.356874 0.606352
vt 0.356880 0.606770
vt 0.356857 0.605935
vt 0.354090 0.606553
vt 0.354092 0.606995
vt 0.354066 0.606114
vt 0.351549 0.606727
vt 0.351530 0.607181
vt 0.351512 0.606281
vt 0.349436 0.606833
vt 0.349341 0.607107
vt 0.349361 0.606570
vt 0.407144 0.606872
vt 0.407218 0.607145
vt 0.405030 0.606742
vt 0.405044 0.607192
vt 0.407242 0.606611
vt 0.405070 0.606292
vt 0.402486 0.606578
vt 0.402488 0.607019
vt 0.402505 0.606138
vt 0.399700 0.606393
vt 0.399698 0.606811
vt 0.399712 0.605976
vt 0.396771 0.606199
vt 0.396768 0.606598
vt 0.396780 0.605801
vt 0.393759 0.606009
vt 0.393755 0.606393
vt 0.393766 0.605625
vt 0.390698 0.605836
vt 0.390695 0.606209
vt 0.390703 0.605462
vt 0.387610 0.605690
vt 0.387607 0.606056
vt 0.387614 0.605322
vt 0.384507 0.605578
vt 0.384505 0.605939
vt 0.384509 0.605215
vt 0.381397 0.605505
vt 0.381396 0.605864
vt 0.381398 0.605145
vt 0.369061 0.585108
vt 0.369065 0.584725
vt 0.372191 0.585056
vt 0.372194 0.584674
vt 0.365936 0.584788
vt 0.365927 0.585170
vt 0.362802 0.584849
vt 0.362785 0.585229
vt 0.368984 0.600578
vt 0.368981 0.600200
vt 0.372131 0.600512
vt 0.372129 0.600136
vt 0.365824 0.600283
vt 0.365830 0.600662
vt 0.362652 0.600376
vt 0.362663 0.600756
vt 0.359654 0.584883
vt 0.359625 0.585261
vt 0.359456 0.600467
vt 0.359475 0.600849
vt 0.356479 0.584856
vt 0.356431 0.585230
vt 0.356222 0.600553
vt 0.356255 0.600936
vt 0.353259 0.584712
vt 0.353180 0.585082
vt 0.352923 0.600645
vt 0.352980 0.601029
vt 0.349972 0.584371
vt 0.349850 0.584741
vt 0.349523 0.600796
vt 0.349614 0.601179
vt 0.346610 0.583673
vt 0.346408 0.584181
vt 0.345967 0.601084
vt 0.346162 0.601582
vt 0.410451 0.584022
vt 0.410674 0.584524
vt 0.407056 0.584618
vt 0.407155 0.584995
vt 0.410655 0.601417
vt 0.410470 0.601914
vt 0.407186 0.601055
vt 0.407078 0.601437
vt 0.403712 0.584913
vt 0.403779 0.585283
vt 0.403835 0.600846
vt 0.403769 0.601230
vt 0.400459 0.585020
vt 0.400502 0.585394
vt 0.400562 0.600711
vt 0.400523 0.601094
vt 0.397268 0.585015
vt 0.397293 0.585392
vt 0.397340 0.600593
vt 0.397318 0.600975
vt 0.394112 0.584951
vt 0.394126 0.585332
vt 0.394153 0.600476
vt 0.394140 0.600857
vt 0.390975 0.584866
vt 0.390982 0.585248
vt 0.390988 0.600362
vt 0.390979 0.600741
vt 0.387844 0.584781
vt 0.387847 0.585163
vt 0.387836 0.600258
vt 0.387830 0.600636
vt 0.384715 0.584709
vt 0.384715 0.585092
vt 0.384691 0.600174
vt 0.384688 0.600551
vt 0.381585 0.584660
vt 0.381584 0.585043
vt 0.381551 0.600117
vt 0.381549 0.600493
vt 0.378454 0.584637
vt 0.378453 0.585020
vt 0.378412 0.600091
vt 0.378411 0.600467
vt 0.375323 0.584643
vt 0.375322 0.585025
vt 0.375272 0.600098
vt 0.375272 0.600474
vt 0.371988 0.610832
vt 0.371980 0.610464
vt 0.375074 0.610749
vt 0.375070 0.610382
vt 0.368885 0.610607
vt 0.368896 0.610977
vt 0.365782 0.610810
vt 0.365794 0.611183
vt 0.372726 0.627825
vt 0.372695 0.627450
vt 0.375427 0.627730
vt 0.375413 0.627355
vt 0.369960 0.627624
vt 0.370008 0.627996
vt 0.367197 0.627887
vt 0.367263 0.628257
vt 0.362667 0.611071
vt 0.362677 0.611447
vt 0.364397 0.628256
vt 0.364483 0.628622
vt 0.359536 0.611382
vt 0.359540 0.611763
vt 0.361545 0.628751
vt 0.361653 0.629113
vt 0.356378 0.611725
vt 0.356370 0.612112
vt 0.358627 0.629392
vt 0.358760 0.629751
vt 0.353177 0.612063
vt 0.353145 0.612456
vt 0.355620 0.630196
vt 0.355783 0.630556
vt 0.349897 0.612325
vt 0.349826 0.612725
vt 0.352488 0.631153
vt 0.352694 0.631528
vt 0.346482 0.612308
vt 0.346350 0.612850
vt 0.349143 0.632166
vt 0.349502 0.632658
vt 0.410018 0.612640
vt 0.410163 0.613183
vt 0.406561 0.612575
vt 0.406617 0.612975
vt 0.406848 0.632505
vt 0.406517 0.633009
vt 0.403581 0.631412
vt 0.403357 0.631775
vt 0.403223 0.612250
vt 0.403247 0.612642
vt 0.400508 0.630409
vt 0.400332 0.630765
vt 0.399987 0.611866
vt 0.399990 0.612252
vt 0.397544 0.629574
vt 0.397402 0.629931
vt 0.396808 0.611491
vt 0.396800 0.611871
vt 0.394654 0.628905
vt 0.394540 0.629266
vt 0.393664 0.611156
vt 0.393651 0.611532
vt 0.391822 0.628383
vt 0.391731 0.628749
vt 0.390541 0.610876
vt 0.390527 0.611248
vt 0.389033 0.627988
vt 0.388963 0.628357
vt 0.387433 0.610655
vt 0.387421 0.611025
vt 0.386277 0.627698
vt 0.386226 0.628070
vt 0.384335 0.610496
vt 0.384326 0.610864
vt 0.383546 0.627499
vt 0.383512 0.627873
vt 0.381244 0.610398
vt 0.381239 0.610765
vt 0.380830 0.627379
vt 0.380812 0.627755
vt 0.378157 0.610360
vt 0.378156 0.610726
vt 0.378122 0.627332
vt 0.378120 0.627708
vt 0.638806 0.610145
vt 0.539205 0.608532
vt 0.638832 0.608545
vt 0.539231 0.606932
vt 0.638858 0.606945
vt 0.539257 0.605332
vt 0.638884 0.605345
vt 0.539283 0.603732
vt 0.638910 0.603745
vt 0.539309 0.602132
vt 0.638936 0.602145
vt 0.539335 0.600532
vt 0.638962 0.600545
vt 0.539361 0.598932
vt 0.638988 0.598945
vt 0.539387 0.597332
vt 0.639014 0.597345
vt 0.539413 0.595731
vt 0.638521 0.627746
vt 0.638495 0.629346
vt 0.538920 0.626133
vt 0.538894 0.627733
vt 0.638547 0.626146
vt 0.538946 0.624532
vt 0.638573 0.624546
vt 0.538972 0.622932
vt 0.638599 0.622946
vt 0.538998 0.621332
vt 0.638625 0.621346
vt 0.539024 0.619732
vt 0.638651 0.619746
vt 0.539050 0.618132
vt 0.638677 0.618146
vt 0.539076 0.616532
vt 0.638703 0.616546
vt 0.539102 0.614932
vt 0.638729 0.614946
vt 0.539128 0.613332
vt 0.638754 0.613345
vt 0.539154 0.611732
vt 0.638780 0.611745
vt 0.539179 0.610132
vt 0.367949 0.631814
vt 0.368027 0.632140
vt 0.365411 0.632142
vt 0.365514 0.632464
vt 0.370537 0.631909
vt 0.370482 0.631580
vt 0.373044 0.631758
vt 0.373008 0.631426
vt 0.362869 0.632588
vt 0.363002 0.632903
vt 0.360336 0.633180
vt 0.360505 0.633489
vt 0.357840 0.633963
vt 0.358055 0.634268
vt 0.355461 0.635005
vt 0.355739 0.635312
vt 0.353405 0.636425
vt 0.353783 0.636724
vt 0.402562 0.636520
vt 0.402210 0.636839
vt 0.400588 0.635149
vt 0.400300 0.635448
vt 0.398231 0.634102
vt 0.398008 0.634402
vt 0.395743 0.633302
vt 0.395569 0.633609
vt 0.393214 0.632692
vt 0.393079 0.633006
vt 0.390678 0.632228
vt 0.390573 0.632549
vt 0.388143 0.631882
vt 0.388064 0.632208
vt 0.385614 0.631631
vt 0.385557 0.631960
vt 0.383090 0.631460
vt 0.383052 0.631791
vt 0.380569 0.631357
vt 0.380550 0.631691
vt 0.378050 0.631318
vt 0.378049 0.631652
vt 0.375530 0.631341
vt 0.375547 0.631674
vt 0.370793 0.633392
vt 0.370851 0.633725
vt 0.368387 0.633606
vt 0.368468 0.633936
vt 0.373244 0.633587
vt 0.373207 0.633251
vt 0.365994 0.633907
vt 0.366103 0.634232
vt 0.363625 0.634316
vt 0.363766 0.634635
vt 0.361300 0.634864
vt 0.361480 0.635174
vt 0.359057 0.635599
vt 0.359285 0.635896
vt 0.356973 0.636614
vt 0.357255 0.636893
vt 0.355201 0.638123
vt 0.355565 0.638380
vt 0.400760 0.638239
vt 0.400404 0.638501
vt 0.399046 0.636757
vt 0.398758 0.637031
vt 0.396996 0.635730
vt 0.396763 0.636023
vt 0.394767 0.634978
vt 0.394583 0.635285
vt 0.392449 0.634413
vt 0.392306 0.634731
vt 0.390085 0.633987
vt 0.389975 0.634312
vt 0.387696 0.633670
vt 0.387613 0.633999
vt 0.385293 0.633440
vt 0.385233 0.633773
vt 0.382881 0.633283
vt 0.382843 0.633618
vt 0.380464 0.633189
vt 0.380445 0.633526
vt 0.378044 0.633153
vt 0.378044 0.633490
vt 0.375625 0.633173
vt 0.375642 0.633510
vt 0.371218 0.635923
vt 0.371279 0.636261
vt 0.369004 0.636116
vt 0.369089 0.636450
vt 0.373503 0.636134
vt 0.373464 0.635795
vt 0.366835 0.636385
vt 0.366949 0.636715
vt 0.364734 0.636747
vt 0.364883 0.637071
vt 0.362734 0.637226
vt 0.362923 0.637542
vt 0.360882 0.637850
vt 0.361120 0.638153
vt 0.359254 0.638655
vt 0.359544 0.638931
vt 0.357990 0.639698
vt 0.358270 0.639889
vt 0.398033 0.639781
vt 0.397736 0.639955
vt 0.396767 0.638724
vt 0.396480 0.639005
vt 0.395138 0.637918
vt 0.394901 0.638222
vt 0.393284 0.637288
vt 0.393093 0.637605
vt 0.391280 0.636802
vt 0.391130 0.637126
vt 0.389177 0.636431
vt 0.389062 0.636762
vt 0.387006 0.636154
vt 0.386921 0.636488
vt 0.384790 0.635952
vt 0.384730 0.636290
vt 0.382544 0.635814
vt 0.382505 0.636154
vt 0.380278 0.635733
vt 0.380259 0.636073
vt 0.378004 0.635702
vt 0.378004 0.636043
vt 0.375729 0.635723
vt 0.375748 0.636063
vt 0.386240 0.639898
vt 0.388154 0.640132
vt 0.384246 0.639727
vt 0.382195 0.639610
vt 0.380106 0.639540
vt 0.378000 0.639516
vt 0.375894 0.639535
vt 0.373807 0.639599
vt 0.371756 0.639711
vt 0.369764 0.639876
vt 0.367851 0.640102
vt 0.366041 0.640403
vt 0.364359 0.640799
vt 0.362824 0.641314
vt 0.361441 0.641974
vt 0.360177 0.642768
vt 0.394525 0.642089
vt 0.395808 0.642902
vt 0.393158 0.641400
vt 0.391637 0.640859
vt 0.389962 0.640445
vt 0.297514 0.671498
vt 0.297329 0.671005
vt 0.309031 0.664814
vt 0.308549 0.664295
vt 0.316535 0.653816
vt 0.316061 0.653599
vt 0.319956 0.640946
vt 0.319247 0.640923
vt 0.317491 0.627859
vt 0.316998 0.628048
vt 0.310807 0.616342
vt 0.310288 0.616824
vt 0.299807 0.608837
vt 0.299588 0.609312
vt 0.286934 0.605417
vt 0.286909 0.606125
vt 0.273848 0.607886
vt 0.274032 0.608378
vt 0.262331 0.614571
vt 0.262814 0.615090
vt 0.254824 0.625569
vt 0.255302 0.625788
vt 0.251410 0.638440
vt 0.252118 0.638466
vt 0.253886 0.651522
vt 0.254369 0.651339
vt 0.260562 0.663042
vt 0.261081 0.662560
vt 0.271565 0.670540
vt 0.271778 0.670072
vt 0.284432 0.673966
vt 0.284460 0.673257
vt 0.295037 0.649724
vt 0.285694 0.639678
vt 0.298279 0.645435
vt 0.299405 0.640177
vt 0.298666 0.634851
vt 0.295743 0.630337
vt 0.291456 0.627093
vt 0.286197 0.625968
vt 0.280871 0.626704
vt 0.276356 0.629627
vt 0.273111 0.633915
vt 0.271984 0.639175
vt 0.272722 0.644501
vt 0.275645 0.649018
vt 0.279935 0.652263
vt 0.285196 0.653389
vt 0.290522 0.652649
vt 0.269261 0.622014
vt 0.263613 0.629583
vt 0.268587 0.621291
vt 0.262657 0.629146
vt 0.277224 0.616934
vt 0.276857 0.615951
vt 0.286605 0.614590
vt 0.286570 0.615578
vt 0.295792 0.617615
vt 0.296229 0.616660
vt 0.304084 0.622590
vt 0.303359 0.623263
vt 0.308439 0.631225
vt 0.309423 0.630860
vt 0.310785 0.640608
vt 0.309797 0.640570
vt 0.307760 0.649791
vt 0.308714 0.650229
vt 0.302786 0.658084
vt 0.302114 0.657359
vt 0.294153 0.662441
vt 0.294518 0.663425
vt 0.284773 0.664789
vt 0.284810 0.663801
vt 0.275584 0.661764
vt 0.275147 0.662719
vt 0.267290 0.656789
vt 0.268014 0.656116
vt 0.262933 0.648151
vt 0.261949 0.648518
vt 0.260587 0.638771
vt 0.261575 0.638806
vt 0.457482 0.586947
vt 0.455443 0.555555
vt 0.469269 0.583631
vt 0.434688 0.579194
vt 0.445366 0.585187
vt 0.424052 0.557593
vt 0.427367 0.569377
vt 0.431804 0.534799
vt 0.425813 0.545480
vt 0.453404 0.524162
vt 0.441618 0.527479
vt 0.476198 0.531916
vt 0.465519 0.525922
vt 0.486834 0.553516
vt 0.483522 0.541728
vt 0.479081 0.576311
vt 0.485076 0.565634
vt 0.159227 0.361436
vt 0.132329 0.354820
vt 0.161597 0.355566
vt 0.138410 0.344066
vt 0.166122 0.350687
vt 0.147954 0.335688
vt 0.172284 0.347072
vt 0.159897 0.329770
vt 0.179535 0.344882
vt 0.173342 0.326291
vt 0.187322 0.344199
vt 0.187507 0.325206
vt 0.195091 0.345054
vt 0.201665 0.326498
vt 0.202285 0.347416
vt 0.215085 0.330191
vt 0.208342 0.351211
vt 0.226976 0.336335
vt 0.212703 0.356274
vt 0.236420 0.344972
vt 0.214826 0.362321
vt 0.242308 0.356033
vt 0.525241 0.362529
vt 0.497901 0.355593
vt 0.527726 0.356687
vt 0.504262 0.344956
vt 0.532377 0.351842
vt 0.514047 0.336694
vt 0.538670 0.348260
vt 0.526190 0.330872
vt 0.546052 0.346094
vt 0.539803 0.327451
vt 0.553969 0.345424
vt 0.554122 0.326380
vt 0.561868 0.346268
vt 0.568440 0.327634
vt 0.569198 0.348600
vt 0.582053 0.331230
vt 0.575401 0.352346
vt 0.594194 0.337224
vt 0.579912 0.357363
vt 0.603962 0.345682
vt 0.582167 0.363388
vt 0.610242 0.356588
vt 0.106641 0.344306
vt 0.117484 0.329975
vt 0.132206 0.319425
vt 0.149428 0.312265
vt 0.168147 0.308155
vt 0.187572 0.306876
vt 0.207001 0.308351
vt 0.225737 0.312659
vt 0.242988 0.320026
vt 0.257744 0.330811
vt 0.268600 0.345451
vt 0.471973 0.344635
vt 0.483271 0.330576
vt 0.498308 0.320252
vt 0.515737 0.313257
vt 0.534593 0.309241
vt 0.554124 0.307977
vt 0.573675 0.309382
vt 0.592593 0.313519
vt 0.610132 0.320608
vt 0.625338 0.331019
vt 0.636860 0.345231
vt 0.082766 0.330017
vt 0.098981 0.313617
vt 0.118732 0.302113
vt 0.140644 0.294557
vt 0.163813 0.290303
vt 0.187569 0.288985
vt 0.211340 0.290472
vt 0.234556 0.294888
vt 0.256562 0.302591
vt 0.276477 0.314233
vt 0.292951 0.330806
vt 0.448116 0.329875
vt 0.464898 0.313928
vt 0.484973 0.302753
vt 0.507043 0.295418
vt 0.530269 0.291283
vt 0.554041 0.289978
vt 0.577848 0.291369
vt 0.601181 0.295548
vt 0.623450 0.302851
vt 0.643855 0.313911
vt 0.661168 0.329721
vt 0.061288 0.312215
vt 0.083032 0.295319
vt 0.107420 0.283942
vt 0.133378 0.276667
vt 0.160241 0.272635
vt 0.187529 0.271391
vt 0.214835 0.272775
vt 0.241761 0.276926
vt 0.267851 0.284274
vt 0.292493 0.295647
vt 0.314700 0.312474
vt 0.426899 0.311699
vt 0.449221 0.295401
vt 0.473880 0.284411
vt 0.499907 0.277378
vt 0.526719 0.273472
vt 0.553909 0.272238
vt 0.581140 0.273507
vt 0.608081 0.277375
vt 0.634354 0.284233
vt 0.659442 0.294861
vt 0.682512 0.310619
vt 0.042750 0.291263
vt 0.069747 0.275399
vt 0.098195 0.265075
vt 0.127519 0.258616
vt 0.157366 0.255084
vt 0.187468 0.254001
vt 0.217588 0.255197
vt 0.247500 0.258809
vt 0.276965 0.265266
vt 0.305699 0.275433
vt 0.333276 0.290926
vt 0.408791 0.290570
vt 0.436283 0.275352
vt 0.464901 0.265405
vt 0.494184 0.259168
vt 0.523863 0.255747
vt 0.553748 0.254664
vt 0.583673 0.255737
vt 0.613482 0.259048
vt 0.643017 0.264971
vt 0.672089 0.274304
vt 0.700413 0.288536
vt 0.027645 0.267614
vt 0.059232 0.254164
vt 0.091011 0.245654
vt 0.122994 0.240429
vt 0.155145 0.237605
vt 0.187396 0.236746
vt 0.219660 0.237696
vt 0.251869 0.240568
vt 0.283976 0.245726
vt 0.316024 0.253940
vt 0.348190 0.266704
vt 0.394171 0.266996
vt 0.426111 0.254106
vt 0.457942 0.245885
vt 0.489771 0.240817
vt 0.521646 0.238066
vt 0.553569 0.237193
vt 0.585528 0.238022
vt 0.617516 0.240602
vt 0.649568 0.245239
vt 0.681807 0.252619
vt 0.714522 0.264101
vt 0.016404 0.241807
vt 0.051582 0.231921
vt 0.085848 0.225817
vt 0.119757 0.222134
vt 0.153550 0.220169
vt 0.187316 0.219579
vt 0.221096 0.220244
vt 0.254928 0.222232
vt 0.288931 0.225802
vt 0.323400 0.231499
vt 0.359043 0.240427
vt 0.383342 0.241517
vt 0.418722 0.231964
vt 0.452933 0.225986
vt 0.486598 0.222355
vt 0.520028 0.220406
vt 0.553382 0.219786
vt 0.586761 0.220338
vt 0.620273 0.222071
vt 0.654102 0.225181
vt 0.688619 0.230141
vt 0.724593 0.237945
vt 0.009374 0.214463
vt 0.046882 0.208982
vt 0.082700 0.205695
vt 0.117785 0.203761
vt 0.152563 0.202753
vt 0.187236 0.202467
vt 0.221914 0.202820
vt 0.256715 0.203836
vt 0.291847 0.205626
vt 0.327777 0.208437
vt 0.365542 0.212775
vt 0.376532 0.214700
vt 0.414135 0.209207
vt 0.449834 0.205828
vt 0.484620 0.203814
vt 0.518984 0.202754
vt 0.553189 0.202414
vt 0.587407 0.202671
vt 0.621815 0.203489
vt 0.656688 0.204925
vt 0.692549 0.207175
vt 0.730473 0.210697
vt 0.006792 0.186275
vt 0.045188 0.185671
vt 0.081570 0.185421
vt 0.117064 0.185345
vt 0.152179 0.185346
vt 0.187154 0.185378
vt 0.222130 0.185410
vt 0.257244 0.185411
vt 0.292738 0.185334
vt 0.329120 0.185085
vt 0.367517 0.184481
vt 0.373895 0.187132
vt 0.412367 0.186108
vt 0.448623 0.185525
vt 0.483813 0.185226
vt 0.518503 0.185101
vt 0.552994 0.185057
vt 0.587485 0.185013
vt 0.622175 0.184888
vt 0.657365 0.184590
vt 0.693620 0.184006
vt 0.732092 0.182982
vt 0.008766 0.157980
vt 0.046532 0.162319
vt 0.082461 0.165130
vt 0.117594 0.166920
vt 0.152395 0.167936
vt 0.187073 0.168289
vt 0.221745 0.168003
vt 0.256523 0.166995
vt 0.291608 0.165061
vt 0.327427 0.161774
vt 0.364935 0.156293
vt 0.375514 0.159417
vt 0.413438 0.162939
vt 0.449300 0.165189
vt 0.484173 0.166625
vt 0.518581 0.167443
vt 0.552799 0.167700
vt 0.587003 0.167360
vt 0.621368 0.166300
vt 0.656154 0.164286
vt 0.691852 0.160907
vt 0.729456 0.155414
vt 0.015265 0.130329
vt 0.050908 0.139257
vt 0.085378 0.144954
vt 0.119380 0.148524
vt 0.153213 0.150512
vt 0.186992 0.151176
vt 0.220758 0.150587
vt 0.254552 0.148622
vt 0.288460 0.144939
vt 0.322726 0.138835
vt 0.357904 0.128949
vt 0.381395 0.132169
vt 0.417368 0.139973
vt 0.451885 0.144933
vt 0.485714 0.148043
vt 0.519226 0.149776
vt 0.552606 0.150328
vt 0.585960 0.149708
vt 0.619390 0.147759
vt 0.653055 0.144128
vt 0.687266 0.138150
vt 0.722646 0.128597
vt 0.026119 0.104052
vt 0.058284 0.116815
vt 0.090332 0.125030
vt 0.122439 0.130188
vt 0.154648 0.133060
vt 0.186913 0.134010
vt 0.219164 0.133151
vt 0.251315 0.130327
vt 0.283298 0.125102
vt 0.315077 0.116592
vt 0.346663 0.103142
vt 0.391466 0.106013
vt 0.424180 0.117495
vt 0.456420 0.124875
vt 0.488472 0.129512
vt 0.520459 0.132092
vt 0.552418 0.132921
vt 0.584342 0.132048
vt 0.616217 0.129297
vt 0.648046 0.124229
vt 0.679877 0.116008
vt 0.711817 0.103119
vt 0.041033 0.079830
vt 0.068609 0.095322
vt 0.097344 0.105490
vt 0.126809 0.111948
vt 0.156721 0.115559
vt 0.186841 0.116755
vt 0.216942 0.115672
vt 0.246790 0.112140
vt 0.276114 0.105681
vt 0.304561 0.095357
vt 0.331558 0.079493
vt 0.405574 0.081578
vt 0.433899 0.095810
vt 0.462970 0.105143
vt 0.492505 0.111067
vt 0.522315 0.114377
vt 0.552240 0.115451
vt 0.582124 0.114367
vt 0.611804 0.110946
vt 0.641086 0.104709
vt 0.669704 0.094762
vt 0.697197 0.079544
vt 0.059608 0.058282
vt 0.081816 0.075109
vt 0.106457 0.086481
vt 0.132548 0.093830
vt 0.159473 0.097981
vt 0.186779 0.099365
vt 0.214067 0.098121
vt 0.240930 0.094089
vt 0.266888 0.086814
vt 0.291277 0.075437
vt 0.313020 0.058541
vt 0.423476 0.059496
vt 0.446545 0.075253
vt 0.471633 0.085881
vt 0.497906 0.092739
vt 0.524848 0.096607
vt 0.552078 0.097876
vt 0.579269 0.096642
vt 0.606081 0.092736
vt 0.632107 0.085703
vt 0.656766 0.074713
vt 0.679088 0.058415
vt 0.081357 0.039950
vt 0.097831 0.056523
vt 0.117746 0.068165
vt 0.139752 0.075868
vt 0.162969 0.080284
vt 0.186739 0.081771
vt 0.210496 0.080453
vt 0.233665 0.076199
vt 0.255576 0.068643
vt 0.275327 0.057139
vt 0.291542 0.040739
vt 0.444820 0.040393
vt 0.462133 0.056203
vt 0.482538 0.067263
vt 0.504807 0.074566
vt 0.528140 0.078745
vt 0.551946 0.080136
vt 0.575719 0.078832
vt 0.598945 0.074696
vt 0.621015 0.067361
vt 0.641089 0.056186
vt 0.657871 0.040239
vt 0.105709 0.025305
vt 0.116564 0.039945
vt 0.131321 0.050730
vt 0.148571 0.058097
vt 0.167307 0.062405
vt 0.186737 0.063880
vt 0.206161 0.062601
vt 0.224881 0.058491
vt 0.242102 0.051331
vt 0.256824 0.040781
vt 0.267667 0.026450
vt 0.469127 0.024883
vt 0.480650 0.039096
vt 0.495855 0.049506
vt 0.513395 0.056595
vt 0.532312 0.060732
vt 0.551864 0.062137
vt 0.571395 0.060873
vt 0.590251 0.056857
vt 0.607679 0.049862
vt 0.622716 0.039538
vt 0.634014 0.025479
vt 0.132000 0.014723
vt 0.137889 0.025784
vt 0.147333 0.034421
vt 0.159223 0.040565
vt 0.172644 0.044258
vt 0.186801 0.045550
vt 0.200967 0.044465
vt 0.214412 0.040985
vt 0.226355 0.035069
vt 0.235898 0.026690
vt 0.241979 0.015935
vt 0.495746 0.013526
vt 0.502025 0.024432
vt 0.511794 0.032890
vt 0.523934 0.038884
vt 0.537547 0.042480
vt 0.551865 0.043734
vt 0.566184 0.042663
vt 0.579798 0.039242
vt 0.591940 0.033420
vt 0.601725 0.025158
vt 0.608086 0.014521
vt 0.159483 0.008435
vt 0.161606 0.014482
vt 0.165966 0.019544
vt 0.172023 0.023340
vt 0.179218 0.025702
vt 0.186987 0.026556
vt 0.194774 0.025875
vt 0.202024 0.023683
vt 0.208187 0.020069
vt 0.212711 0.015190
vt 0.215082 0.009320
vt 0.523820 0.006726
vt 0.526075 0.012751
vt 0.530586 0.017768
vt 0.536790 0.021514
vt 0.544119 0.023846
vt 0.552018 0.024690
vt 0.559935 0.024020
vt 0.567318 0.021854
vt 0.573610 0.018272
vt 0.578261 0.013427
vt 0.580746 0.007585
vt 0.186904 0.364350
vt 0.553533 0.365628
vt 0.187405 0.006406
vt 0.552454 0.004486
vt 0.123767 0.443230
vt 0.127522 0.451554
vt 0.119586 0.444373
vt 0.120586 0.453449
vt 0.127386 0.440850
vt 0.133532 0.447608
vt 0.130101 0.437473
vt 0.138030 0.442001
vt 0.131637 0.433421
vt 0.140576 0.435276
vt 0.131843 0.429092
vt 0.140918 0.428092
vt 0.130699 0.424914
vt 0.139022 0.421155
vt 0.128322 0.421291
vt 0.135075 0.415145
vt 0.124940 0.418583
vt 0.129462 0.410649
vt 0.120886 0.417054
vt 0.122736 0.408110
vt 0.116560 0.416855
vt 0.115556 0.407772
vt 0.112378 0.417990
vt 0.108625 0.409665
vt 0.108753 0.420364
vt 0.102613 0.413606
vt 0.106040 0.423743
vt 0.098112 0.419215
vt 0.104508 0.427796
vt 0.095566 0.425941
vt 0.104299 0.432124
vt 0.095224 0.433123
vt 0.105442 0.436304
vt 0.097120 0.440061
vt 0.107821 0.439925
vt 0.101069 0.446072
vt 0.111204 0.442630
vt 0.106681 0.450566
vt 0.115256 0.444167
vt 0.113404 0.453108
vt 0.205802 0.430147
vt 0.205234 0.424543
vt 0.207198 0.430226
vt 0.206587 0.424186
vt 0.205914 0.436159
vt 0.204610 0.435653
vt 0.202963 0.419388
vt 0.204139 0.418630
vt 0.199210 0.415187
vt 0.200094 0.414104
vt 0.194342 0.412352
vt 0.194849 0.411048
vt 0.188837 0.411160
vt 0.188915 0.409763
vt 0.183233 0.411727
vt 0.182876 0.410375
vt 0.178078 0.413999
vt 0.177320 0.412823
vt 0.173877 0.417752
vt 0.172794 0.416867
vt 0.171042 0.422619
vt 0.169738 0.422113
vt 0.169850 0.428125
vt 0.168453 0.428046
vt 0.170417 0.433729
vt 0.169065 0.434086
vt 0.172689 0.438884
vt 0.171513 0.439641
vt 0.176442 0.443084
vt 0.175557 0.444168
vt 0.181309 0.445920
vt 0.180803 0.447224
vt 0.186815 0.447112
vt 0.186736 0.448508
vt 0.192419 0.446544
vt 0.192776 0.447897
vt 0.197574 0.444273
vt 0.198331 0.445449
vt 0.201774 0.440520
vt 0.202858 0.441404
vt 0.121660 0.464824
vt 0.110911 0.464259
vt 0.121555 0.463803
vt 0.111127 0.463255
vt 0.131642 0.461102
vt 0.132057 0.462041
vt 0.140400 0.455417
vt 0.141085 0.456181
vt 0.146975 0.447304
vt 0.147862 0.447820
vt 0.150721 0.437555
vt 0.151724 0.437772
vt 0.151270 0.427125
vt 0.152292 0.427020
vt 0.148568 0.417035
vt 0.149508 0.416620
vt 0.142880 0.408275
vt 0.143645 0.407590
vt 0.134763 0.401703
vt 0.135279 0.400816
vt 0.125015 0.397963
vt 0.125231 0.396959
vt 0.114589 0.397416
vt 0.114485 0.396395
vt 0.104505 0.400115
vt 0.104091 0.399176
vt 0.095746 0.405797
vt 0.095062 0.405032
vt 0.089170 0.413909
vt 0.088283 0.413393
vt 0.085422 0.423658
vt 0.084419 0.423442
vt 0.084872 0.434089
vt 0.083850 0.434194
vt 0.087573 0.444180
vt 0.086634 0.444595
vt 0.093262 0.452941
vt 0.092497 0.453626
vt 0.101379 0.459513
vt 0.100863 0.460400
vt 0.187826 0.429136
vt 0.179703 0.398181
vt 0.189666 0.397186
vt 0.199449 0.399318
vt 0.208095 0.404369
vt 0.214756 0.411845
vt 0.218781 0.421013
vt 0.219776 0.430976
vt 0.217644 0.440760
vt 0.212592 0.449405
vt 0.205117 0.456066
vt 0.195949 0.460091
vt 0.185985 0.461086
vt 0.176202 0.458954
vt 0.167557 0.453902
vt 0.160896 0.446427
vt 0.156871 0.437259
vt 0.155876 0.427295
vt 0.158008 0.417512
vt 0.163059 0.408867
vt 0.170535 0.402206
vt 0.107086 0.424344
vt 0.109561 0.421260
vt 0.105687 0.428044
vt 0.105499 0.431995
vt 0.106542 0.435809
vt 0.108714 0.439114
vt 0.111803 0.441586
vt 0.115505 0.442986
vt 0.119457 0.443174
vt 0.123272 0.442130
vt 0.126579 0.439957
vt 0.129056 0.436870
vt 0.130456 0.433172
vt 0.130644 0.429222
vt 0.129600 0.425407
vt 0.127428 0.422101
vt 0.124341 0.419630
vt 0.120641 0.418235
vt 0.116688 0.418051
vt 0.112868 0.419092
vt 0.959191 0.971296
vt 0.965533 0.971296
vt 0.959191 0.995067
vt 0.965533 0.995066
vt 0.965533 0.946463
vt 0.959191 0.946463
vt 0.965533 0.921632
vt 0.959191 0.921632
vt 0.965533 0.029739
vt 0.959191 0.029739
vt 0.965533 0.005972
vt 0.959191 0.005972
vt 0.959191 0.054571
vt 0.965533 0.054571
vt 0.959191 0.079403
vt 0.965533 0.079403
vt 0.965533 0.896799
vt 0.959191 0.896799
vt 0.959191 0.104236
vt 0.965533 0.104236
vt 0.965533 0.871966
vt 0.959191 0.871966
vt 0.959191 0.129068
vt 0.965533 0.129068
vt 0.965533 0.847134
vt 0.959191 0.847134
vt 0.959191 0.153901
vt 0.965533 0.153901
vt 0.965533 0.822301
vt 0.959191 0.822301
vt 0.959191 0.178733
vt 0.965533 0.178733
vt 0.965533 0.797469
vt 0.959191 0.797469
vt 0.959191 0.203566
vt 0.965533 0.203566
vt 0.965533 0.772636
vt 0.959191 0.772636
vt 0.959191 0.228398
vt 0.965533 0.228398
vt 0.965533 0.747804
vt 0.959191 0.747804
vt 0.959191 0.253231
vt 0.965533 0.253231
vt 0.965533 0.722971
vt 0.959191 0.722971
vt 0.959191 0.278063
vt 0.965533 0.278063
vt 0.965533 0.698139
vt 0.959191 0.698139
vt 0.959191 0.302896
vt 0.965533 0.302896
vt 0.965533 0.673306
vt 0.959191 0.673306
vt 0.959191 0.327729
vt 0.965533 0.327729
vt 0.965533 0.648473
vt 0.959191 0.648473
vt 0.959191 0.352561
vt 0.965533 0.352561
vt 0.965533 0.623641
vt 0.959191 0.623641
vt 0.959191 0.377393
vt 0.965533 0.377393
vt 0.965533 0.598808
vt 0.959191 0.598808
vt 0.959191 0.402226
vt 0.965533 0.402226
vt 0.965533 0.573979
vt 0.959191 0.573979
vt 0.959191 0.427059
vt 0.965533 0.427059
vt 0.965533 0.549143
vt 0.959191 0.549143
vt 0.959191 0.451891
vt 0.965533 0.451891
vt 0.965533 0.524299
vt 0.959191 0.524299
vt 0.959191 0.476730
vt 0.965533 0.476730
vt 0.965533 0.500517
vt 0.959191 0.500517
vt 0.984177 0.971296
vt 0.984177 0.995067
vt 0.971420 0.971296
vt 0.971420 0.995066
vt 0.971420 0.946463
vt 0.984177 0.946463
vt 0.971420 0.921632
vt 0.984177 0.921632
vt 0.971420 0.029739
vt 0.971420 0.005972
vt 0.984177 0.029739
vt 0.984177 0.005972
vt 0.984177 0.054571
vt 0.971420 0.054571
vt 0.984177 0.079403
vt 0.971420 0.079403
vt 0.971420 0.896799
vt 0.984177 0.896799
vt 0.984177 0.104236
vt 0.971420 0.104236
vt 0.971420 0.871966
vt 0.984177 0.871966
vt 0.984177 0.129068
vt 0.971420 0.129068
vt 0.971420 0.847134
vt 0.984177 0.847134
vt 0.984177 0.153901
vt 0.971420 0.153901
vt 0.971420 0.822301
vt 0.984177 0.822301
vt 0.984177 0.178733
vt 0.971420 0.178733
vt 0.971420 0.797469
vt 0.984177 0.797468
vt 0.984177 0.203566
vt 0.971420 0.203566
vt 0.971420 0.772636
vt 0.984177 0.772636
vt 0.984177 0.228398
vt 0.971420 0.228398
vt 0.971420 0.747804
vt 0.984177 0.747804
vt 0.984177 0.253231
vt 0.971420 0.253231
vt 0.971420 0.722971
vt 0.984177 0.722971
vt 0.984177 0.278063
vt 0.971420 0.278063
vt 0.971420 0.698139
vt 0.984177 0.698139
vt 0.984177 0.302896
vt 0.971420 0.302896
vt 0.971420 0.673306
vt 0.984177 0.673306
vt 0.984177 0.327729
vt 0.971420 0.327729
vt 0.971420 0.648473
vt 0.984177 0.648473
vt 0.984177 0.352561
vt 0.971420 0.352561
vt 0.971420 0.623641
vt 0.984177 0.623641
vt 0.984177 0.377393
vt 0.971420 0.377393
vt 0.971420 0.598808
vt 0.984177 0.598808
vt 0.984177 0.402226
vt 0.971420 0.402226
vt 0.971420 0.573979
vt 0.984177 0.573979
vt 0.984177 0.427059
vt 0.971420 0.427059
vt 0.971420 0.549143
vt 0.984177 0.549143
vt 0.984177 0.451891
vt 0.971420 0.451891
vt 0.971420 0.524299
vt 0.984177 0.524299
vt 0.984177 0.476730
vt 0.971420 0.476730
vt 0.971420 0.500517
vt 0.984177 0.500517
vt 0.990064 0.995067
vt 0.990064 0.971296
vt 0.990064 0.946463
vt 0.990064 0.921632
vt 0.990064 0.029739
vt 0.990064 0.005972
vt 0.990064 0.054571
vt 0.990064 0.079403
vt 0.990064 0.896799
vt 0.990064 0.104236
vt 0.990064 0.871966
vt 0.990064 0.129068
vt 0.990064 0.847134
vt 0.990064 0.153901
vt 0.990064 0.822301
vt 0.990064 0.178733
vt 0.990064 0.797469
vt 0.990064 0.203566
vt 0.990064 0.772636
vt 0.990064 0.228398
vt 0.990064 0.747804
vt 0.990064 0.253231
vt 0.990064 0.722971
vt 0.990064 0.278063
vt 0.990064 0.698139
vt 0.990064 0.302896
vt 0.990064 0.673306
vt 0.990064 0.327729
vt 0.990064 0.648473
vt 0.990064 0.352561
vt 0.990064 0.623641
vt 0.990064 0.377393
vt 0.990064 0.598808
vt 0.990064 0.402226
vt 0.990064 0.573979
vt 0.990064 0.427059
vt 0.990064 0.549143
vt 0.990064 0.451891
vt 0.990064 0.524299
vt 0.990064 0.476730
vt 0.990064 0.500517
vt 0.996439 0.104236
vt 0.996439 0.129068
vt 0.996439 0.153901
vt 0.996439 0.178733
vt 0.996439 0.203566
vt 0.996439 0.228398
vt 0.996439 0.253231
vt 0.996439 0.278063
vt 0.996439 0.302896
vt 0.996439 0.327729
vt 0.996439 0.352561
vt 0.996439 0.377393
vt 0.996439 0.402226
vt 0.996439 0.427059
vt 0.996439 0.451891
vt 0.996439 0.476730
vt 0.996439 0.500517
vt 0.996439 0.524299
vt 0.996439 0.549143
vt 0.996439 0.573979
vt 0.996439 0.598808
vt 0.996439 0.623641
vt 0.996439 0.648473
vt 0.996439 0.673306
vt 0.996439 0.698139
vt 0.996439 0.722971
vt 0.996439 0.747804
vt 0.996439 0.772636
vt 0.996439 0.797468
vt 0.996439 0.822301
vt 0.996439 0.847134
vt 0.996439 0.871966
vt 0.996439 0.896799
vt 0.996439 0.921632
vt 0.996439 0.946463
vt 0.996439 0.971296
vt 0.996439 0.995066
vt 0.996439 0.029739
vt 0.996439 0.005972
vt 0.996439 0.054571
vt 0.996439 0.079403
vt 0.950005 0.475929
vt 0.956716 0.475929
vt 0.950005 0.499724
vt 0.956716 0.499724
vt 0.956716 0.451092
vt 0.950005 0.451092
vt 0.956716 0.426265
vt 0.950005 0.426265
vt 0.956716 0.523520
vt 0.950005 0.523520
vt 0.950005 0.548356
vt 0.956716 0.548356
vt 0.950005 0.573183
vt 0.956716 0.573183
vt 0.956716 0.401435
vt 0.950005 0.401435
vt 0.950005 0.598012
vt 0.956716 0.598012
vt 0.956716 0.376604
vt 0.950005 0.376604
vt 0.950005 0.622843
vt 0.956716 0.622843
vt 0.956716 0.351773
vt 0.950005 0.351773
vt 0.950005 0.647674
vt 0.956716 0.647674
vt 0.956716 0.326942
vt 0.950005 0.326942
vt 0.950005 0.672506
vt 0.956716 0.672506
vt 0.956716 0.302110
vt 0.950005 0.302110
vt 0.950005 0.697337
vt 0.956716 0.697337
vt 0.956716 0.277279
vt 0.950005 0.277279
vt 0.950005 0.722168
vt 0.956716 0.722168
vt 0.956716 0.252448
vt 0.950005 0.252448
vt 0.950005 0.746999
vt 0.956716 0.746999
vt 0.956716 0.227616
vt 0.950005 0.227616
vt 0.950005 0.771831
vt 0.956716 0.771831
vt 0.956716 0.202785
vt 0.950005 0.202785
vt 0.950005 0.796662
vt 0.956716 0.796662
vt 0.956716 0.177954
vt 0.950005 0.177954
vt 0.950005 0.821493
vt 0.956716 0.821493
vt 0.956716 0.153122
vt 0.950005 0.153122
vt 0.950005 0.846325
vt 0.956716 0.846325
vt 0.956716 0.128291
vt 0.950005 0.128291
vt 0.950005 0.871156
vt 0.956716 0.871156
vt 0.956716 0.103460
vt 0.950005 0.103460
vt 0.950005 0.895987
vt 0.956716 0.895987
vt 0.956716 0.078632
vt 0.950005 0.078632
vt 0.950005 0.920815
vt 0.956716 0.920815
vt 0.956716 0.053815
vt 0.950005 0.053815
vt 0.950005 0.945631
vt 0.956716 0.945631
vt 0.956716 0.029006
vt 0.950005 0.029006
vt 0.950005 0.970436
vt 0.956716 0.970436
vt 0.956716 0.005227
vt 0.950005 0.005227
vt 0.950005 0.994206
vt 0.956716 0.994206
vt 0.944062 0.475929
vt 0.944062 0.499724
vt 0.931143 0.475929
vt 0.931143 0.499724
vt 0.931143 0.451092
vt 0.944062 0.451092
vt 0.931143 0.426265
vt 0.944062 0.426265
vt 0.931143 0.523520
vt 0.944062 0.523520
vt 0.944062 0.548356
vt 0.931143 0.548356
vt 0.944062 0.573183
vt 0.931143 0.573183
vt 0.931143 0.401435
vt 0.944062 0.401435
vt 0.944062 0.598012
vt 0.931143 0.598012
vt 0.931143 0.376604
vt 0.944062 0.376604
vt 0.944062 0.622843
vt 0.931143 0.622843
vt 0.931143 0.351773
vt 0.944062 0.351773
vt 0.944062 0.647674
vt 0.931143 0.647674
vt 0.931143 0.326942
vt 0.944062 0.326942
vt 0.944062 0.672506
vt 0.931143 0.672506
vt 0.931143 0.302110
vt 0.944062 0.302110
vt 0.944062 0.697337
vt 0.931143 0.697337
vt 0.931143 0.277279
vt 0.944062 0.277279
vt 0.944062 0.722168
vt 0.931143 0.722168
vt 0.931143 0.252448
vt 0.944062 0.252448
vt 0.944062 0.746999
vt 0.931143 0.746999
vt 0.931143 0.227616
vt 0.944062 0.227616
vt 0.944062 0.771831
vt 0.931143 0.771831
vt 0.931143 0.202785
vt 0.944062 0.202785
vt 0.944062 0.796662
vt 0.931143 0.796662
vt 0.931143 0.177954
vt 0.944062 0.177954
vt 0.944062 0.821493
vt 0.931143 0.821493
vt 0.931143 0.153122
vt 0.944062 0.153122
vt 0.944062 0.846325
vt 0.931143 0.846325
vt 0.931143 0.128291
vt 0.944062 0.128291
vt 0.944062 0.871156
vt 0.931143 0.871156
vt 0.931143 0.103460
vt 0.944062 0.103460
vt 0.944062 0.895987
vt 0.931143 0.895987
vt 0.931143 0.078632
vt 0.944062 0.078632
vt 0.944062 0.920815
vt 0.931143 0.920815
vt 0.931143 0.053815
vt 0.944062 0.053815
vt 0.944062 0.945631
vt 0.931143 0.945631
vt 0.931143 0.029006
vt 0.944062 0.029006
vt 0.944062 0.970436
vt 0.931143 0.970436
vt 0.931143 0.005227
vt 0.944062 0.005227
vt 0.944062 0.994206
vt 0.931143 0.994206
vt 0.925200 0.475929
vt 0.925200 0.499724
vt 0.925200 0.451092
vt 0.925200 0.426265
vt 0.925200 0.523520
vt 0.925200 0.548356
vt 0.925200 0.573183
vt 0.925200 0.401435
vt 0.925200 0.598012
vt 0.925200 0.376604
vt 0.925200 0.622843
vt 0.925200 0.351773
vt 0.925200 0.647674
vt 0.925200 0.326942
vt 0.925200 0.672506
vt 0.925200 0.302110
vt 0.925200 0.697337
vt 0.925200 0.277279
vt 0.925200 0.722168
vt 0.925200 0.252448
vt 0.925200 0.746999
vt 0.925200 0.227616
vt 0.925200 0.771831
vt 0.925200 0.202785
vt 0.925200 0.796662
vt 0.925200 0.177954
vt 0.925200 0.821493
vt 0.925200 0.153122
vt 0.925200 0.846325
vt 0.925200 0.128291
vt 0.925200 0.871156
vt 0.925200 0.103460
vt 0.925200 0.895987
vt 0.925200 0.078632
vt 0.925200 0.920815
vt 0.925200 0.053815
vt 0.925200 0.945631
vt 0.925200 0.029006
vt 0.925200 0.970436
vt 0.925200 0.005227
vt 0.925200 0.994205
vt 0.919184 0.326942
vt 0.919184 0.302110
vt 0.919184 0.277279
vt 0.919184 0.252448
vt 0.919184 0.227616
vt 0.919184 0.202785
vt 0.919184 0.177954
vt 0.919184 0.153122
vt 0.919184 0.128291
vt 0.919184 0.103460
vt 0.919184 0.078632
vt 0.919184 0.053815
vt 0.919184 0.029006
vt 0.919184 0.005227
vt 0.919184 0.970436
vt 0.919184 0.994206
vt 0.919184 0.945631
vt 0.919184 0.920815
vt 0.919184 0.895987
vt 0.919184 0.871156
vt 0.919184 0.846325
vt 0.919184 0.821493
vt 0.919184 0.796662
vt 0.919184 0.771831
vt 0.919184 0.746999
vt 0.919184 0.722168
vt 0.919184 0.697337
vt 0.919184 0.672506
vt 0.919184 0.647674
vt 0.919184 0.622843
vt 0.919184 0.598012
vt 0.919184 0.573183
vt 0.919184 0.548356
vt 0.919184 0.523520
vt 0.919184 0.499724
vt 0.919184 0.475929
vt 0.919184 0.451092
vt 0.919184 0.426265
vt 0.919184 0.401435
vt 0.919184 0.376604
vt 0.919184 0.351773
vt 0.889108 0.776530
vt 0.915738 0.776620
vt 0.889053 0.793039
vt 0.915683 0.793129
vt 0.888997 0.809548
vt 0.915627 0.809638
vt 0.888941 0.826058
vt 0.915572 0.826148
vt 0.888886 0.842566
vt 0.915516 0.842656
vt 0.888830 0.859075
vt 0.915460 0.859165
vt 0.888774 0.875585
vt 0.915405 0.875675
vt 0.888719 0.892094
vt 0.915349 0.892184
vt 0.888663 0.908603
vt 0.915293 0.908693
vt 0.888607 0.925112
vt 0.915238 0.925202
vt 0.888552 0.941622
vt 0.915182 0.941712
vt 0.888496 0.958131
vt 0.915126 0.958220
vt 0.888440 0.974640
vt 0.915071 0.974729
vt 0.888385 0.991149
vt 0.915015 0.991239
vt 0.889497 0.660966
vt 0.916128 0.661055
vt 0.889442 0.677475
vt 0.916072 0.677565
vt 0.889386 0.693984
vt 0.916016 0.694074
vt 0.889331 0.710493
vt 0.915961 0.710583
vt 0.889275 0.727003
vt 0.915905 0.727092
vt 0.889219 0.743511
vt 0.915850 0.743601
vt 0.889164 0.760021
vt 0.915794 0.760110
vt 0.244237 0.482323
vt 0.237761 0.483695
vt 0.242500 0.478281
vt 0.236763 0.481587
vt 0.244641 0.486708
vt 0.238059 0.486010
vt 0.243667 0.491002
vt 0.237625 0.488304
vt 0.241416 0.494786
vt 0.236503 0.490351
vt 0.238104 0.497687
vt 0.234804 0.491951
vt 0.234061 0.499424
vt 0.232694 0.492947
vt 0.229678 0.499825
vt 0.230378 0.493240
vt 0.225384 0.498852
vt 0.228084 0.492803
vt 0.221601 0.496601
vt 0.226036 0.491684
vt 0.218699 0.493293
vt 0.224434 0.489988
vt 0.216961 0.489248
vt 0.223436 0.487878
vt 0.216558 0.484865
vt 0.223140 0.485563
vt 0.217531 0.480570
vt 0.223573 0.483269
vt 0.219783 0.476786
vt 0.224695 0.481221
vt 0.223093 0.473885
vt 0.226395 0.479621
vt 0.227138 0.472149
vt 0.228507 0.478627
vt 0.231521 0.471746
vt 0.230822 0.478329
vt 0.235815 0.472719
vt 0.233116 0.478764
vt 0.239599 0.474970
vt 0.235164 0.479885
vt 0.261161 0.478064
vt 0.262051 0.487887
vt 0.257279 0.468998
vt 0.250785 0.461576
vt 0.242316 0.456523
vt 0.232700 0.454335
vt 0.222878 0.455225
vt 0.213812 0.459107
vt 0.206389 0.465599
vt 0.201336 0.474069
vt 0.199147 0.483686
vt 0.200038 0.493508
vt 0.203920 0.502574
vt 0.210414 0.509997
vt 0.218883 0.515049
vt 0.228499 0.517237
vt 0.238319 0.516347
vt 0.247385 0.512466
vt 0.254809 0.505973
vt 0.259862 0.497504
vt 0.158037 0.531982
vt 0.159158 0.506130
vt 0.162049 0.531849
vt 0.154050 0.531488
vt 0.165993 0.531097
vt 0.169773 0.529745
vt 0.150187 0.530377
vt 0.146542 0.528672
vt 0.143204 0.526414
vt 0.181512 0.519152
vt 0.183253 0.515535
vt 0.179235 0.522459
vt 0.184413 0.511690
vt 0.133519 0.505062
vt 0.133659 0.509125
vt 0.134018 0.501024
vt 0.134431 0.513112
vt 0.141976 0.487113
vt 0.139176 0.490070
vt 0.145202 0.484627
vt 0.136879 0.493431
vt 0.148775 0.482674
vt 0.152613 0.481316
vt 0.164721 0.481055
vt 0.160690 0.480500
vt 0.168612 0.482235
vt 0.156619 0.480586
vt 0.184177 0.499728
vt 0.182857 0.495920
vt 0.184884 0.503690
vt 0.180954 0.492360
vt 0.178513 0.489136
vt 0.175594 0.486328
vt 0.172266 0.484009
vt 0.140256 0.523657
vt 0.137772 0.520468
vt 0.135814 0.516924
vt 0.184963 0.507710
vt 0.135146 0.497114
vt 0.173298 0.527825
vt 0.176478 0.525377
vt 0.157987 0.533361
vt 0.153790 0.532843
vt 0.157939 0.534854
vt 0.153514 0.534313
vt 0.157846 0.538235
vt 0.152907 0.537643
vt 0.157892 0.536495
vt 0.153217 0.535929
vt 0.162210 0.533218
vt 0.162390 0.534699
vt 0.162592 0.536327
vt 0.162810 0.538051
vt 0.149721 0.531676
vt 0.149223 0.533086
vt 0.148112 0.536284
vt 0.148681 0.534638
vt 0.166361 0.532423
vt 0.166763 0.533858
vt 0.167208 0.535434
vt 0.167683 0.537103
vt 0.170340 0.531001
vt 0.170957 0.532359
vt 0.171637 0.533850
vt 0.172357 0.535427
vt 0.145881 0.529884
vt 0.145171 0.531200
vt 0.143579 0.534188
vt 0.144396 0.532650
vt 0.142363 0.527508
vt 0.141458 0.528698
vt 0.139422 0.531403
vt 0.140467 0.530010
vt 0.139255 0.524607
vt 0.138176 0.525641
vt 0.135745 0.527994
vt 0.136994 0.526782
vt 0.182699 0.519847
vt 0.180302 0.523325
vt 0.183983 0.520603
vt 0.181455 0.524266
vt 0.185392 0.521438
vt 0.186884 0.522325
vt 0.182720 0.525301
vt 0.184059 0.526398
vt 0.184533 0.516042
vt 0.185917 0.516596
vt 0.187437 0.517209
vt 0.189046 0.517862
vt 0.177402 0.526402
vt 0.178400 0.527511
vt 0.179492 0.528722
vt 0.180644 0.529997
vt 0.185756 0.511997
vt 0.187210 0.512334
vt 0.188806 0.512710
vt 0.190497 0.513112
vt 0.132143 0.505017
vt 0.132665 0.500759
vt 0.130650 0.504975
vt 0.131197 0.500478
vt 0.127270 0.504895
vt 0.127873 0.499856
vt 0.129008 0.504934
vt 0.129582 0.500174
vt 0.132293 0.509299
vt 0.130812 0.509496
vt 0.129185 0.509717
vt 0.127464 0.509957
vt 0.133852 0.496635
vt 0.132447 0.496120
vt 0.129263 0.494968
vt 0.130900 0.495558
vt 0.133109 0.513500
vt 0.131678 0.513929
vt 0.130107 0.514406
vt 0.128445 0.514915
vt 0.141058 0.486097
vt 0.144453 0.483475
vt 0.140061 0.484998
vt 0.143637 0.482220
vt 0.137814 0.482531
vt 0.141772 0.479357
vt 0.138967 0.483794
vt 0.142735 0.480833
vt 0.138100 0.489208
vt 0.136931 0.488275
vt 0.135643 0.487250
vt 0.134278 0.486162
vt 0.148214 0.481410
vt 0.147608 0.480039
vt 0.146944 0.478528
vt 0.146244 0.476929
vt 0.135677 0.492750
vt 0.134372 0.492015
vt 0.132934 0.491209
vt 0.131412 0.490358
vt 0.152263 0.479981
vt 0.151889 0.478531
vt 0.151480 0.476937
vt 0.151052 0.475250
vt 0.156490 0.479213
vt 0.156355 0.477723
vt 0.156211 0.476086
vt 0.156063 0.474353
vt 0.165032 0.479713
vt 0.169132 0.480961
vt 0.165376 0.478260
vt 0.169703 0.479582
vt 0.165759 0.476663
vt 0.166170 0.474975
vt 0.170336 0.478068
vt 0.171011 0.476467
vt 0.160782 0.479125
vt 0.160889 0.477634
vt 0.161012 0.475996
vt 0.161146 0.474262
vt 0.172982 0.482833
vt 0.173764 0.481562
vt 0.174630 0.480168
vt 0.175550 0.478695
vt 0.185517 0.499402
vt 0.186258 0.503575
vt 0.186970 0.499055
vt 0.187747 0.503456
vt 0.188569 0.498681
vt 0.190263 0.498288
vt 0.189384 0.503333
vt 0.191119 0.503206
vt 0.184130 0.495390
vt 0.185511 0.494823
vt 0.187033 0.494205
vt 0.188646 0.493555
vt 0.186337 0.507807
vt 0.187826 0.507919
vt 0.189462 0.508047
vt 0.191195 0.508187
vt 0.182128 0.491638
vt 0.183405 0.490863
vt 0.184811 0.490016
vt 0.186303 0.489124
vt 0.179560 0.488240
vt 0.180699 0.487275
vt 0.181956 0.486220
vt 0.183289 0.485105
vt 0.176487 0.485280
vt 0.177460 0.484148
vt 0.178535 0.482908
vt 0.179676 0.481598
vt 0.136635 0.521249
vt 0.135408 0.522101
vt 0.132639 0.524045
vt 0.134062 0.523044
vt 0.134570 0.517516
vt 0.133224 0.518165
vt 0.130185 0.519650
vt 0.131747 0.518884
vt 0.174055 0.528985
vt 0.174877 0.530240
vt 0.175784 0.531623
vt 0.176751 0.533094
vt 0.024967 0.422187
vt 0.024931 0.418292
vt 0.031937 0.421422
vt 0.031938 0.418652
vt 0.025506 0.414424
vt 0.032375 0.415909
vt 0.026678 0.410680
vt 0.033237 0.413262
vt 0.028424 0.407149
vt 0.034505 0.410779
vt 0.030702 0.403923
vt 0.036147 0.408526
vt 0.033453 0.401083
vt 0.038144 0.406584
vt 0.036706 0.398832
vt 0.040402 0.404946
vt 0.040261 0.397105
vt 0.042892 0.403684
vt 0.044034 0.395950
vt 0.045549 0.402828
vt 0.047929 0.395398
vt 0.048303 0.402404
vt 0.051851 0.395460
vt 0.051084 0.402415
vt 0.055707 0.396136
vt 0.053819 0.402857
vt 0.059403 0.397412
vt 0.056440 0.403717
vt 0.062846 0.399260
vt 0.058916 0.405043
vt 0.065951 0.401624
vt 0.061152 0.406731
vt 0.068643 0.404440
vt 0.063096 0.408739
vt 0.070855 0.407635
vt 0.064700 0.411018
vt 0.072537 0.411128
vt 0.065925 0.413512
vt 0.073650 0.414831
vt 0.066744 0.416158
vt 0.074170 0.418650
vt 0.067138 0.418893
vt 0.074090 0.422491
vt 0.067097 0.421649
vt 0.073414 0.426266
vt 0.066635 0.424370
vt 0.072158 0.429879
vt 0.065753 0.426978
vt 0.070355 0.433242
vt 0.064476 0.429407
vt 0.068052 0.436268
vt 0.062832 0.431604
vt 0.065307 0.438887
vt 0.060872 0.433516
vt 0.062188 0.441035
vt 0.058633 0.435099
vt 0.058770 0.442658
vt 0.056170 0.436319
vt 0.055186 0.443868
vt 0.053532 0.437106
vt 0.051455 0.444502
vt 0.050822 0.437544
vt 0.047660 0.444547
vt 0.048081 0.437552
vt 0.043893 0.443995
vt 0.045371 0.437129
vt 0.040246 0.442853
vt 0.042758 0.436284
vt 0.036814 0.441148
vt 0.040302 0.435037
vt 0.033680 0.438918
vt 0.038067 0.433415
vt 0.030928 0.436218
vt 0.036106 0.431456
vt 0.028628 0.433116
vt 0.034468 0.429206
vt 0.026840 0.429689
vt 0.033220 0.426766
vt 0.025610 0.426017
vt 0.032369 0.424150
vt 0.145250 0.544894
vt 0.151403 0.546594
vt 0.145023 0.545566
vt 0.151283 0.547293
vt 0.139093 0.542876
vt 0.139422 0.542247
vt 0.157727 0.547309
vt 0.157718 0.548019
vt 0.164064 0.547029
vt 0.164165 0.547731
vt 0.170255 0.545764
vt 0.170463 0.546442
vt 0.176145 0.543546
vt 0.176452 0.544185
vt 0.181587 0.540424
vt 0.181979 0.541018
vt 0.186620 0.536686
vt 0.187087 0.537220
vt 0.191000 0.532185
vt 0.191541 0.532644
vt 0.194630 0.527036
vt 0.195234 0.527408
vt 0.197419 0.521368
vt 0.198073 0.521643
vt 0.199301 0.515320
vt 0.199983 0.515491
vt 0.200937 0.509101
vt 0.200230 0.509036
vt 0.200884 0.502618
vt 0.200176 0.502663
vt 0.199818 0.496202
vt 0.199125 0.496357
vt 0.197756 0.490015
vt 0.197096 0.490276
vt 0.194745 0.484212
vt 0.194134 0.484573
vt 0.190854 0.478939
vt 0.190307 0.479390
vt 0.186176 0.474328
vt 0.185706 0.474860
vt 0.180820 0.470498
vt 0.180439 0.471097
vt 0.174914 0.467546
vt 0.174632 0.468196
vt 0.168598 0.465549
vt 0.168422 0.466236
vt 0.162023 0.464563
vt 0.161960 0.465277
vt 0.155408 0.465354
vt 0.155357 0.464647
vt 0.148934 0.466472
vt 0.148771 0.465782
vt 0.142695 0.468593
vt 0.142423 0.467938
vt 0.136841 0.471668
vt 0.136464 0.471066
vt 0.131510 0.475611
vt 0.131035 0.475089
vt 0.127073 0.480529
vt 0.126508 0.480099
vt 0.123445 0.486045
vt 0.122818 0.485713
vt 0.120726 0.492029
vt 0.120055 0.491801
vt 0.118982 0.498338
vt 0.118283 0.498219
vt 0.118249 0.504819
vt 0.117540 0.504811
vt 0.118540 0.511315
vt 0.117838 0.511419
vt 0.119841 0.517669
vt 0.119164 0.517881
vt 0.122116 0.523726
vt 0.121480 0.524041
vt 0.125303 0.529341
vt 0.124724 0.529752
vt 0.129321 0.534377
vt 0.128814 0.534873
vt 0.134068 0.538713
vt 0.133644 0.539283
vt 0.072310 0.626125
vt 0.068826 0.626104
vt 0.072313 0.625596
vt 0.068829 0.625575
vt 0.075797 0.625616
vt 0.075794 0.626146
vt 0.079280 0.625637
vt 0.079277 0.626166
vt 0.082763 0.625658
vt 0.082760 0.626187
vt 0.086245 0.625678
vt 0.086242 0.626208
vt 0.089727 0.625699
vt 0.089724 0.626228
vt 0.093208 0.625720
vt 0.093205 0.626249
vt 0.096689 0.625740
vt 0.096686 0.626269
vt 0.100169 0.625761
vt 0.100166 0.626290
vt 0.103648 0.625782
vt 0.103645 0.626311
vt 0.107127 0.625802
vt 0.107123 0.626331
vt 0.110605 0.625823
vt 0.110601 0.626352
vt 0.114079 0.626373
vt 0.114082 0.625843
vt 0.117555 0.626393
vt 0.117558 0.625864
vt 0.121030 0.626414
vt 0.121033 0.625885
vt 0.124503 0.626434
vt 0.124506 0.625905
vt 0.127973 0.626455
vt 0.127976 0.625926
vt 0.131438 0.626475
vt 0.131441 0.625946
vt 0.134894 0.626496
vt 0.134897 0.625967
vt 0.138333 0.626516
vt 0.138336 0.625987
vt 0.141741 0.626537
vt 0.141744 0.626007
vt 0.145091 0.626556
vt 0.145094 0.626027
vt 0.148323 0.626576
vt 0.148326 0.626047
vt 0.010025 0.625226
vt 0.013298 0.625246
vt 0.010022 0.625755
vt 0.013295 0.625775
vt 0.016668 0.625266
vt 0.016665 0.625795
vt 0.020091 0.625286
vt 0.020088 0.625815
vt 0.023545 0.625307
vt 0.023541 0.625836
vt 0.027014 0.625327
vt 0.027011 0.625856
vt 0.030492 0.625348
vt 0.030489 0.625877
vt 0.033975 0.625368
vt 0.033972 0.625898
vt 0.037459 0.625389
vt 0.037456 0.625918
vt 0.040945 0.625410
vt 0.040941 0.625939
vt 0.044431 0.625430
vt 0.044427 0.625960
vt 0.047917 0.625451
vt 0.047913 0.625980
vt 0.051403 0.625472
vt 0.051399 0.626001
vt 0.054888 0.625492
vt 0.054885 0.626022
vt 0.058374 0.625513
vt 0.058371 0.626042
vt 0.061859 0.625534
vt 0.061856 0.626063
vt 0.065344 0.625554
vt 0.065341 0.626084
vt 0.021613 0.418145
vt 0.021667 0.422562
vt 0.072332 0.622364
vt 0.075816 0.622384
vt 0.022251 0.413756
vt 0.079299 0.622405
vt 0.023569 0.409502
vt 0.082782 0.622426
vt 0.025542 0.405484
vt 0.086265 0.622446
vt 0.028136 0.401803
vt 0.089746 0.622467
vt 0.031312 0.398573
vt 0.093227 0.622488
vt 0.035011 0.395971
vt 0.096708 0.622508
vt 0.039063 0.394002
vt 0.100188 0.622529
vt 0.043354 0.392697
vt 0.103667 0.622549
vt 0.047778 0.392080
vt 0.107146 0.622570
vt 0.052229 0.392162
vt 0.110624 0.622591
vt 0.056602 0.392940
vt 0.114101 0.622611
vt 0.060792 0.394399
vt 0.117577 0.622632
vt 0.064695 0.396501
vt 0.121052 0.622653
vt 0.068212 0.399190
vt 0.124525 0.622673
vt 0.071258 0.402390
vt 0.127995 0.622694
vt 0.073760 0.406021
vt 0.131461 0.622714
vt 0.075659 0.409988
vt 0.134916 0.622735
vt 0.076913 0.414192
vt 0.138356 0.622755
vt 0.077493 0.418527
vt 0.141763 0.622775
vt 0.077392 0.422888
vt 0.145113 0.622795
vt 0.076614 0.427172
vt 0.148345 0.622814
vt 0.075177 0.431272
vt 0.010044 0.621994
vt 0.013317 0.622014
vt 0.073121 0.435085
vt 0.016687 0.622034
vt 0.070500 0.438513
vt 0.020111 0.622054
vt 0.067385 0.441473
vt 0.023564 0.622074
vt 0.063863 0.443896
vt 0.027033 0.622095
vt 0.060041 0.445752
vt 0.030511 0.622116
vt 0.056002 0.447089
vt 0.033995 0.622136
vt 0.051790 0.447808
vt 0.037478 0.622157
vt 0.047495 0.447866
vt 0.040964 0.622178
vt 0.043221 0.447250
vt 0.044450 0.622198
vt 0.039078 0.445966
vt 0.047936 0.622219
vt 0.035174 0.444040
vt 0.051422 0.622240
vt 0.031610 0.441519
vt 0.054907 0.622260
vt 0.028477 0.438463
vt 0.058393 0.622281
vt 0.025857 0.434950
vt 0.061878 0.622302
vt 0.023817 0.431066
vt 0.065363 0.622322
vt 0.022409 0.426904
vt 0.068848 0.622343
s 1
usemtl part_03.012
f 1/1/1 3/2/2 2/3/3
f 3/2/2 4/4/4 2/3/3
f 2/3/3 4/4/4 5/5/5
f 4/4/4 6/6/6 5/5/5
f 7/7/5 9/8/6 8/9/7
f 9/8/6 10/10/8 8/9/7
f 8/9/7 10/10/8 11/11/9
f 10/10/8 12/12/10 11/11/9
f 11/11/9 12/12/10 13/13/11
f 12/12/10 14/14/12 13/13/11
f 13/13/11 14/14/12 15/15/13
f 14/14/12 16/16/14 15/15/13
f 15/15/13 16/16/14 17/17/15
f 16/16/14 18/18/16 17/17/15
f 17/17/15 18/18/16 19/19/17
f 18/18/16 20/20/18 19/19/17
f 19/19/17 20/20/18 21/21/19
f 20/20/18 22/22/20 21/21/19
f 21/21/19 22/22/20 23/23/21
f 22/22/20 24/24/22 23/23/21
f 23/23/21 24/24/22 25/25/23
f 24/24/22 26/26/24 25/25/23
f 25/25/23 26/26/24 27/27/25
f 26/26/24 28/28/26 27/27/25
f 29/29/27 31/30/26 30/31/28
f 31/30/26 32/32/29 30/31/28
f 30/31/28 32/32/29 33/33/30
f 32/32/29 34/34/31 33/33/30
f 33/33/30 34/34/31 35/35/32
f 34/34/31 36/36/33 35/35/32
f 35/35/32 36/36/33 37/37/34
f 36/36/33 38/38/35 37/37/34
f 37/37/34 38/38/35 39/39/36
f 38/38/35 40/40/37 39/39/36
f 39/39/36 40/40/37 41/41/38
f 40/40/37 42/42/39 41/41/38
f 41/41/38 42/42/39 43/43/40
f 42/42/39 44/44/41 43/43/40
f 43/43/40 44/44/41 1/1/1
f 44/44/41 3/2/2 1/1/1
f 3/2/2 45/45/42 4/4/4
f 45/45/42 46/46/43 4/4/4
f 4/4/4 46/46/43 6/6/6
f 46/46/43 47/47/44 6/6/6
f 9/8/6 48/48/44 10/10/8
f 48/48/44 49/49/45 10/10/8
f 10/10/8 49/49/45 12/12/10
f 49/49/45 50/50/46 12/12/10
f 12/12/10 50/50/46 14/14/12
f 50/50/46 51/51/47 14/14/12
f 14/14/12 51/51/47 16/16/14
f 51/51/47 52/52/48 16/16/14
f 16/16/14 52/52/48 18/18/16
f 52/52/48 53/53/49 18/18/16
f 18/18/16 53/53/49 20/20/18
f 53/53/49 54/54/50 20/20/18
f 20/20/18 54/54/50 22/22/20
f 54/54/50 55/55/51 22/22/20
f 22/22/20 55/55/51 24/24/22
f 55/55/51 56/56/52 24/24/22
f 24/24/22 56/56/52 26/26/24
f 56/56/52 57/57/53 26/26/24
f 26/26/24 57/57/53 28/28/26
f 57/57/53 58/58/54 28/28/26
f 31/30/26 59/59/54 32/32/29
f 59/59/54 60/60/55 32/32/29
f 32/32/29 60/60/55 34/34/31
f 60/60/55 61/61/56 34/34/31
f 34/34/31 61/61/56 36/36/33
f 61/61/56 62/62/57 36/36/33
f 36/36/33 62/62/57 38/38/35
f 62/62/57 63/63/58 38/38/35
f 38/38/35 63/63/58 40/40/37
f 63/63/58 64/64/59 40/40/37
f 40/40/37 64/64/59 42/42/39
f 64/64/59 65/65/60 42/42/39
f 42/42/39 65/65/60 44/44/41
f 65/65/60 66/66/61 44/44/41
f 44/44/41 66/66/61 3/2/2
f 66/66/61 45/45/42 3/2/2
f 45/45/42 67/67/62 46/46/43
f 67/67/62 68/68/63 46/46/43
f 46/46/43 68/68/63 47/47/44
f 68/68/63 69/69/64 47/47/44
f 48/48/44 70/70/64 49/49/45
f 70/70/64 71/71/65 49/49/45
f 49/49/45 71/71/65 50/50/46
f 71/71/65 72/72/66 50/50/46
f 50/50/46 72/72/66 51/51/47
f 72/72/66 73/73/67 51/51/47
f 51/51/47 73/73/67 52/52/48
f 73/73/67 74/74/68 52/52/48
f 52/52/48 74/74/68 53/53/49
f 74/74/68 75/75/69 53/53/49
f 53/53/49 75/75/69 54/54/50
f 75/75/69 76/76/70 54/54/50
f 54/54/50 76/76/70 55/55/51
f 76/76/70 77/77/71 55/55/51
f 55/55/51 77/77/71 56/56/52
f 77/77/71 78/78/72 56/56/52
f 56/56/52 78/78/72 57/57/53
f 78/78/72 79/79/73 57/57/53
f 57/57/53 79/79/73 58/58/54
f 79/79/73 80/80/74 58/58/54
f 59/59/54 81/81/75 60/60/55
f 81/81/75 82/82/76 60/60/55
f 60/60/55 82/82/76 61/61/56
f 82/82/76 83/83/77 61/61/56
f 61/61/56 83/83/77 62/62/57
f 83/83/77 84/84/78 62/62/57
f 62/62/57 84/84/78 63/63/58
f 84/84/78 85/85/79 63/63/58
f 63/63/58 85/85/79 64/64/59
f 85/85/79 86/86/80 64/64/59
f 64/64/59 86/86/80 65/65/60
f 86/86/80 87/87/81 65/65/60
f 65/65/60 87/87/81 66/66/61
f 87/87/81 88/88/82 66/66/61
f 66/66/61 88/88/82 45/45/42
f 88/88/82 67/67/62 45/45/42
f 67/67/62 89/89/83 68/68/63
f 89/89/83 90/90/84 68/68/63
f 68/68/63 90/90/84 69/69/64
f 90/90/84 91/91/85 69/69/64
f 70/70/64 92/92/86 71/71/65
f 92/92/86 93/93/87 71/71/65
f 71/71/65 93/93/87 72/72/66
f 93/93/87 94/94/88 72/72/66
f 72/72/66 94/94/88 73/73/67
f 94/94/88 95/95/89 73/73/67
f 73/73/67 95/95/89 74/74/68
f 95/95/89 96/96/90 74/74/68
f 74/74/68 96/96/90 75/75/69
f 96/96/90 97/97/91 75/75/69
f 75/75/69 97/97/91 76/76/70
f 97/97/91 98/98/92 76/76/70
f 76/76/70 98/98/92 77/77/71
f 98/98/92 99/99/93 77/77/71
f 77/77/71 99/99/93 78/78/72
f 99/99/93 100/100/94 78/78/72
f 78/78/72 100/100/94 79/79/73
f 100/100/94 101/101/95 79/79/73
f 79/79/73 101/101/95 80/80/74
f 101/101/95 102/102/96 80/80/74
f 81/81/75 103/103/97 82/82/76
f 103/103/97 104/104/98 82/82/76
f 82/82/76 104/104/98 83/83/77
f 104/104/98 105/105/99 83/83/77
f 83/83/77 105/105/99 84/84/78
f 105/105/99 106/106/100 84/84/78
f 84/84/78 106/106/100 85/85/79
f 106/106/100 107/107/101 85/85/79
f 85/85/79 107/107/101 86/86/80
f 107/107/101 108/108/102 86/86/80
f 86/86/80 108/108/102 87/87/81
f 108/108/102 109/109/103 87/87/81
f 87/87/81 109/109/103 88/88/82
f 109/109/103 110/110/104 88/88/82
f 88/88/82 110/110/104 67/67/62
f 110/110/104 89/89/83 67/67/62
f 89/89/83 111/111/105 90/90/84
f 111/111/105 112/112/106 90/90/84
f 90/90/84 112/112/106 91/91/85
f 112/112/106 113/113/107 91/91/85
f 92/92/86 114/114/108 93/93/87
f 114/114/108 115/115/109 93/93/87
f 93/93/87 115/115/109 94/94/88
f 115/115/109 116/116/110 94/94/88
f 94/94/88 116/116/110 95/95/89
f 116/116/110 117/117/111 95/95/89
f 95/95/89 117/117/111 96/96/90
f 117/117/111 118/118/112 96/96/90
f 96/96/90 118/118/112 97/97/91
f 118/118/112 119/119/113 97/97/91
f 97/97/91 119/119/113 98/98/92
f 119/119/113 120/120/114 98/98/92
f 98/98/92 120/120/114 99/99/93
f 120/120/114 121/121/115 99/99/93
f 99/99/93 121/121/115 100/100/94
f 121/121/115 122/122/116 100/100/94
f 100/100/94 122/122/116 101/101/95
f 122/122/116 123/123/117 101/101/95
f 101/101/95 123/123/117 102/102/96
f 123/123/117 124/124/118 102/102/96
f 103/103/97 125/125/119 104/104/98
f 125/125/119 126/126/120 104/104/98
f 104/104/98 126/126/120 105/105/99
f 126/126/120 127/127/121 105/105/99
f 105/105/99 127/127/121 106/106/100
f 127/127/121 128/128/122 106/106/100
f 106/106/100 128/128/122 107/107/101
f 128/128/122 129/129/123 107/107/101
f 107/107/101 129/129/123 108/108/102
f 129/129/123 130/130/124 108/108/102
f 108/108/102 130/130/124 109/109/103
f 130/130/124 131/131/125 109/109/103
f 109/109/103 131/131/125 110/110/104
f 131/131/125 132/132/126 110/110/104
f 110/110/104 132/132/126 89/89/83
f 132/132/126 111/111/105 89/89/83
f 111/111/105 133/133/127 112/112/106
f 133/133/127 134/134/128 112/112/106
f 112/112/106 134/134/128 113/113/107
f 134/134/128 135/135/129 113/113/107
f 114/114/108 136/136/130 115/115/109
f 136/136/130 137/137/131 115/115/109
f 115/115/109 137/137/131 116/116/110
f 137/137/131 138/138/132 116/116/110
f 116/116/110 138/138/132 117/117/111
f 138/138/132 139/139/133 117/117/111
f 117/117/111 139/139/133 118/118/112
f 139/139/133 140/140/134 118/118/112
f 118/118/112 140/140/134 119/119/113
f 140/140/134 141/141/135 119/119/113
f 119/119/113 141/141/135 120/120/114
f 141/141/135 142/142/136 120/120/114
f 120/120/114 142/142/136 121/121/115
f 142/142/136 143/143/137 121/121/115
f 121/121/115 143/143/137 122/122/116
f 143/143/137 144/144/138 122/122/116
f 122/122/116 144/144/138 123/123/117
f 144/144/138 145/145/139 123/123/117
f 123/123/117 145/145/139 124/124/118
f 145/145/139 146/146/140 124/124/118
f 125/125/119 147/147/141 126/126/120
f 147/147/141 148/148/142 126/126/120
f 126/126/120 148/148/142 127/127/121
f 148/148/142 149/149/143 127/127/121
f 127/127/121 149/149/143 128/128/122
f 149/149/143 150/150/144 128/128/122
f 128/128/122 150/150/144 129/129/123
f 150/150/144 151/151/145 129/129/123
f 129/129/123 151/151/145 130/130/124
f 151/151/145 152/152/146 130/130/124
f 130/130/124 152/152/146 131/131/125
f 152/152/146 153/153/147 131/131/125
f 131/131/125 153/153/147 132/132/126
f 153/153/147 154/154/148 132/132/126
f 132/132/126 154/154/148 111/111/105
f 154/154/148 133/133/127 111/111/105
f 133/133/127 155/155/149 134/134/128
f 155/155/149 156/156/150 134/134/128
f 134/134/128 156/156/150 135/135/129
f 156/156/150 157/157/151 135/135/129
f 136/136/130 158/158/152 137/137/131
f 158/158/152 159/159/153 137/137/131
f 137/137/131 159/159/153 138/138/132
f 159/159/153 160/160/154 138/138/132
f 138/138/132 160/160/154 139/139/133
f 160/160/154 161/161/155 139/139/133
f 139/139/133 161/161/155 140/140/134
f 161/161/155 162/162/156 140/140/134
f 140/140/134 162/162/156 141/141/135
f 162/162/156 163/163/157 141/141/135
f 141/141/135 163/163/157 142/142/136
f 163/163/157 164/164/158 142/142/136
f 142/142/136 164/164/158 143/143/137
f 164/164/158 165/165/159 143/143/137
f 143/143/137 165/165/159 144/144/138
f 165/165/159 166/166/160 144/144/138
f 144/144/138 166/166/160 145/145/139
f 166/166/160 167/167/161 145/145/139
f 145/145/139 167/167/161 146/146/140
f 167/167/161 168/168/162 146/146/140
f 147/147/141 169/169/163 148/148/142
f 169/169/163 170/170/164 148/148/142
f 148/148/142 170/170/164 149/149/143
f 170/170/164 171/171/165 149/149/143
f 149/149/143 171/171/165 150/150/144
f 171/171/165 172/172/166 150/150/144
f 150/150/144 172/172/166 151/151/145
f 172/172/166 173/173/167 151/151/145
f 151/151/145 173/173/167 152/152/146
f 173/173/167 174/174/168 152/152/146
f 152/152/146 174/174/168 153/153/147
f 174/174/168 175/175/169 153/153/147
f 153/153/147 175/175/169 154/154/148
f 175/175/169 176/176/170 154/154/148
f 154/154/148 176/176/170 133/133/127
f 176/176/170 155/155/149 133/133/127
f 155/155/149 177/177/171 156/156/150
f 177/177/171 178/178/172 156/156/150
f 156/156/150 178/178/172 157/157/151
f 178/178/172 179/179/173 157/157/151
f 158/158/152 180/180/174 159/159/153
f 180/180/174 181/181/175 159/159/153
f 159/159/153 181/181/175 160/160/154
f 181/181/175 182/182/176 160/160/154
f 160/160/154 182/182/176 161/161/155
f 182/182/176 183/183/177 161/161/155
f 161/161/155 183/183/177 162/162/156
f 183/183/177 184/184/178 162/162/156
f 162/162/156 184/184/178 163/163/157
f 184/184/178 185/185/179 163/163/157
f 163/163/157 185/185/179 164/164/158
f 185/185/179 186/186/180 164/164/158
f 164/164/158 186/186/180 165/165/159
f 186/186/180 187/187/181 165/165/159
f 165/165/159 187/187/181 166/166/160
f 187/187/181 188/188/182 166/166/160
f 166/166/160 188/188/182 167/167/161
f 188/188/182 189/189/183 167/167/161
f 167/167/161 189/189/183 168/168/162
f 189/189/183 190/190/184 168/168/162
f 169/169/163 191/191/184 170/170/164
f 191/191/184 192/192/185 170/170/164
f 170/170/164 192/192/185 171/171/165
f 192/192/185 193/193/186 171/171/165
f 171/171/165 193/193/186 172/172/166
f 193/193/186 194/194/187 172/172/166
f 172/172/166 194/194/187 173/173/167
f 194/194/187 195/195/188 173/173/167
f 173/173/167 195/195/188 174/174/168
f 195/195/188 196/196/189 174/174/168
f 174/174/168 196/196/189 175/175/169
f 196/196/189 197/197/190 175/175/169
f 175/175/169 197/197/190 176/176/170
f 197/197/190 198/198/191 176/176/170
f 176/176/170 198/198/191 155/155/149
f 198/198/191 177/177/171 155/155/149
f 177/177/171 199/199/192 178/178/172
f 199/199/192 200/200/193 178/178/172
f 178/178/172 200/200/193 179/179/173
f 200/200/193 201/201/194 179/179/173
f 180/180/174 202/202/195 181/181/175
f 202/202/195 203/203/196 181/181/175
f 181/181/175 203/203/196 182/182/176
f 203/203/196 204/204/197 182/182/176
f 182/182/176 204/204/197 183/183/177
f 204/204/197 205/205/198 183/183/177
f 183/183/177 205/205/198 184/184/178
f 205/205/198 206/206/199 184/184/178
f 184/184/178 206/206/199 185/185/179
f 206/206/199 207/207/200 185/185/179
f 185/185/179 207/207/200 186/186/180
f 207/207/200 208/208/201 186/186/180
f 186/186/180 208/208/201 187/187/181
f 208/208/201 209/209/202 187/187/181
f 187/187/181 209/209/202 188/188/182
f 209/209/202 210/210/203 188/188/182
f 188/188/182 210/210/203 189/189/183
f 210/210/203 211/211/204 189/189/183
f 189/189/183 211/211/204 190/190/184
f 211/211/204 212/212/205 190/190/184
f 191/191/184 213/213/206 192/192/185
f 213/213/206 214/214/207 192/192/185
f 192/192/185 214/214/207 193/193/186
f 214/214/207 215/215/208 193/193/186
f 193/193/186 215/215/208 194/194/187
f 215/215/208 216/216/209 194/194/187
f 194/194/187 216/216/209 195/195/188
f 216/216/209 217/217/210 195/195/188
f 195/195/188 217/217/210 196/196/189
f 217/217/210 218/218/211 196/196/189
f 196/196/189 218/218/211 197/197/190
f 218/218/211 219/219/212 197/197/190
f 197/197/190 219/219/212 198/198/191
f 219/219/212 220/220/213 198/198/191
f 198/198/191 220/220/213 177/177/171
f 220/220/213 199/199/192 177/177/171
f 199/199/192 221/221/214 200/200/193
f 221/221/214 222/222/215 200/200/193
f 200/200/193 222/222/215 201/201/194
f 222/222/215 223/223/216 201/201/194
f 202/202/195 224/224/217 203/203/196
f 224/224/217 225/225/218 203/203/196
f 203/203/196 225/225/218 204/204/197
f 225/225/218 226/226/219 204/204/197
f 204/204/197 226/226/219 205/205/198
f 226/226/219 227/227/220 205/205/198
f 205/205/198 227/227/220 206/206/199
f 227/227/220 228/228/221 206/206/199
f 206/206/199 228/228/221 207/207/200
f 228/228/221 229/229/222 207/207/200
f 207/207/200 229/229/222 208/208/201
f 229/229/222 230/230/223 208/208/201
f 208/208/201 230/230/223 209/209/202
f 230/230/223 231/231/224 209/209/202
f 209/209/202 231/231/224 210/210/203
f 231/231/224 232/232/225 210/210/203
f 210/210/203 232/232/225 211/211/204
f 232/232/225 233/233/226 211/211/204
f 211/211/204 233/233/226 212/212/205
f 233/233/226 234/234/227 212/212/205
f 213/213/206 235/235/228 214/214/207
f 235/235/228 236/236/229 214/214/207
f 214/214/207 236/236/229 215/215/208
f 236/236/229 237/237/230 215/215/208
f 215/215/208 237/237/230 216/216/209
f 237/237/230 238/238/231 216/216/209
f 216/216/209 238/238/231 217/217/210
f 238/238/231 239/239/232 217/217/210
f 217/217/210 239/239/232 218/218/211
f 239/239/232 240/240/233 218/218/211
f 218/218/211 240/240/233 219/219/212
f 240/240/233 241/241/234 219/219/212
f 219/219/212 241/241/234 220/220/213
f 241/241/234 242/242/235 220/220/213
f 220/220/213 242/242/235 199/199/192
f 242/242/235 221/221/214 199/199/192
f 221/221/214 243/243/236 222/222/215
f 243/243/236 244/244/237 222/222/215
f 222/222/215 244/244/237 223/223/216
f 244/244/237 245/245/238 223/223/216
f 224/224/217 246/246/239 225/225/218
f 246/246/239 247/247/240 225/225/218
f 225/225/218 247/247/240 226/226/219
f 247/247/240 248/248/241 226/226/219
f 226/226/219 248/248/241 227/227/220
f 248/248/241 249/249/242 227/227/220
f 227/227/220 249/249/242 228/228/221
f 249/249/242 250/250/243 228/228/221
f 228/228/221 250/250/243 229/229/222
f 250/250/243 251/251/244 229/229/222
f 229/229/222 251/251/244 230/230/223
f 251/251/244 252/252/245 230/230/223
f 230/230/223 252/252/245 231/231/224
f 252/252/245 253/253/246 231/231/224
f 231/231/224 253/253/246 232/232/225
f 253/253/246 254/254/247 232/232/225
f 232/232/225 254/254/247 233/233/226
f 254/254/247 255/255/248 233/233/226
f 233/233/226 255/255/248 234/234/227
f 255/255/248 256/256/249 234/234/227
f 235/235/228 257/257/250 236/236/229
f 257/257/250 258/258/251 236/236/229
f 236/236/229 258/258/251 237/237/230
f 258/258/251 259/259/252 237/237/230
f 237/237/230 259/259/252 238/238/231
f 259/259/252 260/260/253 238/238/231
f 238/238/231 260/260/253 239/239/232
f 260/260/253 261/261/254 239/239/232
f 239/239/232 261/261/254 240/240/233
f 261/261/254 262/262/255 240/240/233
f 240/240/233 262/262/255 241/241/234
f 262/262/255 263/263/256 241/241/234
f 241/241/234 263/263/256 242/242/235
f 263/263/256 264/264/257 242/242/235
f 242/242/235 264/264/257 221/221/214
f 264/264/257 243/243/236 221/221/214
f 243/243/236 265/265/258 244/244/237
f 265/265/258 266/266/259 244/244/237
f 244/244/237 266/266/259 245/245/238
f 266/266/259 267/267/260 245/245/238
f 246/246/239 268/268/261 247/247/240
f 268/268/261 269/269/262 247/247/240
f 247/247/240 269/269/262 248/248/241
f 269/269/262 270/270/263 248/248/241
f 248/248/241 270/270/263 249/249/242
f 270/270/263 271/271/264 249/249/242
f 249/249/242 271/271/264 250/250/243
f 271/271/264 272/272/265 250/250/243
f 250/250/243 272/272/265 251/251/244
f 272/272/265 273/273/266 251/251/244
f 251/251/244 273/273/266 252/252/245
f 273/273/266 274/274/267 252/252/245
f 252/252/245 274/274/267 253/253/246
f 274/274/267 275/275/268 253/253/246
f 253/253/246 275/275/268 254/254/247
f 275/275/268 276/276/269 254/254/247
f 254/254/247 276/276/269 255/255/248
f 276/276/269 277/277/270 255/255/248
f 255/255/248 277/277/270 256/256/249
f 277/277/270 278/278/271 256/256/249
f 257/257/250 279/279/272 258/258/251
f 279/279/272 280/280/273 258/258/251
f 258/258/251 280/280/273 259/259/252
f 280/280/273 281/281/274 259/259/252
f 259/259/252 281/281/274 260/260/253
f 281/281/274 282/282/275 260/260/253
f 260/260/253 282/282/275 261/261/254
f 282/282/275 283/283/276 261/261/254
f 261/261/254 283/283/276 262/262/255
f 283/283/276 284/284/277 262/262/255
f 262/262/255 284/284/277 263/263/256
f 284/284/277 285/285/278 263/263/256
f 263/263/256 285/285/278 264/264/257
f 285/285/278 286/286/279 264/264/257
f 264/264/257 286/286/279 243/243/236
f 286/286/279 265/265/258 243/243/236
f 265/265/258 287/287/280 266/266/259
f 287/287/280 288/288/281 266/266/259
f 266/266/259 288/288/281 267/267/260
f 288/288/281 289/289/282 267/267/260
f 268/268/261 290/290/283 269/269/262
f 290/290/283 291/291/284 269/269/262
f 269/269/262 291/291/284 270/270/263
f 291/291/284 292/292/285 270/270/263
f 270/270/263 292/292/285 271/271/264
f 292/292/285 293/293/286 271/271/264
f 271/271/264 293/293/286 272/272/265
f 293/293/286 294/294/287 272/272/265
f 272/272/265 294/294/287 273/273/266
f 294/294/287 295/295/288 273/273/266
f 273/273/266 295/295/288 274/274/267
f 295/295/288 296/296/289 274/274/267
f 274/274/267 296/296/289 275/275/268
f 296/296/289 297/297/290 275/275/268
f 275/275/268 297/297/290 276/276/269
f 297/297/290 298/298/291 276/276/269
f 276/276/269 298/298/291 277/277/270
f 298/298/291 299/299/292 277/277/270
f 277/277/270 299/299/292 278/278/271
f 299/299/292 300/300/293 278/278/271
f 279/279/272 301/301/294 280/280/273
f 301/301/294 302/302/295 280/280/273
f 280/280/273 302/302/295 281/281/274
f 302/302/295 303/303/296 281/281/274
f 281/281/274 303/303/296 282/282/275
f 303/303/296 304/304/297 282/282/275
f 282/282/275 304/304/297 283/283/276
f 304/304/297 305/305/298 283/283/276
f 283/283/276 305/305/298 284/284/277
f 305/305/298 306/306/299 284/284/277
f 284/284/277 306/306/299 285/285/278
f 306/306/299 307/307/300 285/285/278
f 285/285/278 307/307/300 286/286/279
f 307/307/300 308/308/301 286/286/279
f 286/286/279 308/308/301 265/265/258
f 308/308/301 287/287/280 265/265/258
f 287/287/280 309/309/302 288/288/281
f 309/309/302 310/310/303 288/288/281
f 288/288/281 310/310/303 289/289/282
f 310/310/303 311/311/304 289/289/282
f 290/290/283 312/312/305 291/291/284
f 312/312/305 313/313/306 291/291/284
f 291/291/284 313/313/306 292/292/285
f 313/313/306 314/314/307 292/292/285
f 292/292/285 314/314/307 293/293/286
f 314/314/307 315/315/308 293/293/286
f 293/293/286 315/315/308 294/294/287
f 315/315/308 316/316/309 294/294/287
f 294/294/287 316/316/309 295/295/288
f 316/316/309 317/317/310 295/295/288
f 295/295/288 317/317/310 296/296/289
f 317/317/310 318/318/311 296/296/289
f 296/296/289 318/318/311 297/297/290
f 318/318/311 319/319/312 297/297/290
f 297/297/290 319/319/312 298/298/291
f 319/319/312 320/320/313 298/298/291
f 298/298/291 320/320/313 299/299/292
f 320/320/313 321/321/314 299/299/292
f 299/299/292 321/321/314 300/300/293
f 321/321/314 322/322/315 300/300/293
f 301/301/294 323/323/316 302/302/295
f 323/323/316 324/324/317 302/302/295
f 302/302/295 324/324/317 303/303/296
f 324/324/317 325/325/318 303/303/296
f 303/303/296 325/325/318 304/304/297
f 325/325/318 326/326/319 304/304/297
f 304/304/297 326/326/319 305/305/298
f 326/326/319 327/327/320 305/305/298
f 305/305/298 327/327/320 306/306/299
f 327/327/320 328/328/321 306/306/299
f 306/306/299 328/328/321 307/307/300
f 328/328/321 329/329/322 307/307/300
f 307/307/300 329/329/322 308/308/301
f 329/329/322 330/330/323 308/308/301
f 308/308/301 330/330/323 287/287/280
f 330/330/323 309/309/302 287/287/280
f 309/309/302 331/331/324 310/310/303
f 331/331/324 332/332/325 310/310/303
f 310/310/303 332/332/325 311/311/304
f 332/332/325 333/333/326 311/311/304
f 312/312/305 334/334/326 313/313/306
f 334/334/326 335/335/327 313/313/306
f 313/313/306 335/335/327 314/314/307
f 335/335/327 336/336/328 314/314/307
f 314/314/307 336/336/328 315/315/308
f 336/336/328 337/337/329 315/315/308
f 315/315/308 337/337/329 316/316/309
f 337/337/329 338/338/330 316/316/309
f 316/316/309 338/338/330 317/317/310
f 338/338/330 339/339/331 317/317/310
f 317/317/310 339/339/331 318/318/311
f 339/339/331 340/340/332 318/318/311
f 318/318/311 340/340/332 319/319/312
f 340/340/332 341/341/333 319/319/312
f 319/319/312 341/341/333 320/320/313
f 341/341/333 342/342/334 320/320/313
f 320/320/313 342/342/334 321/321/314
f 342/342/334 343/343/335 321/321/314
f 321/321/314 343/343/335 322/322/315
f 343/343/335 344/344/336 322/322/315
f 323/323/316 345/345/337 324/324/317
f 345/345/337 346/346/338 324/324/317
f 324/324/317 346/346/338 325/325/318
f 346/346/338 347/347/339 325/325/318
f 325/325/318 347/347/339 326/326/319
f 347/347/339 348/348/340 326/326/319
f 326/326/319 348/348/340 327/327/320
f 348/348/340 349/349/341 327/327/320
f 327/327/320 349/349/341 328/328/321
f 349/349/341 350/350/342 328/328/321
f 328/328/321 350/350/342 329/329/322
f 350/350/342 351/351/343 329/329/322
f 329/329/322 351/351/343 330/330/323
f 351/351/343 352/352/344 330/330/323
f 330/330/323 352/352/344 309/309/302
f 352/352/344 331/331/324 309/309/302
f 331/331/324 353/353/345 332/332/325
f 353/353/345 354/354/346 332/332/325
f 332/332/325 354/354/346 333/333/326
f 354/354/346 355/355/347 333/333/326
f 334/334/326 356/356/347 335/335/327
f 356/356/347 357/357/348 335/335/327
f 335/335/327 357/357/348 336/336/328
f 357/357/348 358/358/349 336/336/328
f 336/336/328 358/358/349 337/337/329
f 358/358/349 359/359/350 337/337/329
f 337/337/329 359/359/350 338/338/330
f 359/359/350 360/360/351 338/338/330
f 338/338/330 360/360/351 339/339/331
f 360/360/351 361/361/352 339/339/331
f 339/339/331 361/361/352 340/340/332
f 361/361/352 362/362/353 340/340/332
f 340/340/332 362/362/353 341/341/333
f 362/362/353 363/363/354 341/341/333
f 341/341/333 363/363/354 342/342/334
f 363/363/354 364/364/355 342/342/334
f 342/342/334 364/364/355 343/343/335
f 364/364/355 365/365/356 343/343/335
f 343/343/335 365/365/356 344/344/336
f 365/365/356 366/366/357 344/344/336
f 345/345/337 367/367/358 346/346/338
f 367/367/358 368/368/359 346/346/338
f 346/346/338 368/368/359 347/347/339
f 368/368/359 369/369/360 347/347/339
f 347/347/339 369/369/360 348/348/340
f 369/369/360 370/370/361 348/348/340
f 348/348/340 370/370/361 349/349/341
f 370/370/361 371/371/362 349/349/341
f 349/349/341 371/371/362 350/350/342
f 371/371/362 372/372/363 350/350/342
f 350/350/342 372/372/363 351/351/343
f 372/372/363 373/373/364 351/351/343
f 351/351/343 373/373/364 352/352/344
f 373/373/364 374/374/365 352/352/344
f 352/352/344 374/374/365 331/331/324
f 374/374/365 353/353/345 331/331/324
f 353/353/345 375/375/366 354/354/346
f 375/375/366 376/376/367 354/354/346
f 354/354/346 376/376/367 355/355/347
f 376/376/367 377/377/368 355/355/347
f 356/356/347 378/378/368 357/357/348
f 378/378/368 379/379/369 357/357/348
f 357/357/348 379/379/369 358/358/349
f 379/379/369 380/380/370 358/358/349
f 358/358/349 380/380/370 359/359/350
f 380/380/370 381/381/371 359/359/350
f 359/359/350 381/381/371 360/360/351
f 381/381/371 382/382/372 360/360/351
f 360/360/351 382/382/372 361/361/352
f 382/382/372 383/383/373 361/361/352
f 361/361/352 383/383/373 362/362/353
f 383/383/373 384/384/374 362/362/353
f 362/362/353 384/384/374 363/363/354
f 384/384/374 385/385/375 363/363/354
f 363/363/354 385/385/375 364/364/355
f 385/385/375 386/386/376 364/364/355
f 364/364/355 386/386/376 365/365/356
f 386/386/376 387/387/377 365/365/356
f 365/365/356 387/387/377 366/366/357
f 387/387/377 388/388/378 366/366/357
f 367/367/358 389/389/378 368/368/359
f 389/389/378 390/390/379 368/368/359
f 368/368/359 390/390/379 369/369/360
f 390/390/379 391/391/380 369/369/360
f 369/369/360 391/391/380 370/370/361
f 391/391/380 392/392/381 370/370/361
f 370/370/361 392/392/381 371/371/362
f 392/392/381 393/393/382 371/371/362
f 371/371/362 393/393/382 372/372/363
f 393/393/382 394/394/383 372/372/363
f 372/372/363 394/394/383 373/373/364
f 394/394/383 395/395/384 373/373/364
f 373/373/364 395/395/384 374/374/365
f 395/395/384 396/396/385 374/374/365
f 374/374/365 396/396/385 353/353/345
f 396/396/385 375/375/366 353/353/345
f 375/375/366 397/397/386 376/376/367
f 397/397/386 398/398/387 376/376/367
f 376/376/367 398/398/387 377/377/368
f 398/398/387 399/399/388 377/377/368
f 378/378/368 400/400/389 379/379/369
f 400/400/389 401/401/390 379/379/369
f 379/379/369 401/401/390 380/380/370
f 401/401/390 402/402/391 380/380/370
f 380/380/370 402/402/391 381/381/371
f 402/402/391 403/403/392 381/381/371
f 381/381/371 403/403/392 382/382/372
f 403/403/392 404/404/393 382/382/372
f 382/382/372 404/404/393 383/383/373
f 404/404/393 405/405/394 383/383/373
f 383/383/373 405/405/394 384/384/374
f 405/405/394 406/406/395 384/384/374
f 384/384/374 406/406/395 385/385/375
f 406/406/395 407/407/396 385/385/375
f 385/385/375 407/407/396 386/386/376
f 407/407/396 408/408/397 386/386/376
f 386/386/376 408/408/397 387/387/377
f 408/408/397 409/409/398 387/387/377
f 387/387/377 409/409/398 388/388/378
f 409/409/398 410/410/399 388/388/378
f 389/389/378 411/411/399 390/390/379
f 411/411/399 412/412/400 390/390/379
f 390/390/379 412/412/400 391/391/380
f 412/412/400 413/413/401 391/391/380
f 391/391/380 413/413/401 392/392/381
f 413/413/401 414/414/402 392/392/381
f 392/392/381 414/414/402 393/393/382
f 414/414/402 415/415/403 393/393/382
f 393/393/382 415/415/403 394/394/383
f 415/415/403 416/416/404 394/394/383
f 394/394/383 416/416/404 395/395/384
f 416/416/404 417/417/405 395/395/384
f 395/395/384 417/417/405 396/396/385
f 417/417/405 418/418/406 396/396/385
f 396/396/385 418/418/406 375/375/366
f 418/418/406 397/397/386 375/375/366
f 2/3/3 419/419/407 1/1/1
f 5/5/5 419/419/407 2/3/3
f 8/9/7 420/420/408 7/7/5
f 11/11/9 420/420/408 8/9/7
f 13/13/11 420/420/408 11/11/9
f 15/15/13 420/420/408 13/13/11
f 17/17/15 420/420/408 15/15/13
f 19/19/17 420/420/408 17/17/15
f 21/21/19 420/420/408 19/19/17
f 23/23/21 420/420/408 21/21/19
f 25/25/23 420/420/408 23/23/21
f 27/27/25 420/420/408 25/25/23
f 30/31/28 419/419/407 29/29/27
f 33/33/30 419/419/407 30/31/28
f 35/35/32 419/419/407 33/33/30
f 37/37/34 419/419/407 35/35/32
f 39/39/36 419/419/407 37/37/34
f 41/41/38 419/419/407 39/39/36
f 43/43/40 419/419/407 41/41/38
f 1/1/1 419/419/407 43/43/40
f 397/397/386 421/421/409 398/398/387
f 398/398/387 421/421/409 399/399/388
f 400/400/389 422/422/410 401/401/390
f 401/401/390 422/422/410 402/402/391
f 402/402/391 422/422/410 403/403/392
f 403/403/392 422/422/410 404/404/393
f 404/404/393 422/422/410 405/405/394
f 405/405/394 422/422/410 406/406/395
f 406/406/395 422/422/410 407/407/396
f 407/407/396 422/422/410 408/408/397
f 408/408/397 422/422/410 409/409/398
f 409/409/398 422/422/410 410/410/399
f 411/411/399 421/421/409 412/412/400
f 412/412/400 421/421/409 413/413/401
f 413/413/401 421/421/409 414/414/402
f 414/414/402 421/421/409 415/415/403
f 415/415/403 421/421/409 416/416/404
f 416/416/404 421/421/409 417/417/405
f 417/417/405 421/421/409 418/418/406
f 418/418/406 421/421/409 397/397/386
f 423/423/411 425/424/412 424/425/413
f 425/424/412 426/426/414 424/425/413
f 425/424/412 427/427/415 426/426/414
f 427/427/415 428/428/416 426/426/414
f 427/427/415 429/429/417 428/428/416
f 429/429/417 430/430/418 428/428/416
f 429/429/417 431/431/419 430/430/418
f 431/431/419 432/432/420 430/430/418
f 431/431/419 433/433/421 432/432/420
f 433/433/421 434/434/422 432/432/420
f 433/433/421 435/435/423 434/434/422
f 435/435/423 436/436/424 434/434/422
f 435/435/423 437/437/425 436/436/424
f 437/437/425 438/438/426 436/436/424
f 437/437/425 439/439/427 438/438/426
f 439/439/427 440/440/428 438/438/426
f 439/439/427 441/441/429 440/440/428
f 441/441/429 442/442/430 440/440/428
f 441/441/429 443/443/431 442/442/430
f 443/443/431 444/444/432 442/442/430
f 443/443/431 445/445/433 444/444/432
f 445/445/433 446/446/434 444/444/432
f 445/445/433 447/447/435 446/446/434
f 447/447/435 448/448/436 446/446/434
f 447/447/435 449/449/437 448/448/436
f 449/449/437 450/450/438 448/448/436
f 449/449/437 451/451/439 450/450/438
f 451/451/439 452/452/440 450/450/438
f 451/451/439 453/453/441 452/452/440
f 453/453/441 454/454/442 452/452/440
f 453/453/441 455/455/443 454/454/442
f 455/455/443 456/456/444 454/454/442
f 455/455/443 457/457/445 456/456/444
f 457/457/445 458/458/446 456/456/444
f 457/457/445 459/459/447 458/458/446
f 459/459/447 460/460/448 458/458/446
f 459/459/447 461/461/449 460/460/448
f 461/461/449 462/462/450 460/460/448
f 461/461/449 423/423/411 462/462/450
f 423/423/411 424/425/413 462/462/450
f 463/463/451 4037/425/451 464/464/451
f 4037/425/451 4211/426/451 464/464/451
f 464/464/451 4211/426/451 465/465/451
f 4211/426/451 4105/428/451 465/465/451
f 465/465/451 4105/428/451 466/466/451
f 4105/428/451 4136/430/452 466/466/451
f 466/466/451 4136/430/452 467/467/451
f 4136/430/452 4517/432/451 467/467/451
f 467/467/451 4517/432/451 468/468/451
f 4517/432/451 4156/434/451 468/468/451
f 468/468/451 4156/434/451 469/469/451
f 4156/434/451 3963/436/451 469/469/451
f 469/469/451 3963/436/451 470/470/451
f 3963/436/451 4188/438/451 470/470/451
f 470/470/451 4188/438/451 471/471/451
f 4188/438/451 4139/440/451 471/471/451
f 471/471/451 4139/440/451 472/472/451
f 4139/440/451 4041/442/451 472/472/451
f 472/472/451 4041/442/451 473/473/451
f 4041/442/451 4241/444/451 473/473/451
f 473/473/451 4241/444/451 474/474/451
f 4241/444/451 4141/446/451 474/474/451
f 474/474/451 4141/446/451 475/475/451
f 4141/446/451 4058/448/451 475/475/451
f 475/475/451 4058/448/451 476/476/451
f 4058/448/451 4227/450/451 476/476/451
f 476/476/451 4227/450/451 477/477/451
f 4227/450/451 4034/452/451 477/477/451
f 477/477/451 4034/452/451 478/478/451
f 4034/452/451 4124/454/451 478/478/451
f 478/478/451 4124/454/451 479/479/451
f 4124/454/451 4142/456/451 479/479/451
f 479/479/451 4142/456/451 480/480/451
f 4142/456/451 4193/458/451 480/480/451
f 480/480/451 4193/458/451 481/481/451
f 4193/458/451 4022/460/451 481/481/451
f 481/481/451 4022/460/451 482/482/451
f 4022/460/451 4143/462/451 482/482/451
f 482/482/451 4143/462/451 463/463/451
f 4143/462/451 4037/425/451 463/463/451
f 483/483/453 485/484/454 484/485/455
f 485/484/454 486/486/456 484/485/455
f 484/485/455 487/487/457 483/483/453
f 487/487/457 488/488/458 483/483/453
f 485/484/454 489/489/459 486/486/456
f 489/489/459 490/490/460 486/486/456
f 489/489/459 491/491/461 490/490/460
f 491/491/461 492/492/462 490/490/460
f 491/491/461 493/493/463 492/492/462
f 493/493/463 494/494/464 492/492/462
f 493/493/463 495/495/465 494/494/464
f 495/495/465 496/496/466 494/494/464
f 495/495/465 497/497/467 496/496/466
f 497/497/467 498/498/468 496/496/466
f 499/499/469 501/500/470 500/501/471
f 501/500/470 502/502/472 500/501/471
f 501/500/470 503/503/473 502/502/472
f 503/503/473 504/504/474 502/502/472
f 503/503/473 505/505/475 504/504/474
f 505/505/475 506/506/476 504/504/474
f 505/505/475 507/507/477 506/506/476
f 507/507/477 508/508/478 506/506/476
f 507/507/477 509/509/479 508/508/478
f 509/509/479 510/510/480 508/508/478
f 509/509/479 511/511/481 510/510/480
f 511/511/481 512/512/482 510/510/480
f 511/511/481 513/513/483 512/512/482
f 513/513/483 514/514/484 512/512/482
f 513/513/483 515/515/485 514/514/484
f 515/515/485 516/516/486 514/514/484
f 515/515/485 517/517/487 516/516/486
f 517/517/487 518/518/488 516/516/486
f 517/517/487 519/519/489 518/518/488
f 519/519/489 520/520/490 518/518/488
f 519/519/489 521/521/491 520/520/490
f 521/521/491 522/522/492 520/520/490
f 521/521/491 523/523/493 522/522/492
f 523/523/493 524/524/494 522/522/492
f 523/523/493 488/488/458 524/524/494
f 488/488/458 487/487/457 524/524/494
f 525/525/495 527/526/496 526/527/497
f 527/526/496 528/528/498 526/527/497
f 526/527/497 529/529/499 525/525/495
f 529/529/499 530/530/500 525/525/495
f 527/526/496 531/531/501 528/528/498
f 531/531/501 532/532/502 528/528/498
f 4234/525/503 3970/530/453 533/533/504
f 3970/530/453 534/534/505 533/533/504
f 533/533/504 535/535/506 4234/525/503
f 535/535/506 4150/526/507 4234/525/503
f 535/535/506 536/536/508 4150/526/507
f 536/536/508 4048/531/509 4150/526/507
f 3970/530/453 537/537/510 534/534/505
f 537/537/510 538/538/511 534/534/505
f 529/529/499 539/539/512 530/530/500
f 539/539/512 3939/537/513 530/530/500
f 537/537/510 540/540/514 538/538/511
f 540/540/514 541/541/515 538/538/511
f 539/539/512 542/542/516 3939/537/513
f 542/542/516 4158/540/517 3939/537/513
f 540/540/514 543/543/518 541/541/515
f 543/543/518 544/544/519 541/541/515
f 542/542/516 545/545/520 4158/540/517
f 545/545/520 4255/543/521 4158/540/517
f 543/543/518 546/546/522 544/544/519
f 546/546/522 547/547/523 544/544/519
f 545/545/520 548/548/524 4255/543/521
f 548/548/524 4364/546/525 4255/543/521
f 546/546/522 549/549/526 547/547/523
f 549/549/526 550/550/527 547/547/523
f 548/548/524 551/551/528 4364/546/525
f 551/551/528 4161/549/529 4364/546/525
f 549/549/526 552/552/530 550/550/527
f 552/552/530 553/553/531 550/550/527
f 551/551/528 554/554/532 4161/549/529
f 554/554/532 4394/552/533 4161/549/529
f 555/555/534 557/556/535 556/557/536
f 557/556/535 558/558/537 556/557/536
f 559/559/538 560/560/539 4395/555/540
f 560/560/539 3984/556/541 4395/555/540
f 557/556/535 561/561/542 558/558/537
f 561/561/542 562/562/543 558/558/537
f 560/560/539 563/563/544 3984/556/541
f 563/563/544 4154/561/545 3984/556/541
f 561/561/542 564/564/546 562/562/543
f 564/564/546 565/565/547 562/562/543
f 563/563/544 566/566/548 4154/561/545
f 566/566/548 4219/564/549 4154/561/545
f 564/564/546 567/567/550 565/565/547
f 567/567/550 568/568/551 565/565/547
f 566/566/548 569/569/552 4219/564/549
f 569/569/552 4012/567/553 4219/564/549
f 567/567/550 570/570/554 568/568/551
f 570/570/554 571/571/555 568/568/551
f 569/569/552 572/572/556 4012/567/553
f 572/572/556 4190/570/557 4012/567/553
f 570/570/554 573/573/558 571/571/555
f 573/573/558 574/574/559 571/571/555
f 572/572/556 575/575/560 4190/570/557
f 575/575/560 4167/573/561 4190/570/557
f 573/573/558 576/576/483 574/574/559
f 576/576/483 577/577/562 574/574/559
f 575/575/560 578/578/563 4167/573/561
f 578/578/563 4168/576/564 4167/573/561
f 576/576/483 579/579/565 577/577/562
f 579/579/565 580/580/566 577/577/562
f 578/578/563 581/581/567 4168/576/564
f 581/581/567 4169/579/568 4168/576/564
f 579/579/565 582/582/569 580/580/566
f 582/582/569 583/583/488 580/580/566
f 581/581/567 584/584/570 4169/579/568
f 584/584/570 4060/582/571 4169/579/568
f 582/582/569 585/585/489 583/583/488
f 585/585/489 586/586/572 583/583/488
f 584/584/570 587/587/573 4060/582/571
f 587/587/573 4198/585/574 4060/582/571
f 585/585/489 4048/531/509 586/586/572
f 4048/531/509 536/536/508 586/586/572
f 587/587/573 532/532/502 4198/585/574
f 532/532/502 531/531/501 4198/585/574
f 588/588/575 590/589/576 589/590/577
f 590/589/576 591/591/578 589/590/577
f 589/590/577 592/592/579 588/588/575
f 592/592/579 593/593/580 588/588/575
f 592/592/579 594/594/581 593/593/580
f 594/594/581 595/595/582 593/593/580
f 596/596/583 598/597/584 597/598/585
f 598/597/584 599/599/586 597/598/585
f 597/598/585 600/600/587 596/596/583
f 600/600/587 601/601/588 596/596/583
f 600/600/587 602/602/589 601/601/588
f 602/602/589 603/603/590 601/601/588
f 594/594/581 604/604/591 595/595/582
f 604/604/591 605/605/592 595/595/582
f 602/602/589 606/606/593 603/603/590
f 606/606/593 607/607/594 603/603/590
f 604/604/591 608/608/595 605/605/592
f 608/608/595 609/609/596 605/605/592
f 606/606/593 610/610/597 607/607/594
f 610/610/597 611/611/598 607/607/594
f 608/608/595 612/612/599 609/609/596
f 612/612/599 613/613/600 609/609/596
f 610/610/597 614/614/601 611/611/598
f 614/614/601 615/615/602 611/611/598
f 612/612/599 616/616/603 613/613/600
f 616/616/603 617/617/604 613/613/600
f 614/614/601 618/618/605 615/615/602
f 618/618/605 619/619/606 615/615/602
f 620/620/607 622/621/608 621/622/609
f 622/621/608 623/623/610 621/622/609
f 624/624/611 626/625/612 625/626/613
f 626/625/612 627/627/614 625/626/613
f 622/621/608 628/628/615 623/623/610
f 628/628/615 629/629/616 623/623/610
f 626/625/612 630/630/617 627/627/614
f 630/630/617 631/631/618 627/627/614
f 628/628/615 632/632/619 629/629/616
f 632/632/619 633/633/620 629/629/616
f 630/630/617 634/634/621 631/631/618
f 634/634/621 635/635/622 631/631/618
f 632/632/619 636/636/623 633/633/620
f 636/636/623 637/637/624 633/633/620
f 634/634/621 638/638/625 635/635/622
f 638/638/625 639/639/626 635/635/622
f 636/636/623 640/640/627 637/637/624
f 640/640/627 641/641/628 637/637/624
f 638/638/625 642/642/629 639/639/626
f 642/642/629 643/643/630 639/639/626
f 640/640/627 644/644/631 641/641/628
f 644/644/631 645/645/632 641/641/628
f 642/642/629 646/646/633 643/643/630
f 646/646/633 647/647/634 643/643/630
f 644/644/631 648/648/635 645/645/632
f 648/648/635 649/649/636 645/645/632
f 646/646/633 650/650/637 647/647/634
f 650/650/637 651/651/638 647/647/634
f 648/648/635 652/652/639 649/649/636
f 652/652/639 653/653/640 649/649/636
f 650/650/637 654/654/641 651/651/638
f 654/654/641 655/655/642 651/651/638
f 652/652/639 656/656/643 653/653/640
f 656/656/643 657/657/644 653/653/640
f 654/654/641 658/658/645 655/655/642
f 658/658/645 659/659/646 655/655/642
f 656/656/643 660/660/647 657/657/644
f 660/660/647 661/661/648 657/657/644
f 658/658/645 662/662/649 659/659/646
f 662/662/649 663/663/650 659/659/646
f 660/660/647 664/664/651 661/661/648
f 664/664/651 665/665/652 661/661/648
f 662/662/649 666/666/653 663/663/650
f 666/666/653 667/667/654 663/663/650
f 664/664/651 668/668/655 665/665/652
f 668/668/655 669/669/656 665/665/652
f 666/666/653 670/670/657 667/667/654
f 670/670/657 671/671/658 667/667/654
f 668/668/655 591/591/578 669/669/656
f 591/591/578 590/589/576 669/669/656
f 670/670/657 599/599/586 671/671/658
f 599/599/586 598/597/584 671/671/658
f 672/672/659 674/673/660 673/674/661
f 674/673/660 675/675/662 673/674/661
f 673/674/661 676/676/663 672/672/659
f 676/676/663 677/677/664 672/672/659
f 676/676/663 678/678/665 677/677/664
f 678/678/665 679/679/666 677/677/664
f 680/680/667 682/681/668 681/682/669
f 682/681/668 683/683/670 681/682/669
f 681/682/669 684/684/585 680/680/667
f 684/684/585 685/685/671 680/680/667
f 684/684/585 686/686/672 685/685/671
f 686/686/672 687/687/673 685/685/671
f 678/678/665 688/688/674 679/679/666
f 688/688/674 689/689/675 679/679/666
f 686/686/672 690/690/676 687/687/673
f 690/690/676 691/691/677 687/687/673
f 688/688/674 692/692/678 689/689/675
f 692/692/678 693/693/679 689/689/675
f 690/690/676 694/694/680 691/691/677
f 694/694/680 695/695/681 691/691/677
f 692/692/678 696/696/682 693/693/679
f 696/696/682 697/697/683 693/693/679
f 694/694/680 698/698/684 695/695/681
f 698/698/684 699/699/685 695/695/681
f 696/696/682 700/700/686 697/697/683
f 700/700/686 701/701/687 697/697/683
f 698/698/684 702/702/688 699/699/685
f 702/702/688 703/703/689 699/699/685
f 700/700/686 704/704/690 701/701/687
f 704/704/690 705/705/691 701/701/687
f 702/702/688 706/706/692 703/703/689
f 706/706/692 707/707/693 703/703/689
f 708/708/694 710/709/695 709/710/696
f 710/709/695 711/711/697 709/710/696
f 712/712/698 714/713/699 713/714/700
f 714/713/699 715/715/701 713/714/700
f 710/709/695 716/716/702 711/711/697
f 716/716/702 717/717/703 711/711/697
f 714/713/699 718/718/704 715/715/701
f 718/718/704 719/719/705 715/715/701
f 716/716/702 720/720/706 717/717/703
f 720/720/706 721/721/707 717/717/703
f 718/718/704 722/722/708 719/719/705
f 722/722/708 723/723/709 719/719/705
f 720/720/706 724/724/710 721/721/707
f 724/724/710 725/725/711 721/721/707
f 722/722/708 726/726/712 723/723/709
f 726/726/712 727/727/713 723/723/709
f 724/724/710 728/728/627 725/725/711
f 728/728/627 729/729/628 725/725/711
f 726/726/712 730/730/714 727/727/713
f 730/730/714 731/731/715 727/727/713
f 728/728/627 732/732/631 729/729/628
f 732/732/631 733/733/716 729/729/628
f 730/730/714 734/734/717 731/731/715
f 734/734/717 735/735/718 731/731/715
f 732/732/631 736/736/719 733/733/716
f 736/736/719 737/737/720 733/733/716
f 734/734/717 738/738/721 735/735/718
f 738/738/721 739/739/722 735/735/718
f 736/736/719 740/740/723 737/737/720
f 740/740/723 741/741/724 737/737/720
f 738/738/721 742/742/725 739/739/722
f 742/742/725 743/743/726 739/739/722
f 740/740/723 744/744/727 741/741/724
f 744/744/727 745/745/728 741/741/724
f 742/742/725 746/746/729 743/743/726
f 746/746/729 747/747/730 743/743/726
f 744/744/727 748/748/731 745/745/728
f 748/748/731 749/749/732 745/745/728
f 746/746/729 750/750/733 747/747/730
f 750/750/733 751/751/734 747/747/730
f 748/748/731 752/752/735 749/749/732
f 752/752/735 753/753/736 749/749/732
f 750/750/733 754/754/737 751/751/734
f 754/754/737 755/755/738 751/751/734
f 752/752/735 675/675/662 753/753/736
f 675/675/662 674/673/660 753/753/736
f 754/754/737 683/683/670 755/755/738
f 683/683/670 682/681/668 755/755/738
f 756/756/739 758/757/740 757/758/741
f 758/757/740 759/759/742 757/758/741
f 758/757/740 760/760/743 759/759/742
f 760/760/743 761/761/744 759/759/742
f 760/760/743 762/762/745 761/761/744
f 762/762/745 763/763/746 761/761/744
f 762/762/745 764/764/747 763/763/746
f 764/764/747 765/765/748 763/763/746
f 764/764/747 766/766/749 765/765/748
f 766/766/749 767/767/750 765/765/748
f 766/766/749 768/768/751 767/767/750
f 768/768/751 769/769/752 767/767/750
f 770/770/753 771/771/754 768/768/751
f 771/771/754 769/769/752 768/768/751
f 772/772/755 774/773/756 773/774/757
f 774/773/756 775/775/758 773/774/757
f 776/776/759 777/777/760 772/772/755
f 777/777/760 774/773/756 772/772/755
f 778/778/761 779/779/762 776/776/759
f 779/779/762 777/777/760 776/776/759
f 780/780/763 781/781/764 778/778/761
f 781/781/764 779/779/762 778/778/761
f 782/782/765 783/783/766 780/780/763
f 783/783/766 781/781/764 780/780/763
f 784/784/767 785/785/768 782/782/765
f 785/785/768 783/783/766 782/782/765
f 786/786/769 787/787/770 784/784/767
f 787/787/770 785/785/768 784/784/767
f 788/788/771 789/789/772 786/786/769
f 789/789/772 787/787/770 786/786/769
f 790/790/773 791/791/774 788/788/771
f 791/791/774 789/789/772 788/788/771
f 792/792/775 793/793/776 790/790/773
f 793/793/776 791/791/774 790/790/773
f 794/794/777 795/795/778 792/792/775
f 795/795/778 793/793/776 792/792/775
f 796/796/779 797/797/779 794/794/777
f 797/797/779 795/795/778 794/794/777
f 796/796/779 756/756/739 797/797/779
f 756/756/739 757/758/741 797/797/779
f 4173/593/448 600/600/587 4189/588/780
f 600/600/587 3991/598/781 4189/588/780
f 4174/595/450 602/602/589 4173/593/448
f 602/602/589 600/600/587 4173/593/448
f 605/605/592 606/606/593 4174/595/450
f 606/606/593 602/602/589 4174/595/450
f 609/609/596 610/610/597 605/605/592
f 610/610/597 606/606/593 605/605/592
f 4140/613/782 4075/614/415 609/609/596
f 4075/614/415 610/610/597 609/609/596
f 617/617/783 4073/618/784 4140/613/782
f 4073/618/784 4075/614/415 4140/613/782
f 623/623/610 626/625/612 621/622/609
f 626/625/612 4074/624/785 621/622/609
f 629/629/616 630/630/617 623/623/610
f 630/630/617 626/625/612 623/623/610
f 633/633/620 634/634/621 629/629/616
f 634/634/621 630/630/617 629/629/616
f 4024/637/786 3985/638/425 633/633/620
f 3985/638/425 634/634/621 633/633/620
f 4269/641/787 4176/642/427 4024/637/786
f 4176/642/427 3985/638/425 4024/637/786
f 4237/645/430 646/646/633 4269/641/787
f 646/646/633 4176/642/427 4269/641/787
f 649/649/636 650/650/637 4237/645/430
f 650/650/637 646/646/633 4237/645/430
f 653/653/640 654/654/641 649/649/636
f 654/654/641 650/650/637 649/649/636
f 657/657/644 658/658/645 653/653/640
f 658/658/645 654/654/641 653/653/640
f 661/661/648 662/662/649 657/657/644
f 662/662/649 658/658/645 657/657/644
f 665/665/652 666/666/653 661/661/648
f 666/666/653 662/662/649 661/661/648
f 669/669/656 670/670/657 665/665/652
f 670/670/657 666/666/653 665/665/652
f 4119/589/788 599/599/586 669/669/656
f 599/599/586 670/670/657 669/669/656
f 4189/588/780 3991/598/781 4119/589/788
f 3991/598/781 599/599/586 4119/589/788
f 677/677/664 4222/684/781 672/672/659
f 4222/684/781 681/682/669 672/672/659
f 679/679/666 4182/686/789 677/677/664
f 4182/686/789 4222/684/781 677/677/664
f 689/689/675 690/690/676 679/679/666
f 690/690/676 4182/686/789 679/679/666
f 693/693/679 694/694/680 689/689/675
f 694/694/680 690/690/676 689/689/675
f 697/697/683 698/698/684 693/693/679
f 698/698/684 694/694/680 693/693/679
f 701/701/687 702/702/688 697/697/683
f 702/702/688 698/698/684 697/697/683
f 4183/705/418 706/706/692 701/701/687
f 706/706/692 702/702/688 701/701/687
f 711/711/697 714/713/699 4184/710/790
f 714/713/699 712/712/698 4184/710/790
f 717/717/703 4185/718/791 711/711/697
f 4185/718/791 714/713/699 711/711/697
f 4207/721/424 722/722/708 717/717/703
f 722/722/708 4185/718/791 717/717/703
f 4057/725/786 726/726/712 4207/721/424
f 726/726/712 722/722/708 4207/721/424
f 4220/729/787 730/730/714 4057/725/786
f 730/730/714 726/726/712 4057/725/786
f 733/733/716 4301/734/792 4220/729/787
f 4301/734/792 730/730/714 4220/729/787
f 737/737/720 4192/738/431 733/733/716
f 4192/738/431 4301/734/792 733/733/716
f 4187/741/793 742/742/725 737/737/720
f 742/742/725 4192/738/431 737/737/720
f 745/745/728 746/746/729 4187/741/793
f 746/746/729 742/742/725 4187/741/793
f 749/749/732 4059/750/437 745/745/728
f 4059/750/437 746/746/729 745/745/728
f 4327/753/794 754/754/737 749/749/732
f 754/754/737 4059/750/437 749/749/732
f 674/673/660 683/683/670 4327/753/794
f 683/683/670 754/754/737 4327/753/794
f 672/672/659 681/682/669 674/673/660
f 681/682/669 683/683/670 674/673/660
f 486/486/456 592/592/579 484/485/455
f 592/592/579 589/590/577 484/485/455
f 4151/529/451 596/596/583 4530/539/451
f 596/596/583 601/601/588 4530/539/451
f 490/490/460 594/594/581 486/486/456
f 594/594/581 592/592/579 486/486/456
f 4530/539/451 601/601/588 4159/542/451
f 601/601/588 603/603/590 4159/542/451
f 492/492/462 604/604/591 490/490/460
f 604/604/591 594/594/581 490/490/460
f 4159/542/451 603/603/590 4160/545/451
f 603/603/590 607/607/594 4160/545/451
f 494/494/464 4200/608/795 492/492/462
f 4200/608/795 604/604/591 492/492/462
f 4160/545/451 607/607/594 548/548/524
f 607/607/594 611/611/598 548/548/524
f 496/496/466 612/612/599 494/494/464
f 612/612/599 4200/608/795 494/494/464
f 548/548/524 611/611/598 551/551/528
f 611/611/598 615/615/602 551/551/528
f 498/498/468 616/616/603 496/496/466
f 616/616/603 612/612/599 496/496/466
f 551/551/528 615/615/602 4145/554/451
f 615/615/602 619/619/606 4145/554/451
f 4148/502/795 622/621/608 500/501/796
f 622/621/608 620/620/607 500/501/796
f 4146/559/451 625/626/797 4163/560/451
f 625/626/797 4099/627/451 4163/560/451
f 3945/504/795 628/628/615 4148/502/795
f 628/628/615 622/621/608 4148/502/795
f 4163/560/451 4099/627/451 4164/563/451
f 4099/627/451 631/631/618 4164/563/451
f 4149/506/795 632/632/619 3945/504/795
f 632/632/619 628/628/615 3945/504/795
f 4164/563/451 631/631/618 4165/566/451
f 631/631/618 635/635/622 4165/566/451
f 508/508/478 636/636/623 4149/506/795
f 636/636/623 632/632/619 4149/506/795
f 4165/566/451 635/635/622 4228/569/451
f 635/635/622 639/639/626 4228/569/451
f 510/510/480 640/640/627 508/508/478
f 640/640/627 636/636/623 508/508/478
f 4228/569/451 639/639/626 4529/572/451
f 639/639/626 643/643/630 4529/572/451
f 512/512/482 644/644/631 510/510/480
f 644/644/631 640/640/627 510/510/480
f 4529/572/451 643/643/630 4091/575/451
f 643/643/630 647/647/634 4091/575/451
f 514/514/484 648/648/635 512/512/482
f 648/648/635 644/644/631 512/512/482
f 4091/575/451 647/647/634 4132/578/451
f 647/647/634 651/651/638 4132/578/451
f 516/516/486 652/652/639 514/514/484
f 652/652/639 648/648/635 514/514/484
f 4132/578/451 651/651/638 4170/581/451
f 651/651/638 655/655/642 4170/581/451
f 4103/518/795 656/656/643 516/516/486
f 656/656/643 652/652/639 516/516/486
f 4170/581/451 655/655/642 4513/584/451
f 655/655/642 659/659/646 4513/584/451
f 520/520/490 660/660/647 4103/518/795
f 660/660/647 656/656/643 4103/518/795
f 4513/584/451 659/659/646 587/587/573
f 659/659/646 663/663/650 587/587/573
f 522/522/492 664/664/651 520/520/490
f 664/664/651 660/660/647 520/520/490
f 587/587/573 663/663/650 532/532/502
f 663/663/650 4179/667/451 532/532/502
f 524/524/494 4181/668/795 522/522/492
f 4181/668/795 664/664/651 522/522/492
f 532/532/502 4179/667/451 528/528/498
f 4179/667/451 671/671/658 528/528/498
f 487/487/457 591/591/578 524/524/494
f 591/591/578 4181/668/795 524/524/494
f 528/528/498 671/671/658 526/527/497
f 671/671/658 598/597/584 526/527/497
f 484/485/455 589/590/577 487/487/457
f 589/590/577 591/591/578 487/487/457
f 526/527/497 598/597/584 4151/529/451
f 598/597/584 596/596/583 4151/529/451
f 4153/534/795 676/676/663 4152/533/795
f 676/676/663 4242/674/795 4152/533/795
f 4157/538/795 678/678/665 4153/534/795
f 678/678/665 676/676/663 4153/534/795
f 3974/541/795 688/688/674 4157/538/795
f 688/688/674 678/678/665 4157/538/795
f 4072/544/795 692/692/678 3974/541/795
f 692/692/678 688/688/674 3974/541/795
f 4230/547/795 696/696/682 4072/544/795
f 696/696/682 692/692/678 4072/544/795
f 4296/550/798 700/700/686 4230/547/795
f 700/700/686 696/696/682 4230/547/795
f 553/553/796 704/704/690 4296/550/798
f 704/704/690 700/700/686 4296/550/798
f 558/558/537 710/709/695 556/557/536
f 710/709/695 708/708/694 556/557/536
f 562/562/543 716/716/702 558/558/537
f 716/716/702 710/709/695 558/558/537
f 565/565/547 720/720/706 562/562/543
f 720/720/706 716/716/702 562/562/543
f 4054/568/795 724/724/710 565/565/547
f 724/724/710 720/720/706 565/565/547
f 4166/571/795 728/728/627 4054/568/795
f 728/728/627 724/724/710 4054/568/795
f 4336/574/795 732/732/631 4166/571/795
f 732/732/631 728/728/627 4166/571/795
f 4420/577/795 736/736/719 4336/574/795
f 736/736/719 732/732/631 4336/574/795
f 4020/580/795 740/740/723 4420/577/795
f 740/740/723 736/736/719 4420/577/795
f 4171/583/795 744/744/727 4020/580/795
f 744/744/727 740/740/723 4020/580/795
f 4172/586/795 748/748/731 4171/583/795
f 748/748/731 744/744/727 4171/583/795
f 4155/536/795 752/752/735 4172/586/795
f 752/752/735 748/748/731 4172/586/795
f 4096/535/795 675/675/662 4155/536/795
f 675/675/662 752/752/735 4155/536/795
f 4152/533/795 4242/674/795 4096/535/795
f 4242/674/795 675/675/662 4096/535/795
f 798/798/799 800/799/800 799/800/801
f 800/799/800 801/801/802 799/800/801
f 799/800/801 802/802/803 798/798/799
f 802/802/803 803/803/804 798/798/799
f 802/802/803 804/804/805 803/803/804
f 804/804/805 805/805/806 803/803/804
f 800/799/800 806/806/807 801/801/802
f 806/806/807 807/807/808 801/801/802
f 806/806/807 808/808/809 807/807/808
f 808/808/809 809/809/810 807/807/808
f 808/808/809 810/810/811 809/809/810
f 810/810/811 811/811/812 809/809/810
f 810/810/811 812/812/813 811/811/812
f 812/812/813 813/813/814 811/811/812
f 814/814/815 816/815/816 815/816/817
f 816/815/816 817/817/818 815/816/817
f 816/815/816 818/818/819 817/817/818
f 818/818/819 819/819/820 817/817/818
f 818/818/819 820/820/821 819/819/820
f 820/820/821 821/821/822 819/819/820
f 820/820/821 822/822/823 821/821/822
f 822/822/823 823/823/824 821/821/822
f 822/822/823 824/824/825 823/823/824
f 824/824/825 825/825/826 823/823/824
f 824/824/825 826/826/827 825/825/826
f 826/826/827 827/827/828 825/825/826
f 826/826/827 828/828/829 827/827/828
f 828/828/829 829/829/830 827/827/828
f 828/828/829 830/830/831 829/829/830
f 830/830/831 831/831/832 829/829/830
f 830/830/831 832/832/833 831/831/832
f 832/832/833 833/833/834 831/831/832
f 832/832/833 834/834/835 833/833/834
f 834/834/835 835/835/836 833/833/834
f 834/834/835 836/836/837 835/835/836
f 836/836/837 837/837/838 835/835/836
f 836/836/837 838/838/839 837/837/838
f 838/838/839 839/839/840 837/837/838
f 838/838/839 805/805/806 839/839/840
f 805/805/806 804/804/805 839/839/840
f 840/840/841 842/841/842 841/842/843
f 842/841/842 843/843/844 841/842/843
f 841/842/843 844/844/845 840/840/841
f 844/844/845 845/845/846 840/840/841
f 842/841/842 846/846/847 843/843/844
f 846/846/847 847/847/848 843/843/844
f 846/846/847 848/848/849 847/847/848
f 848/848/849 849/849/850 847/847/848
f 848/848/849 850/850/851 849/849/850
f 850/850/851 851/851/852 849/849/850
f 850/850/851 852/852/853 851/851/852
f 852/852/853 853/853/854 851/851/852
f 852/852/853 854/854/855 853/853/854
f 854/854/855 855/855/856 853/853/854
f 856/856/857 858/857/858 857/858/856
f 858/857/858 859/859/859 857/858/856
f 858/857/858 860/860/860 859/859/859
f 860/860/860 861/861/861 859/859/859
f 860/860/860 862/862/862 861/861/861
f 862/862/862 863/863/863 861/861/861
f 862/862/862 864/864/864 863/863/863
f 864/864/864 865/865/865 863/863/863
f 864/864/864 866/866/866 865/865/865
f 866/866/866 867/867/867 865/865/865
f 866/866/866 868/868/868 867/867/867
f 868/868/868 869/869/869 867/867/867
f 868/868/868 870/870/870 869/869/869
f 870/870/870 871/871/871 869/869/869
f 870/870/870 872/872/872 871/871/871
f 872/872/872 873/873/873 871/871/871
f 872/872/872 874/874/874 873/873/873
f 874/874/874 875/875/875 873/873/873
f 874/874/874 876/876/876 875/875/875
f 876/876/876 877/877/877 875/875/875
f 876/876/876 878/878/878 877/877/877
f 878/878/878 879/879/879 877/877/877
f 878/878/878 880/880/880 879/879/879
f 880/880/880 881/881/881 879/879/879
f 880/880/880 845/845/846 881/881/881
f 845/845/846 844/844/845 881/881/881
f 882/882/882 884/883/883 883/884/884
f 884/883/883 885/885/885 883/884/884
f 883/884/884 886/886/886 882/882/882
f 886/886/886 887/887/887 882/882/882
f 884/883/883 888/888/888 885/885/885
f 888/888/888 889/889/889 885/885/885
f 888/888/888 890/890/890 889/889/889
f 890/890/890 891/891/891 889/889/889
f 890/890/890 892/892/892 891/891/891
f 892/892/892 893/893/893 891/891/891
f 892/892/892 894/894/894 893/893/893
f 894/894/894 895/895/895 893/893/893
f 894/894/894 896/896/896 895/895/895
f 896/896/896 897/897/897 895/895/895
f 898/898/898 900/899/899 899/900/900
f 900/899/899 901/901/901 899/900/900
f 900/899/899 902/902/902 901/901/901
f 902/902/902 903/903/903 901/901/901
f 902/902/902 904/904/904 903/903/903
f 904/904/904 905/905/905 903/903/903
f 904/904/904 906/906/906 905/905/905
f 906/906/906 907/907/907 905/905/905
f 906/906/906 908/908/908 907/907/907
f 908/908/908 909/909/909 907/907/907
f 908/908/908 910/910/910 909/909/909
f 910/910/910 911/911/911 909/909/909
f 910/910/910 912/912/912 911/911/911
f 912/912/912 913/913/913 911/911/911
f 912/912/912 914/914/914 913/913/913
f 914/914/914 915/915/915 913/913/913
f 914/914/914 916/916/916 915/915/915
f 916/916/916 917/917/917 915/915/915
f 916/916/916 918/918/918 917/917/917
f 918/918/918 919/919/919 917/917/917
f 918/918/918 920/920/920 919/919/919
f 920/920/920 921/921/921 919/919/919
f 920/920/920 922/922/922 921/921/921
f 922/922/922 923/923/923 921/921/921
f 922/922/922 887/887/887 923/923/923
f 887/887/887 886/886/886 923/923/923
f 803/803/804 685/685/671 798/798/799
f 685/685/671 687/687/673 798/798/799
f 798/798/799 687/687/673 800/799/800
f 687/687/673 691/691/677 800/799/800
f 800/799/800 691/691/677 806/806/807
f 691/691/677 695/695/681 806/806/807
f 806/806/807 695/695/681 808/808/809
f 695/695/681 699/699/685 808/808/809
f 808/808/809 699/699/685 810/810/811
f 699/699/685 703/703/689 810/810/811
f 810/810/811 703/703/689 812/812/813
f 703/703/689 707/707/693 812/812/813
f 814/814/815 713/714/700 816/815/816
f 713/714/700 715/715/701 816/815/816
f 816/815/816 715/715/701 818/818/819
f 715/715/701 719/719/705 818/818/819
f 818/818/819 719/719/705 820/820/821
f 719/719/705 723/723/709 820/820/821
f 820/820/821 723/723/709 822/822/823
f 723/723/709 727/727/713 822/822/823
f 822/822/823 727/727/713 824/824/825
f 727/727/713 731/731/715 824/824/825
f 824/824/825 731/731/715 826/826/827
f 731/731/715 735/735/718 826/826/827
f 826/826/827 735/735/718 828/828/829
f 735/735/718 739/739/722 828/828/829
f 828/828/829 739/739/722 830/830/831
f 739/739/722 743/743/726 830/830/831
f 830/830/831 743/743/726 832/832/833
f 743/743/726 747/747/730 832/832/833
f 832/832/833 747/747/730 834/834/835
f 747/747/730 751/751/734 834/834/835
f 834/834/835 751/751/734 836/836/837
f 751/751/734 755/755/738 836/836/837
f 836/836/837 755/755/738 838/838/839
f 755/755/738 682/681/668 838/838/839
f 838/838/839 682/681/668 805/805/806
f 682/681/668 680/680/667 805/805/806
f 805/805/806 680/680/667 803/803/804
f 680/680/667 685/685/671 803/803/804
f 799/800/801 842/841/842 802/802/803
f 842/841/842 840/840/841 802/802/803
f 801/801/802 846/846/847 799/800/801
f 846/846/847 842/841/842 799/800/801
f 807/807/808 848/848/849 801/801/802
f 848/848/849 846/846/847 801/801/802
f 809/809/810 850/850/851 807/807/808
f 850/850/851 848/848/849 807/807/808
f 811/811/812 852/852/853 809/809/810
f 852/852/853 850/850/851 809/809/810
f 813/813/814 854/854/855 811/811/812
f 854/854/855 852/852/853 811/811/812
f 817/817/818 858/857/858 815/816/817
f 858/857/858 856/856/857 815/816/817
f 819/819/820 860/860/860 817/817/818
f 860/860/860 858/857/858 817/817/818
f 821/821/822 862/862/862 819/819/820
f 862/862/862 860/860/860 819/819/820
f 823/823/824 864/864/864 821/821/822
f 864/864/864 862/862/862 821/821/822
f 825/825/826 866/866/866 823/823/824
f 866/866/866 864/864/864 823/823/824
f 827/827/828 868/868/868 825/825/826
f 868/868/868 866/866/866 825/825/826
f 829/829/830 870/870/870 827/827/828
f 870/870/870 868/868/868 827/827/828
f 831/831/832 872/872/872 829/829/830
f 872/872/872 870/870/870 829/829/830
f 833/833/834 874/874/874 831/831/832
f 874/874/874 872/872/872 831/831/832
f 835/835/836 876/876/876 833/833/834
f 876/876/876 874/874/874 833/833/834
f 837/837/838 878/878/878 835/835/836
f 878/878/878 876/876/876 835/835/836
f 839/839/840 880/880/880 837/837/838
f 880/880/880 878/878/878 837/837/838
f 804/804/805 845/845/846 839/839/840
f 845/845/846 880/880/880 839/839/840
f 802/802/803 840/840/841 804/804/805
f 840/840/841 845/845/846 804/804/805
f 843/843/844 884/883/883 841/842/843
f 884/883/883 882/882/882 841/842/843
f 847/847/848 888/888/888 843/843/844
f 888/888/888 884/883/883 843/843/844
f 849/849/850 890/890/890 847/847/848
f 890/890/890 888/888/888 847/847/848
f 851/851/852 892/892/892 849/849/850
f 892/892/892 890/890/890 849/849/850
f 853/853/854 894/894/894 851/851/852
f 894/894/894 892/892/892 851/851/852
f 855/855/856 896/896/896 853/853/854
f 896/896/896 894/894/894 853/853/854
f 859/859/859 900/899/899 857/858/856
f 900/899/899 898/898/898 857/858/856
f 861/861/861 902/902/902 859/859/859
f 902/902/902 900/899/899 859/859/859
f 863/863/863 904/904/904 861/861/861
f 904/904/904 902/902/902 861/861/861
f 865/865/865 906/906/906 863/863/863
f 906/906/906 904/904/904 863/863/863
f 867/867/867 908/908/908 865/865/865
f 908/908/908 906/906/906 865/865/865
f 869/869/869 910/910/910 867/867/867
f 910/910/910 908/908/908 867/867/867
f 871/871/871 912/912/912 869/869/869
f 912/912/912 910/910/910 869/869/869
f 873/873/873 914/914/914 871/871/871
f 914/914/914 912/912/912 871/871/871
f 875/875/875 916/916/916 873/873/873
f 916/916/916 914/914/914 873/873/873
f 877/877/877 918/918/918 875/875/875
f 918/918/918 916/916/916 875/875/875
f 879/879/879 920/920/920 877/877/877
f 920/920/920 918/918/918 877/877/877
f 881/881/881 922/922/922 879/879/879
f 922/922/922 920/920/920 879/879/879
f 844/844/845 887/887/887 881/881/881
f 887/887/887 922/922/922 881/881/881
f 841/842/843 882/882/882 844/844/845
f 882/882/882 887/887/887 844/844/845
f 885/885/885 924/924/447 883/884/884
f 924/924/447 925/925/445 883/884/884
f 889/889/889 926/926/924 885/885/885
f 926/926/924 924/924/447 885/885/885
f 891/891/891 927/927/925 889/889/889
f 927/927/925 926/926/924 889/889/889
f 893/893/893 928/928/412 891/891/891
f 928/928/412 927/927/925 891/891/891
f 895/895/895 929/929/926 893/893/893
f 929/929/926 928/928/412 893/893/893
f 897/897/897 930/930/784 895/895/895
f 930/930/784 929/929/926 895/895/895
f 901/901/901 931/931/927 899/900/900
f 931/931/927 932/932/928 899/900/900
f 903/903/903 933/933/421 901/901/901
f 933/933/421 931/931/927 901/901/901
f 905/905/905 934/934/929 903/903/903
f 934/934/929 933/933/421 903/903/903
f 907/907/907 935/935/425 905/905/905
f 935/935/425 934/934/929 905/905/905
f 909/909/909 936/936/427 907/907/907
f 936/936/427 935/935/425 907/907/907
f 911/911/911 937/937/429 909/909/909
f 937/937/429 936/936/427 909/909/909
f 913/913/913 938/938/431 911/911/911
f 938/938/431 937/937/429 911/911/911
f 915/915/915 939/939/433 913/913/913
f 939/939/433 938/938/431 913/913/913
f 917/917/917 940/940/930 915/915/915
f 940/940/930 939/939/433 915/915/915
f 919/919/919 941/941/931 917/917/917
f 941/941/931 940/940/930 917/917/917
f 921/921/921 942/942/439 919/919/919
f 942/942/439 941/941/931 919/919/919
f 923/923/923 943/943/441 921/921/921
f 943/943/441 942/942/439 921/921/921
f 886/886/886 944/944/932 923/923/923
f 944/944/932 943/943/441 923/923/923
f 883/884/884 925/925/445 886/886/886
f 925/925/445 944/944/932 886/886/886
f 945/945/933 947/946/934 946/947/935
f 947/946/934 948/948/936 946/947/935
f 949/949/937 950/950/938 945/945/933
f 950/950/938 947/946/934 945/945/933
f 951/951/939 952/952/940 949/949/937
f 952/952/940 950/950/938 949/949/937
f 953/953/941 954/954/942 951/951/939
f 954/954/942 952/952/940 951/951/939
f 955/955/943 956/956/944 953/953/941
f 956/956/944 954/954/942 953/953/941
f 957/957/945 959/958/946 958/959/947
f 959/958/946 960/960/948 958/959/947
f 961/961/949 959/958/946 962/962/950
f 959/958/946 957/957/945 962/962/950
f 963/963/951 961/961/949 964/964/952
f 961/961/949 962/962/950 964/964/952
f 965/965/953 963/963/951 966/966/954
f 963/963/951 964/964/952 966/966/954
f 967/967/955 965/965/953 968/968/956
f 965/965/953 966/966/954 968/968/956
f 969/969/957 967/967/955 970/970/958
f 967/967/955 968/968/956 970/970/958
f 971/971/959 969/969/957 972/972/960
f 969/969/957 970/970/958 972/972/960
f 973/973/961 971/971/959 974/974/962
f 971/971/959 972/972/960 974/974/962
f 975/975/963 973/973/961 976/976/964
f 973/973/961 974/974/962 976/976/964
f 977/977/965 975/975/963 978/978/966
f 975/975/963 976/976/964 978/978/966
f 979/979/967 977/977/965 980/980/968
f 977/977/965 978/978/966 980/980/968
f 981/981/969 979/979/967 982/982/970
f 979/979/967 980/980/968 982/982/970
f 983/983/971 981/981/969 984/984/972
f 981/981/969 982/982/970 984/984/972
f 985/985/973 983/983/971 986/986/974
f 983/983/971 984/984/972 986/986/974
f 987/987/975 985/985/973 988/988/976
f 985/985/973 986/986/974 988/988/976
f 989/989/977 987/987/975 990/990/978
f 987/987/975 988/988/976 990/990/978
f 991/991/979 989/989/977 992/992/980
f 989/989/977 990/990/978 992/992/980
f 993/993/981 991/991/979 994/994/982
f 991/991/979 992/992/980 994/994/982
f 995/995/983 993/993/981 996/996/984
f 993/993/981 994/994/982 996/996/984
f 997/997/985 995/995/983 998/998/986
f 995/995/983 996/996/984 998/998/986
f 999/999/987 997/997/985 1000/1000/988
f 997/997/985 998/998/986 1000/1000/988
f 1001/1001/989 999/999/987 1002/1002/990
f 999/999/987 1000/1000/988 1002/1002/990
f 1003/1003/991 1004/1004/992 1002/1002/990
f 1004/1004/992 1001/1001/989 1002/1002/990
f 1005/1005/993 1006/1006/994 1003/1003/991
f 1006/1006/994 1004/1004/992 1003/1003/991
f 1007/1007/995 1008/1008/996 1005/1005/993
f 1008/1008/996 1006/1006/994 1005/1005/993
f 1009/1009/997 1010/1010/998 1007/1007/995
f 1010/1010/998 1008/1008/996 1007/1007/995
f 1011/1011/999 1012/1012/1000 1009/1009/997
f 1012/1012/1000 1010/1010/998 1009/1009/997
f 1013/1013/1001 1014/1014/1002 1011/1011/999
f 1014/1014/1002 1012/1012/1000 1011/1011/999
f 1015/1015/1003 1016/1016/1004 1013/1013/1001
f 1016/1016/1004 1014/1014/1002 1013/1013/1001
f 1017/1017/1005 1018/1018/1006 1015/1015/1003
f 1018/1018/1006 1016/1016/1004 1015/1015/1003
f 1019/1019/1007 1020/1020/1008 1017/1017/1005
f 1020/1020/1008 1018/1018/1006 1017/1017/1005
f 1021/1021/1009 1022/1022/1010 1019/1019/1007
f 1022/1022/1010 1020/1020/1008 1019/1019/1007
f 1023/1023/1011 1024/1024/1012 1021/1021/1009
f 1024/1024/1012 1022/1022/1010 1021/1021/1009
f 1025/1025/1013 1026/1026/1014 1023/1023/1011
f 1026/1026/1014 1024/1024/1012 1023/1023/1011
f 946/947/935 948/948/936 1025/1025/1013
f 948/948/936 1026/1026/1014 1025/1025/1013
f 1027/1027/1015 1029/1028/1016 1028/1029/1017
f 1029/1028/1016 1030/1030/1018 1028/1029/1017
f 1028/1029/1017 1031/1031/1019 1027/1027/1015
f 1031/1031/1019 1032/1032/1020 1027/1027/1015
f 1031/1031/1019 1033/1033/1021 1032/1032/1020
f 1033/1033/1021 1034/1034/1022 1032/1032/1020
f 1035/1035/1023 1037/1036/1024 1036/1037/1025
f 1037/1036/1024 1038/1038/1026 1036/1037/1025
f 1036/1037/1025 1039/1039/1027 1035/1035/1023
f 1039/1039/1027 1040/1040/1028 1035/1035/1023
f 1039/1039/1027 1041/1041/1029 1040/1040/1028
f 1041/1041/1029 1042/1042/1030 1040/1040/1028
f 1033/1033/1021 1043/1043/1031 1034/1034/1022
f 1043/1043/1031 1044/1044/1032 1034/1034/1022
f 1041/1041/1029 1045/1045/1033 1042/1042/1030
f 1045/1045/1033 1046/1046/1034 1042/1042/1030
f 1043/1043/1031 1047/1047/1035 1044/1044/1032
f 1047/1047/1035 1048/1048/1036 1044/1044/1032
f 1045/1045/1033 1049/1049/1037 1046/1046/1034
f 1049/1049/1037 1050/1050/1038 1046/1046/1034
f 1047/1047/1035 1051/1051/1039 1048/1048/1036
f 1051/1051/1039 1052/1052/1040 1048/1048/1036
f 1049/1049/1037 1053/1053/1041 1050/1050/1038
f 1053/1053/1041 1054/1054/1042 1050/1050/1038
f 1055/1055/1043 1057/1056/1044 1056/1057/1045
f 1057/1056/1044 1058/1058/1046 1056/1057/1045
f 1059/1059/1047 1061/1060/1048 1060/1061/1042
f 1061/1060/1048 1062/1062/1049 1060/1061/1042
f 1057/1056/1044 1063/1063/1050 1058/1058/1046
f 1063/1063/1050 1064/1064/1051 1058/1058/1046
f 1061/1060/1048 1065/1065/1052 1062/1062/1049
f 1065/1065/1052 1066/1066/1053 1062/1062/1049
f 1063/1063/1050 1067/1067/1054 1064/1064/1051
f 1067/1067/1054 1068/1068/1055 1064/1064/1051
f 1065/1065/1052 1069/1069/1056 1066/1066/1053
f 1069/1069/1056 1070/1070/1057 1066/1066/1053
f 1067/1067/1054 1071/1071/1058 1068/1068/1055
f 1071/1071/1058 1072/1072/1059 1068/1068/1055
f 1069/1069/1056 1073/1073/1060 1070/1070/1057
f 1073/1073/1060 1074/1074/1061 1070/1070/1057
f 1072/1072/1059 1071/1071/1058 1075/1075/1062
f 1071/1071/1058 1076/1076/1063 1075/1075/1062
f 1074/1074/1061 1073/1073/1060 1077/1077/1064
f 1073/1073/1060 1078/1078/1065 1077/1077/1064
f 1075/1075/1062 1076/1076/1063 1079/1079/1066
f 1076/1076/1063 1080/1080/1067 1079/1079/1066
f 1077/1077/1064 1078/1078/1065 1081/1081/1068
f 1078/1078/1065 1082/1082/1069 1081/1081/1068
f 1079/1079/1066 1080/1080/1067 1083/1083/1070
f 1080/1080/1067 1084/1084/1071 1083/1083/1070
f 1081/1081/1068 1082/1082/1069 1085/1085/1072
f 1082/1082/1069 1086/1086/1073 1085/1085/1072
f 1083/1083/1070 1084/1084/1071 1087/1087/1074
f 1084/1084/1071 1088/1088/1075 1087/1087/1074
f 1085/1085/1072 1086/1086/1073 1089/1089/1076
f 1086/1086/1073 1090/1090/1077 1089/1089/1076
f 1087/1087/1074 1088/1088/1075 1091/1091/1078
f 1088/1088/1075 1092/1092/1079 1091/1091/1078
f 1089/1089/1076 1090/1090/1077 1093/1093/1080
f 1090/1090/1077 1094/1094/1081 1093/1093/1080
f 1091/1091/1078 1092/1092/1079 1095/1095/1082
f 1092/1092/1079 1096/1096/1083 1095/1095/1082
f 1093/1093/1080 1094/1094/1081 1097/1097/1084
f 1094/1094/1081 1098/1098/1085 1097/1097/1084
f 1095/1095/1082 1096/1096/1083 1099/1099/1086
f 1096/1096/1083 1100/1100/1087 1099/1099/1086
f 1097/1097/1084 1098/1098/1085 1101/1101/1088
f 1098/1098/1085 1102/1102/1089 1101/1101/1088
f 1099/1099/1086 1100/1100/1087 1103/1103/1090
f 1100/1100/1087 1104/1104/1091 1103/1103/1090
f 1101/1101/1088 1102/1102/1089 1105/1105/1092
f 1102/1102/1089 1106/1106/1093 1105/1105/1092
f 1103/1103/1090 1104/1104/1091 1107/1107/1094
f 1104/1104/1091 1108/1108/1095 1107/1107/1094
f 1105/1105/1092 1106/1106/1093 1109/1109/1096
f 1106/1106/1093 1110/1110/1097 1109/1109/1096
f 1107/1107/1094 1108/1108/1095 1111/1111/1098
f 1108/1108/1095 1112/1112/1099 1111/1111/1098
f 1109/1109/1096 1110/1110/1097 1113/1113/1100
f 1110/1110/1097 1114/1114/1101 1113/1113/1100
f 1111/1111/1098 1112/1112/1099 1115/1115/1102
f 1112/1112/1099 1116/1116/1103 1115/1115/1102
f 1113/1113/1100 1114/1114/1101 1117/1117/1104
f 1114/1114/1101 1118/1118/1105 1117/1117/1104
f 1115/1115/1102 1116/1116/1103 1119/1119/1106
f 1116/1116/1103 1120/1120/1107 1119/1119/1106
f 1117/1117/1104 1118/1118/1105 1121/1121/1108
f 1118/1118/1105 1122/1122/1109 1121/1121/1108
f 1119/1119/1106 1120/1120/1107 1123/1123/1110
f 1120/1120/1107 1124/1124/1111 1123/1123/1110
f 1121/1121/1108 1122/1122/1109 1125/1125/1112
f 1122/1122/1109 1126/1126/1113 1125/1125/1112
f 1123/1123/1110 1124/1124/1111 1127/1127/1114
f 1124/1124/1111 1128/1128/1115 1127/1127/1114
f 1125/1125/1112 1126/1126/1113 1129/1129/1116
f 1126/1126/1113 1130/1130/1117 1129/1129/1116
f 1127/1127/1114 1128/1128/1115 1131/1131/1118
f 1128/1128/1115 1132/1132/1119 1131/1131/1118
f 1129/1129/1116 1130/1130/1117 1133/1133/1120
f 1130/1130/1117 1134/1134/1121 1133/1133/1120
f 1132/1132/1119 1135/1135/1122 1131/1131/1118
f 1135/1135/1122 1136/1136/1123 1131/1131/1118
f 1134/1134/1121 1137/1137/1124 1133/1133/1120
f 1137/1137/1124 1138/1138/1125 1133/1133/1120
f 1135/1135/1122 1139/1139/1126 1136/1136/1123
f 1139/1139/1126 1140/1140/1127 1136/1136/1123
f 1137/1137/1124 1141/1141/1128 1138/1138/1125
f 1141/1141/1128 1142/1142/1129 1138/1138/1125
f 1139/1139/1126 1143/1143/1130 1140/1140/1127
f 1143/1143/1130 1144/1144/1131 1140/1140/1127
f 1141/1141/1128 1145/1145/1132 1142/1142/1129
f 1145/1145/1132 1146/1146/1133 1142/1142/1129
f 1143/1143/1130 1147/1147/1134 1144/1144/1131
f 1147/1147/1134 1148/1148/1135 1144/1144/1131
f 1145/1145/1132 1149/1149/1136 1146/1146/1133
f 1149/1149/1136 1150/1150/1137 1146/1146/1133
f 1147/1147/1134 1151/1151/1138 1148/1148/1135
f 1151/1151/1138 1152/1152/1139 1148/1148/1135
f 1149/1149/1136 1153/1153/1140 1150/1150/1137
f 1153/1153/1140 1154/1154/1141 1150/1150/1137
f 1151/1151/1138 1155/1155/1142 1152/1152/1139
f 1155/1155/1142 1156/1156/1143 1152/1152/1139
f 1153/1153/1140 1157/1157/1144 1154/1154/1141
f 1157/1157/1144 1158/1158/1145 1154/1154/1141
f 1155/1155/1142 1159/1159/1146 1156/1156/1143
f 1159/1159/1146 1160/1160/1147 1156/1156/1143
f 1157/1157/1144 1161/1161/1148 1158/1158/1145
f 1161/1161/1148 1162/1162/1149 1158/1158/1145
f 1159/1159/1146 1163/1163/1150 1160/1160/1147
f 1163/1163/1150 1164/1164/1151 1160/1160/1147
f 1161/1161/1148 1165/1165/1152 1162/1162/1149
f 1165/1165/1152 1166/1166/1153 1162/1162/1149
f 1163/1163/1150 1167/1167/1154 1164/1164/1151
f 1167/1167/1154 1168/1168/1155 1164/1164/1151
f 1165/1165/1152 1169/1169/1156 1166/1166/1153
f 1169/1169/1156 1170/1170/1157 1166/1166/1153
f 1167/1167/1154 1171/1171/1158 1168/1168/1155
f 1171/1171/1158 1172/1172/1159 1168/1168/1155
f 1169/1169/1156 1173/1173/1160 1170/1170/1157
f 1173/1173/1160 1174/1174/1161 1170/1170/1157
f 1171/1171/1158 1175/1175/1162 1172/1172/1159
f 1175/1175/1162 1176/1176/1163 1172/1172/1159
f 1173/1173/1160 1177/1177/1164 1174/1174/1161
f 1177/1177/1164 1178/1178/1165 1174/1174/1161
f 1175/1175/1162 1179/1179/1166 1176/1176/1163
f 1179/1179/1166 1180/1180/1167 1176/1176/1163
f 1177/1177/1164 1181/1181/1168 1178/1178/1165
f 1181/1181/1168 1182/1182/1169 1178/1178/1165
f 1179/1179/1166 1183/1183/1170 1180/1180/1167
f 1183/1183/1170 1184/1184/1171 1180/1180/1167
f 1181/1181/1168 1185/1185/1172 1182/1182/1169
f 1185/1185/1172 1186/1186/1173 1182/1182/1169
f 1183/1183/1170 1187/1187/1174 1184/1184/1171
f 1187/1187/1174 1188/1188/1175 1184/1184/1171
f 1185/1185/1172 1189/1189/1176 1186/1186/1173
f 1189/1189/1176 1190/1190/1177 1186/1186/1173
f 1187/1187/1174 1030/1030/1018 1188/1188/1175
f 1030/1030/1018 1029/1028/1016 1188/1188/1175
f 1189/1189/1176 1038/1038/1026 1190/1190/1177
f 1038/1038/1026 1037/1036/1024 1190/1190/1177
f 1191/1191/1178 1192/1192/1179 4386/1037/1180
f 1192/1192/1179 4369/1039/1181 4386/1037/1180
f 1192/1192/1179 1193/1193/1182 4369/1039/1181
f 1193/1193/1182 4389/1041/1183 4369/1039/1181
f 1193/1193/1182 1194/1194/1184 4389/1041/1183
f 1194/1194/1184 3953/1045/1185 4389/1041/1183
f 1194/1194/1184 1195/1195/1186 3953/1045/1185
f 1195/1195/1186 4009/1049/983 3953/1045/1185
f 1195/1195/1186 1196/1196/1187 4009/1049/983
f 1196/1196/1187 4282/1053/1188 4009/1049/983
f 1197/1197/1189 1198/1198/1190 4283/1059/985
f 1198/1198/1190 4393/1060/1191 4283/1059/985
f 1199/1199/1192 3979/1065/1193 1198/1198/1190
f 3979/1065/1193 4393/1060/1191 1198/1198/1190
f 1200/1200/1194 4013/1069/992 1199/1199/1192
f 4013/1069/992 3979/1065/1193 1199/1199/1192
f 1201/1201/1195 4398/1073/1196 1200/1200/1194
f 4398/1073/1196 4013/1069/992 1200/1200/1194
f 1202/1202/1197 4399/1078/1198 1201/1201/1195
f 4399/1078/1198 4398/1073/1196 1201/1201/1195
f 1203/1203/1199 4317/1082/1200 1202/1202/1197
f 4317/1082/1200 4399/1078/1198 1202/1202/1197
f 1204/1204/1201 4246/1086/1202 1203/1203/1199
f 4246/1086/1202 4317/1082/1200 1203/1203/1199
f 1205/1205/1203 4528/1090/1204 1204/1204/1201
f 4528/1090/1204 4246/1086/1202 1204/1204/1201
f 1206/1206/1205 4117/1094/1206 1205/1205/1203
f 4117/1094/1206 4528/1090/1204 1205/1205/1203
f 1207/1207/1207 4314/1098/1208 1206/1206/1205
f 4314/1098/1208 4117/1094/1206 1206/1206/1205
f 1208/1208/1209 4002/1102/1210 1207/1207/1207
f 4002/1102/1210 4314/1098/1208 1207/1207/1207
f 1209/1209/1211 4286/1106/1212 1208/1208/1209
f 4286/1106/1212 4002/1102/1210 1208/1208/1209
f 1210/1210/1213 1110/1110/1097 1209/1209/1211
f 1110/1110/1097 4286/1106/1212 1209/1209/1211
f 1211/1211/1214 1114/1114/1101 1210/1210/1213
f 1114/1114/1101 1110/1110/1097 1210/1210/1213
f 1212/1212/1215 1118/1118/1105 1211/1211/1214
f 1118/1118/1105 1114/1114/1101 1211/1211/1214
f 1213/1213/1216 1122/1122/1109 1212/1212/1215
f 1122/1122/1109 1118/1118/1105 1212/1212/1215
f 1214/1214/1217 1126/1126/1113 1213/1213/1216
f 1126/1126/1113 1122/1122/1109 1213/1213/1216
f 1215/1215/1218 1130/1130/1117 1214/1214/1217
f 1130/1130/1117 1126/1126/1113 1214/1214/1217
f 1216/1216/1219 1134/1134/1121 1215/1215/1218
f 1134/1134/1121 1130/1130/1117 1215/1215/1218
f 1217/1217/1220 1137/1137/1124 1216/1216/1219
f 1137/1137/1124 1134/1134/1121 1216/1216/1219
f 1218/1218/1221 1141/1141/1128 1217/1217/1220
f 1141/1141/1128 1137/1137/1124 1217/1217/1220
f 1219/1219/1222 1145/1145/1132 1218/1218/1221
f 1145/1145/1132 1141/1141/1128 1218/1218/1221
f 1219/1219/1222 1220/1220/1223 1145/1145/1132
f 1220/1220/1223 1149/1149/1136 1145/1145/1132
f 1220/1220/1223 1221/1221/1224 1149/1149/1136
f 1221/1221/1224 1153/1153/1140 1149/1149/1136
f 1221/1221/1224 1222/1222/1225 1153/1153/1140
f 1222/1222/1225 1157/1157/1144 1153/1153/1140
f 1222/1222/1225 1223/1223/1226 1157/1157/1144
f 1223/1223/1226 1161/1161/1148 1157/1157/1144
f 1223/1223/1226 1224/1224/1227 1161/1161/1148
f 1224/1224/1227 1165/1165/1152 1161/1161/1148
f 1224/1224/1227 1225/1225/1228 1165/1165/1152
f 1225/1225/1228 1169/1169/1156 1165/1165/1152
f 1225/1225/1228 1226/1226/1229 1169/1169/1156
f 1226/1226/1229 1173/1173/1160 1169/1169/1156
f 1226/1226/1229 1227/1227/1230 1173/1173/1160
f 1227/1227/1230 1177/1177/1164 1173/1173/1160
f 1227/1227/1230 1228/1228/1231 1177/1177/1164
f 1228/1228/1231 4430/1181/1232 1177/1177/1164
f 1228/1228/1231 1229/1229/1233 4430/1181/1232
f 1229/1229/1233 4431/1185/1234 4430/1181/1232
f 1229/1229/1233 1230/1230/1235 4431/1185/1234
f 1230/1230/1235 4249/1189/1236 4431/1185/1234
f 1230/1230/1235 1231/1231/1237 4249/1189/1236
f 1231/1231/1237 4206/1038/1238 4249/1189/1236
f 1231/1231/1237 1191/1191/1178 4206/1038/1238
f 1191/1191/1178 4386/1037/1180 4206/1038/1238
f 4522/946/1239 1031/1031/1019 4370/948/1240
f 1031/1031/1019 1028/1029/1017 4370/948/1240
f 1232/1232/1241 4278/1035/1242 1233/1233/1243
f 4278/1035/1242 4388/1040/1244 1233/1233/1243
f 4346/950/1245 1033/1033/1021 4522/946/1239
f 1033/1033/1021 1031/1031/1019 4522/946/1239
f 1233/1233/1243 4388/1040/1244 1234/1234/1246
f 4388/1040/1244 4056/1042/1247 1234/1234/1246
f 4371/952/1248 1043/1043/1031 4346/950/1245
f 1043/1043/1031 1033/1033/1021 4346/950/1245
f 1234/1234/1246 4056/1042/1247 1235/1235/1249
f 4056/1042/1247 4290/1046/1250 1235/1235/1249
f 4335/954/1251 1047/1047/1035 4371/952/1248
f 1047/1047/1035 1043/1043/1031 4371/952/1248
f 1235/1235/1249 4290/1046/1250 1236/1236/1252
f 4290/1046/1250 4390/1050/1253 1236/1236/1252
f 4092/956/1254 1051/1051/1039 4335/954/1251
f 1051/1051/1039 1047/1047/1035 4335/954/1251
f 1236/1236/1252 4390/1050/1253 1237/1237/1255
f 4390/1050/1253 4391/1054/1256 1237/1237/1255
f 4232/958/1257 1057/1056/1044 4093/960/1258
f 1057/1056/1044 1055/1055/1043 4093/960/1258
f 1238/1238/1259 4392/1061/1259 1239/1239/1260
f 4392/1061/1259 4007/1062/1261 1239/1239/1260
f 4372/961/1262 1063/1063/1050 4232/958/1257
f 1063/1063/1050 1057/1056/1044 4232/958/1257
f 1239/1239/1260 4007/1062/1261 1240/1240/1263
f 4007/1062/1261 4396/1066/1263 1240/1240/1263
f 4256/963/1264 1067/1067/1054 4372/961/1262
f 1067/1067/1054 1063/1063/1050 4372/961/1262
f 1240/1240/1263 4396/1066/1263 1241/1241/1265
f 4396/1066/1263 4397/1070/1266 1241/1241/1265
f 4328/965/1267 1071/1071/1058 4256/963/1264
f 1071/1071/1058 1067/1067/1054 4256/963/1264
f 1241/1241/1265 4397/1070/1266 1242/1242/1268
f 4397/1070/1266 4330/1074/1269 1242/1242/1268
f 4373/967/1270 1076/1076/1063 4328/965/1267
f 1076/1076/1063 1071/1071/1058 4328/965/1267
f 1242/1242/1268 4330/1074/1269 1243/1243/1271
f 4330/1074/1269 4313/1077/1272 1243/1243/1271
f 3964/969/1273 1080/1080/1067 4373/967/1270
f 1080/1080/1067 1076/1076/1063 4373/967/1270
f 1243/1243/1271 4313/1077/1272 1244/1244/1274
f 4313/1077/1272 4262/1081/1275 1244/1244/1274
f 4076/971/1276 1084/1084/1071 3964/969/1273
f 1084/1084/1071 1080/1080/1067 3964/969/1273
f 1244/1244/1274 4262/1081/1275 1245/1245/1277
f 4262/1081/1275 4400/1085/1278 1245/1245/1277
f 4374/973/1279 1088/1088/1075 4076/971/1276
f 1088/1088/1075 1084/1084/1071 4076/971/1276
f 1245/1245/1277 4400/1085/1278 1246/1246/1280
f 4400/1085/1278 4401/1089/1281 1246/1246/1280
f 4233/975/1282 4402/1092/1283 4374/973/1279
f 4402/1092/1283 1088/1088/1075 4374/973/1279
f 1246/1246/1280 4401/1089/1281 1247/1247/1284
f 4401/1089/1281 4257/1093/1285 1247/1247/1284
f 3962/977/1286 4403/1096/1287 4233/975/1282
f 4403/1096/1287 4402/1092/1283 4233/975/1282
f 1247/1247/1284 4257/1093/1285 1248/1248/1288
f 4257/1093/1285 3965/1097/1289 1248/1248/1288
f 4375/979/1290 4404/1100/1291 3962/977/1286
f 4404/1100/1291 4403/1096/1287 3962/977/1286
f 1248/1248/1288 3965/1097/1289 1249/1249/1292
f 3965/1097/1289 4125/1101/1293 1249/1249/1292
f 4377/981/1294 4406/1104/1295 4375/979/1290
f 4406/1104/1295 4404/1100/1291 4375/979/1290
f 1249/1249/1292 4125/1101/1293 1250/1250/1296
f 4125/1101/1293 4342/1105/1297 1250/1250/1296
f 4308/983/1298 4319/1108/1299 4377/981/1294
f 4319/1108/1299 4406/1104/1295 4377/981/1294
f 1250/1250/1296 4342/1105/1297 1251/1251/1300
f 4342/1105/1297 4531/1109/1301 1251/1251/1300
f 4378/985/1302 4409/1112/1303 4308/983/1298
f 4409/1112/1303 4319/1108/1299 4308/983/1298
f 1251/1251/1300 4531/1109/1301 1252/1252/1304
f 4531/1109/1301 4310/1113/1305 1252/1252/1304
f 4379/987/1306 4411/1116/1307 4378/985/1302
f 4411/1116/1307 4409/1112/1303 4378/985/1302
f 1252/1252/1304 4310/1113/1305 1253/1253/1308
f 4310/1113/1305 1117/1117/1104 1253/1253/1308
f 4526/989/1239 4137/1120/1309 4379/987/1306
f 4137/1120/1309 4411/1116/1307 4379/987/1306
f 1253/1253/1308 1117/1117/1104 1254/1254/1243
f 1117/1117/1104 1121/1121/1108 1254/1254/1243
f 4197/991/1310 4416/1124/1311 4526/989/1239
f 4416/1124/1311 4137/1120/1309 4526/989/1239
f 1254/1254/1243 1121/1121/1108 1255/1255/1312
f 1121/1121/1108 1125/1125/1112 1255/1255/1312
f 4116/993/1248 4202/1128/1313 4197/991/1310
f 4202/1128/1313 4416/1124/1311 4197/991/1310
f 1255/1255/1312 1125/1125/1112 1256/1256/1314
f 1125/1125/1112 1129/1129/1116 1256/1256/1314
f 4380/995/1315 4240/1132/1316 4116/993/1248
f 4240/1132/1316 4202/1128/1313 4116/993/1248
f 1256/1256/1314 1129/1129/1116 1257/1257/1317
f 1129/1129/1116 1133/1133/1120 1257/1257/1317
f 4019/997/1318 4204/1135/1319 4380/995/1315
f 4204/1135/1319 4240/1132/1316 4380/995/1315
f 1257/1257/1317 1133/1133/1120 1258/1258/1320
f 1133/1133/1120 1138/1138/1125 1258/1258/1320
f 4381/999/1321 4027/1139/1322 4019/997/1318
f 4027/1139/1322 4204/1135/1319 4019/997/1318
f 1258/1258/1320 1138/1138/1125 1259/1259/1260
f 1138/1138/1125 1142/1142/1129 1259/1259/1260
f 4382/1001/1262 4273/1143/1262 4381/999/1321
f 4273/1143/1262 4027/1139/1322 4381/999/1321
f 1259/1259/1260 1142/1142/1129 1260/1260/1263
f 1142/1142/1129 1146/1146/1133 1260/1260/1263
f 4014/1004/1264 4245/1147/1264 4382/1001/1262
f 4245/1147/1264 4273/1143/1262 4382/1001/1262
f 1260/1260/1263 1146/1146/1133 1261/1261/1265
f 1146/1146/1133 1150/1150/1137 1261/1261/1265
f 4383/1006/1267 4177/1151/1323 4014/1004/1264
f 4177/1151/1323 4245/1147/1264 4014/1004/1264
f 1261/1261/1265 1150/1150/1137 1262/1262/1268
f 1150/1150/1137 1154/1154/1141 1262/1262/1268
f 4191/1008/1270 4422/1155/1324 4383/1006/1267
f 4422/1155/1324 4177/1151/1323 4383/1006/1267
f 1262/1262/1268 1154/1154/1141 1263/1263/1271
f 1154/1154/1141 1158/1158/1145 1263/1263/1271
f 4532/1010/1273 4033/1159/1325 4191/1008/1270
f 4033/1159/1325 4422/1155/1324 4191/1008/1270
f 1263/1263/1271 1158/1158/1145 1264/1264/1326
f 1158/1158/1145 1162/1162/1149 1264/1264/1326
f 4352/1012/1276 4426/1163/1327 4532/1010/1273
f 4426/1163/1327 4033/1159/1325 4532/1010/1273
f 1264/1264/1326 1162/1162/1149 1265/1265/1328
f 1162/1162/1149 1166/1166/1153 1265/1265/1328
f 4384/1014/1329 4312/1167/1330 4352/1012/1276
f 4312/1167/1330 4426/1163/1327 4352/1012/1276
f 1265/1265/1328 1166/1166/1153 1266/1266/1280
f 1166/1166/1153 1170/1170/1157 1266/1266/1280
f 4082/1016/1282 4035/1171/1283 4384/1014/1329
f 4035/1171/1283 4312/1167/1330 4384/1014/1329
f 1266/1266/1280 1170/1170/1157 1267/1267/1284
f 1170/1170/1157 1174/1174/1161 1267/1267/1284
f 4071/1018/1331 1175/1175/1162 4082/1016/1282
f 1175/1175/1162 4035/1171/1283 4082/1016/1282
f 1267/1267/1284 1174/1174/1161 1268/1268/1332
f 1174/1174/1161 1178/1178/1165 1268/1268/1332
f 4144/1020/1290 1179/1179/1166 4071/1018/1331
f 1179/1179/1166 1175/1175/1162 4071/1018/1331
f 1268/1268/1332 1178/1178/1165 1269/1269/1292
f 1178/1178/1165 1182/1182/1169 1269/1269/1292
f 3989/1022/1294 1183/1183/1170 4144/1020/1290
f 1183/1183/1170 1179/1179/1166 4144/1020/1290
f 1269/1269/1292 1182/1182/1169 1270/1270/1333
f 1182/1182/1169 1186/1186/1173 1270/1270/1333
f 4343/1024/1334 1187/1187/1174 3989/1022/1294
f 1187/1187/1174 1183/1183/1170 3989/1022/1294
f 1270/1270/1333 1186/1186/1173 1271/1271/1335
f 1186/1186/1173 1190/1190/1177 1271/1271/1335
f 4094/1026/1336 1030/1030/1018 4343/1024/1334
f 1030/1030/1018 1187/1187/1174 4343/1024/1334
f 1271/1271/1335 1190/1190/1177 1272/1272/1337
f 1190/1190/1177 4387/1036/1338 1272/1272/1337
f 4370/948/1240 1028/1029/1017 4094/1026/1336
f 1028/1029/1017 1030/1030/1018 4094/1026/1336
f 1272/1272/1337 4387/1036/1338 1232/1232/1241
f 4387/1036/1338 4278/1035/1242 1232/1232/1241
f 1048/1048/1036 1052/1052/1040 1195/1195/1186
f 1052/1052/1040 1196/1196/1187 1195/1195/1186
f 1044/1044/1032 1048/1048/1036 1194/1194/1184
f 1048/1048/1036 1195/1195/1186 1194/1194/1184
f 1034/1034/1022 1044/1044/1032 1193/1193/1182
f 1044/1044/1032 1194/1194/1184 1193/1193/1182
f 1032/1032/1020 1034/1034/1022 1192/1192/1179
f 1034/1034/1022 1193/1193/1182 1192/1192/1179
f 1027/1027/1015 1032/1032/1020 1191/1191/1178
f 1032/1032/1020 1192/1192/1179 1191/1191/1178
f 1029/1028/1016 1027/1027/1015 1231/1231/1237
f 1027/1027/1015 1191/1191/1178 1231/1231/1237
f 1188/1188/1175 1029/1028/1016 1230/1230/1235
f 1029/1028/1016 1231/1231/1237 1230/1230/1235
f 4367/1184/1339 1188/1188/1175 1229/1229/1233
f 1188/1188/1175 1230/1230/1235 1229/1229/1233
f 4429/1180/1340 4367/1184/1339 1228/1228/1231
f 4367/1184/1339 1229/1229/1233 1228/1228/1231
f 4111/1176/1341 4429/1180/1340 1227/1227/1230
f 4429/1180/1340 1228/1228/1231 1227/1227/1230
f 3946/1172/1342 4111/1176/1341 1226/1226/1229
f 4111/1176/1341 1227/1227/1230 1226/1226/1229
f 4428/1168/1343 3946/1172/1342 1225/1225/1228
f 3946/1172/1342 1226/1226/1229 1225/1225/1228
f 4043/1164/1344 4428/1168/1343 1224/1224/1227
f 4428/1168/1343 1225/1225/1228 1224/1224/1227
f 4424/1160/1345 4043/1164/1344 1223/1223/1226
f 4043/1164/1344 1224/1224/1227 1223/1223/1226
f 4423/1156/1346 4424/1160/1345 1222/1222/1225
f 4424/1160/1345 1223/1223/1226 1222/1222/1225
f 4102/1152/1347 4423/1156/1346 1221/1221/1224
f 4423/1156/1346 1222/1222/1225 1221/1221/1224
f 3980/1148/1348 4102/1152/1347 1220/1220/1223
f 4102/1152/1347 1221/1221/1224 1220/1220/1223
f 4421/1144/1222 3980/1148/1348 1219/1219/1222
f 3980/1148/1348 1220/1220/1223 1219/1219/1222
f 4421/1144/1222 1219/1219/1222 4221/1140/1349
f 1219/1219/1222 1218/1218/1221 4221/1140/1349
f 4221/1140/1349 1218/1218/1221 4419/1136/1350
f 1218/1218/1221 1217/1217/1220 4419/1136/1350
f 4419/1136/1350 1217/1217/1220 4418/1131/1351
f 1217/1217/1220 1216/1216/1219 4418/1131/1351
f 4418/1131/1351 1216/1216/1219 4417/1127/1352
f 1216/1216/1219 1215/1215/1218 4417/1127/1352
f 4417/1127/1352 1215/1215/1218 4414/1123/1353
f 1215/1215/1218 1214/1214/1217 4414/1123/1353
f 4414/1123/1353 1214/1214/1217 4413/1119/1354
f 1214/1214/1217 1213/1213/1216 4413/1119/1354
f 4413/1119/1354 1213/1213/1216 4410/1115/1355
f 1213/1213/1216 1212/1212/1215 4410/1115/1355
f 4410/1115/1355 1212/1212/1215 4408/1111/1356
f 1212/1212/1215 1211/1211/1214 4408/1111/1356
f 4408/1111/1356 1211/1211/1214 4407/1107/1357
f 1211/1211/1214 1210/1210/1213 4407/1107/1357
f 4407/1107/1357 1210/1210/1213 4405/1103/1358
f 1210/1210/1213 1209/1209/1211 4405/1103/1358
f 4405/1103/1358 1209/1209/1211 4131/1099/1359
f 1209/1209/1211 1208/1208/1209 4131/1099/1359
f 4131/1099/1359 1208/1208/1209 1095/1095/1082
f 1208/1208/1209 1207/1207/1207 1095/1095/1082
f 1095/1095/1082 1207/1207/1207 1091/1091/1078
f 1207/1207/1207 1206/1206/1205 1091/1091/1078
f 1091/1091/1078 1206/1206/1205 1087/1087/1074
f 1206/1206/1205 1205/1205/1203 1087/1087/1074
f 1087/1087/1074 1205/1205/1203 1083/1083/1070
f 1205/1205/1203 1204/1204/1201 1083/1083/1070
f 1083/1083/1070 1204/1204/1201 1079/1079/1066
f 1204/1204/1201 1203/1203/1199 1079/1079/1066
f 1079/1079/1066 1203/1203/1199 1075/1075/1062
f 1203/1203/1199 1202/1202/1197 1075/1075/1062
f 1075/1075/1062 1202/1202/1197 1072/1072/1059
f 1202/1202/1197 1201/1201/1195 1072/1072/1059
f 1072/1072/1059 1201/1201/1195 1068/1068/1055
f 1201/1201/1195 1200/1200/1194 1068/1068/1055
f 1068/1068/1055 1200/1200/1194 1064/1064/1051
f 1200/1200/1194 1199/1199/1192 1064/1064/1051
f 1064/1064/1051 1199/1199/1192 1058/1058/1046
f 1199/1199/1192 1198/1198/1190 1058/1058/1046
f 1056/1057/1045 1058/1058/1046 1197/1197/1189
f 1058/1058/1046 1198/1198/1190 1197/1197/1189
f 4434/1237/1360 1273/1273/947 3992/1236/1351
f 1273/1273/947 1274/1274/1361 3992/1236/1351
f 1275/1275/1362 4052/1235/1352 1274/1274/1361
f 4052/1235/1352 3992/1236/1351 1274/1274/1361
f 1276/1276/1363 4433/1234/1364 1275/1275/1362
f 4433/1234/1364 4052/1235/1352 1275/1275/1362
f 1277/1277/1365 4432/1233/1366 1276/1276/1363
f 4432/1233/1366 4433/1234/1364 1276/1276/1363
f 1278/1278/1367 4337/1232/1368 1277/1277/1365
f 4337/1232/1368 4432/1233/1366 1277/1277/1365
f 1279/1279/1369 4449/1272/1370 1278/1278/1367
f 4449/1272/1370 4337/1232/1368 1278/1278/1367
f 1280/1280/1371 4448/1271/1372 1279/1279/1369
f 4448/1271/1372 4449/1272/1370 1279/1279/1369
f 1281/1281/1373 4236/1270/1374 1280/1280/1371
f 4236/1270/1374 4448/1271/1372 1280/1280/1371
f 1282/1282/1375 4306/1269/1376 1281/1281/1373
f 4306/1269/1376 4236/1270/1374 1281/1281/1373
f 1283/1283/1377 4304/1268/1378 1282/1282/1375
f 4304/1268/1378 4306/1269/1376 1282/1282/1375
f 1284/1284/1379 4447/1267/1380 1283/1283/1377
f 4447/1267/1380 4304/1268/1378 1283/1283/1377
f 1285/1285/1381 4446/1266/1382 1284/1284/1379
f 4446/1266/1382 4447/1267/1380 1284/1284/1379
f 1286/1286/1383 4445/1265/1384 1285/1285/1381
f 4445/1265/1384 4446/1266/1382 1285/1285/1381
f 1287/1287/1385 4444/1264/1386 1286/1286/1383
f 4444/1264/1386 4445/1265/1384 1286/1286/1383
f 1288/1288/1387 4226/1263/1388 1287/1287/1385
f 4226/1263/1388 4444/1264/1386 1287/1287/1385
f 1289/1289/1389 4425/1262/1390 1288/1288/1387
f 4425/1262/1390 4226/1263/1388 1288/1288/1387
f 1290/1290/1391 4001/1261/1392 1289/1289/1389
f 4001/1261/1392 4425/1262/1390 1289/1289/1389
f 1291/1291/1393 4031/1260/1394 1290/1290/1391
f 4031/1260/1394 4001/1261/1392 1290/1290/1391
f 1292/1292/988 4295/1259/1395 1291/1291/1393
f 4295/1259/1395 4031/1260/1394 1291/1291/1393
f 1292/1292/988 1293/1293/1396 4295/1259/1395
f 1293/1293/1396 4443/1258/1397 4295/1259/1395
f 1293/1293/1396 1294/1294/1398 4443/1258/1397
f 1294/1294/1398 4442/1257/1399 4443/1258/1397
f 1294/1294/1398 1295/1295/1400 4442/1257/1399
f 1295/1295/1400 4361/1256/1401 4442/1257/1399
f 1295/1295/1400 1296/1296/1402 4361/1256/1401
f 1296/1296/1402 4441/1255/1403 4361/1256/1401
f 1296/1296/1402 1297/1297/1404 4441/1255/1403
f 1297/1297/1404 4061/1254/1405 4441/1255/1403
f 1297/1297/1404 1298/1298/1406 4061/1254/1405
f 1298/1298/1406 4440/1253/1407 4061/1254/1405
f 1298/1298/1406 1299/1299/1408 4440/1253/1407
f 1299/1299/1408 4376/1252/1409 4440/1253/1407
f 1299/1299/1408 1300/1300/1410 4376/1252/1409
f 1300/1300/1410 4439/1251/1411 4376/1252/1409
f 1300/1300/1410 1301/1301/1412 4439/1251/1411
f 1301/1301/1412 4264/1250/1413 4439/1251/1411
f 1301/1301/1412 1302/1302/1414 4264/1250/1413
f 1302/1302/1414 4438/1249/1415 4264/1250/1413
f 1302/1302/1414 1303/1303/1416 4438/1249/1415
f 1303/1303/1416 4348/1248/1417 4438/1249/1415
f 1303/1303/1416 1304/1304/1418 4348/1248/1417
f 1304/1304/1418 4186/1247/1419 4348/1248/1417
f 1304/1304/1418 1305/1305/1420 4186/1247/1419
f 1305/1305/1420 4113/1246/1421 4186/1247/1419
f 1305/1305/1420 1306/1306/1422 4113/1246/1421
f 1306/1306/1422 4437/1245/1423 4113/1246/1421
f 1306/1306/1422 1307/1307/1424 4437/1245/1423
f 1307/1307/1424 3983/1244/1425 4437/1245/1423
f 1307/1307/1424 1308/1308/1426 3983/1244/1425
f 1308/1308/1426 4436/1243/1427 3983/1244/1425
f 1308/1308/1426 1309/1309/1428 4436/1243/1427
f 1309/1309/1428 4039/1242/1429 4436/1243/1427
f 1309/1309/1428 1310/1310/1430 4039/1242/1429
f 1310/1310/1430 3987/1241/1431 4039/1242/1429
f 1310/1310/1430 1311/1311/950 3987/1241/1431
f 1311/1311/950 4322/1240/1432 3987/1241/1431
f 1312/1312/945 4218/1239/1349 1311/1311/950
f 4218/1239/1349 4322/1240/1432 1311/1311/950
f 1313/1313/1433 4435/1238/1350 1312/1312/945
f 4435/1238/1350 4218/1239/1349 1312/1312/945
f 1314/1314/1434 1316/1315/1435 1315/1316/1436
f 1316/1315/1435 1317/1317/1437 1315/1316/1436
f 1315/1316/1436 1317/1317/1437 1318/1318/1438
f 1317/1317/1437 1319/1319/1439 1318/1318/1438
f 1318/1318/1438 1319/1319/1439 1320/1320/1440
f 1319/1319/1439 1321/1321/1441 1320/1320/1440
f 1320/1320/1440 1321/1321/1441 1322/1322/1442
f 1321/1321/1441 1323/1323/1443 1322/1322/1442
f 1322/1322/1442 1323/1323/1443 1324/1324/1444
f 1323/1323/1443 1325/1325/1445 1324/1324/1444
f 1324/1324/1444 1325/1325/1445 1326/1326/1446
f 1325/1325/1445 1327/1327/1447 1326/1326/1446
f 1326/1326/1446 1327/1327/1447 1328/1328/1448
f 1327/1327/1447 1329/1329/1449 1328/1328/1448
f 1328/1328/1448 1329/1329/1449 1330/1330/1450
f 1329/1329/1449 1331/1331/1451 1330/1330/1450
f 1330/1330/1450 1331/1331/1451 1332/1332/1452
f 1331/1331/1451 1333/1333/1453 1332/1332/1452
f 1332/1332/1452 1333/1333/1453 1334/1334/1454
f 1333/1333/1453 1335/1335/1455 1334/1334/1454
f 1334/1334/1454 1335/1335/1455 1336/1336/1456
f 1335/1335/1455 1337/1337/1457 1336/1336/1456
f 1336/1336/1456 1337/1337/1457 1338/1338/1458
f 1337/1337/1457 1339/1339/1459 1338/1338/1458
f 1338/1338/1458 1339/1339/1459 1340/1340/1460
f 1339/1339/1459 1341/1341/1461 1340/1340/1460
f 1340/1340/1460 1341/1341/1461 1342/1342/1462
f 1341/1341/1461 1343/1343/1463 1342/1342/1462
f 1342/1342/1462 1343/1343/1463 1344/1344/1464
f 1343/1343/1463 1345/1345/1465 1344/1344/1464
f 1344/1344/1464 1345/1345/1465 1346/1346/1466
f 1345/1345/1465 1347/1347/1467 1346/1346/1466
f 1346/1346/1466 1347/1347/1467 1348/1348/1468
f 1347/1347/1467 1349/1349/1469 1348/1348/1468
f 1348/1348/1468 1349/1349/1469 1350/1350/1470
f 1349/1349/1469 1351/1351/1471 1350/1350/1470
f 1350/1350/1470 1351/1351/1471 1352/1352/1472
f 1351/1351/1471 1353/1353/1473 1352/1352/1472
f 1352/1352/1472 1353/1353/1473 1314/1314/1434
f 1353/1353/1473 1316/1315/1435 1314/1314/1434
f 1354/1354/1474 1355/1355/1474 4292/1315/1474
f 1355/1355/1474 4270/1317/1474 4292/1315/1474
f 1355/1355/1474 1356/1356/1474 4270/1317/1474
f 1356/1356/1474 4359/1319/1474 4270/1317/1474
f 1356/1356/1474 1357/1357/1474 4359/1319/1474
f 1357/1357/1474 4203/1321/1475 4359/1319/1474
f 1357/1357/1474 1358/1358/1475 4203/1321/1475
f 1358/1358/1475 4450/1323/1475 4203/1321/1475
f 1358/1358/1475 1359/1359/1474 4450/1323/1475
f 1359/1359/1474 4235/1325/1474 4450/1323/1475
f 1359/1359/1474 1360/1360/1474 4235/1325/1474
f 1360/1360/1474 4451/1327/1474 4235/1325/1474
f 1360/1360/1474 1361/1361/1474 4451/1327/1474
f 1361/1361/1474 4000/1329/1474 4451/1327/1474
f 1361/1361/1474 1362/1362/1474 4000/1329/1474
f 1362/1362/1474 4063/1331/1474 4000/1329/1474
f 1362/1362/1474 1363/1363/1474 4063/1331/1474
f 1363/1363/1474 4452/1333/1474 4063/1331/1474
f 1363/1363/1474 1364/1364/1474 4452/1333/1474
f 1364/1364/1474 4046/1335/1474 4452/1333/1474
f 1364/1364/1474 1365/1365/1476 4046/1335/1474
f 1365/1365/1476 4320/1337/1474 4046/1335/1474
f 1365/1365/1476 1366/1366/1474 4320/1337/1474
f 1366/1366/1474 4453/1339/1474 4320/1337/1474
f 1366/1366/1474 1367/1367/1474 4453/1339/1474
f 1367/1367/1474 4341/1341/1474 4453/1339/1474
f 1367/1367/1474 1368/1368/1475 4341/1341/1474
f 1368/1368/1475 4268/1343/1475 4341/1341/1474
f 1368/1368/1475 1369/1369/1474 4268/1343/1475
f 1369/1369/1474 3997/1345/1474 4268/1343/1475
f 1369/1369/1474 1370/1370/1474 3997/1345/1474
f 1370/1370/1474 4281/1347/1474 3997/1345/1474
f 1370/1370/1474 1371/1371/1474 4281/1347/1474
f 1371/1371/1474 4454/1349/1474 4281/1347/1474
f 1371/1371/1474 1372/1372/1475 4454/1349/1474
f 1372/1372/1475 4455/1351/1475 4454/1349/1474
f 1372/1372/1475 1373/1373/1474 4455/1351/1475
f 1373/1373/1474 4087/1353/1474 4455/1351/1475
f 1373/1373/1474 1354/1354/1474 4087/1353/1474
f 1354/1354/1474 4292/1315/1474 4087/1353/1474
f 1374/1374/1477 1376/1375/1478 1375/1376/1479
f 1376/1375/1478 1377/1377/1480 1375/1376/1479
f 1376/1375/1478 1374/1374/1477 1378/1378/1481
f 1374/1374/1477 1379/1379/1482 1378/1378/1481
f 1375/1376/1479 1377/1377/1480 1380/1380/1483
f 1377/1377/1480 1381/1381/1484 1380/1380/1483
f 1380/1380/1483 1381/1381/1484 1382/1382/1485
f 1381/1381/1484 1383/1383/1486 1382/1382/1485
f 1382/1382/1485 1383/1383/1486 1384/1384/1487
f 1383/1383/1486 1385/1385/1488 1384/1384/1487
f 1384/1384/1487 1385/1385/1488 1386/1386/1489
f 1385/1385/1488 1387/1387/1490 1386/1386/1489
f 1386/1386/1489 1387/1387/1490 1388/1388/1491
f 1387/1387/1490 1389/1389/1492 1388/1388/1491
f 1388/1388/1491 1389/1389/1492 1390/1390/1493
f 1389/1389/1492 1391/1391/1494 1390/1390/1493
f 1392/1392/1495 1394/1393/1496 1393/1394/1497
f 1394/1393/1496 1395/1395/1498 1393/1394/1497
f 1393/1394/1497 1395/1395/1498 1396/1396/1499
f 1395/1395/1498 1397/1397/1500 1396/1396/1499
f 1396/1396/1499 1397/1397/1500 1398/1398/1501
f 1397/1397/1500 1399/1399/1502 1398/1398/1501
f 1398/1398/1501 1399/1399/1502 1400/1400/1503
f 1399/1399/1502 1401/1401/1504 1400/1400/1503
f 1400/1400/1503 1401/1401/1504 1402/1402/1505
f 1401/1401/1504 1403/1403/1506 1402/1402/1505
f 1402/1402/1505 1403/1403/1506 1404/1404/1507
f 1403/1403/1506 1405/1405/1508 1404/1404/1507
f 1404/1404/1507 1405/1405/1508 1406/1406/1509
f 1405/1405/1508 1407/1407/1510 1406/1406/1509
f 1406/1406/1509 1407/1407/1510 1408/1408/1511
f 1407/1407/1510 1409/1409/1512 1408/1408/1511
f 1408/1408/1511 1409/1409/1512 1410/1410/1513
f 1409/1409/1512 1411/1411/1514 1410/1410/1513
f 1410/1410/1513 1411/1411/1514 1412/1412/1515
f 1411/1411/1514 1413/1413/1516 1412/1412/1515
f 1412/1412/1515 1413/1413/1516 1414/1414/1517
f 1413/1413/1516 1415/1415/1518 1414/1414/1517
f 1414/1414/1517 1415/1415/1518 1379/1379/1482
f 1415/1415/1518 1378/1378/1481 1379/1379/1482
f 1416/1416/1519 1418/1417/1520 1417/1418/1521
f 1418/1417/1520 1419/1419/1522 1417/1418/1521
f 1418/1417/1520 1416/1416/1519 1420/1420/1523
f 1416/1416/1519 1421/1421/1524 1420/1420/1523
f 1417/1418/1521 1419/1419/1522 1422/1422/1525
f 1419/1419/1522 1423/1423/1526 1422/1422/1525
f 4291/1416/1527 1424/1424/1481 4217/1421/1528
f 1424/1424/1481 1425/1425/1529 4217/1421/1528
f 1424/1424/1481 4291/1416/1527 1426/1426/1530
f 4291/1416/1527 4215/1418/1531 1426/1426/1530
f 1426/1426/1530 4215/1418/1531 1427/1427/1516
f 4215/1418/1531 4462/1422/1532 1427/1427/1516
f 4217/1421/1528 1425/1425/1529 1428/1428/1533
f 1425/1425/1529 1429/1429/1534 1428/1428/1533
f 1420/1420/1523 1421/1421/1524 1430/1430/1535
f 1421/1421/1524 4095/1428/1536 1430/1430/1535
f 1428/1428/1533 1429/1429/1534 1431/1431/1537
f 1429/1429/1534 1432/1432/1538 1431/1431/1537
f 1430/1430/1535 4095/1428/1536 1433/1433/1539
f 4095/1428/1536 4303/1431/1540 1433/1433/1539
f 1431/1431/1537 1432/1432/1538 1434/1434/1541
f 1432/1432/1538 1435/1435/1542 1434/1434/1541
f 1433/1433/1539 4303/1431/1540 1436/1436/1543
f 4303/1431/1540 4467/1434/1544 1436/1436/1543
f 1434/1434/1541 1435/1435/1542 1437/1437/1545
f 1435/1435/1542 1438/1438/1546 1437/1437/1545
f 1436/1436/1543 4467/1434/1544 1439/1439/1547
f 4467/1434/1544 4029/1437/1548 1439/1439/1547
f 1437/1437/1545 1438/1438/1546 1440/1440/1549
f 1438/1438/1546 1441/1441/1550 1440/1440/1549
f 1439/1439/1547 4029/1437/1548 1442/1442/1551
f 4029/1437/1548 4469/1440/1552 1442/1442/1551
f 1440/1440/1549 1441/1441/1550 1443/1443/1553
f 1441/1441/1550 1444/1444/1554 1443/1443/1553
f 1442/1442/1551 4469/1440/1552 1445/1445/1555
f 4469/1440/1552 4470/1443/1556 1445/1445/1555
f 1443/1443/1553 1444/1444/1554 1446/1446/1557
f 1444/1444/1554 1447/1447/1558 1446/1446/1557
f 1445/1445/1555 4470/1443/1556 1448/1448/1559
f 4470/1443/1556 4471/1446/1560 1448/1448/1559
f 1449/1449/1561 1451/1450/1562 1450/1451/1563
f 1451/1450/1562 1452/1452/1564 1450/1451/1563
f 1453/1453/1565 4472/1449/1566 1454/1454/1567
f 4472/1449/1566 4477/1451/1568 1454/1454/1567
f 1450/1451/1563 1452/1452/1564 1455/1455/1569
f 1452/1452/1564 1456/1456/1570 1455/1455/1569
f 1454/1454/1567 4477/1451/1568 1457/1457/1571
f 4477/1451/1568 4326/1455/1572 1457/1457/1571
f 1455/1455/1569 1456/1456/1570 1458/1458/1573
f 1456/1456/1570 1459/1459/1574 1458/1458/1573
f 1457/1457/1571 4326/1455/1572 1460/1460/1575
f 4326/1455/1572 4524/1458/1576 1460/1460/1575
f 1458/1458/1573 1459/1459/1574 1461/1461/1577
f 1459/1459/1574 1462/1462/1578 1461/1461/1577
f 1460/1460/1575 4524/1458/1576 1463/1463/1579
f 4524/1458/1576 4480/1461/1580 1463/1463/1579
f 1461/1461/1577 1462/1462/1578 1464/1464/1581
f 1462/1462/1578 1465/1465/1582 1464/1464/1581
f 1463/1463/1579 4480/1461/1580 1466/1466/1583
f 4480/1461/1580 4086/1464/1584 1466/1466/1583
f 1464/1464/1581 1465/1465/1582 1467/1467/1507
f 1465/1465/1582 1468/1468/1585 1467/1467/1507
f 1466/1466/1583 4086/1464/1584 1469/1469/1586
f 4086/1464/1584 4482/1467/1587 1469/1469/1586
f 1467/1467/1507 1468/1468/1585 1470/1470/1588
f 1468/1468/1585 1471/1471/1589 1470/1470/1588
f 1469/1469/1586 4482/1467/1587 1472/1472/1590
f 4482/1467/1587 4321/1470/1591 1472/1472/1590
f 1470/1470/1588 1471/1471/1589 1473/1473/1592
f 1471/1471/1589 1474/1474/1593 1473/1473/1592
f 1472/1472/1590 4321/1470/1591 1475/1475/1594
f 4321/1470/1591 4483/1473/1595 1475/1475/1594
f 1473/1473/1592 1474/1474/1593 1476/1476/1596
f 1474/1474/1593 1477/1477/1597 1476/1476/1596
f 1475/1475/1594 4483/1473/1595 1478/1478/1598
f 4483/1473/1595 4288/1476/1599 1478/1478/1598
f 1476/1476/1596 1477/1477/1597 4462/1422/1532
f 1477/1477/1597 1427/1427/1516 4462/1422/1532
f 1478/1478/1598 4288/1476/1599 1423/1423/1526
f 4288/1476/1599 1422/1422/1525 1423/1423/1526
f 1479/1479/1600 1481/1480/1601 1480/1481/1602
f 1481/1480/1601 1482/1482/1603 1480/1481/1602
f 1481/1480/1601 1479/1479/1600 1483/1483/1604
f 1479/1479/1600 1484/1484/1605 1483/1483/1604
f 1483/1483/1604 1484/1484/1605 1485/1485/1606
f 1484/1484/1605 1486/1486/1607 1485/1485/1606
f 1487/1487/1608 1489/1488/1609 1488/1489/1610
f 1489/1488/1609 1490/1490/1611 1488/1489/1610
f 1489/1488/1609 1487/1487/1608 1491/1491/1612
f 1487/1487/1608 1492/1492/1613 1491/1491/1612
f 1491/1491/1612 1492/1492/1613 1493/1493/1614
f 1492/1492/1613 1494/1494/1615 1493/1493/1614
f 1485/1485/1606 1486/1486/1607 1495/1495/1616
f 1486/1486/1607 1496/1496/1617 1495/1495/1616
f 1493/1493/1614 1494/1494/1615 1497/1497/1618
f 1494/1494/1615 1498/1498/1619 1497/1497/1618
f 1495/1495/1616 1496/1496/1617 1499/1499/1620
f 1496/1496/1617 1500/1500/1621 1499/1499/1620
f 1497/1497/1618 1498/1498/1619 1501/1501/1622
f 1498/1498/1619 1502/1502/1623 1501/1501/1622
f 1499/1499/1620 1500/1500/1621 1503/1503/1624
f 1500/1500/1621 1504/1504/1625 1503/1503/1624
f 1501/1501/1622 1502/1502/1623 1505/1505/1626
f 1502/1502/1623 1506/1506/1627 1505/1505/1626
f 1503/1503/1624 1504/1504/1625 1507/1507/1628
f 1504/1504/1625 1508/1508/1629 1507/1507/1628
f 1505/1505/1626 1506/1506/1627 1509/1509/1630
f 1506/1506/1627 1510/1510/1631 1509/1509/1630
f 1507/1507/1628 1508/1508/1629 1511/1511/1632
f 1508/1508/1629 1512/1512/1633 1511/1511/1632
f 1509/1509/1630 1510/1510/1631 1513/1513/1634
f 1510/1510/1631 1514/1514/1635 1513/1513/1634
f 1515/1515/1636 1517/1516/1637 1516/1517/1638
f 1517/1516/1637 1518/1518/1639 1516/1517/1638
f 1519/1519/1640 1521/1520/1641 1520/1521/1642
f 1521/1520/1641 1522/1522/1643 1520/1521/1642
f 1516/1517/1638 1518/1518/1639 1523/1523/1644
f 1518/1518/1639 1524/1524/1645 1523/1523/1644
f 1520/1521/1642 1522/1522/1643 1525/1525/1646
f 1522/1522/1643 1526/1526/1647 1525/1525/1646
f 1523/1523/1644 1524/1524/1645 1527/1527/1648
f 1524/1524/1645 1528/1528/1649 1527/1527/1648
f 1525/1525/1646 1526/1526/1647 1529/1529/1650
f 1526/1526/1647 1530/1530/1651 1529/1529/1650
f 1527/1527/1648 1528/1528/1649 1531/1531/1652
f 1528/1528/1649 1532/1532/1653 1531/1531/1652
f 1529/1529/1650 1530/1530/1651 1533/1533/1654
f 1530/1530/1651 1534/1534/1655 1533/1533/1654
f 1531/1531/1652 1532/1532/1653 1535/1535/1656
f 1532/1532/1653 1536/1536/1657 1535/1535/1656
f 1533/1533/1654 1534/1534/1655 1537/1537/1658
f 1534/1534/1655 1538/1538/1659 1537/1537/1658
f 1535/1535/1656 1536/1536/1657 1539/1539/1660
f 1536/1536/1657 1540/1540/1661 1539/1539/1660
f 1537/1537/1658 1538/1538/1659 1541/1541/1662
f 1538/1538/1659 1542/1542/1663 1541/1541/1662
f 1539/1539/1660 1540/1540/1661 1543/1543/1664
f 1540/1540/1661 1544/1544/1665 1543/1543/1664
f 1541/1541/1662 1542/1542/1663 1545/1545/1666
f 1542/1542/1663 1546/1546/1667 1545/1545/1666
f 1543/1543/1664 1544/1544/1665 1547/1547/1668
f 1544/1544/1665 1548/1548/1669 1547/1547/1668
f 1545/1545/1666 1546/1546/1667 1549/1549/1670
f 1546/1546/1667 1550/1550/1671 1549/1549/1670
f 1547/1547/1668 1548/1548/1669 1551/1551/1672
f 1548/1548/1669 1552/1552/1673 1551/1551/1672
f 1549/1549/1670 1550/1550/1671 1553/1553/1674
f 1550/1550/1671 1554/1554/1675 1553/1553/1674
f 1551/1551/1672 1552/1552/1673 1555/1555/1676
f 1552/1552/1673 1556/1556/1677 1555/1555/1676
f 1553/1553/1674 1554/1554/1675 1557/1557/1678
f 1554/1554/1675 1558/1558/1679 1557/1557/1678
f 1555/1555/1676 1556/1556/1677 1559/1559/1680
f 1556/1556/1677 1560/1560/1681 1559/1559/1680
f 1557/1557/1678 1558/1558/1679 1561/1561/1682
f 1558/1558/1679 1562/1562/1683 1561/1561/1682
f 1559/1559/1680 1560/1560/1681 1482/1482/1603
f 1560/1560/1681 1480/1481/1602 1482/1482/1603
f 1561/1561/1682 1562/1562/1683 1490/1490/1611
f 1562/1562/1683 1488/1489/1610 1490/1490/1611
f 1563/1563/1684 1565/1564/1685 1564/1565/1686
f 1565/1564/1685 1566/1566/1687 1564/1565/1686
f 1565/1564/1685 1563/1563/1684 1567/1567/1688
f 1563/1563/1684 1568/1568/1689 1567/1567/1688
f 1567/1567/1688 1568/1568/1689 1569/1569/1690
f 1568/1568/1689 1570/1570/1691 1569/1569/1690
f 1571/1571/1692 1573/1572/1693 1572/1573/1694
f 1573/1572/1693 1574/1574/1695 1572/1573/1694
f 1573/1572/1693 1571/1571/1692 1575/1575/1696
f 1571/1571/1692 1576/1576/1697 1575/1575/1696
f 1575/1575/1696 1576/1576/1697 1577/1577/1698
f 1576/1576/1697 1578/1578/1699 1577/1577/1698
f 1569/1569/1690 1570/1570/1691 1579/1579/1700
f 1570/1570/1691 1580/1580/1701 1579/1579/1700
f 1577/1577/1698 1578/1578/1699 1581/1581/1702
f 1578/1578/1699 1582/1582/1703 1581/1581/1702
f 1579/1579/1700 1580/1580/1701 1583/1583/1616
f 1580/1580/1701 1584/1584/1704 1583/1583/1616
f 1581/1581/1702 1582/1582/1703 1585/1585/1705
f 1582/1582/1703 1586/1586/1706 1585/1585/1705
f 1583/1583/1616 1584/1584/1704 1587/1587/1707
f 1584/1584/1704 1588/1588/1708 1587/1587/1707
f 1585/1585/1705 1586/1586/1706 1589/1589/1709
f 1586/1586/1706 1590/1590/1710 1589/1589/1709
f 1587/1587/1707 1588/1588/1708 1591/1591/1711
f 1588/1588/1708 1592/1592/1712 1591/1591/1711
f 1589/1589/1709 1590/1590/1710 1593/1593/1713
f 1590/1590/1710 1594/1594/1714 1593/1593/1713
f 1591/1591/1711 1592/1592/1712 1595/1595/1715
f 1592/1592/1712 1596/1596/1716 1595/1595/1715
f 1593/1593/1713 1594/1594/1714 1597/1597/1717
f 1594/1594/1714 1598/1598/1718 1597/1597/1717
f 1595/1595/1715 1596/1596/1716 1599/1599/1719
f 1596/1596/1716 1600/1600/1720 1599/1599/1719
f 1597/1597/1717 1598/1598/1718 1601/1601/1721
f 1598/1598/1718 1602/1602/1722 1601/1601/1721
f 1603/1603/1723 1605/1604/1724 1604/1605/1725
f 1605/1604/1724 1606/1606/1726 1604/1605/1725
f 1607/1607/1727 1609/1608/1728 1608/1609/1729
f 1609/1608/1728 1610/1610/1730 1608/1609/1729
f 1604/1605/1725 1606/1606/1726 1611/1611/1731
f 1606/1606/1726 1612/1612/1732 1611/1611/1731
f 1608/1609/1729 1610/1610/1730 1613/1613/1733
f 1610/1610/1730 1614/1614/1734 1613/1613/1733
f 1611/1611/1731 1612/1612/1732 1615/1615/1648
f 1612/1612/1732 1616/1616/1735 1615/1615/1648
f 1613/1613/1733 1614/1614/1734 1617/1617/1736
f 1614/1614/1734 1618/1618/1737 1617/1617/1736
f 1615/1615/1648 1616/1616/1735 1619/1619/1652
f 1616/1616/1735 1620/1620/1738 1619/1619/1652
f 1617/1617/1736 1618/1618/1737 1621/1621/1739
f 1618/1618/1737 1622/1622/1740 1621/1621/1739
f 1619/1619/1652 1620/1620/1738 1623/1623/1656
f 1620/1620/1738 1624/1624/1741 1623/1623/1656
f 1621/1621/1739 1622/1622/1740 1625/1625/1742
f 1622/1622/1740 1626/1626/1743 1625/1625/1742
f 1623/1623/1656 1624/1624/1741 1627/1627/1744
f 1624/1624/1741 1628/1628/1745 1627/1627/1744
f 1625/1625/1742 1626/1626/1743 1629/1629/1746
f 1626/1626/1743 1630/1630/1747 1629/1629/1746
f 1627/1627/1744 1628/1628/1745 1631/1631/1748
f 1628/1628/1745 1632/1632/1749 1631/1631/1748
f 1629/1629/1746 1630/1630/1747 1633/1633/1750
f 1630/1630/1747 1634/1634/1751 1633/1633/1750
f 1631/1631/1748 1632/1632/1749 1635/1635/1752
f 1632/1632/1749 1636/1636/1753 1635/1635/1752
f 1633/1633/1750 1634/1634/1751 1637/1637/1754
f 1634/1634/1751 1638/1638/1755 1637/1637/1754
f 1635/1635/1752 1636/1636/1753 1639/1639/1756
f 1636/1636/1753 1640/1640/1757 1639/1639/1756
f 1637/1637/1754 1638/1638/1755 1641/1641/1674
f 1638/1638/1755 1642/1642/1758 1641/1641/1674
f 1639/1639/1756 1640/1640/1757 1643/1643/1759
f 1640/1640/1757 1644/1644/1760 1643/1643/1759
f 1641/1641/1674 1642/1642/1758 1645/1645/1761
f 1642/1642/1758 1646/1646/1762 1645/1645/1761
f 1643/1643/1759 1644/1644/1760 1566/1566/1687
f 1644/1644/1760 1564/1565/1686 1566/1566/1687
f 1645/1645/1761 1646/1646/1762 1574/1574/1695
f 1646/1646/1762 1572/1573/1694 1574/1574/1695
f 1647/1647/1763 1649/1648/1764 1648/1649/1765
f 1649/1648/1764 1650/1650/1477 1648/1649/1765
f 1651/1651/1766 1648/1649/1765 1652/1652/1767
f 1648/1649/1765 1650/1650/1477 1652/1652/1767
f 1653/1653/1768 1651/1651/1766 1654/1654/1769
f 1651/1651/1766 1652/1652/1767 1654/1654/1769
f 1655/1655/1435 1653/1653/1768 1656/1656/1770
f 1653/1653/1768 1654/1654/1769 1656/1656/1770
f 1657/1657/1437 1655/1655/1435 1658/1658/1771
f 1655/1655/1435 1656/1656/1770 1658/1658/1771
f 1659/1659/1439 1657/1657/1437 1660/1660/1772
f 1657/1657/1437 1658/1658/1771 1660/1660/1772
f 1661/1661/1773 1659/1659/1439 1662/1662/1774
f 1659/1659/1439 1660/1660/1772 1662/1662/1774
f 1663/1663/1775 1661/1661/1773 1664/1664/1776
f 1661/1661/1773 1662/1662/1774 1664/1664/1776
f 1665/1665/1445 1667/1666/1777 1666/1667/1444
f 1667/1666/1777 1668/1668/1778 1666/1667/1444
f 1669/1669/1447 1665/1665/1445 1670/1670/1446
f 1665/1665/1445 1666/1667/1444 1670/1670/1446
f 1671/1671/1449 1669/1669/1447 1672/1672/1779
f 1669/1669/1447 1670/1670/1446 1672/1672/1779
f 1673/1673/1780 1671/1671/1449 1674/1674/1781
f 1671/1671/1449 1672/1672/1779 1674/1674/1781
f 1675/1675/1453 1673/1673/1780 1676/1676/1452
f 1673/1673/1780 1674/1674/1781 1676/1676/1452
f 1677/1677/1782 1675/1675/1453 1678/1678/1454
f 1675/1675/1453 1676/1676/1452 1678/1678/1454
f 1679/1679/1783 1677/1677/1782 1680/1680/1784
f 1677/1677/1782 1678/1678/1454 1680/1680/1784
f 1681/1681/1785 1679/1679/1783 1682/1682/1786
f 1679/1679/1783 1680/1680/1784 1682/1682/1786
f 1683/1683/1461 1681/1681/1785 1684/1684/1787
f 1681/1681/1785 1682/1682/1786 1684/1684/1787
f 1685/1685/1788 1683/1683/1461 1686/1686/1462
f 1683/1683/1461 1684/1684/1787 1686/1686/1462
f 1687/1687/1465 1685/1685/1788 1688/1688/1789
f 1685/1685/1788 1686/1686/1462 1688/1688/1789
f 1647/1647/1763 1687/1687/1465 1649/1648/1764
f 1687/1687/1465 1688/1688/1789 1649/1648/1764
f 1484/1484/1605 1479/1479/1600 1491/1491/1612
f 1479/1479/1600 1489/1488/1609 1491/1491/1612
f 4055/1486/1768 1484/1484/1605 1493/1493/1614
f 1484/1484/1605 1491/1491/1612 1493/1493/1614
f 1496/1496/1617 4055/1486/1768 1497/1497/1618
f 4055/1486/1768 1493/1493/1614 1497/1497/1618
f 1500/1500/1621 1496/1496/1617 1501/1501/1622
f 1496/1496/1617 1497/1497/1618 1501/1501/1622
f 1504/1504/1625 1500/1500/1621 4307/1505/1790
f 1500/1500/1621 1501/1501/1622 4307/1505/1790
f 1508/1508/1629 1504/1504/1625 4110/1509/1440
f 1504/1504/1625 4307/1505/1790 4110/1509/1440
f 1512/1512/1633 1508/1508/1629 4223/1513/1442
f 1508/1508/1629 4110/1509/1440 4223/1513/1442
f 1518/1518/1639 1517/1516/1637 1520/1521/1642
f 1517/1516/1637 4224/1519/1778 1520/1521/1642
f 1524/1524/1645 1518/1518/1639 1525/1525/1646
f 1518/1518/1639 1520/1521/1642 1525/1525/1646
f 1528/1528/1649 1524/1524/1645 1529/1529/1650
f 1524/1524/1645 1525/1525/1646 1529/1529/1650
f 4488/1532/1780 1528/1528/1649 1533/1533/1654
f 1528/1528/1649 1529/1529/1650 1533/1533/1654
f 3998/1536/1453 4488/1532/1780 4489/1537/1452
f 4488/1532/1780 1533/1533/1654 4489/1537/1452
f 1540/1540/1661 3998/1536/1453 1541/1541/1662
f 3998/1536/1453 4489/1537/1452 1541/1541/1662
f 1544/1544/1665 1540/1540/1661 1545/1545/1666
f 1540/1540/1661 1541/1541/1662 1545/1545/1666
f 4248/1548/1459 1544/1544/1665 1549/1549/1670
f 1544/1544/1665 1545/1545/1666 1549/1549/1670
f 4339/1552/1461 4248/1548/1459 4311/1553/1791
f 4248/1548/1459 1549/1549/1670 4311/1553/1791
f 4334/1556/1788 4339/1552/1461 1557/1557/1678
f 4339/1552/1461 4311/1553/1791 1557/1557/1678
f 4493/1560/1465 4334/1556/1788 1561/1561/1682
f 4334/1556/1788 1557/1557/1678 1561/1561/1682
f 4486/1481/1467 4493/1560/1465 1490/1490/1611
f 4493/1560/1465 1561/1561/1682 1490/1490/1611
f 1479/1479/1600 4486/1481/1467 1489/1488/1609
f 4486/1481/1467 1490/1490/1611 1489/1488/1609
f 1568/1568/1689 1563/1563/1684 1575/1575/1696
f 1563/1563/1684 1573/1572/1693 1575/1575/1696
f 1570/1570/1691 1568/1568/1689 4495/1577/1470
f 1568/1568/1689 1575/1575/1696 4495/1577/1470
f 1580/1580/1701 1570/1570/1691 3971/1581/1792
f 1570/1570/1691 4495/1577/1470 3971/1581/1792
f 1584/1584/1704 1580/1580/1701 1585/1585/1705
f 1580/1580/1701 3971/1581/1792 1585/1585/1705
f 1588/1588/1708 1584/1584/1704 1589/1589/1709
f 1584/1584/1704 1585/1585/1705 1589/1589/1709
f 1592/1592/1712 1588/1588/1708 1593/1593/1713
f 1588/1588/1708 1589/1589/1709 1593/1593/1713
f 4100/1596/1441 1592/1592/1712 1597/1597/1717
f 1592/1592/1712 1593/1593/1713 1597/1597/1717
f 4496/1600/1793 4100/1596/1441 1601/1601/1721
f 4100/1596/1441 1597/1597/1717 1601/1601/1721
f 1606/1606/1726 4497/1604/1794 1608/1609/1729
f 4497/1604/1794 1607/1607/1727 1608/1609/1729
f 1612/1612/1732 1606/1606/1726 1613/1613/1733
f 1606/1606/1726 1608/1609/1729 1613/1613/1733
f 1616/1616/1735 1612/1612/1732 1617/1617/1736
f 1612/1612/1732 1613/1613/1733 1617/1617/1736
f 4318/1620/1780 1616/1616/1735 4275/1621/1795
f 1616/1616/1735 1617/1617/1736 4275/1621/1795
f 1624/1624/1741 4318/1620/1780 4299/1625/1452
f 4318/1620/1780 4275/1621/1795 4299/1625/1452
f 1628/1628/1745 1624/1624/1741 4498/1629/1454
f 1624/1624/1741 4299/1625/1452 4498/1629/1454
f 4247/1632/1457 1628/1628/1745 4499/1633/1796
f 1628/1628/1745 4498/1629/1454 4499/1633/1796
f 4329/1636/1785 4247/1632/1457 4360/1637/1458
f 4247/1632/1457 4499/1633/1796 4360/1637/1458
f 4112/1640/1461 4329/1636/1785 4500/1641/1791
f 4329/1636/1785 4360/1637/1458 4500/1641/1791
f 1644/1644/1760 4112/1640/1461 4349/1645/1462
f 4112/1640/1461 4500/1641/1791 4349/1645/1462
f 1564/1565/1686 1644/1644/1760 1574/1574/1695
f 1644/1644/1760 4349/1645/1462 1574/1574/1695
f 1563/1563/1684 1564/1565/1686 1573/1572/1693
f 1564/1565/1686 1574/1574/1695 1573/1572/1693
f 1377/1377/1480 1376/1375/1478 1483/1483/1604
f 1376/1375/1478 1481/1480/1601 1483/1483/1604
f 4461/1420/1474 4465/1430/1475 1487/1487/1608
f 4465/1430/1475 1492/1492/1613 1487/1487/1608
f 4457/1381/1797 1377/1377/1480 1485/1485/1606
f 1377/1377/1480 1483/1483/1604 1485/1485/1606
f 4465/1430/1475 4356/1433/1474 1492/1492/1613
f 4356/1433/1474 3981/1494/1474 1492/1492/1613
f 1383/1383/1486 4457/1381/1797 1495/1495/1616
f 4457/1381/1797 1485/1485/1606 1495/1495/1616
f 4356/1433/1474 4468/1436/1474 3981/1494/1474
f 4468/1436/1474 1498/1498/1619 3981/1494/1474
f 1385/1385/1488 1383/1383/1486 1499/1499/1620
f 1383/1383/1486 1495/1495/1616 1499/1499/1620
f 4468/1436/1474 4324/1439/1474 1498/1498/1619
f 4324/1439/1474 1502/1502/1623 1498/1498/1619
f 1387/1387/1490 1385/1385/1488 4487/1503/1797
f 1385/1385/1488 1499/1499/1620 4487/1503/1797
f 4324/1439/1474 4279/1442/1798 1502/1502/1623
f 4279/1442/1798 1506/1506/1627 1502/1502/1623
f 1389/1389/1492 1387/1387/1490 4067/1507/1797
f 1387/1387/1490 4487/1503/1797 4067/1507/1797
f 4279/1442/1798 4090/1445/1799 1506/1506/1627
f 4090/1445/1799 1510/1510/1631 1506/1506/1627
f 1391/1391/1494 1389/1389/1492 4134/1511/1797
f 1389/1389/1492 4067/1507/1797 4134/1511/1797
f 4090/1445/1799 4475/1448/1475 1510/1510/1631
f 4475/1448/1475 1514/1514/1635 1510/1510/1631
f 1395/1395/1498 1394/1393/1496 1516/1517/1638
f 1394/1393/1496 4135/1515/1800 1516/1517/1638
f 4476/1453/1474 4521/1454/1474 1521/1520/1641
f 4521/1454/1474 1522/1522/1643 1521/1520/1641
f 1397/1397/1500 1395/1395/1498 1523/1523/1644
f 1395/1395/1498 1516/1517/1638 1523/1523/1644
f 4521/1454/1474 4195/1457/1474 1522/1522/1643
f 4195/1457/1474 1526/1526/1647 1522/1522/1643
f 1399/1399/1502 1397/1397/1500 4277/1527/1801
f 1397/1397/1500 1523/1523/1644 4277/1527/1801
f 4195/1457/1474 4479/1460/1474 1526/1526/1647
f 4479/1460/1474 1530/1530/1651 1526/1526/1647
f 1401/1401/1504 1399/1399/1502 1531/1531/1652
f 1399/1399/1502 4277/1527/1801 1531/1531/1652
f 4479/1460/1474 4481/1463/1474 1530/1530/1651
f 4481/1463/1474 1534/1534/1655 1530/1530/1651
f 1403/1403/1506 1401/1401/1504 1535/1535/1656
f 1401/1401/1504 1531/1531/1652 1535/1535/1656
f 4481/1463/1474 1466/1466/1583 1534/1534/1655
f 1466/1466/1583 1538/1538/1659 1534/1534/1655
f 1405/1405/1508 1403/1403/1506 1539/1539/1660
f 1403/1403/1506 1535/1535/1656 1539/1539/1660
f 1466/1466/1583 1469/1469/1586 1538/1538/1659
f 1469/1469/1586 4490/1542/1474 1538/1538/1659
f 4016/1407/1797 1405/1405/1508 1543/1543/1664
f 1405/1405/1508 1539/1539/1660 1543/1543/1664
f 1469/1469/1586 1472/1472/1590 4490/1542/1474
f 1472/1472/1590 1546/1546/1667 4490/1542/1474
f 1409/1409/1512 4016/1407/1797 1547/1547/1668
f 4016/1407/1797 1543/1543/1664 1547/1547/1668
f 1472/1472/1590 4032/1475/1474 1546/1546/1667
f 4032/1475/1474 1550/1550/1671 1546/1546/1667
f 1411/1411/1514 1409/1409/1512 1551/1551/1672
f 1409/1409/1512 1547/1547/1668 1551/1551/1672
f 4032/1475/1474 4485/1478/1475 1550/1550/1671
f 4485/1478/1475 1554/1554/1675 1550/1550/1671
f 4460/1413/1801 1411/1411/1514 1555/1555/1676
f 1411/1411/1514 1551/1551/1672 1555/1555/1676
f 4485/1478/1475 1423/1423/1526 1554/1554/1675
f 1423/1423/1526 4492/1558/1474 1554/1554/1675
f 4331/1415/1797 4460/1413/1801 1559/1559/1680
f 4460/1413/1801 1555/1555/1676 1559/1559/1680
f 1423/1423/1526 1419/1419/1522 4492/1558/1474
f 1419/1419/1522 1562/1562/1683 4492/1558/1474
f 4456/1378/1797 4331/1415/1797 1482/1482/1603
f 4331/1415/1797 1559/1559/1680 1482/1482/1603
f 1419/1419/1522 1418/1417/1520 1562/1562/1683
f 1418/1417/1520 1488/1489/1610 1562/1562/1683
f 1376/1375/1478 4456/1378/1797 1481/1480/1601
f 4456/1378/1797 1482/1482/1603 1481/1480/1601
f 1418/1417/1520 4461/1420/1474 1488/1489/1610
f 4461/1420/1474 1487/1487/1608 1488/1489/1610
f 4463/1425/1797 4229/1424/1797 4494/1567/1797
f 4229/1424/1797 4357/1564/1797 4494/1567/1797
f 4064/1429/1797 4463/1425/1797 3967/1569/1797
f 4463/1425/1797 4494/1567/1797 3967/1569/1797
f 4466/1432/1797 4064/1429/1797 1579/1579/1700
f 4064/1429/1797 3967/1569/1797 1579/1579/1700
f 4080/1435/1802 4466/1432/1797 1583/1583/1616
f 4466/1432/1797 1579/1579/1700 1583/1583/1616
f 4005/1438/1797 4080/1435/1802 1587/1587/1707
f 4080/1435/1802 1583/1583/1616 1587/1587/1707
f 4243/1441/1797 4005/1438/1797 1591/1591/1711
f 4005/1438/1797 1587/1587/1707 1591/1591/1711
f 4036/1444/1797 4243/1441/1797 1595/1595/1715
f 4243/1441/1797 1591/1591/1711 1595/1595/1715
f 4473/1447/1803 4036/1444/1797 1599/1599/1719
f 4036/1444/1797 1595/1595/1715 1599/1599/1719
f 1452/1452/1564 4474/1450/1797 1604/1605/1725
f 4474/1450/1797 1603/1603/1723 1604/1605/1725
f 1456/1456/1570 1452/1452/1564 1611/1611/1731
f 1452/1452/1564 1604/1605/1725 1611/1611/1731
f 4478/1459/1797 1456/1456/1570 4133/1615/1797
f 1456/1456/1570 1611/1611/1731 4133/1615/1797
f 4070/1462/1797 4478/1459/1797 1619/1619/1652
f 4478/1459/1797 4133/1615/1797 1619/1619/1652
f 1465/1465/1582 4070/1462/1797 1623/1623/1656
f 4070/1462/1797 1619/1619/1652 1623/1623/1656
f 1468/1468/1585 1465/1465/1582 1627/1627/1744
f 1465/1465/1582 1623/1623/1656 1627/1627/1744
f 1471/1471/1589 1468/1468/1585 1631/1631/1748
f 1468/1468/1585 1627/1627/1744 1631/1631/1748
f 1474/1474/1593 1471/1471/1589 1635/1635/1752
f 1471/1471/1589 1631/1631/1748 1635/1635/1752
f 4484/1477/1797 1474/1474/1593 1639/1639/1756
f 1474/1474/1593 1635/1635/1752 1639/1639/1756
f 4079/1427/1797 4484/1477/1797 1643/1643/1759
f 4484/1477/1797 1639/1639/1756 1643/1643/1759
f 4464/1426/1801 4079/1427/1797 1566/1566/1687
f 4079/1427/1797 1643/1643/1759 1566/1566/1687
f 4229/1424/1797 4464/1426/1801 4357/1564/1797
f 4464/1426/1801 1566/1566/1687 4357/1564/1797
f 1689/1689/1804 1691/1690/1805 1690/1691/1806
f 1691/1690/1805 1692/1692/1807 1690/1691/1806
f 1691/1690/1805 1689/1689/1804 1693/1693/1808
f 1689/1689/1804 1694/1694/1809 1693/1693/1808
f 1693/1693/1808 1694/1694/1809 1695/1695/1810
f 1694/1694/1809 1696/1696/1811 1695/1695/1810
f 1690/1691/1806 1692/1692/1807 1697/1697/1812
f 1692/1692/1807 1698/1698/1813 1697/1697/1812
f 1697/1697/1812 1698/1698/1813 1699/1699/1814
f 1698/1698/1813 1700/1700/1815 1699/1699/1814
f 1699/1699/1814 1700/1700/1815 1701/1701/1816
f 1700/1700/1815 1702/1702/1817 1701/1701/1816
f 1701/1701/1816 1702/1702/1817 1703/1703/1818
f 1702/1702/1817 1704/1704/1819 1703/1703/1818
f 1703/1703/1818 1704/1704/1819 1705/1705/1820
f 1704/1704/1819 1706/1706/1821 1705/1705/1820
f 1707/1707/1820 1709/1708/1822 1708/1709/1823
f 1709/1708/1822 1710/1710/1824 1708/1709/1823
f 1708/1709/1823 1710/1710/1824 1711/1711/1825
f 1710/1710/1824 1712/1712/1826 1711/1711/1825
f 1711/1711/1825 1712/1712/1826 1713/1713/1827
f 1712/1712/1826 1714/1714/1828 1713/1713/1827
f 1713/1713/1827 1714/1714/1828 1715/1715/1829
f 1714/1714/1828 1716/1716/1830 1715/1715/1829
f 1715/1715/1829 1716/1716/1830 1717/1717/1831
f 1716/1716/1830 1718/1718/1832 1717/1717/1831
f 1717/1717/1831 1718/1718/1832 1719/1719/1833
f 1718/1718/1832 1720/1720/1834 1719/1719/1833
f 1719/1719/1833 1720/1720/1834 1721/1721/1835
f 1720/1720/1834 1722/1722/1836 1721/1721/1835
f 1721/1721/1835 1722/1722/1836 1723/1723/1837
f 1722/1722/1836 1724/1724/1838 1723/1723/1837
f 1723/1723/1837 1724/1724/1838 1725/1725/1839
f 1724/1724/1838 1726/1726/1840 1725/1725/1839
f 1725/1725/1839 1726/1726/1840 1727/1727/1841
f 1726/1726/1840 1728/1728/1842 1727/1727/1841
f 1727/1727/1841 1728/1728/1842 1729/1729/1843
f 1728/1728/1842 1730/1730/1844 1729/1729/1843
f 1729/1729/1843 1730/1730/1844 1696/1696/1811
f 1730/1730/1844 1695/1695/1810 1696/1696/1811
f 1731/1731/1845 1733/1732/1846 1732/1733/1847
f 1733/1732/1846 1734/1734/1848 1732/1733/1847
f 1733/1732/1846 1731/1731/1845 1735/1735/1849
f 1731/1731/1845 1736/1736/1850 1735/1735/1849
f 1732/1733/1847 1734/1734/1848 1737/1737/1851
f 1734/1734/1848 1738/1738/1852 1737/1737/1851
f 1737/1737/1851 1738/1738/1852 1739/1739/1853
f 1738/1738/1852 1740/1740/1854 1739/1739/1853
f 1739/1739/1853 1740/1740/1854 1741/1741/1855
f 1740/1740/1854 1742/1742/1856 1741/1741/1855
f 1741/1741/1855 1742/1742/1856 1743/1743/1857
f 1742/1742/1856 1744/1744/1858 1743/1743/1857
f 1743/1743/1857 1744/1744/1858 1745/1745/1859
f 1744/1744/1858 1746/1746/1860 1745/1745/1859
f 1745/1745/1859 1746/1746/1860 1747/1747/1861
f 1746/1746/1860 1748/1748/1862 1747/1747/1861
f 1749/1749/1863 1751/1750/1864 1750/1751/1865
f 1751/1750/1864 1752/1752/1866 1750/1751/1865
f 1750/1751/1865 1752/1752/1866 1753/1753/1867
f 1752/1752/1866 1754/1754/1868 1753/1753/1867
f 1753/1753/1867 1754/1754/1868 1755/1755/1869
f 1754/1754/1868 1756/1756/1870 1755/1755/1869
f 1755/1755/1869 1756/1756/1870 1757/1757/1871
f 1756/1756/1870 1758/1758/1872 1757/1757/1871
f 1757/1757/1871 1758/1758/1872 1759/1759/1873
f 1758/1758/1872 1760/1760/1874 1759/1759/1873
f 1759/1759/1873 1760/1760/1874 1761/1761/1875
f 1760/1760/1874 1762/1762/1876 1761/1761/1875
f 1761/1761/1875 1762/1762/1876 1763/1763/1877
f 1762/1762/1876 1764/1764/1878 1763/1763/1877
f 1763/1763/1877 1764/1764/1878 1765/1765/1879
f 1764/1764/1878 1766/1766/1880 1765/1765/1879
f 1765/1765/1879 1766/1766/1880 1767/1767/1881
f 1766/1766/1880 1768/1768/1882 1767/1767/1881
f 1767/1767/1881 1768/1768/1882 1769/1769/1883
f 1768/1768/1882 1770/1770/1884 1769/1769/1883
f 1769/1769/1883 1770/1770/1884 1771/1771/1885
f 1770/1770/1884 1772/1772/1886 1771/1771/1885
f 1771/1771/1885 1772/1772/1886 1736/1736/1850
f 1772/1772/1886 1735/1735/1849 1736/1736/1850
f 1773/1773/1887 1775/1774/1888 1774/1775/1889
f 1775/1774/1888 1776/1776/1890 1774/1775/1889
f 1775/1774/1888 1773/1773/1887 1777/1777/1891
f 1773/1773/1887 1778/1778/1892 1777/1777/1891
f 1774/1775/1889 1776/1776/1890 1779/1779/1893
f 1776/1776/1890 1780/1780/1894 1779/1779/1893
f 1779/1779/1893 1780/1780/1894 1781/1781/1895
f 1780/1780/1894 1782/1782/1896 1781/1781/1895
f 1781/1781/1895 1782/1782/1896 1783/1783/1897
f 1782/1782/1896 1784/1784/1898 1783/1783/1897
f 1783/1783/1897 1784/1784/1898 1785/1785/1899
f 1784/1784/1898 1786/1786/1900 1785/1785/1899
f 1785/1785/1899 1786/1786/1900 1787/1787/1901
f 1786/1786/1900 1788/1788/1902 1787/1787/1901
f 1787/1787/1901 1788/1788/1902 1789/1789/1903
f 1788/1788/1902 1790/1790/1904 1789/1789/1903
f 1791/1791/1905 1793/1792/1904 1792/1793/1906
f 1793/1792/1904 1794/1794/1907 1792/1793/1906
f 1792/1793/1906 1794/1794/1907 1795/1795/1908
f 1794/1794/1907 1796/1796/1909 1795/1795/1908
f 1795/1795/1908 1796/1796/1909 1797/1797/1910
f 1796/1796/1909 1798/1798/1911 1797/1797/1910
f 1797/1797/1910 1798/1798/1911 1799/1799/1912
f 1798/1798/1911 1800/1800/1913 1799/1799/1912
f 1799/1799/1912 1800/1800/1913 1801/1801/1914
f 1800/1800/1913 1802/1802/1915 1801/1801/1914
f 1801/1801/1914 1802/1802/1915 1803/1803/1916
f 1802/1802/1915 1804/1804/1917 1803/1803/1916
f 1803/1803/1916 1804/1804/1917 1805/1805/1918
f 1804/1804/1917 1806/1806/1919 1805/1805/1918
f 1805/1805/1918 1806/1806/1919 1807/1807/1920
f 1806/1806/1919 1808/1808/1921 1807/1807/1920
f 1807/1807/1920 1808/1808/1921 1809/1809/1922
f 1808/1808/1921 1810/1810/1923 1809/1809/1922
f 1809/1809/1922 1810/1810/1923 1811/1811/1924
f 1810/1810/1923 1812/1812/1925 1811/1811/1924
f 1811/1811/1924 1812/1812/1925 1813/1813/1926
f 1812/1812/1925 1814/1814/1927 1813/1813/1926
f 1813/1813/1926 1814/1814/1927 1778/1778/1892
f 1814/1814/1927 1777/1777/1891 1778/1778/1892
f 1694/1694/1809 1689/1689/1804 1576/1576/1697
f 1689/1689/1804 1578/1578/1699 1576/1576/1697
f 1689/1689/1804 1690/1691/1806 1578/1578/1699
f 1690/1691/1806 1582/1582/1703 1578/1578/1699
f 1690/1691/1806 1697/1697/1812 1582/1582/1703
f 1697/1697/1812 1586/1586/1706 1582/1582/1703
f 1697/1697/1812 1699/1699/1814 1586/1586/1706
f 1699/1699/1814 1590/1590/1710 1586/1586/1706
f 1699/1699/1814 1701/1701/1816 1590/1590/1710
f 1701/1701/1816 1594/1594/1714 1590/1590/1710
f 1701/1701/1816 1703/1703/1818 1594/1594/1714
f 1703/1703/1818 1598/1598/1718 1594/1594/1714
f 1703/1703/1818 1705/1705/1820 1598/1598/1718
f 1705/1705/1820 1602/1602/1722 1598/1598/1718
f 1707/1707/1820 1708/1709/1823 1609/1608/1728
f 1708/1709/1823 1610/1610/1730 1609/1608/1728
f 1708/1709/1823 1711/1711/1825 1610/1610/1730
f 1711/1711/1825 1614/1614/1734 1610/1610/1730
f 1711/1711/1825 1713/1713/1827 1614/1614/1734
f 1713/1713/1827 1618/1618/1737 1614/1614/1734
f 1713/1713/1827 1715/1715/1829 1618/1618/1737
f 1715/1715/1829 1622/1622/1740 1618/1618/1737
f 1715/1715/1829 1717/1717/1831 1622/1622/1740
f 1717/1717/1831 1626/1626/1743 1622/1622/1740
f 1717/1717/1831 1719/1719/1833 1626/1626/1743
f 1719/1719/1833 1630/1630/1747 1626/1626/1743
f 1719/1719/1833 1721/1721/1835 1630/1630/1747
f 1721/1721/1835 1634/1634/1751 1630/1630/1747
f 1721/1721/1835 1723/1723/1837 1634/1634/1751
f 1723/1723/1837 1638/1638/1755 1634/1634/1751
f 1723/1723/1837 1725/1725/1839 1638/1638/1755
f 1725/1725/1839 1642/1642/1758 1638/1638/1755
f 1725/1725/1839 1727/1727/1841 1642/1642/1758
f 1727/1727/1841 1646/1646/1762 1642/1642/1758
f 1727/1727/1841 1729/1729/1843 1646/1646/1762
f 1729/1729/1843 1572/1573/1694 1646/1646/1762
f 1729/1729/1843 1696/1696/1811 1572/1573/1694
f 1696/1696/1811 1571/1571/1692 1572/1573/1694
f 1696/1696/1811 1694/1694/1809 1571/1571/1692
f 1694/1694/1809 1576/1576/1697 1571/1571/1692
f 1691/1690/1805 1693/1693/1808 1732/1733/1847
f 1693/1693/1808 1731/1731/1845 1732/1733/1847
f 1692/1692/1807 1691/1690/1805 1737/1737/1851
f 1691/1690/1805 1732/1733/1847 1737/1737/1851
f 1698/1698/1813 1692/1692/1807 1739/1739/1853
f 1692/1692/1807 1737/1737/1851 1739/1739/1853
f 1700/1700/1815 1698/1698/1813 1741/1741/1855
f 1698/1698/1813 1739/1739/1853 1741/1741/1855
f 1702/1702/1817 1700/1700/1815 1743/1743/1857
f 1700/1700/1815 1741/1741/1855 1743/1743/1857
f 1704/1704/1819 1702/1702/1817 1745/1745/1859
f 1702/1702/1817 1743/1743/1857 1745/1745/1859
f 1706/1706/1821 1704/1704/1819 1747/1747/1861
f 1704/1704/1819 1745/1745/1859 1747/1747/1861
f 1710/1710/1824 1709/1708/1822 1750/1751/1865
f 1709/1708/1822 1749/1749/1863 1750/1751/1865
f 1712/1712/1826 1710/1710/1824 1753/1753/1867
f 1710/1710/1824 1750/1751/1865 1753/1753/1867
f 1714/1714/1828 1712/1712/1826 1755/1755/1869
f 1712/1712/1826 1753/1753/1867 1755/1755/1869
f 1716/1716/1830 1714/1714/1828 1757/1757/1871
f 1714/1714/1828 1755/1755/1869 1757/1757/1871
f 1718/1718/1832 1716/1716/1830 1759/1759/1873
f 1716/1716/1830 1757/1757/1871 1759/1759/1873
f 1720/1720/1834 1718/1718/1832 1761/1761/1875
f 1718/1718/1832 1759/1759/1873 1761/1761/1875
f 1722/1722/1836 1720/1720/1834 1763/1763/1877
f 1720/1720/1834 1761/1761/1875 1763/1763/1877
f 1724/1724/1838 1722/1722/1836 1765/1765/1879
f 1722/1722/1836 1763/1763/1877 1765/1765/1879
f 1726/1726/1840 1724/1724/1838 1767/1767/1881
f 1724/1724/1838 1765/1765/1879 1767/1767/1881
f 1728/1728/1842 1726/1726/1840 1769/1769/1883
f 1726/1726/1840 1767/1767/1881 1769/1769/1883
f 1730/1730/1844 1728/1728/1842 1771/1771/1885
f 1728/1728/1842 1769/1769/1883 1771/1771/1885
f 1695/1695/1810 1730/1730/1844 1736/1736/1850
f 1730/1730/1844 1771/1771/1885 1736/1736/1850
f 1693/1693/1808 1695/1695/1810 1731/1731/1845
f 1695/1695/1810 1736/1736/1850 1731/1731/1845
f 1734/1734/1848 1733/1732/1846 1774/1775/1889
f 1733/1732/1846 1773/1773/1887 1774/1775/1889
f 1738/1738/1852 1734/1734/1848 1779/1779/1893
f 1734/1734/1848 1774/1775/1889 1779/1779/1893
f 1740/1740/1854 1738/1738/1852 1781/1781/1895
f 1738/1738/1852 1779/1779/1893 1781/1781/1895
f 1742/1742/1856 1740/1740/1854 1783/1783/1897
f 1740/1740/1854 1781/1781/1895 1783/1783/1897
f 1744/1744/1858 1742/1742/1856 1785/1785/1899
f 1742/1742/1856 1783/1783/1897 1785/1785/1899
f 1746/1746/1860 1744/1744/1858 1787/1787/1901
f 1744/1744/1858 1785/1785/1899 1787/1787/1901
f 1748/1748/1862 1746/1746/1860 1789/1789/1903
f 1746/1746/1860 1787/1787/1901 1789/1789/1903
f 1752/1752/1866 1751/1750/1864 1792/1793/1906
f 1751/1750/1864 1791/1791/1905 1792/1793/1906
f 1754/1754/1868 1752/1752/1866 1795/1795/1908
f 1752/1752/1866 1792/1793/1906 1795/1795/1908
f 1756/1756/1870 1754/1754/1868 1797/1797/1910
f 1754/1754/1868 1795/1795/1908 1797/1797/1910
f 1758/1758/1872 1756/1756/1870 1799/1799/1912
f 1756/1756/1870 1797/1797/1910 1799/1799/1912
f 1760/1760/1874 1758/1758/1872 1801/1801/1914
f 1758/1758/1872 1799/1799/1912 1801/1801/1914
f 1762/1762/1876 1760/1760/1874 1803/1803/1916
f 1760/1760/1874 1801/1801/1914 1803/1803/1916
f 1764/1764/1878 1762/1762/1876 1805/1805/1918
f 1762/1762/1876 1803/1803/1916 1805/1805/1918
f 1766/1766/1880 1764/1764/1878 1807/1807/1920
f 1764/1764/1878 1805/1805/1918 1807/1807/1920
f 1768/1768/1882 1766/1766/1880 1809/1809/1922
f 1766/1766/1880 1807/1807/1920 1809/1809/1922
f 1770/1770/1884 1768/1768/1882 1811/1811/1924
f 1768/1768/1882 1809/1809/1922 1811/1811/1924
f 1772/1772/1886 1770/1770/1884 1813/1813/1926
f 1770/1770/1884 1811/1811/1924 1813/1813/1926
f 1735/1735/1849 1772/1772/1886 1778/1778/1892
f 1772/1772/1886 1813/1813/1926 1778/1778/1892
f 1733/1732/1846 1735/1735/1849 1773/1773/1887
f 1735/1735/1849 1778/1778/1892 1773/1773/1887
f 1804/1804/1917 1802/1802/1915 1815/1815/1454
f 1802/1802/1915 1816/1816/1928 1815/1815/1454
f 1806/1806/1919 1804/1804/1917 1817/1817/1929
f 1804/1804/1917 1815/1815/1454 1817/1817/1929
f 1808/1808/1921 1806/1806/1919 1818/1818/1458
f 1806/1806/1919 1817/1817/1929 1818/1818/1458
f 1810/1810/1923 1808/1808/1921 1819/1819/1791
f 1808/1808/1921 1818/1818/1458 1819/1819/1791
f 1812/1812/1925 1810/1810/1923 1820/1820/1462
f 1810/1810/1923 1819/1819/1791 1820/1820/1462
f 1814/1814/1927 1812/1812/1925 1821/1821/1464
f 1812/1812/1925 1820/1820/1462 1821/1821/1464
f 1777/1777/1891 1814/1814/1927 1822/1822/1466
f 1814/1814/1927 1821/1821/1464 1822/1822/1466
f 1775/1774/1888 1777/1777/1891 1823/1823/1930
f 1777/1777/1891 1822/1822/1466 1823/1823/1930
f 1776/1776/1890 1775/1774/1888 1824/1824/1470
f 1775/1774/1888 1823/1823/1930 1824/1824/1470
f 1780/1780/1894 1776/1776/1890 1825/1825/1792
f 1776/1776/1890 1824/1824/1470 1825/1825/1792
f 1782/1782/1896 1780/1780/1894 1826/1826/1434
f 1780/1780/1894 1825/1825/1792 1826/1826/1434
f 1784/1784/1898 1782/1782/1896 1827/1827/1931
f 1782/1782/1896 1826/1826/1434 1827/1827/1931
f 1786/1786/1900 1784/1784/1898 1828/1828/1790
f 1784/1784/1898 1827/1827/1931 1828/1828/1790
f 1788/1788/1902 1786/1786/1900 1829/1829/1440
f 1786/1786/1900 1828/1828/1790 1829/1829/1440
f 1790/1790/1904 1788/1788/1902 1830/1830/1776
f 1788/1788/1902 1829/1829/1440 1830/1830/1776
f 1794/1794/1907 1793/1792/1904 1831/1831/1444
f 1793/1792/1904 1832/1832/1932 1831/1831/1444
f 1796/1796/1909 1794/1794/1907 1833/1833/1446
f 1794/1794/1907 1831/1831/1444 1833/1833/1446
f 1798/1798/1911 1796/1796/1909 1834/1834/1448
f 1796/1796/1909 1833/1833/1446 1834/1834/1448
f 1800/1800/1913 1798/1798/1911 1835/1835/1450
f 1798/1798/1911 1834/1834/1448 1835/1835/1450
f 1802/1802/1915 1800/1800/1913 1816/1816/1928
f 1800/1800/1913 1835/1835/1450 1816/1816/1928
f 1836/1836/1933 1838/1837/1934 1837/1838/1935
f 1838/1837/1934 1839/1839/1936 1837/1838/1935
f 1840/1840/1937 1842/1841/1938 1841/1842/1939
f 1842/1841/1938 1843/1843/1940 1841/1842/1939
f 1844/1844/1941 1846/1845/1942 1845/1846/1943
f 1846/1845/1942 1847/1847/1944 1845/1846/1943
f 1848/1848/1945 1850/1849/1946 1849/1850/1947
f 1850/1849/1946 1851/1851/1948 1849/1850/1947
f 1852/1852/1949 1854/1853/1950 1853/1854/1951
f 1854/1853/1950 1855/1855/1952 1853/1854/1951
f 1856/1856/1953 1858/1857/1954 1857/1858/1955
f 1858/1857/1954 1859/1859/1956 1857/1858/1955
f 1860/1860/1957 1862/1861/1958 1861/1862/1959
f 1862/1861/1958 1863/1863/1960 1861/1862/1959
f 1864/1864/1961 1866/1865/1962 1865/1866/1963
f 1866/1865/1962 1867/1867/1964 1865/1866/1963
f 1839/1839/1936 1842/1841/1938 1837/1838/1935
f 1842/1841/1938 1840/1840/1937 1837/1838/1935
f 1843/1843/1940 1846/1845/1942 1841/1842/1939
f 1846/1845/1942 1844/1844/1941 1841/1842/1939
f 1847/1847/1944 1850/1849/1946 1845/1846/1943
f 1850/1849/1946 1848/1848/1945 1845/1846/1943
f 1851/1851/1948 1854/1853/1950 1849/1850/1947
f 1854/1853/1950 1852/1852/1949 1849/1850/1947
f 1855/1855/1952 1858/1857/1954 1853/1854/1951
f 1858/1857/1954 1856/1856/1953 1853/1854/1951
f 1859/1859/1956 1862/1861/1958 1857/1858/1955
f 1862/1861/1958 1860/1860/1957 1857/1858/1955
f 1863/1863/1960 1866/1865/1962 1861/1862/1959
f 1866/1865/1962 1864/1864/1961 1861/1862/1959
f 1867/1867/1964 1838/1837/1934 1865/1866/1963
f 1838/1837/1934 1836/1836/1933 1865/1866/1963
f 1868/1868/1965 1870/1869/1966 1869/1870/1967
f 1871/1871/1968 1870/1869/1966 1872/1872/1969
f 1873/1873/1970 1870/1869/1966 1874/1874/1971
f 1875/1875/1972 1870/1869/1966 1876/1876/1973
f 1877/1877/1974 1870/1869/1966 1878/1878/1975
f 1879/1879/1976 1870/1869/1966 1880/1880/1977
f 1881/1881/1978 1870/1869/1966 1882/1882/1979
f 1883/1883/1980 1870/1869/1966 1884/1884/1981
f 1884/1884/1981 1870/1869/1966 1868/1868/1965
f 1869/1870/1967 1870/1869/1966 1871/1871/1968
f 1872/1872/1969 1870/1869/1966 1873/1873/1970
f 1874/1874/1971 1870/1869/1966 1875/1875/1972
f 1876/1876/1973 1870/1869/1966 1877/1877/1974
f 1878/1878/1975 1870/1869/1966 1879/1879/1976
f 1880/1880/1977 1870/1869/1966 1881/1881/1978
f 1882/1882/1979 1870/1869/1966 1883/1883/1980
f 1885/1885/1982 1887/1886/1983 1886/1887/1984
f 1887/1886/1983 1888/1888/1985 1886/1887/1984
f 1885/1885/1982 1886/1887/1984 1889/1889/1986
f 1886/1887/1984 1890/1890/1987 1889/1889/1986
f 1890/1890/1987 1891/1891/1988 1889/1889/1986
f 1891/1891/1988 1892/1892/1989 1889/1889/1986
f 1892/1892/1989 1891/1891/1988 1893/1893/1990
f 1891/1891/1988 1894/1894/1991 1893/1893/1990
f 1894/1894/1991 1895/1895/1992 1893/1893/1990
f 1895/1895/1992 1896/1896/1993 1893/1893/1990
f 1896/1896/1993 1895/1895/1992 1897/1897/1994
f 1895/1895/1992 1898/1898/1995 1897/1897/1994
f 1898/1898/1995 1899/1899/1996 1897/1897/1994
f 1899/1899/1996 1900/1900/1997 1897/1897/1994
f 1900/1900/1997 1899/1899/1996 1901/1901/1998
f 1899/1899/1996 1902/1902/1999 1901/1901/1998
f 1902/1902/1999 1903/1903/2000 1901/1901/1998
f 1903/1903/2000 1904/1904/2001 1901/1901/1998
f 1904/1904/2001 1903/1903/2000 1905/1905/2002
f 1903/1903/2000 1906/1906/2003 1905/1905/2002
f 1906/1906/2003 1907/1907/2004 1905/1905/2002
f 1907/1907/2004 1908/1908/2005 1905/1905/2002
f 1908/1908/2005 1907/1907/2004 1909/1909/2006
f 1907/1907/2004 1910/1910/2007 1909/1909/2006
f 1910/1910/2007 1911/1911/2008 1909/1909/2006
f 1911/1911/2008 1912/1912/2009 1909/1909/2006
f 1912/1912/2009 1911/1911/2008 1913/1913/2010
f 1911/1911/2008 1914/1914/2011 1913/1913/2010
f 1914/1914/2011 1915/1915/2012 1913/1913/2010
f 1915/1915/2012 1916/1916/2013 1913/1913/2010
f 1916/1916/2013 1915/1915/2012 1887/1886/1983
f 1915/1915/2012 1888/1888/1985 1887/1886/1983
f 1842/1841/1938 1839/1839/1936 1902/1902/1999
f 1839/1839/1936 1903/1903/2000 1902/1902/1999
f 1846/1845/1942 1843/1843/1940 1898/1898/1995
f 1843/1843/1940 1899/1899/1996 1898/1898/1995
f 1850/1849/1946 1847/1847/1944 1894/1894/1991
f 1847/1847/1944 1895/1895/1992 1894/1894/1991
f 1854/1853/1950 1851/1851/1948 1890/1890/1987
f 1851/1851/1948 1891/1891/1988 1890/1890/1987
f 1858/1857/1954 1855/1855/1952 1888/1888/1985
f 1855/1855/1952 1886/1887/1984 1888/1888/1985
f 1862/1861/1958 1859/1859/1956 1914/1914/2011
f 1859/1859/1956 1915/1915/2012 1914/1914/2011
f 1866/1865/1962 1863/1863/1960 1910/1910/2007
f 1863/1863/1960 1911/1911/2008 1910/1910/2007
f 1838/1837/1934 1867/1867/1964 1906/1906/2003
f 1867/1867/1964 1907/1907/2004 1906/1906/2003
f 1838/1837/1934 1906/1906/2003 1839/1839/1936
f 1906/1906/2003 1903/1903/2000 1839/1839/1936
f 1842/1841/1938 1902/1902/1999 1843/1843/1940
f 1902/1902/1999 1899/1899/1996 1843/1843/1940
f 1846/1845/1942 1898/1898/1995 1847/1847/1944
f 1898/1898/1995 1895/1895/1992 1847/1847/1944
f 1850/1849/1946 1894/1894/1991 1851/1851/1948
f 1894/1894/1991 1891/1891/1988 1851/1851/1948
f 1854/1853/1950 1890/1890/1987 1855/1855/1952
f 1890/1890/1987 1886/1887/1984 1855/1855/1952
f 1858/1857/1954 1888/1888/1985 1859/1859/1956
f 1888/1888/1985 1915/1915/2012 1859/1859/1956
f 1862/1861/1958 1914/1914/2011 1863/1863/1960
f 1914/1914/2011 1911/1911/2008 1863/1863/1960
f 1866/1865/1962 1910/1910/2007 1867/1867/1964
f 1910/1910/2007 1907/1907/2004 1867/1867/1964
f 1889/1889/1986 4089/1876/2014 1885/1885/1982
f 4089/1876/2014 4506/1877/2015 1885/1885/1982
f 1889/1889/1986 1892/1892/1989 4089/1876/2014
f 1892/1892/1989 4505/1875/2016 4089/1876/2014
f 1893/1893/1990 4254/1874/2017 1892/1892/1989
f 4254/1874/2017 4505/1875/2016 1892/1892/1989
f 1893/1893/1990 1896/1896/1993 4254/1874/2017
f 1896/1896/1993 4504/1873/2018 4254/1874/2017
f 1897/1897/1994 4003/1872/2019 1896/1896/1993
f 4003/1872/2019 4504/1873/2018 1896/1896/1993
f 1897/1897/1994 1900/1900/1997 4003/1872/2019
f 1900/1900/1997 4503/1871/2020 4003/1872/2019
f 1901/1901/1998 4502/1870/2021 1900/1900/1997
f 4502/1870/2021 4503/1871/2020 1900/1900/1997
f 1901/1901/1998 1904/1904/2001 4502/1870/2021
f 1904/1904/2001 4501/1868/2022 4502/1870/2021
f 1905/1905/2002 3990/1884/2023 1904/1904/2001
f 3990/1884/2023 4501/1868/2022 1904/1904/2001
f 1905/1905/2002 1908/1908/2005 3990/1884/2023
f 1908/1908/2005 4511/1883/2024 3990/1884/2023
f 1909/1909/2006 4271/1882/2025 1908/1908/2005
f 4271/1882/2025 4511/1883/2024 1908/1908/2005
f 1909/1909/2006 1912/1912/2009 4271/1882/2025
f 1912/1912/2009 4510/1881/2026 4271/1882/2025
f 1913/1913/2010 4088/1880/2027 1912/1912/2009
f 4088/1880/2027 4510/1881/2026 1912/1912/2009
f 1913/1913/2010 1916/1916/2013 4088/1880/2027
f 1916/1916/2013 4509/1879/2028 4088/1880/2027
f 1887/1886/1983 4507/1878/2029 1916/1916/2013
f 4507/1878/2029 4509/1879/2028 1916/1916/2013
f 1887/1886/1983 1885/1885/1982 4507/1878/2029
f 1885/1885/1982 4506/1877/2015 4507/1878/2029
f 1917/1917/2030 1919/1918/2031 1918/1919/2032
f 1920/1920/2033 1919/1918/2031 1921/1921/2034
f 1922/1922/2035 1919/1918/2031 1923/1923/2032
f 1924/1924/2036 1919/1918/2031 1925/1925/2037
f 1926/1926/2038 1919/1918/2031 1927/1927/2039
f 1928/1928/2040 1919/1918/2031 1929/1929/2032
f 1930/1930/2041 1919/1918/2031 1931/1931/2042
f 1932/1932/2043 1919/1918/2031 1933/1933/2044
f 1918/1919/2032 1919/1918/2031 1932/1932/2043
f 1921/1921/2034 1919/1918/2031 1917/1917/2030
f 1923/1923/2032 1919/1918/2031 1920/1920/2033
f 1925/1925/2037 1919/1918/2031 1922/1922/2035
f 1927/1927/2039 1919/1918/2031 1924/1924/2036
f 1929/1929/2032 1919/1918/2031 1926/1926/2038
f 1931/1931/2042 1919/1918/2031 1928/1928/2040
f 1933/1933/2044 1919/1918/2031 1930/1930/2041
f 1934/1934/2045 1936/1935/2046 1935/1936/2047
f 1936/1935/2046 1937/1937/2048 1935/1936/2047
f 1935/1936/2047 1937/1937/2048 1938/1938/2049
f 1937/1937/2048 1939/1939/2050 1938/1938/2049
f 1938/1938/2049 1939/1939/2050 1940/1940/2051
f 1939/1939/2050 1941/1941/2052 1940/1940/2051
f 1940/1940/2051 1941/1941/2052 1942/1942/2053
f 1941/1941/2052 1943/1943/2054 1942/1942/2053
f 1942/1942/2053 1943/1943/2054 1944/1944/2055
f 1943/1943/2054 1945/1945/2056 1944/1944/2055
f 1944/1944/2055 1945/1945/2056 1946/1946/2057
f 1945/1945/2056 1947/1947/2058 1946/1946/2057
f 1946/1946/2057 1947/1947/2058 1948/1948/2059
f 1947/1947/2058 1949/1949/2060 1948/1948/2059
f 1948/1948/2059 1949/1949/2060 1950/1950/2061
f 1949/1949/2060 1951/1951/2062 1950/1950/2061
f 1950/1950/2061 1951/1951/2062 1952/1952/2063
f 1951/1951/2062 1953/1953/2064 1952/1952/2063
f 1952/1952/2063 1953/1953/2064 1954/1954/2065
f 1953/1953/2064 1955/1955/2066 1954/1954/2065
f 1956/1956/2065 1958/1957/2067 1957/1958/2068
f 1958/1957/2067 1959/1959/2069 1957/1958/2068
f 1957/1958/2068 1959/1959/2069 1960/1960/2070
f 1959/1959/2069 1961/1961/2071 1960/1960/2070
f 1960/1960/2070 1961/1961/2071 1962/1962/2072
f 1961/1961/2071 1963/1963/2073 1962/1962/2072
f 1962/1962/2072 1963/1963/2073 1964/1964/2074
f 1963/1963/2073 1965/1965/2075 1964/1964/2074
f 1964/1964/2074 1965/1965/2075 1966/1966/2076
f 1965/1965/2075 1967/1967/2077 1966/1966/2076
f 1966/1966/2076 1967/1967/2077 1968/1968/2078
f 1967/1967/2077 1969/1969/2079 1968/1968/2078
f 1968/1968/2078 1969/1969/2079 1970/1970/2080
f 1969/1969/2079 1971/1971/2081 1970/1970/2080
f 1970/1970/2080 1971/1971/2081 1972/1972/2082
f 1971/1971/2081 1973/1973/2083 1972/1972/2082
f 1972/1972/2082 1973/1973/2083 1974/1974/2084
f 1973/1973/2083 1975/1975/2085 1974/1974/2084
f 1974/1974/2084 1975/1975/2085 1976/1976/2045
f 1975/1975/2085 1977/1977/2046 1976/1976/2045
f 1936/1935/2046 1978/1978/2086 1937/1937/2048
f 1978/1978/2086 1979/1979/2087 1937/1937/2048
f 1937/1937/2048 1979/1979/2087 1939/1939/2050
f 1979/1979/2087 1980/1980/2088 1939/1939/2050
f 1939/1939/2050 1980/1980/2088 1941/1941/2052
f 1980/1980/2088 1981/1981/2089 1941/1941/2052
f 1941/1941/2052 1981/1981/2089 1943/1943/2054
f 1981/1981/2089 1982/1982/2090 1943/1943/2054
f 1943/1943/2054 1982/1982/2090 1945/1945/2056
f 1982/1982/2090 1983/1983/2091 1945/1945/2056
f 1945/1945/2056 1983/1983/2091 1947/1947/2058
f 1983/1983/2091 1984/1984/2092 1947/1947/2058
f 1947/1947/2058 1984/1984/2092 1949/1949/2060
f 1984/1984/2092 1985/1985/2093 1949/1949/2060
f 1949/1949/2060 1985/1985/2093 1951/1951/2062
f 1985/1985/2093 1986/1986/2094 1951/1951/2062
f 1951/1951/2062 1986/1986/2094 1953/1953/2064
f 1986/1986/2094 1987/1987/2095 1953/1953/2064
f 1953/1953/2064 1987/1987/2095 1955/1955/2066
f 1987/1987/2095 1988/1988/2096 1955/1955/2066
f 1958/1957/2067 1989/1989/2097 1959/1959/2069
f 1989/1989/2097 1990/1990/2098 1959/1959/2069
f 1959/1959/2069 1990/1990/2098 1961/1961/2071
f 1990/1990/2098 1991/1991/2099 1961/1961/2071
f 1961/1961/2071 1991/1991/2099 1963/1963/2073
f 1991/1991/2099 1992/1992/2100 1963/1963/2073
f 1963/1963/2073 1992/1992/2100 1965/1965/2075
f 1992/1992/2100 1993/1993/2101 1965/1965/2075
f 1965/1965/2075 1993/1993/2101 1967/1967/2077
f 1993/1993/2101 1994/1994/2102 1967/1967/2077
f 1967/1967/2077 1994/1994/2102 1969/1969/2079
f 1994/1994/2102 1995/1995/2103 1969/1969/2079
f 1969/1969/2079 1995/1995/2103 1971/1971/2081
f 1995/1995/2103 1996/1996/2104 1971/1971/2081
f 1971/1971/2081 1996/1996/2104 1973/1973/2083
f 1996/1996/2104 1997/1997/2105 1973/1973/2083
f 1973/1973/2083 1997/1997/2105 1975/1975/2085
f 1997/1997/2105 1998/1998/2106 1975/1975/2085
f 1975/1975/2085 1998/1998/2106 1977/1977/2046
f 1998/1998/2106 1999/1999/2107 1977/1977/2046
f 1978/1978/2086 2000/2000/2108 1979/1979/2087
f 2000/2000/2108 2001/2001/2109 1979/1979/2087
f 1979/1979/2087 2001/2001/2109 1980/1980/2088
f 2001/2001/2109 2002/2002/2110 1980/1980/2088
f 1980/1980/2088 2002/2002/2110 1981/1981/2089
f 2002/2002/2110 2003/2003/2111 1981/1981/2089
f 1981/1981/2089 2003/2003/2111 1982/1982/2090
f 2003/2003/2111 2004/2004/2112 1982/1982/2090
f 1982/1982/2090 2004/2004/2112 1983/1983/2091
f 2004/2004/2112 2005/2005/2113 1983/1983/2091
f 1983/1983/2091 2005/2005/2113 1984/1984/2092
f 2005/2005/2113 2006/2006/2114 1984/1984/2092
f 1984/1984/2092 2006/2006/2114 1985/1985/2093
f 2006/2006/2114 2007/2007/2115 1985/1985/2093
f 1985/1985/2093 2007/2007/2115 1986/1986/2094
f 2007/2007/2115 2008/2008/2116 1986/1986/2094
f 1986/1986/2094 2008/2008/2116 1987/1987/2095
f 2008/2008/2116 2009/2009/2117 1987/1987/2095
f 1987/1987/2095 2009/2009/2117 1988/1988/2096
f 2009/2009/2117 2010/2010/2118 1988/1988/2096
f 1989/1989/2097 2011/2011/2119 1990/1990/2098
f 2011/2011/2119 2012/2012/2120 1990/1990/2098
f 1990/1990/2098 2012/2012/2120 1991/1991/2099
f 2012/2012/2120 2013/2013/2121 1991/1991/2099
f 1991/1991/2099 2013/2013/2121 1992/1992/2100
f 2013/2013/2121 2014/2014/2122 1992/1992/2100
f 1992/1992/2100 2014/2014/2122 1993/1993/2101
f 2014/2014/2122 2015/2015/2123 1993/1993/2101
f 1993/1993/2101 2015/2015/2123 1994/1994/2102
f 2015/2015/2123 2016/2016/2124 1994/1994/2102
f 1994/1994/2102 2016/2016/2124 1995/1995/2103
f 2016/2016/2124 2017/2017/2125 1995/1995/2103
f 1995/1995/2103 2017/2017/2125 1996/1996/2104
f 2017/2017/2125 2018/2018/2126 1996/1996/2104
f 1996/1996/2104 2018/2018/2126 1997/1997/2105
f 2018/2018/2126 2019/2019/2127 1997/1997/2105
f 1997/1997/2105 2019/2019/2127 1998/1998/2106
f 2019/2019/2127 2020/2020/2128 1998/1998/2106
f 1998/1998/2106 2020/2020/2128 1999/1999/2107
f 2020/2020/2128 2021/2021/2129 1999/1999/2107
f 2000/2000/2108 2022/2022/2130 2001/2001/2109
f 2022/2022/2130 2023/2023/2131 2001/2001/2109
f 2001/2001/2109 2023/2023/2131 2002/2002/2110
f 2023/2023/2131 2024/2024/2132 2002/2002/2110
f 2002/2002/2110 2024/2024/2132 2003/2003/2111
f 2024/2024/2132 2025/2025/2133 2003/2003/2111
f 2003/2003/2111 2025/2025/2133 2004/2004/2112
f 2025/2025/2133 2026/2026/2134 2004/2004/2112
f 2004/2004/2112 2026/2026/2134 2005/2005/2113
f 2026/2026/2134 2027/2027/2135 2005/2005/2113
f 2005/2005/2113 2027/2027/2135 2006/2006/2114
f 2027/2027/2135 2028/2028/2136 2006/2006/2114
f 2006/2006/2114 2028/2028/2136 2007/2007/2115
f 2028/2028/2136 2029/2029/2137 2007/2007/2115
f 2007/2007/2115 2029/2029/2137 2008/2008/2116
f 2029/2029/2137 2030/2030/2138 2008/2008/2116
f 2008/2008/2116 2030/2030/2138 2009/2009/2117
f 2030/2030/2138 2031/2031/2139 2009/2009/2117
f 2009/2009/2117 2031/2031/2139 2010/2010/2118
f 2031/2031/2139 2032/2032/2140 2010/2010/2118
f 2011/2011/2119 2033/2033/2141 2012/2012/2120
f 2033/2033/2141 2034/2034/2142 2012/2012/2120
f 2012/2012/2120 2034/2034/2142 2013/2013/2121
f 2034/2034/2142 2035/2035/2143 2013/2013/2121
f 2013/2013/2121 2035/2035/2143 2014/2014/2122
f 2035/2035/2143 2036/2036/2144 2014/2014/2122
f 2014/2014/2122 2036/2036/2144 2015/2015/2123
f 2036/2036/2144 2037/2037/2145 2015/2015/2123
f 2015/2015/2123 2037/2037/2145 2016/2016/2124
f 2037/2037/2145 2038/2038/2146 2016/2016/2124
f 2016/2016/2124 2038/2038/2146 2017/2017/2125
f 2038/2038/2146 2039/2039/2147 2017/2017/2125
f 2017/2017/2125 2039/2039/2147 2018/2018/2126
f 2039/2039/2147 2040/2040/2148 2018/2018/2126
f 2018/2018/2126 2040/2040/2148 2019/2019/2127
f 2040/2040/2148 2041/2041/2149 2019/2019/2127
f 2019/2019/2127 2041/2041/2149 2020/2020/2128
f 2041/2041/2149 2042/2042/2150 2020/2020/2128
f 2020/2020/2128 2042/2042/2150 2021/2021/2129
f 2042/2042/2150 2043/2043/2151 2021/2021/2129
f 2022/2022/2130 2044/2044/2152 2023/2023/2131
f 2044/2044/2152 2045/2045/2153 2023/2023/2131
f 2023/2023/2131 2045/2045/2153 2024/2024/2132
f 2045/2045/2153 2046/2046/2154 2024/2024/2132
f 2024/2024/2132 2046/2046/2154 2025/2025/2133
f 2046/2046/2154 2047/2047/2155 2025/2025/2133
f 2025/2025/2133 2047/2047/2155 2026/2026/2134
f 2047/2047/2155 2048/2048/2156 2026/2026/2134
f 2026/2026/2134 2048/2048/2156 2027/2027/2135
f 2048/2048/2156 2049/2049/2157 2027/2027/2135
f 2027/2027/2135 2049/2049/2157 2028/2028/2136
f 2049/2049/2157 2050/2050/2158 2028/2028/2136
f 2028/2028/2136 2050/2050/2158 2029/2029/2137
f 2050/2050/2158 2051/2051/2159 2029/2029/2137
f 2029/2029/2137 2051/2051/2159 2030/2030/2138
f 2051/2051/2159 2052/2052/2160 2030/2030/2138
f 2030/2030/2138 2052/2052/2160 2031/2031/2139
f 2052/2052/2160 2053/2053/2161 2031/2031/2139
f 2031/2031/2139 2053/2053/2161 2032/2032/2140
f 2053/2053/2161 2054/2054/2162 2032/2032/2140
f 2033/2033/2141 2055/2055/2163 2034/2034/2142
f 2055/2055/2163 2056/2056/2164 2034/2034/2142
f 2034/2034/2142 2056/2056/2164 2035/2035/2143
f 2056/2056/2164 2057/2057/2165 2035/2035/2143
f 2035/2035/2143 2057/2057/2165 2036/2036/2144
f 2057/2057/2165 2058/2058/2166 2036/2036/2144
f 2036/2036/2144 2058/2058/2166 2037/2037/2145
f 2058/2058/2166 2059/2059/2167 2037/2037/2145
f 2037/2037/2145 2059/2059/2167 2038/2038/2146
f 2059/2059/2167 2060/2060/2168 2038/2038/2146
f 2038/2038/2146 2060/2060/2168 2039/2039/2147
f 2060/2060/2168 2061/2061/2169 2039/2039/2147
f 2039/2039/2147 2061/2061/2169 2040/2040/2148
f 2061/2061/2169 2062/2062/2170 2040/2040/2148
f 2040/2040/2148 2062/2062/2170 2041/2041/2149
f 2062/2062/2170 2063/2063/2171 2041/2041/2149
f 2041/2041/2149 2063/2063/2171 2042/2042/2150
f 2063/2063/2171 2064/2064/2172 2042/2042/2150
f 2042/2042/2150 2064/2064/2172 2043/2043/2151
f 2064/2064/2172 2065/2065/2173 2043/2043/2151
f 2044/2044/2152 2066/2066/2174 2045/2045/2153
f 2066/2066/2174 2067/2067/2175 2045/2045/2153
f 2045/2045/2153 2067/2067/2175 2046/2046/2154
f 2067/2067/2175 2068/2068/2176 2046/2046/2154
f 2046/2046/2154 2068/2068/2176 2047/2047/2155
f 2068/2068/2176 2069/2069/2177 2047/2047/2155
f 2047/2047/2155 2069/2069/2177 2048/2048/2156
f 2069/2069/2177 2070/2070/2178 2048/2048/2156
f 2048/2048/2156 2070/2070/2178 2049/2049/2157
f 2070/2070/2178 2071/2071/2179 2049/2049/2157
f 2049/2049/2157 2071/2071/2179 2050/2050/2158
f 2071/2071/2179 2072/2072/2180 2050/2050/2158
f 2050/2050/2158 2072/2072/2180 2051/2051/2159
f 2072/2072/2180 2073/2073/2181 2051/2051/2159
f 2051/2051/2159 2073/2073/2181 2052/2052/2160
f 2073/2073/2181 2074/2074/2182 2052/2052/2160
f 2052/2052/2160 2074/2074/2182 2053/2053/2161
f 2074/2074/2182 2075/2075/2183 2053/2053/2161
f 2053/2053/2161 2075/2075/2183 2054/2054/2162
f 2075/2075/2183 2076/2076/2184 2054/2054/2162
f 2055/2055/2163 2077/2077/2185 2056/2056/2164
f 2077/2077/2185 2078/2078/2186 2056/2056/2164
f 2056/2056/2164 2078/2078/2186 2057/2057/2165
f 2078/2078/2186 2079/2079/2187 2057/2057/2165
f 2057/2057/2165 2079/2079/2187 2058/2058/2166
f 2079/2079/2187 2080/2080/2188 2058/2058/2166
f 2058/2058/2166 2080/2080/2188 2059/2059/2167
f 2080/2080/2188 2081/2081/2189 2059/2059/2167
f 2059/2059/2167 2081/2081/2189 2060/2060/2168
f 2081/2081/2189 2082/2082/2190 2060/2060/2168
f 2060/2060/2168 2082/2082/2190 2061/2061/2169
f 2082/2082/2190 2083/2083/2191 2061/2061/2169
f 2061/2061/2169 2083/2083/2191 2062/2062/2170
f 2083/2083/2191 2084/2084/2192 2062/2062/2170
f 2062/2062/2170 2084/2084/2192 2063/2063/2171
f 2084/2084/2192 2085/2085/2193 2063/2063/2171
f 2063/2063/2171 2085/2085/2193 2064/2064/2172
f 2085/2085/2193 2086/2086/2194 2064/2064/2172
f 2064/2064/2172 2086/2086/2194 2065/2065/2173
f 2086/2086/2194 2087/2087/2195 2065/2065/2173
f 2066/2066/2174 2088/2088/2196 2067/2067/2175
f 2088/2088/2196 2089/2089/2197 2067/2067/2175
f 2067/2067/2175 2089/2089/2197 2068/2068/2176
f 2089/2089/2197 2090/2090/2198 2068/2068/2176
f 2068/2068/2176 2090/2090/2198 2069/2069/2177
f 2090/2090/2198 2091/2091/2199 2069/2069/2177
f 2069/2069/2177 2091/2091/2199 2070/2070/2178
f 2091/2091/2199 2092/2092/2200 2070/2070/2178
f 2070/2070/2178 2092/2092/2200 2071/2071/2179
f 2092/2092/2200 2093/2093/2201 2071/2071/2179
f 2071/2071/2179 2093/2093/2201 2072/2072/2180
f 2093/2093/2201 2094/2094/2202 2072/2072/2180
f 2072/2072/2180 2094/2094/2202 2073/2073/2181
f 2094/2094/2202 2095/2095/2203 2073/2073/2181
f 2073/2073/2181 2095/2095/2203 2074/2074/2182
f 2095/2095/2203 2096/2096/2204 2074/2074/2182
f 2074/2074/2182 2096/2096/2204 2075/2075/2183
f 2096/2096/2204 2097/2097/2205 2075/2075/2183
f 2075/2075/2183 2097/2097/2205 2076/2076/2184
f 2097/2097/2205 2098/2098/2206 2076/2076/2184
f 2077/2077/2185 2099/2099/2207 2078/2078/2186
f 2099/2099/2207 2100/2100/2208 2078/2078/2186
f 2078/2078/2186 2100/2100/2208 2079/2079/2187
f 2100/2100/2208 2101/2101/2209 2079/2079/2187
f 2079/2079/2187 2101/2101/2209 2080/2080/2188
f 2101/2101/2209 2102/2102/2210 2080/2080/2188
f 2080/2080/2188 2102/2102/2210 2081/2081/2189
f 2102/2102/2210 2103/2103/2211 2081/2081/2189
f 2081/2081/2189 2103/2103/2211 2082/2082/2190
f 2103/2103/2211 2104/2104/2212 2082/2082/2190
f 2082/2082/2190 2104/2104/2212 2083/2083/2191
f 2104/2104/2212 2105/2105/2213 2083/2083/2191
f 2083/2083/2191 2105/2105/2213 2084/2084/2192
f 2105/2105/2213 2106/2106/2214 2084/2084/2192
f 2084/2084/2192 2106/2106/2214 2085/2085/2193
f 2106/2106/2214 2107/2107/2215 2085/2085/2193
f 2085/2085/2193 2107/2107/2215 2086/2086/2194
f 2107/2107/2215 2108/2108/2216 2086/2086/2194
f 2086/2086/2194 2108/2108/2216 2087/2087/2195
f 2108/2108/2216 2109/2109/2217 2087/2087/2195
f 2088/2088/2196 2110/2110/2218 2089/2089/2197
f 2110/2110/2218 2111/2111/2219 2089/2089/2197
f 2089/2089/2197 2111/2111/2219 2090/2090/2198
f 2111/2111/2219 2112/2112/2220 2090/2090/2198
f 2090/2090/2198 2112/2112/2220 2091/2091/2199
f 2112/2112/2220 2113/2113/2221 2091/2091/2199
f 2091/2091/2199 2113/2113/2221 2092/2092/2200
f 2113/2113/2221 2114/2114/2222 2092/2092/2200
f 2092/2092/2200 2114/2114/2222 2093/2093/2201
f 2114/2114/2222 2115/2115/2223 2093/2093/2201
f 2093/2093/2201 2115/2115/2223 2094/2094/2202
f 2115/2115/2223 2116/2116/2224 2094/2094/2202
f 2094/2094/2202 2116/2116/2224 2095/2095/2203
f 2116/2116/2224 2117/2117/2225 2095/2095/2203
f 2095/2095/2203 2117/2117/2225 2096/2096/2204
f 2117/2117/2225 2118/2118/2226 2096/2096/2204
f 2096/2096/2204 2118/2118/2226 2097/2097/2205
f 2118/2118/2226 2119/2119/2227 2097/2097/2205
f 2097/2097/2205 2119/2119/2227 2098/2098/2206
f 2119/2119/2227 2120/2120/2228 2098/2098/2206
f 2099/2099/2207 2121/2121/2229 2100/2100/2208
f 2121/2121/2229 2122/2122/2230 2100/2100/2208
f 2100/2100/2208 2122/2122/2230 2101/2101/2209
f 2122/2122/2230 2123/2123/2231 2101/2101/2209
f 2101/2101/2209 2123/2123/2231 2102/2102/2210
f 2123/2123/2231 2124/2124/2232 2102/2102/2210
f 2102/2102/2210 2124/2124/2232 2103/2103/2211
f 2124/2124/2232 2125/2125/2233 2103/2103/2211
f 2103/2103/2211 2125/2125/2233 2104/2104/2212
f 2125/2125/2233 2126/2126/2234 2104/2104/2212
f 2104/2104/2212 2126/2126/2234 2105/2105/2213
f 2126/2126/2234 2127/2127/2235 2105/2105/2213
f 2105/2105/2213 2127/2127/2235 2106/2106/2214
f 2127/2127/2235 2128/2128/2236 2106/2106/2214
f 2106/2106/2214 2128/2128/2236 2107/2107/2215
f 2128/2128/2236 2129/2129/2237 2107/2107/2215
f 2107/2107/2215 2129/2129/2237 2108/2108/2216
f 2129/2129/2237 2130/2130/2238 2108/2108/2216
f 2108/2108/2216 2130/2130/2238 2109/2109/2217
f 2130/2130/2238 2131/2131/2239 2109/2109/2217
f 2110/2110/2218 2132/2132/2240 2111/2111/2219
f 2132/2132/2240 2133/2133/2241 2111/2111/2219
f 2111/2111/2219 2133/2133/2241 2112/2112/2220
f 2133/2133/2241 2134/2134/2242 2112/2112/2220
f 2112/2112/2220 2134/2134/2242 2113/2113/2221
f 2134/2134/2242 2135/2135/2243 2113/2113/2221
f 2113/2113/2221 2135/2135/2243 2114/2114/2222
f 2135/2135/2243 2136/2136/2244 2114/2114/2222
f 2114/2114/2222 2136/2136/2244 2115/2115/2223
f 2136/2136/2244 2137/2137/2245 2115/2115/2223
f 2115/2115/2223 2137/2137/2245 2116/2116/2224
f 2137/2137/2245 2138/2138/2246 2116/2116/2224
f 2116/2116/2224 2138/2138/2246 2117/2117/2225
f 2138/2138/2246 2139/2139/2247 2117/2117/2225
f 2117/2117/2225 2139/2139/2247 2118/2118/2226
f 2139/2139/2247 2140/2140/2248 2118/2118/2226
f 2118/2118/2226 2140/2140/2248 2119/2119/2227
f 2140/2140/2248 2141/2141/2249 2119/2119/2227
f 2119/2119/2227 2141/2141/2249 2120/2120/2228
f 2141/2141/2249 2142/2142/2250 2120/2120/2228
f 2121/2121/2229 2143/2143/2251 2122/2122/2230
f 2143/2143/2251 2144/2144/2252 2122/2122/2230
f 2122/2122/2230 2144/2144/2252 2123/2123/2231
f 2144/2144/2252 2145/2145/2253 2123/2123/2231
f 2123/2123/2231 2145/2145/2253 2124/2124/2232
f 2145/2145/2253 2146/2146/2254 2124/2124/2232
f 2124/2124/2232 2146/2146/2254 2125/2125/2233
f 2146/2146/2254 2147/2147/2255 2125/2125/2233
f 2125/2125/2233 2147/2147/2255 2126/2126/2234
f 2147/2147/2255 2148/2148/2256 2126/2126/2234
f 2126/2126/2234 2148/2148/2256 2127/2127/2235
f 2148/2148/2256 2149/2149/2257 2127/2127/2235
f 2127/2127/2235 2149/2149/2257 2128/2128/2236
f 2149/2149/2257 2150/2150/2258 2128/2128/2236
f 2128/2128/2236 2150/2150/2258 2129/2129/2237
f 2150/2150/2258 2151/2151/2259 2129/2129/2237
f 2129/2129/2237 2151/2151/2259 2130/2130/2238
f 2151/2151/2259 2152/2152/2260 2130/2130/2238
f 2130/2130/2238 2152/2152/2260 2131/2131/2239
f 2152/2152/2260 2153/2153/2261 2131/2131/2239
f 2132/2132/2240 2154/2154/2262 2133/2133/2241
f 2154/2154/2262 2155/2155/2263 2133/2133/2241
f 2133/2133/2241 2155/2155/2263 2134/2134/2242
f 2155/2155/2263 2156/2156/2264 2134/2134/2242
f 2134/2134/2242 2156/2156/2264 2135/2135/2243
f 2156/2156/2264 2157/2157/2265 2135/2135/2243
f 2135/2135/2243 2157/2157/2265 2136/2136/2244
f 2157/2157/2265 2158/2158/2266 2136/2136/2244
f 2136/2136/2244 2158/2158/2266 2137/2137/2245
f 2158/2158/2266 2159/2159/2267 2137/2137/2245
f 2137/2137/2245 2159/2159/2267 2138/2138/2246
f 2159/2159/2267 2160/2160/2268 2138/2138/2246
f 2138/2138/2246 2160/2160/2268 2139/2139/2247
f 2160/2160/2268 2161/2161/2269 2139/2139/2247
f 2139/2139/2247 2161/2161/2269 2140/2140/2248
f 2161/2161/2269 2162/2162/2270 2140/2140/2248
f 2140/2140/2248 2162/2162/2270 2141/2141/2249
f 2162/2162/2270 2163/2163/2271 2141/2141/2249
f 2141/2141/2249 2163/2163/2271 2142/2142/2250
f 2163/2163/2271 2164/2164/2272 2142/2142/2250
f 2143/2143/2251 2165/2165/2273 2144/2144/2252
f 2165/2165/2273 2166/2166/2274 2144/2144/2252
f 2144/2144/2252 2166/2166/2274 2145/2145/2253
f 2166/2166/2274 2167/2167/2275 2145/2145/2253
f 2145/2145/2253 2167/2167/2275 2146/2146/2254
f 2167/2167/2275 2168/2168/2276 2146/2146/2254
f 2146/2146/2254 2168/2168/2276 2147/2147/2255
f 2168/2168/2276 2169/2169/2277 2147/2147/2255
f 2147/2147/2255 2169/2169/2277 2148/2148/2256
f 2169/2169/2277 2170/2170/2278 2148/2148/2256
f 2148/2148/2256 2170/2170/2278 2149/2149/2257
f 2170/2170/2278 2171/2171/2279 2149/2149/2257
f 2149/2149/2257 2171/2171/2279 2150/2150/2258
f 2171/2171/2279 2172/2172/2280 2150/2150/2258
f 2150/2150/2258 2172/2172/2280 2151/2151/2259
f 2172/2172/2280 2173/2173/2281 2151/2151/2259
f 2151/2151/2259 2173/2173/2281 2152/2152/2260
f 2173/2173/2281 2174/2174/2282 2152/2152/2260
f 2152/2152/2260 2174/2174/2282 2153/2153/2261
f 2174/2174/2282 2175/2175/2283 2153/2153/2261
f 2154/2154/2262 2176/2176/2284 2155/2155/2263
f 2176/2176/2284 2177/2177/2285 2155/2155/2263
f 2155/2155/2263 2177/2177/2285 2156/2156/2264
f 2177/2177/2285 2178/2178/2286 2156/2156/2264
f 2156/2156/2264 2178/2178/2286 2157/2157/2265
f 2178/2178/2286 2179/2179/2287 2157/2157/2265
f 2157/2157/2265 2179/2179/2287 2158/2158/2266
f 2179/2179/2287 2180/2180/2288 2158/2158/2266
f 2158/2158/2266 2180/2180/2288 2159/2159/2267
f 2180/2180/2288 2181/2181/2289 2159/2159/2267
f 2159/2159/2267 2181/2181/2289 2160/2160/2268
f 2181/2181/2289 2182/2182/2290 2160/2160/2268
f 2160/2160/2268 2182/2182/2290 2161/2161/2269
f 2182/2182/2290 2183/2183/2291 2161/2161/2269
f 2161/2161/2269 2183/2183/2291 2162/2162/2270
f 2183/2183/2291 2184/2184/2292 2162/2162/2270
f 2162/2162/2270 2184/2184/2292 2163/2163/2271
f 2184/2184/2292 2185/2185/2293 2163/2163/2271
f 2163/2163/2271 2185/2185/2293 2164/2164/2272
f 2185/2185/2293 2186/2186/2294 2164/2164/2272
f 2165/2165/2273 2187/2187/2295 2166/2166/2274
f 2187/2187/2295 2188/2188/2296 2166/2166/2274
f 2166/2166/2274 2188/2188/2296 2167/2167/2275
f 2188/2188/2296 2189/2189/2297 2167/2167/2275
f 2167/2167/2275 2189/2189/2297 2168/2168/2276
f 2189/2189/2297 2190/2190/2298 2168/2168/2276
f 2168/2168/2276 2190/2190/2298 2169/2169/2277
f 2190/2190/2298 2191/2191/2299 2169/2169/2277
f 2169/2169/2277 2191/2191/2299 2170/2170/2278
f 2191/2191/2299 2192/2192/2300 2170/2170/2278
f 2170/2170/2278 2192/2192/2300 2171/2171/2279
f 2192/2192/2300 2193/2193/2301 2171/2171/2279
f 2171/2171/2279 2193/2193/2301 2172/2172/2280
f 2193/2193/2301 2194/2194/2302 2172/2172/2280
f 2172/2172/2280 2194/2194/2302 2173/2173/2281
f 2194/2194/2302 2195/2195/2303 2173/2173/2281
f 2173/2173/2281 2195/2195/2303 2174/2174/2282
f 2195/2195/2303 2196/2196/2304 2174/2174/2282
f 2174/2174/2282 2196/2196/2304 2175/2175/2283
f 2196/2196/2304 2197/2197/2305 2175/2175/2283
f 2176/2176/2284 2198/2198/2306 2177/2177/2285
f 2198/2198/2306 2199/2199/2307 2177/2177/2285
f 2177/2177/2285 2199/2199/2307 2178/2178/2286
f 2199/2199/2307 2200/2200/2308 2178/2178/2286
f 2178/2178/2286 2200/2200/2308 2179/2179/2287
f 2200/2200/2308 2201/2201/2309 2179/2179/2287
f 2179/2179/2287 2201/2201/2309 2180/2180/2288
f 2201/2201/2309 2202/2202/2310 2180/2180/2288
f 2180/2180/2288 2202/2202/2310 2181/2181/2289
f 2202/2202/2310 2203/2203/2311 2181/2181/2289
f 2181/2181/2289 2203/2203/2311 2182/2182/2290
f 2203/2203/2311 2204/2204/2312 2182/2182/2290
f 2182/2182/2290 2204/2204/2312 2183/2183/2291
f 2204/2204/2312 2205/2205/2313 2183/2183/2291
f 2183/2183/2291 2205/2205/2313 2184/2184/2292
f 2205/2205/2313 2206/2206/2314 2184/2184/2292
f 2184/2184/2292 2206/2206/2314 2185/2185/2293
f 2206/2206/2314 2207/2207/2315 2185/2185/2293
f 2185/2185/2293 2207/2207/2315 2186/2186/2294
f 2207/2207/2315 2208/2208/2316 2186/2186/2294
f 2187/2187/2295 2209/2209/2317 2188/2188/2296
f 2209/2209/2317 2210/2210/2318 2188/2188/2296
f 2188/2188/2296 2210/2210/2318 2189/2189/2297
f 2210/2210/2318 2211/2211/2319 2189/2189/2297
f 2189/2189/2297 2211/2211/2319 2190/2190/2298
f 2211/2211/2319 2212/2212/2320 2190/2190/2298
f 2190/2190/2298 2212/2212/2320 2191/2191/2299
f 2212/2212/2320 2213/2213/2321 2191/2191/2299
f 2191/2191/2299 2213/2213/2321 2192/2192/2300
f 2213/2213/2321 2214/2214/2322 2192/2192/2300
f 2192/2192/2300 2214/2214/2322 2193/2193/2301
f 2214/2214/2322 2215/2215/2323 2193/2193/2301
f 2193/2193/2301 2215/2215/2323 2194/2194/2302
f 2215/2215/2323 2216/2216/2324 2194/2194/2302
f 2194/2194/2302 2216/2216/2324 2195/2195/2303
f 2216/2216/2324 2217/2217/2325 2195/2195/2303
f 2195/2195/2303 2217/2217/2325 2196/2196/2304
f 2217/2217/2325 2218/2218/2326 2196/2196/2304
f 2196/2196/2304 2218/2218/2326 2197/2197/2305
f 2218/2218/2326 2219/2219/2327 2197/2197/2305
f 2198/2198/2306 2220/2220/2328 2199/2199/2307
f 2220/2220/2328 2221/2221/2329 2199/2199/2307
f 2199/2199/2307 2221/2221/2329 2200/2200/2308
f 2221/2221/2329 2222/2222/2330 2200/2200/2308
f 2200/2200/2308 2222/2222/2330 2201/2201/2309
f 2222/2222/2330 2223/2223/2331 2201/2201/2309
f 2201/2201/2309 2223/2223/2331 2202/2202/2310
f 2223/2223/2331 2224/2224/2332 2202/2202/2310
f 2202/2202/2310 2224/2224/2332 2203/2203/2311
f 2224/2224/2332 2225/2225/2333 2203/2203/2311
f 2203/2203/2311 2225/2225/2333 2204/2204/2312
f 2225/2225/2333 2226/2226/2334 2204/2204/2312
f 2204/2204/2312 2226/2226/2334 2205/2205/2313
f 2226/2226/2334 2227/2227/2335 2205/2205/2313
f 2205/2205/2313 2227/2227/2335 2206/2206/2314
f 2227/2227/2335 2228/2228/2336 2206/2206/2314
f 2206/2206/2314 2228/2228/2336 2207/2207/2315
f 2228/2228/2336 2229/2229/2337 2207/2207/2315
f 2207/2207/2315 2229/2229/2337 2208/2208/2316
f 2229/2229/2337 2230/2230/2338 2208/2208/2316
f 2209/2209/2317 2231/2231/2339 2210/2210/2318
f 2231/2231/2339 2232/2232/2340 2210/2210/2318
f 2210/2210/2318 2232/2232/2340 2211/2211/2319
f 2232/2232/2340 2233/2233/2341 2211/2211/2319
f 2211/2211/2319 2233/2233/2341 2212/2212/2320
f 2233/2233/2341 2234/2234/2342 2212/2212/2320
f 2212/2212/2320 2234/2234/2342 2213/2213/2321
f 2234/2234/2342 2235/2235/2343 2213/2213/2321
f 2213/2213/2321 2235/2235/2343 2214/2214/2322
f 2235/2235/2343 2236/2236/2344 2214/2214/2322
f 2214/2214/2322 2236/2236/2344 2215/2215/2323
f 2236/2236/2344 2237/2237/2345 2215/2215/2323
f 2215/2215/2323 2237/2237/2345 2216/2216/2324
f 2237/2237/2345 2238/2238/2346 2216/2216/2324
f 2216/2216/2324 2238/2238/2346 2217/2217/2325
f 2238/2238/2346 2239/2239/2347 2217/2217/2325
f 2217/2217/2325 2239/2239/2347 2218/2218/2326
f 2239/2239/2347 2240/2240/2348 2218/2218/2326
f 2218/2218/2326 2240/2240/2348 2219/2219/2327
f 2240/2240/2348 2241/2241/2349 2219/2219/2327
f 2220/2220/2328 2242/2242/2350 2221/2221/2329
f 2242/2242/2350 2243/2243/2351 2221/2221/2329
f 2221/2221/2329 2243/2243/2351 2222/2222/2330
f 2243/2243/2351 2244/2244/2352 2222/2222/2330
f 2222/2222/2330 2244/2244/2352 2223/2223/2331
f 2244/2244/2352 2245/2245/2353 2223/2223/2331
f 2223/2223/2331 2245/2245/2353 2224/2224/2332
f 2245/2245/2353 2246/2246/2354 2224/2224/2332
f 2224/2224/2332 2246/2246/2354 2225/2225/2333
f 2246/2246/2354 2247/2247/2355 2225/2225/2333
f 2225/2225/2333 2247/2247/2355 2226/2226/2334
f 2247/2247/2355 2248/2248/2356 2226/2226/2334
f 2226/2226/2334 2248/2248/2356 2227/2227/2335
f 2248/2248/2356 2249/2249/2357 2227/2227/2335
f 2227/2227/2335 2249/2249/2357 2228/2228/2336
f 2249/2249/2357 2250/2250/2358 2228/2228/2336
f 2228/2228/2336 2250/2250/2358 2229/2229/2337
f 2250/2250/2358 2251/2251/2359 2229/2229/2337
f 2229/2229/2337 2251/2251/2359 2230/2230/2338
f 2251/2251/2359 2252/2252/2360 2230/2230/2338
f 2231/2231/2339 2253/2253/2361 2232/2232/2340
f 2253/2253/2361 2254/2254/2362 2232/2232/2340
f 2232/2232/2340 2254/2254/2362 2233/2233/2341
f 2254/2254/2362 2255/2255/2363 2233/2233/2341
f 2233/2233/2341 2255/2255/2363 2234/2234/2342
f 2255/2255/2363 2256/2256/2364 2234/2234/2342
f 2234/2234/2342 2256/2256/2364 2235/2235/2343
f 2256/2256/2364 2257/2257/2365 2235/2235/2343
f 2235/2235/2343 2257/2257/2365 2236/2236/2344
f 2257/2257/2365 2258/2258/2366 2236/2236/2344
f 2236/2236/2344 2258/2258/2366 2237/2237/2345
f 2258/2258/2366 2259/2259/2367 2237/2237/2345
f 2237/2237/2345 2259/2259/2367 2238/2238/2346
f 2259/2259/2367 2260/2260/2368 2238/2238/2346
f 2238/2238/2346 2260/2260/2368 2239/2239/2347
f 2260/2260/2368 2261/2261/2369 2239/2239/2347
f 2239/2239/2347 2261/2261/2369 2240/2240/2348
f 2261/2261/2369 2262/2262/2370 2240/2240/2348
f 2240/2240/2348 2262/2262/2370 2241/2241/2349
f 2262/2262/2370 2263/2263/2371 2241/2241/2349
f 2242/2242/2350 2264/2264/2372 2243/2243/2351
f 2264/2264/2372 2265/2265/2373 2243/2243/2351
f 2243/2243/2351 2265/2265/2373 2244/2244/2352
f 2265/2265/2373 2266/2266/2374 2244/2244/2352
f 2244/2244/2352 2266/2266/2374 2245/2245/2353
f 2266/2266/2374 2267/2267/2375 2245/2245/2353
f 2245/2245/2353 2267/2267/2375 2246/2246/2354
f 2267/2267/2375 2268/2268/2376 2246/2246/2354
f 2246/2246/2354 2268/2268/2376 2247/2247/2355
f 2268/2268/2376 2269/2269/2377 2247/2247/2355
f 2247/2247/2355 2269/2269/2377 2248/2248/2356
f 2269/2269/2377 2270/2270/2378 2248/2248/2356
f 2248/2248/2356 2270/2270/2378 2249/2249/2357
f 2270/2270/2378 2271/2271/2379 2249/2249/2357
f 2249/2249/2357 2271/2271/2379 2250/2250/2358
f 2271/2271/2379 2272/2272/2380 2250/2250/2358
f 2250/2250/2358 2272/2272/2380 2251/2251/2359
f 2272/2272/2380 2273/2273/2381 2251/2251/2359
f 2251/2251/2359 2273/2273/2381 2252/2252/2360
f 2273/2273/2381 2274/2274/2382 2252/2252/2360
f 2253/2253/2361 2275/2275/2383 2254/2254/2362
f 2275/2275/2383 2276/2276/2384 2254/2254/2362
f 2254/2254/2362 2276/2276/2384 2255/2255/2363
f 2276/2276/2384 2277/2277/2385 2255/2255/2363
f 2255/2255/2363 2277/2277/2385 2256/2256/2364
f 2277/2277/2385 2278/2278/2386 2256/2256/2364
f 2256/2256/2364 2278/2278/2386 2257/2257/2365
f 2278/2278/2386 2279/2279/2387 2257/2257/2365
f 2257/2257/2365 2279/2279/2387 2258/2258/2366
f 2279/2279/2387 2280/2280/2388 2258/2258/2366
f 2258/2258/2366 2280/2280/2388 2259/2259/2367
f 2280/2280/2388 2281/2281/2389 2259/2259/2367
f 2259/2259/2367 2281/2281/2389 2260/2260/2368
f 2281/2281/2389 2282/2282/2390 2260/2260/2368
f 2260/2260/2368 2282/2282/2390 2261/2261/2369
f 2282/2282/2390 2283/2283/2391 2261/2261/2369
f 2261/2261/2369 2283/2283/2391 2262/2262/2370
f 2283/2283/2391 2284/2284/2392 2262/2262/2370
f 2262/2262/2370 2284/2284/2392 2263/2263/2371
f 2284/2284/2392 2285/2285/2393 2263/2263/2371
f 2264/2264/2372 2286/2286/2394 2265/2265/2373
f 2286/2286/2394 2287/2287/2395 2265/2265/2373
f 2265/2265/2373 2287/2287/2395 2266/2266/2374
f 2287/2287/2395 2288/2288/2396 2266/2266/2374
f 2266/2266/2374 2288/2288/2396 2267/2267/2375
f 2288/2288/2396 2289/2289/2397 2267/2267/2375
f 2267/2267/2375 2289/2289/2397 2268/2268/2376
f 2289/2289/2397 2290/2290/2398 2268/2268/2376
f 2268/2268/2376 2290/2290/2398 2269/2269/2377
f 2290/2290/2398 2291/2291/2399 2269/2269/2377
f 2269/2269/2377 2291/2291/2399 2270/2270/2378
f 2291/2291/2399 2292/2292/2400 2270/2270/2378
f 2270/2270/2378 2292/2292/2400 2271/2271/2379
f 2292/2292/2400 2293/2293/2401 2271/2271/2379
f 2271/2271/2379 2293/2293/2401 2272/2272/2380
f 2293/2293/2401 2294/2294/2402 2272/2272/2380
f 2272/2272/2380 2294/2294/2402 2273/2273/2381
f 2294/2294/2402 2295/2295/2403 2273/2273/2381
f 2273/2273/2381 2295/2295/2403 2274/2274/2382
f 2295/2295/2403 2296/2296/2404 2274/2274/2382
f 2275/2275/2383 2297/2297/2404 2276/2276/2384
f 2297/2297/2404 2298/2298/2405 2276/2276/2384
f 2276/2276/2384 2298/2298/2405 2277/2277/2385
f 2298/2298/2405 2299/2299/2406 2277/2277/2385
f 2277/2277/2385 2299/2299/2406 2278/2278/2386
f 2299/2299/2406 2300/2300/2407 2278/2278/2386
f 2278/2278/2386 2300/2300/2407 2279/2279/2387
f 2300/2300/2407 2301/2301/2408 2279/2279/2387
f 2279/2279/2387 2301/2301/2408 2280/2280/2388
f 2301/2301/2408 2302/2302/2409 2280/2280/2388
f 2280/2280/2388 2302/2302/2409 2281/2281/2389
f 2302/2302/2409 2303/2303/2410 2281/2281/2389
f 2281/2281/2389 2303/2303/2410 2282/2282/2390
f 2303/2303/2410 2304/2304/2411 2282/2282/2390
f 2282/2282/2390 2304/2304/2411 2283/2283/2391
f 2304/2304/2411 2305/2305/2412 2283/2283/2391
f 2283/2283/2391 2305/2305/2412 2284/2284/2392
f 2305/2305/2412 2306/2306/2413 2284/2284/2392
f 2284/2284/2392 2306/2306/2413 2285/2285/2393
f 2306/2306/2413 2307/2307/2394 2285/2285/2393
f 2286/2286/2394 2308/2308/2414 2287/2287/2395
f 2308/2308/2414 2309/2309/2415 2287/2287/2395
f 2287/2287/2395 2309/2309/2415 2288/2288/2396
f 2309/2309/2415 2310/2310/2416 2288/2288/2396
f 2288/2288/2396 2310/2310/2416 2289/2289/2397
f 2310/2310/2416 2311/2311/2417 2289/2289/2397
f 2289/2289/2397 2311/2311/2417 2290/2290/2398
f 2311/2311/2417 2312/2312/2418 2290/2290/2398
f 2290/2290/2398 2312/2312/2418 2291/2291/2399
f 2312/2312/2418 2313/2313/2419 2291/2291/2399
f 2291/2291/2399 2313/2313/2419 2292/2292/2400
f 2313/2313/2419 2314/2314/2420 2292/2292/2400
f 2292/2292/2400 2314/2314/2420 2293/2293/2401
f 2314/2314/2420 2315/2315/2421 2293/2293/2401
f 2293/2293/2401 2315/2315/2421 2294/2294/2402
f 2315/2315/2421 2316/2316/2422 2294/2294/2402
f 2294/2294/2402 2316/2316/2422 2295/2295/2403
f 2316/2316/2422 2317/2317/2423 2295/2295/2403
f 2295/2295/2403 2317/2317/2423 2296/2296/2404
f 2317/2317/2423 2318/2318/2424 2296/2296/2404
f 2297/2297/2404 2319/2319/2424 2298/2298/2405
f 2319/2319/2424 2320/2320/2425 2298/2298/2405
f 2298/2298/2405 2320/2320/2425 2299/2299/2406
f 2320/2320/2425 2321/2321/2426 2299/2299/2406
f 2299/2299/2406 2321/2321/2426 2300/2300/2407
f 2321/2321/2426 2322/2322/2427 2300/2300/2407
f 2300/2300/2407 2322/2322/2427 2301/2301/2408
f 2322/2322/2427 2323/2323/2428 2301/2301/2408
f 2301/2301/2408 2323/2323/2428 2302/2302/2409
f 2323/2323/2428 2324/2324/2429 2302/2302/2409
f 2302/2302/2409 2324/2324/2429 2303/2303/2410
f 2324/2324/2429 2325/2325/2430 2303/2303/2410
f 2303/2303/2410 2325/2325/2430 2304/2304/2411
f 2325/2325/2430 2326/2326/2431 2304/2304/2411
f 2304/2304/2411 2326/2326/2431 2305/2305/2412
f 2326/2326/2431 2327/2327/2432 2305/2305/2412
f 2305/2305/2412 2327/2327/2432 2306/2306/2413
f 2327/2327/2432 2328/2328/2433 2306/2306/2413
f 2306/2306/2413 2328/2328/2433 2307/2307/2394
f 2328/2328/2433 2329/2329/2414 2307/2307/2394
f 2308/2308/2414 2330/2330/2434 2309/2309/2415
f 2330/2330/2434 2331/2331/2435 2309/2309/2415
f 2309/2309/2415 2331/2331/2435 2310/2310/2416
f 2331/2331/2435 2332/2332/2436 2310/2310/2416
f 2310/2310/2416 2332/2332/2436 2311/2311/2417
f 2332/2332/2436 2333/2333/2437 2311/2311/2417
f 2311/2311/2417 2333/2333/2437 2312/2312/2418
f 2333/2333/2437 2334/2334/2438 2312/2312/2418
f 2312/2312/2418 2334/2334/2438 2313/2313/2419
f 2334/2334/2438 2335/2335/2439 2313/2313/2419
f 2313/2313/2419 2335/2335/2439 2314/2314/2420
f 2335/2335/2439 2336/2336/2440 2314/2314/2420
f 2314/2314/2420 2336/2336/2440 2315/2315/2421
f 2336/2336/2440 2337/2337/2441 2315/2315/2421
f 2315/2315/2421 2337/2337/2441 2316/2316/2422
f 2337/2337/2441 2338/2338/2442 2316/2316/2422
f 2316/2316/2422 2338/2338/2442 2317/2317/2423
f 2338/2338/2442 2339/2339/2443 2317/2317/2423
f 2317/2317/2423 2339/2339/2443 2318/2318/2424
f 2339/2339/2443 2340/2340/2444 2318/2318/2424
f 2319/2319/2424 2341/2341/2444 2320/2320/2425
f 2341/2341/2444 2342/2342/2445 2320/2320/2425
f 2320/2320/2425 2342/2342/2445 2321/2321/2426
f 2342/2342/2445 2343/2343/2446 2321/2321/2426
f 2321/2321/2426 2343/2343/2446 2322/2322/2427
f 2343/2343/2446 2344/2344/2447 2322/2322/2427
f 2322/2322/2427 2344/2344/2447 2323/2323/2428
f 2344/2344/2447 2345/2345/2448 2323/2323/2428
f 2323/2323/2428 2345/2345/2448 2324/2324/2429
f 2345/2345/2448 2346/2346/2449 2324/2324/2429
f 2324/2324/2429 2346/2346/2449 2325/2325/2430
f 2346/2346/2449 2347/2347/2450 2325/2325/2430
f 2325/2325/2430 2347/2347/2450 2326/2326/2431
f 2347/2347/2450 2348/2348/2451 2326/2326/2431
f 2326/2326/2431 2348/2348/2451 2327/2327/2432
f 2348/2348/2451 2349/2349/2452 2327/2327/2432
f 2327/2327/2432 2349/2349/2452 2328/2328/2433
f 2349/2349/2452 2350/2350/2453 2328/2328/2433
f 2328/2328/2433 2350/2350/2453 2329/2329/2414
f 2350/2350/2453 2351/2351/2454 2329/2329/2414
f 1935/1936/2047 2352/2352/1296 1934/1934/2045
f 1938/1938/2049 2352/2352/1296 1935/1936/2047
f 1940/1940/2051 2352/2352/1296 1938/1938/2049
f 1942/1942/2053 2352/2352/1296 1940/1940/2051
f 1944/1944/2055 2352/2352/1296 1942/1942/2053
f 1946/1946/2057 2352/2352/1296 1944/1944/2055
f 1948/1948/2059 2352/2352/1296 1946/1946/2057
f 1950/1950/2061 2352/2352/1296 1948/1948/2059
f 1952/1952/2063 2352/2352/1296 1950/1950/2061
f 1954/1954/2065 2352/2352/1296 1952/1952/2063
f 1957/1958/2068 2353/2353/1296 1956/1956/2065
f 1960/1960/2070 2353/2353/1296 1957/1958/2068
f 1962/1962/2072 2353/2353/1296 1960/1960/2070
f 1964/1964/2074 2353/2353/1296 1962/1962/2072
f 1966/1966/2076 2353/2353/1296 1964/1964/2074
f 1968/1968/2078 2353/2353/1296 1966/1966/2076
f 1970/1970/2080 2353/2353/1296 1968/1968/2078
f 1972/1972/2082 2353/2353/1296 1970/1970/2080
f 1974/1974/2084 2353/2353/1296 1972/1972/2082
f 1976/1976/2045 2353/2353/1296 1974/1974/2084
f 2330/2330/2434 2354/2354/2455 2331/2331/2435
f 2331/2331/2435 2354/2354/2455 2332/2332/2436
f 2332/2332/2436 2354/2354/2455 2333/2333/2437
f 2333/2333/2437 2354/2354/2455 2334/2334/2438
f 2334/2334/2438 2354/2354/2455 2335/2335/2439
f 2335/2335/2439 2354/2354/2455 2336/2336/2440
f 2336/2336/2440 2354/2354/2455 2337/2337/2441
f 2337/2337/2441 2354/2354/2455 2338/2338/2442
f 2338/2338/2442 2354/2354/2455 2339/2339/2443
f 2339/2339/2443 2354/2354/2455 2340/2340/2444
f 2341/2341/2444 2355/2355/2455 2342/2342/2445
f 2342/2342/2445 2355/2355/2455 2343/2343/2446
f 2343/2343/2446 2355/2355/2455 2344/2344/2447
f 2344/2344/2447 2355/2355/2455 2345/2345/2448
f 2345/2345/2448 2355/2355/2455 2346/2346/2449
f 2346/2346/2449 2355/2355/2455 2347/2347/2450
f 2347/2347/2450 2355/2355/2455 2348/2348/2451
f 2348/2348/2451 2355/2355/2455 2349/2349/2452
f 2349/2349/2452 2355/2355/2455 2350/2350/2453
f 2350/2350/2453 2355/2355/2455 2351/2351/2454
f 2356/2356/1296 2358/2357/1296 2357/2358/1296
f 2358/2357/1296 2359/2359/1296 2357/2358/1296
f 2360/2360/1296 2361/2361/1296 2356/2356/1296
f 2361/2361/1296 2358/2357/1296 2356/2356/1296
f 2362/2362/1296 2363/2363/1296 2360/2360/1296
f 2363/2363/1296 2361/2361/1296 2360/2360/1296
f 2364/2364/1296 2365/2365/1296 2362/2362/1296
f 2365/2365/1296 2363/2363/1296 2362/2362/1296
f 2366/2366/1296 2367/2367/1296 2364/2364/1296
f 2367/2367/1296 2365/2365/1296 2364/2364/1296
f 2368/2368/1296 2369/2369/1296 2366/2366/1296
f 2369/2369/1296 2367/2367/1296 2366/2366/1296
f 2370/2370/1296 2371/2371/1296 2368/2368/1296
f 2371/2371/1296 2369/2369/1296 2368/2368/1296
f 2372/2372/1296 2373/2373/1296 2370/2370/1296
f 2373/2373/1296 2371/2371/1296 2370/2370/1296
f 2374/2374/1296 2375/2375/1296 2372/2372/1296
f 2375/2375/1296 2373/2373/1296 2372/2372/1296
f 2376/2376/1296 2377/2377/1296 2374/2374/1296
f 2377/2377/1296 2375/2375/1296 2374/2374/1296
f 2378/2378/1296 2379/2379/1296 2376/2376/1296
f 2379/2379/1296 2377/2377/1296 2376/2376/1296
f 2380/2380/1296 2381/2381/1296 2378/2378/1296
f 2381/2381/1296 2379/2379/1296 2378/2378/1296
f 2382/2382/1296 2383/2383/1296 2380/2380/1296
f 2383/2383/1296 2381/2381/1296 2380/2380/1296
f 2384/2384/1296 2385/2385/1296 2382/2382/1296
f 2385/2385/1296 2383/2383/1296 2382/2382/1296
f 2386/2386/1296 2387/2387/1296 2384/2384/1296
f 2387/2387/1296 2385/2385/1296 2384/2384/1296
f 2388/2388/1296 2389/2389/1296 2386/2386/1296
f 2389/2389/1296 2387/2387/1296 2386/2386/1296
f 2390/2390/1296 2391/2391/1296 2388/2388/1296
f 2391/2391/1296 2389/2389/1296 2388/2388/1296
f 2392/2392/1296 2393/2393/1296 2390/2390/1296
f 2393/2393/1296 2391/2391/1296 2390/2390/1296
f 2394/2394/1296 2395/2395/1296 2392/2392/1296
f 2395/2395/1296 2393/2393/1296 2392/2392/1296
f 2357/2358/1296 2359/2359/1296 2394/2394/1296
f 2359/2359/1296 2395/2395/1296 2394/2394/1296
f 2396/2396/2456 2398/2397/2457 2397/2398/2458
f 2398/2397/2457 2399/2399/2459 2397/2398/2458
f 2397/2398/2458 2400/2400/2460 2396/2396/2456
f 2400/2400/2460 2401/2401/2461 2396/2396/2456
f 2398/2397/2457 2402/2402/2462 2399/2399/2459
f 2402/2402/2462 2403/2403/2463 2399/2399/2459
f 2402/2402/2462 2404/2404/2464 2403/2403/2463
f 2404/2404/2464 2405/2405/2465 2403/2403/2463
f 2404/2404/2464 2406/2406/2466 2405/2405/2465
f 2406/2406/2466 2407/2407/2467 2405/2405/2465
f 2406/2406/2466 2408/2408/2468 2407/2407/2467
f 2408/2408/2468 2409/2409/2469 2407/2407/2467
f 2408/2408/2468 2410/2410/2470 2409/2409/2469
f 2410/2410/2470 2411/2411/2471 2409/2409/2469
f 2410/2410/2470 2412/2412/2472 2411/2411/2471
f 2412/2412/2472 2413/2413/2473 2411/2411/2471
f 2412/2412/2472 2414/2414/2474 2413/2413/2473
f 2414/2414/2474 2415/2415/2475 2413/2413/2473
f 2414/2414/2474 2416/2416/2476 2415/2415/2475
f 2416/2416/2476 2417/2417/2477 2415/2415/2475
f 2416/2416/2476 2418/2418/2478 2417/2417/2477
f 2418/2418/2478 2419/2419/2479 2417/2417/2477
f 2418/2418/2478 2420/2420/2480 2419/2419/2479
f 2420/2420/2480 2421/2421/2481 2419/2419/2479
f 2420/2420/2480 2422/2422/2482 2421/2421/2481
f 2422/2422/2482 2423/2423/2483 2421/2421/2481
f 2422/2422/2482 2424/2424/2484 2423/2423/2483
f 2424/2424/2484 2425/2425/2485 2423/2423/2483
f 2424/2424/2484 2426/2426/2486 2425/2425/2485
f 2426/2426/2486 2427/2427/2487 2425/2425/2485
f 2426/2426/2486 2428/2428/2488 2427/2427/2487
f 2428/2428/2488 2429/2429/2489 2427/2427/2487
f 2428/2428/2488 2430/2430/2490 2429/2429/2489
f 2430/2430/2490 2431/2431/2491 2429/2429/2489
f 2430/2430/2490 2432/2432/2492 2431/2431/2491
f 2432/2432/2492 2433/2433/2493 2431/2431/2491
f 2432/2432/2492 2434/2434/2494 2433/2433/2493
f 2434/2434/2494 2435/2435/2495 2433/2433/2493
f 2434/2434/2494 2401/2401/2461 2435/2435/2495
f 2401/2401/2461 2400/2400/2460 2435/2435/2495
f 2436/2436/2496 2438/2437/2497 2437/2438/2498
f 2438/2437/2497 2439/2439/2499 2437/2438/2498
f 2437/2438/2498 2440/2440/2500 2436/2436/2496
f 2440/2440/2500 2441/2441/2501 2436/2436/2496
f 2440/2440/2500 2442/2442/2502 2441/2441/2501
f 2442/2442/2502 2443/2443/2503 2441/2441/2501
f 2442/2442/2502 2444/2444/2504 2443/2443/2503
f 2444/2444/2504 2445/2445/2505 2443/2443/2503
f 2444/2444/2504 2446/2446/2506 2445/2445/2505
f 2446/2446/2506 2447/2447/2507 2445/2445/2505
f 2446/2446/2506 2448/2448/2508 2447/2447/2507
f 2448/2448/2508 2449/2449/2509 2447/2447/2507
f 2448/2448/2508 2450/2450/2510 2449/2449/2509
f 2450/2450/2510 2451/2451/2511 2449/2449/2509
f 2450/2450/2510 2452/2452/2512 2451/2451/2511
f 2452/2452/2512 2453/2453/2513 2451/2451/2511
f 2452/2452/2512 2454/2454/2514 2453/2453/2513
f 2454/2454/2514 2455/2455/2515 2453/2453/2513
f 2454/2454/2514 2456/2456/2516 2455/2455/2515
f 2456/2456/2516 2457/2457/2517 2455/2455/2515
f 2456/2456/2516 2458/2458/2518 2457/2457/2517
f 2458/2458/2518 2459/2459/2519 2457/2457/2517
f 2458/2458/2518 2460/2460/2520 2459/2459/2519
f 2460/2460/2520 2461/2461/2521 2459/2459/2519
f 2460/2460/2520 2462/2462/2522 2461/2461/2521
f 2462/2462/2522 2463/2463/2523 2461/2461/2521
f 2462/2462/2522 2464/2464/2524 2463/2463/2523
f 2464/2464/2524 2465/2465/2525 2463/2463/2523
f 2464/2464/2524 2466/2466/2526 2465/2465/2525
f 2466/2466/2526 2467/2467/2527 2465/2465/2525
f 2466/2466/2526 2468/2468/2528 2467/2467/2527
f 2468/2468/2528 2469/2469/2529 2467/2467/2527
f 2468/2468/2528 2470/2470/2530 2469/2469/2529
f 2470/2470/2530 2471/2471/2531 2469/2469/2529
f 2470/2470/2530 2472/2472/2532 2471/2471/2531
f 2472/2472/2532 2473/2473/2533 2471/2471/2531
f 2472/2472/2532 2474/2474/2534 2473/2473/2533
f 2474/2474/2534 2475/2475/2535 2473/2473/2533
f 2474/2474/2534 2439/2439/2499 2475/2475/2535
f 2439/2439/2499 2438/2437/2497 2475/2475/2535
f 2396/2396/2456 2476/2476/2455 2398/2397/2457
f 2398/2397/2457 2476/2476/2455 2402/2402/2462
f 2402/2402/2462 2476/2476/2455 2404/2404/2464
f 2404/2404/2464 2476/2476/2455 2406/2406/2466
f 2406/2406/2466 2476/2476/2455 2408/2408/2468
f 2408/2408/2468 2476/2476/2455 2410/2410/2470
f 2410/2410/2470 2476/2476/2455 2412/2412/2472
f 2412/2412/2472 2476/2476/2455 2414/2414/2474
f 2414/2414/2474 2476/2476/2455 2416/2416/2476
f 2416/2416/2476 2476/2476/2455 2418/2418/2478
f 2418/2418/2478 2476/2476/2455 2420/2420/2480
f 2420/2420/2480 2476/2476/2455 2422/2422/2482
f 2422/2422/2482 2476/2476/2455 2424/2424/2484
f 2424/2424/2484 2476/2476/2455 2426/2426/2486
f 2426/2426/2486 2476/2476/2455 2428/2428/2488
f 2428/2428/2488 2476/2476/2455 2430/2430/2490
f 2430/2430/2490 2476/2476/2455 2432/2432/2492
f 2432/2432/2492 2476/2476/2455 2434/2434/2494
f 2434/2434/2494 2476/2476/2455 2401/2401/2461
f 2401/2401/2461 2476/2476/2455 2396/2396/2456
f 3861/2357/2536 2440/2440/2500 4045/2359/2537
f 2440/2440/2500 2437/2438/2498 4045/2359/2537
f 3858/2361/2538 2442/2442/2502 3861/2357/2536
f 2442/2442/2502 2440/2440/2500 3861/2357/2536
f 3853/2363/2539 2444/2444/2504 3858/2361/2538
f 2444/2444/2504 2442/2442/2502 3858/2361/2538
f 3850/2365/2540 2446/2446/2506 3853/2363/2539
f 2446/2446/2506 2444/2444/2504 3853/2363/2539
f 3889/2367/2541 2448/2448/2508 3850/2365/2540
f 2448/2448/2508 2446/2446/2506 3850/2365/2540
f 3915/2369/2542 2450/2450/2510 3889/2367/2541
f 2450/2450/2510 2448/2448/2508 3889/2367/2541
f 3845/2371/2543 2452/2452/2512 3915/2369/2542
f 2452/2452/2512 2450/2450/2510 3915/2369/2542
f 3914/2373/2544 2454/2454/2514 3845/2371/2543
f 2454/2454/2514 2452/2452/2512 3845/2371/2543
f 3888/2375/2545 2456/2456/2516 3914/2373/2544
f 2456/2456/2516 2454/2454/2514 3914/2373/2544
f 4214/2377/2546 2458/2458/2518 3888/2375/2545
f 2458/2458/2518 2456/2456/2516 3888/2375/2545
f 4253/2379/2547 2460/2460/2520 4214/2377/2546
f 2460/2460/2520 2458/2458/2518 4214/2377/2546
f 3856/2381/2548 2462/2462/2522 4253/2379/2547
f 2462/2462/2522 2460/2460/2520 4253/2379/2547
f 3860/2383/2549 2464/2464/2524 3856/2381/2548
f 2464/2464/2524 2462/2462/2522 3856/2381/2548
f 4044/2385/2550 2466/2466/2526 3860/2383/2549
f 2466/2466/2526 2464/2464/2524 3860/2383/2549
f 3844/2387/2551 2468/2468/2528 4044/2385/2550
f 2468/2468/2528 2466/2466/2526 4044/2385/2550
f 4018/2389/2552 2470/2470/2530 3844/2387/2551
f 2470/2470/2530 2468/2468/2528 3844/2387/2551
f 4351/2391/2553 2472/2472/2532 4018/2389/2552
f 2472/2472/2532 2470/2470/2530 4018/2389/2552
f 4017/2393/2554 2474/2474/2534 4351/2391/2553
f 2474/2474/2534 2472/2472/2532 4351/2391/2553
f 3843/2395/2555 2439/2439/2499 4017/2393/2554
f 2439/2439/2499 2474/2474/2534 4017/2393/2554
f 4045/2359/2537 2437/2438/2498 3843/2395/2555
f 2437/2438/2498 2439/2439/2499 3843/2395/2555
f 2411/2411/2471 2477/2477/2496 2409/2409/2469
f 2477/2477/2496 2478/2478/2501 2409/2409/2469
f 2409/2409/2469 2478/2478/2501 2407/2407/2467
f 2478/2478/2501 2479/2479/2556 2407/2407/2467
f 2407/2407/2467 2479/2479/2556 2405/2405/2465
f 2479/2479/2556 2480/2480/2557 2405/2405/2465
f 2405/2405/2465 2480/2480/2557 2403/2403/2463
f 2480/2480/2557 2481/2481/2558 2403/2403/2463
f 2403/2403/2463 2481/2481/2558 2399/2399/2459
f 2481/2481/2558 2482/2482/2509 2399/2399/2459
f 2399/2399/2459 2482/2482/2509 2397/2398/2458
f 2482/2482/2509 2483/2483/2511 2397/2398/2458
f 2397/2398/2458 2483/2483/2511 2400/2400/2460
f 2483/2483/2511 2484/2484/2559 2400/2400/2460
f 2400/2400/2460 2484/2484/2559 2435/2435/2495
f 2484/2484/2559 2485/2485/2560 2435/2435/2495
f 2435/2435/2495 2485/2485/2560 2433/2433/2493
f 2485/2485/2560 2486/2486/2561 2433/2433/2493
f 2433/2433/2493 2486/2486/2561 2431/2431/2491
f 2486/2486/2561 2487/2487/2519 2431/2431/2491
f 2431/2431/2491 2487/2487/2519 2429/2429/2489
f 2487/2487/2519 2488/2488/2521 2429/2429/2489
f 2429/2429/2489 2488/2488/2521 2427/2427/2487
f 2488/2488/2521 2489/2489/2562 2427/2427/2487
f 2427/2427/2487 2489/2489/2562 2425/2425/2485
f 2489/2489/2562 2490/2490/2563 2425/2425/2485
f 2425/2425/2485 2490/2490/2563 2423/2423/2483
f 2490/2490/2563 2491/2491/2564 2423/2423/2483
f 2423/2423/2483 2491/2491/2564 2421/2421/2481
f 2491/2491/2564 2492/2492/2529 2421/2421/2481
f 2421/2421/2481 2492/2492/2529 2419/2419/2479
f 2492/2492/2529 2493/2493/2531 2419/2419/2479
f 2419/2419/2479 2493/2493/2531 2417/2417/2477
f 2493/2493/2531 2494/2494/2565 2417/2417/2477
f 2417/2417/2477 2494/2494/2565 2415/2415/2475
f 2494/2494/2565 2495/2495/2566 2415/2415/2475
f 2415/2415/2475 2495/2495/2566 2413/2413/2473
f 2495/2495/2566 2496/2496/2567 2413/2413/2473
f 2413/2413/2473 2496/2496/2567 2411/2411/2471
f 2496/2496/2567 2477/2477/2496 2411/2411/2471
f 2497/2497/2568 3864/2382/2569 2498/2498/2548
f 3864/2382/2569 3857/2380/2570 2498/2498/2548
f 2499/2499/2550 3862/2384/2571 2497/2497/2568
f 3862/2384/2571 3864/2382/2569 2497/2497/2568
f 2500/2500/2551 4347/2386/2572 2499/2499/2550
f 4347/2386/2572 3862/2384/2571 2499/2499/2550
f 2501/2501/2552 3842/2388/2573 2500/2500/2551
f 3842/2388/2573 4347/2386/2572 2500/2500/2551
f 2502/2502/2553 4280/2390/2574 2501/2501/2552
f 4280/2390/2574 3842/2388/2573 2501/2501/2552
f 2503/2503/2575 3841/2392/2576 2502/2502/2553
f 3841/2392/2576 4280/2390/2574 2502/2502/2553
f 2504/2504/2555 3840/2394/2577 2503/2503/2575
f 3840/2394/2577 3841/2392/2576 2503/2503/2575
f 2505/2505/2537 3863/2358/2578 2504/2504/2555
f 3863/2358/2578 3840/2394/2577 2504/2504/2555
f 2506/2506/2536 3865/2356/2579 2505/2505/2537
f 3865/2356/2579 3863/2358/2578 2505/2505/2537
f 2507/2507/2538 3859/2360/2580 2506/2506/2536
f 3859/2360/2580 3865/2356/2579 2506/2506/2536
f 2508/2508/2581 3855/2362/2582 2507/2507/2538
f 3855/2362/2582 3859/2360/2580 2507/2507/2538
f 2509/2509/2540 3852/2364/2583 2508/2508/2581
f 3852/2364/2583 3855/2362/2582 2508/2508/2581
f 2510/2510/2541 3849/2366/2584 2509/2509/2540
f 3849/2366/2584 3852/2364/2583 2509/2509/2540
f 2511/2511/2542 3848/2368/2585 2510/2510/2541
f 3848/2368/2585 3849/2366/2584 2510/2510/2541
f 2512/2512/2543 3846/2370/2586 2511/2511/2542
f 3846/2370/2586 3848/2368/2585 2511/2511/2542
f 2513/2513/2587 3847/2372/2588 2512/2512/2543
f 3847/2372/2588 3846/2370/2586 2512/2512/2543
f 2514/2514/2545 4520/2374/2589 2513/2513/2587
f 4520/2374/2589 3847/2372/2588 2513/2513/2587
f 2515/2515/2546 3851/2376/2590 2514/2514/2545
f 3851/2376/2590 4520/2374/2589 2514/2514/2545
f 2516/2516/2547 3854/2378/2591 2515/2515/2546
f 3854/2378/2591 3851/2376/2590 2515/2515/2546
f 2498/2498/2548 3857/2380/2570 2516/2516/2547
f 3857/2380/2570 3854/2378/2591 2516/2516/2547
f 2517/2517/2592 2519/2518/2593 2518/2519/2455
f 2519/2518/2593 2520/2520/2594 2518/2519/2455
f 2519/2518/2593 2517/2517/2592 2521/2521/2595
f 2517/2517/2592 2522/2522/2596 2521/2521/2595
f 2521/2521/2595 2522/2522/2596 2523/2523/2597
f 2522/2522/2596 2524/2524/2598 2523/2523/2597
f 2525/2525/2599 2527/2526/2600 2526/2527/2601
f 2527/2526/2600 2528/2528/2455 2526/2527/2601
f 2527/2526/2600 2525/2525/2599 2529/2529/2602
f 2525/2525/2599 2530/2530/2603 2529/2529/2602
f 2529/2529/2602 2530/2530/2603 2531/2531/2604
f 2530/2530/2603 2532/2532/2605 2531/2531/2604
f 2523/2523/2597 2524/2524/2598 2533/2533/2606
f 2524/2524/2598 2534/2534/2607 2533/2533/2606
f 2531/2531/2604 2532/2532/2605 2535/2535/2608
f 2532/2532/2605 2536/2536/2609 2535/2535/2608
f 2533/2533/2606 2534/2534/2607 2537/2537/2610
f 2534/2534/2607 2538/2538/2611 2537/2537/2610
f 2535/2535/2608 2536/2536/2609 2539/2539/2612
f 2536/2536/2609 2540/2540/2613 2539/2539/2612
f 2537/2537/2610 2538/2538/2611 2541/2541/2614
f 2538/2538/2611 2542/2542/2615 2541/2541/2614
f 2539/2539/2612 2540/2540/2613 2543/2543/2616
f 2540/2540/2613 2544/2544/2617 2543/2543/2616
f 2541/2541/2614 2542/2542/2615 2545/2545/2618
f 2542/2542/2615 2546/2546/2619 2545/2545/2618
f 2543/2543/2616 2544/2544/2617 2547/2547/2620
f 2544/2544/2617 2548/2548/2621 2547/2547/2620
f 2545/2545/2618 2546/2546/2619 2549/2549/2622
f 2546/2546/2619 2550/2550/2623 2549/2549/2622
f 2547/2547/2620 2548/2548/2621 2551/2551/2624
f 2548/2548/2621 2552/2552/2625 2551/2551/2624
f 2549/2549/2622 2550/2550/2623 2553/2553/2626
f 2550/2550/2623 2554/2554/2627 2553/2553/2626
f 2551/2551/2624 2552/2552/2625 2555/2555/2628
f 2552/2552/2625 2556/2556/2629 2555/2555/2628
f 2553/2553/2626 2554/2554/2627 2557/2557/2630
f 2554/2554/2627 2558/2558/2257 2557/2557/2630
f 2555/2555/2628 2556/2556/2629 2559/2559/2246
f 2556/2556/2629 2560/2560/2631 2559/2559/2246
f 2557/2557/2630 2558/2558/2257 2561/2561/2632
f 2558/2558/2257 2562/2562/2633 2561/2561/2632
f 2559/2559/2246 2560/2560/2631 2563/2563/2634
f 2560/2560/2631 2564/2564/2635 2563/2563/2634
f 2561/2561/2632 2562/2562/2633 2565/2565/2636
f 2562/2562/2633 2566/2566/2637 2565/2565/2636
f 2563/2563/2634 2564/2564/2635 2567/2567/2638
f 2564/2564/2635 2568/2568/2639 2567/2567/2638
f 2565/2565/2636 2566/2566/2637 2569/2569/2640
f 2566/2566/2637 2570/2570/2641 2569/2569/2640
f 2567/2567/2638 2568/2568/2639 2571/2571/2642
f 2568/2568/2639 2572/2572/2643 2571/2571/2642
f 2569/2569/2640 2570/2570/2641 2573/2573/2644
f 2570/2570/2641 2574/2574/2645 2573/2573/2644
f 2571/2571/2642 2572/2572/2643 2575/2575/2646
f 2572/2572/2643 2576/2576/2647 2575/2575/2646
f 2573/2573/2644 2574/2574/2645 2577/2577/2648
f 2574/2574/2645 2578/2578/2649 2577/2577/2648
f 2575/2575/2646 2576/2576/2647 2579/2579/2650
f 2576/2576/2647 2580/2580/2651 2579/2579/2650
f 2577/2577/2648 2578/2578/2649 2581/2581/2652
f 2578/2578/2649 2582/2582/2653 2581/2581/2652
f 2579/2579/2650 2580/2580/2651 2583/2583/2654
f 2580/2580/2651 2584/2584/2655 2583/2583/2654
f 2581/2581/2652 2582/2582/2653 2585/2585/2656
f 2582/2582/2653 2586/2586/2657 2585/2585/2656
f 2583/2583/2654 2584/2584/2655 2587/2587/2658
f 2584/2584/2655 2588/2588/2659 2587/2587/2658
f 2585/2585/2656 2586/2586/2657 2589/2589/2660
f 2586/2586/2657 2590/2590/2661 2589/2589/2660
f 2587/2587/2658 2588/2588/2659 2591/2591/2662
f 2588/2588/2659 2592/2592/2663 2591/2591/2662
f 2589/2589/2660 2590/2590/2661 2593/2593/2664
f 2590/2590/2661 2594/2594/2665 2593/2593/2664
f 2591/2591/2662 2592/2592/2663 2595/2595/2666
f 2592/2592/2663 2596/2596/2667 2595/2595/2666
f 2593/2593/2664 2594/2594/2665 2597/2597/2668
f 2594/2594/2665 2598/2598/1296 2597/2597/2668
f 2595/2595/2666 2596/2596/2667 2598/2598/1296
f 2596/2596/2667 2597/2597/2668 2598/2598/1296
f 2599/2599/2669 2601/2600/2670 2600/2601/2671
f 2601/2600/2670 2602/2602/2672 2600/2601/2671
f 2600/2601/2671 2603/2603/2673 2599/2599/2669
f 2603/2603/2673 2604/2604/2674 2599/2599/2669
f 2603/2603/2673 2605/2605/2675 2604/2604/2674
f 2605/2605/2675 2606/2606/2676 2604/2604/2674
f 2607/2607/2677 2609/2608/2672 2608/2609/2678
f 2609/2608/2672 2610/2610/2670 2608/2609/2678
f 2608/2609/2678 2611/2611/2679 2607/2607/2677
f 2611/2611/2679 2612/2612/2680 2607/2607/2677
f 2611/2611/2679 2613/2613/2681 2612/2612/2680
f 2613/2613/2681 2614/2614/2682 2612/2612/2680
f 2605/2605/2675 2615/2615/2683 2606/2606/2676
f 2615/2615/2683 2616/2616/2684 2606/2606/2676
f 2613/2613/2681 2617/2617/2685 2614/2614/2682
f 2617/2617/2685 2618/2618/2686 2614/2614/2682
f 2615/2615/2683 2619/2619/2651 2616/2616/2684
f 2619/2619/2651 2620/2620/2687 2616/2616/2684
f 2617/2617/2685 2621/2621/2688 2618/2618/2686
f 2621/2621/2688 2622/2622/2648 2618/2618/2686
f 2619/2619/2651 2623/2623/2647 2620/2620/2687
f 2623/2623/2647 2624/2624/2689 2620/2620/2687
f 2621/2621/2688 2625/2625/2690 2622/2622/2648
f 2625/2625/2690 2626/2626/2644 2622/2622/2648
f 2623/2623/2647 2627/2627/2691 2624/2624/2689
f 2627/2627/2691 2628/2628/2692 2624/2624/2689
f 2625/2625/2690 2629/2629/2693 2626/2626/2644
f 2629/2629/2693 2630/2630/2640 2626/2626/2644
f 2627/2627/2691 2631/2631/2639 2628/2628/2692
f 2631/2631/2639 2632/2632/2694 2628/2628/2692
f 2629/2629/2693 2633/2633/2695 2630/2630/2640
f 2633/2633/2695 2634/2634/2636 2630/2630/2640
f 2631/2631/2639 2635/2635/2635 2632/2632/2694
f 2635/2635/2635 2636/2636/2696 2632/2632/2694
f 2633/2633/2695 2637/2637/2697 2634/2634/2636
f 2637/2637/2697 2638/2638/2698 2634/2634/2636
f 2635/2635/2635 2639/2639/2631 2636/2636/2696
f 2639/2639/2631 2640/2640/2699 2636/2636/2696
f 2637/2637/2697 2641/2641/2700 2638/2638/2698
f 2641/2641/2700 2642/2642/2630 2638/2638/2698
f 2639/2639/2631 2643/2643/2701 2640/2640/2699
f 2643/2643/2701 2644/2644/2702 2640/2640/2699
f 2641/2641/2700 2645/2645/2703 2642/2642/2630
f 2645/2645/2703 2646/2646/2704 2642/2642/2630
f 2643/2643/2701 2647/2647/2625 2644/2644/2702
f 2647/2647/2625 2648/2648/2705 2644/2644/2702
f 2645/2645/2703 2649/2649/2706 2646/2646/2704
f 2649/2649/2706 2650/2650/2622 2646/2646/2704
f 2647/2647/2625 2651/2651/2621 2648/2648/2705
f 2651/2651/2621 2652/2652/2707 2648/2648/2705
f 2649/2649/2706 2653/2653/2708 2650/2650/2622
f 2653/2653/2708 2654/2654/2618 2650/2650/2622
f 2651/2651/2621 2655/2655/2617 2652/2652/2707
f 2655/2655/2617 2656/2656/2709 2652/2652/2707
f 2653/2653/2708 2657/2657/2710 2654/2654/2618
f 2657/2657/2710 2658/2658/2614 2654/2654/2618
f 2655/2655/2617 2659/2659/2613 2656/2656/2709
f 2659/2659/2613 2660/2660/2711 2656/2656/2709
f 2657/2657/2710 2661/2661/2712 2658/2658/2614
f 2661/2661/2712 2662/2662/2610 2658/2658/2614
f 2659/2659/2613 2663/2663/2713 2660/2660/2711
f 2663/2663/2713 2664/2664/2714 2660/2660/2711
f 2661/2661/2712 2665/2665/2715 2662/2662/2610
f 2665/2665/2715 2666/2666/2716 2662/2662/2610
f 2663/2663/2713 2667/2667/2717 2664/2664/2714
f 2667/2667/2717 2668/2668/2718 2664/2664/2714
f 2665/2665/2715 2669/2669/2719 2666/2666/2716
f 2669/2669/2719 2670/2670/2720 2666/2666/2716
f 2667/2667/2717 2671/2671/2721 2668/2668/2718
f 2671/2671/2721 2672/2672/2722 2668/2668/2718
f 2669/2669/2719 2673/2673/2723 2670/2670/2720
f 2673/2673/2723 2674/2674/2724 2670/2670/2720
f 2671/2671/2721 2675/2675/2725 2672/2672/2722
f 2675/2675/2725 2676/2676/2726 2672/2672/2722
f 2673/2673/2723 2677/2677/2727 2674/2674/2724
f 2677/2677/2727 2678/2678/2728 2674/2674/2724
f 2675/2675/2725 2679/2679/2729 2676/2676/2726
f 2679/2679/2729 2680/2680/2730 2676/2676/2726
f 2677/2677/2727 2680/2680/2730 2678/2678/2728
f 2680/2680/2730 2679/2679/2729 2678/2678/2728
f 4025/2601/2241 4050/2602/2241 4333/2518/2241
f 4050/2602/2241 3922/2520/2241 4333/2518/2241
f 2681/2681/2252 4353/2600/2252 2682/2682/2252
f 4353/2600/2252 3822/2599/2252 2682/2682/2252
f 3822/2599/2252 3821/2604/2252 2682/2682/2252
f 3821/2604/2252 2683/2683/2252 2682/2682/2252
f 4284/2521/2241 3873/2603/2241 4333/2518/2241
f 3873/2603/2241 4025/2601/2241 4333/2518/2241
f 3821/2604/2252 4338/2606/2252 2683/2683/2252
f 4338/2606/2252 2684/2684/2252 2683/2683/2252
f 4533/2605/2241 3873/2603/2241 3839/2523/2241
f 3873/2603/2241 4284/2521/2241 3839/2523/2241
f 4287/2609/2252 4354/2610/2252 2685/2685/2252
f 4354/2610/2252 2686/2686/2252 2685/2685/2252
f 3923/2527/2241 4051/2608/2241 4267/2525/2241
f 4051/2608/2241 3820/2607/2241 4267/2525/2241
f 3820/2607/2241 3818/2612/2241 4267/2525/2241
f 3818/2612/2241 3941/2530/2241 4267/2525/2241
f 2687/2687/2252 3819/2611/2252 2685/2685/2252
f 3819/2611/2252 4287/2609/2252 2685/2685/2252
f 3818/2612/2241 3817/2614/2241 3941/2530/2241
f 3817/2614/2241 3838/2532/2241 3941/2530/2241
f 4216/2613/2252 3819/2611/2252 2688/2688/2252
f 3819/2611/2252 2687/2687/2252 2688/2688/2252
f 4338/2606/2252 3816/2616/2252 2684/2684/2252
f 3816/2616/2252 2689/2689/2252 2684/2684/2252
f 3907/2615/2241 4533/2605/2241 4266/2533/2241
f 4533/2605/2241 3839/2523/2241 4266/2533/2241
f 3817/2614/2241 4162/2618/2241 3838/2532/2241
f 4162/2618/2241 4231/2536/2241 3838/2532/2241
f 4127/2617/2252 4216/2613/2252 2690/2690/2252
f 4216/2613/2252 2688/2688/2252 2690/2690/2252
f 3816/2616/2252 3902/2620/2252 2689/2689/2252
f 3902/2620/2252 2691/2691/2252 2689/2689/2252
f 3815/2619/2241 3907/2615/2241 3920/2537/2241
f 3907/2615/2241 4266/2533/2241 3920/2537/2241
f 4162/2618/2241 4008/2622/2241 4231/2536/2241
f 4008/2622/2241 3837/2540/2241 4231/2536/2241
f 3814/2621/2252 4127/2617/2252 2692/2692/2252
f 4127/2617/2252 2690/2690/2252 2692/2692/2252
f 3902/2620/2252 3812/2624/2252 2691/2691/2252
f 3812/2624/2252 2693/2693/2252 2691/2691/2252
f 3813/2623/2241 3815/2619/2241 3836/2541/2241
f 3815/2619/2241 3920/2537/2241 3836/2541/2241
f 4008/2622/2241 3918/2626/2241 3837/2540/2241
f 3918/2626/2241 3835/2544/2241 3837/2540/2241
f 4309/2625/2252 3814/2621/2252 2694/2694/2252
f 3814/2621/2252 2692/2692/2252 2694/2694/2252
f 3812/2624/2252 3810/2628/2252 2693/2693/2252
f 3810/2628/2252 2695/2695/2252 2693/2693/2252
f 3811/2627/2241 3813/2623/2241 4126/2545/2241
f 3813/2623/2241 3836/2541/2241 4126/2545/2241
f 3918/2626/2241 3809/2630/2241 3835/2544/2241
f 3809/2630/2241 3932/2548/2241 3835/2544/2241
f 3910/2629/2252 4309/2625/2252 2696/2696/2252
f 4309/2625/2252 2694/2694/2252 2696/2696/2252
f 3810/2628/2252 3808/2632/2252 2695/2695/2252
f 3808/2632/2252 2697/2697/2252 2695/2695/2252
f 3926/2631/2241 3811/2627/2241 3834/2549/2241
f 3811/2627/2241 4126/2545/2241 3834/2549/2241
f 3809/2630/2241 3807/2634/2241 3932/2548/2241
f 3807/2634/2241 3833/2552/2241 3932/2548/2241
f 4118/2633/2252 3910/2629/2252 2698/2698/2252
f 3910/2629/2252 2696/2696/2252 2698/2698/2252
f 3808/2632/2252 4010/2636/2252 2697/2697/2252
f 4010/2636/2252 2699/2699/2252 2697/2697/2252
f 3806/2635/2241 3926/2631/2241 3885/2553/2241
f 3926/2631/2241 3834/2549/2241 3885/2553/2241
f 3807/2634/2241 4363/2638/2241 3833/2552/2241
f 4363/2638/2241 4225/2556/2241 3833/2552/2241
f 4316/2637/2252 4118/2633/2252 2700/2700/2252
f 4118/2633/2252 2698/2698/2252 2700/2700/2252
f 4010/2636/2252 4209/2640/2252 2699/2699/2252
f 4209/2640/2252 2701/2701/2252 2699/2699/2252
f 3975/2639/2241 3806/2635/2241 4315/2557/2241
f 3806/2635/2241 3885/2553/2241 4315/2557/2241
f 4363/2638/2241 3805/2642/2241 4225/2556/2241
f 3805/2642/2241 3832/2560/2241 4225/2556/2241
f 4030/2641/2252 4316/2637/2252 2702/2702/2252
f 4316/2637/2252 2700/2700/2252 2702/2702/2252
f 4209/2640/2252 3958/2644/2252 2701/2701/2252
f 3958/2644/2252 2703/2703/2252 2701/2701/2252
f 3804/2643/2241 3975/2639/2241 3831/2561/2241
f 3975/2639/2241 4315/2557/2241 3831/2561/2241
f 3805/2642/2241 3802/2646/2241 3832/2560/2241
f 3802/2646/2241 4238/2564/2241 3832/2560/2241
f 3803/2645/2252 4030/2641/2252 2704/2704/2252
f 4030/2641/2252 2702/2702/2252 2704/2704/2252
f 3958/2644/2252 4106/2648/2252 2703/2703/2252
f 4106/2648/2252 2705/2705/2252 2703/2703/2252
f 3801/2647/2241 3804/2643/2241 3830/2565/2241
f 3804/2643/2241 3831/2561/2241 3830/2565/2241
f 3802/2646/2241 3799/2650/2241 4238/2564/2241
f 3799/2650/2241 4042/2568/2241 4238/2564/2241
f 3800/2649/2252 3803/2645/2252 2706/2706/2252
f 3803/2645/2252 2704/2704/2252 2706/2706/2252
f 4106/2648/2252 3797/2652/2252 2705/2705/2252
f 3797/2652/2252 2707/2707/2252 2705/2705/2252
f 3798/2651/2241 3801/2647/2241 4519/2569/2241
f 3801/2647/2241 3830/2565/2241 4519/2569/2241
f 3799/2650/2241 3796/2654/2241 4042/2568/2241
f 3796/2654/2241 3829/2572/2241 4042/2568/2241
f 4239/2653/2252 3800/2649/2252 2708/2708/2252
f 3800/2649/2252 2706/2706/2252 2708/2708/2252
f 3797/2652/2252 4178/2656/2252 2707/2707/2252
f 4178/2656/2252 2709/2709/2252 2707/2707/2252
f 4265/2655/2241 3798/2651/2241 4515/2573/2241
f 3798/2651/2241 4519/2569/2241 4515/2573/2241
f 3796/2654/2241 3906/2658/2241 3829/2572/2241
f 3906/2658/2241 3828/2576/2241 3829/2572/2241
f 3795/2657/2252 4239/2653/2252 2710/2710/2252
f 4239/2653/2252 2708/2708/2252 2710/2710/2252
f 4178/2656/2252 3794/2660/2252 2709/2709/2252
f 3794/2660/2252 2711/2711/2252 2709/2709/2252
f 3999/2659/2241 4265/2655/2241 3827/2577/2241
f 4265/2655/2241 4515/2573/2241 3827/2577/2241
f 3906/2658/2241 4263/2662/2241 3828/2576/2241
f 4263/2662/2241 3826/2580/2241 3828/2576/2241
f 3793/2661/2252 3795/2657/2252 2712/2712/2252
f 3795/2657/2252 2710/2710/2252 2712/2712/2252
f 3794/2660/2252 4523/2664/2252 2711/2711/2252
f 4523/2664/2252 2713/2713/2252 2711/2711/2252
f 3933/2663/2241 3999/2659/2241 3825/2581/2241
f 3999/2659/2241 3827/2577/2241 3825/2581/2241
f 4263/2662/2241 4129/2666/2241 3826/2580/2241
f 4129/2666/2241 4201/2584/2241 3826/2580/2241
f 3792/2665/2252 3793/2661/2252 2714/2714/2252
f 3793/2661/2252 2712/2712/2252 2714/2714/2252
f 4523/2664/2252 3791/2668/2252 2713/2713/2252
f 3791/2668/2252 2715/2715/2252 2713/2713/2252
f 3938/2667/2241 3933/2663/2241 4365/2585/2241
f 3933/2663/2241 3825/2581/2241 4365/2585/2241
f 4129/2666/2241 3789/2670/2241 4201/2584/2241
f 3789/2670/2241 3824/2588/2241 4201/2584/2241
f 3790/2669/2252 3792/2665/2252 2716/2716/2252
f 3792/2665/2252 2714/2714/2252 2716/2716/2252
f 3791/2668/2252 3935/2672/2252 2715/2715/2252
f 3935/2672/2252 2717/2717/2252 2715/2715/2252
f 3880/2671/2241 3938/2667/2241 3929/2589/2241
f 3938/2667/2241 4365/2585/2241 3929/2589/2241
f 3789/2670/2241 3788/2674/2241 3824/2588/2241
f 3788/2674/2241 3988/2592/2241 3824/2588/2241
f 4368/2673/2252 3790/2669/2252 2718/2718/2252
f 3790/2669/2252 2716/2716/2252 2718/2718/2252
f 2717/2717/2252 3935/2672/2252 2719/2719/2252
f 3935/2672/2252 3786/2676/2252 2719/2719/2252
f 3787/2675/2241 3880/2671/2241 4514/2593/2241
f 3880/2671/2241 3929/2589/2241 4514/2593/2241
f 3988/2592/2241 3788/2674/2241 3823/2596/2241
f 3788/2674/2241 3785/2678/2241 3823/2596/2241
f 3921/2677/2252 4368/2673/2252 2720/2720/2252
f 4368/2673/2252 2718/2718/2252 2720/2720/2252
f 3786/2676/2252 4355/2680/2252 2719/2719/2252
f 4355/2680/2252 2721/2721/2252 2719/2719/2252
f 4194/2597/2241 4415/2679/2241 4514/2593/2241
f 4415/2679/2241 3787/2675/2241 4514/2593/2241
f 3785/2678/2241 4415/2679/2241 3823/2596/2241
f 4415/2679/2241 4194/2597/2241 3823/2596/2241
f 2721/2721/2252 4355/2680/2252 2720/2720/2252
f 4355/2680/2252 3921/2677/2252 2720/2720/2252
f 4049/2690/2714 2722/2722/2608 4258/2692/2711
f 2722/2722/2608 2723/2723/2612 4258/2692/2711
f 4258/2692/2711 2723/2723/2612 4508/2694/2709
f 2723/2723/2612 2724/2724/2616 4508/2694/2709
f 4508/2694/2709 2724/2724/2616 3776/2696/2731
f 2724/2724/2616 2725/2725/2620 3776/2696/2731
f 3776/2696/2731 2725/2725/2620 4272/2698/2705
f 2725/2725/2620 2726/2726/2624 4272/2698/2705
f 4272/2698/2705 2726/2726/2624 3869/2700/2702
f 2726/2726/2624 2727/2727/2628 3869/2700/2702
f 3869/2700/2702 2727/2727/2628 3773/2702/2699
f 2727/2727/2628 2728/2728/2246 3773/2702/2699
f 3773/2702/2699 2728/2728/2246 3771/2704/2732
f 2728/2728/2246 2729/2729/2634 3771/2704/2732
f 3771/2704/2732 2729/2729/2634 3892/2706/2694
f 2729/2729/2634 2730/2730/2638 3892/2706/2694
f 3892/2706/2694 2730/2730/2638 3947/2708/2692
f 2730/2730/2638 2731/2731/2642 3947/2708/2692
f 3947/2708/2692 2731/2731/2642 4084/2710/2689
f 2731/2731/2642 2732/2732/2646 4084/2710/2689
f 4084/2710/2689 2732/2732/2646 4065/2712/2687
f 2732/2732/2646 2733/2733/2650 4065/2712/2687
f 4065/2712/2687 2733/2733/2650 3956/2714/2684
f 2733/2733/2650 2734/2734/2654 3956/2714/2684
f 3956/2714/2684 2734/2734/2654 4525/2716/2733
f 2734/2734/2654 2735/2735/2658 4525/2716/2733
f 4525/2716/2733 2735/2735/2658 3891/2718/2734
f 2735/2735/2658 2736/2736/2662 3891/2718/2734
f 3891/2718/2734 2736/2736/2662 4518/2720/2735
f 2736/2736/2662 2737/2737/2666 4518/2720/2735
f 4518/2720/2735 2737/2737/2666 4366/2721/2736
f 2737/2737/2666 2738/2738/1296 4366/2721/2736
f 2739/2739/2737 3768/2719/2738 2738/2738/1296
f 3768/2719/2738 4366/2721/2736 2738/2738/1296
f 2740/2740/2661 3769/2717/2739 2739/2739/2737
f 3769/2717/2739 3768/2719/2738 2739/2739/2737
f 2741/2741/2740 4107/2715/2741 2740/2740/2661
f 4107/2715/2741 3769/2717/2739 2740/2740/2661
f 2742/2742/2653 4259/2713/2742 2741/2741/2740
f 4259/2713/2742 4107/2715/2741 2741/2741/2740
f 2743/2743/2649 3868/2711/2743 2742/2742/2653
f 3868/2711/2743 4259/2713/2742 2742/2742/2653
f 2744/2744/2645 4305/2709/2690 2743/2743/2649
f 4305/2709/2690 3868/2711/2743 2743/2743/2649
f 2745/2745/2641 3770/2707/2693 2744/2744/2645
f 3770/2707/2693 4305/2709/2690 2744/2744/2645
f 2746/2746/2637 4062/2705/2695 2745/2745/2641
f 4062/2705/2695 3770/2707/2693 2745/2745/2641
f 2747/2747/2633 3772/2703/2697 2746/2746/2637
f 3772/2703/2697 4062/2705/2695 2746/2746/2637
f 2748/2748/2257 4512/2701/2700 2747/2747/2633
f 4512/2701/2700 3772/2703/2697 2747/2747/2633
f 2749/2749/2627 3774/2699/2744 2748/2748/2257
f 3774/2699/2744 4512/2701/2700 2748/2748/2257
f 2750/2750/2623 3775/2697/2706 2749/2749/2627
f 3775/2697/2706 3774/2699/2744 2749/2749/2627
f 2751/2751/2619 3777/2695/2708 2750/2750/2623
f 3777/2695/2708 3775/2697/2706 2750/2750/2623
f 2752/2752/2615 3778/2693/2710 2751/2751/2619
f 3778/2693/2710 3777/2695/2708 2751/2751/2619
f 2753/2753/2611 3779/2691/2712 2752/2752/2615
f 3779/2691/2712 3778/2693/2710 2752/2752/2615
f 2754/2754/2607 4276/2689/2745 2753/2753/2611
f 4276/2689/2745 3779/2691/2712 2753/2753/2611
f 2755/2755/2746 3781/2684/2747 2754/2754/2607
f 3781/2684/2747 4276/2689/2745 2754/2754/2607
f 2756/2756/2748 3966/2683/2749 2755/2755/2746
f 3966/2683/2749 3781/2684/2747 2755/2755/2746
f 2757/2757/2750 3782/2682/2751 2756/2756/2748
f 3782/2682/2751 3966/2683/2749 2756/2756/2748
f 3782/2682/2751 2757/2757/2750 3783/2681/2752
f 2757/2757/2750 2758/2758/2455 3783/2681/2752
f 2759/2759/2753 4300/2685/2754 2760/2760/2455
f 4300/2685/2754 3784/2686/2755 2760/2760/2455
f 4300/2685/2754 2759/2759/2753 3780/2687/2756
f 2759/2759/2753 2761/2761/2757 3780/2687/2756
f 3780/2687/2756 2761/2761/2757 3900/2688/2758
f 2761/2761/2757 2762/2762/2604 3900/2688/2758
f 3900/2688/2758 2762/2762/2604 4049/2690/2714
f 2762/2762/2604 2722/2722/2608 4049/2690/2714
f 2763/2763/2759 2765/2764/2760 2764/2765/2761
f 2765/2764/2760 2766/2766/2762 2764/2765/2761
f 2765/2764/2760 2763/2763/2759 2767/2767/2763
f 2763/2763/2759 2768/2768/2764 2767/2767/2763
f 2767/2767/2763 2768/2768/2764 2769/2769/2765
f 2768/2768/2764 2770/2770/2766 2769/2769/2765
f 2771/2771/2767 2772/2772/2768 2766/2766/2762
f 2772/2772/2768 2764/2765/2761 2766/2766/2762
f 2772/2772/2768 2771/2771/2767 2773/2773/2769
f 2771/2771/2767 2774/2774/2770 2773/2773/2769
f 2773/2773/2769 2774/2774/2770 2775/2775/2771
f 2774/2774/2770 2776/2776/2772 2775/2775/2771
f 2769/2769/2765 2770/2770/2766 2777/2777/2773
f 2770/2770/2766 2778/2778/2774 2777/2777/2773
f 2775/2775/2771 2776/2776/2772 2779/2779/2775
f 2776/2776/2772 2780/2780/2776 2779/2779/2775
f 2777/2777/2773 2778/2778/2774 2781/2781/2777
f 2778/2778/2774 2782/2782/2778 2781/2781/2777
f 2779/2779/2775 2780/2780/2776 2783/2783/2779
f 2780/2780/2776 2784/2784/2780 2783/2783/2779
f 2781/2781/2777 2782/2782/2778 2785/2785/2781
f 2782/2782/2778 2786/2786/2782 2785/2785/2781
f 2783/2783/2779 2784/2784/2780 2787/2787/2783
f 2784/2784/2780 2788/2788/2784 2787/2787/2783
f 2785/2785/2781 2786/2786/2782 2789/2789/2785
f 2786/2786/2782 2790/2790/2786 2789/2789/2785
f 2787/2787/2783 2788/2788/2784 2791/2791/2787
f 2788/2788/2784 2792/2792/2788 2791/2791/2787
f 2789/2789/2785 2790/2790/2786 2793/2793/2789
f 2790/2790/2786 2794/2794/2790 2793/2793/2789
f 2791/2791/2787 2792/2792/2788 2795/2795/2791
f 2792/2792/2788 2796/2796/2792 2795/2795/2791
f 2793/2793/2789 2794/2794/2790 2797/2797/2793
f 2794/2794/2790 2798/2798/2794 2797/2797/2793
f 2795/2795/2791 2796/2796/2792 2799/2799/2795
f 2796/2796/2792 2800/2800/2796 2799/2799/2795
f 2797/2797/2793 2798/2798/2794 2801/2801/2797
f 2798/2798/2794 2802/2802/2798 2801/2801/2797
f 2799/2799/2795 2800/2800/2796 2803/2803/2799
f 2800/2800/2796 2804/2804/2800 2803/2803/2799
f 2801/2801/2797 2802/2802/2798 2805/2805/2801
f 2802/2802/2798 2806/2806/2802 2805/2805/2801
f 2803/2803/2799 2804/2804/2800 2807/2807/2803
f 2804/2804/2800 2808/2808/2804 2807/2807/2803
f 2805/2805/2801 2806/2806/2802 2809/2809/2805
f 2806/2806/2802 2810/2810/2806 2809/2809/2805
f 2807/2807/2803 2808/2808/2804 2811/2811/2807
f 2808/2808/2804 2812/2812/2808 2811/2811/2807
f 2809/2809/2805 2810/2810/2806 2813/2813/2809
f 2810/2810/2806 2814/2814/2810 2813/2813/2809
f 2811/2811/2807 2812/2812/2808 2815/2815/2811
f 2812/2812/2808 2816/2816/2812 2815/2815/2811
f 2813/2813/2809 2814/2814/2810 2817/2817/2813
f 2814/2814/2810 2818/2818/2814 2817/2817/2813
f 2815/2815/2811 2816/2816/2812 2819/2819/2815
f 2816/2816/2812 2820/2820/2816 2819/2819/2815
f 2817/2817/2813 2818/2818/2814 2821/2821/2817
f 2818/2818/2814 2822/2822/2818 2821/2821/2817
f 2819/2819/2815 2820/2820/2816 2823/2823/2819
f 2820/2820/2816 2824/2824/2820 2823/2823/2819
f 2821/2821/2817 2822/2822/2818 2825/2825/2821
f 2822/2822/2818 2826/2826/2822 2825/2825/2821
f 2823/2823/2819 2824/2824/2820 2827/2827/2823
f 2824/2824/2820 2828/2828/2824 2827/2827/2823
f 2825/2825/2821 2826/2826/2822 2829/2829/2825
f 2826/2826/2822 2830/2830/2826 2829/2829/2825
f 2827/2827/2823 2828/2828/2824 2831/2831/2827
f 2828/2828/2824 2832/2832/2828 2831/2831/2827
f 2829/2829/2825 2830/2830/2826 2833/2833/2829
f 2830/2830/2826 2834/2834/2830 2833/2833/2829
f 2831/2831/2827 2832/2832/2828 2835/2835/2831
f 2832/2832/2828 2836/2836/2832 2835/2835/2831
f 2833/2833/2829 2834/2834/2830 2837/2837/2833
f 2834/2834/2830 2838/2838/2834 2837/2837/2833
f 2835/2835/2831 2836/2836/2832 2839/2839/2835
f 2836/2836/2832 2840/2840/2836 2839/2839/2835
f 2837/2837/2833 2838/2838/2834 2841/2841/2837
f 2838/2838/2834 2842/2842/2838 2841/2841/2837
f 2839/2839/2835 2840/2840/2836 2843/2843/2838
f 2840/2840/2836 2844/2844/2839 2843/2843/2838
f 2845/2845/2840 2847/2846/2841 2846/2847/2842
f 2847/2846/2841 2848/2848/2843 2846/2847/2842
f 2846/2847/2842 2849/2849/2844 2845/2845/2840
f 2849/2849/2844 2850/2850/2845 2845/2845/2840
f 2849/2849/2844 2851/2851/2846 2850/2850/2845
f 2851/2851/2846 2852/2852/2827 2850/2850/2845
f 2853/2853/2847 2848/2848/2843 2854/2854/2848
f 2848/2848/2843 2847/2846/2841 2854/2854/2848
f 2854/2854/2848 2855/2855/2849 2853/2853/2847
f 2855/2855/2849 2856/2856/2850 2853/2853/2847
f 2855/2855/2849 2857/2857/2826 2856/2856/2850
f 2857/2857/2826 2858/2858/2851 2856/2856/2850
f 2851/2851/2846 2859/2859/2852 2852/2852/2827
f 2859/2859/2852 2860/2860/2853 2852/2852/2827
f 2857/2857/2826 2861/2861/2822 2858/2858/2851
f 2861/2861/2822 2862/2862/2854 2858/2858/2851
f 2859/2859/2852 2863/2863/2855 2860/2860/2853
f 2863/2863/2855 2864/2864/2856 2860/2860/2853
f 2861/2861/2822 2865/2865/2857 2862/2862/2854
f 2865/2865/2857 2866/2866/2858 2862/2862/2854
f 2863/2863/2855 2867/2867/2859 2864/2864/2856
f 2867/2867/2859 2868/2868/2860 2864/2864/2856
f 2865/2865/2857 2869/2869/2814 2866/2866/2858
f 2869/2869/2814 2870/2870/2861 2866/2866/2858
f 2867/2867/2859 2871/2871/2862 2868/2868/2860
f 2871/2871/2862 2872/2872/2811 2868/2868/2860
f 2869/2869/2814 2873/2873/2810 2870/2870/2861
f 2873/2873/2810 2874/2874/2863 2870/2870/2861
f 2871/2871/2862 2875/2875/2864 2872/2872/2811
f 2875/2875/2864 2876/2876/2807 2872/2872/2811
f 2873/2873/2810 2877/2877/2865 2874/2874/2863
f 2877/2877/2865 2878/2878/2866 2874/2874/2863
f 2875/2875/2864 2879/2879/2867 2876/2876/2807
f 2879/2879/2867 2880/2880/2868 2876/2876/2807
f 2877/2877/2865 2881/2881/2802 2878/2878/2866
f 2881/2881/2802 2882/2882/2869 2878/2878/2866
f 2879/2879/2867 2883/2883/2870 2880/2880/2868
f 2883/2883/2870 2884/2884/2799 2880/2880/2868
f 2881/2881/2802 2885/2885/2798 2882/2882/2869
f 2885/2885/2798 2886/2886/2871 2882/2882/2869
f 2883/2883/2870 2887/2887/2872 2884/2884/2799
f 2887/2887/2872 2888/2888/2795 2884/2884/2799
f 2885/2885/2798 2889/2889/2794 2886/2886/2871
f 2889/2889/2794 2890/2890/2873 2886/2886/2871
f 2887/2887/2872 2891/2891/2874 2888/2888/2795
f 2891/2891/2874 2892/2892/2875 2888/2888/2795
f 2889/2889/2794 2893/2893/2790 2890/2890/2873
f 2893/2893/2790 2894/2894/2876 2890/2890/2873
f 2891/2891/2874 2895/2895/2877 2892/2892/2875
f 2895/2895/2877 2896/2896/2787 2892/2892/2875
f 2893/2893/2790 2897/2897/2786 2894/2894/2876
f 2897/2897/2786 2898/2898/2878 2894/2894/2876
f 2895/2895/2877 2899/2899/2879 2896/2896/2787
f 2899/2899/2879 2900/2900/2783 2896/2896/2787
f 2897/2897/2786 2901/2901/2880 2898/2898/2878
f 2901/2901/2880 2902/2902/2881 2898/2898/2878
f 2899/2899/2879 2903/2903/2882 2900/2900/2783
f 2903/2903/2882 2904/2904/2883 2900/2900/2783
f 2901/2901/2880 2905/2905/2778 2902/2902/2881
f 2905/2905/2778 2906/2906/2884 2902/2902/2881
f 2903/2903/2882 2907/2907/2885 2904/2904/2883
f 2907/2907/2885 2908/2908/2886 2904/2904/2883
f 2905/2905/2778 2909/2909/2887 2906/2906/2884
f 2909/2909/2887 2910/2910/2888 2906/2906/2884
f 2907/2907/2885 2911/2911/2889 2908/2908/2886
f 2911/2911/2889 2912/2912/2771 2908/2908/2886
f 2909/2909/2887 2913/2913/2766 2910/2910/2888
f 2913/2913/2766 2914/2914/2890 2910/2910/2888
f 2911/2911/2889 2915/2915/2891 2912/2912/2771
f 2915/2915/2891 2916/2916/2892 2912/2912/2771
f 2913/2913/2766 2917/2917/2893 2914/2914/2890
f 2917/2917/2893 2918/2918/2894 2914/2914/2890
f 2915/2915/2891 2919/2919/2895 2916/2916/2892
f 2919/2919/2895 2920/2920/2896 2916/2916/2892
f 2917/2917/2893 2921/2921/2897 2918/2918/2894
f 2921/2921/2897 2922/2922/2898 2918/2918/2894
f 2919/2919/2895 2923/2923/2899 2920/2920/2896
f 2923/2923/2899 2924/2924/2900 2920/2920/2896
f 2921/2921/2897 2925/2925/2901 2922/2922/2898
f 2925/2925/2901 2926/2926/2902 2922/2922/2898
f 3742/2847/2903 4085/2848/2903 2927/2927/2903
f 4085/2848/2903 2928/2928/2903 2927/2927/2903
f 3930/2765/2904 3741/2846/2904 3767/2763/2904
f 3741/2846/2904 3743/2845/2904 3767/2763/2904
f 3743/2845/2904 4260/2850/2904 3767/2763/2904
f 4260/2850/2904 3870/2768/2904 3767/2763/2904
f 2929/2929/2903 3909/2849/2903 2927/2927/2903
f 3909/2849/2903 3742/2847/2903 2927/2927/2903
f 4260/2850/2904 3955/2852/2904 3870/2768/2904
f 3955/2852/2904 3940/2770/2904 3870/2768/2904
f 3740/2851/2903 3909/2849/2903 2930/2930/2903
f 3909/2849/2903 2929/2929/2903 2930/2930/2903
f 4344/2854/2904 3741/2846/2904 3765/2772/2904
f 3741/2846/2904 3930/2765/2904 3765/2772/2904
f 2928/2928/2903 4085/2848/2903 2931/2931/2903
f 4085/2848/2903 3739/2853/2903 2931/2931/2903
f 3739/2853/2903 3738/2856/2903 2931/2931/2903
f 3738/2856/2903 2932/2932/2903 2931/2931/2903
f 3764/2773/2904 3871/2855/2904 3765/2772/2904
f 3871/2855/2904 4344/2854/2904 3765/2772/2904
f 3738/2856/2903 3976/2858/2903 2932/2932/2903
f 3976/2858/2903 2933/2933/2903 2932/2932/2903
f 3737/2857/2904 3871/2855/2904 4252/2775/2904
f 3871/2855/2904 3764/2773/2904 4252/2775/2904
f 3955/2852/2904 4516/2860/2904 3940/2770/2904
f 4516/2860/2904 3887/2778/2904 3940/2770/2904
f 4028/2859/2903 3740/2851/2903 2934/2934/2903
f 3740/2851/2903 2930/2930/2903 2934/2934/2903
f 3976/2858/2903 4427/2862/2903 2933/2933/2903
f 4427/2862/2903 2935/2935/2903 2933/2933/2903
f 4358/2861/2904 3737/2857/2904 3763/2779/2904
f 3737/2857/2904 4252/2775/2904 3763/2779/2904
f 4516/2860/2904 4297/2864/2904 3887/2778/2904
f 4297/2864/2904 4128/2782/2904 3887/2778/2904
f 3957/2863/2903 4028/2859/2903 2936/2936/2903
f 4028/2859/2903 2934/2934/2903 2936/2936/2903
f 4427/2862/2903 3936/2866/2903 2935/2935/2903
f 3936/2866/2903 2937/2937/2903 2935/2935/2903
f 4208/2865/2904 4358/2861/2904 4491/2783/2904
f 4358/2861/2904 3763/2779/2904 4491/2783/2904
f 4297/2864/2904 3927/2868/2904 4128/2782/2904
f 3927/2868/2904 3762/2786/2904 4128/2782/2904
f 3736/2867/2903 3957/2863/2903 2938/2938/2903
f 3957/2863/2903 2936/2936/2903 2938/2938/2903
f 3936/2866/2903 4345/2870/2903 2937/2937/2903
f 4345/2870/2903 2939/2939/2903 2937/2937/2903
f 3735/2869/2904 4208/2865/2904 3761/2787/2904
f 4208/2865/2904 4491/2783/2904 3761/2787/2904
f 3927/2868/2904 3766/2872/2904 3762/2786/2904
f 3766/2872/2904 3760/2790/2904 3762/2786/2904
f 3734/2871/2903 3736/2867/2903 2940/2940/2903
f 3736/2867/2903 2938/2938/2903 2940/2940/2903
f 4345/2870/2903 3732/2874/2903 2939/2939/2903
f 3732/2874/2903 2941/2941/2903 2939/2939/2903
f 3733/2873/2904 3735/2869/2904 3759/2791/2904
f 3735/2869/2904 3761/2787/2904 3759/2791/2904
f 3766/2872/2904 3731/2876/2904 3760/2790/2904
f 3731/2876/2904 3758/2794/2904 3760/2790/2904
f 4212/2875/2903 3734/2871/2903 2942/2942/2903
f 3734/2871/2903 2940/2940/2903 2942/2942/2903
f 3732/2874/2903 3729/2878/2903 2941/2941/2903
f 3729/2878/2903 2943/2943/2903 2941/2941/2903
f 3730/2877/2904 3733/2873/2904 4293/2795/2904
f 3733/2873/2904 3759/2791/2904 4293/2795/2904
f 3731/2876/2904 4325/2880/2904 3758/2794/2904
f 4325/2880/2904 3757/2798/2904 3758/2794/2904
f 3943/2879/2903 4212/2875/2903 2944/2944/2903
f 4212/2875/2903 2942/2942/2903 2944/2944/2903
f 3729/2878/2903 4006/2882/2903 2943/2943/2903
f 4006/2882/2903 2945/2945/2903 2943/2943/2903
f 3876/2881/2904 3730/2877/2904 4015/2799/2904
f 3730/2877/2904 4293/2795/2904 4015/2799/2904
f 4325/2880/2904 4104/2884/2904 3757/2798/2904
f 4104/2884/2904 3882/2802/2904 3757/2798/2904
f 3728/2883/2903 3943/2879/2903 2946/2946/2903
f 3943/2879/2903 2944/2944/2903 2946/2946/2903
f 4006/2882/2903 3727/2886/2903 2945/2945/2903
f 3727/2886/2903 2947/2947/2903 2945/2945/2903
f 3950/2885/2904 3876/2881/2904 3756/2803/2904
f 3876/2881/2904 4015/2799/2904 3756/2803/2904
f 4104/2884/2904 3725/2888/2904 3882/2802/2904
f 3725/2888/2904 3755/2806/2904 3882/2802/2904
f 3726/2887/2903 3728/2883/2903 2948/2948/2903
f 3728/2883/2903 2946/2946/2903 2948/2948/2903
f 3727/2886/2903 4289/2890/2903 2947/2947/2903
f 4289/2890/2903 2949/2949/2903 2947/2947/2903
f 3948/2889/2904 3950/2885/2904 4210/2807/2904
f 3950/2885/2904 3756/2803/2904 4210/2807/2904
f 3725/2888/2904 3949/2892/2904 3755/2806/2904
f 3949/2892/2904 3754/2810/2904 3755/2806/2904
f 4274/2891/2903 3726/2887/2903 2950/2950/2903
f 3726/2887/2903 2948/2948/2903 2950/2950/2903
f 4289/2890/2903 3723/2894/2903 2949/2949/2903
f 3723/2894/2903 2951/2951/2903 2949/2949/2903
f 3724/2893/2904 3948/2889/2904 3753/2811/2904
f 3948/2889/2904 4210/2807/2904 3753/2811/2904
f 3949/2892/2904 3721/2896/2904 3754/2810/2904
f 3721/2896/2904 4412/2814/2904 3754/2810/2904
f 3722/2895/2903 4274/2891/2903 2952/2952/2903
f 4274/2891/2903 2950/2950/2903 2952/2952/2903
f 3723/2894/2903 3720/2898/2903 2951/2951/2903
f 3720/2898/2903 2953/2953/2903 2951/2951/2903
f 3895/2897/2904 3724/2893/2904 3752/2815/2904
f 3724/2893/2904 3753/2811/2904 3752/2815/2904
f 3721/2896/2904 3719/2900/2904 4412/2814/2904
f 3719/2900/2904 3751/2818/2904 4412/2814/2904
f 3959/2899/2903 3722/2895/2903 2954/2954/2903
f 3722/2895/2903 2952/2952/2903 2954/2954/2903
f 3720/2898/2903 3919/2902/2903 2953/2953/2903
f 3919/2902/2903 2955/2955/2903 2953/2953/2903
f 3718/2901/2904 3895/2897/2904 3750/2819/2904
f 3895/2897/2904 3752/2815/2904 3750/2819/2904
f 3719/2900/2904 3717/2904/2904 3751/2818/2904
f 3717/2904/2904 3749/2822/2904 3751/2818/2904
f 4077/2903/2903 3959/2899/2903 2956/2956/2903
f 3959/2899/2903 2954/2954/2903 2956/2956/2903
f 3919/2902/2903 3879/2906/2903 2955/2955/2903
f 3879/2906/2903 2957/2957/2903 2955/2955/2903
f 3951/2905/2904 3718/2901/2904 4340/2823/2904
f 3718/2901/2904 3750/2819/2904 4340/2823/2904
f 3717/2904/2904 3716/2908/2904 3749/2822/2904
f 3716/2908/2904 3748/2826/2904 3749/2822/2904
f 4458/2907/2903 4077/2903/2903 2958/2958/2903
f 4077/2903/2903 2956/2956/2903 2958/2958/2903
f 3879/2906/2903 3715/2910/2903 2957/2957/2903
f 3715/2910/2903 2959/2959/2903 2957/2957/2903
f 4362/2909/2904 3951/2905/2904 3747/2827/2904
f 3951/2905/2904 4340/2823/2904 3747/2827/2904
f 3716/2908/2904 3713/2912/2904 3748/2826/2904
f 3713/2912/2904 4101/2830/2904 3748/2826/2904
f 3714/2911/2903 4458/2907/2903 2960/2960/2903
f 4458/2907/2903 2958/2958/2903 2960/2960/2903
f 3715/2910/2903 3712/2914/2903 2959/2959/2903
f 3712/2914/2903 2961/2961/2903 2959/2959/2903
f 4298/2913/2904 4362/2909/2904 3746/2831/2904
f 4362/2909/2904 3747/2827/2904 3746/2831/2904
f 3713/2912/2904 3711/2916/2904 4101/2830/2904
f 3711/2916/2904 4038/2834/2904 4101/2830/2904
f 3886/2915/2903 3714/2911/2903 2962/2962/2903
f 3714/2911/2903 2960/2960/2903 2962/2962/2903
f 3712/2914/2903 3709/2918/2903 2961/2961/2903
f 3709/2918/2903 2963/2963/2903 2961/2961/2903
f 3710/2917/2904 4298/2913/2904 3745/2835/2904
f 4298/2913/2904 3746/2831/2904 3745/2835/2904
f 4038/2834/2904 3711/2916/2904 3744/2838/2904
f 3711/2916/2904 4021/2920/2904 3744/2838/2904
f 4196/2919/2903 3886/2915/2903 2964/2964/2903
f 3886/2915/2903 2962/2962/2903 2964/2964/2903
f 2963/2963/2903 3709/2918/2903 2965/2965/2903
f 3709/2918/2903 3905/2922/2903 2965/2965/2903
f 4083/2921/2904 3710/2917/2904 4285/2839/2904
f 3710/2917/2904 3745/2835/2904 4285/2839/2904
f 4021/2920/2904 3707/2924/2904 3744/2838/2904
f 3707/2924/2904 3897/2842/2904 3744/2838/2904
f 2966/2966/2903 3994/2923/2903 2964/2964/2903
f 3994/2923/2903 4196/2919/2903 2964/2964/2903
f 3905/2922/2903 3995/2926/2903 2965/2965/2903
f 3995/2926/2903 2967/2967/2903 2965/2965/2903
f 3898/2843/2904 3708/2925/2904 4285/2839/2904
f 3708/2925/2904 4083/2921/2904 4285/2839/2904
f 3982/2940/2878 2968/2968/2905 3698/2942/2876
f 2968/2968/2905 2969/2969/2906 3698/2942/2876
f 3698/2942/2876 2969/2969/2906 3893/2944/2873
f 2969/2969/2906 2970/2970/2907 3893/2944/2873
f 3893/2944/2873 2970/2970/2907 4385/2946/2908
f 2970/2970/2907 2971/2971/2909 4385/2946/2908
f 4385/2946/2908 2971/2971/2909 4081/2948/2910
f 2971/2971/2909 2972/2972/2801 4081/2948/2910
f 4081/2948/2910 2972/2972/2801 3917/2950/2866
f 2972/2972/2801 2973/2973/2911 3917/2950/2866
f 3917/2950/2866 2973/2973/2911 4023/2952/2912
f 2973/2973/2911 2974/2974/2913 4023/2952/2912
f 4023/2952/2912 2974/2974/2913 3693/2954/2861
f 2974/2974/2913 2975/2975/2813 3693/2954/2861
f 3693/2954/2861 2975/2975/2813 3866/2956/2858
f 2975/2975/2813 2976/2976/2817 3866/2956/2858
f 3866/2956/2858 2976/2976/2817 3969/2958/2914
f 2976/2976/2817 2977/2977/2915 3969/2958/2914
f 3969/2958/2914 2977/2977/2915 3993/2960/2851
f 2977/2977/2915 2978/2978/2825 3993/2960/2851
f 3993/2960/2851 2978/2978/2825 4130/2962/2916
f 2978/2978/2825 2979/2979/2829 4130/2962/2916
f 4130/2962/2916 2979/2979/2829 3916/2964/2917
f 2979/2979/2829 2980/2980/2833 3916/2964/2917
f 3916/2964/2917 2980/2980/2833 3691/2966/2918
f 2980/2980/2833 2981/2981/2837 3691/2966/2918
f 2982/2982/2836 4066/2965/2919 2983/2983/2839
f 4066/2965/2919 3692/2967/2918 2983/2983/2839
f 2984/2984/2920 3977/2963/2921 2982/2982/2836
f 3977/2963/2921 4066/2965/2919 2982/2982/2836
f 2985/2985/2828 3924/2961/2846 2984/2984/2920
f 3924/2961/2846 3977/2963/2921 2984/2984/2920
f 2986/2986/2922 4138/2959/2923 2985/2985/2828
f 4138/2959/2923 3924/2961/2846 2985/2985/2828
f 2987/2987/2820 4040/2957/2855 2986/2986/2922
f 4040/2957/2855 4138/2959/2923 2986/2986/2922
f 2988/2988/2924 4199/2955/2859 2987/2987/2820
f 4199/2955/2859 4040/2957/2855 2987/2987/2820
f 2989/2989/2925 3694/2953/2862 2988/2988/2924
f 3694/2953/2862 4199/2955/2859 2988/2988/2924
f 2990/2990/2926 3695/2951/2864 2989/2989/2925
f 3695/2951/2864 3694/2953/2862 2989/2989/2925
f 2991/2991/2927 3908/2949/2867 2990/2990/2926
f 3908/2949/2867 3695/2951/2864 2990/2990/2926
f 2992/2992/2800 3696/2947/2870 2991/2991/2927
f 3696/2947/2870 3908/2949/2867 2991/2991/2927
f 2993/2993/2928 3697/2945/2872 2992/2992/2800
f 3697/2945/2872 3696/2947/2870 2992/2992/2800
f 2994/2994/2929 3872/2943/2874 2993/2993/2928
f 3872/2943/2874 3697/2945/2872 2993/2993/2928
f 2995/2995/2788 3972/2941/2930 2994/2994/2929
f 3972/2941/2930 3872/2943/2874 2994/2994/2929
f 2996/2996/2931 3699/2939/2879 2995/2995/2788
f 3699/2939/2879 3972/2941/2930 2995/2995/2788
f 2997/2997/2780 3896/2937/2882 2996/2996/2931
f 3896/2937/2882 3699/2939/2879 2996/2996/2931
f 2998/2998/2932 3931/2935/2933 2997/2997/2780
f 3931/2935/2933 3896/2937/2882 2997/2997/2780
f 2999/2999/2934 3702/2933/2889 2998/2998/2932
f 3702/2933/2889 3931/2935/2933 2998/2998/2932
f 3000/3000/2935 4078/2932/2936 2999/2999/2934
f 4078/2932/2936 3702/2933/2889 2999/2999/2934
f 3001/3001/2767 3703/2931/2937 3000/3000/2935
f 3703/2931/2937 4078/2932/2936 3000/3000/2935
f 3703/2931/2937 3001/3001/2767 3996/2928/2938
f 3001/3001/2767 3002/3002/2762 3996/2928/2938
f 3003/3003/2760 3706/2927/2939 3002/3002/2762
f 3706/2927/2939 3996/2928/2938 3002/3002/2762
f 3706/2927/2939 3003/3003/2760 3705/2929/2940
f 3003/3003/2760 3004/3004/2763 3705/2929/2940
f 3705/2929/2940 3004/3004/2763 3704/2930/2890
f 3004/3004/2763 3005/3005/2941 3704/2930/2890
f 3704/2930/2890 3005/3005/2941 4459/2934/2942
f 3005/3005/2941 3006/3006/2943 4459/2934/2942
f 4459/2934/2942 3006/3006/2943 3701/2936/2884
f 3006/3006/2943 3007/3007/2944 3701/2936/2884
f 3701/2936/2884 3007/3007/2944 3700/2938/2881
f 3007/3007/2944 3008/3008/2945 3700/2938/2881
f 3700/2938/2881 3008/3008/2945 3982/2940/2878
f 3008/3008/2945 2968/2968/2905 3982/2940/2878
f 3009/3009/2542 3011/3010/2946 3010/3011/2541
f 3011/3010/2946 3012/3012/2584 3010/3011/2541
f 3010/3011/2541 3012/3012/2584 3013/3013/2540
f 3012/3012/2584 3014/3014/2947 3013/3013/2540
f 3013/3013/2540 3014/3014/2947 3015/3015/2539
f 3014/3014/2947 3016/3016/2582 3015/3015/2539
f 3015/3015/2539 3016/3016/2582 3017/3017/2538
f 3016/3016/2582 3018/3018/2580 3017/3017/2538
f 3017/3017/2538 3018/3018/2580 3019/3019/2536
f 3018/3018/2580 3020/3020/2579 3019/3019/2536
f 3019/3019/2536 3020/3020/2579 3021/3021/2537
f 3020/3020/2579 3022/3022/2578 3021/3021/2537
f 3021/3021/2537 3022/3022/2578 3023/3023/2555
f 3022/3022/2578 3024/3024/2577 3023/3023/2555
f 3023/3023/2555 3024/3024/2577 3025/3025/2554
f 3024/3024/2577 3026/3026/2576 3025/3025/2554
f 3025/3025/2554 3026/3026/2576 3027/3027/2553
f 3026/3026/2576 3028/3028/2574 3027/3027/2553
f 3027/3027/2553 3028/3028/2574 3029/3029/2948
f 3028/3028/2574 3030/3030/2949 3029/3029/2948
f 3029/3029/2948 3030/3030/2949 3031/3031/2551
f 3030/3030/2949 3032/3032/2572 3031/3031/2551
f 3031/3031/2551 3032/3032/2572 3033/3033/2550
f 3032/3032/2572 3034/3034/2571 3033/3033/2550
f 3033/3033/2550 3034/3034/2571 3035/3035/2950
f 3034/3034/2571 3036/3036/2951 3035/3035/2950
f 3037/3037/2952 3039/3038/2953 3038/3039/2548
f 3039/3038/2953 3040/3040/2570 3038/3039/2548
f 3038/3039/2548 3040/3040/2570 3041/3041/2547
f 3040/3040/2570 3042/3042/2954 3041/3041/2547
f 3041/3041/2547 3042/3042/2954 3043/3043/2546
f 3042/3042/2954 3044/3044/2955 3043/3043/2546
f 3043/3043/2546 3044/3044/2955 3045/3045/2545
f 3044/3044/2955 3046/3046/2956 3045/3045/2545
f 3045/3045/2545 3046/3046/2956 3047/3047/2544
f 3046/3046/2956 3048/3048/2588 3047/3047/2544
f 3047/3047/2544 3048/3048/2588 3049/3049/2543
f 3048/3048/2588 3050/3050/2586 3049/3049/2543
f 3049/3049/2543 3050/3050/2586 3009/3009/2542
f 3050/3050/2586 3011/3010/2946 3009/3009/2542
f 3051/3051/2957 3053/3052/2584 3052/3053/2958
f 3053/3052/2584 3054/3054/2959 3052/3053/2958
f 3055/3055/2960 3056/3056/2961 3051/3051/2957
f 3056/3056/2961 3053/3052/2584 3051/3051/2957
f 3057/3057/2962 3058/3058/2963 3055/3055/2960
f 3058/3058/2963 3056/3056/2961 3055/3055/2960
f 3059/3059/2964 3060/3060/2965 3057/3057/2962
f 3060/3060/2965 3058/3058/2963 3057/3057/2962
f 3061/3061/2545 3062/3062/2966 3059/3059/2964
f 3062/3062/2966 3060/3060/2965 3059/3059/2964
f 3063/3063/2546 3064/3064/2967 3061/3061/2545
f 3064/3064/2967 3062/3062/2966 3061/3061/2545
f 3065/3065/2547 3066/3066/2968 3063/3063/2546
f 3066/3066/2968 3064/3064/2967 3063/3063/2546
f 3067/3067/2548 3068/3068/2570 3065/3065/2547
f 3068/3068/2570 3066/3066/2968 3065/3065/2547
f 3069/3069/2549 3070/3070/2969 3067/3067/2548
f 3070/3070/2969 3068/3068/2570 3067/3067/2548
f 3071/3071/2970 3072/3072/2571 3069/3069/2549
f 3072/3072/2571 3070/3070/2969 3069/3069/2549
f 3073/3073/2551 3074/3074/2971 3071/3071/2970
f 3074/3074/2971 3072/3072/2571 3071/3071/2970
f 3075/3075/2972 3076/3076/2573 3073/3073/2551
f 3076/3076/2573 3074/3074/2971 3073/3073/2551
f 3077/3077/2553 3078/3078/2574 3075/3075/2972
f 3078/3078/2574 3076/3076/2573 3075/3075/2972
f 3079/3079/2575 3080/3080/2973 3077/3077/2553
f 3080/3080/2973 3078/3078/2574 3077/3077/2553
f 3081/3081/2974 3082/3082/2975 3079/3079/2575
f 3082/3082/2975 3080/3080/2973 3079/3079/2575
f 3083/3083/2976 3084/3084/2977 3081/3081/2974
f 3084/3084/2977 3082/3082/2975 3081/3081/2974
f 3085/3085/2978 3086/3086/2979 3083/3083/2976
f 3086/3086/2979 3084/3084/2977 3083/3083/2976
f 3087/3087/2980 3088/3088/2981 3085/3085/2978
f 3088/3088/2981 3086/3086/2979 3085/3085/2978
f 3089/3089/2982 3090/3090/2983 3087/3087/2980
f 3090/3090/2983 3088/3088/2981 3087/3087/2980
f 3052/3053/2958 3054/3054/2959 3089/3089/2982
f 3054/3054/2959 3090/3090/2983 3089/3089/2982
f 3690/3051/2455 3091/3091/2455 3884/3055/2455
f 3091/3091/2455 3092/3092/2455 3884/3055/2455
f 3688/3053/2455 3093/3093/2455 3690/3051/2455
f 3093/3093/2455 3091/3091/2455 3690/3051/2455
f 3685/3089/2455 3094/3094/2455 3688/3053/2455
f 3094/3094/2455 3093/3093/2455 3688/3053/2455
f 4097/3087/2455 3095/3095/2455 3685/3089/2455
f 3095/3095/2455 3094/3094/2455 3685/3089/2455
f 3903/3085/2455 3096/3096/2455 4097/3087/2455
f 3096/3096/2455 3095/3095/2455 4097/3087/2455
f 3912/3083/2455 3097/3097/2455 3903/3085/2455
f 3097/3097/2455 3096/3096/2455 3903/3085/2455
f 4068/3081/2455 3098/3098/2455 3912/3083/2455
f 3098/3098/2455 3097/3097/2455 3912/3083/2455
f 3877/3079/2455 3099/3099/2455 4068/3081/2455
f 3099/3099/2455 3098/3098/2455 4068/3081/2455
f 4115/3077/2455 3100/3100/2455 3877/3079/2455
f 3100/3100/2455 3099/3099/2455 3877/3079/2455
f 3878/3075/2455 3101/3101/2455 4115/3077/2455
f 3101/3101/2455 3100/3100/2455 4115/3077/2455
f 4069/3073/2455 3102/3102/2455 3878/3075/2455
f 3102/3102/2455 3101/3101/2455 3878/3075/2455
f 3913/3071/2455 3103/3103/2455 4069/3073/2455
f 3103/3103/2455 3102/3102/2455 4069/3073/2455
f 3904/3069/2455 3104/3104/2455 3913/3071/2455
f 3104/3104/2455 3103/3103/2455 3913/3071/2455
f 4098/3067/2455 3105/3105/2455 3904/3069/2455
f 3105/3105/2455 3104/3104/2455 3904/3069/2455
f 3686/3065/2455 3106/3106/2455 4098/3067/2455
f 3106/3106/2455 3105/3105/2455 4098/3067/2455
f 3687/3063/2455 3107/3107/2455 3686/3065/2455
f 3107/3107/2455 3106/3106/2455 3686/3065/2455
f 3689/3061/2455 3108/3108/2455 3687/3063/2455
f 3108/3108/2455 3107/3107/2455 3687/3063/2455
f 3883/3059/2455 3109/3109/2455 3689/3061/2455
f 3109/3109/2455 3108/3108/2455 3689/3061/2455
f 3890/3057/2455 3110/3110/2455 3883/3059/2455
f 3110/3110/2455 3109/3109/2455 3883/3059/2455
f 3884/3055/2455 3092/3092/2455 3890/3057/2455
f 3092/3092/2455 3110/3110/2455 3890/3057/2455
f 3111/3111/2984 3113/3112/2455 3112/3113/2985
f 3114/3114/2986 3113/3112/2455 3111/3111/2984
f 3112/3113/2985 3113/3112/2455 3115/3115/2987
f 3115/3115/2987 3113/3112/2455 3116/3116/2988
f 3117/3117/2989 3113/3112/2455 3114/3114/2986
f 3118/3118/2990 3113/3112/2455 3117/3117/2989
f 3119/3119/2991 3113/3112/2455 3118/3118/2990
f 3120/3120/2992 3113/3112/2455 3121/3121/2993
f 3122/3122/2994 3113/3112/2455 3120/3120/2992
f 3121/3121/2993 3113/3112/2455 3123/3123/2995
f 3124/3124/2996 3113/3112/2455 3125/3125/2997
f 3126/3126/2998 3113/3112/2455 3124/3124/2996
f 3125/3125/2997 3113/3112/2455 3127/3127/2999
f 3128/3128/3000 3113/3112/2455 3129/3129/3001
f 3130/3130/3002 3113/3112/2455 3128/3128/3000
f 3129/3129/3001 3113/3112/2455 3131/3131/3003
f 3132/3132/3004 3113/3112/2455 3130/3130/3002
f 3133/3133/3005 3113/3112/2455 3132/3132/3004
f 3134/3134/3006 3113/3112/2455 3135/3135/3007
f 3136/3136/3008 3113/3112/2455 3134/3134/3006
f 3135/3135/3007 3113/3112/2455 3137/3137/3009
f 3137/3137/3009 3113/3112/2455 3133/3133/3005
f 3138/3138/3010 3113/3112/2455 3139/3139/3011
f 3140/3140/3012 3113/3112/2455 3138/3138/3010
f 3139/3139/3011 3113/3112/2455 3141/3141/3013
f 3142/3142/3014 3113/3112/2455 3143/3143/3015
f 3141/3141/3013 3113/3112/2455 3142/3142/3014
f 3143/3143/3015 3113/3112/2455 3144/3144/3016
f 3145/3145/3017 3113/3112/2455 3119/3119/2991
f 3146/3146/3018 3113/3112/2455 3145/3145/3017
f 3147/3147/3019 3113/3112/2455 3146/3146/3018
f 3127/3127/2999 3113/3112/2455 3147/3147/3019
f 3123/3123/2995 3113/3112/2455 3148/3148/3020
f 3148/3148/3020 3113/3112/2455 3140/3140/3012
f 3131/3131/3003 3113/3112/2455 3149/3149/3021
f 3149/3149/3021 3113/3112/2455 3126/3126/2998
f 3116/3116/2988 3113/3112/2455 3150/3150/3022
f 3150/3150/3022 3113/3112/2455 3151/3151/3023
f 3151/3151/3023 3113/3112/2455 3122/3122/2994
f 3144/3144/3016 3113/3112/2455 3136/3136/3008
f 3152/3152/3024 3153/3153/3025 3111/3111/2984
f 3153/3153/3025 3114/3114/2986 3111/3111/2984
f 3154/3154/3026 3155/3155/3027 3152/3152/3024
f 3155/3155/3027 3153/3153/3025 3152/3152/3024
f 3156/3156/3028 3158/3157/3029 3157/3158/3030
f 3158/3157/3029 3159/3159/3031 3157/3158/3030
f 3157/3158/3030 3159/3159/3031 3154/3154/3026
f 3159/3159/3031 3155/3155/3027 3154/3154/3026
f 3111/3111/2984 3112/3113/2985 3152/3152/3024
f 3112/3113/2985 3160/3160/3032 3152/3152/3024
f 3152/3152/3024 3160/3160/3032 3154/3154/3026
f 3160/3160/3032 3161/3161/3033 3154/3154/3026
f 3154/3154/3026 3161/3161/3033 3157/3158/3030
f 3161/3161/3033 3162/3162/3034 3157/3158/3030
f 3157/3158/3030 3162/3162/3034 3156/3156/3028
f 3162/3162/3034 3163/3163/3035 3156/3156/3028
f 3153/3153/3025 3164/3164/3036 3114/3114/2986
f 3164/3164/3036 3117/3117/2989 3114/3114/2986
f 3155/3155/3027 3165/3165/3037 3153/3153/3025
f 3165/3165/3037 3164/3164/3036 3153/3153/3025
f 3158/3157/3029 3166/3166/3038 3159/3159/3031
f 3166/3166/3038 3167/3167/3039 3159/3159/3031
f 3159/3159/3031 3167/3167/3039 3155/3155/3027
f 3167/3167/3039 3165/3165/3037 3155/3155/3027
f 3112/3113/2985 3115/3115/2987 3160/3160/3032
f 3115/3115/2987 3168/3168/3040 3160/3160/3032
f 3160/3160/3032 3168/3168/3040 3161/3161/3033
f 3168/3168/3040 3169/3169/3041 3161/3161/3033
f 3161/3161/3033 3169/3169/3041 3162/3162/3034
f 3169/3169/3041 3170/3170/3042 3162/3162/3034
f 3162/3162/3034 3170/3170/3042 3163/3163/3035
f 3170/3170/3042 3171/3171/3043 3163/3163/3035
f 3115/3115/2987 3116/3116/2988 3168/3168/3040
f 3116/3116/2988 3172/3172/3044 3168/3168/3040
f 3168/3168/3040 3172/3172/3044 3169/3169/3041
f 3172/3172/3044 3173/3173/3045 3169/3169/3041
f 3169/3169/3041 3173/3173/3045 3170/3170/3042
f 3173/3173/3045 3174/3174/3046 3170/3170/3042
f 3170/3170/3042 3174/3174/3046 3171/3171/3043
f 3174/3174/3046 3175/3175/3047 3171/3171/3043
f 3164/3164/3036 3176/3176/3048 3117/3117/2989
f 3176/3176/3048 3118/3118/2990 3117/3117/2989
f 3165/3165/3037 3177/3177/3049 3164/3164/3036
f 3177/3177/3049 3176/3176/3048 3164/3164/3036
f 3166/3166/3038 3178/3178/3050 3167/3167/3039
f 3178/3178/3050 3179/3179/3051 3167/3167/3039
f 3167/3167/3039 3179/3179/3051 3165/3165/3037
f 3179/3179/3051 3177/3177/3049 3165/3165/3037
f 3176/3176/3048 3180/3180/3052 3118/3118/2990
f 3180/3180/3052 3119/3119/2991 3118/3118/2990
f 3177/3177/3049 3181/3181/3053 3176/3176/3048
f 3181/3181/3053 3180/3180/3052 3176/3176/3048
f 3178/3178/3050 3182/3182/3054 3179/3179/3051
f 3182/3182/3054 3183/3183/3055 3179/3179/3051
f 3179/3179/3051 3183/3183/3055 3177/3177/3049
f 3183/3183/3055 3181/3181/3053 3177/3177/3049
f 3180/3180/3052 3184/3184/3056 3119/3119/2991
f 3184/3184/3056 3145/3145/3017 3119/3119/2991
f 3181/3181/3053 3185/3185/3057 3180/3180/3052
f 3185/3185/3057 3184/3184/3056 3180/3180/3052
f 3182/3182/3054 3186/3186/3058 3183/3183/3055
f 3186/3186/3058 3187/3187/3059 3183/3183/3055
f 3183/3183/3055 3187/3187/3059 3181/3181/3053
f 3187/3187/3059 3185/3185/3057 3181/3181/3053
f 3188/3188/3060 3189/3189/3061 3120/3120/2992
f 3189/3189/3061 3122/3122/2994 3120/3120/2992
f 3188/3188/3060 3190/3190/3062 3189/3189/3061
f 3190/3190/3062 3191/3191/3063 3189/3189/3061
f 3192/3192/3064 3194/3193/3065 3193/3194/3066
f 3194/3193/3065 3195/3195/3067 3193/3194/3066
f 3190/3190/3062 3192/3192/3064 3191/3191/3063
f 3192/3192/3064 3193/3194/3066 3191/3191/3063
f 3188/3188/3060 3120/3120/2992 3196/3196/3068
f 3120/3120/2992 3121/3121/2993 3196/3196/3068
f 3190/3190/3062 3188/3188/3060 3197/3197/3069
f 3188/3188/3060 3196/3196/3068 3197/3197/3069
f 3192/3192/3064 3190/3190/3062 3198/3198/3070
f 3190/3190/3062 3197/3197/3069 3198/3198/3070
f 3194/3193/3065 3192/3192/3064 3199/3199/3071
f 3192/3192/3064 3198/3198/3070 3199/3199/3071
f 3189/3189/3061 3200/3200/3072 3122/3122/2994
f 3200/3200/3072 3151/3151/3023 3122/3122/2994
f 3189/3189/3061 3191/3191/3063 3200/3200/3072
f 3191/3191/3063 3201/3201/3073 3200/3200/3072
f 3193/3194/3066 3195/3195/3067 3202/3202/3074
f 3195/3195/3067 3203/3203/3075 3202/3202/3074
f 3191/3191/3063 3193/3194/3066 3201/3201/3073
f 3193/3194/3066 3202/3202/3074 3201/3201/3073
f 3196/3196/3068 3121/3121/2993 3204/3204/3076
f 3121/3121/2993 3123/3123/2995 3204/3204/3076
f 3197/3197/3069 3196/3196/3068 3205/3205/3077
f 3196/3196/3068 3204/3204/3076 3205/3205/3077
f 3198/3198/3070 3197/3197/3069 3206/3206/3078
f 3197/3197/3069 3205/3205/3077 3206/3206/3078
f 3199/3199/3071 3198/3198/3070 3207/3207/3079
f 3198/3198/3070 3206/3206/3078 3207/3207/3079
f 3208/3208/3080 3209/3209/3081 3124/3124/2996
f 3209/3209/3081 3126/3126/2998 3124/3124/2996
f 3210/3210/3082 3211/3211/3083 3208/3208/3080
f 3211/3211/3083 3209/3209/3081 3208/3208/3080
f 3212/3212/3084 3214/3213/3085 3213/3214/3086
f 3214/3213/3085 3215/3215/3087 3213/3214/3086
f 3213/3214/3086 3215/3215/3087 3210/3210/3082
f 3215/3215/3087 3211/3211/3083 3210/3210/3082
f 3124/3124/2996 3125/3125/2997 3208/3208/3080
f 3125/3125/2997 3216/3216/3088 3208/3208/3080
f 3208/3208/3080 3216/3216/3088 3210/3210/3082
f 3216/3216/3088 3217/3217/3089 3210/3210/3082
f 3210/3210/3082 3217/3217/3089 3213/3214/3086
f 3217/3217/3089 3218/3218/3090 3213/3214/3086
f 3213/3214/3086 3218/3218/3090 3212/3212/3084
f 3218/3218/3090 3219/3219/3091 3212/3212/3084
f 3209/3209/3081 3220/3220/3092 3126/3126/2998
f 3220/3220/3092 3149/3149/3021 3126/3126/2998
f 3211/3211/3083 3221/3221/3093 3209/3209/3081
f 3221/3221/3093 3220/3220/3092 3209/3209/3081
f 3214/3213/3085 3222/3222/3094 3215/3215/3087
f 3222/3222/3094 3223/3223/3095 3215/3215/3087
f 3215/3215/3087 3223/3223/3095 3211/3211/3083
f 3223/3223/3095 3221/3221/3093 3211/3211/3083
f 3125/3125/2997 3127/3127/2999 3216/3216/3088
f 3127/3127/2999 3224/3224/3096 3216/3216/3088
f 3216/3216/3088 3224/3224/3096 3217/3217/3089
f 3224/3224/3096 3225/3225/3097 3217/3217/3089
f 3217/3217/3089 3225/3225/3097 3218/3218/3090
f 3225/3225/3097 3226/3226/3098 3218/3218/3090
f 3218/3218/3090 3226/3226/3098 3219/3219/3091
f 3226/3226/3098 3227/3227/3099 3219/3219/3091
f 3228/3228/3100 3229/3229/3101 3128/3128/3000
f 3229/3229/3101 3130/3130/3002 3128/3128/3000
f 3230/3230/3102 3231/3231/3103 3228/3228/3100
f 3231/3231/3103 3229/3229/3101 3228/3228/3100
f 3232/3232/3104 3234/3233/3105 3233/3234/3106
f 3234/3233/3105 3235/3235/3107 3233/3234/3106
f 3233/3234/3106 3235/3235/3107 3230/3230/3102
f 3235/3235/3107 3231/3231/3103 3230/3230/3102
f 3128/3128/3000 3129/3129/3001 3228/3228/3100
f 3129/3129/3001 3236/3236/3108 3228/3228/3100
f 3228/3228/3100 3236/3236/3108 3230/3230/3102
f 3236/3236/3108 3237/3237/3109 3230/3230/3102
f 3230/3230/3102 3237/3237/3109 3233/3234/3106
f 3237/3237/3109 3238/3238/3110 3233/3234/3106
f 3233/3234/3106 3238/3238/3110 3232/3232/3104
f 3238/3238/3110 3239/3239/3111 3232/3232/3104
f 3229/3229/3101 3240/3240/3112 3130/3130/3002
f 3240/3240/3112 3132/3132/3004 3130/3130/3002
f 3229/3229/3101 3231/3231/3103 3240/3240/3112
f 3231/3231/3103 3241/3241/3113 3240/3240/3112
f 3235/3235/3107 3234/3233/3105 3242/3242/3114
f 3234/3233/3105 3243/3243/3115 3242/3242/3114
f 3231/3231/3103 3235/3235/3107 3241/3241/3113
f 3235/3235/3107 3242/3242/3114 3241/3241/3113
f 3129/3129/3001 3131/3131/3003 3236/3236/3108
f 3131/3131/3003 3244/3244/3116 3236/3236/3108
f 3236/3236/3108 3244/3244/3116 3237/3237/3109
f 3244/3244/3116 3245/3245/3117 3237/3237/3109
f 3237/3237/3109 3245/3245/3117 3238/3238/3110
f 3245/3245/3117 3246/3246/3118 3238/3238/3110
f 3238/3238/3110 3246/3246/3118 3239/3239/3111
f 3246/3246/3118 3247/3247/3119 3239/3239/3111
f 3132/3132/3004 3240/3240/3112 3133/3133/3005
f 3240/3240/3112 3248/3248/3120 3133/3133/3005
f 3240/3240/3112 3241/3241/3113 3248/3248/3120
f 3241/3241/3113 3249/3249/3121 3248/3248/3120
f 3242/3242/3114 3243/3243/3115 3250/3250/3122
f 3243/3243/3115 3251/3251/3123 3250/3250/3122
f 3241/3241/3113 3242/3242/3114 3249/3249/3121
f 3242/3242/3114 3250/3250/3122 3249/3249/3121
f 3133/3133/3005 3248/3248/3120 3137/3137/3009
f 3248/3248/3120 3252/3252/3124 3137/3137/3009
f 3248/3248/3120 3249/3249/3121 3252/3252/3124
f 3249/3249/3121 3253/3253/3125 3252/3252/3124
f 3250/3250/3122 3251/3251/3123 3254/3254/3126
f 3251/3251/3123 3255/3255/3127 3254/3254/3126
f 3249/3249/3121 3250/3250/3122 3253/3253/3125
f 3250/3250/3122 3254/3254/3126 3253/3253/3125
f 3134/3134/3006 3256/3256/3128 3136/3136/3008
f 3256/3256/3128 3257/3257/3129 3136/3136/3008
f 3256/3256/3128 3258/3258/3130 3257/3257/3129
f 3258/3258/3130 3259/3259/3131 3257/3257/3129
f 3260/3260/3132 3262/3261/3133 3261/3262/3134
f 3262/3261/3133 3263/3263/3135 3261/3262/3134
f 3258/3258/3130 3260/3260/3132 3259/3259/3131
f 3260/3260/3132 3261/3262/3134 3259/3259/3131
f 3256/3256/3128 3134/3134/3006 3264/3264/3136
f 3134/3134/3006 3135/3135/3007 3264/3264/3136
f 3258/3258/3130 3256/3256/3128 3265/3265/3137
f 3256/3256/3128 3264/3264/3136 3265/3265/3137
f 3260/3260/3132 3258/3258/3130 3266/3266/3138
f 3258/3258/3130 3265/3265/3137 3266/3266/3138
f 3262/3261/3133 3260/3260/3132 3267/3267/3139
f 3260/3260/3132 3266/3266/3138 3267/3267/3139
f 3136/3136/3008 3257/3257/3129 3144/3144/3016
f 3257/3257/3129 3268/3268/3140 3144/3144/3016
f 3257/3257/3129 3259/3259/3131 3268/3268/3140
f 3259/3259/3131 3269/3269/3141 3268/3268/3140
f 3261/3262/3134 3263/3263/3135 3270/3270/3142
f 3263/3263/3135 3271/3271/3143 3270/3270/3142
f 3259/3259/3131 3261/3262/3134 3269/3269/3141
f 3261/3262/3134 3270/3270/3142 3269/3269/3141
f 3264/3264/3136 3135/3135/3007 3252/3252/3124
f 3135/3135/3007 3137/3137/3009 3252/3252/3124
f 3265/3265/3137 3264/3264/3136 3253/3253/3125
f 3264/3264/3136 3252/3252/3124 3253/3253/3125
f 3266/3266/3138 3265/3265/3137 3254/3254/3126
f 3265/3265/3137 3253/3253/3125 3254/3254/3126
f 3267/3267/3139 3266/3266/3138 3255/3255/3127
f 3266/3266/3138 3254/3254/3126 3255/3255/3127
f 3138/3138/3010 3272/3272/3144 3140/3140/3012
f 3272/3272/3144 3273/3273/3145 3140/3140/3012
f 3272/3272/3144 3274/3274/3146 3273/3273/3145
f 3274/3274/3146 3275/3275/3147 3273/3273/3145
f 3276/3276/3148 3278/3277/3149 3277/3278/3150
f 3278/3277/3149 3279/3279/3151 3277/3278/3150
f 3274/3274/3146 3276/3276/3148 3275/3275/3147
f 3276/3276/3148 3277/3278/3150 3275/3275/3147
f 3272/3272/3144 3138/3138/3010 3280/3280/3152
f 3138/3138/3010 3139/3139/3011 3280/3280/3152
f 3274/3274/3146 3272/3272/3144 3281/3281/3153
f 3272/3272/3144 3280/3280/3152 3281/3281/3153
f 3276/3276/3148 3274/3274/3146 3282/3282/3154
f 3274/3274/3146 3281/3281/3153 3282/3282/3154
f 3278/3277/3149 3276/3276/3148 3283/3283/3155
f 3276/3276/3148 3282/3282/3154 3283/3283/3155
f 3140/3140/3012 3273/3273/3145 3148/3148/3020
f 3273/3273/3145 3284/3284/3156 3148/3148/3020
f 3273/3273/3145 3275/3275/3147 3284/3284/3156
f 3275/3275/3147 3285/3285/3157 3284/3284/3156
f 3277/3278/3150 3279/3279/3151 3286/3286/3158
f 3279/3279/3151 3287/3287/3159 3286/3286/3158
f 3275/3275/3147 3277/3278/3150 3285/3285/3157
f 3277/3278/3150 3286/3286/3158 3285/3285/3157
f 3280/3280/3152 3139/3139/3011 3288/3288/3160
f 3139/3139/3011 3141/3141/3013 3288/3288/3160
f 3281/3281/3153 3280/3280/3152 3289/3289/3161
f 3280/3280/3152 3288/3288/3160 3289/3289/3161
f 3282/3282/3154 3281/3281/3153 3290/3290/3162
f 3281/3281/3153 3289/3289/3161 3290/3290/3162
f 3283/3283/3155 3282/3282/3154 3291/3291/3163
f 3282/3282/3154 3290/3290/3162 3291/3291/3163
f 3288/3288/3160 3141/3141/3013 3292/3292/3164
f 3141/3141/3013 3142/3142/3014 3292/3292/3164
f 3289/3289/3161 3288/3288/3160 3293/3293/3165
f 3288/3288/3160 3292/3292/3164 3293/3293/3165
f 3290/3290/3162 3289/3289/3161 3294/3294/3166
f 3289/3289/3161 3293/3293/3165 3294/3294/3166
f 3291/3291/3163 3290/3290/3162 3295/3295/3167
f 3290/3290/3162 3294/3294/3166 3295/3295/3167
f 3292/3292/3164 3142/3142/3014 3296/3296/3168
f 3142/3142/3014 3143/3143/3015 3296/3296/3168
f 3293/3293/3165 3292/3292/3164 3297/3297/3169
f 3292/3292/3164 3296/3296/3168 3297/3297/3169
f 3294/3294/3166 3293/3293/3165 3298/3298/3170
f 3293/3293/3165 3297/3297/3169 3298/3298/3170
f 3295/3295/3167 3294/3294/3166 3299/3299/3171
f 3294/3294/3166 3298/3298/3170 3299/3299/3171
f 3296/3296/3168 3143/3143/3015 3268/3268/3140
f 3143/3143/3015 3144/3144/3016 3268/3268/3140
f 3297/3297/3169 3296/3296/3168 3269/3269/3141
f 3296/3296/3168 3268/3268/3140 3269/3269/3141
f 3298/3298/3170 3297/3297/3169 3270/3270/3142
f 3297/3297/3169 3269/3269/3141 3270/3270/3142
f 3299/3299/3171 3298/3298/3170 3271/3271/3143
f 3298/3298/3170 3270/3270/3142 3271/3271/3143
f 3184/3184/3056 3300/3300/3172 3145/3145/3017
f 3300/3300/3172 3146/3146/3018 3145/3145/3017
f 3185/3185/3057 3301/3301/3173 3184/3184/3056
f 3301/3301/3173 3300/3300/3172 3184/3184/3056
f 3186/3186/3058 3302/3302/3174 3187/3187/3059
f 3302/3302/3174 3303/3303/3175 3187/3187/3059
f 3187/3187/3059 3303/3303/3175 3185/3185/3057
f 3303/3303/3175 3301/3301/3173 3185/3185/3057
f 3300/3300/3172 3304/3304/3176 3146/3146/3018
f 3304/3304/3176 3147/3147/3019 3146/3146/3018
f 3301/3301/3173 3305/3305/3177 3300/3300/3172
f 3305/3305/3177 3304/3304/3176 3300/3300/3172
f 3302/3302/3174 3306/3306/3178 3303/3303/3175
f 3306/3306/3178 3307/3307/3179 3303/3303/3175
f 3303/3303/3175 3307/3307/3179 3301/3301/3173
f 3307/3307/3179 3305/3305/3177 3301/3301/3173
f 3127/3127/2999 3147/3147/3019 3224/3224/3096
f 3147/3147/3019 3304/3304/3176 3224/3224/3096
f 3224/3224/3096 3304/3304/3176 3225/3225/3097
f 3304/3304/3176 3305/3305/3177 3225/3225/3097
f 3225/3225/3097 3305/3305/3177 3226/3226/3098
f 3305/3305/3177 3307/3307/3179 3226/3226/3098
f 3226/3226/3098 3307/3307/3179 3227/3227/3099
f 3307/3307/3179 3306/3306/3178 3227/3227/3099
f 3204/3204/3076 3123/3123/2995 3284/3284/3156
f 3123/3123/2995 3148/3148/3020 3284/3284/3156
f 3205/3205/3077 3204/3204/3076 3285/3285/3157
f 3204/3204/3076 3284/3284/3156 3285/3285/3157
f 3206/3206/3078 3205/3205/3077 3286/3286/3158
f 3205/3205/3077 3285/3285/3157 3286/3286/3158
f 3207/3207/3079 3206/3206/3078 3287/3287/3159
f 3206/3206/3078 3286/3286/3158 3287/3287/3159
f 3131/3131/3003 3149/3149/3021 3244/3244/3116
f 3149/3149/3021 3220/3220/3092 3244/3244/3116
f 3244/3244/3116 3220/3220/3092 3245/3245/3117
f 3220/3220/3092 3221/3221/3093 3245/3245/3117
f 3245/3245/3117 3221/3221/3093 3246/3246/3118
f 3221/3221/3093 3223/3223/3095 3246/3246/3118
f 3246/3246/3118 3223/3223/3095 3247/3247/3119
f 3223/3223/3095 3222/3222/3094 3247/3247/3119
f 3116/3116/2988 3150/3150/3022 3172/3172/3044
f 3150/3150/3022 3308/3308/3180 3172/3172/3044
f 3172/3172/3044 3308/3308/3180 3173/3173/3045
f 3308/3308/3180 3309/3309/3181 3173/3173/3045
f 3173/3173/3045 3309/3309/3181 3174/3174/3046
f 3309/3309/3181 3310/3310/3182 3174/3174/3046
f 3174/3174/3046 3310/3310/3182 3175/3175/3047
f 3310/3310/3182 3311/3311/3183 3175/3175/3047
f 3150/3150/3022 3151/3151/3023 3308/3308/3180
f 3151/3151/3023 3200/3200/3072 3308/3308/3180
f 3308/3308/3180 3200/3200/3072 3309/3309/3181
f 3200/3200/3072 3201/3201/3073 3309/3309/3181
f 3309/3309/3181 3201/3201/3073 3310/3310/3182
f 3201/3201/3073 3202/3202/3074 3310/3310/3182
f 3310/3310/3182 3202/3202/3074 3311/3311/3183
f 3202/3202/3074 3203/3203/3075 3311/3311/3183
f 3312/3312/3184 3314/3313/3185 3313/3314/3186
f 3314/3313/3185 3315/3315/3187 3313/3314/3186
f 3314/3313/3185 3316/3316/3188 3315/3315/3187
f 3316/3316/3188 3317/3317/3189 3315/3315/3187
f 3316/3316/3188 3318/3318/3190 3317/3317/3189
f 3318/3318/3190 3319/3319/3191 3317/3317/3189
f 3318/3318/3190 3320/3320/3192 3319/3319/3191
f 3320/3320/3192 3321/3321/3193 3319/3319/3191
f 3320/3320/3192 3322/3322/3194 3321/3321/3193
f 3322/3322/3194 3323/3323/3195 3321/3321/3193
f 3322/3322/3194 3324/3324/3196 3323/3323/3195
f 3324/3324/3196 3325/3325/3197 3323/3323/3195
f 3326/3326/3198 3327/3327/3199 3324/3324/3196
f 3327/3327/3199 3325/3325/3197 3324/3324/3196
f 3328/3328/3200 3329/3329/3201 3326/3326/3198
f 3329/3329/3201 3327/3327/3199 3326/3326/3198
f 3330/3330/3202 3331/3331/3203 3328/3328/3200
f 3331/3331/3203 3329/3329/3201 3328/3328/3200
f 3332/3332/3204 3333/3333/3205 3330/3330/3202
f 3333/3333/3205 3331/3331/3203 3330/3330/3202
f 3334/3334/3206 3335/3335/3207 3332/3332/3204
f 3335/3335/3207 3333/3333/3205 3332/3332/3204
f 3336/3336/3208 3337/3337/3209 3334/3334/3206
f 3337/3337/3209 3335/3335/3207 3334/3334/3206
f 3338/3338/3210 3339/3339/3211 3336/3336/3208
f 3339/3339/3211 3337/3337/3209 3336/3336/3208
f 3340/3340/3212 3341/3341/3213 3338/3338/3210
f 3341/3341/3213 3339/3339/3211 3338/3338/3210
f 3342/3342/3214 3343/3343/3215 3340/3340/3212
f 3343/3343/3215 3341/3341/3213 3340/3340/3212
f 3344/3344/3216 3345/3345/3217 3342/3342/3214
f 3345/3345/3217 3343/3343/3215 3342/3342/3214
f 3346/3346/3218 3347/3347/1212 3344/3344/3216
f 3347/3347/1212 3345/3345/3217 3344/3344/3216
f 3348/3348/1372 3349/3349/3219 3346/3346/3218
f 3349/3349/3219 3347/3347/1212 3346/3346/3218
f 3350/3350/3220 3351/3351/3221 3348/3348/1372
f 3351/3351/3221 3349/3349/3219 3348/3348/1372
f 3352/3352/3222 3353/3353/3223 3350/3350/3220
f 3353/3353/3223 3351/3351/3221 3350/3350/3220
f 3354/3354/3224 3355/3355/3225 3352/3352/3222
f 3355/3355/3225 3353/3353/3223 3352/3352/3222
f 3356/3356/3226 3357/3357/3227 3354/3354/3224
f 3357/3357/3227 3355/3355/3225 3354/3354/3224
f 3358/3358/3228 3359/3359/3229 3356/3356/3226
f 3359/3359/3229 3357/3357/3227 3356/3356/3226
f 3360/3360/3230 3361/3361/3231 3358/3358/3228
f 3361/3361/3231 3359/3359/3229 3358/3358/3228
f 3362/3362/3232 3363/3363/3233 3360/3360/3230
f 3363/3363/3233 3361/3361/3231 3360/3360/3230
f 3364/3364/3234 3365/3365/3235 3362/3362/3232
f 3365/3365/3235 3363/3363/3233 3362/3362/3232
f 3366/3366/3236 3367/3367/3237 3364/3364/3234
f 3367/3367/3237 3365/3365/3235 3364/3364/3234
f 3368/3368/3238 3369/3369/3239 3366/3366/3236
f 3369/3369/3239 3367/3367/3237 3366/3366/3236
f 3368/3368/3238 3370/3370/3240 3369/3369/3239
f 3370/3370/3240 3371/3371/3241 3369/3369/3239
f 3370/3370/3240 3372/3372/3242 3371/3371/3241
f 3372/3372/3242 3373/3373/3243 3371/3371/3241
f 3372/3372/3242 3374/3374/3244 3373/3373/3243
f 3374/3374/3244 3375/3375/3245 3373/3373/3243
f 3374/3374/3244 3376/3376/3246 3375/3375/3245
f 3376/3376/3246 3377/3377/3247 3375/3375/3245
f 3376/3376/3246 3378/3378/3248 3377/3377/3247
f 3378/3378/3248 3379/3379/3249 3377/3377/3247
f 3378/3378/3248 3380/3380/3250 3379/3379/3249
f 3380/3380/3250 3381/3381/3251 3379/3379/3249
f 3380/3380/3250 3382/3382/3252 3381/3381/3251
f 3382/3382/3252 3383/3383/965 3381/3381/3251
f 3382/3382/3252 3384/3384/3253 3383/3383/965
f 3384/3384/3253 3385/3385/1232 3383/3383/965
f 3384/3384/3253 3386/3386/1339 3385/3385/1232
f 3386/3386/1339 3387/3387/3254 3385/3385/1232
f 3386/3386/1339 3388/3388/1411 3387/3387/3254
f 3388/3388/1411 3389/3389/3255 3387/3387/3254
f 3388/3388/1411 3390/3390/3256 3389/3389/3255
f 3390/3390/3256 3391/3391/3257 3389/3389/3255
f 3390/3390/3256 3312/3312/3184 3391/3391/3257
f 3312/3312/3184 3313/3314/3186 3391/3391/3257
f 3392/3392/3258 3394/3393/3259 3393/3394/3260
f 3394/3393/3259 3395/3395/3261 3393/3394/3260
f 3393/3394/3260 3396/3396/3262 3392/3392/3258
f 3396/3396/3262 3397/3397/3263 3392/3392/3258
f 3394/3393/3259 3398/3398/3264 3395/3395/3261
f 3398/3398/3264 3399/3399/3265 3395/3395/3261
f 3398/3398/3264 3400/3400/3266 3399/3399/3265
f 3400/3400/3266 3401/3401/3267 3399/3399/3265
f 3400/3400/3266 3402/3402/1037 3401/3401/3267
f 3402/3402/1037 3403/3403/3268 3401/3401/3267
f 3402/3402/1037 3404/3404/1041 3403/3403/3268
f 3404/3404/1041 3405/3405/3269 3403/3403/3268
f 3404/3404/1041 3406/3406/3270 3405/3405/3269
f 3406/3406/3270 3407/3407/3271 3405/3405/3269
f 3406/3406/3270 3408/3408/3272 3407/3407/3271
f 3408/3408/3272 3409/3409/3273 3407/3407/3271
f 3408/3408/3272 3410/3410/3274 3409/3409/3273
f 3410/3410/3274 3411/3411/3275 3409/3409/3273
f 3410/3410/3274 3412/3412/3276 3411/3411/3275
f 3412/3412/3276 3413/3413/3277 3411/3411/3275
f 3412/3412/3276 3414/3414/3278 3413/3413/3277
f 3414/3414/3278 3415/3415/3279 3413/3413/3277
f 3414/3414/3278 3416/3416/3280 3415/3415/3279
f 3416/3416/3280 3417/3417/3281 3415/3415/3279
f 3417/3417/3281 3416/3416/3280 3418/3418/3282
f 3416/3416/3280 3419/3419/3283 3418/3418/3282
f 3418/3418/3282 3419/3419/3283 3420/3420/3284
f 3419/3419/3283 3421/3421/3285 3420/3420/3284
f 3420/3420/3284 3421/3421/3285 3422/3422/3286
f 3421/3421/3285 3423/3423/3287 3422/3422/3286
f 3422/3422/3286 3423/3423/3287 3424/3424/3288
f 3423/3423/3287 3425/3425/3289 3424/3424/3288
f 3424/3424/3288 3425/3425/3289 3426/3426/3290
f 3425/3425/3289 3427/3427/3291 3426/3426/3290
f 3426/3426/3290 3427/3427/3291 3428/3428/3292
f 3427/3427/3291 3429/3429/3293 3428/3428/3292
f 3428/3428/3292 3429/3429/3293 3430/3430/3294
f 3429/3429/3293 3431/3431/3295 3430/3430/3294
f 3430/3430/3294 3431/3431/3295 3432/3432/3296
f 3431/3431/3295 3433/3433/3297 3432/3432/3296
f 3432/3432/3296 3433/3433/3297 3434/3434/3298
f 3433/3433/3297 3435/3435/3299 3434/3434/3298
f 3434/3434/3298 3435/3435/3299 3436/3436/3300
f 3435/3435/3299 3437/3437/3301 3436/3436/3300
f 3436/3436/3300 3437/3437/3301 3438/3438/3302
f 3437/3437/3301 3439/3439/3303 3438/3438/3302
f 3439/3439/3303 3440/3440/3304 3438/3438/3302
f 3440/3440/3304 3441/3441/3305 3438/3438/3302
f 3440/3440/3304 3442/3442/3306 3441/3441/3305
f 3442/3442/3306 3443/3443/3307 3441/3441/3305
f 3442/3442/3306 3444/3444/3308 3443/3443/3307
f 3444/3444/3308 3445/3445/3309 3443/3443/3307
f 3444/3444/3308 3446/3446/3310 3445/3445/3309
f 3446/3446/3310 3447/3447/3311 3445/3445/3309
f 3446/3446/3310 3448/3448/3312 3447/3447/3311
f 3448/3448/3312 3449/3449/3313 3447/3447/3311
f 3448/3448/3312 3450/3450/3314 3449/3449/3313
f 3450/3450/3314 3451/3451/3315 3449/3449/3313
f 3450/3450/3314 3452/3452/3316 3451/3451/3315
f 3452/3452/3316 3453/3453/3317 3451/3451/3315
f 3452/3452/3316 3454/3454/3318 3453/3453/3317
f 3454/3454/3318 3455/3455/3319 3453/3453/3317
f 3454/3454/3318 3456/3456/3320 3455/3455/3319
f 3456/3456/3320 3457/3457/3321 3455/3455/3319
f 3456/3456/3320 3458/3458/3322 3457/3457/3321
f 3458/3458/3322 3459/3459/3323 3457/3457/3321
f 3458/3458/3322 3460/3460/3324 3459/3459/3323
f 3460/3460/3324 3461/3461/3325 3459/3459/3323
f 3460/3460/3324 3462/3462/3326 3461/3461/3325
f 3462/3462/3326 3463/3463/3327 3461/3461/3325
f 3462/3462/3326 3464/3464/3328 3463/3463/3327
f 3464/3464/3328 3465/3465/3329 3463/3463/3327
f 3464/3464/3328 3466/3466/3330 3465/3465/3329
f 3466/3466/3330 3467/3467/3331 3465/3465/3329
f 3466/3466/3330 3468/3468/3332 3467/3467/3331
f 3468/3468/3332 3469/3469/3333 3467/3467/3331
f 3468/3468/3332 3470/3470/1176 3469/3469/3333
f 3470/3470/1176 3471/3471/3334 3469/3469/3333
f 3470/3470/1176 3397/3397/3263 3471/3471/3334
f 3397/3397/3263 3396/3396/3262 3471/3471/3334
f 3472/3472/3335 3474/3473/3336 3473/3474/3337
f 3474/3473/3336 3475/3475/3338 3473/3474/3337
f 3473/3474/3337 3476/3476/3339 3472/3472/3335
f 3476/3476/3339 3477/3477/3340 3472/3472/3335
f 3476/3476/3339 3478/3478/3341 3477/3477/3340
f 3478/3478/3341 3479/3479/3342 3477/3477/3340
f 3478/3478/3341 3480/3480/3343 3479/3479/3342
f 3480/3480/3343 3481/3481/3344 3479/3479/3342
f 3480/3480/3343 3482/3482/3345 3481/3481/3344
f 3482/3482/3345 3483/3483/3346 3481/3481/3344
f 3482/3482/3345 3484/3484/3347 3483/3483/3346
f 3484/3484/3347 3485/3485/3348 3483/3483/3346
f 3484/3484/3347 3486/3486/3349 3485/3485/3348
f 3486/3486/3349 3487/3487/3350 3485/3485/3348
f 3486/3486/3349 3488/3488/3351 3487/3487/3350
f 3488/3488/3351 3489/3489/3352 3487/3487/3350
f 3488/3488/3351 3490/3490/3353 3489/3489/3352
f 3490/3490/3353 3491/3491/3354 3489/3489/3352
f 3490/3490/3353 3492/3492/3355 3491/3491/3354
f 3492/3492/3355 3493/3493/3356 3491/3491/3354
f 3492/3492/3355 3494/3494/3357 3493/3493/3356
f 3494/3494/3357 3495/3495/3358 3493/3493/3356
f 3494/3494/3357 3496/3496/3359 3495/3495/3358
f 3496/3496/3359 3497/3497/3360 3495/3495/3358
f 3497/3497/3360 3496/3496/3359 3498/3498/3361
f 3496/3496/3359 3499/3499/3362 3498/3498/3361
f 3498/3498/3361 3499/3499/3362 3500/3500/3363
f 3499/3499/3362 3501/3501/3364 3500/3500/3363
f 3500/3500/3363 3501/3501/3364 3502/3502/3365
f 3501/3501/3364 3503/3503/3366 3502/3502/3365
f 3502/3502/3365 3503/3503/3366 3504/3504/3367
f 3503/3503/3366 3505/3505/3368 3504/3504/3367
f 3504/3504/3367 3505/3505/3368 3506/3506/1086
f 3505/3505/3368 3507/3507/1087 3506/3506/1086
f 3506/3506/1086 3507/3507/1087 3508/3508/3369
f 3507/3507/1087 3509/3509/3370 3508/3508/3369
f 3508/3508/3369 3509/3509/3370 3510/3510/3371
f 3509/3509/3370 3511/3511/1095 3510/3510/3371
f 3510/3510/3371 3511/3511/1095 3512/3512/3372
f 3511/3511/1095 3513/3513/1099 3512/3512/3372
f 3512/3512/3372 3513/3513/1099 3514/3514/3373
f 3513/3513/1099 3515/3515/1103 3514/3514/3373
f 3514/3514/3373 3515/3515/1103 3516/3516/3374
f 3515/3515/1103 3517/3517/1107 3516/3516/3374
f 3516/3516/3374 3517/3517/1107 3518/3518/3375
f 3517/3517/1107 3519/3519/3376 3518/3518/3375
f 3520/3520/3377 3522/3521/3378 3521/3522/3379
f 3522/3521/3378 3523/3523/3380 3521/3522/3379
f 3522/3521/3378 3524/3524/3381 3523/3523/3380
f 3524/3524/3381 3525/3525/3382 3523/3523/3380
f 3524/3524/3381 3526/3526/3383 3525/3525/3382
f 3526/3526/3383 3527/3527/3384 3525/3525/3382
f 3526/3526/3383 3528/3528/3385 3527/3527/3384
f 3528/3528/3385 3529/3529/3386 3527/3527/3384
f 3528/3528/3385 3530/3530/3387 3529/3529/3386
f 3530/3530/3387 3531/3531/3388 3529/3529/3386
f 3530/3530/3387 3532/3532/3389 3531/3531/3388
f 3532/3532/3389 3533/3533/3390 3531/3531/3388
f 3532/3532/3389 3534/3534/3391 3533/3533/3390
f 3534/3534/3391 3535/3535/3392 3533/3533/3390
f 3534/3534/3391 3536/3536/3393 3535/3535/3392
f 3536/3536/3393 3537/3537/3394 3535/3535/3392
f 3536/3536/3393 3538/3538/3395 3537/3537/3394
f 3538/3538/3395 3539/3539/3396 3537/3537/3394
f 3538/3538/3395 3540/3540/3397 3539/3539/3396
f 3540/3540/3397 3541/3541/3398 3539/3539/3396
f 3540/3540/3397 3542/3542/3399 3541/3541/3398
f 3542/3542/3399 3543/3543/3400 3541/3541/3398
f 3542/3542/3399 3544/3544/3401 3543/3543/3400
f 3544/3544/3401 3545/3545/3402 3543/3543/3400
f 3544/3544/3401 3546/3546/3403 3545/3545/3402
f 3546/3546/3403 3547/3547/3404 3545/3545/3402
f 3546/3546/3403 3548/3548/3405 3547/3547/3404
f 3548/3548/3405 3549/3549/3406 3547/3547/3404
f 3548/3548/3405 3550/3550/3407 3549/3549/3406
f 3550/3550/3407 3551/3551/3408 3549/3549/3406
f 3550/3550/3407 3552/3552/3409 3551/3551/3408
f 3552/3552/3409 3553/3553/3410 3551/3551/3408
f 3552/3552/3409 3475/3475/3338 3553/3553/3410
f 3475/3475/3338 3474/3473/3336 3553/3553/3410
f 3156/3156/3028 3163/3163/3035 3867/3398/3411
f 3163/3163/3035 3661/3400/3412 3867/3398/3411
f 3163/3163/3035 3171/3171/3043 3661/3400/3412
f 3171/3171/3043 3660/3402/3413 3661/3400/3412
f 3158/3157/3029 3156/3156/3028 3662/3393/3414
f 3156/3156/3028 3867/3398/3411 3662/3393/3414
f 3166/3166/3038 3158/3157/3029 3663/3392/3415
f 3158/3157/3029 3662/3393/3414 3663/3392/3415
f 3178/3178/3050 3166/3166/3038 3875/3397/3416
f 3166/3166/3038 3663/3392/3415 3875/3397/3416
f 3199/3199/3071 4121/3414/3417 3194/3193/3065
f 4121/3414/3417 3901/3412/3418 3194/3193/3065
f 3212/3212/3084 3219/3219/3091 3458/3458/3322
f 3219/3219/3091 3460/3460/3324 3458/3458/3322
f 3232/3232/3104 3239/3239/3111 3448/3448/3312
f 3239/3239/3111 3450/3450/3314 3448/3448/3312
f 3232/3232/3104 3448/3448/3312 3234/3233/3105
f 3448/3448/3312 3446/3446/3310 3234/3233/3105
f 3234/3233/3105 3446/3446/3310 3243/3243/3115
f 3446/3446/3310 3444/3444/3308 3243/3243/3115
f 3267/3267/3139 3439/3439/3303 3262/3261/3133
f 3439/3439/3303 3437/3437/3301 3262/3261/3133
f 3255/3255/3127 3440/3440/3304 3267/3267/3139
f 3440/3440/3304 3439/3439/3303 3267/3267/3139
f 3283/3283/3155 3952/3425/3419 3278/3277/3149
f 3952/3425/3419 3657/3423/3420 3278/3277/3149
f 3299/3299/3171 3431/3431/3295 3295/3295/3167
f 3431/3431/3295 3429/3429/3293 3295/3295/3167
f 3186/3186/3058 3182/3182/3054 3468/3468/3332
f 3182/3182/3054 3656/3470/3421 3468/3468/3332
f 3302/3302/3174 3186/3186/3058 3466/3466/3330
f 3186/3186/3058 3468/3468/3332 3466/3466/3330
f 3306/3306/3178 3302/3302/3174 3464/3464/3328
f 3302/3302/3174 3466/3466/3330 3464/3464/3328
f 3287/3287/3159 3942/3419/3422 3207/3207/3079
f 3942/3419/3422 3658/3416/3423 3207/3207/3079
f 3279/3279/3151 4213/3421/3424 3287/3287/3159
f 4213/3421/3424 3942/3419/3422 3287/3287/3159
f 3278/3277/3149 3657/3423/3420 3279/3279/3151
f 3657/3423/3420 4213/3421/3424 3279/3279/3151
f 3291/3291/3163 4175/3427/3425 3283/3283/3155
f 4175/3427/3425 3952/3425/3419 3283/3283/3155
f 3295/3295/3167 3429/3429/3293 3291/3291/3163
f 3429/3429/3293 4175/3427/3425 3291/3291/3163
f 3247/3247/3119 3222/3222/3094 3452/3452/3316
f 3222/3222/3094 3454/3454/3318 3452/3452/3316
f 3175/3175/3047 3311/3311/3183 3659/3404/3426
f 3311/3311/3183 4251/3406/3427 3659/3404/3426
f 3195/3195/3067 3944/3410/3428 3203/3203/3075
f 3944/3410/3428 3960/3408/3429 3203/3203/3075
f 3182/3182/3054 3178/3178/3050 3656/3470/3421
f 3178/3178/3050 3875/3397/3416 3656/3470/3421
f 3227/3227/3099 3306/3306/3178 3462/3462/3326
f 3306/3306/3178 3464/3464/3328 3462/3462/3326
f 3207/3207/3079 3658/3416/3423 3199/3199/3071
f 3658/3416/3423 4121/3414/3417 3199/3199/3071
f 3219/3219/3091 3227/3227/3099 3460/3460/3324
f 3227/3227/3099 3462/3462/3326 3460/3460/3324
f 3214/3213/3085 3212/3212/3084 3456/3456/3320
f 3212/3212/3084 3458/3458/3322 3456/3456/3320
f 3222/3222/3094 3214/3213/3085 3454/3454/3318
f 3214/3213/3085 3456/3456/3320 3454/3454/3318
f 3263/3263/3135 3435/3435/3299 3271/3271/3143
f 3435/3435/3299 3433/3433/3297 3271/3271/3143
f 3194/3193/3065 3901/3412/3418 3195/3195/3067
f 3901/3412/3418 3944/3410/3428 3195/3195/3067
f 3239/3239/3111 3247/3247/3119 3450/3450/3314
f 3247/3247/3119 3452/3452/3316 3450/3450/3314
f 3171/3171/3043 3175/3175/3047 3660/3402/3413
f 3175/3175/3047 3659/3404/3426 3660/3402/3413
f 3262/3261/3133 3437/3437/3301 3263/3263/3135
f 3437/3437/3301 3435/3435/3299 3263/3263/3135
f 3243/3243/3115 3444/3444/3308 3251/3251/3123
f 3444/3444/3308 3442/3442/3306 3251/3251/3123
f 3203/3203/3075 3960/3408/3429 3311/3311/3183
f 3960/3408/3429 4251/3406/3427 3311/3311/3183
f 3251/3251/3123 3442/3442/3306 3255/3255/3127
f 3442/3442/3306 3440/3440/3304 3255/3255/3127
f 3271/3271/3143 3433/3433/3297 3299/3299/3171
f 3433/3433/3297 3431/3431/3295 3299/3299/3171
f 3554/3554/3430 3683/3313/3431 3555/3555/3432
f 3683/3313/3431 3684/3312/1242 3555/3555/3432
f 3473/3474/3337 3556/3556/3433 3476/3476/3339
f 3556/3556/3433 3557/3557/3434 3476/3476/3339
f 3558/3558/3435 4302/3316/3436 3554/3554/3430
f 4302/3316/3436 3683/3313/3431 3554/3554/3430
f 3476/3476/3339 3557/3557/3434 3478/3478/3341
f 3557/3557/3434 3559/3559/3437 3478/3478/3341
f 3560/3560/3438 3682/3318/3439 3558/3558/3435
f 3682/3318/3439 4302/3316/3436 3558/3558/3435
f 3478/3478/3341 3559/3559/3437 3480/3480/3343
f 3559/3559/3437 3561/3561/3440 3480/3480/3343
f 3562/3562/3441 3681/3320/3442 3560/3560/3438
f 3681/3320/3442 3682/3318/3439 3560/3560/3438
f 3480/3480/3343 3561/3561/3440 3482/3482/3345
f 3561/3561/3440 3563/3563/3443 3482/3482/3345
f 3564/3564/3444 3680/3322/3445 3562/3562/3441
f 3680/3322/3445 3681/3320/3442 3562/3562/3441
f 3482/3482/3345 3563/3563/3443 3484/3484/3347
f 3563/3563/3443 3565/3565/3446 3484/3484/3347
f 3566/3566/3447 3679/3324/3448 3564/3564/3444
f 3679/3324/3448 3680/3322/3445 3564/3564/3444
f 3484/3484/3347 3565/3565/3446 3486/3486/3349
f 3565/3565/3446 3567/3567/3449 3486/3486/3349
f 3568/3568/3450 3678/3326/3451 3566/3566/3447
f 3678/3326/3451 3679/3324/3448 3566/3566/3447
f 3486/3486/3349 3567/3567/3449 3488/3488/3351
f 3567/3567/3449 3569/3569/3452 3488/3488/3351
f 3570/3570/3453 4205/3328/3454 3568/3568/3450
f 4205/3328/3454 3678/3326/3451 3568/3568/3450
f 3488/3488/3351 3569/3569/3452 3911/3490/3455
f 3569/3569/3452 3571/3571/3456 3911/3490/3455
f 3572/3572/3457 3677/3330/3458 3570/3570/3453
f 3677/3330/3458 4205/3328/3454 3570/3570/3453
f 3911/3490/3455 3571/3571/3456 3649/3492/3459
f 3571/3571/3456 3573/3573/3460 3649/3492/3459
f 3574/3574/3461 3954/3332/3462 3572/3572/3457
f 3954/3332/3462 3677/3330/3458 3572/3572/3457
f 3649/3492/3459 3573/3573/3460 3647/3494/3463
f 3573/3573/3460 3575/3575/3464 3647/3494/3463
f 3576/3576/3465 3676/3334/3466 3574/3574/3461
f 3676/3334/3466 3954/3332/3462 3574/3574/3461
f 3647/3494/3463 3575/3575/3464 4120/3496/3467
f 3575/3575/3464 3577/3577/3468 4120/3496/3467
f 3578/3578/3469 3968/3336/3470 3576/3576/3465
f 3968/3336/3470 3676/3334/3466 3576/3576/3465
f 4120/3496/3467 3577/3577/3468 4114/3499/3471
f 3577/3577/3468 3579/3579/3472 4114/3499/3471
f 3580/3580/3473 3675/3338/3474 3578/3578/3469
f 3675/3338/3474 3968/3336/3470 3578/3578/3469
f 4114/3499/3471 3579/3579/3472 3645/3501/3475
f 3579/3579/3472 3581/3581/3476 3645/3501/3475
f 3582/3582/3477 3674/3340/3478 3580/3580/3473
f 3674/3340/3478 3675/3338/3474 3580/3580/3473
f 3645/3501/3475 3581/3581/3476 3643/3503/3479
f 3581/3581/3476 3583/3583/3480 3643/3503/3479
f 3584/3584/3481 4527/3342/3482 3582/3582/3477
f 4527/3342/3482 3674/3340/3478 3582/3582/3477
f 3643/3503/3479 3583/3583/3480 3641/3505/3483
f 3583/3583/3480 3585/3585/3484 3641/3505/3483
f 3586/3586/3485 4261/3344/3486 3584/3584/3481
f 4261/3344/3486 4527/3342/3482 3584/3584/3481
f 3641/3505/3483 3585/3585/3484 3874/3507/3487
f 3585/3585/3484 3587/3587/3488 3874/3507/3487
f 3588/3588/3489 3673/3346/3490 3586/3586/3485
f 3673/3346/3490 4261/3344/3486 3586/3586/3485
f 3874/3507/3487 3587/3587/3488 3640/3509/3491
f 3587/3587/3488 3589/3589/3492 3640/3509/3491
f 3590/3590/3493 3672/3348/3494 3588/3588/3489
f 3672/3348/3494 3673/3346/3490 3588/3588/3489
f 3640/3509/3491 3589/3589/3492 4047/3511/3495
f 3589/3589/3492 3591/3591/3496 4047/3511/3495
f 3592/3592/3497 4332/3350/3498 3590/3590/3493
f 4332/3350/3498 3672/3348/3494 3590/3590/3493
f 4047/3511/3495 3591/3591/3496 3639/3513/3499
f 3591/3591/3496 3593/3593/3500 3639/3513/3499
f 3594/3594/1243 3925/3352/3501 3592/3592/3497
f 3925/3352/3501 4332/3350/3498 3592/3592/3497
f 3639/3513/3499 3593/3593/3500 3638/3515/3502
f 3593/3593/3500 3595/3595/3503 3638/3515/3502
f 3596/3596/3504 4123/3354/3431 3594/3594/1243
f 4123/3354/3431 3925/3352/3501 3594/3594/1243
f 3638/3515/3502 3595/3595/3503 4323/3517/3505
f 3595/3595/3503 3597/3597/3434 4323/3517/3505
f 3598/3598/3506 3671/3356/3507 3596/3596/3504
f 3671/3356/3507 4123/3354/3431 3596/3596/3504
f 4323/3517/3505 3597/3597/3434 3636/3519/3508
f 3597/3597/3434 3599/3599/3509 3636/3519/3508
f 3600/3600/3510 3670/3358/3439 3598/3598/3506
f 3670/3358/3439 3671/3356/3507 3598/3598/3506
f 3637/3520/3511 3601/3601/3512 3635/3521/3513
f 3601/3601/3512 3602/3602/3514 3635/3521/3513
f 3603/3603/3515 3669/3360/3516 3600/3600/3510
f 3669/3360/3516 3670/3358/3439 3600/3600/3510
f 3635/3521/3513 3602/3602/3514 3937/3524/3517
f 3602/3602/3514 3604/3604/3518 3937/3524/3517
f 3605/3605/3519 3668/3362/3520 3603/3603/3515
f 3668/3362/3520 3669/3360/3516 3603/3603/3515
f 3937/3524/3517 3604/3604/3518 4108/3526/3521
f 3604/3604/3518 3606/3606/3446 4108/3526/3521
f 3607/3607/3522 3928/3364/3523 3605/3605/3519
f 3928/3364/3523 3668/3362/3520 3605/3605/3519
f 4108/3526/3521 3606/3606/3446 3934/3528/3524
f 3606/3606/3446 3608/3608/3449 3934/3528/3524
f 3609/3609/3525 4350/3366/3451 3607/3607/3522
f 4350/3366/3451 3928/3364/3523 3607/3607/3522
f 3934/3528/3524 3608/3608/3449 3530/3530/3387
f 3608/3608/3449 3610/3610/3452 3530/3530/3387
f 3611/3611/3315 3667/3368/3526 3609/3609/3525
f 3667/3368/3526 4350/3366/3451 3609/3609/3525
f 3530/3530/3387 3610/3610/3452 3532/3532/3389
f 3610/3610/3452 3612/3612/3456 3532/3532/3389
f 3613/3613/3527 4147/3370/3528 3611/3611/3315
f 4147/3370/3528 3667/3368/3526 3611/3611/3315
f 3532/3532/3389 3612/3612/3456 3534/3534/3391
f 3612/3612/3456 3614/3614/3460 3534/3534/3391
f 3615/3615/3529 3899/3372/3462 3613/3613/3527
f 3899/3372/3462 4147/3370/3528 3613/3613/3527
f 3534/3534/3391 3614/3614/3460 3536/3536/3393
f 3614/3614/3460 3616/3616/3464 3536/3536/3393
f 3617/3617/3530 3666/3374/3466 3615/3615/3529
f 3666/3374/3466 3899/3372/3462 3615/3615/3529
f 3536/3536/3393 3616/3616/3464 3538/3538/3395
f 3616/3616/3464 3618/3618/3531 3538/3538/3395
f 3619/3619/3532 3973/3376/3470 3617/3617/3530
f 3973/3376/3470 3666/3374/3466 3617/3617/3530
f 3538/3538/3395 3618/3618/3531 3540/3540/3397
f 3618/3618/3531 3620/3620/3533 3540/3540/3397
f 3621/3621/3534 4244/3378/3535 3619/3619/3532
f 4244/3378/3535 3973/3376/3470 3619/3619/3532
f 3540/3540/3397 3620/3620/3533 3542/3542/3399
f 3620/3620/3533 3622/3622/3476 3542/3542/3399
f 3623/3623/3536 4004/3380/3478 3621/3621/3534
f 4004/3380/3478 4244/3378/3535 3621/3621/3534
f 3542/3542/3399 3622/3622/3476 3544/3544/3401
f 3622/3622/3476 3624/3624/3480 3544/3544/3401
f 3625/3625/3537 4109/3382/3538 3623/3623/3536
f 4109/3382/3538 4004/3380/3478 3623/3623/3536
f 3544/3544/3401 3624/3624/3480 3546/3546/3403
f 3624/3624/3480 3626/3626/3484 3546/3546/3403
f 3627/3627/3539 3665/3384/3486 3625/3625/3537
f 3665/3384/3486 4109/3382/3538 3625/3625/3537
f 3546/3546/3403 3626/3626/3484 3548/3548/3405
f 3626/3626/3484 3628/3628/3488 3548/3548/3405
f 3629/3629/3333 3664/3386/3490 3627/3627/3539
f 3664/3386/3490 3665/3384/3486 3627/3627/3539
f 3548/3548/3405 3628/3628/3488 3550/3550/3407
f 3628/3628/3488 3630/3630/3492 3550/3550/3407
f 3631/3631/3334 3961/3388/3540 3629/3629/3333
f 3961/3388/3540 3664/3386/3490 3629/3629/3333
f 3550/3550/3407 3630/3630/3492 3552/3552/3409
f 3630/3630/3492 3632/3632/3541 3552/3552/3409
f 3633/3633/3262 4250/3390/3542 3631/3631/3334
f 4250/3390/3542 3961/3388/3540 3631/3631/3334
f 3552/3552/3409 3632/3632/3541 3475/3475/3338
f 3632/3632/3541 3634/3634/3543 3475/3475/3338
f 3555/3555/3432 3684/3312/1242 3633/3633/3262
f 3684/3312/1242 4250/3390/3542 3633/3633/3262
f 3475/3475/3338 3634/3634/3543 3473/3474/3337
f 3634/3634/3543 3556/3556/3433 3473/3474/3337
l 3894 4294
l 3881 4180
l 3653 3655
l 3508 4011
l 3646 4026
l 3646 4294
l 3654 3655
l 3654 3986
l 3986 4122
l 3549 4122
l 3648 3894
l 3648 3881
l 3978 4053
l 3642 4011
l 3642 3644
l 3650 4180
l 3650 4053
l 3651 3978
l 3651 3652
l 3644 4026
l 3652 3653
