# Blender 5.1.0
# www.blender.org
mtllib bolsa.mtl
g bag_Mesh
v 0.166678 0.307090 -0.026912
v 0.169044 0.307735 -0.045218
v 0.163938 0.313121 -0.033178
v 0.165527 0.312900 -0.041624
v 0.161854 0.317919 -0.025013
v 0.162608 0.313176 -0.020403
v 0.131425 0.313000 -0.031085
v 0.148438 0.313330 -0.032261
v 0.130693 0.312997 -0.040828
v 0.147420 0.313471 -0.052138
v 0.160983 0.322198 -0.018253
v 0.160544 0.325762 -0.023257
v 0.161266 0.336938 -0.021770
v 0.161259 0.341016 -0.026744
v 0.161045 0.343936 -0.016156
v 0.161709 0.349274 -0.021006
v 0.137521 0.324666 -0.012655
v 0.148880 0.324521 -0.012251
v 0.138490 0.331722 -0.009168
v 0.149774 0.330855 -0.009802
v 0.161758 0.345483 -0.010507
v 0.161762 0.351640 -0.015944
v 0.149752 0.345541 -0.013669
v 0.149513 0.338660 -0.020158
v 0.148786 0.323718 -0.017594
v 0.147928 0.306685 -0.025325
v 0.149077 0.314400 -0.019487
v 0.137944 0.345676 -0.009835
v 0.149914 0.347788 -0.008582
v 0.149631 0.330989 -0.013782
v 0.160797 0.331779 -0.015674
v 0.161024 0.331539 -0.009804
v 0.134226 0.318143 -0.024233
v 0.136660 0.325955 -0.022583
v 0.148115 0.318841 -0.023789
v 0.148655 0.327008 -0.023016
v 0.137462 0.349471 -0.020322
v 0.137733 0.351835 -0.015266
v 0.149614 0.351491 -0.020275
v 0.149766 0.353892 -0.015574
v 0.164143 0.311952 0.000373
v 0.148522 0.311618 0.010744
v 0.168113 0.306567 0.002527
v 0.148354 0.306161 0.016748
v 0.164024 0.311991 -0.009364
v 0.165938 0.306764 -0.015508
v 0.161418 0.317479 -0.014151
v 0.148915 0.312088 -0.008189
v 0.149068 0.317936 -0.012907
v 0.148678 0.314459 -0.019490
v 0.162764 0.313236 -0.020379
v 0.149255 0.307954 -0.015418
v 0.160642 0.324573 -0.011667
v 0.161016 0.322205 -0.018238
v 0.137454 0.341209 -0.026071
v 0.149392 0.342920 -0.025675
v 0.148753 0.321907 -0.018001
v 0.127365 0.308141 -0.044424
v 0.129036 0.307513 -0.025754
v 0.133713 0.313398 -0.019909
v 0.137661 0.337129 -0.021104
v 0.136522 0.322445 -0.018251
v 0.138312 0.344121 -0.015514
v 0.138389 0.331961 -0.015042
v 0.131783 0.311319 0.000040
v 0.127384 0.306915 0.002622
v 0.130197 0.307069 -0.014432
v 0.133048 0.312396 -0.007821
v 0.136354 0.317683 -0.013443
v 0.133634 0.313262 -0.019914
v 0.136408 0.322412 -0.018233
v 0.147439 0.307880 -0.057554
v -0.183462 0.312900 -0.041624
v -0.186979 0.307735 -0.045218
v -0.181873 0.313121 -0.033178
v -0.184613 0.307090 -0.026912
v -0.179789 0.317919 -0.025013
v -0.180544 0.313176 -0.020403
v -0.165356 0.313471 -0.052138
v -0.166373 0.313330 -0.032261
v -0.148629 0.312997 -0.040828
v -0.149361 0.313000 -0.031085
v -0.179194 0.341016 -0.026744
v -0.178480 0.325762 -0.023257
v -0.179201 0.336938 -0.021770
v -0.178918 0.322198 -0.018253
v -0.178980 0.343936 -0.016156
v -0.179644 0.349274 -0.021006
v -0.155457 0.324666 -0.012655
v -0.156426 0.331722 -0.009168
v -0.166816 0.324521 -0.012251
v -0.167710 0.330855 -0.009802
v -0.179693 0.345483 -0.010507
v -0.179697 0.351640 -0.015944
v -0.167687 0.345541 -0.013669
v -0.167448 0.338660 -0.020158
v -0.166721 0.323718 -0.017594
v -0.165863 0.306685 -0.025325
v -0.167012 0.314400 -0.019487
v -0.167849 0.347788 -0.008582
v -0.155880 0.345676 -0.009835
v -0.167566 0.330989 -0.013782
v -0.178733 0.331779 -0.015674
v -0.178960 0.331539 -0.009804
v -0.152161 0.318143 -0.024233
v -0.166051 0.318841 -0.023788
v -0.154596 0.325955 -0.022583
v -0.166590 0.327008 -0.023016
v -0.155398 0.349471 -0.020321
v -0.167549 0.351491 -0.020275
v -0.155669 0.351835 -0.015266
v -0.167701 0.353892 -0.015574
v -0.182079 0.311952 0.000373
v -0.186049 0.306567 0.002527
v -0.166457 0.311618 0.010744
v -0.166290 0.306161 0.016748
v -0.183874 0.306764 -0.015508
v -0.181959 0.311991 -0.009364
v -0.167003 0.317936 -0.012907
v -0.179354 0.317479 -0.014151
v -0.166850 0.312088 -0.008188
v -0.180699 0.313236 -0.020379
v -0.167191 0.307954 -0.015418
v -0.166613 0.314459 -0.019490
v -0.178578 0.324573 -0.011667
v -0.178952 0.322205 -0.018238
v -0.155390 0.341209 -0.026071
v -0.167327 0.342920 -0.025675
v -0.166689 0.321907 -0.018001
v -0.146971 0.307513 -0.025754
v -0.145301 0.308141 -0.044424
v -0.151649 0.313398 -0.019909
v -0.154457 0.322445 -0.018251
v -0.155597 0.337129 -0.021104
v -0.156248 0.344121 -0.015514
v -0.156325 0.331961 -0.015042
v -0.149719 0.311319 0.000040
v -0.145319 0.306915 0.002622
v -0.150984 0.312396 -0.007821
v -0.148132 0.307069 -0.014432
v -0.154290 0.317683 -0.013443
v -0.151569 0.313262 -0.019914
v -0.154343 0.322412 -0.018233
v -0.165374 0.307880 -0.057554
v -0.162803 0.317498 -0.004095
v -0.165850 0.317518 -0.005386
v -0.163761 0.318092 -0.003121
v -0.165869 0.318226 -0.003525
v -0.161861 0.315016 -0.005158
v -0.165825 0.315022 -0.006856
v -0.165859 0.314524 -0.005360
v -0.162954 0.314527 -0.004113
v -0.165947 0.313905 -0.005964
v -0.162650 0.313905 -0.004551
v -0.168781 0.314394 -0.004211
v -0.169266 0.313765 -0.004660
v -0.170009 0.314215 -0.001338
v -0.170660 0.313567 -0.001397
v -0.171466 0.313213 -0.001447
v -0.169847 0.313436 -0.005240
v -0.169902 0.313049 0.002393
v -0.170039 0.312174 0.002480
v -0.171663 0.312345 -0.001508
v -0.166015 0.313429 0.003324
v -0.169314 0.313429 0.001909
v -0.166068 0.313038 0.004039
v -0.162699 0.313569 0.002018
v -0.162213 0.313191 0.002520
v -0.168824 0.314088 0.001574
v -0.165918 0.314095 0.002820
v -0.162993 0.314226 0.001672
v -0.166064 0.312164 0.004187
v -0.169981 0.312571 -0.005445
v -0.165992 0.313589 -0.006759
v -0.165983 0.312729 -0.007022
v -0.162160 0.313578 -0.005117
v -0.162007 0.312714 -0.005317
v -0.169877 0.314407 0.002621
v -0.165910 0.314411 0.004323
v -0.169819 0.314841 -0.005282
v -0.171497 0.314591 -0.001357
v -0.170183 0.317182 -0.001184
v -0.168952 0.317031 0.001865
v -0.165912 0.317025 0.003159
v -0.168910 0.317374 -0.004193
v -0.167975 0.318046 -0.003189
v -0.161305 0.313762 -0.001244
v -0.161765 0.314404 -0.001200
v -0.160241 0.314841 -0.001177
v -0.161917 0.314587 0.002749
v -0.169959 0.311828 0.002386
v -0.171553 0.312000 -0.001523
v -0.161573 0.317338 -0.001046
v -0.162850 0.317137 0.001963
v -0.163790 0.317828 0.001058
v -0.163396 0.318070 -0.001017
v -0.166061 0.311819 0.004061
v -0.165903 0.317926 0.001416
v -0.165888 0.318340 -0.001034
v -0.162079 0.312364 -0.005261
v -0.165980 0.312377 -0.006929
v -0.160596 0.313414 -0.001274
v -0.162066 0.312317 0.002610
v -0.160384 0.312543 -0.001326
v -0.162136 0.311977 0.002513
v -0.160490 0.312197 -0.001347
v -0.168005 0.317800 0.000991
v -0.168376 0.318040 -0.001096
v -0.162461 0.312780 -0.004874
v -0.165988 0.312782 -0.006386
v -0.161020 0.312632 -0.001335
v -0.166060 0.312278 0.003557
v -0.169590 0.312276 0.002040
v -0.162511 0.312422 0.002157
v -0.169903 0.312224 -0.005386
v -0.169536 0.312633 -0.004986
v -0.171028 0.312428 -0.001494
v 0.144868 0.317498 -0.004095
v 0.145826 0.318092 -0.003121
v 0.147914 0.317518 -0.005386
v 0.147934 0.318226 -0.003525
v 0.143925 0.315016 -0.005158
v 0.147890 0.315022 -0.006856
v 0.145018 0.314527 -0.004113
v 0.147923 0.314524 -0.005360
v 0.148011 0.313905 -0.005964
v 0.144715 0.313905 -0.004551
v 0.151330 0.313765 -0.004660
v 0.150846 0.314394 -0.004211
v 0.152074 0.314215 -0.001339
v 0.152724 0.313567 -0.001397
v 0.153531 0.313213 -0.001447
v 0.151911 0.313436 -0.005240
v 0.151967 0.313049 0.002393
v 0.152104 0.312174 0.002480
v 0.153728 0.312345 -0.001508
v 0.148079 0.313429 0.003324
v 0.148133 0.313038 0.004039
v 0.151379 0.313429 0.001909
v 0.144277 0.313191 0.002520
v 0.144763 0.313569 0.002018
v 0.150889 0.314088 0.001574
v 0.147982 0.314095 0.002820
v 0.145057 0.314226 0.001672
v 0.148128 0.312164 0.004187
v 0.152045 0.312571 -0.005445
v 0.148056 0.313589 -0.006759
v 0.148048 0.312729 -0.007023
v 0.144224 0.313578 -0.005117
v 0.144071 0.312714 -0.005317
v 0.147974 0.314411 0.004323
v 0.151941 0.314407 0.002621
v 0.151883 0.314841 -0.005282
v 0.153561 0.314591 -0.001358
v 0.151017 0.317031 0.001865
v 0.152248 0.317182 -0.001184
v 0.147976 0.317025 0.003159
v 0.150974 0.317374 -0.004193
v 0.150040 0.318046 -0.003189
v 0.143369 0.313762 -0.001244
v 0.143829 0.314404 -0.001200
v 0.143982 0.314587 0.002749
v 0.142306 0.314841 -0.001177
v 0.152024 0.311828 0.002386
v 0.153618 0.312000 -0.001523
v 0.144914 0.317137 0.001963
v 0.143637 0.317338 -0.001046
v 0.145855 0.317828 0.001058
v 0.145460 0.318070 -0.001017
v 0.148126 0.311819 0.004061
v 0.147968 0.317926 0.001416
v 0.147953 0.318340 -0.001034
v 0.144144 0.312364 -0.005261
v 0.148044 0.312377 -0.006929
v 0.142660 0.313414 -0.001274
v 0.142448 0.312543 -0.001326
v 0.144131 0.312317 0.002610
v 0.142555 0.312197 -0.001347
v 0.144201 0.311977 0.002513
v 0.150069 0.317800 0.000991
v 0.150441 0.318040 -0.001096
v 0.144526 0.312780 -0.004874
v 0.148052 0.312782 -0.006386
v 0.143085 0.312632 -0.001335
v 0.151654 0.312276 0.002040
v 0.148125 0.312278 0.003557
v 0.144576 0.312422 0.002157
v 0.151600 0.312633 -0.004986
v 0.151967 0.312224 -0.005386
v 0.153092 0.312428 -0.001494
v 0.144782 0.318763 -0.041606
v 0.145748 0.319376 -0.040652
v 0.147816 0.318771 -0.042929
v 0.147851 0.319509 -0.041079
v 0.143837 0.316261 -0.042619
v 0.147784 0.316251 -0.044357
v 0.144941 0.315792 -0.041578
v 0.147834 0.315778 -0.042854
v 0.147918 0.315149 -0.043449
v 0.144636 0.315163 -0.042002
v 0.151250 0.315041 -0.042176
v 0.150769 0.315675 -0.041732
v 0.152026 0.315547 -0.038870
v 0.152678 0.314900 -0.038924
v 0.153485 0.314548 -0.038976
v 0.151826 0.314704 -0.042756
v 0.151960 0.314441 -0.035119
v 0.152101 0.313568 -0.035020
v 0.153684 0.313679 -0.039026
v 0.148081 0.314824 -0.034155
v 0.148143 0.314445 -0.033435
v 0.151366 0.314811 -0.035603
v 0.144272 0.314562 -0.034916
v 0.144751 0.314933 -0.035429
v 0.150870 0.315464 -0.035943
v 0.147977 0.315482 -0.034668
v 0.145040 0.315586 -0.035789
v 0.148143 0.313574 -0.033272
v 0.151961 0.313836 -0.042948
v 0.147956 0.314821 -0.044239
v 0.147947 0.313956 -0.044488
v 0.144141 0.314825 -0.042558
v 0.143988 0.313957 -0.042742
v 0.147983 0.315822 -0.033171
v 0.151932 0.315803 -0.034913
v 0.151793 0.316107 -0.042821
v 0.153512 0.315927 -0.038910
v 0.150992 0.318411 -0.035702
v 0.152192 0.318516 -0.038765
v 0.147965 0.318418 -0.034377
v 0.150888 0.318655 -0.041764
v 0.149961 0.319340 -0.040762
v 0.143324 0.315069 -0.038680
v 0.143783 0.315713 -0.038651
v 0.143974 0.315961 -0.034707
v 0.142258 0.316146 -0.038619
v 0.152021 0.313220 -0.035107
v 0.153575 0.313333 -0.039034
v 0.144891 0.318501 -0.035544
v 0.143583 0.318649 -0.038543
v 0.145820 0.319180 -0.036469
v 0.145404 0.319387 -0.038544
v 0.148140 0.313227 -0.033393
v 0.147936 0.319290 -0.036135
v 0.147895 0.319664 -0.038591
v 0.144062 0.313608 -0.042681
v 0.147946 0.313606 -0.044389
v 0.142616 0.314718 -0.038697
v 0.142406 0.313846 -0.038733
v 0.144129 0.313689 -0.034811
v 0.142514 0.313500 -0.038749
v 0.144199 0.313348 -0.034903
v 0.150033 0.319163 -0.036579
v 0.150383 0.319370 -0.038673
v 0.144447 0.314031 -0.042305
v 0.147958 0.314019 -0.043853
v 0.143043 0.313937 -0.038750
v 0.151646 0.313661 -0.035456
v 0.148132 0.313678 -0.033904
v 0.144569 0.313789 -0.035270
v 0.151521 0.313904 -0.042486
v 0.151885 0.313490 -0.042883
v 0.153048 0.313760 -0.039007
v -0.162718 0.318763 -0.041606
v -0.165751 0.318771 -0.042928
v -0.163683 0.319376 -0.040652
v -0.165787 0.319509 -0.041079
v -0.161772 0.316261 -0.042619
v -0.165720 0.316251 -0.044357
v -0.165769 0.315778 -0.042854
v -0.162877 0.315792 -0.041578
v -0.165854 0.315149 -0.043449
v -0.162571 0.315163 -0.042002
v -0.168704 0.315675 -0.041732
v -0.169186 0.315041 -0.042176
v -0.169961 0.315547 -0.038870
v -0.170613 0.314900 -0.038924
v -0.171420 0.314548 -0.038976
v -0.169762 0.314704 -0.042756
v -0.169896 0.314441 -0.035119
v -0.170036 0.313568 -0.035020
v -0.171619 0.313679 -0.039025
v -0.166017 0.314824 -0.034155
v -0.169301 0.314811 -0.035603
v -0.166078 0.314445 -0.033435
v -0.162687 0.314933 -0.035429
v -0.162208 0.314562 -0.034916
v -0.168806 0.315464 -0.035943
v -0.165912 0.315482 -0.034668
v -0.162975 0.315586 -0.035789
v -0.166078 0.313574 -0.033272
v -0.169897 0.313836 -0.042948
v -0.165891 0.314821 -0.044239
v -0.165883 0.313956 -0.044488
v -0.162076 0.314825 -0.042558
v -0.161924 0.313957 -0.042742
v -0.169868 0.315803 -0.034913
v -0.165918 0.315822 -0.033171
v -0.169729 0.316107 -0.042821
v -0.171448 0.315927 -0.038910
v -0.170128 0.318516 -0.038765
v -0.168928 0.318411 -0.035702
v -0.165900 0.318418 -0.034377
v -0.168823 0.318655 -0.041764
v -0.167897 0.319340 -0.040761
v -0.161259 0.315069 -0.038680
v -0.161718 0.315713 -0.038651
v -0.160194 0.316146 -0.038619
v -0.161910 0.315961 -0.034707
v -0.169956 0.313220 -0.035107
v -0.171510 0.313333 -0.039034
v -0.161518 0.318649 -0.038543
v -0.162826 0.318501 -0.035544
v -0.163755 0.319180 -0.036469
v -0.163339 0.319387 -0.038544
v -0.166075 0.313227 -0.033393
v -0.165871 0.319290 -0.036135
v -0.165831 0.319664 -0.038591
v -0.161998 0.313608 -0.042681
v -0.165882 0.313606 -0.044389
v -0.160552 0.314718 -0.038697
v -0.162065 0.313689 -0.034811
v -0.160342 0.313846 -0.038733
v -0.162134 0.313348 -0.034903
v -0.160449 0.313500 -0.038749
v -0.167969 0.319163 -0.036579
v -0.168319 0.319370 -0.038673
v -0.162382 0.314031 -0.042305
v -0.165894 0.314019 -0.043853
v -0.160978 0.313937 -0.038750
v -0.166068 0.313678 -0.033904
v -0.169582 0.313661 -0.035456
v -0.162505 0.313789 -0.035270
v -0.169821 0.313490 -0.042883
v -0.169456 0.313904 -0.042486
v -0.170984 0.313760 -0.039006
v 0.149882 0.325566 -0.017985
v 0.166124 0.339704 -0.017650
v 0.149883 0.334970 -0.015510
v 0.162976 0.344013 -0.014949
v 0.161543 0.359160 -0.015121
v 0.163153 0.359934 -0.016985
v 0.167948 0.377988 -0.014718
v 0.170317 0.377741 -0.016531
v 0.161777 0.359858 -0.019300
v 0.157166 0.360041 -0.019650
v 0.168012 0.378248 -0.018904
v 0.161809 0.383714 -0.019402
v 0.169569 0.349037 -0.017343
v 0.166082 0.349982 -0.014869
v 0.166692 0.387635 -0.016291
v 0.164750 0.386001 -0.015002
v 0.164809 0.386238 -0.018086
v 0.151048 0.387614 -0.013958
v 0.162388 0.383325 -0.013953
v 0.151747 0.390067 -0.014043
v 0.172643 0.353662 -0.015282
v 0.175744 0.353267 -0.017171
v 0.151966 0.392399 -0.015766
v 0.157009 0.359409 -0.014796
v 0.151071 0.387703 -0.018828
v 0.151806 0.389832 -0.018227
v 0.159693 0.382129 -0.016676
v 0.155561 0.358772 -0.017108
v 0.150901 0.385856 -0.016467
v 0.164863 0.350292 -0.020095
v 0.162680 0.350485 -0.017299
v 0.149882 0.334354 -0.019959
v 0.149882 0.337478 -0.017675
v 0.161566 0.344120 -0.020407
v 0.160207 0.345240 -0.017447
v 0.172973 0.354099 -0.019467
v 0.136807 0.344010 -0.014961
v 0.133641 0.339704 -0.017650
v 0.138222 0.359160 -0.015121
v 0.131816 0.377988 -0.014718
v 0.136611 0.359934 -0.016985
v 0.129448 0.377741 -0.016531
v 0.137987 0.359858 -0.019300
v 0.131752 0.378248 -0.018904
v 0.142598 0.360041 -0.019650
v 0.137955 0.383714 -0.019402
v 0.133838 0.350320 -0.014914
v 0.130195 0.349037 -0.017343
v 0.135014 0.386001 -0.015002
v 0.133073 0.387635 -0.016291
v 0.134955 0.386238 -0.018086
v 0.148720 0.387614 -0.013958
v 0.148017 0.390067 -0.014043
v 0.137380 0.383325 -0.013953
v 0.127253 0.353851 -0.015334
v 0.124169 0.353497 -0.017230
v 0.147798 0.392399 -0.015766
v 0.142755 0.359409 -0.014796
v 0.147958 0.389832 -0.018227
v 0.148693 0.387703 -0.018828
v 0.140071 0.382129 -0.016676
v 0.144203 0.358772 -0.017108
v 0.148863 0.385856 -0.016467
v 0.137184 0.350784 -0.017330
v 0.133605 0.350644 -0.020122
v 0.139574 0.345237 -0.017456
v 0.136665 0.344119 -0.020413
v 0.126906 0.354298 -0.019520
v -0.180911 0.344013 -0.014949
v -0.184059 0.339704 -0.017650
v -0.167819 0.334970 -0.015510
v -0.167818 0.325566 -0.017985
v -0.179478 0.359160 -0.015121
v -0.185884 0.377988 -0.014718
v -0.181089 0.359934 -0.016985
v -0.188252 0.377741 -0.016531
v -0.179713 0.359858 -0.019300
v -0.185947 0.378248 -0.018904
v -0.175101 0.360041 -0.019650
v -0.179745 0.383714 -0.019402
v -0.184018 0.349982 -0.014869
v -0.187504 0.349037 -0.017343
v -0.182685 0.386001 -0.015002
v -0.184627 0.387635 -0.016291
v -0.182744 0.386238 -0.018086
v -0.168983 0.387614 -0.013958
v -0.169682 0.390067 -0.014043
v -0.180323 0.383325 -0.013953
v -0.190578 0.353662 -0.015282
v -0.193679 0.353267 -0.017171
v -0.169902 0.392399 -0.015766
v -0.174944 0.359409 -0.014796
v -0.169742 0.389832 -0.018227
v -0.169007 0.387703 -0.018828
v -0.177629 0.382129 -0.016676
v -0.173496 0.358772 -0.017108
v -0.168837 0.385856 -0.016467
v -0.180615 0.350485 -0.017299
v -0.182798 0.350292 -0.020095
v -0.178143 0.345240 -0.017447
v -0.167818 0.337478 -0.017675
v -0.179501 0.344120 -0.020407
v -0.167818 0.334354 -0.019959
v -0.190909 0.354099 -0.019467
v -0.151576 0.339704 -0.017650
v -0.154743 0.344010 -0.014961
v -0.156157 0.359160 -0.015121
v -0.154547 0.359934 -0.016985
v -0.149751 0.377988 -0.014718
v -0.147383 0.377741 -0.016531
v -0.155923 0.359858 -0.019300
v -0.160534 0.360041 -0.019650
v -0.149688 0.378248 -0.018904
v -0.155890 0.383714 -0.019402
v -0.148131 0.349037 -0.017343
v -0.151774 0.350320 -0.014914
v -0.151008 0.387635 -0.016291
v -0.152950 0.386001 -0.015002
v -0.152891 0.386238 -0.018086
v -0.166656 0.387614 -0.013958
v -0.155316 0.383325 -0.013953
v -0.165953 0.390067 -0.014043
v -0.145188 0.353851 -0.015334
v -0.142105 0.353497 -0.017230
v -0.165733 0.392399 -0.015766
v -0.160691 0.359409 -0.014796
v -0.166628 0.387703 -0.018828
v -0.165894 0.389832 -0.018227
v -0.158006 0.382129 -0.016676
v -0.162139 0.358772 -0.017108
v -0.166799 0.385856 -0.016467
v -0.151540 0.350644 -0.020122
v -0.155120 0.350784 -0.017330
v -0.154600 0.344119 -0.020413
v -0.157509 0.345237 -0.017456
v -0.144841 0.354298 -0.019520
v 0.149182 0.404114 -0.017324
v 0.150791 0.404575 -0.017946
v 0.147689 0.396554 -0.020352
v 0.150613 0.395631 -0.024021
v 0.144839 0.395476 -0.019001
v 0.147733 0.404992 -0.015324
v 0.160809 0.389937 -0.022538
v 0.150560 0.391937 -0.026694
v 0.153550 0.396464 -0.020342
v 0.152280 0.404066 -0.017319
v 0.140240 0.390251 -0.022573
v 0.153749 0.404901 -0.015314
v 0.156361 0.395300 -0.018982
v 0.163734 0.389224 -0.020032
v 0.156134 0.394861 -0.017597
v 0.163558 0.388744 -0.018646
v 0.153852 0.381077 -0.025951
v 0.155835 0.380268 -0.024333
v 0.155726 0.380038 -0.022863
v 0.153546 0.404403 -0.013891
v 0.145048 0.395031 -0.017616
v 0.147916 0.404490 -0.013901
v 0.150225 0.369974 -0.027324
v 0.150227 0.369967 -0.028967
v 0.150279 0.373168 -0.029808
v 0.150413 0.382088 -0.028255
v 0.146934 0.381183 -0.025962
v 0.144922 0.380436 -0.024351
v 0.137288 0.389628 -0.020076
v 0.145020 0.380201 -0.022881
v 0.137444 0.389145 -0.018689
v 0.150983 0.407599 -0.014810
v 0.150968 0.407098 -0.013387
v -0.167118 0.404114 -0.017324
v -0.165625 0.396554 -0.020352
v -0.168727 0.404575 -0.017946
v -0.168549 0.395631 -0.024021
v -0.165668 0.404992 -0.015324
v -0.162775 0.395476 -0.019001
v -0.168496 0.391937 -0.026694
v -0.171486 0.396464 -0.020342
v -0.178744 0.389937 -0.022538
v -0.170216 0.404066 -0.017319
v -0.158176 0.390251 -0.022573
v -0.171685 0.404901 -0.015314
v -0.174296 0.395300 -0.018982
v -0.181670 0.389224 -0.020032
v -0.181494 0.388744 -0.018645
v -0.174070 0.394861 -0.017597
v -0.173771 0.380268 -0.024332
v -0.171788 0.381077 -0.025951
v -0.173662 0.380038 -0.022863
v -0.171482 0.404403 -0.013891
v -0.162984 0.395031 -0.017616
v -0.165852 0.404490 -0.013901
v -0.168161 0.369974 -0.027324
v -0.168163 0.369967 -0.028967
v -0.168214 0.373168 -0.029808
v -0.164870 0.381183 -0.025962
v -0.168348 0.382088 -0.028255
v -0.162858 0.380436 -0.024351
v -0.155224 0.389628 -0.020076
v -0.162956 0.380201 -0.022881
v -0.155380 0.389145 -0.018689
v -0.168919 0.407599 -0.014810
v -0.168904 0.407098 -0.013387
v 0.166544 0.428739 0.007265
v 0.150837 0.435152 -0.002675
v 0.167512 0.431363 0.008974
v 0.150872 0.450940 0.003591
v 0.171513 0.416413 -0.000451
v 0.168740 0.401568 -0.008504
v 0.150808 0.421759 -0.007973
v 0.150772 0.405766 -0.014315
v 0.171251 0.387995 -0.016306
v 0.150734 0.388377 -0.021210
v 0.135035 0.428745 0.007317
v 0.130022 0.416424 -0.000385
v 0.170434 0.383470 -0.018722
v 0.150712 0.378342 -0.025187
v 0.132741 0.401578 -0.008447
v 0.130184 0.388007 -0.016244
v 0.130985 0.383483 -0.018662
v 0.134078 0.431368 0.009026
v 0.133308 0.426903 0.010230
v 0.128051 0.414775 0.002157
v 0.168259 0.426892 0.010178
v 0.169489 0.430294 0.012275
v 0.173340 0.386811 -0.013982
v 0.170736 0.399957 -0.006033
v 0.150869 0.451796 0.006208
v 0.132091 0.430306 0.012332
v 0.171984 0.381045 -0.017317
v 0.150700 0.375194 -0.024157
v 0.130737 0.399969 -0.005973
v 0.128086 0.386825 -0.013913
v 0.173475 0.414761 0.002088
v 0.129422 0.381057 -0.017253
v 0.171021 0.383715 -0.009530
v 0.150675 0.378950 -0.006212
v 0.170265 0.379688 -0.012388
v 0.150665 0.370949 -0.012934
v 0.130240 0.410555 0.008978
v 0.150711 0.406245 0.016710
v 0.135258 0.422900 0.016634
v 0.150725 0.417184 0.025912
v 0.132942 0.396751 -0.000746
v 0.150694 0.393168 0.005728
v 0.130386 0.383726 -0.009467
v 0.134266 0.425755 0.018294
v 0.150742 0.429895 0.036581
v 0.171257 0.410544 0.008913
v 0.168509 0.396742 -0.000802
v 0.166282 0.422894 0.016582
v 0.167280 0.425744 0.018239
v 0.131126 0.379698 -0.012329
v 0.150872 0.432865 0.013857
v 0.128041 0.412295 0.006111
v 0.133300 0.424901 0.013422
v 0.128081 0.385522 -0.011834
v 0.130731 0.398474 -0.003588
v 0.132083 0.428287 0.015550
v 0.150753 0.433013 0.036091
v 0.173465 0.412281 0.006042
v 0.170730 0.398462 -0.003649
v 0.169481 0.428276 0.015494
v 0.168252 0.424891 0.013369
v 0.129417 0.379871 -0.015360
v 0.150670 0.370389 -0.016512
v 0.171979 0.379858 -0.015424
v 0.173335 0.385508 -0.011903
v -0.168807 0.450940 0.003591
v -0.168773 0.435152 -0.002675
v -0.185448 0.431363 0.008974
v -0.184480 0.428739 0.007265
v -0.189448 0.416413 -0.000451
v -0.168743 0.421759 -0.007973
v -0.186676 0.401568 -0.008504
v -0.168708 0.405766 -0.014315
v -0.168669 0.388377 -0.021210
v -0.189186 0.387995 -0.016306
v -0.147957 0.416424 -0.000385
v -0.152970 0.428745 0.007318
v -0.188370 0.383470 -0.018722
v -0.168647 0.378342 -0.025187
v -0.148119 0.388007 -0.016244
v -0.150676 0.401578 -0.008447
v -0.148920 0.383483 -0.018662
v -0.152013 0.431368 0.009026
v -0.151244 0.426903 0.010230
v -0.145986 0.414775 0.002157
v -0.186195 0.426892 0.010178
v -0.187424 0.430294 0.012275
v -0.188671 0.399957 -0.006033
v -0.191275 0.386811 -0.013982
v -0.168805 0.451796 0.006208
v -0.150027 0.430306 0.012332
v -0.189919 0.381045 -0.017317
v -0.168636 0.375194 -0.024157
v -0.148672 0.399969 -0.005973
v -0.146022 0.386825 -0.013913
v -0.191411 0.414761 0.002088
v -0.147358 0.381057 -0.017252
v -0.188956 0.383715 -0.009530
v -0.188201 0.379688 -0.012388
v -0.168611 0.378950 -0.006212
v -0.168600 0.370949 -0.012934
v -0.168661 0.417184 0.025912
v -0.168647 0.406245 0.016710
v -0.153194 0.422900 0.016634
v -0.148176 0.410555 0.008978
v -0.150878 0.396751 -0.000746
v -0.168629 0.393168 0.005728
v -0.148321 0.383726 -0.009467
v -0.168678 0.429895 0.036581
v -0.152202 0.425755 0.018294
v -0.189192 0.410544 0.008913
v -0.186444 0.396742 -0.000802
v -0.184218 0.422894 0.016582
v -0.185216 0.425744 0.018239
v -0.149062 0.379698 -0.012329
v -0.168808 0.432865 0.013857
v -0.151236 0.424901 0.013422
v -0.145977 0.412295 0.006111
v -0.148666 0.398474 -0.003588
v -0.146016 0.385522 -0.011834
v -0.168688 0.433013 0.036092
v -0.150018 0.428287 0.015550
v -0.188665 0.398462 -0.003649
v -0.191401 0.412281 0.006042
v -0.186187 0.424891 0.013369
v -0.187416 0.428276 0.015494
v -0.147353 0.379871 -0.015360
v -0.189914 0.379858 -0.015424
v -0.168606 0.370389 -0.016512
v -0.191270 0.385508 -0.011903
v 0.002458 -0.013589 -0.106243
v 0.006696 -0.011925 -0.105887
v 0.003001 -0.010645 -0.112454
v 0.021828 -0.003199 -0.105245
v -0.000926 -0.021792 -0.114127
v -0.003092 -0.018126 -0.113783
v 0.003989 -0.019599 -0.116438
v -0.000608 -0.013073 -0.116594
v 0.008676 -0.015668 -0.114214
v -0.008968 -0.060142 -0.106927
v -0.007052 -0.051765 -0.109556
v -0.008968 -0.068337 -0.103130
v -0.008968 -0.069618 -0.097574
v -0.008968 -0.070892 -0.099102
v -0.006421 -0.049192 -0.104400
v -0.004375 -0.047822 -0.106742
v -0.005644 -0.049414 -0.108485
v -0.004244 -0.034657 -0.106956
v -0.000868 -0.029282 -0.107764
v 0.000584 -0.019578 -0.110840
v 0.004726 -0.025938 -0.109508
v -0.003534 -0.032950 -0.113554
v 0.000772 -0.028808 -0.111950
v -0.008968 -0.057728 -0.106295
v -0.008202 -0.051465 -0.106922
v -0.006596 -0.034695 -0.111278
v -0.008968 -0.017503 -0.116354
v -0.008968 -0.022031 -0.113325
v -0.008968 0.008481 -0.115239
v -0.008968 -0.013338 -0.105805
v -0.008968 -0.017581 -0.113570
v -0.020394 -0.013589 -0.106243
v -0.020937 -0.010645 -0.112454
v -0.024632 -0.011925 -0.105887
v -0.039764 -0.003199 -0.105245
v -0.017328 -0.013073 -0.116594
v -0.014843 -0.018126 -0.113783
v -0.021925 -0.019599 -0.116438
v -0.017010 -0.021792 -0.114127
v -0.026612 -0.015668 -0.114214
v -0.010883 -0.051765 -0.109556
v -0.011515 -0.049192 -0.104400
v -0.013560 -0.047822 -0.106742
v -0.012292 -0.049414 -0.108485
v -0.017068 -0.029282 -0.107764
v -0.018520 -0.019578 -0.110840
v -0.013692 -0.034657 -0.106956
v -0.022662 -0.025938 -0.109508
v -0.014402 -0.032950 -0.113554
v -0.018708 -0.028808 -0.111950
v -0.009734 -0.051465 -0.106922
v -0.011339 -0.034695 -0.111278
v -0.008971 -0.140113 -0.078898
v -0.003660 -0.112032 -0.082615
v -0.008971 -0.104941 -0.078477
v -0.004683 -0.097078 -0.082163
v -0.002182 -0.067451 -0.078056
v 0.001056 -0.066721 -0.080859
v 0.013689 -0.045955 -0.093031
v 0.017404 -0.046718 -0.095800
v -0.003656 -0.067723 -0.085333
v 0.009932 -0.044755 -0.101050
v 0.001282 -0.068508 -0.084676
v 0.015666 -0.047656 -0.099286
v 0.000273 -0.091252 -0.085565
v 0.002236 -0.102884 -0.087429
v 0.005133 -0.088717 -0.088890
v 0.015710 -0.095997 -0.089596
v -0.005432 0.006197 -0.101524
v -0.003212 0.009585 -0.104400
v -0.002420 0.021505 -0.099582
v 0.002564 0.020589 -0.101770
v -0.007449 0.032090 -0.113425
v -0.003873 0.029988 -0.114251
v -0.008141 0.034477 -0.114929
v -0.006903 0.038503 -0.117648
v 0.013446 -0.083003 -0.089432
v 0.027135 -0.090382 -0.084375
v 0.014689 0.031602 -0.113417
v -0.000182 0.031686 -0.116568
v 0.003113 0.029050 -0.109829
v -0.007678 -0.067529 -0.078574
v 0.006751 -0.044680 -0.093934
v -0.003632 0.030464 -0.118893
v -0.001994 0.030888 -0.118424
v 0.003093 0.026524 -0.116385
v 0.008509 0.028486 -0.117714
v -0.003473 0.018465 -0.106063
v -0.002099 0.025953 -0.114357
v -0.005230 0.016896 -0.103066
v -0.007308 0.040986 -0.121965
v -0.007110 0.035194 -0.117764
v -0.005735 0.031467 -0.116744
v -0.004133 -0.106484 -0.088722
v -0.003963 -0.100603 -0.087047
v 0.001883 -0.098842 -0.092630
v 0.001801 -0.094380 -0.090588
v -0.005449 0.027387 -0.108210
v -0.005688 0.020456 -0.097607
v -0.008971 -0.125641 -0.090645
v 0.015257 -0.091713 -0.096437
v -0.004061 0.009180 -0.107233
v -0.001159 0.019508 -0.107501
v 0.021362 -0.089613 -0.097772
v 0.014007 -0.080556 -0.093809
v 0.007061 -0.079245 -0.090697
v 0.012409 -0.081766 -0.099617
v 0.008574 -0.083490 -0.098715
v 0.001442 -0.082311 -0.091704
v 0.010052 -0.090310 -0.092596
v -0.008968 0.040935 -0.121978
v -0.005715 0.045181 -0.122719
v -0.008968 0.046801 -0.123034
v -0.008968 0.035220 -0.117677
v -0.005229 0.050800 -0.121354
v -0.008968 0.052406 -0.121780
v -0.008968 0.040226 -0.117922
v -0.008968 0.034836 -0.115074
v 0.005121 -0.045557 -0.097512
v -0.005804 -0.067872 -0.082163
v -0.008971 -0.112399 -0.085788
v 0.004034 -0.082720 -0.095116
v -0.006020 0.007278 -0.107874
v -0.007492 0.003123 -0.104339
v -0.007407 0.003886 -0.099117
v -0.013258 -0.097078 -0.082163
v -0.014281 -0.112032 -0.082615
v -0.015754 -0.067451 -0.078056
v -0.031625 -0.045955 -0.093031
v -0.018992 -0.066721 -0.080859
v -0.035339 -0.046718 -0.095800
v -0.033602 -0.047656 -0.099286
v -0.027867 -0.044755 -0.101050
v -0.019217 -0.068508 -0.084676
v -0.014280 -0.067723 -0.085333
v -0.018213 -0.091252 -0.085565
v -0.023072 -0.088717 -0.088890
v -0.020177 -0.102884 -0.087429
v -0.033649 -0.095997 -0.089596
v -0.012504 0.006197 -0.101524
v -0.015515 0.021505 -0.099582
v -0.014724 0.009585 -0.104400
v -0.020500 0.020589 -0.101770
v -0.011032 0.038503 -0.117648
v -0.014062 0.029988 -0.114251
v -0.009794 0.034477 -0.114929
v -0.010486 0.032090 -0.113425
v -0.031384 -0.083003 -0.089432
v -0.045073 -0.090382 -0.084375
v -0.017754 0.031686 -0.116568
v -0.021048 0.029050 -0.109829
v -0.032624 0.031602 -0.113417
v -0.010258 -0.067529 -0.078574
v -0.024686 -0.044680 -0.093934
v -0.026445 0.028486 -0.117714
v -0.015942 0.030888 -0.118424
v -0.021028 0.026524 -0.116385
v -0.014304 0.030464 -0.118893
v -0.015837 0.025953 -0.114357
v -0.014462 0.018465 -0.106063
v -0.012705 0.016896 -0.103066
v -0.010627 0.040986 -0.121965
v -0.010825 0.035194 -0.117764
v -0.012201 0.031467 -0.116744
v -0.019741 -0.094380 -0.090588
v -0.013978 -0.100603 -0.087047
v -0.019823 -0.098842 -0.092630
v -0.013808 -0.106484 -0.088722
v -0.012487 0.027387 -0.108210
v -0.012247 0.020456 -0.097607
v -0.033196 -0.091713 -0.096437
v -0.016776 0.019508 -0.107501
v -0.013875 0.009180 -0.107233
v -0.039300 -0.089613 -0.097772
v -0.024998 -0.079245 -0.090697
v -0.031944 -0.080556 -0.093809
v -0.030346 -0.081766 -0.099617
v -0.026511 -0.083490 -0.098715
v -0.019379 -0.082311 -0.091704
v -0.027991 -0.090310 -0.092596
v -0.012221 0.045181 -0.122719
v -0.012707 0.050800 -0.121354
v -0.023056 -0.045557 -0.097512
v -0.012131 -0.067872 -0.082163
v -0.021972 -0.082720 -0.095116
v -0.011915 0.007278 -0.107874
v -0.010444 0.003123 -0.104339
v -0.010528 0.003886 -0.099117
v -0.155429 0.444256 0.021553
v -0.183973 0.438464 0.021660
v -0.153989 0.420612 0.014788
v -0.183372 0.419642 0.015303
v -0.184711 0.440697 0.014298
v -0.184048 0.420010 0.008159
v -0.156270 0.446352 0.014226
v -0.154618 0.420778 0.008666
v 0.134635 0.424347 0.015567
v 0.137700 0.445788 0.025089
v 0.135538 0.427907 0.008999
v 0.140986 0.449879 0.018500
v 0.165623 0.427604 0.008876
v 0.171049 0.446932 0.021694
v 0.165629 0.424672 0.015080
v 0.168733 0.443465 0.028385
v 0.141194 0.458092 0.030986
v 0.147011 0.469706 0.037448
v 0.145013 0.461924 0.024748
v 0.151358 0.473091 0.031848
v 0.174080 0.455648 0.029724
v 0.178239 0.462929 0.038852
v 0.171027 0.452322 0.035957
v 0.174379 0.459885 0.044314
v 0.075079 -0.394614 0.108313
v 0.088022 -0.421968 0.098000
v 0.069402 -0.389235 0.086756
v 0.081919 -0.416793 0.076461
v 0.080923 -0.425584 0.098683
v 0.074979 -0.420488 0.077912
v 0.067980 -0.398230 0.108996
v 0.062461 -0.392930 0.088207
v 0.073572 -0.412529 0.055194
v 0.061051 -0.385011 0.065798
v 0.066998 -0.416411 0.057595
v 0.054448 -0.388863 0.068198
v 0.153331 0.480999 0.046901
v 0.160832 0.491431 0.056878
v 0.158334 0.484107 0.041613
v 0.166401 0.494133 0.052105
v 0.183061 0.469182 0.047447
v 0.187952 0.474423 0.056458
v 0.178400 0.466196 0.052650
v 0.182556 0.471597 0.061207
v 0.170046 0.500520 0.070287
v 0.181400 0.504145 0.083216
v 0.176314 0.502985 0.065272
v 0.187720 0.506221 0.078413
v 0.192635 0.477741 0.063146
v 0.198530 0.478592 0.071274
v 0.186383 0.475112 0.068142
v 0.192100 0.476332 0.076063
v -0.159853 0.465870 0.028620
v -0.187829 0.457443 0.027486
v -0.188537 0.461032 0.020414
v -0.160607 0.469391 0.021528
v 0.193823 0.501316 0.096502
v 0.205814 0.494330 0.104814
v 0.200380 0.503576 0.091512
v 0.211882 0.496509 0.100191
v 0.203742 0.477993 0.076398
v 0.208417 0.475415 0.079749
v 0.197068 0.475599 0.081379
v 0.202237 0.473158 0.084370
v -0.322239 -0.187210 0.102662
v -0.307525 -0.168273 0.104156
v -0.324791 -0.183847 0.095951
v -0.310108 -0.164938 0.097452
v -0.306746 -0.201481 0.078690
v -0.291807 -0.182170 0.080153
v -0.304174 -0.204841 0.085402
v -0.289205 -0.185502 0.086856
v 0.214741 0.481608 0.111621
v 0.222383 0.467461 0.114019
v 0.221560 0.484285 0.107301
v 0.229100 0.470281 0.110474
v 0.214466 0.470315 0.081377
v 0.219517 0.464412 0.082541
v 0.207558 0.467596 0.085701
v 0.212741 0.461586 0.086098
v -0.165521 0.484641 0.038301
v -0.192452 0.472801 0.038818
v -0.162418 0.476328 0.033457
v -0.189830 0.466062 0.033213
v -0.194046 0.476610 0.031947
v -0.191016 0.469770 0.026249
v -0.167178 0.488413 0.031431
v -0.163658 0.479985 0.026485
v -0.220799 -0.474783 0.068177
v -0.239856 -0.474305 0.084382
v -0.224342 -0.481926 0.068398
v -0.244396 -0.481236 0.084331
v -0.247364 -0.476249 0.045792
v -0.263966 -0.473245 0.059972
v -0.243821 -0.469107 0.045572
v -0.259418 -0.466299 0.060023
v 0.234511 0.455667 0.111471
v 0.227636 0.452678 0.114359
v 0.238661 0.441500 0.110956
v 0.231601 0.438363 0.113441
v 0.225885 0.454820 0.083082
v 0.230570 0.443978 0.081932
v 0.218997 0.451827 0.085978
v 0.223528 0.440838 0.084425
v -0.200416 0.481363 0.049051
v -0.194664 0.477304 0.043659
v -0.183178 0.505011 0.051582
v -0.172649 0.495396 0.044688
v -0.204133 0.484831 0.042961
v -0.197335 0.480980 0.037185
v -0.186987 0.508425 0.045491
v -0.175397 0.499025 0.038213
v 0.241721 0.425697 0.108963
v 0.234349 0.422409 0.111228
v 0.243883 0.412028 0.106604
v 0.236451 0.408702 0.108609
v 0.233988 0.431302 0.079432
v 0.236690 0.420229 0.077484
v 0.226642 0.428007 0.081702
v 0.229290 0.416893 0.079492
v 0.244541 0.383946 0.099699
v 0.236971 0.381023 0.100834
v 0.239199 0.394818 0.070970
v 0.231583 0.391869 0.072108
v 0.062053 -0.408945 0.034718
v 0.049323 -0.381644 0.046209
v 0.056041 -0.413040 0.038078
v 0.043293 -0.385721 0.049569
v -0.207610 0.507266 0.072381
v -0.209775 0.482248 0.054231
v -0.195745 0.509260 0.062336
v -0.205314 0.482718 0.051858
v -0.214820 0.486169 0.049382
v -0.209707 0.486749 0.046399
v -0.212551 0.511248 0.067532
v -0.200130 0.513295 0.056877
v 0.244122 0.359126 0.090682
v 0.236701 0.356712 0.090567
v 0.241561 0.370589 0.062426
v 0.234065 0.368178 0.062312
v 0.246497 0.336485 0.082177
v 0.239220 0.334259 0.081005
v 0.247023 0.346917 0.053932
v 0.239716 0.344710 0.052760
v -0.338321 -0.205690 0.100852
v -0.340966 -0.202850 0.093937
v -0.321208 -0.219591 0.077950
v -0.318547 -0.222430 0.084864
v 0.250395 0.315872 0.075715
v 0.243240 0.313671 0.073751
v 0.254170 0.323769 0.047038
v 0.246988 0.321582 0.045075
v -0.226766 0.492822 0.087175
v -0.224576 0.474626 0.061126
v -0.216779 0.501072 0.079834
v -0.216845 0.479342 0.057877
v -0.230510 0.478789 0.057709
v -0.222318 0.483379 0.053718
v -0.232637 0.497037 0.083758
v -0.222168 0.505166 0.075674
v 0.255598 0.297149 0.071864
v 0.248564 0.294957 0.069275
v 0.262758 0.302144 0.042843
v 0.255714 0.299963 0.040254
v 0.047235 -0.406012 0.015732
v 0.034505 -0.379164 0.028544
v 0.042020 -0.410380 0.019947
v 0.029281 -0.383522 0.032760
v 0.254679 0.277613 0.067618
v 0.261591 0.279782 0.070691
v 0.272284 0.282148 0.041774
v 0.265380 0.279987 0.038702
v -0.235030 0.461684 0.064369
v -0.230637 0.467893 0.063433
v -0.241265 0.470910 0.094425
v -0.234966 0.482365 0.092658
v -0.241891 0.465051 0.061954
v -0.237302 0.471838 0.060370
v -0.248120 0.474279 0.092010
v -0.241594 0.486340 0.089595
v 0.260840 0.260534 0.068543
v 0.267633 0.262661 0.071990
v 0.281678 0.262648 0.043692
v 0.274890 0.260524 0.040245
v 0.029771 -0.404013 -0.001188
v 0.017031 -0.377875 0.013154
v 0.025545 -0.408691 0.003728
v 0.012782 -0.382534 0.018070
v 0.265548 0.241747 0.071631
v 0.272263 0.243787 0.075382
v 0.288354 0.241010 0.048053
v 0.281639 0.238970 0.044302
v -0.243599 0.445540 0.064546
v -0.239578 0.453906 0.064400
v -0.249171 0.447879 0.095961
v -0.245611 0.459812 0.095815
v -0.251020 0.448177 0.063062
v -0.246877 0.456974 0.062408
v -0.256594 0.450506 0.094477
v -0.252908 0.462875 0.093823
v -0.346143 -0.428986 0.123674
v -0.341058 -0.422528 0.126206
v -0.363299 -0.410414 0.121926
v -0.358352 -0.404202 0.125133
v -0.340665 -0.422163 0.093235
v -0.353618 -0.404110 0.092645
v -0.335576 -0.415698 0.095768
v -0.348664 -0.397887 0.095852
v 0.274726 0.223215 0.080373
v 0.268092 0.221361 0.076346
v 0.292116 0.217939 0.054134
v 0.285482 0.216085 0.050107
v 0.275716 0.202452 0.086414
v 0.269170 0.200895 0.082106
v 0.294008 0.195176 0.061247
v 0.287463 0.193619 0.056939
v -0.249996 0.426149 0.063605
v -0.254965 0.426253 0.095180
v -0.257661 0.428128 0.062403
v -0.262633 0.428215 0.093978
v 0.275051 0.181566 0.092987
v 0.268627 0.180396 0.088375
v 0.294010 0.172679 0.068834
v 0.287586 0.171509 0.064222
v -0.253505 0.405235 0.062768
v -0.259630 0.404804 0.094135
v -0.261251 0.406564 0.061274
v -0.267378 0.406110 0.092642
v 0.272634 0.160608 0.099657
v 0.266384 0.159861 0.094727
v 0.292149 0.150469 0.076453
v 0.285899 0.149722 0.071522
v 0.009189 -0.402447 -0.015713
v -0.003838 -0.377375 0.000431
v 0.006040 -0.407358 -0.010281
v -0.006992 -0.382283 0.005863
v 0.268573 0.139616 0.106091
v 0.262540 0.139278 0.100854
v 0.288594 0.128587 0.083737
v 0.282561 0.128249 0.078501
v -0.260120 -0.470506 0.099182
v -0.265252 -0.477226 0.098700
v -0.279750 -0.467953 0.071851
v -0.274610 -0.461217 0.072334
v 0.263111 0.118646 0.112050
v 0.257318 0.118686 0.106539
v 0.283591 0.106996 0.090441
v 0.277798 0.107036 0.084929
v -0.263522 0.382763 0.092989
v -0.255562 0.383338 0.062031
v -0.263240 0.384417 0.060077
v -0.271201 0.383834 0.091035
v 0.256447 0.097816 0.117393
v 0.250908 0.098207 0.111640
v 0.277315 0.085611 0.096473
v 0.271777 0.086002 0.090719
v -0.267512 0.360746 0.091909
v -0.257512 0.360577 0.061543
v -0.265028 0.361712 0.059062
v -0.275028 0.361882 0.089428
v 0.248681 0.077261 0.122098
v 0.243406 0.077971 0.116131
v 0.269844 0.064426 0.101861
v 0.264569 0.065136 0.095894
v -0.356846 -0.223191 0.092546
v -0.353857 -0.225223 0.099622
v -0.334067 -0.236993 0.077670
v -0.331075 -0.239027 0.084747
v -0.014448 -0.401626 -0.027504
v -0.027605 -0.378268 -0.009115
v -0.015967 -0.406951 -0.021775
v -0.029123 -0.383594 -0.003386
v 0.239885 0.057014 0.126231
v 0.234872 0.057974 0.120076
v 0.261310 0.043563 0.106682
v 0.256297 0.044523 0.100527
v -0.272050 0.339029 0.091105
v -0.259931 0.337539 0.061558
v -0.267212 0.338811 0.058508
v -0.279331 0.340301 0.088055
v 0.230338 0.036870 0.129948
v 0.225528 0.037980 0.123658
v 0.252066 0.023168 0.110916
v 0.247256 0.024277 0.104625
v 0.220675 0.016377 0.133452
v 0.215909 0.017534 0.127137
v 0.242731 0.003237 0.114400
v 0.237965 0.004394 0.108085
v -0.277353 0.317752 0.090810
v -0.263319 0.314264 0.062297
v -0.270297 0.315736 0.058682
v -0.284331 0.319224 0.087195
v 0.206750 -0.003838 0.130430
v 0.211607 -0.004886 0.136694
v 0.234192 -0.016459 0.117250
v 0.229336 -0.015412 0.110985
v -0.039584 -0.403253 -0.035988
v -0.052029 -0.382211 -0.014855
v -0.039055 -0.408946 -0.030282
v -0.051501 -0.387902 -0.009149
v 0.198999 -0.026366 0.133407
v 0.204012 -0.027100 0.139593
v 0.227267 -0.036266 0.119660
v 0.222254 -0.035532 0.113474
v -0.283760 0.296736 0.091180
v -0.268334 0.291256 0.063719
v -0.274978 0.293019 0.059635
v -0.290404 0.298500 0.087096
v 0.198707 -0.050039 0.142236
v 0.193542 -0.049826 0.136136
v 0.222497 -0.056474 0.121872
v 0.217333 -0.056261 0.115771
v -0.373234 -0.383080 0.121972
v -0.359456 -0.377619 0.094535
v -0.383781 -0.359799 0.117468
v -0.365767 -0.356814 0.092405
v -0.364440 -0.383099 0.090560
v -0.371093 -0.360711 0.087632
v -0.378147 -0.388626 0.117997
v -0.389004 -0.363807 0.112695
v 0.196100 -0.073123 0.144994
v 0.190837 -0.073611 0.138994
v 0.220101 -0.077210 0.124272
v 0.214838 -0.077697 0.118273
v -0.291490 0.275495 0.091590
v -0.274648 0.269223 0.065149
v -0.280938 0.271270 0.060657
v -0.297780 0.277543 0.087097
v 0.190828 -0.097047 0.142658
v 0.196125 -0.095707 0.148496
v 0.220023 -0.098375 0.127428
v 0.214727 -0.099714 0.121589
v -0.064608 -0.408547 -0.040496
v -0.074637 -0.390038 -0.016380
v -0.062059 -0.414406 -0.035267
v -0.072097 -0.395889 -0.011151
v 0.193196 -0.119584 0.147909
v 0.198477 -0.117285 0.153455
v 0.222051 -0.119653 0.131989
v 0.216770 -0.121952 0.126443
v -0.369811 -0.244805 0.092613
v -0.366294 -0.245970 0.099681
v -0.344699 -0.254720 0.077657
v -0.341369 -0.256154 0.084708
v 0.197521 -0.140772 0.155266
v 0.202743 -0.137503 0.160363
v 0.225934 -0.140575 0.138572
v 0.220712 -0.143844 0.133475
v -0.299791 0.254227 0.091425
v -0.281520 0.247861 0.065974
v -0.287541 0.249927 0.061135
v -0.305812 0.256292 0.086586
v 0.203215 -0.160366 0.164701
v 0.208311 -0.156267 0.169301
v 0.231386 -0.160606 0.147603
v 0.226291 -0.164706 0.143003
v -0.088002 -0.417416 -0.040813
v -0.093869 -0.401097 -0.014136
v -0.084039 -0.423364 -0.036473
v -0.089923 -0.407029 -0.009796
v 0.209608 -0.178434 0.175883
v 0.214560 -0.173770 0.180085
v 0.237857 -0.179466 0.158944
v 0.232904 -0.184129 0.154742
v -0.307437 0.233075 0.091333
v -0.287975 0.226588 0.066812
v -0.293905 0.228171 0.061687
v -0.313367 0.234658 0.086208
v -0.379123 -0.266849 0.094292
v -0.375148 -0.267338 0.101162
v -0.354124 -0.274262 0.078045
v -0.350326 -0.275003 0.084898
v 0.216009 -0.195441 0.188291
v 0.220865 -0.190529 0.192320
v 0.244598 -0.197329 0.172008
v 0.239743 -0.202240 0.167979
v -0.313510 0.211318 0.092237
v -0.292630 0.205585 0.068715
v -0.298522 0.206171 0.063342
v -0.319402 0.211904 0.086864
v 0.226668 -0.207335 0.205454
v 0.221858 -0.212196 0.201310
v 0.250906 -0.214683 0.185944
v 0.246097 -0.219545 0.181800
v -0.316497 0.188480 0.094376
v -0.294332 0.184960 0.071608
v -0.300090 0.184409 0.066087
v -0.322255 0.187929 0.088856
v 0.227109 -0.229453 0.214544
v 0.232045 -0.224951 0.218938
v 0.256208 -0.232312 0.199341
v 0.251273 -0.236814 0.194947
v -0.281058 -0.463049 0.111093
v -0.286431 -0.469631 0.110158
v -0.295511 -0.460365 0.081138
v -0.290132 -0.453772 0.082073
v 0.232246 -0.248313 0.227254
v 0.237519 -0.244443 0.231853
v 0.260565 -0.250519 0.210544
v 0.255292 -0.254389 0.205945
v -0.315990 0.165284 0.097367
v -0.293129 0.164456 0.075034
v -0.298648 0.162986 0.069438
v -0.321510 0.163814 0.091772
v 0.238260 -0.270154 0.237497
v 0.243889 -0.266994 0.242215
v 0.264955 -0.268704 0.218227
v 0.259326 -0.271864 0.213509
v 0.246769 -0.294968 0.242190
v 0.252642 -0.292410 0.246976
v 0.270639 -0.285846 0.221380
v 0.264766 -0.288404 0.216595
v -0.109991 -0.413919 -0.009208
v -0.109110 -0.428390 -0.037540
v -0.104558 -0.434611 -0.034245
v -0.105461 -0.420120 -0.005913
v 0.264680 -0.317813 0.242954
v 0.258788 -0.319776 0.237918
v 0.278736 -0.300746 0.219862
v 0.272845 -0.302709 0.214825
v -0.312267 0.142378 0.100779
v -0.289315 0.144119 0.078592
v -0.294589 0.141996 0.072970
v -0.317541 0.140254 0.095157
v 0.278929 -0.338316 0.230205
v 0.273162 -0.339317 0.224757
v 0.289813 -0.312979 0.214028
v 0.284047 -0.313980 0.208580
v -0.301881 -0.452246 0.119530
v -0.307279 -0.458761 0.118123
v -0.311191 -0.450229 0.087756
v -0.305790 -0.443709 0.089163
v -0.124272 -0.427117 -0.002518
v -0.128421 -0.439460 -0.031652
v -0.124013 -0.446228 -0.029356
v -0.119884 -0.433867 -0.000222
v 0.293451 -0.351948 0.213134
v 0.287823 -0.351771 0.207457
v 0.303355 -0.322885 0.204225
v 0.297727 -0.322708 0.198548
v -0.283605 0.123317 0.082190
v -0.306646 0.120273 0.104145
v -0.288720 0.120995 0.076500
v -0.311760 0.117950 0.098455
v 0.307672 -0.360942 0.195608
v 0.302221 -0.359819 0.189866
v 0.318179 -0.331030 0.191481
v 0.312728 -0.329908 0.185740
v 0.321870 -0.368044 0.179439
v 0.316638 -0.366507 0.173591
v 0.333503 -0.338380 0.176828
v 0.328271 -0.336842 0.170981
v -0.277301 0.101773 0.085828
v -0.300929 0.098582 0.107091
v -0.282270 0.099670 0.079952
v -0.305894 0.096480 0.101215
v 0.331050 -0.374100 0.159598
v 0.336086 -0.375393 0.165672
v 0.349091 -0.346559 0.161026
v 0.344055 -0.345266 0.154952
v -0.386571 -0.290141 0.097321
v -0.382145 -0.289855 0.103856
v -0.362465 -0.295177 0.079259
v -0.358119 -0.295045 0.085785
v -0.147032 -0.448752 -0.023766
v -0.137953 -0.439340 0.005426
v -0.143369 -0.456180 -0.022367
v -0.134294 -0.446762 0.006826
v 0.344427 -0.383766 0.148394
v 0.349330 -0.384454 0.154672
v 0.364969 -0.358178 0.145339
v 0.360066 -0.357490 0.139061
v 0.355120 -0.395891 0.140884
v 0.360160 -0.395929 0.147092
v 0.379751 -0.376203 0.131306
v 0.374711 -0.376165 0.125098
v -0.271220 0.079748 0.089009
v -0.295462 0.076908 0.109580
v -0.276092 0.078039 0.082950
v -0.300331 0.075199 0.103521
v 0.360940 -0.409484 0.137642
v 0.366438 -0.409508 0.143448
v 0.389145 -0.402778 0.121971
v 0.383646 -0.402754 0.116165
v -0.165675 -0.455861 -0.013716
v -0.152291 -0.450637 0.014525
v -0.163088 -0.463520 -0.013062
v -0.149624 -0.458131 0.015189
v 0.360167 -0.422381 0.138014
v 0.365695 -0.423407 0.143699
v 0.386261 -0.434234 0.121746
v 0.380733 -0.433208 0.116061
v -0.265777 0.057610 0.091448
v -0.290420 0.055001 0.111539
v -0.270597 0.056273 0.085262
v -0.295239 0.053664 0.105353
v 0.356665 -0.434845 0.147253
v 0.351963 -0.433260 0.140984
v 0.370264 -0.458782 0.130998
v 0.365561 -0.457197 0.124729
v 0.341955 -0.443530 0.154081
v 0.337688 -0.442110 0.147470
v 0.349986 -0.472314 0.142719
v 0.345719 -0.470894 0.136107
v -0.260936 0.035374 0.093186
v -0.285867 0.032963 0.112927
v -0.265725 0.034360 0.086911
v -0.290654 0.031949 0.106652
v -0.391795 -0.314157 0.101632
v -0.386903 -0.312879 0.107709
v -0.368956 -0.316753 0.081467
v -0.364075 -0.315570 0.087541
v 0.321205 -0.448492 0.157022
v 0.325472 -0.450073 0.163597
v 0.329124 -0.480334 0.153952
v 0.324857 -0.478754 0.147377
v -0.256797 0.013020 0.094279
v -0.281953 0.010782 0.113742
v -0.261568 0.012334 0.087939
v -0.286722 0.010096 0.107402
v 0.304031 -0.452708 0.168320
v 0.308350 -0.454706 0.174745
v 0.308327 -0.485239 0.165268
v 0.304007 -0.483241 0.158842
v -0.185555 -0.462802 -0.001123
v -0.167618 -0.460878 0.025122
v -0.184366 -0.470278 -0.000928
v -0.166398 -0.468373 0.025318
v 0.286616 -0.455469 0.180755
v 0.290883 -0.458062 0.187001
v 0.287802 -0.488143 0.176621
v 0.283535 -0.485551 0.170376
v -0.253491 -0.009553 0.094752
v -0.278939 -0.011457 0.113869
v -0.258220 -0.009887 0.088343
v -0.283667 -0.011791 0.107460
v 0.269057 -0.457314 0.193750
v 0.273072 -0.460624 0.199821
v 0.267360 -0.489675 0.187757
v 0.263345 -0.486364 0.181686
v -0.251288 -0.032446 0.094742
v -0.277130 -0.033716 0.113324
v -0.255912 -0.032393 0.088239
v -0.281672 -0.033759 0.106821
v 0.251183 -0.458457 0.206664
v 0.254680 -0.462543 0.212581
v 0.246706 -0.490021 0.198316
v 0.243209 -0.485935 0.192399
v 0.232661 -0.458792 0.218853
v 0.235317 -0.463643 0.224628
v 0.225628 -0.489019 0.207768
v 0.222972 -0.484168 0.201993
v -0.322043 -0.438590 0.124499
v -0.321087 -0.430982 0.093672
v -0.326365 -0.437485 0.091734
v -0.327318 -0.445086 0.122561
v 0.213028 -0.458012 0.229614
v 0.214497 -0.463539 0.235202
v 0.204178 -0.486365 0.215338
v 0.202709 -0.480838 0.209750
v -0.184548 -0.468305 0.037678
v -0.206713 -0.467425 0.013784
v -0.207355 -0.474693 0.013897
v -0.185220 -0.475626 0.037789
v -0.250500 -0.056252 0.094371
v -0.276072 -0.056910 0.112065
v -0.254782 -0.055816 0.087723
v -0.280210 -0.056639 0.105417
v 0.191794 -0.455779 0.237988
v 0.191784 -0.461819 0.243227
v 0.182778 -0.481909 0.220045
v 0.182788 -0.475868 0.214806
v 0.168744 -0.451820 0.242457
v 0.167129 -0.458154 0.247063
v 0.162212 -0.475902 0.220929
v 0.163827 -0.469568 0.216324
v -0.393264 -0.338743 0.106950
v -0.388042 -0.336243 0.112442
v -0.372299 -0.338607 0.084426
v -0.367036 -0.336181 0.089916
v 0.144640 -0.445980 0.240851
v 0.141535 -0.452350 0.244555
v 0.143436 -0.469079 0.217377
v 0.146540 -0.462709 0.213673
v -0.251505 -0.082481 0.093539
v -0.276620 -0.080555 0.110417
v -0.255357 -0.081526 0.086767
v -0.280377 -0.079700 0.103645
v 0.122076 -0.438490 0.231399
v 0.117733 -0.444624 0.234127
v 0.127141 -0.462350 0.209239
v 0.131483 -0.456216 0.206511
v -0.202596 -0.472678 0.052231
v -0.226527 -0.469453 0.029797
v -0.228746 -0.476697 0.030023
v -0.204835 -0.479957 0.052455
v 0.099160 -0.435854 0.216706
v 0.104531 -0.430219 0.214881
v 0.113612 -0.456128 0.196651
v 0.118984 -0.450493 0.194826
v -0.255638 -0.110070 0.092218
v -0.279781 -0.104164 0.108666
v -0.259096 -0.108450 0.085388
v -0.283184 -0.102593 0.101835
v 0.087072 -0.427124 0.195592
v 0.093241 -0.422142 0.194564
v 0.103068 -0.450114 0.180175
v 0.109237 -0.445132 0.179146
v -0.263451 -0.137536 0.090594
v -0.285973 -0.126951 0.106854
v -0.266511 -0.135258 0.083737
v -0.289004 -0.124689 0.099996
v 0.079912 -0.418972 0.173559
v 0.086593 -0.414601 0.173124
v 0.095454 -0.443965 0.161072
v 0.102135 -0.439594 0.160637
v 0.075471 -0.411438 0.151682
v 0.082435 -0.407512 0.151530
v 0.090022 -0.437677 0.140640
v 0.096986 -0.433751 0.140488
v 0.071954 -0.404493 0.130174
v 0.079048 -0.400813 0.129940
v 0.085588 -0.431444 0.119691
v 0.092682 -0.427763 0.119456
v -0.275037 -0.163208 0.088767
v -0.295249 -0.148245 0.105364
v -0.277789 -0.160329 0.081955
v -0.297983 -0.145368 0.098552
v 0.361838 -0.416460 0.136474
v 0.383471 -0.418539 0.114758
v 0.388984 -0.419065 0.120503
v 0.367352 -0.416987 0.142219
v 0.359049 -0.402513 0.138404
v 0.380272 -0.389596 0.119636
v 0.385552 -0.389627 0.125633
v 0.364329 -0.402543 0.144400
v 0.362314 -0.430249 0.144711
v 0.357217 -0.428931 0.138721
v 0.374147 -0.446597 0.119741
v 0.379245 -0.447915 0.125731
v 0.111976 0.060053 -0.100010
v 0.088297 0.054409 -0.104949
v 0.093313 0.038819 -0.098324
v 0.079153 0.043004 -0.102114
v 0.043166 0.020126 -0.104693
v 0.040899 0.021738 -0.107554
v 0.016050 0.003763 -0.106842
v 0.014503 0.005117 -0.109485
v 0.041160 0.019461 -0.109892
v 0.041288 0.011401 -0.108909
v 0.014087 0.003350 -0.111845
v 0.014722 -0.000511 -0.111220
v 0.067837 0.045234 -0.106867
v 0.065819 0.037868 -0.103721
v 0.056685 0.045013 -0.105823
v 0.057205 0.052397 -0.108258
v 0.043270 0.012391 -0.102764
v 0.013562 -0.000860 -0.105141
v 0.014338 -0.002423 -0.107901
v -0.009000 -0.016146 -0.113055
v -0.008990 -0.021063 -0.110178
v 0.054579 0.028390 -0.109322
v 0.044874 0.011315 -0.104901
v 0.055859 0.027761 -0.105587
v 0.096356 0.041459 -0.105239
v 0.088922 0.036538 -0.101792
v 0.079176 0.039679 -0.108218
v 0.076665 0.036136 -0.104808
v -0.009025 -0.015548 -0.106798
v 0.055784 0.029182 -0.103295
v 0.065238 0.034611 -0.109653
v 0.055650 0.044705 -0.110781
v 0.078396 0.014958 -0.093304
v 0.084727 0.017037 -0.097045
v 0.042792 -0.001167 -0.098731
v 0.029232 -0.012350 -0.098602
v 0.039059 -0.002760 -0.101684
v 0.025587 -0.014307 -0.101496
v 0.024530 -0.012079 -0.104065
v 0.023761 -0.007478 -0.106125
v 0.039530 -0.001809 -0.104555
v 0.040016 0.000999 -0.105674
v 0.063781 0.002466 -0.093430
v 0.065929 0.001431 -0.095423
v 0.059392 -0.009542 -0.093057
v 0.059225 -0.010353 -0.094926
v 0.042733 0.001809 -0.099225
v 0.027806 -0.008630 -0.099277
v -0.008783 -0.055653 -0.103439
v 0.008358 -0.026340 -0.102575
v -0.008776 -0.056076 -0.106588
v 0.008692 -0.024838 -0.106366
v 0.044535 0.004208 -0.101952
v 0.053479 0.000346 -0.102329
v 0.054842 0.002286 -0.099380
v 0.073435 0.015706 -0.098233
v 0.076770 0.014765 -0.100753
v -0.008996 -0.058782 -0.099261
v 0.010771 -0.026723 -0.099353
v 0.055076 0.000836 -0.095827
v 0.062975 0.001679 -0.099969
v 0.056214 -0.008136 -0.098922
v 0.049948 0.033487 -0.107945
v 0.050668 0.031791 -0.105320
v 0.049201 0.031627 -0.110385
v 0.064669 0.031462 -0.106138
v 0.052526 -0.004247 -0.095404
v 0.050884 -0.004945 -0.097721
v 0.049314 -0.003904 -0.101252
v 0.062112 0.004798 -0.097565
v 0.011239 -0.030557 -0.098316
v 0.010023 -0.031523 -0.100668
v 0.009117 -0.029934 -0.103804
v 0.025502 -0.007757 -0.102226
v -0.008968 -0.062927 -0.098050
v -0.008855 -0.063812 -0.099551
v -0.008760 -0.061784 -0.103256
v -0.008983 -0.008924 -0.108060
v -0.009041 -0.009143 -0.110737
v -0.009049 -0.012425 -0.113069
v -0.097089 0.043004 -0.102114
v -0.106232 0.054409 -0.104949
v -0.110512 0.038819 -0.098324
v -0.129911 0.060053 -0.100010
v -0.061101 0.020126 -0.104693
v -0.033985 0.003763 -0.106842
v -0.058834 0.021738 -0.107554
v -0.032439 0.005117 -0.109485
v -0.059096 0.019461 -0.109892
v -0.032023 0.003350 -0.111845
v -0.059223 0.011401 -0.108909
v -0.032658 -0.000511 -0.111220
v -0.083754 0.037868 -0.103721
v -0.085773 0.045234 -0.106867
v -0.074620 0.045013 -0.105823
v -0.075141 0.052397 -0.108258
v -0.031497 -0.000860 -0.105141
v -0.061206 0.012391 -0.102764
v -0.032274 -0.002423 -0.107901
v -0.062809 0.011315 -0.104901
v -0.072515 0.028390 -0.109322
v -0.073795 0.027761 -0.105587
v -0.094600 0.036136 -0.104808
v -0.106858 0.036538 -0.101792
v -0.097112 0.039679 -0.108218
v -0.114292 0.041459 -0.105239
v -0.073719 0.029182 -0.103295
v -0.083174 0.034611 -0.109653
v -0.073585 0.044705 -0.110781
v -0.102663 0.017037 -0.097045
v -0.096332 0.014958 -0.093304
v -0.060728 -0.001167 -0.098731
v -0.056994 -0.002760 -0.101684
v -0.047167 -0.012350 -0.098602
v -0.043523 -0.014307 -0.101496
v -0.057952 0.000999 -0.105674
v -0.041697 -0.007478 -0.106125
v -0.057466 -0.001809 -0.104555
v -0.042465 -0.012079 -0.104065
v -0.083865 0.001431 -0.095423
v -0.081717 0.002466 -0.093430
v -0.077327 -0.009542 -0.093057
v -0.077161 -0.010353 -0.094926
v -0.060668 0.001809 -0.099225
v -0.045742 -0.008630 -0.099277
v -0.026627 -0.024838 -0.106366
v -0.026293 -0.026340 -0.102575
v -0.071415 0.000346 -0.102329
v -0.062470 0.004208 -0.101952
v -0.072778 0.002286 -0.099380
v -0.094705 0.014765 -0.100753
v -0.091370 0.015706 -0.098233
v -0.028707 -0.026723 -0.099353
v -0.073011 0.000836 -0.095827
v -0.080911 0.001679 -0.099969
v -0.074149 -0.008136 -0.098922
v -0.068604 0.031791 -0.105320
v -0.067884 0.033487 -0.107945
v -0.067137 0.031627 -0.110385
v -0.082605 0.031462 -0.106138
v -0.070462 -0.004247 -0.095404
v -0.068820 -0.004945 -0.097721
v -0.067249 -0.003904 -0.101252
v -0.080048 0.004798 -0.097565
v -0.029174 -0.030557 -0.098316
v -0.027959 -0.031523 -0.100668
v -0.027053 -0.029934 -0.103804
v -0.043438 -0.007757 -0.102226
v 0.169486 0.034801 -0.096988
v 0.129067 0.035025 -0.096290
v 0.169801 0.046930 -0.099356
v 0.128728 0.046954 -0.099778
v 0.124225 0.038929 -0.086910
v 0.123756 0.051758 -0.091313
v 0.127994 0.057185 -0.115465
v 0.123251 0.063407 -0.107560
v 0.148350 0.069413 -0.123780
v 0.148718 0.076267 -0.115637
v 0.170337 0.058069 -0.113801
v 0.175880 0.063725 -0.105361
v 0.175451 0.051814 -0.090242
v 0.174875 0.038699 -0.087114
v 0.129750 -0.015563 -0.096233
v 0.130473 -0.022358 -0.090710
v 0.127251 -0.010310 -0.080716
v 0.128005 -0.018881 -0.074893
v 0.129640 0.001139 -0.096470
v 0.125810 0.003041 -0.084551
v 0.129348 0.015298 -0.094482
v 0.124617 0.017661 -0.084220
v 0.169301 0.001323 -0.097880
v 0.169880 -0.014686 -0.096887
v 0.173534 0.003308 -0.087011
v 0.173534 -0.009892 -0.082862
v 0.169097 0.014867 -0.096330
v 0.174192 0.017136 -0.085734
v 0.173890 -0.018139 -0.076379
v 0.169430 -0.021569 -0.090755
v 0.131659 -0.021807 -0.079873
v 0.169830 -0.021073 -0.080846
v -0.187403 0.034801 -0.096988
v -0.187717 0.046930 -0.099356
v -0.146983 0.035025 -0.096290
v -0.146645 0.046954 -0.099778
v -0.141672 0.051758 -0.091313
v -0.142142 0.038929 -0.086910
v -0.145911 0.057185 -0.115465
v -0.141168 0.063407 -0.107560
v -0.166267 0.069413 -0.123780
v -0.166635 0.076267 -0.115637
v -0.193797 0.063725 -0.105361
v -0.188254 0.058069 -0.113801
v -0.193367 0.051814 -0.090242
v -0.192791 0.038699 -0.087114
v -0.145922 -0.018881 -0.074893
v -0.148389 -0.022358 -0.090710
v -0.145168 -0.010310 -0.080716
v -0.147667 -0.015563 -0.096233
v -0.143727 0.003041 -0.084551
v -0.147556 0.001139 -0.096470
v -0.142534 0.017661 -0.084220
v -0.147264 0.015298 -0.094482
v -0.187217 0.001323 -0.097880
v -0.187797 -0.014686 -0.096887
v -0.191451 -0.009892 -0.082862
v -0.191450 0.003308 -0.087011
v -0.187013 0.014867 -0.096330
v -0.192108 0.017136 -0.085734
v -0.191806 -0.018139 -0.076379
v -0.187346 -0.021569 -0.090755
v -0.187747 -0.021073 -0.080846
v -0.149576 -0.021807 -0.079873
v 0.016844 0.302475 -0.008358
v 0.029081 0.304192 -0.008470
v 0.016628 0.305083 -0.007538
v 0.028866 0.306859 -0.007581
v 0.115861 0.301962 -0.004702
v 0.116893 0.302264 -0.026933
v 0.116407 0.304698 -0.004264
v 0.117480 0.305021 -0.027303
v -0.008743 0.304221 0.000914
v -0.008710 0.301661 -0.000150
v 0.039100 0.304991 -0.026449
v 0.038991 0.307696 -0.027171
v 0.067704 0.302018 -0.044256
v 0.067725 0.304832 -0.046216
v 0.028786 0.309464 -0.012441
v 0.037677 0.310065 -0.011227
v 0.029283 0.309556 -0.022715
v 0.038340 0.310228 -0.023661
v 0.095571 0.301904 0.007303
v 0.095449 0.304645 0.009248
v 0.029843 0.306970 -0.027689
v 0.029994 0.304300 -0.026871
v 0.017746 0.305555 -0.027740
v 0.017869 0.302898 -0.026962
v -0.008958 0.303960 -0.034890
v -0.008958 0.301267 -0.033287
v 0.016767 0.307809 -0.012224
v 0.017378 0.308062 -0.023109
v 0.037791 0.307436 -0.007751
v 0.037983 0.304741 -0.008516
v 0.096779 0.305561 -0.040773
v 0.096775 0.302714 -0.038977
v 0.065825 0.304102 0.012562
v 0.065946 0.301322 0.010551
v 0.066789 0.307198 -0.039805
v 0.094748 0.308074 -0.034861
v 0.093964 0.307452 0.003476
v 0.112238 0.307199 -0.007797
v 0.065604 0.306807 0.006001
v 0.112939 0.307442 -0.024115
v -0.008958 0.306753 -0.030228
v -0.008667 0.306934 -0.004457
v -0.034760 0.302475 -0.008358
v -0.034544 0.305083 -0.007538
v -0.046998 0.304192 -0.008470
v -0.046783 0.306859 -0.007581
v -0.133778 0.301962 -0.004702
v -0.134323 0.304698 -0.004264
v -0.134809 0.302264 -0.026933
v -0.135397 0.305021 -0.027303
v -0.085641 0.304832 -0.046216
v -0.056908 0.307696 -0.027171
v -0.085621 0.302018 -0.044256
v -0.057017 0.304991 -0.026449
v -0.056257 0.310228 -0.023661
v -0.055593 0.310065 -0.011227
v -0.047199 0.309556 -0.022715
v -0.046702 0.309464 -0.012441
v -0.113488 0.301904 0.007303
v -0.113365 0.304645 0.009248
v -0.035786 0.302898 -0.026962
v -0.047910 0.304300 -0.026871
v -0.035662 0.305555 -0.027740
v -0.047760 0.306970 -0.027689
v -0.035295 0.308062 -0.023109
v -0.034683 0.307809 -0.012224
v -0.055708 0.307436 -0.007751
v -0.055900 0.304741 -0.008516
v -0.114695 0.305561 -0.040773
v -0.114691 0.302714 -0.038977
v -0.083741 0.304102 0.012562
v -0.083862 0.301322 0.010551
v -0.112665 0.308074 -0.034861
v -0.084706 0.307198 -0.039805
v -0.111880 0.307452 0.003476
v -0.130154 0.307199 -0.007797
v -0.083520 0.306807 0.006001
v -0.130855 0.307442 -0.024115
v 0.037559 0.143051 -0.106599
v 0.046192 0.136780 -0.105274
v 0.036171 0.140325 -0.108668
v 0.044680 0.134315 -0.107339
v 0.060408 0.109935 -0.102662
v 0.040254 0.129391 -0.107824
v 0.031138 0.133502 -0.108754
v 0.030488 0.131699 -0.106881
v 0.039217 0.127609 -0.105889
v 0.026589 0.142176 -0.109756
v 0.020998 0.133610 -0.109476
v 0.002316 0.133845 -0.110434
v 0.005195 0.120757 -0.109337
v -0.008582 0.111192 -0.116834
v -0.008650 0.127519 -0.117827
v -0.019537 0.133761 -0.110244
v -0.022297 0.120656 -0.109096
v -0.035904 0.155421 -0.103449
v -0.034395 0.154046 -0.108476
v -0.030979 0.141320 -0.103131
v -0.045082 0.165732 -0.107410
v -0.044463 0.165661 -0.102754
v -0.045111 0.144873 -0.107046
v -0.046976 0.147523 -0.102262
v -0.054755 0.142718 -0.105808
v -0.055558 0.144685 -0.100960
v -0.043850 0.141917 -0.109142
v -0.053383 0.140001 -0.107903
v -0.038197 0.133390 -0.108961
v -0.048306 0.133215 -0.108077
v -0.013119 0.146955 -0.111076
v -0.032522 0.153561 -0.110371
v -0.015664 0.167440 -0.104225
v -0.015929 0.165990 -0.108734
v -0.014828 0.152243 -0.104017
v -0.032242 0.166151 -0.106360
v -0.032326 0.166957 -0.103459
v -0.037107 0.165307 -0.110085
v -0.043214 0.166191 -0.109781
v -0.008769 0.159299 -0.117874
v -0.013484 0.164131 -0.110996
v -0.012011 0.090147 -0.109875
v -0.008489 0.087544 -0.116226
v -0.015114 0.071370 -0.108803
v -0.008405 0.065996 -0.115678
v -0.015355 0.093865 -0.106498
v -0.021593 0.070322 -0.104827
v 0.015382 0.055948 -0.107449
v -0.008386 0.055688 -0.117672
v -0.001619 0.071420 -0.108922
v -0.004878 0.090171 -0.109938
v -0.031974 0.055771 -0.107035
v -0.001502 0.093919 -0.106619
v 0.004934 0.070420 -0.105059
v 0.022197 0.057007 -0.101639
v 0.004461 0.070840 -0.101735
v 0.021843 0.057344 -0.098272
v -0.000237 0.033871 -0.105708
v 0.004399 0.033833 -0.101622
v 0.004186 0.034774 -0.098326
v -0.001919 0.094253 -0.103158
v 0.009540 0.117731 -0.102895
v 0.020704 0.131788 -0.107659
v 0.021686 0.131226 -0.102851
v 0.030446 0.131523 -0.102143
v 0.038058 0.127853 -0.101229
v 0.038430 0.145024 -0.101764
v 0.045912 0.138002 -0.100347
v 0.059079 0.109054 -0.095889
v 0.060828 0.108163 -0.100171
v 0.027862 0.145142 -0.107683
v 0.013827 0.141484 -0.103522
v 0.029791 0.147805 -0.102932
v 0.017057 0.154235 -0.108926
v 0.018645 0.155623 -0.103924
v 0.027672 0.165999 -0.108043
v 0.027139 0.165922 -0.103377
v 0.045819 0.176875 -0.105939
v 0.045005 0.176626 -0.101327
v 0.067947 0.200546 -0.101119
v 0.068356 0.200281 -0.105663
v -0.004209 0.146991 -0.111154
v -0.002418 0.152288 -0.104127
v 0.014849 0.166326 -0.106769
v 0.014978 0.167134 -0.103872
v 0.019655 0.165519 -0.110580
v 0.036729 0.185559 -0.104017
v 0.040520 0.182004 -0.108522
v 0.015155 0.153734 -0.110787
v 0.025764 0.166445 -0.110385
v 0.044495 0.178586 -0.108306
v 0.066633 0.201619 -0.107989
v 0.056219 0.208644 -0.108398
v 0.036664 0.185247 -0.101969
v 0.051715 0.212673 -0.103395
v 0.051844 0.212776 -0.101721
v 0.084776 0.225743 -0.110306
v 0.087598 0.223846 -0.112181
v 0.094344 0.233384 -0.113480
v 0.093021 0.234841 -0.112560
v 0.092175 0.237045 -0.110126
v 0.095479 0.245439 -0.115476
v 0.095520 0.248250 -0.113429
v 0.083138 0.227405 -0.107525
v -0.001499 0.166043 -0.108859
v -0.001696 0.167490 -0.104348
v 0.008332 0.181783 -0.108275
v -0.002383 0.193457 -0.107959
v 0.008057 0.181979 -0.104964
v -0.002487 0.193587 -0.104901
v -0.005610 0.193841 -0.111241
v 0.002698 0.181503 -0.111594
v -0.003969 0.164167 -0.111077
v -0.026508 0.117597 -0.102582
v -0.037855 0.131571 -0.107147
v -0.038750 0.131004 -0.102322
v -0.047608 0.131417 -0.106214
v -0.057387 0.129030 -0.106970
v -0.056304 0.127257 -0.105054
v -0.077307 0.109429 -0.101460
v -0.077670 0.107652 -0.098964
v -0.055066 0.127513 -0.100415
v -0.075848 0.108557 -0.094711
v -0.062977 0.137602 -0.099397
v -0.063330 0.136377 -0.104316
v -0.047483 0.131244 -0.101479
v -0.061838 0.133921 -0.106410
v -0.021063 0.070746 -0.101511
v -0.014880 0.094206 -0.103046
v -0.008039 0.009226 -0.097661
v -0.008065 0.007616 -0.101084
v -0.008126 0.013483 -0.105947
v -0.008248 0.033612 -0.111366
v -0.016165 0.033814 -0.105567
v -0.020727 0.033740 -0.101402
v -0.038691 0.056780 -0.101104
v -0.020462 0.034682 -0.098111
v -0.038281 0.057125 -0.097748
v 0.083565 0.227759 -0.105690
v 0.092406 0.237489 -0.107158
v 0.095531 0.248794 -0.109194
v 0.097295 0.218751 -0.109566
v 0.099654 0.232391 -0.111192
v 0.097289 0.219458 -0.105139
v 0.099642 0.233259 -0.106888
v 0.095372 0.219107 -0.111926
v 0.098620 0.232769 -0.113609
v -0.008872 0.181181 -0.120355
v -0.008892 0.194196 -0.117480
v -0.008948 0.208902 -0.117500
v -0.012065 0.193817 -0.111186
v -0.008939 0.214224 -0.114405
v -0.008910 0.214092 -0.111025
v -0.015232 0.193410 -0.107847
v -0.015076 0.193544 -0.104791
v -0.025865 0.181659 -0.107977
v -0.020284 0.181419 -0.111393
v -0.025535 0.181858 -0.104671
v -0.062001 0.178193 -0.107377
v -0.063267 0.176475 -0.104989
v -0.085968 0.199712 -0.104319
v -0.084297 0.201064 -0.106670
v -0.058053 0.181641 -0.107661
v -0.054211 0.185224 -0.103223
v -0.069382 0.212225 -0.102339
v -0.102653 0.225052 -0.108669
v -0.100982 0.226726 -0.105915
v -0.111007 0.234114 -0.110833
v -0.110139 0.236324 -0.108415
v -0.069484 0.212329 -0.100662
v -0.101379 0.227081 -0.104078
v -0.054108 0.184914 -0.101177
v -0.085480 0.199981 -0.099779
v -0.062374 0.176231 -0.100388
v -0.110334 0.236791 -0.105448
v -0.117518 0.232482 -0.105046
v -0.113558 0.248023 -0.107366
v -0.117570 0.232174 -0.109427
v -0.113618 0.247481 -0.111605
v -0.113588 0.244672 -0.113649
v -0.116608 0.232002 -0.111786
v -0.115104 0.217968 -0.107714
v -0.115028 0.218676 -0.103285
v -0.113226 0.218340 -0.110108
v -0.112335 0.232646 -0.111731
v -0.073945 0.208163 -0.107259
v -0.105493 0.223133 -0.110496
v 0.009788 0.331273 -0.008380
v 0.009276 0.328430 -0.012703
v 0.052908 0.329328 -0.009553
v 0.054924 0.327026 -0.013852
v -0.008697 0.326854 -0.016151
v -0.008697 0.332845 -0.010382
v 0.010656 0.339978 -0.010053
v 0.008517 0.343060 -0.005614
v 0.080956 0.349423 -0.006512
v 0.118296 0.363524 -0.000191
v 0.085371 0.346557 -0.004718
v 0.123023 0.361987 0.002359
v 0.045923 0.384573 0.011184
v 0.037207 0.377202 0.010612
v 0.008555 0.381474 0.010239
v 0.006978 0.374263 0.009499
v -0.008697 0.391637 0.020641
v -0.008697 0.384847 0.014787
v 0.008583 0.379484 0.014750
v 0.045951 0.382462 0.015967
v 0.007024 0.386007 0.017884
v 0.049853 0.389872 0.019501
v 0.009757 0.333418 -0.013241
v 0.052879 0.331629 -0.014773
v -0.008697 0.315946 -0.021485
v 0.072308 0.351867 -0.005188
v 0.098596 0.363018 -0.000144
v 0.057767 0.352642 -0.001485
v 0.072341 0.349556 0.000042
v 0.076333 0.361012 0.002369
v 0.098629 0.360652 0.005219
v 0.048238 0.338808 -0.011198
v 0.049824 0.391972 0.014739
v 0.051535 0.393741 0.018465
v 0.079629 0.375670 0.006325
v 0.083912 0.375722 0.009408
v 0.006172 0.390155 0.017200
v -0.008697 0.402592 0.025893
v -0.008697 0.406573 0.025305
v -0.008697 0.311095 -0.020906
v -0.008697 0.313821 -0.016670
v 0.010683 0.337852 -0.005229
v -0.008697 0.324769 -0.011419
v 0.118329 0.361091 0.005321
v 0.080990 0.347077 -0.001195
v 0.056963 0.368343 0.006116
v 0.071249 0.372791 0.005044
v 0.079657 0.373412 0.011442
v 0.071282 0.370553 0.010114
v 0.048269 0.336543 -0.006065
v 0.038933 0.342852 -0.006028
v 0.006995 0.387971 0.013434
v -0.008697 0.404422 0.021746
v -0.008697 0.393501 0.016412
v -0.027183 0.331273 -0.008380
v -0.070303 0.329328 -0.009553
v -0.026671 0.328430 -0.012703
v -0.072319 0.327026 -0.013852
v -0.025912 0.343060 -0.005614
v -0.028051 0.339978 -0.010053
v -0.098351 0.349423 -0.006512
v -0.102766 0.346557 -0.004718
v -0.135691 0.363524 -0.000191
v -0.140418 0.361987 0.002359
v -0.024373 0.374263 0.009499
v -0.054602 0.377202 0.010612
v -0.025950 0.381474 0.010239
v -0.063318 0.384573 0.011184
v -0.025977 0.379484 0.014750
v -0.067248 0.389872 0.019501
v -0.063346 0.382462 0.015967
v -0.024419 0.386007 0.017884
v -0.027152 0.333418 -0.013241
v -0.070274 0.331629 -0.014773
v -0.115991 0.363018 -0.000144
v -0.089703 0.351867 -0.005188
v -0.075162 0.352642 -0.001485
v -0.093728 0.361012 0.002369
v -0.089736 0.349556 0.000042
v -0.116024 0.360652 0.005219
v -0.065633 0.338808 -0.011198
v -0.101307 0.375722 0.009408
v -0.068930 0.393741 0.018465
v -0.097024 0.375670 0.006325
v -0.067219 0.391972 0.014739
v -0.023567 0.390155 0.017200
v -0.028078 0.337852 -0.005229
v -0.098385 0.347077 -0.001195
v -0.135724 0.361091 0.005321
v -0.088644 0.372791 0.005044
v -0.074358 0.368343 0.006116
v -0.088676 0.370553 0.010115
v -0.097052 0.373412 0.011442
v -0.065664 0.336543 -0.006065
v -0.056328 0.342852 -0.006028
v -0.024390 0.387971 0.013435
v 0.224076 -0.090811 -0.068616
v 0.213425 -0.075996 -0.079332
v 0.223508 0.041978 -0.067288
v 0.213859 0.060393 -0.076960
v 0.109452 0.090316 -0.102658
v 0.103726 0.183712 -0.102073
v 0.229214 0.103162 -0.104693
v 0.229717 0.190829 -0.103920
v 0.223354 0.040370 0.039397
v 0.223879 -0.092199 0.036455
v 0.223008 0.157658 -0.066215
v 0.222312 0.155549 0.041365
v 0.235540 0.284198 0.049189
v 0.222292 0.277672 0.043172
v 0.230110 0.286032 -0.065011
v 0.222131 0.278370 -0.064304
v 0.237104 0.154845 0.047590
v 0.236117 0.038702 0.045768
v 0.235157 -0.095553 0.043346
v 0.222455 -0.239670 0.034430
v 0.232450 -0.250541 0.041866
v 0.223671 0.040627 0.063101
v 0.222732 -0.093023 0.061559
v 0.093974 -0.335475 0.042715
v -0.009007 -0.337162 0.043351
v 0.089808 -0.324416 0.036711
v -0.008958 -0.326026 0.037412
v 0.093613 -0.321385 -0.068560
v 0.221900 -0.239554 -0.070070
v 0.224409 0.158872 0.065786
v 0.089978 0.020216 0.064091
v 0.092264 -0.324760 0.060110
v 0.223245 0.276880 0.069059
v 0.089063 0.277401 0.072620
v 0.089910 0.300566 0.060950
v -0.009036 0.299718 0.061797
v -0.009041 0.276557 0.074062
v 0.213515 0.302628 -0.065777
v 0.094170 0.302101 -0.064933
v 0.217364 0.300344 0.058811
v -0.009044 0.301231 -0.066530
v -0.009013 -0.327201 0.060918
v 0.216982 -0.243495 0.059785
v 0.230371 0.076399 -0.080899
v 0.213577 0.167141 -0.075387
v 0.231206 0.177699 -0.079584
v 0.228153 0.076001 -0.102982
v 0.214191 0.278332 -0.073861
v 0.230539 0.285879 -0.078138
v 0.212739 0.303089 -0.090924
v 0.098108 0.275445 -0.101496
v -0.009036 0.274567 -0.100583
v 0.094982 0.302393 -0.088932
v -0.009045 0.301485 -0.088044
v 0.230209 0.276928 -0.103160
v 0.212386 -0.229230 -0.081834
v 0.094828 -0.308274 -0.078461
v 0.116935 0.044957 -0.077434
v 0.103665 -0.121496 -0.079016
v 0.111763 0.059896 -0.099634
v -0.008958 -0.322831 -0.068059
v -0.008958 -0.042342 -0.096165
v -0.008958 -0.060899 -0.076932
v -0.008958 -0.177602 -0.078855
v -0.008987 0.116965 -0.100719
v -0.121642 0.183712 -0.102073
v -0.116025 0.275445 -0.101496
v -0.008958 -0.011389 -0.100354
v -0.008958 -0.310221 -0.080138
v -0.009025 0.016846 0.064944
v -0.240925 0.157658 -0.066215
v -0.240048 0.278370 -0.064304
v -0.231494 0.167141 -0.075387
v -0.232107 0.278332 -0.073861
v -0.231775 0.060393 -0.076959
v -0.231342 -0.075996 -0.079332
v -0.241424 0.041978 -0.067288
v -0.241992 -0.090811 -0.068616
v -0.247634 0.190829 -0.103920
v -0.247130 0.103162 -0.104693
v -0.127368 0.090316 -0.102658
v -0.241796 -0.092199 0.036455
v -0.241271 0.040370 0.039397
v -0.240229 0.155549 0.041365
v -0.253456 0.284198 0.049189
v -0.248026 0.286032 -0.065010
v -0.240209 0.277672 0.043172
v -0.254033 0.038702 0.045768
v -0.255020 0.154845 0.047590
v -0.250366 -0.250541 0.041866
v -0.253074 -0.095553 0.043346
v -0.240371 -0.239670 0.034430
v -0.241587 0.040627 0.063101
v -0.240648 -0.093023 0.061559
v -0.111890 -0.335475 0.042715
v -0.107724 -0.324416 0.036711
v -0.239817 -0.239554 -0.070070
v -0.111530 -0.321385 -0.068560
v -0.242325 0.158872 0.065786
v -0.107894 0.020216 0.064091
v -0.110181 -0.324760 0.060110
v -0.106979 0.277401 0.072620
v -0.241161 0.276880 0.069060
v -0.107826 0.300566 0.060950
v -0.112166 0.302129 -0.067290
v -0.235280 0.300344 0.058811
v -0.231367 0.302667 -0.067880
v -0.234898 -0.243495 0.059785
v -0.248287 0.076399 -0.080899
v -0.249122 0.177699 -0.079584
v -0.246069 0.076001 -0.102982
v -0.248455 0.285879 -0.078138
v -0.230655 0.303089 -0.090924
v -0.112899 0.302393 -0.088932
v -0.248126 0.276928 -0.103160
v -0.112744 -0.308274 -0.078461
v -0.230302 -0.229230 -0.081834
v -0.134851 0.044957 -0.077434
v -0.121582 -0.121496 -0.079016
v -0.129680 0.059896 -0.099634
v 0.149664 0.105562 -0.112514
v 0.149708 0.104208 -0.114776
v 0.142472 0.098113 -0.112355
v 0.143528 0.098020 -0.114553
v 0.149756 0.097949 -0.116747
v 0.155914 0.098057 -0.114442
v 0.156987 0.098149 -0.112162
v 0.149648 0.107507 -0.112597
v 0.140458 0.098104 -0.112325
v 0.158991 0.098158 -0.112070
v 0.159022 0.098185 -0.111578
v 0.149674 0.107545 -0.112082
v 0.140410 0.098132 -0.111830
v 0.149699 0.090708 -0.111901
v 0.149734 0.091866 -0.114266
v 0.149685 0.088762 -0.111822
v 0.149712 0.088766 -0.111309
v -0.167581 0.105562 -0.112514
v -0.160388 0.098113 -0.112355
v -0.167625 0.104208 -0.114776
v -0.161445 0.098020 -0.114553
v -0.167672 0.097949 -0.116747
v -0.173830 0.098057 -0.114441
v -0.174903 0.098149 -0.112162
v -0.158374 0.098104 -0.112325
v -0.167564 0.107507 -0.112597
v -0.176907 0.098158 -0.112070
v -0.176938 0.098185 -0.111578
v -0.167591 0.107545 -0.112082
v -0.158326 0.098132 -0.111830
v -0.167650 0.091866 -0.114266
v -0.167615 0.090708 -0.111901
v -0.167602 0.088762 -0.111822
v -0.167628 0.088766 -0.111309
v 0.149171 0.148181 -0.113370
v 0.149161 0.146150 -0.117443
v 0.138026 0.136703 -0.113163
v 0.139590 0.136616 -0.117098
v 0.149128 0.136495 -0.121178
v 0.158691 0.136568 -0.117257
v 0.160412 0.136650 -0.113239
v 0.149152 0.151201 -0.113439
v 0.134928 0.136721 -0.113056
v 0.163498 0.136646 -0.113124
v 0.163566 0.136670 -0.112250
v 0.149208 0.151251 -0.112526
v 0.134866 0.136738 -0.112170
v 0.149128 0.125185 -0.112836
v 0.149124 0.127023 -0.116999
v 0.149097 0.122165 -0.112767
v 0.149150 0.122159 -0.111852
v -0.167087 0.148181 -0.113370
v -0.155942 0.136703 -0.113163
v -0.167078 0.146150 -0.117443
v -0.157506 0.136616 -0.117098
v -0.167044 0.136495 -0.121178
v -0.176608 0.136568 -0.117257
v -0.178329 0.136650 -0.113239
v -0.167069 0.151201 -0.113439
v -0.152844 0.136721 -0.113056
v -0.181415 0.136646 -0.113124
v -0.181482 0.136670 -0.112250
v -0.167124 0.151251 -0.112526
v -0.152782 0.136738 -0.112170
v -0.167040 0.127023 -0.116999
v -0.167044 0.125185 -0.112836
v -0.167013 0.122165 -0.112767
v -0.167067 0.122159 -0.111852
v 0.148239 0.201266 -0.114540
v 0.148372 0.198721 -0.120139
v 0.133524 0.185780 -0.114981
v 0.135718 0.185838 -0.120277
v 0.148601 0.186021 -0.125575
v 0.161309 0.186131 -0.120029
v 0.163501 0.186126 -0.114545
v 0.148160 0.205286 -0.114516
v 0.129370 0.185729 -0.114911
v 0.167634 0.186178 -0.114321
v 0.167698 0.186164 -0.113132
v 0.148208 0.205316 -0.113277
v 0.129260 0.185721 -0.113710
v 0.148594 0.170636 -0.114728
v 0.148664 0.173249 -0.120294
v 0.148608 0.166610 -0.114754
v 0.148657 0.166572 -0.113514
v 0.148729 0.246577 -0.110490
v 0.148728 0.244901 -0.114718
v 0.137575 0.235136 -0.111286
v 0.139149 0.235383 -0.115210
v 0.148698 0.235595 -0.119263
v 0.158251 0.235323 -0.115325
v 0.159960 0.235069 -0.111312
v 0.148713 0.249593 -0.110299
v 0.134477 0.235148 -0.111186
v 0.163048 0.235049 -0.111190
v 0.163113 0.234997 -0.110316
v 0.148768 0.249559 -0.109387
v 0.134411 0.235094 -0.110300
v 0.148665 0.223616 -0.111915
v 0.148675 0.225809 -0.115905
v 0.148631 0.220608 -0.112100
v 0.148684 0.220526 -0.111190
v -0.166156 0.201266 -0.114540
v -0.151440 0.185780 -0.114981
v -0.166288 0.198721 -0.120139
v -0.153635 0.185838 -0.120277
v -0.166517 0.186021 -0.125575
v -0.179225 0.186131 -0.120029
v -0.181417 0.186126 -0.114545
v -0.147286 0.185729 -0.114911
v -0.166076 0.205286 -0.114516
v -0.185551 0.186178 -0.114321
v -0.185615 0.186164 -0.113132
v -0.166125 0.205316 -0.113277
v -0.147176 0.185721 -0.113709
v -0.166581 0.173249 -0.120294
v -0.166510 0.170636 -0.114728
v -0.166524 0.166610 -0.114754
v -0.166573 0.166572 -0.113514
v -0.166645 0.246577 -0.110490
v -0.155492 0.235136 -0.111286
v -0.166644 0.244901 -0.114718
v -0.157066 0.235383 -0.115210
v -0.166614 0.235595 -0.119263
v -0.176168 0.235323 -0.115325
v -0.177876 0.235069 -0.111312
v -0.166630 0.249593 -0.110299
v -0.152394 0.235148 -0.111186
v -0.180964 0.235049 -0.111190
v -0.181029 0.234997 -0.110316
v -0.166685 0.249559 -0.109387
v -0.152328 0.235094 -0.110300
v -0.166591 0.225809 -0.115905
v -0.166581 0.223616 -0.111915
v -0.166547 0.220608 -0.112100
v -0.166601 0.220526 -0.111190
v 0.149211 0.280425 -0.108693
v 0.149159 0.279300 -0.111073
v 0.142020 0.272975 -0.108937
v 0.142984 0.273101 -0.111178
v 0.149114 0.273251 -0.113627
v 0.155364 0.273157 -0.111582
v 0.156533 0.273041 -0.109352
v 0.149194 0.282377 -0.108591
v 0.140010 0.272962 -0.108825
v 0.158537 0.273041 -0.109340
v 0.158591 0.273022 -0.108851
v 0.149240 0.282362 -0.108077
v 0.139983 0.272937 -0.108329
v 0.149254 0.265586 -0.109487
v 0.149188 0.266958 -0.111732
v 0.149240 0.263635 -0.109591
v 0.149287 0.263593 -0.109083
v -0.167127 0.280425 -0.108693
v -0.159936 0.272975 -0.108937
v -0.167075 0.279300 -0.111073
v -0.160901 0.273101 -0.111178
v -0.167031 0.273251 -0.113627
v -0.173281 0.273157 -0.111582
v -0.174449 0.273041 -0.109352
v -0.157927 0.272962 -0.108825
v -0.167111 0.282377 -0.108591
v -0.176454 0.273041 -0.109340
v -0.176508 0.273022 -0.108851
v -0.167156 0.282362 -0.108077
v -0.157899 0.272937 -0.108329
v -0.167105 0.266958 -0.111732
v -0.167170 0.265586 -0.109487
v -0.167156 0.263635 -0.109591
v -0.167204 0.263593 -0.109083
v 0.132412 -0.001006 -0.107135
v 0.151145 -0.000714 -0.108546
v 0.132963 -0.002907 -0.105931
v 0.151189 -0.002620 -0.107288
v 0.123252 -0.002976 -0.099752
v 0.122132 -0.001133 -0.100633
v 0.169323 -0.002443 -0.105867
v 0.169825 -0.000529 -0.107049
v 0.132655 -0.002689 -0.072426
v 0.133158 -0.004457 -0.073966
v 0.151213 -0.002841 -0.070718
v 0.151240 -0.004614 -0.072300
v 0.123220 -0.004015 -0.079825
v 0.122017 -0.002200 -0.078808
v 0.119327 -0.003582 -0.089698
v 0.117810 -0.001765 -0.089707
v 0.132558 0.004906 -0.072174
v 0.151104 0.004923 -0.070499
v 0.133009 0.006701 -0.073504
v 0.151081 0.006726 -0.071860
v 0.123183 0.006939 -0.079806
v 0.121996 0.005185 -0.078836
v 0.117946 0.005563 -0.089757
v 0.119578 0.007314 -0.089738
v 0.122296 0.005961 -0.100373
v 0.123522 0.007702 -0.099246
v 0.132196 0.006275 -0.105996
v 0.132565 0.007930 -0.104350
v 0.150959 0.006441 -0.107584
v 0.150913 0.008126 -0.105936
v 0.169015 -0.004001 -0.073884
v 0.169466 -0.002221 -0.072342
v 0.168878 0.007157 -0.073422
v 0.169369 0.005374 -0.072090
v 0.169432 0.008399 -0.104265
v 0.169850 0.006754 -0.105911
v 0.178975 -0.002269 -0.099605
v 0.180075 -0.000396 -0.100501
v 0.178966 -0.003306 -0.079698
v 0.180118 -0.001461 -0.078676
v 0.182826 -0.002777 -0.089554
v 0.184362 -0.000917 -0.089555
v 0.178724 0.007646 -0.079679
v 0.179951 0.005923 -0.078704
v 0.184040 0.006404 -0.089607
v 0.182426 0.008114 -0.089596
v 0.179729 0.006692 -0.100242
v 0.178455 0.008401 -0.099121
v 0.150884 -0.003971 -0.089541
v 0.131566 -0.003946 -0.089843
v 0.131517 0.007278 -0.089533
v 0.150491 0.008068 -0.089075
v 0.170667 -0.003449 -0.089754
v 0.170428 0.007773 -0.089444
v -0.169105 -0.002620 -0.107288
v -0.169061 -0.000714 -0.108545
v -0.150879 -0.002907 -0.105931
v -0.150329 -0.001006 -0.107135
v -0.140049 -0.001133 -0.100633
v -0.141168 -0.002976 -0.099751
v -0.187240 -0.002443 -0.105867
v -0.187741 -0.000529 -0.107049
v -0.150572 -0.002689 -0.072426
v -0.169129 -0.002841 -0.070718
v -0.151075 -0.004457 -0.073966
v -0.169156 -0.004614 -0.072300
v -0.141136 -0.004015 -0.079825
v -0.139933 -0.002200 -0.078808
v -0.137244 -0.003582 -0.089698
v -0.135726 -0.001765 -0.089706
v -0.168998 0.006726 -0.071860
v -0.169020 0.004923 -0.070499
v -0.150925 0.006701 -0.073504
v -0.150475 0.004906 -0.072174
v -0.139913 0.005185 -0.078836
v -0.141100 0.006939 -0.079806
v -0.135862 0.005563 -0.089757
v -0.137495 0.007314 -0.089738
v -0.140213 0.005961 -0.100373
v -0.141438 0.007702 -0.099246
v -0.150113 0.006275 -0.105996
v -0.150481 0.007930 -0.104350
v -0.168875 0.006441 -0.107584
v -0.168829 0.008126 -0.105936
v -0.187383 -0.002221 -0.072342
v -0.186931 -0.004001 -0.073883
v -0.186795 0.007157 -0.073422
v -0.187285 0.005374 -0.072090
v -0.187766 0.006754 -0.105911
v -0.187349 0.008399 -0.104265
v -0.196891 -0.002269 -0.099605
v -0.197991 -0.000396 -0.100501
v -0.198034 -0.001461 -0.078676
v -0.196882 -0.003306 -0.079698
v -0.202278 -0.000917 -0.089555
v -0.200742 -0.002777 -0.089554
v -0.196640 0.007646 -0.079679
v -0.197867 0.005923 -0.078704
v -0.200342 0.008114 -0.089596
v -0.201956 0.006404 -0.089607
v -0.196371 0.008401 -0.099121
v -0.197646 0.006692 -0.100242
v -0.168801 -0.003971 -0.089541
v -0.149482 -0.003946 -0.089843
v -0.149434 0.007278 -0.089533
v -0.168407 0.008068 -0.089075
v -0.188583 -0.003449 -0.089754
v -0.188344 0.007773 -0.089444
v 0.147441 -0.046236 -0.092362
v 0.153684 -0.046311 -0.092343
v 0.147721 -0.053092 -0.089927
v 0.153807 -0.053641 -0.089598
v 0.153425 -0.030843 -0.089252
v 0.153648 -0.038076 -0.089397
v 0.153337 -0.031207 -0.094422
v 0.153447 -0.038631 -0.094202
v 0.153685 -0.045268 -0.087542
v 0.154570 -0.052284 -0.084541
v 0.148141 -0.045085 -0.088145
v 0.148371 -0.051584 -0.085419
v 0.147666 -0.037535 -0.089979
v 0.147689 -0.030328 -0.089779
v 0.147186 -0.031223 -0.094360
v 0.147223 -0.038669 -0.094414
v 0.152987 -0.021251 -0.087416
v 0.153348 -0.021173 -0.092996
v 0.147508 -0.020895 -0.088201
v 0.147162 -0.021067 -0.093084
v 0.148969 -0.060401 -0.091556
v 0.149631 -0.058701 -0.086430
v 0.152031 -0.061076 -0.090554
v 0.152941 -0.059978 -0.085341
v -0.165358 -0.046236 -0.092362
v -0.165638 -0.053092 -0.089927
v -0.170883 -0.046328 -0.092570
v -0.171723 -0.053641 -0.089598
v -0.170672 -0.038497 -0.094298
v -0.171564 -0.038076 -0.089397
v -0.171254 -0.031207 -0.094422
v -0.171342 -0.030843 -0.089252
v -0.172487 -0.052284 -0.084541
v -0.171602 -0.045268 -0.087542
v -0.166287 -0.051584 -0.085419
v -0.166057 -0.045085 -0.088145
v -0.165583 -0.037535 -0.089979
v -0.165606 -0.030328 -0.089779
v -0.165139 -0.038669 -0.094414
v -0.165102 -0.031223 -0.094360
v -0.170904 -0.021251 -0.087416
v -0.165424 -0.020895 -0.088201
v -0.171264 -0.021173 -0.092996
v -0.165078 -0.021067 -0.093084
v -0.166886 -0.060401 -0.091556
v -0.167547 -0.058701 -0.086430
v -0.169948 -0.061076 -0.090554
v -0.170858 -0.059978 -0.085341
v 0.173837 -0.277403 -0.012372
v 0.143981 -0.293689 -0.013555
v 0.173087 -0.276133 -0.043864
v 0.143667 -0.293506 -0.046384
v 0.173558 -0.266811 -0.082563
v 0.172484 -0.247125 -0.088618
v 0.178547 -0.254668 -0.080754
v 0.179801 -0.243384 -0.081664
v 0.172256 -0.175981 -0.088982
v 0.133310 -0.176439 -0.090016
v 0.136492 -0.255484 -0.087208
v 0.131487 -0.069890 -0.087947
v 0.171801 -0.069333 -0.088939
v 0.138593 -0.286280 -0.085358
v 0.136573 -0.292652 -0.013418
v 0.136501 -0.294090 -0.046877
v 0.183909 -0.284220 0.061835
v 0.190547 -0.272003 0.054129
v 0.184976 -0.272945 0.068060
v 0.190316 -0.268191 0.060619
v 0.151112 -0.305854 0.042382
v 0.143446 -0.304653 0.042727
v 0.145369 -0.295139 0.033658
v 0.137031 -0.292594 0.034351
v 0.179147 -0.265952 -0.011954
v 0.179200 -0.264916 -0.042091
v 0.143218 -0.284400 0.068596
v 0.148663 -0.303235 0.065448
v 0.180859 -0.288108 0.041064
v 0.175529 -0.280163 0.034199
v 0.134553 -0.040853 0.071489
v 0.124833 -0.042169 0.062954
v 0.137647 -0.149403 0.069998
v 0.127864 -0.149820 0.062135
v 0.178944 -0.042257 0.062937
v 0.176547 0.068381 0.064793
v 0.171428 -0.041728 0.070841
v 0.169205 0.068303 0.075769
v 0.132501 0.067965 0.077322
v 0.176476 0.176873 0.068117
v 0.169337 0.176113 0.078443
v 0.168340 0.236078 0.077378
v 0.175423 0.235576 0.068884
v 0.130848 0.176012 0.080696
v 0.130162 0.236573 0.080701
v 0.128703 -0.254814 -0.080143
v 0.126193 -0.176287 -0.081165
v 0.130467 0.095681 -0.112020
v 0.123332 0.096351 -0.103261
v 0.129502 0.142722 -0.110786
v 0.123171 0.142408 -0.103482
v 0.168192 0.143690 -0.113236
v 0.168067 0.096602 -0.111274
v 0.170860 -0.018162 -0.086869
v 0.131803 -0.019242 -0.087062
v 0.167056 0.056493 -0.086725
v 0.129259 0.054958 -0.094539
v 0.128186 0.305521 0.062557
v 0.166781 0.305572 0.062452
v 0.127703 0.305764 0.032978
v 0.167460 0.306882 0.032263
v 0.121592 0.303620 -0.031920
v 0.127609 0.308759 -0.032578
v 0.122878 0.302714 -0.089444
v 0.128836 0.308714 -0.092082
v 0.120642 0.301817 0.033719
v 0.120767 0.300550 0.060716
v 0.121444 0.176593 0.070559
v 0.120801 0.236083 0.071084
v 0.168030 0.199354 -0.113374
v 0.175817 0.198223 -0.103622
v 0.176079 0.144353 -0.103757
v 0.177671 -0.017454 -0.078587
v 0.178417 -0.070091 -0.079755
v 0.123701 -0.017968 -0.079218
v 0.125140 -0.070350 -0.078508
v 0.174976 0.097043 -0.104029
v 0.175040 0.068372 -0.101861
v 0.168703 0.063338 -0.107786
v 0.129432 0.062982 -0.107738
v 0.173758 -0.277160 -0.071632
v 0.179533 -0.266186 -0.069310
v 0.187770 -0.275653 0.041296
v 0.181240 -0.248452 0.069225
v 0.187716 -0.248058 0.061242
v 0.167850 0.282185 0.076691
v 0.129539 0.282634 0.078767
v 0.173826 0.301331 0.059687
v 0.173631 0.277832 0.070840
v 0.120931 0.278737 0.071985
v 0.184137 -0.206357 0.061062
v 0.182252 -0.150755 0.061850
v 0.176180 -0.204674 0.068641
v 0.173461 -0.150326 0.070673
v 0.138536 -0.204485 0.069499
v 0.175530 0.293443 -0.096179
v 0.175653 0.276181 -0.102666
v 0.169032 0.295249 -0.102494
v 0.168982 0.277716 -0.109156
v 0.129284 0.294873 -0.100045
v 0.129160 0.277738 -0.107062
v 0.122664 0.290229 -0.095616
v 0.122605 0.275801 -0.102040
v 0.122434 0.196799 -0.102815
v 0.122447 0.240023 -0.102410
v 0.128359 0.197613 -0.110895
v 0.129148 0.239830 -0.107653
v 0.168515 0.240846 -0.110984
v 0.179337 -0.175907 -0.081738
v 0.130832 -0.284123 -0.079550
v 0.181337 -0.267342 0.034525
v 0.135830 -0.287332 0.061163
v 0.140446 -0.302996 0.061162
v 0.140689 -0.255547 0.068620
v 0.130037 -0.205983 0.061794
v 0.132360 -0.257451 0.061579
v 0.122953 0.067878 0.068154
v 0.173551 0.063352 -0.078411
v 0.123651 0.058075 -0.085486
v 0.168913 0.308814 -0.092779
v 0.168399 0.307886 -0.031101
v 0.174911 0.303404 -0.090033
v 0.174402 0.302592 -0.030861
v 0.173770 0.301619 0.032772
v 0.122729 0.062411 -0.101238
v 0.142353 -0.293385 -0.074559
v 0.135199 -0.293845 -0.071112
v 0.176213 0.240716 -0.103086
v 0.168379 0.059098 -0.095373
v 0.174263 0.066491 -0.090117
v 0.129019 0.057105 -0.102684
v 0.122824 0.060216 -0.093733
v -0.191754 -0.277403 -0.012372
v -0.191004 -0.276133 -0.043864
v -0.161898 -0.293689 -0.013555
v -0.161583 -0.293506 -0.046384
v -0.197717 -0.243384 -0.081664
v -0.190400 -0.247125 -0.088618
v -0.196463 -0.254668 -0.080754
v -0.191474 -0.266811 -0.082562
v -0.154409 -0.255484 -0.087208
v -0.151226 -0.176439 -0.090016
v -0.190173 -0.175981 -0.088982
v -0.189717 -0.069333 -0.088939
v -0.149404 -0.069890 -0.087947
v -0.156509 -0.286280 -0.085358
v -0.154490 -0.292652 -0.013418
v -0.154418 -0.294090 -0.046877
v -0.201825 -0.284220 0.061835
v -0.202892 -0.272945 0.068060
v -0.208463 -0.272003 0.054129
v -0.208232 -0.268191 0.060619
v -0.169028 -0.305854 0.042382
v -0.163286 -0.295139 0.033658
v -0.161362 -0.304653 0.042727
v -0.154948 -0.292594 0.034351
v -0.197063 -0.265952 -0.011954
v -0.197117 -0.264916 -0.042091
v -0.161134 -0.284400 0.068596
v -0.166580 -0.303235 0.065448
v -0.198776 -0.288108 0.041064
v -0.193446 -0.280163 0.034199
v -0.152470 -0.040853 0.071489
v -0.155563 -0.149403 0.069998
v -0.142750 -0.042169 0.062954
v -0.145781 -0.149820 0.062135
v -0.187122 0.068303 0.075769
v -0.194463 0.068381 0.064793
v -0.189345 -0.041728 0.070841
v -0.196861 -0.042257 0.062937
v -0.150418 0.067965 0.077322
v -0.187254 0.176113 0.078443
v -0.194393 0.176873 0.068117
v -0.186256 0.236078 0.077378
v -0.193340 0.235576 0.068884
v -0.148079 0.236573 0.080701
v -0.148765 0.176012 0.080696
v -0.144110 -0.176287 -0.081165
v -0.146619 -0.254814 -0.080143
v -0.148384 0.095681 -0.112020
v -0.147419 0.142722 -0.110786
v -0.141248 0.096351 -0.103261
v -0.141088 0.142408 -0.103482
v -0.186108 0.143690 -0.113236
v -0.185984 0.096602 -0.111274
v -0.147175 0.054958 -0.094539
v -0.149719 -0.019242 -0.087062
v -0.184972 0.056493 -0.086724
v -0.188776 -0.018162 -0.086869
v -0.146103 0.305521 0.062557
v -0.145619 0.305764 0.032978
v -0.184697 0.305572 0.062452
v -0.185376 0.306882 0.032263
v -0.146753 0.308714 -0.092082
v -0.145525 0.308759 -0.032578
v -0.140795 0.302714 -0.089444
v -0.139509 0.303620 -0.031920
v -0.138558 0.301817 0.033719
v -0.138684 0.300550 0.060716
v -0.139360 0.176593 0.070559
v -0.138717 0.236083 0.071084
v -0.193995 0.144353 -0.103757
v -0.193734 0.198223 -0.103622
v -0.185946 0.199354 -0.113373
v -0.196333 -0.070091 -0.079755
v -0.195588 -0.017454 -0.078587
v -0.143057 -0.070350 -0.078508
v -0.141618 -0.017968 -0.079218
v -0.186619 0.063338 -0.107786
v -0.192956 0.068372 -0.101861
v -0.192892 0.097043 -0.104029
v -0.147349 0.062982 -0.107738
v -0.197450 -0.266186 -0.069310
v -0.191674 -0.277160 -0.071632
v -0.205687 -0.275653 0.041296
v -0.199156 -0.248452 0.069225
v -0.205632 -0.248058 0.061242
v -0.147456 0.282634 0.078767
v -0.185766 0.282185 0.076691
v -0.191547 0.277832 0.070840
v -0.191743 0.301331 0.059687
v -0.138847 0.278737 0.071985
v -0.191377 -0.150326 0.070673
v -0.200169 -0.150755 0.061850
v -0.194096 -0.204674 0.068641
v -0.202054 -0.206357 0.061062
v -0.156453 -0.204485 0.069499
v -0.186898 0.277716 -0.109156
v -0.193569 0.276181 -0.102666
v -0.186948 0.295249 -0.102494
v -0.193446 0.293443 -0.096179
v -0.147076 0.277738 -0.107062
v -0.147200 0.294873 -0.100045
v -0.140521 0.275801 -0.102040
v -0.140580 0.290229 -0.095616
v -0.147065 0.239830 -0.107653
v -0.140363 0.240023 -0.102410
v -0.146275 0.197613 -0.110895
v -0.140350 0.196799 -0.102815
v -0.186432 0.240846 -0.110984
v -0.197253 -0.175907 -0.081738
v -0.148749 -0.284123 -0.079550
v -0.199254 -0.267342 0.034526
v -0.158362 -0.302996 0.061162
v -0.153746 -0.287332 0.061163
v -0.158605 -0.255547 0.068620
v -0.147954 -0.205983 0.061794
v -0.150276 -0.257451 0.061579
v -0.140869 0.067878 0.068154
v -0.191467 0.063352 -0.078411
v -0.141567 0.058075 -0.085486
v -0.192318 0.302592 -0.030861
v -0.186315 0.307886 -0.031101
v -0.192828 0.303404 -0.090033
v -0.186829 0.308814 -0.092779
v -0.191687 0.301619 0.032772
v -0.140645 0.062411 -0.101238
v -0.160269 -0.293385 -0.074559
v -0.153115 -0.293845 -0.071112
v -0.194129 0.240716 -0.103085
v -0.186295 0.059098 -0.095373
v -0.192180 0.066491 -0.090117
v -0.146935 0.057105 -0.102684
v -0.140741 0.060216 -0.093733
v 0.025618 0.336509 -0.019450
v 0.025824 0.320285 -0.016266
v 0.025914 0.335602 -0.018146
v 0.026001 0.319963 -0.015021
v 0.037519 0.312689 -0.024991
v 0.037979 0.306783 -0.028120
v 0.037714 0.313121 -0.027056
v 0.037875 0.306076 -0.030833
v 0.037569 0.304170 -0.025404
v 0.037727 0.302886 -0.026499
v 0.038336 0.344607 -0.003865
v 0.038356 0.341024 -0.000732
v 0.038421 0.342793 -0.004630
v 0.038390 0.339781 -0.001868
v 0.037428 0.319834 -0.014602
v 0.038259 0.335485 -0.017898
v 0.025713 0.312785 -0.024348
v 0.037569 0.320199 -0.015908
v 0.038279 0.336392 -0.019189
v 0.025873 0.343144 -0.004391
v 0.025551 0.344973 -0.003622
v 0.025845 0.344622 -0.008756
v 0.025518 0.346625 -0.008290
v 0.025549 0.306506 -0.028307
v 0.038374 0.335397 -0.000590
v 0.025668 0.335426 -0.000158
v 0.037340 0.319647 -0.013161
v 0.025691 0.319692 -0.013070
v 0.038306 0.346230 -0.008482
v 0.038343 0.343266 -0.013639
v 0.038276 0.345050 -0.013658
v 0.038406 0.344241 -0.008943
v 0.025791 0.340867 -0.016975
v 0.025514 0.342213 -0.017712
v 0.025705 0.313190 -0.026257
v 0.025531 0.305814 -0.029725
v 0.025496 0.345401 -0.013567
v 0.037165 0.306926 -0.005800
v 0.025277 0.306851 -0.006260
v 0.037378 0.300754 -0.010245
v 0.025246 0.300391 -0.010687
v 0.038352 0.334871 -0.002097
v 0.037271 0.319803 -0.014486
v 0.025282 0.307331 -0.007918
v 0.025871 0.319890 -0.014315
v 0.037067 0.307398 -0.007548
v 0.025487 0.303776 -0.024519
v 0.025436 0.302478 -0.025516
v 0.037228 0.302131 -0.010724
v 0.025273 0.301766 -0.011105
v 0.037474 0.300822 -0.018058
v 0.025322 0.300388 -0.017823
v 0.025592 0.341243 -0.000404
v 0.025877 0.339985 -0.001549
v 0.025379 0.301933 -0.017493
v 0.025932 0.334900 -0.001678
v 0.037295 0.302356 -0.017704
v 0.038273 0.340633 -0.016885
v 0.025809 0.343602 -0.013553
v 0.038255 0.341979 -0.017616
v -0.043918 0.319963 -0.015021
v -0.043741 0.320285 -0.016266
v -0.043830 0.335602 -0.018146
v -0.043534 0.336509 -0.019450
v -0.055791 0.306076 -0.030832
v -0.055895 0.306783 -0.028120
v -0.055630 0.313121 -0.027056
v -0.055436 0.312689 -0.024991
v -0.055485 0.304170 -0.025404
v -0.055643 0.302886 -0.026499
v -0.056253 0.344607 -0.003865
v -0.056337 0.342793 -0.004630
v -0.056273 0.341024 -0.000732
v -0.056306 0.339781 -0.001868
v -0.056175 0.335485 -0.017898
v -0.055344 0.319834 -0.014602
v -0.043629 0.312785 -0.024348
v -0.055486 0.320199 -0.015908
v -0.056196 0.336392 -0.019189
v -0.043435 0.346625 -0.008290
v -0.043468 0.344973 -0.003622
v -0.043762 0.344622 -0.008756
v -0.043789 0.343144 -0.004391
v -0.043465 0.306506 -0.028307
v -0.056290 0.335397 -0.000590
v -0.055257 0.319647 -0.013161
v -0.043584 0.335426 -0.000158
v -0.043607 0.319692 -0.013070
v -0.056223 0.346230 -0.008482
v -0.056193 0.345050 -0.013658
v -0.056322 0.344241 -0.008943
v -0.056259 0.343266 -0.013639
v -0.043707 0.340867 -0.016975
v -0.043431 0.342213 -0.017712
v -0.043621 0.313190 -0.026257
v -0.043448 0.305814 -0.029725
v -0.043413 0.345401 -0.013567
v -0.055082 0.306926 -0.005800
v -0.055294 0.300754 -0.010245
v -0.043194 0.306851 -0.006260
v -0.043163 0.300391 -0.010687
v -0.056269 0.334871 -0.002097
v -0.055188 0.319803 -0.014486
v -0.043788 0.319890 -0.014315
v -0.054984 0.307398 -0.007548
v -0.043198 0.307331 -0.007918
v -0.043404 0.303776 -0.024519
v -0.043352 0.302478 -0.025516
v -0.043190 0.301766 -0.011105
v -0.055145 0.302131 -0.010724
v -0.055390 0.300822 -0.018058
v -0.043239 0.300388 -0.017823
v -0.043794 0.339985 -0.001549
v -0.043508 0.341243 -0.000404
v -0.043296 0.301933 -0.017493
v -0.043848 0.334900 -0.001678
v -0.055211 0.302356 -0.017704
v -0.056189 0.340633 -0.016885
v -0.043726 0.343602 -0.013553
v -0.056171 0.341979 -0.017616
v 0.092462 0.315383 -0.019858
v 0.087594 0.315270 -0.022061
v 0.090865 0.316373 -0.018356
v 0.087474 0.316516 -0.019097
v 0.094084 0.311339 -0.021398
v 0.087748 0.311159 -0.024293
v 0.087646 0.310438 -0.021851
v 0.092289 0.310581 -0.019727
v 0.087541 0.309403 -0.022795
v 0.092810 0.309561 -0.020386
v 0.082884 0.310221 -0.020101
v 0.082132 0.309170 -0.020809
v 0.080792 0.310063 -0.015501
v 0.079759 0.308998 -0.015584
v 0.078466 0.308405 -0.015676
v 0.081226 0.308593 -0.021749
v 0.080845 0.308390 -0.009408
v 0.080641 0.306979 -0.009225
v 0.078170 0.306995 -0.015734
v 0.087078 0.309148 -0.007778
v 0.081805 0.308990 -0.010189
v 0.086973 0.308555 -0.006604
v 0.092482 0.309380 -0.009766
v 0.093255 0.308810 -0.008916
v 0.082595 0.310048 -0.010747
v 0.087239 0.310198 -0.008624
v 0.092006 0.310416 -0.010373
v 0.086994 0.307152 -0.006316
v 0.081036 0.307182 -0.022037
v 0.087508 0.308848 -0.024062
v 0.087551 0.307445 -0.024438
v 0.093632 0.309013 -0.021263
v 0.093906 0.307610 -0.021531
v 0.080847 0.310596 -0.009116
v 0.087187 0.310791 -0.006216
v 0.081241 0.310858 -0.021896
v 0.078382 0.310633 -0.015610
v 0.080438 0.314858 -0.015425
v 0.082310 0.314813 -0.010448
v 0.087170 0.314948 -0.008242
v 0.082608 0.315030 -0.020244
v 0.084064 0.316193 -0.018625
v 0.094855 0.309545 -0.014989
v 0.094097 0.310573 -0.014972
v 0.096545 0.311316 -0.014900
v 0.093692 0.311084 -0.008613
v 0.080781 0.306417 -0.009354
v 0.078356 0.306439 -0.015734
v 0.094334 0.315323 -0.014880
v 0.092158 0.315135 -0.010061
v 0.090659 0.316178 -0.011597
v 0.091374 0.316463 -0.014945
v 0.087011 0.306589 -0.006500
v 0.087232 0.316306 -0.011106
v 0.087343 0.316838 -0.015084
v 0.093795 0.307047 -0.021425
v 0.087560 0.306882 -0.024268
v 0.096011 0.308998 -0.014991
v 0.093508 0.307407 -0.008716
v 0.096374 0.307595 -0.015018
v 0.093407 0.306852 -0.008856
v 0.096211 0.307032 -0.015037
v 0.083857 0.316028 -0.011865
v 0.083334 0.316291 -0.015262
v 0.093154 0.307730 -0.020838
v 0.087517 0.307565 -0.023415
v 0.095345 0.307722 -0.015062
v 0.087022 0.307302 -0.007339
v 0.081381 0.307129 -0.009923
v 0.092803 0.307542 -0.009470
v 0.081168 0.306627 -0.021919
v 0.081734 0.307317 -0.021282
v 0.079194 0.307145 -0.015691
v -0.110378 0.315383 -0.019858
v -0.108782 0.316373 -0.018356
v -0.105510 0.315270 -0.022061
v -0.105390 0.316516 -0.019097
v -0.112001 0.311339 -0.021398
v -0.105664 0.311159 -0.024292
v -0.110205 0.310581 -0.019727
v -0.105563 0.310438 -0.021851
v -0.105458 0.309403 -0.022795
v -0.110727 0.309561 -0.020386
v -0.100048 0.309170 -0.020809
v -0.100800 0.310221 -0.020101
v -0.098709 0.310063 -0.015501
v -0.097675 0.308998 -0.015584
v -0.096383 0.308405 -0.015676
v -0.099142 0.308593 -0.021749
v -0.098761 0.308390 -0.009408
v -0.098557 0.306979 -0.009225
v -0.096087 0.306995 -0.015734
v -0.104995 0.309148 -0.007778
v -0.104890 0.308555 -0.006604
v -0.099722 0.308990 -0.010189
v -0.111171 0.308810 -0.008916
v -0.110399 0.309380 -0.009766
v -0.100512 0.310048 -0.010747
v -0.105156 0.310198 -0.008624
v -0.109922 0.310416 -0.010373
v -0.104910 0.307152 -0.006316
v -0.098953 0.307182 -0.022037
v -0.105424 0.308848 -0.024062
v -0.105467 0.307445 -0.024438
v -0.111548 0.309013 -0.021263
v -0.111822 0.307610 -0.021531
v -0.105103 0.310791 -0.006216
v -0.098763 0.310596 -0.009116
v -0.099157 0.310858 -0.021896
v -0.096299 0.310633 -0.015610
v -0.100226 0.314813 -0.010448
v -0.098354 0.314858 -0.015425
v -0.105086 0.314948 -0.008242
v -0.100525 0.315030 -0.020244
v -0.101980 0.316193 -0.018625
v -0.112771 0.309545 -0.014989
v -0.112014 0.310573 -0.014972
v -0.111609 0.311084 -0.008613
v -0.114462 0.311316 -0.014900
v -0.098698 0.306417 -0.009354
v -0.096272 0.306439 -0.015734
v -0.110074 0.315135 -0.010061
v -0.112250 0.315323 -0.014880
v -0.108575 0.316178 -0.011596
v -0.109290 0.316463 -0.014945
v -0.104927 0.306589 -0.006500
v -0.105148 0.316306 -0.011106
v -0.105259 0.316838 -0.015084
v -0.111712 0.307047 -0.021425
v -0.105477 0.306882 -0.024268
v -0.113927 0.308998 -0.014991
v -0.114291 0.307595 -0.015018
v -0.111425 0.307407 -0.008716
v -0.114128 0.307032 -0.015037
v -0.111323 0.306852 -0.008856
v -0.101774 0.316028 -0.011865
v -0.101251 0.316291 -0.015262
v -0.111070 0.307730 -0.020838
v -0.105433 0.307565 -0.023415
v -0.113261 0.307722 -0.015062
v -0.099298 0.307129 -0.009923
v -0.104938 0.307302 -0.007339
v -0.110719 0.307542 -0.009470
v -0.099651 0.307317 -0.021282
v -0.099084 0.306627 -0.021919
v -0.097111 0.307145 -0.015691
v -0.168388 -0.067888 -0.096124
v -0.161200 -0.062947 -0.095510
v -0.168443 -0.059015 -0.089850
v -0.161627 -0.056975 -0.089717
v -0.151097 -0.056206 -0.094944
v -0.153410 -0.053466 -0.088914
v -0.144074 -0.050506 -0.094906
v -0.139318 -0.045097 -0.094483
v -0.146210 -0.048660 -0.088388
v -0.141374 -0.043555 -0.087956
v -0.138510 -0.037521 -0.087919
v -0.137078 -0.030952 -0.087829
v -0.143861 -0.035783 -0.087813
v -0.142794 -0.030244 -0.087831
v -0.146339 -0.040728 -0.087734
v -0.149966 -0.044934 -0.088016
v -0.162520 -0.051125 -0.089212
v -0.155602 -0.048578 -0.088348
v -0.155384 -0.047814 -0.094182
v -0.162335 -0.050567 -0.094377
v -0.162039 -0.052915 -0.101623
v -0.155061 -0.050182 -0.101280
v -0.160670 -0.057902 -0.101310
v -0.151849 -0.053529 -0.101405
v -0.147455 -0.041050 -0.094532
v -0.145474 -0.042567 -0.100924
v -0.150500 -0.044792 -0.094319
v -0.149242 -0.046670 -0.101093
v -0.145291 -0.049415 -0.101249
v -0.140944 -0.044384 -0.101046
v -0.144254 -0.030866 -0.094301
v -0.145153 -0.036221 -0.094741
v -0.143807 -0.019901 -0.093617
v -0.141752 -0.020195 -0.100358
v -0.143709 -0.025565 -0.093974
v -0.141453 -0.026187 -0.100551
v -0.142935 -0.037474 -0.100851
v -0.141810 -0.031796 -0.100726
v -0.138007 -0.038447 -0.100746
v -0.136507 -0.031970 -0.100407
v -0.137524 -0.019505 -0.100000
v -0.136670 -0.025943 -0.100213
v -0.142022 -0.012192 -0.099781
v -0.137982 -0.012152 -0.099969
v -0.143864 -0.011603 -0.093039
v -0.137804 -0.007553 -0.091390
v -0.138112 -0.011423 -0.092473
v -0.137378 -0.008346 -0.099416
v -0.136861 -0.019049 -0.093437
v -0.142089 -0.007796 -0.099650
v -0.135277 -0.025349 -0.093574
v -0.136345 -0.038656 -0.094161
v -0.134811 -0.031701 -0.093799
v -0.137389 -0.024905 -0.087572
v -0.138401 -0.018444 -0.087292
v -0.142669 -0.019106 -0.087485
v -0.142404 -0.024859 -0.087667
v -0.139414 -0.011219 -0.086361
v -0.143414 -0.010872 -0.086496
v -0.143396 -0.006561 -0.085381
v -0.143352 -0.006941 -0.091739
v -0.142307 -0.004472 -0.085581
v -0.141637 -0.004098 -0.090670
v -0.138354 -0.007197 -0.085111
v -0.138653 -0.004940 -0.085284
v -0.140677 -0.005002 -0.098728
v -0.137814 -0.004607 -0.090874
v -0.137486 -0.005585 -0.098263
v -0.168242 -0.051910 -0.089355
v -0.168374 -0.051890 -0.094410
v -0.168272 -0.054180 -0.101771
v -0.168156 -0.060026 -0.101059
v -0.175293 -0.062816 -0.095504
v -0.174793 -0.056851 -0.089711
v -0.185308 -0.055943 -0.094946
v -0.182964 -0.053234 -0.088914
v -0.192255 -0.050151 -0.094914
v -0.190100 -0.048334 -0.088395
v -0.196940 -0.044680 -0.094495
v -0.194869 -0.043165 -0.087966
v -0.197653 -0.037094 -0.087932
v -0.192280 -0.035427 -0.087820
v -0.198999 -0.030507 -0.087842
v -0.193274 -0.029874 -0.087839
v -0.186296 -0.044658 -0.088018
v -0.189867 -0.040404 -0.087739
v -0.173824 -0.051013 -0.089204
v -0.180708 -0.048376 -0.088346
v -0.180911 -0.047608 -0.094180
v -0.173997 -0.050453 -0.094369
v -0.174317 -0.052795 -0.101616
v -0.175752 -0.057765 -0.101305
v -0.181259 -0.049971 -0.101279
v -0.184514 -0.053276 -0.101406
v -0.187031 -0.046383 -0.101097
v -0.190744 -0.042230 -0.100930
v -0.185755 -0.044522 -0.094321
v -0.188749 -0.040740 -0.094537
v -0.191018 -0.049075 -0.101257
v -0.195298 -0.043987 -0.101056
v -0.190988 -0.035881 -0.094747
v -0.191817 -0.030515 -0.094308
v -0.194550 -0.025799 -0.100560
v -0.194172 -0.019811 -0.100366
v -0.192292 -0.025207 -0.093980
v -0.192119 -0.019545 -0.093623
v -0.193217 -0.037104 -0.100859
v -0.198157 -0.038012 -0.100759
v -0.194267 -0.031412 -0.100734
v -0.199572 -0.031516 -0.100420
v -0.198391 -0.019066 -0.100011
v -0.199330 -0.025492 -0.100226
v -0.193798 -0.011813 -0.099787
v -0.197837 -0.011720 -0.099979
v -0.191954 -0.011249 -0.093044
v -0.197962 -0.007119 -0.091400
v -0.198391 -0.007906 -0.099427
v -0.197703 -0.010993 -0.092483
v -0.199054 -0.018601 -0.093449
v -0.193672 -0.007418 -0.099656
v -0.200721 -0.024880 -0.093588
v -0.199827 -0.038200 -0.094175
v -0.201270 -0.031226 -0.093814
v -0.198608 -0.024464 -0.087584
v -0.197511 -0.018018 -0.087302
v -0.193593 -0.024485 -0.087674
v -0.193253 -0.018736 -0.087491
v -0.196404 -0.010807 -0.086370
v -0.192400 -0.010512 -0.086501
v -0.192405 -0.006581 -0.091744
v -0.192363 -0.006201 -0.085386
v -0.194084 -0.003715 -0.090676
v -0.193423 -0.004099 -0.085586
v -0.197412 -0.006771 -0.085120
v -0.197084 -0.004518 -0.085293
v -0.195048 -0.004606 -0.098735
v -0.197913 -0.004174 -0.090883
v -0.198248 -0.005147 -0.098273
v 0.150471 -0.067888 -0.096124
v 0.150526 -0.059015 -0.089850
v 0.143284 -0.062947 -0.095510
v 0.143710 -0.056975 -0.089718
v 0.133180 -0.056206 -0.094944
v 0.135494 -0.053466 -0.088914
v 0.126158 -0.050506 -0.094906
v 0.128294 -0.048660 -0.088388
v 0.121401 -0.045097 -0.094483
v 0.123458 -0.043555 -0.087956
v 0.120594 -0.037521 -0.087919
v 0.125944 -0.035783 -0.087813
v 0.119162 -0.030952 -0.087829
v 0.124878 -0.030244 -0.087831
v 0.132049 -0.044934 -0.088016
v 0.128423 -0.040728 -0.087734
v 0.144603 -0.051125 -0.089212
v 0.137686 -0.048578 -0.088348
v 0.137467 -0.047814 -0.094182
v 0.144418 -0.050567 -0.094377
v 0.144122 -0.052915 -0.101623
v 0.142754 -0.057902 -0.101310
v 0.137145 -0.050182 -0.101280
v 0.133933 -0.053529 -0.101405
v 0.131325 -0.046670 -0.101093
v 0.127558 -0.042567 -0.100924
v 0.132583 -0.044792 -0.094319
v 0.129539 -0.041050 -0.094532
v 0.127374 -0.049415 -0.101250
v 0.123028 -0.044384 -0.101046
v 0.127236 -0.036221 -0.094741
v 0.126337 -0.030866 -0.094301
v 0.123536 -0.026187 -0.100551
v 0.123836 -0.020195 -0.100358
v 0.125792 -0.025565 -0.093974
v 0.125891 -0.019901 -0.093617
v 0.125018 -0.037474 -0.100851
v 0.120091 -0.038447 -0.100746
v 0.123893 -0.031796 -0.100726
v 0.118590 -0.031970 -0.100407
v 0.119607 -0.019505 -0.100000
v 0.118753 -0.025943 -0.100213
v 0.124105 -0.012192 -0.099781
v 0.120065 -0.012152 -0.099969
v 0.125948 -0.011603 -0.093039
v 0.119887 -0.007553 -0.091390
v 0.119461 -0.008346 -0.099417
v 0.120196 -0.011423 -0.092473
v 0.118945 -0.019049 -0.093437
v 0.124173 -0.007796 -0.099650
v 0.117361 -0.025349 -0.093574
v 0.118429 -0.038656 -0.094161
v 0.116895 -0.031701 -0.093800
v 0.119473 -0.024905 -0.087572
v 0.120485 -0.018444 -0.087292
v 0.124488 -0.024859 -0.087667
v 0.124752 -0.019106 -0.087485
v 0.121498 -0.011219 -0.086361
v 0.125497 -0.010872 -0.086496
v 0.125436 -0.006941 -0.091739
v 0.125479 -0.006561 -0.085381
v 0.123720 -0.004098 -0.090670
v 0.124391 -0.004472 -0.085581
v 0.120438 -0.007197 -0.085111
v 0.120736 -0.004940 -0.085284
v 0.122761 -0.005002 -0.098728
v 0.119898 -0.004607 -0.090874
v 0.119569 -0.005585 -0.098263
v 0.150326 -0.051910 -0.089355
v 0.150458 -0.051890 -0.094410
v 0.150355 -0.054180 -0.101771
v 0.150239 -0.060026 -0.101059
v 0.157377 -0.062816 -0.095504
v 0.156877 -0.056851 -0.089711
v 0.167391 -0.055943 -0.094946
v 0.165047 -0.053234 -0.088914
v 0.174338 -0.050151 -0.094914
v 0.179023 -0.044680 -0.094495
v 0.172184 -0.048334 -0.088395
v 0.176953 -0.043165 -0.087967
v 0.179737 -0.037094 -0.087932
v 0.181082 -0.030507 -0.087842
v 0.174364 -0.035427 -0.087820
v 0.175358 -0.029874 -0.087839
v 0.171951 -0.040404 -0.087739
v 0.168380 -0.044658 -0.088019
v 0.155907 -0.051013 -0.089204
v 0.162791 -0.048376 -0.088346
v 0.162994 -0.047608 -0.094180
v 0.156081 -0.050453 -0.094369
v 0.156401 -0.052795 -0.101616
v 0.163342 -0.049971 -0.101279
v 0.157835 -0.057765 -0.101305
v 0.166597 -0.053276 -0.101406
v 0.170833 -0.040740 -0.094537
v 0.172828 -0.042230 -0.100930
v 0.167838 -0.044522 -0.094321
v 0.169115 -0.046383 -0.101097
v 0.173102 -0.049075 -0.101257
v 0.177382 -0.043987 -0.101056
v 0.173901 -0.030515 -0.094308
v 0.173072 -0.035881 -0.094747
v 0.174203 -0.019545 -0.093623
v 0.176256 -0.019811 -0.100366
v 0.174376 -0.025207 -0.093980
v 0.176634 -0.025799 -0.100560
v 0.175300 -0.037104 -0.100859
v 0.176350 -0.031412 -0.100734
v 0.180240 -0.038012 -0.100759
v 0.181656 -0.031516 -0.100420
v 0.180475 -0.019066 -0.100011
v 0.181414 -0.025492 -0.100226
v 0.175881 -0.011813 -0.099787
v 0.179920 -0.011720 -0.099979
v 0.174037 -0.011249 -0.093044
v 0.180045 -0.007119 -0.091400
v 0.179787 -0.010993 -0.092483
v 0.180474 -0.007906 -0.099427
v 0.181137 -0.018601 -0.093449
v 0.175756 -0.007418 -0.099656
v 0.182804 -0.024880 -0.093588
v 0.181911 -0.038200 -0.094175
v 0.183353 -0.031226 -0.093814
v 0.180692 -0.024464 -0.087584
v 0.179595 -0.018018 -0.087302
v 0.175336 -0.018736 -0.087491
v 0.175676 -0.024485 -0.087674
v 0.178488 -0.010807 -0.086370
v 0.174484 -0.010512 -0.086501
v 0.174446 -0.006201 -0.085386
v 0.174489 -0.006581 -0.091744
v 0.175507 -0.004099 -0.085586
v 0.176168 -0.003715 -0.090676
v 0.179496 -0.006771 -0.085120
v 0.179168 -0.004518 -0.085293
v 0.177132 -0.004606 -0.098735
v 0.179997 -0.004174 -0.090883
v 0.180331 -0.005147 -0.098273
vn 0.8854 0.4546 0.0972
vn 0.5682 0.6896 -0.4490
vn 0.4830 0.8691 -0.1067
vn 0.2743 0.9418 -0.1943
vn 0.4541 0.6939 -0.5588
vn 0.9400 0.3026 0.1575
vn -0.4750 0.8730 -0.1107
vn -0.0051 0.9828 -0.1847
vn -0.2617 0.9526 -0.1550
vn -0.0046 0.9356 -0.3531
vn 0.9949 0.0978 -0.0233
vn 0.3453 -0.0546 -0.9369
vn 0.9991 -0.0283 -0.0321
vn 0.2579 0.0740 -0.9633
vn 0.9973 -0.0608 -0.0410
vn 0.5010 0.5841 -0.6386
vn -0.4901 -0.1525 0.8582
vn -0.0319 -0.2443 0.9692
vn -0.3476 -0.0939 0.9329
vn 0.0186 -0.1219 0.9924
vn 0.4747 0.1629 0.8650
vn 0.4898 0.8252 0.2815
vn -0.0275 -0.5922 -0.8053
vn 0.0286 -0.1966 0.9801
vn -0.2538 -0.7408 -0.6219
vn 0.0975 -0.0742 0.9925
vn 0.0638 0.0303 0.9975
vn 0.0074 0.0550 0.9985
vn 0.0336 -0.9889 0.1447
vn 0.0544 -0.5473 0.8351
vn -0.0064 -0.9873 0.1588
vn 0.0071 -0.4143 0.9101
vn -0.4218 0.1700 0.8906
vn 0.0292 0.2505 0.9677
vn -0.0086 0.1674 -0.9859
vn -0.1726 0.0898 -0.9809
vn 0.4107 -0.0577 0.9100
vn 0.9996 -0.0201 -0.0196
vn -0.4401 0.6923 -0.5718
vn -0.3799 -0.0028 -0.9250
vn -0.0187 0.5775 -0.8162
vn -0.0281 -0.1060 -0.9940
vn -0.5267 0.5925 -0.6095
vn -0.4597 0.8328 0.3083
vn -0.0146 0.6972 -0.7167
vn 0.0160 0.9553 0.2952
vn 0.2740 0.9346 0.2270
vn -0.0009 0.9257 0.3783
vn 0.6300 0.6349 0.4472
vn -0.0019 0.7400 0.6726
vn 0.5535 0.8215 0.1371
vn 0.9027 0.4230 -0.0787
vn 0.5884 0.3757 0.7160
vn -0.0011 0.9681 0.2504
vn 0.0082 0.2903 0.9569
vn -0.0085 -0.1683 -0.9857
vn -0.0579 -0.2978 -0.9529
vn -0.0136 -0.9767 -0.2141
vn -0.0708 -0.9780 -0.1960
vn 0.4818 -0.2307 0.8454
vn 0.9946 0.0878 0.0559
vn 0.9399 0.3408 -0.0211
vn -0.3030 0.0778 -0.9498
vn -0.0281 0.1563 -0.9873
vn -0.0707 0.2744 -0.9590
vn 0.0178 0.3065 -0.9517
vn -0.5777 0.6852 -0.4435
vn -0.8591 0.4962 0.1257
vn -0.9163 0.3618 0.1719
vn -0.9944 0.0611 0.0862
vn -0.9681 0.2098 0.1371
vn -0.9989 -0.0446 0.0154
vn 0.2063 -0.7445 -0.6349
vn -0.0602 -0.0718 0.9956
vn -0.0474 0.0053 0.9989
vn -0.0467 -0.9880 0.1475
vn -0.0255 -0.5189 0.8545
vn 0.0939 0.1496 -0.9843
vn -0.9979 0.0534 0.0355
vn -0.2335 0.9463 0.2237
vn -0.5514 0.7336 0.3973
vn -0.8464 0.5291 -0.0613
vn -0.4595 0.8709 0.1742
vn -0.4721 0.5281 0.7058
vn 0.0361 -0.9824 -0.1832
vn 0.0093 -0.3754 -0.9268
vn -0.9668 0.1894 0.1718
vn -0.8961 0.4403 0.0554
vn 0.0228 0.2386 -0.9708
vn 0.0033 0.6958 -0.7182
vn -0.0102 -0.9993 -0.0369
vn 0.0156 -0.9992 -0.0362
vn -0.0382 -0.9987 -0.0350
vn -0.0081 -0.9984 -0.0559
vn 0.0109 -0.9990 -0.0444
vn -0.0299 -0.9985 -0.0457
vn -0.2744 0.9418 -0.1943
vn -0.5682 0.6896 -0.4490
vn -0.4830 0.8691 -0.1068
vn -0.8854 0.4546 0.0972
vn -0.4541 0.6939 -0.5588
vn -0.9400 0.3026 0.1575
vn 0.0046 0.9356 -0.3531
vn 0.0051 0.9828 -0.1847
vn 0.2617 0.9526 -0.1550
vn 0.4750 0.8730 -0.1107
vn -0.2579 0.0740 -0.9633
vn -0.3453 -0.0546 -0.9369
vn -0.9991 -0.0283 -0.0322
vn -0.9949 0.0978 -0.0233
vn -0.9973 -0.0608 -0.0410
vn -0.5010 0.5842 -0.6385
vn 0.4901 -0.1525 0.8582
vn 0.3476 -0.0939 0.9329
vn 0.0319 -0.2443 0.9692
vn -0.0186 -0.1219 0.9924
vn -0.4747 0.1629 0.8650
vn -0.4898 0.8251 0.2815
vn 0.0275 -0.5922 -0.8053
vn 0.2538 -0.7408 -0.6220
vn -0.0276 -0.1966 0.9801
vn -0.0974 -0.0743 0.9925
vn -0.0638 0.0303 0.9975
vn -0.0074 0.0550 0.9985
vn -0.0336 -0.9889 0.1447
vn 0.0064 -0.9873 0.1588
vn -0.0544 -0.5473 0.8351
vn -0.0071 -0.4143 0.9101
vn -0.0296 0.2505 0.9677
vn 0.4218 0.1700 0.8906
vn 0.0086 0.1674 -0.9859
vn 0.1726 0.0898 -0.9809
vn -0.9996 -0.0200 -0.0196
vn -0.4107 -0.0577 0.9100
vn 0.4401 0.6923 -0.5718
vn 0.0187 0.5775 -0.8162
vn 0.3799 -0.0028 -0.9250
vn 0.0281 -0.1060 -0.9940
vn 0.5267 0.5925 -0.6095
vn 0.0146 0.6972 -0.7167
vn 0.4597 0.8328 0.3083
vn -0.0161 0.9553 0.2952
vn -0.2740 0.9346 0.2270
vn -0.6300 0.6350 0.4472
vn 0.0009 0.9257 0.3783
vn 0.0019 0.7400 0.6726
vn -0.9027 0.4230 -0.0787
vn -0.5535 0.8215 0.1371
vn -0.0082 0.2903 0.9569
vn -0.5884 0.3757 0.7160
vn 0.0011 0.9681 0.2505
vn 0.0708 -0.9780 -0.1960
vn 0.0578 -0.2978 -0.9529
vn 0.0137 -0.9767 -0.2141
vn 0.0085 -0.1683 -0.9857
vn -0.4818 -0.2307 0.8454
vn -0.9946 0.0878 0.0559
vn -0.9399 0.3408 -0.0211
vn 0.3030 0.0777 -0.9498
vn 0.0281 0.1563 -0.9873
vn 0.0707 0.2744 -0.9590
vn -0.0178 0.3065 -0.9517
vn 0.8591 0.4962 0.1257
vn 0.5777 0.6852 -0.4435
vn 0.9163 0.3618 0.1719
vn 0.9681 0.2098 0.1372
vn 0.9944 0.0610 0.0862
vn 0.9989 -0.0446 0.0154
vn -0.2063 -0.7445 -0.6349
vn 0.0602 -0.0718 0.9956
vn 0.0474 0.0053 0.9989
vn 0.0467 -0.9880 0.1475
vn 0.0255 -0.5189 0.8545
vn -0.0939 0.1496 -0.9843
vn 0.9979 0.0534 0.0355
vn 0.2335 0.9463 0.2237
vn 0.5514 0.7335 0.3973
vn 0.4595 0.8709 0.1742
vn 0.8464 0.5291 -0.0612
vn 0.4721 0.5281 0.7058
vn -0.0093 -0.3754 -0.9268
vn -0.0361 -0.9824 -0.1832
vn 0.9668 0.1894 0.1718
vn 0.8961 0.4403 0.0554
vn -0.0229 0.2387 -0.9708
vn -0.0033 0.6958 -0.7182
vn -0.0156 -0.9992 -0.0362
vn 0.0102 -0.9993 -0.0369
vn 0.0383 -0.9987 -0.0349
vn -0.0109 -0.9990 -0.0444
vn 0.0082 -0.9984 -0.0559
vn 0.0299 -0.9985 -0.0457
vn 0.5857 0.6242 -0.5170
vn 0.0276 0.6318 -0.7747
vn 0.2209 0.9603 -0.1704
vn -0.0076 0.9795 -0.2012
vn 0.7236 0.0578 -0.6877
vn 0.0306 0.0777 -0.9965
vn 0.0318 -0.6871 -0.7259
vn 0.4842 -0.7210 -0.4957
vn -0.0023 0.8597 -0.5108
vn 0.4145 0.8314 -0.3700
vn -0.4856 -0.6768 -0.5533
vn -0.3734 0.8654 -0.3341
vn -0.7388 -0.6735 -0.0237
vn -0.5269 0.8490 0.0391
vn -0.8240 0.5659 0.0279
vn -0.5836 0.5856 -0.5625
vn -0.5999 0.5101 0.6164
vn -0.7122 0.0300 0.7013
vn -0.9973 0.0733 -0.0025
vn -0.0194 0.7897 0.6132
vn -0.3915 0.8179 0.4216
vn -0.0162 0.4868 0.8734
vn 0.4130 0.7806 0.4692
vn 0.5892 0.4967 0.6373
vn -0.5201 -0.6755 0.5226
vn 0.0104 -0.7692 0.6390
vn 0.4661 -0.7777 0.4218
vn -0.0139 0.0194 0.9997
vn -0.6954 0.1198 -0.7086
vn 0.0083 0.5976 -0.8018
vn 0.0151 0.1404 -0.9900
vn 0.5997 0.5708 -0.5608
vn 0.7099 0.1304 -0.6921
vn -0.6979 0.0285 0.7156
vn 0.0026 -0.0275 0.9996
vn -0.6849 0.0631 -0.7259
vn -0.9985 0.0552 -0.0020
vn -0.8224 0.5683 0.0251
vn -0.5711 0.5414 0.6170
vn 0.0043 0.5398 0.8418
vn -0.5565 0.6109 -0.5631
vn -0.2524 0.9496 -0.1860
vn 0.6035 0.7961 0.0448
vn 0.5970 -0.8013 -0.0382
vn 0.9985 -0.0544 0.0033
vn 0.7100 -0.0121 0.7041
vn -0.0631 -0.9980 0.0097
vn -0.0743 -0.9954 -0.0611
vn 0.7917 0.6094 0.0423
vn 0.5730 0.5636 0.5951
vn 0.2151 0.9336 0.2865
vn 0.2397 0.9688 0.0630
vn 0.0030 -0.9995 0.0325
vn -0.0113 0.9494 0.3139
vn -0.0084 0.9981 0.0604
vn 0.0797 -0.9902 -0.1151
vn 0.0077 -0.9917 -0.1284
vn 0.8544 0.5182 0.0375
vn 0.6946 0.0395 0.7183
vn 0.9961 0.0877 0.0138
vn 0.0634 -0.9979 0.0116
vn 0.0737 -0.9963 -0.0440
vn -0.2570 0.9218 0.2901
vn -0.2776 0.9591 0.0546
vn -0.4445 -0.7945 0.4138
vn -0.0077 -0.8019 0.5974
vn -0.6343 -0.7725 -0.0309
vn 0.0135 -0.7394 -0.6731
vn 0.4524 -0.7478 -0.4860
vn -0.4379 -0.7565 -0.4857
vn -0.0271 -0.9952 -0.0943
vn 0.4461 -0.7976 0.4060
vn 0.6323 -0.7732 -0.0476
vn -0.5857 0.6242 -0.5170
vn -0.2208 0.9603 -0.1704
vn -0.0276 0.6318 -0.7747
vn 0.0076 0.9795 -0.2012
vn -0.7237 0.0577 -0.6877
vn -0.0307 0.0777 -0.9965
vn -0.4842 -0.7210 -0.4956
vn -0.0317 -0.6871 -0.7259
vn 0.0024 0.8597 -0.5108
vn -0.4145 0.8314 -0.3700
vn 0.3734 0.8654 -0.3342
vn 0.4855 -0.6768 -0.5534
vn 0.7388 -0.6735 -0.0236
vn 0.5269 0.8490 0.0391
vn 0.8240 0.5659 0.0279
vn 0.5836 0.5856 -0.5625
vn 0.5999 0.5101 0.6164
vn 0.7113 0.0300 0.7022
vn 0.9973 0.0733 -0.0025
vn 0.0194 0.7897 0.6132
vn 0.0163 0.4868 0.8734
vn 0.3915 0.8179 0.4216
vn -0.5892 0.4967 0.6373
vn -0.4130 0.7805 0.4693
vn 0.5201 -0.6756 0.5225
vn -0.0103 -0.7691 0.6390
vn -0.4661 -0.7777 0.4218
vn 0.0139 0.0195 0.9997
vn 0.6956 0.1198 -0.7084
vn -0.0084 0.5975 -0.8018
vn -0.0151 0.1404 -0.9900
vn -0.5997 0.5708 -0.5608
vn -0.7103 0.1305 -0.6917
vn -0.0026 -0.0274 0.9996
vn 0.6978 0.0285 0.7157
vn 0.6849 0.0631 -0.7259
vn 0.9985 0.0552 -0.0020
vn 0.5711 0.5414 0.6170
vn 0.8225 0.5682 0.0263
vn -0.0043 0.5398 0.8418
vn 0.5565 0.6109 -0.5631
vn 0.2524 0.9496 -0.1860
vn -0.6035 0.7961 0.0448
vn -0.5971 -0.8013 -0.0382
vn -0.7100 -0.0122 0.7041
vn -0.9985 -0.0544 0.0034
vn 0.0631 -0.9980 0.0098
vn 0.0743 -0.9954 -0.0611
vn -0.5730 0.5636 0.5951
vn -0.7917 0.6093 0.0436
vn -0.2151 0.9336 0.2864
vn -0.2397 0.9688 0.0630
vn -0.0029 -0.9995 0.0325
vn 0.0113 0.9494 0.3139
vn 0.0085 0.9981 0.0609
vn -0.0796 -0.9902 -0.1151
vn -0.0077 -0.9917 -0.1283
vn -0.8544 0.5182 0.0375
vn -0.9961 0.0876 0.0139
vn -0.6945 0.0396 0.7184
vn -0.0737 -0.9963 -0.0439
vn -0.0634 -0.9979 0.0116
vn 0.2569 0.9218 0.2901
vn 0.2776 0.9591 0.0546
vn 0.4445 -0.7945 0.4137
vn 0.0076 -0.8018 0.5975
vn 0.6342 -0.7725 -0.0309
vn -0.4524 -0.7478 -0.4860
vn -0.0136 -0.7395 -0.6731
vn 0.4378 -0.7566 -0.4857
vn -0.4461 -0.7976 0.4060
vn 0.0271 -0.9952 -0.0943
vn -0.6324 -0.7732 -0.0476
vn -0.5928 0.6140 -0.5212
vn -0.2256 0.9567 -0.1838
vn -0.0374 0.6190 -0.7845
vn 0.0024 0.9761 -0.2171
vn -0.7307 0.0444 -0.6812
vn -0.0409 0.0614 -0.9973
vn -0.4870 -0.7304 -0.4789
vn -0.0369 -0.6989 -0.7142
vn -0.0055 0.8513 -0.5247
vn -0.4208 0.8240 -0.3793
vn 0.3674 0.8609 -0.3520
vn 0.4821 -0.6843 -0.5472
vn 0.7407 -0.6716 -0.0201
vn 0.5247 0.8511 0.0199
vn 0.8225 0.5687 0.0103
vn 0.5761 0.5780 -0.5779
vn 0.6045 0.5218 0.6020
vn 0.7183 0.0435 0.6944
vn 0.9970 0.0762 -0.0137
vn 0.0231 0.7997 0.6000
vn 0.0235 0.5010 0.8651
vn 0.3932 0.8258 0.4043
vn -0.5843 0.5053 0.6351
vn -0.4106 0.7869 0.4606
vn 0.5275 -0.6654 0.5282
vn -0.0015 -0.7586 0.6516
vn -0.4594 -0.7721 0.4391
vn 0.0239 0.0357 0.9991
vn 0.6880 0.1103 -0.7172
vn -0.0183 0.5844 -0.8113
vn -0.0255 0.1242 -0.9919
vn -0.6071 0.5598 -0.5639
vn -0.7177 0.1170 -0.6865
vn 0.0076 -0.0111 0.9999
vn 0.7049 0.0423 0.7080
vn 0.6774 0.0533 -0.7337
vn 0.9982 0.0581 -0.0130
vn 0.5756 0.5531 0.6023
vn 0.8209 0.5711 0.0088
vn 0.0025 0.5534 0.8329
vn 0.5489 0.6033 -0.5786
vn 0.2475 0.9472 -0.2040
vn -0.6054 0.7950 0.0379
vn -0.5949 -0.8036 -0.0191
vn -0.7029 -0.0028 0.7113
vn -0.9983 -0.0573 0.0144
vn 0.0663 -0.9975 0.0253
vn 0.0769 -0.9960 -0.0456
vn -0.5687 0.5715 0.5916
vn -0.7932 0.6076 0.0417
vn -0.2151 0.9376 0.2734
vn -0.2421 0.9690 0.0496
vn 0.0005 -0.9988 0.0488
vn 0.0115 0.9544 0.2983
vn 0.0059 0.9990 0.0442
vn -0.0776 -0.9921 -0.0982
vn -0.0059 -0.9937 -0.1120
vn -0.8556 0.5162 0.0377
vn -0.9961 0.0849 0.0226
vn -0.6875 0.0491 0.7246
vn -0.0711 -0.9971 -0.0270
vn -0.0601 -0.9978 0.0285
vn 0.2570 0.9272 0.2725
vn 0.2751 0.9607 0.0362
vn 0.4515 -0.7863 0.4218
vn 0.0162 -0.7920 0.6104
vn 0.6363 -0.7711 -0.0247
vn -0.4550 -0.7569 -0.4691
vn -0.0180 -0.7503 -0.6609
vn 0.4354 -0.7631 -0.4777
vn -0.4394 -0.7923 0.4234
vn 0.0296 -0.9965 -0.0786
vn -0.6304 -0.7757 -0.0286
vn 0.5928 0.6140 -0.5212
vn 0.0374 0.6190 -0.7845
vn 0.2256 0.9567 -0.1838
vn -0.0024 0.9761 -0.2171
vn 0.7307 0.0444 -0.6813
vn 0.0409 0.0614 -0.9973
vn 0.0369 -0.6989 -0.7142
vn 0.4870 -0.7304 -0.4789
vn 0.0055 0.8512 -0.5247
vn 0.4208 0.8240 -0.3793
vn -0.4820 -0.6843 -0.5472
vn -0.3674 0.8609 -0.3520
vn -0.7407 -0.6716 -0.0201
vn -0.5247 0.8511 0.0199
vn -0.8224 0.5688 0.0104
vn -0.5761 0.5781 -0.5779
vn -0.6045 0.5218 0.6020
vn -0.7192 0.0436 0.6935
vn -0.9970 0.0762 -0.0138
vn -0.0231 0.7997 0.5999
vn -0.3932 0.8258 0.4043
vn -0.0235 0.5010 0.8651
vn 0.4106 0.7869 0.4606
vn 0.5843 0.5053 0.6351
vn -0.5275 -0.6654 0.5282
vn 0.0015 -0.7586 0.6515
vn 0.4595 -0.7720 0.4391
vn -0.0239 0.0358 0.9991
vn -0.6879 0.1103 -0.7174
vn 0.0183 0.5844 -0.8113
vn 0.0255 0.1242 -0.9919
vn 0.6071 0.5598 -0.5640
vn 0.7172 0.1170 -0.6869
vn -0.7050 0.0423 0.7080
vn -0.0076 -0.0111 0.9999
vn -0.6773 0.0533 -0.7337
vn -0.9982 0.0580 -0.0129
vn -0.8208 0.5711 0.0075
vn -0.5756 0.5531 0.6023
vn -0.0025 0.5534 0.8329
vn -0.5489 0.6033 -0.5786
vn -0.2475 0.9472 -0.2040
vn 0.6054 0.7950 0.0379
vn 0.5949 -0.8036 -0.0191
vn 0.9983 -0.0573 0.0143
vn 0.7029 -0.0028 0.7113
vn -0.0663 -0.9975 0.0254
vn -0.0769 -0.9960 -0.0457
vn 0.7932 0.6076 0.0403
vn 0.5687 0.5715 0.5916
vn 0.2151 0.9376 0.2734
vn 0.2421 0.9690 0.0497
vn -0.0005 -0.9988 0.0487
vn -0.0115 0.9544 0.2983
vn -0.0060 0.9990 0.0446
vn 0.0776 -0.9921 -0.0981
vn 0.0059 -0.9937 -0.1120
vn 0.8556 0.5162 0.0377
vn 0.6874 0.0492 0.7246
vn 0.9961 0.0849 0.0224
vn 0.0602 -0.9978 0.0285
vn 0.0710 -0.9971 -0.0270
vn -0.2570 0.9272 0.2725
vn -0.2751 0.9607 0.0362
vn -0.4513 -0.7862 0.4222
vn -0.0162 -0.7920 0.6103
vn -0.6363 -0.7710 -0.0247
vn 0.0180 -0.7503 -0.6609
vn 0.4550 -0.7569 -0.4691
vn -0.4354 -0.7630 -0.4777
vn -0.0295 -0.9965 -0.0785
vn 0.4394 -0.7923 0.4234
vn 0.6304 -0.7757 -0.0286
vn -0.0000 -0.2545 0.9671
vn 0.2753 -0.3083 0.9106
vn -0.0001 -0.1682 0.9857
vn 0.0979 -0.1102 0.9891
vn 0.1986 0.0282 0.9797
vn 0.7184 0.1129 0.6865
vn 0.2598 -0.0613 0.9637
vn 0.5971 -0.1096 0.7947
vn 0.2542 0.0691 -0.9647
vn -0.4453 -0.0075 -0.8954
vn 0.3017 -0.0160 -0.9533
vn -0.1176 0.0574 -0.9914
vn 0.4364 -0.4006 0.8057
vn 0.0026 -0.1286 0.9917
vn 0.3147 0.3582 0.8790
vn 0.2415 0.3139 0.9182
vn 0.2641 0.4528 -0.8516
vn -0.1264 -0.3990 0.9082
vn -0.1142 -0.0023 0.9935
vn 0.1271 0.3793 0.9165
vn 0.3240 0.1871 0.9274
vn 0.5279 0.1319 0.8390
vn 0.1732 0.5653 0.8065
vn -0.4225 -0.0607 0.9043
vn -0.1372 -0.2988 -0.9444
vn 0.1200 0.5506 -0.8261
vn -0.7530 -0.1208 -0.6468
vn -0.8103 -0.1230 -0.5729
vn -0.2725 -0.7481 -0.6051
vn -0.0288 -0.0911 -0.9954
vn -0.7714 -0.2307 -0.5931
vn 0.0035 -0.1241 -0.9923
vn -0.0011 0.6077 -0.7942
vn 0.0932 -0.0496 -0.9944
vn -0.6077 0.6094 -0.5092
vn -0.8278 -0.1129 0.5495
vn -0.6705 -0.1650 0.7234
vn -0.2603 -0.7836 0.5642
vn -0.5960 -0.2815 0.7520
vn -0.0002 0.6536 0.7569
vn -0.4611 0.4849 0.7431
vn -0.0000 -0.2192 -0.9757
vn 0.2887 -0.2393 -0.9271
vn 0.8248 0.2186 -0.5214
vn 0.7041 -0.0941 -0.7039
vn 0.3924 -0.3547 -0.8487
vn 0.3807 0.5239 -0.7620
vn 0.3803 0.2655 -0.8859
vn 0.6604 0.2040 -0.7227
vn 0.1447 0.6796 -0.7192
vn -0.0966 -0.1096 0.9893
vn -0.2746 -0.3067 0.9113
vn -0.1999 0.0249 0.9795
vn -0.2597 -0.0613 0.9637
vn -0.7190 0.1100 0.6863
vn -0.5971 -0.1096 0.7946
vn -0.2634 0.0736 -0.9619
vn -0.3018 -0.0160 -0.9533
vn 0.4481 -0.0130 -0.8939
vn 0.1176 0.0574 -0.9914
vn 0.0013 -0.1225 0.9925
vn -0.4201 -0.3673 0.8298
vn -0.2415 0.3138 0.9183
vn -0.3148 0.3582 0.8790
vn -0.2641 0.4528 -0.8516
vn 0.1226 -0.3818 0.9161
vn -0.1264 0.3724 0.9194
vn 0.1142 -0.0024 0.9935
vn -0.3297 0.1858 0.9256
vn -0.5301 0.1299 0.8379
vn -0.1758 0.5647 0.8064
vn 0.4225 -0.0610 0.9043
vn -0.1177 0.5484 -0.8279
vn 0.1314 -0.2792 -0.9512
vn 0.7530 -0.1208 -0.6468
vn 0.8115 -0.1195 -0.5720
vn 0.2693 -0.7489 -0.6055
vn 0.6133 -0.2283 -0.7561
vn 0.0079 -0.0947 -0.9955
vn 0.5017 0.5211 -0.6905
vn -0.1191 -0.0889 -0.9889
vn 0.6709 -0.1650 0.7229
vn 0.8282 -0.1114 0.5493
vn 0.2629 -0.7831 0.5636
vn 0.5975 -0.2837 0.7500
vn 0.4653 0.4779 0.7450
vn -0.3057 -0.2945 -0.9054
vn -0.7041 -0.0941 -0.7038
vn -0.8250 0.2173 -0.5217
vn -0.4725 -0.3634 -0.8029
vn -0.3807 0.5239 -0.7620
vn -0.6624 0.1972 -0.7227
vn -0.3949 0.2952 -0.8700
vn -0.1432 0.6798 -0.7193
vn -0.0979 -0.1102 0.9891
vn -0.2753 -0.3083 0.9106
vn 0.0001 -0.1682 0.9857
vn -0.1986 0.0282 0.9797
vn -0.2598 -0.0614 0.9637
vn -0.7183 0.1129 0.6865
vn -0.5971 -0.1096 0.7947
vn -0.2542 0.0691 -0.9647
vn -0.3017 -0.0160 -0.9533
vn 0.4453 -0.0075 -0.8954
vn -0.0026 -0.1286 0.9917
vn -0.4364 -0.4006 0.8057
vn -0.2415 0.3139 0.9182
vn -0.3148 0.3581 0.8790
vn 0.1264 -0.3990 0.9082
vn -0.1271 0.3793 0.9165
vn 0.1142 -0.0023 0.9935
vn -0.3240 0.1871 0.9274
vn -0.5279 0.1319 0.8390
vn -0.1732 0.5653 0.8065
vn 0.4225 -0.0607 0.9043
vn -0.1199 0.5506 -0.8261
vn 0.1372 -0.2988 -0.9444
vn 0.8103 -0.1230 -0.5729
vn 0.2725 -0.7481 -0.6051
vn 0.7714 -0.2307 -0.5931
vn 0.0288 -0.0912 -0.9954
vn 0.6077 0.6094 -0.5092
vn 0.0011 0.6077 -0.7942
vn -0.0932 -0.0496 -0.9944
vn -0.0035 -0.1241 -0.9923
vn 0.6705 -0.1650 0.7234
vn 0.8278 -0.1129 0.5495
vn 0.2603 -0.7836 0.5642
vn 0.5960 -0.2815 0.7520
vn 0.4611 0.4850 0.7431
vn 0.0002 0.6536 0.7569
vn -0.2887 -0.2393 -0.9271
vn -0.7041 -0.0941 -0.7039
vn -0.8248 0.2186 -0.5214
vn -0.3923 -0.3547 -0.8487
vn -0.6603 0.2040 -0.7227
vn -0.3803 0.2655 -0.8859
vn -0.1447 0.6796 -0.7192
vn 0.2746 -0.3067 0.9113
vn 0.0966 -0.1096 0.9893
vn 0.1999 0.0249 0.9795
vn 0.7190 0.1100 0.6863
vn 0.2597 -0.0613 0.9637
vn 0.5971 -0.1096 0.7946
vn 0.2634 0.0736 -0.9619
vn -0.4480 -0.0129 -0.8939
vn 0.3018 -0.0160 -0.9533
vn 0.4201 -0.3673 0.8298
vn -0.0013 -0.1225 0.9925
vn 0.2415 0.3138 0.9183
vn 0.2642 0.4527 -0.8516
vn -0.1226 -0.3818 0.9161
vn -0.1142 -0.0024 0.9935
vn 0.1264 0.3724 0.9194
vn 0.3297 0.1858 0.9256
vn 0.5301 0.1299 0.8379
vn 0.1758 0.5647 0.8064
vn -0.4225 -0.0610 0.9043
vn -0.1314 -0.2792 -0.9512
vn 0.1177 0.5484 -0.8279
vn -0.8116 -0.1195 -0.5719
vn -0.2693 -0.7489 -0.6055
vn -0.0079 -0.0947 -0.9955
vn -0.6133 -0.2283 -0.7561
vn 0.1191 -0.0889 -0.9889
vn -0.5016 0.5211 -0.6905
vn -0.8282 -0.1114 0.5493
vn -0.6710 -0.1651 0.7229
vn -0.2629 -0.7831 0.5636
vn -0.5975 -0.2837 0.7500
vn -0.4654 0.4779 0.7449
vn 0.3057 -0.2945 -0.9054
vn 0.8250 0.2173 -0.5217
vn 0.7041 -0.0941 -0.7038
vn 0.4725 -0.3634 -0.8029
vn 0.3949 0.2952 -0.8700
vn 0.6624 0.1972 -0.7227
vn 0.1432 0.6798 -0.7193
vn -0.5418 0.4522 -0.7085
vn 0.0046 0.5860 -0.8103
vn -0.5019 0.5543 -0.6639
vn 0.0085 0.5739 -0.8189
vn -0.6882 0.6563 -0.3093
vn -0.7998 0.5189 -0.3018
vn 0.5208 0.2639 -0.8119
vn 0.0068 0.3421 -0.9396
vn 0.5223 0.5370 -0.6624
vn 0.5681 0.4312 -0.7009
vn -0.5099 0.2796 -0.8135
vn 0.8263 0.4736 -0.3048
vn 0.7090 0.6349 -0.3069
vn 0.8852 0.1144 -0.4509
vn 0.8520 0.4431 0.2789
vn 0.9925 -0.0663 0.1028
vn 0.5181 0.0559 -0.8535
vn 0.7826 -0.3008 -0.5451
vn 0.2942 -0.5583 0.7757
vn 0.9201 0.3096 0.2399
vn -0.8388 0.4690 0.2764
vn -0.8998 0.3619 0.2437
vn -0.0108 -0.6213 0.7835
vn -0.0102 -0.7206 -0.6933
vn -0.0001 -0.1198 -0.9928
vn 0.0041 0.1630 -0.9866
vn -0.5131 0.0717 -0.8553
vn -0.7895 -0.2768 -0.5477
vn -0.8799 0.1410 -0.4538
vn -0.3137 -0.5489 0.7748
vn -0.9944 -0.0353 0.1000
vn 0.0168 0.9168 -0.3990
vn 0.0145 0.9344 0.3558
vn 0.5417 0.4522 -0.7085
vn 0.5019 0.5544 -0.6639
vn -0.0046 0.5860 -0.8103
vn -0.0085 0.5739 -0.8189
vn 0.7998 0.5189 -0.3018
vn 0.6882 0.6563 -0.3093
vn -0.0068 0.3421 -0.9396
vn -0.5223 0.5370 -0.6624
vn -0.5208 0.2639 -0.8119
vn -0.5681 0.4312 -0.7009
vn 0.5099 0.2796 -0.8135
vn -0.8263 0.4736 -0.3048
vn -0.7090 0.6349 -0.3069
vn -0.8852 0.1144 -0.4509
vn -0.9925 -0.0663 0.1028
vn -0.8520 0.4431 0.2788
vn -0.7826 -0.3008 -0.5451
vn -0.5181 0.0559 -0.8535
vn -0.2942 -0.5582 0.7758
vn -0.9201 0.3096 0.2399
vn 0.8389 0.4689 0.2764
vn 0.8998 0.3619 0.2437
vn 0.0108 -0.6213 0.7835
vn 0.0102 -0.7206 -0.6933
vn 0.0001 -0.1198 -0.9928
vn 0.5131 0.0717 -0.8553
vn -0.0042 0.1633 -0.9866
vn 0.7895 -0.2768 -0.5477
vn 0.8799 0.1410 -0.4538
vn 0.3137 -0.5489 0.7748
vn 0.9944 -0.0353 0.1000
vn -0.0168 0.9168 -0.3989
vn -0.0145 0.9344 0.3558
vn 0.5541 0.4720 -0.6857
vn -0.0015 0.3682 -0.9298
vn 0.6991 0.4014 -0.5917
vn -0.0012 0.5331 -0.8461
vn 0.4891 0.4633 -0.7390
vn 0.4049 0.3928 -0.8257
vn -0.0013 0.4478 -0.8941
vn -0.0013 0.3686 -0.9296
vn 0.3052 0.4930 -0.8147
vn -0.0014 0.4139 -0.9103
vn -0.5532 0.4739 -0.6852
vn -0.4891 0.4645 -0.7382
vn 0.3276 0.1891 -0.9257
vn -0.0004 0.1742 -0.9847
vn -0.4057 0.3941 -0.8247
vn -0.3067 0.4936 -0.8138
vn -0.3296 0.1901 -0.9248
vn -0.6978 0.4044 -0.5913
vn -0.9488 0.3024 -0.0914
vn -0.9670 0.1882 -0.1715
vn 0.9502 0.2984 -0.0897
vn 0.3626 0.5801 0.7294
vn 0.9301 0.2413 -0.2771
vn 0.9452 0.1510 -0.2895
vn 0.0007 0.5979 0.8016
vn -0.3577 0.5824 0.7300
vn 0.5521 -0.4738 -0.6861
vn -0.0006 -0.7415 -0.6709
vn -0.9442 0.1551 -0.2906
vn -0.9289 0.2448 -0.2780
vn 0.9680 0.1842 -0.1704
vn -0.5539 -0.4715 -0.6862
vn 0.3536 -0.4970 0.7924
vn 0.0011 -0.6109 0.7917
vn 0.3753 -0.7330 0.5673
vn 0.0005 -0.7965 0.6046
vn -0.4896 -0.4553 0.7436
vn 0.0012 -0.5877 0.8091
vn -0.5450 -0.4008 0.7365
vn 0.0012 -0.6436 0.7654
vn -0.4269 -0.5464 0.7206
vn 0.0011 -0.6431 0.7658
vn -0.3525 -0.4964 0.7933
vn -0.6866 -0.3202 0.6528
vn 0.0015 -0.4757 0.8796
vn 0.4897 -0.4564 0.7429
vn 0.4271 -0.5471 0.7199
vn 0.5444 -0.4023 0.7360
vn 0.6856 -0.3220 0.6528
vn -0.3751 -0.7327 0.5679
vn 0.0017 0.8257 0.5642
vn -0.9626 -0.0755 0.2600
vn -0.9448 0.0452 0.3246
vn -0.9244 -0.1439 0.3533
vn -0.9379 -0.1984 0.2847
vn -0.4022 0.8953 0.1917
vn -0.0006 0.9731 0.2303
vn 0.9620 -0.0795 0.2611
vn 0.9367 -0.2023 0.2857
vn 0.4061 0.8927 0.1953
vn 0.9445 0.0407 0.3259
vn -0.5305 -0.8240 -0.1991
vn -0.0014 -0.9334 -0.3588
vn 0.5285 -0.8255 -0.1980
vn 0.9236 -0.1476 0.3539
vn -0.0017 0.5330 -0.8461
vn 0.0016 0.3682 -0.9297
vn -0.6991 0.4014 -0.5917
vn -0.5541 0.4720 -0.6857
vn -0.4891 0.4633 -0.7390
vn 0.0013 0.4479 -0.8941
vn -0.4049 0.3928 -0.8257
vn 0.0014 0.3686 -0.9296
vn 0.0014 0.4139 -0.9103
vn -0.3052 0.4930 -0.8147
vn 0.4892 0.4645 -0.7382
vn 0.5532 0.4739 -0.6852
vn -0.3276 0.1891 -0.9257
vn 0.0013 0.1742 -0.9847
vn 0.3067 0.4936 -0.8138
vn 0.4057 0.3941 -0.8247
vn 0.3296 0.1901 -0.9248
vn 0.6978 0.4044 -0.5913
vn 0.9488 0.3024 -0.0914
vn 0.9670 0.1882 -0.1715
vn -0.9502 0.2984 -0.0897
vn -0.3626 0.5800 0.7295
vn -0.9452 0.1510 -0.2895
vn -0.9301 0.2413 -0.2771
vn -0.0007 0.5979 0.8016
vn 0.3577 0.5825 0.7299
vn -0.5521 -0.4738 -0.6860
vn 0.0006 -0.7415 -0.6709
vn 0.9442 0.1551 -0.2906
vn 0.9288 0.2448 -0.2780
vn -0.9680 0.1842 -0.1704
vn 0.5539 -0.4715 -0.6862
vn -0.3536 -0.4970 0.7924
vn -0.3753 -0.7330 0.5673
vn -0.0011 -0.6109 0.7917
vn 0.0003 -0.7965 0.6046
vn -0.0012 -0.6436 0.7654
vn -0.0012 -0.5877 0.8091
vn 0.5450 -0.4008 0.7365
vn 0.4896 -0.4553 0.7436
vn 0.4269 -0.5464 0.7206
vn -0.0009 -0.6431 0.7658
vn 0.3525 -0.4964 0.7933
vn 0.0016 -0.4757 0.8796
vn 0.6866 -0.3201 0.6528
vn -0.4897 -0.4564 0.7429
vn -0.4271 -0.5471 0.7199
vn -0.5444 -0.4023 0.7360
vn -0.6856 -0.3221 0.6528
vn 0.3751 -0.7327 0.5679
vn -0.0017 0.8257 0.5642
vn 0.9448 0.0452 0.3246
vn 0.9626 -0.0755 0.2600
vn 0.9379 -0.1984 0.2847
vn 0.9244 -0.1439 0.3533
vn 0.0006 0.9731 0.2303
vn 0.4022 0.8953 0.1917
vn -0.9367 -0.2023 0.2857
vn -0.9620 -0.0795 0.2611
vn -0.9445 0.0407 0.3260
vn -0.4061 0.8927 0.1954
vn 0.5305 -0.8240 -0.1991
vn -0.5285 -0.8255 -0.1981
vn 0.0014 -0.9334 -0.3588
vn -0.9236 -0.1476 0.3539
vn 0.2052 0.1841 0.9612
vn -0.1502 0.1483 0.9775
vn 0.4950 0.7556 0.4289
vn -0.1024 0.1048 0.9892
vn -0.4402 0.0137 -0.8978
vn -0.0129 -0.4540 -0.8909
vn 0.3255 -0.2656 -0.9075
vn 0.1754 0.1108 -0.9782
vn 0.6032 -0.0645 -0.7950
vn 0.6457 -0.1441 -0.7499
vn 0.4049 0.4344 -0.8046
vn -0.0000 -0.3886 -0.9214
vn -0.0217 -0.2941 -0.9555
vn -0.0000 -0.8119 -0.5838
vn -0.0000 -0.0120 0.9999
vn -0.0000 -0.4295 0.9031
vn -0.2546 0.2325 0.9387
vn 0.7270 -0.0519 0.6847
vn 0.8435 -0.2818 -0.4574
vn -0.6687 0.3004 0.6802
vn 0.1067 0.0560 0.9927
vn -0.8217 0.1423 0.5518
vn 0.3190 -0.2301 0.9194
vn 0.1220 -0.2214 -0.9675
vn 0.6681 -0.4121 -0.6195
vn -0.0000 0.5814 0.8137
vn -0.0000 0.2355 -0.9719
vn -0.9160 0.0099 -0.4010
vn -0.6031 -0.0367 -0.7968
vn -0.8332 0.3204 0.4507
vn -0.9162 0.2650 0.3007
vn -0.0000 -0.8444 -0.5357
vn 0.8712 -0.3140 -0.3774
vn 0.7145 -0.4675 -0.5205
vn -0.0000 -0.0986 -0.9951
vn -0.0000 -0.5560 -0.8312
vn -0.0000 0.1290 -0.9916
vn -0.0000 0.4762 0.8793
vn -0.0000 0.1272 0.9919
vn -0.1540 -0.7603 0.6311
vn -0.7291 0.1730 0.6622
vn -0.0000 0.0550 0.9985
vn -0.0000 -0.6751 0.7377
vn -0.2052 0.1841 0.9612
vn -0.4950 0.7556 0.4289
vn 0.1502 0.1482 0.9775
vn 0.1024 0.1049 0.9892
vn -0.1754 0.1108 -0.9782
vn 0.0129 -0.4540 -0.8909
vn -0.3255 -0.2656 -0.9075
vn 0.4402 0.0137 -0.8978
vn -0.6457 -0.1441 -0.7499
vn -0.4049 0.4344 -0.8046
vn -0.6032 -0.0645 -0.7950
vn 0.0217 -0.2941 -0.9555
vn 0.2546 0.2325 0.9387
vn -0.7270 -0.0519 0.6847
vn -0.8435 -0.2818 -0.4573
vn -0.1067 0.0560 0.9927
vn 0.8217 0.1423 0.5518
vn 0.6687 0.3004 0.6802
vn -0.3190 -0.2301 0.9194
vn -0.1220 -0.2214 -0.9675
vn -0.6681 -0.4121 -0.6195
vn 0.9160 0.0100 -0.4011
vn 0.6031 -0.0367 -0.7968
vn 0.9162 0.2650 0.3007
vn 0.8332 0.3204 0.4507
vn -0.8712 -0.3140 -0.3774
vn -0.7145 -0.4675 -0.5205
vn 0.1557 -0.7611 0.6296
vn 0.7291 0.1730 0.6622
vn 0.6102 -0.0027 0.7922
vn -0.0000 0.0057 1.0000
vn 0.6086 -0.0005 0.7934
vn 0.0766 0.0621 0.9951
vn 0.6404 -0.0938 0.7623
vn 0.3251 0.3071 0.8944
vn 0.6069 0.2796 0.7440
vn -0.5013 -0.0874 -0.8608
vn -0.0993 -0.2399 -0.9657
vn 0.6103 0.0191 -0.7920
vn 0.5806 -0.2347 -0.7796
vn 0.5814 -0.0321 0.8130
vn 0.4472 0.0290 0.8940
vn 0.1209 0.0660 0.9905
vn -0.1191 -0.0073 0.9929
vn 0.5985 0.2181 0.7709
vn 0.6709 0.1075 0.7337
vn 0.3570 0.3421 0.8692
vn 0.3293 0.3559 0.8746
vn 0.5149 0.6627 0.5438
vn 0.1554 0.7892 0.5942
vn 0.3356 0.4721 0.8152
vn 0.1566 0.3093 0.9380
vn -0.0078 0.3311 0.9436
vn -0.3367 0.0205 0.9414
vn 0.0102 0.7991 0.6011
vn 0.0447 0.7351 0.6765
vn 0.0082 0.8069 0.5906
vn -0.0943 0.0442 0.9946
vn -0.0664 0.2890 0.9550
vn -0.3150 -0.5318 -0.7861
vn 0.4690 -0.0211 -0.8829
vn 0.0061 -0.7092 -0.7049
vn 0.5732 -0.5237 -0.6303
vn -0.6610 -0.1913 -0.7256
vn -0.5151 -0.6344 -0.5763
vn -0.9789 0.0634 -0.1942
vn 0.0473 -0.3160 -0.9476
vn -0.6357 -0.5037 -0.5849
vn -0.7497 -0.5474 -0.3718
vn 0.2063 -0.2711 -0.9402
vn -0.8109 0.3202 -0.4898
vn -0.0572 -0.4562 -0.8881
vn -0.6033 0.4205 -0.6776
vn -0.8937 -0.2986 -0.3348
vn -0.9941 0.0309 -0.1035
vn -0.7439 -0.5606 -0.3638
vn -0.7609 -0.5855 -0.2797
vn -0.7372 0.4626 -0.4924
vn -0.8424 0.3703 -0.3914
vn -0.0000 -0.6302 -0.7764
vn -0.0000 -0.5549 -0.8319
vn 0.9200 -0.2529 -0.2993
vn 0.9357 -0.2951 0.1934
vn 0.9076 -0.0690 -0.4142
vn 0.3941 -0.7042 -0.5906
vn 0.3851 -0.8171 -0.4291
vn -0.0455 -0.6097 -0.7913
vn 0.7406 0.1330 -0.6586
vn 0.5617 -0.6975 -0.4450
vn 0.9292 0.1488 -0.3382
vn 0.6487 -0.7047 -0.2874
vn 0.8039 0.0665 -0.5910
vn 0.9102 -0.1122 -0.3987
vn 0.6064 -0.7106 -0.3568
vn 0.5096 0.4513 -0.7326
vn 0.3814 0.4880 0.7851
vn 0.1882 -0.3710 0.9094
vn 0.2092 0.5597 -0.8019
vn -0.4705 0.0477 -0.8811
vn 0.0422 -0.4393 0.8973
vn -0.6031 -0.0822 -0.7934
vn -0.6761 -0.0498 -0.7351
vn 0.6098 0.7346 -0.2976
vn -0.0000 -0.3965 -0.9180
vn 0.6359 0.0218 -0.7715
vn -0.0000 0.0836 -0.9965
vn -0.0000 -0.7352 -0.6778
vn 0.5394 0.1540 -0.8279
vn -0.0000 0.2184 -0.9759
vn 0.0559 0.2915 0.9549
vn -0.0000 0.3075 0.9515
vn -0.0000 0.3019 0.9533
vn -0.0000 0.5087 0.8609
vn -0.0000 -0.9893 -0.1461
vn -0.8795 -0.1526 -0.4508
vn -0.8760 0.0783 -0.4759
vn -0.9299 0.0950 0.3553
vn -0.8748 0.1236 -0.4684
vn -0.0000 0.4337 -0.9011
vn -0.0000 0.6926 -0.7213
vn -0.6755 -0.1332 -0.7252
vn -0.7985 -0.1663 -0.5785
vn -0.3359 -0.0791 -0.9386
vn -0.9096 -0.2492 -0.3323
vn -0.9847 -0.1717 0.0313
vn -0.0175 0.8523 0.5228
vn 0.5255 0.0833 0.8467
vn 0.6452 0.2128 0.7338
vn -0.6087 -0.0005 0.7934
vn -0.6102 -0.0027 0.7922
vn -0.0766 0.0621 0.9951
vn -0.3251 0.3071 0.8944
vn -0.6404 -0.0938 0.7623
vn -0.6069 0.2796 0.7440
vn -0.5806 -0.2347 -0.7796
vn 0.0993 -0.2399 -0.9657
vn -0.6103 0.0191 -0.7920
vn 0.5013 -0.0874 -0.8608
vn -0.5811 -0.0322 0.8132
vn -0.1210 0.0660 0.9905
vn -0.4472 0.0291 0.8940
vn 0.1191 -0.0073 0.9929
vn -0.5985 0.2181 0.7709
vn -0.3570 0.3421 0.8692
vn -0.6709 0.1075 0.7337
vn -0.3293 0.3559 0.8746
vn -0.1566 0.3093 0.9380
vn -0.1554 0.7892 0.5942
vn -0.3356 0.4721 0.8151
vn -0.5149 0.6627 0.5438
vn 0.0078 0.3311 0.9435
vn 0.3368 0.0204 0.9414
vn -0.0447 0.7351 0.6765
vn -0.0082 0.8069 0.5906
vn -0.0102 0.7991 0.6011
vn 0.0943 0.0442 0.9946
vn 0.0664 0.2890 0.9550
vn -0.5732 -0.5236 -0.6303
vn -0.4690 -0.0211 -0.8829
vn -0.0061 -0.7092 -0.7049
vn 0.3150 -0.5317 -0.7861
vn 0.5151 -0.6344 -0.5763
vn 0.6610 -0.1913 -0.7256
vn 0.9789 0.0634 -0.1942
vn -0.0473 -0.3160 -0.9476
vn 0.6357 -0.5037 -0.5849
vn 0.7497 -0.5474 -0.3718
vn 0.6034 0.4204 -0.6776
vn 0.8109 0.3202 -0.4898
vn 0.0572 -0.4562 -0.8881
vn -0.2064 -0.2710 -0.9402
vn 0.8937 -0.2986 -0.3348
vn 0.9941 0.0309 -0.1035
vn 0.7439 -0.5606 -0.3639
vn 0.7609 -0.5855 -0.2797
vn 0.7373 0.4626 -0.4924
vn 0.8424 0.3703 -0.3914
vn -0.9200 -0.2529 -0.2993
vn -0.9357 -0.2951 0.1934
vn -0.9071 -0.0693 -0.4152
vn -0.3941 -0.7042 -0.5906
vn -0.3851 -0.8171 -0.4291
vn 0.0455 -0.6097 -0.7913
vn -0.6487 -0.7047 -0.2874
vn -0.5617 -0.6975 -0.4450
vn -0.9292 0.1488 -0.3382
vn -0.7406 0.1330 -0.6586
vn -0.9102 -0.1121 -0.3987
vn -0.8039 0.0666 -0.5911
vn -0.6064 -0.7106 -0.3569
vn -0.5096 0.4513 -0.7325
vn -0.1882 -0.3710 0.9094
vn -0.3814 0.4881 0.7850
vn -0.2092 0.5597 -0.8018
vn 0.4705 0.0477 -0.8811
vn -0.0422 -0.4393 0.8973
vn 0.6031 -0.0823 -0.7934
vn 0.6762 -0.0500 -0.7351
vn -0.6097 0.7346 -0.2976
vn -0.6359 0.0218 -0.7715
vn -0.5394 0.1541 -0.8279
vn -0.0558 0.2915 0.9549
vn 0.8795 -0.1526 -0.4508
vn 0.8760 0.0782 -0.4759
vn 0.9299 0.0950 0.3553
vn 0.8748 0.1235 -0.4684
vn 0.6755 -0.1333 -0.7252
vn 0.7985 -0.1664 -0.5785
vn 0.3360 -0.0791 -0.9385
vn 0.9096 -0.2492 -0.3323
vn 0.9847 -0.1717 0.0313
vn 0.0175 0.8523 0.5228
vn -0.5255 0.0833 0.8467
vn -0.6452 0.2128 0.7338
vn 0.0569 -0.2825 0.9576
vn 0.0508 -0.2895 0.9558
vn 0.0480 -0.2876 0.9565
vn 0.0479 -0.2877 0.9565
vn 0.0271 -0.3191 0.9473
vn -0.9891 -0.1356 0.0580
vn -0.2559 0.2277 -0.9395
vn -0.9943 -0.0590 0.0891
vn -0.1923 0.2735 -0.9424
vn 0.1976 0.2742 -0.9411
vn 0.1710 0.2455 -0.9542
vn 0.9863 0.1495 -0.0704
vn 0.9915 0.0857 -0.0978
vn -0.9856 0.1620 -0.0476
vn -0.9200 0.3251 -0.2190
vn -0.2783 0.4197 -0.8639
vn -0.1401 0.4828 -0.8645
vn 0.2494 0.4197 -0.8727
vn 0.4128 0.4524 -0.7905
vn 0.9735 -0.2249 -0.0408
vn 0.9289 -0.3315 0.1652
vn 0.0186 -0.4080 0.9128
vn -0.0689 -0.5003 0.8631
vn -0.0686 -0.4491 0.8908
vn -0.0687 -0.4491 0.8908
vn -0.0690 -0.5003 0.8631
vn -0.1613 -0.5524 0.8178
vn -0.8600 0.4578 -0.2254
vn -0.7767 0.5890 -0.2231
vn -0.0476 0.5300 -0.8467
vn 0.1066 0.5770 -0.8097
vn 0.5227 0.4649 -0.7146
vn 0.6155 0.4101 -0.6731
vn 0.8446 -0.5077 0.1699
vn 0.7370 -0.6512 0.1807
vn -0.1816 -0.4169 0.8906
vn -0.3009 -0.5648 0.7684
vn -0.3084 -0.4471 0.8396
vn -0.4246 -0.5604 0.7111
vn 0.8849 0.4585 -0.0820
vn 0.8860 0.4524 -0.1019
vn 0.8648 0.4675 -0.1833
vn 0.8653 0.4639 -0.1898
vn 0.4072 -0.8542 -0.3235
vn -0.7511 -0.6601 0.0108
vn 0.3922 -0.8608 -0.3243
vn -0.7386 -0.6671 0.0970
vn -0.9625 -0.2187 0.1608
vn -0.9389 -0.2252 0.2604
vn -0.4035 0.8565 0.3218
vn -0.3910 0.8616 0.3236
vn 0.8203 0.4875 -0.2991
vn 0.8135 0.4947 -0.3059
vn -0.6922 -0.6935 0.2001
vn 0.3825 -0.8582 -0.3423
vn -0.8844 -0.2620 0.3862
vn -0.3758 0.8591 0.3475
vn -0.6960 0.6769 -0.2397
vn -0.5850 0.7813 -0.2174
vn 0.2093 0.6047 -0.7685
vn 0.3193 0.6185 -0.7180
vn 0.6769 0.3458 -0.6498
vn 0.7155 0.3002 -0.6308
vn 0.6445 -0.7444 0.1746
vn 0.5694 -0.8047 0.1682
vn -0.4134 -0.4623 0.7844
vn -0.5182 -0.5220 0.6775
vn -0.5266 -0.4475 0.7228
vn -0.5980 -0.5223 0.6079
vn -0.4348 0.8961 -0.0893
vn -0.2078 0.9658 0.1553
vn 0.4068 0.6641 -0.6273
vn 0.5460 0.6698 -0.5032
vn 0.7387 0.2448 -0.6280
vn 0.7490 0.2204 -0.6248
vn 0.4073 -0.9133 0.0051
vn 0.2323 -0.9591 -0.1620
vn -0.5937 -0.4387 0.6746
vn -0.6279 -0.4546 0.6318
vn -0.6662 -0.4308 0.6087
vn -0.7014 -0.4212 0.5750
vn 0.0818 -0.3429 0.9358
vn 0.0783 -0.3661 0.9273
vn -0.2890 0.3054 -0.9073
vn -0.9776 -0.2104 0.0048
vn 0.1757 0.3801 -0.9081
vn 0.9787 0.2052 -0.0086
vn -0.0066 0.9152 0.4029
vn 0.2023 0.7434 0.6375
vn 0.6312 0.6646 -0.3999
vn 0.7599 0.5659 -0.3199
vn 0.6835 0.2567 -0.6834
vn 0.6576 0.3342 -0.6752
vn 0.0469 -0.9244 -0.3786
vn -0.2265 -0.7222 -0.6535
vn -0.6883 -0.4281 0.5856
vn -0.6600 -0.4519 0.6001
vn -0.7509 -0.3811 0.5394
vn -0.7034 -0.4660 0.5367
vn -0.6869 0.5139 0.5139
vn -0.7213 0.4680 0.5106
vn -0.5536 0.5087 -0.6594
vn -0.5889 0.4569 -0.6666
vn -0.2191 0.2442 -0.9447
vn -0.2242 0.2377 -0.9451
vn 0.6868 -0.5130 -0.5149
vn 0.7214 -0.4666 -0.5118
vn 0.4015 -0.3804 0.8331
vn 0.4288 -0.3701 0.8241
vn 0.4002 -0.3991 0.8250
vn 0.4315 -0.3597 0.8273
vn 0.3267 0.4808 0.8137
vn 0.3557 0.2771 0.8926
vn 0.8508 0.5026 -0.1533
vn 0.9056 0.4180 -0.0716
vn 0.5893 0.4326 -0.6823
vn 0.6962 0.4009 -0.5955
vn -0.3451 -0.4813 -0.8058
vn -0.3574 -0.3097 -0.8811
vn -0.8168 -0.3574 0.4529
vn -0.7392 -0.5135 0.4357
vn -0.8528 -0.3739 0.3646
vn -0.7528 -0.5417 0.3739
vn 0.2360 -0.4092 0.8814
vn 0.2450 -0.5835 0.7743
vn 0.1713 -0.4228 0.8899
vn 0.1644 -0.5314 0.8310
vn -0.8969 -0.4422 -0.0003
vn -0.4720 0.4090 -0.7810
vn -0.9504 -0.3110 0.0072
vn -0.3983 0.4180 -0.8165
vn 0.0699 0.5568 -0.8277
vn 0.1069 0.4866 -0.8671
vn 0.8890 0.4558 0.0449
vn 0.9536 0.3010 0.0009
vn 0.6247 -0.2757 0.7306
vn 0.5513 -0.3545 0.7553
vn 0.0446 -0.9983 0.0368
vn -0.0801 -0.9940 0.0742
vn -0.2962 -0.9155 -0.2724
vn -0.4132 -0.8678 -0.2760
vn -0.6237 0.2741 -0.7320
vn -0.5519 0.3525 -0.7557
vn 0.0878 0.9883 0.1247
vn 0.1660 0.9796 0.1137
vn 0.2407 0.9633 0.1189
vn 0.3036 0.9503 0.0685
vn 0.9466 0.3223 0.0008
vn 0.3400 0.0974 0.9353
vn 0.9709 0.2376 0.0305
vn 0.3338 -0.0206 0.9424
vn 0.7603 0.3865 -0.5221
vn 0.8178 0.3323 -0.4699
vn -0.3505 -0.1356 -0.9267
vn -0.3504 0.0374 -0.9358
vn -0.8510 -0.4210 0.3139
vn -0.9154 -0.3158 0.2498
vn -0.9138 -0.3075 0.2654
vn -0.9436 -0.2414 0.2268
vn 0.4395 -0.4310 0.7881
vn 0.3303 -0.4535 0.8278
vn 0.3989 -0.4110 0.8197
vn 0.2560 -0.3624 0.8962
vn -0.5412 -0.8289 -0.1417
vn -0.5320 0.1802 -0.8273
vn -0.7240 -0.6871 -0.0601
vn -0.5271 0.2965 -0.7964
vn -0.2127 0.6317 -0.7454
vn -0.0176 0.5681 -0.8227
vn 0.5682 0.8140 0.1204
vn 0.7646 0.6417 0.0592
vn 0.9836 0.1710 0.0571
vn 0.3260 -0.0968 0.9404
vn 0.9960 0.0763 0.0465
vn 0.3243 -0.1989 0.9248
vn 0.8442 0.2881 -0.4520
vn 0.8834 0.2178 -0.4150
vn -0.3303 0.1060 -0.9379
vn -0.3192 0.1859 -0.9293
vn -0.9431 -0.2545 0.2140
vn -0.9642 -0.1785 0.1960
vn -0.9596 -0.1969 0.2012
vn -0.9757 -0.1261 0.1794
vn 0.9943 -0.0082 0.1060
vn 0.2409 -0.3064 0.9209
vn 0.9057 0.1857 -0.3811
vn -0.2333 0.2871 -0.9291
vn -0.9850 -0.0995 0.1412
vn -0.9850 -0.0607 0.1618
vn 0.7470 0.5174 -0.4175
vn 0.7299 0.5314 -0.4301
vn -0.6240 -0.7203 0.3031
vn 0.3673 -0.8481 -0.3817
vn -0.8003 -0.3029 0.5175
vn -0.3580 0.8498 0.3869
vn 0.6672 -0.4744 0.5743
vn 0.5834 -0.5207 0.6233
vn 0.5470 -0.4725 0.6910
vn 0.3986 -0.4575 0.7949
vn -0.5649 0.3381 -0.7527
vn -0.4992 0.2905 -0.8163
vn -0.0807 -0.8166 -0.5715
vn -0.3276 -0.8740 -0.3588
vn -0.5900 0.7007 -0.4012
vn -0.4115 0.7113 -0.5698
vn 0.1419 0.8240 0.5486
vn 0.3769 0.8655 0.3298
vn 0.9800 -0.0111 0.1986
vn 0.0907 -0.3670 0.9258
vn 0.9271 0.2336 -0.2932
vn -0.0841 0.3489 -0.9334
vn -0.9913 -0.1061 0.0777
vn -0.9894 -0.1451 0.0047
vn 0.9552 0.0306 0.2945
vn -0.0537 -0.3537 0.9338
vn 0.9474 0.2706 -0.1711
vn 0.0555 0.3469 -0.9363
vn -0.9856 -0.1625 -0.0465
vn -0.9718 -0.2039 -0.1182
vn -0.6911 0.5362 0.4846
vn -0.5432 0.4819 -0.6875
vn -0.2233 0.1966 -0.9547
vn 0.6965 -0.5315 -0.4821
vn 0.4049 -0.3345 0.8510
vn 0.3841 -0.3627 0.8491
vn 0.9125 0.1335 0.3867
vn -0.1738 -0.3045 0.9365
vn 0.9421 0.3321 -0.0453
vn 0.1588 0.3176 -0.9348
vn -0.9647 -0.2116 -0.1566
vn -0.9414 -0.2575 -0.2179
vn 0.7796 -0.4807 0.4014
vn 0.7166 -0.5352 0.4472
vn 0.7173 -0.4985 0.4868
vn 0.5703 -0.5847 0.5770
vn -0.6778 0.4315 -0.5954
vn -0.5940 0.3742 -0.7121
vn 0.0981 -0.5675 -0.8175
vn 0.0157 -0.7219 -0.6919
vn -0.7548 0.6260 -0.1958
vn -0.6841 0.6771 -0.2710
vn -0.0389 0.5901 0.8064
vn 0.0213 0.7139 0.6999
vn 0.8513 0.2180 0.4773
vn -0.2679 -0.2418 0.9326
vn 0.9227 0.3837 0.0364
vn 0.2573 0.2473 -0.9342
vn -0.9272 -0.2784 -0.2504
vn -0.8933 -0.3328 -0.3020
vn 0.6544 0.5486 -0.5205
vn 0.6261 0.5672 -0.5350
vn -0.5394 -0.7456 0.3913
vn 0.3557 -0.8308 -0.4280
vn -0.6968 -0.3426 0.6301
vn -0.3459 0.8343 0.4293
vn -0.3581 -0.1375 0.9235
vn 0.7837 0.3010 0.5434
vn 0.9009 0.4196 0.1114
vn 0.3500 0.1661 -0.9219
vn -0.8829 -0.3357 -0.3283
vn -0.8421 -0.3939 -0.3683
vn 0.8321 -0.4743 0.2876
vn 0.7831 -0.5121 0.3529
vn 0.8737 -0.3751 0.3098
vn 0.8266 -0.4363 0.3555
vn -0.7738 0.4019 -0.4896
vn -0.7352 0.4168 -0.5345
vn 0.2315 -0.2390 -0.9430
vn 0.1889 -0.3978 -0.8978
vn -0.9030 0.4243 -0.0677
vn -0.8374 0.5357 -0.1086
vn -0.2046 0.2411 0.9487
vn -0.1585 0.4085 0.8989
vn -0.4399 -0.0263 0.8976
vn 0.7371 0.3213 0.5945
vn 0.9091 0.3737 0.1840
vn 0.4352 0.0480 -0.8990
vn -0.8546 -0.3311 -0.4001
vn -0.8246 -0.3746 -0.4240
vn 0.5444 0.5817 -0.6044
vn 0.4992 0.6065 -0.6188
vn -0.4391 -0.7743 0.4557
vn 0.3326 -0.8072 -0.4877
vn -0.5670 -0.3895 0.7258
vn -0.3231 0.8127 0.4849
vn -0.5056 0.0887 0.8582
vn 0.7116 0.2885 0.6406
vn 0.9322 0.2735 0.2371
vn 0.5003 -0.0758 -0.8625
vn -0.8485 -0.2641 -0.4585
vn -0.8312 -0.2955 -0.4710
vn 0.9270 -0.3331 0.1721
vn 0.8739 -0.4308 0.2251
vn 0.9406 -0.2734 0.2012
vn 0.9159 -0.3090 0.2561
vn -0.8691 0.3090 -0.3862
vn -0.8118 0.3859 -0.4382
vn 0.1861 -0.0541 -0.9810
vn 0.2178 -0.1436 -0.9654
vn -0.9604 0.2746 0.0475
vn -0.9395 0.3425 -0.0087
vn -0.1778 0.0372 0.9834
vn -0.1932 0.1419 0.9708
vn -0.7031 -0.7108 0.0211
vn -0.2123 -0.2181 0.9526
vn -0.7846 -0.6148 -0.0796
vn -0.3768 -0.1818 0.9083
vn -0.6547 -0.5541 -0.5142
vn -0.6521 -0.4691 -0.5956
vn 0.2189 0.2143 -0.9519
vn 0.3827 0.1772 -0.9067
vn 0.6808 0.6879 0.2514
vn 0.7217 0.6235 0.3008
vn 0.7251 0.6000 0.3380
vn 0.7525 0.5252 0.3973
vn 0.6810 0.2482 0.6889
vn -0.5479 0.1668 0.8197
vn 0.9433 0.1882 0.2734
vn 0.5422 -0.1640 -0.8241
vn -0.8386 -0.2142 -0.5009
vn -0.8261 -0.2414 -0.5091
vn 0.6611 0.2284 0.7147
vn -0.5750 0.2281 0.7857
vn 0.9374 0.1369 0.3201
vn 0.5702 -0.2266 -0.7896
vn -0.8245 -0.1783 -0.5370
vn -0.8145 -0.2040 -0.5431
vn 0.9544 -0.2510 0.1617
vn 0.9547 -0.2487 0.1633
vn -0.8917 0.2446 -0.3808
vn 0.1636 0.0024 -0.9865
vn -0.9673 0.2407 0.0797
vn -0.1559 -0.0041 0.9878
vn 0.6393 0.1953 0.7438
vn -0.5955 0.2768 0.7541
vn 0.9269 0.0801 0.3668
vn 0.5911 -0.2765 -0.7578
vn -0.8076 -0.1312 -0.5750
vn -0.7991 -0.1575 -0.5801
vn 0.9730 -0.1335 0.1881
vn 0.9654 -0.1745 0.1938
vn 0.1987 0.0188 -0.9799
vn -0.8922 0.1513 -0.4255
vn -0.9817 0.1785 0.0661
vn -0.1884 -0.0171 0.9819
vn 0.6118 0.1549 0.7757
vn -0.6130 0.3150 0.7246
vn 0.9102 0.0215 0.4135
vn 0.6086 -0.3149 -0.7283
vn -0.7851 -0.0792 -0.6142
vn -0.7780 -0.1067 -0.6191
vn 0.4166 0.6202 -0.6647
vn 0.3514 0.6505 -0.6734
vn -0.3277 -0.8024 0.4988
vn 0.2944 -0.7829 -0.5481
vn -0.4154 -0.4369 0.7978
vn -0.2833 0.7898 0.5440
vn 0.5799 0.1133 0.8068
vn -0.6288 0.3428 0.6979
vn 0.8880 -0.0339 0.4585
vn 0.6245 -0.3429 -0.7017
vn -0.7576 -0.0289 -0.6521
vn -0.7518 -0.0559 -0.6570
vn 0.4305 -0.3766 0.8203
vn -0.2335 -0.9663 0.1082
vn -0.5201 -0.8055 -0.2840
vn -0.4297 0.3732 -0.8223
vn 0.3868 0.9188 0.0788
vn 0.3600 0.9212 0.1477
vn 0.5464 0.0732 0.8343
vn -0.6429 0.3631 0.6744
vn 0.8624 -0.0849 0.4990
vn 0.6389 -0.3631 -0.6782
vn -0.7269 0.0175 -0.6865
vn -0.7225 -0.0083 -0.6913
vn 0.9507 -0.1636 0.2634
vn 0.9674 -0.1095 0.2282
vn 0.2557 0.0134 -0.9667
vn -0.8646 0.1133 -0.4895
vn -0.9875 0.1565 0.0168
vn -0.2423 -0.0141 0.9701
vn 0.5124 0.0356 0.8580
vn -0.6547 0.3813 0.6527
vn 0.8349 -0.1323 0.5343
vn 0.6512 -0.3810 -0.6564
vn -0.6945 0.0609 -0.7169
vn -0.6913 0.0363 -0.7216
vn 0.9277 -0.1725 0.3312
vn 0.9500 -0.1125 0.2913
vn 0.3200 -0.0103 -0.9474
vn -0.8252 0.1080 -0.5544
vn -0.9841 0.1703 -0.0501
vn -0.3050 0.0080 0.9523
vn 0.4775 0.0027 0.8786
vn -0.6640 0.4009 0.6312
vn 0.8062 -0.1755 0.5650
vn 0.6607 -0.4002 -0.6350
vn -0.6611 0.1002 -0.7436
vn -0.6588 0.0760 -0.7485
vn -0.5603 0.4091 -0.7202
vn -0.7383 0.4954 0.4576
vn -0.2274 0.1768 -0.9576
vn 0.7384 -0.4975 -0.4553
vn 0.3901 -0.2974 0.8714
vn 0.4025 -0.2952 0.8665
vn 0.2630 0.6634 -0.7005
vn 0.1756 0.6946 -0.6976
vn -0.1847 -0.8350 0.5183
vn 0.2834 -0.7317 -0.6199
vn -0.2430 -0.4850 0.8401
vn -0.2766 0.7444 0.6078
vn 0.4425 -0.0217 0.8965
vn -0.6725 0.4186 0.6103
vn 0.7772 -0.2111 0.5928
vn 0.6694 -0.4185 -0.6138
vn -0.6290 0.1290 -0.7666
vn -0.6275 0.1072 -0.7712
vn 0.8952 -0.1911 0.4026
vn 0.9237 -0.1301 0.3603
vn 0.3858 -0.0530 -0.9211
vn -0.7776 0.1105 -0.6190
vn -0.9720 0.1987 -0.1255
vn -0.3705 0.0492 0.9275
vn 0.4156 -0.0348 0.9089
vn -0.6819 0.4243 0.5958
vn 0.7524 -0.2347 0.6155
vn 0.6795 -0.4264 -0.5970
vn -0.6054 0.1400 -0.7835
vn -0.6060 0.1292 -0.7849
vn 0.4070 -0.0369 0.9127
vn -0.6915 0.4074 0.5965
vn 0.7445 -0.2369 0.6242
vn 0.6914 -0.4067 -0.5972
vn -0.5971 0.1442 -0.7891
vn -0.5985 0.1431 -0.7882
vn 0.8559 -0.2153 0.4702
vn 0.8881 -0.1610 0.4304
vn 0.4443 -0.1139 -0.8886
vn -0.7258 0.1196 -0.6774
vn -0.9503 0.2347 -0.2045
vn -0.4310 0.1083 0.8958
vn -0.7081 0.3589 0.6081
vn 0.4097 -0.0303 0.9117
vn 0.7566 -0.2120 0.6185
vn 0.7069 -0.3595 -0.6092
vn -0.6060 0.1303 -0.7848
vn -0.6112 0.1262 -0.7814
vn 0.0640 0.7004 -0.7109
vn -0.0452 0.7244 -0.6879
vn 0.0114 -0.8615 0.5077
vn 0.2878 -0.6546 -0.6990
vn -0.0305 -0.5247 0.8507
vn -0.2866 0.6732 0.6817
vn -0.7280 0.2852 0.6235
vn 0.4242 -0.0102 0.9055
vn 0.7782 -0.1532 0.6091
vn 0.7271 -0.2864 -0.6239
vn -0.6270 0.0895 -0.7739
vn -0.6289 0.0849 -0.7728
vn 0.8139 -0.2447 0.5270
vn 0.8472 -0.1994 0.4924
vn 0.4888 -0.1691 -0.8558
vn -0.6780 0.1437 -0.7209
vn -0.9212 0.2793 -0.2709
vn -0.4775 0.1656 0.8629
vn 0.4277 0.0325 0.9033
vn -0.7435 0.2039 0.6369
vn 0.8060 -0.0733 0.5873
vn 0.7436 -0.2031 -0.6371
vn -0.6456 0.0215 -0.7634
vn -0.6469 0.0252 -0.7622
vn 0.7578 0.4828 0.4390
vn 0.7666 0.3990 0.5031
vn 0.7693 0.3296 0.5473
vn 0.7549 0.2375 0.6113
vn -0.6392 -0.3639 -0.6775
vn -0.6061 -0.2355 -0.7597
vn 0.5413 0.1227 -0.8318
vn 0.6690 0.0098 -0.7432
vn -0.8482 -0.4900 -0.2009
vn -0.8875 -0.3235 -0.3281
vn -0.5339 -0.1356 0.8346
vn -0.6634 -0.0360 0.7474
vn 0.4345 0.0988 0.8952
vn -0.7504 0.1324 0.6475
vn 0.8230 0.0286 0.5673
vn 0.7501 -0.1314 -0.6481
vn -0.6578 -0.0661 -0.7503
vn -0.6595 -0.0628 -0.7491
vn 0.7714 -0.2719 0.5754
vn 0.8048 -0.2331 0.5459
vn 0.5319 -0.1965 -0.8237
vn -0.6305 0.1706 -0.7572
vn -0.8914 0.3142 -0.3266
vn -0.5222 0.1930 0.8307
vn -0.7481 0.0883 0.6576
vn 0.4426 0.1916 0.8760
vn 0.8312 0.1397 0.5381
vn 0.7467 -0.0874 -0.6594
vn -0.6609 -0.1749 -0.7298
vn -0.6655 -0.1673 -0.7274
vn -0.1739 0.7166 -0.6754
vn -0.2966 0.7246 -0.6221
vn 0.2827 -0.8692 0.4058
vn 0.2602 -0.5646 -0.7833
vn 0.2389 -0.4926 0.8368
vn -0.2686 0.5866 0.7640
vn -0.7390 0.0779 0.6692
vn 0.4431 0.3067 0.8424
vn 0.8321 0.2523 0.4939
vn 0.7362 -0.0781 -0.6723
vn -0.6560 -0.2975 -0.6936
vn -0.6662 -0.2821 -0.6904
vn -0.6297 0.3021 -0.7157
vn -0.7849 0.4161 0.4590
vn -0.2435 0.1252 -0.9618
vn 0.7831 -0.4229 -0.4560
vn 0.4545 -0.2096 0.8657
vn 0.4301 -0.2285 0.8734
vn -0.7276 0.0975 0.6790
vn 0.4413 0.4259 0.7899
vn 0.8250 0.3584 0.4369
vn 0.7248 -0.1000 -0.6817
vn -0.6520 -0.4105 -0.6374
vn -0.6563 -0.3950 -0.6428
vn 0.7402 -0.2684 0.6165
vn 0.7715 -0.2338 0.5918
vn 0.5744 -0.2032 -0.7929
vn -0.5929 0.1710 -0.7869
vn -0.8702 0.3110 -0.3821
vn -0.5663 0.2001 0.7995
vn -0.7235 0.1357 0.6768
vn 0.4343 0.5306 0.7279
vn 0.8082 0.4488 0.3813
vn 0.7218 -0.1383 -0.6782
vn -0.6356 -0.5059 -0.5831
vn -0.6386 -0.5152 -0.5717
vn -0.4335 0.7231 -0.5378
vn -0.5482 0.6544 -0.5209
vn 0.4466 -0.8624 0.2386
vn 0.1767 -0.4855 -0.8562
vn 0.4251 -0.4977 0.7560
vn -0.1961 0.5070 0.8393
vn -0.7292 0.1771 0.6610
vn 0.4267 0.6048 0.6724
vn 0.7876 0.5114 0.3437
vn 0.7289 -0.1788 -0.6609
vn -0.6193 -0.5785 -0.5309
vn -0.6201 -0.5811 -0.5271
vn 0.7284 -0.2070 0.6531
vn 0.7584 -0.1728 0.6285
vn 0.6134 -0.2024 -0.7634
vn -0.5773 0.1164 -0.8082
vn -0.8659 0.2515 -0.4323
vn -0.6053 0.2010 0.7702
vn -0.7067 0.2070 -0.6766
vn -0.8041 0.3418 0.4864
vn -0.2926 0.0778 -0.9531
vn 0.7991 -0.3635 -0.4788
vn 0.5346 -0.1319 0.8348
vn 0.4875 -0.1707 0.8563
vn -0.7429 0.2114 0.6352
vn 0.4124 0.6418 0.6465
vn 0.7740 0.5404 0.3301
vn 0.7416 -0.2108 -0.6369
vn -0.6081 -0.6124 -0.5052
vn -0.6068 -0.6091 -0.5107
vn 0.7240 -0.0903 0.6839
vn 0.7507 -0.0552 0.6583
vn 0.6575 -0.1763 -0.7326
vn -0.5678 0.0081 -0.8231
vn -0.8731 0.1282 -0.4703
vn -0.6497 0.1757 0.7396
vn 0.4077 0.6369 0.6543
vn -0.7569 0.2262 0.6131
vn 0.7695 0.5298 0.3567
vn 0.7566 -0.2281 -0.6128
vn -0.6056 -0.6026 -0.5197
vn -0.6046 -0.6004 -0.5234
vn 0.7116 0.0471 0.7010
vn 0.7302 0.0788 0.6786
vn 0.6962 -0.1105 -0.7093
vn -0.5426 -0.1077 -0.8330
vn -0.8706 -0.0223 -0.4916
vn -0.6899 0.1112 0.7153
vn -0.7547 0.2253 0.6161
vn 0.4240 0.5997 0.6787
vn 0.7785 0.4844 0.3990
vn 0.7516 -0.2242 -0.6204
vn -0.6197 -0.5514 -0.5585
vn -0.6245 -0.5610 -0.5434
vn 0.2834 -0.3497 0.8930
vn -0.3737 -0.9227 0.0953
vn -0.5555 -0.7733 -0.3056
vn -0.2817 0.3464 -0.8948
vn 0.4983 0.8616 0.0968
vn 0.4679 0.8705 0.1525
vn -0.7202 0.1774 0.6707
vn 0.4633 0.5234 0.7151
vn 0.7991 0.4242 0.4261
vn 0.7163 -0.1838 -0.6731
vn -0.6548 -0.4751 -0.5879
vn -0.6633 -0.4940 -0.5621
vn 0.6870 0.1660 0.7074
vn 0.6974 0.1904 0.6909
vn 0.7170 -0.0264 -0.6966
vn -0.5076 -0.1966 -0.8389
vn -0.8496 -0.1590 -0.5029
vn -0.7127 0.0275 0.7010
vn -0.6559 0.0351 0.7540
vn 0.5047 0.4030 0.7634
vn 0.8198 0.3797 0.4287
vn 0.6566 -0.0485 -0.7526
vn -0.6967 -0.3973 -0.5972
vn -0.7016 -0.4082 -0.5841
vn -0.5613 -0.2200 0.7978
vn 0.5408 0.2432 0.8052
vn 0.8172 0.3803 0.4331
vn 0.5614 0.2089 -0.8007
vn -0.7243 -0.3187 -0.6114
vn -0.7381 -0.3111 -0.5987
vn -0.6408 0.6515 -0.4061
vn -0.5379 0.7649 -0.3544
vn 0.5285 -0.8442 0.0895
vn 0.0387 -0.4454 -0.8945
vn 0.5982 -0.5207 0.6092
vn -0.0737 0.4443 0.8928
vn 0.5771 0.0506 0.8151
vn -0.4474 -0.5367 0.7154
vn 0.7816 0.3928 0.4846
vn 0.4362 0.5289 -0.7281
vn -0.7643 -0.2192 -0.6065
vn -0.7086 -0.2408 -0.6633
vn 0.6642 0.2447 0.7063
vn 0.6616 0.2612 0.7029
vn 0.7205 0.0495 -0.6917
vn -0.4720 -0.2490 -0.8457
vn -0.8232 -0.2547 -0.5075
vn -0.7179 -0.0471 0.6945
vn 0.6041 -0.1450 0.7836
vn -0.3582 -0.7860 0.5039
vn 0.7432 0.3370 0.5780
vn 0.3353 0.7836 -0.5230
vn -0.7677 -0.1179 -0.6298
vn -0.6712 -0.1183 -0.7318
vn 0.1261 -0.3010 0.9452
vn -0.4902 -0.8663 0.0961
vn -0.5953 -0.7182 -0.3604
vn -0.1120 0.2983 -0.9479
vn 0.5959 0.7931 0.1260
vn 0.5579 0.8106 0.1782
vn -0.6367 0.7392 -0.2196
vn -0.5290 0.8058 -0.2661
vn -0.0974 -0.3926 -0.9146
vn 0.5036 -0.8628 -0.0452
vn 0.6756 -0.5809 0.4540
vn 0.0822 0.3880 0.9180
vn 0.6110 -0.3003 0.7324
vn -0.3252 -0.9040 0.2774
vn 0.7276 0.2264 0.6476
vn 0.3048 0.9043 -0.2988
vn -0.7493 0.0037 -0.6623
vn -0.6493 0.0307 -0.7599
vn 0.6324 0.2935 0.7169
vn 0.6480 0.2753 0.7101
vn 0.7238 0.0931 -0.6837
vn -0.4400 -0.2622 -0.8589
vn -0.8052 -0.2896 -0.5174
vn -0.7207 -0.0901 0.6874
vn 0.5922 -0.3938 0.7030
vn -0.3370 -0.9327 0.1286
vn 0.7255 0.1173 0.6782
vn 0.3269 0.9336 -0.1465
vn -0.7109 0.1149 -0.6938
vn -0.6409 0.1411 -0.7545
vn 0.5495 -0.4198 0.7224
vn -0.3683 -0.9257 0.0862
vn 0.7254 0.0644 0.6853
vn 0.3669 0.9253 -0.0961
vn -0.6575 0.1734 -0.7332
vn -0.6396 0.1803 -0.7472
vn 0.6144 0.2827 0.7366
vn 0.6322 0.2627 0.7289
vn 0.7411 0.1114 -0.6621
vn -0.4132 -0.2472 -0.8764
vn -0.7904 -0.2839 -0.5428
vn -0.7377 -0.1158 0.6651
vn -0.4155 -0.8970 0.1510
vn 0.4974 -0.3647 0.7872
vn 0.7265 0.0932 0.6808
vn 0.4128 0.8969 -0.1586
vn -0.6131 0.1570 -0.7742
vn -0.6422 0.1510 -0.7515
vn -0.7752 0.1282 -0.6186
vn -0.8005 0.2887 0.5251
vn -0.3698 0.0361 -0.9284
vn 0.7957 -0.3132 -0.5184
vn 0.6124 -0.0639 0.7880
vn 0.5611 -0.1157 0.8196
vn -0.5024 0.8470 -0.1739
vn -0.5950 0.8036 -0.0105
vn -0.2679 -0.3212 -0.9083
vn 0.3786 -0.9118 -0.1587
vn 0.6584 -0.6832 0.3157
vn 0.2454 0.3150 0.9168
vn -0.4973 -0.8178 0.2896
vn 0.4628 -0.2607 0.8473
vn 0.7526 0.1482 0.6416
vn 0.5002 0.8081 -0.3110
vn -0.5872 0.0840 -0.8051
vn -0.6422 0.0849 -0.7618
vn -0.5595 -0.7034 0.4384
vn 0.4871 -0.1513 0.8601
vn 0.7947 0.1521 0.5876
vn 0.5853 0.6562 -0.4763
vn -0.6200 0.0200 -0.7843
vn -0.6540 0.0452 -0.7552
vn 0.6054 0.2487 0.7561
vn 0.6191 0.2335 0.7498
vn 0.7585 0.1194 -0.6406
vn -0.3991 -0.2123 -0.8920
vn -0.7824 -0.2563 -0.5676
vn -0.7584 -0.1205 0.6405
vn 0.5129 -0.0396 0.8575
vn -0.6668 -0.4476 0.5959
vn -0.7077 -0.2326 0.6671
vn 0.8303 0.1031 0.5476
vn 0.8655 0.0158 0.5006
vn 0.6741 0.4329 -0.5985
vn -0.6852 0.0450 -0.7269
vn -0.6517 -0.0679 -0.7554
vn -0.6597 0.0259 -0.7511
vn -0.4066 0.9128 -0.0381
vn -0.4746 0.8720 0.1199
vn -0.4090 -0.2295 -0.8832
vn 0.2254 -0.9394 -0.2582
vn 0.5766 -0.7972 0.1787
vn 0.3830 0.2331 0.8939
vn 0.5529 -0.0525 0.8316
vn -0.7130 0.0518 0.6992
vn -0.6396 0.3738 0.6717
vn 0.8713 -0.0830 0.4838
vn 0.8436 -0.1962 0.4998
vn 0.7152 -0.0644 -0.6960
vn -0.6956 0.1066 -0.7105
vn -0.7115 0.0366 -0.7017
vn -0.7004 0.0685 -0.7105
vn 0.6017 0.2078 0.7713
vn 0.6111 0.1973 0.7665
vn 0.7710 0.1220 -0.6250
vn -0.3931 -0.1719 -0.9033
vn -0.7784 -0.2215 -0.5874
vn -0.7709 -0.1228 0.6250
vn 0.4925 -0.0524 0.8688
vn -0.5429 0.5984 0.5892
vn -0.3414 0.8180 0.4630
vn 0.6816 -0.3831 0.6234
vn 0.7761 -0.2981 0.5557
vn 0.5592 -0.5742 -0.5980
vn -0.6048 0.2092 -0.7684
vn -0.6655 0.1610 -0.7289
vn -0.6049 0.1932 -0.7725
vn -0.2473 0.8993 0.3607
vn 0.5918 -0.4187 0.6888
vn 0.4493 0.0130 0.8933
vn 0.3863 -0.7872 -0.4808
vn -0.5424 0.1907 -0.8182
vn -0.5473 0.2060 -0.8112
vn -0.5199 0.1908 -0.8326
vn 0.5995 0.1669 0.7827
vn 0.6065 0.1592 0.7789
vn 0.7806 0.1198 -0.6135
vn -0.3885 -0.1325 -0.9119
vn -0.7766 -0.1840 -0.6025
vn -0.7805 -0.1205 0.6134
vn -0.8387 0.0233 -0.5441
vn -0.7848 0.2181 0.5801
vn -0.4567 -0.0213 -0.8894
vn 0.7818 -0.2428 -0.5743
vn 0.6859 0.0285 0.7272
vn 0.6380 -0.0385 0.7691
vn -0.1171 0.9465 0.3006
vn 0.5159 0.0391 0.8558
vn 0.5417 -0.4510 0.7093
vn 0.2707 -0.8895 -0.3680
vn 0.1178 -0.9434 -0.3100
vn -0.5167 0.1969 -0.8332
vn -0.5456 0.2112 -0.8110
vn 0.5972 0.1224 0.7927
vn 0.6041 0.1145 0.7886
vn 0.7892 0.1115 -0.6039
vn -0.3829 -0.0910 -0.9193
vn -0.7772 -0.1388 -0.6137
vn -0.7892 -0.1121 0.6038
vn -0.0043 0.9564 0.2921
vn 0.5476 -0.0020 0.8368
vn 0.5003 -0.5041 0.7040
vn -0.0021 -0.9524 -0.3048
vn -0.5127 0.2386 -0.8247
vn -0.5607 0.2690 -0.7831
vn -0.2731 0.9558 0.1090
vn -0.3674 0.9116 0.1843
vn -0.5108 -0.1171 -0.8517
vn 0.0826 -0.9498 -0.3017
vn 0.4316 -0.8997 0.0650
vn 0.5050 0.1210 0.8546
vn 0.0911 0.9437 0.3180
vn 0.5691 -0.0695 0.8193
vn 0.4591 -0.5712 0.6804
vn -0.1011 -0.9375 -0.3331
vn -0.5004 0.3053 -0.8102
vn -0.5574 0.3486 -0.7535
vn 0.5905 0.0739 0.8037
vn 0.5998 0.0618 0.7978
vn 0.8002 0.0936 -0.5924
vn -0.3720 -0.0483 -0.9270
vn -0.7756 -0.0850 -0.6255
vn -0.8005 -0.0962 0.5916
vn 0.1740 0.9131 0.3687
vn 0.5636 -0.1608 0.8103
vn 0.3998 -0.6468 0.6494
vn -0.1852 -0.9038 -0.3857
vn -0.4659 0.3892 -0.7947
vn -0.5279 0.4420 -0.7253
vn 0.5784 0.0257 0.8154
vn 0.5885 0.0117 0.8084
vn 0.8165 0.0633 -0.5739
vn -0.3549 -0.0100 -0.9348
vn -0.7680 -0.0331 -0.6395
vn -0.8173 -0.0740 0.5714
vn 0.2456 0.8656 0.4364
vn 0.5227 -0.2671 0.8096
vn 0.3134 -0.7233 0.6153
vn -0.2563 -0.8529 -0.4549
vn -0.3990 0.4818 -0.7802
vn -0.4644 0.5412 -0.7010
vn 0.2998 0.8014 0.5175
vn 0.4377 -0.3784 0.8156
vn 0.1951 -0.7919 0.5786
vn -0.3080 -0.7853 -0.5370
vn -0.2919 0.5736 -0.7654
vn -0.3611 0.6384 -0.6798
vn 0.6135 0.7620 0.2071
vn 0.6548 0.7278 0.2036
vn -0.6443 -0.6254 -0.4401
vn 0.0515 0.2576 -0.9649
vn -0.6091 -0.7882 0.0887
vn -0.0486 -0.2506 0.9669
vn 0.3200 0.7232 0.6120
vn 0.3019 -0.4824 0.8223
vn 0.0461 -0.8447 0.5332
vn -0.3232 -0.7042 -0.6321
vn -0.1421 0.6547 -0.7424
vn -0.2171 0.7244 -0.6543
vn -0.1707 0.9746 0.1448
vn -0.0760 0.9871 0.1410
vn -0.5839 0.0255 -0.8114
vn -0.0586 -0.9512 -0.3031
vn 0.2664 -0.9637 0.0165
vn 0.5921 -0.0262 0.8054
vn 0.5650 -0.0257 0.8247
vn 0.5738 -0.0387 0.8181
vn 0.8439 0.0160 -0.5362
vn -0.3279 0.0269 -0.9443
vn -0.7544 0.0184 -0.6562
vn -0.8483 -0.0561 0.5265
vn 0.2797 0.6386 0.7170
vn 0.1133 -0.5665 0.8162
vn -0.1214 -0.8759 0.4670
vn -0.2764 -0.6181 -0.7359
vn 0.0429 0.7169 -0.6959
vn -0.0398 0.7891 -0.6130
vn 0.1527 0.5658 0.8103
vn -0.1200 -0.6185 0.7765
vn -0.2826 -0.8840 0.3724
vn -0.1445 -0.5467 -0.8248
vn 0.2380 0.7560 -0.6098
vn 0.1539 0.8228 -0.5471
vn -0.8841 -0.1333 -0.4478
vn -0.7473 0.1028 0.6564
vn -0.5408 -0.1105 -0.8338
vn 0.7480 -0.1306 -0.6507
vn 0.7442 0.1635 0.6476
vn 0.7082 0.0792 0.7016
vn -0.0582 0.5320 0.8447
vn -0.3722 -0.6283 0.6832
vn -0.4097 -0.8736 0.2625
vn 0.0662 -0.5188 -0.8523
vn 0.4085 0.7716 -0.4877
vn 0.3462 0.8183 -0.4589
vn 0.5485 -0.0869 0.8316
vn 0.5548 -0.0953 0.8265
vn 0.8659 -0.0587 -0.4967
vn -0.2963 0.0666 -0.9528
vn -0.7372 0.0935 -0.6692
vn -0.8744 0.0288 0.4844
vn -0.2906 0.5588 0.7767
vn -0.6020 -0.5887 0.5395
vn -0.5009 -0.8480 0.1734
vn 0.2912 -0.5532 -0.7805
vn 0.5489 0.7566 -0.3553
vn 0.5305 0.7723 -0.3495
vn -0.0317 0.9897 0.1396
vn 0.0434 0.9905 0.1302
vn -0.6293 0.1579 -0.7609
vn -0.1774 -0.9411 -0.2878
vn 0.1498 -0.9886 0.0131
vn 0.6342 -0.1600 0.7564
vn -0.7697 -0.5217 0.3681
vn -0.4433 0.6341 0.6336
vn -0.5738 -0.8122 0.1057
vn 0.4501 -0.6321 -0.6308
vn 0.6802 0.7006 -0.2154
vn 0.6783 0.6951 -0.2383
vn 0.5265 -0.1605 0.8349
vn 0.5307 -0.1634 0.8317
vn 0.8659 -0.1608 -0.4737
vn -0.2684 0.1109 -0.9569
vn -0.7122 0.1845 -0.6773
vn -0.8747 0.1384 0.4645
vn -0.8737 -0.4195 0.2463
vn -0.4930 0.7204 0.4878
vn -0.6248 -0.7788 0.0558
vn 0.5021 -0.7135 -0.4886
vn 0.7719 0.6271 -0.1042
vn 0.7711 0.6170 -0.1576
vn 0.4956 -0.2352 0.8361
vn 0.4988 -0.2296 0.8357
vn 0.8393 -0.2788 -0.4668
vn -0.2410 0.1506 -0.9588
vn -0.6739 0.2775 -0.6847
vn -0.8467 0.2652 0.4614
vn -0.9346 -0.3267 0.1408
vn -0.4810 0.7833 0.3938
vn -0.6889 -0.7247 -0.0167
vn 0.4903 -0.7765 -0.3958
vn 0.8310 0.5553 -0.0329
vn 0.8350 0.5433 -0.0872
vn -0.9595 -0.2650 0.0956
vn -0.4515 0.8222 0.3465
vn -0.7271 -0.6849 -0.0472
vn 0.4591 -0.8173 -0.3481
vn 0.8660 0.5001 -0.0046
vn 0.8708 0.4893 -0.0478
vn -0.9675 -0.2302 0.1043
vn -0.4240 0.8442 0.3278
vn -0.7472 -0.6635 -0.0390
vn 0.4298 -0.8407 -0.3294
vn 0.8834 0.4681 -0.0208
vn 0.8866 0.4597 -0.0521
vn 0.4618 -0.3109 0.8307
vn 0.4649 -0.2943 0.8350
vn 0.7840 -0.3895 -0.4833
vn -0.2273 0.1950 -0.9541
vn -0.6298 0.3694 -0.6833
vn -0.7868 0.3865 0.4812
vn -0.6888 -0.0167 -0.7248
vn 0.7132 0.1877 -0.6754
vn 0.5630 -0.0269 0.8260
vn 0.4859 -0.0471 0.8727
vn 0.5207 -0.1145 0.8460
vn -0.6864 0.1144 -0.7182
vn 0.6460 -0.3431 -0.6819
vn -0.2322 0.2781 0.9321
vn -0.2387 0.3279 0.9141
vn -0.1504 0.1943 0.9693
vn -0.2174 0.2307 0.9484
vn -0.3264 0.3370 0.8831
vn -0.4725 0.5636 0.6776
vn -0.3426 0.5453 0.7650
vn -0.4249 0.6919 0.5837
vn -0.0455 0.1189 -0.9919
vn 0.3319 -0.4553 -0.8262
vn -0.1018 0.2701 -0.9574
vn 0.3322 -0.5116 -0.7924
vn -0.1399 0.4111 0.9008
vn -0.0306 0.0666 0.9973
vn -0.2474 0.2764 0.9287
vn -0.0986 0.3179 0.9430
vn -0.0101 -0.0787 0.9968
vn 0.0282 -0.1554 0.9874
vn 0.4748 -0.7689 -0.4281
vn -0.0001 -0.4078 -0.9131
vn 0.0009 -0.5050 -0.8631
vn 0.3620 -0.3922 -0.8457
vn 0.5737 -0.6417 -0.5091
vn 0.6501 -0.6808 -0.3375
vn 0.5344 -0.2908 -0.7936
vn -0.3140 -0.1795 -0.9323
vn 0.0999 -0.0336 -0.9944
vn 0.2816 -0.7575 -0.5890
vn 0.0019 -0.5225 0.8526
vn 0.3639 -0.7396 0.5663
vn -0.0004 -0.3104 0.9506
vn 0.4471 -0.6180 0.6467
vn 0.6594 -0.6176 0.4287
vn -0.0060 -0.0260 0.9996
vn -0.0553 -0.3445 0.9372
vn -0.6283 0.2114 0.7487
vn 0.4140 -0.0932 -0.9055
vn 0.1402 0.1411 -0.9800
vn -0.5273 0.5872 -0.6142
vn -0.4201 0.7563 -0.5016
vn 0.1111 0.2227 -0.9685
vn 0.1971 -0.1336 -0.9712
vn -0.0933 0.1659 -0.9817
vn 0.1313 0.2849 -0.9495
vn -0.0938 0.1422 0.9854
vn 0.5072 -0.2096 0.8360
vn -0.1649 -0.2323 0.9586
vn 0.3622 -0.4211 0.8315
vn 0.5376 -0.8102 -0.2337
vn 0.6525 -0.6661 -0.3613
vn 0.4185 -0.4292 -0.8004
vn 0.2847 -0.3526 -0.8914
vn 0.2820 -0.6393 -0.7154
vn 0.2440 -0.1506 -0.9580
vn -0.1560 0.2579 0.9535
vn 0.5241 -0.4384 0.7301
vn 0.0056 -0.2239 0.9746
vn 0.1587 -0.8934 0.4203
vn -0.3459 0.6478 0.6788
vn -0.3602 0.4147 0.8356
vn -0.0121 0.9118 0.4104
vn -0.7791 0.5159 0.3562
vn -0.0010 0.9950 -0.0995
vn -0.7963 0.5809 0.1685
vn 0.2290 0.6048 -0.7628
vn 0.2499 0.0151 -0.9682
vn 0.1173 0.7748 -0.6212
vn -0.4975 0.3580 -0.7901
vn 0.1607 -0.3351 -0.9284
vn 0.0114 0.4691 0.8831
vn -0.5262 0.3994 0.7507
vn -0.3319 0.8570 0.3942
vn -0.1476 0.8980 0.4145
vn -0.2639 0.4239 0.8664
vn -0.5410 0.5621 0.6256
vn 0.5248 -0.5053 -0.6850
vn 0.5352 -0.5264 -0.6607
vn 0.3374 -0.8979 -0.2829
vn 0.6408 -0.5936 -0.4868
vn 0.4376 -0.2748 -0.8561
vn 0.5192 -0.5802 -0.6276
vn 0.1993 -0.6058 -0.7702
vn -0.7411 0.4311 0.5148
vn -0.4390 0.2980 0.8476
vn -0.1562 0.0638 -0.9857
vn 0.3757 -0.7366 -0.5624
vn 0.2461 -0.3971 0.8842
vn -0.8668 0.4758 -0.1493
vn -0.3375 -0.0297 0.9409
vn -0.4573 -0.6792 0.5741
vn 0.0561 -0.6567 -0.7520
vn -0.3589 0.5055 -0.7847
vn -0.4736 0.6820 0.5573
vn -0.3875 -0.9157 -0.1068
vn 0.2665 -0.2381 0.9339
vn 0.8105 -0.5560 -0.1843
vn 0.6330 -0.4199 -0.6504
vn 0.4739 -0.3598 -0.8037
vn -0.6299 0.7024 0.3315
vn -0.5811 0.6873 0.4359
vn -0.5256 0.8488 -0.0571
vn 0.7374 -0.4988 -0.4555
vn -0.0215 -0.4660 0.8845
vn 0.0459 -0.8589 0.5102
vn 0.0062 -0.7684 -0.6399
vn 0.0004 -0.4993 -0.8664
vn -0.0175 -0.8769 -0.4803
vn -0.0026 0.4946 0.8691
vn 0.0075 0.9966 -0.0815
vn -0.0003 0.1960 -0.9806
vn -0.0001 0.5898 -0.8075
vn 0.2203 0.2316 0.9475
vn 0.2430 0.3351 0.9103
vn 0.1476 0.1880 0.9710
vn 0.2255 0.2801 0.9331
vn 0.3264 0.3370 0.8831
vn 0.3427 0.5453 0.7650
vn 0.4725 0.5636 0.6776
vn 0.4252 0.6920 0.5834
vn 0.0455 0.1189 -0.9919
vn 0.1024 0.2700 -0.9574
vn -0.3319 -0.4553 -0.8262
vn -0.3329 -0.5120 -0.7918
vn 0.0306 0.0666 0.9973
vn 0.1399 0.4111 0.9008
vn 0.2474 0.2764 0.9286
vn 0.0986 0.3178 0.9430
vn -0.0280 -0.1546 0.9876
vn 0.0101 -0.0787 0.9968
vn -0.4754 -0.7688 -0.4277
vn -0.5737 -0.6417 -0.5091
vn -0.3620 -0.3922 -0.8457
vn -0.6501 -0.6807 -0.3375
vn -0.2818 -0.7573 -0.5891
vn 0.3140 -0.1795 -0.9323
vn -0.0999 -0.0336 -0.9944
vn -0.5344 -0.2909 -0.7936
vn -0.3647 -0.7396 0.5656
vn -0.4471 -0.6180 0.6467
vn -0.6594 -0.6176 0.4288
vn 0.0060 -0.0260 0.9996
vn 0.0553 -0.3445 0.9372
vn 0.6796 0.2025 0.7051
vn -0.4140 -0.0932 -0.9055
vn -0.1402 0.1411 -0.9800
vn 0.5273 0.5872 -0.6142
vn 0.4208 0.7560 -0.5014
vn -0.1111 0.2227 -0.9685
vn -0.1971 -0.1336 -0.9712
vn -0.1313 0.2849 -0.9495
vn 0.0933 0.1659 -0.9817
vn -0.4917 -0.1872 0.8504
vn 0.0890 0.1416 0.9859
vn 0.1649 -0.2323 0.9586
vn -0.5376 -0.8102 -0.2337
vn -0.3622 -0.4211 0.8316
vn -0.6525 -0.6661 -0.3612
vn -0.2440 -0.1506 -0.9580
vn -0.2847 -0.3526 -0.8914
vn -0.2820 -0.6393 -0.7154
vn -0.4185 -0.4292 -0.8004
vn -0.5241 -0.4384 0.7301
vn 0.1560 0.2579 0.9535
vn -0.0056 -0.2240 0.9746
vn -0.1587 -0.8934 0.4203
vn 0.3459 0.6478 0.6788
vn 0.3602 0.4147 0.8356
vn 0.7938 0.5840 0.1700
vn 0.7758 0.5205 0.3568
vn -0.2499 0.0151 -0.9682
vn -0.2290 0.6048 -0.7628
vn -0.1173 0.7748 -0.6212
vn -0.1607 -0.3350 -0.9284
vn 0.4975 0.3580 -0.7901
vn 0.5247 0.4006 0.7511
vn 0.3319 0.8570 0.3942
vn 0.1476 0.8980 0.4145
vn 0.2639 0.4239 0.8664
vn 0.5410 0.5621 0.6256
vn -0.5248 -0.5053 -0.6850
vn -0.3374 -0.8979 -0.2828
vn -0.5352 -0.5264 -0.6607
vn -0.6408 -0.5936 -0.4868
vn -0.4376 -0.2748 -0.8561
vn -0.5192 -0.5802 -0.6276
vn -0.1993 -0.6058 -0.7702
vn 0.4390 0.2980 0.8477
vn 0.7411 0.4311 0.5148
vn 0.1562 0.0638 -0.9857
vn -0.3757 -0.7366 -0.5624
vn -0.2461 -0.3971 0.8842
vn 0.8668 0.4758 -0.1493
vn 0.3375 -0.0297 0.9409
vn 0.4573 -0.6792 0.5741
vn -0.0561 -0.6567 -0.7520
vn 0.3589 0.5055 -0.7847
vn 0.4736 0.6820 0.5573
vn 0.3875 -0.9157 -0.1068
vn -0.2671 -0.2392 0.9335
vn -0.8102 -0.5560 -0.1856
vn -0.4722 -0.3603 -0.8045
vn -0.6286 -0.4227 -0.6529
vn 0.6299 0.7024 0.3314
vn 0.5256 0.8488 -0.0570
vn 0.5811 0.6873 0.4359
vn -0.7331 -0.5028 -0.4581
vn 0.2207 -0.1084 -0.9693
vn -0.2458 -0.1613 -0.9558
vn 0.2107 -0.5849 -0.7833
vn -0.1853 -0.6170 -0.7649
vn -0.8983 -0.1096 -0.4254
vn -0.8859 -0.3117 -0.3435
vn -0.2795 -0.4511 -0.8476
vn -0.8150 0.0876 -0.5728
vn 0.0113 -0.4417 -0.8971
vn 0.0387 0.7212 -0.6916
vn 0.3705 -0.3631 -0.8549
vn 0.8164 0.0504 -0.5753
vn 0.8741 -0.3039 -0.3790
vn -0.0004 0.5754 0.8179
vn 0.1259 0.7775 0.6161
vn -0.0215 0.7263 0.6871
vn 0.8848 -0.0896 -0.4572
vn -0.2171 0.7901 0.5733
vn -0.0337 0.6045 0.7959
vn -0.3187 -0.2412 -0.9166
vn -0.2380 -0.8961 -0.3746
vn -0.9809 -0.1108 -0.1600
vn -0.6021 -0.7427 0.2931
vn -0.3038 0.0378 -0.9520
vn -0.9445 -0.0963 -0.3141
vn -0.2709 0.0005 -0.9626
vn -0.9089 -0.0601 -0.4126
vn 0.2187 0.0212 -0.9756
vn 0.2668 -0.2780 -0.9228
vn 0.9269 -0.0376 -0.3735
vn 0.9603 -0.0932 -0.2631
vn 0.1951 0.0247 -0.9805
vn 0.8991 -0.0280 -0.4369
vn 0.5774 -0.7753 0.2559
vn 0.2374 -0.8897 -0.3901
vn -0.0322 -0.9709 0.2372
vn 0.0776 -0.9602 0.2685
vn 0.0154 0.6183 0.7858
vn 0.0320 0.4386 0.8981
vn 0.0307 0.5714 0.8201
vn 0.0418 0.4012 0.9150
vn 0.0483 0.0957 0.9942
vn 0.0407 0.1122 0.9928
vn 0.0248 0.0199 0.9995
vn 0.0312 0.0696 0.9971
vn 0.0168 0.1966 0.9803
vn -0.0039 0.1376 0.9905
vn -0.2207 -0.1084 -0.9693
vn -0.2107 -0.5849 -0.7833
vn 0.2458 -0.1613 -0.9558
vn 0.1853 -0.6170 -0.7648
vn 0.8859 -0.3117 -0.3435
vn 0.8984 -0.1096 -0.4254
vn 0.2795 -0.4511 -0.8476
vn 0.8150 0.0876 -0.5728
vn -0.0113 -0.4417 -0.8971
vn -0.0387 0.7212 -0.6916
vn -0.8164 0.0504 -0.5753
vn -0.3705 -0.3631 -0.8549
vn -0.8741 -0.3039 -0.3790
vn 0.0215 0.7263 0.6871
vn -0.1259 0.7775 0.6161
vn 0.0004 0.5754 0.8179
vn -0.8848 -0.0896 -0.4572
vn 0.0337 0.6045 0.7959
vn 0.2171 0.7901 0.5733
vn 0.6021 -0.7427 0.2931
vn 0.2380 -0.8961 -0.3746
vn 0.9809 -0.1108 -0.1600
vn 0.3187 -0.2412 -0.9166
vn 0.9445 -0.0962 -0.3141
vn 0.3038 0.0377 -0.9520
vn 0.9089 -0.0601 -0.4126
vn 0.2709 0.0005 -0.9626
vn -0.2187 0.0218 -0.9755
vn -0.2668 -0.2780 -0.9228
vn -0.9603 -0.0932 -0.2631
vn -0.9269 -0.0374 -0.3735
vn -0.1951 0.0248 -0.9805
vn -0.8991 -0.0280 -0.4369
vn -0.5774 -0.7753 0.2559
vn -0.2374 -0.8897 -0.3901
vn -0.0776 -0.9602 0.2685
vn 0.0322 -0.9709 0.2372
vn -0.0154 0.6183 0.7858
vn -0.0307 0.5714 0.8201
vn -0.0320 0.4386 0.8981
vn -0.0418 0.4012 0.9150
vn -0.0483 0.0958 0.9942
vn -0.0407 0.1122 0.9929
vn -0.0248 0.0199 0.9995
vn -0.0312 0.0696 0.9971
vn -0.0168 0.1966 0.9803
vn 0.0039 0.1376 0.9905
vn 0.2210 -0.2756 0.9355
vn 0.0431 -0.3080 0.9504
vn 0.1393 0.5967 0.7903
vn -0.0729 0.5863 0.8068
vn 0.8276 -0.2457 0.5047
vn 0.8547 -0.2438 -0.4583
vn 0.6718 0.5950 0.4412
vn 0.6970 0.5835 -0.4168
vn -0.0024 0.5876 0.8092
vn 0.0023 -0.3774 0.9261
vn -0.4133 -0.2516 -0.8752
vn -0.3363 0.4849 -0.8073
vn -0.2258 -0.5495 -0.8044
vn -0.1388 0.5572 -0.8187
vn -0.1109 0.9806 0.1616
vn 0.0250 0.9920 0.1234
vn -0.1036 0.9828 -0.1528
vn 0.0770 0.9964 -0.0355
vn 0.2925 -0.5385 0.7903
vn 0.2328 0.5728 0.7860
vn -0.0594 0.5988 -0.7987
vn 0.0500 -0.2890 -0.9560
vn 0.1013 0.6040 -0.7905
vn 0.1772 -0.2688 -0.9467
vn -0.0000 0.4389 -0.8985
vn -0.0000 -0.4994 -0.8664
vn -0.0421 0.9930 0.1102
vn -0.0490 0.9904 -0.1293
vn -0.3633 0.4868 0.7944
vn -0.4584 -0.2726 0.8459
vn 0.2579 0.6060 -0.7525
vn 0.3225 -0.4993 -0.8041
vn -0.1879 0.5471 0.8157
vn -0.2703 -0.5670 0.7781
vn 0.0105 0.9982 -0.0589
vn 0.0067 0.9985 -0.0540
vn 0.0177 0.9955 0.0931
vn 0.1201 0.9905 0.0664
vn 0.0029 0.9957 0.0921
vn 0.1613 0.9842 -0.0733
vn 0.0003 0.9901 -0.1404
vn 0.0001 0.9938 0.1109
vn -0.2184 -0.2760 0.9360
vn -0.1372 0.5975 0.7901
vn -0.0430 -0.3080 0.9504
vn 0.0728 0.5864 0.8068
vn -0.8275 -0.2458 0.5047
vn -0.6718 0.5950 0.4413
vn -0.8547 -0.2438 -0.4583
vn -0.6970 0.5834 -0.4168
vn 0.1388 0.5572 -0.8187
vn 0.3363 0.4849 -0.8073
vn 0.2258 -0.5496 -0.8044
vn 0.4133 -0.2516 -0.8751
vn -0.0770 0.9964 -0.0355
vn -0.0249 0.9920 0.1235
vn 0.1036 0.9828 -0.1528
vn 0.1109 0.9806 0.1616
vn -0.2926 -0.5384 0.7902
vn -0.2328 0.5728 0.7859
vn -0.1772 -0.2688 -0.9467
vn -0.0501 -0.2890 -0.9560
vn -0.1013 0.6040 -0.7905
vn 0.0594 0.5988 -0.7987
vn 0.0489 0.9904 -0.1293
vn 0.0417 0.9930 0.1108
vn 0.3633 0.4868 0.7944
vn 0.4585 -0.2708 0.8464
vn -0.2579 0.6060 -0.7525
vn -0.3225 -0.4993 -0.8041
vn 0.1879 0.5471 0.8157
vn 0.2703 -0.5670 0.7781
vn -0.0067 0.9985 -0.0540
vn -0.0104 0.9982 -0.0589
vn -0.0177 0.9955 0.0931
vn -0.1201 0.9905 0.0664
vn -0.0030 0.9957 0.0921
vn -0.1613 0.9842 -0.0733
vn 0.4391 0.6822 -0.5846
vn 0.8153 0.4797 -0.3245
vn 0.1879 0.1548 -0.9699
vn 0.3483 0.0906 -0.9330
vn 0.5814 -0.3185 -0.7487
vn 0.0463 -0.2004 -0.9786
vn 0.0484 -0.2009 -0.9784
vn -0.1592 -0.9232 -0.3499
vn -0.5280 -0.7644 -0.3701
vn -0.0116 0.2505 -0.9680
vn 0.0860 -0.1506 -0.9849
vn 0.2789 0.0398 -0.9595
vn 0.5126 -0.1904 -0.8372
vn -0.0080 -0.1607 -0.9870
vn -0.0088 0.0384 -0.9992
vn -0.2957 0.0376 -0.9545
vn -0.5256 -0.1943 -0.8283
vn -0.8323 -0.5473 -0.0877
vn -0.7798 -0.4932 -0.3856
vn -0.3250 0.3799 -0.8660
vn -0.6120 -0.7623 -0.2104
vn -0.6138 -0.7864 0.0695
vn 0.1307 0.8127 -0.5679
vn 0.0089 0.8888 -0.4582
vn -0.4542 0.6788 -0.5771
vn -0.5430 0.7429 -0.3914
vn -0.0064 0.2512 -0.9679
vn -0.2060 0.1532 -0.9665
vn -0.1019 -0.1512 -0.9832
vn -0.0639 -0.2011 -0.9775
vn -0.5061 0.0958 -0.8571
vn -0.1659 -0.0949 -0.9816
vn -0.9168 -0.3634 0.1654
vn -0.9271 -0.2792 -0.2502
vn -0.0833 0.8012 -0.5926
vn 0.5113 0.6686 -0.5399
vn 0.6285 0.7551 -0.1867
vn 0.2684 0.4142 -0.8697
vn -0.2531 -0.1663 -0.9530
vn -0.0085 -0.0499 -0.9987
vn -0.7655 -0.1093 -0.6340
vn -0.7536 -0.0157 -0.6572
vn -0.0091 0.0621 -0.9980
vn -0.5499 0.1837 -0.8148
vn -0.0090 0.0828 -0.9965
vn -0.9099 -0.1370 -0.3917
vn -0.7051 0.4530 -0.5455
vn 0.5083 -0.0944 -0.8560
vn -0.0084 -0.0861 -0.9963
vn 0.5343 0.1877 -0.8242
vn 0.7421 -0.0101 -0.6702
vn -0.5225 -0.0982 -0.8469
vn 0.9039 -0.1304 -0.4073
vn 0.6922 0.4581 -0.5577
vn 0.8788 -0.0716 -0.4718
vn 0.8441 0.5337 0.0520
vn 0.9945 -0.0000 0.1046
vn 0.5098 -0.3005 -0.8061
vn 0.7847 -0.4894 -0.3805
vn 0.8286 -0.5231 0.1996
vn 0.9847 -0.1167 0.1297
vn 0.6799 -0.4103 -0.6078
vn 0.4855 -0.7559 -0.4392
vn 0.4917 -0.8497 -0.1906
vn -0.2121 -0.9765 -0.0381
vn -0.5904 -0.8005 -0.1033
vn 0.5306 0.7470 -0.4006
vn 0.8525 0.5130 -0.1001
vn 0.7248 -0.6055 0.3286
vn 0.7705 -0.6152 0.1667
vn -0.1460 0.8116 -0.5656
vn 0.3071 0.3823 -0.8715
vn -0.0226 0.8887 -0.4579
vn 0.7766 -0.4875 -0.3991
vn 0.8347 -0.5411 -0.1025
vn 0.6140 -0.7577 -0.2211
vn 0.6207 -0.7819 0.0580
vn 0.6417 -0.7330 -0.2257
vn 0.6347 -0.7695 0.0704
vn 0.6383 -0.7631 0.1014
vn 0.5983 -0.7707 -0.2191
vn 0.4903 0.0995 -0.8658
vn 0.0669 0.8019 -0.5937
vn -0.5256 0.6648 -0.5308
vn -0.6371 0.7504 -0.1762
vn -0.2866 0.4122 -0.8648
vn -0.6010 0.5177 -0.6090
vn -0.2506 0.2656 -0.9309
vn 0.1493 -0.0938 -0.9843
vn 0.2377 -0.1645 -0.9573
vn 0.2308 -0.2160 -0.9487
vn 0.0764 -0.1945 -0.9779
vn -0.2376 0.1878 -0.9530
vn -0.7701 0.6337 0.0725
vn -0.5557 0.5309 -0.6399
vn -0.6639 0.7478 0.0039
vn -0.4023 0.4716 -0.7847
vn -0.1140 -0.0410 -0.9926
vn -0.1735 -0.0719 -0.9822
vn -0.6776 0.2176 -0.7025
vn -0.8776 0.3894 -0.2795
vn 0.1755 0.3912 -0.9034
vn 0.4848 0.8100 -0.3300
vn -0.4989 0.7367 -0.4566
vn 0.9246 -0.2724 -0.2664
vn 0.9222 -0.3567 0.1492
vn 0.8496 0.0123 -0.5273
vn 0.8449 0.3953 -0.3605
vn 0.9957 0.0503 0.0778
vn 0.8774 0.4797 0.0094
vn 0.7412 0.1686 -0.6498
vn 0.5742 0.0289 -0.8182
vn 0.7550 -0.1037 -0.6474
vn -0.6872 -0.4152 -0.5961
vn -0.4877 -0.7597 -0.4302
vn -0.4893 -0.8529 -0.1820
vn 0.1597 -0.9221 -0.3525
vn -0.0621 -0.2012 -0.9776
vn 0.5271 -0.7607 -0.3789
vn -0.5921 -0.3225 -0.7385
vn -0.7631 -0.6205 0.1806
vn 0.5944 -0.7962 -0.1132
vn -0.7141 -0.6109 0.3417
vn -0.8579 0.5067 -0.0857
vn -0.8242 0.4737 -0.3103
vn 0.2185 -0.9750 -0.0415
vn -0.3654 0.0879 -0.9267
vn -0.8469 0.5275 0.0670
vn -0.9813 -0.1241 0.1471
vn 0.0074 -0.9056 0.4240
vn 0.0003 -0.9458 -0.3247
vn -0.0054 -0.5273 -0.8497
vn -0.0074 -0.2680 -0.9634
vn -0.5214 -0.3044 -0.7972
vn -0.7875 -0.4953 -0.3667
vn -0.8864 -0.0784 -0.4562
vn -0.8211 -0.5290 0.2144
vn -0.9925 -0.0066 0.1222
vn -0.5424 0.8391 -0.0414
vn -0.8712 0.4909 -0.0057
vn 0.5223 0.8469 -0.1000
vn 0.7065 -0.6954 -0.1316
vn 0.9887 0.0027 -0.1499
vn 0.7211 -0.6843 0.1084
vn 0.9977 0.0665 -0.0095
vn 0.1772 -0.3489 -0.9203
vn 0.3917 -0.1045 -0.9141
vn -0.0088 0.0126 -0.9999
vn -0.0088 0.1053 -0.9944
vn -0.0095 0.3577 -0.9338
vn -0.7536 0.1631 -0.6368
vn -0.0076 0.8399 -0.5427
vn -0.0034 0.9991 0.0426
vn -0.8538 0.3890 -0.3460
vn -0.8806 0.4732 0.0245
vn -0.8586 0.0060 -0.5127
vn -0.5886 0.0246 -0.8081
vn -0.9946 0.0431 0.0949
vn -0.2456 -0.2175 -0.9447
vn -0.6401 -0.7378 -0.2143
vn -0.5963 -0.7752 -0.2085
vn -0.0918 -0.1949 -0.9765
vn 0.2322 0.2674 -0.9352
vn 0.5863 0.5220 -0.6195
vn 0.5404 0.5347 -0.6497
vn 0.3859 0.4741 -0.7914
vn 0.4859 0.7399 -0.4653
vn 0.6639 0.2225 -0.7140
vn 0.8693 0.3965 -0.2951
vn 0.6580 0.7530 -0.0075
vn 0.5361 0.8425 -0.0527
vn 0.7667 0.6394 0.0584
vn -0.6307 -0.7678 0.1127
vn -0.6278 -0.7741 0.0808
vn 0.8680 0.4961 -0.0211
vn -0.9991 0.0421 0.0109
vn -0.5190 0.8504 -0.0869
vn -0.9916 0.0175 -0.1285
vn -0.4622 0.8253 -0.3245
vn -0.1564 0.3914 -0.9068
vn -0.4074 -0.1203 -0.9053
vn -0.7068 -0.6967 -0.1223
vn -0.7163 -0.6874 0.1200
vn -0.1927 -0.3502 -0.9166
vn 0.1572 -0.0711 -0.9850
vn 0.2194 0.1894 -0.9571
vn 0.0977 -0.0409 -0.9944
vn 0.0320 -0.5975 0.8012
vn 0.2046 -0.8304 0.5183
vn 0.0669 -0.6714 0.7381
vn 0.1589 -0.8384 0.5214
vn -0.0000 0.5072 -0.8618
vn -0.0000 0.7001 -0.7140
vn -0.0596 0.6284 -0.7756
vn -0.1238 0.7862 -0.6054
vn 0.1321 0.2059 -0.9696
vn 0.3623 0.4345 -0.8246
vn 0.2761 -0.1758 -0.9449
vn 0.5282 0.3203 -0.7864
vn -0.0426 0.3468 -0.9370
vn -0.0213 0.1054 -0.9942
vn -0.0484 0.2635 -0.9635
vn -0.0669 0.1162 -0.9910
vn -0.0000 -0.4940 0.8695
vn -0.0000 -0.6573 0.7536
vn -0.0299 -0.5907 0.8064
vn -0.0474 -0.7010 0.7116
vn -0.0235 -0.5198 0.8540
vn 0.0197 -0.2472 0.9688
vn 0.0509 -0.1497 0.9874
vn 0.0141 0.2550 -0.9668
vn 0.0497 0.1564 -0.9864
vn 0.1961 -0.1271 -0.9723
vn 0.1501 -0.1314 -0.9799
vn -0.0000 0.1461 -0.9893
vn -0.0038 -0.7082 0.7060
vn -0.0843 0.5582 -0.8254
vn -0.0297 0.4376 -0.8987
vn -0.1394 -0.1871 0.9724
vn -0.0665 -0.3001 0.9516
vn -0.1220 -0.4330 0.8931
vn -0.0113 -0.4341 0.9008
vn -0.0504 0.5269 -0.8484
vn 0.0332 0.6773 -0.7350
vn 0.1337 0.8716 -0.4717
vn 0.1244 0.6485 -0.7510
vn 0.2641 0.8899 -0.3718
vn 0.2314 0.2060 0.9508
vn -0.0000 -0.1458 0.9893
vn -0.0000 0.1460 0.9893
vn -0.0000 -0.1184 -0.9930
vn -0.0000 -0.8409 0.5411
vn -0.0000 -0.6801 0.7331
vn -0.0421 -0.2148 0.9757
vn -0.0000 -0.3613 0.9325
vn 0.3800 -0.3665 0.8493
vn 0.1472 -0.6287 0.7636
vn -0.1333 0.2036 -0.9699
vn -0.0745 0.3070 -0.9488
vn -0.1403 0.4293 -0.8922
vn 0.1450 -0.1813 0.9727
vn -0.0558 -0.5534 0.8311
vn 0.2824 -0.8380 0.4669
vn 0.5365 -0.4502 0.7138
vn 0.1560 0.1951 0.9683
vn -0.0323 -0.3385 0.9404
vn -0.0226 -0.0371 0.9991
vn 0.2849 0.2924 0.9129
vn 0.0005 0.6036 -0.7973
vn -0.1133 -0.6326 0.7662
vn 0.2107 0.8656 -0.4542
vn -0.1118 0.0268 0.9934
vn -0.0000 -0.1185 0.9930
vn -0.1548 0.6422 -0.7508
vn -0.0397 0.7526 -0.6573
vn -0.0000 0.6824 -0.7309
vn -0.0000 0.8559 -0.5172
vn -0.0000 0.3748 -0.9271
vn -0.0000 0.1795 -0.9838
vn -0.0320 -0.5975 0.8012
vn -0.0669 -0.6714 0.7381
vn -0.2046 -0.8304 0.5183
vn -0.1589 -0.8384 0.5214
vn 0.1238 0.7862 -0.6054
vn 0.0596 0.6284 -0.7756
vn -0.1321 0.2059 -0.9696
vn -0.2761 -0.1758 -0.9449
vn -0.3623 0.4345 -0.8246
vn -0.5282 0.3203 -0.7864
vn 0.0669 0.1162 -0.9910
vn 0.0213 0.1053 -0.9942
vn 0.0484 0.2635 -0.9635
vn 0.0426 0.3468 -0.9370
vn 0.0299 -0.5907 0.8064
vn 0.0474 -0.7010 0.7116
vn -0.0509 -0.1497 0.9874
vn 0.0235 -0.5197 0.8540
vn -0.0197 -0.2472 0.9688
vn -0.0141 0.2550 -0.9668
vn -0.1961 -0.1271 -0.9723
vn -0.0497 0.1564 -0.9864
vn -0.1501 -0.1314 -0.9799
vn 0.0038 -0.7082 0.7060
vn 0.0297 0.4376 -0.8987
vn 0.0843 0.5582 -0.8254
vn 0.1395 -0.1871 0.9724
vn 0.1220 -0.4330 0.8931
vn 0.0665 -0.3001 0.9516
vn 0.0113 -0.4341 0.9008
vn 0.0504 0.5269 -0.8484
vn -0.2641 0.8900 -0.3718
vn -0.1337 0.8716 -0.4717
vn -0.1244 0.6485 -0.7510
vn -0.0332 0.6773 -0.7350
vn -0.2314 0.2060 0.9508
vn 0.0421 -0.2148 0.9757
vn -0.1472 -0.6287 0.7636
vn -0.3800 -0.3665 0.8493
vn 0.0745 0.3070 -0.9488
vn 0.1403 0.4293 -0.8922
vn 0.1333 0.2036 -0.9699
vn 0.0558 -0.5534 0.8310
vn -0.1450 -0.1813 0.9727
vn -0.2824 -0.8380 0.4669
vn -0.5365 -0.4502 0.7138
vn -0.1560 0.1951 0.9683
vn 0.0323 -0.3385 0.9404
vn 0.0226 -0.0371 0.9991
vn -0.2849 0.2924 0.9129
vn -0.0005 0.6036 -0.7973
vn 0.1133 -0.6326 0.7662
vn -0.2107 0.8656 -0.4542
vn 0.1118 0.0268 0.9934
vn 0.1548 0.6422 -0.7508
vn 0.0397 0.7526 -0.6572
vn 0.9954 -0.0027 -0.0954
vn 0.0782 0.0137 -0.9968
vn 0.9963 0.0061 -0.0855
vn 0.2025 -0.2334 -0.9511
vn -0.0112 -0.0139 -0.9998
vn -0.0141 0.0049 -0.9999
vn 0.2390 -0.0086 -0.9710
vn 0.1957 0.0084 -0.9806
vn 0.9937 0.0079 -0.1118
vn 0.9951 -0.0018 -0.0988
vn 0.9975 0.0045 -0.0701
vn 0.9920 0.0071 -0.1260
vn 0.9542 0.2974 0.0318
vn 0.9819 -0.1158 -0.1501
vn 0.9327 0.3601 -0.0193
vn 0.9958 -0.0690 -0.0604
vn 0.9968 -0.0009 -0.0802
vn 1.0000 -0.0030 -0.0081
vn 0.9981 -0.0199 0.0576
vn 0.8606 -0.4837 -0.1591
vn 0.8451 -0.5186 0.1299
vn 0.1268 -0.0179 0.9918
vn 0.0823 -0.0133 0.9965
vn 0.3346 -0.9418 -0.0320
vn -0.0000 -0.9995 -0.0307
vn 0.3335 -0.9328 -0.1366
vn -0.0000 -0.9916 -0.1291
vn 0.3429 -0.9340 -0.1000
vn 0.8633 -0.4958 -0.0943
vn 0.1004 -0.0299 0.9945
vn 0.0114 -0.0205 0.9997
vn 0.0365 -0.0849 0.9957
vn 0.1775 0.0444 0.9831
vn 0.0184 0.0175 0.9997
vn -0.0006 0.9844 0.1759
vn -0.0000 0.9848 0.1738
vn -0.0000 0.0122 0.9999
vn 0.1046 0.9944 0.0135
vn -0.0048 0.9999 0.0134
vn 0.0988 0.9737 0.2054
vn -0.0000 0.9999 0.0118
vn -0.0002 -0.0618 0.9981
vn 0.1706 -0.1086 0.9793
vn 0.7045 -0.1271 0.6982
vn 0.8987 -0.0028 0.4386
vn 0.8514 -0.0089 0.5245
vn 0.1816 -0.4454 -0.8767
vn 0.7898 -0.0744 0.6088
vn 0.9217 0.1944 0.3357
vn 0.0668 0.7683 -0.6366
vn -0.0125 0.1078 -0.9941
vn -0.0000 0.0778 -0.9970
vn -0.0129 0.8090 -0.5877
vn -0.0000 0.7883 -0.6153
vn 0.1976 0.0992 -0.9752
vn 0.0885 -0.0451 -0.9951
vn 0.0266 -0.0795 -0.9965
vn 0.0846 -0.1558 -0.9842
vn -0.0108 0.0077 -0.9999
vn 0.1853 -0.3938 -0.9003
vn -0.0000 -0.9911 -0.1330
vn -0.0000 -0.5611 -0.8277
vn -0.0000 -0.0548 -0.9985
vn -0.0000 0.0048 -1.0000
vn -0.0000 -0.0000 -1.0000
vn 0.0140 0.0045 -0.9999
vn 0.0125 0.1078 -0.9941
vn -0.0000 -0.0537 -0.9986
vn -0.0000 -0.0729 -0.9973
vn -0.0000 -0.0214 0.9998
vn -0.9975 0.0068 -0.0701
vn -0.9958 -0.0690 -0.0604
vn -0.8987 -0.0028 0.4386
vn -0.7898 -0.0744 0.6088
vn -0.2025 -0.2334 -0.9511
vn -0.0782 0.0137 -0.9968
vn -0.9963 0.0060 -0.0855
vn -0.9954 -0.0027 -0.0954
vn -0.1957 0.0084 -0.9806
vn -0.2390 -0.0086 -0.9710
vn 0.0112 -0.0139 -0.9998
vn -0.9951 -0.0018 -0.0988
vn -0.9937 0.0080 -0.1118
vn -0.9920 0.0071 -0.1260
vn -0.9528 0.3018 0.0315
vn -0.9273 0.3738 -0.0197
vn -0.9819 -0.1157 -0.1501
vn -1.0000 -0.0031 -0.0081
vn -0.9968 -0.0009 -0.0802
vn -0.8451 -0.5186 0.1299
vn -0.9981 -0.0199 0.0576
vn -0.8606 -0.4837 -0.1591
vn -0.1268 -0.0179 0.9918
vn -0.0823 -0.0133 0.9965
vn -0.3347 -0.9418 -0.0320
vn -0.3335 -0.9328 -0.1366
vn -0.8633 -0.4959 -0.0943
vn -0.3429 -0.9340 -0.1000
vn -0.1004 -0.0298 0.9945
vn -0.0114 -0.0206 0.9997
vn -0.0365 -0.0849 0.9957
vn -0.0184 0.0175 0.9997
vn -0.1775 0.0444 0.9831
vn 0.0006 0.9848 0.1739
vn 0.0048 0.9999 0.0135
vn -0.0986 0.9743 0.2025
vn -0.0998 0.9949 0.0138
vn -0.1706 -0.1086 0.9793
vn -0.7046 -0.1271 0.6982
vn -0.8514 -0.0089 0.5245
vn -0.1816 -0.4454 -0.8767
vn -0.9219 0.1872 0.3392
vn -0.0655 0.7522 -0.6557
vn 0.0131 0.7895 -0.6137
vn -0.1977 0.0991 -0.9752
vn -0.0266 -0.0795 -0.9965
vn -0.0886 -0.0451 -0.9950
vn -0.0845 -0.1559 -0.9842
vn 0.0108 0.0077 -0.9999
vn -0.1853 -0.3938 -0.9003
vn 0.0108 0.3785 -0.9255
vn 0.0081 0.6275 -0.7786
vn -0.3364 -0.0392 -0.9409
vn -0.6377 -0.0337 -0.7696
vn 0.0096 -0.0412 -0.9991
vn 0.6549 -0.0287 -0.7552
vn 0.3644 -0.0380 -0.9305
vn -0.0053 0.5100 -0.8602
vn -0.4437 -0.0410 -0.8953
vn 0.4731 -0.0432 -0.8799
vn 0.9979 0.0059 -0.0637
vn 0.0264 0.9969 -0.0746
vn -0.9956 0.0016 -0.0937
vn 0.0127 -0.4543 -0.8907
vn 0.0106 -0.6895 -0.7242
vn -0.0032 -0.5769 -0.8168
vn 0.0306 -0.9995 0.0054
vn -0.0107 0.3785 -0.9255
vn 0.3364 -0.0392 -0.9409
vn -0.0080 0.6275 -0.7786
vn 0.6377 -0.0337 -0.7696
vn -0.0098 -0.0411 -0.9991
vn -0.6549 -0.0296 -0.7552
vn -0.3644 -0.0380 -0.9305
vn 0.4436 -0.0449 -0.8951
vn 0.0053 0.5101 -0.8601
vn -0.4731 -0.0381 -0.8802
vn -0.9979 0.0059 -0.0638
vn -0.0265 0.9969 -0.0746
vn 0.9956 0.0016 -0.0938
vn -0.0106 -0.6895 -0.7242
vn -0.0127 -0.4543 -0.8907
vn 0.0031 -0.5769 -0.8168
vn -0.0305 -0.9995 0.0053
vn -0.0015 0.3905 -0.9206
vn -0.0017 0.6879 -0.7258
vn -0.4336 -0.0198 -0.9009
vn -0.6969 -0.0148 -0.7171
vn -0.0078 -0.0233 -0.9997
vn 0.6878 -0.0174 -0.7257
vn 0.4637 -0.0219 -0.8857
vn -0.0146 0.5012 -0.8652
vn -0.5418 -0.0193 -0.8403
vn 0.5766 -0.0227 -0.8167
vn 0.9971 -0.0017 -0.0767
vn 0.0274 0.9981 -0.0557
vn -0.9978 -0.0016 -0.0666
vn -0.0000 -0.4618 -0.8870
vn -0.0050 -0.7208 -0.6931
vn -0.0172 -0.5766 -0.8168
vn 0.0214 -0.9997 -0.0075
vn 0.0015 0.3905 -0.9206
vn 0.4336 -0.0198 -0.9009
vn 0.0017 0.6878 -0.7259
vn 0.6969 -0.0148 -0.7170
vn 0.0076 -0.0233 -0.9997
vn -0.6878 -0.0179 -0.7257
vn -0.4637 -0.0219 -0.8857
vn 0.0146 0.5012 -0.8652
vn 0.5418 -0.0193 -0.8403
vn -0.5766 -0.0213 -0.8167
vn -0.9971 -0.0017 -0.0767
vn -0.0273 0.9981 -0.0557
vn 0.9978 -0.0014 -0.0666
vn 0.0050 -0.7208 -0.6931
vn 0.0172 -0.5766 -0.8168
vn -0.0215 -0.9997 -0.0075
vn 0.0064 0.4882 -0.8727
vn 0.0014 0.7137 -0.7004
vn -0.3931 0.0012 -0.9195
vn -0.6878 -0.0035 -0.7259
vn 0.0102 0.0062 -0.9999
vn 0.7054 0.0122 -0.7087
vn 0.4246 0.0106 -0.9053
vn -0.0099 0.6073 -0.7944
vn -0.4999 -0.0006 -0.8661
vn 0.5310 0.0138 -0.8472
vn 0.9985 0.0092 -0.0536
vn 0.0123 0.9996 -0.0245
vn -0.9960 -0.0108 -0.0884
vn 0.0178 -0.4767 -0.8789
vn 0.0177 -0.7049 -0.7091
vn 0.0045 -0.5981 -0.8014
vn 0.0355 -0.9989 -0.0317
vn 0.0011 0.4676 -0.8839
vn 0.0007 0.7470 -0.6648
vn -0.4313 0.0572 -0.9004
vn -0.6951 0.0471 -0.7174
vn -0.0054 0.0619 -0.9981
vn 0.6897 0.0427 -0.7229
vn 0.4655 0.0535 -0.8834
vn -0.0124 0.5733 -0.8193
vn -0.5398 0.0518 -0.8402
vn 0.5788 0.0482 -0.8140
vn 0.9973 0.0023 -0.0740
vn 0.0295 0.9989 0.0359
vn -0.9975 0.0074 -0.0707
vn 0.0017 -0.3850 -0.9229
vn -0.0038 -0.6590 -0.7522
vn -0.0162 -0.5058 -0.8625
vn 0.0218 -0.9956 -0.0907
vn -0.0064 0.4882 -0.8727
vn 0.3931 0.0012 -0.9195
vn -0.0014 0.7137 -0.7004
vn 0.6879 -0.0035 -0.7258
vn -0.0102 0.0062 -0.9999
vn -0.7054 0.0122 -0.7087
vn -0.4246 0.0106 -0.9053
vn 0.4999 -0.0004 -0.8661
vn 0.0099 0.6072 -0.7945
vn -0.5310 0.0127 -0.8473
vn -0.9985 0.0092 -0.0537
vn -0.0123 0.9996 -0.0245
vn 0.9960 -0.0108 -0.0884
vn -0.0177 -0.7049 -0.7091
vn -0.0178 -0.4767 -0.8789
vn -0.0045 -0.5981 -0.8014
vn -0.0354 -0.9989 -0.0317
vn -0.0011 0.4676 -0.8839
vn 0.4313 0.0572 -0.9004
vn -0.0007 0.7470 -0.6648
vn 0.6951 0.0471 -0.7174
vn 0.0055 0.0619 -0.9981
vn -0.6897 0.0430 -0.7228
vn -0.4655 0.0535 -0.8834
vn 0.0125 0.5733 -0.8193
vn 0.5398 0.0517 -0.8402
vn -0.5788 0.0484 -0.8140
vn -0.9972 0.0023 -0.0742
vn -0.0295 0.9989 0.0358
vn 0.9975 0.0072 -0.0707
vn 0.0038 -0.6590 -0.7522
vn -0.0017 -0.3850 -0.9229
vn 0.0162 -0.5058 -0.8625
vn -0.0216 -0.9956 -0.0907
vn -0.0282 0.4645 -0.8851
vn -0.0240 0.6989 -0.7148
vn -0.3752 0.0482 -0.9257
vn -0.6694 0.0381 -0.7419
vn -0.0322 0.0533 -0.9981
vn 0.6222 0.0434 -0.7817
vn 0.3518 0.0502 -0.9347
vn -0.0397 0.5883 -0.8077
vn -0.4802 0.0450 -0.8760
vn 0.4667 0.0477 -0.8831
vn 0.9939 0.0147 -0.1092
vn 0.0225 0.9994 0.0262
vn -0.9986 0.0013 -0.0523
vn -0.0219 -0.3360 -0.9416
vn -0.0207 -0.6183 -0.7856
vn -0.0370 -0.4552 -0.8896
vn 0.0298 -0.9960 -0.0846
vn 0.0281 0.4645 -0.8851
vn 0.3752 0.0482 -0.9257
vn 0.0240 0.6989 -0.7148
vn 0.6694 0.0382 -0.7419
vn 0.0323 0.0533 -0.9981
vn -0.6222 0.0431 -0.7817
vn -0.3518 0.0502 -0.9347
vn 0.4803 0.0442 -0.8760
vn 0.0397 0.5883 -0.8077
vn -0.4667 0.0477 -0.8831
vn -0.9939 0.0147 -0.1093
vn -0.0225 0.9994 0.0262
vn 0.9986 0.0020 -0.0521
vn 0.0207 -0.6183 -0.7856
vn 0.0219 -0.3360 -0.9416
vn 0.0371 -0.4553 -0.8896
vn -0.0298 -0.9960 -0.0846
vn -0.2597 -0.0178 -0.9655
vn 0.0029 -0.0259 -0.9997
vn -0.0337 -0.9822 -0.1846
vn 0.0129 -0.9844 -0.1756
vn -0.1635 -0.9706 -0.1767
vn -0.7546 -0.1010 -0.6483
vn 0.0594 -0.9813 -0.1833
vn 0.2641 -0.0085 -0.9645
vn -0.2612 -0.1818 0.9480
vn -0.0385 -0.9959 0.0820
vn 0.0001 -0.1807 0.9835
vn 0.0128 -0.9976 0.0678
vn -0.1560 -0.9840 0.0859
vn -0.7509 -0.1492 0.6434
vn -0.2157 -0.9754 -0.0463
vn -0.9916 -0.1293 -0.0035
vn -0.2675 0.1099 0.9573
vn -0.0037 0.1101 0.9939
vn -0.0508 0.9851 0.1642
vn -0.0130 0.9844 0.1756
vn -0.1312 0.9808 0.1446
vn -0.7583 0.1499 0.6344
vn -0.9861 0.1654 -0.0149
vn -0.1868 0.9819 0.0304
vn -0.7382 0.1901 -0.6473
vn -0.1304 0.9885 -0.0767
vn -0.2545 0.2693 -0.9288
vn -0.0476 0.9953 -0.0846
vn -0.0018 0.2792 -0.9602
vn -0.0125 0.9953 -0.0962
vn 0.0632 -0.9948 0.0802
vn 0.2639 -0.1749 0.9486
vn 0.0248 0.9867 0.1609
vn 0.2627 0.1167 0.9578
vn 0.0222 0.9964 -0.0820
vn 0.2507 0.2759 -0.9279
vn 0.1891 -0.9661 -0.1759
vn 0.7597 -0.0845 -0.6448
vn 0.1812 -0.9796 0.0866
vn 0.7517 -0.1303 0.6465
vn 0.2400 -0.9697 -0.0450
vn 0.9940 -0.1091 0.0012
vn 0.1050 0.9839 0.1449
vn 0.7514 0.1691 0.6378
vn 0.9825 0.1858 -0.0102
vn 0.1626 0.9862 0.0316
vn 0.7358 0.2086 -0.6442
vn 0.1049 0.9916 -0.0762
vn 0.0127 -0.9985 -0.0531
vn -0.0105 -0.9987 -0.0492
vn -0.0283 0.9988 0.0401
vn -0.0128 0.9991 0.0402
vn 0.0358 -0.9982 -0.0491
vn 0.0022 0.9992 0.0401
vn -0.0129 -0.9844 -0.1756
vn -0.0029 -0.0259 -0.9997
vn 0.0336 -0.9822 -0.1846
vn 0.2597 -0.0178 -0.9655
vn 0.7546 -0.1010 -0.6483
vn 0.1635 -0.9706 -0.1767
vn -0.0593 -0.9813 -0.1833
vn -0.2641 -0.0085 -0.9645
vn 0.2612 -0.1817 0.9480
vn -0.0001 -0.1807 0.9835
vn 0.0385 -0.9959 0.0820
vn -0.0128 -0.9976 0.0678
vn 0.1561 -0.9840 0.0858
vn 0.7509 -0.1492 0.6434
vn 0.2157 -0.9754 -0.0463
vn 0.9916 -0.1293 -0.0034
vn 0.0130 0.9844 0.1756
vn 0.0037 0.1101 0.9939
vn 0.0509 0.9851 0.1642
vn 0.2675 0.1099 0.9573
vn 0.7583 0.1499 0.6344
vn 0.1312 0.9808 0.1446
vn 0.9861 0.1654 -0.0149
vn 0.1868 0.9819 0.0304
vn 0.7381 0.1901 -0.6473
vn 0.1305 0.9885 -0.0767
vn 0.2545 0.2693 -0.9288
vn 0.0476 0.9953 -0.0846
vn 0.0018 0.2792 -0.9602
vn 0.0125 0.9953 -0.0962
vn -0.2639 -0.1749 0.9486
vn -0.0632 -0.9948 0.0802
vn -0.0248 0.9867 0.1609
vn -0.2627 0.1167 0.9578
vn -0.2507 0.2759 -0.9279
vn -0.0222 0.9964 -0.0819
vn -0.1891 -0.9661 -0.1759
vn -0.7597 -0.0845 -0.6448
vn -0.7517 -0.1303 0.6465
vn -0.1812 -0.9796 0.0866
vn -0.9940 -0.1091 0.0011
vn -0.2400 -0.9697 -0.0450
vn -0.1050 0.9839 0.1449
vn -0.7514 0.1691 0.6379
vn -0.1626 0.9862 0.0316
vn -0.9825 0.1858 -0.0102
vn -0.1049 0.9916 -0.0763
vn -0.7358 0.2086 -0.6442
vn -0.0127 -0.9985 -0.0529
vn 0.0105 -0.9987 -0.0492
vn 0.0283 0.9988 0.0401
vn 0.0128 0.9991 0.0402
vn -0.0358 -0.9982 -0.0491
vn -0.0022 0.9992 0.0401
vn -0.6048 -0.2474 -0.7569
vn 0.6047 -0.2209 -0.7652
vn -0.8694 -0.2978 -0.3942
vn 0.8489 -0.2228 -0.4792
vn 0.6656 -0.0723 0.7428
vn 0.6513 0.1062 0.7513
vn 0.5961 0.0681 -0.8000
vn 0.5879 -0.1044 -0.8021
vn 0.6435 0.2677 0.7171
vn 0.6482 0.0718 0.7581
vn -0.6406 0.2132 0.7377
vn -0.5779 0.0778 0.8124
vn -0.6598 0.0566 0.7493
vn -0.6675 -0.0911 0.7390
vn -0.5934 0.0653 -0.8023
vn -0.5719 -0.1327 -0.8096
vn 0.5545 0.2782 0.7843
vn 0.6318 0.4201 -0.6514
vn -0.6252 0.3360 0.7045
vn -0.5799 0.4157 -0.7007
vn -0.8215 -0.5010 0.2721
vn -0.6756 -0.3545 0.6464
vn 0.6279 -0.7729 0.0917
vn 0.6857 -0.5073 0.5220
vn 0.6710 -0.2278 -0.7056
vn 0.8799 -0.3000 -0.3684
vn -0.5811 -0.2024 -0.7883
vn -0.8557 -0.2157 -0.4703
vn -0.5673 -0.1142 -0.8155
vn -0.7019 0.0771 0.7081
vn -0.6018 0.0570 -0.7966
vn -0.6656 -0.0723 0.7428
vn -0.6482 0.0718 0.7581
vn -0.6996 0.2769 0.6587
vn 0.5779 0.0778 0.8124
vn 0.6406 0.2131 0.7377
vn 0.6598 0.0566 0.7493
vn 0.6675 -0.0911 0.7390
vn 0.6213 -0.1221 -0.7740
vn 0.6002 0.0615 -0.7975
vn -0.5545 0.2782 0.7843
vn 0.6252 0.3360 0.7045
vn -0.6318 0.4201 -0.6514
vn 0.5799 0.4157 -0.7007
vn 0.8215 -0.5010 0.2721
vn 0.6756 -0.3545 0.6464
vn -0.6279 -0.7729 0.0917
vn -0.6856 -0.5074 0.5220
vn 0.6116 -0.7896 -0.0500
vn 0.3835 -0.9230 -0.0328
vn 0.6199 -0.7847 0.0021
vn 0.4284 -0.9036 -0.0000
vn 0.3028 -0.3445 -0.8886
vn 0.1031 -0.0698 -0.9922
vn 0.7654 -0.2133 -0.6071
vn 0.6942 -0.0131 -0.7197
vn 0.1689 0.0087 -0.9856
vn -0.1766 0.0011 -0.9843
vn -0.1600 -0.0616 -0.9852
vn -0.2127 0.0094 -0.9771
vn 0.1737 0.0112 -0.9847
vn 0.0528 -0.3436 -0.9376
vn -0.1397 -0.9901 -0.0125
vn 0.0800 -0.9967 0.0170
vn 0.4982 -0.7015 0.5096
vn 0.8912 -0.4445 0.0905
vn 0.1985 -0.1537 0.9680
vn 0.8231 -0.0447 0.5662
vn 0.4096 -0.8839 -0.2255
vn -0.1791 -0.9236 -0.3388
vn 0.3029 -0.9187 -0.2534
vn -0.2987 -0.9477 -0.1128
vn 0.9075 -0.4182 -0.0402
vn 0.8824 -0.4705 -0.0057
vn -0.0940 -0.0857 0.9919
vn 0.2974 -0.6763 0.6740
vn 0.5738 -0.7891 -0.2191
vn 0.5915 -0.7611 -0.2662
vn -0.1671 -0.0343 0.9853
vn -0.6553 -0.0372 0.7544
vn -0.1784 -0.0104 0.9839
vn -0.6276 -0.0219 0.7782
vn 0.7243 0.0086 0.6894
vn 0.8284 -0.0111 0.5600
vn 0.1909 -0.0205 0.9814
vn 0.2695 -0.0338 0.9624
vn -0.1595 -0.0427 0.9863
vn 0.8208 -0.0027 0.5712
vn 0.2674 -0.0106 0.9635
vn 0.2408 0.0105 0.9705
vn 0.7682 0.0042 0.6403
vn -0.1608 -0.0149 0.9869
vn -0.1256 0.0074 0.9921
vn -0.6814 -0.0545 -0.7299
vn -0.7814 -0.0142 -0.6239
vn -0.1684 -0.0354 -0.9851
vn -0.7700 -0.0216 -0.6377
vn -0.2016 -0.0074 -0.9794
vn -0.7556 -0.0040 -0.6550
vn 0.1437 -0.0181 -0.9895
vn 0.1484 -0.0457 -0.9879
vn 0.1865 0.0251 -0.9821
vn -0.1399 -0.0172 -0.9900
vn 0.3629 -0.1366 -0.9217
vn -0.0689 -0.2148 -0.9742
vn -0.0992 0.8913 0.4424
vn 0.0951 0.8785 0.4683
vn -0.0976 0.9949 0.0258
vn 0.0869 0.9959 0.0237
vn -0.6426 0.7662 0.0078
vn -0.0907 0.9957 0.0211
vn -0.7336 0.6590 -0.1662
vn -0.1059 0.9775 -0.1826
vn -0.4857 0.8737 0.0255
vn -0.5965 0.6860 0.4167
vn -0.7327 -0.0193 0.6803
vn -0.7161 -0.0133 0.6978
vn 0.1415 0.0248 -0.9896
vn 0.7805 0.0010 -0.6251
vn 0.7688 -0.0034 -0.6395
vn 0.7705 0.0342 -0.6365
vn 0.8071 0.0145 -0.5903
vn -0.7091 -0.0671 -0.7019
vn -0.8247 0.0067 -0.5655
vn 0.7299 -0.0359 -0.6826
vn 0.7776 -0.2438 -0.5796
vn 0.1613 -0.3826 -0.9097
vn -0.1526 -0.2195 -0.9636
vn 0.5852 -0.7806 -0.2197
vn 0.8930 -0.4348 -0.1161
vn 0.8250 -0.4410 -0.3535
vn 0.1429 -0.0033 0.9897
vn 0.7728 0.0728 0.6305
vn 0.1768 0.2162 0.9602
vn -0.0942 0.2415 0.9658
vn 0.6179 0.6877 0.3812
vn 0.7466 0.0890 0.6593
vn -0.6592 0.1163 0.7429
vn 0.6995 0.0504 0.7129
vn 0.7079 0.0128 0.7062
vn 0.1853 0.0006 0.9827
vn 0.1823 -0.0031 0.9832
vn -0.1667 -0.0207 0.9858
vn 0.7047 0.3191 -0.6337
vn 0.7082 0.0980 -0.6992
vn 0.0753 0.4629 -0.8832
vn 0.0899 0.1526 -0.9842
vn -0.1509 0.4398 -0.8853
vn -0.1581 0.1463 -0.9765
vn -0.6639 0.3097 -0.6807
vn -0.6237 0.0973 -0.7755
vn -0.8032 -0.0070 -0.5957
vn -0.6351 0.0378 -0.7715
vn -0.2239 0.0256 -0.9743
vn -0.1776 0.0449 -0.9831
vn 0.0975 0.0448 -0.9942
vn 0.7150 0.0135 -0.6990
vn -0.6128 -0.2801 -0.7389
vn 0.8973 -0.4018 -0.1829
vn -0.6767 -0.1313 0.7245
vn -0.3570 -0.7651 0.5360
vn -0.1554 -0.0227 0.9876
vn -0.6660 -0.0354 0.7451
vn -0.6441 -0.0448 0.7636
vn -0.6922 -0.0420 0.7205
vn 0.8077 -0.0531 -0.5872
vn -0.8595 -0.0806 -0.5047
vn 0.0921 0.9798 -0.1774
vn 0.1183 0.9927 0.0217
vn 0.6954 0.7089 -0.1176
vn 0.6600 0.7510 0.0187
vn 0.6397 0.7685 0.0146
vn -0.7195 -0.1989 -0.6655
vn 0.3740 -0.8937 -0.2480
vn -0.0395 -0.9754 -0.2169
vn 0.7240 0.0227 -0.6894
vn 0.2602 -0.9273 -0.2692
vn 0.7941 -0.6032 -0.0742
vn -0.0437 -0.8733 -0.4853
vn -0.6425 -0.7486 -0.1637
vn -0.6116 -0.7896 -0.0500
vn -0.6199 -0.7847 0.0021
vn -0.3835 -0.9230 -0.0328
vn -0.4284 -0.9036 -0.0000
vn -0.6942 -0.0131 -0.7197
vn -0.1031 -0.0698 -0.9922
vn -0.7654 -0.2133 -0.6071
vn -0.3028 -0.3446 -0.8886
vn 0.1600 -0.0616 -0.9852
vn 0.1766 0.0011 -0.9843
vn -0.1689 0.0063 -0.9856
vn -0.1737 0.0112 -0.9847
vn 0.2127 0.0094 -0.9771
vn -0.0528 -0.3436 -0.9376
vn 0.1397 -0.9901 -0.0125
vn -0.0800 -0.9967 0.0170
vn -0.4982 -0.7015 0.5096
vn -0.1985 -0.1537 0.9680
vn -0.8912 -0.4445 0.0905
vn -0.8231 -0.0447 0.5662
vn -0.4096 -0.8839 -0.2255
vn -0.3029 -0.9187 -0.2534
vn 0.1791 -0.9236 -0.3388
vn 0.2987 -0.9477 -0.1128
vn -0.9075 -0.4182 -0.0402
vn -0.8824 -0.4705 -0.0057
vn 0.0940 -0.0856 0.9919
vn -0.2974 -0.6763 0.6739
vn -0.5738 -0.7891 -0.2191
vn -0.5915 -0.7611 -0.2662
vn 0.1671 -0.0343 0.9853
vn 0.1784 -0.0104 0.9839
vn 0.6553 -0.0372 0.7544
vn 0.6276 -0.0219 0.7782
vn -0.2695 -0.0339 0.9624
vn -0.8284 -0.0111 0.5600
vn -0.1909 -0.0204 0.9814
vn -0.7243 0.0086 0.6894
vn 0.1594 -0.0452 0.9862
vn -0.2674 -0.0106 0.9635
vn -0.8208 -0.0027 0.5712
vn -0.2408 0.0105 0.9705
vn -0.7682 0.0042 0.6403
vn 0.1256 0.0074 0.9921
vn 0.1608 -0.0175 0.9868
vn 0.7814 -0.0141 -0.6238
vn 0.6813 -0.0545 -0.7299
vn 0.1684 -0.0354 -0.9851
vn 0.2016 -0.0074 -0.9794
vn 0.7700 -0.0216 -0.6377
vn 0.7556 -0.0040 -0.6551
vn -0.1437 -0.0181 -0.9895
vn -0.1484 -0.0457 -0.9879
vn 0.0690 -0.2147 -0.9742
vn 0.1399 -0.0172 -0.9900
vn -0.3630 -0.1366 -0.9217
vn -0.1866 0.0230 -0.9822
vn 0.0992 0.8913 0.4424
vn 0.0976 0.9949 0.0258
vn -0.0951 0.8785 0.4683
vn -0.0869 0.9959 0.0237
vn 0.1059 0.9775 -0.1826
vn 0.0907 0.9957 0.0211
vn 0.7336 0.6590 -0.1662
vn 0.6426 0.7662 0.0078
vn 0.4857 0.8737 0.0255
vn 0.5965 0.6860 0.4167
vn 0.7327 -0.0192 0.6803
vn 0.7161 -0.0133 0.6978
vn -0.7688 -0.0034 -0.6395
vn -0.7805 0.0010 -0.6251
vn -0.1415 0.0248 -0.9896
vn -0.8071 0.0145 -0.5903
vn -0.7705 0.0344 -0.6365
vn 0.8247 0.0067 -0.5655
vn 0.7091 -0.0672 -0.7019
vn -0.1613 -0.3826 -0.9097
vn -0.7776 -0.2438 -0.5796
vn -0.7299 -0.0359 -0.6826
vn 0.1526 -0.2195 -0.9636
vn -0.8930 -0.4348 -0.1161
vn -0.5852 -0.7806 -0.2197
vn -0.8250 -0.4410 -0.3535
vn -0.1429 -0.0032 0.9897
vn -0.7728 0.0728 0.6305
vn 0.0942 0.2415 0.9658
vn -0.1768 0.2162 0.9602
vn -0.7466 0.0890 0.6593
vn -0.6179 0.6877 0.3812
vn 0.6592 0.1163 0.7429
vn -0.1823 -0.0031 0.9832
vn -0.7079 0.0127 0.7062
vn -0.1853 0.0006 0.9827
vn -0.6995 0.0504 0.7129
vn 0.1667 -0.0208 0.9858
vn -0.0899 0.1526 -0.9842
vn -0.7082 0.0980 -0.6992
vn -0.0753 0.4629 -0.8832
vn -0.7047 0.3191 -0.6337
vn 0.1581 0.1463 -0.9765
vn 0.1509 0.4398 -0.8853
vn 0.6237 0.0973 -0.7755
vn 0.6639 0.3096 -0.6807
vn 0.1776 0.0449 -0.9831
vn 0.6351 0.0378 -0.7715
vn 0.2239 0.0256 -0.9743
vn 0.8031 -0.0070 -0.5957
vn -0.0975 0.0448 -0.9942
vn -0.7150 0.0134 -0.6990
vn 0.6128 -0.2801 -0.7389
vn -0.8973 -0.4018 -0.1829
vn 0.3570 -0.7651 0.5360
vn 0.6767 -0.1313 0.7245
vn 0.1554 -0.0227 0.9876
vn 0.6660 -0.0354 0.7451
vn 0.6441 -0.0447 0.7636
vn 0.6922 -0.0420 0.7205
vn -0.8077 -0.0531 -0.5872
vn 0.8595 -0.0806 -0.5047
vn -0.6600 0.7510 0.0187
vn -0.1183 0.9927 0.0217
vn -0.6955 0.7089 -0.1176
vn -0.0921 0.9798 -0.1774
vn -0.6397 0.7685 0.0145
vn 0.7195 -0.1989 -0.6655
vn -0.3740 -0.8937 -0.2480
vn 0.0395 -0.9754 -0.2169
vn -0.7240 0.0227 -0.6895
vn -0.2602 -0.9273 -0.2692
vn -0.7941 -0.6032 -0.0742
vn 0.0437 -0.8733 -0.4853
vn 0.6425 -0.7486 -0.1637
vn -0.0481 -0.0669 -0.9966
vn -0.1127 0.2810 -0.9531
vn -0.1473 0.0935 0.9847
vn -0.1096 -0.2634 0.9584
vn 0.1869 -0.6987 0.6906
vn 0.3407 -0.0590 0.9383
vn 0.0561 0.7133 -0.6986
vn 0.0370 -0.0363 -0.9987
vn 0.1498 0.8997 0.4100
vn 0.1004 -0.9151 -0.3906
vn 0.1540 0.8193 0.5524
vn 0.1191 0.3324 0.9356
vn 0.1519 -0.8363 -0.5269
vn 0.1245 -0.3060 -0.9438
vn 0.0536 -0.2676 0.9620
vn 0.1103 0.1025 0.9886
vn -0.1400 -0.7099 0.6902
vn 0.1654 0.2770 -0.9465
vn 0.0843 -0.0787 -0.9933
vn -0.2113 -0.8233 -0.5268
vn -0.0928 0.8223 0.5615
vn -0.2181 -0.9748 -0.0467
vn -0.1009 0.9939 0.0441
vn -0.1999 0.0149 0.9797
vn 0.0755 -0.5019 0.8616
vn -0.0283 -0.4971 0.8672
vn 0.1586 -0.2133 0.9640
vn -0.1460 -0.1859 0.9717
vn 0.1555 0.9869 0.0422
vn 0.1346 -0.9025 0.4090
vn 0.1291 0.8978 -0.4211
vn 0.1658 -0.9848 -0.0511
vn -0.1514 -0.4949 0.8557
vn -0.0657 0.5512 -0.8318
vn -0.1256 0.6962 -0.7068
vn -0.1329 -0.0882 -0.9872
vn -0.0898 0.9025 -0.4213
vn 0.0529 0.1334 0.9896
vn -0.1104 0.1129 0.9874
vn 0.0920 -0.8812 0.4637
vn -0.0727 -0.8739 0.4807
vn 0.0902 0.5259 -0.8457
vn 0.0523 0.2186 -0.9744
vn -0.1512 -0.1602 -0.9754
vn -0.0705 0.2017 -0.9769
vn 0.2004 -0.1855 -0.9620
vn -0.1613 0.9169 0.3651
vn -0.0947 -0.9141 -0.3943
vn 0.1835 0.8729 -0.4521
vn -0.1996 0.8586 -0.4722
vn 0.1368 -0.9818 -0.1321
vn -0.0763 -0.9877 -0.1366
vn -0.0610 0.3413 0.9380
vn -0.1842 -0.3096 -0.9329
vn -0.1680 0.9758 0.1400
vn -0.1352 0.5242 -0.8408
vn 0.1099 0.9833 0.1452
vn 0.1180 -0.4801 0.8693
vn -0.1738 -0.8956 0.4095
vn 0.0968 0.5361 -0.8386
vn 0.1096 -0.2634 0.9584
vn 0.1127 0.2809 -0.9531
vn 0.1474 0.0935 0.9847
vn 0.0481 -0.0669 -0.9966
vn -0.0370 -0.0363 -0.9987
vn -0.3407 -0.0590 0.9383
vn -0.0561 0.7133 -0.6986
vn -0.1869 -0.6986 0.6906
vn -0.1497 0.8997 0.4100
vn -0.1004 -0.9151 -0.3906
vn -0.1540 0.8193 0.5523
vn -0.1519 -0.8363 -0.5269
vn -0.1191 0.3324 0.9356
vn -0.1245 -0.3060 -0.9439
vn -0.1103 0.1025 0.9886
vn -0.0537 -0.2676 0.9620
vn 0.1400 -0.7099 0.6902
vn -0.1654 0.2769 -0.9465
vn -0.0843 -0.0788 -0.9933
vn 0.1009 0.9939 0.0439
vn 0.0928 0.8223 0.5615
vn 0.2181 -0.9748 -0.0468
vn 0.2114 -0.8233 -0.5267
vn 0.1999 0.0149 0.9797
vn -0.0755 -0.5018 0.8617
vn -0.1586 -0.2133 0.9640
vn 0.0282 -0.4970 0.8673
vn 0.1461 -0.1859 0.9716
vn -0.1555 0.9869 0.0422
vn -0.1291 0.8978 -0.4211
vn -0.1658 -0.9848 -0.0512
vn -0.1346 -0.9026 0.4090
vn 0.1514 -0.4948 0.8557
vn 0.0657 0.5512 -0.8318
vn 0.1256 0.6961 -0.7068
vn 0.1329 -0.0882 -0.9872
vn 0.0898 0.9025 -0.4212
vn -0.0529 0.1334 0.9896
vn -0.0920 -0.8812 0.4637
vn 0.1104 0.1128 0.9875
vn 0.0725 -0.8768 0.4753
vn -0.0902 0.5259 -0.8457
vn -0.0522 0.2185 -0.9744
vn 0.0705 0.2017 -0.9769
vn -0.2004 -0.1855 -0.9620
vn 0.1512 -0.1602 -0.9754
vn 0.1613 0.9169 0.3652
vn 0.0947 -0.9141 -0.3943
vn 0.1996 0.8586 -0.4723
vn -0.1835 0.8729 -0.4521
vn -0.1368 -0.9817 -0.1322
vn 0.0762 -0.9877 -0.1366
vn 0.1842 -0.3097 -0.9328
vn 0.0610 0.3413 0.9380
vn 0.1679 0.9758 0.1399
vn 0.1352 0.5241 -0.8409
vn -0.1099 0.9833 0.1451
vn -0.1179 -0.4801 0.8693
vn 0.1738 -0.8956 0.4095
vn -0.0967 0.5361 -0.8386
vn 0.5893 0.6147 -0.5242
vn 0.0376 0.6051 -0.7953
vn 0.2116 0.9570 -0.1984
vn -0.0163 0.9718 -0.2352
vn 0.7393 0.0451 -0.6718
vn 0.0538 0.0439 -0.9976
vn 0.0590 -0.7111 -0.7006
vn 0.5062 -0.7304 -0.4585
vn -0.0020 0.8415 -0.5402
vn 0.4117 0.8243 -0.3887
vn -0.4625 -0.7022 -0.5413
vn -0.3774 0.8477 -0.3727
vn -0.7285 -0.6848 -0.0177
vn -0.5395 0.8419 -0.0029
vn -0.8322 0.5543 -0.0114
vn -0.5780 0.5569 -0.5964
vn -0.6218 0.5220 0.5839
vn -0.7294 0.0434 0.6827
vn -0.9979 0.0585 -0.0287
vn -0.0454 0.8099 0.5848
vn -0.4130 0.8261 0.3835
vn -0.0442 0.5163 0.8553
vn 0.3905 0.8023 0.4515
vn 0.5665 0.5271 0.6335
vn -0.5232 -0.6648 0.5332
vn 0.0056 -0.7465 0.6653
vn 0.4665 -0.7558 0.4594
vn -0.0384 0.0535 0.9978
vn -0.6796 0.0852 -0.7286
vn 0.0195 0.5697 -0.8216
vn 0.0371 0.1064 -0.9936
vn 0.6051 0.5600 -0.5659
vn 0.7246 0.1170 -0.6792
vn -0.7153 0.0428 0.6975
vn -0.0213 0.0070 0.9997
vn -0.6679 0.0279 -0.7438
vn -0.9988 0.0402 -0.0276
vn -0.8306 0.5566 -0.0142
vn -0.5934 0.5538 0.5841
vn -0.0237 0.5684 0.8224
vn -0.5511 0.5829 -0.5971
vn -0.2610 0.9388 -0.2248
vn 0.5908 0.8062 0.0315
vn 0.6089 -0.7932 0.0038
vn 0.9988 -0.0389 0.0290
vn 0.6930 0.0229 0.7206
vn -0.0494 -0.9979 0.0430
vn -0.0589 -0.9979 -0.0283
vn 0.7820 0.6220 0.0399
vn 0.5504 0.5922 0.5885
vn 0.1950 0.9460 0.2589
vn 0.2246 0.9738 0.0350
vn 0.0161 -0.9976 0.0669
vn -0.0322 0.9593 0.2804
vn -0.0239 0.9994 0.0260
vn 0.0962 -0.9923 -0.0786
vn 0.0247 -0.9953 -0.0937
vn 0.8457 0.5321 0.0398
vn 0.6763 0.0745 0.7328
vn 0.9941 0.1027 0.0343
vn 0.0768 -0.9959 0.0480
vn 0.0890 -0.9960 -0.0077
vn -0.2768 0.9274 0.2518
vn -0.2922 0.9562 0.0146
vn -0.4433 -0.7863 0.4304
vn -0.0109 -0.7810 0.6245
vn -0.6223 -0.7826 -0.0193
vn 0.0402 -0.7616 -0.6468
vn 0.4746 -0.7571 -0.4489
vn -0.4150 -0.7795 -0.4692
vn -0.0111 -0.9981 -0.0600
vn 0.4477 -0.7761 0.4442
vn 0.6441 -0.7649 -0.0058
vn -0.5893 0.6147 -0.5242
vn -0.2116 0.9570 -0.1983
vn -0.0376 0.6051 -0.7953
vn 0.0163 0.9718 -0.2352
vn -0.7394 0.0451 -0.6718
vn -0.0538 0.0439 -0.9976
vn -0.5062 -0.7305 -0.4585
vn -0.0590 -0.7111 -0.7006
vn 0.0019 0.8416 -0.5402
vn -0.4117 0.8242 -0.3887
vn 0.3774 0.8477 -0.3727
vn 0.4625 -0.7022 -0.5413
vn 0.7286 -0.6848 -0.0177
vn 0.5395 0.8419 -0.0029
vn 0.8322 0.5544 -0.0114
vn 0.5780 0.5569 -0.5964
vn 0.6218 0.5220 0.5839
vn 0.7285 0.0434 0.6836
vn 0.9979 0.0585 -0.0287
vn 0.0454 0.8099 0.5848
vn 0.0442 0.5163 0.8553
vn 0.4130 0.8261 0.3835
vn -0.5665 0.5271 0.6335
vn -0.3905 0.8023 0.4515
vn 0.5231 -0.6649 0.5332
vn -0.0056 -0.7465 0.6654
vn -0.4665 -0.7558 0.4594
vn 0.0384 0.0534 0.9978
vn 0.6798 0.0851 -0.7285
vn -0.0195 0.5697 -0.8216
vn -0.0371 0.1065 -0.9936
vn -0.6051 0.5600 -0.5659
vn -0.7250 0.1170 -0.6787
vn 0.0212 0.0070 0.9998
vn 0.7153 0.0428 0.6975
vn 0.6679 0.0279 -0.7437
vn 0.9988 0.0402 -0.0276
vn 0.5934 0.5538 0.5841
vn 0.8307 0.5565 -0.0130
vn 0.0237 0.5684 0.8224
vn 0.5511 0.5829 -0.5971
vn 0.2610 0.9388 -0.2248
vn -0.5908 0.8062 0.0315
vn -0.6089 -0.7932 0.0038
vn -0.6930 0.0229 0.7206
vn -0.9988 -0.0389 0.0290
vn 0.0495 -0.9979 0.0430
vn 0.0589 -0.9979 -0.0283
vn -0.5504 0.5922 0.5885
vn -0.7819 0.6220 0.0413
vn -0.1950 0.9460 0.2589
vn -0.2246 0.9738 0.0350
vn -0.0162 -0.9976 0.0670
vn 0.0322 0.9593 0.2804
vn 0.0239 0.9994 0.0260
vn -0.0962 -0.9923 -0.0786
vn -0.0248 -0.9953 -0.0937
vn -0.8457 0.5321 0.0398
vn -0.9941 0.1027 0.0345
vn -0.6763 0.0746 0.7328
vn -0.0890 -0.9960 -0.0076
vn -0.0768 -0.9959 0.0480
vn 0.2768 0.9274 0.2518
vn 0.2922 0.9562 0.0146
vn 0.4433 -0.7863 0.4303
vn 0.0109 -0.7810 0.6245
vn 0.6223 -0.7826 -0.0192
vn -0.4746 -0.7571 -0.4489
vn -0.0402 -0.7617 -0.6467
vn 0.4150 -0.7795 -0.4692
vn -0.4477 -0.7760 0.4442
vn 0.0111 -0.9981 -0.0601
vn -0.6441 -0.7649 -0.0058
vn -0.0079 -0.9991 0.0414
vn 0.4929 -0.8640 0.1029
vn -0.0051 -0.4636 0.8860
vn 0.1950 -0.4967 0.8457
vn 0.5312 -0.8446 0.0670
vn 0.2429 -0.5849 0.7739
vn 0.6734 -0.7355 0.0748
vn 0.8288 -0.5548 0.0727
vn 0.4192 -0.5291 0.7378
vn 0.5430 -0.4007 0.7380
vn 0.6090 -0.2152 0.7634
vn 0.6430 -0.0653 0.7631
vn -0.6021 0.1924 0.7749
vn -0.6559 0.0756 0.7511
vn -0.5594 0.3368 0.7574
vn -0.4364 0.4314 0.7896
vn -0.2078 0.5213 0.8277
vn -0.3388 0.5290 0.7781
vn -0.4426 0.8872 -0.1301
vn -0.2936 0.9447 -0.1461
vn -0.1642 0.6358 -0.7542
vn -0.2806 0.6136 -0.7381
vn 0.2877 -0.5637 -0.7743
vn 0.3693 -0.5989 -0.7106
vn -0.8375 0.5287 -0.1377
vn -0.5134 0.3647 -0.7768
vn -0.6392 0.7548 -0.1476
vn -0.3982 0.5315 -0.7476
vn 0.4918 -0.5667 -0.6610
vn 0.6274 -0.3982 -0.6692
vn -0.9863 0.1394 -0.0877
vn -0.9442 0.3039 -0.1269
vn -0.9978 -0.0138 -0.0646
vn -0.6920 0.0167 -0.7217
vn -0.9968 0.0370 -0.0715
vn -0.6258 0.0378 -0.7791
vn -0.5506 0.2091 -0.8082
vn -0.5740 0.1033 -0.8123
vn 0.7090 -0.2235 -0.6688
vn 0.7443 -0.0572 -0.6654
vn 0.7778 0.1210 -0.6168
vn 0.7589 0.0877 -0.6452
vn -0.7705 0.0112 -0.6373
vn 0.8333 0.0495 -0.5506
vn -0.9967 0.0195 -0.0792
vn 0.9914 -0.0879 0.0968
vn 0.9926 0.0465 0.1121
vn 0.8874 0.0263 -0.4602
vn 0.9831 0.1664 0.0760
vn -0.7665 0.2485 -0.5923
vn 0.9884 0.1386 0.0617
vn 0.9446 -0.3223 0.0615
vn 0.9945 -0.0873 0.0581
vn 0.6617 0.0618 0.7472
vn 0.7304 0.0541 0.6808
vn -0.7903 -0.0826 0.6072
vn -0.6954 -0.0168 0.7185
vn 0.6678 -0.1363 0.7317
vn -0.8425 -0.1163 0.5260
vn -0.8139 0.0790 0.5756
vn -0.9500 0.2996 -0.0886
vn -0.3355 0.8379 0.4306
vn -0.3693 0.9271 -0.0645
vn 0.7039 -0.2085 0.6790
vn 0.5000 0.7496 0.4336
vn -0.3574 0.8347 -0.4189
vn 0.6484 0.7612 0.0140
vn 0.7494 0.6185 -0.2363
vn 0.0042 0.4965 0.8680
vn 0.0124 0.9846 -0.1746
vn 0.0033 0.5478 -0.8366
vn -0.0022 -0.4866 -0.8736
vn -0.5127 -0.8541 0.0870
vn -0.2062 -0.4919 0.8459
vn -0.5423 -0.8375 0.0665
vn -0.2513 -0.5817 0.7736
vn -0.6831 -0.7266 0.0741
vn -0.4267 -0.5236 0.7374
vn -0.8361 -0.5439 0.0719
vn -0.5487 -0.3938 0.7375
vn -0.6125 -0.2072 0.7628
vn 0.6039 0.1844 0.7754
vn -0.6445 -0.0569 0.7625
vn 0.6562 0.0669 0.7517
vn 0.4413 0.4255 0.7901
vn 0.5631 0.3293 0.7579
vn 0.2189 0.5137 0.8296
vn 0.3451 0.5244 0.7784
vn 0.4543 0.8813 -0.1297
vn 0.3166 0.9373 -0.1453
vn 0.1777 0.6324 -0.7540
vn -0.2950 -0.5613 -0.7732
vn 0.2893 0.6099 -0.7378
vn -0.3765 -0.5939 -0.7110
vn 0.4066 0.5257 -0.7472
vn 0.5188 0.3579 -0.7763
vn 0.6492 0.7463 -0.1470
vn 0.8446 0.5177 -0.1369
vn -0.4986 -0.5601 -0.6615
vn -0.6320 -0.3898 -0.6698
vn 0.9483 0.2914 -0.1260
vn 0.9882 0.1264 -0.0868
vn 0.6269 0.0296 -0.7785
vn 0.6928 0.0076 -0.7210
vn 0.9972 0.0239 -0.0706
vn 0.9976 -0.0269 -0.0637
vn 0.5541 0.2019 -0.8076
vn -0.7113 -0.2141 -0.6695
vn 0.5760 0.0958 -0.8118
vn -0.7444 -0.0473 -0.6661
vn -0.7755 0.1313 -0.6175
vn -0.7571 0.0978 -0.6459
vn 0.7712 0.0012 -0.6366
vn -0.8321 0.0606 -0.5514
vn 0.9969 0.0064 -0.0783
vn -0.9926 -0.0748 0.0959
vn -0.8866 0.0381 -0.4610
vn -0.9920 0.0595 0.1112
vn -0.9809 0.1793 0.0751
vn 0.7702 0.2384 -0.5915
vn -0.9866 0.1516 0.0608
vn -0.9488 -0.3100 0.0607
vn -0.9956 -0.0743 0.0571
vn -0.6615 0.0705 0.7466
vn -0.7303 0.0637 0.6802
vn 0.6944 -0.0261 0.7191
vn 0.7885 -0.0930 0.6079
vn -0.6702 -0.1276 0.7311
vn 0.8404 -0.1274 0.5267
vn 0.9539 0.2870 -0.0877
vn 0.8143 0.0682 0.5764
vn 0.3815 0.9221 -0.0640
vn 0.3461 0.8334 0.4309
vn -0.7072 -0.1992 0.6784
vn -0.4905 0.7561 0.4332
vn 0.3688 0.8300 -0.4185
vn -0.6383 0.7697 0.0135
vn -0.7410 0.6284 -0.2369
vn -0.3101 -0.5476 0.7771
vn -0.4929 -0.8640 0.1028
vn 0.0051 -0.4636 0.8860
vn -0.1950 -0.4967 0.8457
vn -0.5312 -0.8446 0.0670
vn -0.2429 -0.5849 0.7739
vn -0.6734 -0.7355 0.0748
vn -0.4191 -0.5291 0.7378
vn -0.8288 -0.5548 0.0727
vn -0.5428 -0.4009 0.7380
vn -0.6090 -0.2152 0.7634
vn 0.6021 0.1924 0.7749
vn -0.6430 -0.0653 0.7631
vn 0.6559 0.0756 0.7511
vn 0.4364 0.4314 0.7896
vn 0.5594 0.3368 0.7574
vn 0.2078 0.5213 0.8277
vn 0.3389 0.5290 0.7780
vn 0.4426 0.8872 -0.1302
vn 0.2936 0.9447 -0.1461
vn 0.1642 0.6358 -0.7542
vn -0.2877 -0.5637 -0.7743
vn 0.2806 0.6136 -0.7381
vn -0.3693 -0.5989 -0.7106
vn 0.3989 0.5309 -0.7476
vn 0.5134 0.3647 -0.7768
vn 0.6392 0.7548 -0.1476
vn 0.8375 0.5287 -0.1377
vn -0.4918 -0.5667 -0.6610
vn -0.6274 -0.3982 -0.6692
vn 0.9442 0.3039 -0.1269
vn 0.9863 0.1394 -0.0877
vn 0.6258 0.0378 -0.7791
vn 0.6920 0.0167 -0.7217
vn 0.9968 0.0370 -0.0715
vn 0.9978 -0.0138 -0.0646
vn 0.5506 0.2091 -0.8082
vn -0.7090 -0.2236 -0.6688
vn 0.5740 0.1033 -0.8123
vn -0.7443 -0.0572 -0.6654
vn -0.7778 0.1210 -0.6168
vn -0.7589 0.0877 -0.6452
vn 0.7705 0.0113 -0.6373
vn -0.8333 0.0496 -0.5506
vn 0.9967 0.0195 -0.0792
vn -0.9914 -0.0879 0.0968
vn -0.8874 0.0264 -0.4602
vn -0.9926 0.0465 0.1121
vn -0.9831 0.1664 0.0760
vn 0.7665 0.2485 -0.5923
vn -0.9884 0.1386 0.0617
vn -0.9445 -0.3226 0.0615
vn -0.9945 -0.0873 0.0581
vn -0.6617 0.0618 0.7472
vn -0.7304 0.0541 0.6808
vn 0.6954 -0.0168 0.7185
vn 0.7903 -0.0826 0.6072
vn -0.6678 -0.1363 0.7317
vn 0.8425 -0.1163 0.5260
vn 0.9500 0.2996 -0.0886
vn 0.8139 0.0789 0.5756
vn 0.3693 0.9271 -0.0645
vn 0.3355 0.8379 0.4306
vn -0.7039 -0.2085 0.6790
vn -0.5000 0.7496 0.4336
vn 0.3574 0.8347 -0.4189
vn -0.6484 0.7612 0.0140
vn -0.7494 0.6185 -0.2363
vn -0.0042 0.4965 0.8680
vn -0.0124 0.9846 -0.1746
vn -0.0033 0.5478 -0.8366
vn 0.0022 -0.4866 -0.8736
vn 0.0078 -0.9991 0.0415
vn 0.5127 -0.8541 0.0870
vn 0.2062 -0.4919 0.8459
vn 0.5423 -0.8375 0.0665
vn 0.2513 -0.5817 0.7736
vn 0.6831 -0.7266 0.0741
vn 0.8361 -0.5439 0.0719
vn 0.4267 -0.5236 0.7374
vn 0.5489 -0.3935 0.7375
vn 0.6125 -0.2072 0.7628
vn 0.6445 -0.0569 0.7625
vn -0.6039 0.1844 0.7754
vn -0.6562 0.0669 0.7517
vn -0.5631 0.3293 0.7579
vn -0.4413 0.4255 0.7901
vn -0.2189 0.5137 0.8296
vn -0.3451 0.5244 0.7784
vn -0.4544 0.8813 -0.1296
vn -0.3166 0.9373 -0.1453
vn -0.1777 0.6324 -0.7540
vn -0.2893 0.6099 -0.7378
vn 0.2950 -0.5613 -0.7732
vn 0.3765 -0.5939 -0.7110
vn -0.8446 0.5177 -0.1369
vn -0.5188 0.3579 -0.7763
vn -0.6492 0.7463 -0.1470
vn -0.4058 0.5263 -0.7472
vn 0.4986 -0.5601 -0.6615
vn 0.6320 -0.3898 -0.6698
vn -0.9882 0.1264 -0.0868
vn -0.9483 0.2914 -0.1260
vn -0.9976 -0.0269 -0.0637
vn -0.6928 0.0076 -0.7210
vn -0.9972 0.0239 -0.0706
vn -0.6269 0.0296 -0.7785
vn -0.5541 0.2018 -0.8076
vn -0.5761 0.0958 -0.8118
vn 0.7113 -0.2141 -0.6695
vn 0.7444 -0.0473 -0.6661
vn 0.7755 0.1313 -0.6175
vn 0.7571 0.0978 -0.6459
vn -0.7712 0.0012 -0.6366
vn 0.8321 0.0606 -0.5514
vn -0.9969 0.0064 -0.0782
vn 0.9926 -0.0748 0.0959
vn 0.9920 0.0595 0.1112
vn 0.8866 0.0381 -0.4609
vn 0.9809 0.1793 0.0751
vn -0.7702 0.2385 -0.5915
vn 0.9866 0.1516 0.0608
vn 0.9487 -0.3102 0.0606
vn 0.9956 -0.0743 0.0571
vn 0.6615 0.0705 0.7466
vn 0.7303 0.0637 0.6802
vn -0.7886 -0.0930 0.6079
vn -0.6944 -0.0261 0.7191
vn 0.6702 -0.1276 0.7311
vn -0.8404 -0.1274 0.5267
vn -0.8143 0.0682 0.5764
vn -0.9539 0.2870 -0.0877
vn -0.3461 0.8334 0.4309
vn -0.3815 0.9221 -0.0640
vn 0.7072 -0.1992 0.6784
vn 0.4905 0.7561 0.4332
vn -0.3688 0.8300 -0.4185
vn 0.6384 0.7696 0.0135
vn 0.7410 0.6284 -0.2370
vt 0.891239 0.700681
vt 0.884458 0.728681
vt 0.877328 0.705625
vt 0.877361 0.719699
vt 0.875764 0.688779
vt 0.886460 0.689254
vt 0.823461 0.699613
vt 0.851745 0.701886
vt 0.822638 0.715290
vt 0.848001 0.733641
vt 0.883369 0.678179
vt 0.874628 0.674428
vt 0.884488 0.652164
vt 0.876231 0.654615
vt 0.885101 0.629569
vt 0.875751 0.637074
vt 0.834480 0.591428
vt 0.853237 0.588700
vt 0.837201 0.602963
vt 0.855260 0.598509
vt 0.875672 0.621948
vt 0.874081 0.631223
vt 0.838033 0.873009
vt 0.838232 0.886575
vt 0.820075 0.873504
vt 0.818578 0.888778
vt 0.820117 0.913249
vt 0.839844 0.910344
vt 0.811738 0.942906
vt 0.817877 0.928238
vt 0.841872 0.940321
vt 0.839716 0.925229
vt 0.836596 0.622434
vt 0.855927 0.617768
vt 0.837918 0.851259
vt 0.819630 0.852838
vt 0.873630 0.601787
vt 0.883064 0.602701
vt 0.828887 0.685505
vt 0.833802 0.672709
vt 0.852473 0.685754
vt 0.854259 0.673261
vt 0.837612 0.637317
vt 0.838401 0.631134
vt 0.856261 0.642432
vt 0.856261 0.631100
vt 0.874135 0.548651
vt 0.848418 0.535337
vt 0.882070 0.540899
vt 0.847125 0.522357
vt 0.877223 0.564268
vt 0.890225 0.567185
vt 0.875058 0.578055
vt 0.851800 0.566002
vt 0.852998 0.578328
vt 0.839084 0.823634
vt 0.816132 0.822562
vt 0.838173 0.811086
vt 0.811092 0.810039
vt 0.872611 0.590612
vt 0.882947 0.586886
vt 0.887634 0.576415
vt 0.835269 0.654355
vt 0.855098 0.655138
vt 0.819234 0.836893
vt 0.839084 0.835802
vt 0.814740 0.722969
vt 0.811759 0.693906
vt 0.818540 0.684072
vt 0.827722 0.650745
vt 0.825602 0.674885
vt 0.827442 0.631134
vt 0.856016 0.873141
vt 0.857963 0.888093
vt 0.859783 0.912067
vt 0.872272 0.940036
vt 0.864610 0.926656
vt 0.856232 0.852729
vt 0.827934 0.604670
vt 0.823194 0.553191
vt 0.814435 0.546723
vt 0.812105 0.572519
vt 0.825196 0.566369
vt 0.830558 0.580054
vt 0.869073 0.809548
vt 0.863518 0.822249
vt 0.825051 0.589815
vt 0.816775 0.581575
vt 0.859106 0.836674
vt 0.847134 0.745855
vt 0.843571 0.992153
vt 0.808289 0.972661
vt 0.875664 0.970243
vt 0.840737 0.758960
vt 0.874091 0.782358
vt 0.808364 0.781096
vt 0.814280 0.488310
vt 0.806425 0.496684
vt 0.815587 0.474063
vt 0.802174 0.468006
vt 0.818601 0.456970
vt 0.807914 0.456679
vt 0.842386 0.504573
vt 0.841502 0.471811
vt 0.869090 0.488202
vt 0.869586 0.472131
vt 0.820340 0.419144
vt 0.819041 0.442498
vt 0.813342 0.419254
vt 0.811898 0.445426
vt 0.812315 0.396270
vt 0.821763 0.403572
vt 0.861810 0.355367
vt 0.859682 0.368045
vt 0.842976 0.353188
vt 0.841449 0.363842
vt 0.821842 0.388140
vt 0.823561 0.397908
vt 0.958070 0.222503
vt 0.976054 0.222381
vt 0.958396 0.236486
vt 0.978118 0.237905
vt 0.977672 0.262713
vt 0.957833 0.260689
vt 0.987448 0.292381
vt 0.957220 0.291213
vt 0.980614 0.277843
vt 0.958655 0.275851
vt 0.841155 0.386148
vt 0.860134 0.388785
vt 0.957516 0.200349
vt 0.975846 0.201377
vt 0.813680 0.368497
vt 0.823114 0.367327
vt 0.865526 0.456794
vt 0.841585 0.455810
vt 0.862713 0.442810
vt 0.840384 0.443161
vt 0.859745 0.404154
vt 0.840163 0.407832
vt 0.858108 0.398455
vt 0.840817 0.399060
vt 0.820184 0.312357
vt 0.811895 0.304933
vt 0.845325 0.298014
vt 0.846087 0.284887
vt 0.805028 0.331797
vt 0.817845 0.328324
vt 0.842667 0.342061
vt 0.820651 0.342450
vt 0.843258 0.329127
vt 0.983364 0.157652
vt 0.978598 0.170453
vt 0.956315 0.159306
vt 0.955682 0.172071
vt 0.823641 0.355487
vt 0.813156 0.352089
vt 0.808053 0.341254
vt 0.859686 0.419858
vt 0.840341 0.419162
vt 0.975828 0.185114
vt 0.955962 0.184545
vt 0.881665 0.467512
vt 0.876333 0.496508
vt 0.875908 0.456425
vt 0.869082 0.445045
vt 0.867678 0.419399
vt 0.868651 0.396383
vt 0.940100 0.223251
vt 0.938750 0.238799
vt 0.937990 0.263282
vt 0.926836 0.292363
vt 0.933850 0.278418
vt 0.939247 0.202317
vt 0.869014 0.369498
vt 0.871212 0.314905
vt 0.879691 0.308075
vt 0.869767 0.328430
vt 0.883069 0.333954
vt 0.865081 0.342946
vt 0.931227 0.171227
vt 0.925389 0.158438
vt 0.871110 0.353236
vt 0.878857 0.343660
vt 0.935972 0.185880
vt 0.842248 0.516938
vt 0.992300 0.322004
vt 0.957985 0.343131
vt 0.924891 0.322774
vt 0.919790 0.131287
vt 0.952628 0.107180
vt 0.985467 0.128600
vt 0.779409 0.270943
vt 0.770890 0.274197
vt 0.776824 0.268206
vt 0.771006 0.268860
vt 0.782048 0.273503
vt 0.770381 0.280063
vt 0.770381 0.280930
vt 0.783534 0.275607
vt 0.770257 0.281580
vt 0.784060 0.276504
vt 0.758267 0.274704
vt 0.756899 0.275903
vt 0.752443 0.262362
vt 0.751551 0.262359
vt 0.750323 0.262398
vt 0.755972 0.276678
vt 0.756482 0.248255
vt 0.755726 0.247347
vt 0.748800 0.262402
vt 0.771155 0.243550
vt 0.757196 0.248752
vt 0.771069 0.242629
vt 0.785018 0.249053
vt 0.785558 0.248432
vt 0.757888 0.249423
vt 0.771184 0.244299
vt 0.784342 0.249703
vt 0.771039 0.241534
vt 0.754946 0.277696
vt 0.770153 0.282768
vt 0.770165 0.283468
vt 0.784604 0.277097
vt 0.785266 0.278207
vt 0.759704 0.251390
vt 0.771270 0.245077
vt 0.760306 0.272665
vt 0.753108 0.262393
vt 0.759208 0.262406
vt 0.762808 0.254016
vt 0.771395 0.250757
vt 0.762447 0.270867
vt 0.765242 0.268136
vt 0.789863 0.262772
vt 0.789097 0.262772
vt 0.787845 0.262841
vt 0.782692 0.251676
vt 0.755358 0.246850
vt 0.748532 0.262287
vt 0.783047 0.262633
vt 0.779853 0.254163
vt 0.777161 0.256737
vt 0.777794 0.262477
vt 0.770954 0.240756
vt 0.771339 0.255990
vt 0.771197 0.262407
vt 0.785514 0.278485
vt 0.770118 0.284256
vt 0.790783 0.262912
vt 0.786126 0.247756
vt 0.792188 0.262954
vt 0.786342 0.247540
vt 0.792821 0.262945
vt 0.765509 0.256710
vt 0.764599 0.262411
vt 0.786288 0.279506
vt 0.769920 0.285429
vt 0.793384 0.263053
vt 0.770864 0.239938
vt 0.754655 0.246298
vt 0.787099 0.246916
vt 0.754488 0.278428
vt 0.754148 0.278598
vt 0.747591 0.262198
vt 0.256956 0.043586
vt 0.254274 0.040938
vt 0.260442 0.035144
vt 0.255088 0.035128
vt 0.260439 0.046939
vt 0.265078 0.035110
vt 0.261570 0.048012
vt 0.266992 0.035168
vt 0.268123 0.034878
vt 0.262324 0.048592
vt 0.262798 0.021041
vt 0.262158 0.021802
vt 0.249013 0.016089
vt 0.249076 0.014895
vt 0.249138 0.013826
vt 0.263311 0.020279
vt 0.234797 0.020095
vt 0.233735 0.019014
vt 0.249169 0.012830
vt 0.228865 0.034530
vt 0.228053 0.034414
vt 0.235498 0.021038
vt 0.234461 0.048911
vt 0.235273 0.048157
vt 0.235872 0.021670
vt 0.230112 0.034733
vt 0.235968 0.047403
vt 0.227503 0.034385
vt 0.264087 0.019580
vt 0.269110 0.034632
vt 0.270442 0.034646
vt 0.263019 0.049027
vt 0.263890 0.049926
vt 0.232634 0.035110
vt 0.236894 0.022880
vt 0.260864 0.023257
vt 0.248998 0.018291
vt 0.240410 0.026573
vt 0.248905 0.023166
vt 0.236924 0.035089
vt 0.257307 0.026607
vt 0.254501 0.029340
vt 0.248581 0.054681
vt 0.248550 0.053685
vt 0.236954 0.046475
vt 0.248551 0.051317
vt 0.233421 0.018699
vt 0.249123 0.012081
vt 0.240128 0.043648
vt 0.248538 0.047031
vt 0.242769 0.041010
vt 0.248511 0.041768
vt 0.226632 0.034327
vt 0.242164 0.035158
vt 0.248603 0.035166
vt 0.264354 0.050274
vt 0.271254 0.034559
vt 0.248610 0.055609
vt 0.248666 0.056337
vt 0.233446 0.049984
vt 0.248639 0.056942
vt 0.233185 0.050215
vt 0.243041 0.029339
vt 0.248778 0.028566
vt 0.264899 0.050886
vt 0.271759 0.034576
vt 0.248628 0.057521
vt 0.232828 0.018181
vt 0.226005 0.034300
vt 0.232552 0.050690
vt 0.265275 0.018452
vt 0.264653 0.019061
vt 0.249096 0.011484
vt 0.560120 0.039029
vt 0.562740 0.036333
vt 0.568564 0.042413
vt 0.568530 0.037082
vt 0.557252 0.041643
vt 0.568650 0.047100
vt 0.555755 0.043583
vt 0.568665 0.049444
vt 0.568945 0.050559
vt 0.555370 0.044118
vt 0.582562 0.044436
vt 0.581868 0.043986
vt 0.587260 0.030833
vt 0.588409 0.030865
vt 0.589146 0.030878
vt 0.583387 0.045127
vt 0.583289 0.016773
vt 0.584049 0.016169
vt 0.590322 0.030899
vt 0.568792 0.011396
vt 0.568942 0.010641
vt 0.582349 0.017275
vt 0.554630 0.016719
vt 0.555391 0.017368
vt 0.581869 0.017671
vt 0.568536 0.012650
vt 0.555808 0.017843
vt 0.569017 0.009558
vt 0.584307 0.045942
vt 0.569092 0.051520
vt 0.569133 0.052379
vt 0.554660 0.045058
vt 0.553955 0.045951
vt 0.568352 0.014124
vt 0.580120 0.018934
vt 0.580136 0.042733
vt 0.584399 0.030764
vt 0.576925 0.022388
vt 0.580390 0.030818
vt 0.568415 0.018993
vt 0.577036 0.039213
vt 0.574289 0.036444
vt 0.549484 0.030833
vt 0.550604 0.030883
vt 0.557139 0.019662
vt 0.551988 0.030935
vt 0.584536 0.015549
vt 0.591168 0.030967
vt 0.559924 0.022266
vt 0.556626 0.030674
vt 0.562581 0.024878
vt 0.561868 0.030601
vt 0.569040 0.009079
vt 0.568394 0.024217
vt 0.568439 0.030629
vt 0.553406 0.046491
vt 0.569195 0.052924
vt 0.548802 0.030834
vt 0.547785 0.030797
vt 0.553898 0.016007
vt 0.547180 0.030807
vt 0.553567 0.015471
vt 0.574192 0.025033
vt 0.575008 0.030740
vt 0.552957 0.047062
vt 0.569196 0.053718
vt 0.546228 0.030903
vt 0.585004 0.014755
vt 0.569115 0.008209
vt 0.552794 0.014880
vt 0.585292 0.046960
vt 0.584653 0.046352
vt 0.591780 0.031020
vt 0.723178 0.269713
vt 0.714740 0.273167
vt 0.720534 0.267032
vt 0.714735 0.267828
vt 0.726052 0.272702
vt 0.714545 0.277852
vt 0.714575 0.279559
vt 0.727612 0.274498
vt 0.714388 0.280598
vt 0.728083 0.275203
vt 0.701831 0.274350
vt 0.701273 0.274880
vt 0.696299 0.261754
vt 0.695212 0.261732
vt 0.694002 0.261802
vt 0.700419 0.275439
vt 0.699827 0.247520
vt 0.698783 0.246499
vt 0.693268 0.261813
vt 0.714269 0.242582
vt 0.700481 0.247899
vt 0.714123 0.241473
vt 0.727756 0.248098
vt 0.728322 0.247566
vt 0.701312 0.248530
vt 0.714385 0.243607
vt 0.727357 0.248664
vt 0.714052 0.240481
vt 0.699419 0.276469
vt 0.714232 0.281776
vt 0.714222 0.282532
vt 0.728564 0.275777
vt 0.729580 0.276795
vt 0.703308 0.250426
vt 0.714618 0.245205
vt 0.703421 0.272967
vt 0.698124 0.261813
vt 0.702823 0.261623
vt 0.706246 0.253157
vt 0.714751 0.249702
vt 0.706229 0.270021
vt 0.708960 0.267232
vt 0.733977 0.261536
vt 0.732913 0.261503
vt 0.731182 0.261536
vt 0.726093 0.250127
vt 0.698252 0.246136
vt 0.692719 0.261785
vt 0.726633 0.261327
vt 0.723285 0.252918
vt 0.720640 0.255553
vt 0.721380 0.261284
vt 0.714152 0.239550
vt 0.714807 0.254936
vt 0.714791 0.261360
vt 0.729819 0.277057
vt 0.714270 0.283070
vt 0.734908 0.261503
vt 0.729154 0.246868
vt 0.735818 0.261435
vt 0.729463 0.246207
vt 0.736305 0.261370
vt 0.709000 0.255792
vt 0.708210 0.261519
vt 0.730423 0.277667
vt 0.714257 0.284414
vt 0.737077 0.261396
vt 0.714114 0.238803
vt 0.697844 0.245665
vt 0.730272 0.245356
vt 0.698948 0.277146
vt 0.698054 0.277865
vt 0.691328 0.261790
vt 0.611778 0.141997
vt 0.636346 0.160967
vt 0.611796 0.156047
vt 0.631788 0.168178
vt 0.633433 0.191953
vt 0.637001 0.193355
vt 0.638846 0.220540
vt 0.643072 0.220608
vt 0.294708 0.057742
vt 0.301426 0.057900
vt 0.290534 0.085937
vt 0.300473 0.092695
vt 0.642990 0.173697
vt 0.637268 0.176622
vt 0.636391 0.234530
vt 0.633378 0.231762
vt 0.296290 0.096922
vt 0.613542 0.234312
vt 0.630012 0.227583
vt 0.614505 0.237747
vt 0.647384 0.180556
vt 0.652391 0.179441
vt 0.614990 0.241883
vt 0.626868 0.192363
vt 0.316147 0.098925
vt 0.315151 0.102017
vt 0.304753 0.089548
vt 0.305624 0.055781
vt 0.316757 0.094725
vt 0.292842 0.042005
vt 0.297825 0.042775
vt 0.316804 0.019965
vt 0.316921 0.025555
vt 0.298645 0.033138
vt 0.302154 0.036434
vt 0.623091 0.190983
vt 0.625080 0.224830
vt 0.612973 0.229997
vt 0.631301 0.177790
vt 0.611799 0.160815
vt 0.627009 0.171059
vt 0.316613 0.006945
vt 0.292019 0.025838
vt 0.290859 0.058731
vt 0.285846 0.086086
vt 0.285352 0.038649
vt 0.293243 0.099853
vt 0.280630 0.045967
vt 0.275771 0.044623
vt 0.314788 0.107114
vt 0.591855 0.168210
vt 0.587247 0.161025
vt 0.590145 0.191963
vt 0.584717 0.220548
vt 0.586571 0.193359
vt 0.580492 0.220614
vt 0.340257 0.057323
vt 0.345078 0.085429
vt 0.333565 0.057679
vt 0.335300 0.092412
vt 0.586482 0.177138
vt 0.580670 0.173809
vt 0.590183 0.231771
vt 0.587171 0.234539
vt 0.339565 0.096544
vt 0.610026 0.234313
vt 0.609059 0.237748
vt 0.593553 0.227595
vt 0.576354 0.180830
vt 0.571364 0.179750
vt 0.608576 0.241884
vt 0.596708 0.192382
vt 0.320791 0.101968
vt 0.319737 0.098896
vt 0.330966 0.089354
vt 0.329322 0.055603
vt 0.319055 0.094707
vt 0.336831 0.042688
vt 0.343293 0.041571
vt 0.332260 0.035771
vt 0.337427 0.032522
vt 0.598479 0.224841
vt 0.600481 0.190995
vt 0.610587 0.229998
vt 0.592375 0.178234
vt 0.596630 0.171085
vt 0.341733 0.025120
vt 0.349763 0.085468
vt 0.344144 0.058203
vt 0.348958 0.037600
vt 0.342668 0.099411
vt 0.358417 0.043736
vt 0.353618 0.045147
vt 0.321248 0.107057
vt 0.184610 0.167328
vt 0.180497 0.159862
vt 0.205402 0.156402
vt 0.205791 0.142290
vt 0.181050 0.191106
vt 0.176318 0.219867
vt 0.177390 0.192407
vt 0.172094 0.219945
vt 0.518879 0.061276
vt 0.523568 0.089401
vt 0.512172 0.061546
vt 0.513749 0.096345
vt 0.178396 0.175297
vt 0.172919 0.171990
vt 0.181845 0.231061
vt 0.178801 0.233804
vt 0.518020 0.100499
vt 0.201603 0.234041
vt 0.200569 0.237467
vt 0.185269 0.226915
vt 0.168045 0.178573
vt 0.163153 0.177097
vt 0.199989 0.241599
vt 0.187602 0.191694
vt 0.499286 0.106072
vt 0.498247 0.103002
vt 0.509398 0.093284
vt 0.507938 0.059501
vt 0.497562 0.098820
vt 0.515482 0.046288
vt 0.520479 0.045470
vt 0.511177 0.039894
vt 0.496468 0.029004
vt 0.514676 0.036588
vt 0.496516 0.023440
vt 0.190241 0.224207
vt 0.191426 0.190420
vt 0.202273 0.229732
vt 0.184236 0.176868
vt 0.189194 0.170534
vt 0.205272 0.161276
vt 0.496547 0.010435
vt 0.521266 0.029252
vt 0.528258 0.089462
vt 0.522743 0.062202
vt 0.527952 0.042037
vt 0.521125 0.103373
vt 0.537598 0.047855
vt 0.532757 0.049267
vt 0.499734 0.111160
vt 0.230092 0.161218
vt 0.225544 0.168432
vt 0.227892 0.192323
vt 0.231481 0.193810
vt 0.231131 0.221289
vt 0.235345 0.221585
vt 0.473769 0.061419
vt 0.480459 0.061701
vt 0.469244 0.089582
vt 0.479100 0.096478
vt 0.236964 0.173781
vt 0.231239 0.177200
vt 0.227928 0.235078
vt 0.225032 0.232181
vt 0.474857 0.100655
vt 0.205138 0.234131
vt 0.221820 0.227863
vt 0.206001 0.237607
vt 0.241402 0.180784
vt 0.246351 0.179606
vt 0.206364 0.241765
vt 0.221318 0.192574
vt 0.494652 0.103016
vt 0.493635 0.106093
vt 0.483429 0.093391
vt 0.484678 0.059581
vt 0.495306 0.098829
vt 0.470559 0.045662
vt 0.477052 0.046673
vt 0.476203 0.036463
vt 0.481439 0.039600
vt 0.217571 0.191089
vt 0.216999 0.224900
vt 0.204697 0.229795
vt 0.225394 0.178385
vt 0.220799 0.171388
vt 0.471749 0.029142
vt 0.469894 0.062341
vt 0.464557 0.089664
vt 0.464817 0.041783
vt 0.471770 0.103545
vt 0.460278 0.049383
vt 0.455458 0.048037
vt 0.493219 0.111182
vt 0.783784 0.616247
vt 0.780796 0.616219
vt 0.788291 0.602599
vt 0.781201 0.597678
vt 0.794360 0.602321
vt 0.786680 0.619492
vt 0.762549 0.589207
vt 0.781330 0.590325
vt 0.773941 0.602354
vt 0.777964 0.616157
vt 0.800140 0.589861
vt 0.774958 0.619321
vt 0.767887 0.601863
vt 0.756375 0.589392
vt 0.765651 0.603360
vt 0.754620 0.589471
vt 0.774089 0.572332
vt 0.769394 0.571371
vt 0.766918 0.570401
vt 0.772976 0.620782
vt 0.796541 0.603900
vt 0.788542 0.621064
vt 0.778998 0.552390
vt 0.781987 0.552807
vt 0.781895 0.557946
vt 0.781624 0.573401
vt 0.789195 0.572598
vt 0.793919 0.571802
vt 0.806302 0.590261
vt 0.784988 0.552493
vt 0.796427 0.570918
vt 0.808052 0.590406
vt 0.780447 0.623642
vt 0.778214 0.625393
vt 0.782533 0.625569
vt 0.748918 0.601388
vt 0.758599 0.620595
vt 0.739890 0.620908
vt 0.717475 0.616107
vt 0.712963 0.602454
vt 0.720471 0.616080
vt 0.720067 0.597527
vt 0.714579 0.619354
vt 0.706886 0.602178
vt 0.719938 0.590151
vt 0.727337 0.602207
vt 0.738712 0.589028
vt 0.723309 0.616017
vt 0.701133 0.589679
vt 0.726315 0.619184
vt 0.733399 0.601719
vt 0.744882 0.589211
vt 0.746638 0.589291
vt 0.735640 0.603218
vt 0.731890 0.571163
vt 0.727189 0.572131
vt 0.734369 0.570192
vt 0.728298 0.620647
vt 0.704699 0.603759
vt 0.712717 0.620928
vt 0.722278 0.552181
vt 0.719285 0.552601
vt 0.719375 0.557741
vt 0.712066 0.572395
vt 0.719645 0.573203
vt 0.707334 0.571590
vt 0.694976 0.590077
vt 0.716278 0.552284
vt 0.704823 0.570705
vt 0.693224 0.590220
vt 0.720820 0.623508
vt 0.723060 0.625262
vt 0.718727 0.625438
vt 0.759849 0.569892
vt 0.741138 0.569580
vt 0.750818 0.550374
vt 0.020364 0.108926
vt 0.050057 0.111786
vt 0.019172 0.113824
vt 0.050024 0.137155
vt 0.016511 0.086444
vt 0.020863 0.061279
vt 0.050090 0.090225
vt 0.050129 0.064377
vt 0.018825 0.037760
vt 0.050172 0.037016
vt 0.079903 0.108949
vt 0.083813 0.086468
vt 0.020400 0.030536
vt 0.050194 0.022020
vt 0.079508 0.061299
vt 0.081587 0.037779
vt 0.080023 0.030552
vt 0.081085 0.113842
vt 0.086214 0.108848
vt 0.088811 0.085855
vt 0.014053 0.108818
vt 0.013522 0.115159
vt 0.014188 0.036876
vt 0.015085 0.060460
vt 0.050025 0.140468
vt 0.086743 0.115187
vt 0.017582 0.027135
vt 0.050033 0.017114
vt 0.085293 0.060488
vt 0.086239 0.036900
vt 0.011525 0.085825
vt 0.082863 0.027151
vt 0.787897 0.027504
vt 0.756448 0.025692
vt 0.786458 0.020311
vt 0.756438 0.010223
vt 0.723283 0.076357
vt 0.756484 0.079147
vt 0.728085 0.098660
vt 0.756499 0.100516
vt 0.727641 0.051176
vt 0.756465 0.053403
vt 0.725094 0.027557
vt 0.726853 0.103775
vt 0.756522 0.125236
vt 0.789814 0.076298
vt 0.785401 0.051125
vt 0.785055 0.098605
vt 0.786297 0.103711
vt 0.726515 0.020362
vt 0.135809 0.079259
vt 0.106682 0.047968
vt 0.135761 0.048064
vt 0.164603 0.047881
vt 0.717380 0.075966
vt 0.721557 0.098856
vt 0.719542 0.027324
vt 0.721591 0.050673
vt 0.720642 0.105025
vt 0.756531 0.129096
vt 0.795727 0.075896
vt 0.791458 0.050611
vt 0.792523 0.104954
vt 0.791587 0.098784
vt 0.722646 0.017041
vt 0.756447 0.005080
vt 0.790336 0.016983
vt 0.793461 0.027260
vt 0.092070 0.108989
vt 0.095522 0.085587
vt 0.007994 0.115036
vt 0.008197 0.108951
vt 0.092273 0.115074
vt 0.106178 0.043609
vt 0.135483 0.014262
vt 0.089662 0.060015
vt 0.089559 0.035917
vt 0.004817 0.085546
vt 0.010717 0.059980
vt 0.015966 0.024832
vt 0.050033 0.004418
vt 0.010871 0.035885
vt 0.084490 0.024856
vt 0.165062 0.043517
vt 0.412319 0.183182
vt 0.412285 0.157822
vt 0.443138 0.159827
vt 0.441946 0.154948
vt 0.445809 0.132498
vt 0.412252 0.136289
vt 0.441441 0.107374
vt 0.412213 0.110475
vt 0.412170 0.083141
vt 0.443502 0.083890
vt 0.378550 0.132522
vt 0.382470 0.154970
vt 0.441930 0.076685
vt 0.412148 0.068169
vt 0.380769 0.083908
vt 0.382871 0.107393
vt 0.382329 0.076699
vt 0.381288 0.159843
vt 0.376179 0.154868
vt 0.373563 0.131910
vt 0.448235 0.154838
vt 0.448777 0.161160
vt 0.447187 0.106559
vt 0.448131 0.083008
vt 0.412317 0.186494
vt 0.375641 0.161189
vt 0.444747 0.073287
vt 0.412060 0.063016
vt 0.377113 0.106584
vt 0.376124 0.083028
vt 0.450784 0.131880
vt 0.379491 0.073301
vt 0.871510 0.027159
vt 0.872948 0.019963
vt 0.902959 0.025345
vt 0.902968 0.009875
vt 0.902908 0.100176
vt 0.902923 0.078805
vt 0.931322 0.098320
vt 0.936124 0.076015
vt 0.931767 0.050831
vt 0.902942 0.053059
vt 0.934314 0.027210
vt 0.902886 0.124898
vt 0.932554 0.103436
vt 0.869592 0.075958
vt 0.874004 0.050782
vt 0.874351 0.098268
vt 0.873110 0.103375
vt 0.932891 0.020012
vt 0.673529 0.054252
vt 0.702604 0.054156
vt 0.673482 0.085447
vt 0.644688 0.054071
vt 0.937850 0.098515
vt 0.942026 0.075624
vt 0.937817 0.050328
vt 0.939865 0.026976
vt 0.902878 0.128758
vt 0.938765 0.104686
vt 0.867946 0.050267
vt 0.863680 0.075556
vt 0.867818 0.098447
vt 0.866883 0.104619
vt 0.936763 0.016691
vt 0.869070 0.016637
vt 0.902960 0.004733
vt 0.865946 0.026914
vt 0.370331 0.155011
vt 0.366859 0.131640
vt 0.454293 0.161042
vt 0.454084 0.154974
vt 0.370123 0.161080
vt 0.673802 0.020451
vt 0.703107 0.049798
vt 0.372754 0.106113
vt 0.372807 0.082049
vt 0.457486 0.131599
vt 0.451546 0.106079
vt 0.446360 0.070986
vt 0.412446 0.050861
vt 0.451446 0.082020
vt 0.377866 0.071008
vt 0.644229 0.049708
vt 0.889953 0.253646
vt 0.897792 0.254344
vt 0.891851 0.264500
vt 0.925662 0.266616
vt 0.819012 0.117364
vt 0.822521 0.123274
vt 0.810714 0.121767
vt 0.817882 0.133079
vt 0.773292 0.144211
vt 0.802206 0.127412
vt 0.809171 0.138395
vt 0.832314 0.051648
vt 0.827069 0.065950
vt 0.832306 0.042446
vt 0.869747 0.153183
vt 0.869812 0.147608
vt 0.879025 0.188473
vt 0.883841 0.190979
vt 0.823225 0.068759
vt 0.883592 0.213431
vt 0.887574 0.223136
vt 0.886328 0.240784
vt 0.897000 0.228641
vt 0.821809 0.098188
vt 0.813257 0.104024
vt 0.869739 0.176750
vt 0.832312 0.055689
vt 0.831418 0.066134
vt 0.828046 0.094946
vt 0.875649 0.215107
vt 0.881259 0.236850
vt 0.832201 0.028849
vt 0.819012 0.069866
vt 0.804890 0.107700
vt 0.832304 0.125954
vt 0.832305 0.116882
vt 0.832302 0.169206
vt 0.869732 0.294122
vt 0.869734 0.255322
vt 0.878941 0.240345
vt 0.872417 0.186629
vt 0.869736 0.233430
vt 0.869735 0.240859
vt 0.849514 0.253642
vt 0.847616 0.264496
vt 0.841011 0.254344
vt 0.813804 0.266614
vt 0.846726 0.133080
vt 0.842088 0.123276
vt 0.853895 0.121771
vt 0.845597 0.117366
vt 0.862402 0.127418
vt 0.855436 0.138398
vt 0.891315 0.144221
vt 0.837549 0.065954
vt 0.860446 0.188468
vt 0.855628 0.190972
vt 0.841392 0.068764
vt 0.851888 0.223128
vt 0.853138 0.240780
vt 0.855870 0.213426
vt 0.842460 0.228634
vt 0.842803 0.098193
vt 0.851352 0.104030
vt 0.833201 0.066135
vt 0.836566 0.094948
vt 0.858208 0.236845
vt 0.863813 0.215103
vt 0.845604 0.069875
vt 0.859719 0.107709
vt 0.860527 0.240342
vt 0.867057 0.186626
vt 0.932646 0.339128
vt 0.942613 0.381665
vt 0.932641 0.392389
vt 0.941227 0.404324
vt 0.950058 0.459373
vt 0.955799 0.460400
vt 0.966895 0.502405
vt 0.973886 0.502704
vt 0.914067 0.798116
vt 0.891427 0.833186
vt 0.904073 0.799297
vt 0.880717 0.832547
vt 0.950752 0.413223
vt 0.953977 0.395545
vt 0.960001 0.417505
vt 0.974365 0.404702
vt 0.949297 0.586077
vt 0.953925 0.591888
vt 0.945281 0.609892
vt 0.953173 0.611378
vt 0.936282 0.637225
vt 0.942161 0.636312
vt 0.934463 0.642098
vt 0.936134 0.649626
vt 0.973589 0.425021
vt 0.993309 0.410168
vt 0.970157 0.636869
vt 0.947638 0.640491
vt 0.952837 0.629684
vt 0.941893 0.458719
vt 0.956568 0.504620
vt 0.914320 0.959362
vt 0.911960 0.960397
vt 0.903325 0.954055
vt 0.896374 0.959270
vt 0.908227 0.932043
vt 0.910625 0.950138
vt 0.913010 0.927560
vt 0.923269 0.974073
vt 0.922730 0.962116
vt 0.918514 0.957420
vt 0.912007 0.728342
vt 0.912911 0.738925
vt 0.901574 0.740951
vt 0.904150 0.749118
vt 0.919520 0.943294
vt 0.921696 0.928400
vt 0.924476 0.956400
vt 0.922855 0.952520
vt 0.911207 0.757315
vt 0.918652 0.747944
vt 0.925583 0.674895
vt 0.925360 0.712074
vt 0.908251 0.715559
vt 0.896838 0.798996
vt 0.872563 0.832547
vt 0.899590 0.730880
vt 0.877989 0.742926
vt 0.883360 0.754634
vt 0.905886 0.918014
vt 0.903588 0.935007
vt 0.901577 0.918253
vt 0.892632 0.933929
vt 0.876606 0.757702
vt 0.856662 0.753404
vt 0.885623 0.963787
vt 0.907632 0.965648
vt 0.975716 0.431476
vt 0.964465 0.432859
vt 0.885076 0.770798
vt 0.890843 0.769710
vt 0.955430 0.428722
vt 0.893696 0.757421
vt 0.903643 0.761783
vt 0.879246 0.775910
vt 0.925597 0.973952
vt 0.921329 0.981501
vt 0.925597 0.983729
vt 0.925595 0.962055
vt 0.919936 0.990428
vt 0.925598 0.992728
vt 0.937652 0.669262
vt 0.932650 0.652139
vt 0.932653 0.671560
vt 0.932648 0.642830
vt 0.925595 0.956888
vt 0.902298 0.833347
vt 0.920110 0.796157
vt 0.910931 0.833186
vt 0.923669 0.795119
vt 0.925582 0.723095
vt 0.926130 0.740960
vt 0.898883 0.771351
vt 0.906753 0.773109
vt 0.908249 0.914609
vt 0.913184 0.906633
vt 0.921715 0.905190
vt 0.939948 0.626204
vt 0.940287 0.606720
vt 0.945424 0.581892
vt 0.924054 0.404323
vt 0.922671 0.381664
vt 0.915217 0.459376
vt 0.898381 0.502408
vt 0.909477 0.460402
vt 0.891390 0.502706
vt 0.966784 0.832461
vt 0.958945 0.832461
vt 0.949900 0.798694
vt 0.938142 0.798091
vt 0.914528 0.413221
vt 0.905280 0.417503
vt 0.911306 0.395543
vt 0.890918 0.404697
vt 0.915985 0.586079
vt 0.920003 0.609894
vt 0.911357 0.591892
vt 0.912113 0.611382
vt 0.929165 0.649626
vt 0.923132 0.636314
vt 0.930832 0.642098
vt 0.929011 0.637226
vt 0.891692 0.425016
vt 0.871975 0.410161
vt 0.917656 0.640495
vt 0.912453 0.629689
vt 0.895135 0.636879
vt 0.923383 0.458723
vt 0.908708 0.504623
vt 0.954810 0.959270
vt 0.939224 0.960395
vt 0.947860 0.954054
vt 0.936865 0.959360
vt 0.940563 0.950137
vt 0.942959 0.932041
vt 0.938178 0.927559
vt 0.927923 0.974074
vt 0.928458 0.962116
vt 0.932673 0.957419
vt 0.947011 0.749117
vt 0.938251 0.738924
vt 0.949587 0.740951
vt 0.939156 0.728342
vt 0.931668 0.943293
vt 0.929491 0.928400
vt 0.926714 0.956400
vt 0.928334 0.952519
vt 0.939955 0.757313
vt 0.932509 0.747943
vt 0.942912 0.715559
vt 0.958342 0.799598
vt 0.976432 0.832763
vt 0.951572 0.730880
vt 0.973172 0.742926
vt 0.967800 0.754634
vt 0.958554 0.933929
vt 0.947599 0.935006
vt 0.949610 0.918252
vt 0.945300 0.918012
vt 0.994497 0.753404
vt 0.974552 0.757701
vt 0.965559 0.963789
vt 0.943427 0.965321
vt 0.900815 0.432857
vt 0.889566 0.431471
vt 0.966081 0.770798
vt 0.960316 0.769710
vt 0.909851 0.428722
vt 0.957466 0.757420
vt 0.947519 0.761780
vt 0.971911 0.775910
vt 0.929865 0.981501
vt 0.931258 0.990428
vt 0.927652 0.669263
vt 0.951106 0.832461
vt 0.931048 0.796157
vt 0.941760 0.832763
vt 0.927488 0.795260
vt 0.952276 0.771351
vt 0.944407 0.773107
vt 0.942936 0.914607
vt 0.938000 0.906631
vt 0.929467 0.905190
vt 0.925340 0.626205
vt 0.924996 0.606721
vt 0.919858 0.581894
vt 0.754131 0.441913
vt 0.754131 0.397898
vt 0.785294 0.441913
vt 0.785294 0.397898
vt 0.039510 0.851906
vt 0.039510 0.863044
vt 0.007190 0.851906
vt 0.007190 0.863044
vt 0.039510 0.907046
vt 0.007190 0.907046
vt 0.039510 0.918121
vt 0.007190 0.918121
vt 0.685956 0.621346
vt 0.652608 0.621346
vt 0.685956 0.610204
vt 0.652608 0.610204
vt 0.685956 0.567217
vt 0.652608 0.567217
vt 0.685956 0.556169
vt 0.652608 0.556169
vt 0.008526 0.289674
vt 0.008526 0.246518
vt 0.041359 0.289674
vt 0.041359 0.246518
vt 0.636011 0.621346
vt 0.614983 0.621346
vt 0.636011 0.610204
vt 0.614983 0.610204
vt 0.636011 0.567217
vt 0.614983 0.567217
vt 0.636011 0.556169
vt 0.614983 0.556169
vt 0.057766 0.289674
vt 0.057766 0.246518
vt 0.078552 0.289674
vt 0.078552 0.246518
vt 0.041347 0.340377
vt 0.041347 0.295389
vt 0.073489 0.340377
vt 0.073489 0.295389
vt 0.757619 0.777069
vt 0.757619 0.788432
vt 0.726022 0.777069
vt 0.726022 0.788432
vt 0.757619 0.833432
vt 0.726022 0.833432
vt 0.757619 0.844787
vt 0.726022 0.844787
vt 0.105831 0.295389
vt 0.105831 0.340377
vt 0.694399 0.788432
vt 0.694399 0.777069
vt 0.694399 0.833432
vt 0.694399 0.844787
vt 0.595909 0.621346
vt 0.575442 0.621346
vt 0.595909 0.610204
vt 0.575442 0.610204
vt 0.595909 0.567217
vt 0.575442 0.567217
vt 0.595909 0.556169
vt 0.575442 0.556169
vt 0.097331 0.289674
vt 0.097331 0.246518
vt 0.117483 0.289674
vt 0.117483 0.246518
vt 0.555326 0.621346
vt 0.539804 0.621346
vt 0.555326 0.610204
vt 0.539804 0.610204
vt 0.555326 0.567217
vt 0.539804 0.567217
vt 0.555326 0.556169
vt 0.539804 0.556169
vt 0.137487 0.289674
vt 0.137487 0.246518
vt 0.152923 0.289674
vt 0.152923 0.246518
vt 0.723753 0.441913
vt 0.723753 0.397898
vt 0.070848 0.863044
vt 0.070848 0.851906
vt 0.070848 0.907046
vt 0.070848 0.918121
vt 0.522750 0.621346
vt 0.507379 0.621346
vt 0.522750 0.610204
vt 0.507379 0.610204
vt 0.522750 0.567217
vt 0.507379 0.567217
vt 0.522750 0.556169
vt 0.507379 0.556169
vt 0.169995 0.289674
vt 0.169995 0.246518
vt 0.185382 0.289674
vt 0.185382 0.246518
vt 0.410981 0.696052
vt 0.377036 0.696052
vt 0.410981 0.684816
vt 0.377036 0.684816
vt 0.410981 0.641431
vt 0.377036 0.641431
vt 0.410981 0.630190
vt 0.377036 0.630190
vt 0.395078 0.346628
vt 0.429052 0.346628
vt 0.395078 0.390033
vt 0.429052 0.390033
vt 0.489171 0.621346
vt 0.472868 0.621346
vt 0.489171 0.610204
vt 0.472868 0.610204
vt 0.489171 0.567217
vt 0.472868 0.567217
vt 0.489171 0.556169
vt 0.472868 0.556169
vt 0.203549 0.289674
vt 0.203549 0.246518
vt 0.219815 0.289674
vt 0.219815 0.246518
vt 0.693645 0.441913
vt 0.693645 0.397898
vt 0.707526 0.441913
vt 0.707526 0.397898
vt 0.101375 0.851906
vt 0.101375 0.863044
vt 0.087301 0.851906
vt 0.087301 0.863044
vt 0.101375 0.907046
vt 0.087301 0.907046
vt 0.101375 0.918121
vt 0.087301 0.918121
vt 0.167824 0.844787
vt 0.134873 0.844787
vt 0.167824 0.833432
vt 0.134873 0.833432
vt 0.167824 0.788432
vt 0.134873 0.788432
vt 0.167824 0.777069
vt 0.134873 0.777069
vt 0.636561 0.340377
vt 0.636561 0.295389
vt 0.669094 0.340377
vt 0.669094 0.295389
vt 0.450665 0.610204
vt 0.450665 0.621346
vt 0.435665 0.610204
vt 0.435665 0.621346
vt 0.450665 0.567217
vt 0.435665 0.567217
vt 0.450665 0.556169
vt 0.435665 0.556169
vt 0.242104 0.246518
vt 0.257162 0.246518
vt 0.242104 0.289674
vt 0.257162 0.289674
vt 0.663113 0.397898
vt 0.678161 0.397898
vt 0.663113 0.441913
vt 0.678161 0.441913
vt 0.132896 0.851906
vt 0.132896 0.863044
vt 0.117361 0.851906
vt 0.117361 0.863044
vt 0.132896 0.907046
vt 0.117361 0.907046
vt 0.132896 0.918121
vt 0.117361 0.918121
vt 0.415327 0.610204
vt 0.415327 0.621346
vt 0.397385 0.610204
vt 0.397385 0.621346
vt 0.415327 0.567217
vt 0.397385 0.567217
vt 0.415327 0.556169
vt 0.397385 0.556169
vt 0.277565 0.246518
vt 0.295565 0.246518
vt 0.277565 0.289674
vt 0.295565 0.289674
vt 0.358799 0.610204
vt 0.358799 0.621346
vt 0.358799 0.567217
vt 0.358799 0.556169
vt 0.334036 0.246518
vt 0.334036 0.289674
vt 0.138628 0.295389
vt 0.138628 0.340377
vt 0.662396 0.788432
vt 0.662396 0.777069
vt 0.662396 0.833432
vt 0.662396 0.844787
vt 0.632578 0.441913
vt 0.632578 0.397898
vt 0.647577 0.441913
vt 0.647577 0.397898
vt 0.164639 0.863044
vt 0.149047 0.863044
vt 0.164639 0.851906
vt 0.149047 0.851906
vt 0.164639 0.907046
vt 0.149047 0.907046
vt 0.164639 0.918121
vt 0.149047 0.918121
vt 0.322268 0.610204
vt 0.322268 0.621346
vt 0.322268 0.567217
vt 0.322268 0.556169
vt 0.370545 0.289674
vt 0.370545 0.246518
vt 0.287075 0.610204
vt 0.287075 0.621346
vt 0.287075 0.567217
vt 0.287075 0.556169
vt 0.405897 0.289674
vt 0.405897 0.246518
vt 0.444417 0.696052
vt 0.444417 0.684816
vt 0.444417 0.641431
vt 0.444417 0.630190
vt 0.361971 0.346628
vt 0.361971 0.390033
vt 0.253900 0.610204
vt 0.253900 0.621346
vt 0.253900 0.567217
vt 0.253900 0.556169
vt 0.439243 0.289674
vt 0.439243 0.246518
vt 0.601393 0.441913
vt 0.601393 0.397898
vt 0.617550 0.441913
vt 0.617550 0.397898
vt 0.196676 0.863044
vt 0.180077 0.863044
vt 0.196676 0.851906
vt 0.180077 0.851906
vt 0.196676 0.907046
vt 0.180077 0.907046
vt 0.196676 0.918121
vt 0.180077 0.918121
vt 0.223366 0.610204
vt 0.223366 0.621346
vt 0.223366 0.567217
vt 0.223366 0.556169
vt 0.469890 0.289674
vt 0.469890 0.246518
vt 0.171850 0.295389
vt 0.171850 0.340377
vt 0.630008 0.788432
vt 0.630008 0.777069
vt 0.630008 0.833432
vt 0.630008 0.844787
vt 0.194907 0.621346
vt 0.194907 0.610204
vt 0.194907 0.567217
vt 0.194907 0.556169
vt 0.498393 0.289674
vt 0.498393 0.246518
vt 0.571611 0.397898
vt 0.586995 0.397898
vt 0.571611 0.441913
vt 0.586995 0.441913
vt 0.227488 0.863044
vt 0.211572 0.863044
vt 0.227488 0.851906
vt 0.211572 0.851906
vt 0.227488 0.907046
vt 0.211572 0.907046
vt 0.227488 0.918121
vt 0.211572 0.918121
vt 0.166962 0.621346
vt 0.166962 0.610204
vt 0.166962 0.567217
vt 0.166962 0.556169
vt 0.526326 0.289674
vt 0.526326 0.246518
vt 0.205260 0.295389
vt 0.205260 0.340377
vt 0.597449 0.788432
vt 0.597449 0.777069
vt 0.597449 0.833432
vt 0.597449 0.844787
vt 0.137084 0.621346
vt 0.137084 0.610204
vt 0.137084 0.567217
vt 0.137084 0.556169
vt 0.556123 0.289674
vt 0.556123 0.246518
vt 0.541732 0.397898
vt 0.556654 0.397898
vt 0.541732 0.441913
vt 0.556654 0.441913
vt 0.258032 0.863044
vt 0.242778 0.863044
vt 0.258032 0.851906
vt 0.242778 0.851906
vt 0.258032 0.907046
vt 0.242778 0.907046
vt 0.258032 0.918121
vt 0.242778 0.918121
vt 0.772653 0.684816
vt 0.772653 0.696052
vt 0.739434 0.684816
vt 0.739434 0.696052
vt 0.772653 0.641431
vt 0.739434 0.641431
vt 0.772653 0.630190
vt 0.739434 0.630190
vt 0.040764 0.390033
vt 0.040764 0.346628
vt 0.073897 0.390033
vt 0.073897 0.346628
vt 0.105415 0.610204
vt 0.105415 0.621346
vt 0.105415 0.567217
vt 0.105415 0.556169
vt 0.587629 0.289674
vt 0.587629 0.246518
vt 0.073761 0.610204
vt 0.073761 0.621346
vt 0.073761 0.567217
vt 0.073761 0.556169
vt 0.619032 0.289674
vt 0.619032 0.246518
vt 0.511736 0.397898
vt 0.511736 0.441913
vt 0.288513 0.863044
vt 0.288513 0.851906
vt 0.288513 0.907046
vt 0.288513 0.918121
vt 0.042126 0.610204
vt 0.042126 0.621346
vt 0.042126 0.567217
vt 0.042126 0.556169
vt 0.650343 0.289674
vt 0.650343 0.246518
vt 0.481492 0.397898
vt 0.481492 0.441913
vt 0.319227 0.851906
vt 0.319227 0.863044
vt 0.319227 0.907046
vt 0.319227 0.918121
vt 0.010504 0.610204
vt 0.010504 0.621346
vt 0.010504 0.567217
vt 0.010504 0.556169
vt 0.681605 0.289674
vt 0.681605 0.246518
vt 0.240047 0.295389
vt 0.240047 0.340377
vt 0.563500 0.788432
vt 0.563500 0.777069
vt 0.563500 0.833432
vt 0.563500 0.844787
vt 0.797721 0.981916
vt 0.797721 0.993112
vt 0.766107 0.981916
vt 0.766107 0.993112
vt 0.797721 0.937149
vt 0.766107 0.937149
vt 0.797721 0.925953
vt 0.766107 0.925953
vt 0.009662 0.546529
vt 0.009662 0.501763
vt 0.040917 0.546529
vt 0.040917 0.501763
vt 0.102780 0.844787
vt 0.102780 0.833432
vt 0.102780 0.788432
vt 0.102780 0.777069
vt 0.701008 0.295389
vt 0.701008 0.340377
vt 0.734500 0.981916
vt 0.734500 0.993112
vt 0.734500 0.937149
vt 0.734500 0.925953
vt 0.072187 0.546529
vt 0.072187 0.501763
vt 0.450395 0.441913
vt 0.450395 0.397898
vt 0.350503 0.851906
vt 0.350503 0.863044
vt 0.350503 0.907046
vt 0.350503 0.918121
vt 0.702892 0.981916
vt 0.702892 0.993112
vt 0.702892 0.937149
vt 0.702892 0.925953
vt 0.103474 0.546529
vt 0.103474 0.501763
vt 0.418712 0.441913
vt 0.418712 0.397898
vt 0.382145 0.851906
vt 0.382145 0.863044
vt 0.382145 0.907046
vt 0.382145 0.918121
vt 0.671284 0.981916
vt 0.671284 0.993112
vt 0.671284 0.937149
vt 0.671284 0.925953
vt 0.134784 0.546529
vt 0.134784 0.501763
vt 0.477065 0.684816
vt 0.477065 0.696052
vt 0.477065 0.641431
vt 0.477065 0.630190
vt 0.329917 0.390033
vt 0.329917 0.346628
vt 0.276492 0.295389
vt 0.276492 0.340377
vt 0.528175 0.788432
vt 0.528175 0.777069
vt 0.528175 0.833432
vt 0.528175 0.844787
vt 0.639675 0.981916
vt 0.639675 0.993112
vt 0.639675 0.937149
vt 0.639675 0.925953
vt 0.166140 0.546529
vt 0.166140 0.501763
vt 0.386951 0.441913
vt 0.386951 0.397898
vt 0.413799 0.851906
vt 0.413799 0.863044
vt 0.413799 0.907046
vt 0.413799 0.918121
vt 0.608066 0.981916
vt 0.608066 0.993112
vt 0.608066 0.937149
vt 0.608066 0.925953
vt 0.197580 0.546529
vt 0.197580 0.501763
vt 0.576459 0.981916
vt 0.576459 0.993112
vt 0.576459 0.937149
vt 0.576459 0.925953
vt 0.229142 0.501763
vt 0.229142 0.546529
vt 0.355122 0.441913
vt 0.355122 0.397898
vt 0.445453 0.851906
vt 0.445453 0.863044
vt 0.445453 0.907046
vt 0.445453 0.918121
vt 0.544855 0.993112
vt 0.544855 0.981916
vt 0.544855 0.937149
vt 0.544855 0.925953
vt 0.260845 0.501763
vt 0.260845 0.546529
vt 0.312883 0.295389
vt 0.312883 0.340377
vt 0.493109 0.788432
vt 0.493109 0.777069
vt 0.493109 0.833432
vt 0.493109 0.844787
vt 0.513258 0.993112
vt 0.513258 0.981916
vt 0.513258 0.937149
vt 0.513258 0.925953
vt 0.292691 0.501763
vt 0.292691 0.546529
vt 0.323221 0.441913
vt 0.323221 0.397898
vt 0.477090 0.851906
vt 0.477090 0.863044
vt 0.477090 0.907046
vt 0.477090 0.918121
vt 0.481667 0.981916
vt 0.481667 0.993112
vt 0.481667 0.937149
vt 0.481667 0.925953
vt 0.324665 0.546529
vt 0.324665 0.501763
vt 0.108225 0.390033
vt 0.108225 0.346628
vt 0.141689 0.390033
vt 0.141689 0.346628
vt 0.704632 0.641431
vt 0.669996 0.641431
vt 0.704632 0.630190
vt 0.669996 0.630190
vt 0.704632 0.684816
vt 0.669996 0.684816
vt 0.704632 0.696052
vt 0.669996 0.696052
vt 0.450077 0.981916
vt 0.450077 0.993112
vt 0.450077 0.937149
vt 0.450077 0.925953
vt 0.356755 0.546529
vt 0.356755 0.501763
vt 0.291314 0.441913
vt 0.291314 0.397898
vt 0.508724 0.851906
vt 0.508724 0.863044
vt 0.508724 0.907046
vt 0.508724 0.918121
vt 0.418488 0.993112
vt 0.418488 0.981916
vt 0.418488 0.937149
vt 0.418488 0.925953
vt 0.388951 0.546529
vt 0.388951 0.501763
vt 0.347852 0.295389
vt 0.347852 0.340377
vt 0.459402 0.788432
vt 0.459402 0.777069
vt 0.459402 0.833432
vt 0.459402 0.844787
vt 0.386900 0.993112
vt 0.386900 0.981916
vt 0.386900 0.937149
vt 0.386900 0.925953
vt 0.421236 0.546529
vt 0.421236 0.501763
vt 0.508588 0.684816
vt 0.508588 0.696052
vt 0.508588 0.641431
vt 0.508588 0.630190
vt 0.298991 0.390033
vt 0.298991 0.346628
vt 0.355312 0.993112
vt 0.355312 0.981916
vt 0.355312 0.937149
vt 0.355312 0.925953
vt 0.453563 0.546529
vt 0.453563 0.501763
vt 0.259608 0.441913
vt 0.259608 0.397898
vt 0.540354 0.851906
vt 0.540354 0.863044
vt 0.540354 0.907046
vt 0.540354 0.918121
vt 0.323723 0.993112
vt 0.323723 0.981916
vt 0.323723 0.937149
vt 0.323723 0.925953
vt 0.485828 0.501763
vt 0.485828 0.546529
vt 0.380980 0.295389
vt 0.380980 0.340377
vt 0.427144 0.788432
vt 0.427144 0.777069
vt 0.427144 0.833432
vt 0.427144 0.844787
vt 0.292128 0.993112
vt 0.292128 0.981916
vt 0.292128 0.937149
vt 0.292128 0.925953
vt 0.517913 0.501763
vt 0.517913 0.546529
vt 0.228285 0.441913
vt 0.228285 0.397898
vt 0.571976 0.851906
vt 0.571976 0.863044
vt 0.571976 0.907046
vt 0.571976 0.918121
vt 0.540001 0.684816
vt 0.540001 0.696052
vt 0.540001 0.641431
vt 0.540001 0.630190
vt 0.268153 0.390033
vt 0.268153 0.346628
vt 0.260525 0.993112
vt 0.260525 0.981916
vt 0.260525 0.937149
vt 0.260525 0.925953
vt 0.549738 0.501763
vt 0.549738 0.546529
vt 0.197337 0.441913
vt 0.197337 0.397898
vt 0.603584 0.851906
vt 0.603584 0.863044
vt 0.603584 0.907046
vt 0.603584 0.918121
vt 0.228918 0.981916
vt 0.228918 0.993112
vt 0.228918 0.937149
vt 0.228918 0.925953
vt 0.581279 0.501763
vt 0.581279 0.546529
vt 0.166511 0.441913
vt 0.166511 0.397898
vt 0.635177 0.851906
vt 0.635177 0.863044
vt 0.635177 0.907046
vt 0.635177 0.918121
vt 0.197315 0.993112
vt 0.197315 0.981916
vt 0.197315 0.937149
vt 0.197315 0.925953
vt 0.612564 0.501763
vt 0.612564 0.546529
vt 0.071256 0.844787
vt 0.071256 0.833432
vt 0.071256 0.788432
vt 0.071256 0.777069
vt 0.732511 0.295389
vt 0.732511 0.340377
vt 0.165716 0.993112
vt 0.165716 0.981916
vt 0.165716 0.937149
vt 0.165716 0.925953
vt 0.643674 0.501763
vt 0.643674 0.546529
vt 0.135554 0.441913
vt 0.135554 0.397898
vt 0.666770 0.851906
vt 0.666770 0.863044
vt 0.666770 0.907046
vt 0.666770 0.918121
vt 0.134150 0.993112
vt 0.134150 0.981916
vt 0.134150 0.937149
vt 0.134150 0.925953
vt 0.674709 0.501763
vt 0.674709 0.546529
vt 0.102656 0.993112
vt 0.102656 0.981916
vt 0.102656 0.937149
vt 0.102656 0.925953
vt 0.705746 0.501763
vt 0.705746 0.546529
vt 0.412622 0.340377
vt 0.412622 0.295389
vt 0.395854 0.788432
vt 0.395854 0.777069
vt 0.395854 0.833432
vt 0.395854 0.844787
vt 0.071205 0.981916
vt 0.071205 0.993112
vt 0.071205 0.937149
vt 0.071205 0.925953
vt 0.736846 0.546529
vt 0.736846 0.501763
vt 0.104432 0.441913
vt 0.104432 0.397898
vt 0.698363 0.851906
vt 0.698363 0.863044
vt 0.698363 0.907046
vt 0.698363 0.918121
vt 0.039625 0.981916
vt 0.039625 0.993112
vt 0.039625 0.937149
vt 0.039625 0.925953
vt 0.768122 0.546529
vt 0.768122 0.501763
vt 0.039932 0.844787
vt 0.039932 0.833432
vt 0.039932 0.788432
vt 0.039932 0.777069
vt 0.763910 0.295389
vt 0.763910 0.340377
vt 0.443139 0.340377
vt 0.443139 0.295389
vt 0.365227 0.777069
vt 0.365227 0.788432
vt 0.365227 0.833432
vt 0.365227 0.844787
vt 0.007905 0.981916
vt 0.007905 0.993112
vt 0.007905 0.937149
vt 0.007905 0.925953
vt 0.799593 0.546529
vt 0.799593 0.501763
vt 0.072978 0.397898
vt 0.072978 0.441913
vt 0.729971 0.851906
vt 0.729971 0.863044
vt 0.729971 0.907046
vt 0.729971 0.918121
vt 0.798371 0.758844
vt 0.798371 0.770040
vt 0.766660 0.758844
vt 0.766660 0.770040
vt 0.798371 0.714078
vt 0.766660 0.714078
vt 0.798371 0.702881
vt 0.766660 0.702881
vt 0.010137 0.492991
vt 0.010137 0.448225
vt 0.041723 0.492991
vt 0.041723 0.448225
vt 0.735023 0.758844
vt 0.735023 0.770040
vt 0.735023 0.714078
vt 0.735023 0.702881
vt 0.073421 0.492991
vt 0.073421 0.448225
vt 0.041218 0.397898
vt 0.041218 0.441913
vt 0.761594 0.851906
vt 0.761594 0.863044
vt 0.761594 0.907046
vt 0.761594 0.918121
vt 0.703425 0.770040
vt 0.703425 0.758844
vt 0.703425 0.714078
vt 0.703425 0.702881
vt 0.105275 0.492991
vt 0.105275 0.448225
vt 0.572363 0.684816
vt 0.572363 0.696052
vt 0.572363 0.641431
vt 0.572363 0.630190
vt 0.236469 0.390033
vt 0.236469 0.346628
vt 0.472712 0.295389
vt 0.472712 0.340377
vt 0.335233 0.777069
vt 0.335233 0.788432
vt 0.335233 0.833432
vt 0.335233 0.844787
vt 0.671841 0.770040
vt 0.671841 0.758844
vt 0.671841 0.714078
vt 0.671841 0.702881
vt 0.137205 0.492991
vt 0.137205 0.448225
vt 0.640309 0.770040
vt 0.640309 0.758844
vt 0.640309 0.714078
vt 0.640309 0.702881
vt 0.168963 0.492991
vt 0.168963 0.448225
vt 0.009319 0.397898
vt 0.009319 0.441913
vt 0.793231 0.851906
vt 0.793231 0.863044
vt 0.793231 0.907046
vt 0.793231 0.918121
vt 0.608921 0.758844
vt 0.623863 0.770040
vt 0.608921 0.770040
vt 0.623863 0.714078
vt 0.608921 0.714078
vt 0.623863 0.702881
vt 0.200172 0.448225
vt 0.185315 0.492991
vt 0.185315 0.448225
vt 0.502633 0.295389
vt 0.502633 0.340377
vt 0.304924 0.777069
vt 0.304924 0.788432
vt 0.304924 0.833432
vt 0.304924 0.844787
vt 0.577754 0.758844
vt 0.593284 0.770040
vt 0.577754 0.770040
vt 0.593284 0.714078
vt 0.577754 0.714078
vt 0.593284 0.702881
vt 0.230640 0.448225
vt 0.215459 0.492991
vt 0.215459 0.448225
vt 0.767855 0.346628
vt 0.799705 0.346628
vt 0.767855 0.390033
vt 0.799705 0.390033
vt 0.041600 0.630190
vt 0.041600 0.641431
vt 0.010002 0.630190
vt 0.010002 0.641431
vt 0.041600 0.684816
vt 0.010002 0.684816
vt 0.041600 0.696052
vt 0.010002 0.696052
vt 0.546476 0.758844
vt 0.561436 0.770040
vt 0.546476 0.770040
vt 0.546476 0.714078
vt 0.561436 0.714078
vt 0.561436 0.702881
vt 0.246574 0.492991
vt 0.246574 0.448225
vt 0.261183 0.448225
vt 0.514931 0.770040
vt 0.514931 0.714078
vt 0.514931 0.758844
vt 0.546476 0.702881
vt 0.292455 0.448225
vt 0.261183 0.492991
vt 0.292455 0.492991
vt 0.736090 0.346628
vt 0.736090 0.390033
vt 0.073145 0.630190
vt 0.073145 0.641431
vt 0.073145 0.684816
vt 0.073145 0.696052
vt 0.604870 0.684816
vt 0.604870 0.696052
vt 0.604870 0.641431
vt 0.604870 0.630190
vt 0.204775 0.390033
vt 0.204775 0.346628
vt 0.483350 0.770040
vt 0.483350 0.758844
vt 0.483350 0.714078
vt 0.514931 0.702881
vt 0.483350 0.702881
vt 0.324011 0.448225
vt 0.324011 0.492991
vt 0.704375 0.346628
vt 0.704375 0.390033
vt 0.104634 0.630190
vt 0.104634 0.641431
vt 0.104634 0.684816
vt 0.104634 0.696052
vt 0.451730 0.770040
vt 0.451730 0.758844
vt 0.451730 0.714078
vt 0.451730 0.702881
vt 0.355656 0.448225
vt 0.355656 0.492991
vt 0.534698 0.295389
vt 0.534698 0.340377
vt 0.272257 0.777069
vt 0.272257 0.788432
vt 0.272257 0.833432
vt 0.272257 0.844787
vt 0.420076 0.770040
vt 0.420076 0.758844
vt 0.420076 0.714078
vt 0.420076 0.702881
vt 0.387292 0.448225
vt 0.387292 0.492991
vt 0.672687 0.346628
vt 0.672687 0.390033
vt 0.136083 0.630190
vt 0.136083 0.641431
vt 0.136083 0.684816
vt 0.136083 0.696052
vt 0.388396 0.770040
vt 0.388396 0.758844
vt 0.388396 0.714078
vt 0.388396 0.702881
vt 0.418853 0.448225
vt 0.418853 0.492991
vt 0.640944 0.346628
vt 0.640944 0.390033
vt 0.167599 0.630190
vt 0.167599 0.641431
vt 0.167599 0.684816
vt 0.167599 0.696052
vt 0.356694 0.770040
vt 0.356694 0.758844
vt 0.356694 0.714078
vt 0.356694 0.702881
vt 0.450284 0.448225
vt 0.450284 0.492991
vt 0.324980 0.770040
vt 0.324980 0.758844
vt 0.324980 0.714078
vt 0.324980 0.702881
vt 0.481539 0.448225
vt 0.481539 0.492991
vt 0.008479 0.390033
vt 0.008479 0.346628
vt 0.804831 0.641431
vt 0.804831 0.630190
vt 0.804831 0.684816
vt 0.804831 0.696052
vt 0.293262 0.770040
vt 0.293262 0.758844
vt 0.293262 0.714078
vt 0.293262 0.702881
vt 0.512592 0.448225
vt 0.512592 0.492991
vt 0.568752 0.340377
vt 0.568752 0.295389
vt 0.237228 0.777069
vt 0.237228 0.788432
vt 0.237228 0.833432
vt 0.237228 0.844787
vt 0.607985 0.346628
vt 0.607985 0.390033
vt 0.200331 0.630190
vt 0.200331 0.641431
vt 0.200331 0.684816
vt 0.200331 0.696052
vt 0.261549 0.770040
vt 0.261549 0.758844
vt 0.261549 0.714078
vt 0.261549 0.702881
vt 0.543454 0.448225
vt 0.543454 0.492991
vt 0.229864 0.770040
vt 0.229864 0.758844
vt 0.229864 0.714078
vt 0.229864 0.702881
vt 0.574153 0.448225
vt 0.574153 0.492991
vt 0.637191 0.684816
vt 0.637191 0.696052
vt 0.637191 0.641431
vt 0.637191 0.630190
vt 0.173392 0.390033
vt 0.173392 0.346628
vt 0.198256 0.770040
vt 0.198256 0.758844
vt 0.198256 0.714078
vt 0.198256 0.702881
vt 0.604706 0.448225
vt 0.604706 0.492991
vt 0.573001 0.346628
vt 0.573001 0.390033
vt 0.234929 0.630190
vt 0.234929 0.641431
vt 0.234929 0.684816
vt 0.234929 0.696052
vt 0.166748 0.770040
vt 0.166748 0.758844
vt 0.166748 0.714078
vt 0.166748 0.702881
vt 0.635147 0.448225
vt 0.635147 0.492991
vt 0.603163 0.340377
vt 0.603163 0.295389
vt 0.201912 0.777069
vt 0.201912 0.788432
vt 0.201912 0.833432
vt 0.201912 0.844787
vt 0.135259 0.758844
vt 0.135259 0.770040
vt 0.135259 0.714078
vt 0.135259 0.702881
vt 0.665616 0.492991
vt 0.665616 0.448225
vt 0.536725 0.346628
vt 0.536725 0.390033
vt 0.270693 0.630190
vt 0.270693 0.641431
vt 0.270693 0.684816
vt 0.270693 0.696052
vt 0.103702 0.758844
vt 0.103702 0.770040
vt 0.103702 0.714078
vt 0.103702 0.702881
vt 0.696304 0.492991
vt 0.696304 0.448225
vt 0.008381 0.844787
vt 0.008381 0.833432
vt 0.008381 0.788432
vt 0.008381 0.777069
vt 0.795596 0.295389
vt 0.795596 0.340377
vt 0.500119 0.346628
vt 0.500119 0.390033
vt 0.306775 0.630190
vt 0.306775 0.641431
vt 0.306775 0.684816
vt 0.306775 0.696052
vt 0.072097 0.758844
vt 0.072097 0.770040
vt 0.072097 0.714078
vt 0.072097 0.702881
vt 0.727294 0.492991
vt 0.727294 0.448225
vt 0.040476 0.758844
vt 0.040476 0.770040
vt 0.040476 0.714078
vt 0.040476 0.702881
vt 0.758595 0.492991
vt 0.758595 0.448225
vt 0.008858 0.758844
vt 0.008858 0.770040
vt 0.008858 0.714078
vt 0.008858 0.702881
vt 0.790203 0.492991
vt 0.790203 0.448225
vt 0.464063 0.346628
vt 0.464063 0.390033
vt 0.342355 0.630190
vt 0.342355 0.641431
vt 0.342355 0.684816
vt 0.342355 0.696052
vt 0.789228 0.833432
vt 0.789228 0.844787
vt 0.789228 0.788432
vt 0.789228 0.777069
vt 0.009454 0.340377
vt 0.009454 0.295389
vt 0.200172 0.492991
vt 0.608921 0.702881
vt 0.593284 0.758844
vt 0.623863 0.758844
vt 0.561436 0.758844
vt 0.230640 0.492991
vt 0.577754 0.702881
vt 0.402418 0.237514
vt 0.363945 0.230234
vt 0.372768 0.202742
vt 0.349176 0.211368
vt 0.288992 0.178698
vt 0.284207 0.182886
vt 0.244281 0.154066
vt 0.240879 0.157952
vt 0.531983 0.179749
vt 0.532157 0.166381
vt 0.575781 0.153548
vt 0.574876 0.147237
vt 0.330526 0.217754
vt 0.326730 0.204843
vt 0.313037 0.217889
vt 0.314346 0.230349
vt 0.288833 0.165588
vt 0.240359 0.145937
vt 0.573864 0.141300
vt 0.611878 0.120682
vt 0.611836 0.112077
vt 0.510094 0.193360
vt 0.524645 0.162796
vt 0.506513 0.188675
vt 0.441148 0.209435
vt 0.453818 0.200727
vt 0.469315 0.209859
vt 0.473348 0.201585
vt 0.203930 0.112340
vt 0.242052 0.141171
vt 0.203942 0.122327
vt 0.291653 0.162059
vt 0.309893 0.188110
vt 0.309193 0.192269
vt 0.343200 0.200256
vt 0.362954 0.200089
vt 0.410241 0.234509
vt 0.450963 0.231695
vt 0.533489 0.184785
vt 0.576053 0.158268
vt 0.486105 0.220538
vt 0.492218 0.203011
vt 0.506518 0.219744
vt 0.503682 0.232619
vt 0.349121 0.163246
vt 0.361119 0.165986
vt 0.291759 0.135735
vt 0.270299 0.117232
vt 0.290519 0.129219
vt 0.269243 0.109011
vt 0.557261 0.124219
vt 0.558996 0.132480
vt 0.532749 0.140251
vt 0.532710 0.145209
vt 0.325941 0.143263
vt 0.330550 0.141246
vt 0.321400 0.123658
vt 0.321595 0.121301
vt 0.291163 0.140974
vt 0.267988 0.123689
vt 0.203569 0.058270
vt 0.235292 0.097971
vt 0.203569 0.069006
vt 0.232108 0.104503
vt 0.525051 0.150170
vt 0.510504 0.141577
vt 0.508167 0.146369
vt 0.478731 0.167116
vt 0.471705 0.165141
vt 0.203554 0.046127
vt 0.240901 0.094537
vt 0.291855 0.147951
vt 0.308282 0.145440
vt 0.311642 0.139847
vt 0.337895 0.166709
vt 0.457255 0.166981
vt 0.554535 0.119248
vt 0.532281 0.135579
vt 0.486098 0.140203
vt 0.494314 0.143922
vt 0.498477 0.121641
vt 0.504323 0.127924
vt 0.298579 0.201757
vt 0.301380 0.197515
vt 0.518170 0.199240
vt 0.492819 0.194950
vt 0.323774 0.193761
vt 0.519688 0.204019
vt 0.309393 0.131384
vt 0.306069 0.128883
vt 0.516354 0.134385
vt 0.496666 0.149910
vt 0.319851 0.149102
vt 0.513846 0.128313
vt 0.241419 0.087655
vt 0.242644 0.083213
vt 0.581674 0.095331
vt 0.583337 0.104910
vt 0.256961 0.131787
vt 0.262716 0.127367
vt 0.282547 0.146401
vt 0.577988 0.090615
vt 0.203541 0.039339
vt 0.203569 0.032975
vt 0.611260 0.044860
vt 0.611251 0.061071
vt 0.611251 0.031774
vt 0.204078 0.132772
vt 0.204027 0.135844
vt 0.611976 0.126503
vt 0.611983 0.132816
vt 0.060094 0.213382
vt 0.045540 0.232436
vt 0.037512 0.205049
vt 0.007068 0.240150
vt 0.119889 0.179920
vt 0.164247 0.154646
vt 0.124733 0.184043
vt 0.167702 0.158475
vt 0.692035 0.179251
vt 0.648073 0.153323
vt 0.691778 0.165883
vt 0.648941 0.147006
vt 0.082481 0.206574
vt 0.078840 0.219538
vt 0.096350 0.219432
vt 0.095208 0.231906
vt 0.168053 0.146458
vt 0.119866 0.166802
vt 0.649919 0.141061
vt 0.699272 0.162249
vt 0.714015 0.192722
vt 0.717566 0.188013
vt 0.750811 0.200713
vt 0.770335 0.199733
vt 0.754897 0.208962
vt 0.783061 0.208363
vt 0.166296 0.141711
vt 0.116996 0.163305
vt 0.099119 0.189609
vt 0.099867 0.193762
vt 0.065977 0.202216
vt 0.046279 0.202301
vt 0.814123 0.233243
vt 0.773385 0.230683
vt 0.690560 0.184296
vt 0.647827 0.158044
vt 0.738173 0.219748
vt 0.731951 0.202260
vt 0.720673 0.231940
vt 0.717755 0.219083
vt 0.047676 0.168263
vt 0.059598 0.165334
vt 0.116534 0.136940
vt 0.117991 0.129219
vt 0.137733 0.118122
vt 0.138671 0.109885
vt 0.691096 0.144709
vt 0.664732 0.132141
vt 0.691024 0.139750
vt 0.666412 0.123862
vt 0.077827 0.143042
vt 0.082460 0.144988
vt 0.086715 0.125321
vt 0.086484 0.122967
vt 0.117204 0.142178
vt 0.140132 0.124550
vt 0.175720 0.104901
vt 0.172468 0.098388
vt 0.713279 0.140943
vt 0.698787 0.149624
vt 0.715647 0.145720
vt 0.752227 0.164261
vt 0.745213 0.166280
vt 0.166806 0.095000
vt 0.116606 0.149179
vt 0.100143 0.146912
vt 0.096709 0.141366
vt 0.070844 0.168607
vt 0.766687 0.166012
vt 0.691462 0.135073
vt 0.669106 0.118868
vt 0.737676 0.139418
vt 0.729482 0.143188
vt 0.725183 0.120933
vt 0.719376 0.127252
vt 0.107746 0.198904
vt 0.110604 0.203108
vt 0.705976 0.198652
vt 0.731300 0.194201
vt 0.085313 0.195452
vt 0.704489 0.203441
vt 0.098834 0.132868
vt 0.102121 0.130317
vt 0.707385 0.133788
vt 0.727169 0.149189
vt 0.088628 0.150739
vt 0.709856 0.127701
vt 0.166201 0.088127
vt 0.164901 0.083693
vt 0.640220 0.104727
vt 0.641812 0.095125
vt 0.151260 0.132520
vt 0.125886 0.147503
vt 0.145447 0.128166
vt 0.645457 0.090367
vt 0.311805 0.285567
vt 0.350156 0.285633
vt 0.311228 0.298290
vt 0.350663 0.298422
vt 0.360700 0.287051
vt 0.361547 0.298286
vt 0.350944 0.318383
vt 0.361291 0.318687
vt 0.329948 0.336033
vt 0.336339 0.343336
vt 0.322950 0.342727
vt 0.309559 0.318079
vt 0.298909 0.318687
vt 0.299510 0.298671
vt 0.291796 0.241807
vt 0.291796 0.260719
vt 0.266937 0.276915
vt 0.300719 0.287496
vt 0.243399 0.262409
vt 0.243399 0.242704
vt 0.347988 0.236299
vt 0.347988 0.224992
vt 0.357679 0.235492
vt 0.357142 0.211259
vt 0.348814 0.253260
vt 0.358553 0.252955
vt 0.348814 0.265737
vt 0.359464 0.267564
vt 0.311646 0.253455
vt 0.311910 0.236299
vt 0.300473 0.253486
vt 0.301678 0.235762
vt 0.312299 0.267260
vt 0.300316 0.267783
vt 0.301947 0.211798
vt 0.311101 0.225261
vt 0.350141 0.216107
vt 0.308140 0.215836
vt 0.291796 0.168677
vt 0.291796 0.179076
vt 0.243399 0.169277
vt 0.243399 0.179567
vt 0.291796 0.192916
vt 0.243399 0.193409
vt 0.291796 0.206927
vt 0.243399 0.207905
vt 0.243399 0.229140
vt 0.291796 0.228461
vt 0.165295 0.294117
vt 0.165878 0.307002
vt 0.126414 0.294182
vt 0.125900 0.307136
vt 0.114865 0.306999
vt 0.115721 0.295620
vt 0.124419 0.325969
vt 0.114656 0.327365
vt 0.144643 0.342009
vt 0.136974 0.351074
vt 0.175330 0.326319
vt 0.152665 0.351774
vt 0.166611 0.325620
vt 0.177756 0.307389
vt 0.208734 0.275223
vt 0.183871 0.259029
vt 0.183871 0.240117
vt 0.176532 0.296075
vt 0.232270 0.241012
vt 0.232270 0.260717
vt 0.120122 0.222329
vt 0.128311 0.235159
vt 0.117392 0.241983
vt 0.127766 0.243893
vt 0.114964 0.260637
vt 0.127141 0.261218
vt 0.115048 0.275892
vt 0.126389 0.274504
vt 0.165465 0.261593
vt 0.165159 0.244165
vt 0.175532 0.243347
vt 0.176792 0.261624
vt 0.165283 0.274341
vt 0.176945 0.276104
vt 0.174166 0.222056
vt 0.166251 0.235432
vt 0.167889 0.226698
vt 0.127220 0.226971
vt 0.183871 0.166987
vt 0.232270 0.167589
vt 0.183871 0.177386
vt 0.232270 0.177878
vt 0.183871 0.191229
vt 0.232270 0.191718
vt 0.183871 0.205240
vt 0.232270 0.206213
vt 0.232270 0.227450
vt 0.183871 0.226775
vt 0.217909 0.134883
vt 0.206351 0.134041
vt 0.218472 0.132265
vt 0.206369 0.131354
vt 0.118435 0.134791
vt 0.116916 0.111223
vt 0.120659 0.133711
vt 0.119276 0.112121
vt 0.243513 0.139150
vt 0.243472 0.141743
vt 0.197450 0.107107
vt 0.196723 0.109771
vt 0.167569 0.089971
vt 0.166986 0.092993
vt 0.206349 0.125995
vt 0.197532 0.127289
vt 0.206193 0.115810
vt 0.197475 0.114279
vt 0.138576 0.149660
vt 0.140448 0.147068
vt 0.205972 0.110295
vt 0.206070 0.107591
vt 0.217962 0.110246
vt 0.217641 0.107537
vt 0.243847 0.104437
vt 0.243860 0.101477
vt 0.218134 0.126755
vt 0.218015 0.115598
vt 0.197430 0.131831
vt 0.198235 0.134507
vt 0.138934 0.098011
vt 0.136966 0.095454
vt 0.169181 0.150111
vt 0.169923 0.153120
vt 0.168483 0.099480
vt 0.141483 0.104142
vt 0.142370 0.140948
vt 0.125220 0.130138
vt 0.169914 0.143313
vt 0.124267 0.114999
vt 0.243824 0.109577
vt 0.243458 0.133485
vt 0.269553 0.135065
vt 0.269014 0.132441
vt 0.281108 0.134327
vt 0.281114 0.131640
vt 0.369008 0.135875
vt 0.366793 0.134774
vt 0.370740 0.112321
vt 0.368372 0.113198
vt 0.320836 0.093638
vt 0.290948 0.110147
vt 0.320281 0.090612
vt 0.290245 0.107477
vt 0.290155 0.114648
vt 0.289982 0.127655
vt 0.281423 0.116102
vt 0.281178 0.126283
vt 0.348733 0.150560
vt 0.346884 0.147952
vt 0.270043 0.107735
vt 0.281619 0.107886
vt 0.269697 0.110440
vt 0.281693 0.110590
vt 0.269599 0.115791
vt 0.269388 0.126940
vt 0.290044 0.132199
vt 0.289215 0.134867
vt 0.348842 0.098911
vt 0.350834 0.096371
vt 0.318126 0.150734
vt 0.317356 0.153736
vt 0.346238 0.105018
vt 0.319281 0.100112
vt 0.345018 0.141814
vt 0.362265 0.131160
vt 0.317454 0.143930
vt 0.363355 0.116030
vt 0.185676 0.388238
vt 0.178920 0.382939
vt 0.187626 0.385811
vt 0.180695 0.380414
vt 0.163424 0.359124
vt 0.184488 0.376184
vt 0.192690 0.380692
vt 0.193491 0.378364
vt 0.185403 0.373994
vt 0.195238 0.389614
vt 0.201842 0.384565
vt 0.216810 0.399100
vt 0.220086 0.383441
vt 0.235364 0.380787
vt 0.235533 0.397459
vt 0.254293 0.398936
vt 0.250891 0.383312
vt 0.276332 0.414390
vt 0.271905 0.416158
vt 0.268286 0.401811
vt 0.283892 0.426902
vt 0.286476 0.423682
vt 0.277836 0.391652
vt 0.281513 0.394938
vt 0.285371 0.387753
vt 0.288290 0.391147
vt 0.275808 0.389249
vt 0.283393 0.385357
vt 0.269155 0.384258
vt 0.278271 0.380301
vt 0.247315 0.411255
vt 0.268643 0.416768
vt 0.250958 0.433252
vt 0.246200 0.432792
vt 0.253414 0.423516
vt 0.271504 0.431460
vt 0.270653 0.433914
vt 0.276101 0.428563
vt 0.281369 0.428306
vt 0.235616 0.426360
vt 0.243862 0.430482
vt 0.242229 0.355149
vt 0.235359 0.353772
vt 0.244073 0.337234
vt 0.235281 0.332848
vt 0.246931 0.357420
vt 0.250771 0.335530
vt 0.215011 0.320047
vt 0.235241 0.321966
vt 0.226523 0.337302
vt 0.228500 0.355202
vt 0.255461 0.319894
vt 0.223815 0.357514
vt 0.219814 0.335651
vt 0.208600 0.319719
vt 0.217062 0.336776
vt 0.204020 0.319384
vt 0.226932 0.299794
vt 0.221711 0.298419
vt 0.218212 0.297234
vt 0.221092 0.357442
vt 0.214156 0.374727
vt 0.202166 0.382032
vt 0.201929 0.377842
vt 0.194739 0.374441
vt 0.187673 0.370616
vt 0.182797 0.391672
vt 0.175938 0.385866
vt 0.160282 0.363237
vt 0.158425 0.354552
vt 0.166382 0.357785
vt 0.193235 0.392036
vt 0.202841 0.402076
vt 0.189592 0.395354
vt 0.199275 0.416419
vt 0.194841 0.414679
vt 0.187349 0.427235
vt 0.184743 0.424034
vt 0.171365 0.439897
vt 0.169275 0.436493
vt 0.146239 0.455328
vt 0.148479 0.458497
vt 0.224087 0.411255
vt 0.217801 0.423642
vt 0.199769 0.431715
vt 0.200633 0.434162
vt 0.195150 0.428850
vt 0.180094 0.449889
vt 0.176251 0.445249
vt 0.202539 0.417001
vt 0.189879 0.428625
vt 0.173027 0.442053
vt 0.150179 0.460502
vt 0.158154 0.466651
vt 0.181414 0.451126
vt 0.162004 0.471237
vt 0.162698 0.472254
vt 0.134774 0.487064
vt 0.132692 0.484592
vt 0.124612 0.491984
vt 0.125521 0.493718
vt 0.126542 0.496529
vt 0.118565 0.500747
vt 0.115998 0.504785
vt 0.136786 0.489468
vt 0.225069 0.432867
vt 0.220491 0.433420
vt 0.216284 0.447391
vt 0.225750 0.458011
vt 0.211738 0.448233
vt 0.223400 0.459249
vt 0.229637 0.457747
vt 0.223862 0.446386
vt 0.227391 0.430540
vt 0.256069 0.376411
vt 0.268807 0.381727
vt 0.269004 0.377535
vt 0.277449 0.377982
vt 0.286441 0.375684
vt 0.285519 0.373507
vt 0.309765 0.358469
vt 0.315908 0.353113
vt 0.283229 0.370148
vt 0.304381 0.357052
vt 0.295120 0.385217
vt 0.292116 0.382311
vt 0.311550 0.362969
vt 0.276165 0.374072
vt 0.290293 0.379837
vt 0.253531 0.336637
vt 0.249651 0.357327
vt 0.228533 0.275948
vt 0.234771 0.270356
vt 0.235098 0.283134
vt 0.235165 0.301137
vt 0.243390 0.299734
vt 0.248600 0.298319
vt 0.261868 0.319519
vt 0.241221 0.275731
vt 0.251328 0.297020
vt 0.266379 0.319168
vt 0.137541 0.490957
vt 0.128109 0.498575
vt 0.120114 0.505301
vt 0.125577 0.478519
vt 0.119489 0.488870
vt 0.122840 0.476252
vt 0.116020 0.487794
vt 0.127223 0.479802
vt 0.121302 0.490202
vt 0.235672 0.445651
vt 0.235707 0.457258
vt 0.235747 0.470099
vt 0.241779 0.457708
vt 0.235808 0.479709
vt 0.231432 0.477184
vt 0.245668 0.457946
vt 0.240185 0.476510
vt 0.248024 0.459172
vt 0.253652 0.446717
vt 0.247482 0.446312
vt 0.258532 0.448233
vt 0.298311 0.441616
vt 0.299958 0.439450
vt 0.322967 0.457888
vt 0.321281 0.459903
vt 0.295107 0.444832
vt 0.291298 0.449500
vt 0.309528 0.470720
vt 0.336868 0.486351
vt 0.334875 0.488770
vt 0.346191 0.492954
vt 0.345195 0.495767
vt 0.308843 0.471744
vt 0.334132 0.490262
vt 0.289986 0.450745
vt 0.325186 0.454701
vt 0.302027 0.436031
vt 0.343658 0.497840
vt 0.355636 0.486996
vt 0.358177 0.501132
vt 0.352334 0.488518
vt 0.356747 0.505709
vt 0.353169 0.499915
vt 0.350379 0.489415
vt 0.346009 0.477739
vt 0.348737 0.475458
vt 0.344375 0.479033
vt 0.347085 0.491215
vt 0.313351 0.466111
vt 0.338937 0.483862
vt 0.113568 0.501973
vt 0.351652 0.504492
vt 0.650263 0.782341
vt 0.650231 0.777175
vt 0.692878 0.783080
vt 0.695284 0.778509
vt 0.630422 0.897734
vt 0.630420 0.905929
vt 0.610789 0.911385
vt 0.613214 0.916575
vt 0.541702 0.924865
vt 0.505256 0.940561
vt 0.536800 0.922338
vt 0.496001 0.940954
vt 0.575932 0.965940
vt 0.584989 0.959292
vt 0.612958 0.965958
vt 0.614903 0.958887
vt 0.631356 0.857048
vt 0.631354 0.848251
vt 0.648781 0.844092
vt 0.646844 0.836865
vt 0.685763 0.844090
vt 0.647475 0.851329
vt 0.689986 0.851947
vt 0.611510 0.904138
vt 0.568834 0.904846
vt 0.611550 0.899126
vt 0.566451 0.900434
vt 0.630422 0.885832
vt 0.676726 0.837276
vt 0.550341 0.927436
vt 0.524697 0.940167
vt 0.696735 0.807705
vt 0.711348 0.805640
vt 0.714772 0.817528
vt 0.736942 0.818392
vt 0.573714 0.912533
vt 0.571704 0.973806
vt 0.569682 0.977681
vt 0.543019 0.954724
vt 0.538281 0.956909
vt 0.647199 0.855582
vt 0.631358 0.868914
vt 0.631359 0.872766
vt 0.630424 0.881105
vt 0.631355 0.759185
vt 0.631354 0.764055
vt 0.650975 0.789579
vt 0.631354 0.775942
vt 0.756357 0.818807
vt 0.719982 0.803087
vt 0.565829 0.948503
vt 0.551408 0.951840
vt 0.546917 0.939515
vt 0.718625 0.832903
vt 0.710256 0.830016
vt 0.724891 0.800400
vt 0.767347 0.819377
vt 0.692024 0.855671
vt 0.688003 0.790750
vt 0.678472 0.796396
vt 0.723393 0.834936
vt 0.614271 0.973200
vt 0.695869 0.826495
vt 0.614576 0.977596
vt 0.648570 0.794593
vt 0.631354 0.783956
vt 0.564994 0.929698
vt 0.583279 0.918369
vt 0.630425 0.990792
vt 0.630426 0.994797
vt 0.630422 0.978900
vt 0.630420 0.970249
vt 0.612442 0.782338
vt 0.569828 0.783083
vt 0.612474 0.777171
vt 0.567421 0.778512
vt 0.647624 0.916581
vt 0.650049 0.911390
vt 0.719137 0.924863
vt 0.724039 0.922336
vt 0.755583 0.940561
vt 0.764999 0.940954
vt 0.645933 0.958881
vt 0.675850 0.959287
vt 0.647881 0.965949
vt 0.684907 0.965937
vt 0.613927 0.844099
vt 0.615862 0.836871
vt 0.572721 0.851953
vt 0.576944 0.844094
vt 0.615232 0.851334
vt 0.649329 0.904145
vt 0.649290 0.899131
vt 0.692004 0.904844
vt 0.694387 0.900431
vt 0.585980 0.837282
vt 0.736142 0.940165
vt 0.710500 0.927432
vt 0.565972 0.807708
vt 0.547935 0.817531
vt 0.551358 0.805644
vt 0.525765 0.818397
vt 0.687126 0.912530
vt 0.722558 0.956906
vt 0.691157 0.977678
vt 0.717821 0.954720
vt 0.689135 0.973801
vt 0.615509 0.855589
vt 0.611731 0.789576
vt 0.542722 0.803089
vt 0.506349 0.818812
vt 0.709432 0.951836
vt 0.713923 0.939513
vt 0.695010 0.948499
vt 0.552451 0.830023
vt 0.544081 0.832909
vt 0.537817 0.800403
vt 0.496684 0.819776
vt 0.570684 0.855676
vt 0.574702 0.790753
vt 0.584231 0.796399
vt 0.539314 0.834942
vt 0.646567 0.973190
vt 0.566836 0.826500
vt 0.646265 0.977588
vt 0.614137 0.794592
vt 0.695848 0.929697
vt 0.677560 0.918369
vt 0.496026 0.238900
vt 0.504280 0.251912
vt 0.475500 0.331284
vt 0.485822 0.348632
vt 0.601249 0.464583
vt 0.607709 0.532704
vt 0.519943 0.480394
vt 0.517666 0.541587
vt 0.401431 0.307249
vt 0.424582 0.211935
vt 0.446716 0.409738
vt 0.375610 0.384256
vt 0.503934 0.701550
vt 0.491406 0.695196
vt 0.504857 0.624020
vt 0.493070 0.620918
vt 0.489655 0.885070
vt 0.480356 0.887538
vt 0.487646 0.800485
vt 0.478713 0.799839
vt 0.484069 0.702416
vt 0.475668 0.701733
vt 0.482541 0.581042
vt 0.473001 0.588198
vt 0.463867 0.802263
vt 0.461631 0.705790
vt 0.369834 0.527232
vt 0.292530 0.521415
vt 0.375213 0.517441
vt 0.296506 0.511875
vt 0.581679 0.020869
vt 0.603004 0.087708
vt 0.460964 0.087708
vt 0.511332 0.135055
vt 0.464468 0.887748
vt 0.366728 0.788820
vt 0.365839 0.539838
vt 0.462796 0.972036
vt 0.366851 0.974942
vt 0.368006 0.993938
vt 0.295127 0.993945
vt 0.295124 0.974882
vt 0.524198 0.635352
vt 0.613667 0.636842
vt 0.524725 0.719166
vt 0.613028 0.727482
vt 0.688183 0.636493
vt 0.688179 0.729418
vt 0.295146 0.537453
vt 0.455983 0.991847
vt 0.481164 0.980811
vt 0.457895 0.596943
vt 0.496739 0.434847
vt 0.505606 0.460706
vt 0.487982 0.526245
vt 0.500192 0.533836
vt 0.517267 0.455879
vt 0.453158 0.419245
vt 0.492448 0.609750
vt 0.502997 0.611610
vt 0.524092 0.618435
vt 0.612201 0.598604
vt 0.688178 0.598739
vt 0.613789 0.619562
vt 0.688184 0.620914
vt 0.518587 0.598843
vt 0.523232 0.149482
vt 0.605272 0.098262
vt 0.566052 0.348736
vt 0.588724 0.231238
vt 0.596462 0.441016
vt 0.587195 0.422183
vt 0.672167 0.006610
vt 0.672167 0.082739
vt 0.688121 0.372079
vt 0.688121 0.353974
vt 0.672167 0.279857
vt 0.672167 0.195417
vt 0.688142 0.484618
vt 0.768533 0.532704
vt 0.764042 0.598604
vt 0.688121 0.392812
vt 0.672167 0.097920
vt 0.295136 0.786755
vt 0.418348 0.488200
vt 0.349729 0.464314
vt 0.490605 0.970832
vt 0.427236 0.487987
vt 0.897612 0.409738
vt 0.925978 0.488202
vt 0.891171 0.419245
vt 0.917090 0.487987
vt 0.858509 0.348631
vt 0.838925 0.254126
vt 0.868832 0.331283
vt 0.848307 0.238900
vt 0.856938 0.538211
vt 0.862130 0.476794
vt 0.774992 0.464583
vt 0.919749 0.211934
vt 0.942903 0.307248
vt 0.968720 0.384258
vt 0.872310 0.701549
vt 0.868909 0.623350
vt 0.884838 0.695194
vt 0.879209 0.619783
vt 0.111655 0.799838
vt 0.110011 0.887536
vt 0.102724 0.800482
vt 0.100713 0.885067
vt 0.121600 0.585018
vt 0.114700 0.701731
vt 0.111264 0.579452
vt 0.106300 0.702414
vt 0.126500 0.802262
vt 0.128738 0.705787
vt 0.220538 0.527231
vt 0.216208 0.515850
vt 0.833694 0.139085
vt 0.744037 0.086701
vt 0.882047 0.083679
vt 0.762655 0.020867
vt 0.125899 0.887746
vt 0.223641 0.788819
vt 0.224533 0.539837
vt 0.223516 0.974941
vt 0.127570 0.972034
vt 0.222360 0.993938
vt 0.763217 0.727482
vt 0.762563 0.635144
vt 0.851519 0.719164
vt 0.850087 0.636038
vt 0.109202 0.980809
vt 0.134382 0.991845
vt 0.133525 0.595352
vt 0.889006 0.441856
vt 0.890798 0.530547
vt 0.878256 0.462461
vt 0.877359 0.535922
vt 0.863026 0.457085
vt 0.871541 0.609750
vt 0.882956 0.605899
vt 0.849826 0.620918
vt 0.762453 0.619561
vt 0.857656 0.598842
vt 0.739061 0.098260
vt 0.821099 0.149480
vt 0.778282 0.348735
vt 0.755609 0.231237
vt 0.779782 0.441016
vt 0.789048 0.422183
vt 0.994597 0.464316
vt 0.099762 0.970830
vt 0.817996 0.035661
vt 0.817974 0.032189
vt 0.831473 0.021853
vt 0.828376 0.021849
vt 0.817951 0.021866
vt 0.807573 0.021868
vt 0.804340 0.021866
vt 0.818010 0.038239
vt 0.834175 0.021848
vt 0.801655 0.021870
vt 0.801074 0.021876
vt 0.817996 0.038825
vt 0.834771 0.021851
vt 0.817980 0.008060
vt 0.817962 0.011525
vt 0.817996 0.005490
vt 0.817980 0.004902
vt 0.929461 0.168658
vt 0.915990 0.154838
vt 0.929482 0.165188
vt 0.919091 0.154838
vt 0.929516 0.154863
vt 0.939894 0.154874
vt 0.943126 0.154872
vt 0.913289 0.154835
vt 0.929443 0.171234
vt 0.945810 0.154878
vt 0.946390 0.154884
vt 0.929461 0.171822
vt 0.912694 0.154838
vt 0.929511 0.144523
vt 0.929497 0.141058
vt 0.929480 0.138486
vt 0.929497 0.137898
vt 0.964664 0.062370
vt 0.964640 0.056363
vt 0.986423 0.040128
vt 0.981022 0.040128
vt 0.964644 0.040091
vt 0.948343 0.040067
vt 0.942712 0.040052
vt 0.964684 0.066187
vt 0.990412 0.040147
vt 0.938750 0.040048
vt 0.937693 0.040048
vt 0.964659 0.067260
vt 0.991497 0.040146
vt 0.964724 0.017817
vt 0.964687 0.023816
vt 0.964763 0.014004
vt 0.964734 0.012933
vt 0.966821 0.283106
vt 0.945064 0.260860
vt 0.966843 0.277099
vt 0.950461 0.260856
vt 0.966843 0.260825
vt 0.983144 0.260801
vt 0.988774 0.260786
vt 0.966794 0.286922
vt 0.941074 0.260879
vt 0.992733 0.260780
vt 0.993791 0.260782
vt 0.966825 0.287994
vt 0.939987 0.260878
vt 0.966798 0.244550
vt 0.966763 0.238552
vt 0.966725 0.234739
vt 0.966751 0.233667
vt 0.926611 0.115282
vt 0.926475 0.107158
vt 0.955504 0.085134
vt 0.948199 0.085214
vt 0.926200 0.085456
vt 0.904334 0.085687
vt 0.896731 0.085772
vt 0.926709 0.120327
vt 0.960824 0.085069
vt 0.891452 0.085834
vt 0.890019 0.085844
vt 0.926684 0.121789
vt 0.962305 0.085053
vt 0.925967 0.055619
vt 0.926011 0.063744
vt 0.925951 0.050567
vt 0.925899 0.049111
vt 0.865130 0.057660
vt 0.865108 0.051658
vt 0.886888 0.035438
vt 0.881492 0.035432
vt 0.865115 0.035379
vt 0.848810 0.035348
vt 0.843185 0.035340
vt 0.865147 0.061478
vt 0.890879 0.035457
vt 0.839222 0.035330
vt 0.838158 0.035330
vt 0.865117 0.062548
vt 0.891970 0.035457
vt 0.865207 0.013114
vt 0.865167 0.019122
vt 0.865245 0.009309
vt 0.865220 0.008241
vt 0.957192 0.224042
vt 0.928302 0.193886
vt 0.957329 0.215913
vt 0.935613 0.193967
vt 0.957607 0.194212
vt 0.979475 0.194450
vt 0.987078 0.194534
vt 0.922982 0.193822
vt 0.957091 0.229082
vt 0.992356 0.194603
vt 0.993792 0.194612
vt 0.957115 0.230544
vt 0.921501 0.193808
vt 0.957803 0.172504
vt 0.957849 0.164377
vt 0.957864 0.159327
vt 0.957920 0.157871
vt 0.968960 0.151030
vt 0.947188 0.128811
vt 0.968979 0.145029
vt 0.952585 0.128807
vt 0.968963 0.128748
vt 0.985266 0.128713
vt 0.990894 0.128699
vt 0.968938 0.154848
vt 0.943200 0.128836
vt 0.994857 0.128691
vt 0.995918 0.128690
vt 0.968970 0.155918
vt 0.942109 0.128838
vt 0.968907 0.112490
vt 0.968863 0.106482
vt 0.968827 0.102677
vt 0.968854 0.101610
vt 0.911267 0.038742
vt 0.911230 0.035275
vt 0.924712 0.024899
vt 0.921606 0.024912
vt 0.911183 0.024948
vt 0.900808 0.024977
vt 0.897576 0.024988
vt 0.911282 0.041325
vt 0.927410 0.024892
vt 0.894894 0.024988
vt 0.894312 0.024994
vt 0.911268 0.041911
vt 0.928006 0.024890
vt 0.911178 0.011142
vt 0.911178 0.014603
vt 0.911198 0.008560
vt 0.911178 0.007977
vt 0.973241 0.326739
vt 0.959793 0.312891
vt 0.973273 0.323274
vt 0.962896 0.312906
vt 0.973323 0.312941
vt 0.983697 0.312969
vt 0.986935 0.312980
vt 0.957091 0.312885
vt 0.973224 0.329321
vt 0.989612 0.312982
vt 0.990192 0.312988
vt 0.973235 0.329905
vt 0.956498 0.312885
vt 0.973328 0.302600
vt 0.973324 0.299138
vt 0.973303 0.296556
vt 0.973326 0.295970
vt 0.387664 0.012583
vt 0.369705 0.012583
vt 0.387664 0.010297
vt 0.369705 0.010297
vt 0.398647 0.010297
vt 0.398647 0.012583
vt 0.351700 0.010297
vt 0.351700 0.012583
vt 0.431763 0.012583
vt 0.431763 0.010297
vt 0.449542 0.012583
vt 0.449542 0.010297
vt 0.420134 0.010297
vt 0.420134 0.012583
vt 0.409368 0.010297
vt 0.409368 0.012583
vt 0.431763 0.019745
vt 0.449542 0.019745
vt 0.431763 0.022005
vt 0.449542 0.022005
vt 0.420134 0.022005
vt 0.420134 0.019745
vt 0.409368 0.019745
vt 0.409368 0.022005
vt 0.398647 0.019745
vt 0.398647 0.022005
vt 0.387664 0.019745
vt 0.387664 0.022005
vt 0.369705 0.019745
vt 0.369705 0.022005
vt 0.290106 0.010297
vt 0.307602 0.010297
vt 0.290106 0.012583
vt 0.307602 0.012583
vt 0.290106 0.022005
vt 0.290106 0.019745
vt 0.307602 0.022005
vt 0.307602 0.019745
vt 0.351700 0.022005
vt 0.351700 0.019745
vt 0.340715 0.010297
vt 0.340715 0.012583
vt 0.319235 0.010297
vt 0.319235 0.012583
vt 0.330000 0.010297
vt 0.330000 0.012583
vt 0.319235 0.022005
vt 0.319235 0.019745
vt 0.330000 0.019745
vt 0.330000 0.022005
vt 0.340715 0.019745
vt 0.340715 0.022005
vt 0.324487 0.068762
vt 0.324686 0.051642
vt 0.342012 0.067339
vt 0.343264 0.051827
vt 0.341648 0.036556
vt 0.324243 0.035049
vt 0.351242 0.042150
vt 0.355040 0.051636
vt 0.379205 0.037672
vt 0.377738 0.053097
vt 0.369740 0.043717
vt 0.366254 0.053271
vt 0.351323 0.061349
vt 0.396368 0.068938
vt 0.378716 0.067367
vt 0.396001 0.052723
vt 0.370025 0.062431
vt 0.396594 0.036123
vt 0.307033 0.067506
vt 0.305655 0.051985
vt 0.307143 0.036701
vt 0.293941 0.051896
vt 0.297595 0.042377
vt 0.426722 0.053286
vt 0.415176 0.053105
vt 0.423178 0.043729
vt 0.413715 0.037679
vt 0.297699 0.061555
vt 0.414191 0.067374
vt 0.422882 0.062445
vt 0.198285 0.011513
vt 0.198285 0.013799
vt 0.180323 0.011513
vt 0.180323 0.013799
vt 0.169339 0.013799
vt 0.169339 0.011513
vt 0.216290 0.011513
vt 0.216290 0.013799
vt 0.136220 0.013799
vt 0.118441 0.013799
vt 0.136220 0.011513
vt 0.118441 0.011513
vt 0.147853 0.011513
vt 0.147853 0.013799
vt 0.158617 0.011513
vt 0.158617 0.013799
vt 0.118441 0.023220
vt 0.118441 0.020962
vt 0.136220 0.023220
vt 0.136220 0.020962
vt 0.147853 0.020962
vt 0.147853 0.023220
vt 0.158617 0.020962
vt 0.158617 0.023220
vt 0.169339 0.020962
vt 0.169339 0.023220
vt 0.180323 0.020962
vt 0.180323 0.023220
vt 0.198285 0.020962
vt 0.198285 0.023220
vt 0.260389 0.013799
vt 0.260389 0.011513
vt 0.277888 0.013799
vt 0.277888 0.011513
vt 0.277888 0.023220
vt 0.260389 0.023220
vt 0.277888 0.020962
vt 0.260389 0.020962
vt 0.216290 0.020962
vt 0.216290 0.023220
vt 0.227274 0.011513
vt 0.227274 0.013799
vt 0.248756 0.013799
vt 0.248756 0.011513
vt 0.237991 0.013799
vt 0.237991 0.011513
vt 0.248756 0.023220
vt 0.248756 0.020962
vt 0.237991 0.023220
vt 0.237991 0.020962
vt 0.227274 0.023220
vt 0.227274 0.020962
vt 0.227975 0.070376
vt 0.210443 0.069013
vt 0.227720 0.053256
vt 0.209139 0.053503
vt 0.210706 0.038227
vt 0.228103 0.036664
vt 0.197364 0.053352
vt 0.201131 0.043854
vt 0.180809 0.053350
vt 0.169325 0.053162
vt 0.177332 0.043790
vt 0.167873 0.037733
vt 0.201111 0.063051
vt 0.168328 0.067429
vt 0.151060 0.052768
vt 0.150677 0.068982
vt 0.177023 0.062507
vt 0.150487 0.036165
vt 0.245427 0.069060
vt 0.246750 0.053535
vt 0.245209 0.038256
vt 0.254775 0.043897
vt 0.258463 0.053403
vt 0.133365 0.037703
vt 0.131885 0.053129
vt 0.123895 0.043743
vt 0.120341 0.053298
vt 0.254739 0.063078
vt 0.132856 0.067398
vt 0.124172 0.062461
vt 0.819811 0.816351
vt 0.813334 0.816103
vt 0.819865 0.808779
vt 0.813190 0.808024
vt 0.807999 0.832316
vt 0.808304 0.824118
vt 0.813249 0.831597
vt 0.813371 0.824085
vt 0.808315 0.815919
vt 0.807623 0.808010
vt 0.837634 0.818462
vt 0.838325 0.811277
vt 0.843346 0.818412
vt 0.844746 0.810674
vt 0.842927 0.826004
vt 0.842504 0.833401
vt 0.836762 0.826382
vt 0.836595 0.833760
vt 0.819586 0.831545
vt 0.819711 0.824255
vt 0.824391 0.833261
vt 0.824370 0.825037
vt 0.824922 0.809142
vt 0.824439 0.816429
vt 0.816836 0.847418
vt 0.813121 0.842281
vt 0.822015 0.844172
vt 0.818991 0.840919
vt 0.818173 0.801628
vt 0.822401 0.802032
vt 0.818025 0.798543
vt 0.823602 0.798327
vt 0.810612 0.800424
vt 0.816237 0.800599
vt 0.839576 0.803912
vt 0.843188 0.802733
vt 0.841963 0.843394
vt 0.836287 0.843548
vt 0.807339 0.842838
vt 0.807799 0.949642
vt 0.807766 0.942120
vt 0.813520 0.949506
vt 0.814404 0.941373
vt 0.813377 0.957585
vt 0.818661 0.957543
vt 0.813870 0.964710
vt 0.819235 0.965768
vt 0.819933 0.941720
vt 0.818805 0.949467
vt 0.831043 0.939364
vt 0.837406 0.940422
vt 0.831890 0.947181
vt 0.837584 0.947638
vt 0.831769 0.954784
vt 0.837891 0.955599
vt 0.831665 0.962192
vt 0.837533 0.962971
vt 0.807685 0.957497
vt 0.807395 0.964891
vt 0.802874 0.966421
vt 0.803022 0.958171
vt 0.802734 0.942432
vt 0.803187 0.949651
vt 0.817585 0.976783
vt 0.811962 0.980165
vt 0.813463 0.973882
vt 0.808163 0.975704
vt 0.810948 0.934943
vt 0.805332 0.935405
vt 0.810558 0.930728
vt 0.816171 0.930355
vt 0.811942 0.933827
vt 0.817531 0.934000
vt 0.833162 0.931554
vt 0.836681 0.932986
vt 0.837145 0.972755
vt 0.831495 0.972198
vt 0.803232 0.976792
vt 0.017394 0.700579
vt 0.044653 0.700579
vt 0.017394 0.723738
vt 0.044653 0.723738
vt 0.017394 0.753756
vt 0.017394 0.770460
vt 0.008569 0.753756
vt 0.008569 0.770460
vt 0.017394 0.824081
vt 0.044653 0.824081
vt 0.044653 0.770460
vt 0.044653 0.900986
vt 0.017394 0.900986
vt 0.044653 0.753756
vt 0.052149 0.700579
vt 0.052149 0.723738
vt 0.017394 0.642573
vt 0.008569 0.642573
vt 0.017394 0.632325
vt 0.008569 0.632325
vt 0.044653 0.656517
vt 0.052149 0.656517
vt 0.044653 0.666516
vt 0.052149 0.666516
vt 0.008569 0.700579
vt 0.008569 0.723738
vt 0.044653 0.632325
vt 0.044653 0.642573
vt 0.017394 0.656517
vt 0.017394 0.666516
vt 0.044653 0.460876
vt 0.052149 0.460876
vt 0.044653 0.539303
vt 0.052149 0.539303
vt 0.008569 0.460876
vt 0.008569 0.381261
vt 0.017394 0.460876
vt 0.017394 0.381261
vt 0.044653 0.381261
vt 0.950143 0.915214
vt 0.957744 0.915214
vt 0.950143 0.994006
vt 0.957744 0.994006
vt 0.957744 0.871792
vt 0.950143 0.871792
vt 0.986184 0.915214
vt 0.986184 0.871792
vt 0.052149 0.770460
vt 0.052149 0.824081
vt 0.986184 0.554403
vt 0.993682 0.554403
vt 0.986184 0.588516
vt 0.993682 0.588516
vt 0.957744 0.588516
vt 0.957744 0.554403
vt 0.017394 0.938429
vt 0.044653 0.938429
vt 0.017394 0.993898
vt 0.044653 0.993898
vt 0.986184 0.820278
vt 0.957744 0.820278
vt 0.986184 0.799590
vt 0.957744 0.799590
vt 0.993682 0.752613
vt 0.986184 0.752613
vt 0.993682 0.709342
vt 0.986184 0.709342
vt 0.993682 0.799590
vt 0.993682 0.820278
vt 0.993682 0.915214
vt 0.993682 0.871792
vt 0.957744 0.628315
vt 0.950143 0.628315
vt 0.950143 0.588516
vt 0.008569 0.938429
vt 0.008569 0.900986
vt 0.052149 0.938429
vt 0.052149 0.900986
vt 0.950143 0.554403
vt 0.950143 0.530905
vt 0.957744 0.530905
vt 0.986184 0.530905
vt 0.017394 0.743192
vt 0.008569 0.743192
vt 0.008569 0.656517
vt 0.017394 0.613478
vt 0.008569 0.613478
vt 0.957744 0.839564
vt 0.986184 0.839564
vt 0.950143 0.820278
vt 0.950143 0.839564
vt 0.993682 0.839564
vt 0.008569 0.579362
vt 0.008569 0.539303
vt 0.017394 0.579362
vt 0.017394 0.539303
vt 0.044653 0.579362
vt 0.950143 0.698738
vt 0.950143 0.685733
vt 0.957744 0.698738
vt 0.957744 0.685733
vt 0.986184 0.698738
vt 0.986184 0.685733
vt 0.993682 0.698738
vt 0.993682 0.685733
vt 0.993682 0.628315
vt 0.993682 0.659165
vt 0.986184 0.628315
vt 0.986184 0.659165
vt 0.957744 0.659165
vt 0.008569 0.824081
vt 0.052149 0.753756
vt 0.008569 0.666516
vt 0.052149 0.632325
vt 0.052149 0.642573
vt 0.044653 0.613478
vt 0.052149 0.579362
vt 0.052149 0.613478
vt 0.052149 0.381261
vt 0.993682 0.994006
vt 0.986184 0.994006
vt 0.008569 0.993898
vt 0.052149 0.993898
vt 0.957744 0.709342
vt 0.957744 0.752613
vt 0.950143 0.709342
vt 0.950143 0.752613
vt 0.950143 0.799590
vt 0.993682 0.530905
vt 0.044653 0.743192
vt 0.052149 0.743192
vt 0.950143 0.659165
vt 0.957744 0.523519
vt 0.950143 0.523519
vt 0.986184 0.523519
vt 0.993682 0.523519
vt 0.957744 0.516560
vt 0.950143 0.516560
vt 0.986184 0.516560
vt 0.993682 0.516560
vt 0.094423 0.325028
vt 0.094423 0.348188
vt 0.067163 0.325028
vt 0.067163 0.348188
vt 0.103248 0.394909
vt 0.094423 0.394909
vt 0.103248 0.378205
vt 0.094423 0.378205
vt 0.067163 0.394909
vt 0.067163 0.448530
vt 0.094423 0.448530
vt 0.094423 0.525435
vt 0.067163 0.525435
vt 0.067163 0.378205
vt 0.059668 0.325028
vt 0.059668 0.348188
vt 0.094423 0.267022
vt 0.094423 0.256775
vt 0.103248 0.267022
vt 0.103248 0.256775
vt 0.067163 0.280967
vt 0.067163 0.290966
vt 0.059668 0.280967
vt 0.059668 0.290966
vt 0.103248 0.325028
vt 0.103248 0.348188
vt 0.067163 0.256775
vt 0.067163 0.267022
vt 0.094423 0.280967
vt 0.094423 0.290966
vt 0.067163 0.085325
vt 0.067163 0.163754
vt 0.059668 0.085325
vt 0.059668 0.163754
vt 0.094423 0.005710
vt 0.103248 0.005710
vt 0.094423 0.085325
vt 0.103248 0.085325
vt 0.067163 0.005710
vt 0.935152 0.993746
vt 0.935152 0.914954
vt 0.942752 0.993746
vt 0.942752 0.914954
vt 0.935152 0.871531
vt 0.942752 0.871531
vt 0.906711 0.871531
vt 0.906711 0.914954
vt 0.059668 0.448530
vt 0.059668 0.394909
vt 0.906711 0.554142
vt 0.906711 0.588256
vt 0.899214 0.554142
vt 0.899214 0.588256
vt 0.935152 0.588256
vt 0.935152 0.554142
vt 0.067163 0.618348
vt 0.067163 0.562876
vt 0.094423 0.618348
vt 0.094423 0.562876
vt 0.906711 0.820017
vt 0.906711 0.799329
vt 0.935152 0.820017
vt 0.935152 0.799329
vt 0.906711 0.709081
vt 0.906711 0.752352
vt 0.899214 0.709081
vt 0.899214 0.752352
vt 0.899214 0.799329
vt 0.899214 0.820017
vt 0.899214 0.914954
vt 0.899214 0.871531
vt 0.942752 0.588256
vt 0.942752 0.628054
vt 0.935152 0.628054
vt 0.103248 0.525435
vt 0.103248 0.562876
vt 0.059668 0.525435
vt 0.059668 0.562876
vt 0.935152 0.530644
vt 0.942752 0.530644
vt 0.942752 0.554142
vt 0.906711 0.530644
vt 0.103248 0.367643
vt 0.094423 0.367643
vt 0.103248 0.280967
vt 0.094423 0.237928
vt 0.103248 0.237928
vt 0.906711 0.839302
vt 0.935152 0.839302
vt 0.942752 0.839302
vt 0.942752 0.820017
vt 0.899214 0.839302
vt 0.094423 0.163754
vt 0.103248 0.163754
vt 0.094423 0.203811
vt 0.103248 0.203811
vt 0.067163 0.203811
vt 0.935152 0.685473
vt 0.942752 0.685473
vt 0.935152 0.698477
vt 0.942752 0.698477
vt 0.906711 0.685473
vt 0.906711 0.698477
vt 0.899214 0.685473
vt 0.899214 0.698477
vt 0.906711 0.658905
vt 0.899214 0.658905
vt 0.906711 0.628054
vt 0.899214 0.628054
vt 0.935152 0.658905
vt 0.103248 0.448530
vt 0.059668 0.378205
vt 0.103248 0.290966
vt 0.059668 0.267022
vt 0.059668 0.256775
vt 0.067163 0.237928
vt 0.059668 0.203811
vt 0.059668 0.237928
vt 0.059668 0.005710
vt 0.899214 0.993746
vt 0.906711 0.993746
vt 0.103248 0.618348
vt 0.059668 0.618348
vt 0.942752 0.752352
vt 0.935152 0.752352
vt 0.942752 0.709081
vt 0.935152 0.709081
vt 0.942752 0.799329
vt 0.899214 0.530644
vt 0.067163 0.367643
vt 0.059668 0.367643
vt 0.942752 0.658905
vt 0.935152 0.523258
vt 0.942752 0.523258
vt 0.906711 0.523258
vt 0.899214 0.523258
vt 0.935152 0.516299
vt 0.942752 0.516299
vt 0.906711 0.516299
vt 0.899214 0.516299
vt 0.047020 0.287984
vt 0.047020 0.271092
vt 0.048741 0.287984
vt 0.048741 0.271092
vt 0.032362 0.258147
vt 0.032362 0.250286
vt 0.034177 0.258147
vt 0.034177 0.250286
vt 0.032362 0.245296
vt 0.034177 0.245296
vt 0.034177 0.308926
vt 0.034177 0.313608
vt 0.032362 0.308926
vt 0.032362 0.313608
vt 0.010436 0.272573
vt 0.023092 0.272573
vt 0.010436 0.289235
vt 0.023092 0.289235
vt 0.023092 0.259864
vt 0.010436 0.259864
vt 0.032362 0.271092
vt 0.034177 0.271092
vt 0.032362 0.287984
vt 0.034177 0.287984
vt 0.048741 0.308926
vt 0.047020 0.308926
vt 0.048741 0.303991
vt 0.047020 0.303991
vt 0.010436 0.252501
vt 0.023092 0.252501
vt 0.034177 0.319179
vt 0.047020 0.319179
vt 0.034177 0.339877
vt 0.047020 0.339877
vt 0.034177 0.303991
vt 0.032362 0.298687
vt 0.034177 0.298687
vt 0.032362 0.303991
vt 0.048741 0.293805
vt 0.047020 0.293805
vt 0.048741 0.258147
vt 0.047020 0.258147
vt 0.048741 0.250286
vt 0.047020 0.250286
vt 0.047020 0.298687
vt 0.034177 0.354827
vt 0.047020 0.354827
vt 0.034177 0.362099
vt 0.047020 0.362099
vt 0.032362 0.319179
vt 0.032362 0.339877
vt 0.010436 0.353811
vt 0.010436 0.339047
vt 0.023092 0.353811
vt 0.023092 0.339047
vt 0.048741 0.245296
vt 0.047020 0.245296
vt 0.023092 0.360361
vt 0.010436 0.360361
vt 0.010436 0.248089
vt 0.023092 0.248089
vt 0.048741 0.354827
vt 0.048741 0.362099
vt 0.034177 0.237024
vt 0.047020 0.237024
vt 0.047020 0.313608
vt 0.048741 0.313608
vt 0.047020 0.369455
vt 0.034177 0.369455
vt 0.048741 0.237024
vt 0.048741 0.339877
vt 0.048741 0.319179
vt 0.023092 0.304300
vt 0.023092 0.309075
vt 0.010436 0.304300
vt 0.010436 0.309075
vt 0.023092 0.367332
vt 0.010436 0.367332
vt 0.032362 0.354827
vt 0.032362 0.362099
vt 0.032362 0.369455
vt 0.023092 0.294782
vt 0.023092 0.299245
vt 0.010436 0.294782
vt 0.010436 0.299245
vt 0.032362 0.237024
vt 0.048741 0.298687
vt 0.034177 0.293805
vt 0.032362 0.293805
vt 0.010436 0.318635
vt 0.023092 0.318635
vt 0.010436 0.240178
vt 0.023092 0.240178
vt 0.048741 0.369455
vt 0.023092 0.313421
vt 0.010436 0.313421
vt 0.034487 0.109488
vt 0.036208 0.109488
vt 0.034487 0.126380
vt 0.036208 0.126380
vt 0.049051 0.088680
vt 0.050865 0.088680
vt 0.049051 0.096542
vt 0.050865 0.096542
vt 0.050865 0.083689
vt 0.049051 0.083689
vt 0.049051 0.147324
vt 0.050865 0.147324
vt 0.049051 0.152005
vt 0.050865 0.152005
vt 0.013514 0.129514
vt 0.013514 0.112853
vt 0.026171 0.129514
vt 0.026171 0.112853
vt 0.026171 0.100143
vt 0.013514 0.100143
vt 0.050865 0.109488
vt 0.050865 0.126380
vt 0.049051 0.109488
vt 0.049051 0.126380
vt 0.036208 0.142388
vt 0.036208 0.147324
vt 0.034487 0.142388
vt 0.034487 0.147324
vt 0.013514 0.092781
vt 0.026171 0.092781
vt 0.049051 0.157575
vt 0.049051 0.178274
vt 0.036208 0.157575
vt 0.036208 0.178274
vt 0.049051 0.142388
vt 0.049051 0.137082
vt 0.050865 0.142388
vt 0.050865 0.137082
vt 0.034487 0.132199
vt 0.036208 0.132199
vt 0.034487 0.096542
vt 0.034487 0.088680
vt 0.036208 0.096542
vt 0.036208 0.088680
vt 0.036208 0.137082
vt 0.049051 0.193225
vt 0.049051 0.200498
vt 0.036208 0.193225
vt 0.036208 0.200498
vt 0.050865 0.157575
vt 0.050865 0.178274
vt 0.013514 0.179326
vt 0.026171 0.179326
vt 0.013514 0.194088
vt 0.026171 0.194088
vt 0.034487 0.083689
vt 0.036208 0.083689
vt 0.026171 0.200639
vt 0.013514 0.200639
vt 0.026171 0.088370
vt 0.013514 0.088370
vt 0.034487 0.200498
vt 0.034487 0.193225
vt 0.049051 0.075419
vt 0.036208 0.075419
vt 0.034487 0.152005
vt 0.036208 0.152005
vt 0.036208 0.207855
vt 0.049051 0.207855
vt 0.034487 0.075419
vt 0.034487 0.178274
vt 0.034487 0.157575
vt 0.013514 0.144580
vt 0.026171 0.144580
vt 0.013514 0.149353
vt 0.026171 0.149353
vt 0.026171 0.207609
vt 0.013514 0.207609
vt 0.050865 0.193225
vt 0.050865 0.200498
vt 0.050865 0.207855
vt 0.013514 0.135062
vt 0.026171 0.135062
vt 0.013514 0.139525
vt 0.026171 0.139525
vt 0.050865 0.075419
vt 0.034487 0.137082
vt 0.050865 0.132199
vt 0.049051 0.132199
vt 0.026171 0.158914
vt 0.013514 0.158914
vt 0.026171 0.080458
vt 0.013514 0.080458
vt 0.034487 0.207855
vt 0.013514 0.153699
vt 0.026171 0.153699
vt 0.732508 0.769309
vt 0.726716 0.766499
vt 0.732672 0.766660
vt 0.729521 0.763982
vt 0.732219 0.773453
vt 0.723516 0.769334
vt 0.722098 0.770394
vt 0.732131 0.774819
vt 0.721588 0.770778
vt 0.732091 0.775639
vt 0.718667 0.760059
vt 0.717688 0.759929
vt 0.723333 0.750119
vt 0.722555 0.749261
vt 0.721700 0.748319
vt 0.716953 0.759893
vt 0.733559 0.743687
vt 0.733483 0.742817
vt 0.721334 0.747398
vt 0.744017 0.751215
vt 0.733444 0.744429
vt 0.744552 0.750500
vt 0.747778 0.761720
vt 0.748839 0.761780
vt 0.733418 0.745745
vt 0.743288 0.751732
vt 0.747149 0.761760
vt 0.745659 0.749653
vt 0.715807 0.759837
vt 0.720908 0.771238
vt 0.719804 0.772004
vt 0.731894 0.776285
vt 0.731426 0.777492
vt 0.733337 0.748350
vt 0.742098 0.752573
vt 0.720117 0.760338
vt 0.724222 0.751648
vt 0.727154 0.754780
vt 0.733213 0.752578
vt 0.739038 0.755431
vt 0.724359 0.760539
vt 0.727114 0.760662
vt 0.742546 0.772772
vt 0.742037 0.771822
vt 0.741246 0.770222
vt 0.745409 0.761623
vt 0.733480 0.742071
vt 0.720423 0.746816
vt 0.738548 0.767167
vt 0.741373 0.761437
vt 0.738746 0.761287
vt 0.736093 0.764391
vt 0.746502 0.749033
vt 0.736319 0.757926
vt 0.732944 0.760959
vt 0.731129 0.778544
vt 0.719029 0.772786
vt 0.742966 0.773625
vt 0.749991 0.761672
vt 0.743430 0.774202
vt 0.750790 0.761694
vt 0.743863 0.774807
vt 0.733133 0.755272
vt 0.729754 0.757561
vt 0.730814 0.779714
vt 0.717567 0.773190
vt 0.744877 0.776088
vt 0.747434 0.748389
vt 0.733526 0.741129
vt 0.751856 0.761806
vt 0.714769 0.759632
vt 0.713379 0.759419
vt 0.719632 0.745796
vt 0.528365 0.766873
vt 0.528461 0.764124
vt 0.534625 0.764562
vt 0.531990 0.761681
vt 0.528252 0.771177
vt 0.537644 0.767810
vt 0.528163 0.773345
vt 0.538636 0.768976
vt 0.539387 0.769840
vt 0.528206 0.774124
vt 0.544564 0.759106
vt 0.543749 0.759105
vt 0.539988 0.748303
vt 0.540707 0.747807
vt 0.541096 0.747335
vt 0.545665 0.759159
vt 0.529995 0.741991
vt 0.530057 0.740719
vt 0.541825 0.746636
vt 0.518417 0.745830
vt 0.518007 0.745396
vt 0.529872 0.742986
vt 0.511758 0.757236
vt 0.513000 0.757297
vt 0.529767 0.743764
vt 0.518916 0.746576
vt 0.513562 0.757381
vt 0.517660 0.744950
vt 0.546604 0.759164
vt 0.539899 0.770480
vt 0.540590 0.771126
vt 0.528160 0.775061
vt 0.528101 0.776282
vt 0.520172 0.748661
vt 0.529643 0.745197
vt 0.541995 0.758824
vt 0.538722 0.749504
vt 0.529337 0.749574
vt 0.535371 0.752449
vt 0.523034 0.751916
vt 0.537676 0.758663
vt 0.534818 0.758507
vt 0.517949 0.768719
vt 0.518529 0.767755
vt 0.515827 0.757660
vt 0.519254 0.766954
vt 0.530171 0.739948
vt 0.542844 0.745829
vt 0.520013 0.757869
vt 0.522345 0.764069
vt 0.522738 0.757984
vt 0.525162 0.761449
vt 0.517329 0.744519
vt 0.525587 0.754768
vt 0.528764 0.758226
vt 0.528238 0.776820
vt 0.541204 0.771845
vt 0.517345 0.769197
vt 0.516683 0.770089
vt 0.510601 0.757179
vt 0.515922 0.770763
vt 0.510151 0.757157
vt 0.529146 0.752354
vt 0.532404 0.755052
vt 0.527992 0.777666
vt 0.541808 0.772814
vt 0.514819 0.771672
vt 0.530332 0.738704
vt 0.516807 0.743588
vt 0.509437 0.757264
vt 0.548205 0.759037
vt 0.547343 0.759076
vt 0.543616 0.745090
vt 0.824005 0.863818
vt 0.813530 0.866925
vt 0.814317 0.857743
vt 0.807980 0.861760
vt 0.800770 0.871785
vt 0.797898 0.866275
vt 0.791374 0.877179
vt 0.783996 0.882597
vt 0.787853 0.872037
vt 0.779654 0.878328
vt 0.857630 0.927545
vt 0.860972 0.933467
vt 0.852860 0.930746
vt 0.855627 0.935919
vt 0.853284 0.922422
vt 0.849013 0.926398
vt 0.847474 0.918398
vt 0.844354 0.922822
vt 0.831110 0.911617
vt 0.839628 0.914601
vt 0.830482 0.917645
vt 0.837945 0.919834
vt 0.807642 0.886727
vt 0.816195 0.884230
vt 0.809893 0.891312
vt 0.817296 0.888608
vt 0.815151 0.877781
vt 0.805901 0.880514
vt 0.814039 0.873517
vt 0.803225 0.877465
vt 0.795501 0.893548
vt 0.791674 0.888985
vt 0.800935 0.889837
vt 0.797910 0.884447
vt 0.794861 0.881664
vt 0.788280 0.886550
vt 0.803623 0.894652
vt 0.798968 0.898499
vt 0.791052 0.907714
vt 0.786596 0.903926
vt 0.794757 0.902828
vt 0.790453 0.898325
vt 0.780876 0.915295
vt 0.775253 0.912595
vt 0.783446 0.909499
vt 0.778172 0.906359
vt 0.786257 0.894367
vt 0.781784 0.900361
vt 0.782533 0.892200
vt 0.777668 0.898495
vt 0.771452 0.911808
vt 0.774238 0.904886
vt 0.772576 0.920391
vt 0.769232 0.919334
vt 0.778077 0.923123
vt 0.761084 0.923604
vt 0.762622 0.918849
vt 0.767888 0.923240
vt 0.765621 0.910546
vt 0.771170 0.924848
vt 0.768536 0.903122
vt 0.777668 0.888940
vt 0.772361 0.896042
vt 0.763168 0.901488
vt 0.759987 0.909713
vt 0.772872 0.885604
vt 0.767308 0.893662
vt 0.785617 0.918210
vt 0.788159 0.912763
vt 0.863762 0.945989
vt 0.865181 0.953383
vt 0.859413 0.946736
vt 0.861410 0.954996
vt 0.782341 0.930383
vt 0.777239 0.927952
vt 0.783141 0.925988
vt 0.781271 0.932407
vt 0.776691 0.931232
vt 0.867594 0.957121
vt 0.862874 0.959294
vt 0.864567 0.961010
vt 0.867990 0.959421
vt 0.769307 0.927811
vt 0.756298 0.931242
vt 0.755897 0.927411
vt 0.761198 0.930697
vt 0.760847 0.927052
vt 0.767107 0.925790
vt 0.862607 0.939405
vt 0.857764 0.941069
vt 0.757127 0.918313
vt 0.755592 0.923963
vt 0.824233 0.909670
vt 0.824433 0.916942
vt 0.823953 0.883491
vt 0.823800 0.887902
vt 0.823916 0.876815
vt 0.823819 0.871782
vt 0.833978 0.858177
vt 0.834304 0.867085
vt 0.839977 0.862034
vt 0.846992 0.872183
vt 0.849960 0.866725
vt 0.856302 0.877734
vt 0.859905 0.872651
vt 0.863601 0.883266
vt 0.868007 0.879064
vt 0.791515 0.928020
vt 0.796327 0.931156
vt 0.788256 0.933990
vt 0.793634 0.936370
vt 0.804724 0.923114
vt 0.800115 0.926753
vt 0.801546 0.918733
vt 0.795790 0.922837
vt 0.817824 0.911742
vt 0.818527 0.917761
vt 0.809342 0.914833
vt 0.811093 0.920042
vt 0.839875 0.887021
vt 0.837547 0.891568
vt 0.831363 0.884368
vt 0.830185 0.888719
vt 0.832519 0.877941
vt 0.833696 0.873685
vt 0.841721 0.880836
vt 0.844443 0.877825
vt 0.849653 0.884904
vt 0.855823 0.889546
vt 0.846544 0.890249
vt 0.851931 0.894053
vt 0.852745 0.882169
vt 0.859257 0.887159
vt 0.848392 0.898952
vt 0.843776 0.895024
vt 0.856921 0.898912
vt 0.860709 0.904572
vt 0.852555 0.903354
vt 0.856205 0.908298
vt 0.869110 0.907120
vt 0.871952 0.913395
vt 0.863792 0.910190
vt 0.866291 0.916021
vt 0.861173 0.895011
vt 0.864928 0.892896
vt 0.865569 0.901071
vt 0.869712 0.899261
vt 0.875759 0.912659
vt 0.873060 0.905700
vt 0.874527 0.921228
vt 0.877886 0.920217
vt 0.868991 0.923888
vt 0.885977 0.924600
vt 0.879178 0.924141
vt 0.884500 0.919822
vt 0.881610 0.911477
vt 0.875877 0.925704
vt 0.878788 0.904014
vt 0.869839 0.889705
vt 0.875054 0.896880
vt 0.884175 0.902449
vt 0.887254 0.910718
vt 0.874682 0.886435
vt 0.880140 0.894568
vt 0.859039 0.913391
vt 0.861514 0.918877
vt 0.785635 0.946548
vt 0.789995 0.947237
vt 0.784318 0.953959
vt 0.788106 0.955523
vt 0.869768 0.928729
vt 0.863893 0.926688
vt 0.864638 0.931091
vt 0.870274 0.932016
vt 0.865682 0.933133
vt 0.786699 0.959841
vt 0.781952 0.957728
vt 0.785029 0.961579
vt 0.781586 0.960034
vt 0.877699 0.928689
vt 0.886167 0.928052
vt 0.891110 0.928481
vt 0.885764 0.931693
vt 0.890658 0.932306
vt 0.879925 0.926701
vt 0.786703 0.939950
vt 0.791567 0.941547
vt 0.890003 0.919358
vt 0.891465 0.925034
vt 0.823622 0.737268
vt 0.832491 0.730550
vt 0.832421 0.740592
vt 0.838410 0.734752
vt 0.844391 0.745065
vt 0.847280 0.738771
vt 0.853085 0.749179
vt 0.856412 0.743053
vt 0.859901 0.752869
vt 0.864053 0.747447
vt 0.793424 0.796336
vt 0.798223 0.799508
vt 0.790144 0.802284
vt 0.795517 0.804696
vt 0.806662 0.791609
vt 0.802028 0.795160
vt 0.803554 0.787168
vt 0.797740 0.791188
vt 0.819937 0.780493
vt 0.820547 0.786535
vt 0.811419 0.783427
vt 0.813073 0.788676
vt 0.838089 0.762525
vt 0.835892 0.767857
vt 0.830344 0.760522
vt 0.829232 0.765474
vt 0.831192 0.753136
vt 0.832234 0.748168
vt 0.839442 0.755323
vt 0.842148 0.751627
vt 0.846681 0.758124
vt 0.852343 0.761258
vt 0.844043 0.764619
vt 0.848886 0.767035
vt 0.849746 0.754612
vt 0.855753 0.757975
vt 0.845931 0.773152
vt 0.841661 0.770372
vt 0.853758 0.770329
vt 0.857778 0.774583
vt 0.849983 0.776200
vt 0.853819 0.779800
vt 0.866225 0.773956
vt 0.869974 0.778871
vt 0.861382 0.778874
vt 0.864823 0.783562
vt 0.857568 0.765052
vt 0.861284 0.761895
vt 0.862185 0.769467
vt 0.866308 0.766439
vt 0.873808 0.776851
vt 0.870138 0.771279
vt 0.874356 0.785598
vt 0.877493 0.783277
vt 0.869581 0.790434
vt 0.886966 0.784302
vt 0.879627 0.786230
vt 0.884446 0.780694
vt 0.879777 0.773841
vt 0.876901 0.789221
vt 0.875947 0.767921
vt 0.866058 0.757327
vt 0.871626 0.762548
vt 0.881457 0.764901
vt 0.885683 0.771469
vt 0.870753 0.752755
vt 0.876701 0.758888
vt 0.857160 0.783704
vt 0.860633 0.788143
vt 0.787434 0.814787
vt 0.791788 0.815550
vt 0.785957 0.822150
vt 0.789712 0.823813
vt 0.871828 0.794825
vt 0.865198 0.795185
vt 0.867366 0.799250
vt 0.873546 0.797896
vt 0.869180 0.800870
vt 0.788167 0.828097
vt 0.783481 0.825837
vt 0.786439 0.829783
vt 0.783041 0.828130
vt 0.879709 0.791287
vt 0.888076 0.787261
vt 0.893422 0.785963
vt 0.888990 0.791021
vt 0.894259 0.789857
vt 0.881118 0.788292
vt 0.788568 0.808223
vt 0.793427 0.809865
vt 0.890224 0.778509
vt 0.892960 0.782972
vt 0.826791 0.778559
vt 0.826590 0.785840
vt 0.823656 0.759882
vt 0.823822 0.764858
vt 0.823710 0.752232
vt 0.823825 0.746345
vt 0.815008 0.740686
vt 0.814452 0.730975
vt 0.808890 0.734957
vt 0.803093 0.745358
vt 0.800101 0.739115
vt 0.794457 0.749608
vt 0.787698 0.753410
vt 0.791035 0.743536
vt 0.783458 0.748056
vt 0.859473 0.796809
vt 0.862664 0.802807
vt 0.854628 0.799909
vt 0.857256 0.805138
vt 0.855233 0.791598
vt 0.850887 0.795509
vt 0.849475 0.787497
vt 0.846304 0.791895
vt 0.833176 0.780612
vt 0.841658 0.783649
vt 0.832495 0.786645
vt 0.839938 0.788877
vt 0.809653 0.762720
vt 0.817359 0.760610
vt 0.811929 0.768019
vt 0.818549 0.765540
vt 0.816405 0.753243
vt 0.808193 0.755538
vt 0.815296 0.748277
vt 0.805435 0.751882
vt 0.798943 0.767385
vt 0.795394 0.761665
vt 0.803739 0.764898
vt 0.801002 0.758445
vt 0.797882 0.754983
vt 0.791930 0.758442
vt 0.806209 0.770614
vt 0.801999 0.773450
vt 0.794252 0.780216
vt 0.790201 0.775073
vt 0.798012 0.776558
vt 0.794137 0.770755
vt 0.783343 0.784174
vt 0.778102 0.779586
vt 0.786685 0.779426
vt 0.781751 0.774602
vt 0.790236 0.765544
vt 0.785703 0.770039
vt 0.786467 0.762454
vt 0.781527 0.767087
vt 0.774230 0.777641
vt 0.777790 0.771997
vt 0.773859 0.786398
vt 0.770676 0.784140
vt 0.778728 0.791139
vt 0.761226 0.785355
vt 0.763674 0.781694
vt 0.768604 0.787135
vt 0.768206 0.774749
vt 0.771389 0.790072
vt 0.771919 0.768751
vt 0.781614 0.757972
vt 0.776140 0.763294
vt 0.766352 0.765836
vt 0.762253 0.772493
vt 0.776839 0.753484
vt 0.771000 0.759729
vt 0.787621 0.788673
vt 0.790997 0.784174
vt 0.865187 0.815344
vt 0.866562 0.822728
vt 0.860825 0.816045
vt 0.862782 0.824338
vt 0.781123 0.799907
vt 0.776574 0.795574
vt 0.783204 0.795799
vt 0.779345 0.801563
vt 0.774918 0.798679
vt 0.868986 0.826445
vt 0.864270 0.828642
vt 0.865973 0.830352
vt 0.869395 0.828744
vt 0.768625 0.792194
vt 0.754051 0.791059
vt 0.754808 0.787147
vt 0.759342 0.792114
vt 0.760176 0.788336
vt 0.767155 0.789226
vt 0.864152 0.808764
vt 0.859268 0.810335
vt 0.757853 0.779629
vt 0.755208 0.784146
s 1
g off
g bag_blinn1SG.002
usemtl blinn1SG.002
f 1/1/1 2/2/2 3/3/3
f 3/3/3 2/2/2 4/4/4
f 3/3/3 5/5/5 1/1/1
f 1/1/1 5/5/5 6/6/6
f 7/7/7 8/8/8 9/9/9
f 9/9/9 8/8/8 10/10/10
f 11/11/11 12/12/12 13/13/13
f 13/13/13 12/12/12 14/14/14
f 13/13/13 14/14/14 15/15/15
f 15/15/15 14/14/14 16/16/16
f 17/17/17 18/18/18 19/19/19
f 19/19/19 18/18/18 20/20/20
f 21/21/21 15/15/15 22/22/22
f 22/22/22 15/15/15 16/16/16
s 2
f 23/23/23 24/24/24 15/25/25
f 15/25/25 24/24/24 13/26/26
f 11/27/27 13/26/26 25/28/28
f 25/28/28 13/26/26 24/24/24
f 1/29/29 6/30/30 26/31/31
f 26/31/31 6/30/30 27/32/32
s 1
f 12/12/12 11/11/11 5/5/5
f 5/5/5 11/11/11 6/6/6
f 19/19/19 20/20/20 28/33/33
f 28/33/33 20/20/20 29/34/34
s 2
f 6/30/30 11/27/27 27/32/32
f 27/32/32 11/27/27 25/28/28
f 23/23/23 15/25/25 30/35/35
f 30/35/35 15/25/25 31/36/36
s 1
f 21/21/21 32/37/37 15/15/15
f 15/15/15 32/37/37 31/38/38
f 33/39/39 34/40/40 35/41/41
f 35/41/41 34/40/40 36/42/42
f 7/7/7 33/39/39 8/8/8
f 8/8/8 33/39/39 35/41/41
f 37/43/43 38/44/44 39/45/45
f 39/45/45 38/44/44 40/46/46
f 41/47/47 42/48/48 43/49/49
f 43/49/49 42/48/48 44/50/50
f 41/47/47 43/49/49 45/51/51
f 45/51/51 43/49/49 46/52/52
f 45/51/51 47/53/53 48/54/54
f 48/54/54 47/53/53 49/55/55
s 2
f 50/56/56 51/57/57 52/58/58
f 52/58/58 51/57/57 46/59/59
s 1
f 53/60/60 47/53/53 54/61/61
f 54/61/61 47/53/53 51/62/62
f 55/63/63 37/43/43 56/64/64
f 56/64/64 37/43/43 39/45/45
f 32/37/37 53/60/60 31/38/38
f 31/38/38 53/60/60 54/61/61
s 2
f 31/36/36 54/65/65 30/35/35
f 30/35/35 54/65/65 57/66/66
s 1
f 40/46/46 29/34/34 22/22/22
f 22/22/22 29/34/34 21/21/21
f 47/53/53 53/60/60 49/55/55
f 49/55/55 53/60/60 18/18/18
s 2
f 57/66/66 54/65/65 50/56/56
f 50/56/56 54/65/65 51/57/57
s 1
f 47/53/53 45/51/51 51/62/62
f 51/62/62 45/51/51 46/52/52
f 34/40/40 55/63/63 36/42/42
f 36/42/42 55/63/63 56/64/64
f 9/9/9 58/67/67 7/7/7
f 7/7/7 58/67/67 59/68/68
f 59/68/68 60/69/69 7/7/7
f 7/7/7 60/69/69 33/39/39
f 10/10/10 8/8/8 4/4/4
f 4/4/4 8/8/8 3/3/3
f 55/63/63 34/40/40 61/70/70
f 61/70/70 34/40/40 62/71/71
f 61/70/70 63/72/72 55/63/63
f 55/63/63 63/72/72 37/43/43
f 32/37/37 20/20/20 53/60/60
f 53/60/60 20/20/20 18/18/18
f 28/33/33 38/44/44 63/72/72
f 63/72/72 38/44/44 37/43/43
s 2
f 23/23/23 63/73/73 24/24/24
f 24/24/24 63/73/73 61/74/74
f 62/75/75 25/28/28 61/74/74
f 61/74/74 25/28/28 24/24/24
f 59/76/76 26/31/31 60/77/77
f 60/77/77 26/31/31 27/32/32
s 1
f 60/69/69 62/71/71 33/39/39
f 33/39/39 62/71/71 34/40/40
f 29/34/34 20/20/20 21/21/21
f 21/21/21 20/20/20 32/37/37
s 2
f 60/77/77 27/32/32 62/75/75
f 62/75/75 27/32/32 25/28/28
f 23/23/23 30/35/35 63/73/73
f 63/73/73 30/35/35 64/78/78
s 1
f 64/79/79 19/19/19 63/72/72
f 63/72/72 19/19/19 28/33/33
f 5/5/5 35/41/41 12/12/12
f 12/12/12 35/41/41 36/42/42
f 3/3/3 8/8/8 5/5/5
f 5/5/5 8/8/8 35/41/41
f 16/16/16 39/45/45 22/22/22
f 22/22/22 39/45/45 40/46/46
f 65/80/80 66/81/81 42/48/48
f 42/48/48 66/81/81 44/50/50
f 67/82/82 66/81/81 68/83/83
f 68/83/83 66/81/81 65/80/80
f 49/55/55 69/84/84 48/54/54
f 48/54/54 69/84/84 68/83/83
s 2
f 67/85/85 70/86/86 52/58/58
f 52/58/58 70/86/86 50/56/56
s 1
f 17/17/17 71/87/87 69/84/84
f 69/84/84 71/87/87 70/88/88
f 14/14/14 56/64/64 16/16/16
f 16/16/16 56/64/64 39/45/45
f 19/19/19 64/79/79 17/17/17
f 17/17/17 64/79/79 71/87/87
s 2
f 30/35/35 57/66/66 64/78/78
f 64/78/78 57/66/66 71/89/89
s 1
f 40/46/46 38/44/44 29/34/34
f 29/34/34 38/44/44 28/33/33
f 18/18/18 17/17/17 49/55/55
f 49/55/55 17/17/17 69/84/84
s 2
f 70/86/86 71/89/89 50/56/56
f 50/56/56 71/89/89 57/66/66
s 1
f 69/84/84 70/88/88 68/83/83
f 68/83/83 70/88/88 67/82/82
f 12/12/12 36/42/42 14/14/14
f 14/14/14 36/42/42 56/64/64
f 4/4/4 2/2/2 10/10/10
f 10/10/10 2/2/2 72/90/90
f 72/90/90 58/67/67 10/10/10
f 10/10/10 58/67/67 9/9/9
s 2
f 72/91/91 2/92/92 26/31/31
f 26/31/31 2/92/92 1/29/29
f 59/76/76 58/93/93 26/31/31
f 26/31/31 58/93/93 72/91/91
s 1
f 68/83/83 65/80/80 48/54/54
f 48/54/54 65/80/80 42/48/48
f 42/48/48 41/47/47 48/54/54
f 48/54/54 41/47/47 45/51/51
s 2
f 44/94/94 66/95/95 52/58/58
f 52/58/58 66/95/95 67/85/85
f 46/59/59 43/96/96 52/58/58
f 52/58/58 43/96/96 44/94/94
s 3
f 73/97/97 74/98/98 75/99/99
f 75/99/99 74/98/98 76/100/100
f 75/99/99 76/100/100 77/101/101
f 77/101/101 76/100/100 78/102/102
f 79/103/103 80/104/104 81/105/105
f 81/105/105 80/104/104 82/106/106
f 83/107/107 84/108/108 85/109/109
f 85/109/109 84/108/108 86/110/110
f 85/109/109 87/111/111 83/107/107
f 83/107/107 87/111/111 88/112/112
f 89/113/113 90/114/114 91/115/115
f 91/115/115 90/114/114 92/116/116
f 93/117/117 94/118/118 87/111/111
f 87/111/111 94/118/118 88/112/112
s 4
f 95/119/119 87/120/120 96/121/121
f 96/121/121 87/120/120 85/122/122
f 86/123/123 97/124/124 85/122/122
f 85/122/122 97/124/124 96/121/121
f 76/125/125 98/126/126 78/127/127
f 78/127/127 98/126/126 99/128/128
s 3
f 78/102/102 86/110/110 77/101/101
f 77/101/101 86/110/110 84/108/108
f 100/129/129 92/116/116 101/130/130
f 101/130/130 92/116/116 90/114/114
s 4
f 78/127/127 99/128/128 86/123/123
f 86/123/123 99/128/128 97/124/124
f 95/119/119 102/131/131 87/120/120
f 87/120/120 102/131/131 103/132/132
s 3
f 103/133/133 104/134/134 87/111/111
f 87/111/111 104/134/134 93/117/117
f 105/135/135 106/136/136 107/137/137
f 107/137/137 106/136/136 108/138/138
f 82/106/106 80/104/104 105/135/135
f 105/135/135 80/104/104 106/136/136
f 109/139/139 110/140/140 111/141/141
f 111/141/141 110/140/140 112/142/142
f 113/143/143 114/144/144 115/145/145
f 115/145/145 114/144/144 116/146/146
f 117/147/147 114/144/144 118/148/148
f 118/148/148 114/144/144 113/143/143
f 119/149/149 120/150/150 121/151/151
f 121/151/151 120/150/150 118/148/148
s 4
f 117/152/152 122/153/153 123/154/154
f 123/154/154 122/153/153 124/155/155
s 3
f 125/156/156 126/157/157 120/150/150
f 120/150/150 126/157/157 122/158/158
f 127/159/159 128/160/160 109/139/139
f 109/139/139 128/160/160 110/140/140
f 104/134/134 103/133/133 125/156/156
f 125/156/156 103/133/133 126/157/157
s 4
f 103/132/132 102/131/131 126/161/161
f 126/161/161 102/131/131 129/162/162
s 3
f 112/142/142 94/118/118 100/129/129
f 100/129/129 94/118/118 93/117/117
f 91/115/115 125/156/156 119/149/149
f 119/149/149 125/156/156 120/150/150
s 4
f 122/153/153 126/161/161 124/155/155
f 124/155/155 126/161/161 129/162/162
s 3
f 120/150/150 122/158/158 118/148/148
f 118/148/148 122/158/158 117/147/147
f 107/137/137 108/138/138 127/159/159
f 127/159/159 108/138/138 128/160/160
f 130/163/163 131/164/164 82/106/106
f 82/106/106 131/164/164 81/105/105
f 105/135/135 132/165/165 82/106/106
f 82/106/106 132/165/165 130/163/163
f 75/99/99 80/104/104 73/97/97
f 73/97/97 80/104/104 79/103/103
f 133/166/166 107/137/137 134/167/167
f 134/167/167 107/137/137 127/159/159
f 134/167/167 127/159/159 135/168/168
f 135/168/168 127/159/159 109/139/139
f 91/115/115 92/116/116 125/156/156
f 125/156/156 92/116/116 104/134/134
f 101/130/130 135/168/168 111/141/141
f 111/141/141 135/168/168 109/139/139
s 4
f 95/119/119 96/121/121 135/169/169
f 135/169/169 96/121/121 134/170/170
f 133/171/171 134/170/170 97/124/124
f 97/124/124 134/170/170 96/121/121
f 130/172/172 132/173/173 98/126/126
f 98/126/126 132/173/173 99/128/128
s 3
f 107/137/137 133/166/166 105/135/135
f 105/135/135 133/166/166 132/165/165
f 104/134/134 92/116/116 93/117/117
f 93/117/117 92/116/116 100/129/129
s 4
f 132/173/173 133/171/171 99/128/128
f 99/128/128 133/171/171 97/124/124
f 95/119/119 135/169/169 102/131/131
f 102/131/131 135/169/169 136/174/174
s 3
f 101/130/130 90/114/114 135/168/168
f 135/168/168 90/114/114 136/175/175
f 77/101/101 84/108/108 106/136/136
f 106/136/136 84/108/108 108/138/138
f 75/99/99 77/101/101 80/104/104
f 80/104/104 77/101/101 106/136/136
f 88/112/112 94/118/118 110/140/140
f 110/140/140 94/118/118 112/142/142
f 137/176/176 115/145/145 138/177/177
f 138/177/177 115/145/145 116/146/146
f 137/176/176 138/177/177 139/178/178
f 139/178/178 138/177/177 140/179/179
f 139/178/178 141/180/180 121/151/151
f 121/151/151 141/180/180 119/149/149
s 4
f 124/155/155 142/181/181 123/154/154
f 123/154/154 142/181/181 140/182/182
s 3
f 89/113/113 141/180/180 143/183/183
f 143/183/183 141/180/180 142/184/184
f 83/107/107 88/112/112 128/160/160
f 128/160/160 88/112/112 110/140/140
f 90/114/114 89/113/113 136/175/175
f 136/175/175 89/113/113 143/183/183
s 4
f 143/185/185 129/162/162 136/174/174
f 136/174/174 129/162/162 102/131/131
s 3
f 112/142/142 100/129/129 111/141/141
f 111/141/141 100/129/129 101/130/130
f 141/180/180 89/113/113 119/149/149
f 119/149/149 89/113/113 91/115/115
s 4
f 129/162/162 143/185/185 124/155/155
f 124/155/155 143/185/185 142/181/181
s 3
f 141/180/180 139/178/178 142/184/184
f 142/184/184 139/178/178 140/179/179
f 84/108/108 83/107/107 108/138/138
f 108/138/138 83/107/107 128/160/160
f 144/186/186 74/98/98 79/103/103
f 79/103/103 74/98/98 73/97/97
f 81/105/105 131/164/164 79/103/103
f 79/103/103 131/164/164 144/186/186
s 4
f 76/125/125 74/187/187 98/126/126
f 98/126/126 74/187/187 144/188/188
f 130/172/172 98/126/126 131/189/189
f 131/189/189 98/126/126 144/188/188
s 3
f 139/178/178 121/151/151 137/176/176
f 137/176/176 121/151/151 115/145/145
f 118/148/148 113/143/143 121/151/151
f 121/151/151 113/143/143 115/145/145
s 4
f 140/182/182 138/190/190 123/154/154
f 123/154/154 138/190/190 116/191/191
f 117/152/152 123/154/154 114/192/192
f 114/192/192 123/154/154 116/191/191
s 5
f 145/193/193 146/194/194 147/195/195
f 147/195/195 146/194/194 148/196/196
f 145/193/193 149/197/197 146/194/194
f 146/194/194 149/197/197 150/198/198
f 151/199/199 150/198/198 152/200/200
f 152/200/200 150/198/198 149/197/197
f 153/201/201 151/199/199 154/202/202
f 154/202/202 151/199/199 152/200/200
f 151/199/199 153/201/201 155/203/203
f 155/203/203 153/201/201 156/204/204
f 155/203/203 156/204/204 157/205/205
f 157/205/205 156/204/204 158/206/206
f 159/207/207 158/206/206 160/208/208
f 160/208/208 158/206/206 156/204/204
f 161/209/209 159/207/207 162/210/210
f 162/210/210 159/207/207 163/211/211
f 164/212/212 165/213/213 166/214/214
f 166/214/214 165/213/213 161/209/209
f 167/215/215 164/212/212 168/216/216
f 168/216/216 164/212/212 166/214/214
f 165/213/213 164/212/212 169/217/217
f 169/217/217 164/212/212 170/218/218
f 171/219/219 170/218/218 167/215/215
f 167/215/215 170/218/218 164/212/212
f 162/210/210 172/220/220 161/209/209
f 161/209/209 172/220/220 166/214/214
f 165/213/213 158/206/206 161/209/209
f 161/209/209 158/206/206 159/207/207
f 169/217/217 157/205/205 165/213/213
f 165/213/213 157/205/205 158/206/206
f 159/207/207 160/208/208 163/211/211
f 163/211/211 160/208/208 173/221/221
f 174/222/222 175/223/223 160/208/208
f 160/208/208 175/223/223 173/221/221
f 153/201/201 174/222/222 156/204/204
f 156/204/204 174/222/222 160/208/208
f 176/224/224 177/225/225 174/222/222
f 174/222/222 177/225/225 175/223/223
f 154/202/202 176/224/224 153/201/201
f 153/201/201 176/224/224 174/222/222
f 169/217/217 170/218/218 178/226/226
f 178/226/226 170/218/218 179/227/227
f 150/198/198 151/199/199 180/228/228
f 180/228/228 151/199/199 155/203/203
f 180/228/228 155/203/203 181/229/229
f 181/229/229 155/203/203 157/205/205
f 181/229/229 178/226/226 182/230/230
f 182/230/230 178/226/226 183/231/231
f 184/232/232 183/231/231 179/227/227
f 179/227/227 183/231/231 178/226/226
f 181/229/229 157/205/205 178/226/226
f 178/226/226 157/205/205 169/217/217
f 146/194/194 150/198/198 185/233/233
f 185/233/233 150/198/198 180/228/228
f 185/233/233 186/234/234 146/194/194
f 146/194/194 186/234/234 148/196/196
f 185/233/233 180/228/228 182/230/230
f 182/230/230 180/228/228 181/229/229
f 154/202/202 152/200/200 187/235/235
f 187/235/235 152/200/200 188/236/236
f 189/237/237 190/238/238 188/236/236
f 188/236/236 190/238/238 171/219/219
f 162/210/210 163/211/211 191/239/239
f 191/239/239 163/211/211 192/240/240
f 193/241/241 194/242/242 189/237/237
f 189/237/237 194/242/242 190/238/238
f 193/241/241 189/237/237 145/193/193
f 145/193/193 189/237/237 149/197/197
f 194/242/242 193/241/241 195/243/243
f 195/243/243 193/241/241 196/244/244
f 194/242/242 184/232/232 190/238/238
f 190/238/238 184/232/232 179/227/227
f 172/220/220 162/210/210 197/245/245
f 197/245/245 162/210/210 191/239/239
f 194/242/242 195/243/243 184/232/232
f 184/232/232 195/243/243 198/246/246
f 196/244/244 199/247/247 195/243/243
f 195/243/243 199/247/247 198/246/246
f 196/244/244 193/241/241 147/195/195
f 147/195/195 193/241/241 145/193/193
f 177/225/225 200/248/248 175/223/223
f 175/223/223 200/248/248 201/249/249
f 189/237/237 188/236/236 149/197/197
f 149/197/197 188/236/236 152/200/200
f 188/236/236 171/219/219 187/235/235
f 187/235/235 171/219/219 167/215/215
f 187/235/235 202/250/250 154/202/202
f 154/202/202 202/250/250 176/224/224
f 168/216/216 203/251/251 202/250/250
f 202/250/250 203/251/251 204/252/252
f 190/238/238 179/227/227 171/219/219
f 171/219/219 179/227/227 170/218/218
f 203/251/251 205/253/253 204/252/252
f 204/252/252 205/253/253 206/254/254
f 200/248/248 177/225/225 206/254/254
f 206/254/254 177/225/225 204/252/252
f 203/251/251 172/220/220 205/253/253
f 205/253/253 172/220/220 197/245/245
f 172/220/220 203/251/251 166/214/214
f 166/214/214 203/251/251 168/216/216
f 168/216/216 202/250/250 167/215/215
f 167/215/215 202/250/250 187/235/235
f 202/250/250 204/252/252 176/224/224
f 176/224/224 204/252/252 177/225/225
f 148/196/196 199/247/247 147/195/195
f 147/195/195 199/247/247 196/244/244
f 183/231/231 207/255/255 182/230/230
f 182/230/230 207/255/255 208/256/256
f 208/256/256 199/247/247 186/234/234
f 186/234/234 199/247/247 148/196/196
f 198/246/246 199/247/247 207/255/255
f 207/255/255 199/247/247 208/256/256
f 185/233/233 182/230/230 186/234/234
f 186/234/234 182/230/230 208/256/256
f 198/246/246 207/255/255 184/232/232
f 184/232/232 207/255/255 183/231/231
f 209/257/257 210/258/258 200/248/248
f 200/248/248 210/258/258 201/249/249
f 209/257/257 200/248/248 211/259/259
f 211/259/259 200/248/248 206/254/254
f 212/260/260 197/245/245 213/261/261
f 213/261/261 197/245/245 191/239/239
f 197/245/245 212/260/260 205/253/253
f 205/253/253 212/260/260 214/262/262
f 211/259/259 206/254/254 214/262/262
f 214/262/262 206/254/254 205/253/253
f 215/263/263 201/249/249 216/264/264
f 216/264/264 201/249/249 210/258/258
f 217/265/265 192/240/240 216/264/264
f 216/264/264 192/240/240 215/263/263
f 213/261/261 191/239/239 217/265/265
f 217/265/265 191/239/239 192/240/240
f 192/240/240 163/211/211 215/263/263
f 215/263/263 163/211/211 173/221/221
f 175/223/223 201/249/249 173/221/221
f 173/221/221 201/249/249 215/263/263
s 6
f 218/266/266 219/267/267 220/268/268
f 220/268/268 219/267/267 221/269/269
f 218/266/266 220/268/268 222/270/270
f 222/270/270 220/268/268 223/271/271
f 222/270/270 223/271/271 224/272/272
f 224/272/272 223/271/271 225/273/273
f 226/274/274 227/275/275 225/273/273
f 225/273/273 227/275/275 224/272/272
f 228/276/276 226/274/274 229/277/277
f 229/277/277 226/274/274 225/273/273
f 229/277/277 230/278/278 228/276/276
f 228/276/276 230/278/278 231/279/279
f 232/280/280 233/281/281 231/279/279
f 231/279/279 233/281/281 228/276/276
f 234/282/282 235/283/283 232/280/280
f 232/280/280 235/283/283 236/284/284
f 237/285/285 238/286/286 239/287/287
f 239/287/287 238/286/286 234/282/282
f 238/286/286 237/285/285 240/288/288
f 240/288/288 237/285/285 241/289/289
f 239/287/287 242/290/290 237/285/285
f 237/285/285 242/290/290 243/291/291
f 237/285/285 243/291/291 241/289/289
f 241/289/289 243/291/291 244/292/292
f 238/286/286 245/293/293 234/282/282
f 234/282/282 245/293/293 235/283/283
f 239/287/287 234/282/282 231/279/279
f 231/279/279 234/282/282 232/280/280
f 231/279/279 230/278/278 239/287/287
f 239/287/287 230/278/278 242/290/290
f 232/280/280 236/284/284 233/281/281
f 233/281/281 236/284/284 246/294/294
f 247/295/295 233/281/281 248/296/296
f 248/296/296 233/281/281 246/294/294
f 226/274/274 228/276/276 247/295/295
f 247/295/295 228/276/276 233/281/281
f 249/297/297 247/295/295 250/298/298
f 250/298/298 247/295/295 248/296/296
f 227/275/275 226/274/274 249/297/297
f 249/297/297 226/274/274 247/295/295
f 251/299/299 243/291/291 252/300/300
f 252/300/300 243/291/291 242/290/290
f 223/271/271 253/301/301 225/273/273
f 225/273/273 253/301/301 229/277/277
f 253/301/301 254/302/302 229/277/277
f 229/277/277 254/302/302 230/278/278
f 255/303/303 252/300/300 256/304/304
f 256/304/304 252/300/300 254/302/302
f 252/300/300 255/303/303 251/299/299
f 251/299/299 255/303/303 257/305/305
f 242/290/290 230/278/278 252/300/300
f 252/300/300 230/278/278 254/302/302
f 220/268/268 258/306/306 223/271/271
f 223/271/271 258/306/306 253/301/301
f 221/269/269 259/307/307 220/268/268
f 220/268/268 259/307/307 258/306/306
f 254/302/302 253/301/301 256/304/304
f 256/304/304 253/301/301 258/306/306
f 227/275/275 260/308/308 224/272/272
f 224/272/272 260/308/308 261/309/309
f 244/292/292 262/310/310 261/309/309
f 261/309/309 262/310/310 263/311/311
f 235/283/283 264/312/312 236/284/284
f 236/284/284 264/312/312 265/313/313
f 262/310/310 266/314/314 263/311/311
f 263/311/311 266/314/314 267/315/315
f 267/315/315 218/266/266 263/311/311
f 263/311/311 218/266/266 222/270/270
f 266/314/314 268/316/316 267/315/315
f 267/315/315 268/316/316 269/317/317
f 266/314/314 262/310/310 257/305/305
f 257/305/305 262/310/310 251/299/299
f 245/293/293 270/318/318 235/283/283
f 235/283/283 270/318/318 264/312/312
f 266/314/314 257/305/305 268/316/316
f 268/316/316 257/305/305 271/319/319
f 271/319/319 272/320/320 268/316/316
f 268/316/316 272/320/320 269/317/317
f 269/317/317 219/267/267 267/315/315
f 267/315/315 219/267/267 218/266/266
f 250/298/298 248/296/296 273/321/321
f 273/321/321 248/296/296 274/322/322
f 224/272/272 261/309/309 222/270/270
f 222/270/270 261/309/309 263/311/311
f 241/289/289 244/292/292 260/308/308
f 260/308/308 244/292/292 261/309/309
f 260/308/308 227/275/275 275/323/323
f 275/323/323 227/275/275 249/297/297
f 276/324/324 277/325/325 275/323/323
f 275/323/323 277/325/325 240/288/288
f 243/291/291 251/299/299 244/292/292
f 244/292/292 251/299/299 262/310/310
f 278/326/326 279/327/327 276/324/324
f 276/324/324 279/327/327 277/325/325
f 276/324/324 250/298/298 278/326/326
f 278/326/326 250/298/298 273/321/321
f 270/318/318 245/293/293 279/327/327
f 279/327/327 245/293/293 277/325/325
f 245/293/293 238/286/286 277/325/325
f 277/325/325 238/286/286 240/288/288
f 260/308/308 275/323/323 241/289/289
f 241/289/289 275/323/323 240/288/288
f 250/298/298 276/324/324 249/297/297
f 249/297/297 276/324/324 275/323/323
f 269/317/317 272/320/320 219/267/267
f 219/267/267 272/320/320 221/269/269
f 255/303/303 256/304/304 280/328/328
f 280/328/328 256/304/304 281/329/329
f 281/329/329 259/307/307 272/320/320
f 272/320/320 259/307/307 221/269/269
f 281/329/329 272/320/320 280/328/328
f 280/328/328 272/320/320 271/319/319
f 281/329/329 256/304/304 259/307/307
f 259/307/307 256/304/304 258/306/306
f 271/319/319 257/305/305 280/328/328
f 280/328/328 257/305/305 255/303/303
f 282/330/330 273/321/321 283/331/331
f 283/331/331 273/321/321 274/322/322
f 278/326/326 273/321/321 284/332/332
f 284/332/332 273/321/321 282/330/330
f 264/312/312 270/318/318 285/333/333
f 285/333/333 270/318/318 286/334/334
f 270/318/318 279/327/327 286/334/334
f 286/334/334 279/327/327 287/335/335
f 279/327/327 278/326/326 287/335/335
f 287/335/335 278/326/326 284/332/332
f 283/331/331 274/322/322 288/336/336
f 288/336/336 274/322/322 289/337/337
f 290/338/338 288/336/336 265/313/313
f 265/313/313 288/336/336 289/337/337
f 265/313/313 264/312/312 290/338/338
f 290/338/338 264/312/312 285/333/333
f 246/294/294 236/284/284 289/337/337
f 289/337/337 236/284/284 265/313/313
f 289/337/337 274/322/322 246/294/294
f 246/294/294 274/322/322 248/296/296
s 7
f 291/339/339 292/340/340 293/341/341
f 293/341/341 292/340/340 294/342/342
f 291/339/339 293/341/341 295/343/343
f 295/343/343 293/341/341 296/344/344
f 295/343/343 296/344/344 297/345/345
f 297/345/345 296/344/344 298/346/346
f 299/347/347 300/348/348 298/346/346
f 298/346/346 300/348/348 297/345/345
f 301/349/349 299/347/347 302/350/350
f 302/350/350 299/347/347 298/346/346
f 302/350/350 303/351/351 301/349/349
f 301/349/349 303/351/351 304/352/352
f 305/353/353 306/354/354 304/352/352
f 304/352/352 306/354/354 301/349/349
f 307/355/355 308/356/356 305/353/353
f 305/353/353 308/356/356 309/357/357
f 310/358/358 311/359/359 312/360/360
f 312/360/360 311/359/359 307/355/355
f 311/359/359 310/358/358 313/361/361
f 313/361/361 310/358/358 314/362/362
f 312/360/360 315/363/363 310/358/358
f 310/358/358 315/363/363 316/364/364
f 310/358/358 316/364/364 314/362/362
f 314/362/362 316/364/364 317/365/365
f 311/359/359 318/366/366 307/355/355
f 307/355/355 318/366/366 308/356/356
f 312/360/360 307/355/355 304/352/352
f 304/352/352 307/355/355 305/353/353
f 304/352/352 303/351/351 312/360/360
f 312/360/360 303/351/351 315/363/363
f 305/353/353 309/357/357 306/354/354
f 306/354/354 309/357/357 319/367/367
f 320/368/368 306/354/354 321/369/369
f 321/369/369 306/354/354 319/367/367
f 299/347/347 301/349/349 320/368/368
f 320/368/368 301/349/349 306/354/354
f 322/370/370 320/368/368 323/371/371
f 323/371/371 320/368/368 321/369/369
f 300/348/348 299/347/347 322/370/370
f 322/370/370 299/347/347 320/368/368
f 324/372/372 316/364/364 325/373/373
f 325/373/373 316/364/364 315/363/363
f 296/344/344 326/374/374 298/346/346
f 298/346/346 326/374/374 302/350/350
f 326/374/374 327/375/375 302/350/350
f 302/350/350 327/375/375 303/351/351
f 328/376/376 325/373/373 329/377/377
f 329/377/377 325/373/373 327/375/375
f 325/373/373 328/376/376 324/372/372
f 324/372/372 328/376/376 330/378/378
f 315/363/363 303/351/351 325/373/373
f 325/373/373 303/351/351 327/375/375
f 293/341/341 331/379/379 296/344/344
f 296/344/344 331/379/379 326/374/374
f 294/342/342 332/380/380 293/341/341
f 293/341/341 332/380/380 331/379/379
f 327/375/375 326/374/374 329/377/377
f 329/377/377 326/374/374 331/379/379
f 300/348/348 333/381/381 297/345/345
f 297/345/345 333/381/381 334/382/382
f 317/365/365 335/383/383 334/382/382
f 334/382/382 335/383/383 336/384/384
f 308/356/356 337/385/385 309/357/357
f 309/357/357 337/385/385 338/386/386
f 335/383/383 339/387/387 336/384/384
f 336/384/384 339/387/387 340/388/388
f 340/388/388 291/339/339 336/384/384
f 336/384/384 291/339/339 295/343/343
f 339/387/387 341/389/389 340/388/388
f 340/388/388 341/389/389 342/390/390
f 339/387/387 335/383/383 330/378/378
f 330/378/378 335/383/383 324/372/372
f 318/366/366 343/391/391 308/356/356
f 308/356/356 343/391/391 337/385/385
f 339/387/387 330/378/378 341/389/389
f 341/389/389 330/378/378 344/392/392
f 344/392/392 345/393/393 341/389/389
f 341/389/389 345/393/393 342/390/390
f 342/390/390 292/340/340 340/388/388
f 340/388/388 292/340/340 291/339/339
f 323/371/371 321/369/369 346/394/394
f 346/394/394 321/369/369 347/395/395
f 297/345/345 334/382/382 295/343/343
f 295/343/343 334/382/382 336/384/384
f 314/362/362 317/365/365 333/381/381
f 333/381/381 317/365/365 334/382/382
f 333/381/381 300/348/348 348/396/396
f 348/396/396 300/348/348 322/370/370
f 349/397/397 350/398/398 348/396/396
f 348/396/396 350/398/398 313/361/361
f 316/364/364 324/372/372 317/365/365
f 317/365/365 324/372/372 335/383/383
f 351/399/399 352/400/400 349/397/397
f 349/397/397 352/400/400 350/398/398
f 349/397/397 323/371/371 351/399/399
f 351/399/399 323/371/371 346/394/394
f 343/391/391 318/366/366 352/400/400
f 352/400/400 318/366/366 350/398/398
f 318/366/366 311/359/359 350/398/398
f 350/398/398 311/359/359 313/361/361
f 333/381/381 348/396/396 314/362/362
f 314/362/362 348/396/396 313/361/361
f 323/371/371 349/397/397 322/370/370
f 322/370/370 349/397/397 348/396/396
f 342/390/390 345/393/393 292/340/340
f 292/340/340 345/393/393 294/342/342
f 328/376/376 329/377/377 353/401/401
f 353/401/401 329/377/377 354/402/402
f 354/402/402 332/380/380 345/393/393
f 345/393/393 332/380/380 294/342/342
f 354/402/402 345/393/393 353/401/401
f 353/401/401 345/393/393 344/392/392
f 354/402/402 329/377/377 332/380/380
f 332/380/380 329/377/377 331/379/379
f 344/392/392 330/378/378 353/401/401
f 353/401/401 330/378/378 328/376/376
f 355/403/403 346/394/394 356/404/404
f 356/404/404 346/394/394 347/395/395
f 351/399/399 346/394/394 357/405/405
f 357/405/405 346/394/394 355/403/403
f 337/385/385 343/391/391 358/406/406
f 358/406/406 343/391/391 359/407/407
f 343/391/391 352/400/400 359/407/407
f 359/407/407 352/400/400 360/408/408
f 352/400/400 351/399/399 360/408/408
f 360/408/408 351/399/399 357/405/405
f 356/404/404 347/395/395 361/409/409
f 361/409/409 347/395/395 362/410/410
f 363/411/411 361/409/409 338/386/386
f 338/386/386 361/409/409 362/410/410
f 338/386/386 337/385/385 363/411/411
f 363/411/411 337/385/385 358/406/406
f 319/367/367 309/357/357 362/410/410
f 362/410/410 309/357/357 338/386/386
f 362/410/410 347/395/395 319/367/367
f 319/367/367 347/395/395 321/369/369
s 8
f 364/412/412 365/413/413 366/414/414
f 366/414/414 365/413/413 367/415/415
f 364/412/412 368/416/416 365/413/413
f 365/413/413 368/416/416 369/417/417
f 370/418/418 369/417/417 371/419/419
f 371/419/419 369/417/417 368/416/416
f 372/420/420 370/418/418 373/421/421
f 373/421/421 370/418/418 371/419/419
f 370/418/418 372/420/420 374/422/422
f 374/422/422 372/420/420 375/423/423
f 374/422/422 375/423/423 376/424/424
f 376/424/424 375/423/423 377/425/425
f 378/426/426 377/425/425 379/427/427
f 379/427/427 377/425/425 375/423/423
f 380/428/428 378/426/426 381/429/429
f 381/429/429 378/426/426 382/430/430
f 383/431/431 384/432/432 385/433/433
f 385/433/433 384/432/432 380/428/428
f 386/434/434 383/431/431 387/435/435
f 387/435/435 383/431/431 385/433/433
f 384/432/432 383/431/431 388/436/436
f 388/436/436 383/431/431 389/437/437
f 390/438/438 389/437/437 386/434/434
f 386/434/434 389/437/437 383/431/431
f 381/429/429 391/439/439 380/428/428
f 380/428/428 391/439/439 385/433/433
f 384/432/432 377/425/425 380/428/428
f 380/428/428 377/425/425 378/426/426
f 388/436/436 376/424/424 384/432/432
f 384/432/432 376/424/424 377/425/425
f 378/426/426 379/427/427 382/430/430
f 382/430/430 379/427/427 392/440/440
f 393/441/441 394/442/442 379/427/427
f 379/427/427 394/442/442 392/440/440
f 372/420/420 393/441/441 375/423/423
f 375/423/423 393/441/441 379/427/427
f 395/443/443 396/444/444 393/441/441
f 393/441/441 396/444/444 394/442/442
f 373/421/421 395/443/443 372/420/420
f 372/420/420 395/443/443 393/441/441
f 388/436/436 389/437/437 397/445/445
f 397/445/445 389/437/437 398/446/446
f 369/417/417 370/418/418 399/447/447
f 399/447/447 370/418/418 374/422/422
f 399/447/447 374/422/422 400/448/448
f 400/448/448 374/422/422 376/424/424
f 400/448/448 397/445/445 401/449/449
f 401/449/449 397/445/445 402/450/450
f 403/451/451 402/450/450 398/446/446
f 398/446/446 402/450/450 397/445/445
f 400/448/448 376/424/424 397/445/445
f 397/445/445 376/424/424 388/436/436
f 365/413/413 369/417/417 404/452/452
f 404/452/452 369/417/417 399/447/447
f 404/452/452 405/453/453 365/413/413
f 365/413/413 405/453/453 367/415/415
f 404/452/452 399/447/447 401/449/449
f 401/449/449 399/447/447 400/448/448
f 373/421/421 371/419/419 406/454/454
f 406/454/454 371/419/419 407/455/455
f 408/456/456 409/457/457 407/455/455
f 407/455/455 409/457/457 390/438/438
f 381/429/429 382/430/430 410/458/458
f 410/458/458 382/430/430 411/459/459
f 412/460/460 413/461/461 408/456/456
f 408/456/456 413/461/461 409/457/457
f 412/460/460 408/456/456 364/412/412
f 364/412/412 408/456/456 368/416/416
f 413/461/461 412/460/460 414/462/462
f 414/462/462 412/460/460 415/463/463
f 413/461/461 403/451/451 409/457/457
f 409/457/457 403/451/451 398/446/446
f 391/439/439 381/429/429 416/464/464
f 416/464/464 381/429/429 410/458/458
f 413/461/461 414/462/462 403/451/451
f 403/451/451 414/462/462 417/465/465
f 415/463/463 418/466/466 414/462/462
f 414/462/462 418/466/466 417/465/465
f 415/463/463 412/460/460 366/414/414
f 366/414/414 412/460/460 364/412/412
f 396/444/444 419/467/467 394/442/442
f 394/442/442 419/467/467 420/468/468
f 408/456/456 407/455/455 368/416/416
f 368/416/416 407/455/455 371/419/419
f 407/455/455 390/438/438 406/454/454
f 406/454/454 390/438/438 386/434/434
f 406/454/454 421/469/469 373/421/421
f 373/421/421 421/469/469 395/443/443
f 387/435/435 422/470/470 421/469/469
f 421/469/469 422/470/470 423/471/471
f 409/457/457 398/446/446 390/438/438
f 390/438/438 398/446/446 389/437/437
f 422/470/470 424/472/472 423/471/471
f 423/471/471 424/472/472 425/473/473
f 419/467/467 396/444/444 425/473/473
f 425/473/473 396/444/444 423/471/471
f 422/470/470 391/439/439 424/472/472
f 424/472/472 391/439/439 416/464/464
f 391/439/439 422/470/470 385/433/433
f 385/433/433 422/470/470 387/435/435
f 387/435/435 421/469/469 386/434/434
f 386/434/434 421/469/469 406/454/454
f 421/469/469 423/471/471 395/443/443
f 395/443/443 423/471/471 396/444/444
f 367/415/415 418/466/466 366/414/414
f 366/414/414 418/466/466 415/463/463
f 402/450/450 426/474/474 401/449/449
f 401/449/449 426/474/474 427/475/475
f 427/475/475 418/466/466 405/453/453
f 405/453/453 418/466/466 367/415/415
f 417/465/465 418/466/466 426/474/474
f 426/474/474 418/466/466 427/475/475
f 404/452/452 401/449/449 405/453/453
f 405/453/453 401/449/449 427/475/475
f 417/465/465 426/474/474 403/451/451
f 403/451/451 426/474/474 402/450/450
f 428/476/476 429/477/477 419/467/467
f 419/467/467 429/477/477 420/468/468
f 428/476/476 419/467/467 430/478/478
f 430/478/478 419/467/467 425/473/473
f 431/479/479 416/464/464 432/480/480
f 432/480/480 416/464/464 410/458/458
f 416/464/464 431/479/479 424/472/472
f 424/472/472 431/479/479 433/481/481
f 430/478/478 425/473/473 433/481/481
f 433/481/481 425/473/473 424/472/472
f 434/482/482 420/468/468 435/483/483
f 435/483/483 420/468/468 429/477/477
f 436/484/484 411/459/459 435/483/483
f 435/483/483 411/459/459 434/482/482
f 432/480/480 410/458/458 436/484/484
f 436/484/484 410/458/458 411/459/459
f 411/459/459 382/430/430 434/482/482
f 434/482/482 382/430/430 392/440/440
f 394/442/442 420/468/468 392/440/440
f 392/440/440 420/468/468 434/482/482
s 9
f 437/485/485 438/486/486 439/487/487
f 439/487/487 438/486/486 440/488/488
f 441/489/489 442/490/490 443/491/491
f 443/491/491 442/490/490 444/492/492
s 10
f 445/493/493 446/494/494 447/495/495
f 447/495/495 446/494/494 448/496/496
s 9
f 438/486/486 449/497/497 440/488/488
f 440/488/488 449/497/497 450/498/498
f 444/492/492 451/499/499 443/491/491
f 443/491/491 451/499/499 452/500/500
s 10
f 447/495/495 448/496/496 453/501/501
s 9
f 454/502/502 455/503/503 456/504/504
f 456/504/504 455/503/503 452/500/500
f 450/498/498 449/497/497 457/505/505
f 457/505/505 449/497/497 458/506/506
f 451/499/499 459/507/507 452/500/500
f 452/500/500 459/507/507 456/504/504
f 441/489/489 443/491/491 460/508/508
f 460/508/508 443/491/491 455/503/503
s 10
f 461/509/509 462/510/510 448/496/496
f 448/496/496 462/510/510 453/501/501
s 9
f 455/503/503 443/491/491 452/500/500
s 10
f 448/496/496 446/494/494 463/511/511
f 463/511/511 446/494/494 464/512/512
f 448/496/496 463/511/511 461/509/509
f 461/509/509 463/511/511 465/513/513
f 466/514/514 467/515/515 446/494/494
f 446/494/494 467/515/515 464/512/512
f 468/516/516 469/517/517 470/518/518
f 470/518/518 469/517/517 471/519/519
s 9
f 464/520/520 460/508/508 463/521/521
f 463/521/521 460/508/508 455/503/503
f 465/522/522 463/521/521 454/502/502
f 454/502/502 463/521/521 455/503/503
f 464/520/520 467/523/523 460/508/508
f 460/508/508 467/523/523 450/498/498
f 469/524/524 439/487/487 471/525/525
f 471/525/525 439/487/487 440/488/488
s 10
f 437/526/526 468/516/516 438/527/527
f 438/527/527 468/516/516 470/518/518
f 445/493/493 447/495/495 442/528/528
f 442/528/528 447/495/495 444/529/529
f 438/527/527 470/518/518 449/530/530
f 449/530/530 470/518/518 466/514/514
f 444/529/529 447/495/495 451/531/531
f 451/531/531 447/495/495 453/501/501
f 466/514/514 472/532/532 449/530/530
f 449/530/530 472/532/532 458/533/533
f 451/531/531 453/501/501 459/534/534
f 459/534/534 453/501/501 462/510/510
s 9
f 473/535/535 474/536/536 439/487/487
f 439/487/487 474/536/536 437/485/485
f 475/537/537 476/538/538 477/539/539
f 477/539/539 476/538/538 478/540/540
s 10
f 479/541/541 480/542/542 481/543/543
f 481/543/543 480/542/542 482/544/544
s 9
f 483/545/545 484/546/546 473/535/535
f 473/535/535 484/546/546 474/536/536
f 485/547/547 486/548/548 476/538/538
f 476/538/538 486/548/548 478/540/540
s 10
f 480/542/542 487/549/549 482/544/544
s 9
f 488/550/550 489/551/551 490/552/552
f 490/552/552 489/551/551 485/547/547
f 483/545/545 491/553/553 484/546/546
f 484/546/546 491/553/553 492/554/554
f 489/551/551 493/555/555 485/547/547
f 485/547/547 493/555/555 486/548/548
f 490/552/552 476/538/538 494/556/556
f 494/556/556 476/538/538 475/537/537
s 10
f 487/549/549 495/557/557 482/544/544
f 482/544/544 495/557/557 496/558/558
s 9
f 490/552/552 485/547/547 476/538/538
s 10
f 482/544/544 497/559/559 481/543/543
f 481/543/543 497/559/559 498/560/560
f 499/561/561 497/559/559 496/558/558
f 496/558/558 497/559/559 482/544/544
f 498/560/560 500/562/562 481/543/543
f 481/543/543 500/562/562 501/563/563
f 502/564/564 469/517/517 503/565/565
f 503/565/565 469/517/517 468/516/516
s 9
f 490/552/552 494/556/556 497/566/566
f 497/566/566 494/556/556 498/567/567
f 499/568/568 488/550/550 497/566/566
f 497/566/566 488/550/550 490/552/552
f 498/567/567 494/556/556 500/569/569
f 500/569/569 494/556/556 483/545/545
f 473/535/535 439/487/487 502/570/570
f 502/570/570 439/487/487 469/524/524
s 10
f 437/526/526 474/571/571 468/516/516
f 468/516/516 474/571/571 503/565/565
f 478/572/572 480/542/542 477/573/573
f 477/573/573 480/542/542 479/541/541
f 474/571/571 484/574/574 503/565/565
f 503/565/565 484/574/574 501/563/563
f 478/572/572 486/575/575 480/542/542
f 480/542/542 486/575/575 487/549/549
f 492/576/576 504/577/577 484/574/574
f 484/574/574 504/577/577 501/563/563
f 486/575/575 493/578/578 487/549/549
f 487/549/549 493/578/578 495/557/557
f 495/557/557 462/510/510 496/558/558
f 496/558/558 462/510/510 461/509/509
f 496/558/558 461/509/509 499/561/561
f 499/561/561 461/509/509 465/513/513
f 493/578/578 459/534/534 495/557/557
f 495/557/557 459/534/534 462/510/510
s 9
f 489/551/551 456/504/504 493/555/555
f 493/555/555 456/504/504 459/507/507
f 454/502/502 456/504/504 488/550/550
f 488/550/550 456/504/504 489/551/551
f 499/568/568 465/522/522 488/550/550
f 488/550/550 465/522/522 454/502/502
f 458/506/506 442/490/490 457/505/505
f 457/505/505 442/490/490 441/489/489
s 10
f 472/532/532 466/514/514 445/493/493
f 445/493/493 466/514/514 446/494/494
s 9
f 457/505/505 441/489/489 450/498/498
f 450/498/498 441/489/489 460/508/508
s 10
f 466/514/514 470/518/518 467/515/515
f 467/515/515 470/518/518 471/519/519
s 9
f 471/525/525 440/488/488 467/523/523
f 467/523/523 440/488/488 450/498/498
s 10
f 458/533/533 472/532/532 442/528/528
f 442/528/528 472/532/532 445/493/493
s 9
f 475/537/537 477/539/539 491/553/553
f 491/553/553 477/539/539 492/554/554
s 10
f 504/577/577 479/541/541 501/563/563
f 501/563/563 479/541/541 481/543/543
s 9
f 494/556/556 475/537/537 483/545/545
f 483/545/545 475/537/537 491/553/553
s 10
f 501/563/563 500/562/562 503/565/565
f 503/565/565 500/562/562 502/564/564
s 9
f 483/545/545 473/535/535 500/569/569
f 500/569/569 473/535/535 502/570/570
s 10
f 492/576/576 477/573/573 504/577/577
f 504/577/577 477/573/573 479/541/541
s 11
f 505/579/579 506/580/580 507/581/581
f 507/581/581 506/580/580 508/582/485
f 509/583/582 510/584/583 511/585/584
f 511/585/584 510/584/583 512/586/585
s 12
f 513/587/586 514/588/587 515/589/588
f 515/589/588 514/588/587 516/590/544
s 11
f 517/591/589 518/592/590 505/579/579
f 505/579/579 518/592/590 506/580/580
f 519/593/591 520/594/592 510/584/583
f 510/584/583 520/594/592 512/586/585
s 12
f 521/595/549 516/590/544 514/588/587
s 11
f 522/596/593 523/597/594 524/598/595
f 524/598/595 523/597/594 519/593/591
f 517/591/589 525/599/596 518/592/590
f 518/592/590 525/599/596 526/600/597
f 523/597/594 527/601/598 519/593/591
f 519/593/591 527/601/598 520/594/592
f 524/598/595 510/584/583 528/602/599
f 528/602/599 510/584/583 509/583/582
s 12
f 521/595/549 529/603/600 516/590/544
f 516/590/544 529/603/600 530/604/601
s 11
f 519/593/591 510/584/583 524/598/595
s 12
f 516/590/544 531/605/559 515/589/588
f 515/589/588 531/605/559 532/606/602
f 533/607/603 531/605/559 530/604/601
f 530/604/601 531/605/559 516/590/544
f 532/606/602 534/608/604 515/589/588
f 515/589/588 534/608/604 535/609/605
f 536/610/606 537/611/607 538/612/608
f 538/612/608 537/611/607 539/613/609
s 11
f 524/598/595 528/602/599 531/614/610
f 531/614/610 528/602/599 532/615/611
f 533/616/612 522/596/593 531/614/610
f 531/614/610 522/596/593 524/598/595
f 532/615/611 528/602/599 534/617/613
f 534/617/613 528/602/599 517/591/589
f 505/579/579 507/581/581 536/618/614
f 536/618/614 507/581/581 537/619/615
s 12
f 508/620/526 506/621/616 539/613/609
f 539/613/609 506/621/616 538/612/608
f 512/622/617 514/588/587 511/623/618
f 511/623/618 514/588/587 513/587/586
f 506/621/616 518/624/619 538/612/608
f 538/612/608 518/624/619 535/609/605
f 512/622/617 520/625/575 514/588/587
f 514/588/587 520/625/575 521/595/549
f 526/626/620 540/627/621 518/624/619
f 518/624/619 540/627/621 535/609/605
f 520/625/575 527/628/622 521/595/549
f 521/595/549 527/628/622 529/603/600
s 11
f 508/582/485 541/629/623 507/581/581
f 507/581/581 541/629/623 542/630/624
f 543/631/625 544/632/626 545/633/627
f 545/633/627 544/632/626 546/634/628
s 12
f 547/635/629 548/636/630 549/637/631
f 549/637/631 548/636/630 550/638/496
s 11
f 541/629/623 551/639/632 542/630/624
f 542/630/624 551/639/632 552/640/633
f 546/634/628 553/641/499 545/633/627
f 545/633/627 553/641/499 554/642/634
s 12
f 550/638/496 555/643/635 549/637/631
s 11
f 556/644/636 557/645/637 558/646/638
f 558/646/638 557/645/637 554/642/634
f 552/640/633 551/639/632 559/647/639
f 559/647/639 551/639/632 560/648/640
f 553/641/499 561/649/641 554/642/634
f 554/642/634 561/649/641 558/646/638
f 543/631/625 545/633/627 562/650/642
f 562/650/642 545/633/627 557/645/637
s 12
f 563/651/643 564/652/644 550/638/496
f 550/638/496 564/652/644 555/643/635
s 11
f 545/633/627 554/642/634 557/645/637
s 12
f 550/638/496 548/636/630 565/653/511
f 565/653/511 548/636/630 566/654/645
f 550/638/496 565/653/511 563/651/643
f 563/651/643 565/653/511 567/655/646
f 568/656/647 569/657/648 548/636/630
f 548/636/630 569/657/648 566/654/645
f 539/613/609 537/611/607 570/658/649
f 570/658/649 537/611/607 571/659/650
s 11
f 566/660/651 562/650/642 565/661/652
f 565/661/652 562/650/642 557/645/637
f 567/662/653 565/661/652 556/644/636
f 556/644/636 565/661/652 557/645/637
f 566/660/651 569/663/654 562/650/642
f 562/650/642 569/663/654 552/640/633
f 537/619/615 507/581/581 571/664/655
f 571/664/655 507/581/581 542/630/624
s 12
f 508/620/526 539/613/609 541/665/656
f 541/665/656 539/613/609 570/658/649
f 547/635/629 549/637/631 544/666/657
f 544/666/657 549/637/631 546/667/658
f 541/665/656 570/658/649 551/668/659
f 551/668/659 570/658/649 568/656/647
f 546/667/658 549/637/631 553/669/531
f 553/669/531 549/637/631 555/643/635
f 568/656/647 572/670/660 551/668/659
f 551/668/659 572/670/660 560/671/661
f 553/669/531 555/643/635 561/672/662
f 561/672/662 555/643/635 564/652/644
f 564/652/644 563/651/643 529/603/600
f 529/603/600 563/651/643 530/604/601
f 563/651/643 567/655/646 530/604/601
f 530/604/601 567/655/646 533/607/603
f 561/672/662 564/652/644 527/628/622
f 527/628/622 564/652/644 529/603/600
s 11
f 558/646/638 561/649/641 523/597/594
f 523/597/594 561/649/641 527/601/598
f 558/646/638 523/597/594 556/644/636
f 556/644/636 523/597/594 522/596/593
f 567/662/653 556/644/636 533/616/612
f 533/616/612 556/644/636 522/596/593
f 509/583/582 511/585/584 525/599/596
f 525/599/596 511/585/584 526/600/597
s 12
f 540/627/621 513/587/586 535/609/605
f 535/609/605 513/587/586 515/589/588
s 11
f 528/602/599 509/583/582 517/591/589
f 517/591/589 509/583/582 525/599/596
s 12
f 535/609/605 534/608/604 538/612/608
f 538/612/608 534/608/604 536/610/606
s 11
f 517/591/589 505/579/579 534/617/613
f 534/617/613 505/579/579 536/618/614
s 12
f 526/626/620 511/623/618 540/627/621
f 540/627/621 511/623/618 513/587/586
s 11
f 560/648/640 544/632/626 559/647/639
f 559/647/639 544/632/626 543/631/625
s 12
f 572/670/660 568/656/647 547/635/629
f 547/635/629 568/656/647 548/636/630
s 11
f 559/647/639 543/631/625 552/640/633
f 552/640/633 543/631/625 562/650/642
s 12
f 568/656/647 570/658/649 569/657/648
f 569/657/648 570/658/649 571/659/650
s 11
f 571/664/655 542/630/624 569/663/654
f 569/663/654 542/630/624 552/640/633
s 12
f 560/671/661 572/670/660 544/666/657
f 544/666/657 572/670/660 547/635/629
s 13
f 573/673/663 574/674/664 575/675/665
f 575/675/665 574/674/664 576/676/666
f 575/675/665 577/677/667 573/673/663
f 573/673/663 577/677/667 578/678/668
f 579/679/669 580/680/670 581/681/671
f 581/681/671 580/680/670 576/676/666
f 582/682/672 581/681/671 574/674/664
f 574/674/664 581/681/671 576/676/666
f 576/676/666 580/680/670 575/675/665
f 575/675/665 580/680/670 583/683/673
f 584/684/674 585/685/675 582/682/672
f 582/682/672 585/685/675 581/681/671
f 586/686/676 579/679/669 585/685/675
f 585/685/675 579/679/669 581/681/671
f 587/687/677 588/688/678 585/685/675
f 585/685/675 588/688/678 586/686/676
f 589/689/679 579/679/669 590/690/680
f 590/690/680 579/679/669 586/686/676
f 588/688/678 591/691/681 586/686/676
f 586/686/676 591/691/681 590/690/680
f 585/685/675 584/684/674 587/687/677
f 587/687/677 584/684/674 592/692/682
f 577/677/667 593/693/683 578/678/668
f 578/678/668 593/693/683 594/694/684
f 591/691/681 595/695/685 590/690/680
f 590/690/680 595/695/685 596/696/686
f 589/689/679 590/690/680 597/697/687
f 597/697/687 590/690/680 596/696/686
f 598/698/688 597/697/687 599/699/689
f 583/683/673 580/680/670 599/699/689
f 599/699/689 580/680/670 598/698/688
f 596/696/686 600/700/690 597/697/687
f 597/697/687 600/700/690 599/699/689
f 599/699/689 600/700/690 583/683/673
f 583/683/673 600/700/690 601/701/691
f 598/698/688 589/689/679 597/697/687
f 579/679/669 589/689/679 580/680/670
f 580/680/670 589/689/679 598/698/688
f 596/696/686 595/702/685 600/700/690
f 600/700/690 595/702/685 602/703/692
f 600/700/690 602/703/692 601/701/691
f 601/701/691 602/703/692 603/704/693
f 601/701/691 603/704/693 577/677/667
f 577/677/667 603/704/693 593/693/683
f 601/701/691 577/677/667 583/683/673
f 583/683/673 577/677/667 575/675/665
f 582/682/672 574/674/664 584/684/674
f 584/684/674 574/674/664 604/705/694
f 604/705/694 605/706/695 584/684/674
f 584/684/674 605/706/695 592/692/682
f 573/673/663 578/678/668 574/674/664
f 574/674/664 578/678/668 604/705/694
f 604/705/694 578/678/668 605/707/695
f 605/707/695 578/678/668 594/694/684
f 595/708/685 591/709/681 602/710/692
s 14
f 606/711/696 607/712/697 608/713/698
f 608/713/698 607/712/697 609/714/699
f 610/715/700 611/716/701 606/711/696
f 606/711/696 611/716/701 607/712/697
f 609/714/699 612/717/702 613/718/703
f 613/718/703 612/717/702 614/719/704
f 615/720/705 608/713/698 613/718/703
f 613/718/703 608/713/698 609/714/699
f 616/721/706 612/717/702 607/712/697
f 607/712/697 612/717/702 609/714/699
f 617/722/707 615/720/705 618/723/708
f 618/723/708 615/720/705 613/718/703
f 613/718/703 614/719/704 618/723/708
f 618/723/708 614/719/704 619/724/709
f 619/724/709 620/725/710 618/723/708
f 618/723/708 620/725/710 621/726/711
f 619/724/709 614/719/704 622/727/712
f 622/727/712 614/719/704 623/728/713
f 622/727/712 624/729/714 619/724/709
f 619/724/709 624/729/714 620/725/710
f 618/723/708 621/726/711 617/722/707
f 617/722/707 621/726/711 625/730/715
f 611/716/701 610/715/700 626/731/716
f 626/731/716 610/715/700 627/732/717
f 624/729/714 622/727/712 628/733/718
f 628/733/718 622/727/712 629/734/719
f 629/734/719 622/727/712 630/735/720
f 630/735/720 622/727/712 623/728/713
f 631/736/721 630/735/720 632/737/722
f 616/721/706 631/736/721 612/717/702
f 612/717/702 631/736/721 632/737/722
f 631/736/721 633/738/723 630/735/720
f 630/735/720 633/738/723 629/734/719
f 634/739/724 633/738/723 616/721/706
f 616/721/706 633/738/723 631/736/721
f 630/735/720 623/728/713 632/737/722
f 632/737/722 623/728/713 612/717/702
f 612/717/702 623/728/713 614/719/704
f 629/734/719 633/738/723 628/740/718
f 628/740/718 633/738/723 635/741/725
f 636/742/726 635/741/725 634/739/724
f 634/739/724 635/741/725 633/738/723
f 626/731/716 636/742/726 611/716/701
f 611/716/701 636/742/726 634/739/724
f 607/712/697 611/716/701 616/721/706
f 616/721/706 611/716/701 634/739/724
f 615/720/705 617/722/707 608/713/698
f 608/713/698 617/722/707 637/743/727
f 625/730/715 638/744/728 617/722/707
f 617/722/707 638/744/728 637/743/727
f 637/743/727 610/715/700 608/713/698
f 608/713/698 610/715/700 606/711/696
f 637/743/727 638/745/728 610/715/700
f 610/715/700 638/745/728 627/732/717
f 635/746/725 624/747/714 628/748/718
s 15
f 639/749/729 640/750/730 641/751/731
f 641/751/731 640/750/730 642/752/732
f 643/753/733 644/754/734 645/755/735
f 645/755/735 644/754/734 646/756/736
f 647/757/737 648/758/738 644/754/734
f 644/754/734 648/758/738 646/756/736
f 640/750/730 645/755/735 649/759/739
f 649/759/739 645/755/735 650/760/740
f 647/757/737 651/761/741 648/758/738
f 648/758/738 651/761/741 652/762/742
f 646/756/736 648/758/738 653/763/743
f 653/763/743 648/758/738 654/764/744
f 654/764/744 648/758/738 655/765/745
f 655/765/745 648/758/738 652/762/742
f 643/753/733 645/755/735 639/749/729
f 639/749/729 645/755/735 640/750/730
f 642/752/732 640/750/730 656/766/746
f 656/766/746 640/750/730 649/759/739
f 650/760/740 645/755/735 653/763/743
f 653/763/743 645/755/735 646/756/736
f 649/759/739 650/760/740 657/767/747
f 657/767/747 650/760/740 658/768/748
f 639/749/729 641/751/731 659/769/749
f 659/769/749 641/751/731 660/770/750
f 661/771/751 647/757/737 662/772/752
f 662/772/752 647/757/737 644/754/734
f 642/752/732 656/766/746 663/773/753
f 663/773/753 656/766/746 664/774/754
f 665/775/755 666/776/756 651/761/741
f 651/761/741 666/776/756 652/762/742
f 665/775/755 651/761/741 661/771/751
f 661/771/751 651/761/741 647/757/737
f 653/763/743 654/764/744 667/777/757
f 667/777/757 654/764/744 668/778/758
f 644/754/734 643/753/733 662/772/752
f 662/772/752 643/753/733 669/779/759
f 670/780/760 655/765/745 666/776/756
f 666/776/756 655/765/745 652/762/742
f 669/779/759 643/753/733 659/769/749
f 659/769/749 643/753/733 639/749/729
f 654/764/744 655/765/745 668/778/758
f 668/778/758 655/765/745 670/780/760
f 642/752/732 663/773/753 641/751/731
f 641/751/731 663/773/753 660/770/750
f 664/774/754 656/766/746 657/767/747
f 657/767/747 656/766/746 649/759/739
f 658/768/748 650/760/740 667/777/757
f 667/777/757 650/760/740 653/763/743
f 671/781/761 672/782/762 673/783/763
f 673/783/763 672/782/762 674/784/764
f 675/785/765 676/786/766 677/787/767
f 677/787/767 676/786/766 678/788/768
f 675/785/765 679/789/769 676/786/766
f 676/786/766 679/789/769 680/790/770
f 681/791/771 672/782/762 679/789/769
f 679/789/769 672/782/762 680/790/770
f 677/787/767 678/788/768 682/792/772
f 682/792/772 678/788/768 683/793/773
f 684/794/774 676/786/766 685/795/775
f 685/795/775 676/786/766 680/790/770
f 678/788/768 676/786/766 686/796/776
f 686/796/776 676/786/766 684/794/774
f 683/793/773 678/788/768 687/797/777
f 687/797/777 678/788/768 686/796/776
f 681/791/771 688/798/778 672/782/762
f 672/782/762 688/798/778 674/784/764
f 680/790/770 672/782/762 685/795/775
f 685/795/775 672/782/762 671/781/761
f 663/799/753 664/800/754 689/801/779
f 663/799/753 689/801/779 660/802/750
f 690/803/780 675/785/765 691/804/781
f 691/804/781 675/785/765 677/787/767
f 692/805/782 681/791/771 693/806/783
f 693/806/783 681/791/771 679/789/769
f 694/807/784 682/792/772 695/808/785
f 695/808/785 682/792/772 683/793/773
f 696/809/786 684/794/774 697/810/787
f 697/810/787 684/794/774 685/795/775
f 698/811/788 687/797/777 699/812/789
f 699/812/789 687/797/777 686/796/776
f 698/811/788 695/808/785 687/797/777
f 687/797/777 695/808/785 683/793/773
f 700/813/790 688/798/778 692/805/782
f 692/805/782 688/798/778 681/791/771
f 677/787/767 682/792/772 691/804/781
f 691/804/781 682/792/772 694/807/784
f 679/789/769 675/785/765 693/806/783
f 693/806/783 675/785/765 690/803/780
f 686/796/776 684/794/774 699/812/789
f 699/812/789 684/794/774 696/809/786
f 674/784/764 701/814/791 673/783/763
f 673/783/763 701/814/791 702/815/792
f 685/795/775 671/781/761 697/810/787
f 697/810/787 671/781/761 703/816/793
f 674/784/764 688/798/778 701/814/791
f 701/814/791 688/798/778 700/813/790
f 671/781/761 673/783/763 703/816/793
f 703/816/793 673/783/763 702/815/792
f 657/767/747 658/768/748 691/817/781
f 691/817/781 658/768/748 690/818/780
f 660/770/750 698/819/788 659/769/749
f 659/769/749 698/819/788 699/820/789
f 664/774/754 657/767/747 694/821/784
f 694/821/784 657/767/747 691/817/781
f 664/800/754 694/822/784 689/801/779
f 689/801/779 694/822/784 695/823/785
f 658/768/748 667/777/757 690/818/780
f 690/818/780 667/777/757 693/824/783
f 667/777/757 668/778/758 693/824/783
f 693/824/783 668/778/758 692/825/782
f 669/779/759 696/826/786 662/772/752
f 662/772/752 696/826/786 697/827/787
f 659/769/749 699/820/789 669/779/759
f 669/779/759 699/820/789 696/826/786
f 665/775/755 702/828/792 666/776/756
f 666/776/756 702/828/792 701/829/791
f 662/772/752 697/827/787 661/771/751
f 661/771/751 697/827/787 703/830/793
f 668/778/758 670/780/760 692/825/782
f 692/825/782 670/780/760 700/831/790
f 695/823/785 698/832/788 689/801/779
f 689/801/779 698/832/788 660/802/750
f 670/780/760 666/776/756 700/831/790
f 700/831/790 666/776/756 701/829/791
f 661/771/751 703/830/793 665/775/755
f 665/775/755 703/830/793 702/828/792
s 16
f 704/833/794 705/834/795 706/835/796
f 706/835/796 705/834/795 707/836/797
f 708/837/798 709/838/799 710/839/800
f 710/839/800 709/838/799 711/840/801
f 711/840/801 712/841/802 710/839/800
f 710/839/800 712/841/802 713/842/803
f 714/843/804 709/838/799 715/844/805
f 715/844/805 709/838/799 705/834/795
f 713/842/803 712/841/802 716/845/806
f 716/845/806 712/841/802 717/846/807
f 718/847/808 712/841/802 719/848/809
f 719/848/809 712/841/802 711/840/801
f 718/847/808 720/849/810 712/841/802
f 712/841/802 720/849/810 717/846/807
f 705/834/795 709/838/799 707/836/797
f 707/836/797 709/838/799 708/837/798
f 715/844/805 705/834/795 721/850/811
f 721/850/811 705/834/795 704/833/794
f 714/843/804 719/848/809 709/838/799
f 709/838/799 719/848/809 711/840/801
f 715/844/805 722/851/812 714/843/804
f 714/843/804 722/851/812 723/852/813
f 707/836/797 724/853/814 706/835/796
f 706/835/796 724/853/814 725/854/815
f 710/839/800 713/842/803 726/855/816
f 726/855/816 713/842/803 727/856/817
f 704/833/794 728/857/818 721/850/811
f 721/850/811 728/857/818 729/858/819
f 730/859/820 716/845/806 731/860/821
f 731/860/821 716/845/806 717/846/807
f 713/842/803 716/845/806 727/856/817
f 727/856/817 716/845/806 730/859/820
f 719/848/809 732/861/822 718/847/808
f 718/847/808 732/861/822 733/862/823
f 710/839/800 726/855/816 708/837/798
f 708/837/798 726/855/816 734/863/824
f 717/846/807 720/849/810 731/860/821
f 731/860/821 720/849/810 735/864/825
f 707/836/797 708/837/798 724/853/814
f 724/853/814 708/837/798 734/863/824
f 718/847/808 733/862/823 720/849/810
f 720/849/810 733/862/823 735/864/825
f 725/854/815 728/857/818 706/835/796
f 706/835/796 728/857/818 704/833/794
f 715/844/805 721/850/811 722/851/812
f 722/851/812 721/850/811 729/858/819
f 719/848/809 714/843/804 732/861/822
f 732/861/822 714/843/804 723/852/813
f 736/865/826 737/866/827 738/867/828
f 738/867/828 737/866/827 739/868/829
f 740/869/830 741/870/831 742/871/832
f 742/871/832 741/870/831 743/872/833
f 743/872/833 741/870/831 744/873/834
f 744/873/834 741/870/831 745/874/835
f 745/874/835 738/867/828 744/873/834
f 744/873/834 738/867/828 746/875/836
f 747/876/837 740/869/830 748/877/838
f 748/877/838 740/869/830 742/871/832
f 749/878/839 750/879/840 741/870/831
f 741/870/831 750/879/840 745/874/835
f 749/878/839 741/870/831 751/880/841
f 751/880/841 741/870/831 740/869/830
f 751/880/841 740/869/830 752/881/842
f 752/881/842 740/869/830 747/876/837
f 746/875/836 738/867/828 753/882/843
f 753/882/843 738/867/828 739/868/829
f 736/865/826 738/867/828 750/879/840
f 750/879/840 738/867/828 745/874/835
f 754/883/844 729/884/819 728/885/818
f 725/886/815 754/883/844 728/885/818
f 742/871/832 743/872/833 755/887/845
f 755/887/845 743/872/833 756/888/846
f 744/873/834 746/875/836 757/889/847
f 757/889/847 746/875/836 758/890/848
f 747/876/837 748/877/838 759/891/849
f 759/891/849 748/877/838 760/892/850
f 750/879/840 749/878/839 761/893/851
f 761/893/851 749/878/839 762/894/852
f 751/880/841 752/881/842 763/895/853
f 763/895/853 752/881/842 764/896/854
f 764/896/854 752/881/842 759/891/849
f 759/891/849 752/881/842 747/876/837
f 746/875/836 753/882/843 758/890/848
f 758/890/848 753/882/843 765/897/855
f 742/871/832 755/887/845 748/877/838
f 748/877/838 755/887/845 760/892/850
f 744/873/834 757/889/847 743/872/833
f 743/872/833 757/889/847 756/888/846
f 751/880/841 763/895/853 749/878/839
f 749/878/839 763/895/853 762/894/852
f 766/898/856 767/899/857 737/866/827
f 737/866/827 767/899/857 739/868/829
f 750/879/840 761/893/851 736/865/826
f 736/865/826 761/893/851 768/900/858
f 739/868/829 767/899/857 753/882/843
f 753/882/843 767/899/857 765/897/855
f 736/865/826 768/900/858 737/866/827
f 737/866/827 768/900/858 766/898/856
f 722/851/812 755/901/845 723/852/813
f 723/852/813 755/901/845 756/902/846
f 725/854/815 724/853/814 764/903/854
f 764/903/854 724/853/814 763/904/853
f 729/858/819 760/905/850 722/851/812
f 722/851/812 760/905/850 755/901/845
f 759/906/849 760/907/850 754/883/844
f 754/883/844 760/907/850 729/884/819
f 723/852/813 756/902/846 732/861/822
f 732/861/822 756/902/846 757/908/847
f 732/861/822 757/908/847 733/862/823
f 733/862/823 757/908/847 758/909/848
f 734/863/824 726/855/816 762/910/852
f 762/910/852 726/855/816 761/911/851
f 724/853/814 734/863/824 763/904/853
f 763/904/853 734/863/824 762/910/852
f 730/859/820 731/860/821 766/912/856
f 766/912/856 731/860/821 767/913/857
f 726/855/816 727/856/817 761/911/851
f 761/911/851 727/856/817 768/914/858
f 733/862/823 758/909/848 735/864/825
f 735/864/825 758/909/848 765/915/855
f 725/886/815 764/916/854 754/883/844
f 754/883/844 764/916/854 759/906/849
f 735/864/825 765/915/855 731/860/821
f 731/860/821 765/915/855 767/913/857
f 727/856/817 730/859/820 768/914/858
f 768/914/858 730/859/820 766/912/856
s 17
f 769/917/859 770/918/860 771/919/861
f 771/919/861 770/918/860 772/920/862
s 18
f 773/921/863 774/922/864 775/923/865
f 775/923/865 774/922/864 776/924/866
f 772/925/867 777/926/868 771/927/869
f 771/927/869 777/926/868 776/924/866
f 778/928/870 779/929/871 780/930/872
s 17
f 781/931/873 782/932/874 783/933/875
f 783/933/875 782/932/874 784/934/876
s 18
f 779/929/871 785/935/877 780/930/872
s 17
f 786/936/878 787/937/879 788/938/880
f 788/938/880 787/937/879 770/918/860
f 783/933/875 784/934/876 787/937/879
f 787/937/879 784/934/876 789/939/881
s 18
f 779/929/871 790/940/882 785/935/877
f 785/935/877 790/940/882 791/941/883
s 17
f 781/931/873 783/933/875 792/942/884
s 18
f 778/928/870 792/943/885 779/929/871
f 779/929/871 792/943/885 793/944/886
f 775/923/865 790/940/882 773/921/863
f 773/921/863 790/940/882 794/945/887
s 17
f 794/946/888 786/936/878 773/947/889
f 773/947/889 786/936/878 788/938/880
s 18
f 782/948/890 780/930/872 784/949/891
f 784/949/891 780/930/872 785/935/877
f 785/935/877 791/941/883 784/949/891
f 784/949/891 791/941/883 789/950/892
f 775/923/865 776/924/866 777/926/868
f 776/924/866 774/922/864 795/951/893
f 795/951/893 774/922/864 796/952/894
f 795/951/893 797/953/895 776/924/866
s 17
f 792/942/884 783/933/875 786/936/878
f 786/936/878 783/933/875 787/937/879
f 787/937/879 789/939/881 770/918/860
f 770/918/860 789/939/881 772/920/862
s 18
f 790/940/882 775/923/865 791/941/883
f 791/941/883 775/923/865 777/926/868
f 790/940/882 779/929/871 794/945/887
f 794/945/887 779/929/871 793/944/886
f 791/941/883 777/926/868 789/950/892
f 789/950/892 777/926/868 772/925/867
f 776/924/866 797/953/895 771/927/869
s 17
f 797/954/896 769/917/859 771/919/861
f 798/955/897 769/917/859 797/954/896
f 770/918/860 769/917/859 788/938/880
f 773/947/889 788/938/880 774/956/898
f 774/956/898 788/938/880 769/917/859
f 792/942/884 786/936/878 793/957/899
f 793/957/899 786/936/878 794/946/888
f 796/958/900 774/956/898 799/959/901
f 800/960/902 801/961/903 802/962/904
f 802/962/904 801/961/903 803/963/905
s 18
f 804/964/906 805/965/907 806/966/908
f 806/966/908 805/965/907 807/967/909
f 804/964/906 808/968/910 801/969/911
f 801/969/911 808/968/910 803/970/912
f 780/930/872 809/971/913 778/928/870
s 17
f 781/931/873 810/972/914 782/932/874
f 782/932/874 810/972/914 811/973/915
s 18
f 780/930/872 812/974/916 809/971/913
s 17
f 802/962/904 813/975/917 814/976/918
f 814/976/918 813/975/917 815/977/919
f 810/972/914 813/975/917 811/973/915
f 811/973/915 813/975/917 816/978/920
s 18
f 809/971/913 812/974/916 817/979/921
f 817/979/921 812/974/916 818/980/922
s 17
f 792/942/884 810/972/914 781/931/873
s 18
f 819/981/923 792/943/885 809/971/913
f 809/971/913 792/943/885 778/928/870
f 806/966/908 807/967/909 817/979/921
f 817/979/921 807/967/909 820/982/924
s 17
f 814/976/918 815/977/919 807/983/925
f 807/983/925 815/977/919 820/984/926
s 18
f 782/948/890 811/985/927 780/930/872
f 780/930/872 811/985/927 812/974/916
f 816/986/928 818/980/922 811/985/927
f 811/985/927 818/980/922 812/974/916
f 808/968/910 804/964/906 806/966/908
f 796/952/894 805/965/907 795/951/893
f 795/951/893 805/965/907 804/964/906
f 804/964/906 797/953/895 795/951/893
s 17
f 813/975/917 810/972/914 815/977/919
f 815/977/919 810/972/914 792/942/884
f 813/975/917 802/962/904 816/978/920
f 816/978/920 802/962/904 803/963/905
s 18
f 817/979/921 818/980/922 806/966/908
f 806/966/908 818/980/922 808/968/910
f 817/979/921 820/982/924 809/971/913
f 809/971/913 820/982/924 819/981/923
f 803/970/912 808/968/910 816/986/928
f 816/986/928 808/968/910 818/980/922
f 801/969/911 797/953/895 804/964/906
s 17
f 801/961/903 800/960/902 797/954/896
f 797/954/896 800/960/902 798/955/897
f 814/976/918 800/960/902 802/962/904
f 800/960/902 814/976/918 805/987/929
f 805/987/929 814/976/918 807/983/925
f 820/984/926 815/977/919 819/988/930
f 819/988/930 815/977/919 792/942/884
f 799/959/901 805/987/929 796/958/900
f 805/987/929 798/955/897 800/960/902
f 798/955/897 774/956/898 769/917/859
f 799/959/901 798/955/897 805/987/929
f 774/956/898 798/955/897 799/959/901
s 19
f 821/989/873 822/990/931 823/991/932
f 823/991/932 822/990/931 824/992/933
f 825/993/934 826/994/935 827/995/936
f 827/995/936 826/994/935 828/996/937
s 20
f 829/997/938 830/998/939 831/999/940
f 831/999/940 830/998/939 832/1000/941
s 19
f 833/1001/942 834/1002/943 835/1003/944
f 835/1003/944 834/1002/943 836/1004/945
f 837/1005/946 838/1006/947 839/1007/948
f 839/1007/948 838/1006/947 840/1008/949
f 841/1009/950 842/1010/951 843/1011/952
f 843/1011/952 842/1010/951 844/1012/953
f 835/1003/944 836/1004/945 845/1013/954
f 845/1013/954 836/1004/945 846/1014/955
f 847/1015/956 848/1016/957 849/1017/958
f 849/1017/958 848/1016/957 842/1010/951
f 850/1018/959 825/993/934 851/1019/960
f 851/1019/960 825/993/934 827/995/936
s 20
f 852/1020/961 853/1021/962 854/1022/963
f 854/1022/963 853/1021/962 855/1023/964
f 854/1022/963 856/1024/965 857/1025/966
f 857/1025/966 856/1024/965 858/1026/967
f 859/1027/968 852/1020/961 860/1028/969
f 860/1028/969 852/1020/961 861/1029/970
f 862/1030/971 863/1031/972 864/1032/973
f 864/1032/973 863/1031/972 865/1033/974
f 857/1025/966 858/1026/967 866/1034/975
f 866/1034/975 858/1026/967 867/1035/976
f 860/1028/969 861/1029/970 843/1036/977
f 843/1036/977 861/1029/970 841/1037/978
f 865/1033/974 863/1031/972 833/1038/979
f 833/1038/979 863/1031/972 824/1039/980
f 821/1040/981 868/1041/982 822/1042/983
f 822/1042/983 868/1041/982 862/1030/971
f 826/1043/984 831/999/940 828/1044/985
f 828/1044/985 831/999/940 832/1000/941
f 834/1045/986 864/1032/973 836/1046/987
f 836/1046/987 864/1032/973 869/1047/988
f 870/1048/989 871/1049/990 838/1050/991
f 838/1050/991 871/1049/990 840/1051/992
f 869/1047/988 872/1052/993 836/1046/987
f 836/1046/987 872/1052/993 846/1053/994
f 847/1054/995 855/1023/964 848/1055/996
f 848/1055/996 855/1023/964 853/1021/962
s 19
f 846/1014/955 873/1056/997 845/1013/954
f 845/1013/954 873/1056/997 874/1057/998
s 20
f 872/1052/993 869/1047/988 875/1058/999
f 875/1058/999 869/1047/988 876/1059/1000
s 19
f 845/1013/954 874/1057/998 835/1003/944
f 835/1003/944 874/1057/998 877/1060/1001
s 20
f 869/1047/988 864/1032/973 878/1061/1002
f 878/1061/1002 864/1032/973 865/1033/974
f 878/1061/1002 865/1033/974 835/1062/1003
f 835/1062/1003 865/1033/974 833/1038/979
f 846/1053/994 872/1052/993 873/1063/1004
f 873/1063/1004 872/1052/993 875/1058/999
f 859/1027/968 879/1064/1005 880/1065/1006
f 880/1065/1006 879/1064/1005 881/1066/1007
f 859/1027/968 860/1028/969 879/1064/1005
f 879/1064/1005 860/1028/969 882/1067/1008
f 880/1065/1006 881/1066/1007 883/1068/1009
f 883/1068/1009 881/1066/1007 884/1069/1010
s 19
f 844/1012/953 883/1070/1011 885/1071/1012
f 885/1071/1012 883/1070/1011 884/1072/1013
f 843/1011/952 844/1012/953 886/1073/1014
f 886/1073/1014 844/1012/953 885/1071/1012
s 20
f 860/1028/969 843/1036/977 882/1067/1008
f 882/1067/1008 843/1036/977 886/1074/1015
s 19
f 827/995/936 828/996/937 837/1005/946
f 837/1005/946 828/996/937 838/1006/947
s 20
f 830/998/939 829/997/938 887/1075/1016
f 887/1075/1016 829/997/938 888/1076/1017
f 887/1075/1016 888/1076/1017 851/1077/1018
f 851/1077/1018 888/1076/1017 850/1078/1019
f 828/1044/985 832/1000/941 838/1050/991
f 838/1050/991 832/1000/941 870/1048/989
s 19
f 822/990/931 834/1002/943 824/992/933
f 824/992/933 834/1002/943 833/1001/942
s 20
f 868/1041/982 889/1079/1020 862/1030/971
f 862/1030/971 889/1079/1020 863/1031/972
f 889/1079/1020 823/1080/1021 863/1031/972
f 863/1031/972 823/1080/1021 824/1039/980
f 822/1042/983 862/1030/971 834/1045/986
f 834/1045/986 862/1030/971 864/1032/973
f 869/1047/988 878/1061/1002 876/1059/1000
f 876/1059/1000 878/1061/1002 890/1081/1022
f 878/1061/1002 835/1062/1003 890/1081/1022
f 890/1081/1022 835/1062/1003 877/1082/1023
s 19
f 873/1056/997 826/994/935 874/1057/998
f 874/1057/998 826/994/935 825/993/934
s 20
f 875/1058/999 876/1059/1000 831/999/940
f 831/999/940 876/1059/1000 829/997/938
s 19
f 874/1057/998 825/993/934 877/1060/1001
f 877/1060/1001 825/993/934 850/1018/959
s 20
f 875/1058/999 831/999/940 873/1063/1004
f 873/1063/1004 831/999/940 826/1043/984
f 876/1059/1000 890/1081/1022 829/997/938
f 829/997/938 890/1081/1022 888/1076/1017
f 890/1081/1022 877/1082/1023 888/1076/1017
f 888/1076/1017 877/1082/1023 850/1078/1019
f 891/1083/1024 830/998/939 892/1084/1025
f 892/1084/1025 830/998/939 887/1075/1016
f 887/1075/1016 851/1077/1018 892/1084/1025
f 892/1084/1025 851/1077/1018 893/1085/1026
f 855/1023/964 871/1049/990 854/1022/963
f 854/1022/963 871/1049/990 856/1024/965
s 19
f 849/1017/958 866/1086/1027 839/1007/948
f 839/1007/948 866/1086/1027 867/1087/1028
f 893/1088/1029 851/1019/960 837/1005/946
f 837/1005/946 851/1019/960 827/995/936
s 20
f 832/1000/941 830/998/939 870/1048/989
f 870/1048/989 830/998/939 891/1083/1024
s 19
f 839/1007/948 840/1008/949 849/1017/958
f 849/1017/958 840/1008/949 847/1015/956
s 20
f 856/1024/965 891/1083/1024 858/1026/967
f 858/1026/967 891/1083/1024 892/1084/1025
f 892/1084/1025 893/1085/1026 858/1026/967
f 858/1026/967 893/1085/1026 867/1035/976
f 871/1049/990 855/1023/964 840/1051/992
f 840/1051/992 855/1023/964 847/1054/995
f 871/1049/990 870/1048/989 856/1024/965
f 856/1024/965 870/1048/989 891/1083/1024
s 19
f 839/1007/948 867/1087/1028 837/1005/946
f 837/1005/946 867/1087/1028 893/1088/1029
f 841/1009/950 866/1086/1027 842/1010/951
f 842/1010/951 866/1086/1027 849/1017/958
f 842/1010/951 848/1016/957 844/1012/953
f 844/1012/953 848/1016/957 883/1070/1011
s 20
f 852/1020/961 859/1027/968 853/1021/962
f 853/1021/962 859/1027/968 880/1065/1006
f 854/1022/963 857/1025/966 852/1020/961
f 852/1020/961 857/1025/966 861/1029/970
f 861/1029/970 857/1025/966 841/1037/978
f 841/1037/978 857/1025/966 866/1034/975
f 853/1021/962 880/1065/1006 848/1055/996
f 848/1055/996 880/1065/1006 883/1068/1009
s 19
f 894/1089/1030 895/1090/1031 823/991/932
f 823/991/932 895/1090/1031 821/989/873
f 896/1091/1032 897/1092/1033 898/1093/1034
f 898/1093/1034 897/1092/1033 899/1094/1035
s 20
f 900/1095/1036 901/1096/1037 902/1097/1038
f 902/1097/1038 901/1096/1037 903/1098/1039
s 19
f 904/1099/1040 905/1100/1041 906/1101/1042
f 906/1101/1042 905/1100/1041 907/1102/1043
f 908/1103/1044 909/1104/1045 910/1105/1046
f 910/1105/1046 909/1104/1045 911/1106/1047
f 912/1107/1048 913/1108/1049 914/1109/1050
f 914/1109/1050 913/1108/1049 915/1110/1051
f 905/1100/1041 916/1111/1052 907/1102/1043
f 907/1102/1043 916/1111/1052 917/1112/1053
f 913/1108/1049 918/1113/1054 919/1114/1055
f 919/1114/1055 918/1113/1054 920/1115/1056
f 921/1116/1057 922/1117/1058 896/1091/1032
f 896/1091/1032 922/1117/1058 897/1092/1033
s 20
f 923/1118/1059 924/1119/1060 925/1120/1061
f 925/1120/1061 924/1119/1060 926/1121/1062
f 925/1120/1061 927/1122/1063 928/1123/1064
f 928/1123/1064 927/1122/1063 929/1124/1065
f 930/1125/1066 931/1126/1067 926/1121/1062
f 926/1121/1062 931/1126/1067 932/1127/1068
f 933/1128/1069 934/1129/1070 935/1130/1071
f 935/1130/1071 934/1129/1070 936/1131/1072
f 927/1122/1063 937/1132/1073 929/1124/1065
f 929/1124/1065 937/1132/1073 938/1133/1074
f 931/1126/1067 914/1134/1075 932/1127/1068
f 932/1127/1068 914/1134/1075 915/1135/1076
f 933/1128/1069 904/1136/1077 934/1129/1070
f 934/1129/1070 904/1136/1077 894/1137/1078
f 821/1040/981 895/1138/1079 868/1041/982
f 868/1041/982 895/1138/1079 936/1131/1072
f 898/1139/1080 899/1140/1081 902/1097/1038
f 902/1097/1038 899/1140/1081 900/1095/1036
f 906/1141/1082 907/1142/1083 935/1130/1071
f 935/1130/1071 907/1142/1083 939/1143/1084
f 911/1144/1085 940/1145/1086 910/1146/1087
f 910/1146/1087 940/1145/1086 941/1147/1088
f 917/1148/1089 942/1149/1090 907/1142/1083
f 907/1142/1083 942/1149/1090 939/1143/1084
f 920/1150/1091 918/1151/1092 923/1118/1059
f 923/1118/1059 918/1151/1092 924/1119/1060
s 19
f 943/1152/1093 944/1153/1094 916/1111/1052
f 916/1111/1052 944/1153/1094 917/1112/1053
s 20
f 942/1149/1090 945/1154/1095 939/1143/1084
f 939/1143/1084 945/1154/1095 946/1155/1096
s 19
f 947/1156/1097 943/1152/1093 905/1100/1041
f 905/1100/1041 943/1152/1093 916/1111/1052
s 20
f 939/1143/1084 948/1157/1098 935/1130/1071
f 935/1130/1071 948/1157/1098 933/1128/1069
f 948/1157/1098 905/1158/1099 933/1128/1069
f 933/1128/1069 905/1158/1099 904/1136/1077
f 917/1148/1089 944/1159/1100 942/1149/1090
f 942/1149/1090 944/1159/1100 945/1154/1095
f 881/1066/1007 879/1064/1005 949/1160/1101
f 949/1160/1101 879/1064/1005 930/1125/1066
f 930/1125/1066 879/1064/1005 931/1126/1067
f 931/1126/1067 879/1064/1005 882/1067/1008
f 884/1069/1010 881/1066/1007 950/1161/1102
f 950/1161/1102 881/1066/1007 949/1160/1101
s 19
f 912/1107/1048 885/1071/1012 950/1162/1103
f 950/1162/1103 885/1071/1012 884/1072/1013
f 914/1109/1050 886/1073/1014 912/1107/1048
f 912/1107/1048 886/1073/1014 885/1071/1012
s 20
f 931/1126/1067 882/1067/1008 914/1134/1075
f 914/1134/1075 882/1067/1008 886/1074/1015
s 19
f 897/1092/1033 908/1103/1044 899/1094/1035
f 899/1094/1035 908/1103/1044 910/1105/1046
s 20
f 901/1096/1037 951/1163/1104 903/1098/1039
f 903/1098/1039 951/1163/1104 952/1164/1105
f 951/1163/1104 922/1165/1106 952/1164/1105
f 952/1164/1105 922/1165/1106 921/1166/1107
f 899/1140/1081 910/1146/1087 900/1095/1036
f 900/1095/1036 910/1146/1087 941/1147/1088
s 19
f 904/1099/1040 906/1101/1042 894/1089/1030
f 894/1089/1030 906/1101/1042 895/1090/1031
s 20
f 934/1129/1070 889/1079/1020 936/1131/1072
f 936/1131/1072 889/1079/1020 868/1041/982
f 894/1137/1078 823/1080/1021 934/1129/1070
f 934/1129/1070 823/1080/1021 889/1079/1020
f 895/1138/1079 906/1141/1082 936/1131/1072
f 936/1131/1072 906/1141/1082 935/1130/1071
f 953/1167/1108 948/1157/1098 946/1155/1096
f 946/1155/1096 948/1157/1098 939/1143/1084
f 947/1168/1109 905/1158/1099 953/1167/1108
f 953/1167/1108 905/1158/1099 948/1157/1098
s 19
f 896/1091/1032 898/1093/1034 943/1152/1093
f 943/1152/1093 898/1093/1034 944/1153/1094
s 20
f 945/1154/1095 902/1097/1038 946/1155/1096
f 946/1155/1096 902/1097/1038 903/1098/1039
s 19
f 921/1116/1057 896/1091/1032 947/1156/1097
f 947/1156/1097 896/1091/1032 943/1152/1093
s 20
f 898/1139/1080 902/1097/1038 944/1159/1100
f 944/1159/1100 902/1097/1038 945/1154/1095
f 952/1164/1105 953/1167/1108 903/1098/1039
f 903/1098/1039 953/1167/1108 946/1155/1096
f 921/1166/1107 947/1168/1109 952/1164/1105
f 952/1164/1105 947/1168/1109 953/1167/1108
f 954/1169/1110 955/1170/1111 901/1096/1037
f 901/1096/1037 955/1170/1111 951/1163/1104
f 956/1171/1112 922/1165/1106 955/1170/1111
f 955/1170/1111 922/1165/1106 951/1163/1104
f 928/1123/1064 940/1145/1086 925/1120/1061
f 925/1120/1061 940/1145/1086 923/1118/1059
s 19
f 919/1114/1055 909/1104/1045 937/1172/1113
f 937/1172/1113 909/1104/1045 938/1173/1114
f 897/1092/1033 922/1117/1058 908/1103/1044
f 908/1103/1044 922/1117/1058 956/1174/1115
s 20
f 900/1095/1036 941/1147/1088 901/1096/1037
f 901/1096/1037 941/1147/1088 954/1169/1110
s 19
f 909/1104/1045 919/1114/1055 911/1106/1047
f 911/1106/1047 919/1114/1055 920/1115/1056
s 20
f 928/1123/1064 929/1124/1065 954/1169/1110
f 954/1169/1110 929/1124/1065 955/1170/1111
f 938/1133/1074 956/1171/1112 929/1124/1065
f 929/1124/1065 956/1171/1112 955/1170/1111
f 920/1150/1091 923/1118/1059 911/1144/1085
f 911/1144/1085 923/1118/1059 940/1145/1086
f 954/1169/1110 941/1147/1088 928/1123/1064
f 928/1123/1064 941/1147/1088 940/1145/1086
s 19
f 909/1104/1045 908/1103/1044 938/1173/1114
f 938/1173/1114 908/1103/1044 956/1174/1115
f 915/1110/1051 913/1108/1049 937/1172/1113
f 937/1172/1113 913/1108/1049 919/1114/1055
f 913/1108/1049 912/1107/1048 918/1113/1054
f 918/1113/1054 912/1107/1048 950/1162/1103
s 20
f 926/1121/1062 924/1119/1060 930/1125/1066
f 930/1125/1066 924/1119/1060 949/1160/1101
f 932/1127/1068 927/1122/1063 926/1121/1062
f 926/1121/1062 927/1122/1063 925/1120/1061
f 932/1127/1068 915/1135/1076 927/1122/1063
f 927/1122/1063 915/1135/1076 937/1132/1073
f 950/1161/1102 949/1160/1101 918/1151/1092
f 918/1151/1092 949/1160/1101 924/1119/1060
s 21
f 957/1175/1116 958/1176/1117 959/1177/1118
s 22
f 959/1177/1119 958/1176/1117 960/1178/1120
s 23
f 958/1179/1121 961/1180/1122 960/1181/1123
f 960/1181/1123 961/1180/1122 962/1182/1124
f 963/1183/1125 964/1184/1126 961/1180/1122
f 961/1180/1122 964/1184/1126 962/1182/1124
f 957/1185/1127 959/1186/1128 963/1183/1125
f 963/1183/1125 959/1186/1128 964/1184/1126
f 965/1187/1129 966/1188/1130 967/1189/1131
f 967/1189/1131 966/1188/1130 968/1190/1132
f 967/1189/1131 968/1190/1132 969/1191/1133
f 969/1191/1133 968/1190/1132 970/1192/1134
f 969/1191/1133 970/1192/1134 971/1193/1135
f 971/1193/1135 970/1192/1134 972/1194/1136
s 24
f 965/1195/1137 971/1196/1138 966/1197/1139
s 21
f 966/1197/1140 971/1196/1141 972/1198/1142
s 23
f 973/1199/1143 974/1200/1144 975/1201/1145
f 975/1201/1145 974/1200/1144 976/1202/1146
f 975/1201/1145 976/1202/1146 977/1203/1147
f 977/1203/1147 976/1202/1146 978/1204/1148
f 977/1203/1147 978/1204/1148 979/1205/1149
f 979/1205/1149 978/1204/1148 980/1206/1150
s 21
f 973/1207/1151 979/1208/1152 974/1209/1153
f 974/1209/1153 979/1208/1152 980/1210/1154
f 981/1211/1155 982/1212/1156 983/1213/1157
f 983/1213/1157 982/1212/1156 984/1214/1158
s 23
f 982/1215/1159 985/1216/1160 984/1217/1161
f 984/1217/1161 985/1216/1160 986/1218/1162
f 985/1216/1160 987/1219/1163 986/1218/1162
f 986/1218/1162 987/1219/1163 988/1220/1164
f 987/1219/1163 981/1221/1165 988/1220/1164
f 988/1220/1164 981/1221/1165 983/1222/1166
s 21
f 984/1214/1158 989/1223/1167 983/1213/1157
f 983/1213/1157 989/1223/1167 990/1224/1168
s 23
f 986/1218/1162 991/1225/1169 984/1217/1161
f 984/1217/1161 991/1225/1169 989/1226/1170
f 986/1218/1162 988/1220/1164 991/1225/1169
f 991/1225/1169 988/1220/1164 992/1227/1171
f 983/1222/1166 990/1228/1172 988/1220/1164
f 988/1220/1164 990/1228/1172 992/1227/1171
f 993/1229/1173 994/1230/1174 995/1231/1175
f 995/1231/1175 994/1230/1174 996/1232/1176
f 995/1231/1175 996/1232/1176 997/1233/1177
f 997/1233/1177 996/1232/1176 998/1234/1178
f 997/1233/1177 998/1234/1178 999/1235/1179
f 999/1235/1179 998/1234/1178 1000/1236/1180
s 21
f 993/1237/1181 999/1238/1182 994/1239/1183
f 994/1239/1183 999/1238/1182 1000/1240/1184
s 23
f 1001/1241/1185 1002/1242/1186 1003/1243/1187
f 1003/1243/1187 1002/1242/1186 1004/1244/1188
f 1003/1243/1187 1004/1244/1188 1005/1245/1189
f 1005/1245/1189 1004/1244/1188 1006/1246/1190
f 1007/1247/1191 1005/1245/1189 1008/1248/1192
f 1008/1248/1192 1005/1245/1189 1006/1246/1190
s 21
f 1001/1249/1193 1007/1250/1194 1002/1251/1195
f 1002/1251/1195 1007/1250/1194 1008/1252/1196
f 1009/1253/1197 1010/1254/1198 957/1175/1116
f 957/1175/1116 1010/1254/1198 958/1176/1117
s 23
f 1011/1255/1199 961/1180/1122 1010/1256/1200
f 1010/1256/1200 961/1180/1122 958/1179/1121
f 1012/1257/1201 963/1183/1125 1011/1255/1199
f 1011/1255/1199 963/1183/1125 961/1180/1122
f 1012/1257/1201 1009/1258/1202 963/1183/1125
f 963/1183/1125 1009/1258/1202 957/1185/1127
f 1013/1259/1203 1014/1260/1204 1015/1261/1205
f 1015/1261/1205 1014/1260/1204 1016/1262/1206
f 1015/1261/1205 1016/1262/1206 1017/1263/1207
f 1017/1263/1207 1016/1262/1206 1018/1264/1208
f 1019/1265/1209 1017/1263/1207 1020/1266/1210
f 1020/1266/1210 1017/1263/1207 1018/1264/1208
s 21
f 1013/1267/1211 1019/1268/1212 1014/1269/1213
f 1014/1269/1213 1019/1268/1212 1020/1270/1214
s 23
f 1021/1271/1215 1022/1272/1216 1023/1273/1217
f 1023/1273/1217 1022/1272/1216 1024/1274/1218
f 1025/1275/1219 1023/1273/1217 1026/1276/1220
f 1026/1276/1220 1023/1273/1217 1024/1274/1218
f 1027/1277/1221 1025/1275/1219 1028/1278/1222
f 1028/1278/1222 1025/1275/1219 1026/1276/1220
s 21
f 1027/1279/1223 1028/1280/1224 1021/1281/1225
f 1021/1281/1225 1028/1280/1224 1022/1282/1226
s 23
f 1029/1283/1227 1030/1284/1228 1031/1285/1229
f 1031/1285/1229 1030/1284/1228 1032/1286/1230
f 1033/1287/1231 1031/1285/1229 1034/1288/1232
f 1034/1288/1232 1031/1285/1229 1032/1286/1230
f 1035/1289/1233 1033/1287/1231 1036/1290/1234
f 1036/1290/1234 1033/1287/1231 1034/1288/1232
s 21
f 1029/1291/1235 1035/1292/1236 1030/1293/1237
f 1030/1293/1237 1035/1292/1236 1036/1294/1238
f 1037/1295/1239 1038/1296/1240 1039/1297/1241
f 1039/1297/1241 1038/1296/1240 1040/1298/1242
s 23
f 1038/1299/1243 1041/1300/1244 1040/1301/1245
f 1040/1301/1245 1041/1300/1244 1042/1302/1246
f 1041/1300/1244 1043/1303/1247 1042/1302/1246
f 1042/1302/1246 1043/1303/1247 1044/1304/1248
f 1043/1303/1247 1037/1305/1249 1044/1304/1248
f 1044/1304/1248 1037/1305/1249 1039/1306/1250
f 1045/1307/1251 1046/1308/1252 1047/1309/1253
f 1047/1309/1253 1046/1308/1252 1048/1310/1254
f 1047/1309/1253 1048/1310/1254 1049/1311/1255
f 1049/1311/1255 1048/1310/1254 1050/1312/1256
f 1051/1313/1257 1049/1311/1255 1052/1314/1258
f 1052/1314/1258 1049/1311/1255 1050/1312/1256
s 21
f 1045/1315/1259 1051/1316/1260 1046/1317/1261
f 1046/1317/1261 1051/1316/1260 1052/1318/1262
s 23
f 1053/1319/1263 1054/1320/1264 1055/1321/1265
f 1055/1321/1265 1054/1320/1264 1056/1322/1266
f 1057/1323/1267 1053/1319/1263 1058/1324/1268
f 1058/1324/1268 1053/1319/1263 1055/1321/1265
f 1059/1325/1269 1057/1323/1267 1060/1326/1270
f 1060/1326/1270 1057/1323/1267 1058/1324/1268
s 21
f 1059/1327/1271 1060/1328/1272 1054/1329/1273
f 1054/1329/1273 1060/1328/1272 1056/1330/1274
f 1061/1331/1275 1062/1332/1276 1063/1333/1277
f 1063/1333/1277 1062/1332/1276 1064/1334/1278
s 23
f 1061/1335/1279 1065/1336/1280 1062/1337/1281
f 1062/1337/1281 1065/1336/1280 1066/1338/1282
f 1065/1336/1280 1067/1339/1283 1066/1338/1282
f 1066/1338/1282 1067/1339/1283 1068/1340/1284
f 1067/1339/1283 1063/1341/1285 1068/1340/1284
f 1068/1340/1284 1063/1341/1285 1064/1342/1286
f 1069/1343/1287 1070/1344/1288 1071/1345/1289
f 1071/1345/1289 1070/1344/1288 1072/1346/1290
f 1073/1347/1291 1069/1343/1287 1074/1348/1292
f 1074/1348/1292 1069/1343/1287 1071/1345/1289
f 1073/1347/1291 1074/1348/1292 1075/1349/1293
f 1075/1349/1293 1074/1348/1292 1076/1350/1294
s 21
f 1075/1351/1295 1076/1352/1296 1070/1353/1297
f 1070/1353/1297 1076/1352/1296 1072/1354/1298
s 23
f 1071/1345/1289 1072/1346/1290 1077/1355/1299
f 1077/1355/1299 1072/1346/1290 1078/1356/1300
f 1074/1348/1292 1071/1345/1289 1079/1357/1301
f 1079/1357/1301 1071/1345/1289 1077/1355/1299
f 1074/1348/1292 1079/1357/1301 1076/1350/1294
f 1076/1350/1294 1079/1357/1301 1080/1358/1302
s 21
f 1076/1352/1296 1080/1359/1303 1072/1354/1298
f 1072/1354/1298 1080/1359/1303 1078/1360/1304
f 989/1223/1167 1081/1361/1305 990/1224/1168
f 990/1224/1168 1081/1361/1305 1082/1362/1306
s 23
f 991/1225/1169 1083/1363/1307 989/1226/1170
f 989/1226/1170 1083/1363/1307 1081/1364/1308
f 991/1225/1169 992/1227/1171 1083/1363/1307
f 1083/1363/1307 992/1227/1171 1084/1365/1309
f 990/1228/1172 1082/1366/1310 992/1227/1171
f 992/1227/1171 1082/1366/1310 1084/1365/1309
s 21
f 1085/1367/1311 1086/1368/1312 1087/1369/1313
f 1087/1369/1313 1086/1368/1312 1088/1370/1314
s 23
f 1089/1371/1315 1090/1372/1316 1086/1373/1317
f 1086/1373/1317 1090/1372/1316 1088/1374/1318
f 1091/1375/1319 1092/1376/1320 1089/1371/1315
f 1089/1371/1315 1092/1376/1320 1090/1372/1316
f 1085/1377/1321 1087/1378/1322 1091/1375/1319
f 1091/1375/1319 1087/1378/1322 1092/1376/1320
f 1077/1355/1299 1078/1356/1300 1093/1379/1323
f 1093/1379/1323 1078/1356/1300 1094/1380/1324
f 1079/1357/1301 1077/1355/1299 1095/1381/1325
f 1095/1381/1325 1077/1355/1299 1093/1379/1323
f 1079/1357/1301 1095/1381/1325 1080/1358/1302
f 1080/1358/1302 1095/1381/1325 1096/1382/1326
s 21
f 1078/1360/1304 1080/1359/1303 1094/1383/1327
f 1094/1383/1327 1080/1359/1303 1096/1384/1328
s 23
f 1093/1379/1323 1094/1380/1324 1097/1385/1329
f 1097/1385/1329 1094/1380/1324 1098/1386/1330
f 1095/1381/1325 1093/1379/1323 1099/1387/1331
f 1099/1387/1331 1093/1379/1323 1097/1385/1329
f 1095/1381/1325 1099/1387/1331 1096/1382/1326
f 1096/1382/1326 1099/1387/1331 1100/1388/1332
s 21
f 1094/1383/1327 1096/1384/1328 1098/1389/1333
f 1098/1389/1333 1096/1384/1328 1100/1390/1334
s 23
f 1101/1391/1335 1021/1271/1215 1102/1392/1336
f 1102/1392/1336 1021/1271/1215 1023/1273/1217
f 1103/1393/1337 1102/1392/1336 1025/1275/1219
f 1025/1275/1219 1102/1392/1336 1023/1273/1217
f 1104/1394/1338 1103/1393/1337 1027/1277/1221
f 1027/1277/1221 1103/1393/1337 1025/1275/1219
s 21
f 1104/1395/1339 1027/1279/1223 1101/1396/1340
f 1101/1396/1340 1027/1279/1223 1021/1281/1225
s 23
f 1097/1385/1329 1098/1386/1330 1105/1397/1341
f 1105/1397/1341 1098/1386/1330 1106/1398/1342
f 1097/1385/1329 1105/1397/1341 1099/1387/1331
f 1099/1387/1331 1105/1397/1341 1107/1399/1343
f 1099/1387/1331 1107/1399/1343 1100/1388/1332
f 1100/1388/1332 1107/1399/1343 1108/1400/1344
s 21
f 1098/1389/1333 1100/1390/1334 1106/1401/1345
f 1106/1401/1345 1100/1390/1334 1108/1402/1346
f 1109/1403/1347 1110/1404/1348 1111/1405/1349
f 1111/1405/1349 1110/1404/1348 1112/1406/1350
s 23
f 1113/1407/1351 1114/1408/1352 1110/1409/1353
f 1110/1409/1353 1114/1408/1352 1112/1410/1354
f 1115/1411/1355 1116/1412/1356 1113/1407/1351
f 1113/1407/1351 1116/1412/1356 1114/1408/1352
f 1109/1413/1357 1111/1414/1358 1115/1411/1355
f 1115/1411/1355 1111/1414/1358 1116/1412/1356
f 1105/1397/1341 1106/1398/1342 1117/1415/1359
f 1117/1415/1359 1106/1398/1342 1118/1416/1360
f 1105/1397/1341 1117/1415/1359 1107/1399/1343
f 1107/1399/1343 1117/1415/1359 1119/1417/1361
f 1108/1400/1344 1107/1399/1343 1120/1418/1362
f 1120/1418/1362 1107/1399/1343 1119/1417/1361
s 21
f 1106/1401/1345 1108/1402/1346 1118/1419/1363
f 1118/1419/1363 1108/1402/1346 1120/1420/1364
f 1081/1361/1305 1121/1421/1365 1082/1362/1306
f 1082/1362/1306 1121/1421/1365 1122/1422/1366
s 23
f 1083/1363/1307 1123/1423/1367 1081/1364/1308
f 1081/1364/1308 1123/1423/1367 1121/1424/1368
f 1083/1363/1307 1084/1365/1309 1123/1423/1367
f 1123/1423/1367 1084/1365/1309 1124/1425/1369
f 1082/1366/1310 1122/1426/1370 1084/1365/1309
f 1084/1365/1309 1122/1426/1370 1124/1425/1369
f 1118/1416/1360 1125/1427/1371 1117/1415/1359
f 1117/1415/1359 1125/1427/1371 1126/1428/1372
f 1117/1415/1359 1126/1428/1372 1119/1417/1361
f 1119/1417/1361 1126/1428/1372 1127/1429/1373
f 1120/1418/1362 1119/1417/1361 1128/1430/1374
f 1128/1430/1374 1119/1417/1361 1127/1429/1373
s 21
f 1118/1419/1363 1120/1420/1364 1125/1431/1375
f 1125/1431/1375 1120/1420/1364 1128/1432/1376
f 1129/1433/1377 1130/1434/1378 1131/1435/1379
f 1131/1435/1379 1130/1434/1378 1132/1436/1380
s 23
f 1133/1437/1381 1134/1438/1382 1129/1439/1383
f 1129/1439/1383 1134/1438/1382 1130/1440/1384
f 1133/1437/1381 1135/1441/1385 1134/1438/1382
f 1134/1438/1382 1135/1441/1385 1136/1442/1386
f 1131/1443/1387 1132/1444/1388 1135/1441/1385
f 1135/1441/1385 1132/1444/1388 1136/1442/1386
f 1125/1427/1371 1137/1445/1389 1126/1428/1372
f 1126/1428/1372 1137/1445/1389 1138/1446/1390
f 1126/1428/1372 1138/1446/1390 1127/1429/1373
f 1127/1429/1373 1138/1446/1390 1139/1447/1391
f 1128/1430/1374 1127/1429/1373 1140/1448/1392
f 1140/1448/1392 1127/1429/1373 1139/1447/1391
s 21
f 1125/1431/1375 1128/1432/1376 1137/1449/1393
f 1137/1449/1393 1128/1432/1376 1140/1450/1394
f 1121/1421/1365 1141/1451/1395 1122/1422/1366
f 1122/1422/1366 1141/1451/1395 1142/1452/1396
s 23
f 1123/1423/1367 1143/1453/1397 1121/1424/1368
f 1121/1424/1368 1143/1453/1397 1141/1454/1398
f 1123/1423/1367 1124/1425/1369 1143/1453/1397
f 1143/1453/1397 1124/1425/1369 1144/1455/1399
f 1122/1426/1370 1142/1456/1400 1124/1425/1369
f 1124/1425/1369 1142/1456/1400 1144/1455/1399
f 1137/1445/1389 1145/1457/1401 1138/1446/1390
f 1138/1446/1390 1145/1457/1401 1146/1458/1402
f 1138/1446/1390 1146/1458/1402 1139/1447/1391
f 1139/1447/1391 1146/1458/1402 1147/1459/1403
f 1140/1448/1392 1139/1447/1391 1148/1460/1404
f 1148/1460/1404 1139/1447/1391 1147/1459/1403
s 21
f 1137/1449/1393 1140/1450/1394 1145/1461/1405
f 1145/1461/1405 1140/1450/1394 1148/1462/1406
f 1149/1463/1407 1150/1464/1408 1151/1465/1409
f 1151/1465/1409 1150/1464/1408 1152/1466/1410
s 23
f 1153/1467/1411 1154/1468/1412 1149/1469/1413
f 1149/1469/1413 1154/1468/1412 1150/1470/1414
f 1153/1467/1411 1155/1471/1415 1154/1468/1412
f 1154/1468/1412 1155/1471/1415 1156/1472/1416
f 1151/1473/1417 1152/1474/1418 1155/1471/1415
f 1155/1471/1415 1152/1474/1418 1156/1472/1416
f 1157/1475/1419 1158/1476/1420 1159/1477/1421
f 1159/1477/1421 1158/1476/1420 1160/1478/1422
f 1157/1475/1419 1159/1477/1421 1161/1479/1423
f 1161/1479/1423 1159/1477/1421 1162/1480/1424
f 1161/1479/1423 1162/1480/1424 1163/1481/1425
f 1163/1481/1425 1162/1480/1424 1164/1482/1426
s 21
f 1158/1483/1427 1163/1484/1428 1160/1485/1429
f 1160/1485/1429 1163/1484/1428 1164/1486/1430
s 23
f 1146/1458/1402 1145/1457/1401 1165/1487/1431
f 1165/1487/1431 1145/1457/1401 1166/1488/1432
f 1147/1459/1403 1146/1458/1402 1167/1489/1433
f 1167/1489/1433 1146/1458/1402 1165/1487/1431
f 1148/1460/1404 1147/1459/1403 1168/1490/1434
f 1168/1490/1434 1147/1459/1403 1167/1489/1433
s 21
f 1145/1461/1405 1148/1462/1406 1166/1491/1435
f 1166/1491/1435 1148/1462/1406 1168/1492/1436
s 23
f 1165/1487/1431 1166/1488/1432 1169/1493/1437
f 1169/1493/1437 1166/1488/1432 1170/1494/1438
f 1167/1489/1433 1165/1487/1431 1171/1495/1439
f 1171/1495/1439 1165/1487/1431 1169/1493/1437
f 1168/1490/1434 1167/1489/1433 1172/1496/1440
f 1172/1496/1440 1167/1489/1433 1171/1495/1439
s 21
f 1166/1491/1435 1168/1492/1436 1170/1497/1441
f 1170/1497/1441 1168/1492/1436 1172/1498/1442
f 1173/1499/1443 1149/1463/1407 1174/1500/1444
f 1174/1500/1444 1149/1463/1407 1151/1465/1409
s 23
f 1175/1501/1445 1153/1467/1411 1173/1502/1446
f 1173/1502/1446 1153/1467/1411 1149/1469/1413
f 1175/1501/1445 1176/1503/1447 1153/1467/1411
f 1153/1467/1411 1176/1503/1447 1155/1471/1415
f 1174/1504/1448 1151/1473/1417 1176/1503/1447
f 1176/1503/1447 1151/1473/1417 1155/1471/1415
f 1169/1493/1437 1170/1494/1438 1177/1505/1449
f 1177/1505/1449 1170/1494/1438 1178/1506/1450
f 1171/1495/1439 1169/1493/1437 1179/1507/1451
f 1179/1507/1451 1169/1493/1437 1177/1505/1449
f 1172/1496/1440 1171/1495/1439 1180/1508/1452
f 1180/1508/1452 1171/1495/1439 1179/1507/1451
s 21
f 1170/1497/1441 1172/1498/1442 1178/1509/1453
f 1178/1509/1453 1172/1498/1442 1180/1510/1454
f 1181/1511/1455 1173/1499/1443 1182/1512/1456
f 1182/1512/1456 1173/1499/1443 1174/1500/1444
s 23
f 1181/1513/1457 1183/1514/1458 1173/1502/1446
f 1173/1502/1446 1183/1514/1458 1175/1501/1445
f 1183/1514/1458 1184/1515/1459 1175/1501/1445
f 1175/1501/1445 1184/1515/1459 1176/1503/1447
f 1184/1515/1459 1182/1516/1460 1176/1503/1447
f 1176/1503/1447 1182/1516/1460 1174/1504/1448
f 1177/1505/1449 1178/1506/1450 1185/1517/1461
f 1185/1517/1461 1178/1506/1450 1186/1518/1462
f 1179/1507/1451 1177/1505/1449 1187/1519/1463
f 1187/1519/1463 1177/1505/1449 1185/1517/1461
f 1180/1508/1452 1179/1507/1451 1188/1520/1464
f 1188/1520/1464 1179/1507/1451 1187/1519/1463
s 21
f 1178/1509/1453 1180/1510/1454 1186/1521/1465
f 1186/1521/1465 1180/1510/1454 1188/1522/1466
f 1141/1451/1395 1189/1523/1467 1142/1452/1396
f 1142/1452/1396 1189/1523/1467 1190/1524/1468
s 23
f 1143/1453/1397 1191/1525/1469 1141/1454/1398
f 1141/1454/1398 1191/1525/1469 1189/1526/1470
f 1143/1453/1397 1144/1455/1399 1191/1525/1469
f 1191/1525/1469 1144/1455/1399 1192/1527/1471
f 1142/1456/1400 1190/1528/1472 1144/1455/1399
f 1144/1455/1399 1190/1528/1472 1192/1527/1471
f 1185/1529/1461 1186/1530/1462 1193/1531/1473
f 1193/1531/1473 1186/1530/1462 1194/1532/1474
f 1187/1533/1463 1185/1529/1461 1195/1534/1475
f 1195/1534/1475 1185/1529/1461 1193/1531/1473
f 1188/1535/1464 1187/1533/1463 1196/1536/1476
f 1196/1536/1476 1187/1533/1463 1195/1534/1475
s 21
f 1186/1537/1465 1188/1538/1466 1194/1539/1477
f 1194/1539/1477 1188/1538/1466 1196/1540/1478
s 23
f 1046/1308/1252 1197/1541/1479 1048/1310/1254
f 1048/1310/1254 1197/1541/1479 1198/1542/1480
f 1048/1310/1254 1198/1542/1480 1050/1312/1256
f 1050/1312/1256 1198/1542/1480 1199/1543/1481
f 1052/1314/1258 1050/1312/1256 1200/1544/1482
f 1200/1544/1482 1050/1312/1256 1199/1543/1481
s 21
f 1052/1318/1262 1200/1545/1483 1046/1317/1261
f 1046/1317/1261 1200/1545/1483 1197/1546/1484
s 23
f 1193/1531/1473 1194/1532/1474 1201/1547/1485
f 1201/1547/1485 1194/1532/1474 1202/1548/1486
f 1195/1534/1475 1193/1531/1473 1203/1549/1487
f 1203/1549/1487 1193/1531/1473 1201/1547/1485
f 1196/1536/1476 1195/1534/1475 1204/1550/1488
f 1204/1550/1488 1195/1534/1475 1203/1549/1487
s 21
f 1194/1539/1477 1196/1540/1478 1202/1551/1489
f 1202/1551/1489 1196/1540/1478 1204/1552/1490
f 1205/1553/1491 1206/1554/1492 1182/1512/1456
f 1182/1512/1456 1206/1554/1492 1181/1511/1455
s 23
f 1206/1555/1493 1207/1556/1494 1181/1513/1457
f 1181/1513/1457 1207/1556/1494 1183/1514/1458
f 1207/1556/1494 1208/1557/1495 1183/1514/1458
f 1183/1514/1458 1208/1557/1495 1184/1515/1459
f 1208/1557/1495 1205/1558/1496 1184/1515/1459
f 1184/1515/1459 1205/1558/1496 1182/1516/1460
f 1201/1547/1485 1202/1548/1486 1209/1559/1497
f 1209/1559/1497 1202/1548/1486 1210/1560/1498
f 1203/1549/1487 1201/1547/1485 1211/1561/1499
f 1211/1561/1499 1201/1547/1485 1209/1559/1497
f 1204/1550/1488 1203/1549/1487 1212/1562/1500
f 1212/1562/1500 1203/1549/1487 1211/1561/1499
s 21
f 1202/1551/1489 1204/1552/1490 1210/1563/1501
f 1210/1563/1501 1204/1552/1490 1212/1564/1502
f 1213/1565/1503 1214/1566/1504 1205/1553/1491
f 1205/1553/1491 1214/1566/1504 1206/1554/1492
s 23
f 1214/1567/1505 1215/1568/1506 1206/1555/1493
f 1206/1555/1493 1215/1568/1506 1207/1556/1494
f 1215/1568/1506 1216/1569/1507 1207/1556/1494
f 1207/1556/1494 1216/1569/1507 1208/1557/1495
f 1216/1569/1507 1213/1570/1508 1208/1557/1495
f 1208/1557/1495 1213/1570/1508 1205/1558/1496
f 1209/1559/1497 1210/1560/1498 1217/1571/1509
f 1217/1571/1509 1210/1560/1498 1218/1572/1510
f 1211/1561/1499 1209/1559/1497 1219/1573/1511
f 1219/1573/1511 1209/1559/1497 1217/1571/1509
f 1212/1562/1500 1211/1561/1499 1220/1574/1512
f 1220/1574/1512 1211/1561/1499 1219/1573/1511
s 21
f 1210/1563/1501 1212/1564/1502 1218/1575/1513
f 1218/1575/1513 1212/1564/1502 1220/1576/1514
s 23
f 1221/1577/1515 1222/1578/1516 1102/1392/1336
f 1102/1392/1336 1222/1578/1516 1101/1391/1335
f 1221/1577/1515 1102/1392/1336 1223/1579/1517
f 1223/1579/1517 1102/1392/1336 1103/1393/1337
f 1224/1580/1518 1223/1579/1517 1104/1394/1338
f 1104/1394/1338 1223/1579/1517 1103/1393/1337
s 21
f 1222/1581/1519 1224/1582/1520 1101/1396/1340
f 1101/1396/1340 1224/1582/1520 1104/1395/1339
f 1189/1523/1467 1225/1583/1521 1190/1524/1468
f 1190/1524/1468 1225/1583/1521 1226/1584/1522
s 23
f 1191/1525/1469 1227/1585/1523 1189/1526/1470
f 1189/1526/1470 1227/1585/1523 1225/1586/1524
f 1191/1525/1469 1192/1527/1471 1227/1585/1523
f 1227/1585/1523 1192/1527/1471 1228/1587/1525
f 1190/1528/1472 1226/1588/1526 1192/1527/1471
f 1192/1527/1471 1226/1588/1526 1228/1587/1525
f 1217/1571/1509 1218/1572/1510 1229/1589/1527
f 1229/1589/1527 1218/1572/1510 1230/1590/1528
f 1219/1573/1511 1217/1571/1509 1231/1591/1529
f 1231/1591/1529 1217/1571/1509 1229/1589/1527
f 1220/1574/1512 1219/1573/1511 1232/1592/1530
f 1232/1592/1530 1219/1573/1511 1231/1591/1529
s 21
f 1218/1575/1513 1220/1576/1514 1230/1593/1531
f 1230/1593/1531 1220/1576/1514 1232/1594/1532
f 1233/1595/1533 1234/1596/1534 1213/1565/1503
f 1213/1565/1503 1234/1596/1534 1214/1566/1504
s 23
f 1234/1597/1535 1235/1598/1536 1214/1567/1505
f 1214/1567/1505 1235/1598/1536 1215/1568/1506
f 1235/1598/1536 1236/1599/1537 1215/1568/1506
f 1215/1568/1506 1236/1599/1537 1216/1569/1507
f 1236/1599/1537 1233/1600/1538 1216/1569/1507
f 1216/1569/1507 1233/1600/1538 1213/1570/1508
f 1229/1589/1527 1230/1590/1528 1237/1601/1539
f 1237/1601/1539 1230/1590/1528 1238/1602/1540
f 1231/1591/1529 1229/1589/1527 1239/1603/1541
f 1239/1603/1541 1229/1589/1527 1237/1601/1539
f 1232/1592/1530 1231/1591/1529 1240/1604/1542
f 1240/1604/1542 1231/1591/1529 1239/1603/1541
s 21
f 1230/1593/1531 1232/1594/1532 1238/1605/1543
f 1238/1605/1543 1232/1594/1532 1240/1606/1544
s 23
f 1237/1601/1539 1238/1602/1540 1241/1607/1545
f 1241/1607/1545 1238/1602/1540 1242/1608/1546
f 1239/1603/1541 1237/1601/1539 1243/1609/1547
f 1243/1609/1547 1237/1601/1539 1241/1607/1545
f 1239/1603/1541 1243/1609/1547 1240/1604/1542
f 1240/1604/1542 1243/1609/1547 1244/1610/1548
s 21
f 1240/1606/1544 1244/1611/1549 1238/1605/1543
f 1238/1605/1543 1244/1611/1549 1242/1612/1550
f 1245/1613/1551 1246/1614/1552 1233/1595/1533
f 1233/1595/1533 1246/1614/1552 1234/1596/1534
s 23
f 1246/1615/1553 1247/1616/1554 1234/1597/1535
f 1234/1597/1535 1247/1616/1554 1235/1598/1536
f 1247/1616/1554 1248/1617/1555 1235/1598/1536
f 1235/1598/1536 1248/1617/1555 1236/1599/1537
f 1248/1617/1555 1245/1618/1556 1236/1599/1537
f 1236/1599/1537 1245/1618/1556 1233/1600/1538
f 1242/1608/1546 1249/1619/1557 1241/1607/1545
f 1241/1607/1545 1249/1619/1557 1250/1620/1558
f 1243/1609/1547 1241/1607/1545 1251/1621/1559
f 1251/1621/1559 1241/1607/1545 1250/1620/1558
f 1243/1609/1547 1251/1621/1559 1244/1610/1548
f 1244/1610/1548 1251/1621/1559 1252/1622/1560
s 21
f 1244/1611/1549 1252/1623/1561 1242/1612/1550
f 1242/1612/1550 1252/1623/1561 1249/1624/1562
f 1225/1583/1521 1253/1625/1563 1226/1584/1522
f 1226/1584/1522 1253/1625/1563 1254/1626/1564
s 23
f 1227/1585/1523 1255/1627/1565 1225/1586/1524
f 1225/1586/1524 1255/1627/1565 1253/1628/1566
f 1227/1585/1523 1228/1587/1525 1255/1627/1565
f 1255/1627/1565 1228/1587/1525 1256/1629/1567
f 1226/1588/1526 1254/1630/1568 1228/1587/1525
f 1228/1587/1525 1254/1630/1568 1256/1629/1567
f 1249/1619/1557 1257/1631/1569 1250/1620/1558
f 1250/1620/1558 1257/1631/1569 1258/1632/1570
f 1251/1621/1559 1250/1620/1558 1259/1633/1571
f 1259/1633/1571 1250/1620/1558 1258/1632/1570
f 1251/1621/1559 1259/1633/1571 1252/1622/1560
f 1252/1622/1560 1259/1633/1571 1260/1634/1572
s 21
f 1252/1623/1561 1260/1635/1573 1249/1624/1562
f 1249/1624/1562 1260/1635/1573 1257/1636/1574
f 1261/1637/1575 1262/1638/1576 1245/1613/1551
f 1245/1613/1551 1262/1638/1576 1246/1614/1552
s 23
f 1262/1639/1577 1263/1640/1578 1246/1615/1553
f 1246/1615/1553 1263/1640/1578 1247/1616/1554
f 1263/1640/1578 1264/1641/1579 1247/1616/1554
f 1247/1616/1554 1264/1641/1579 1248/1617/1555
f 1264/1641/1579 1261/1642/1580 1248/1617/1555
f 1248/1617/1555 1261/1642/1580 1245/1618/1556
f 1258/1632/1570 1257/1631/1569 1265/1643/1581
f 1265/1643/1581 1257/1631/1569 1266/1644/1582
f 1258/1632/1570 1265/1643/1581 1259/1633/1571
f 1259/1633/1571 1265/1643/1581 1267/1645/1583
f 1259/1633/1571 1267/1645/1583 1260/1634/1572
f 1260/1634/1572 1267/1645/1583 1268/1646/1584
s 21
f 1257/1636/1574 1260/1635/1573 1266/1647/1585
f 1266/1647/1585 1260/1635/1573 1268/1648/1586
f 1269/1649/1587 1270/1650/1588 1271/1651/1589
f 1271/1651/1589 1270/1650/1588 1272/1652/1590
s 23
f 1273/1653/1591 1274/1654/1592 1270/1655/1593
f 1270/1655/1593 1274/1654/1592 1272/1656/1594
f 1275/1657/1595 1276/1658/1596 1273/1653/1591
f 1273/1653/1591 1276/1658/1596 1274/1654/1592
f 1275/1657/1595 1269/1659/1597 1276/1658/1596
f 1276/1658/1596 1269/1659/1597 1271/1660/1598
f 1265/1643/1581 1266/1644/1582 1277/1661/1599
f 1277/1661/1599 1266/1644/1582 1278/1662/1600
f 1265/1643/1581 1277/1661/1599 1267/1645/1583
f 1267/1645/1583 1277/1661/1599 1279/1663/1601
f 1267/1645/1583 1279/1663/1601 1268/1646/1584
f 1268/1646/1584 1279/1663/1601 1280/1664/1602
s 21
f 1266/1647/1585 1268/1648/1586 1278/1665/1603
f 1278/1665/1603 1268/1648/1586 1280/1666/1604
f 1281/1667/1605 1282/1668/1606 1261/1637/1575
f 1261/1637/1575 1282/1668/1606 1262/1638/1576
s 23
f 1282/1669/1607 1283/1670/1608 1262/1639/1577
f 1262/1639/1577 1283/1670/1608 1263/1640/1578
f 1283/1670/1608 1284/1671/1609 1263/1640/1578
f 1263/1640/1578 1284/1671/1609 1264/1641/1579
f 1284/1671/1609 1281/1672/1610 1264/1641/1579
f 1264/1641/1579 1281/1672/1610 1261/1642/1580
f 1278/1662/1600 1285/1673/1611 1277/1661/1599
f 1277/1661/1599 1285/1673/1611 1286/1674/1612
f 1277/1661/1599 1286/1674/1612 1279/1663/1601
f 1279/1663/1601 1286/1674/1612 1287/1675/1613
f 1279/1663/1601 1287/1675/1613 1280/1664/1602
f 1280/1664/1602 1287/1675/1613 1288/1676/1614
s 21
f 1278/1665/1603 1280/1666/1604 1285/1677/1615
f 1285/1677/1615 1280/1666/1604 1288/1678/1616
f 1253/1625/1563 1289/1679/1617 1254/1626/1564
f 1254/1626/1564 1289/1679/1617 1290/1680/1618
s 23
f 1255/1627/1565 1291/1681/1619 1253/1628/1566
f 1253/1628/1566 1291/1681/1619 1289/1682/1620
f 1255/1627/1565 1256/1629/1567 1291/1681/1619
f 1291/1681/1619 1256/1629/1567 1292/1683/1621
f 1254/1630/1568 1290/1684/1622 1256/1629/1567
f 1256/1629/1567 1290/1684/1622 1292/1683/1621
f 1285/1673/1611 1293/1685/1623 1286/1674/1612
f 1286/1674/1612 1293/1685/1623 1294/1686/1624
f 1286/1674/1612 1294/1686/1624 1287/1675/1613
f 1287/1675/1613 1294/1686/1624 1295/1687/1625
f 1287/1675/1613 1295/1687/1625 1288/1676/1614
f 1288/1676/1614 1295/1687/1625 1296/1688/1626
s 21
f 1285/1677/1615 1288/1678/1616 1293/1689/1627
f 1293/1689/1627 1288/1678/1616 1296/1690/1628
s 23
f 1297/1691/1629 1298/1692/1630 1221/1577/1515
f 1221/1577/1515 1298/1692/1630 1222/1578/1516
f 1297/1691/1629 1221/1577/1515 1299/1693/1631
f 1299/1693/1631 1221/1577/1515 1223/1579/1517
f 1299/1693/1631 1223/1579/1517 1300/1694/1632
f 1300/1694/1632 1223/1579/1517 1224/1580/1518
s 21
f 1298/1695/1633 1300/1696/1634 1222/1581/1519
f 1222/1581/1519 1300/1696/1634 1224/1582/1520
s 23
f 1293/1685/1623 1301/1697/1635 1294/1686/1624
f 1294/1686/1624 1301/1697/1635 1302/1698/1636
f 1294/1686/1624 1302/1698/1636 1295/1687/1625
f 1295/1687/1625 1302/1698/1636 1303/1699/1637
f 1295/1687/1625 1303/1699/1637 1296/1688/1626
f 1296/1688/1626 1303/1699/1637 1304/1700/1638
s 21
f 1293/1689/1627 1296/1690/1628 1301/1701/1639
f 1301/1701/1639 1296/1690/1628 1304/1702/1640
f 1305/1703/1641 1306/1704/1642 1281/1667/1605
f 1281/1667/1605 1306/1704/1642 1282/1668/1606
s 23
f 1306/1705/1643 1307/1706/1644 1282/1669/1607
f 1282/1669/1607 1307/1706/1644 1283/1670/1608
f 1307/1706/1644 1308/1707/1645 1283/1670/1608
f 1283/1670/1608 1308/1707/1645 1284/1671/1609
f 1308/1707/1645 1305/1708/1646 1284/1671/1609
f 1284/1671/1609 1305/1708/1646 1281/1672/1610
f 1301/1697/1635 1309/1709/1647 1302/1698/1636
f 1302/1698/1636 1309/1709/1647 1310/1710/1648
f 1302/1698/1636 1310/1710/1648 1303/1699/1637
f 1303/1699/1637 1310/1710/1648 1311/1711/1649
f 1303/1699/1637 1311/1711/1649 1304/1700/1638
f 1304/1700/1638 1311/1711/1649 1312/1712/1650
s 21
f 1304/1702/1640 1312/1713/1651 1301/1701/1639
f 1301/1701/1639 1312/1713/1651 1309/1714/1652
f 1289/1679/1617 1313/1715/1653 1290/1680/1618
f 1290/1680/1618 1313/1715/1653 1314/1716/1654
s 23
f 1291/1681/1619 1315/1717/1655 1289/1682/1620
f 1289/1682/1620 1315/1717/1655 1313/1718/1656
f 1292/1683/1621 1316/1719/1657 1291/1681/1619
f 1291/1681/1619 1316/1719/1657 1315/1717/1655
f 1290/1684/1622 1314/1720/1658 1292/1683/1621
f 1292/1683/1621 1314/1720/1658 1316/1719/1657
f 1309/1709/1647 1317/1721/1659 1310/1710/1648
f 1310/1710/1648 1317/1721/1659 1318/1722/1660
f 1310/1710/1648 1318/1722/1660 1311/1711/1649
f 1311/1711/1649 1318/1722/1660 1319/1723/1661
f 1311/1711/1649 1319/1723/1661 1312/1712/1650
f 1312/1712/1650 1319/1723/1661 1320/1724/1662
s 21
f 1312/1713/1651 1320/1725/1663 1309/1714/1652
f 1309/1714/1652 1320/1725/1663 1317/1726/1664
f 1321/1727/1665 1322/1728/1666 1305/1703/1641
f 1305/1703/1641 1322/1728/1666 1306/1704/1642
s 23
f 1322/1729/1667 1323/1730/1668 1306/1705/1643
f 1306/1705/1643 1323/1730/1668 1307/1706/1644
f 1323/1730/1668 1324/1731/1669 1307/1706/1644
f 1307/1706/1644 1324/1731/1669 1308/1707/1645
f 1324/1731/1669 1321/1732/1670 1308/1707/1645
f 1308/1707/1645 1321/1732/1670 1305/1708/1646
f 1325/1733/1671 1326/1734/1672 1297/1691/1629
f 1297/1691/1629 1326/1734/1672 1298/1692/1630
f 1325/1733/1671 1297/1691/1629 1327/1735/1673
f 1327/1735/1673 1297/1691/1629 1299/1693/1631
f 1327/1735/1673 1299/1693/1631 1328/1736/1674
f 1328/1736/1674 1299/1693/1631 1300/1694/1632
s 21
f 1326/1737/1675 1328/1738/1676 1298/1695/1633
f 1298/1695/1633 1328/1738/1676 1300/1696/1634
s 23
f 1317/1721/1659 1329/1739/1677 1318/1722/1660
f 1318/1722/1660 1329/1739/1677 1330/1740/1678
f 1319/1723/1661 1318/1722/1660 1331/1741/1679
f 1331/1741/1679 1318/1722/1660 1330/1740/1678
f 1320/1724/1662 1319/1723/1661 1332/1742/1680
f 1332/1742/1680 1319/1723/1661 1331/1741/1679
s 21
f 1320/1725/1663 1332/1743/1681 1317/1726/1664
f 1317/1726/1664 1332/1743/1681 1329/1744/1682
f 1333/1745/1683 1334/1746/1684 1321/1727/1665
f 1321/1727/1665 1334/1746/1684 1322/1728/1666
s 23
f 1334/1747/1685 1335/1748/1686 1322/1729/1667
f 1322/1729/1667 1335/1748/1686 1323/1730/1668
f 1335/1748/1686 1336/1749/1687 1323/1730/1668
f 1323/1730/1668 1336/1749/1687 1324/1731/1669
f 1336/1749/1687 1333/1750/1688 1324/1731/1669
f 1324/1731/1669 1333/1750/1688 1321/1732/1670
f 1330/1740/1678 1329/1739/1677 1337/1751/1689
f 1337/1751/1689 1329/1739/1677 1338/1752/1690
f 1331/1741/1679 1330/1740/1678 1339/1753/1691
f 1339/1753/1691 1330/1740/1678 1337/1751/1689
f 1332/1742/1680 1331/1741/1679 1340/1754/1692
f 1340/1754/1692 1331/1741/1679 1339/1753/1691
s 21
f 1332/1743/1681 1340/1755/1693 1329/1744/1682
f 1329/1744/1682 1340/1755/1693 1338/1756/1694
f 1341/1757/1695 1342/1758/1696 1333/1745/1683
f 1333/1745/1683 1342/1758/1696 1334/1746/1684
s 23
f 1342/1759/1697 1343/1760/1698 1334/1747/1685
f 1334/1747/1685 1343/1760/1698 1335/1748/1686
f 1343/1760/1698 1344/1761/1699 1335/1748/1686
f 1335/1748/1686 1344/1761/1699 1336/1749/1687
f 1344/1761/1699 1341/1762/1700 1336/1749/1687
f 1336/1749/1687 1341/1762/1700 1333/1750/1688
f 1338/1752/1690 1345/1763/1701 1337/1751/1689
f 1337/1751/1689 1345/1763/1701 1346/1764/1702
f 1339/1753/1691 1337/1751/1689 1347/1765/1703
f 1347/1765/1703 1337/1751/1689 1346/1764/1702
f 1340/1754/1692 1339/1753/1691 1348/1766/1704
f 1348/1766/1704 1339/1753/1691 1347/1765/1703
s 21
f 1340/1755/1693 1348/1767/1705 1338/1756/1694
f 1338/1756/1694 1348/1767/1705 1345/1768/1706
s 23
f 1197/1541/1479 1349/1769/1707 1198/1542/1480
f 1198/1542/1480 1349/1769/1707 1350/1770/1708
f 1199/1543/1481 1198/1542/1480 1351/1771/1709
f 1351/1771/1709 1198/1542/1480 1350/1770/1708
f 1200/1544/1482 1199/1543/1481 1352/1772/1710
f 1352/1772/1710 1199/1543/1481 1351/1771/1709
s 21
f 1200/1545/1483 1352/1773/1711 1197/1546/1484
f 1197/1546/1484 1352/1773/1711 1349/1774/1712
s 23
f 1345/1763/1701 1353/1775/1713 1346/1764/1702
f 1346/1764/1702 1353/1775/1713 1354/1776/1714
f 1347/1765/1703 1346/1764/1702 1355/1777/1715
f 1355/1777/1715 1346/1764/1702 1354/1776/1714
f 1347/1765/1703 1355/1777/1715 1348/1766/1704
f 1348/1766/1704 1355/1777/1715 1356/1778/1716
s 21
f 1348/1767/1705 1356/1779/1717 1345/1768/1706
f 1345/1768/1706 1356/1779/1717 1353/1780/1718
f 1357/1781/1719 1358/1782/1720 1341/1757/1695
f 1341/1757/1695 1358/1782/1720 1342/1758/1696
s 23
f 1358/1783/1721 1359/1784/1722 1342/1759/1697
f 1342/1759/1697 1359/1784/1722 1343/1760/1698
f 1359/1784/1722 1360/1785/1723 1343/1760/1698
f 1343/1760/1698 1360/1785/1723 1344/1761/1699
f 1360/1785/1723 1357/1786/1724 1344/1761/1699
f 1344/1761/1699 1357/1786/1724 1341/1762/1700
f 1353/1775/1713 1361/1787/1725 1354/1776/1714
f 1354/1776/1714 1361/1787/1725 1362/1788/1726
f 1355/1777/1715 1354/1776/1714 1363/1789/1727
f 1363/1789/1727 1354/1776/1714 1362/1788/1726
f 1355/1777/1715 1363/1789/1727 1356/1778/1716
f 1356/1778/1716 1363/1789/1727 1364/1790/1728
s 21
f 1356/1779/1717 1364/1791/1729 1353/1780/1718
f 1353/1780/1718 1364/1791/1729 1361/1792/1730
s 23
f 1361/1787/1725 1365/1793/1731 1362/1788/1726
f 1362/1788/1726 1365/1793/1731 1366/1794/1732
f 1363/1789/1727 1362/1788/1726 1367/1795/1733
f 1367/1795/1733 1362/1788/1726 1366/1794/1732
f 1363/1789/1727 1367/1795/1733 1364/1790/1728
f 1364/1790/1728 1367/1795/1733 1368/1796/1734
s 21
f 1364/1791/1729 1368/1797/1735 1361/1792/1730
f 1361/1792/1730 1368/1797/1735 1365/1798/1736
f 1314/1716/1654 1313/1715/1653 1369/1799/1737
f 1369/1799/1737 1313/1715/1653 1370/1800/1738
s 23
f 1315/1717/1655 1371/1801/1739 1313/1718/1656
f 1313/1718/1656 1371/1801/1739 1370/1802/1740
f 1316/1719/1657 1372/1803/1741 1315/1717/1655
f 1315/1717/1655 1372/1803/1741 1371/1801/1739
f 1314/1720/1658 1369/1804/1742 1316/1719/1657
f 1316/1719/1657 1369/1804/1742 1372/1803/1741
f 1366/1794/1732 1365/1793/1731 1373/1805/1743
f 1373/1805/1743 1365/1793/1731 1374/1806/1744
f 1367/1795/1733 1366/1794/1732 1375/1807/1745
f 1375/1807/1745 1366/1794/1732 1373/1805/1743
f 1368/1796/1734 1367/1795/1733 1376/1808/1746
f 1376/1808/1746 1367/1795/1733 1375/1807/1745
s 21
f 1365/1798/1736 1368/1797/1735 1374/1809/1747
f 1374/1809/1747 1368/1797/1735 1376/1810/1748
f 1377/1811/1749 1378/1812/1750 1357/1781/1719
f 1357/1781/1719 1378/1812/1750 1358/1782/1720
s 23
f 1378/1813/1751 1379/1814/1752 1358/1783/1721
f 1358/1783/1721 1379/1814/1752 1359/1784/1722
f 1379/1814/1752 1380/1815/1753 1359/1784/1722
f 1359/1784/1722 1380/1815/1753 1360/1785/1723
f 1380/1815/1753 1377/1816/1754 1360/1785/1723
f 1360/1785/1723 1377/1816/1754 1357/1786/1724
f 1373/1805/1743 1374/1806/1744 1381/1817/1755
f 1381/1817/1755 1374/1806/1744 1382/1818/1756
f 1375/1807/1745 1373/1805/1743 1383/1819/1757
f 1383/1819/1757 1373/1805/1743 1381/1817/1755
f 1376/1808/1746 1375/1807/1745 1384/1820/1758
f 1384/1820/1758 1375/1807/1745 1383/1819/1757
s 21
f 1374/1809/1747 1376/1810/1748 1382/1821/1759
f 1382/1821/1759 1376/1810/1748 1384/1822/1760
s 23
f 1349/1769/1707 1385/1823/1761 1350/1770/1708
f 1350/1770/1708 1385/1823/1761 1386/1824/1762
f 1351/1771/1709 1350/1770/1708 1387/1825/1763
f 1387/1825/1763 1350/1770/1708 1386/1824/1762
f 1352/1772/1710 1351/1771/1709 1388/1826/1764
f 1388/1826/1764 1351/1771/1709 1387/1825/1763
s 21
f 1352/1773/1711 1388/1827/1765 1349/1774/1712
f 1349/1774/1712 1388/1827/1765 1385/1828/1766
f 1369/1799/1737 1370/1800/1738 1389/1829/1767
f 1389/1829/1767 1370/1800/1738 1390/1830/1768
s 23
f 1370/1802/1740 1371/1801/1739 1390/1831/1769
f 1390/1831/1769 1371/1801/1739 1391/1832/1770
f 1372/1803/1741 1392/1833/1771 1371/1801/1739
f 1371/1801/1739 1392/1833/1771 1391/1832/1770
f 1369/1804/1742 1389/1834/1772 1372/1803/1741
f 1372/1803/1741 1389/1834/1772 1392/1833/1771
f 1381/1817/1755 1382/1818/1756 1393/1835/1773
f 1393/1835/1773 1382/1818/1756 1394/1836/1774
f 1383/1819/1757 1381/1817/1755 1395/1837/1775
f 1395/1837/1775 1381/1817/1755 1393/1835/1773
f 1384/1820/1758 1383/1819/1757 1396/1838/1776
f 1396/1838/1776 1383/1819/1757 1395/1837/1775
s 21
f 1382/1821/1759 1384/1822/1760 1394/1839/1777
f 1394/1839/1777 1384/1822/1760 1396/1840/1778
f 1397/1841/1779 1378/1812/1750 1398/1842/1780
f 1398/1842/1780 1378/1812/1750 1377/1811/1749
s 23
f 1397/1843/1781 1399/1844/1782 1378/1813/1751
f 1378/1813/1751 1399/1844/1782 1379/1814/1752
f 1399/1844/1782 1400/1845/1783 1379/1814/1752
f 1379/1814/1752 1400/1845/1783 1380/1815/1753
f 1400/1845/1783 1398/1846/1784 1380/1815/1753
f 1380/1815/1753 1398/1846/1784 1377/1816/1754
f 1393/1847/1773 1394/1848/1774 1401/1849/1785
f 1401/1849/1785 1394/1848/1774 1402/1850/1786
f 1395/1851/1775 1393/1847/1773 1403/1852/1787
f 1403/1852/1787 1393/1847/1773 1401/1849/1785
f 1396/1853/1776 1395/1851/1775 1404/1854/1788
f 1404/1854/1788 1395/1851/1775 1403/1852/1787
s 21
f 1394/1855/1777 1396/1856/1778 1402/1857/1789
f 1402/1857/1789 1396/1856/1778 1404/1858/1790
s 23
f 1401/1849/1785 1402/1850/1786 1405/1859/1791
f 1405/1859/1791 1402/1850/1786 1406/1860/1792
f 1403/1852/1787 1401/1849/1785 1407/1861/1793
f 1407/1861/1793 1401/1849/1785 1405/1859/1791
f 1404/1854/1788 1403/1852/1787 1408/1862/1794
f 1408/1862/1794 1403/1852/1787 1407/1861/1793
s 21
f 1402/1857/1789 1404/1858/1790 1406/1863/1795
f 1406/1863/1795 1404/1858/1790 1408/1864/1796
f 1409/1865/1797 1397/1841/1779 1410/1866/1798
f 1410/1866/1798 1397/1841/1779 1398/1842/1780
s 23
f 1409/1867/1799 1411/1868/1800 1397/1843/1781
f 1397/1843/1781 1411/1868/1800 1399/1844/1782
f 1411/1868/1800 1412/1869/1801 1399/1844/1782
f 1399/1844/1782 1412/1869/1801 1400/1845/1783
f 1412/1869/1801 1410/1870/1802 1400/1845/1783
f 1400/1845/1783 1410/1870/1802 1398/1846/1784
f 1406/1860/1792 1413/1871/1803 1405/1859/1791
f 1405/1859/1791 1413/1871/1803 1414/1872/1804
f 1405/1859/1791 1414/1872/1804 1407/1861/1793
f 1407/1861/1793 1414/1872/1804 1415/1873/1805
f 1407/1861/1793 1415/1873/1805 1408/1862/1794
f 1408/1862/1794 1415/1873/1805 1416/1874/1806
s 21
f 1406/1863/1795 1408/1864/1796 1413/1875/1807
f 1413/1875/1807 1408/1864/1796 1416/1876/1808
s 23
f 1417/1877/1809 1418/1878/1810 1325/1733/1671
f 1325/1733/1671 1418/1878/1810 1326/1734/1672
f 1417/1877/1809 1325/1733/1671 1419/1879/1811
f 1419/1879/1811 1325/1733/1671 1327/1735/1673
f 1419/1879/1811 1327/1735/1673 1420/1880/1812
f 1420/1880/1812 1327/1735/1673 1328/1736/1674
s 21
f 1418/1881/1813 1420/1882/1814 1326/1737/1675
f 1326/1737/1675 1420/1882/1814 1328/1738/1676
f 1390/1830/1768 1421/1883/1815 1389/1829/1767
f 1389/1829/1767 1421/1883/1815 1422/1884/1816
s 23
f 1390/1831/1769 1391/1832/1770 1421/1885/1817
f 1421/1885/1817 1391/1832/1770 1423/1886/1818
f 1392/1833/1771 1424/1887/1819 1391/1832/1770
f 1391/1832/1770 1424/1887/1819 1423/1886/1818
f 1389/1834/1772 1422/1888/1820 1392/1833/1771
f 1392/1833/1771 1422/1888/1820 1424/1887/1819
f 1413/1871/1803 1425/1889/1821 1414/1872/1804
f 1414/1872/1804 1425/1889/1821 1426/1890/1822
f 1414/1872/1804 1426/1890/1822 1415/1873/1805
f 1415/1873/1805 1426/1890/1822 1427/1891/1823
f 1415/1873/1805 1427/1891/1823 1416/1874/1806
f 1416/1874/1806 1427/1891/1823 1428/1892/1824
s 21
f 1413/1875/1807 1416/1876/1808 1425/1893/1825
f 1425/1893/1825 1416/1876/1808 1428/1894/1826
s 23
f 1425/1889/1821 1429/1895/1827 1426/1890/1822
f 1426/1890/1822 1429/1895/1827 1430/1896/1828
f 1426/1890/1822 1430/1896/1828 1427/1891/1823
f 1427/1891/1823 1430/1896/1828 1431/1897/1829
f 1427/1891/1823 1431/1897/1829 1428/1892/1824
f 1428/1892/1824 1431/1897/1829 1432/1898/1830
s 21
f 1425/1893/1825 1428/1894/1826 1429/1899/1831
f 1429/1899/1831 1428/1894/1826 1432/1900/1832
f 1433/1901/1833 1409/1865/1797 1434/1902/1834
f 1434/1902/1834 1409/1865/1797 1410/1866/1798
s 23
f 1433/1903/1835 1435/1904/1836 1409/1867/1799
f 1409/1867/1799 1435/1904/1836 1411/1868/1800
f 1435/1904/1836 1436/1905/1837 1411/1868/1800
f 1411/1868/1800 1436/1905/1837 1412/1869/1801
f 1434/1906/1838 1410/1870/1802 1436/1905/1837
f 1436/1905/1837 1410/1870/1802 1412/1869/1801
f 1438/1907/1839 1589/1908/1840 1437/1909/1841
f 1591/1910/1842 1438/1907/1839 1439/1911/1843
f 1590/1912/1844 1591/1910/1842 1439/1911/1843
s 21
f 1440/1913/1845 1589/1914/1846 1590/1915/1847
f 1421/1883/1815 1441/1916/1848 1422/1884/1816
f 1422/1884/1816 1441/1916/1848 1442/1917/1849
s 23
f 1421/1885/1817 1423/1886/1818 1441/1918/1850
f 1441/1918/1850 1423/1886/1818 1443/1919/1851
f 1424/1887/1819 1444/1920/1852 1423/1886/1818
f 1423/1886/1818 1444/1920/1852 1443/1919/1851
f 1422/1888/1820 1442/1921/1853 1424/1887/1819
f 1424/1887/1819 1442/1921/1853 1444/1920/1852
f 1446/1922/1854 1585/1923/1855 1445/1924/1856
f 1587/1925/1857 1446/1922/1854 1447/1926/1858
f 1586/1927/1859 1587/1925/1857 1447/1926/1858
s 21
f 1448/1928/1860 1585/1929/1861 1586/1930/1862
f 1449/1931/1863 1433/1932/1833 1450/1933/1864
f 1450/1933/1864 1433/1932/1833 1434/1934/1834
s 23
f 1449/1935/1865 1451/1936/1866 1433/1937/1835
f 1433/1937/1835 1451/1936/1866 1435/1938/1836
f 1451/1936/1866 1452/1939/1867 1435/1938/1836
f 1435/1938/1836 1452/1939/1867 1436/1940/1837
f 1450/1941/1868 1434/1942/1838 1452/1939/1867
f 1452/1939/1867 1434/1942/1838 1436/1940/1837
f 1453/1943/1869 1594/1944/1870 1454/1945/1871
f 1455/1946/1872 1596/1947/1873 1453/1943/1869
f 1455/1946/1872 1595/1948/1874 1596/1947/1873
s 21
f 1594/1949/1875 1595/1950/1876 1456/1951/1877
f 1160/1485/1429 1164/1486/1430 1269/1649/1587
f 1269/1649/1587 1164/1486/1430 1270/1650/1588
s 23
f 1162/1480/1424 1273/1653/1591 1164/1482/1426
f 1164/1482/1426 1273/1653/1591 1270/1655/1593
f 1159/1477/1421 1275/1657/1595 1162/1480/1424
f 1162/1480/1424 1275/1657/1595 1273/1653/1591
f 1159/1477/1421 1160/1478/1422 1275/1657/1595
f 1275/1657/1595 1160/1478/1422 1269/1659/1597
f 1458/1952/1878 1453/1943/1869 1454/1945/1871
f 1455/1946/1872 1453/1943/1869 1459/1953/1879
f 1459/1953/1879 1453/1943/1869 1457/1954/1880
f 1459/1953/1879 1456/1955/1881 1455/1946/1872
s 21
f 1456/1951/1877 1460/1956/1882 1454/1957/1883
f 1454/1957/1883 1460/1956/1882 1458/1958/1884
f 1461/1959/1885 1449/1931/1863 1462/1960/1886
f 1462/1960/1886 1449/1931/1863 1450/1933/1864
s 23
f 1461/1961/1887 1463/1962/1888 1449/1935/1865
f 1449/1935/1865 1463/1962/1888 1451/1936/1866
f 1463/1962/1888 1464/1963/1889 1451/1936/1866
f 1451/1936/1866 1464/1963/1889 1452/1939/1867
f 1462/1964/1890 1450/1941/1868 1464/1963/1889
f 1464/1963/1889 1450/1941/1868 1452/1939/1867
f 1465/1965/1891 1466/1966/1892 1417/1877/1809
f 1417/1877/1809 1466/1966/1892 1418/1878/1810
f 1465/1965/1891 1417/1877/1809 1467/1967/1893
f 1467/1967/1893 1417/1877/1809 1419/1879/1811
f 1467/1967/1893 1419/1879/1811 1468/1968/1894
f 1468/1968/1894 1419/1879/1811 1420/1880/1812
s 21
f 1466/1969/1895 1468/1970/1896 1418/1881/1813
f 1418/1881/1813 1468/1970/1896 1420/1882/1814
s 23
f 1458/1952/1878 1469/1971/1897 1457/1954/1880
f 1457/1954/1880 1469/1971/1897 1470/1972/1898
f 1459/1953/1879 1457/1954/1880 1471/1973/1899
f 1471/1973/1899 1457/1954/1880 1470/1972/1898
f 1459/1953/1879 1471/1973/1899 1460/1974/1900
f 1460/1974/1900 1471/1973/1899 1472/1975/1901
s 21
f 1460/1956/1882 1472/1976/1902 1458/1958/1884
f 1458/1958/1884 1472/1976/1902 1469/1977/1903
f 1473/1978/1904 1461/1959/1885 1474/1979/1905
f 1474/1979/1905 1461/1959/1885 1462/1960/1886
s 23
f 1473/1980/1906 1475/1981/1907 1461/1961/1887
f 1461/1961/1887 1475/1981/1907 1463/1962/1888
f 1475/1981/1907 1476/1982/1908 1463/1962/1888
f 1463/1962/1888 1476/1982/1908 1464/1963/1889
f 1474/1983/1909 1462/1964/1890 1476/1982/1908
f 1476/1982/1908 1462/1964/1890 1464/1963/1889
f 1469/1971/1897 1477/1984/1910 1470/1972/1898
f 1470/1972/1898 1477/1984/1910 1478/1985/1911
f 1470/1972/1898 1478/1985/1911 1471/1973/1899
f 1471/1973/1899 1478/1985/1911 1479/1986/1912
f 1471/1973/1899 1479/1986/1912 1472/1975/1901
f 1472/1975/1901 1479/1986/1912 1480/1987/1913
s 21
f 1472/1976/1902 1480/1988/1914 1469/1977/1903
f 1469/1977/1903 1480/1988/1914 1477/1989/1915
f 1441/1916/1848 1481/1990/1916 1442/1917/1849
f 1442/1917/1849 1481/1990/1916 1482/1991/1917
s 23
f 1441/1918/1850 1443/1919/1851 1481/1992/1918
f 1481/1992/1918 1443/1919/1851 1483/1993/1919
f 1444/1920/1852 1484/1994/1920 1443/1919/1851
f 1443/1919/1851 1484/1994/1920 1483/1993/1919
f 1442/1921/1853 1482/1995/1921 1444/1920/1852
f 1444/1920/1852 1482/1995/1921 1484/1994/1920
f 1477/1984/1910 1485/1996/1922 1478/1985/1911
f 1478/1985/1911 1485/1996/1922 1486/1997/1923
f 1478/1985/1911 1486/1997/1923 1479/1986/1912
f 1479/1986/1912 1486/1997/1923 1487/1998/1924
f 1479/1986/1912 1487/1998/1924 1480/1987/1913
f 1480/1987/1913 1487/1998/1924 1488/1999/1925
s 21
f 1480/1988/1914 1488/2000/1926 1477/1989/1915
f 1477/1989/1915 1488/2000/1926 1485/2001/1927
f 1489/2002/1928 1473/1978/1904 1490/2003/1929
f 1490/2003/1929 1473/1978/1904 1474/1979/1905
s 23
f 1489/2004/1930 1491/2005/1931 1473/1980/1906
f 1473/1980/1906 1491/2005/1931 1475/1981/1907
f 1491/2005/1931 1492/2006/1932 1475/1981/1907
f 1475/1981/1907 1492/2006/1932 1476/1982/1908
f 1490/2007/1933 1474/1983/1909 1492/2006/1932
f 1492/2006/1932 1474/1983/1909 1476/1982/1908
f 1485/1996/1922 1493/2008/1934 1486/1997/1923
f 1486/1997/1923 1493/2008/1934 1494/2009/1935
f 1486/1997/1923 1494/2009/1935 1487/1998/1924
f 1487/1998/1924 1494/2009/1935 1495/2010/1936
f 1487/1998/1924 1495/2010/1936 1488/1999/1925
f 1488/1999/1925 1495/2010/1936 1496/2011/1937
s 21
f 1488/2000/1926 1496/2012/1938 1485/2001/1927
f 1485/2001/1927 1496/2012/1938 1493/2013/1939
f 1497/2014/1940 1489/2002/1928 1498/2015/1941
f 1498/2015/1941 1489/2002/1928 1490/2003/1929
s 23
f 1497/2016/1942 1499/2017/1943 1489/2004/1930
f 1489/2004/1930 1499/2017/1943 1491/2005/1931
f 1499/2017/1943 1500/2018/1944 1491/2005/1931
f 1491/2005/1931 1500/2018/1944 1492/2006/1932
f 1498/2019/1945 1490/2007/1933 1500/2018/1944
f 1500/2018/1944 1490/2007/1933 1492/2006/1932
f 1493/2008/1934 1501/2020/1946 1494/2009/1935
f 1494/2009/1935 1501/2020/1946 1502/2021/1947
f 1494/2009/1935 1502/2021/1947 1495/2010/1936
f 1495/2010/1936 1502/2021/1947 1503/2022/1948
f 1495/2010/1936 1503/2022/1948 1496/2011/1937
f 1496/2011/1937 1503/2022/1948 1504/2023/1949
s 21
f 1496/2012/1938 1504/2024/1950 1493/2013/1939
f 1493/2013/1939 1504/2024/1950 1501/2025/1951
s 23
f 1501/2020/1946 1505/2026/1952 1502/2021/1947
f 1502/2021/1947 1505/2026/1952 1506/2027/1953
f 1502/2021/1947 1506/2027/1953 1503/2022/1948
f 1503/2022/1948 1506/2027/1953 1507/2028/1954
f 1503/2022/1948 1507/2028/1954 1504/2023/1949
f 1504/2023/1949 1507/2028/1954 1508/2029/1955
s 21
f 1504/2024/1950 1508/2030/1956 1501/2025/1951
f 1501/2025/1951 1508/2030/1956 1505/2031/1957
f 1509/2032/1958 1510/2033/1959 1158/1483/1427
f 1158/1483/1427 1510/2033/1959 1163/1484/1428
s 23
f 1511/2034/1960 1161/1479/1423 1510/2035/1961
f 1510/2035/1961 1161/1479/1423 1163/1481/1425
f 1512/2036/1962 1157/1475/1419 1511/2034/1960
f 1511/2034/1960 1157/1475/1419 1161/1479/1423
f 1512/2036/1962 1509/2037/1963 1157/1475/1419
f 1157/1475/1419 1509/2037/1963 1158/1476/1420
f 1505/2026/1952 1513/2038/1964 1506/2027/1953
f 1506/2027/1953 1513/2038/1964 1514/2039/1965
f 1506/2027/1953 1514/2039/1965 1507/2028/1954
f 1507/2028/1954 1514/2039/1965 1515/2040/1966
f 1507/2028/1954 1515/2040/1966 1508/2029/1955
f 1508/2029/1955 1515/2040/1966 1516/2041/1967
s 21
f 1508/2030/1956 1516/2042/1968 1505/2031/1957
f 1505/2031/1957 1516/2042/1968 1513/2043/1969
f 1482/1991/1917 1481/1990/1916 1517/2044/1970
f 1517/2044/1970 1481/1990/1916 1518/2045/1971
s 23
f 1481/1992/1918 1483/1993/1919 1518/2046/1972
f 1518/2046/1972 1483/1993/1919 1519/2047/1973
f 1484/1994/1920 1520/2048/1974 1483/1993/1919
f 1483/1993/1919 1520/2048/1974 1519/2047/1973
f 1482/1995/1921 1517/2049/1975 1484/1994/1920
f 1484/1994/1920 1517/2049/1975 1520/2048/1974
s 21
f 1521/2050/1976 1497/2014/1940 1522/2051/1977
f 1522/2051/1977 1497/2014/1940 1498/2015/1941
s 23
f 1521/2052/1978 1523/2053/1979 1497/2016/1942
f 1497/2016/1942 1523/2053/1979 1499/2017/1943
f 1523/2053/1979 1524/2054/1980 1499/2017/1943
f 1499/2017/1943 1524/2054/1980 1500/2018/1944
f 1524/2054/1980 1522/2055/1981 1500/2018/1944
f 1500/2018/1944 1522/2055/1981 1498/2019/1945
f 1513/2038/1964 1525/2056/1982 1514/2039/1965
f 1514/2039/1965 1525/2056/1982 1526/2057/1983
f 1514/2039/1965 1526/2057/1983 1515/2040/1966
f 1515/2040/1966 1526/2057/1983 1527/2058/1984
f 1515/2040/1966 1527/2058/1984 1516/2041/1967
f 1516/2041/1967 1527/2058/1984 1528/2059/1985
s 21
f 1516/2042/1968 1528/2060/1986 1513/2043/1969
f 1513/2043/1969 1528/2060/1986 1525/2061/1987
s 23
f 1525/2056/1982 1529/2062/1988 1526/2057/1983
f 1526/2057/1983 1529/2062/1988 1530/2063/1989
f 1526/2057/1983 1530/2063/1989 1527/2058/1984
f 1527/2058/1984 1530/2063/1989 1531/2064/1990
f 1527/2058/1984 1531/2064/1990 1528/2059/1985
f 1528/2059/1985 1531/2064/1990 1532/2065/1991
s 21
f 1528/2060/1986 1532/2066/1992 1525/2061/1987
f 1525/2061/1987 1532/2066/1992 1529/2067/1993
s 23
f 1533/2068/1994 1534/2069/1995 1465/1965/1891
f 1465/1965/1891 1534/2069/1995 1466/1966/1892
f 1533/2068/1994 1465/1965/1891 1535/2070/1996
f 1535/2070/1996 1465/1965/1891 1467/1967/1893
f 1535/2070/1996 1467/1967/1893 1536/2071/1997
f 1536/2071/1997 1467/1967/1893 1468/1968/1894
s 21
f 1534/2072/1998 1536/2073/1999 1466/1969/1895
f 1466/1969/1895 1536/2073/1999 1468/1970/1896
s 23
f 1529/2062/1988 1537/2074/2000 1530/2063/1989
f 1530/2063/1989 1537/2074/2000 1538/2075/2001
f 1530/2063/1989 1538/2075/2001 1531/2064/1990
f 1531/2064/1990 1538/2075/2001 1539/2076/2002
f 1531/2064/1990 1539/2076/2002 1532/2065/1991
f 1532/2065/1991 1539/2076/2002 1540/2077/2003
s 21
f 1532/2066/1992 1540/2078/2004 1529/2067/1993
f 1529/2067/1993 1540/2078/2004 1537/2079/2005
f 1541/2080/2006 1521/2050/1976 1542/2081/2007
f 1542/2081/2007 1521/2050/1976 1522/2051/1977
s 23
f 1541/2082/2008 1543/2083/2009 1521/2052/1978
f 1521/2052/1978 1543/2083/2009 1523/2053/1979
f 1543/2083/2009 1544/2084/2010 1523/2053/1979
f 1523/2053/1979 1544/2084/2010 1524/2054/1980
f 1542/2085/2011 1522/2055/1981 1544/2084/2010
f 1544/2084/2010 1522/2055/1981 1524/2054/1980
f 1537/2074/2000 1545/2086/2012 1538/2075/2001
f 1538/2075/2001 1545/2086/2012 1546/2087/2013
f 1538/2075/2001 1546/2087/2013 1539/2076/2002
f 1539/2076/2002 1546/2087/2013 1547/2088/2014
f 1539/2076/2002 1547/2088/2014 1540/2077/2003
f 1540/2077/2003 1547/2088/2014 1548/2089/2015
s 21
f 1540/2078/2004 1548/2090/2016 1537/2079/2005
f 1537/2079/2005 1548/2090/2016 1545/2091/2017
f 1517/2044/1970 1518/2045/1971 1549/2092/2018
f 1549/2092/2018 1518/2045/1971 1550/2093/2019
s 23
f 1518/2046/1972 1519/2047/1973 1550/2094/2020
f 1550/2094/2020 1519/2047/1973 1551/2095/2021
f 1520/2048/1974 1552/2096/2022 1519/2047/1973
f 1519/2047/1973 1552/2096/2022 1551/2095/2021
f 1517/2049/1975 1549/2097/2023 1520/2048/1974
f 1520/2048/1974 1549/2097/2023 1552/2096/2022
f 1546/2087/2013 1545/2086/2012 1553/2098/2024
f 1553/2098/2024 1545/2086/2012 1554/2099/2025
f 1546/2087/2013 1553/2098/2024 1547/2088/2014
f 1547/2088/2014 1553/2098/2024 1555/2100/2026
f 1548/2089/2015 1547/2088/2014 1556/2101/2027
f 1556/2101/2027 1547/2088/2014 1555/2100/2026
s 21
f 1545/2091/2017 1548/2090/2016 1554/2102/2028
f 1554/2102/2028 1548/2090/2016 1556/2103/2029
f 1557/2104/2030 1541/2080/2006 1558/2105/2031
f 1558/2105/2031 1541/2080/2006 1542/2081/2007
s 23
f 1557/2106/2032 1559/2107/2033 1541/2082/2008
f 1541/2082/2008 1559/2107/2033 1543/2083/2009
f 1559/2107/2033 1560/2108/2034 1543/2083/2009
f 1543/2083/2009 1560/2108/2034 1544/2084/2010
f 1558/2109/2035 1542/2085/2011 1560/2108/2034
f 1560/2108/2034 1542/2085/2011 1544/2084/2010
f 1553/2098/2024 1554/2099/2025 1561/2110/2036
f 1561/2110/2036 1554/2099/2025 1562/2111/2037
f 1553/2098/2024 1561/2110/2036 1555/2100/2026
f 1555/2100/2026 1561/2110/2036 1563/2112/2038
f 1556/2101/2027 1555/2100/2026 1564/2113/2039
f 1564/2113/2039 1555/2100/2026 1563/2112/2038
s 21
f 1554/2102/2028 1556/2103/2029 1562/2114/2040
f 1562/2114/2040 1556/2103/2029 1564/2115/2041
s 23
f 1385/1823/1761 1509/2116/1963 1386/1824/1762
f 1386/1824/1762 1509/2116/1963 1512/2117/1962
f 1386/1824/1762 1512/2117/1962 1387/1825/1763
f 1387/1825/1763 1512/2117/1962 1511/2118/1960
f 1387/1825/1763 1511/2118/1960 1388/1826/1764
f 1388/1826/1764 1511/2118/1960 1510/2119/1961
s 21
f 1388/1827/1765 1510/2120/1959 1385/1828/1766
f 1385/1828/1766 1510/2120/1959 1509/2121/1958
f 1565/2122/2042 1557/2104/2030 1566/2123/2043
f 1566/2123/2043 1557/2104/2030 1558/2105/2031
s 23
f 1565/2124/2044 1567/2125/2045 1557/2106/2032
f 1557/2106/2032 1567/2125/2045 1559/2107/2033
f 1567/2125/2045 1568/2126/2046 1559/2107/2033
f 1559/2107/2033 1568/2126/2046 1560/2108/2034
f 1566/2127/2047 1558/2109/2035 1568/2126/2046
f 1568/2126/2046 1558/2109/2035 1560/2108/2034
f 1561/2110/2036 1562/2111/2037 1569/2128/2048
f 1569/2128/2048 1562/2111/2037 1570/2129/2049
f 1563/2112/2038 1561/2110/2036 1571/2130/2050
f 1571/2130/2050 1561/2110/2036 1569/2128/2048
f 1564/2113/2039 1563/2112/2038 1572/2131/2051
f 1572/2131/2051 1563/2112/2038 1571/2130/2050
s 21
f 1562/2114/2040 1564/2115/2041 1570/2132/2052
f 1570/2132/2052 1564/2115/2041 1572/2133/2053
s 23
f 1569/2128/2048 1570/2129/2049 1573/2134/2054
f 1573/2134/2054 1570/2129/2049 1574/2135/2055
f 1571/2130/2050 1569/2128/2048 1575/2136/2056
f 1575/2136/2056 1569/2128/2048 1573/2134/2054
f 1572/2131/2051 1571/2130/2050 1576/2137/2057
f 1576/2137/2057 1571/2130/2050 1575/2136/2056
s 21
f 1570/2132/2052 1572/2133/2053 1574/2138/2058
f 1574/2138/2058 1572/2133/2053 1576/2139/2059
f 1549/2092/2018 1550/2093/2019 1045/1315/1259
f 1045/1315/1259 1550/2093/2019 1051/1316/1260
s 23
f 1550/2094/2020 1551/2095/2021 1051/1313/1257
f 1051/1313/1257 1551/2095/2021 1049/1311/1255
f 1552/2096/2022 1047/1309/1253 1551/2095/2021
f 1551/2095/2021 1047/1309/1253 1049/1311/1255
f 1549/2097/2023 1045/1307/1251 1552/2096/2022
f 1552/2096/2022 1045/1307/1251 1047/1309/1253
f 1573/2134/2054 1574/2135/2055 1577/2140/2060
f 1577/2140/2060 1574/2135/2055 1578/2141/2061
f 1575/2136/2056 1573/2134/2054 1579/2142/2062
f 1579/2142/2062 1573/2134/2054 1577/2140/2060
f 1576/2137/2057 1575/2136/2056 1580/2143/2063
f 1580/2143/2063 1575/2136/2056 1579/2142/2062
s 21
f 1574/2138/2058 1576/2139/2059 1578/2144/2064
f 1578/2144/2064 1576/2139/2059 1580/2145/2065
f 1581/2146/2066 1565/2122/2042 1582/2147/2067
f 1582/2147/2067 1565/2122/2042 1566/2123/2043
s 23
f 1581/2148/2068 1583/2149/2069 1565/2124/2044
f 1565/2124/2044 1583/2149/2069 1567/2125/2045
f 1583/2149/2069 1584/2150/2070 1567/2125/2045
f 1567/2125/2045 1584/2150/2070 1568/2126/2046
f 1582/2151/2071 1566/2127/2047 1584/2150/2070
f 1584/2150/2070 1566/2127/2047 1568/2126/2046
f 1577/2152/2060 1578/2153/2061 987/1219/1163
f 987/1219/1163 1578/2153/2061 981/1221/1165
f 1579/2154/2062 1577/2152/2060 985/1216/1160
f 985/1216/1160 1577/2152/2060 987/1219/1163
f 1580/2155/2063 1579/2154/2062 982/1215/1159
f 982/1215/1159 1579/2154/2062 985/1216/1160
s 21
f 1578/2156/2064 1580/2157/2065 981/1211/1155
f 981/1211/1155 1580/2157/2065 982/1212/1156
s 23
f 1276/1658/1596 1271/1660/1598 1533/2068/1994
f 1533/2068/1994 1271/1660/1598 1534/2069/1995
f 1276/1658/1596 1533/2068/1994 1274/1654/1592
f 1274/1654/1592 1533/2068/1994 1535/2070/1996
f 1274/1654/1592 1535/2070/1996 1272/1656/1594
f 1272/1656/1594 1535/2070/1996 1536/2071/1997
s 21
f 1271/1651/1589 1272/1652/1590 1534/2072/1998
f 1534/2072/1998 1272/1652/1590 1536/2073/1999
f 1028/1280/1224 1581/2146/2066 1022/1282/1226
f 1022/1282/1226 1581/2146/2066 1582/2147/2067
s 23
f 1028/1278/1222 1026/1276/1220 1581/2148/2068
f 1581/2148/2068 1026/1276/1220 1583/2149/2069
f 1026/1276/1220 1024/1274/1218 1583/2149/2069
f 1583/2149/2069 1024/1274/1218 1584/2150/2070
f 1022/1272/1216 1582/2151/2071 1024/1274/1218
f 1024/1274/1218 1582/2151/2071 1584/2150/2070
s 21
f 1002/1251/1195 1008/1252/1196 1013/1267/1211
f 1013/1267/1211 1008/1252/1196 1019/1268/1212
s 23
f 1008/1248/1192 1006/1246/1190 1019/1265/1209
f 1019/1265/1209 1006/1246/1190 1017/1263/1207
f 1004/1244/1188 1015/1261/1205 1006/1246/1190
f 1006/1246/1190 1015/1261/1205 1017/1263/1207
f 1002/1242/1186 1013/1259/1203 1004/1244/1188
f 1004/1244/1188 1013/1259/1203 1015/1261/1205
s 21
f 1000/1240/1184 1007/1250/1194 994/1239/1183
f 994/1239/1183 1007/1250/1194 1001/1249/1193
s 23
f 1000/1236/1180 998/1234/1178 1007/1247/1191
f 1007/1247/1191 998/1234/1178 1005/1245/1189
f 996/1232/1176 1003/1243/1187 998/1234/1178
f 998/1234/1178 1003/1243/1187 1005/1245/1189
f 994/1230/1174 1001/1241/1185 996/1232/1176
f 996/1232/1176 1001/1241/1185 1003/1243/1187
s 21
f 974/1209/1153 980/1210/1154 993/1237/1181
f 993/1237/1181 980/1210/1154 999/1238/1182
s 23
f 978/1204/1148 997/1233/1177 980/1206/1150
f 980/1206/1150 997/1233/1177 999/1235/1179
f 976/1202/1146 995/1231/1175 978/1204/1148
f 978/1204/1148 995/1231/1175 997/1233/1177
f 974/1200/1144 993/1229/1173 976/1202/1146
f 976/1202/1146 993/1229/1173 995/1231/1175
s 21
f 1014/1269/1213 1020/1270/1214 1029/1291/1235
f 1029/1291/1235 1020/1270/1214 1035/1292/1236
s 23
f 1020/1266/1210 1018/1264/1208 1035/1289/1233
f 1035/1289/1233 1018/1264/1208 1033/1287/1231
f 1016/1262/1206 1031/1285/1229 1018/1264/1208
f 1018/1264/1208 1031/1285/1229 1033/1287/1231
f 1016/1262/1206 1014/1260/1204 1031/1285/1229
f 1031/1285/1229 1014/1260/1204 1029/1283/1227
s 21
f 1036/1294/1238 1059/1327/1271 1030/1293/1237
f 1030/1293/1237 1059/1327/1271 1054/1329/1273
s 23
f 1036/1290/1234 1034/1288/1232 1059/1325/1269
f 1059/1325/1269 1034/1288/1232 1057/1323/1267
f 1034/1288/1232 1032/1286/1230 1057/1323/1267
f 1057/1323/1267 1032/1286/1230 1053/1319/1263
f 1032/1286/1230 1030/1284/1228 1053/1319/1263
f 1053/1319/1263 1030/1284/1228 1054/1320/1264
s 21
f 966/1197/1140 972/1198/1142 973/1207/1151
f 973/1207/1151 972/1198/1142 979/1208/1152
s 23
f 970/1192/1134 977/1203/1147 972/1194/1136
f 972/1194/1136 977/1203/1147 979/1205/1149
f 968/1190/1132 975/1201/1145 970/1192/1134
f 970/1192/1134 975/1201/1145 977/1203/1147
f 966/1188/1130 973/1199/1143 968/1190/1132
f 968/1190/1132 973/1199/1143 975/1201/1145
s 21
f 1060/1328/1272 1075/1351/1295 1056/1330/1274
f 1056/1330/1274 1075/1351/1295 1070/1353/1297
s 23
f 1058/1324/1268 1073/1347/1291 1060/1326/1270
f 1060/1326/1270 1073/1347/1291 1075/1349/1293
f 1058/1324/1268 1055/1321/1265 1073/1347/1291
f 1073/1347/1291 1055/1321/1265 1069/1343/1287
f 1055/1321/1265 1056/1322/1266 1069/1343/1287
f 1069/1343/1287 1056/1322/1266 1070/1344/1288
s 21
f 1039/1297/1241 1040/1298/1242 1009/1253/1197
f 1009/1253/1197 1040/1298/1242 1010/1254/1198
s 23
f 1044/1304/1248 1039/1306/1250 1012/1257/1201
f 1012/1257/1201 1039/1306/1250 1009/1258/1202
f 1044/1304/1248 1012/1257/1201 1042/1302/1246
f 1042/1302/1246 1012/1257/1201 1011/1255/1199
f 1040/1301/1245 1042/1302/1246 1010/1256/1200
f 1010/1256/1200 1042/1302/1246 1011/1255/1199
s 21
f 1064/1334/1278 1062/1332/1276 1037/1295/1239
f 1037/1295/1239 1062/1332/1276 1038/1296/1240
s 23
f 1068/1340/1284 1064/1342/1286 1043/1303/1247
f 1043/1303/1247 1064/1342/1286 1037/1305/1249
f 1066/1338/1282 1068/1340/1284 1041/1300/1244
f 1041/1300/1244 1068/1340/1284 1043/1303/1247
f 1062/1337/1281 1066/1338/1282 1038/1299/1243
f 1038/1299/1243 1066/1338/1282 1041/1300/1244
s 21
f 1088/1370/1314 1061/1331/1275 1087/1369/1313
f 1087/1369/1313 1061/1331/1275 1063/1333/1277
s 23
f 1092/1376/1320 1087/1378/1322 1067/1339/1283
f 1067/1339/1283 1087/1378/1322 1063/1341/1285
f 1092/1376/1320 1067/1339/1283 1090/1372/1316
f 1090/1372/1316 1067/1339/1283 1065/1336/1280
f 1090/1372/1316 1065/1336/1280 1088/1374/1318
f 1088/1374/1318 1065/1336/1280 1061/1335/1279
s 21
f 1112/1406/1350 1086/1368/1312 1111/1405/1349
f 1111/1405/1349 1086/1368/1312 1085/1367/1311
s 23
f 1111/1414/1358 1085/1377/1321 1116/1412/1356
f 1116/1412/1356 1085/1377/1321 1091/1375/1319
f 1116/1412/1356 1091/1375/1319 1114/1408/1352
f 1114/1408/1352 1091/1375/1319 1089/1371/1315
f 1114/1408/1352 1089/1371/1315 1112/1410/1354
f 1112/1410/1354 1089/1371/1315 1086/1373/1317
s 21
f 1130/1434/1378 1110/1404/1348 1132/1436/1380
f 1132/1436/1380 1110/1404/1348 1109/1403/1347
s 23
f 1132/1444/1388 1109/1413/1357 1136/1442/1386
f 1136/1442/1386 1109/1413/1357 1115/1411/1355
f 1134/1438/1382 1136/1442/1386 1113/1407/1351
f 1113/1407/1351 1136/1442/1386 1115/1411/1355
f 1134/1438/1382 1113/1407/1351 1130/1440/1384
f 1130/1440/1384 1113/1407/1351 1110/1409/1353
s 21
f 1150/1464/1408 1129/1433/1377 1152/1466/1410
f 1152/1466/1410 1129/1433/1377 1131/1435/1379
s 23
f 1152/1474/1418 1131/1443/1387 1156/1472/1416
f 1156/1472/1416 1131/1443/1387 1135/1441/1385
f 1154/1468/1412 1156/1472/1416 1133/1437/1381
f 1133/1437/1381 1156/1472/1416 1135/1441/1385
f 1154/1468/1412 1133/1437/1381 1150/1470/1414
f 1150/1470/1414 1133/1437/1381 1129/1439/1383
s 21
f 1586/1930/1862 1437/2158/2072 1440/1913/1845
s 23
f 1440/2159/2073 1439/1911/1843 1587/1925/1857
f 1439/1911/1843 1588/2160/2074 1587/1925/1857
f 1588/2160/2074 1437/1909/1841 1585/1923/1855
s 21
f 1590/1915/1847 1429/1899/1831 1432/1900/1832
s 23
f 1432/1898/1830 1431/1897/1829 1591/1910/1842
f 1431/1897/1829 1592/2161/2075 1591/1910/1842
f 1592/2161/2075 1429/1895/1827 1589/1908/1840
f 1594/1944/1870 1593/2162/2076 1445/1924/1856
s 21
f 1445/2163/2077 1448/1928/1860 1595/1950/1876
s 23
f 1596/1947/1873 1448/2164/2078 1447/1926/1858
f 1593/2162/2076 1596/1947/1873 1447/1926/1858
f 1431/1897/1829 1430/1896/1828 1592/2161/2075
f 1591/1910/1842 1592/2161/2075 1438/1907/1839
f 1439/1911/1843 1438/1907/1839 1588/2160/2074
f 1587/1925/1857 1588/2160/2074 1446/1922/1854
f 1593/2162/2076 1447/1926/1858 1446/1922/1854
f 1453/1943/1869 1596/1947/1873 1593/2162/2076
f 1453/1943/1869 1593/2162/2076 1594/1944/1870
f 1445/1924/1856 1593/2162/2076 1446/1922/1854
f 1588/2160/2074 1585/1923/1855 1446/1922/1854
f 1438/1907/1839 1437/1909/1841 1588/2160/2074
f 1592/2161/2075 1589/1908/1840 1438/1907/1839
f 1430/1896/1828 1429/1895/1827 1592/2161/2075
f 1456/1955/1881 1595/1948/1874 1455/1946/1872
f 1596/1947/1873 1595/1948/1874 1448/2164/2078
f 1432/1898/1830 1591/1910/1842 1590/1912/1844
f 1590/1912/1844 1439/1911/1843 1440/2159/2073
f 1440/2159/2073 1587/1925/1857 1586/1927/1859
f 1586/1927/1859 1447/1926/1858 1448/2164/2078
f 1460/1974/1900 1456/1955/1881 1459/1953/1879
f 1457/1954/1880 1453/1943/1869 1458/1952/1878
s 21
f 1594/1949/1875 1456/1951/1877 1454/1957/1883
f 1445/2163/2077 1595/1950/1876 1594/1949/1875
f 1445/2163/2077 1585/1929/1861 1448/1928/1860
f 1586/1930/1862 1585/1929/1861 1437/2158/2072
f 1437/2158/2072 1589/1914/1846 1440/1913/1845
f 1590/1915/1847 1589/1914/1846 1429/1899/1831
s 25
f 1597/2165/2079 1598/2166/2080 1599/2167/2081
f 1599/2167/2081 1598/2166/2080 1600/2168/2082
f 1601/2169/2083 1602/2170/2084 1603/2171/2085
f 1603/2171/2085 1602/2170/2084 1604/2172/2086
s 26
f 1605/2173/2087 1606/2174/2088 1607/2175/2089
f 1607/2175/2089 1606/2174/2088 1608/2176/2090
s 25
f 1598/2166/2080 1609/2177/2091 1600/2168/2082
f 1600/2168/2082 1609/2177/2091 1610/2178/2092
f 1610/2178/2092 1609/2177/2091 1611/2179/2093
f 1611/2179/2093 1609/2177/2091 1612/2180/2094
f 1601/2169/2083 1603/2171/2085 1613/2181/2095
f 1613/2181/2095 1603/2171/2085 1614/2182/2096
s 26
f 1608/2176/2090 1615/2183/2097 1616/2184/2098
f 1616/2184/2098 1615/2183/2097 1617/2185/2099
f 1606/2174/2088 1618/2186/2100 1619/2187/2101
f 1619/2187/2101 1618/2186/2100 1620/2188/2102
f 1621/2189/2103 1622/2190/2104 1623/2191/2105
f 1623/2191/2105 1622/2190/2104 1624/2192/2106
s 25
f 1617/2193/2107 1615/2194/2108 1625/2195/2109
f 1625/2195/2109 1615/2194/2108 1614/2182/2096
f 1619/2196/2110 1620/2197/2111 1613/2181/2095
f 1613/2181/2095 1620/2197/2111 1626/2198/2112
f 1624/2199/2113 1622/2200/2114 1600/2168/2082
f 1600/2168/2082 1622/2200/2114 1599/2167/2081
s 26
f 1597/2201/2115 1621/2189/2103 1598/2202/2116
f 1598/2202/2116 1621/2189/2103 1623/2191/2105
f 1602/2203/2117 1605/2173/2087 1604/2204/2118
f 1604/2204/2118 1605/2173/2087 1607/2175/2089
f 1598/2202/2116 1623/2191/2105 1609/2205/2119
f 1609/2205/2119 1623/2191/2105 1627/2206/2120
f 1627/2206/2120 1628/2207/2121 1609/2205/2119
f 1609/2205/2119 1628/2207/2121 1612/2208/2122
s 25
f 1629/2209/2123 1630/2210/2124 1599/2167/2081
f 1599/2167/2081 1630/2210/2124 1597/2165/2079
f 1631/2211/2125 1632/2212/2126 1633/2213/2127
f 1633/2213/2127 1632/2212/2126 1634/2214/2128
s 26
f 1635/2215/2129 1636/2216/2130 1637/2217/2131
f 1637/2217/2131 1636/2216/2130 1638/2218/2132
s 25
f 1639/2219/2133 1640/2220/2134 1629/2209/2123
f 1629/2209/2123 1640/2220/2134 1630/2210/2124
f 1639/2219/2133 1641/2221/2135 1640/2220/2134
f 1640/2220/2134 1641/2221/2135 1642/2222/2136
f 1643/2223/2137 1644/2224/2138 1631/2211/2125
f 1631/2211/2125 1644/2224/2138 1632/2212/2126
f 1645/2225/2139 1646/2226/2140 1647/2227/2141
f 1647/2227/2141 1646/2226/2140 1648/2228/2142
s 26
f 1638/2218/2132 1649/2229/2143 1650/2230/2144
f 1650/2230/2144 1649/2229/2143 1651/2231/2145
f 1652/2232/2146 1622/2190/2104 1653/2233/2147
f 1653/2233/2147 1622/2190/2104 1621/2189/2103
s 25
f 1654/2234/2148 1655/2235/2149 1645/2225/2139
f 1645/2225/2139 1655/2235/2149 1646/2226/2140
f 1649/2236/2150 1643/2223/2137 1651/2237/2151
f 1651/2237/2151 1643/2223/2137 1656/2238/2152
f 1652/2239/2153 1629/2209/2123 1622/2200/2114
f 1622/2200/2114 1629/2209/2123 1599/2167/2081
s 26
f 1597/2201/2115 1630/2240/2154 1621/2189/2103
f 1621/2189/2103 1630/2240/2154 1653/2233/2147
f 1634/2241/2155 1635/2215/2129 1633/2242/2156
f 1633/2242/2156 1635/2215/2129 1637/2217/2131
f 1630/2240/2154 1640/2243/2157 1653/2233/2147
f 1653/2233/2147 1640/2243/2157 1657/2244/2158
f 1640/2243/2157 1642/2245/2159 1657/2244/2158
f 1657/2244/2158 1642/2245/2159 1658/2246/2160
s 25
f 1612/2180/2094 1659/2247/2161 1611/2179/2093
f 1611/2179/2093 1659/2247/2161 1660/2248/2162
s 26
f 1628/2207/2121 1627/2206/2120 1661/2249/2163
f 1661/2249/2163 1627/2206/2120 1618/2186/2100
s 25
f 1610/2178/2092 1611/2179/2093 1626/2198/2112
f 1626/2198/2112 1611/2179/2093 1660/2248/2162
s 26
f 1623/2191/2105 1624/2192/2106 1627/2206/2120
f 1627/2206/2120 1624/2192/2106 1662/2250/2164
s 25
f 1662/2251/2165 1624/2199/2113 1610/2178/2092
f 1610/2178/2092 1624/2199/2113 1600/2168/2082
s 26
f 1612/2208/2122 1628/2207/2121 1659/2252/2166
f 1659/2252/2166 1628/2207/2121 1661/2249/2163
s 25
f 1641/2221/2135 1663/2253/2167 1642/2222/2136
f 1642/2222/2136 1663/2253/2167 1664/2254/2168
s 26
f 1665/2255/2169 1650/2230/2144 1658/2246/2160
f 1658/2246/2160 1650/2230/2144 1657/2244/2158
s 25
f 1639/2219/2133 1656/2238/2152 1641/2221/2135
f 1641/2221/2135 1656/2238/2152 1663/2253/2167
s 26
f 1666/2256/2170 1652/2232/2146 1657/2244/2158
f 1657/2244/2158 1652/2232/2146 1653/2233/2147
s 25
f 1666/2257/2171 1639/2219/2133 1652/2239/2153
f 1652/2239/2153 1639/2219/2133 1629/2209/2123
s 26
f 1642/2245/2159 1664/2258/2172 1658/2246/2160
f 1658/2246/2160 1664/2258/2172 1665/2255/2169
s 25
f 1632/2212/2126 1667/2259/2173 1634/2214/2128
f 1634/2214/2128 1667/2259/2173 1668/2260/2174
s 26
f 1669/2261/2175 1648/2262/2176 1635/2215/2129
f 1635/2215/2129 1648/2262/2176 1636/2216/2130
s 25
f 1644/2224/2138 1655/2235/2149 1632/2212/2126
f 1632/2212/2126 1655/2235/2149 1667/2259/2173
f 1636/2263/2177 1670/2264/2178 1638/2265/2179
f 1638/2265/2179 1670/2264/2178 1649/2236/2150
f 1644/2224/2138 1643/2223/2137 1670/2264/2178
f 1670/2264/2178 1643/2223/2137 1649/2236/2150
s 26
f 1668/2266/2180 1669/2261/2175 1634/2241/2155
f 1634/2241/2155 1669/2261/2175 1635/2215/2129
s 25
f 1646/2226/2140 1670/2264/2178 1648/2228/2142
f 1648/2228/2142 1670/2264/2178 1636/2263/2177
f 1646/2226/2140 1655/2235/2149 1670/2264/2178
f 1670/2264/2178 1655/2235/2149 1644/2224/2138
f 1667/2259/2173 1671/2267/2181 1668/2260/2174
f 1668/2260/2174 1671/2267/2181 1672/2268/2182
s 26
f 1673/2269/2183 1647/2270/2184 1669/2261/2175
f 1669/2261/2175 1647/2270/2184 1648/2262/2176
f 1672/2271/2185 1673/2269/2183 1668/2266/2180
f 1668/2266/2180 1673/2269/2183 1669/2261/2175
s 25
f 1603/2171/2085 1604/2172/2086 1674/2272/2186
f 1674/2272/2186 1604/2172/2086 1675/2273/2187
s 26
f 1607/2175/2089 1608/2176/2090 1676/2274/2188
f 1676/2274/2188 1608/2176/2090 1616/2184/2098
s 25
f 1603/2171/2085 1674/2272/2186 1614/2182/2096
f 1614/2182/2096 1674/2272/2186 1625/2195/2109
s 26
f 1608/2176/2090 1606/2174/2088 1615/2183/2097
f 1615/2183/2097 1606/2174/2088 1619/2187/2101
s 25
f 1619/2196/2110 1613/2181/2095 1615/2194/2108
f 1615/2194/2108 1613/2181/2095 1614/2182/2096
s 26
f 1604/2204/2118 1607/2175/2089 1675/2275/2189
f 1675/2275/2189 1607/2175/2089 1676/2274/2188
s 25
f 1677/2276/2190 1678/2277/2191 1679/2278/2192
f 1679/2278/2192 1678/2277/2191 1680/2279/2193
f 1681/2280/2194 1682/2281/2195 1683/2282/2196
f 1683/2282/2196 1682/2281/2195 1684/2283/2197
s 26
f 1685/2284/2198 1686/2285/2199 1687/2286/2200
f 1687/2286/2200 1686/2285/2199 1688/2287/2201
s 25
f 1689/2288/2202 1690/2289/2203 1677/2276/2190
f 1677/2276/2190 1690/2289/2203 1678/2277/2191
f 1689/2288/2202 1691/2290/2204 1690/2289/2203
f 1690/2289/2203 1691/2290/2204 1692/2291/2205
f 1693/2292/2206 1682/2281/2195 1694/2293/2207
f 1694/2293/2207 1682/2281/2195 1681/2280/2194
s 26
f 1617/2185/2099 1695/2294/2208 1616/2184/2098
f 1616/2184/2098 1695/2294/2208 1688/2287/2201
f 1687/2286/2200 1696/2295/2209 1697/2296/2210
f 1697/2296/2210 1696/2295/2209 1698/2297/2211
f 1699/2298/2212 1700/2299/2213 1701/2300/2214
f 1701/2300/2214 1700/2299/2213 1702/2301/2215
s 25
f 1617/2193/2107 1625/2195/2109 1695/2302/2216
f 1695/2302/2216 1625/2195/2109 1693/2292/2206
f 1696/2303/2217 1694/2293/2207 1698/2304/2218
f 1698/2304/2218 1694/2293/2207 1703/2305/2219
f 1699/2306/2220 1677/2276/2190 1700/2307/2221
f 1700/2307/2221 1677/2276/2190 1679/2278/2192
s 26
f 1680/2308/2222 1678/2309/2223 1702/2301/2215
f 1702/2301/2215 1678/2309/2223 1701/2300/2214
f 1683/2310/2224 1684/2311/2225 1685/2284/2198
f 1685/2284/2198 1684/2311/2225 1686/2285/2199
f 1678/2309/2223 1690/2312/2226 1701/2300/2214
f 1701/2300/2214 1690/2312/2226 1704/2313/2227
f 1692/2314/2228 1705/2315/2229 1690/2312/2226
f 1690/2312/2226 1705/2315/2229 1704/2313/2227
s 25
f 1680/2279/2193 1706/2316/2230 1679/2278/2192
f 1679/2278/2192 1706/2316/2230 1707/2317/2231
f 1708/2318/2232 1709/2319/2233 1710/2320/2234
f 1710/2320/2234 1709/2319/2233 1711/2321/2235
s 26
f 1712/2322/2236 1713/2323/2237 1714/2324/2238
f 1714/2324/2238 1713/2323/2237 1715/2325/2239
s 25
f 1706/2316/2230 1716/2326/2240 1707/2317/2231
f 1707/2317/2231 1716/2326/2240 1717/2327/2241
f 1717/2327/2241 1716/2326/2240 1718/2328/2242
f 1718/2328/2242 1716/2326/2240 1719/2329/2243
f 1720/2330/2244 1708/2318/2232 1721/2331/2245
f 1721/2331/2245 1708/2318/2232 1710/2320/2234
f 1722/2332/2246 1723/2333/2247 1647/2227/2141
f 1647/2227/2141 1723/2333/2247 1645/2225/2139
s 26
f 1712/2322/2236 1724/2334/2248 1725/2335/2249
f 1725/2335/2249 1724/2334/2248 1726/2336/2250
f 1702/2301/2215 1700/2299/2213 1727/2337/2251
f 1727/2337/2251 1700/2299/2213 1728/2338/2252
s 25
f 1723/2333/2247 1729/2339/2253 1645/2225/2139
f 1645/2225/2139 1729/2339/2253 1654/2234/2148
f 1725/2340/2254 1726/2341/2255 1720/2330/2244
f 1720/2330/2244 1726/2341/2255 1730/2342/2256
f 1728/2343/2257 1700/2307/2221 1707/2317/2231
f 1707/2317/2231 1700/2307/2221 1679/2278/2192
s 26
f 1680/2308/2222 1702/2301/2215 1706/2344/2258
f 1706/2344/2258 1702/2301/2215 1727/2337/2251
f 1714/2324/2238 1715/2325/2239 1709/2345/2259
f 1709/2345/2259 1715/2325/2239 1711/2346/2260
f 1706/2344/2258 1727/2337/2251 1716/2347/2261
f 1716/2347/2261 1727/2337/2251 1731/2348/2262
f 1716/2347/2261 1731/2348/2262 1719/2349/2263
f 1719/2349/2263 1731/2348/2262 1732/2350/2264
s 25
f 1733/2351/2265 1734/2352/2266 1691/2290/2204
f 1691/2290/2204 1734/2352/2266 1692/2291/2205
s 26
f 1705/2315/2229 1735/2353/2267 1704/2313/2227
f 1704/2313/2227 1735/2353/2267 1697/2296/2210
s 25
f 1689/2288/2202 1703/2305/2219 1691/2290/2204
f 1691/2290/2204 1703/2305/2219 1733/2351/2265
s 26
f 1736/2354/2268 1699/2298/2212 1704/2313/2227
f 1704/2313/2227 1699/2298/2212 1701/2300/2214
s 25
f 1736/2355/2269 1689/2288/2202 1699/2306/2220
f 1699/2306/2220 1689/2288/2202 1677/2276/2190
s 26
f 1692/2314/2228 1734/2356/2270 1705/2315/2229
f 1705/2315/2229 1734/2356/2270 1735/2353/2267
s 25
f 1718/2328/2242 1719/2329/2243 1737/2357/2271
f 1737/2357/2271 1719/2329/2243 1738/2358/2272
s 26
f 1731/2348/2262 1724/2334/2248 1732/2350/2264
f 1732/2350/2264 1724/2334/2248 1739/2359/2273
s 25
f 1717/2327/2241 1718/2328/2242 1730/2342/2256
f 1730/2342/2256 1718/2328/2242 1737/2357/2271
s 26
f 1727/2337/2251 1728/2338/2252 1731/2348/2262
f 1731/2348/2262 1728/2338/2252 1740/2360/2274
s 25
f 1740/2361/2275 1728/2343/2257 1717/2327/2241
f 1717/2327/2241 1728/2343/2257 1707/2317/2231
s 26
f 1719/2349/2263 1732/2350/2264 1738/2362/2276
f 1738/2362/2276 1732/2350/2264 1739/2359/2273
s 25
f 1710/2320/2234 1711/2321/2235 1741/2363/2277
f 1741/2363/2277 1711/2321/2235 1742/2364/2278
s 26
f 1713/2323/2237 1722/2365/2279 1715/2325/2239
f 1715/2325/2239 1722/2365/2279 1743/2366/2280
s 25
f 1721/2331/2245 1710/2320/2234 1729/2339/2253
f 1729/2339/2253 1710/2320/2234 1741/2363/2277
f 1713/2367/2281 1712/2368/2282 1744/2369/2283
f 1744/2369/2283 1712/2368/2282 1725/2340/2254
f 1725/2340/2254 1720/2330/2244 1744/2369/2283
f 1744/2369/2283 1720/2330/2244 1721/2331/2245
s 26
f 1715/2325/2239 1743/2366/2280 1711/2346/2260
f 1711/2346/2260 1743/2366/2280 1742/2370/2284
s 25
f 1713/2367/2281 1744/2369/2283 1722/2332/2246
f 1722/2332/2246 1744/2369/2283 1723/2333/2247
f 1723/2333/2247 1744/2369/2283 1729/2339/2253
f 1729/2339/2253 1744/2369/2283 1721/2331/2245
f 1741/2363/2277 1742/2364/2278 1671/2267/2181
f 1671/2267/2181 1742/2364/2278 1672/2268/2182
s 26
f 1722/2365/2279 1647/2270/2184 1743/2366/2280
f 1743/2366/2280 1647/2270/2184 1673/2269/2183
f 1743/2366/2280 1673/2269/2183 1742/2370/2284
f 1742/2370/2284 1673/2269/2183 1672/2271/2185
s 25
f 1682/2281/2195 1674/2272/2186 1684/2283/2197
f 1684/2283/2197 1674/2272/2186 1675/2273/2187
s 26
f 1686/2285/2199 1676/2274/2188 1688/2287/2201
f 1688/2287/2201 1676/2274/2188 1616/2184/2098
s 25
f 1625/2195/2109 1674/2272/2186 1693/2292/2206
f 1693/2292/2206 1674/2272/2186 1682/2281/2195
s 26
f 1688/2287/2201 1695/2294/2208 1687/2286/2200
f 1687/2286/2200 1695/2294/2208 1696/2295/2209
s 25
f 1693/2292/2206 1694/2293/2207 1695/2302/2216
f 1695/2302/2216 1694/2293/2207 1696/2303/2217
s 26
f 1684/2311/2225 1675/2275/2189 1686/2285/2199
f 1686/2285/2199 1675/2275/2189 1676/2274/2188
s 25
f 1671/2267/2181 1667/2259/2173 1654/2234/2148
f 1654/2234/2148 1667/2259/2173 1655/2235/2149
f 1729/2339/2253 1741/2363/2277 1654/2234/2148
f 1654/2234/2148 1741/2363/2277 1671/2267/2181
s 26
f 1627/2206/2120 1662/2250/2164 1618/2186/2100
f 1618/2186/2100 1662/2250/2164 1620/2188/2102
s 25
f 1620/2197/2111 1662/2251/2165 1626/2198/2112
f 1626/2198/2112 1662/2251/2165 1610/2178/2092
f 1659/2247/2161 1602/2170/2084 1660/2248/2162
f 1660/2248/2162 1602/2170/2084 1601/2169/2083
s 26
f 1661/2249/2163 1618/2186/2100 1605/2173/2087
f 1605/2173/2087 1618/2186/2100 1606/2174/2088
s 25
f 1660/2248/2162 1601/2169/2083 1626/2198/2112
f 1626/2198/2112 1601/2169/2083 1613/2181/2095
s 26
f 1659/2252/2166 1661/2249/2163 1602/2203/2117
f 1602/2203/2117 1661/2249/2163 1605/2173/2087
f 1698/2297/2211 1736/2354/2268 1697/2296/2210
f 1697/2296/2210 1736/2354/2268 1704/2313/2227
s 25
f 1698/2304/2218 1703/2305/2219 1736/2355/2269
f 1736/2355/2269 1703/2305/2219 1689/2288/2202
f 1681/2280/2194 1683/2282/2196 1733/2351/2265
f 1733/2351/2265 1683/2282/2196 1734/2352/2266
s 26
f 1735/2353/2267 1685/2284/2198 1697/2296/2210
f 1697/2296/2210 1685/2284/2198 1687/2286/2200
s 25
f 1694/2293/2207 1681/2280/2194 1703/2305/2219
f 1703/2305/2219 1681/2280/2194 1733/2351/2265
s 26
f 1734/2356/2270 1683/2310/2224 1735/2353/2267
f 1735/2353/2267 1683/2310/2224 1685/2284/2198
f 1650/2230/2144 1651/2231/2145 1657/2244/2158
f 1657/2244/2158 1651/2231/2145 1666/2256/2170
s 25
f 1651/2237/2151 1656/2238/2152 1666/2257/2171
f 1666/2257/2171 1656/2238/2152 1639/2219/2133
f 1663/2253/2167 1631/2211/2125 1664/2254/2168
f 1664/2254/2168 1631/2211/2125 1633/2213/2127
s 26
f 1637/2217/2131 1638/2218/2132 1665/2255/2169
f 1665/2255/2169 1638/2218/2132 1650/2230/2144
s 25
f 1656/2238/2152 1643/2223/2137 1663/2253/2167
f 1663/2253/2167 1643/2223/2137 1631/2211/2125
s 26
f 1664/2258/2172 1633/2242/2156 1665/2255/2169
f 1665/2255/2169 1633/2242/2156 1637/2217/2131
f 1724/2334/2248 1731/2348/2262 1726/2336/2250
f 1726/2336/2250 1731/2348/2262 1740/2360/2274
s 25
f 1726/2341/2255 1740/2361/2275 1730/2342/2256
f 1730/2342/2256 1740/2361/2275 1717/2327/2241
f 1737/2357/2271 1738/2358/2272 1708/2318/2232
f 1708/2318/2232 1738/2358/2272 1709/2319/2233
s 26
f 1724/2334/2248 1712/2322/2236 1739/2359/2273
f 1739/2359/2273 1712/2322/2236 1714/2324/2238
s 25
f 1730/2342/2256 1737/2357/2271 1720/2330/2244
f 1720/2330/2244 1737/2357/2271 1708/2318/2232
s 26
f 1738/2362/2276 1739/2359/2273 1709/2345/2259
f 1709/2345/2259 1739/2359/2273 1714/2324/2238
s 27
g bag_initialShadingGroup.002
usemtl initialShadingGroup.002
f 1745/2371/2285 1746/2372/2286 1747/2373/2287
f 1747/2373/2287 1746/2372/2286 1748/2374/2288
f 1746/2372/2286 1749/2375/2289 1748/2374/2288
f 1748/2374/2288 1749/2375/2289 1750/2376/2290
f 1751/2377/2291 1748/2374/2288 1752/2378/2292
f 1752/2378/2292 1748/2374/2288 1750/2376/2290
f 1753/2379/2293 1751/2377/2291 1754/2380/2294
f 1754/2380/2294 1751/2377/2291 1752/2378/2292
f 1753/2379/2293 1754/2381/2294 1755/2382/2295
f 1755/2382/2295 1754/2381/2294 1756/2383/2296
f 1755/2382/2295 1747/2373/2287 1753/2379/2293
f 1755/2382/2295 1756/2383/2296 1747/2373/2287
f 1747/2373/2287 1756/2383/2296 1757/2384/2297
s 28
f 1757/2385/2298 1756/2386/2299 1754/2387/2300
s 27
f 1745/2371/2285 1747/2373/2287 1758/2388/2301
f 1758/2388/2301 1747/2373/2287 1757/2384/2297
s 28
f 1754/2387/2300 1752/2389/2302 1750/2390/2303
s 27
f 1747/2373/2287 1748/2374/2288 1753/2379/2293
f 1748/2374/2288 1751/2377/2291 1753/2379/2293
f 1759/2391/2304 1760/2392/2305 1761/2393/2306
f 1761/2393/2306 1760/2392/2305 1762/2394/2307
f 1759/2391/2304 1761/2393/2306 1763/2395/2308
f 1763/2395/2308 1761/2393/2306 1764/2396/2309
f 1763/2395/2308 1764/2396/2309 1765/2397/2310
f 1765/2397/2310 1764/2396/2309 1766/2398/2311
f 1763/2395/2308 1767/2399/2312 1759/2391/2304
f 1759/2391/2304 1767/2399/2312 1768/2400/2313
f 1769/2401/2314 1770/2402/2315 1767/2399/2312
f 1767/2399/2312 1770/2402/2315 1768/2400/2313
f 1767/2399/2312 1771/2403/2316 1769/2401/2314
f 1769/2401/2314 1771/2403/2316 1772/2404/2317
f 1773/2405/2318 1774/2406/2319 1770/2402/2315
f 1770/2402/2315 1774/2406/2319 1768/2400/2313
f 1768/2400/2313 1774/2406/2319 1759/2391/2304
f 1759/2391/2304 1774/2406/2319 1760/2392/2305
f 1767/2399/2312 1763/2395/2308 1771/2403/2316
f 1771/2403/2316 1763/2395/2308 1765/2397/2310
f 1775/2407/2320 1776/2408/2321 1762/2394/2307
f 1762/2394/2307 1776/2408/2321 1773/2405/2318
f 1775/2407/2320 1762/2394/2307 1760/2392/2305
f 1760/2392/2305 1774/2406/2319 1775/2407/2320
f 1775/2407/2320 1774/2406/2319 1776/2408/2321
f 1776/2408/2321 1774/2406/2319 1773/2405/2318
s 28
f 1773/2409/2322 1770/2410/2323 1762/2411/2324
f 1762/2411/2324 1770/2410/2323 1761/2412/2325
f 1770/2410/2323 1769/2413/2326 1761/2412/2325
f 1761/2412/2325 1769/2413/2326 1764/2414/2327
f 1769/2413/2326 1772/2415/2328 1764/2414/2327
f 1764/2414/2327 1772/2415/2328 1766/2416/2329
f 1749/2417/2330 1758/2418/2331 1750/2390/2303
f 1750/2390/2303 1758/2418/2331 1757/2385/2298
f 1750/2390/2303 1757/2385/2298 1754/2387/2300
s 27
f 1749/2375/2289 1746/2372/2286 1766/2398/2311
f 1766/2398/2311 1746/2372/2286 1765/2397/2310
s 28
f 1758/2418/2331 1749/2417/2330 1772/2415/2328
f 1772/2415/2328 1749/2417/2330 1766/2416/2329
s 27
f 1771/2403/2316 1745/2371/2285 1772/2404/2317
f 1772/2404/2317 1745/2371/2285 1758/2388/2301
f 1746/2372/2286 1745/2371/2285 1765/2397/2310
f 1765/2397/2310 1745/2371/2285 1771/2403/2316
s 29
f 1777/2419/2332 1778/2420/2333 1779/2421/2334
f 1779/2421/2334 1778/2420/2333 1780/2422/2335
f 1781/2423/2336 1782/2424/2337 1780/2422/2335
f 1780/2422/2335 1782/2424/2337 1779/2421/2334
f 1783/2425/2338 1784/2426/2339 1780/2422/2335
f 1780/2422/2335 1784/2426/2339 1781/2423/2336
f 1785/2427/2340 1786/2428/2341 1783/2425/2338
f 1783/2425/2338 1786/2428/2341 1784/2426/2339
f 1787/2429/2342 1786/2430/2341 1788/2431/2343
f 1788/2431/2343 1786/2430/2341 1785/2427/2340
f 1785/2427/2340 1778/2420/2333 1788/2431/2343
f 1789/2432/2344 1787/2429/2342 1778/2420/2333
f 1778/2420/2333 1787/2429/2342 1788/2431/2343
s 30
f 1786/2433/2345 1787/2434/2346 1789/2435/2347
s 29
f 1789/2432/2344 1778/2420/2333 1790/2436/2348
f 1790/2436/2348 1778/2420/2333 1777/2419/2332
s 30
f 1781/2437/2349 1784/2438/2350 1786/2433/2345
s 29
f 1785/2427/2340 1780/2422/2335 1778/2420/2333
f 1785/2427/2340 1783/2425/2338 1780/2422/2335
f 1791/2439/2351 1792/2440/2352 1793/2441/2353
f 1793/2441/2353 1792/2440/2352 1794/2442/2354
f 1795/2443/2355 1793/2441/2353 1796/2444/2356
f 1796/2444/2356 1793/2441/2353 1794/2442/2354
f 1797/2445/2357 1795/2443/2355 1798/2446/2358
f 1798/2446/2358 1795/2443/2355 1796/2444/2356
f 1796/2444/2356 1794/2442/2354 1799/2447/2359
f 1799/2447/2359 1794/2442/2354 1800/2448/2360
f 1800/2448/2360 1801/2449/2361 1799/2447/2359
f 1799/2447/2359 1801/2449/2361 1802/2450/2362
f 1799/2447/2359 1802/2450/2362 1803/2451/2363
f 1803/2451/2363 1802/2450/2362 1804/2452/2364
f 1805/2453/2365 1801/2449/2361 1806/2454/2366
f 1806/2454/2366 1801/2449/2361 1800/2448/2360
f 1792/2440/2352 1806/2454/2366 1794/2442/2354
f 1794/2442/2354 1806/2454/2366 1800/2448/2360
f 1798/2446/2358 1796/2444/2356 1803/2451/2363
f 1803/2451/2363 1796/2444/2356 1799/2447/2359
f 1805/2453/2365 1807/2455/2367 1791/2439/2351
f 1791/2439/2351 1807/2455/2367 1808/2456/2368
f 1792/2440/2352 1791/2439/2351 1808/2456/2368
f 1792/2440/2352 1808/2456/2368 1806/2454/2366
f 1806/2454/2366 1808/2456/2368 1807/2455/2367
f 1805/2453/2365 1806/2454/2366 1807/2455/2367
s 30
f 1805/2457/2369 1791/2458/2370 1801/2459/2371
f 1801/2459/2371 1791/2458/2370 1793/2460/2372
f 1801/2459/2371 1793/2460/2372 1802/2461/2373
f 1802/2461/2373 1793/2460/2372 1795/2462/2374
f 1802/2461/2373 1795/2462/2374 1804/2463/2375
f 1804/2463/2375 1795/2462/2374 1797/2464/2376
f 1782/2465/2377 1781/2437/2349 1790/2466/2378
f 1790/2466/2378 1781/2437/2349 1789/2435/2347
f 1786/2433/2345 1789/2435/2347 1781/2437/2349
s 29
f 1782/2424/2337 1797/2445/2357 1779/2421/2334
f 1779/2421/2334 1797/2445/2357 1798/2446/2358
s 30
f 1797/2464/2376 1782/2465/2377 1804/2463/2375
f 1804/2463/2375 1782/2465/2377 1790/2466/2378
s 29
f 1790/2436/2348 1777/2419/2332 1804/2452/2364
f 1804/2452/2364 1777/2419/2332 1803/2451/2363
f 1803/2451/2363 1777/2419/2332 1798/2446/2358
f 1798/2446/2358 1777/2419/2332 1779/2421/2334
s 31
f 1809/2467/2379 1810/2468/2380 1811/2469/2381
f 1811/2469/2381 1810/2468/2380 1812/2470/2382
f 1813/2471/2383 1814/2472/2384 1815/2473/2385
f 1815/2473/2385 1814/2472/2384 1816/2474/2386
f 1817/2475/2387 1818/2476/2388 1811/2469/2381
f 1811/2469/2381 1818/2476/2388 1809/2467/2379
f 1819/2477/2389 1820/2478/2390 1821/2479/2391
f 1821/2479/2391 1820/2478/2390 1822/2480/2392
f 1823/2481/2393 1824/2482/2394 1825/2483/2395
f 1825/2483/2395 1824/2482/2394 1826/2484/2396
f 1813/2471/2383 1815/2473/2385 1827/2485/2397
f 1827/2485/2397 1815/2473/2385 1828/2486/2398
f 1829/2487/2399 1830/2488/2400 1831/2489/2401
f 1831/2489/2401 1830/2488/2400 1832/2490/2402
f 1833/2491/2403 1831/2489/2401 1834/2492/2404
f 1834/2492/2404 1831/2489/2401 1832/2490/2402
f 1835/2493/2405 1823/2481/2393 1836/2494/2406
f 1836/2494/2406 1823/2481/2393 1825/2483/2395
f 1812/2470/2382 1810/2468/2380 1837/2495/2407
f 1837/2495/2407 1810/2468/2380 1838/2496/2408
f 1839/2497/2409 1816/2474/2386 1840/2498/2410
f 1840/2498/2410 1816/2474/2386 1814/2472/2384
f 1841/2499/2411 1842/2500/2412 1828/2486/2398
f 1828/2486/2398 1842/2500/2412 1827/2485/2397
f 1843/2501/2413 1844/2502/2414 1822/2480/2392
f 1822/2480/2392 1844/2502/2414 1839/2497/2409
f 1828/2486/2398 1815/2473/2385 1845/2503/2415
f 1845/2503/2415 1815/2473/2385 1846/2504/2416
f 1828/2486/2398 1845/2503/2415 1841/2499/2411
f 1841/2499/2411 1845/2503/2415 1847/2505/2417
f 1823/2481/2393 1812/2470/2382 1824/2482/2394
f 1824/2482/2394 1812/2470/2382 1837/2495/2407
f 1823/2481/2393 1835/2493/2405 1812/2470/2382
f 1812/2470/2382 1835/2493/2405 1811/2469/2381
f 1845/2503/2415 1846/2504/2416 1844/2502/2414
f 1844/2502/2414 1846/2504/2416 1848/2506/2418
f 1848/2506/2418 1846/2504/2416 1816/2474/2386
f 1816/2474/2386 1846/2504/2416 1815/2473/2385
f 1843/2501/2413 1847/2505/2417 1844/2502/2414
f 1844/2502/2414 1847/2505/2417 1845/2503/2415
f 1836/2494/2406 1849/2507/2419 1835/2493/2405
f 1835/2493/2405 1849/2507/2419 1850/2508/2420
f 1816/2474/2386 1839/2497/2409 1848/2506/2418
f 1848/2506/2418 1839/2497/2409 1844/2502/2414
f 1835/2493/2405 1850/2508/2420 1811/2469/2381
f 1811/2469/2381 1850/2508/2420 1817/2475/2387
f 1822/2480/2392 1839/2497/2409 1821/2479/2391
f 1821/2479/2391 1839/2497/2409 1840/2498/2410
f 1836/2494/2406 1831/2489/2401 1849/2507/2419
f 1849/2507/2419 1831/2489/2401 1833/2491/2403
f 1822/2480/2392 1820/2478/2390 1843/2501/2413
f 1843/2501/2413 1820/2478/2390 1826/2484/2396
f 1829/2487/2399 1831/2489/2401 1825/2483/2395
f 1825/2483/2395 1831/2489/2401 1836/2494/2406
f 1851/2509/2421 1852/2510/2422 1853/2511/2423
f 1853/2511/2423 1852/2510/2422 1854/2512/2424
f 1855/2513/2425 1856/2514/2426 1857/2515/2427
f 1857/2515/2427 1856/2514/2426 1858/2516/2428
f 1817/2475/2387 1852/2510/2422 1818/2476/2388
f 1818/2476/2388 1852/2510/2422 1851/2509/2421
f 1859/2517/2429 1860/2518/2430 1861/2519/2431
f 1861/2519/2431 1860/2518/2430 1862/2520/2432
f 1863/2521/2433 1864/2522/2434 1865/2523/2435
f 1865/2523/2435 1864/2522/2434 1866/2524/2436
f 1855/2513/2425 1867/2525/2437 1856/2514/2426
f 1856/2514/2426 1867/2525/2437 1868/2526/2438
f 1869/2527/2439 1870/2528/2440 1871/2529/2441
f 1871/2529/2441 1870/2528/2440 1872/2530/2442
f 1869/2527/2439 1871/2529/2441 1834/2492/2404
f 1834/2492/2404 1871/2529/2441 1833/2491/2403
f 1865/2523/2435 1866/2524/2436 1873/2531/2443
f 1873/2531/2443 1866/2524/2436 1874/2532/2444
f 1854/2512/2424 1875/2533/2445 1853/2511/2423
f 1853/2511/2423 1875/2533/2445 1876/2534/2446
f 1877/2535/2447 1878/2536/2448 1858/2516/2428
f 1858/2516/2428 1878/2536/2448 1857/2515/2427
f 1879/2537/2449 1868/2526/2438 1880/2538/2450
f 1880/2538/2450 1868/2526/2438 1867/2525/2437
f 1877/2535/2447 1881/2539/2451 1859/2517/2429
f 1859/2517/2429 1881/2539/2451 1882/2540/2452
f 1868/2526/2438 1883/2541/2453 1856/2514/2426
f 1856/2514/2426 1883/2541/2453 1884/2542/2454
f 1885/2543/2455 1883/2541/2453 1879/2537/2449
f 1879/2537/2449 1883/2541/2453 1868/2526/2438
f 1866/2524/2436 1864/2522/2434 1854/2512/2424
f 1854/2512/2424 1864/2522/2434 1875/2533/2445
f 1866/2524/2436 1854/2512/2424 1874/2532/2444
f 1874/2532/2444 1854/2512/2424 1852/2510/2422
f 1883/2541/2453 1881/2539/2451 1884/2542/2454
f 1884/2542/2454 1881/2539/2451 1886/2544/2456
f 1886/2544/2456 1858/2516/2428 1884/2542/2454
f 1884/2542/2454 1858/2516/2428 1856/2514/2426
f 1882/2540/2452 1881/2539/2451 1885/2543/2455
f 1885/2543/2455 1881/2539/2451 1883/2541/2453
f 1850/2508/2420 1849/2507/2419 1874/2532/2444
f 1874/2532/2444 1849/2507/2419 1873/2531/2443
f 1858/2516/2428 1886/2544/2456 1877/2535/2447
f 1877/2535/2447 1886/2544/2456 1881/2539/2451
f 1874/2532/2444 1852/2510/2422 1850/2508/2420
f 1850/2508/2420 1852/2510/2422 1817/2475/2387
f 1859/2517/2429 1861/2519/2431 1877/2535/2447
f 1877/2535/2447 1861/2519/2431 1878/2536/2448
f 1833/2491/2403 1871/2529/2441 1849/2507/2419
f 1849/2507/2419 1871/2529/2441 1873/2531/2443
f 1859/2517/2429 1882/2540/2452 1860/2518/2430
f 1860/2518/2430 1882/2540/2452 1863/2521/2433
f 1872/2530/2442 1865/2523/2435 1871/2529/2441
f 1871/2529/2441 1865/2523/2435 1873/2531/2443
f 1830/2488/2400 1829/2487/2399 1819/2477/2389
f 1819/2477/2389 1829/2487/2399 1820/2478/2390
f 1824/2482/2394 1847/2505/2417 1826/2484/2396
f 1826/2484/2396 1847/2505/2417 1843/2501/2413
f 1838/2496/2408 1842/2500/2412 1837/2495/2407
f 1837/2495/2407 1842/2500/2412 1841/2499/2411
f 1824/2482/2394 1837/2495/2407 1847/2505/2417
f 1847/2505/2417 1837/2495/2407 1841/2499/2411
f 1820/2478/2390 1829/2487/2399 1826/2484/2396
f 1826/2484/2396 1829/2487/2399 1825/2483/2395
f 1860/2518/2430 1872/2530/2442 1862/2520/2432
f 1862/2520/2432 1872/2530/2442 1870/2528/2440
f 1882/2540/2452 1885/2543/2455 1863/2521/2433
f 1863/2521/2433 1885/2543/2455 1864/2522/2434
f 1879/2537/2449 1880/2538/2450 1875/2533/2445
f 1875/2533/2445 1880/2538/2450 1876/2534/2446
f 1864/2522/2434 1885/2543/2455 1875/2533/2445
f 1875/2533/2445 1885/2543/2455 1879/2537/2449
f 1860/2518/2430 1863/2521/2433 1872/2530/2442
f 1872/2530/2442 1863/2521/2433 1865/2523/2435
s 32
f 1887/2545/2457 1888/2546/2458 1889/2547/2459
f 1889/2547/2459 1888/2546/2458 1890/2548/2460
f 1888/2546/2458 1891/2549/2461 1890/2548/2460
f 1891/2549/2461 1892/2550/2462 1890/2548/2460
f 1893/2551/2463 1892/2550/2462 1894/2552/2464
f 1894/2552/2464 1892/2550/2462 1895/2553/2465
f 1893/2551/2463 1889/2547/2459 1892/2550/2462
f 1892/2550/2462 1889/2547/2459 1890/2548/2460
f 1896/2554/2466 1897/2555/2467 1898/2556/2468
f 1898/2556/2468 1897/2555/2467 1899/2557/2469
f 1900/2558/2470 1901/2559/2471 1899/2557/2469
f 1899/2557/2469 1901/2559/2471 1898/2556/2468
f 1902/2560/2472 1901/2559/2471 1903/2561/2473
f 1903/2561/2473 1901/2559/2471 1900/2558/2470
f 1904/2562/2474 1905/2563/2475 1906/2564/2476
f 1906/2564/2476 1905/2563/2475 1902/2560/2472
f 1905/2563/2475 1904/2562/2474 1907/2565/2477
f 1907/2565/2477 1904/2562/2474 1908/2566/2478
f 1902/2560/2472 1909/2567/2479 1906/2564/2476
f 1906/2564/2476 1909/2567/2479 1910/2568/2480
f 1909/2567/2479 1911/2569/2481 1910/2568/2480
f 1910/2568/2480 1911/2569/2481 1912/2570/2482
f 1909/2567/2479 1902/2560/2472 1913/2571/2483
f 1913/2571/2483 1914/2572/2484 1909/2567/2479
f 1909/2567/2479 1914/2572/2484 1911/2569/2481
f 1915/2573/2485 1916/2574/2486 1913/2571/2483
f 1913/2571/2483 1916/2574/2486 1914/2572/2484
f 1913/2571/2483 1902/2560/2472 1915/2573/2485
f 1915/2573/2485 1902/2560/2472 1903/2561/2473
f 1901/2559/2471 1902/2560/2472 1917/2575/2487
f 1917/2575/2487 1902/2560/2472 1918/2576/2488
f 1919/2577/2489 1920/2578/2490 1921/2579/2491
f 1921/2579/2491 1920/2578/2490 1917/2575/2487
f 1917/2575/2487 1922/2580/2492 1921/2579/2491
f 1921/2579/2491 1922/2580/2492 1923/2581/2493
f 1924/2582/2494 1922/2580/2492 1917/2575/2487
f 1925/2583/2495 1924/2582/2494 1918/2576/2488
f 1918/2576/2488 1924/2582/2494 1917/2575/2487
f 1901/2559/2471 1917/2575/2487 1926/2584/2496
f 1926/2584/2496 1917/2575/2487 1927/2585/2497
f 1927/2585/2497 1917/2575/2487 1920/2578/2490
f 1902/2560/2472 1905/2563/2475 1918/2576/2488
f 1903/2561/2473 1900/2558/2470 1928/2586/2498
f 1928/2586/2498 1900/2558/2470 1929/2587/2499
f 1928/2586/2498 1929/2587/2499 1930/2588/2500
f 1930/2588/2500 1929/2587/2499 1931/2589/2501
f 1903/2561/2473 1928/2586/2498 1932/2590/2502
f 1930/2588/2500 1933/2591/2503 1928/2586/2498
f 1928/2586/2498 1933/2591/2503 1932/2590/2502
f 1934/2592/2504 1935/2593/2505 1936/2594/2506
f 1936/2594/2506 1935/2593/2505 1931/2589/2501
f 1937/2595/2507 1936/2594/2506 1929/2587/2499
f 1929/2587/2499 1936/2594/2506 1931/2589/2501
f 1931/2589/2501 1935/2593/2505 1930/2588/2500
f 1930/2588/2500 1935/2593/2505 1938/2596/2508
f 1899/2557/2469 1937/2595/2507 1900/2558/2470
f 1900/2558/2470 1937/2595/2507 1929/2587/2499
f 1899/2557/2469 1939/2597/2509 1937/2595/2507
f 1939/2597/2509 1940/2598/2510 1937/2595/2507
f 1937/2595/2507 1940/2598/2510 1936/2594/2506
f 1941/2599/2511 1934/2592/2504 1940/2598/2510
f 1940/2598/2510 1934/2592/2504 1936/2594/2506
f 1942/2600/2512 1943/2601/2513 1940/2598/2510
f 1940/2598/2510 1943/2601/2513 1941/2599/2511
f 1944/2602/2514 1934/2592/2504 1945/2603/2515
f 1945/2603/2515 1934/2592/2504 1941/2599/2511
f 1943/2601/2513 1946/2604/2516 1941/2599/2511
f 1941/2599/2511 1946/2604/2516 1945/2603/2515
f 1940/2598/2510 1939/2597/2509 1942/2600/2512
f 1942/2600/2512 1939/2597/2509 1947/2605/2517
f 1899/2557/2469 1948/2606/2518 1939/2597/2509
f 1939/2597/2509 1948/2606/2518 1947/2605/2517
f 1899/2557/2469 1949/2607/2519 1948/2606/2518
f 1948/2606/2518 1949/2607/2519 1950/2608/2520
f 1951/2609/2521 1894/2552/2464 1952/2610/2522
f 1952/2610/2522 1894/2552/2464 1895/2553/2465
f 1953/2611/2523 1954/2612/2524 1887/2545/2457
f 1887/2545/2457 1954/2612/2524 1888/2546/2458
f 1954/2612/2524 1955/2613/2525 1888/2546/2458
f 1888/2546/2458 1955/2613/2525 1956/2614/2526
f 1956/2614/2526 1955/2615/2525 1895/2553/2465
f 1895/2553/2465 1955/2615/2525 1952/2610/2522
f 1956/2614/2526 1895/2553/2465 1891/2549/2461
f 1891/2549/2461 1895/2553/2465 1892/2550/2462
f 1899/2557/2469 1897/2555/2467 1949/2607/2519
f 1898/2556/2468 1957/2616/2527 1896/2554/2466
f 1956/2614/2526 1891/2549/2461 1888/2546/2458
f 1898/2556/2468 1958/2617/2528 1957/2616/2527
f 1957/2616/2527 1958/2617/2528 1959/2618/2529
f 1898/2556/2468 1960/2619/2530 1958/2617/2528
f 1958/2617/2528 1960/2619/2530 1961/2620/2531
f 1960/2619/2530 1962/2621/2532 1961/2620/2531
f 1961/2620/2531 1962/2621/2532 1963/2622/2533
f 1964/2623/2534 1965/2624/2535 1962/2621/2532
f 1962/2621/2532 1965/2624/2535 1963/2622/2533
f 1965/2624/2535 1964/2623/2534 1966/2625/2536
f 1966/2625/2536 1964/2623/2534 1967/2626/2537
f 1968/2627/2538 1969/2628/2539 1970/2629/2540
f 1970/2629/2540 1969/2628/2539 1971/2630/2541
f 1968/2627/2538 1970/2629/2540 1972/2631/2542
f 1970/2629/2540 1973/2632/2543 1972/2631/2542
f 1972/2631/2542 1973/2632/2543 1974/2633/2544
f 1968/2627/2538 1972/2631/2542 1975/2634/2545
f 1975/2634/2545 1972/2631/2542 1976/2635/2546
f 1962/2621/2532 1960/2619/2530 1976/2635/2546
f 1976/2635/2546 1960/2619/2530 1975/2634/2545
f 1960/2619/2530 1898/2556/2468 1975/2634/2545
f 1901/2559/2471 1968/2627/2538 1898/2556/2468
f 1898/2556/2468 1968/2627/2538 1975/2634/2545
f 1964/2623/2534 1962/2621/2532 1977/2636/2547
f 1977/2636/2547 1962/2621/2532 1976/2635/2546
f 1964/2623/2534 1977/2636/2547 1967/2626/2537
f 1967/2626/2537 1977/2636/2547 1978/2637/2548
f 1974/2633/2544 1979/2638/2549 1977/2636/2547
f 1977/2636/2547 1979/2638/2549 1978/2637/2548
f 1972/2631/2542 1974/2633/2544 1976/2635/2546
f 1976/2635/2546 1974/2633/2544 1977/2636/2547
f 1970/2629/2540 1971/2630/2541 1973/2632/2543
f 1973/2632/2543 1971/2630/2541 1980/2639/2550
f 1981/2640/2551 1973/2632/2543 1982/2641/2552
f 1982/2641/2552 1973/2632/2543 1980/2639/2550
f 1974/2633/2544 1973/2632/2543 1979/2638/2549
f 1979/2638/2549 1973/2632/2543 1981/2640/2551
f 1981/2640/2551 1983/2642/2553 1979/2638/2549
f 1979/2638/2549 1983/2642/2553 1984/2643/2554
f 1985/2644/2555 1984/2643/2554 1986/2645/2556
f 1986/2645/2556 1984/2643/2554 1983/2642/2553
f 1986/2645/2556 1987/2646/2557 1988/2647/2558
f 1988/2647/2558 1987/2646/2557 1989/2648/2559
f 1981/2640/2551 1990/2649/2560 1983/2642/2553
f 1968/2627/2538 1991/2650/2561 1969/2628/2539
f 1969/2628/2539 1991/2650/2561 1992/2651/2562
f 1993/2652/2563 1994/2653/2564 1995/2654/2565
f 1995/2654/2565 1994/2653/2564 1996/2655/2566
f 1997/2656/2567 1994/2653/2564 1998/2657/2568
f 1998/2657/2568 1994/2653/2564 1993/2652/2563
f 1999/2658/2569 1998/2657/2568 1991/2650/2561
f 1991/2650/2561 1998/2657/2568 1993/2652/2563
f 1991/2650/2561 1993/2652/2563 1992/2651/2562
f 1992/2651/2562 1993/2652/2563 1995/2654/2565
f 1991/2650/2561 1968/2627/2538 1999/2658/2569
f 1901/2559/2471 1926/2584/2496 1968/2627/2538
f 1968/2627/2538 1926/2584/2496 1999/2658/2569
f 1903/2561/2473 2000/2659/2570 2001/2660/2571
f 2001/2660/2571 2000/2659/2570 2002/2661/2572
f 1915/2573/2485 1903/2561/2473 2001/2660/2571
f 1916/2574/2486 1915/2573/2485 2003/2662/2573
f 2003/2662/2573 1915/2573/2485 2001/2660/2571
f 2004/2663/2574 2005/2664/2575 2006/2665/2576
f 2006/2665/2576 2005/2664/2575 2007/2666/2577
f 2008/2667/2578 2009/2668/2579 2005/2664/2575
f 2005/2664/2575 2009/2668/2579 2007/2666/2577
f 2010/2669/2580 2011/2670/2581 2009/2671/2579
f 2009/2671/2579 2011/2670/2581 2007/2666/2577
f 2012/2672/2582 2003/2662/2573 2002/2661/2572
f 2002/2661/2572 2003/2662/2573 2001/2660/2571
f 2011/2670/2581 2006/2665/2576 2007/2666/2577
f 2011/2670/2581 2013/2673/2583 2006/2665/2576
f 2004/2663/2574 2006/2665/2576 2013/2673/2583
f 1933/2591/2503 2014/2674/2584 1932/2590/2502
f 1932/2590/2502 2014/2674/2584 2015/2675/2585
f 1946/2604/2516 2016/2676/2586 1945/2603/2515
f 1945/2603/2515 2016/2676/2586 2017/2677/2587
f 1944/2602/2514 1945/2603/2515 2018/2678/2588
f 2018/2678/2588 1945/2603/2515 2017/2677/2587
f 2019/2679/2589 2018/2678/2588 2020/2680/2590
f 1938/2596/2508 1935/2593/2505 2020/2680/2590
f 2020/2680/2590 1935/2593/2505 2019/2679/2589
f 2017/2677/2587 2021/2681/2591 2018/2678/2588
f 2018/2678/2588 2021/2681/2591 2020/2680/2590
f 2020/2680/2590 2021/2681/2591 1938/2596/2508
f 1938/2596/2508 2021/2681/2591 2022/2682/2592
f 2019/2679/2589 1944/2602/2514 2018/2678/2588
f 1934/2592/2504 1944/2602/2514 1935/2593/2505
f 1935/2593/2505 1944/2602/2514 2019/2679/2589
f 2017/2677/2587 2016/2683/2586 2021/2681/2591
f 2021/2681/2591 2016/2683/2586 2023/2684/2593
f 2021/2681/2591 2023/2684/2593 2022/2682/2592
f 2022/2682/2592 2023/2684/2593 2024/2685/2594
f 2022/2682/2592 2024/2685/2594 1933/2591/2503
f 1933/2591/2503 2024/2685/2594 2014/2674/2584
f 1903/2561/2473 1932/2590/2502 2000/2659/2570
f 2000/2659/2570 1932/2590/2502 2015/2675/2585
f 1981/2640/2551 1982/2641/2552 1990/2649/2560
f 1990/2649/2560 1982/2641/2552 2025/2686/2595
f 2026/2687/2596 2027/2688/2597 1987/2646/2557
f 1987/2646/2557 2027/2688/2597 1989/2648/2559
f 2028/2689/2598 2029/2690/2599 2030/2691/2600
f 2030/2691/2600 2029/2690/2599 2031/2692/2601
f 2028/2689/2598 2032/2693/2602 2029/2690/2599
f 2029/2690/2599 2032/2693/2602 2033/2694/2603
f 1985/2644/2555 2033/2694/2603 1984/2643/2554
f 1984/2643/2554 2033/2694/2603 2032/2693/2602
f 2032/2693/2602 1978/2637/2548 1984/2643/2554
f 1984/2643/2554 1978/2637/2548 1979/2638/2549
f 1978/2637/2548 2032/2693/2602 1967/2626/2537
f 1967/2626/2537 2032/2693/2602 2028/2689/2598
f 1966/2625/2536 1967/2626/2537 2030/2691/2600
f 2030/2691/2600 1967/2626/2537 2028/2689/2598
f 1926/2584/2496 2034/2695/2604 1999/2658/2569
f 1999/2658/2569 2034/2695/2604 1998/2657/2568
f 1998/2657/2568 2034/2695/2604 1997/2656/2567
f 1997/2656/2567 2034/2695/2604 2035/2696/2605
f 2036/2697/2606 2035/2696/2605 2037/2698/2607
f 2036/2697/2606 1997/2656/2567 2035/2696/2605
f 2038/2699/2608 1994/2653/2564 2036/2697/2606
f 2036/2697/2606 1994/2653/2564 1997/2656/2567
f 1996/2655/2566 1994/2653/2564 2039/2700/2609
f 2039/2700/2609 1994/2653/2564 2038/2699/2608
f 2038/2699/2608 2040/2701/2610 2039/2702/2609
f 2039/2702/2609 2040/2701/2610 2041/2703/2611
f 2042/2704/2612 2040/2701/2610 2043/2705/2613
f 2043/2705/2613 2040/2701/2610 2037/2698/2607
f 1927/2585/2497 1920/2578/2490 2043/2705/2613
f 2043/2705/2613 1920/2578/2490 2042/2704/2612
f 2043/2705/2613 2037/2698/2607 2034/2695/2604
f 2034/2695/2604 2037/2698/2607 2035/2696/2605
f 2038/2699/2608 2036/2697/2606 2040/2701/2610
f 2040/2701/2610 2036/2697/2606 2037/2698/2607
f 1926/2584/2496 1927/2585/2497 2034/2695/2604
f 2034/2695/2604 1927/2585/2497 2043/2705/2613
f 2041/2703/2611 2040/2701/2610 2044/2706/2614
f 2044/2706/2614 2040/2701/2610 2042/2704/2612
f 2044/2706/2614 2042/2704/2612 1919/2577/2489
f 1919/2577/2489 2042/2704/2612 1920/2578/2490
f 1907/2565/2477 1925/2583/2495 1905/2563/2475
f 1905/2563/2475 1925/2583/2495 1918/2576/2488
f 1925/2583/2495 1907/2565/2477 2045/2707/2615
f 2045/2707/2615 1907/2565/2477 2046/2708/2616
f 2046/2708/2616 2047/2709/2617 2045/2707/2615
f 2045/2707/2615 2047/2709/2617 2048/2710/2618
f 2045/2707/2615 2049/2711/2619 1925/2583/2495
f 1925/2583/2495 2049/2711/2619 1924/2582/2494
f 2049/2711/2619 2050/2712/2620 1924/2582/2494
f 1924/2582/2494 2050/2712/2620 1922/2580/2492
f 2051/2713/2621 2052/2714/2622 2053/2715/2623
f 2052/2714/2622 2054/2716/2624 2053/2715/2623
f 2053/2715/2623 2054/2716/2624 2055/2717/2625
f 2051/2713/2621 2053/2715/2623 2056/2718/2626
f 2056/2718/2626 2053/2715/2623 2057/2719/2627
f 2058/2720/2628 2050/2712/2620 2056/2718/2626
f 2056/2718/2626 2050/2712/2620 2051/2713/2621
f 2047/2709/2617 2046/2708/2616 2059/2721/2629
f 2059/2721/2629 2046/2708/2616 2060/2722/2630
f 2046/2708/2616 1907/2565/2477 2060/2722/2630
f 2060/2722/2630 1907/2565/2477 1908/2566/2478
f 1922/2580/2492 2050/2712/2620 1923/2581/2493
f 1923/2581/2493 2050/2712/2620 2058/2720/2628
f 2053/2715/2623 2055/2717/2625 2057/2719/2627
f 2057/2719/2627 2055/2717/2625 2061/2723/2631
f 2062/2724/2632 2063/2725/2633 2064/2726/2634
f 2064/2726/2634 2063/2725/2633 2065/2727/2635
f 2065/2727/2635 2066/2728/2636 2064/2726/2634
f 2064/2726/2634 2066/2728/2636 2067/2729/2637
f 2068/2730/2638 2047/2709/2617 2069/2731/2639
f 2069/2731/2639 2047/2709/2617 2059/2721/2629
f 2068/2730/2638 2070/2732/2640 2047/2709/2617
f 2047/2709/2617 2070/2732/2640 2048/2710/2618
f 2054/2716/2624 2071/2733/2641 2066/2728/2636
f 2066/2728/2636 2071/2733/2641 2067/2729/2637
f 2072/2734/2642 2048/2710/2618 2073/2735/2643
f 2073/2735/2643 2048/2710/2618 2070/2732/2640
f 2051/2713/2621 2072/2734/2642 2052/2714/2622
f 2052/2714/2622 2072/2734/2642 2073/2735/2643
f 2048/2710/2618 2072/2734/2642 2045/2707/2615
f 2045/2707/2615 2072/2734/2642 2049/2711/2619
f 2051/2713/2621 2050/2712/2620 2072/2734/2642
f 2072/2734/2642 2050/2712/2620 2049/2711/2619
f 2022/2682/2592 1933/2591/2503 1938/2596/2508
f 1938/2596/2508 1933/2591/2503 1930/2588/2500
f 1951/2609/2521 1950/2608/2520 1894/2552/2464
f 1894/2552/2464 1950/2608/2520 1949/2607/2519
f 1893/2551/2463 1894/2552/2464 1897/2555/2467
f 1897/2555/2467 1894/2552/2464 1949/2607/2519
f 1897/2555/2467 1896/2554/2466 1893/2551/2463
f 1893/2551/2463 1896/2554/2466 1889/2547/2459
f 1887/2545/2457 1889/2547/2459 1957/2616/2527
f 1957/2616/2527 1889/2547/2459 1896/2554/2466
f 1953/2611/2523 1887/2545/2457 1959/2618/2529
f 1959/2618/2529 1887/2545/2457 1957/2616/2527
f 2012/2672/2582 2008/2667/2578 2003/2662/2573
f 2003/2662/2573 2008/2667/2578 2005/2664/2575
f 1916/2574/2486 2003/2662/2573 2004/2663/2574
f 2004/2663/2574 2003/2662/2573 2005/2664/2575
f 1916/2574/2486 2004/2663/2574 1914/2572/2484
f 1914/2572/2484 2004/2663/2574 2013/2673/2583
f 1911/2569/2481 1914/2572/2484 2011/2670/2581
f 2011/2670/2581 1914/2572/2484 2013/2673/2583
f 1912/2570/2482 1911/2569/2481 2010/2669/2580
f 2010/2669/2580 1911/2569/2481 2011/2670/2581
f 1987/2646/2557 1986/2645/2556 1990/2649/2560
f 1990/2649/2560 1986/2645/2556 1983/2642/2553
f 1990/2649/2560 2025/2686/2595 1987/2646/2557
f 1987/2646/2557 2025/2686/2595 2026/2687/2596
f 2054/2716/2624 2066/2728/2636 2055/2717/2625
f 2055/2717/2625 2066/2728/2636 2065/2727/2635
f 1988/2647/2558 1985/2644/2555 1986/2645/2556
f 1988/2647/2558 2033/2694/2603 1985/2644/2555
f 2033/2694/2603 1988/2647/2558 2029/2690/2599
f 2029/2690/2599 1988/2647/2558 1989/2648/2559
f 2029/2690/2599 1989/2648/2559 2031/2692/2601
f 2031/2692/2601 1989/2648/2559 2027/2736/2597
f 2052/2714/2622 2073/2735/2643 2054/2716/2624
f 2054/2716/2624 2073/2735/2643 2071/2733/2641
f 2071/2733/2641 2073/2735/2643 2067/2729/2637
f 2067/2729/2637 2073/2735/2643 2070/2732/2640
f 2067/2729/2637 2070/2732/2640 2064/2726/2634
f 2064/2726/2634 2070/2732/2640 2068/2730/2638
f 2069/2731/2639 2062/2724/2632 2068/2730/2638
f 2068/2730/2638 2062/2724/2632 2064/2726/2634
f 2061/2723/2631 2055/2717/2625 2063/2737/2633
f 2063/2737/2633 2055/2717/2625 2065/2727/2635
s 33
f 2074/2738/2644 2075/2739/2645 2076/2740/2646
f 2076/2740/2646 2075/2739/2645 2077/2741/2647
s 34
f 2078/2742/2648 2079/2743/2649 2080/2744/2650
f 2080/2744/2650 2079/2743/2649 2081/2745/2651
f 2082/2746/2652 2083/2747/2653 2084/2748/2654
f 2084/2748/2654 2083/2747/2653 2085/2749/2655
f 2086/2750/2656 2087/2751/2657 2088/2752/2658
f 2088/2752/2658 2087/2751/2657 2089/2753/2659
s 33
f 2090/2754/2660 2091/2755/2661 2092/2756/2662
f 2092/2756/2662 2091/2755/2661 2089/2757/2663
f 2092/2756/2662 2093/2758/2664 2094/2759/2665
f 2094/2759/2665 2093/2758/2664 2095/2760/2666
s 34
f 2096/2761/2667 2097/2762/2668 2075/2763/2669
f 2075/2763/2669 2097/2762/2668 2077/2764/2670
f 2098/2765/2671 2078/2742/2648 2096/2761/2667
f 2096/2761/2667 2078/2742/2648 2080/2744/2650
s 33
f 2089/2757/2663 2087/2766/2672 2092/2756/2662
f 2092/2756/2662 2087/2766/2672 2093/2758/2664
s 34
f 2099/2767/2673 2100/2768/2674 2082/2746/2652
f 2082/2746/2652 2100/2768/2674 2083/2747/2653
s 33
f 2101/2769/2675 2102/2770/2676 2103/2771/2677
f 2103/2771/2677 2102/2770/2676 2104/2772/2678
s 34
f 2080/2744/2650 2105/2773/2679 2096/2761/2667
f 2096/2761/2667 2105/2773/2679 2097/2762/2668
f 2106/2774/2680 2107/2775/2681 2108/2776/2682
f 2108/2776/2682 2107/2775/2681 2109/2777/2683
s 33
f 2094/2759/2665 2110/2778/2684 2111/2779/2685
f 2111/2779/2685 2110/2778/2684 2112/2780/2686
s 34
f 2096/2761/2667 2075/2763/2669 2098/2765/2671
f 2098/2765/2671 2075/2763/2669 2113/2781/2687
f 2108/2776/2682 2109/2777/2683 2083/2747/2653
f 2083/2747/2653 2109/2777/2683 2085/2749/2655
s 33
f 2113/2782/2688 2075/2739/2645 2114/2783/2689
f 2114/2783/2689 2075/2739/2645 2074/2738/2644
f 2115/2784/2690 2116/2785/2691 2074/2738/2644
f 2074/2738/2644 2116/2785/2691 2114/2783/2689
f 2117/2786/2692 2104/2772/2678 2118/2787/2693
f 2118/2787/2693 2104/2772/2678 2102/2770/2676
s 34
f 2119/2788/2694 2120/2789/2695 2103/2790/2696
f 2103/2790/2696 2120/2789/2695 2100/2768/2674
f 2083/2747/2653 2100/2768/2674 2108/2776/2682
f 2108/2776/2682 2100/2768/2674 2120/2789/2695
s 33
f 2121/2791/2697 2095/2760/2666 2122/2792/2698
f 2122/2792/2698 2095/2760/2666 2093/2758/2664
f 2118/2787/2693 2084/2793/2699 2117/2786/2692
f 2117/2786/2692 2084/2793/2699 2085/2794/2700
f 2094/2759/2665 2095/2760/2666 2110/2778/2684
f 2110/2778/2684 2095/2760/2666 2107/2795/2701
f 2102/2770/2676 2101/2769/2675 2123/2796/2702
f 2123/2796/2702 2101/2769/2675 2124/2797/2703
f 2109/2798/2704 2107/2795/2701 2121/2791/2697
f 2121/2791/2697 2107/2795/2701 2095/2760/2666
f 2076/2740/2646 2077/2741/2647 2118/2787/2693
f 2118/2787/2693 2077/2741/2647 2084/2793/2699
s 34
f 2106/2774/2680 2086/2750/2656 2125/2799/2705
f 2125/2799/2705 2086/2750/2656 2088/2752/2658
s 33
f 2087/2766/2672 2119/2800/2706 2093/2758/2664
f 2093/2758/2664 2119/2800/2706 2122/2792/2698
s 34
f 2107/2775/2681 2106/2774/2680 2110/2801/2707
f 2110/2801/2707 2106/2774/2680 2125/2799/2705
s 33
f 2081/2802/2708 2115/2784/2690 2124/2797/2703
f 2124/2797/2703 2115/2784/2690 2123/2796/2702
f 2081/2802/2708 2079/2803/2709 2115/2784/2690
f 2115/2784/2690 2079/2803/2709 2116/2785/2691
s 34
f 2097/2762/2668 2082/2746/2652 2077/2764/2670
f 2077/2764/2670 2082/2746/2652 2084/2748/2654
s 33
f 2118/2787/2693 2102/2770/2676 2076/2740/2646
f 2076/2740/2646 2102/2770/2676 2123/2796/2702
f 2104/2772/2678 2122/2792/2698 2103/2771/2677
f 2103/2771/2677 2122/2792/2698 2119/2800/2706
f 2117/2786/2692 2121/2791/2697 2104/2772/2678
f 2104/2772/2678 2121/2791/2697 2122/2792/2698
s 34
f 2082/2746/2652 2097/2762/2668 2099/2767/2673
f 2099/2767/2673 2097/2762/2668 2105/2773/2679
f 2099/2767/2673 2105/2773/2679 2101/2804/2710
f 2101/2804/2710 2105/2773/2679 2124/2805/2711
f 2120/2789/2695 2119/2788/2694 2086/2750/2656
f 2086/2750/2656 2119/2788/2694 2087/2751/2657
f 2125/2799/2705 2126/2806/2712 2110/2801/2707
f 2110/2801/2707 2126/2806/2712 2112/2807/2713
f 2088/2752/2658 2127/2808/2714 2125/2799/2705
f 2125/2799/2705 2127/2808/2714 2126/2806/2712
f 2081/2745/2651 2124/2805/2711 2080/2744/2650
f 2080/2744/2650 2124/2805/2711 2105/2773/2679
f 2101/2804/2710 2103/2790/2696 2099/2767/2673
f 2099/2767/2673 2103/2790/2696 2100/2768/2674
s 33
f 2085/2794/2700 2109/2798/2704 2117/2786/2692
f 2117/2786/2692 2109/2798/2704 2121/2791/2697
s 34
f 2127/2808/2714 2088/2752/2658 2091/2809/2715
f 2091/2809/2715 2088/2752/2658 2089/2753/2659
s 33
f 2115/2784/2690 2074/2738/2644 2123/2796/2702
f 2123/2796/2702 2074/2738/2644 2076/2740/2646
f 2092/2756/2662 2094/2759/2665 2090/2754/2660
f 2090/2754/2660 2094/2759/2665 2111/2779/2685
s 34
f 2086/2750/2656 2106/2774/2680 2120/2789/2695
f 2120/2789/2695 2106/2774/2680 2108/2776/2682
s 33
f 2128/2810/2716 2129/2811/2717 2130/2812/2718
f 2130/2812/2718 2129/2811/2717 2131/2813/2719
s 34
f 2132/2814/2720 2079/2743/2649 2133/2815/2721
f 2133/2815/2721 2079/2743/2649 2078/2742/2648
f 2134/2816/2722 2135/2817/2723 2136/2818/2724
f 2136/2818/2724 2135/2817/2723 2137/2819/2725
f 2138/2820/2726 2139/2821/2727 2140/2822/2728
f 2140/2822/2728 2139/2821/2727 2141/2823/2729
s 33
f 2090/2754/2660 2142/2824/2730 2091/2755/2661
f 2091/2755/2661 2142/2824/2730 2138/2825/2731
f 2143/2826/2732 2144/2827/2733 2145/2828/2734
f 2145/2828/2734 2144/2827/2733 2142/2824/2730
s 34
f 2146/2829/2735 2130/2830/2736 2147/2831/2737
f 2147/2831/2737 2130/2830/2736 2131/2832/2738
f 2133/2815/2721 2078/2742/2648 2146/2829/2735
f 2146/2829/2735 2078/2742/2648 2098/2765/2671
s 33
f 2144/2827/2733 2139/2833/2739 2142/2824/2730
f 2142/2824/2730 2139/2833/2739 2138/2825/2731
s 34
f 2136/2818/2724 2148/2834/2740 2134/2816/2722
f 2134/2816/2722 2148/2834/2740 2149/2835/2741
s 33
f 2150/2836/2742 2151/2837/2743 2152/2838/2744
f 2152/2838/2744 2151/2837/2743 2153/2839/2745
s 34
f 2133/2815/2721 2146/2829/2735 2154/2840/2746
f 2154/2840/2746 2146/2829/2735 2147/2831/2737
f 2155/2841/2747 2156/2842/2748 2157/2843/2749
f 2157/2843/2749 2156/2842/2748 2158/2844/2750
s 33
f 2145/2828/2734 2111/2779/2685 2159/2845/2751
f 2159/2845/2751 2111/2779/2685 2112/2780/2686
s 34
f 2113/2781/2687 2130/2830/2736 2098/2765/2671
f 2098/2765/2671 2130/2830/2736 2146/2829/2735
f 2137/2819/2725 2155/2841/2747 2136/2818/2724
f 2136/2818/2724 2155/2841/2747 2157/2843/2749
s 33
f 2128/2810/2716 2130/2812/2718 2114/2783/2689
f 2114/2783/2689 2130/2812/2718 2113/2782/2688
f 2114/2783/2689 2116/2785/2691 2128/2810/2716
f 2128/2810/2716 2116/2785/2691 2160/2846/2752
f 2152/2838/2744 2153/2839/2745 2161/2847/2753
f 2161/2847/2753 2153/2839/2745 2162/2848/2754
s 34
f 2148/2834/2740 2163/2849/2755 2151/2850/2756
f 2151/2850/2756 2163/2849/2755 2164/2851/2757
f 2136/2818/2724 2157/2843/2749 2148/2834/2740
f 2148/2834/2740 2157/2843/2749 2163/2849/2755
s 33
f 2144/2827/2733 2143/2826/2732 2165/2852/2758
f 2165/2852/2758 2143/2826/2732 2166/2853/2759
f 2161/2847/2753 2162/2848/2754 2135/2854/2760
f 2135/2854/2760 2162/2848/2754 2137/2855/2761
f 2156/2856/2762 2143/2826/2732 2159/2845/2751
f 2159/2845/2751 2143/2826/2732 2145/2828/2734
f 2152/2838/2744 2167/2857/2763 2150/2836/2742
f 2150/2836/2742 2167/2857/2763 2168/2858/2764
f 2143/2826/2732 2156/2856/2762 2166/2853/2759
f 2166/2853/2759 2156/2856/2762 2155/2859/2765
f 2129/2811/2717 2161/2847/2753 2131/2813/2719
f 2131/2813/2719 2161/2847/2753 2135/2854/2760
s 34
f 2140/2822/2728 2141/2823/2729 2169/2860/2766
f 2169/2860/2766 2141/2823/2729 2158/2844/2750
s 33
f 2165/2852/2758 2164/2861/2767 2144/2827/2733
f 2144/2827/2733 2164/2861/2767 2139/2833/2739
s 34
f 2169/2860/2766 2158/2844/2750 2159/2862/2768
f 2159/2862/2768 2158/2844/2750 2156/2842/2748
s 33
f 2132/2863/2769 2168/2858/2764 2160/2846/2752
f 2160/2846/2752 2168/2858/2764 2167/2857/2763
f 2116/2785/2691 2079/2803/2709 2160/2846/2752
f 2160/2846/2752 2079/2803/2709 2132/2863/2769
s 34
f 2147/2831/2737 2131/2832/2738 2134/2816/2722
f 2134/2816/2722 2131/2832/2738 2135/2817/2723
s 33
f 2161/2847/2753 2129/2811/2717 2152/2838/2744
f 2152/2838/2744 2129/2811/2717 2167/2857/2763
f 2164/2861/2767 2165/2852/2758 2151/2837/2743
f 2151/2837/2743 2165/2852/2758 2153/2839/2745
f 2162/2848/2754 2153/2839/2745 2166/2853/2759
f 2166/2853/2759 2153/2839/2745 2165/2852/2758
s 34
f 2134/2816/2722 2149/2835/2741 2147/2831/2737
f 2147/2831/2737 2149/2835/2741 2154/2840/2746
f 2149/2835/2741 2150/2864/2770 2154/2840/2746
f 2154/2840/2746 2150/2864/2770 2168/2865/2771
f 2139/2821/2727 2164/2851/2757 2141/2823/2729
f 2141/2823/2729 2164/2851/2757 2163/2849/2755
f 2169/2860/2766 2159/2862/2768 2126/2806/2712
f 2126/2806/2712 2159/2862/2768 2112/2807/2713
f 2140/2822/2728 2169/2860/2766 2127/2808/2714
f 2127/2808/2714 2169/2860/2766 2126/2806/2712
f 2132/2814/2720 2133/2815/2721 2168/2865/2771
f 2168/2865/2771 2133/2815/2721 2154/2840/2746
f 2150/2864/2770 2149/2835/2741 2151/2850/2756
f 2151/2850/2756 2149/2835/2741 2148/2834/2740
s 33
f 2166/2853/2759 2155/2859/2765 2162/2848/2754
f 2162/2848/2754 2155/2859/2765 2137/2855/2761
s 34
f 2127/2808/2714 2091/2809/2715 2140/2822/2728
f 2140/2822/2728 2091/2809/2715 2138/2820/2726
s 33
f 2160/2846/2752 2167/2857/2763 2128/2810/2716
f 2128/2810/2716 2167/2857/2763 2129/2811/2717
f 2142/2824/2730 2090/2754/2660 2145/2828/2734
f 2145/2828/2734 2090/2754/2660 2111/2779/2685
s 34
f 2157/2843/2749 2158/2844/2750 2163/2849/2755
f 2163/2849/2755 2158/2844/2750 2141/2823/2729
s 35
f 2170/2866/2772 2171/2867/2773 2172/2868/2774
f 2172/2868/2774 2171/2867/2773 2173/2869/2775
f 2174/2870/2776 2175/2871/2777 2176/2872/2778
f 2176/2872/2778 2175/2871/2777 2177/2873/2779
f 2178/2874/2780 2179/2875/2781 2172/2868/2774
f 2172/2868/2774 2179/2875/2781 2170/2866/2772
f 2180/2876/2782 2181/2877/2783 2172/2868/2774
f 2172/2868/2774 2181/2877/2783 2178/2874/2780
f 2182/2878/2784 2183/2879/2785 2184/2880/2786
f 2184/2880/2786 2183/2879/2785 2185/2881/2787
f 2181/2882/2783 2186/2883/2788 2178/2884/2780
f 2178/2884/2780 2186/2883/2788 2187/2885/2789
f 2179/2886/2781 2188/2887/2790 2189/2888/2791
f 2189/2888/2791 2188/2887/2790 2190/2889/2792
f 2191/2890/2793 2192/2891/2794 2187/2885/2789
f 2187/2885/2789 2192/2891/2794 2188/2887/2790
f 2193/2892/2795 2194/2893/2796 2195/2894/2797
f 2195/2894/2797 2194/2893/2796 2196/2895/2798
f 2195/2894/2797 2189/2888/2791 2193/2892/2795
f 2193/2892/2795 2189/2888/2791 2190/2889/2792
f 2195/2896/2797 2197/2897/2799 2189/2898/2791
f 2189/2898/2791 2197/2897/2799 2198/2899/2800
f 2187/2885/2789 2186/2883/2788 2191/2890/2793
f 2191/2890/2793 2186/2883/2788 2199/2900/2801
f 2191/2890/2793 2200/2901/2802 2192/2891/2794
f 2192/2891/2794 2200/2901/2802 2201/2902/2803
f 2202/2903/2804 2203/2904/2805 2199/2900/2801
f 2204/2905/2806 2205/2906/2807 2203/2904/2805
f 2203/2904/2805 2205/2906/2807 2206/2907/2808
f 2207/2908/2809 2208/2909/2810 2209/2910/2811
f 2209/2910/2811 2208/2909/2810 2204/2911/2806
f 2208/2909/2810 2210/2912/2812 2204/2911/2806
f 2204/2911/2806 2210/2912/2812 2205/2913/2807
f 2193/2892/2795 2201/2902/2803 2194/2893/2796
f 2194/2893/2796 2201/2902/2803 2211/2914/2813
f 2209/2915/2811 2202/2903/2804 2182/2916/2784
f 2190/2889/2792 2212/2917/2814 2193/2892/2795
f 2193/2892/2795 2212/2917/2814 2201/2902/2803
f 2204/2905/2806 2203/2904/2805 2209/2915/2811
f 2209/2915/2811 2203/2904/2805 2202/2903/2804
f 2173/2918/2775 2213/2919/2815 2214/2920/2816
f 2214/2920/2816 2213/2919/2815 2215/2921/2817
f 2177/2873/2779 2215/2921/2817 2176/2872/2778
f 2176/2872/2778 2215/2921/2817 2213/2919/2815
f 2213/2919/2815 2216/2922/2818 2176/2872/2778
f 2173/2918/2775 2216/2922/2818 2213/2919/2815
f 2214/2923/2816 2180/2876/2782 2173/2869/2775
f 2173/2869/2775 2180/2876/2782 2172/2868/2774
f 2217/2924/2819 2218/2925/2820 2185/2881/2787
f 2185/2881/2787 2218/2925/2820 2184/2880/2786
f 2184/2880/2786 2218/2925/2820 2207/2908/2809
f 2207/2908/2809 2218/2925/2820 2219/2926/2821
f 2220/2927/2822 2221/2928/2823 2222/2929/2824
f 2222/2929/2824 2221/2928/2823 2223/2930/2825
f 2224/2931/2826 2219/2926/2821 2218/2925/2820
f 2222/2929/2824 2219/2926/2821 2220/2927/2822
f 2220/2927/2822 2219/2926/2821 2224/2931/2826
f 2225/2932/2827 2198/2899/2800 2226/2933/2828
f 2226/2933/2828 2198/2899/2800 2197/2897/2799
f 2173/2869/2775 2171/2867/2773 2227/2934/2829
f 2227/2934/2829 2171/2867/2773 2228/2935/2830
f 2216/2922/2818 2173/2918/2775 2229/2936/2831
f 2229/2936/2831 2173/2918/2775 2227/2937/2829
f 2196/2938/2798 2230/2939/2832 2195/2896/2797
f 2195/2896/2797 2230/2939/2832 2197/2897/2799
f 2229/2936/2831 2227/2937/2829 2231/2940/2833
f 2231/2940/2833 2227/2937/2829 2232/2941/2834
f 2227/2934/2829 2228/2935/2830 2232/2942/2834
f 2232/2942/2834 2228/2935/2830 2233/2943/2835
f 2234/2944/2836 2235/2945/2837 2221/2928/2823
f 2221/2928/2823 2235/2945/2837 2236/2946/2838
f 2237/2947/2839 2234/2944/2836 2174/2870/2776
f 2174/2870/2776 2234/2944/2836 2175/2871/2777
f 2174/2870/2776 2229/2936/2831 2237/2947/2839
f 2237/2947/2839 2229/2936/2831 2231/2940/2833
f 2229/2936/2831 2174/2870/2776 2216/2922/2818
f 2216/2922/2818 2174/2870/2776 2176/2872/2778
f 2230/2939/2832 2238/2948/2840 2197/2897/2799
f 2197/2897/2799 2238/2948/2840 2226/2933/2828
f 2184/2880/2786 2207/2908/2809 2182/2878/2784
f 2182/2878/2784 2207/2908/2809 2209/2910/2811
f 2198/2899/2800 2225/2932/2827 2170/2866/2772
f 2170/2866/2772 2225/2932/2827 2171/2867/2773
f 2179/2875/2781 2189/2898/2791 2170/2866/2772
f 2170/2866/2772 2189/2898/2791 2198/2899/2800
f 2178/2884/2780 2187/2885/2789 2179/2886/2781
f 2179/2886/2781 2187/2885/2789 2188/2887/2790
f 2192/2891/2794 2212/2917/2814 2188/2887/2790
f 2188/2887/2790 2212/2917/2814 2190/2889/2792
f 2192/2891/2794 2201/2902/2803 2212/2917/2814
f 2211/2914/2813 2201/2902/2803 2239/2949/2841
f 2239/2949/2841 2201/2902/2803 2200/2901/2802
f 2171/2867/2773 2225/2932/2827 2228/2935/2830
f 2228/2935/2830 2225/2932/2827 2226/2933/2828
f 2228/2935/2830 2226/2933/2828 2233/2943/2835
f 2233/2943/2835 2226/2933/2828 2238/2948/2840
f 2175/2871/2777 2220/2927/2822 2177/2873/2779
f 2177/2873/2779 2220/2927/2822 2224/2931/2826
f 2180/2876/2782 2185/2950/2787 2181/2877/2783
f 2181/2877/2783 2185/2950/2787 2183/2951/2785
f 2181/2882/2783 2183/2952/2785 2186/2883/2788
f 2186/2883/2788 2183/2952/2785 2182/2916/2784
f 2182/2916/2784 2202/2903/2804 2186/2883/2788
f 2186/2883/2788 2202/2903/2804 2199/2900/2801
f 2203/2904/2805 2206/2907/2808 2200/2901/2802
f 2200/2901/2802 2206/2907/2808 2239/2949/2841
f 2203/2904/2805 2200/2901/2802 2199/2900/2801
f 2199/2900/2801 2200/2901/2802 2191/2890/2793
f 2214/2920/2816 2215/2921/2817 2217/2924/2819
f 2217/2924/2819 2215/2921/2817 2218/2925/2820
f 2224/2931/2826 2218/2925/2820 2177/2873/2779
f 2177/2873/2779 2218/2925/2820 2215/2921/2817
f 2217/2953/2819 2185/2950/2787 2214/2923/2816
f 2214/2923/2816 2185/2950/2787 2180/2876/2782
f 2240/2954/2842 2241/2955/2843 2242/2956/2844
f 2242/2956/2844 2241/2955/2843 2243/2957/2845
f 2220/2927/2822 2175/2871/2777 2221/2928/2823
f 2221/2928/2823 2175/2871/2777 2234/2944/2836
f 2244/2958/2846 2245/2959/2847 2246/2960/2848
f 2246/2960/2848 2245/2959/2847 2247/2961/2849
f 2248/2962/2850 2235/2945/2837 2249/2963/2851
f 2249/2963/2851 2235/2945/2837 2250/2964/2852
f 2247/2961/2849 2251/2965/2853 2246/2960/2848
f 2246/2960/2848 2251/2965/2853 2252/2966/2854
f 2252/2966/2854 2253/2967/2855 2246/2960/2848
f 2246/2960/2848 2253/2967/2855 2240/2954/2842
f 2254/2968/2856 2255/2969/2857 2256/2970/2858
f 2256/2970/2858 2255/2969/2857 2241/2971/2843
f 2257/2972/2859 2258/2973/2860 2252/2974/2854
f 2252/2974/2854 2258/2973/2860 2253/2975/2855
f 2259/2976/2861 2260/2977/2862 2261/2978/2863
f 2261/2978/2863 2260/2977/2862 2251/2979/2853
f 2262/2980/2864 2257/2972/2859 2263/2981/2865
f 2263/2981/2865 2257/2972/2859 2260/2977/2862
f 2264/2982/2866 2265/2983/2867 2194/2893/2796
f 2194/2893/2796 2265/2983/2867 2196/2895/2798
f 2259/2976/2861 2261/2978/2863 2264/2982/2866
f 2264/2982/2866 2261/2978/2863 2265/2983/2867
f 2266/2984/2868 2267/2985/2869 2261/2986/2863
f 2261/2986/2863 2267/2985/2869 2265/2987/2867
f 2257/2972/2859 2262/2980/2864 2258/2973/2860
f 2258/2973/2860 2262/2980/2864 2268/2988/2870
f 2262/2980/2864 2263/2981/2865 2269/2989/2871
f 2269/2989/2871 2263/2981/2865 2270/2990/2872
f 2268/2988/2870 2271/2991/2873 2272/2992/2874
f 2206/2907/2808 2205/2906/2807 2271/2991/2873
f 2271/2991/2873 2205/2906/2807 2273/2993/2875
f 2273/2994/2875 2274/2995/2876 2275/2996/2877
f 2275/2996/2877 2274/2995/2876 2276/2997/2878
f 2274/2995/2876 2273/2994/2875 2210/2912/2812
f 2210/2912/2812 2273/2994/2875 2205/2913/2807
f 2264/2982/2866 2194/2893/2796 2270/2990/2872
f 2270/2990/2872 2194/2893/2796 2211/2914/2813
f 2254/2998/2856 2272/2992/2874 2275/2999/2877
f 2259/2976/2861 2264/2982/2866 2277/3000/2879
f 2277/3000/2879 2264/2982/2866 2270/2990/2872
f 2273/2993/2875 2275/2999/2877 2271/2991/2873
f 2271/2991/2873 2275/2999/2877 2272/2992/2874
f 2244/3001/2846 2242/3002/2844 2278/3003/2880
f 2278/3003/2880 2242/3002/2844 2279/3004/2881
f 2278/3003/2880 2279/3004/2881 2249/2963/2851
f 2249/2963/2851 2279/3004/2881 2248/2962/2850
f 2249/2963/2851 2280/3005/2882 2278/3003/2880
f 2278/3003/2880 2280/3005/2882 2244/3001/2846
f 2246/2960/2848 2240/2954/2842 2244/2958/2846
f 2244/2958/2846 2240/2954/2842 2242/2956/2844
f 2255/2969/2857 2281/3006/2883 2241/2971/2843
f 2241/2971/2843 2281/3006/2883 2243/3007/2845
f 2282/3008/2884 2281/3006/2883 2276/2997/2878
f 2276/2997/2878 2281/3006/2883 2255/2969/2857
f 2236/2946/2838 2283/3009/2885 2221/2928/2823
f 2221/2928/2823 2283/3009/2885 2223/2930/2825
f 2281/3006/2883 2282/3008/2884 2284/3010/2886
f 2284/3010/2886 2282/3008/2884 2236/2946/2838
f 2236/2946/2838 2282/3008/2884 2283/3009/2885
f 2267/2985/2869 2266/2984/2868 2285/3011/2887
f 2285/3011/2887 2266/2984/2868 2286/3012/2888
f 2244/2958/2846 2287/3013/2889 2245/2959/2847
f 2245/2959/2847 2287/3013/2889 2288/3014/2890
f 2280/3005/2882 2289/3015/2891 2244/3001/2846
f 2244/3001/2846 2289/3015/2891 2287/3016/2889
f 2267/2985/2869 2230/2939/2832 2265/2987/2867
f 2265/2987/2867 2230/2939/2832 2196/2938/2798
f 2289/3015/2891 2231/2940/2833 2287/3016/2889
f 2287/3016/2889 2231/2940/2833 2232/2941/2834
f 2287/3013/2889 2232/2942/2834 2288/3014/2890
f 2288/3014/2890 2232/2942/2834 2233/2943/2835
f 2237/2947/2839 2250/2964/2852 2234/2944/2836
f 2234/2944/2836 2250/2964/2852 2235/2945/2837
f 2250/2964/2852 2237/2947/2839 2289/3015/2891
f 2289/3015/2891 2237/2947/2839 2231/2940/2833
f 2249/2963/2851 2250/2964/2852 2280/3005/2882
f 2280/3005/2882 2250/2964/2852 2289/3015/2891
f 2285/3011/2887 2238/2948/2840 2267/2985/2869
f 2267/2985/2869 2238/2948/2840 2230/2939/2832
f 2275/2996/2877 2276/2997/2878 2254/2968/2856
f 2254/2968/2856 2276/2997/2878 2255/2969/2857
f 2245/2959/2847 2286/3012/2888 2247/2961/2849
f 2247/2961/2849 2286/3012/2888 2266/2984/2868
f 2266/2984/2868 2261/2986/2863 2247/2961/2849
f 2247/2961/2849 2261/2986/2863 2251/2965/2853
f 2260/2977/2862 2257/2972/2859 2251/2979/2853
f 2251/2979/2853 2257/2972/2859 2252/2974/2854
f 2263/2981/2865 2260/2977/2862 2277/3000/2879
f 2277/3000/2879 2260/2977/2862 2259/2976/2861
f 2277/3000/2879 2270/2990/2872 2263/2981/2865
f 2211/2914/2813 2239/2949/2841 2270/2990/2872
f 2270/2990/2872 2239/2949/2841 2269/2989/2871
f 2245/2959/2847 2288/3014/2890 2286/3012/2888
f 2286/3012/2888 2288/3014/2890 2285/3011/2887
f 2288/3014/2890 2233/2943/2835 2285/3011/2887
f 2285/3011/2887 2233/2943/2835 2238/2948/2840
f 2284/3010/2886 2236/2946/2838 2248/2962/2850
f 2248/2962/2850 2236/2946/2838 2235/2945/2837
f 2240/2954/2842 2253/2967/2855 2241/2955/2843
f 2241/2955/2843 2253/2967/2855 2256/3017/2858
f 2253/2975/2855 2258/2973/2860 2256/3018/2858
f 2256/3018/2858 2258/2973/2860 2254/2998/2856
f 2268/2988/2870 2272/2992/2874 2258/2973/2860
f 2258/2973/2860 2272/2992/2874 2254/2998/2856
f 2271/2991/2873 2269/2989/2871 2206/2907/2808
f 2206/2907/2808 2269/2989/2871 2239/2949/2841
f 2262/2980/2864 2269/2989/2871 2268/2988/2870
f 2268/2988/2870 2269/2989/2871 2271/2991/2873
f 2242/3002/2844 2243/3007/2845 2279/3004/2881
f 2279/3004/2881 2243/3007/2845 2281/3006/2883
f 2279/3004/2881 2281/3006/2883 2248/2962/2850
f 2248/2962/2850 2281/3006/2883 2284/3010/2886
f 2208/2909/2810 2207/2908/2809 2222/2929/2824
f 2222/2929/2824 2207/2908/2809 2219/2926/2821
f 2210/2912/2812 2208/2909/2810 2223/2930/2825
f 2223/2930/2825 2208/2909/2810 2222/2929/2824
f 2283/3009/2885 2274/2995/2876 2223/2930/2825
f 2223/2930/2825 2274/2995/2876 2210/2912/2812
f 2274/2995/2876 2283/3009/2885 2276/2997/2878
f 2276/2997/2878 2283/3009/2885 2282/3008/2884
s 36
f 2290/3019/2892 2291/3020/2893 2292/3021/2894
f 2292/3021/2894 2291/3020/2893 2293/3022/2895
f 2291/3020/2893 2294/3023/2896 2293/3022/2895
f 2294/3023/2896 2291/3020/2893 2295/3024/2897
f 2295/3024/2897 2291/3020/2893 2296/3025/2898
f 2296/3025/2898 2291/3020/2893 2290/3019/2892
f 2290/3019/2892 2292/3021/2894 2297/3026/2899
f 2297/3026/2899 2292/3021/2894 2298/3027/2900
f 2290/3019/2892 2297/3026/2899 2296/3025/2898
f 2296/3025/2898 2297/3026/2899 2299/3028/2901
f 2300/3029/2902 2299/3028/2901 2301/3030/2903
f 2301/3030/2903 2299/3028/2901 2297/3026/2899
f 2301/3030/2903 2297/3026/2899 2302/3031/2904
f 2302/3031/2904 2297/3026/2899 2298/3027/2900
f 2303/3032/2905 2292/3021/2894 2304/3033/2906
f 2304/3033/2906 2292/3021/2894 2293/3022/2895
f 2294/3023/2896 2304/3033/2906 2293/3022/2895
f 2304/3033/2906 2294/3023/2896 2295/3024/2897
f 2295/3024/2897 2296/3025/2898 2304/3033/2906
f 2304/3033/2906 2296/3025/2898 2303/3032/2905
f 2303/3032/2905 2305/3034/2907 2292/3021/2894
f 2292/3021/2894 2305/3034/2907 2298/3027/2900
f 2303/3032/2905 2296/3025/2898 2305/3034/2907
f 2305/3034/2907 2296/3025/2898 2299/3028/2901
f 2305/3034/2907 2299/3028/2901 2306/3035/2908
f 2306/3035/2908 2299/3028/2901 2300/3029/2902
f 2298/3027/2900 2305/3034/2907 2302/3031/2904
f 2302/3031/2904 2305/3034/2907 2306/3035/2908
s 37
f 2307/3036/2909 2308/3037/2910 2309/3038/2911
f 2309/3038/2911 2308/3037/2910 2310/3039/2912
f 2310/3039/2912 2311/3040/2913 2309/3038/2911
f 2312/3041/2914 2309/3038/2911 2311/3040/2913
f 2307/3036/2909 2309/3038/2911 2313/3042/2915
f 2313/3042/2915 2309/3038/2911 2312/3041/2914
f 2314/3043/2916 2308/3037/2910 2315/3044/2917
f 2315/3044/2917 2308/3037/2910 2307/3036/2909
f 2316/3045/2918 2315/3044/2917 2313/3042/2915
f 2313/3042/2915 2315/3044/2917 2307/3036/2909
f 2317/3046/2919 2318/3047/2920 2316/3045/2918
f 2316/3045/2918 2318/3047/2920 2315/3044/2917
f 2318/3047/2920 2319/3048/2921 2315/3044/2917
f 2315/3044/2917 2319/3048/2921 2314/3043/2916
f 2310/3039/2912 2308/3037/2910 2320/3049/2922
f 2320/3049/2922 2308/3037/2910 2321/3050/2923
f 2310/3039/2912 2320/3049/2922 2311/3040/2913
f 2312/3041/2914 2311/3040/2913 2320/3049/2922
f 2321/3050/2923 2313/3042/2915 2320/3049/2922
f 2320/3049/2922 2313/3042/2915 2312/3041/2914
f 2314/3043/2916 2322/3051/2924 2308/3037/2910
f 2308/3037/2910 2322/3051/2924 2321/3050/2923
f 2316/3045/2918 2313/3042/2915 2322/3051/2924
f 2322/3051/2924 2313/3042/2915 2321/3050/2923
f 2322/3051/2924 2323/3052/2925 2316/3045/2918
f 2316/3045/2918 2323/3052/2925 2317/3046/2919
f 2314/3043/2916 2319/3048/2921 2322/3051/2924
f 2322/3051/2924 2319/3048/2921 2323/3052/2925
s 38
f 2324/3053/2926 2325/3054/2927 2326/3055/2928
f 2326/3055/2928 2325/3054/2927 2327/3056/2929
f 2325/3054/2927 2328/3057/2930 2327/3056/2929
f 2328/3057/2930 2325/3054/2927 2329/3058/2931
f 2329/3058/2931 2325/3054/2927 2330/3059/2932
f 2330/3059/2932 2325/3054/2927 2324/3053/2926
f 2331/3060/2933 2324/3053/2926 2332/3061/2934
f 2332/3061/2934 2324/3053/2926 2326/3055/2928
f 2330/3059/2932 2324/3053/2926 2333/3062/2935
f 2333/3062/2935 2324/3053/2926 2331/3060/2933
f 2334/3063/2936 2333/3062/2935 2335/3064/2937
f 2335/3064/2937 2333/3062/2935 2331/3060/2933
f 2335/3064/2937 2331/3060/2933 2336/3065/2938
f 2336/3065/2938 2331/3060/2933 2332/3061/2934
f 2337/3066/2939 2326/3055/2928 2338/3067/2940
f 2338/3067/2940 2326/3055/2928 2327/3056/2929
f 2328/3057/2930 2338/3067/2940 2327/3056/2929
f 2338/3067/2940 2328/3057/2930 2329/3058/2931
f 2329/3058/2931 2330/3059/2932 2338/3067/2940
f 2338/3067/2940 2330/3059/2932 2337/3066/2939
f 2337/3066/2939 2339/3068/2941 2326/3055/2928
f 2326/3055/2928 2339/3068/2941 2332/3061/2934
f 2339/3068/2941 2337/3066/2939 2333/3062/2935
f 2333/3062/2935 2337/3066/2939 2330/3059/2932
f 2339/3068/2941 2333/3062/2935 2340/3069/2942
f 2340/3069/2942 2333/3062/2935 2334/3063/2936
f 2332/3061/2934 2339/3068/2941 2336/3065/2938
f 2336/3065/2938 2339/3068/2941 2340/3069/2942
s 39
f 2341/3070/2943 2342/3071/2944 2343/3072/2945
f 2343/3072/2945 2342/3071/2944 2344/3073/2946
f 2344/3073/2946 2345/3074/2947 2343/3072/2945
f 2346/3075/2948 2343/3072/2945 2345/3074/2947
f 2341/3070/2943 2343/3072/2945 2347/3076/2949
f 2347/3076/2949 2343/3072/2945 2346/3075/2948
f 2348/3077/2950 2349/3078/2951 2341/3070/2943
f 2341/3070/2943 2349/3078/2951 2342/3071/2944
f 2347/3076/2949 2350/3079/2952 2341/3070/2943
f 2341/3070/2943 2350/3079/2952 2348/3077/2950
f 2351/3080/2953 2352/3081/2954 2350/3079/2952
f 2350/3079/2952 2352/3081/2954 2348/3077/2950
f 2352/3081/2954 2353/3082/2955 2348/3077/2950
f 2348/3077/2950 2353/3082/2955 2349/3078/2951
f 2344/3073/2946 2342/3071/2944 2354/3083/2956
f 2354/3083/2956 2342/3071/2944 2355/3084/2939
f 2344/3073/2946 2354/3083/2956 2345/3074/2947
f 2346/3075/2948 2345/3074/2947 2354/3083/2956
f 2355/3084/2939 2347/3076/2949 2354/3083/2956
f 2354/3083/2956 2347/3076/2949 2346/3075/2948
f 2349/3078/2951 2356/3085/2957 2342/3071/2944
f 2342/3071/2944 2356/3085/2957 2355/3084/2939
f 2356/3085/2957 2350/3079/2952 2355/3084/2939
f 2355/3084/2939 2350/3079/2952 2347/3076/2949
f 2356/3085/2957 2357/3086/2958 2350/3079/2952
f 2350/3079/2952 2357/3086/2958 2351/3080/2953
f 2349/3078/2951 2353/3082/2955 2356/3085/2957
f 2356/3085/2957 2353/3082/2955 2357/3086/2958
s 40
f 2358/3087/2959 2359/3088/2960 2360/3089/2961
f 2360/3089/2961 2359/3088/2960 2361/3090/2962
f 2359/3088/2960 2362/3091/2963 2361/3090/2962
f 2362/3091/2963 2359/3088/2960 2363/3092/2964
f 2363/3092/2964 2359/3088/2960 2364/3093/2965
f 2364/3093/2965 2359/3088/2960 2358/3087/2959
f 2358/3087/2959 2360/3089/2961 2365/3094/2966
f 2365/3094/2966 2360/3089/2961 2366/3095/2967
f 2358/3087/2959 2365/3094/2966 2364/3093/2965
f 2364/3093/2965 2365/3094/2966 2367/3096/2968
f 2368/3097/2969 2367/3096/2968 2369/3098/2970
f 2369/3098/2970 2367/3096/2968 2365/3094/2966
f 2369/3098/2970 2365/3094/2966 2370/3099/2971
f 2370/3099/2971 2365/3094/2966 2366/3095/2967
f 2371/3100/2972 2360/3089/2961 2372/3101/2973
f 2372/3101/2973 2360/3089/2961 2361/3090/2962
f 2362/3091/2963 2372/3101/2973 2361/3090/2962
f 2372/3101/2973 2362/3091/2963 2363/3092/2964
f 2363/3092/2964 2364/3093/2965 2372/3101/2973
f 2372/3101/2973 2364/3093/2965 2371/3100/2972
f 2371/3100/2972 2373/3102/2974 2360/3089/2961
f 2360/3089/2961 2373/3102/2974 2366/3095/2967
f 2371/3100/2972 2364/3093/2965 2373/3102/2974
f 2373/3102/2974 2364/3093/2965 2367/3096/2968
f 2373/3102/2974 2367/3096/2968 2374/3103/2975
f 2374/3103/2975 2367/3096/2968 2368/3097/2969
f 2366/3095/2967 2373/3102/2974 2370/3099/2971
f 2370/3099/2971 2373/3102/2974 2374/3103/2975
s 41
f 2375/3104/2976 2376/3105/2977 2377/3106/2978
f 2377/3106/2978 2376/3105/2977 2378/3107/2979
f 2376/3105/2977 2379/3108/2980 2378/3107/2979
f 2379/3108/2980 2376/3105/2977 2380/3109/2981
f 2380/3109/2981 2376/3105/2977 2381/3110/2982
f 2381/3110/2982 2376/3105/2977 2375/3104/2976
f 2382/3111/2983 2375/3104/2976 2383/3112/2984
f 2383/3112/2984 2375/3104/2976 2377/3106/2978
f 2381/3110/2982 2375/3104/2976 2384/3113/2985
f 2384/3113/2985 2375/3104/2976 2382/3111/2983
f 2385/3114/2986 2384/3113/2985 2386/3115/2987
f 2386/3115/2987 2384/3113/2985 2382/3111/2983
f 2386/3115/2987 2382/3111/2983 2387/3116/2988
f 2387/3116/2988 2382/3111/2983 2383/3112/2984
f 2388/3117/2989 2377/3106/2978 2389/3118/2990
f 2389/3118/2990 2377/3106/2978 2378/3107/2979
f 2379/3108/2980 2389/3118/2990 2378/3107/2979
f 2389/3118/2990 2379/3108/2980 2380/3109/2981
f 2380/3109/2981 2381/3110/2982 2389/3118/2990
f 2389/3118/2990 2381/3110/2982 2388/3117/2989
f 2388/3117/2989 2390/3119/2991 2377/3106/2978
f 2377/3106/2978 2390/3119/2991 2383/3112/2984
f 2390/3119/2991 2388/3117/2989 2384/3113/2985
f 2384/3113/2985 2388/3117/2989 2381/3110/2982
f 2390/3119/2991 2384/3113/2985 2391/3120/2992
f 2391/3120/2992 2384/3113/2985 2385/3114/2986
f 2383/3112/2984 2390/3119/2991 2387/3116/2988
f 2387/3116/2988 2390/3119/2991 2391/3120/2992
s 42
f 2392/3121/2993 2393/3122/2994 2394/3123/2995
f 2394/3123/2995 2393/3122/2994 2395/3124/2996
f 2395/3124/2996 2396/3125/2997 2394/3123/2995
f 2397/3126/2998 2394/3123/2995 2396/3125/2997
f 2392/3121/2993 2394/3123/2995 2398/3127/2999
f 2398/3127/2999 2394/3123/2995 2397/3126/2998
f 2399/3128/3000 2393/3122/2994 2400/3129/3001
f 2400/3129/3001 2393/3122/2994 2392/3121/2993
f 2401/3130/3002 2400/3129/3001 2398/3127/2999
f 2398/3127/2999 2400/3129/3001 2392/3121/2993
f 2402/3131/3003 2403/3132/3004 2401/3130/3002
f 2401/3130/3002 2403/3132/3004 2400/3129/3001
f 2403/3132/3004 2404/3133/3005 2400/3129/3001
f 2400/3129/3001 2404/3133/3005 2399/3128/3000
f 2395/3124/2996 2393/3122/2994 2405/3134/3006
f 2405/3134/3006 2393/3122/2994 2406/3135/3007
f 2395/3124/2996 2405/3134/3006 2396/3125/2997
f 2397/3126/2998 2396/3125/2997 2405/3134/3006
f 2406/3135/3007 2398/3127/2999 2405/3134/3006
f 2405/3134/3006 2398/3127/2999 2397/3126/2998
f 2399/3128/3000 2407/3136/3008 2393/3122/2994
f 2393/3122/2994 2407/3136/3008 2406/3135/3007
f 2401/3130/3002 2398/3127/2999 2407/3136/3008
f 2407/3136/3008 2398/3127/2999 2406/3135/3007
f 2407/3136/3008 2408/3137/3009 2401/3130/3002
f 2401/3130/3002 2408/3137/3009 2402/3131/3003
f 2399/3128/3000 2404/3133/3005 2407/3136/3008
f 2407/3136/3008 2404/3133/3005 2408/3137/3009
s 43
f 2409/3138/3010 2410/3139/3011 2411/3140/3012
f 2411/3140/3012 2410/3139/3011 2412/3141/3013
f 2412/3141/3013 2413/3142/3014 2411/3140/3012
f 2414/3143/3015 2411/3140/3012 2413/3142/3014
f 2409/3138/3010 2411/3140/3012 2415/3144/3016
f 2415/3144/3016 2411/3140/3012 2414/3143/3015
f 2416/3145/3017 2417/3146/3018 2409/3138/3010
f 2409/3138/3010 2417/3146/3018 2410/3139/3011
f 2415/3144/3016 2418/3147/3019 2409/3138/3010
f 2409/3138/3010 2418/3147/3019 2416/3145/3017
f 2419/3148/3020 2420/3149/3021 2418/3147/3019
f 2418/3147/3019 2420/3149/3021 2416/3145/3017
f 2420/3149/3021 2421/3150/3022 2416/3145/3017
f 2416/3145/3017 2421/3150/3022 2417/3146/3018
f 2412/3141/3013 2410/3139/3011 2422/3151/3023
f 2422/3151/3023 2410/3139/3011 2423/3152/3024
f 2412/3141/3013 2422/3151/3023 2413/3142/3014
f 2414/3143/3015 2413/3142/3014 2422/3151/3023
f 2423/3152/3024 2415/3144/3016 2422/3151/3023
f 2422/3151/3023 2415/3144/3016 2414/3143/3015
f 2417/3146/3018 2424/3153/3025 2410/3139/3011
f 2410/3139/3011 2424/3153/3025 2423/3152/3024
f 2424/3153/3025 2418/3147/3019 2423/3152/3024
f 2423/3152/3024 2418/3147/3019 2415/3144/3016
f 2424/3153/3025 2425/3154/3026 2418/3147/3019
f 2418/3147/3019 2425/3154/3026 2419/3148/3020
f 2417/3146/3018 2421/3150/3022 2424/3153/3025
f 2424/3153/3025 2421/3150/3022 2425/3154/3026
s 44
f 2426/3155/3027 2427/3156/3028 2428/3157/3029
f 2428/3157/3029 2427/3156/3028 2429/3158/3030
f 2427/3156/3028 2430/3159/3031 2429/3158/3030
f 2430/3159/3031 2427/3156/3028 2431/3160/3032
f 2431/3160/3032 2427/3156/3028 2432/3161/3033
f 2432/3161/3033 2427/3156/3028 2426/3155/3027
f 2426/3155/3027 2428/3157/3029 2433/3162/3034
f 2433/3162/3034 2428/3157/3029 2434/3163/3035
f 2426/3155/3027 2433/3162/3034 2432/3161/3033
f 2432/3161/3033 2433/3162/3034 2435/3164/3036
f 2436/3165/3037 2435/3164/3036 2437/3166/3038
f 2437/3166/3038 2435/3164/3036 2433/3162/3034
f 2437/3166/3038 2433/3162/3034 2438/3167/3039
f 2438/3167/3039 2433/3162/3034 2434/3163/3035
f 2439/3168/3040 2428/3157/3029 2440/3169/3041
f 2440/3169/3041 2428/3157/3029 2429/3158/3030
f 2430/3159/3031 2440/3169/3041 2429/3158/3030
f 2440/3169/3041 2430/3159/3031 2431/3160/3032
f 2431/3160/3032 2432/3161/3033 2440/3169/3041
f 2440/3169/3041 2432/3161/3033 2439/3168/3040
f 2439/3168/3040 2441/3170/3042 2428/3157/3029
f 2428/3157/3029 2441/3170/3042 2434/3163/3035
f 2441/3170/3042 2439/3168/3040 2435/3164/3036
f 2435/3164/3036 2439/3168/3040 2432/3161/3033
f 2441/3170/3042 2435/3164/3036 2442/3171/3043
f 2442/3171/3043 2435/3164/3036 2436/3165/3037
f 2434/3163/3035 2441/3170/3042 2438/3167/3039
f 2438/3167/3039 2441/3170/3042 2442/3171/3043
s 45
f 2443/3172/3044 2444/3173/3045 2445/3174/3046
f 2445/3174/3046 2444/3173/3045 2446/3175/3047
f 2446/3175/3047 2447/3176/3048 2445/3174/3046
f 2448/3177/3049 2445/3174/3046 2447/3176/3048
f 2443/3172/3044 2445/3174/3046 2449/3178/3050
f 2449/3178/3050 2445/3174/3046 2448/3177/3049
f 2450/3179/3051 2444/3173/3045 2451/3180/3052
f 2451/3180/3052 2444/3173/3045 2443/3172/3044
f 2452/3181/3053 2451/3180/3052 2449/3178/3050
f 2449/3178/3050 2451/3180/3052 2443/3172/3044
f 2453/3182/3054 2454/3183/3055 2452/3181/3053
f 2452/3181/3053 2454/3183/3055 2451/3180/3052
f 2454/3183/3055 2455/3184/3056 2451/3180/3052
f 2451/3180/3052 2455/3184/3056 2450/3179/3051
f 2446/3175/3047 2444/3173/3045 2456/3185/3057
f 2456/3185/3057 2444/3173/3045 2457/3186/3058
f 2446/3175/3047 2456/3185/3057 2447/3176/3048
f 2448/3177/3049 2447/3176/3048 2456/3185/3057
f 2457/3186/3058 2449/3178/3050 2456/3185/3057
f 2456/3185/3057 2449/3178/3050 2448/3177/3049
f 2450/3179/3051 2458/3187/3059 2444/3173/3045
f 2444/3173/3045 2458/3187/3059 2457/3186/3058
f 2458/3187/3059 2452/3181/3053 2457/3186/3058
f 2457/3186/3058 2452/3181/3053 2449/3178/3050
f 2458/3187/3059 2459/3188/3060 2452/3181/3053
f 2452/3181/3053 2459/3188/3060 2453/3182/3054
f 2450/3179/3051 2455/3184/3056 2458/3187/3059
f 2458/3187/3059 2455/3184/3056 2459/3188/3060
s 46
f 2460/3189/3061 2461/3190/3062 2462/3191/3063
f 2462/3191/3063 2461/3190/3062 2463/3192/3064
f 2462/3191/3063 2464/3193/3065 2460/3189/3061
f 2460/3189/3061 2464/3193/3065 2465/3194/3066
f 2463/3192/3064 2461/3190/3062 2466/3195/3067
f 2466/3195/3067 2461/3190/3062 2467/3196/3068
f 2468/3197/3069 2469/3198/3070 2470/3199/3071
f 2470/3199/3071 2469/3198/3070 2471/3200/3072
f 2469/3198/3070 2468/3197/3069 2472/3201/3073
f 2472/3201/3073 2468/3197/3069 2473/3202/3074
f 2472/3201/3073 2473/3202/3074 2474/3203/3075
f 2474/3203/3075 2473/3202/3074 2475/3204/3076
f 2476/3205/3077 2477/3206/3078 2478/3207/3079
f 2478/3207/3079 2477/3206/3078 2479/3208/3080
f 2478/3207/3079 2480/3209/3081 2476/3205/3077
f 2476/3205/3077 2480/3209/3081 2481/3210/3082
f 2481/3210/3082 2480/3209/3081 2482/3211/3083
f 2482/3211/3083 2480/3209/3081 2483/3212/3084
f 2474/3203/3075 2475/3204/3076 2464/3193/3065
f 2464/3193/3065 2475/3204/3076 2465/3194/3066
f 2482/3211/3083 2483/3212/3084 2484/3213/3085
f 2484/3213/3085 2483/3212/3084 2485/3214/3086
f 2484/3213/3085 2485/3214/3086 2486/3215/3087
f 2486/3215/3087 2485/3214/3086 2487/3216/3088
f 2486/3215/3087 2487/3216/3088 2488/3217/3089
f 2488/3217/3089 2487/3216/3088 2489/3218/3090
f 2471/3219/3072 2490/3220/3091 2470/3221/3071
f 2470/3221/3071 2490/3220/3091 2491/3222/3092
f 2479/3223/3080 2477/3224/3078 2492/3225/3093
f 2492/3225/3093 2477/3224/3078 2493/3226/3094
f 2489/3218/3090 2494/3227/3095 2488/3217/3089
f 2488/3217/3089 2494/3227/3095 2495/3228/3096
f 2466/3195/3067 2467/3196/3068 2496/3229/3097
f 2496/3229/3097 2467/3196/3068 2497/3230/3098
f 2490/3220/3091 2498/3231/3099 2491/3222/3092
f 2491/3222/3092 2498/3231/3099 2499/3232/3100
f 2498/3231/3099 2500/3233/3101 2499/3232/3100
f 2499/3232/3100 2500/3233/3101 2501/3234/3102
f 2492/3225/3093 2493/3226/3094 2502/3235/3103
f 2502/3235/3103 2493/3226/3094 2503/3236/3104
f 2503/3236/3104 2504/3237/3105 2502/3235/3103
f 2502/3235/3103 2504/3237/3105 2505/3238/3106
f 2500/3233/3101 2496/3229/3097 2501/3234/3102
f 2501/3234/3102 2496/3229/3097 2497/3230/3098
f 2504/3237/3105 2506/3239/3107 2505/3238/3106
f 2505/3238/3106 2506/3239/3107 2507/3240/3108
f 2506/3239/3107 2495/3228/3096 2507/3240/3108
f 2507/3240/3108 2495/3228/3096 2494/3227/3095
f 2463/3241/3064 2508/3242/3109 2462/3243/3063
f 2462/3243/3063 2508/3242/3109 2509/3244/3110
f 2509/3244/3110 2508/3242/3109 2469/3245/3070
f 2469/3245/3070 2508/3242/3109 2471/3246/3072
f 2469/3245/3070 2472/3247/3073 2509/3244/3110
f 2509/3244/3110 2472/3247/3073 2474/3248/3075
f 2481/3210/3082 2473/3202/3074 2476/3205/3077
f 2476/3205/3077 2473/3202/3074 2468/3197/3069
f 2478/3249/3079 2510/3250/3111 2480/3251/3081
f 2480/3251/3081 2510/3250/3111 2483/3252/3084
f 2476/3205/3077 2468/3197/3069 2477/3206/3078
f 2477/3206/3078 2468/3197/3069 2470/3199/3071
f 2474/3248/3075 2464/3253/3065 2509/3244/3110
f 2509/3244/3110 2464/3253/3065 2462/3243/3063
f 2484/3213/3085 2465/3194/3066 2482/3211/3083
f 2482/3211/3083 2465/3194/3066 2475/3204/3076
f 2473/3202/3074 2481/3210/3082 2475/3204/3076
f 2475/3204/3076 2481/3210/3082 2482/3211/3083
f 2489/3254/3090 2487/3255/3088 2511/3256/3112
f 2511/3256/3112 2487/3255/3088 2510/3250/3111
f 2461/3190/3062 2460/3189/3061 2488/3217/3089
f 2488/3217/3089 2460/3189/3061 2486/3215/3087
f 2483/3252/3084 2510/3250/3111 2485/3257/3086
f 2485/3257/3086 2510/3250/3111 2487/3255/3088
f 2484/3213/3085 2486/3215/3087 2465/3194/3066
f 2465/3194/3066 2486/3215/3087 2460/3189/3061
f 2479/3258/3080 2511/3256/3112 2478/3249/3079
f 2478/3249/3079 2511/3256/3112 2510/3250/3111
f 2463/3241/3064 2466/3259/3067 2508/3242/3109
f 2508/3242/3109 2466/3259/3067 2512/3260/3113
f 2512/3260/3113 2490/3261/3091 2508/3242/3109
f 2508/3242/3109 2490/3261/3091 2471/3246/3072
f 2500/3262/3101 2498/3263/3099 2512/3260/3113
f 2512/3260/3113 2498/3263/3099 2490/3261/3091
f 2491/3222/3092 2499/3232/3100 2493/3226/3094
f 2493/3226/3094 2499/3232/3100 2503/3236/3104
f 2505/3264/3106 2513/3265/3114 2502/3266/3103
f 2502/3266/3103 2513/3265/3114 2492/3267/3093
f 2493/3226/3094 2477/3224/3078 2491/3222/3092
f 2491/3222/3092 2477/3224/3078 2470/3221/3071
f 2500/3262/3101 2512/3260/3113 2496/3268/3097
f 2496/3268/3097 2512/3260/3113 2466/3259/3067
f 2501/3234/3102 2497/3230/3098 2504/3237/3105
f 2504/3237/3105 2497/3230/3098 2506/3239/3107
f 2504/3237/3105 2503/3236/3104 2501/3234/3102
f 2501/3234/3102 2503/3236/3104 2499/3232/3100
f 2513/3265/3114 2494/3269/3095 2511/3256/3112
f 2511/3256/3112 2494/3269/3095 2489/3254/3090
f 2495/3228/3096 2467/3196/3068 2488/3217/3089
f 2488/3217/3089 2467/3196/3068 2461/3190/3062
f 2494/3269/3095 2513/3265/3114 2507/3270/3108
f 2507/3270/3108 2513/3265/3114 2505/3264/3106
f 2506/3239/3107 2497/3230/3098 2495/3228/3096
f 2495/3228/3096 2497/3230/3098 2467/3196/3068
f 2479/3258/3080 2492/3267/3093 2511/3256/3112
f 2511/3256/3112 2492/3267/3093 2513/3265/3114
s 47
f 2514/3271/3115 2515/3272/3116 2516/3273/3117
f 2516/3273/3117 2515/3272/3116 2517/3274/3118
f 2518/3275/3119 2519/3276/3120 2517/3274/3118
f 2517/3274/3118 2519/3276/3120 2516/3273/3117
f 2514/3271/3115 2520/3277/3121 2515/3272/3116
f 2515/3272/3116 2520/3277/3121 2521/3278/3122
f 2522/3279/3123 2523/3280/3124 2524/3281/3125
f 2524/3281/3125 2523/3280/3124 2525/3282/3126
f 2524/3281/3125 2526/3283/3127 2522/3279/3123
f 2522/3279/3123 2526/3283/3127 2527/3284/3128
f 2526/3283/3127 2528/3285/3129 2527/3284/3128
f 2527/3284/3128 2528/3285/3129 2529/3286/3130
f 2530/3287/3131 2531/3288/3132 2532/3289/3133
f 2532/3289/3133 2531/3288/3132 2533/3290/3134
f 2534/3291/3135 2535/3292/3136 2533/3290/3134
f 2533/3290/3134 2535/3292/3136 2532/3289/3133
f 2534/3291/3135 2536/3293/3137 2535/3292/3136
f 2535/3292/3136 2536/3293/3137 2537/3294/3138
f 2528/3285/3129 2519/3276/3120 2529/3286/3130
f 2529/3286/3130 2519/3276/3120 2518/3275/3119
f 2536/3293/3137 2538/3295/3139 2537/3294/3138
f 2537/3294/3138 2538/3295/3139 2539/3296/3140
f 2538/3295/3139 2540/3297/3141 2539/3296/3140
f 2539/3296/3140 2540/3297/3141 2541/3298/3142
f 2540/3297/3141 2542/3299/3143 2541/3298/3142
f 2541/3298/3142 2542/3299/3143 2543/3300/3144
f 2544/3301/3145 2545/3302/3146 2523/3303/3124
f 2523/3303/3124 2545/3302/3146 2525/3304/3126
f 2530/3305/3131 2546/3306/3147 2531/3307/3132
f 2531/3307/3132 2546/3306/3147 2547/3308/3148
f 2548/3309/3149 2549/3310/3150 2542/3299/3143
f 2542/3299/3143 2549/3310/3150 2543/3300/3144
f 2520/3277/3121 2550/3311/3151 2521/3278/3122
f 2521/3278/3122 2550/3311/3151 2551/3312/3152
f 2552/3313/3153 2553/3314/3154 2544/3301/3145
f 2544/3301/3145 2553/3314/3154 2545/3302/3146
f 2554/3315/3155 2555/3316/3156 2552/3313/3153
f 2552/3313/3153 2555/3316/3156 2553/3314/3154
f 2546/3306/3147 2556/3317/3157 2547/3308/3148
f 2547/3308/3148 2556/3317/3157 2557/3318/3158
f 2558/3319/3159 2559/3320/3160 2556/3317/3157
f 2556/3317/3157 2559/3320/3160 2557/3318/3158
f 2551/3312/3152 2550/3311/3151 2554/3315/3155
f 2554/3315/3155 2550/3311/3151 2555/3316/3156
f 2560/3321/3161 2561/3322/3162 2558/3319/3159
f 2558/3319/3159 2561/3322/3162 2559/3320/3160
f 2549/3310/3150 2548/3309/3149 2560/3321/3161
f 2560/3321/3161 2548/3309/3149 2561/3322/3162
f 2514/3323/3115 2516/3324/3117 2562/3325/3163
f 2562/3325/3163 2516/3324/3117 2563/3326/3164
f 2563/3326/3164 2524/3327/3125 2562/3325/3163
f 2562/3325/3163 2524/3327/3125 2525/3328/3126
f 2528/3329/3129 2526/3330/3127 2563/3326/3164
f 2563/3326/3164 2526/3330/3127 2524/3327/3125
f 2522/3279/3123 2527/3284/3128 2533/3290/3134
f 2533/3290/3134 2527/3284/3128 2534/3291/3135
f 2537/3331/3138 2564/3332/3165 2535/3333/3136
f 2535/3333/3136 2564/3332/3165 2532/3334/3133
f 2533/3290/3134 2531/3288/3132 2522/3279/3123
f 2522/3279/3123 2531/3288/3132 2523/3280/3124
f 2528/3329/3129 2563/3326/3164 2519/3335/3120
f 2519/3335/3120 2563/3326/3164 2516/3324/3117
f 2529/3286/3130 2518/3275/3119 2536/3293/3137
f 2536/3293/3137 2518/3275/3119 2538/3295/3139
f 2536/3293/3137 2534/3291/3135 2529/3286/3130
f 2529/3286/3130 2534/3291/3135 2527/3284/3128
f 2564/3332/3165 2541/3336/3142 2565/3337/3166
f 2565/3337/3166 2541/3336/3142 2543/3338/3144
f 2540/3297/3141 2517/3274/3118 2542/3299/3143
f 2542/3299/3143 2517/3274/3118 2515/3272/3116
f 2541/3336/3142 2564/3332/3165 2539/3339/3140
f 2539/3339/3140 2564/3332/3165 2537/3331/3138
f 2538/3295/3139 2518/3275/3119 2540/3297/3141
f 2540/3297/3141 2518/3275/3119 2517/3274/3118
f 2530/3340/3131 2532/3334/3133 2565/3337/3166
f 2565/3337/3166 2532/3334/3133 2564/3332/3165
f 2514/3323/3115 2562/3325/3163 2520/3341/3121
f 2520/3341/3121 2562/3325/3163 2566/3342/3167
f 2566/3342/3167 2562/3325/3163 2545/3343/3146
f 2545/3343/3146 2562/3325/3163 2525/3328/3126
f 2545/3343/3146 2553/3344/3154 2566/3342/3167
f 2566/3342/3167 2553/3344/3154 2555/3345/3156
f 2557/3318/3158 2552/3313/3153 2547/3308/3148
f 2547/3308/3148 2552/3313/3153 2544/3301/3145
f 2546/3346/3147 2567/3347/3168 2556/3348/3157
f 2556/3348/3157 2567/3347/3168 2558/3349/3159
f 2547/3308/3148 2544/3301/3145 2531/3307/3132
f 2531/3307/3132 2544/3301/3145 2523/3303/3124
f 2555/3345/3156 2550/3350/3151 2566/3342/3167
f 2566/3342/3167 2550/3350/3151 2520/3341/3121
f 2561/3322/3162 2551/3312/3152 2559/3320/3160
f 2559/3320/3160 2551/3312/3152 2554/3315/3155
f 2552/3313/3153 2557/3318/3158 2554/3315/3155
f 2554/3315/3155 2557/3318/3158 2559/3320/3160
f 2543/3338/3144 2549/3351/3150 2565/3337/3166
f 2565/3337/3166 2549/3351/3150 2567/3347/3168
f 2515/3272/3116 2521/3278/3122 2542/3299/3143
f 2542/3299/3143 2521/3278/3122 2548/3309/3149
f 2558/3349/3159 2567/3347/3168 2560/3352/3161
f 2560/3352/3161 2567/3347/3168 2549/3351/3150
f 2561/3322/3162 2548/3309/3149 2551/3312/3152
f 2551/3312/3152 2548/3309/3149 2521/3278/3122
f 2530/3340/3131 2565/3337/3166 2546/3346/3147
f 2546/3346/3147 2565/3337/3166 2567/3347/3168
s 48
f 2568/3353/3169 2569/3354/3170 2570/3355/3171
f 2570/3355/3171 2569/3354/3170 2571/3356/3172
f 2572/3357/3173 2573/3358/3174 2574/3359/3175
f 2574/3359/3175 2573/3358/3174 2575/3360/3176
f 2569/3354/3170 2576/3361/3177 2571/3356/3172
f 2571/3356/3172 2576/3361/3177 2577/3362/3178
f 2578/3363/3179 2579/3364/3180 2576/3365/3177
f 2576/3365/3177 2579/3364/3180 2577/3366/3178
f 2573/3367/3174 2572/3368/3173 2580/3369/3181
f 2580/3369/3181 2572/3368/3173 2581/3370/3182
f 2582/3371/3183 2574/3359/3175 2583/3372/3184
f 2583/3372/3184 2574/3359/3175 2575/3360/3176
f 2581/3373/3182 2582/3371/3183 2580/3374/3181
f 2580/3374/3181 2582/3371/3183 2583/3372/3184
f 2579/3375/3180 2578/3376/3179 2570/3355/3171
f 2570/3355/3171 2578/3376/3179 2568/3353/3169
f 2584/3377/3185 2585/3378/3186 2586/3379/3187
f 2586/3379/3187 2585/3378/3186 2587/3380/3188
f 2588/3381/3189 2589/3382/3190 2570/3355/3171
f 2570/3355/3171 2589/3382/3190 2579/3375/3180
f 2588/3381/3189 2590/3383/3191 2589/3382/3190
f 2589/3382/3190 2590/3383/3191 2591/3384/3192
f 2577/3362/3178 2591/3385/3192 2571/3356/3172
f 2571/3356/3172 2591/3385/3192 2590/3386/3191
f 2579/3364/3180 2589/3387/3190 2577/3366/3178
f 2577/3366/3178 2589/3387/3190 2591/3388/3192
f 2576/3361/3177 2569/3354/3170 2573/3358/3174
f 2573/3358/3174 2569/3354/3170 2575/3360/3176
f 2580/3369/3181 2578/3363/3179 2573/3367/3174
f 2573/3367/3174 2578/3363/3179 2576/3365/3177
f 2568/3353/3169 2578/3376/3179 2583/3372/3184
f 2583/3372/3184 2578/3376/3179 2580/3374/3181
f 2569/3354/3170 2568/3353/3169 2575/3360/3176
f 2575/3360/3176 2568/3353/3169 2583/3372/3184
f 2572/3368/3173 2584/3389/3185 2581/3370/3182
f 2581/3370/3182 2584/3389/3185 2586/3390/3187
f 2586/3379/3187 2587/3380/3188 2581/3373/3182
f 2581/3373/3182 2587/3380/3188 2582/3371/3183
f 2574/3359/3175 2582/3371/3183 2585/3378/3186
f 2585/3378/3186 2582/3371/3183 2587/3380/3188
f 2584/3391/3185 2572/3357/3173 2585/3378/3186
f 2585/3378/3186 2572/3357/3173 2574/3359/3175
s 49
f 2592/3392/3193 2593/3393/3194 2594/3394/3195
f 2594/3394/3195 2593/3393/3194 2595/3395/3196
f 2596/3396/3197 2597/3397/3198 2598/3398/3199
f 2598/3398/3199 2597/3397/3198 2599/3399/3200
f 2600/3400/3201 2601/3401/3202 2595/3395/3196
f 2595/3395/3196 2601/3401/3202 2594/3394/3195
f 2600/3402/3201 2602/3403/3203 2601/3404/3202
f 2601/3404/3202 2602/3403/3203 2603/3405/3204
f 2597/3406/3198 2604/3407/3205 2599/3408/3200
f 2599/3408/3200 2604/3407/3205 2605/3409/3206
f 2606/3410/3207 2596/3396/3197 2607/3411/3208
f 2607/3411/3208 2596/3396/3197 2598/3398/3199
f 2605/3412/3206 2604/3413/3205 2607/3411/3208
f 2607/3411/3208 2604/3413/3205 2606/3410/3207
f 2602/3414/3203 2593/3393/3194 2603/3415/3204
f 2603/3415/3204 2593/3393/3194 2592/3392/3193
f 2608/3416/3209 2609/3417/3210 2610/3418/3211
f 2610/3418/3211 2609/3417/3210 2611/3419/3212
f 2612/3420/3213 2593/3393/3194 2613/3421/3214
f 2613/3421/3214 2593/3393/3194 2602/3414/3203
f 2612/3422/3213 2613/3423/3214 2614/3424/3215
f 2614/3424/3215 2613/3423/3214 2615/3425/3216
f 2614/3424/3215 2615/3425/3216 2595/3395/3196
f 2595/3395/3196 2615/3425/3216 2600/3400/3201
f 2615/3426/3216 2613/3427/3214 2600/3402/3201
f 2600/3402/3201 2613/3427/3214 2602/3403/3203
f 2601/3401/3202 2597/3397/3198 2594/3394/3195
f 2594/3394/3195 2597/3397/3198 2596/3396/3197
f 2604/3407/3205 2597/3406/3198 2603/3405/3204
f 2603/3405/3204 2597/3406/3198 2601/3404/3202
f 2592/3392/3193 2606/3410/3207 2603/3415/3204
f 2603/3415/3204 2606/3410/3207 2604/3413/3205
f 2606/3410/3207 2592/3392/3193 2596/3396/3197
f 2596/3396/3197 2592/3392/3193 2594/3394/3195
f 2609/3428/3210 2608/3429/3209 2605/3409/3206
f 2605/3409/3206 2608/3429/3209 2599/3408/3200
f 2609/3430/3210 2605/3412/3206 2611/3419/3212
f 2611/3419/3212 2605/3412/3206 2607/3411/3208
f 2611/3419/3212 2607/3411/3208 2610/3418/3211
f 2610/3418/3211 2607/3411/3208 2598/3398/3199
f 2598/3398/3199 2599/3399/3200 2610/3418/3211
f 2610/3418/3211 2599/3399/3200 2608/3416/3209
s 50
f 2616/3431/3217 2617/3432/3218 2618/3433/3219
f 2618/3433/3219 2617/3432/3218 2619/3434/3220
f 2620/3435/3221 2621/3436/3222 2622/3437/3223
f 2622/3437/3223 2621/3436/3222 2623/3438/3224
f 2624/3439/3225 2621/3436/3222 2625/3440/3226
f 2625/3440/3226 2621/3436/3222 2626/3441/3227
f 2625/3440/3226 2627/3442/3228 2624/3439/3225
f 2624/3439/3225 2627/3442/3228 2628/3443/3229
f 2629/3444/3230 2626/3441/3227 2620/3435/3221
f 2620/3435/3221 2626/3441/3227 2621/3436/3222
f 2617/3432/3218 2630/3445/3231 2619/3434/3220
f 2619/3434/3220 2630/3445/3231 2631/3446/3232
f 2632/3447/3233 2633/3448/3234 2634/3449/3235
f 2634/3449/3235 2633/3448/3234 2635/3450/3236
f 2636/3451/3237 2637/3452/3238 2638/3453/3239
f 2638/3453/3239 2637/3452/3238 2639/3454/3240
f 2640/3455/3241 2616/3431/3217 2641/3456/3242
f 2641/3456/3242 2616/3431/3217 2618/3433/3219
f 2634/3449/3235 2642/3457/3243 2632/3447/3233
f 2632/3447/3233 2642/3457/3243 2643/3458/3244
f 2644/3459/3245 2636/3451/3237 2645/3460/3246
f 2645/3460/3246 2636/3451/3237 2638/3453/3239
f 2646/3461/3247 2647/3462/3248 2648/3463/3249
f 2648/3463/3249 2647/3462/3248 2649/3464/3250
f 2650/3465/3251 2651/3466/3252 2652/3467/3253
f 2652/3467/3253 2651/3466/3252 2653/3468/3254
f 2654/3469/3255 2646/3461/3247 2653/3468/3254
f 2653/3468/3254 2646/3461/3247 2652/3467/3253
f 2655/3470/3256 2656/3471/3257 2651/3472/3252
f 2651/3472/3252 2656/3471/3257 2653/3473/3254
f 2656/3471/3257 2655/3470/3256 2657/3474/3258
f 2657/3474/3258 2655/3470/3256 2658/3475/3259
f 2656/3471/3257 2657/3474/3258 2659/3476/3260
f 2659/3476/3260 2657/3474/3258 2660/3477/3261
f 2626/3441/3227 2661/3478/3262 2625/3440/3226
f 2625/3440/3226 2661/3478/3262 2662/3479/3263
f 2663/3480/3264 2664/3481/3265 2665/3482/3266
f 2665/3482/3266 2664/3481/3265 2666/3483/3267
f 2667/3484/3268 2668/3485/3269 2665/3482/3266
f 2665/3482/3266 2668/3485/3269 2663/3480/3264
f 2669/3486/3270 2670/3487/3271 2671/3488/3272
f 2671/3488/3272 2670/3487/3271 2672/3489/3273
f 2673/3490/3274 2674/3491/3275 2675/3492/3276
f 2675/3492/3276 2674/3491/3275 2676/3493/3277
f 2677/3494/3278 2678/3495/3279 2679/3496/3280
f 2679/3496/3280 2678/3495/3279 2680/3497/3281
f 2678/3495/3279 2677/3494/3278 2675/3492/3276
f 2675/3492/3276 2677/3494/3278 2681/3498/3282
f 2673/3490/3274 2675/3492/3276 2682/3499/3283
f 2682/3499/3283 2675/3492/3276 2681/3498/3282
f 2659/3476/3260 2660/3477/3261 2683/3500/3284
f 2683/3500/3284 2660/3477/3261 2684/3501/3285
f 2685/3502/3286 2686/3503/3287 2667/3484/3268
f 2667/3484/3268 2686/3503/3287 2687/3504/3288
f 2688/3505/3289 2689/3506/3290 2669/3486/3270
f 2669/3486/3270 2689/3506/3290 2628/3443/3229
f 2690/3507/3291 2670/3487/3271 2691/3508/3292
f 2691/3508/3292 2670/3487/3271 2627/3442/3228
f 2692/3509/3293 2693/3510/3294 2668/3485/3269
f 2668/3485/3269 2693/3510/3294 2694/3511/3295
f 2668/3485/3269 2694/3511/3295 2663/3480/3264
f 2663/3480/3264 2694/3511/3295 2695/3512/3296
f 2696/3513/3297 2620/3435/3221 2697/3514/3298
f 2697/3514/3298 2620/3435/3221 2622/3437/3223
f 2644/3459/3245 2698/3515/3299 2632/3447/3233
f 2632/3447/3233 2698/3515/3299 2633/3448/3234
f 2636/3451/3237 2644/3459/3245 2643/3458/3244
f 2643/3458/3244 2644/3459/3245 2632/3447/3233
f 2634/3449/3235 2635/3450/3236 2699/3516/3300
f 2699/3516/3300 2635/3450/3236 2700/3517/3301
f 2701/3518/3302 2674/3491/3275 2702/3519/3303
f 2702/3519/3303 2674/3491/3275 2673/3490/3274
f 2674/3491/3275 2701/3518/3302 2703/3520/3304
f 2703/3520/3304 2701/3518/3302 2704/3521/3305
f 2658/3475/3259 2704/3521/3305 2657/3474/3258
f 2657/3474/3258 2704/3521/3305 2701/3518/3302
f 2657/3474/3258 2701/3518/3302 2660/3477/3261
f 2660/3477/3261 2701/3518/3302 2702/3519/3303
f 2684/3501/3285 2660/3477/3261 2705/3522/3306
f 2705/3522/3306 2660/3477/3261 2702/3519/3303
f 2706/3523/3307 2707/3524/3308 2708/3525/3309
f 2708/3525/3309 2707/3524/3308 2709/3526/3310
f 2708/3525/3309 2709/3526/3310 2710/3527/3311
f 2710/3527/3311 2709/3526/3310 2648/3463/3249
f 2711/3528/3312 2712/3529/3313 2713/3530/3314
f 2713/3530/3314 2712/3529/3313 2714/3531/3315
f 2715/3532/3316 2713/3530/3314 2716/3533/3317
f 2716/3533/3317 2713/3530/3314 2714/3531/3315
f 2715/3532/3316 2716/3533/3317 2717/3534/3318
f 2717/3534/3318 2716/3533/3317 2718/3535/3319
f 2719/3536/3320 2720/3537/3321 2721/3538/3322
f 2721/3538/3322 2720/3537/3321 2722/3539/3323
f 2721/3538/3322 2722/3539/3323 2685/3502/3286
f 2685/3502/3286 2722/3539/3323 2723/3540/3324
f 2722/3539/3323 2716/3533/3317 2723/3540/3324
f 2723/3540/3324 2716/3533/3317 2714/3531/3315
f 2724/3541/3325 2623/3438/3224 2624/3439/3225
f 2624/3439/3225 2623/3438/3224 2621/3436/3222
f 2724/3541/3325 2624/3439/3225 2689/3506/3290
f 2689/3506/3290 2624/3439/3225 2628/3443/3229
f 2629/3444/3230 2725/3542/3326 2626/3441/3227
f 2626/3441/3227 2725/3542/3326 2661/3478/3262
f 2644/3459/3245 2645/3460/3246 2698/3515/3299
f 2698/3515/3299 2645/3460/3246 2726/3543/3327
f 2727/3544/3328 2728/3545/3329 2642/3457/3243
f 2642/3457/3243 2728/3545/3329 2643/3458/3244
f 2700/3517/3301 2706/3523/3307 2699/3516/3300
f 2699/3516/3300 2706/3523/3307 2708/3525/3309
f 2729/3546/3330 2699/3516/3300 2710/3527/3311
f 2710/3527/3311 2699/3516/3300 2708/3525/3309
f 2710/3527/3311 2730/3547/3331 2729/3546/3330
f 2729/3546/3330 2730/3547/3331 2731/3548/3332
f 2646/3461/3247 2648/3463/3249 2652/3467/3253
f 2652/3467/3253 2648/3463/3249 2709/3526/3310
f 2647/3462/3248 2646/3461/3247 2732/3549/3333
f 2732/3549/3333 2646/3461/3247 2654/3469/3255
f 2683/3500/3284 2732/3550/3333 2659/3476/3260
f 2659/3476/3260 2732/3550/3333 2654/3551/3255
f 2707/3524/3308 2650/3465/3251 2709/3526/3310
f 2709/3526/3310 2650/3465/3251 2652/3467/3253
f 2653/3473/3254 2656/3471/3257 2654/3551/3255
f 2654/3551/3255 2656/3471/3257 2659/3476/3260
f 2733/3552/3334 2688/3505/3289 2671/3488/3272
f 2671/3488/3272 2688/3505/3289 2669/3486/3270
f 2687/3504/3288 2692/3509/3293 2667/3484/3268
f 2667/3484/3268 2692/3509/3293 2668/3485/3269
f 2670/3487/3271 2690/3507/3291 2672/3489/3273
f 2672/3489/3273 2690/3507/3291 2734/3553/3335
f 2691/3508/3292 2627/3442/3228 2662/3479/3263
f 2662/3479/3263 2627/3442/3228 2625/3440/3226
f 2666/3483/3267 2719/3536/3320 2665/3482/3266
f 2665/3482/3266 2719/3536/3320 2721/3538/3322
f 2735/3554/3336 2736/3555/3337 2737/3556/3338
f 2737/3556/3338 2736/3555/3337 2738/3557/3339
f 2676/3493/3277 2736/3555/3337 2675/3492/3276
f 2675/3492/3276 2736/3555/3337 2678/3495/3279
f 2678/3495/3279 2736/3555/3337 2680/3497/3281
f 2680/3497/3281 2736/3555/3337 2735/3554/3336
f 2713/3530/3314 2715/3532/3316 2735/3554/3336
f 2735/3554/3336 2715/3532/3316 2680/3497/3281
f 2736/3555/3337 2676/3493/3277 2738/3557/3339
f 2738/3557/3339 2676/3493/3277 2739/3558/3340
f 2674/3491/3275 2703/3520/3304 2676/3493/3277
f 2676/3493/3277 2703/3520/3304 2739/3558/3340
f 2711/3528/3312 2713/3530/3314 2737/3556/3338
f 2737/3556/3338 2713/3530/3314 2735/3554/3336
f 2680/3497/3281 2715/3532/3316 2679/3496/3280
f 2679/3496/3280 2715/3532/3316 2717/3534/3318
f 2665/3482/3266 2721/3538/3322 2667/3484/3268
f 2667/3484/3268 2721/3538/3322 2685/3502/3286
f 2669/3486/3270 2628/3443/3229 2670/3487/3271
f 2670/3487/3271 2628/3443/3229 2627/3442/3228
f 2740/3559/3341 2664/3481/3265 2695/3512/3296
f 2695/3512/3296 2664/3481/3265 2663/3480/3264
f 2641/3456/3242 2618/3433/3219 2697/3514/3298
f 2697/3514/3298 2618/3433/3219 2696/3513/3297
f 2618/3433/3219 2619/3434/3220 2696/3513/3297
f 2696/3513/3297 2619/3434/3220 2741/3560/3342
f 2631/3446/3232 2742/3561/3343 2619/3434/3220
f 2619/3434/3220 2742/3561/3343 2741/3560/3342
f 2741/3560/3342 2629/3444/3230 2696/3513/3297
f 2696/3513/3297 2629/3444/3230 2620/3435/3221
f 2742/3561/3343 2725/3542/3326 2741/3560/3342
f 2741/3560/3342 2725/3542/3326 2629/3444/3230
f 2616/3431/3217 2640/3455/3241 2645/3460/3246
f 2645/3460/3246 2640/3455/3241 2726/3543/3327
f 2645/3460/3246 2638/3453/3239 2616/3431/3217
f 2616/3431/3217 2638/3453/3239 2617/3432/3218
f 2639/3454/3240 2630/3445/3231 2638/3453/3239
f 2638/3453/3239 2630/3445/3231 2617/3432/3218
f 2643/3458/3244 2728/3545/3329 2636/3451/3237
f 2636/3451/3237 2728/3545/3329 2637/3452/3238
f 2699/3516/3300 2729/3546/3330 2634/3449/3235
f 2634/3449/3235 2729/3546/3330 2642/3457/3243
f 2727/3544/3328 2642/3457/3243 2731/3548/3332
f 2731/3548/3332 2642/3457/3243 2729/3546/3330
f 2673/3490/3274 2682/3499/3283 2702/3519/3303
f 2702/3519/3303 2682/3499/3283 2705/3522/3306
f 2730/3547/3331 2710/3527/3311 2649/3464/3250
f 2649/3464/3250 2710/3527/3311 2648/3463/3249
f 2686/3503/3287 2685/3502/3286 2743/3562/3344
f 2743/3562/3344 2685/3502/3286 2723/3540/3324
f 2720/3537/3321 2718/3535/3319 2722/3539/3323
f 2722/3539/3323 2718/3535/3319 2716/3533/3317
f 2743/3562/3344 2723/3540/3324 2712/3529/3313
f 2712/3529/3313 2723/3540/3324 2714/3531/3315
f 2694/3511/3295 2693/3510/3294 2744/3563/3345
f 2744/3563/3345 2693/3510/3294 2745/3564/3346
f 2695/3512/3296 2694/3511/3295 2746/3565/3347
f 2746/3565/3347 2694/3511/3295 2744/3563/3345
f 2747/3566/3348 2740/3559/3341 2746/3565/3347
f 2746/3565/3347 2740/3559/3341 2695/3512/3296
f 2744/3563/3345 2745/3564/3346 2671/3567/3272
f 2671/3567/3272 2745/3564/3346 2733/3568/3334
f 2746/3565/3347 2744/3563/3345 2672/3569/3273
f 2672/3569/3273 2744/3563/3345 2671/3567/3272
f 2734/3570/3335 2747/3566/3348 2672/3569/3273
f 2672/3569/3273 2747/3566/3348 2746/3565/3347
s 51
f 2748/3571/3349 2749/3572/3350 2750/3573/3351
f 2750/3573/3351 2749/3572/3350 2751/3574/3352
f 2752/3575/3353 2753/3576/3354 2754/3577/3355
f 2754/3577/3355 2753/3576/3354 2755/3578/3356
f 2756/3579/3357 2753/3576/3354 2757/3580/3358
f 2757/3580/3358 2753/3576/3354 2758/3581/3359
f 2759/3582/3360 2760/3583/3361 2758/3581/3359
f 2758/3581/3359 2760/3583/3361 2757/3580/3358
f 2753/3576/3354 2756/3579/3357 2755/3578/3356
f 2755/3578/3356 2756/3579/3357 2761/3584/3362
f 2750/3573/3351 2751/3574/3352 2762/3585/3363
f 2762/3585/3363 2751/3574/3352 2763/3586/3364
f 2764/3587/3365 2765/3588/3366 2766/3589/3367
f 2766/3589/3367 2765/3588/3366 2767/3590/3368
f 2768/3591/3369 2769/3592/3370 2770/3593/3371
f 2770/3593/3371 2769/3592/3370 2771/3594/3372
f 2772/3595/3373 2773/3596/3374 2748/3571/3349
f 2748/3571/3349 2773/3596/3374 2749/3572/3350
f 2765/3588/3366 2764/3587/3365 2774/3597/3375
f 2774/3597/3375 2764/3587/3365 2775/3598/3376
f 2776/3599/3377 2777/3600/3378 2768/3591/3369
f 2768/3591/3369 2777/3600/3378 2769/3592/3370
f 2778/3601/3379 2779/3602/3380 2780/3603/3381
f 2780/3603/3381 2779/3602/3380 2781/3604/3382
f 2782/3605/3383 2783/3606/3384 2784/3607/3385
f 2784/3607/3385 2783/3606/3384 2785/3608/3386
f 2786/3609/3387 2782/3605/3383 2778/3601/3379
f 2778/3601/3379 2782/3605/3383 2784/3607/3385
f 2782/3610/3383 2787/3611/3388 2783/3612/3384
f 2783/3612/3384 2787/3611/3388 2788/3613/3389
f 2787/3611/3388 2789/3614/3390 2788/3613/3389
f 2788/3613/3389 2789/3614/3390 2790/3615/3391
f 2791/3616/3392 2789/3614/3390 2792/3617/3393
f 2792/3617/3393 2789/3614/3390 2787/3611/3388
f 2793/3618/3394 2794/3619/3395 2757/3580/3358
f 2757/3580/3358 2794/3619/3395 2756/3579/3357
f 2795/3620/3396 2796/3621/3397 2797/3622/3398
f 2797/3622/3398 2796/3621/3397 2798/3623/3399
f 2799/3624/3400 2796/3621/3397 2800/3625/3401
f 2800/3625/3401 2796/3621/3397 2795/3620/3396
f 2801/3626/3402 2802/3627/3403 2803/3628/3404
f 2803/3628/3404 2802/3627/3403 2804/3629/3405
f 2805/3630/3406 2806/3631/3407 2807/3632/3408
f 2807/3632/3408 2806/3631/3407 2808/3633/3409
f 2809/3634/3410 2810/3635/3411 2811/3636/3412
f 2811/3636/3412 2810/3635/3411 2812/3637/3413
f 2813/3638/3414 2812/3637/3413 2806/3631/3407
f 2806/3631/3407 2812/3637/3413 2810/3635/3411
f 2813/3638/3414 2806/3631/3407 2814/3639/3415
f 2814/3639/3415 2806/3631/3407 2805/3630/3406
f 2792/3617/3393 2815/3640/3416 2791/3616/3392
f 2791/3616/3392 2815/3640/3416 2816/3641/3417
f 2817/3642/3418 2818/3643/3419 2799/3624/3400
f 2799/3624/3400 2818/3643/3419 2819/3644/3420
f 2759/3582/3360 2820/3645/3421 2804/3629/3405
f 2804/3629/3405 2820/3645/3421 2821/3646/3422
f 2760/3583/3361 2802/3627/3403 2822/3647/3423
f 2822/3647/3423 2802/3627/3403 2823/3648/3424
f 2824/3649/3425 2825/3650/3426 2800/3625/3401
f 2800/3625/3401 2825/3650/3426 2826/3651/3427
f 2827/3652/3428 2824/3649/3425 2795/3620/3396
f 2795/3620/3396 2824/3649/3425 2800/3625/3401
f 2754/3577/3355 2755/3578/3356 2828/3653/3429
f 2828/3653/3429 2755/3578/3356 2829/3654/3430
f 2766/3589/3367 2830/3655/3431 2764/3587/3365
f 2764/3587/3365 2830/3655/3431 2776/3599/3377
f 2764/3587/3365 2776/3599/3377 2775/3598/3376
f 2775/3598/3376 2776/3599/3377 2768/3591/3369
f 2765/3588/3366 2831/3656/3432 2767/3590/3368
f 2767/3590/3368 2831/3656/3432 2832/3657/3433
f 2805/3630/3406 2807/3632/3408 2833/3658/3434
f 2833/3658/3434 2807/3632/3408 2834/3659/3435
f 2835/3660/3436 2834/3659/3435 2836/3661/3437
f 2836/3661/3437 2834/3659/3435 2807/3632/3408
f 2834/3659/3435 2835/3660/3436 2789/3614/3390
f 2789/3614/3390 2835/3660/3436 2790/3615/3391
f 2833/3658/3434 2834/3659/3435 2791/3616/3392
f 2791/3616/3392 2834/3659/3435 2789/3614/3390
f 2816/3641/3417 2837/3662/3438 2791/3616/3392
f 2791/3616/3392 2837/3662/3438 2833/3658/3434
f 2838/3663/3439 2839/3664/3440 2840/3665/3441
f 2840/3665/3441 2839/3664/3440 2841/3666/3442
f 2779/3602/3380 2838/3663/3439 2842/3667/3443
f 2842/3667/3443 2838/3663/3439 2840/3665/3441
f 2843/3668/3444 2844/3669/3445 2845/3670/3446
f 2845/3670/3446 2844/3669/3445 2846/3671/3447
f 2843/3668/3444 2845/3670/3446 2847/3672/3448
f 2847/3672/3448 2845/3670/3446 2848/3673/3449
f 2849/3674/3450 2847/3672/3448 2850/3675/3451
f 2850/3675/3451 2847/3672/3448 2848/3673/3449
f 2851/3676/3452 2852/3677/3453 2853/3678/3454
f 2853/3678/3454 2852/3677/3453 2854/3679/3455
f 2855/3680/3456 2851/3676/3452 2819/3644/3420
f 2819/3644/3420 2851/3676/3452 2853/3678/3454
f 2843/3668/3444 2847/3672/3448 2855/3680/3456
f 2855/3680/3456 2847/3672/3448 2851/3676/3452
f 2753/3576/3354 2752/3575/3353 2758/3581/3359
f 2758/3581/3359 2752/3575/3353 2856/3681/3457
f 2759/3582/3360 2758/3581/3359 2820/3645/3421
f 2820/3645/3421 2758/3581/3359 2856/3681/3457
f 2761/3584/3362 2756/3579/3357 2857/3682/3458
f 2857/3682/3458 2756/3579/3357 2794/3619/3395
f 2858/3683/3459 2777/3600/3378 2830/3655/3431
f 2830/3655/3431 2777/3600/3378 2776/3599/3377
f 2775/3598/3376 2859/3684/3460 2774/3597/3375
f 2774/3597/3375 2859/3684/3460 2860/3685/3461
f 2840/3665/3441 2841/3666/3442 2831/3656/3432
f 2831/3656/3432 2841/3666/3442 2832/3657/3433
f 2861/3686/3462 2842/3667/3443 2831/3656/3432
f 2831/3656/3432 2842/3667/3443 2840/3665/3441
f 2842/3667/3443 2861/3686/3462 2862/3687/3463
f 2862/3687/3463 2861/3686/3462 2863/3688/3464
f 2838/3663/3439 2779/3602/3380 2784/3607/3385
f 2784/3607/3385 2779/3602/3380 2778/3601/3379
f 2786/3609/3387 2778/3601/3379 2864/3689/3465
f 2864/3689/3465 2778/3601/3379 2780/3603/3381
f 2815/3640/3416 2792/3617/3393 2864/3690/3465
f 2864/3690/3465 2792/3617/3393 2786/3691/3387
f 2839/3664/3440 2838/3663/3439 2785/3608/3386
f 2785/3608/3386 2838/3663/3439 2784/3607/3385
f 2792/3617/3393 2787/3611/3388 2786/3691/3387
f 2786/3691/3387 2787/3611/3388 2782/3610/3383
f 2865/3692/3466 2803/3628/3404 2821/3646/3422
f 2821/3646/3422 2803/3628/3404 2804/3629/3405
f 2817/3642/3418 2799/3624/3400 2826/3651/3427
f 2826/3651/3427 2799/3624/3400 2800/3625/3401
f 2802/3627/3403 2801/3626/3402 2823/3648/3424
f 2823/3648/3424 2801/3626/3402 2866/3693/3467
f 2757/3580/3358 2760/3583/3361 2793/3618/3394
f 2793/3618/3394 2760/3583/3361 2822/3647/3423
f 2853/3678/3454 2854/3679/3455 2796/3621/3397
f 2796/3621/3397 2854/3679/3455 2798/3623/3399
f 2867/3694/3468 2868/3695/3469 2869/3696/3470
f 2869/3696/3470 2868/3695/3469 2870/3697/3471
f 2810/3635/3411 2868/3695/3469 2806/3631/3407
f 2806/3631/3407 2868/3695/3469 2808/3633/3409
f 2810/3635/3411 2809/3634/3410 2868/3695/3469
f 2868/3695/3469 2809/3634/3410 2870/3697/3471
f 2845/3670/3446 2870/3697/3471 2848/3673/3449
f 2848/3673/3449 2870/3697/3471 2809/3634/3410
f 2871/3698/3472 2808/3633/3409 2867/3694/3468
f 2867/3694/3468 2808/3633/3409 2868/3695/3469
f 2871/3698/3472 2836/3661/3437 2808/3633/3409
f 2808/3633/3409 2836/3661/3437 2807/3632/3408
f 2870/3697/3471 2845/3670/3446 2869/3696/3470
f 2869/3696/3470 2845/3670/3446 2846/3671/3447
f 2809/3634/3410 2811/3636/3412 2848/3673/3449
f 2848/3673/3449 2811/3636/3412 2850/3675/3451
f 2819/3644/3420 2853/3678/3454 2799/3624/3400
f 2799/3624/3400 2853/3678/3454 2796/3621/3397
f 2760/3583/3361 2759/3582/3360 2802/3627/3403
f 2802/3627/3403 2759/3582/3360 2804/3629/3405
f 2795/3620/3396 2797/3622/3398 2827/3652/3428
f 2827/3652/3428 2797/3622/3398 2872/3699/3473
f 2773/3596/3374 2828/3653/3429 2749/3572/3350
f 2749/3572/3350 2828/3653/3429 2829/3654/3430
f 2749/3572/3350 2829/3654/3430 2751/3574/3352
f 2751/3574/3352 2829/3654/3430 2873/3700/3474
f 2873/3700/3474 2874/3701/3475 2751/3574/3352
f 2751/3574/3352 2874/3701/3475 2763/3586/3364
f 2755/3578/3356 2761/3584/3362 2829/3654/3430
f 2829/3654/3430 2761/3584/3362 2873/3700/3474
f 2761/3584/3362 2857/3682/3458 2873/3700/3474
f 2873/3700/3474 2857/3682/3458 2874/3701/3475
f 2858/3683/3459 2772/3595/3373 2777/3600/3378
f 2777/3600/3378 2772/3595/3373 2748/3571/3349
f 2777/3600/3378 2748/3571/3349 2769/3592/3370
f 2769/3592/3370 2748/3571/3349 2750/3573/3351
f 2750/3573/3351 2762/3585/3363 2769/3592/3370
f 2769/3592/3370 2762/3585/3363 2771/3594/3372
f 2775/3598/3376 2768/3591/3369 2859/3684/3460
f 2859/3684/3460 2768/3591/3369 2770/3593/3371
f 2831/3656/3432 2765/3588/3366 2861/3686/3462
f 2861/3686/3462 2765/3588/3366 2774/3597/3375
f 2861/3686/3462 2774/3597/3375 2863/3688/3464
f 2863/3688/3464 2774/3597/3375 2860/3685/3461
f 2837/3662/3438 2814/3639/3415 2833/3658/3434
f 2833/3658/3434 2814/3639/3415 2805/3630/3406
f 2779/3602/3380 2842/3667/3443 2781/3604/3382
f 2781/3604/3382 2842/3667/3443 2862/3687/3463
f 2818/3643/3419 2875/3702/3476 2819/3644/3420
f 2819/3644/3420 2875/3702/3476 2855/3680/3456
f 2847/3672/3448 2849/3674/3450 2851/3676/3452
f 2851/3676/3452 2849/3674/3450 2852/3677/3453
f 2875/3702/3476 2844/3669/3445 2855/3680/3456
f 2855/3680/3456 2844/3669/3445 2843/3668/3444
f 2824/3649/3425 2876/3703/3477 2825/3650/3426
f 2825/3650/3426 2876/3703/3477 2877/3704/3478
f 2827/3652/3428 2878/3705/3479 2824/3649/3425
f 2824/3649/3425 2878/3705/3479 2876/3703/3477
f 2827/3652/3428 2872/3699/3473 2878/3705/3479
f 2878/3705/3479 2872/3699/3473 2879/3706/3480
f 2876/3703/3477 2803/3707/3404 2877/3704/3478
f 2877/3704/3478 2803/3707/3404 2865/3708/3466
f 2878/3705/3479 2801/3709/3402 2876/3703/3477
f 2876/3703/3477 2801/3709/3402 2803/3707/3404
f 2878/3705/3479 2879/3706/3480 2801/3709/3402
f 2801/3709/3402 2879/3706/3480 2866/3710/3467
s 52
f 2880/3711/3481 2881/3712/3482 2882/3713/3483
f 2882/3713/3483 2881/3712/3482 2883/3714/3484
f 2884/3715/3485 2885/3716/3486 2886/3717/3487
f 2886/3717/3487 2885/3716/3486 2887/3718/3488
f 2888/3719/3489 2889/3720/3490 2885/3716/3486
f 2885/3716/3486 2889/3720/3490 2887/3718/3488
f 2890/3721/3491 2891/3722/3492 2892/3723/3493
f 2892/3723/3493 2891/3722/3492 2893/3724/3494
f 2883/3725/3484 2894/3726/3495 2882/3727/3483
f 2882/3727/3483 2894/3726/3495 2895/3728/3496
f 2884/3729/3485 2894/3726/3495 2896/3730/3497
f 2896/3730/3497 2894/3726/3495 2883/3725/3484
f 2894/3731/3495 2897/3732/3498 2895/3733/3496
f 2895/3733/3496 2897/3732/3498 2898/3734/3499
f 2899/3735/3500 2900/3736/3501 2901/3737/3502
f 2901/3737/3502 2900/3736/3501 2902/3738/3503
f 2896/3730/3497 2903/3739/3504 2884/3729/3485
f 2884/3729/3485 2903/3739/3504 2885/3740/3486
f 2904/3741/3505 2905/3742/3506 2906/3743/3507
f 2906/3743/3507 2905/3742/3506 2907/3744/3508
f 2890/3721/3491 2908/3745/3509 2900/3736/3501
f 2900/3736/3501 2908/3745/3509 2902/3738/3503
f 2909/3746/3510 2910/3747/3511 2911/3748/3512
f 2911/3748/3512 2910/3747/3511 2908/3745/3509
f 2882/3713/3483 2912/3749/3513 2880/3711/3481
f 2880/3711/3481 2912/3749/3513 2913/3750/3514
f 2896/3751/3497 2914/3752/3515 2903/3753/3504
f 2903/3753/3504 2914/3752/3515 2915/3754/3516
f 2910/3747/3511 2916/3755/3517 2908/3745/3509
f 2908/3745/3509 2916/3755/3517 2902/3738/3503
f 2917/3756/3518 2918/3757/3519 2919/3758/3520
f 2919/3758/3520 2918/3757/3519 2920/3759/3521
f 2904/3741/3505 2906/3743/3507 2921/3760/3522
f 2921/3760/3522 2906/3743/3507 2922/3761/3523
f 2923/3762/3524 2924/3763/3525 2925/3764/3526
f 2925/3764/3526 2924/3763/3525 2922/3765/3523
f 2926/3766/3527 2903/3753/3504 2927/3767/3528
f 2927/3767/3528 2903/3753/3504 2915/3754/3516
f 2925/3764/3526 2928/3768/3529 2923/3762/3524
f 2923/3762/3524 2928/3768/3529 2929/3769/3530
f 2883/3714/3484 2881/3712/3482 2896/3751/3497
f 2896/3751/3497 2881/3712/3482 2914/3752/3515
f 2926/3770/3527 2888/3771/3489 2903/3739/3504
f 2903/3739/3504 2888/3771/3489 2885/3740/3486
f 2923/3772/3524 2929/3773/3530 2918/3757/3519
f 2918/3757/3519 2929/3773/3530 2920/3759/3521
f 2887/3718/3488 2915/3754/3516 2886/3717/3487
f 2886/3717/3487 2915/3754/3516 2914/3752/3515
f 2887/3718/3488 2889/3720/3490 2915/3754/3516
f 2915/3754/3516 2889/3720/3490 2927/3767/3528
f 2886/3717/3487 2914/3752/3515 2897/3732/3498
f 2897/3732/3498 2914/3752/3515 2881/3712/3482
f 2889/3720/3490 2930/3774/3531 2927/3767/3528
f 2927/3767/3528 2930/3774/3531 2931/3775/3532
f 2900/3736/3501 2899/3735/3500 2932/3776/3533
f 2932/3776/3533 2899/3735/3500 2933/3777/3534
f 2920/3759/3521 2931/3778/3532 2919/3758/3520
f 2919/3758/3520 2931/3778/3532 2930/3779/3531
f 2904/3741/3505 2891/3722/3492 2905/3742/3506
f 2905/3742/3506 2891/3722/3492 2932/3776/3533
f 2891/3722/3492 2904/3741/3505 2893/3724/3494
f 2893/3724/3494 2904/3741/3505 2921/3760/3522
f 2927/3767/3528 2931/3775/3532 2926/3766/3527
f 2926/3766/3527 2931/3775/3532 2934/3780/3535
f 2924/3781/3525 2907/3744/3508 2935/3782/3536
f 2935/3782/3536 2907/3744/3508 2905/3742/3506
f 2908/3745/3509 2890/3721/3491 2911/3748/3512
f 2911/3748/3512 2890/3721/3491 2892/3723/3493
f 2911/3783/3512 2892/3784/3493 2901/3785/3502
f 2901/3785/3502 2892/3784/3493 2899/3786/3500
f 2936/3787/3537 2934/3788/3535 2928/3768/3529
f 2928/3768/3529 2934/3788/3535 2929/3769/3530
f 2917/3756/3518 2925/3789/3526 2906/3743/3507
f 2906/3743/3507 2925/3789/3526 2922/3761/3523
f 2919/3758/3520 2928/3790/3529 2917/3756/3518
f 2917/3756/3518 2928/3790/3529 2925/3789/3526
f 2919/3758/3520 2930/3779/3531 2928/3790/3529
f 2928/3790/3529 2930/3779/3531 2936/3791/3537
f 2937/3792/3538 2909/3793/3510 2912/3794/3513
f 2912/3794/3513 2909/3793/3510 2938/3795/3539
f 2889/3720/3490 2888/3719/3489 2930/3774/3531
f 2930/3774/3531 2888/3719/3489 2936/3796/3537
f 2895/3728/3496 2937/3792/3538 2882/3727/3483
f 2882/3727/3483 2937/3792/3538 2912/3794/3513
f 2916/3755/3517 2913/3750/3514 2938/3797/3539
f 2938/3797/3539 2913/3750/3514 2912/3749/3513
f 2939/3798/3540 2937/3799/3538 2898/3734/3499
f 2898/3734/3499 2937/3799/3538 2895/3733/3496
f 2909/3793/3510 2911/3783/3512 2938/3795/3539
f 2938/3795/3539 2911/3783/3512 2901/3785/3502
f 2924/3763/3525 2935/3800/3536 2922/3765/3523
f 2922/3765/3523 2935/3800/3536 2921/3801/3522
f 2918/3757/3519 2907/3744/3508 2923/3772/3524
f 2923/3772/3524 2907/3744/3508 2924/3781/3525
f 2881/3712/3482 2880/3711/3481 2897/3732/3498
f 2897/3732/3498 2880/3711/3481 2898/3734/3499
f 2932/3776/3533 2933/3777/3534 2905/3742/3506
f 2905/3742/3506 2933/3777/3534 2935/3782/3536
f 2913/3750/3514 2939/3798/3540 2880/3711/3481
f 2880/3711/3481 2939/3798/3540 2898/3734/3499
f 2937/3799/3538 2939/3798/3540 2909/3746/3510
f 2909/3746/3510 2939/3798/3540 2910/3747/3511
f 2934/3802/3535 2936/3803/3537 2926/3770/3527
f 2926/3770/3527 2936/3803/3537 2888/3771/3489
f 2920/3759/3521 2929/3773/3530 2931/3778/3532
f 2931/3778/3532 2929/3773/3530 2934/3804/3535
f 2891/3722/3492 2890/3721/3491 2932/3776/3533
f 2932/3776/3533 2890/3721/3491 2900/3736/3501
f 2921/3801/3522 2935/3800/3536 2893/3805/3494
f 2893/3805/3494 2935/3800/3536 2933/3806/3534
f 2886/3717/3487 2897/3732/3498 2884/3715/3485
f 2884/3715/3485 2897/3732/3498 2894/3731/3495
f 2933/3806/3534 2899/3786/3500 2893/3805/3494
f 2893/3805/3494 2899/3786/3500 2892/3784/3493
f 2916/3755/3517 2910/3747/3511 2913/3750/3514
f 2913/3750/3514 2910/3747/3511 2939/3798/3540
f 2902/3738/3503 2916/3755/3517 2901/3737/3502
f 2901/3737/3502 2916/3755/3517 2938/3797/3539
f 2918/3757/3519 2917/3756/3518 2907/3744/3508
f 2907/3744/3508 2917/3756/3518 2906/3743/3507
s 53
f 2940/3807/3541 2941/3808/3542 2942/3809/3543
f 2942/3809/3543 2941/3808/3542 2943/3810/3544
f 2944/3811/3545 2945/3812/3546 2946/3813/3547
f 2946/3813/3547 2945/3812/3546 2947/3814/3548
f 2948/3815/3549 2945/3812/3546 2949/3816/3550
f 2949/3816/3550 2945/3812/3546 2944/3811/3545
f 2950/3817/3551 2951/3818/3552 2952/3819/3553
f 2952/3819/3553 2951/3818/3552 2953/3820/3554
f 2954/3821/3555 2955/3822/3556 2942/3823/3543
f 2942/3823/3543 2955/3822/3556 2940/3824/3541
f 2940/3824/3541 2955/3822/3556 2956/3825/3557
f 2956/3825/3557 2955/3822/3556 2947/3826/3548
f 2955/3827/3556 2954/3828/3555 2957/3829/3558
f 2957/3829/3558 2954/3828/3555 2958/3830/3559
f 2959/3831/3560 2960/3832/3561 2961/3833/3562
f 2961/3833/3562 2960/3832/3561 2962/3834/3563
f 2945/3835/3546 2963/3836/3564 2947/3826/3548
f 2947/3826/3548 2963/3836/3564 2956/3825/3557
f 2964/3837/3565 2965/3838/3566 2966/3839/3567
f 2966/3839/3567 2965/3838/3566 2967/3840/3568
f 2950/3817/3551 2960/3832/3561 2968/3841/3569
f 2968/3841/3569 2960/3832/3561 2959/3831/3560
f 2968/3841/3569 2969/3842/3570 2970/3843/3571
f 2970/3843/3571 2969/3842/3570 2971/3844/3572
f 2942/3809/3543 2943/3810/3544 2972/3845/3573
f 2972/3845/3573 2943/3810/3544 2973/3846/3574
f 2956/3847/3557 2963/3848/3564 2974/3849/3575
f 2974/3849/3575 2963/3848/3564 2975/3850/3576
f 2959/3831/3560 2976/3851/3577 2968/3841/3569
f 2968/3841/3569 2976/3851/3577 2969/3842/3570
f 2977/3852/3578 2978/3853/3579 2979/3854/3580
f 2979/3854/3580 2978/3853/3579 2980/3855/3581
f 2964/3837/3565 2981/3856/3582 2965/3838/3566
f 2965/3838/3566 2981/3856/3582 2982/3857/3583
f 2982/3858/3583 2983/3859/3584 2984/3860/3585
f 2984/3860/3585 2983/3859/3584 2985/3861/3586
f 2986/3862/3587 2987/3863/3588 2963/3848/3564
f 2963/3848/3564 2987/3863/3588 2975/3850/3576
f 2988/3864/3589 2989/3865/3590 2985/3861/3586
f 2985/3861/3586 2989/3865/3590 2984/3860/3585
f 2940/3807/3541 2956/3847/3557 2941/3808/3542
f 2941/3808/3542 2956/3847/3557 2974/3849/3575
f 2986/3866/3587 2963/3836/3564 2948/3867/3549
f 2948/3867/3549 2963/3836/3564 2945/3835/3546
f 2980/3855/3581 2988/3868/3589 2979/3854/3580
f 2979/3854/3580 2988/3868/3589 2985/3869/3586
f 2974/3849/3575 2975/3850/3576 2946/3813/3547
f 2946/3813/3547 2975/3850/3576 2944/3811/3545
f 2944/3811/3545 2975/3850/3576 2949/3816/3550
f 2949/3816/3550 2975/3850/3576 2987/3863/3588
f 2941/3808/3542 2974/3849/3575 2957/3829/3558
f 2957/3829/3558 2974/3849/3575 2946/3813/3547
f 2949/3816/3550 2987/3863/3588 2990/3870/3591
f 2990/3870/3591 2987/3863/3588 2991/3871/3592
f 2992/3872/3593 2962/3834/3563 2993/3873/3594
f 2993/3873/3594 2962/3834/3563 2960/3832/3561
f 2980/3855/3581 2978/3853/3579 2991/3874/3592
f 2991/3874/3592 2978/3853/3579 2990/3875/3591
f 2993/3873/3594 2952/3819/3553 2966/3839/3567
f 2966/3839/3567 2952/3819/3553 2964/3837/3565
f 2952/3819/3553 2953/3820/3554 2964/3837/3565
f 2964/3837/3565 2953/3820/3554 2981/3856/3582
f 2987/3863/3588 2986/3862/3587 2991/3871/3592
f 2991/3871/3592 2986/3862/3587 2994/3876/3595
f 2983/3877/3584 2995/3878/3596 2967/3840/3568
f 2967/3840/3568 2995/3878/3596 2966/3839/3567
f 2968/3841/3569 2970/3843/3571 2950/3817/3551
f 2950/3817/3551 2970/3843/3571 2951/3818/3552
f 2970/3879/3571 2961/3880/3562 2951/3881/3552
f 2951/3881/3552 2961/3880/3562 2962/3882/3563
f 2988/3864/3589 2994/3883/3595 2989/3865/3590
f 2989/3865/3590 2994/3883/3595 2996/3884/3597
f 2977/3852/3578 2965/3838/3566 2984/3885/3585
f 2984/3885/3585 2965/3838/3566 2982/3857/3583
f 2984/3885/3585 2989/3886/3590 2977/3852/3578
f 2977/3852/3578 2989/3886/3590 2978/3853/3579
f 2978/3853/3579 2989/3886/3590 2990/3875/3591
f 2990/3875/3591 2989/3886/3590 2996/3887/3597
f 2997/3888/3598 2972/3889/3573 2971/3890/3572
f 2971/3890/3572 2972/3889/3573 2998/3891/3599
f 2996/3892/3597 2948/3815/3549 2990/3870/3591
f 2990/3870/3591 2948/3815/3549 2949/3816/3550
f 2972/3889/3573 2997/3888/3598 2942/3823/3543
f 2942/3823/3543 2997/3888/3598 2954/3821/3555
f 2972/3845/3573 2973/3846/3574 2998/3893/3599
f 2998/3893/3599 2973/3846/3574 2976/3851/3577
f 2954/3828/3555 2997/3894/3598 2958/3830/3559
f 2958/3830/3559 2997/3894/3598 2999/3895/3600
f 2961/3880/3562 2970/3879/3571 2998/3891/3599
f 2998/3891/3599 2970/3879/3571 2971/3890/3572
f 2983/3859/3584 2982/3858/3583 2995/3896/3596
f 2995/3896/3596 2982/3858/3583 2981/3897/3582
f 2979/3854/3580 2985/3869/3586 2967/3840/3568
f 2967/3840/3568 2985/3869/3586 2983/3877/3584
f 2958/3830/3559 2943/3810/3544 2957/3829/3558
f 2957/3829/3558 2943/3810/3544 2941/3808/3542
f 2993/3873/3594 2966/3839/3567 2992/3872/3593
f 2992/3872/3593 2966/3839/3567 2995/3878/3596
f 2958/3830/3559 2999/3895/3600 2943/3810/3544
f 2943/3810/3544 2999/3895/3600 2973/3846/3574
f 2969/3842/3570 2999/3895/3600 2971/3844/3572
f 2971/3844/3572 2999/3895/3600 2997/3894/3598
f 2994/3898/3595 2986/3866/3587 2996/3899/3597
f 2996/3899/3597 2986/3866/3587 2948/3867/3549
f 2980/3855/3581 2991/3874/3592 2988/3868/3589
f 2988/3868/3589 2991/3874/3592 2994/3900/3595
f 2952/3819/3553 2993/3873/3594 2950/3817/3551
f 2950/3817/3551 2993/3873/3594 2960/3832/3561
f 2981/3897/3582 2953/3901/3554 2995/3896/3596
f 2995/3896/3596 2953/3901/3554 2992/3902/3593
f 2955/3827/3556 2957/3829/3558 2947/3814/3548
f 2947/3814/3548 2957/3829/3558 2946/3813/3547
f 2951/3881/3552 2962/3882/3563 2953/3901/3554
f 2953/3901/3554 2962/3882/3563 2992/3902/3593
f 2999/3895/3600 2969/3842/3570 2973/3846/3574
f 2973/3846/3574 2969/3842/3570 2976/3851/3577
f 2998/3893/3599 2976/3851/3577 2961/3833/3562
f 2961/3833/3562 2976/3851/3577 2959/3831/3560
f 2979/3854/3580 2967/3840/3568 2977/3852/3578
f 2977/3852/3578 2967/3840/3568 2965/3838/3566
s 54
f 3000/3903/3601 3001/3904/3602 3002/3905/3603
f 3002/3905/3603 3001/3904/3602 3003/3906/3604
f 3000/3903/3601 3004/3907/3605 3001/3904/3602
f 3001/3904/3602 3004/3907/3605 3005/3908/3606
f 3006/3909/3607 3005/3908/3606 3007/3910/3608
f 3007/3910/3608 3005/3908/3606 3004/3907/3605
f 3008/3911/3609 3006/3909/3607 3009/3912/3610
f 3009/3912/3610 3006/3909/3607 3007/3910/3608
f 3006/3909/3607 3008/3911/3609 3010/3913/3611
f 3010/3913/3611 3008/3911/3609 3011/3914/3612
f 3010/3913/3611 3011/3914/3612 3012/3915/3613
f 3012/3915/3613 3011/3914/3612 3013/3916/3614
f 3014/3917/3615 3013/3916/3614 3015/3918/3616
f 3015/3918/3616 3013/3916/3614 3011/3914/3612
f 3016/3919/3617 3014/3917/3615 3017/3920/3618
f 3017/3920/3618 3014/3917/3615 3018/3921/3619
f 3019/3922/3620 3020/3923/3621 3021/3924/3622
f 3021/3924/3622 3020/3923/3621 3016/3919/3617
f 3022/3925/3623 3019/3922/3620 3023/3926/3624
f 3023/3926/3624 3019/3922/3620 3021/3924/3622
f 3020/3923/3621 3019/3922/3620 3024/3927/3625
f 3024/3927/3625 3019/3922/3620 3025/3928/3626
f 3026/3929/3627 3025/3928/3626 3022/3925/3623
f 3022/3925/3623 3025/3928/3626 3019/3922/3620
f 3017/3920/3618 3027/3930/3628 3016/3919/3617
f 3016/3919/3617 3027/3930/3628 3021/3924/3622
f 3020/3923/3621 3013/3916/3614 3016/3919/3617
f 3016/3919/3617 3013/3916/3614 3014/3917/3615
f 3024/3927/3625 3012/3915/3613 3020/3923/3621
f 3020/3923/3621 3012/3915/3613 3013/3916/3614
f 3014/3917/3615 3015/3918/3616 3018/3921/3619
f 3018/3921/3619 3015/3918/3616 3028/3931/3629
f 3029/3932/3630 3030/3933/3631 3015/3918/3616
f 3015/3918/3616 3030/3933/3631 3028/3931/3629
f 3008/3911/3609 3029/3932/3630 3011/3914/3612
f 3011/3914/3612 3029/3932/3630 3015/3918/3616
f 3031/3934/3632 3032/3935/3633 3029/3932/3630
f 3029/3932/3630 3032/3935/3633 3030/3933/3631
f 3009/3912/3610 3031/3934/3632 3008/3911/3609
f 3008/3911/3609 3031/3934/3632 3029/3932/3630
f 3024/3927/3625 3025/3928/3626 3033/3936/3634
f 3033/3936/3634 3025/3928/3626 3034/3937/3635
f 3005/3908/3606 3006/3909/3607 3035/3938/3636
f 3035/3938/3636 3006/3909/3607 3010/3913/3611
f 3035/3938/3636 3010/3913/3611 3036/3939/3637
f 3036/3939/3637 3010/3913/3611 3012/3915/3613
f 3036/3939/3637 3033/3936/3634 3037/3940/3638
f 3037/3940/3638 3033/3936/3634 3038/3941/3639
f 3039/3942/3640 3038/3941/3639 3034/3937/3635
f 3034/3937/3635 3038/3941/3639 3033/3936/3634
f 3036/3939/3637 3012/3915/3613 3033/3936/3634
f 3033/3936/3634 3012/3915/3613 3024/3927/3625
f 3001/3904/3602 3005/3908/3606 3040/3943/3641
f 3040/3943/3641 3005/3908/3606 3035/3938/3636
f 3040/3943/3641 3041/3944/3642 3001/3904/3602
f 3001/3904/3602 3041/3944/3642 3003/3906/3604
f 3040/3943/3641 3035/3938/3636 3037/3940/3638
f 3037/3940/3638 3035/3938/3636 3036/3939/3637
f 3009/3912/3610 3007/3910/3608 3042/3945/3643
f 3042/3945/3643 3007/3910/3608 3043/3946/3644
f 3044/3947/3645 3045/3948/3646 3043/3946/3644
f 3043/3946/3644 3045/3948/3646 3026/3929/3627
f 3017/3920/3618 3018/3921/3619 3046/3949/3647
f 3046/3949/3647 3018/3921/3619 3047/3950/3648
f 3048/3951/3649 3049/3952/3650 3044/3947/3645
f 3044/3947/3645 3049/3952/3650 3045/3948/3646
f 3048/3951/3649 3044/3947/3645 3000/3903/3601
f 3000/3903/3601 3044/3947/3645 3004/3907/3605
f 3049/3952/3650 3048/3951/3649 3050/3953/3651
f 3050/3953/3651 3048/3951/3649 3051/3954/3652
f 3049/3952/3650 3039/3942/3640 3045/3948/3646
f 3045/3948/3646 3039/3942/3640 3034/3937/3635
f 3027/3930/3628 3017/3920/3618 3052/3955/3653
f 3052/3955/3653 3017/3920/3618 3046/3949/3647
f 3049/3952/3650 3050/3953/3651 3039/3942/3640
f 3039/3942/3640 3050/3953/3651 3053/3956/3654
f 3051/3954/3652 3054/3957/3655 3050/3953/3651
f 3050/3953/3651 3054/3957/3655 3053/3956/3654
f 3051/3954/3652 3048/3951/3649 3002/3905/3603
f 3002/3905/3603 3048/3951/3649 3000/3903/3601
f 3032/3935/3633 3055/3958/3656 3030/3933/3631
f 3030/3933/3631 3055/3958/3656 3056/3959/3657
f 3044/3947/3645 3043/3946/3644 3004/3907/3605
f 3004/3907/3605 3043/3946/3644 3007/3910/3608
f 3043/3946/3644 3026/3929/3627 3042/3945/3643
f 3042/3945/3643 3026/3929/3627 3022/3925/3623
f 3042/3945/3643 3057/3960/3658 3009/3912/3610
f 3009/3912/3610 3057/3960/3658 3031/3934/3632
f 3023/3926/3624 3058/3961/3659 3057/3960/3658
f 3057/3960/3658 3058/3961/3659 3059/3962/3660
f 3045/3948/3646 3034/3937/3635 3026/3929/3627
f 3026/3929/3627 3034/3937/3635 3025/3928/3626
f 3058/3961/3659 3060/3963/3661 3059/3962/3660
f 3059/3962/3660 3060/3963/3661 3061/3964/3662
f 3055/3958/3656 3032/3935/3633 3061/3964/3662
f 3061/3964/3662 3032/3935/3633 3059/3962/3660
f 3058/3961/3659 3027/3930/3628 3060/3963/3661
f 3060/3963/3661 3027/3930/3628 3052/3955/3653
f 3027/3930/3628 3058/3961/3659 3021/3924/3622
f 3021/3924/3622 3058/3961/3659 3023/3926/3624
f 3023/3926/3624 3057/3960/3658 3022/3925/3623
f 3022/3925/3623 3057/3960/3658 3042/3945/3643
f 3057/3960/3658 3059/3962/3660 3031/3934/3632
f 3031/3934/3632 3059/3962/3660 3032/3935/3633
f 3003/3906/3604 3054/3957/3655 3002/3905/3603
f 3002/3905/3603 3054/3957/3655 3051/3954/3652
f 3038/3941/3639 3062/3965/3663 3037/3940/3638
f 3037/3940/3638 3062/3965/3663 3063/3966/3664
f 3063/3966/3664 3054/3957/3655 3041/3944/3642
f 3041/3944/3642 3054/3957/3655 3003/3906/3604
f 3053/3956/3654 3054/3957/3655 3062/3965/3663
f 3062/3965/3663 3054/3957/3655 3063/3966/3664
f 3040/3943/3641 3037/3940/3638 3041/3944/3642
f 3041/3944/3642 3037/3940/3638 3063/3966/3664
f 3053/3956/3654 3062/3965/3663 3039/3942/3640
f 3039/3942/3640 3062/3965/3663 3038/3941/3639
f 3064/3967/3665 3065/3968/3666 3055/3958/3656
f 3055/3958/3656 3065/3968/3666 3056/3959/3657
f 3064/3967/3665 3055/3958/3656 3066/3969/3667
f 3066/3969/3667 3055/3958/3656 3061/3964/3662
f 3067/3970/3668 3052/3955/3653 3068/3971/3669
f 3068/3971/3669 3052/3955/3653 3046/3949/3647
f 3052/3955/3653 3067/3970/3668 3060/3963/3661
f 3060/3963/3661 3067/3970/3668 3069/3972/3670
f 3066/3969/3667 3061/3964/3662 3069/3972/3670
f 3069/3972/3670 3061/3964/3662 3060/3963/3661
f 3070/3973/3671 3056/3959/3657 3071/3974/3672
f 3071/3974/3672 3056/3959/3657 3065/3968/3666
f 3072/3975/3673 3047/3950/3648 3071/3974/3672
f 3071/3974/3672 3047/3950/3648 3070/3973/3671
f 3068/3971/3669 3046/3949/3647 3072/3975/3673
f 3072/3975/3673 3046/3949/3647 3047/3950/3648
f 3047/3950/3648 3018/3921/3619 3070/3973/3671
f 3070/3973/3671 3018/3921/3619 3028/3931/3629
f 3030/3933/3631 3056/3959/3657 3028/3931/3629
f 3028/3931/3629 3056/3959/3657 3070/3973/3671
s 55
f 3073/3976/3674 3074/3977/3675 3075/3978/3676
f 3075/3978/3676 3074/3977/3675 3076/3979/3677
f 3073/3976/3674 3075/3978/3676 3077/3980/3678
f 3077/3980/3678 3075/3978/3676 3078/3981/3679
f 3077/3980/3678 3078/3981/3679 3079/3982/3680
f 3079/3982/3680 3078/3981/3679 3080/3983/3681
f 3081/3984/3682 3082/3985/3683 3080/3983/3681
f 3080/3983/3681 3082/3985/3683 3079/3982/3680
f 3083/3986/3684 3081/3984/3682 3084/3987/3685
f 3084/3987/3685 3081/3984/3682 3080/3983/3681
f 3084/3987/3685 3085/3988/3686 3083/3986/3684
f 3083/3986/3684 3085/3988/3686 3086/3989/3687
f 3087/3990/3688 3088/3991/3689 3086/3989/3687
f 3086/3989/3687 3088/3991/3689 3083/3986/3684
f 3089/3992/3690 3090/3993/3691 3087/3990/3688
f 3087/3990/3688 3090/3993/3691 3091/3994/3692
f 3092/3995/3693 3093/3996/3694 3094/3997/3695
f 3094/3997/3695 3093/3996/3694 3089/3992/3690
f 3093/3996/3694 3092/3995/3693 3095/3998/3696
f 3095/3998/3696 3092/3995/3693 3096/3999/3697
f 3094/3997/3695 3097/4000/3698 3092/3995/3693
f 3092/3995/3693 3097/4000/3698 3098/4001/3699
f 3092/3995/3693 3098/4001/3699 3096/3999/3697
f 3096/3999/3697 3098/4001/3699 3099/4002/3700
f 3093/3996/3694 3100/4003/3701 3089/3992/3690
f 3089/3992/3690 3100/4003/3701 3090/3993/3691
f 3094/3997/3695 3089/3992/3690 3086/3989/3687
f 3086/3989/3687 3089/3992/3690 3087/3990/3688
f 3086/3989/3687 3085/3988/3686 3094/3997/3695
f 3094/3997/3695 3085/3988/3686 3097/4000/3698
f 3087/3990/3688 3091/3994/3692 3088/3991/3689
f 3088/3991/3689 3091/3994/3692 3101/4004/3702
f 3102/4005/3703 3088/3991/3689 3103/4006/3704
f 3103/4006/3704 3088/3991/3689 3101/4004/3702
f 3081/3984/3682 3083/3986/3684 3102/4005/3703
f 3102/4005/3703 3083/3986/3684 3088/3991/3689
f 3104/4007/3705 3102/4005/3703 3105/4008/3706
f 3105/4008/3706 3102/4005/3703 3103/4006/3704
f 3082/3985/3683 3081/3984/3682 3104/4007/3705
f 3104/4007/3705 3081/3984/3682 3102/4005/3703
f 3106/4009/3707 3098/4001/3699 3107/4010/3708
f 3107/4010/3708 3098/4001/3699 3097/4000/3698
f 3078/3981/3679 3108/4011/3709 3080/3983/3681
f 3080/3983/3681 3108/4011/3709 3084/3987/3685
f 3108/4011/3709 3109/4012/3710 3084/3987/3685
f 3084/3987/3685 3109/4012/3710 3085/3988/3686
f 3110/4013/3711 3107/4010/3708 3111/4014/3712
f 3111/4014/3712 3107/4010/3708 3109/4012/3710
f 3107/4010/3708 3110/4013/3711 3106/4009/3707
f 3106/4009/3707 3110/4013/3711 3112/4015/3713
f 3097/4000/3698 3085/3988/3686 3107/4010/3708
f 3107/4010/3708 3085/3988/3686 3109/4012/3710
f 3075/3978/3676 3113/4016/3714 3078/3981/3679
f 3078/3981/3679 3113/4016/3714 3108/4011/3709
f 3076/3979/3677 3114/4017/3715 3075/3978/3676
f 3075/3978/3676 3114/4017/3715 3113/4016/3714
f 3109/4012/3710 3108/4011/3709 3111/4014/3712
f 3111/4014/3712 3108/4011/3709 3113/4016/3714
f 3082/3985/3683 3115/4018/3716 3079/3982/3680
f 3079/3982/3680 3115/4018/3716 3116/4019/3717
f 3099/4002/3700 3117/4020/3718 3116/4019/3717
f 3116/4019/3717 3117/4020/3718 3118/4021/3719
f 3090/3993/3691 3119/4022/3720 3091/3994/3692
f 3091/3994/3692 3119/4022/3720 3120/4023/3721
f 3117/4020/3718 3121/4024/3722 3118/4021/3719
f 3118/4021/3719 3121/4024/3722 3122/4025/3723
f 3122/4025/3723 3073/3976/3674 3118/4021/3719
f 3118/4021/3719 3073/3976/3674 3077/3980/3678
f 3121/4024/3722 3123/4026/3724 3122/4025/3723
f 3122/4025/3723 3123/4026/3724 3124/4027/3725
f 3121/4024/3722 3117/4020/3718 3112/4015/3713
f 3112/4015/3713 3117/4020/3718 3106/4009/3707
f 3100/4003/3701 3125/4028/3726 3090/3993/3691
f 3090/3993/3691 3125/4028/3726 3119/4022/3720
f 3121/4024/3722 3112/4015/3713 3123/4026/3724
f 3123/4026/3724 3112/4015/3713 3126/4029/3727
f 3126/4029/3727 3127/4030/3728 3123/4026/3724
f 3123/4026/3724 3127/4030/3728 3124/4027/3725
f 3124/4027/3725 3074/3977/3675 3122/4025/3723
f 3122/4025/3723 3074/3977/3675 3073/3976/3674
f 3105/4008/3706 3103/4006/3704 3128/4031/3729
f 3128/4031/3729 3103/4006/3704 3129/4032/3730
f 3079/3982/3680 3116/4019/3717 3077/3980/3678
f 3077/3980/3678 3116/4019/3717 3118/4021/3719
f 3096/3999/3697 3099/4002/3700 3115/4018/3716
f 3115/4018/3716 3099/4002/3700 3116/4019/3717
f 3115/4018/3716 3082/3985/3683 3130/4033/3731
f 3130/4033/3731 3082/3985/3683 3104/4007/3705
f 3131/4034/3732 3132/4035/3733 3130/4033/3731
f 3130/4033/3731 3132/4035/3733 3095/3998/3696
f 3098/4001/3699 3106/4009/3707 3099/4002/3700
f 3099/4002/3700 3106/4009/3707 3117/4020/3718
f 3133/4036/3734 3134/4037/3735 3131/4034/3732
f 3131/4034/3732 3134/4037/3735 3132/4035/3733
f 3131/4034/3732 3105/4008/3706 3133/4036/3734
f 3133/4036/3734 3105/4008/3706 3128/4031/3729
f 3125/4028/3726 3100/4003/3701 3134/4037/3735
f 3134/4037/3735 3100/4003/3701 3132/4035/3733
f 3100/4003/3701 3093/3996/3694 3132/4035/3733
f 3132/4035/3733 3093/3996/3694 3095/3998/3696
f 3115/4018/3716 3130/4033/3731 3096/3999/3697
f 3096/3999/3697 3130/4033/3731 3095/3998/3696
f 3105/4008/3706 3131/4034/3732 3104/4007/3705
f 3104/4007/3705 3131/4034/3732 3130/4033/3731
f 3124/4027/3725 3127/4030/3728 3074/3977/3675
f 3074/3977/3675 3127/4030/3728 3076/3979/3677
f 3110/4013/3711 3111/4014/3712 3135/4038/3736
f 3135/4038/3736 3111/4014/3712 3136/4039/3737
f 3136/4039/3737 3114/4017/3715 3127/4030/3728
f 3127/4030/3728 3114/4017/3715 3076/3979/3677
f 3136/4039/3737 3127/4030/3728 3135/4038/3736
f 3135/4038/3736 3127/4030/3728 3126/4029/3727
f 3136/4039/3737 3111/4014/3712 3114/4017/3715
f 3114/4017/3715 3111/4014/3712 3113/4016/3714
f 3126/4029/3727 3112/4015/3713 3135/4038/3736
f 3135/4038/3736 3112/4015/3713 3110/4013/3711
f 3137/4040/3738 3128/4031/3729 3138/4041/3739
f 3138/4041/3739 3128/4031/3729 3129/4032/3730
f 3133/4036/3734 3128/4031/3729 3139/4042/3740
f 3139/4042/3740 3128/4031/3729 3137/4040/3738
f 3119/4022/3720 3125/4028/3726 3140/4043/3741
f 3140/4043/3741 3125/4028/3726 3141/4044/3742
f 3125/4028/3726 3134/4037/3735 3141/4044/3742
f 3141/4044/3742 3134/4037/3735 3142/4045/3743
f 3134/4037/3735 3133/4036/3734 3142/4045/3743
f 3142/4045/3743 3133/4036/3734 3139/4042/3740
f 3138/4041/3739 3129/4032/3730 3143/4046/3744
f 3143/4046/3744 3129/4032/3730 3144/4047/3745
f 3145/4048/3746 3143/4046/3744 3120/4023/3721
f 3120/4023/3721 3143/4046/3744 3144/4047/3745
f 3120/4023/3721 3119/4022/3720 3145/4048/3746
f 3145/4048/3746 3119/4022/3720 3140/4043/3741
f 3101/4004/3702 3091/3994/3692 3144/4047/3745
f 3144/4047/3745 3091/3994/3692 3120/4023/3721
f 3144/4047/3745 3129/4032/3730 3101/4004/3702
f 3101/4004/3702 3129/4032/3730 3103/4006/3704
s 56
f 3146/4049/3747 3147/4050/3748 3148/4051/3749
f 3148/4051/3749 3147/4050/3748 3149/4052/3750
f 3147/4050/3748 3150/4053/3751 3149/4052/3750
f 3149/4052/3750 3150/4053/3751 3151/4054/3752
f 3152/4055/3753 3153/4056/3754 3154/4057/3755
f 3154/4057/3755 3153/4056/3754 3155/4058/3756
f 3156/4059/3757 3157/4060/3758 3158/4061/3759
f 3158/4061/3759 3157/4060/3758 3159/4062/3760
f 3155/4063/3756 3160/4064/3761 3154/4065/3755
f 3154/4065/3755 3160/4064/3761 3161/4066/3762
f 3149/4067/3750 3151/4068/3752 3162/4069/3763
f 3162/4069/3763 3151/4068/3752 3163/4070/3764
f 3164/4071/3765 3165/4072/3766 3163/4073/3764
f 3163/4073/3764 3165/4072/3766 3162/4074/3763
f 3166/4075/3767 3167/4076/3768 3168/4077/3769
f 3168/4077/3769 3167/4076/3768 3169/4078/3770
f 3147/4050/3748 3168/4077/3769 3150/4053/3751
f 3150/4053/3751 3168/4077/3769 3169/4078/3770
f 3170/4079/3771 3171/4080/3772 3172/4081/3773
f 3172/4081/3773 3171/4080/3772 3173/4082/3774
f 3173/4082/3774 3171/4080/3772 3174/4083/3775
f 3174/4083/3775 3171/4080/3772 3175/4084/3776
f 3172/4081/3773 3161/4085/3762 3170/4079/3771
f 3170/4079/3771 3161/4085/3762 3160/4086/3761
f 3159/4087/3760 3176/4088/3777 3158/4089/3759
f 3158/4089/3759 3176/4088/3777 3177/4090/3778
f 3178/4091/3779 3179/4092/3780 3180/4093/3781
f 3180/4093/3781 3179/4092/3780 3181/4094/3782
f 3182/4095/3783 3183/4096/3784 3184/4097/3785
f 3184/4097/3785 3183/4096/3784 3185/4098/3786
f 3186/4099/3787 3187/4100/3788 3179/4092/3780
f 3179/4092/3780 3187/4100/3788 3181/4094/3782
f 3179/4092/3780 3188/4101/3789 3186/4099/3787
f 3186/4099/3787 3188/4101/3789 3189/4102/3790
f 3179/4092/3780 3178/4091/3779 3188/4101/3789
f 3188/4101/3789 3178/4091/3779 3190/4103/3791
f 3191/4104/3792 3192/4105/3793 3193/4106/3794
f 3193/4106/3794 3192/4105/3793 3189/4102/3790
f 3186/4099/3787 3189/4102/3790 3194/4107/3795
f 3194/4107/3795 3189/4102/3790 3192/4105/3793
f 3188/4101/3789 3195/4108/3796 3189/4102/3790
f 3189/4102/3790 3195/4108/3796 3193/4106/3794
f 3187/4100/3788 3186/4099/3787 3196/4109/3797
f 3196/4109/3797 3186/4099/3787 3194/4107/3795
f 3184/4097/3785 3185/4098/3786 3197/4110/3798
f 3197/4110/3798 3185/4098/3786 3198/4111/3799
f 3196/4109/3797 3194/4107/3795 3199/4112/3800
f 3199/4112/3800 3194/4107/3795 3200/4113/3801
f 3197/4110/3798 3198/4111/3799 3156/4114/3757
f 3156/4114/3757 3198/4111/3799 3157/4115/3758
f 3176/4088/3777 3183/4096/3784 3177/4090/3778
f 3177/4090/3778 3183/4096/3784 3182/4095/3783
f 3201/4116/3802 3178/4091/3779 3202/4117/3803
f 3202/4117/3803 3178/4091/3779 3180/4093/3781
f 3200/4118/3801 3203/4119/3804 3201/4120/3802
f 3201/4120/3802 3203/4119/3804 3204/4121/3805
f 3205/4122/3806 3206/4123/3807 3204/4124/3805
f 3204/4124/3805 3206/4123/3807 3190/4103/3791
f 3207/4125/3808 3208/4126/3809 3205/4122/3806
f 3205/4122/3806 3208/4126/3809 3206/4123/3807
f 3209/4127/3810 3205/4128/3806 3203/4119/3804
f 3203/4119/3804 3205/4128/3806 3204/4121/3805
f 3205/4128/3806 3209/4127/3810 3207/4129/3808
f 3207/4129/3808 3209/4127/3810 3210/4130/3811
f 3208/4126/3809 3211/4131/3812 3206/4123/3807
f 3206/4123/3807 3211/4131/3812 3195/4108/3796
f 3207/4132/3808 3210/4133/3811 3208/4134/3809
f 3208/4134/3809 3210/4133/3811 3212/4135/3813
f 3213/4136/3814 3211/4131/3812 3212/4135/3813
f 3212/4135/3813 3211/4131/3812 3208/4134/3809
f 3188/4101/3789 3190/4103/3791 3195/4108/3796
f 3195/4108/3796 3190/4103/3791 3206/4123/3807
f 3178/4091/3779 3201/4116/3802 3190/4103/3791
f 3190/4103/3791 3201/4116/3802 3204/4124/3805
f 3199/4137/3800 3200/4118/3801 3202/4138/3803
f 3202/4138/3803 3200/4118/3801 3201/4120/3802
f 3174/4083/3775 3175/4084/3776 3152/4055/3753
f 3152/4055/3753 3175/4084/3776 3153/4056/3754
f 3213/4136/3814 3193/4106/3794 3211/4131/3812
f 3211/4131/3812 3193/4106/3794 3195/4108/3796
f 3194/4107/3795 3192/4105/3793 3200/4113/3801
f 3200/4113/3801 3192/4105/3793 3203/4139/3804
f 3209/4140/3810 3203/4139/3804 3191/4104/3792
f 3191/4104/3792 3203/4139/3804 3192/4105/3793
f 3191/4104/3792 3212/4135/3813 3209/4140/3810
f 3209/4140/3810 3212/4135/3813 3210/4133/3811
f 3193/4106/3794 3213/4136/3814 3191/4104/3792
f 3191/4104/3792 3213/4136/3814 3212/4135/3813
f 3163/4070/3764 3151/4068/3752 3161/4066/3762
f 3161/4066/3762 3151/4068/3752 3154/4065/3755
f 3172/4081/3773 3164/4071/3765 3161/4085/3762
f 3161/4085/3762 3164/4071/3765 3163/4073/3764
f 3172/4081/3773 3173/4082/3774 3164/4071/3765
f 3164/4071/3765 3173/4082/3774 3167/4076/3768
f 3167/4076/3768 3173/4082/3774 3169/4078/3770
f 3169/4078/3770 3173/4082/3774 3174/4083/3775
f 3174/4083/3775 3152/4055/3753 3169/4078/3770
f 3169/4078/3770 3152/4055/3753 3150/4053/3751
f 3151/4054/3752 3150/4053/3751 3154/4057/3755
f 3154/4057/3755 3150/4053/3751 3152/4055/3753
f 3170/4079/3771 3160/4086/3761 3177/4090/3778
f 3177/4090/3778 3160/4086/3761 3158/4089/3759
f 3171/4080/3772 3170/4079/3771 3182/4095/3783
f 3182/4095/3783 3170/4079/3771 3177/4090/3778
f 3171/4080/3772 3182/4095/3783 3175/4084/3776
f 3175/4084/3776 3182/4095/3783 3184/4097/3785
f 3175/4084/3776 3184/4097/3785 3153/4056/3754
f 3153/4056/3754 3184/4097/3785 3197/4110/3798
f 3153/4056/3754 3197/4110/3798 3155/4058/3756
f 3155/4058/3756 3197/4110/3798 3156/4114/3757
f 3156/4059/3757 3158/4061/3759 3155/4063/3756
f 3155/4063/3756 3158/4061/3759 3160/4064/3761
f 3187/4100/3788 3185/4098/3786 3181/4094/3782
f 3181/4094/3782 3185/4098/3786 3183/4096/3784
f 3185/4098/3786 3187/4100/3788 3198/4111/3799
f 3198/4111/3799 3187/4100/3788 3196/4109/3797
f 3198/4111/3799 3196/4109/3797 3157/4115/3758
f 3157/4115/3758 3196/4109/3797 3199/4112/3800
f 3157/4060/3758 3199/4137/3800 3159/4062/3760
f 3159/4062/3760 3199/4137/3800 3202/4138/3803
f 3176/4088/3777 3159/4087/3760 3180/4093/3781
f 3180/4093/3781 3159/4087/3760 3202/4117/3803
f 3180/4093/3781 3181/4094/3782 3176/4088/3777
f 3176/4088/3777 3181/4094/3782 3183/4096/3784
f 3164/4071/3765 3167/4076/3768 3165/4072/3766
f 3165/4072/3766 3167/4076/3768 3166/4075/3767
f 3148/4141/3749 3149/4067/3750 3214/4142/3815
f 3214/4142/3815 3149/4067/3750 3162/4069/3763
f 3165/4072/3766 3215/4143/3816 3162/4074/3763
f 3162/4074/3763 3215/4143/3816 3214/4144/3815
f 3216/4145/3817 3215/4143/3816 3166/4075/3767
f 3166/4075/3767 3215/4143/3816 3165/4072/3766
f 3166/4075/3767 3168/4077/3769 3216/4145/3817
f 3216/4145/3817 3168/4077/3769 3217/4146/3818
f 3146/4049/3747 3217/4146/3818 3147/4050/3748
f 3147/4050/3748 3217/4146/3818 3168/4077/3769
f 3146/4049/3747 3148/4147/3749 3218/4148/3819
f 3218/4148/3819 3148/4147/3749 3219/4149/3820
f 3218/4148/3819 3219/4149/3820 3220/4150/3821
f 3220/4150/3821 3219/4149/3820 3221/4151/3822
f 3222/4152/3823 3223/4153/3824 3224/4154/3825
f 3224/4154/3825 3223/4153/3824 3225/4155/3826
f 3226/4156/3827 3227/4157/3828 3228/4158/3829
f 3228/4158/3829 3227/4157/3828 3229/4159/3830
f 3230/4160/3831 3231/4161/3832 3223/4162/3824
f 3223/4162/3824 3231/4161/3832 3225/4163/3826
f 3219/4164/3820 3232/4165/3833 3221/4166/3822
f 3221/4166/3822 3232/4165/3833 3233/4167/3834
f 3234/4168/3835 3233/4169/3834 3235/4170/3836
f 3235/4170/3836 3233/4169/3834 3232/4171/3833
f 3236/4172/3837 3237/4173/3838 3238/4174/3839
f 3238/4174/3839 3237/4173/3838 3239/4175/3840
f 3239/4175/3840 3237/4173/3838 3220/4150/3821
f 3220/4150/3821 3237/4173/3838 3218/4148/3819
f 3240/4176/3841 3241/4177/3842 3242/4178/3843
f 3242/4178/3843 3241/4177/3842 3243/4179/3844
f 3240/4176/3841 3244/4180/3845 3241/4177/3842
f 3241/4177/3842 3244/4180/3845 3245/4181/3846
f 3231/4182/3832 3230/4183/3831 3243/4179/3844
f 3243/4179/3844 3230/4183/3831 3242/4178/3843
f 3246/4184/3847 3247/4185/3848 3227/4186/3828
f 3227/4186/3828 3247/4185/3848 3229/4187/3830
f 3248/4188/3849 3249/4189/3850 3250/4190/3851
f 3250/4190/3851 3249/4189/3850 3251/4191/3852
f 3252/4192/3853 3253/4193/3854 3254/4194/3855
f 3254/4194/3855 3253/4193/3854 3255/4195/3856
f 3256/4196/3857 3249/4189/3850 3257/4197/3858
f 3257/4197/3858 3249/4189/3850 3248/4188/3849
f 3249/4189/3850 3256/4196/3857 3258/4198/3859
f 3258/4198/3859 3256/4196/3857 3259/4199/3860
f 3249/4189/3850 3258/4198/3859 3251/4191/3852
f 3251/4191/3852 3258/4198/3859 3260/4200/3861
f 3261/4201/3862 3262/4202/3863 3263/4203/3864
f 3263/4203/3864 3262/4202/3863 3259/4199/3860
f 3256/4196/3857 3264/4204/3865 3259/4199/3860
f 3259/4199/3860 3264/4204/3865 3263/4203/3864
f 3258/4198/3859 3259/4199/3860 3265/4205/3866
f 3265/4205/3866 3259/4199/3860 3262/4202/3863
f 3257/4197/3858 3266/4206/3867 3256/4196/3857
f 3256/4196/3857 3266/4206/3867 3264/4204/3865
f 3253/4193/3854 3267/4207/3868 3255/4195/3856
f 3255/4195/3856 3267/4207/3868 3268/4208/3869
f 3266/4206/3867 3269/4209/3870 3264/4204/3865
f 3264/4204/3865 3269/4209/3870 3270/4210/3871
f 3267/4207/3868 3226/4211/3827 3268/4208/3869
f 3268/4208/3869 3226/4211/3827 3228/4212/3829
f 3252/4192/3853 3254/4194/3855 3246/4184/3847
f 3246/4184/3847 3254/4194/3855 3247/4185/3848
f 3250/4190/3851 3251/4191/3852 3271/4213/3872
f 3271/4213/3872 3251/4191/3852 3272/4214/3873
f 3270/4215/3871 3272/4216/3873 3273/4217/3874
f 3273/4217/3874 3272/4216/3873 3274/4218/3875
f 3260/4200/3861 3275/4219/3876 3274/4220/3875
f 3274/4220/3875 3275/4219/3876 3276/4221/3877
f 3275/4219/3876 3277/4222/3878 3276/4221/3877
f 3276/4221/3877 3277/4222/3878 3278/4223/3879
f 3274/4218/3875 3276/4224/3877 3273/4217/3874
f 3273/4217/3874 3276/4224/3877 3279/4225/3880
f 3276/4224/3877 3278/4226/3879 3279/4225/3880
f 3279/4225/3880 3278/4226/3879 3280/4227/3881
f 3277/4222/3878 3275/4219/3876 3281/4228/3882
f 3281/4228/3882 3275/4219/3876 3265/4205/3866
f 3282/4229/3883 3280/4230/3881 3277/4231/3878
f 3277/4231/3878 3280/4230/3881 3278/4232/3879
f 3283/4233/3884 3282/4229/3883 3281/4228/3882
f 3281/4228/3882 3282/4229/3883 3277/4231/3878
f 3258/4198/3859 3265/4205/3866 3260/4200/3861
f 3260/4200/3861 3265/4205/3866 3275/4219/3876
f 3251/4191/3852 3260/4200/3861 3272/4214/3873
f 3272/4214/3873 3260/4200/3861 3274/4220/3875
f 3269/4234/3870 3271/4235/3872 3270/4215/3871
f 3270/4215/3871 3271/4235/3872 3272/4216/3873
f 3244/4180/3845 3222/4152/3823 3245/4181/3846
f 3245/4181/3846 3222/4152/3823 3224/4154/3825
f 3265/4205/3866 3262/4202/3863 3281/4228/3882
f 3281/4228/3882 3262/4202/3863 3283/4233/3884
f 3264/4204/3865 3270/4210/3871 3263/4203/3864
f 3263/4203/3864 3270/4210/3871 3273/4236/3874
f 3279/4237/3880 3261/4201/3862 3273/4236/3874
f 3273/4236/3874 3261/4201/3862 3263/4203/3864
f 3261/4201/3862 3279/4237/3880 3282/4229/3883
f 3282/4229/3883 3279/4237/3880 3280/4230/3881
f 3282/4229/3883 3283/4233/3884 3261/4201/3862
f 3261/4201/3862 3283/4233/3884 3262/4202/3863
f 3233/4167/3834 3230/4160/3831 3221/4166/3822
f 3221/4166/3822 3230/4160/3831 3223/4162/3824
f 3242/4178/3843 3230/4183/3831 3234/4168/3835
f 3234/4168/3835 3230/4183/3831 3233/4169/3834
f 3238/4174/3839 3240/4176/3841 3234/4168/3835
f 3234/4168/3835 3240/4176/3841 3242/4178/3843
f 3238/4174/3839 3239/4175/3840 3240/4176/3841
f 3240/4176/3841 3239/4175/3840 3244/4180/3845
f 3220/4150/3821 3222/4152/3823 3239/4175/3840
f 3239/4175/3840 3222/4152/3823 3244/4180/3845
f 3221/4151/3822 3223/4153/3824 3220/4150/3821
f 3220/4150/3821 3223/4153/3824 3222/4152/3823
f 3243/4179/3844 3246/4184/3847 3231/4182/3832
f 3231/4182/3832 3246/4184/3847 3227/4186/3828
f 3241/4177/3842 3252/4192/3853 3243/4179/3844
f 3243/4179/3844 3252/4192/3853 3246/4184/3847
f 3241/4177/3842 3245/4181/3846 3252/4192/3853
f 3252/4192/3853 3245/4181/3846 3253/4193/3854
f 3267/4207/3868 3253/4193/3854 3224/4154/3825
f 3224/4154/3825 3253/4193/3854 3245/4181/3846
f 3224/4154/3825 3225/4155/3826 3267/4207/3868
f 3267/4207/3868 3225/4155/3826 3226/4211/3827
f 3231/4161/3832 3227/4157/3828 3225/4163/3826
f 3225/4163/3826 3227/4157/3828 3226/4156/3827
f 3257/4197/3858 3248/4188/3849 3255/4195/3856
f 3255/4195/3856 3248/4188/3849 3254/4194/3855
f 3255/4195/3856 3268/4208/3869 3257/4197/3858
f 3257/4197/3858 3268/4208/3869 3266/4206/3867
f 3269/4209/3870 3266/4206/3867 3228/4212/3829
f 3228/4212/3829 3266/4206/3867 3268/4208/3869
f 3271/4235/3872 3269/4234/3870 3229/4159/3830
f 3229/4159/3830 3269/4234/3870 3228/4158/3829
f 3247/4185/3848 3250/4190/3851 3229/4187/3830
f 3229/4187/3830 3250/4190/3851 3271/4213/3872
f 3254/4194/3855 3248/4188/3849 3247/4185/3848
f 3247/4185/3848 3248/4188/3849 3250/4190/3851
f 3234/4168/3835 3235/4170/3836 3238/4174/3839
f 3238/4174/3839 3235/4170/3836 3236/4172/3837
f 3148/4141/3749 3214/4142/3815 3219/4164/3820
f 3219/4164/3820 3214/4142/3815 3232/4165/3833
f 3235/4170/3836 3232/4171/3833 3215/4143/3816
f 3215/4143/3816 3232/4171/3833 3214/4144/3815
f 3235/4170/3836 3215/4143/3816 3236/4172/3837
f 3236/4172/3837 3215/4143/3816 3216/4145/3817
f 3217/4146/3818 3237/4173/3838 3216/4145/3817
f 3216/4145/3817 3237/4173/3838 3236/4172/3837
f 3146/4049/3747 3218/4148/3819 3217/4146/3818
f 3217/4146/3818 3218/4148/3819 3237/4173/3838
s 57
f 3284/4238/3885 3285/4239/3885 3286/4240/3885
s 58
f 3286/4240/3886 3285/4239/3887 3287/4241/3888
f 3286/4240/3886 3287/4241/3888 3288/4242/3889
f 3288/4242/3889 3287/4241/3888 3289/4243/3890
f 3290/4244/3891 3291/4245/3892 3292/4246/3893
f 3292/4246/3893 3291/4245/3892 3293/4247/3894
f 3294/4248/3895 3295/4249/3896 3296/4250/3897
f 3296/4250/3897 3295/4249/3896 3297/4251/3898
f 3298/4252/3899 3299/4253/3900 3291/4254/3892
f 3291/4254/3892 3299/4253/3900 3293/4255/3894
f 3287/4256/3888 3300/4257/3901 3289/4258/3890
f 3289/4258/3890 3300/4257/3901 3301/4259/3902
f 3302/4260/3903 3301/4261/3902 3303/4262/3904
f 3303/4262/3904 3301/4261/3902 3300/4263/3901
f 3304/4264/3905 3305/4265/3906 3306/4266/3907
f 3306/4266/3907 3305/4265/3906 3307/4267/3908
f 3307/4267/3908 3305/4265/3906 3288/4242/3889
f 3288/4242/3889 3305/4265/3906 3286/4240/3886
f 3308/4268/3909 3309/4269/3910 3310/4270/3911
f 3310/4270/3911 3309/4269/3910 3311/4271/3912
f 3308/4268/3909 3312/4272/3913 3309/4269/3910
f 3309/4269/3910 3312/4272/3913 3313/4273/3914
f 3299/4274/3900 3298/4275/3899 3311/4271/3912
f 3311/4271/3912 3298/4275/3899 3310/4270/3911
f 3314/4276/3915 3315/4277/3916 3295/4278/3896
f 3295/4278/3896 3315/4277/3916 3297/4279/3898
f 3316/4280/3917 3317/4281/3918 3318/4282/3919
f 3318/4282/3919 3317/4281/3918 3319/4283/3920
f 3320/4284/3921 3321/4285/3922 3322/4286/3923
f 3322/4286/3923 3321/4285/3922 3323/4287/3924
f 3324/4288/3925 3317/4281/3918 3325/4289/3926
f 3325/4289/3926 3317/4281/3918 3316/4280/3917
f 3317/4281/3918 3324/4288/3925 3326/4290/3927
f 3326/4290/3927 3324/4288/3925 3327/4291/3928
f 3317/4281/3918 3326/4290/3927 3319/4283/3920
f 3319/4283/3920 3326/4290/3927 3328/4292/3929
f 3329/4293/3930 3330/4294/3931 3331/4295/3932
f 3331/4295/3932 3330/4294/3931 3327/4291/3928
f 3324/4288/3925 3332/4296/3933 3327/4291/3928
f 3327/4291/3928 3332/4296/3933 3331/4295/3932
f 3326/4290/3927 3327/4291/3928 3333/4297/3934
f 3333/4297/3934 3327/4291/3928 3330/4294/3931
f 3325/4289/3926 3334/4298/3935 3324/4288/3925
f 3324/4288/3925 3334/4298/3935 3332/4296/3933
f 3321/4285/3922 3335/4299/3936 3323/4287/3924
f 3323/4287/3924 3335/4299/3936 3336/4300/3937
f 3334/4298/3935 3337/4301/3938 3332/4296/3933
f 3332/4296/3933 3337/4301/3938 3338/4302/3939
f 3335/4299/3936 3294/4303/3895 3336/4300/3937
f 3336/4300/3937 3294/4303/3895 3296/4304/3897
f 3320/4284/3921 3322/4286/3923 3314/4276/3915
f 3314/4276/3915 3322/4286/3923 3315/4277/3916
f 3318/4282/3919 3319/4283/3920 3339/4305/3940
f 3339/4305/3940 3319/4283/3920 3340/4306/3941
f 3338/4307/3939 3340/4308/3941 3341/4309/3942
f 3341/4309/3942 3340/4308/3941 3342/4310/3943
f 3328/4292/3929 3343/4311/3944 3342/4312/3943
f 3342/4312/3943 3343/4311/3944 3344/4313/3945
f 3343/4311/3944 3345/4314/3946 3344/4313/3945
f 3344/4313/3945 3345/4314/3946 3346/4315/3947
f 3342/4310/3943 3344/4316/3945 3341/4309/3942
f 3341/4309/3942 3344/4316/3945 3347/4317/3948
f 3344/4316/3945 3346/4318/3947 3347/4317/3948
f 3347/4317/3948 3346/4318/3947 3348/4319/3949
f 3345/4314/3946 3343/4311/3944 3349/4320/3950
f 3349/4320/3950 3343/4311/3944 3333/4297/3934
f 3350/4321/3951 3348/4322/3949 3345/4323/3946
f 3345/4323/3946 3348/4322/3949 3346/4324/3947
f 3351/4325/3952 3350/4321/3951 3349/4320/3950
f 3349/4320/3950 3350/4321/3951 3345/4323/3946
f 3326/4290/3927 3333/4297/3934 3328/4292/3929
f 3328/4292/3929 3333/4297/3934 3343/4311/3944
f 3319/4283/3920 3328/4292/3929 3340/4306/3941
f 3340/4306/3941 3328/4292/3929 3342/4312/3943
f 3337/4326/3938 3339/4327/3940 3338/4307/3939
f 3338/4307/3939 3339/4327/3940 3340/4308/3941
f 3312/4272/3913 3290/4244/3891 3313/4273/3914
f 3313/4273/3914 3290/4244/3891 3292/4246/3893
f 3333/4297/3934 3330/4294/3931 3349/4320/3950
f 3349/4320/3950 3330/4294/3931 3351/4325/3952
f 3332/4296/3933 3338/4302/3939 3331/4295/3932
f 3331/4295/3932 3338/4302/3939 3341/4328/3942
f 3347/4329/3948 3329/4293/3930 3341/4328/3942
f 3341/4328/3942 3329/4293/3930 3331/4295/3932
f 3329/4293/3930 3347/4329/3948 3350/4321/3951
f 3350/4321/3951 3347/4329/3948 3348/4322/3949
f 3350/4321/3951 3351/4325/3952 3329/4293/3930
f 3329/4293/3930 3351/4325/3952 3330/4294/3931
f 3301/4259/3902 3298/4252/3899 3289/4258/3890
f 3289/4258/3890 3298/4252/3899 3291/4254/3892
f 3310/4270/3911 3298/4275/3899 3302/4260/3903
f 3302/4260/3903 3298/4275/3899 3301/4261/3902
f 3306/4266/3907 3308/4268/3909 3302/4260/3903
f 3302/4260/3903 3308/4268/3909 3310/4270/3911
f 3306/4266/3907 3307/4267/3908 3308/4268/3909
f 3308/4268/3909 3307/4267/3908 3312/4272/3913
f 3288/4242/3889 3290/4244/3891 3307/4267/3908
f 3307/4267/3908 3290/4244/3891 3312/4272/3913
f 3289/4243/3890 3291/4245/3892 3288/4242/3889
f 3288/4242/3889 3291/4245/3892 3290/4244/3891
f 3311/4271/3912 3314/4276/3915 3299/4274/3900
f 3299/4274/3900 3314/4276/3915 3295/4278/3896
f 3309/4269/3910 3320/4284/3921 3311/4271/3912
f 3311/4271/3912 3320/4284/3921 3314/4276/3915
f 3309/4269/3910 3313/4273/3914 3320/4284/3921
f 3320/4284/3921 3313/4273/3914 3321/4285/3922
f 3335/4299/3936 3321/4285/3922 3292/4246/3893
f 3292/4246/3893 3321/4285/3922 3313/4273/3914
f 3292/4246/3893 3293/4247/3894 3335/4299/3936
f 3335/4299/3936 3293/4247/3894 3294/4303/3895
f 3299/4253/3900 3295/4249/3896 3293/4255/3894
f 3293/4255/3894 3295/4249/3896 3294/4248/3895
f 3325/4289/3926 3316/4280/3917 3323/4287/3924
f 3323/4287/3924 3316/4280/3917 3322/4286/3923
f 3323/4287/3924 3336/4300/3937 3325/4289/3926
f 3325/4289/3926 3336/4300/3937 3334/4298/3935
f 3337/4301/3938 3334/4298/3935 3296/4304/3897
f 3296/4304/3897 3334/4298/3935 3336/4300/3937
f 3339/4327/3940 3337/4326/3938 3297/4251/3898
f 3297/4251/3898 3337/4326/3938 3296/4250/3897
f 3315/4277/3916 3318/4282/3919 3297/4279/3898
f 3297/4279/3898 3318/4282/3919 3339/4305/3940
f 3322/4286/3923 3316/4280/3917 3315/4277/3916
f 3315/4277/3916 3316/4280/3917 3318/4282/3919
f 3302/4260/3903 3303/4262/3904 3306/4266/3907
f 3306/4266/3907 3303/4262/3904 3304/4264/3905
f 3285/4330/3887 3352/4331/3953 3287/4256/3888
f 3287/4256/3888 3352/4331/3953 3300/4257/3901
f 3303/4262/3904 3300/4263/3901 3353/4332/3954
f 3353/4332/3954 3300/4263/3901 3352/4333/3953
f 3303/4262/3904 3353/4332/3954 3304/4264/3905
f 3304/4264/3905 3353/4332/3954 3354/4334/3955
f 3355/4335/3956 3305/4265/3906 3354/4334/3955
f 3354/4334/3955 3305/4265/3906 3304/4264/3905
f 3284/4238/3957 3286/4240/3886 3355/4335/3956
f 3355/4335/3956 3286/4240/3886 3305/4265/3906
f 3284/4238/3957 3356/4336/3958 3285/4337/3887
f 3285/4337/3887 3356/4336/3958 3357/4338/3959
f 3356/4336/3958 3358/4339/3960 3357/4338/3959
f 3357/4338/3959 3358/4339/3960 3359/4340/3961
f 3360/4341/3962 3361/4342/3963 3362/4343/3964
f 3362/4343/3964 3361/4342/3963 3363/4344/3965
f 3364/4345/3966 3365/4346/3967 3366/4347/3968
f 3366/4347/3968 3365/4346/3967 3367/4348/3969
f 3363/4349/3965 3368/4350/3970 3362/4351/3964
f 3362/4351/3964 3368/4350/3970 3369/4352/3971
f 3357/4353/3959 3359/4354/3961 3370/4355/3972
f 3370/4355/3972 3359/4354/3961 3371/4356/3973
f 3372/4357/3974 3373/4358/3975 3371/4359/3973
f 3371/4359/3973 3373/4358/3975 3370/4360/3972
f 3374/4361/3976 3375/4362/3977 3376/4363/3978
f 3376/4363/3978 3375/4362/3977 3377/4364/3979
f 3356/4336/3958 3376/4363/3978 3358/4339/3960
f 3358/4339/3960 3376/4363/3978 3377/4364/3979
f 3378/4365/3980 3379/4366/3981 3380/4367/3982
f 3380/4367/3982 3379/4366/3981 3381/4368/3983
f 3381/4368/3983 3379/4366/3981 3382/4369/3984
f 3382/4369/3984 3379/4366/3981 3383/4370/3985
f 3380/4367/3982 3369/4371/3971 3378/4365/3980
f 3378/4365/3980 3369/4371/3971 3368/4372/3970
f 3367/4373/3969 3384/4374/3986 3366/4375/3968
f 3366/4375/3968 3384/4374/3986 3385/4376/3987
f 3386/4377/3988 3387/4378/3989 3388/4379/3990
f 3388/4379/3990 3387/4378/3989 3389/4380/3991
f 3390/4381/3992 3391/4382/3993 3392/4383/3994
f 3392/4383/3994 3391/4382/3993 3393/4384/3995
f 3394/4385/3996 3395/4386/3997 3387/4378/3989
f 3387/4378/3989 3395/4386/3997 3389/4380/3991
f 3387/4378/3989 3396/4387/3998 3394/4385/3996
f 3394/4385/3996 3396/4387/3998 3397/4388/3999
f 3387/4378/3989 3386/4377/3988 3396/4387/3998
f 3396/4387/3998 3386/4377/3988 3398/4389/4000
f 3399/4390/4001 3400/4391/4002 3401/4392/4003
f 3401/4392/4003 3400/4391/4002 3397/4388/3999
f 3394/4385/3996 3397/4388/3999 3402/4393/4004
f 3402/4393/4004 3397/4388/3999 3400/4391/4002
f 3396/4387/3998 3403/4394/4005 3397/4388/3999
f 3397/4388/3999 3403/4394/4005 3401/4392/4003
f 3395/4386/3997 3394/4385/3996 3404/4395/4006
f 3404/4395/4006 3394/4385/3996 3402/4393/4004
f 3392/4383/3994 3393/4384/3995 3405/4396/4007
f 3405/4396/4007 3393/4384/3995 3406/4397/4008
f 3404/4395/4006 3402/4393/4004 3407/4398/4009
f 3407/4398/4009 3402/4393/4004 3408/4399/4010
f 3405/4396/4007 3406/4397/4008 3364/4400/3966
f 3364/4400/3966 3406/4397/4008 3365/4401/3967
f 3384/4374/3986 3391/4382/3993 3385/4376/3987
f 3385/4376/3987 3391/4382/3993 3390/4381/3992
f 3409/4402/4011 3386/4377/3988 3410/4403/4012
f 3410/4403/4012 3386/4377/3988 3388/4379/3990
f 3408/4404/4010 3411/4405/4013 3409/4406/4011
f 3409/4406/4011 3411/4405/4013 3412/4407/4014
f 3413/4408/4015 3414/4409/4016 3412/4410/4014
f 3412/4410/4014 3414/4409/4016 3398/4389/4000
f 3415/4411/4017 3416/4412/4018 3413/4408/4015
f 3413/4408/4015 3416/4412/4018 3414/4409/4016
f 3417/4413/4019 3413/4414/4015 3411/4405/4013
f 3411/4405/4013 3413/4414/4015 3412/4407/4014
f 3413/4414/4015 3417/4413/4019 3415/4415/4017
f 3415/4415/4017 3417/4413/4019 3418/4416/4020
f 3416/4412/4018 3419/4417/4021 3414/4409/4016
f 3414/4409/4016 3419/4417/4021 3403/4394/4005
f 3415/4418/4017 3418/4419/4020 3416/4420/4018
f 3416/4420/4018 3418/4419/4020 3420/4421/4022
f 3421/4422/4023 3419/4417/4021 3420/4421/4022
f 3420/4421/4022 3419/4417/4021 3416/4420/4018
f 3396/4387/3998 3398/4389/4000 3403/4394/4005
f 3403/4394/4005 3398/4389/4000 3414/4409/4016
f 3386/4377/3988 3409/4402/4011 3398/4389/4000
f 3398/4389/4000 3409/4402/4011 3412/4410/4014
f 3407/4423/4009 3408/4404/4010 3410/4424/4012
f 3410/4424/4012 3408/4404/4010 3409/4406/4011
f 3382/4369/3984 3383/4370/3985 3360/4341/3962
f 3360/4341/3962 3383/4370/3985 3361/4342/3963
f 3421/4422/4023 3401/4392/4003 3419/4417/4021
f 3419/4417/4021 3401/4392/4003 3403/4394/4005
f 3402/4393/4004 3400/4391/4002 3408/4399/4010
f 3408/4399/4010 3400/4391/4002 3411/4425/4013
f 3417/4426/4019 3411/4425/4013 3399/4390/4001
f 3399/4390/4001 3411/4425/4013 3400/4391/4002
f 3399/4390/4001 3420/4421/4022 3417/4426/4019
f 3417/4426/4019 3420/4421/4022 3418/4419/4020
f 3401/4392/4003 3421/4422/4023 3399/4390/4001
f 3399/4390/4001 3421/4422/4023 3420/4421/4022
f 3371/4356/3973 3359/4354/3961 3369/4352/3971
f 3369/4352/3971 3359/4354/3961 3362/4351/3964
f 3380/4367/3982 3372/4357/3974 3369/4371/3971
f 3369/4371/3971 3372/4357/3974 3371/4359/3973
f 3380/4367/3982 3381/4368/3983 3372/4357/3974
f 3372/4357/3974 3381/4368/3983 3375/4362/3977
f 3375/4362/3977 3381/4368/3983 3377/4364/3979
f 3377/4364/3979 3381/4368/3983 3382/4369/3984
f 3382/4369/3984 3360/4341/3962 3377/4364/3979
f 3377/4364/3979 3360/4341/3962 3358/4339/3960
f 3359/4340/3961 3358/4339/3960 3362/4343/3964
f 3362/4343/3964 3358/4339/3960 3360/4341/3962
f 3378/4365/3980 3368/4372/3970 3385/4376/3987
f 3385/4376/3987 3368/4372/3970 3366/4375/3968
f 3379/4366/3981 3378/4365/3980 3390/4381/3992
f 3390/4381/3992 3378/4365/3980 3385/4376/3987
f 3379/4366/3981 3390/4381/3992 3383/4370/3985
f 3383/4370/3985 3390/4381/3992 3392/4383/3994
f 3383/4370/3985 3392/4383/3994 3361/4342/3963
f 3361/4342/3963 3392/4383/3994 3405/4396/4007
f 3361/4342/3963 3405/4396/4007 3363/4344/3965
f 3363/4344/3965 3405/4396/4007 3364/4400/3966
f 3364/4345/3966 3366/4347/3968 3363/4349/3965
f 3363/4349/3965 3366/4347/3968 3368/4350/3970
f 3395/4386/3997 3393/4384/3995 3389/4380/3991
f 3389/4380/3991 3393/4384/3995 3391/4382/3993
f 3393/4384/3995 3395/4386/3997 3406/4397/4008
f 3406/4397/4008 3395/4386/3997 3404/4395/4006
f 3406/4397/4008 3404/4395/4006 3365/4401/3967
f 3365/4401/3967 3404/4395/4006 3407/4398/4009
f 3365/4346/3967 3407/4423/4009 3367/4348/3969
f 3367/4348/3969 3407/4423/4009 3410/4424/4012
f 3384/4374/3986 3367/4373/3969 3388/4379/3990
f 3388/4379/3990 3367/4373/3969 3410/4403/4012
f 3388/4379/3990 3389/4380/3991 3384/4374/3986
f 3384/4374/3986 3389/4380/3991 3391/4382/3993
f 3372/4357/3974 3375/4362/3977 3373/4358/3975
f 3373/4358/3975 3375/4362/3977 3374/4361/3976
f 3285/4330/3887 3357/4353/3959 3352/4331/3953
f 3352/4331/3953 3357/4353/3959 3370/4355/3972
f 3373/4358/3975 3353/4332/3954 3370/4360/3972
f 3370/4360/3972 3353/4332/3954 3352/4333/3953
f 3354/4334/3955 3353/4332/3954 3374/4361/3976
f 3374/4361/3976 3353/4332/3954 3373/4358/3975
f 3374/4361/3976 3376/4363/3978 3354/4334/3955
f 3354/4334/3955 3376/4363/3978 3355/4335/3956
f 3284/4238/3957 3355/4335/3956 3356/4336/3958
f 3356/4336/3958 3355/4335/3956 3376/4363/3978
