# Blender 5.0.1
# www.blender.org
mtllib crashCharacterPiernaDerecho.mtl
g 01.004_Mesh
v -0.065269 0.013223 -0.100142
v -0.181596 -0.491447 0.032143
v -0.046641 0.023712 0.105604
v -0.197761 -0.496516 0.075845
v -0.216660 -0.497431 -0.095212
v -0.195358 -0.499953 -0.042525
v 0.000178 0.022696 -0.098829
v 0.000178 -0.011503 -0.093775
v 0.000178 0.077474 -0.086215
v -0.041520 0.080872 -0.079172
v -0.073042 0.089121 -0.061518
v -0.104722 0.031086 -0.072597
v -0.138107 -0.038928 -0.054782
v -0.115379 -0.055006 -0.069395
v -0.049622 -0.029496 -0.097009
v -0.095331 -0.071027 -0.071574
v -0.196520 -0.497762 0.058031
v -0.185045 -0.497250 0.068480
v -0.167417 -0.499105 0.053429
v -0.184688 -0.555069 0.017072
v -0.198163 -0.549616 0.016154
v -0.197375 -0.494030 0.027821
v -0.211264 -0.497125 0.047627
v -0.152257 -0.500808 0.037894
v -0.166435 -0.494971 0.022004
v -0.172991 -0.550694 0.012683
v 0.000178 0.003650 0.107977
v 0.000178 0.034040 0.114820
v 0.000178 0.072200 0.112150
v -0.089987 0.039896 0.091596
v -0.063732 0.083879 0.086286
v -0.030615 0.075413 0.104045
v -0.039047 -0.008379 0.101258
v -0.208996 -0.496105 0.068906
v -0.198759 -0.493753 0.093473
v -0.175225 -0.495799 0.084624
v -0.220751 -0.492991 0.086970
v -0.230543 -0.497664 -0.081683
v -0.212234 -0.500159 -0.071046
v -0.200537 -0.500029 -0.092399
v -0.223400 -0.481678 -0.113853
v -0.247154 -0.478563 -0.096666
v -0.197121 -0.484546 -0.118530
v -0.174684 -0.500476 -0.037928
v -0.158229 -0.505083 -0.051139
v -0.179601 -0.504701 -0.064271
v -0.197785 -0.502561 -0.068454
v -0.214919 -0.502610 -0.051998
v -0.210417 -0.498568 -0.023988
v -0.209152 -0.549264 -0.024668
v -0.196085 -0.550926 -0.036187
v -0.228619 -0.500954 -0.027891
v -0.180938 -0.550957 -0.034321
v -0.088808 0.090528 0.062538
v -0.104484 0.093980 0.032644
v -0.107381 0.094775 -0.001443
v -0.132094 0.049210 0.032980
v -0.132990 0.046383 -0.004747
v -0.121962 0.039960 -0.040003
v -0.096007 0.093126 -0.033653
v -0.160867 -0.023505 -0.001413
v -0.152582 -0.028628 -0.031892
v -0.187448 -0.096720 0.000191
v -0.180283 -0.099378 -0.026743
v -0.167281 -0.103979 -0.049221
v -0.204952 -0.171104 -0.025542
v -0.192452 -0.173780 -0.048141
v -0.173050 -0.178644 -0.065522
v -0.146612 -0.111552 -0.064361
v -0.148072 -0.185705 -0.071892
v -0.122054 -0.120992 -0.069125
v -0.123839 -0.193143 -0.065797
v -0.099249 -0.130535 -0.062183
v -0.074578 -0.085797 -0.061903
v -0.080653 -0.140394 -0.049498
v -0.057514 -0.099579 -0.048281
v -0.028975 -0.075413 -0.052691
v -0.038092 -0.056716 -0.076055
v 0.000178 -0.069929 -0.056847
v 0.000178 -0.044637 -0.078798
v 0.000178 -0.052129 0.070885
v 0.000178 -0.030260 0.091167
v -0.023177 -0.058422 0.069463
v -0.030301 -0.036711 0.088281
v -0.048780 -0.086445 0.075042
v -0.064979 -0.071560 0.090498
v -0.085476 -0.056256 0.098115
v -0.093371 -0.125989 0.094483
v -0.116393 -0.117232 0.100855
v -0.140082 -0.109606 0.096480
v -0.101278 -0.043793 0.097855
v -0.161655 -0.103327 0.081144
v -0.132388 -0.033156 0.083872
v -0.177562 -0.099131 0.058786
v -0.150568 -0.026657 0.061381
v -0.117859 0.046979 0.065482
v -0.160653 -0.023128 0.031858
v -0.186979 -0.096606 0.030565
v -0.202699 -0.172712 0.057716
v -0.211523 -0.170502 0.030147
v -0.212082 -0.169916 0.000637
v -0.235513 -0.248594 0.027508
v -0.234615 -0.247044 -0.001763
v -0.227523 -0.246654 -0.027728
v -0.254347 -0.326702 -0.013327
v -0.245854 -0.324624 -0.040566
v -0.231470 -0.322872 -0.064603
v -0.214791 -0.247388 -0.050484
v -0.209889 -0.322427 -0.083096
v -0.194838 -0.250286 -0.066857
v -0.181966 -0.325017 -0.089828
v -0.169916 -0.255733 -0.072505
v -0.155114 -0.330068 -0.082776
v -0.146026 -0.261675 -0.067028
v -0.133755 -0.335726 -0.067453
v -0.126907 -0.267568 -0.053441
v -0.104304 -0.200006 -0.052886
v -0.111579 -0.272835 -0.034944
v -0.088265 -0.206961 -0.034945
v -0.065137 -0.150153 -0.033016
v -0.076776 -0.212434 -0.011137
v -0.053901 -0.157016 -0.011682
v -0.032439 -0.122219 -0.013488
v -0.043290 -0.112261 -0.033101
v -0.015072 -0.102237 -0.014385
v -0.021316 -0.090478 -0.033707
v 0.000178 -0.096875 -0.015379
v 0.000178 -0.085427 -0.035778
v 0.000178 -0.089257 0.032012
v 0.000178 -0.071478 0.051139
v -0.013254 -0.094427 0.032389
v -0.016981 -0.077461 0.051477
v -0.030617 -0.115399 0.035448
v -0.037374 -0.101588 0.055733
v -0.052459 -0.153579 0.038989
v -0.061276 -0.145068 0.061385
v -0.074524 -0.135574 0.080079
v -0.085861 -0.206128 0.066459
v -0.100021 -0.200168 0.085226
v -0.119315 -0.193486 0.099523
v -0.121367 -0.277924 0.088664
v -0.141795 -0.273332 0.105344
v -0.169343 -0.266987 0.109856
v -0.143893 -0.186413 0.104518
v -0.195381 -0.260403 0.099976
v -0.168432 -0.180255 0.096871
v -0.214440 -0.255345 0.079738
v -0.188230 -0.175852 0.080327
v -0.227719 -0.251587 0.055597
v -0.232775 -0.335981 0.074666
v -0.246940 -0.332533 0.048758
v -0.255240 -0.329283 0.018480
v -0.264017 -0.395293 0.046826
v -0.272655 -0.393593 0.011316
v -0.269998 -0.391943 -0.025507
v -0.285898 -0.425230 0.007864
v -0.282620 -0.423764 -0.033818
v -0.270673 -0.422623 -0.068670
v -0.258553 -0.390065 -0.056949
v -0.251546 -0.422242 -0.098378
v -0.241483 -0.388008 -0.082654
v -0.224635 -0.423435 -0.117877
v -0.217859 -0.387597 -0.100779
v -0.192275 -0.426516 -0.124764
v -0.188886 -0.389922 -0.107662
v -0.160269 -0.431659 -0.114637
v -0.160789 -0.395261 -0.100337
v -0.135704 -0.437510 -0.095523
v -0.137562 -0.401085 -0.084175
v -0.116322 -0.442566 -0.071050
v -0.118581 -0.406141 -0.062323
v -0.117306 -0.341508 -0.047091
v -0.104836 -0.410647 -0.033936
v -0.106221 -0.347022 -0.021459
v -0.100216 -0.277774 -0.011267
v -0.103169 -0.351422 0.007501
v -0.095457 -0.280959 0.015987
v -0.073011 -0.213773 0.016398
v -0.098890 -0.281739 0.043767
v -0.076262 -0.211296 0.043107
v -0.049219 -0.158526 0.013684
v -0.027865 -0.123975 0.011321
v -0.009665 -0.107534 0.009869
v 0.000178 -0.105429 0.010160
v -0.107661 -0.280651 0.067707
v -0.108846 -0.354281 0.036234
v -0.119327 -0.354879 0.061227
v -0.135040 -0.353563 0.083326
v -0.118643 -0.414814 0.059663
v -0.135784 -0.412326 0.085472
v -0.160715 -0.408009 0.105456
v -0.157105 -0.350030 0.099968
v -0.193373 -0.403022 0.111028
v -0.185398 -0.345185 0.103899
v -0.224429 -0.399143 0.101352
v -0.212652 -0.340021 0.095228
v -0.248204 -0.396958 0.077263
v -0.230307 -0.433327 0.108441
v -0.258099 -0.429735 0.081937
v -0.275907 -0.427220 0.047806
v -0.256939 -0.453482 0.080624
v -0.275245 -0.451156 0.046342
v -0.285981 -0.450044 0.006071
v -0.270717 -0.472256 0.044442
v -0.280272 -0.473184 0.004703
v -0.277959 -0.474704 -0.035592
v -0.282992 -0.449808 -0.036226
v -0.266101 -0.476873 -0.070770
v -0.271090 -0.450352 -0.071824
v -0.251718 -0.451655 -0.100792
v -0.225048 -0.453693 -0.118870
v -0.194770 -0.456304 -0.124939
v -0.169347 -0.487231 -0.110750
v -0.163648 -0.459731 -0.115949
v -0.145843 -0.488475 -0.094024
v -0.140083 -0.462602 -0.095982
v -0.125707 -0.489657 -0.070464
v -0.121098 -0.465364 -0.071163
v -0.112046 -0.489458 -0.039563
v -0.106918 -0.467964 -0.040591
v -0.102161 -0.446258 -0.040137
v -0.101287 -0.469462 -0.005992
v -0.097808 -0.448156 -0.004626
v -0.101010 -0.413849 -0.000860
v -0.103886 -0.448393 0.029427
v -0.107018 -0.415133 0.030875
v -0.116298 -0.447235 0.059552
v -0.107423 -0.468762 0.027758
v -0.120027 -0.467105 0.056836
v -0.137481 -0.465429 0.083502
v -0.134012 -0.444708 0.087020
v -0.163712 -0.463509 0.105920
v -0.160735 -0.441561 0.109630
v -0.197706 -0.459642 0.112503
v -0.196328 -0.437262 0.117731
v -0.228776 -0.457173 0.104297
v -0.198902 -0.477852 0.107244
v -0.225895 -0.474799 0.097585
v -0.251955 -0.473452 0.077215
v -0.240558 -0.494245 0.068446
v -0.255509 -0.493223 0.038706
v -0.220956 -0.495375 0.054785
v -0.231310 -0.496947 0.031073
v -0.236886 -0.498684 0.002189
v -0.262488 -0.494198 0.003252
v -0.235422 -0.499283 -0.027644
v -0.258414 -0.496320 -0.031878
v -0.226168 -0.499391 -0.052294
v -0.246525 -0.496781 -0.061137
v -0.232789 -0.497297 0.000688
v -0.225522 -0.496423 0.028422
v -0.209545 -0.495646 0.015778
v -0.214157 -0.496123 -0.003196
v -0.209129 -0.548321 0.007114
v -0.213510 -0.548215 -0.007741
v -0.209111 -0.581377 0.003221
v -0.213835 -0.581707 -0.009608
v -0.209355 -0.582268 -0.024730
v -0.196863 -0.582790 -0.034588
v -0.183132 -0.582957 -0.032443
v -0.173913 -0.582843 -0.023280
v -0.169956 -0.550095 -0.024242
v -0.170448 -0.582568 -0.012271
v -0.164448 -0.550048 -0.011379
v -0.156272 -0.497207 -0.008608
v -0.162520 -0.498389 -0.024849
v -0.136851 -0.503948 -0.007918
v -0.143843 -0.504935 -0.031851
v -0.126220 -0.502562 -0.006570
v -0.131873 -0.503425 -0.034153
v -0.144638 -0.503125 -0.059158
v -0.164067 -0.502149 -0.076937
v -0.183527 -0.501219 -0.086947
v -0.107988 -0.489295 -0.005981
v -0.129489 -0.501058 0.021321
v -0.113940 -0.487661 0.025930
v -0.140164 -0.499796 0.046090
v -0.125879 -0.486151 0.053807
v -0.155578 -0.498350 0.067130
v -0.142653 -0.484236 0.079054
v -0.167844 -0.481466 0.099444
v -0.140536 -0.502553 0.017720
v -0.158207 -0.496785 0.008287
v -0.165224 -0.550230 0.001714
v -0.172326 -0.582199 -0.001697
v -0.178745 -0.581807 0.006769
v -0.187960 -0.581475 0.011808
v -0.199083 -0.581333 0.010041
v -0.067760 0.064027 -0.074878
v -0.084500 0.078528 -0.054393
v -0.081137 0.066804 -0.066866
v -0.170252 -0.769485 -0.082754
v -0.220139 -0.570589 0.012511
v -0.162886 -0.599981 0.018046
v -0.228286 -0.580414 -0.027922
v -0.162734 -0.691028 0.072841
v -0.283304 -0.685466 -0.017336
v -0.177620 -0.724479 -0.090371
v -0.364443 -0.660798 0.400083
v -0.278289 -0.658098 0.415942
v -0.289007 -0.773062 0.389823
v -0.354210 -0.769609 0.379549
v -0.164139 -0.593268 -0.041041
v -0.190640 -0.736847 -0.103051
v -0.212244 -0.774614 -0.039210
v -0.167430 -0.764170 -0.090133
v -0.186057 -0.767657 -0.094967
v -0.183013 -0.771853 -0.082714
v -0.163545 -0.771192 -0.068802
v -0.153002 -0.764358 -0.072546
v -0.177146 -0.773569 -0.065670
v -0.209429 -0.564669 0.013443
v -0.215560 -0.575452 0.031518
v -0.228766 -0.582156 0.021223
v -0.238102 -0.590841 0.005261
v -0.225242 -0.569648 -0.000313
v -0.211090 -0.562009 -0.004568
v -0.160443 -0.595334 0.005049
v -0.156262 -0.625303 0.007535
v -0.161548 -0.620443 0.025240
v -0.168288 -0.588639 0.024009
v -0.167590 -0.578015 0.006855
v -0.169283 -0.612547 0.038708
v -0.227365 -0.572623 -0.016492
v -0.240012 -0.599371 -0.013854
v -0.236415 -0.605363 -0.031366
v -0.227415 -0.607449 -0.047938
v -0.219154 -0.575641 -0.035795
v -0.214575 -0.563799 -0.020410
v -0.174368 -0.670995 0.085844
v -0.170751 -0.641752 0.056062
v -0.161552 -0.653500 0.041639
v -0.153217 -0.660994 0.017367
v -0.149283 -0.695814 0.026622
v -0.169383 -0.707644 0.135423
v -0.177118 -0.689829 0.136216
v -0.145455 -0.719882 0.029478
v -0.156299 -0.721332 0.075951
v -0.164471 -0.728231 0.135080
v -0.276757 -0.663547 0.004676
v -0.310914 -0.683161 0.034333
v -0.318718 -0.702002 0.026750
v -0.323586 -0.721851 0.023410
v -0.293608 -0.717468 -0.022041
v -0.268771 -0.717060 -0.053203
v -0.260632 -0.689929 -0.051557
v -0.240010 -0.647409 -0.052637
v -0.250409 -0.642790 -0.030070
v -0.251337 -0.630891 -0.009920
v -0.157068 -0.723306 -0.070637
v -0.158691 -0.692995 -0.065720
v -0.175368 -0.691707 -0.082537
v -0.196158 -0.690779 -0.089121
v -0.200087 -0.720969 -0.094143
v -0.166521 -0.743517 -0.095419
v -0.150287 -0.739161 -0.074761
v -0.188406 -0.748015 -0.105829
v -0.205502 -0.735652 -0.102994
v -0.373148 -0.681091 0.406963
v -0.393955 -0.670837 0.374629
v -0.371419 -0.649022 0.373339
v -0.340140 -0.655223 0.409643
v -0.344375 -0.684382 0.426977
v -0.336794 -0.633652 0.376650
v -0.305868 -0.654041 0.415835
v -0.296948 -0.633400 0.384327
v -0.263219 -0.648000 0.393693
v -0.244123 -0.671493 0.401744
v -0.273054 -0.678061 0.426620
v -0.309368 -0.682763 0.434326
v -0.279027 -0.773341 0.372417
v -0.301790 -0.773036 0.362701
v -0.309144 -0.772795 0.389389
v -0.311172 -0.772347 0.406904
v -0.283307 -0.772584 0.402036
v -0.263801 -0.772615 0.382932
v -0.364813 -0.768260 0.389694
v -0.339922 -0.770802 0.402945
v -0.334811 -0.771427 0.385691
v -0.355572 -0.769314 0.356422
v -0.376191 -0.766650 0.360710
v -0.329247 -0.771613 0.357063
v -0.170743 -0.582302 -0.045398
v -0.173536 -0.613598 -0.060058
v -0.162786 -0.617976 -0.048180
v -0.156580 -0.621882 -0.031031
v -0.161164 -0.590600 -0.027165
v -0.167447 -0.572549 -0.026595
v -0.207891 -0.749638 -0.106101
v -0.220197 -0.774569 -0.020327
v -0.203264 -0.775220 -0.016232
v -0.199525 -0.774788 -0.042278
v -0.219593 -0.773634 -0.049440
v -0.234937 -0.773184 -0.027950
v -0.205052 -0.774226 -0.058646
v -0.213168 -0.772601 -0.070952
v -0.229885 -0.772155 -0.058098
v -0.185663 -0.774944 -0.041816
v -0.191158 -0.774241 -0.062514
v -0.197292 -0.772602 -0.078239
v -0.202684 -0.769320 -0.091890
v -0.221622 -0.769798 -0.083721
v -0.206052 -0.761593 -0.102313
v -0.227506 -0.762286 -0.094431
v -0.248843 -0.761217 -0.077904
v -0.240592 -0.768897 -0.068618
v -0.270062 -0.759353 -0.053743
v -0.259966 -0.767321 -0.045612
v -0.247594 -0.771139 -0.036355
v -0.280338 -0.766485 -0.012597
v -0.266520 -0.770182 -0.004535
v -0.251530 -0.772610 0.003627
v -0.290386 -0.769573 0.043408
v -0.273701 -0.772068 0.051769
v -0.253001 -0.774002 0.060241
v -0.233926 -0.774312 0.011844
v -0.230300 -0.774911 0.067014
v -0.213610 -0.775079 0.017893
v -0.209497 -0.774580 0.070958
v -0.195265 -0.774830 0.021584
v -0.186734 -0.775050 -0.014821
v -0.179011 -0.773556 0.024344
v -0.170758 -0.773304 -0.013784
v -0.171252 -0.773877 -0.042580
v -0.156011 -0.769982 -0.012841
v -0.156956 -0.771343 -0.044186
v -0.143008 -0.763471 -0.012366
v -0.145227 -0.763890 -0.045754
v -0.134387 -0.751541 -0.012095
v -0.137288 -0.752071 -0.046930
v -0.148472 -0.753626 -0.074819
v -0.165109 -0.755184 -0.094200
v -0.139664 -0.738049 -0.046884
v -0.135931 -0.736795 -0.012300
v -0.140542 -0.720758 -0.012373
v -0.145033 -0.721985 -0.045597
v -0.144623 -0.696583 -0.011484
v -0.148133 -0.694606 -0.041468
v -0.150032 -0.661586 -0.011519
v -0.152835 -0.659009 -0.037070
v -0.160728 -0.655385 -0.057714
v -0.174315 -0.652360 -0.072689
v -0.191644 -0.650106 -0.080191
v -0.187018 -0.609892 -0.066235
v -0.201611 -0.607733 -0.066215
v -0.209890 -0.649014 -0.078005
v -0.180931 -0.577063 -0.049801
v -0.194692 -0.574426 -0.049763
v -0.207439 -0.574743 -0.044367
v -0.215997 -0.607301 -0.059367
v -0.178111 -0.563184 -0.027319
v -0.190600 -0.560720 -0.027494
v -0.202230 -0.561561 -0.024967
v -0.189067 -0.560696 -0.007818
v -0.199736 -0.559794 -0.006471
v -0.187163 -0.560878 0.012044
v -0.198739 -0.560735 0.013312
v -0.188749 -0.574323 0.036798
v -0.202599 -0.572919 0.036643
v -0.193427 -0.599631 0.053483
v -0.209326 -0.597192 0.051830
v -0.225092 -0.597913 0.044757
v -0.218623 -0.619537 0.068118
v -0.236097 -0.620263 0.058892
v -0.252691 -0.627415 0.044392
v -0.240044 -0.604741 0.030797
v -0.265416 -0.644014 0.025522
v -0.248235 -0.617350 0.011801
v -0.275475 -0.644894 0.071509
v -0.295733 -0.661153 0.053034
v -0.302589 -0.651277 0.111342
v -0.328123 -0.668709 0.097254
v -0.344582 -0.689569 0.088072
v -0.355047 -0.666356 0.153376
v -0.372000 -0.687225 0.147943
v -0.379422 -0.706811 0.145636
v -0.351672 -0.707029 0.084710
v -0.383436 -0.725182 0.144264
v -0.355570 -0.724688 0.082581
v -0.387158 -0.739875 0.142716
v -0.359874 -0.739122 0.080959
v -0.329357 -0.736561 0.020842
v -0.299509 -0.733512 -0.026000
v -0.356124 -0.752134 0.083181
v -0.328585 -0.751162 0.021866
v -0.300346 -0.748185 -0.026398
v -0.276125 -0.747407 -0.058876
v -0.274286 -0.732792 -0.057418
v -0.318094 -0.760262 0.027973
v -0.292688 -0.759801 -0.020809
v -0.304934 -0.766069 0.035432
v -0.344352 -0.759986 0.088913
v -0.330640 -0.765300 0.095284
v -0.315412 -0.768810 0.102224
v -0.353529 -0.764817 0.155488
v -0.337489 -0.767803 0.161553
v -0.316118 -0.770709 0.169405
v -0.296328 -0.771520 0.110304
v -0.289549 -0.773134 0.177692
v -0.272795 -0.773612 0.118625
v -0.261075 -0.774332 0.184114
v -0.247267 -0.774573 0.125182
v -0.235048 -0.774360 0.188178
v -0.224117 -0.774379 0.129053
v -0.215479 -0.773417 0.190773
v -0.206080 -0.773098 0.131365
v -0.192777 -0.773111 0.073731
v -0.190600 -0.770546 0.133196
v -0.177306 -0.770135 0.076035
v -0.163643 -0.770335 0.026898
v -0.162909 -0.764789 0.077996
v -0.149576 -0.763592 0.029116
v -0.152531 -0.754352 0.079108
v -0.140407 -0.751929 0.030375
v -0.151828 -0.739642 0.078116
v -0.141198 -0.736931 0.030090
v -0.164279 -0.757417 0.135921
v -0.160635 -0.743975 0.135883
v -0.171816 -0.760657 0.196532
v -0.166305 -0.747117 0.197360
v -0.169246 -0.731531 0.197107
v -0.172622 -0.747407 0.259354
v -0.174709 -0.730981 0.259035
v -0.174876 -0.710893 0.258129
v -0.171092 -0.712830 0.196543
v -0.181232 -0.688771 0.255445
v -0.178361 -0.692587 0.195031
v -0.197794 -0.665324 0.251268
v -0.194796 -0.670487 0.192657
v -0.192787 -0.669891 0.137580
v -0.188674 -0.655637 0.093970
v -0.219863 -0.650202 0.188809
v -0.215037 -0.653099 0.137403
v -0.207918 -0.643418 0.097090
v -0.200095 -0.623383 0.071076
v -0.183037 -0.630993 0.067030
v -0.242157 -0.643369 0.133594
v -0.230015 -0.637181 0.094293
v -0.273164 -0.642412 0.124304
v -0.253228 -0.637430 0.085395
v -0.253115 -0.637791 0.181960
v -0.291940 -0.637092 0.172104
v -0.327601 -0.647824 0.161928
v -0.307116 -0.627200 0.226760
v -0.347357 -0.640770 0.219065
v -0.377034 -0.661492 0.212385
v -0.363106 -0.637194 0.276838
v -0.393725 -0.658521 0.271842
v -0.412470 -0.681082 0.269270
v -0.394937 -0.683437 0.208248
v -0.418859 -0.703942 0.268866
v -0.402535 -0.704718 0.207044
v -0.422252 -0.723593 0.268356
v -0.406258 -0.724272 0.206119
v -0.426363 -0.738794 0.267199
v -0.410053 -0.739499 0.204635
v -0.418883 -0.750958 0.268165
v -0.402545 -0.751783 0.206597
v -0.381046 -0.752731 0.145057
v -0.388830 -0.758772 0.210539
v -0.368118 -0.760174 0.149979
v -0.373872 -0.763701 0.214907
v -0.404880 -0.757736 0.270407
v -0.389388 -0.762669 0.273111
v -0.372892 -0.765862 0.276306
v -0.357908 -0.766695 0.219708
v -0.347442 -0.769342 0.281113
v -0.333278 -0.770010 0.226741
v -0.316090 -0.772029 0.286844
v -0.304251 -0.772548 0.234106
v -0.283650 -0.773644 0.293306
v -0.272830 -0.774006 0.240933
v -0.254931 -0.773844 0.300225
v -0.244001 -0.774123 0.246269
v -0.234132 -0.773016 0.305805
v -0.223450 -0.773031 0.249915
v -0.218005 -0.771107 0.310128
v -0.207472 -0.770933 0.252747
v -0.199855 -0.771447 0.192873
v -0.192376 -0.767668 0.255499
v -0.184801 -0.767960 0.194825
v -0.175925 -0.766203 0.134824
v -0.179167 -0.760561 0.258021
v -0.203161 -0.767389 0.314109
v -0.190409 -0.759370 0.317618
v -0.183933 -0.745803 0.319379
v -0.208734 -0.759143 0.368525
v -0.203352 -0.745605 0.371172
v -0.205931 -0.730989 0.370096
v -0.185988 -0.729607 0.318779
v -0.204191 -0.712913 0.371421
v -0.185574 -0.709544 0.318529
v -0.207744 -0.688584 0.369800
v -0.190178 -0.686213 0.316604
v -0.222312 -0.664229 0.363148
v -0.206588 -0.661373 0.311346
v -0.247478 -0.639892 0.354103
v -0.234602 -0.638067 0.303303
v -0.225429 -0.642747 0.244939
v -0.274185 -0.621862 0.293589
v -0.263050 -0.628058 0.236095
v -0.320431 -0.621599 0.284212
v -0.285930 -0.623884 0.343685
v -0.330732 -0.623960 0.334704
v -0.371642 -0.639598 0.329527
v -0.401191 -0.661624 0.328126
v -0.406151 -0.694886 0.377281
v -0.418207 -0.684321 0.327461
v -0.408254 -0.715607 0.375756
v -0.423660 -0.708031 0.327724
v -0.415016 -0.729449 0.378008
v -0.426286 -0.725561 0.327699
v -0.419549 -0.743112 0.378666
v -0.431316 -0.740173 0.327508
v -0.413330 -0.753764 0.375976
v -0.423436 -0.751941 0.327059
v -0.401942 -0.759622 0.371704
v -0.410714 -0.758028 0.326651
v -0.389894 -0.763977 0.365875
v -0.396034 -0.762603 0.326087
v -0.378318 -0.765950 0.324942
v -0.353833 -0.769148 0.323501
v -0.323684 -0.771787 0.325807
v -0.293520 -0.773312 0.332551
v -0.266368 -0.773483 0.342329
v -0.248351 -0.772574 0.350128
v -0.253543 -0.771152 0.389736
v -0.234006 -0.770722 0.356883
v -0.243415 -0.767241 0.397647
v -0.220418 -0.766823 0.363083
v -0.235059 -0.760193 0.404712
v -0.271926 -0.769342 0.422485
v -0.266541 -0.762300 0.431718
v -0.263805 -0.750944 0.437356
v -0.230412 -0.748104 0.409629
v -0.265553 -0.737159 0.435299
v -0.233230 -0.734283 0.407713
v -0.269064 -0.722710 0.431195
v -0.234569 -0.717419 0.407307
v -0.270043 -0.703110 0.431715
v -0.235356 -0.695315 0.407604
v -0.307819 -0.726394 0.440931
v -0.309105 -0.707031 0.438804
v -0.347610 -0.726260 0.433970
v -0.346365 -0.707700 0.430965
v -0.382160 -0.722395 0.410808
v -0.378778 -0.703522 0.409486
v -0.351337 -0.737246 0.441943
v -0.389337 -0.733707 0.417150
v -0.352919 -0.750340 0.443090
v -0.391710 -0.746896 0.417911
v -0.351511 -0.761508 0.436966
v -0.387765 -0.757823 0.412782
v -0.347953 -0.767348 0.426077
v -0.380530 -0.764256 0.405011
v -0.344355 -0.769608 0.414485
v -0.372404 -0.766892 0.396417
v -0.310217 -0.771352 0.419954
v -0.309538 -0.769077 0.432769
v -0.278114 -0.771721 0.411577
v -0.308287 -0.763410 0.444309
v -0.307451 -0.752098 0.450949
v -0.307492 -0.738512 0.449219
v -0.179295 -0.605193 0.048538
v -0.176703 -0.579761 0.031737
v -0.176057 -0.566388 0.009559
v -0.178827 -0.565551 -0.008715
v -0.168801 -0.575173 -0.009845
v -0.158943 -0.593080 -0.011068
v -0.154412 -0.625095 -0.011774
v -0.250496 -0.733156 -0.081119
v -0.245253 -0.717892 -0.076308
v -0.252795 -0.748136 -0.082869
v -0.229815 -0.749208 -0.099382
v -0.226784 -0.733595 -0.096458
v -0.222337 -0.718698 -0.089553
v -0.218052 -0.690612 -0.085617
v -0.239730 -0.690633 -0.073186
v -0.226460 -0.648579 -0.068302
v -0.187370 -0.758757 -0.102304
v -0.194455 -0.503942 -0.038461
v -0.207805 -0.502960 -0.021983
v -0.182439 -0.494584 0.027336
v -0.195383 -0.497543 0.024022
v -0.169733 -0.498123 0.018910
v -0.206802 -0.500053 0.013946
v -0.211436 -0.500879 -0.003059
v -0.176551 -0.503962 -0.034084
v -0.153744 -0.510036 0.010265
v -0.157551 -0.511555 -0.026337
v -0.151018 -0.510449 -0.008483
v -0.223065 -0.506904 -0.002246
v -0.216727 -0.507690 0.018472
v -0.218624 -0.509914 -0.025306
v -0.171069 -0.513961 -0.040808
v -0.164267 -0.508735 0.024460
v -0.200790 -0.507809 0.030554
v -0.197845 -0.514037 -0.045921
v -0.182097 -0.506304 0.033107
v -0.162094 -0.500410 0.007004
v -0.165743 -0.502106 -0.022452
v -0.160182 -0.501028 -0.008001
v -0.181255 -0.503167 0.037915
v -0.198747 -0.510048 -0.049985
v -0.202782 -0.504295 0.034353
v -0.160969 -0.505583 0.027553
v -0.169202 -0.510475 -0.044652
v -0.221236 -0.505523 -0.027311
v -0.219469 -0.503283 0.020304
v -0.225785 -0.502148 -0.002384
v -0.147108 -0.506629 -0.009091
v -0.154328 -0.507838 -0.028734
v -0.149857 -0.506410 0.011547
v -0.269000 -0.394297 0.048763
v -0.277965 -0.392393 0.011814
v -0.275155 -0.390528 -0.026530
v -0.263235 -0.388443 -0.059189
v -0.245270 -0.386199 -0.086183
v -0.219951 -0.385756 -0.105545
v -0.188522 -0.388330 -0.112992
v -0.158234 -0.394193 -0.105069
v -0.133769 -0.400494 -0.088027
v -0.113973 -0.405950 -0.065214
v -0.099582 -0.410794 -0.035454
v -0.113875 -0.415354 0.062196
v -0.131764 -0.412827 0.089136
v -0.158358 -0.408266 0.110492
v -0.193593 -0.402846 0.116579
v -0.227183 -0.398572 0.106157
v -0.252516 -0.396143 0.080522
v -0.095563 -0.414222 -0.000705
v -0.101828 -0.415619 0.032393
v -0.181105 -0.508007 0.040375
v -0.200169 -0.514156 -0.053190
v -0.204987 -0.508507 0.037202
v -0.158700 -0.509941 0.029976
v -0.166991 -0.514630 -0.047538
v -0.225841 -0.508218 -0.028875
v -0.223708 -0.506223 0.022381
v -0.230830 -0.504242 -0.002029
v -0.143218 -0.510467 -0.009277
v -0.150868 -0.511697 -0.030400
v -0.146307 -0.510316 0.012987
vn -0.2347 0.3183 -0.9185
vn -0.0298 0.0992 -0.9946
vn -0.2624 0.0993 -0.9598
vn -0.6398 0.3111 -0.7027
vn -0.3696 -0.0195 -0.9290
vn 0.0918 -0.1965 -0.9762
vn 0.0002 -0.2836 -0.9589
vn 0.0536 -0.9634 0.2628
vn -0.0860 -0.9670 0.2399
vn -0.0484 -0.9970 -0.0603
vn -0.4169 -0.1708 0.8927
vn 0.0925 0.8774 0.4708
vn -0.3561 0.8614 0.3623
vn -0.0861 -0.9868 -0.1372
vn 0.0459 -0.9927 -0.1114
vn 0.6334 -0.2332 0.7379
vn 0.1484 -0.2197 0.9642
vn -0.4412 0.2939 0.8479
vn -0.1839 0.0228 0.9827
vn -0.3358 0.1211 0.9341
vn -0.2115 -0.0444 0.9764
vn -0.1150 -0.2960 0.9482
vn 0.0408 -0.2615 0.9643
vn -0.0516 -0.9928 0.1077
vn -0.0834 -0.9937 0.0744
vn 0.1520 -0.9195 0.3626
vn -0.0229 -0.9953 0.0942
vn -0.2359 -0.8370 0.4938
vn -0.1364 -0.8437 0.5193
vn -0.1363 -0.9867 -0.0891
vn -0.2333 -0.8920 -0.3873
vn -0.0419 -0.9504 -0.3082
vn -0.6410 -0.5035 -0.5793
vn -0.3080 -0.9119 -0.2712
vn -0.0216 -0.5768 -0.8166
vn -0.3588 -0.5047 -0.7852
vn 0.0414 -0.9172 -0.3962
vn 0.1029 -0.9905 0.0907
vn -0.1673 -0.9839 -0.0625
vn -0.1771 -0.9426 -0.2830
vn -0.4026 -0.8524 -0.3337
vn -0.8571 -0.0159 -0.5150
vn -0.0441 0.9328 -0.3578
vn -0.2918 -0.0747 -0.9536
vn -0.5761 -0.8166 -0.0358
vn 0.4237 -0.1140 -0.8986
vn 0.1543 0.8914 -0.4261
vn -0.8790 0.4339 0.1978
vn -0.8629 0.4888 -0.1286
vn -0.8933 0.4155 -0.1711
vn -0.7598 0.4311 -0.4868
vn -0.5414 0.3960 -0.7417
vn -0.8057 0.3900 -0.4459
vn -0.8373 0.3077 -0.4519
vn -0.6442 0.1961 -0.7393
vn -0.8668 0.2981 -0.3997
vn -0.9261 0.3477 -0.1467
vn -0.6893 0.2382 -0.6842
vn -0.7366 0.2407 -0.6321
vn -0.4324 0.1506 -0.8890
vn -0.3499 0.1328 -0.9273
vn 0.0001 0.0155 -0.9999
vn 0.0492 -0.0134 -0.9987
vn -0.0242 -0.2317 -0.9725
vn 0.3722 -0.1084 -0.9218
vn 0.3727 -0.1426 -0.9169
vn 0.2791 -0.3882 -0.8783
vn 0.4390 -0.3941 -0.8074
vn 0.2154 -0.7117 -0.6687
vn 0.1497 -0.6347 -0.7581
vn 0.0865 -0.7438 -0.6628
vn 0.1659 -0.5673 -0.8066
vn 0.2319 -0.4576 0.8584
vn 0.1167 -0.6771 0.7266
vn 0.0149 -0.5314 0.8470
vn 0.3969 -0.2041 0.8949
vn 0.3661 -0.5462 0.7534
vn 0.1300 -0.0641 0.9894
vn 0.0541 0.0256 0.9982
vn -0.1951 0.0765 0.9778
vn -0.5492 0.2225 0.8055
vn -0.3440 0.1598 0.9253
vn -0.4296 0.2782 0.8591
vn -0.8069 0.3078 0.5042
vn -0.6539 0.2425 0.7167
vn -0.7194 0.3978 0.5694
vn -0.8106 0.5204 0.2684
vn -0.6524 0.4673 0.5967
vn -0.8382 0.2927 0.4602
vn -0.9223 0.3460 0.1721
vn -0.9311 0.3223 0.1710
vn -0.8585 0.2772 0.4313
vn -0.9403 0.2967 0.1667
vn -0.9472 0.2975 -0.1198
vn -0.9364 0.3264 -0.1289
vn -0.9552 0.2666 -0.1286
vn -0.8918 0.2681 -0.3644
vn -0.8817 0.2857 -0.3754
vn -0.9552 0.2599 -0.1418
vn -0.8842 0.2729 -0.3790
vn -0.7299 0.2567 -0.6335
vn -0.4061 0.2057 -0.8904
vn -0.7401 0.2823 -0.6103
vn 0.0229 0.1175 -0.9928
vn -0.4283 0.2846 -0.8577
vn 0.4143 0.0179 -0.9100
vn 0.0361 0.2431 -0.9693
vn 0.6641 -0.0639 -0.7449
vn 0.4472 0.1702 -0.8781
vn 0.7572 -0.2795 -0.5904
vn 0.5931 -0.1925 -0.7818
vn 0.6912 -0.3320 -0.6419
vn 0.5435 -0.2306 -0.8071
vn 0.8285 -0.4288 -0.3601
vn 0.7196 -0.5587 -0.4124
vn 0.5778 -0.4394 -0.6878
vn 0.4722 -0.7588 -0.4486
vn 0.3374 -0.7062 -0.6225
vn 0.2280 -0.8718 -0.4335
vn 0.1185 -0.8239 -0.5542
vn 0.4635 -0.5693 0.6790
vn 0.2795 -0.7293 0.6245
vn 0.2205 -0.6817 0.6976
vn 0.6992 -0.3850 0.6024
vn 0.5198 -0.6404 0.5654
vn 0.5930 -0.3141 0.7414
vn 0.7706 -0.3074 0.5582
vn 0.7628 -0.4847 0.4281
vn 0.6335 -0.2194 0.7420
vn 0.6596 -0.1768 0.7306
vn 0.3950 -0.1108 0.9120
vn 0.7137 -0.1680 0.6801
vn 0.3867 -0.0750 0.9192
vn 0.3921 -0.0975 0.9148
vn -0.0306 0.0654 0.9974
vn -0.4371 0.1795 0.8813
vn -0.0984 0.0225 0.9949
vn -0.7057 0.2439 0.6652
vn -0.5248 0.1266 0.8418
vn -0.7741 0.1892 0.6041
vn -0.7765 0.1819 0.6033
vn -0.8913 0.2234 0.3946
vn -0.8986 0.2099 0.3853
vn -0.9568 0.2538 0.1415
vn -0.4764 0.8430 0.2498
vn -0.9620 0.2379 0.1337
vn -0.5162 0.8516 0.0913
vn -0.9899 0.1098 0.0896
vn -0.4964 0.8660 -0.0603
vn -0.9699 0.1449 -0.1958
vn -0.4429 0.8727 -0.2057
vn -0.4668 0.8843 0.0015
vn -0.3237 0.8885 -0.3253
vn -0.8861 0.1831 -0.4257
vn -0.4361 0.8933 -0.1086
vn -0.1039 0.8862 -0.4516
vn -0.7084 0.2015 -0.6764
vn -0.3622 0.9090 -0.2061
vn 0.1996 0.8512 -0.4853
vn -0.3853 0.1865 -0.9037
vn -0.1994 0.9211 -0.3343
vn 0.4346 0.7973 -0.4189
vn 0.0606 0.1400 -0.9883
vn 0.0505 0.9092 -0.4133
vn 0.5700 0.7489 -0.3381
vn 0.4660 0.0798 -0.8812
vn 0.5169 0.7819 -0.3485
vn 0.3087 0.8588 -0.4089
vn 0.8436 -0.0683 -0.5327
vn 0.6356 0.7224 -0.2725
vn 0.6975 0.1106 -0.7080
vn 0.6129 0.7484 -0.2533
vn 0.6594 0.7379 -0.1437
vn 0.8586 0.0619 -0.5089
vn 0.9676 0.0130 -0.2520
vn 0.9320 -0.1773 -0.3160
vn 0.8213 -0.1269 -0.5561
vn 0.9987 -0.0347 0.0365
vn 0.9761 -0.2147 -0.0331
vn 0.9331 -0.3596 -0.0027
vn 0.8843 -0.3453 -0.3143
vn 0.9019 -0.3239 0.2858
vn 0.8914 -0.4532 0.0044
vn 0.7760 -0.6288 0.0489
vn 0.8544 -0.3964 0.3360
vn 0.4978 -0.8617 0.0985
vn 0.2131 -0.9672 0.1386
vn 0.8039 -0.2617 0.5341
vn 0.9457 -0.2174 0.2414
vn 0.8728 -0.0830 0.4810
vn 0.8611 -0.2106 0.4627
vn 0.7138 -0.0723 0.6966
vn 0.6078 0.6861 0.3997
vn 0.4264 0.7177 0.5506
vn 0.3816 -0.0326 0.9237
vn 0.1129 0.7678 0.6307
vn -0.0793 0.0424 0.9959
vn -0.1835 0.8157 0.5486
vn -0.5044 0.1248 0.8544
vn -0.7983 0.0419 0.6009
vn -0.2503 0.7838 0.5683
vn -0.4463 0.8083 0.3840
vn -0.5481 0.8102 0.2075
vn -0.3657 0.8459 0.3882
vn -0.9250 -0.1359 0.3548
vn -0.9325 0.0667 0.3550
vn -0.6237 0.7773 0.0825
vn -0.8379 -0.4299 0.3362
vn -0.9891 -0.1211 0.0842
vn -0.8881 -0.4518 0.0848
vn -0.9780 -0.0829 -0.1916
vn -0.8987 -0.0623 -0.4342
vn -0.8871 -0.4388 -0.1434
vn -0.7102 -0.0771 -0.6998
vn -0.8000 -0.4680 -0.3754
vn -0.3973 -0.0799 -0.9142
vn 0.0343 -0.1058 -0.9938
vn 0.4410 -0.1324 -0.8877
vn 0.5183 -0.5911 -0.6181
vn 0.7021 -0.1539 -0.6953
vn 0.7112 0.0005 -0.7030
vn 0.6891 -0.5621 -0.4574
vn 0.8358 -0.1738 -0.5208
vn 0.7861 -0.5674 -0.2454
vn 0.9293 -0.2169 -0.2988
vn 0.9697 -0.2433 0.0221
vn 0.9512 -0.1052 -0.2901
vn 0.9927 -0.1177 0.0256
vn 0.7354 0.6722 -0.0859
vn 0.9487 -0.1411 0.2830
vn 0.7923 0.6098 0.0179
vn 0.7317 0.6428 0.2268
vn 0.7016 0.6786 0.2173
vn 0.7159 0.6941 0.0756
vn 0.8701 -0.1642 0.4647
vn 0.6986 0.6328 0.3340
vn 0.9562 -0.0690 0.2845
vn 0.6266 0.7029 0.3366
vn 0.8409 -0.2750 0.4661
vn 0.7047 -0.2916 0.6468
vn 0.7323 -0.1641 0.6610
vn 0.3993 -0.2936 0.8685
vn 0.4218 -0.1381 0.8961
vn 0.6605 0.6050 0.4446
vn -0.0628 -0.2577 0.9642
vn -0.0378 -0.0995 0.9943
vn 0.4731 0.6247 0.6212
vn -0.4581 -0.2763 0.8448
vn -0.4919 -0.0320 0.8701
vn 0.1233 0.6942 0.7091
vn -0.4295 -0.4635 0.7750
vn -0.6973 -0.4422 0.5641
vn -0.7791 -0.1780 0.6011
vn -0.3962 -0.8703 0.2925
vn -0.4619 -0.8630 0.2047
vn -0.0913 -0.9945 0.0507
vn -0.0280 -0.9981 0.0542
vn 0.0573 -0.9980 0.0259
vn -0.4888 -0.8702 0.0624
vn -0.4584 -0.8869 -0.0568
vn -0.3852 -0.9070 -0.1702
vn -0.1557 -0.9878 -0.0086
vn -0.1747 -0.9819 -0.0734
vn -0.6376 -0.7512 -0.1709
vn -0.3303 -0.9436 0.0218
vn -0.3821 -0.8824 0.2745
vn -0.4184 -0.9063 0.0603
vn -0.4011 -0.8825 0.2456
vn -0.8330 -0.0827 0.5471
vn -0.2701 0.9600 -0.0740
vn -0.9996 -0.0151 0.0243
vn -0.4719 0.8128 -0.3415
vn -0.7932 -0.0601 0.6059
vn -0.9993 0.0003 0.0362
vn -0.8328 -0.0044 -0.5536
vn 0.4459 -0.0772 -0.8918
vn -0.2544 -0.0424 -0.9662
vn 0.8468 -0.1118 -0.5201
vn 0.9839 -0.1627 -0.0734
vn 0.8152 -0.1326 -0.5638
vn 0.9720 -0.1696 -0.1624
vn 0.4330 0.8719 -0.2285
vn 0.4004 -0.9000 -0.1723
vn 0.0186 -0.9990 0.0396
vn 0.0394 -0.9961 0.0786
vn 0.2666 -0.9086 -0.3216
vn 0.3312 -0.9376 -0.1060
vn 0.4399 -0.8971 0.0424
vn 0.2456 -0.9447 -0.2172
vn 0.1513 -0.9495 -0.2750
vn 0.0461 -0.9542 -0.2955
vn 0.3228 -0.5919 -0.7385
vn 0.3763 -0.9265 0.0059
vn 0.3706 -0.9182 0.1398
vn 0.8149 -0.5773 0.0516
vn 0.7762 -0.5733 0.2624
vn 0.3034 -0.9255 0.2269
vn 0.7052 -0.5695 0.4223
vn 0.9226 -0.2608 0.2843
vn 0.2255 -0.9337 0.2782
vn 0.5765 -0.5785 0.5770
vn 0.3316 -0.5755 0.7475
vn -0.1088 -0.4456 0.8886
vn 0.3780 -0.8959 0.2336
vn 0.2186 -0.9346 0.2805
vn 0.0177 -0.9998 -0.0112
vn 0.9241 -0.2099 0.3194
vn 0.5957 0.7769 -0.2039
vn 0.4877 0.8703 0.0692
vn 0.4706 0.7388 0.4824
vn 0.8969 -0.2200 0.3836
vn 0.6273 -0.2410 0.7405
vn -0.3754 -0.1447 0.9155
vn 0.1595 -0.2122 0.9641
vn -0.5652 0.8225 0.0628
vn -0.2714 -0.9142 0.3010
vn 0.1048 -0.8045 -0.5846
vn 0.2912 -0.8970 -0.3326
vn 0.0774 -0.9687 -0.2358
vn 0.6661 -0.6538 -0.3589
vn 0.5085 -0.6370 -0.5793
vn 0.0963 -0.9908 -0.0950
vn 0.3212 -0.9322 -0.1669
vn -0.5049 0.6984 0.5073
vn -0.5500 0.7878 0.2772
vn -0.7330 0.6032 0.3144
vn -0.6504 0.7530 0.0999
vn -0.3528 0.9342 0.0525
vn -0.3944 0.8827 0.2556
vn 0.9754 0.1389 0.1713
vn 0.9262 0.2198 0.3062
vn 0.9289 0.1731 0.3273
vn 0.9494 0.2511 0.1887
vn 0.8601 0.3284 0.3903
vn 0.8381 0.2520 0.4838
vn -0.9173 0.3546 -0.1810
vn -0.7817 0.4813 -0.3965
vn -0.8668 0.3183 -0.3838
vn -0.7305 0.3600 -0.5803
vn -0.5883 0.5932 -0.5496
vn -0.7543 0.6303 -0.1836
vn 0.9251 0.1929 0.3271
vn 0.8400 0.4237 0.3390
vn 0.9341 0.2588 0.2458
vn 0.9673 0.1708 0.1877
vn 0.9448 0.3080 0.1116
vn 0.9607 0.2158 0.1748
vn 0.9518 0.2378 0.1938
vn -0.7024 0.6041 -0.3765
vn -0.7691 0.4333 -0.4699
vn -0.8004 0.3891 -0.4561
vn -0.7616 0.3639 -0.5363
vn -0.7055 0.3373 -0.6233
vn -0.7315 0.3051 -0.6098
vn -0.8342 0.4036 -0.3757
vn -0.7511 0.5919 -0.2923
vn 0.5247 0.1751 -0.8331
vn 0.7850 0.2907 -0.5471
vn 0.4326 0.3754 -0.8197
vn 0.0698 0.1901 -0.9793
vn 0.0100 0.3622 -0.9321
vn 0.5681 0.2104 -0.7956
vn 0.1727 0.3856 -0.9064
vn -0.7180 0.5645 0.4073
vn -0.5022 0.6254 0.5973
vn -0.5247 0.7824 0.3355
vn -0.3619 0.3509 0.8636
vn -0.5929 0.3670 0.7168
vn -0.2329 0.9049 0.3563
vn -0.2750 0.6944 0.6650
vn 0.0883 0.9101 0.4049
vn 0.2616 0.6506 0.7130
vn 0.4108 0.7748 0.4806
vn 0.5974 0.5150 0.6147
vn 0.3404 0.3881 0.8565
vn -0.0415 0.3654 0.9299
vn -0.0285 0.7010 0.7126
vn -0.0317 -0.9995 -0.0001
vn 0.0016 -0.9997 0.0230
vn -0.0339 -0.9994 0.0109
vn -0.0300 -0.9981 0.0532
vn 0.0261 -0.9983 0.0518
vn 0.0651 -0.9968 0.0452
vn 0.0097 -0.9998 0.0149
vn -0.0862 -0.9954 0.0412
vn -0.1080 -0.9942 -0.0001
vn -0.0735 -0.9973 0.0032
vn -0.1602 -0.9871 0.0016
vn -0.1418 -0.9898 0.0164
vn -0.0693 -0.9976 -0.0067
vn -0.1088 -0.9940 -0.0095
vn 0.6248 0.2551 -0.7379
vn 0.8814 0.2686 -0.3887
vn 0.8650 0.1731 -0.4710
vn 0.9705 0.1380 -0.1978
vn 0.9470 0.2787 -0.1595
vn 0.7175 0.4207 -0.5552
vn -0.1368 -0.0575 -0.9889
vn 0.2171 -0.0097 -0.9761
vn -0.0102 -0.9999 -0.0078
vn -0.0495 -0.9984 -0.0291
vn -0.0139 -0.9997 -0.0214
vn -0.1021 -0.9940 -0.0393
vn -0.0579 -0.9981 -0.0186
vn -0.0464 -0.9971 -0.0603
vn -0.0820 -0.9952 -0.0543
vn -0.0814 -0.9890 -0.1233
vn 0.0052 -0.9975 -0.0701
vn -0.0276 -0.9847 -0.1722
vn -0.0488 -0.9027 -0.4274
vn -0.1028 -0.5945 -0.7975
vn -0.1816 -0.9254 -0.3325
vn -0.3674 -0.6467 -0.6684
vn -0.5354 -0.6633 -0.5228
vn -0.2892 -0.9268 -0.2396
vn -0.1344 -0.9864 -0.0945
vn -0.5520 -0.7160 -0.4274
vn -0.3192 -0.9253 -0.2046
vn -0.2843 -0.9475 -0.1463
vn -0.1699 -0.9817 -0.0863
vn -0.1680 -0.9831 -0.0726
vn -0.1603 -0.9852 -0.0607
vn -0.1074 -0.9934 -0.0400
vn -0.1047 -0.9939 -0.0342
vn -0.0598 -0.9981 -0.0177
vn -0.0124 -0.9999 0.0003
vn -0.0114 -0.9999 0.0002
vn 0.0476 -0.9987 0.0162
vn 0.0432 -0.9989 0.0172
vn 0.0585 -0.9983 0.0017
vn 0.1383 -0.9897 0.0360
vn 0.1563 -0.9875 0.0220
vn 0.0365 -0.9993 -0.0109
vn 0.1262 -0.9919 -0.0165
vn 0.3607 -0.9317 -0.0419
vn 0.6855 -0.7180 -0.1208
vn 0.3474 -0.9374 0.0232
vn 0.9521 -0.2135 -0.2189
vn 0.6559 -0.7547 0.0140
vn 0.8538 -0.1720 -0.4914
vn 0.9373 0.2475 -0.2453
vn 0.8135 0.2849 -0.5069
vn 0.5877 -0.2415 -0.7722
vn 0.9695 -0.2450 0.0110
vn 0.9809 0.1947 0.0001
vn 0.9334 0.2255 -0.2792
vn 0.9572 0.1517 -0.2466
vn 0.9766 0.2151 -0.0089
vn 0.8219 0.1500 -0.5495
vn 0.9910 0.1338 0.0028
vn 0.9665 0.1437 -0.2126
vn 0.8510 0.1695 -0.4971
vn 0.5916 0.2137 -0.7774
vn 0.1607 0.2524 -0.9542
vn 0.2624 0.3407 -0.9028
vn -0.1768 0.3954 -0.9013
vn 0.3473 0.5965 -0.7236
vn -0.0790 0.6821 -0.7270
vn -0.3978 0.6632 -0.6340
vn 0.0399 0.9574 -0.2858
vn 0.2245 0.9745 -0.0051
vn -0.1998 0.9340 -0.2962
vn -0.0645 0.9976 -0.0241
vn -0.4094 0.8832 -0.2288
vn 0.2725 0.9298 0.2476
vn -0.1325 0.9532 0.2717
vn 0.3018 0.6829 0.6652
vn -0.1588 0.7493 0.6429
vn 0.2352 0.5247 0.8181
vn -0.1807 0.5967 0.7819
vn -0.1414 0.7379 0.6600
vn -0.5267 0.6074 0.5946
vn -0.4674 0.7573 0.4561
vn -0.7940 0.5390 0.2811
vn -0.8952 0.4454 -0.0161
vn -0.6909 0.7118 0.1264
vn -0.8897 0.4510 0.0705
vn -0.8777 0.4295 -0.2124
vn -0.7448 0.6550 -0.1274
vn -0.4613 0.8863 -0.0412
vn -0.5881 0.7736 -0.2357
vn -0.3537 0.9179 -0.1798
vn -0.5677 0.7710 -0.2887
vn -0.7799 0.5143 -0.3566
vn -0.7540 0.5430 -0.3696
vn -0.8460 0.3279 -0.4203
vn -0.8663 0.2756 -0.4167
vn -0.8810 0.2927 -0.3718
vn -0.8163 0.3387 -0.4680
vn -0.9077 -0.0013 -0.4196
vn -0.8975 0.2460 -0.3660
vn -0.8625 0.1622 -0.4793
vn -0.7975 0.2411 -0.5530
vn -0.7739 -0.4797 -0.4134
vn -0.7877 -0.3072 -0.5340
vn -0.7382 -0.2173 -0.6386
vn -0.5154 -0.7934 -0.3238
vn -0.4377 -0.8741 -0.2104
vn -0.3936 -0.9050 -0.1615
vn -0.2622 -0.9582 -0.1148
vn -0.2509 -0.9634 -0.0942
vn -0.2217 -0.9729 -0.0650
vn -0.1596 -0.9858 -0.0514
vn -0.1465 -0.9886 -0.0349
vn -0.1045 -0.9942 -0.0262
vn -0.0602 -0.9981 -0.0114
vn -0.1057 -0.9942 -0.0208
vn -0.0606 -0.9980 -0.0157
vn -0.0216 -0.9998 0.0003
vn -0.0151 -0.9999 -0.0000
vn 0.0230 -0.9997 0.0071
vn 0.0378 -0.9992 0.0091
vn 0.0858 -0.9962 0.0143
vn 0.1139 -0.9933 0.0184
vn 0.1303 -0.9908 0.0365
vn 0.2176 -0.9755 0.0313
vn 0.2599 -0.9637 0.0618
vn 0.3107 -0.9484 0.0637
vn 0.5255 -0.8433 0.1122
vn 0.6086 -0.7851 0.1146
vn 0.8978 -0.4018 0.1801
vn 0.9370 -0.3045 0.1714
vn 0.9749 0.1155 0.1904
vn 0.9724 0.1553 0.1744
vn 0.9914 -0.0044 0.1306
vn 0.9665 0.2289 0.1162
vn 0.9889 -0.1055 0.1045
vn 0.8190 -0.5628 0.1119
vn 0.9864 0.1424 0.0819
vn 0.9880 0.0728 0.1365
vn 0.9821 0.1506 0.1127
vn 0.9729 0.2249 0.0547
vn 0.8957 0.4397 0.0665
vn 0.8795 0.4750 0.0285
vn 0.7289 0.6843 0.0227
vn 0.7191 0.6949 0.0033
vn 0.8628 0.4900 0.1244
vn 0.6983 0.6969 0.1635
vn 0.4629 0.8754 0.1391
vn 0.3651 0.8055 0.4668
vn 0.6613 0.6188 0.4240
vn 0.2348 0.6344 0.7365
vn 0.0374 0.9274 0.3723
vn -0.2483 0.9497 0.1906
vn 0.1796 0.9821 0.0569
vn -0.1093 0.9923 -0.0585
vn 0.2105 0.9725 -0.0995
vn -0.0869 0.9815 -0.1708
vn -0.1160 0.9799 -0.1623
vn -0.3670 0.9003 -0.2341
vn -0.4060 0.8900 -0.2075
vn -0.5996 0.7413 -0.3015
vn -0.4459 0.8889 -0.1053
vn -0.6284 0.7364 -0.2506
vn -0.6614 0.7375 -0.1369
vn -0.8168 0.4956 -0.2955
vn -0.9169 0.2593 -0.3033
vn -0.8701 0.4657 -0.1614
vn -0.9632 0.2197 -0.1548
vn -0.9280 0.2271 -0.2954
vn -0.9790 -0.1339 -0.1540
vn -0.9433 -0.1496 -0.2962
vn -0.6691 -0.7363 -0.1013
vn -0.6422 -0.7425 -0.1907
vn -0.9267 -0.1011 -0.3618
vn -0.7144 -0.6245 -0.3155
vn -0.6733 -0.6977 -0.2446
vn -0.3629 -0.9273 -0.0921
vn -0.3644 -0.9232 -0.1219
vn -0.2354 -0.9705 -0.0522
vn -0.2432 -0.9693 -0.0361
vn -0.1592 -0.9870 -0.0215
vn -0.1505 -0.9882 -0.0297
vn -0.1086 -0.9940 -0.0131
vn -0.1059 -0.9942 -0.0171
vn -0.0667 -0.9978 -0.0062
vn -0.0654 -0.9978 -0.0061
vn -0.0641 -0.9979 -0.0089
vn -0.0279 -0.9996 0.0013
vn -0.0251 -0.9997 0.0015
vn 0.0227 -0.9997 0.0093
vn 0.0875 -0.9960 0.0186
vn 0.0153 -0.9998 0.0089
vn 0.1660 -0.9857 0.0283
vn 0.0754 -0.9969 0.0213
vn 0.1744 -0.9844 0.0235
vn 0.3584 -0.9326 0.0421
vn 0.4388 -0.8966 0.0598
vn 0.7460 -0.6609 0.0814
vn 0.3410 -0.9386 0.0518
vn 0.3654 -0.9248 0.1057
vn 0.7104 -0.6947 0.1126
vn 0.7075 -0.6772 0.2020
vn 0.9746 -0.1725 0.1428
vn 0.6655 -0.6665 0.3361
vn 0.9493 -0.1546 0.2737
vn 0.8781 -0.1127 0.4650
vn 0.8701 0.0418 0.4911
vn 0.9619 0.0527 0.2681
vn 0.8691 0.0171 0.4943
vn 0.9630 0.0939 0.2527
vn 0.8229 0.3498 0.4477
vn 0.8918 0.3981 0.2151
vn 0.6818 0.6379 0.3582
vn 0.7187 0.6784 0.1522
vn 0.4730 0.8426 0.2577
vn 0.4972 0.8637 0.0828
vn 0.5106 0.8594 -0.0256
vn 0.1935 0.9810 0.0119
vn 0.2133 0.9722 -0.0970
vn 0.5046 0.8625 -0.0391
vn 0.1554 0.9728 0.1716
vn -0.1600 0.9854 -0.0576
vn -0.1978 0.9749 0.1022
vn -0.4930 0.8671 0.0715
vn -0.7095 0.6994 0.0865
vn -0.9044 0.4128 0.1077
vn -0.9762 0.1809 0.1197
vn -0.8449 0.2462 0.4750
vn -0.9622 0.2186 -0.1624
vn -0.9631 0.2482 0.1044
vn -0.8480 0.2564 0.4639
vn -0.9891 -0.1302 0.0689
vn -0.8278 0.3832 0.4098
vn -0.6549 -0.7553 0.0261
vn -0.9086 -0.1149 0.4015
vn -0.3677 -0.9299 -0.0014
vn -0.6355 -0.7275 0.2585
vn -0.2558 -0.9659 0.0396
vn -0.2427 -0.9700 -0.0133
vn -0.3677 -0.9279 -0.0619
vn -0.1585 -0.9873 -0.0146
vn -0.1087 -0.9940 -0.0116
vn -0.0680 -0.9977 -0.0066
vn -0.0289 -0.9996 0.0013
vn 0.0157 -0.9998 0.0129
vn 0.0735 -0.9967 0.0334
vn 0.1688 -0.9825 0.0791
vn 0.1680 -0.9845 0.0505
vn 0.3401 -0.9068 0.2491
vn 0.3461 -0.9217 0.1752
vn 0.5659 -0.6788 0.4679
vn 0.3986 -0.6723 0.6238
vn 0.4842 -0.1592 0.8604
vn 0.7316 -0.1322 0.6687
vn 0.4413 0.2753 0.8541
vn 0.7044 0.1674 0.6898
vn 0.4041 0.1674 0.8993
vn 0.6808 0.0344 0.7316
vn 0.3632 0.1075 0.9255
vn 0.6618 0.2055 0.7210
vn -0.0068 0.1436 0.9896
vn -0.3150 0.4028 0.8594
vn -0.3741 0.1795 0.9098
vn -0.5991 0.4113 0.6870
vn -0.6419 0.1938 0.7419
vn -0.6190 0.4156 0.6664
vn -0.3676 -0.1886 0.9107
vn -0.6982 -0.1794 0.6930
vn -0.5365 -0.7051 0.4638
vn -0.1671 -0.9387 0.3015
vn -0.3326 -0.9216 0.2003
vn -0.3839 -0.9198 0.0810
vn -0.1101 -0.9871 0.1162
vn -0.1899 -0.9800 0.0591
vn -0.0251 -0.9916 0.1269
vn 0.0875 -0.9894 0.1159
vn 0.0077 -0.9458 0.3247
vn -0.3295 -0.6907 0.6437
vn 0.0282 -0.7309 0.6819
vn 0.2199 -0.9116 0.3473
vn 0.0620 -0.2021 0.9774
vn -0.3006 0.3707 0.8788
vn 0.0648 0.3594 0.9310
vn 0.0535 0.3638 0.9299
vn 0.1654 -0.9776 0.1303
vn 0.6320 0.4471 0.6330
vn 0.8469 0.2837 0.4498
vn 0.6289 0.3921 0.6713
vn 0.6713 0.4995 0.5476
vn 0.8633 0.4710 0.1811
vn 0.6311 0.7471 0.2089
vn 0.8197 0.5706 0.0501
vn 0.5591 0.8273 0.0542
vn 0.9531 0.3023 0.0126
vn 0.8074 0.5808 -0.1032
vn 0.9914 0.1307 0.0037
vn 0.4322 0.8743 -0.2208
vn -0.5981 0.3083 -0.7397
vn -0.7162 0.2846 -0.6373
vn -0.6572 -0.1426 -0.7401
vn -0.4431 -0.0844 -0.8925
vn -0.3272 0.3442 -0.8801
vn -0.1069 0.3792 -0.9191
vn -0.3705 0.3560 -0.8579
vn -0.5725 0.3278 -0.7515
vn -0.3279 0.2077 -0.9216
vn -0.5960 0.2429 -0.7654
vn -0.5953 0.2937 -0.7479
vn -0.7689 0.3227 -0.5520
vn -0.5232 0.3925 -0.7564
vn -0.2953 0.2697 -0.9165
vn 0.9702 0.1494 0.1907
vn 0.9873 0.1587 0.0074
vn 0.2110 -0.4550 -0.8651
vn 0.4202 0.1043 -0.9014
vn -0.0570 -0.9839 -0.1696
vn 0.0978 -0.9939 -0.0505
vn -0.6554 0.1766 -0.7343
vn -0.1852 -0.9820 -0.0367
vn -0.0739 -0.9968 0.0309
vn 0.3018 0.0270 0.9530
vn -0.0722 -0.9949 0.0705
vn -0.1861 -0.9821 0.0300
vn 0.9622 -0.2710 -0.0279
vn -0.1387 -0.9885 0.0604
vn -0.2822 -0.9577 0.0561
vn -0.9928 0.0233 0.1178
vn 0.0220 -0.9951 0.0966
vn -0.0056 -0.9993 0.0360
vn -0.5136 0.0653 0.8555
vn 0.0122 -0.9989 -0.0452
vn -0.9203 0.0390 -0.3894
vn 0.8019 -0.1744 -0.5715
vn 0.0246 -0.9964 -0.0815
vn -0.1481 -0.9872 -0.0586
vn -0.0812 -0.9927 0.0889
vn -0.1949 -0.9802 0.0364
vn -0.2037 -0.9550 0.2156
vn 0.0048 -0.9985 0.0553
vn 0.0537 -0.9379 0.3427
vn -0.0444 -0.9987 0.0253
vn -0.2514 0.3610 -0.8980
vn 0.8635 -0.2375 0.4449
vn -0.8429 0.0457 0.5361
vn -0.0263 -0.9741 0.2247
vn -0.1456 0.2213 -0.9643
vn -0.2498 0.0667 0.9660
vn -0.0650 -0.9692 -0.2376
vn -0.3245 -0.9442 0.0571
vt 0.766691 0.306405
vt 0.793499 0.320573
vt 0.772491 0.335359
vt 0.754722 0.335825
vt 0.761091 0.372484
vt 0.799052 0.332125
vt 0.782704 0.347172
vt 0.615213 0.070702
vt 0.605495 0.081718
vt 0.620460 0.082247
vt 0.787061 0.907709
vt 0.769394 0.899224
vt 0.771226 0.906927
vt 0.618933 0.090989
vt 0.629766 0.078571
vt 0.788261 0.894276
vt 0.789627 0.900779
vt 0.181646 0.316387
vt 0.163267 0.337588
vt 0.166160 0.313272
vt 0.147162 0.324040
vt 0.142170 0.335323
vt 0.156020 0.348941
vt 0.595791 0.076498
vt 0.595329 0.082979
vt 0.599556 0.067085
vt 0.602909 0.073483
vt 0.588644 0.082925
vt 0.591104 0.073768
vt 0.461234 0.839018
vt 0.451685 0.840764
vt 0.451870 0.834126
vt 0.451892 0.853945
vt 0.457492 0.846844
vt 0.442309 0.834353
vt 0.444905 0.844184
vt 0.466326 0.821220
vt 0.478589 0.816891
vt 0.478085 0.827951
vt 0.463928 0.830523
vt 0.474379 0.837525
vt 0.983739 0.629036
vt 0.997430 0.620274
vt 0.984302 0.620090
vt 0.487967 0.835615
vt 0.984520 0.612159
vt 0.997390 0.610078
vt 0.712860 0.333091
vt 0.726707 0.311200
vt 0.726891 0.334631
vt 0.739392 0.310504
vt 0.752874 0.308735
vt 0.740993 0.335381
vt 0.738048 0.367650
vt 0.749060 0.369488
vt 0.734330 0.402194
vt 0.725501 0.366694
vt 0.744383 0.403008
vt 0.740199 0.437252
vt 0.749971 0.437907
vt 0.754443 0.403938
vt 0.759656 0.438523
vt 0.764433 0.404983
vt 0.770342 0.375726
vt 0.769562 0.439229
vt 0.774627 0.406538
vt 0.780895 0.379729
vt 0.791765 0.384856
vt 0.800964 0.366703
vt 0.791526 0.357312
vt 0.811350 0.356193
vt 0.805051 0.344631
vt 0.147511 0.359626
vt 0.129596 0.359538
vt 0.135691 0.349059
vt 0.157830 0.382719
vt 0.138752 0.369033
vt 0.167882 0.379459
vt 0.171481 0.411843
vt 0.174651 0.376875
vt 0.188830 0.377436
vt 0.180651 0.411987
vt 0.182865 0.339861
vt 0.200051 0.377419
vt 0.190863 0.412219
vt 0.197700 0.341856
vt 0.211347 0.342706
vt 0.208872 0.318679
vt 0.195597 0.318112
vt 0.201556 0.412475
vt 0.212180 0.377317
vt 0.213297 0.412554
vt 0.711753 0.400228
vt 0.712798 0.366205
vt 0.202638 0.447661
vt 0.214146 0.447767
vt 0.719475 0.435455
vt 0.723372 0.401263
vt 0.714687 0.471134
vt 0.708125 0.434065
vt 0.725473 0.472378
vt 0.730156 0.436459
vt 0.710973 0.507984
vt 0.722236 0.509166
vt 0.735882 0.473337
vt 0.745795 0.474126
vt 0.733121 0.509889
vt 0.755677 0.474975
vt 0.743523 0.510340
vt 0.765634 0.475563
vt 0.753748 0.510716
vt 0.775756 0.476242
vt 0.764108 0.511006
vt 0.789741 0.441768
vt 0.779460 0.440228
vt 0.795388 0.412054
vt 0.785100 0.409057
vt 0.805188 0.414645
vt 0.811087 0.394190
vt 0.801779 0.389867
vt 0.817182 0.380056
vt 0.809351 0.374148
vt 0.822872 0.371514
vt 0.817114 0.364845
vt 0.130247 0.377233
vt 0.116300 0.377728
vt 0.122930 0.369239
vt 0.137187 0.392212
vt 0.122484 0.384586
vt 0.147473 0.386983
vt 0.142418 0.415227
vt 0.128233 0.397290
vt 0.152186 0.413274
vt 0.154576 0.445553
vt 0.162095 0.412104
vt 0.153570 0.481997
vt 0.163809 0.445705
vt 0.163060 0.482694
vt 0.172956 0.446144
vt 0.182298 0.446696
vt 0.172705 0.483354
vt 0.192054 0.447254
vt 0.182447 0.483836
vt 0.192755 0.484198
vt 0.191644 0.521240
vt 0.203612 0.484495
vt 0.203697 0.521910
vt 0.215216 0.484579
vt 0.202833 0.551087
vt 0.216498 0.522288
vt 0.217634 0.552922
vt 0.694076 0.535114
vt 0.698606 0.505963
vt 0.703292 0.469524
vt 0.692553 0.549181
vt 0.708433 0.537728
vt 0.708284 0.551721
vt 0.721405 0.539155
vt 0.732933 0.539796
vt 0.721645 0.553390
vt 0.743306 0.540196
vt 0.733501 0.554500
vt 0.753206 0.540563
vt 0.743564 0.555157
vt 0.763227 0.541016
vt 0.752971 0.555615
vt 0.773706 0.541314
vt 0.762974 0.555929
vt 0.784590 0.555782
vt 0.784713 0.541234
vt 0.774619 0.511380
vt 0.796594 0.540851
vt 0.785428 0.511865
vt 0.796844 0.512230
vt 0.797654 0.477561
vt 0.786364 0.476821
vt 0.808437 0.512254
vt 0.809053 0.478180
vt 0.811299 0.444704
vt 0.800493 0.443446
vt 0.821440 0.445499
vt 0.814809 0.416669
vt 0.819903 0.397071
vt 0.824298 0.418069
vt 0.825198 0.383615
vt 0.828898 0.399030
vt 0.828927 0.376271
vt 0.833812 0.386625
vt 0.145114 0.445692
vt 0.133877 0.480064
vt 0.134960 0.446081
vt 0.132565 0.417403
vt 0.138262 0.515772
vt 0.143908 0.481135
vt 0.149097 0.517389
vt 0.144202 0.543641
vt 0.155571 0.544521
vt 0.159524 0.518485
vt 0.166804 0.545631
vt 0.170007 0.519556
vt 0.177700 0.547108
vt 0.180591 0.520481
vt 0.187587 0.562068
vt 0.189602 0.549077
vt 0.199933 0.573321
vt 0.201512 0.564645
vt 0.217352 0.567576
vt 0.198148 0.580372
vt 0.215966 0.576979
vt 0.214156 0.584698
vt 0.707938 0.561115
vt 0.691310 0.566351
vt 0.691744 0.558487
vt 0.721749 0.563133
vt 0.707185 0.569075
vt 0.733735 0.564361
vt 0.721661 0.571365
vt 0.743917 0.565162
vt 0.733914 0.572517
vt 0.753062 0.565454
vt 0.744383 0.573385
vt 0.762882 0.565580
vt 0.753117 0.573549
vt 0.773534 0.572733
vt 0.773355 0.565395
vt 0.773403 0.556041
vt 0.785237 0.571863
vt 0.784848 0.564759
vt 0.797882 0.569979
vt 0.797250 0.563698
vt 0.809833 0.562306
vt 0.796720 0.555048
vt 0.809406 0.553954
vt 0.822229 0.552555
vt 0.809085 0.540041
vt 0.821568 0.538743
vt 0.129690 0.555595
vt 0.119602 0.540735
vt 0.132215 0.542506
vt 0.127334 0.513695
vt 0.128343 0.563522
vt 0.116859 0.554786
vt 0.140480 0.564230
vt 0.141891 0.556228
vt 0.152168 0.565226
vt 0.153444 0.557172
vt 0.163154 0.566339
vt 0.164612 0.558332
vt 0.173199 0.567944
vt 0.175127 0.559852
vt 0.171620 0.574383
vt 0.183627 0.577090
vt 0.185657 0.570203
vt 0.582593 0.096430
vt 0.589585 0.094821
vt 0.595015 0.109508
vt 0.587744 0.112935
vt 0.597235 0.092314
vt 0.603108 0.104948
vt 0.612444 0.117843
vt 0.605159 0.124482
vt 0.597993 0.129636
vt 0.481012 0.860846
vt 0.498514 0.855538
vt 0.497582 0.865143
vt 0.478587 0.869699
vt 0.496911 0.873662
vt 0.467313 0.854559
vt 0.483493 0.851925
vt 0.463074 0.862689
vt 0.471237 0.846107
vt 0.485733 0.843808
vt 0.498539 0.848340
vt 0.621310 0.099893
vt 0.618271 0.113451
vt 0.626759 0.108890
vt 0.498396 0.839181
vt 0.610392 0.101905
vt 0.787543 0.914874
vt 0.776411 0.923547
vt 0.789178 0.922282
vt 0.995920 0.631833
vt 0.982884 0.637678
vt 0.995229 0.642229
vt 0.803863 0.913674
vt 0.805257 0.920138
vt 0.966852 0.634681
vt 0.967559 0.627050
vt 0.968362 0.612655
vt 0.968129 0.619386
vt 0.968204 0.606343
vt 0.967714 0.600740
vt 0.984547 0.604475
vt 0.983716 0.597451
vt 0.997750 0.601378
vt 0.477469 0.801804
vt 0.489626 0.802313
vt 0.482843 0.808478
vt 0.470658 0.810673
vt 0.473141 0.795725
vt 0.486751 0.794606
vt 0.463295 0.805018
vt 0.456887 0.816046
vt 0.457884 0.800121
vt 0.449498 0.811423
vt 0.453495 0.826056
vt 0.444069 0.822783
vt 0.469262 0.789809
vt 0.484576 0.788458
vt 0.497564 0.784229
vt 0.482633 0.782534
vt 0.496940 0.778729
vt 0.822716 0.566788
vt 0.810425 0.568279
vt 0.624390 0.061684
vt 0.638287 0.056775
vt 0.623677 0.056185
vt 0.115804 0.563076
vt 0.127504 0.569715
vt 0.115372 0.569149
vt 0.611529 0.063190
vt 0.609351 0.057372
vt 0.139431 0.570244
vt 0.595890 0.062306
vt 0.151276 0.571153
vt 0.586478 0.071075
vt 0.162039 0.572539
vt 0.637274 0.069081
vt 0.626073 0.069014
vt 0.498105 0.799546
vt 0.498162 0.790828
vt 0.982227 0.591130
vt 0.997138 0.592912
vt 0.995201 0.584795
vt 0.776229 0.884015
vt 0.772804 0.890953
vt 0.966794 0.595593
vt 0.803755 0.897528
vt 0.789926 0.887873
vt 0.803065 0.907896
vt 0.802973 0.902506
vt 0.773697 0.914695
vt 0.606704 0.090564
vt 0.582879 0.082014
vt 0.822525 0.560756
vt 0.820017 0.511990
vt 0.860776 0.308816
vt 0.863983 0.313555
vt 0.860286 0.312652
vt 0.868909 0.316913
vt 0.865586 0.311371
vt 0.860690 0.318320
vt 0.865162 0.317968
vt 0.876530 0.971480
vt 0.873469 0.978746
vt 0.869641 0.973313
vt 0.870331 0.983063
vt 0.875672 0.986767
vt 0.878157 0.979963
vt 0.542412 0.122832
vt 0.541378 0.111365
vt 0.535930 0.118457
vt 0.547102 0.111448
vt 0.540308 0.105651
vt 0.531127 0.113029
vt 0.945342 0.240482
vt 0.939463 0.249205
vt 0.949683 0.246823
vt 0.951882 0.254188
vt 0.937931 0.254077
vt 0.934745 0.246223
vt 0.525301 0.129440
vt 0.504771 0.130213
vt 0.508311 0.140748
vt 0.526887 0.148723
vt 0.480980 0.140515
vt 0.523167 0.158235
vt 0.503952 0.153021
vt 0.977686 0.202936
vt 0.982491 0.226350
vt 0.986530 0.202695
vt 0.996114 0.223823
vt 0.997635 0.239992
vt 0.986402 0.242739
vt 0.964836 0.240684
vt 0.970422 0.221656
vt 0.574771 0.156770
vt 0.564966 0.169093
vt 0.576781 0.170450
vt 0.583571 0.156249
vt 0.586159 0.168563
vt 0.882488 0.308708
vt 0.869911 0.306509
vt 0.874051 0.298916
vt 0.865292 0.299378
vt 0.866681 0.291375
vt 0.842460 0.802736
vt 0.856840 0.797959
vt 0.852885 0.808340
vt 0.863776 0.783956
vt 0.851884 0.790717
vt 0.866637 0.811673
vt 0.866774 0.796806
vt 0.898857 0.544516
vt 0.909968 0.530739
vt 0.913734 0.541083
vt 0.924444 0.535373
vt 0.915279 0.523506
vt 0.903102 0.514744
vt 0.899172 0.528413
vt 0.837082 0.505089
vt 0.846086 0.514428
vt 0.837918 0.517330
vt 0.839944 0.524828
vt 0.850089 0.518377
vt 0.855118 0.508335
vt 0.847757 0.506098
vt 0.021809 0.790100
vt 0.027998 0.798976
vt 0.020066 0.797095
vt 0.037406 0.805293
vt 0.031785 0.794714
vt 0.018852 0.809025
vt 0.029560 0.808002
vt 0.571064 0.125293
vt 0.564671 0.116451
vt 0.564806 0.126070
vt 0.557580 0.125933
vt 0.559901 0.113782
vt 0.568052 0.112968
vt 0.858251 0.299941
vt 0.863448 0.302731
vt 0.006458 0.974473
vt 0.013252 0.982471
vt 0.008562 0.985465
vt 0.020741 0.974808
vt 0.013810 0.973801
vt 0.850170 0.318021
vt 0.844119 0.324932
vt 0.842676 0.319119
vt 0.849309 0.312254
vt 0.855701 0.318287
vt 0.850294 0.325622
vt 0.855545 0.312385
vt 0.855947 0.307551
vt 0.856918 0.303612
vt 0.849145 0.306508
vt 0.850069 0.301544
vt 0.839466 0.299766
vt 0.839411 0.306295
vt 0.840451 0.313218
vt 0.039259 0.980094
vt 0.029060 0.990137
vt 0.033284 0.978247
vt 0.023065 0.987528
vt 0.036687 0.962698
vt 0.026961 0.976363
vt 0.030094 0.961345
vt 0.033509 0.939566
vt 0.023071 0.960085
vt 0.025844 0.938252
vt 0.014982 0.959114
vt 0.006560 0.937401
vt 0.006037 0.959339
vt 0.851943 0.374498
vt 0.846275 0.352486
vt 0.854228 0.352887
vt 0.848825 0.337260
vt 0.855888 0.337432
vt 0.861118 0.353005
vt 0.862362 0.337426
vt 0.856263 0.326479
vt 0.861830 0.326507
vt 0.866946 0.325988
vt 0.871608 0.325194
vt 0.868223 0.337218
vt 0.876282 0.324120
vt 0.873645 0.336736
vt 0.872195 0.315387
vt 0.881202 0.322333
vt 0.876220 0.312705
vt 0.867672 0.309363
vt 0.879092 0.336067
vt 0.884618 0.335153
vt 0.887784 0.320009
vt 0.554410 0.155343
vt 0.539982 0.163327
vt 0.553558 0.166842
vt 0.565170 0.156443
vt 0.545788 0.139301
vt 0.556130 0.140780
vt 0.565020 0.141055
vt 0.573026 0.140804
vt 0.580413 0.140015
vt 0.576728 0.124029
vt 0.582205 0.122408
vt 0.572139 0.111263
vt 0.576834 0.109283
vt 0.581707 0.106559
vt 0.571982 0.099849
vt 0.939974 0.719114
vt 0.935133 0.726756
vt 0.935458 0.718887
vt 0.872085 0.992260
vt 0.879839 0.988969
vt 0.876276 0.995695
vt 0.928329 0.256279
vt 0.937462 0.259903
vt 0.940054 0.711258
vt 0.935505 0.710625
vt 0.882548 0.981346
vt 0.940794 0.700937
vt 0.935562 0.699988
vt 0.882184 0.970503
vt 0.943218 0.689465
vt 0.936908 0.688441
vt 0.877717 0.959183
vt 0.872644 0.947986
vt 0.870824 0.961671
vt 0.864444 0.950775
vt 0.862207 0.964961
vt 0.852908 0.969595
vt 0.854498 0.954366
vt 0.862364 0.977095
vt 0.844099 0.975792
vt 0.842634 0.958711
vt 0.856019 0.982747
vt 0.846802 0.937994
vt 0.833177 0.941735
vt 0.830567 0.963743
vt 0.841534 0.917086
vt 0.827002 0.918640
vt 0.819982 0.946148
vt 0.814398 0.892105
vt 0.815123 0.919717
vt 0.984260 0.175620
vt 0.970846 0.150817
vt 0.976596 0.177019
vt 0.991571 0.174411
vt 0.979206 0.148873
vt 0.994889 0.201607
vt 0.062098 0.917555
vt 0.071632 0.890436
vt 0.068332 0.918624
vt 0.058597 0.945104
vt 0.065071 0.946643
vt 0.054730 0.967513
vt 0.052759 0.943730
vt 0.048928 0.965958
vt 0.044882 0.981758
vt 0.043082 0.964334
vt 0.046752 0.942393
vt 0.050269 0.915490
vt 0.040312 0.940982
vt 0.043740 0.914455
vt 0.046282 0.888027
vt 0.036754 0.913383
vt 0.039152 0.887301
vt 0.028147 0.912287
vt 0.017708 0.911588
vt 0.029694 0.886401
vt 0.016532 0.937369
vt 0.005737 0.886257
vt 0.006611 0.911823
vt 0.849665 0.425762
vt 0.840092 0.400099
vt 0.850135 0.400056
vt 0.842902 0.374387
vt 0.858067 0.425464
vt 0.857955 0.399731
vt 0.859201 0.374406
vt 0.864751 0.399391
vt 0.865993 0.374180
vt 0.867623 0.353009
vt 0.872601 0.373850
vt 0.873969 0.352856
vt 0.878906 0.373442
vt 0.879939 0.352549
vt 0.885224 0.372903
vt 0.886079 0.352212
vt 0.893332 0.372215
vt 0.893382 0.351831
vt 0.891388 0.334027
vt 0.883772 0.398181
vt 0.890739 0.397805
vt 0.883948 0.424696
vt 0.877751 0.398613
vt 0.890680 0.424390
vt 0.891913 0.450878
vt 0.430739 0.129834
vt 0.453473 0.144298
vt 0.455525 0.136693
vt 0.479105 0.149188
vt 0.433880 0.120724
vt 0.458089 0.128062
vt 0.945794 0.595739
vt 0.962508 0.617109
vt 0.951200 0.619614
vt 0.965352 0.641515
vt 0.964479 0.663885
vt 0.954696 0.642769
vt 0.942873 0.644416
vt 0.945106 0.662650
vt 0.955089 0.662718
vt 0.944819 0.677163
vt 0.935376 0.663465
vt 0.936989 0.676884
vt 0.858800 0.935527
vt 0.869517 0.917005
vt 0.869480 0.934260
vt 0.855913 0.916345
vt 0.872478 0.896689
vt 0.856151 0.894461
vt 0.859222 0.871112
vt 0.840140 0.893085
vt 0.842084 0.868222
vt 0.825875 0.892372
vt 0.844984 0.844640
vt 0.827249 0.866350
vt 0.830413 0.841620
vt 0.815470 0.865132
vt 0.973009 0.122897
vt 0.957461 0.100284
vt 0.964119 0.125353
vt 0.974673 0.095583
vt 0.980920 0.121060
vt 0.067484 0.836801
vt 0.073915 0.862901
vt 0.067356 0.862831
vt 0.061760 0.837342
vt 0.061419 0.862790
vt 0.065263 0.889827
vt 0.056479 0.916556
vt 0.059334 0.889285
vt 0.054969 0.862632
vt 0.052927 0.888675
vt 0.048328 0.862396
vt 0.049006 0.838137
vt 0.042156 0.838311
vt 0.041422 0.862054
vt 0.031546 0.838541
vt 0.030796 0.861618
vt 0.018306 0.838813
vt 0.018301 0.861428
vt 0.018040 0.885855
vt 0.004278 0.838875
vt 0.004708 0.861684
vt 0.850138 0.450724
vt 0.837363 0.473701
vt 0.837654 0.450725
vt 0.838419 0.425919
vt 0.858967 0.450670
vt 0.849988 0.473995
vt 0.865828 0.450651
vt 0.859005 0.474440
vt 0.864807 0.425259
vt 0.871401 0.425052
vt 0.871403 0.399022
vt 0.877742 0.424881
vt 0.872373 0.450692
vt 0.872378 0.475184
vt 0.878700 0.450806
vt 0.878654 0.475646
vt 0.884857 0.450917
vt 0.875839 0.497023
vt 0.884870 0.476169
vt 0.881669 0.498344
vt 0.887714 0.499863
vt 0.891633 0.476768
vt 0.383779 0.117977
vt 0.403966 0.130864
vt 0.406311 0.122844
vt 0.428316 0.137864
vt 0.386475 0.108142
vt 0.409185 0.113368
vt 0.931833 0.551483
vt 0.950460 0.567636
vt 0.938853 0.571997
vt 0.957344 0.592377
vt 0.918666 0.557200
vt 0.924721 0.577134
vt 0.931595 0.600132
vt 0.907770 0.582672
vt 0.915559 0.605710
vt 0.938016 0.622839
vt 0.881356 0.850530
vt 0.877160 0.874271
vt 0.883101 0.829473
vt 0.862687 0.847869
vt 0.865063 0.828064
vt 0.848672 0.824492
vt 0.835298 0.819787
vt 0.824701 0.815411
vt 0.818677 0.838917
vt 0.962014 0.073988
vt 0.949556 0.055462
vt 0.952448 0.076867
vt 0.966778 0.097622
vt 0.968928 0.071977
vt 0.958011 0.053088
vt 0.063734 0.813397
vt 0.060662 0.791735
vt 0.069801 0.811639
vt 0.073857 0.836134
vt 0.058330 0.814754
vt 0.055548 0.795164
vt 0.053031 0.815961
vt 0.051310 0.797455
vt 0.042416 0.802625
vt 0.047263 0.817252
vt 0.055548 0.837798
vt 0.040426 0.818928
vt 0.030831 0.821152
vt 0.018421 0.822228
vt 0.006993 0.807949
vt 0.005303 0.821453
vt 0.849366 0.492398
vt 0.837007 0.491304
vt 0.857464 0.493618
vt 0.863857 0.494800
vt 0.865933 0.474807
vt 0.864966 0.511550
vt 0.869967 0.495884
vt 0.869758 0.513505
vt 0.861483 0.527348
vt 0.865593 0.530438
vt 0.874830 0.515904
vt 0.870339 0.534039
vt 0.880240 0.518464
vt 0.346711 0.111410
vt 0.362858 0.121277
vt 0.364548 0.114435
vt 0.381832 0.125215
vt 0.348907 0.103335
vt 0.366896 0.105392
vt 0.932677 0.528790
vt 0.942308 0.545870
vt 0.332699 0.099198
vt 0.921333 0.515186
vt 0.944825 0.018911
vt 0.928327 0.011711
vt 0.938476 0.023508
vt 0.876153 0.771050
vt 0.878235 0.781333
vt 0.952914 0.034858
vt 0.945518 0.038056
vt 0.846491 0.783045
vt 0.860513 0.774934
vt 0.834014 0.795858
vt 0.958594 0.032412
vt 0.964188 0.051184
vt 0.028736 0.772132
vt 0.047057 0.777177
vt 0.043589 0.781435
vt 0.040373 0.785079
vt 0.024986 0.781104
vt 0.037357 0.788499
vt 0.046855 0.799774
vt 0.023498 0.785563
vt 0.034489 0.791940
vt 0.009658 0.782802
vt 0.853484 0.521245
vt 0.845226 0.534971
vt 0.842583 0.529930
vt 0.026769 0.776628
vt 0.009819 0.777238
vt 0.010114 0.771698
vt 0.857461 0.524394
vt 0.848343 0.539729
vt 0.011277 0.766160
vt 0.852129 0.544196
vt 0.030904 0.767283
vt 0.013515 0.760913
vt 0.856874 0.548247
vt 0.937816 0.001702
vt 0.933858 0.006128
vt 0.345244 0.117822
vt 0.330198 0.106894
vt 0.327350 0.112412
vt 0.859957 0.509702
vt 0.882651 0.811681
vt 0.902063 0.562160
vt 0.930801 0.646937
vt 0.923581 0.627419
vt 0.955397 0.693018
vt 0.952760 0.678373
vt 0.960525 0.680458
vt 0.949436 0.691027
vt 0.951360 0.703358
vt 0.945932 0.702193
vt 0.950479 0.711458
vt 0.944762 0.711738
vt 0.950490 0.718525
vt 0.944678 0.718953
vt 0.555835 0.104707
vt 0.553521 0.112791
vt 0.548669 0.103773
vt 0.951225 0.725603
vt 0.549876 0.125096
vt 0.945403 0.726768
vt 0.057496 0.985670
vt 0.046616 0.996892
vt 0.050671 0.983509
vt 0.061789 0.969389
vt 0.040461 0.994901
vt 0.843361 0.286957
vt 0.851444 0.296865
vt 0.840824 0.293393
vt 0.034705 0.992697
vt 0.858149 0.285530
vt 0.861225 0.296194
vt 0.854333 0.291653
vt 0.847232 0.280228
vt 0.592453 0.155127
vt 0.595346 0.166460
vt 0.602407 0.153095
vt 0.605931 0.164022
vt 0.998972 0.253370
vt 0.987668 0.254938
vt 0.594971 0.136537
vt 0.968625 0.250376
vt 0.588132 0.120172
vt 0.587540 0.138634
vt 0.969963 0.258757
vt 0.567078 0.102311
vt 0.562810 0.106556
vt 0.952342 0.260705
vt 0.534412 0.135742
vt 0.542124 0.153350
vt 0.861951 0.305715
vt 0.009196 0.796035
vt 0.009916 0.788405
vt 0.880643 0.795650
vt 0.957655 0.234267
vt 0.520379 0.122313
vt 0.866645 0.988562
vt 0.638453 0.078033
vt 0.782457 0.300019
vt 0.154433 0.309178
vt 0.714329 0.310300
vt 0.820232 0.478532
vt 0.837031 0.378161
vt 0.763021 0.573297
vt 0.637945 0.062446
vt 0.805214 0.892574
vt 0.930478 0.251230
vt 0.482353 0.132473
vt 0.017668 0.985533
vt 0.576587 0.097663
vt 0.940105 0.727351
vt 0.986714 0.147292
vt 0.907885 0.505795
vt 0.949717 0.015596
vt 0.053411 0.998972
s 1
g off
g 01.004_Material.001
usemtl Material.001
f 10/1/1 7/2/2 1/3/3
f 12/4/4 10/1/1 1/3/3
f 14/5/5 12/4/4 1/3/3
f 8/6/6 1/3/3 7/2/2
f 15/7/7 14/5/5 1/3/3
f 19/8/8 17/9/9 733/10/10
f 21/11/11 2/12/12 22/13/13
f 17/9/9 735/14/14 733/10/10
f 736/15/15 19/8/8 733/10/10
f 26/16/16 2/12/12 20/17/17
f 31/18/18 3/19/19 32/20/20
f 28/21/21 32/20/20 3/19/19
f 27/22/22 3/19/19 33/23/23
f 17/9/9 4/24/24 34/25/25
f 36/26/26 4/24/24 18/27/27
f 37/28/28 4/24/24 35/29/29
f 39/30/30 5/31/31 40/32/32
f 42/33/33 5/31/31 38/34/34
f 43/35/35 5/31/31 41/36/36
f 46/37/37 737/38/38 734/39/39
f 47/40/40 734/39/39 48/41/41
f 50/42/42 6/43/43 51/44/44
f 738/45/45 48/41/41 734/39/39
f 53/46/46 6/43/43 44/47/47
f 57/48/48 56/49/49 58/50/50
f 60/51/51 58/50/50 56/49/49
f 11/52/52 59/53/53 60/51/51
f 62/54/54 58/50/50 59/53/53
f 13/55/55 59/53/53 12/4/4
f 64/56/56 61/57/57 62/54/54
f 65/58/58 62/54/54 13/55/55
f 67/59/59 64/56/56 65/58/58
f 68/60/60 65/58/58 69/61/61
f 13/55/55 69/61/61 65/58/58
f 70/62/62 69/61/61 71/63/63
f 16/64/64 69/61/61 14/5/5
f 72/65/65 71/63/63 73/66/66
f 74/67/67 71/63/63 16/64/64
f 76/68/68 73/66/66 74/67/67
f 77/69/69 74/67/67 78/70/70
f 16/64/64 78/70/70 74/67/67
f 79/71/71 78/70/70 80/72/72
f 15/7/7 80/72/72 78/70/70
f 84/73/73 81/74/74 82/75/75
f 33/23/23 82/75/75 27/22/22
f 86/76/76 83/77/77 84/73/73
f 87/78/78 84/73/73 33/23/23
f 89/79/79 86/76/76 87/78/78
f 91/80/80 89/79/79 87/78/78
f 33/23/23 91/80/80 87/78/78
f 93/81/81 90/82/82 91/80/80
f 30/83/83 91/80/80 3/19/19
f 95/84/84 92/85/85 93/81/81
f 96/86/86 93/81/81 30/83/83
f 57/87/48 95/84/84 96/86/86
f 55/88/87 96/86/86 54/89/88
f 30/83/83 54/89/88 96/86/86
f 94/90/89 97/91/90 98/92/91
f 61/57/57 98/93/91 97/94/90
f 58/50/50 97/94/90 57/48/48
f 99/95/92 98/92/91 100/96/93
f 101/97/94 98/93/91 63/98/95
f 103/99/96 100/100/93 101/97/94
f 104/101/97 101/97/94 66/102/98
f 63/98/95 66/102/98 101/97/94
f 105/103/99 104/101/97 106/104/100
f 108/105/101 106/104/100 104/101/97
f 66/102/98 108/105/101 104/101/97
f 110/106/102 107/107/103 108/105/101
f 67/59/59 110/106/102 108/105/101
f 112/108/104 109/109/105 110/106/102
f 68/60/60 112/108/104 110/106/102
f 114/110/106 111/111/107 112/108/104
f 70/62/62 114/110/106 112/108/104
f 116/112/108 113/113/109 114/110/106
f 72/65/65 116/112/108 114/110/106
f 119/114/110 116/112/108 117/115/111
f 120/116/112 117/115/111 75/117/113
f 72/65/65 75/117/113 117/115/111
f 122/118/114 119/114/110 120/116/112
f 123/119/115 120/116/112 124/120/116
f 75/117/113 124/120/116 120/116/112
f 125/121/117 124/120/116 126/122/118
f 76/68/68 126/122/118 124/120/116
f 127/123/119 126/122/118 128/124/120
f 77/69/69 128/124/120 126/122/118
f 132/125/121 129/126/122 130/127/123
f 83/77/77 130/127/123 81/74/74
f 134/128/124 131/129/125 132/125/121
f 85/130/126 132/125/121 83/77/77
f 136/131/127 133/132/128 134/128/124
f 137/133/129 134/128/124 85/130/126
f 139/134/130 136/131/127 137/133/129
f 88/135/131 139/134/130 137/133/129
f 85/130/126 88/135/131 137/133/129
f 141/136/132 140/137/133 142/138/134
f 144/139/135 142/138/134 140/137/133
f 89/79/79 140/137/133 88/135/131
f 146/140/136 143/141/137 144/139/135
f 90/82/82 144/139/135 89/79/79
f 148/142/138 145/143/139 146/140/136
f 92/85/85 146/140/136 90/82/82
f 99/95/92 147/144/140 148/142/138
f 94/90/89 148/142/138 92/85/85
f 150/145/141 149/146/142 151/147/143
f 102/148/144 151/147/143 149/146/142
f 100/96/93 149/146/142 99/95/92
f 153/149/145 152/150/146 154/151/147
f 105/103/99 154/152/147 152/153/146
f 103/99/96 152/153/146 102/154/144
f 156/155/148 716/156/149 157/157/150
f 717/158/151 157/157/150 716/156/149
f 106/104/100 155/156/152 105/103/99
f 718/159/153 158/160/154 717/158/151
f 107/107/103 159/158/155 106/104/100
f 719/161/156 160/162/157 718/159/153
f 109/109/105 161/159/158 107/107/103
f 720/163/159 162/164/160 719/161/156
f 111/111/107 163/161/161 109/109/105
f 721/165/162 164/166/163 720/163/159
f 113/113/109 165/163/164 111/111/107
f 722/167/165 166/168/166 721/165/162
f 113/113/109 169/167/167 167/165/168
f 170/169/169 722/167/165 723/170/170
f 115/171/171 171/170/172 169/167/167
f 173/172/173 172/173/174 174/174/175
f 175/175/176 172/173/174 118/176/177
f 115/171/171 118/176/177 172/173/174
f 176/177/178 175/175/176 177/178/179
f 178/179/180 175/175/176 121/180/181
f 118/176/177 121/180/181 175/175/176
f 180/181/182 177/178/179 178/179/180
f 181/182/183 180/181/182 178/179/180
f 121/180/181 181/182/183 178/179/180
f 182/183/184 135/184/185 181/182/183
f 122/118/114 182/183/184 181/182/183
f 183/185/186 133/186/128 182/183/184
f 123/119/115 183/185/186 182/183/184
f 184/187/187 131/188/125 183/185/186
f 127/123/119 183/185/186 125/121/117
f 138/189/188 179/190/189 180/191/182
f 135/192/185 138/189/188 180/191/182
f 187/193/190 179/190/189 185/194/191
f 188/195/192 185/194/191 141/136/132
f 139/134/130 185/194/191 138/189/188
f 190/196/193 187/193/190 188/195/192
f 191/197/194 188/195/192 192/198/195
f 141/136/132 192/198/195 188/195/192
f 193/199/196 192/198/195 194/200/197
f 142/138/134 194/200/197 192/198/195
f 195/201/198 194/200/197 196/202/199
f 145/143/139 194/200/197 143/141/137
f 150/145/141 195/201/198 196/202/199
f 147/144/140 196/202/199 145/143/139
f 199/203/200 729/201/201 730/204/202
f 714/149/203 199/203/200 730/204/202
f 151/147/143 197/204/204 150/145/141
f 202/205/205 199/203/200 200/206/206
f 156/207/148 202/205/205 200/206/206
f 715/151/207 200/206/206 714/149/203
f 204/208/208 203/209/209 205/210/210
f 207/211/211 205/212/210 203/213/209
f 157/157/150 203/213/209 156/155/148
f 209/214/212 206/215/213 207/211/211
f 158/160/154 207/211/211 157/157/150
f 210/216/214 208/217/215 209/214/212
f 160/162/157 209/214/212 158/160/154
f 211/218/216 42/219/33 210/216/214
f 162/164/160 210/216/214 160/162/157
f 212/220/217 41/221/36 211/218/216
f 164/166/163 211/218/216 162/164/160
f 214/222/218 43/223/35 212/220/217
f 166/168/166 212/220/217 164/166/163
f 215/224/219 214/222/218 216/225/220
f 168/226/221 214/222/218 166/168/166
f 217/227/222 216/225/220 218/228/223
f 168/226/221 218/228/223 216/225/220
f 219/229/224 218/228/223 220/230/225
f 170/169/169 220/230/225 218/228/223
f 222/231/226 221/232/227 223/233/228
f 724/172/229 223/233/228 221/232/227
f 723/170/170 221/232/227 170/169/169
f 225/234/230 731/235/231 732/236/232
f 176/177/178 226/236/233 224/235/234
f 174/174/175 224/235/234 173/172/173
f 227/237/235 732/238/232 725/239/236
f 186/240/237 189/239/238 226/238/233
f 229/241/239 225/242/230 227/237/235
f 230/243/240 227/237/235 231/244/241
f 725/239/236 231/244/241 227/237/235
f 232/245/242 231/244/241 233/246/243
f 726/196/244 233/246/243 231/244/241
f 234/247/245 233/246/243 235/248/246
f 727/197/247 235/248/246 233/246/243
f 236/249/248 235/248/246 198/250/249
f 728/199/250 198/250/249 235/248/246
f 238/251/251 234/247/245 236/249/248
f 239/252/252 236/249/248 201/253/253
f 198/250/249 201/253/253 236/249/248
f 37/28/28 239/254/252 240/255/254
f 241/256/255 239/254/252 204/257/208
f 201/253/253 204/208/208 239/252/252
f 242/258/256 241/256/255 243/259/257
f 244/260/258 241/256/255 245/261/259
f 205/262/210 241/256/255 204/257/208
f 247/263/260 244/264/258 245/265/259
f 206/266/213 245/265/259 205/267/210
f 249/268/261 246/269/262 247/263/260
f 208/270/215 247/263/260 206/266/213
f 38/34/34 248/271/263 249/268/261
f 42/33/33 249/268/261 208/270/215
f 52/272/264 248/271/263 48/41/41
f 39/30/30 48/41/41 248/271/263
f 250/273/265 246/269/262 52/272/264
f 739/274/266 250/275/265 740/276/267
f 52/272/264 740/277/267 250/273/265
f 251/278/268 244/260/258 250/275/265
f 254/279/269 253/280/270 255/281/271
f 49/282/272 255/283/271 253/284/270
f 256/285/273 255/281/271 257/286/274
f 50/42/42 257/287/274 255/283/271
f 51/44/44 258/288/275 50/42/42
f 51/44/44 260/289/276 259/290/277
f 53/46/46 261/291/278 260/289/276
f 263/292/279 262/293/280 264/294/281
f 266/295/282 264/294/281 262/293/280
f 44/47/47 262/293/280 53/46/46
f 268/296/283 741/297/284 742/298/285
f 45/299/286 742/298/285 737/38/38
f 270/300/287 267/301/288 268/296/283
f 271/302/289 268/296/283 45/299/286
f 45/299/286 272/303/290 271/302/289
f 217/304/222 270/300/287 271/302/289
f 215/305/219 271/302/289 272/303/290
f 46/37/37 273/306/291 272/303/290
f 213/307/292 272/303/290 273/306/291
f 47/40/40 40/32/32 273/306/291
f 43/35/35 273/306/291 40/32/32
f 219/308/224 269/309/293 270/300/287
f 275/310/294 274/311/295 276/312/296
f 222/231/226 276/313/296 274/314/295
f 219/229/224 222/231/226 274/314/295
f 277/315/297 276/316/296 278/317/298
f 228/318/299 278/319/298 276/320/296
f 279/321/300 278/317/298 280/322/301
f 229/241/239 280/323/301 278/319/298
f 36/26/26 280/322/301 281/324/302
f 230/243/240 281/325/302 280/323/301
f 35/29/29 281/324/302 237/326/303
f 232/245/242 237/327/303 281/325/302
f 19/8/8 277/315/297 279/321/300
f 18/27/27 279/321/300 36/26/26
f 282/328/304 277/315/297 24/329/305
f 743/330/306 267/301/288 282/331/304
f 736/15/15 282/328/304 24/329/305
f 269/309/293 282/331/304 267/301/288
f 284/332/307 265/333/308 283/334/309
f 26/16/16 283/335/309 25/336/310
f 285/337/311 264/294/281 284/332/307
f 286/338/312 284/339/307 26/16/16
f 20/17/17 286/338/312 26/16/16
f 20/17/17 288/340/313 287/341/314
f 254/279/269 288/340/313 21/11/11
f 21/11/11 252/342/315 254/279/269
f 735/14/14 251/278/268 739/274/266
f 23/343/316 243/259/257 251/278/268
f 23/343/316 34/25/25 242/258/256
f 34/25/25 240/255/254 242/258/256
f 35/29/29 238/344/251 37/28/28
f 223/233/228 228/345/299 222/231/226
f 177/178/179 186/346/237 176/177/178
f 307/347/317 292/348/318 308/349/319
f 310/350/320 292/348/318 306/351/321
f 311/352/322 292/348/318 309/353/323
f 313/354/324 293/355/325 314/356/326
f 316/357/327 314/356/326 293/355/325
f 317/358/328 293/355/325 312/359/329
f 319/360/330 294/361/331 320/362/332
f 318/363/333 321/364/334 294/361/331
f 323/365/335 294/361/331 321/364/334
f 325/366/336 295/367/337 326/368/338
f 327/369/339 295/367/337 328/370/340
f 324/371/341 328/370/340 295/367/337
f 332/372/342 330/373/343 296/374/344
f 334/375/345 332/372/342 296/374/344
f 330/373/343 335/376/346 296/374/344
f 337/377/347 296/374/344 338/378/348
f 335/376/346 338/378/348 296/374/344
f 341/379/349 297/380/350 342/381/351
f 344/382/352 342/381/351 297/380/350
f 345/383/353 297/380/350 346/384/354
f 348/385/355 346/384/354 297/380/350
f 340/386/356 348/385/355 297/380/350
f 352/387/357 350/388/358 298/389/359
f 353/390/360 298/389/359 354/391/361
f 350/392/358 355/393/362 298/394/359
f 355/393/362 304/395/363 298/394/359
f 304/395/363 354/396/361 298/394/359
f 360/397/364 299/398/365 361/399/366
f 363/400/367 299/398/365 359/401/368
f 364/402/369 299/398/365 362/403/370
f 366/404/371 300/405/372 367/406/373
f 368/407/374 300/405/372 369/408/375
f 370/409/376 300/405/372 365/410/377
f 372/411/378 301/412/379 373/413/380
f 374/414/381 301/412/379 375/415/382
f 376/416/383 301/412/379 371/417/384
f 378/418/385 302/419/386 379/420/387
f 381/421/388 302/419/386 377/422/389
f 382/423/390 302/419/386 380/424/391
f 384/425/392 303/426/393 385/427/394
f 386/428/395 303/426/393 387/429/396
f 383/430/397 387/429/396 303/426/393
f 389/431/398 304/395/363 357/432/399
f 391/433/400 305/434/401 392/435/402
f 394/436/403 305/434/401 390/437/404
f 395/438/405 305/439/401 393/440/406
f 393/440/406 396/441/407 395/438/405
f 399/442/408 392/443/402 395/438/405
f 400/444/409 395/438/405 396/441/407
f 307/347/317 400/444/409 401/445/410
f 396/441/407 401/445/410 400/444/409
f 308/349/319 399/442/408 400/444/409
f 403/446/411 402/447/412 404/448/413
f 405/449/414 402/447/412 406/450/415
f 397/451/416 402/447/412 396/441/407
f 407/452/417 406/453/415 408/454/418
f 397/455/416 408/454/418 406/453/415
f 410/456/419 409/457/420 411/458/421
f 394/436/403 411/458/421 409/457/420
f 397/455/416 394/436/403 409/457/420
f 413/459/422 412/460/423 414/461/424
f 416/462/425 414/461/424 412/460/423
f 390/437/404 412/460/423 394/436/403
f 417/463/426 416/462/425 418/464/427
f 390/437/404 418/464/427 416/462/425
f 419/465/428 418/466/427 420/467/429
f 391/468/400 420/467/429 418/466/427
f 392/443/402 421/469/430 391/468/400
f 422/470/431 421/469/430 423/471/432
f 398/472/433 423/471/432 421/469/430
f 398/472/433 311/352/322 424/473/434
f 426/474/435 423/471/432 424/473/434
f 309/353/323 424/473/434 311/352/322
f 428/475/436 425/476/437 426/474/435
f 310/350/320 426/474/435 309/353/323
f 430/477/438 427/478/439 428/475/436
f 431/479/440 428/475/436 310/350/320
f 306/351/321 431/479/440 310/350/320
f 433/480/441 431/479/440 356/481/442
f 432/482/443 356/481/442 431/479/440
f 429/483/444 433/480/441 434/484/445
f 436/485/446 434/484/445 433/480/441
f 350/392/358 433/480/441 356/481/442
f 438/486/447 435/487/448 436/488/446
f 351/489/449 436/488/446 350/388/358
f 439/490/450 438/486/447 440/491/451
f 441/492/452 438/486/447 351/489/449
f 351/489/449 442/493/453 441/492/452
f 386/428/395 441/492/452 385/427/394
f 442/493/453 385/427/394 441/492/452
f 352/387/357 443/494/454 442/493/453
f 444/495/455 442/493/453 443/494/454
f 443/494/454 445/496/456 444/495/455
f 383/430/397 444/495/455 447/497/457
f 448/498/458 444/495/455 445/496/456
f 445/496/456 449/499/459 448/498/458
f 452/500/460 447/497/457 448/498/458
f 449/499/459 452/500/460 448/498/458
f 454/501/461 453/502/462 455/503/463
f 329/504/464 455/505/463 453/506/462
f 328/370/340 453/507/462 449/508/459
f 456/509/465 455/503/463 457/510/466
f 317/358/328 457/511/466 455/505/463
f 458/512/467 457/510/466 459/513/468
f 312/359/329 459/514/468 457/511/466
f 460/515/469 459/513/468 461/516/470
f 313/354/324 461/517/470 459/514/468
f 463/518/471 462/519/472 464/520/473
f 466/521/474 464/520/473 462/519/472
f 314/356/326 462/519/472 313/354/324
f 468/522/475 465/523/476 466/521/474
f 315/524/477 466/521/474 314/356/326
f 349/525/478 467/526/479 468/522/475
f 325/527/336 468/522/475 315/524/477
f 469/528/480 467/526/479 470/529/481
f 340/530/356 470/529/481 467/526/479
f 471/531/482 470/529/481 472/532/483
f 341/533/349 472/532/483 470/529/481
f 475/534/484 472/532/483 473/535/485
f 477/536/486 475/537/484 473/538/485
f 342/381/351 473/538/485 341/379/349
f 479/539/487 476/540/488 477/536/486
f 343/541/489 477/536/486 342/381/351
f 481/542/490 478/543/491 479/544/487
f 482/545/492 479/544/487 343/546/489
f 343/546/489 483/547/493 482/545/492
f 485/548/494 481/542/490 482/545/492
f 486/549/495 482/545/492 483/547/493
f 483/547/493 487/550/496 486/549/495
f 490/551/497 485/548/494 486/549/495
f 407/452/417 486/549/495 487/550/496
f 410/456/419 489/552/498 490/551/497
f 408/454/418 490/551/497 407/452/417
f 492/553/499 491/554/500 493/555/501
f 413/459/422 493/555/501 491/554/500
f 411/458/421 491/554/500 410/456/419
f 495/556/502 494/557/503 496/558/504
f 498/559/505 496/558/504 494/557/503
f 414/461/424 494/557/503 413/459/422
f 500/560/506 497/561/507 498/559/505
f 415/562/508 498/559/505 414/461/424
f 501/563/509 500/560/506 502/564/510
f 415/562/508 502/564/510 500/560/506
f 503/565/511 502/566/510 504/567/512
f 417/568/426 504/567/512 502/566/510
f 505/569/513 504/567/512 506/570/514
f 419/465/428 506/570/514 504/567/512
f 420/467/429 507/571/515 419/465/428
f 508/572/516 507/571/515 509/573/517
f 422/470/431 509/573/517 507/571/515
f 423/471/432 510/574/518 422/470/431
f 511/575/519 510/574/518 512/576/520
f 425/476/437 512/576/520 510/574/518
f 513/577/521 512/576/520 514/578/522
f 427/478/439 514/578/522 512/576/520
f 515/579/523 514/578/522 516/580/524
f 429/483/444 516/580/524 514/578/522
f 338/581/348 516/580/524 337/582/347
f 435/583/448 516/580/524 434/484/445
f 518/584/525 513/577/521 515/579/523
f 339/585/526 515/579/523 338/581/348
f 520/586/527 517/587/528 518/584/525
f 521/588/529 518/584/525 339/585/526
f 523/589/530 520/586/527 521/588/529
f 524/590/531 521/591/529 525/592/532
f 339/593/526 525/592/532 521/591/529
f 526/594/533 525/592/532 527/595/534
f 335/376/346 527/595/534 525/592/532
f 528/596/535 527/597/534 529/598/536
f 336/599/537 529/598/536 527/597/534
f 330/600/343 530/601/538 336/599/537
f 533/602/539 529/598/536 530/601/538
f 534/603/540 530/601/538 531/604/541
f 531/604/541 535/605/542 534/603/540
f 538/606/543 533/602/539 534/603/540
f 463/607/471 534/603/540 535/605/542
f 540/608/544 537/609/545 538/610/543
f 464/520/473 538/610/543 463/518/471
f 469/528/480 539/611/546 540/608/544
f 465/523/476 540/608/544 464/520/473
f 541/612/547 539/611/546 542/613/548
f 471/531/482 542/613/548 539/611/546
f 544/614/549 543/615/550 545/616/551
f 474/617/552 545/616/551 543/615/550
f 472/532/483 543/615/550 471/531/482
f 547/618/553 546/619/554 548/620/555
f 550/621/556 548/620/555 546/619/554
f 475/534/484 546/619/554 474/617/552
f 552/622/557 549/623/558 550/624/556
f 476/540/488 550/624/556 475/537/484
f 553/625/559 552/622/557 554/626/560
f 476/540/488 554/626/560 552/622/557
f 555/627/561 554/628/560 556/629/562
f 478/543/491 556/629/562 554/628/560
f 557/630/563 556/629/562 558/631/564
f 480/632/565 558/631/564 556/629/562
f 480/632/565 484/633/566 559/634/567
f 560/635/568 559/634/567 561/636/569
f 492/553/499 559/634/567 484/633/566
f 562/637/570 561/636/569 495/556/502
f 493/555/501 561/636/569 492/553/499
f 564/638/571 560/635/568 562/637/570
f 565/639/572 562/637/570 566/640/573
f 495/556/502 566/640/573 562/637/570
f 567/641/574 566/640/573 568/642/575
f 496/558/504 568/642/575 566/640/573
f 569/643/576 568/642/575 570/644/577
f 499/645/578 568/642/575 497/561/507
f 571/646/579 570/644/577 572/647/580
f 499/645/578 572/647/580 570/644/577
f 574/648/581 571/649/579 572/650/580
f 501/651/509 574/648/581 572/650/580
f 576/652/582 573/653/583 574/648/581
f 505/569/513 574/648/581 503/565/511
f 578/654/584 575/655/585 576/652/582
f 579/656/586 576/652/582 505/569/513
f 506/570/514 579/656/586 505/569/513
f 581/657/587 578/654/584 579/656/586
f 508/572/516 581/657/587 579/656/586
f 509/573/517 582/658/588 508/572/516
f 519/659/589 582/658/588 517/587/528
f 511/575/519 517/587/528 582/658/588
f 519/659/589 580/660/590 581/657/587
f 584/661/591 583/662/592 585/663/593
f 522/664/594 585/663/593 583/662/592
f 520/586/527 583/662/592 519/659/589
f 587/665/595 586/666/596 588/667/597
f 589/668/598 586/666/596 590/669/599
f 523/589/530 586/666/596 522/664/594
f 591/670/600 590/671/599 592/672/601
f 523/673/530 592/672/601 590/671/599
f 593/674/602 592/672/601 594/675/603
f 524/590/531 594/675/603 592/672/601
f 595/676/604 594/677/603 596/678/605
f 526/679/533 596/678/605 594/677/603
f 597/680/606 596/678/605 598/681/607
f 528/596/535 598/681/607 596/678/605
f 529/598/536 599/682/608 528/596/535
f 600/683/609 599/682/608 601/684/610
f 532/685/611 601/684/610 599/682/608
f 544/614/549 600/686/609 601/687/610
f 542/613/548 601/687/610 541/612/547
f 603/688/612 602/689/613 604/690/614
f 547/618/553 604/690/614 602/689/613
f 545/616/551 602/689/613 544/614/549
f 364/402/369 605/691/615 361/399/366
f 606/692/616 361/399/366 605/691/615
f 548/620/555 605/691/615 547/618/553
f 608/693/617 360/397/364 606/692/616
f 549/694/558 606/692/616 548/620/555
f 610/695/618 607/696/619 608/697/617
f 551/698/620 608/697/617 549/623/558
f 612/699/621 609/700/622 610/695/618
f 553/625/559 610/695/618 551/698/620
f 614/701/623 611/702/624 612/703/621
f 555/627/561 612/703/621 553/704/559
f 616/705/625 613/706/626 614/701/623
f 555/627/561 616/705/625 614/701/623
f 618/707/627 615/708/628 616/705/625
f 557/630/563 618/707/627 616/705/625
f 619/709/629 618/707/627 620/710/630
f 563/711/631 620/710/630 618/707/627
f 381/421/388 620/710/630 621/712/632
f 564/638/571 621/712/632 620/710/630
f 380/424/391 621/712/632 622/713/633
f 565/639/572 622/713/633 621/712/632
f 382/423/390 622/713/633 623/714/634
f 567/641/574 623/714/634 622/713/633
f 372/715/378 623/714/634 624/716/635
f 569/643/576 624/716/635 623/714/634
f 625/717/636 372/411/378 624/718/635
f 573/653/583 624/718/635 571/649/579
f 626/719/637 371/417/384 625/717/636
f 575/655/585 625/717/636 573/653/583
f 628/720/638 376/416/383 626/719/637
f 577/721/639 626/719/637 575/655/585
f 629/722/640 628/720/638 630/723/641
f 584/661/591 628/720/638 577/721/639
f 631/724/642 630/723/641 587/665/595
f 585/663/593 630/723/641 584/661/591
f 633/725/643 629/722/640 631/724/642
f 634/726/644 631/724/642 635/727/645
f 587/665/595 635/727/645 631/724/642
f 636/728/646 635/727/645 637/729/647
f 588/667/597 637/729/647 635/727/645
f 638/730/648 637/731/647 639/732/649
f 589/733/598 639/732/649 637/731/647
f 640/734/650 639/732/649 641/735/651
f 591/670/600 641/735/651 639/732/649
f 369/408/375 641/736/651 368/407/374
f 593/737/602 368/407/374 641/736/651
f 643/738/652 638/730/648 640/734/650
f 370/409/376 640/739/650 369/408/375
f 644/740/653 643/741/652 645/742/654
f 363/400/367 643/743/652 370/744/376
f 646/745/655 645/742/654 647/746/656
f 363/400/367 647/747/656 645/748/654
f 359/401/368 607/749/619 647/747/656
f 609/700/622 647/746/656 607/696/619
f 649/750/657 644/740/653 646/745/655
f 611/751/624 646/745/655 609/700/622
f 650/752/658 649/753/657 651/754/659
f 611/702/624 651/754/659 649/753/657
f 653/755/660 650/752/658 651/754/659
f 615/708/628 651/754/659 613/706/626
f 654/756/661 653/755/660 655/757/662
f 617/758/663 653/755/660 615/708/628
f 656/759/664 655/757/662 657/760/665
f 617/758/663 657/760/665 655/757/662
f 377/422/389 656/759/664 657/760/665
f 619/709/629 377/422/389 657/760/665
f 378/418/385 658/761/666 656/759/664
f 658/761/666 654/756/661 656/759/664
f 660/762/667 659/763/668 658/764/666
f 652/765/669 659/766/668 661/767/670
f 632/768/671 661/769/670 659/763/668
f 650/752/658 661/767/670 662/770/672
f 633/725/643 662/771/672 661/769/670
f 648/772/673 662/770/672 663/773/674
f 634/726/644 663/774/674 662/771/672
f 644/740/653 663/775/674 642/776/675
f 636/777/646 642/778/675 663/779/674
f 375/415/382 627/780/676 660/762/667
f 658/764/666 375/415/382 660/762/667
f 629/722/640 660/762/667 627/780/676
f 366/781/371 604/690/614 364/402/369
f 598/681/607 603/782/612 597/680/606
f 366/404/371 597/680/606 603/782/612
f 367/406/373 595/676/604 597/680/606
f 577/721/639 580/660/590 584/661/591
f 558/631/564 563/711/631 557/630/563
f 532/685/611 537/783/545 541/784/547
f 323/785/335 536/786/677 331/787/678
f 531/604/541 331/787/678 536/786/677
f 460/515/469 536/786/677 664/788/679
f 321/789/334 664/788/679 323/785/335
f 665/790/680 460/515/469 664/788/679
f 322/791/681 665/790/680 321/789/334
f 456/509/465 665/790/680 666/792/682
f 668/793/683 666/792/682 322/791/681
f 454/501/461 666/792/682 667/794/684
f 387/429/396 668/795/683 669/796/685
f 322/797/681 669/796/685 668/795/683
f 388/798/686 667/794/684 668/793/683
f 386/428/395 669/796/685 670/799/687
f 318/363/333 670/799/687 669/796/685
f 440/491/451 670/799/687 439/490/450
f 319/360/330 439/490/450 670/799/687
f 451/800/688 454/501/461 667/794/684
f 461/516/470 535/605/542 460/515/469
f 484/633/566 489/552/498 492/553/499
f 345/801/353 671/802/689 488/803/690
f 344/804/352 488/803/690 483/547/493
f 673/805/691 488/803/690 671/802/689
f 671/806/689 674/807/692 673/808/691
f 407/452/417 673/805/691 405/809/414
f 674/807/692 405/449/414 673/808/691
f 676/810/693 358/811/694 675/812/695
f 672/813/696 675/812/695 671/806/689
f 389/431/398 675/812/695 358/811/694
f 677/814/697 354/391/361 676/815/693
f 678/816/698 676/815/693 672/817/696
f 672/818/696 346/384/354 678/819/698
f 679/820/699 677/814/697 678/816/698
f 347/821/700 678/819/698 346/384/354
f 450/822/701 446/823/702 679/820/699
f 327/369/339 679/824/699 347/821/700
f 446/823/702 353/390/360 677/814/697
f 389/431/398 404/448/413 674/807/692
f 383/430/397 451/825/688 388/826/686
f 327/369/339 449/508/459 450/827/701
f 333/828/703 437/829/704 439/490/450
f 334/375/345 435/487/448 437/829/704
f 306/351/321 680/830/705 432/482/443
f 680/830/705 355/393/362 432/482/443
f 403/446/411 357/432/399 680/830/705
f 401/445/410 680/830/705 307/347/317
f 373/831/380 382/423/390 372/715/378
f 374/832/381 379/420/387 373/831/380
f 362/403/370 370/744/376 365/833/377
f 364/402/369 365/833/377 366/781/371
f 326/368/338 349/834/478 325/366/336
f 327/369/339 348/385/355 326/368/338
f 320/362/332 333/828/703 319/360/330
f 320/362/332 331/835/678 332/372/342
f 324/836/341 317/358/328 329/504/464
f 315/524/477 324/836/341 325/527/336
f 684/14/706 699/10/707 697/14/708
f 699/10/707 685/15/709 696/15/710
f 695/38/711 681/39/712 698/39/713
f 681/39/712 694/45/714 698/39/713
f 687/276/715 693/274/716 692/276/717
f 694/45/714 687/277/715 692/277/717
f 702/297/718 690/298/719 691/297/720
f 690/298/719 688/38/721 695/38/711
f 689/330/722 702/297/718 691/297/720
f 696/15/710 700/837/723 689/837/722
f 686/274/724 697/14/708 693/274/716
f 705/14/725 733/10/10 735/14/14
f 733/10/10 706/15/726 736/15/15
f 737/38/38 704/39/727 734/39/39
f 704/39/727 738/45/45 734/39/39
f 154/152/147 716/156/149 715/152/207
f 155/156/152 717/158/151 716/156/149
f 717/158/151 161/159/158 718/159/153
f 718/159/153 163/161/161 719/161/156
f 719/161/156 165/163/164 720/163/159
f 165/163/164 721/165/162 720/163/159
f 167/165/168 722/167/165 721/165/162
f 722/167/165 171/170/172 723/170/170
f 195/201/198 730/204/202 729/201/201
f 197/204/204 714/149/203 730/204/202
f 714/149/203 154/151/147 715/151/207
f 173/172/173 731/235/231 724/172/229
f 723/170/170 173/172/173 724/172/229
f 224/235/234 732/236/232 731/235/231
f 732/238/232 189/239/238 725/239/236
f 725/239/236 190/196/193 726/196/244
f 726/196/244 191/197/194 727/197/247
f 191/197/194 728/199/250 727/197/247
f 193/199/196 729/201/201 728/199/250
f 740/276/267 709/274/728 739/274/266
f 708/45/729 740/277/267 738/45/45
f 711/297/730 742/298/285 741/297/284
f 742/298/285 707/38/731 737/38/38
f 713/330/732 741/297/284 743/330/306
f 736/15/15 713/837/732 743/837/306
f 709/274/728 735/14/14 739/274/266
f 22/14/13 683/10/733 684/14/706
f 699/10/707 705/14/725 697/14/708
f 683/10/733 25/15/310 685/15/709
f 706/15/726 699/10/707 696/15/710
f 44/38/47 681/39/712 688/38/721
f 698/39/713 707/38/731 695/38/711
f 681/39/712 49/45/272 682/45/734
f 708/45/729 698/39/713 694/45/714
f 253/276/270 686/274/724 687/276/715
f 709/274/728 692/276/717 693/274/716
f 682/45/734 253/277/270 687/277/715
f 692/277/717 708/45/729 694/45/714
f 702/297/718 266/298/282 701/298/735
f 712/298/736 691/297/720 690/298/719
f 266/298/282 688/38/721 701/298/735
f 695/38/711 712/298/736 690/298/719
f 283/330/309 702/297/718 700/330/723
f 691/297/720 713/330/732 689/330/722
f 685/15/709 283/837/309 700/837/723
f 689/837/722 706/15/726 696/15/710
f 252/274/315 684/14/706 686/274/724
f 705/14/725 693/274/716 697/14/708
f 10/1/1 9/838/737 7/2/2
f 12/4/4 11/52/52 10/1/1
f 14/5/5 13/55/55 12/4/4
f 8/6/6 15/7/7 1/3/3
f 15/7/7 16/64/64 14/5/5
f 19/8/8 18/27/27 17/9/9
f 21/11/11 20/17/17 2/12/12
f 17/9/9 23/343/316 735/14/14
f 736/15/15 24/329/305 19/8/8
f 26/16/16 25/336/310 2/12/12
f 31/18/18 30/83/83 3/19/19
f 28/21/21 29/839/738 32/20/20
f 27/22/22 28/21/21 3/19/19
f 17/9/9 18/27/27 4/24/24
f 36/26/26 35/29/29 4/24/24
f 37/28/28 34/25/25 4/24/24
f 39/30/30 38/34/34 5/31/31
f 42/33/33 41/36/36 5/31/31
f 43/35/35 40/32/32 5/31/31
f 46/37/37 45/299/286 737/38/38
f 47/40/40 46/37/37 734/39/39
f 50/42/42 49/282/272 6/43/43
f 738/45/45 52/272/264 48/41/41
f 53/46/46 51/44/44 6/43/43
f 57/48/48 55/840/87 56/49/49
f 60/51/51 59/53/53 58/50/50
f 11/52/52 12/4/4 59/53/53
f 62/54/54 61/57/57 58/50/50
f 13/55/55 62/54/54 59/53/53
f 64/56/56 63/98/95 61/57/57
f 65/58/58 64/56/56 62/54/54
f 67/59/59 66/102/98 64/56/56
f 68/60/60 67/59/59 65/58/58
f 13/55/55 14/5/5 69/61/61
f 70/62/62 68/60/60 69/61/61
f 16/64/64 71/63/63 69/61/61
f 72/65/65 70/62/62 71/63/63
f 74/67/67 73/66/66 71/63/63
f 76/68/68 75/117/113 73/66/66
f 77/69/69 76/68/68 74/67/67
f 16/64/64 15/7/7 78/70/70
f 79/71/71 77/69/69 78/70/70
f 15/7/7 8/6/6 80/72/72
f 84/73/73 83/77/77 81/74/74
f 33/23/23 84/73/73 82/75/75
f 86/76/76 85/130/126 83/77/77
f 87/78/78 86/76/76 84/73/73
f 89/79/79 88/135/131 86/76/76
f 91/80/80 90/82/82 89/79/79
f 33/23/23 3/19/19 91/80/80
f 93/81/81 92/85/85 90/82/82
f 30/83/83 93/81/81 91/80/80
f 95/84/84 94/90/89 92/85/85
f 96/86/86 95/84/84 93/81/81
f 57/87/48 97/91/90 95/84/84
f 55/88/87 57/87/48 96/86/86
f 30/83/83 31/18/18 54/89/88
f 94/90/89 95/84/84 97/91/90
f 61/57/57 63/98/95 98/93/91
f 58/50/50 61/57/57 97/94/90
f 99/95/92 94/90/89 98/92/91
f 101/97/94 100/100/93 98/93/91
f 103/99/96 102/154/144 100/100/93
f 104/101/97 103/99/96 101/97/94
f 63/98/95 64/56/56 66/102/98
f 105/103/99 103/99/96 104/101/97
f 108/105/101 107/107/103 106/104/100
f 66/102/98 67/59/59 108/105/101
f 110/106/102 109/109/105 107/107/103
f 67/59/59 68/60/60 110/106/102
f 112/108/104 111/111/107 109/109/105
f 68/60/60 70/62/62 112/108/104
f 114/110/106 113/113/109 111/111/107
f 70/62/62 72/65/65 114/110/106
f 116/112/108 115/171/171 113/113/109
f 72/65/65 117/115/111 116/112/108
f 119/114/110 118/176/177 116/112/108
f 120/116/112 119/114/110 117/115/111
f 72/65/65 73/66/66 75/117/113
f 122/118/114 121/180/181 119/114/110
f 123/119/115 122/118/114 120/116/112
f 75/117/113 76/68/68 124/120/116
f 125/121/117 123/119/115 124/120/116
f 76/68/68 77/69/69 126/122/118
f 127/123/119 125/121/117 126/122/118
f 77/69/69 79/71/71 128/124/120
f 132/125/121 131/129/125 129/126/122
f 83/77/77 132/125/121 130/127/123
f 134/128/124 133/132/128 131/129/125
f 85/130/126 134/128/124 132/125/121
f 136/131/127 135/192/185 133/132/128
f 137/133/129 136/131/127 134/128/124
f 139/134/130 138/189/188 136/131/127
f 88/135/131 140/137/133 139/134/130
f 85/130/126 86/76/76 88/135/131
f 141/136/132 139/134/130 140/137/133
f 144/139/135 143/141/137 142/138/134
f 89/79/79 144/139/135 140/137/133
f 146/140/136 145/143/139 143/141/137
f 90/82/82 146/140/136 144/139/135
f 148/142/138 147/144/140 145/143/139
f 92/85/85 148/142/138 146/140/136
f 99/95/92 149/146/142 147/144/140
f 94/90/89 99/95/92 148/142/138
f 150/145/141 147/144/140 149/146/142
f 102/148/144 152/150/146 151/147/143
f 100/96/93 102/148/144 149/146/142
f 153/149/145 151/147/143 152/150/146
f 105/103/99 155/156/152 154/152/147
f 103/99/96 105/103/99 152/153/146
f 156/155/148 715/152/207 716/156/149
f 717/158/151 158/160/154 157/157/150
f 106/104/100 159/158/155 155/156/152
f 718/159/153 160/162/157 158/160/154
f 107/107/103 161/159/158 159/158/155
f 719/161/156 162/164/160 160/162/157
f 109/109/105 163/161/161 161/159/158
f 720/163/159 164/166/163 162/164/160
f 111/111/107 165/163/164 163/161/161
f 721/165/162 166/168/166 164/166/163
f 113/113/109 167/165/168 165/163/164
f 722/167/165 168/226/221 166/168/166
f 113/113/109 115/171/171 169/167/167
f 170/169/169 168/226/221 722/167/165
f 115/171/171 172/173/174 171/170/172
f 173/172/173 171/170/172 172/173/174
f 175/175/176 174/174/175 172/173/174
f 115/171/171 116/112/108 118/176/177
f 176/177/178 174/174/175 175/175/176
f 178/179/180 177/178/179 175/175/176
f 118/176/177 119/114/110 121/180/181
f 180/181/182 179/841/189 177/178/179
f 181/182/183 135/184/185 180/181/182
f 121/180/181 122/118/114 181/182/183
f 182/183/184 133/186/128 135/184/185
f 122/118/114 123/119/115 182/183/184
f 183/185/186 131/188/125 133/186/128
f 123/119/115 125/121/117 183/185/186
f 184/187/187 129/842/122 131/188/125
f 127/123/119 184/187/187 183/185/186
f 138/189/188 185/194/191 179/190/189
f 135/192/185 136/131/127 138/189/188
f 187/193/190 186/240/237 179/190/189
f 188/195/192 187/193/190 185/194/191
f 139/134/130 141/136/132 185/194/191
f 190/196/193 189/239/238 187/193/190
f 191/197/194 190/196/193 188/195/192
f 141/136/132 142/138/134 192/198/195
f 193/199/196 191/197/194 192/198/195
f 142/138/134 143/141/137 194/200/197
f 195/201/198 193/199/196 194/200/197
f 145/143/139 196/202/199 194/200/197
f 150/145/141 197/204/204 195/201/198
f 147/144/140 150/145/141 196/202/199
f 199/203/200 198/250/249 729/201/201
f 714/149/203 200/206/206 199/203/200
f 151/147/143 153/149/145 197/204/204
f 202/205/205 201/253/253 199/203/200
f 156/207/148 203/209/209 202/205/205
f 715/151/207 156/207/148 200/206/206
f 204/208/208 202/205/205 203/209/209
f 207/211/211 206/215/213 205/212/210
f 157/157/150 207/211/211 203/213/209
f 209/214/212 208/217/215 206/215/213
f 158/160/154 209/214/212 207/211/211
f 210/216/214 42/219/33 208/217/215
f 160/162/157 210/216/214 209/214/212
f 211/218/216 41/221/36 42/219/33
f 162/164/160 211/218/216 210/216/214
f 212/220/217 43/223/35 41/221/36
f 164/166/163 212/220/217 211/218/216
f 214/222/218 213/843/292 43/223/35
f 166/168/166 214/222/218 212/220/217
f 215/224/219 213/843/292 214/222/218
f 168/226/221 216/225/220 214/222/218
f 217/227/222 215/224/219 216/225/220
f 168/226/221 170/169/169 218/228/223
f 219/229/224 217/227/222 218/228/223
f 170/169/169 221/232/227 220/230/225
f 222/231/226 220/230/225 221/232/227
f 724/172/229 731/235/231 223/233/228
f 723/170/170 724/172/229 221/232/227
f 225/234/230 223/233/228 731/235/231
f 176/177/178 186/346/237 226/236/233
f 174/174/175 176/177/178 224/235/234
f 227/237/235 225/242/230 732/238/232
f 186/240/237 187/193/190 189/239/238
f 229/241/239 228/318/299 225/242/230
f 230/243/240 229/241/239 227/237/235
f 725/239/236 726/196/244 231/244/241
f 232/245/242 230/243/240 231/244/241
f 726/196/244 727/197/247 233/246/243
f 234/247/245 232/245/242 233/246/243
f 727/197/247 728/199/250 235/248/246
f 236/249/248 234/247/245 235/248/246
f 728/199/250 729/201/201 198/250/249
f 238/251/251 237/327/303 234/247/245
f 239/252/252 238/251/251 236/249/248
f 198/250/249 199/203/200 201/253/253
f 37/28/28 238/344/251 239/254/252
f 241/256/255 240/255/254 239/254/252
f 201/253/253 202/205/205 204/208/208
f 242/258/256 240/255/254 241/256/255
f 244/260/258 243/259/257 241/256/255
f 205/262/210 245/261/259 241/256/255
f 247/263/260 246/269/262 244/264/258
f 206/266/213 247/263/260 245/265/259
f 249/268/261 248/271/263 246/269/262
f 208/270/215 249/268/261 247/263/260
f 38/34/34 39/30/30 248/271/263
f 42/33/33 38/34/34 249/268/261
f 52/272/264 246/269/262 248/271/263
f 39/30/30 47/40/40 48/41/41
f 250/273/265 244/264/258 246/269/262
f 739/274/266 251/278/268 250/275/265
f 52/272/264 738/45/45 740/277/267
f 251/278/268 243/259/257 244/260/258
f 254/279/269 252/342/315 253/280/270
f 49/282/272 50/42/42 255/283/271
f 256/285/273 254/279/269 255/281/271
f 50/42/42 258/288/275 257/287/274
f 51/44/44 259/290/277 258/288/275
f 51/44/44 53/46/46 260/289/276
f 53/46/46 262/293/280 261/291/278
f 263/292/279 261/291/278 262/293/280
f 266/295/282 265/333/308 264/294/281
f 44/47/47 266/295/282 262/293/280
f 268/296/283 267/301/288 741/297/284
f 45/299/286 268/296/283 742/298/285
f 270/300/287 269/309/293 267/301/288
f 271/302/289 270/300/287 268/296/283
f 45/299/286 46/37/37 272/303/290
f 217/304/222 219/308/224 270/300/287
f 215/305/219 217/304/222 271/302/289
f 46/37/37 47/40/40 273/306/291
f 213/307/292 215/305/219 272/303/290
f 47/40/40 39/30/30 40/32/32
f 43/35/35 213/307/292 273/306/291
f 219/308/224 274/311/295 269/309/293
f 275/310/294 269/309/293 274/311/295
f 222/231/226 228/345/299 276/313/296
f 219/229/224 220/230/225 222/231/226
f 277/315/297 275/844/294 276/316/296
f 228/318/299 229/241/239 278/319/298
f 279/321/300 277/315/297 278/317/298
f 229/241/239 230/243/240 280/323/301
f 36/26/26 279/321/300 280/322/301
f 230/243/240 232/245/242 281/325/302
f 35/29/29 36/26/26 281/324/302
f 232/245/242 234/247/245 237/327/303
f 19/8/8 24/329/305 277/315/297
f 18/27/27 19/8/8 279/321/300
f 282/328/304 275/844/294 277/315/297
f 743/330/306 741/297/284 267/301/288
f 736/15/15 743/837/306 282/328/304
f 269/309/293 275/310/294 282/331/304
f 284/332/307 264/294/281 265/333/308
f 26/16/16 284/339/307 283/335/309
f 285/337/311 263/292/279 264/294/281
f 286/338/312 285/845/311 284/339/307
f 20/17/17 287/341/314 286/338/312
f 20/17/17 21/11/11 288/340/313
f 254/279/269 256/285/273 288/340/313
f 21/11/11 22/13/13 252/342/315
f 735/14/14 23/343/316 251/278/268
f 23/343/316 242/258/256 243/259/257
f 23/343/316 17/9/9 34/25/25
f 34/25/25 37/28/28 240/255/254
f 35/29/29 237/326/303 238/344/251
f 223/233/228 225/234/230 228/345/299
f 177/178/179 179/841/189 186/346/237
f 307/347/317 306/351/321 292/348/318
f 310/350/320 309/353/323 292/348/318
f 311/352/322 308/349/319 292/348/318
f 313/354/324 312/359/329 293/355/325
f 316/357/327 315/524/477 314/356/326
f 317/358/328 316/357/327 293/355/325
f 319/360/330 318/363/333 294/361/331
f 318/363/333 322/797/681 321/364/334
f 323/365/335 320/362/332 294/361/331
f 325/366/336 324/371/341 295/367/337
f 327/369/339 326/368/338 295/367/337
f 324/371/341 329/846/464 328/370/340
f 332/372/342 331/835/678 330/373/343
f 334/375/345 333/828/703 332/372/342
f 330/373/343 336/847/537 335/376/346
f 337/377/347 334/375/345 296/374/344
f 335/376/346 339/593/526 338/378/348
f 341/379/349 340/386/356 297/380/350
f 344/382/352 343/541/489 342/381/351
f 345/383/353 344/382/352 297/380/350
f 348/385/355 347/821/700 346/384/354
f 340/386/356 349/834/478 348/385/355
f 352/387/357 351/489/449 350/388/358
f 353/390/360 352/387/357 298/389/359
f 350/392/358 356/481/442 355/393/362
f 355/393/362 357/432/399 304/395/363
f 304/395/363 358/811/694 354/396/361
f 360/397/364 359/401/368 299/398/365
f 363/400/367 362/403/370 299/398/365
f 364/402/369 361/399/366 299/398/365
f 366/404/371 365/410/377 300/405/372
f 368/407/374 367/406/373 300/405/372
f 370/409/376 369/408/375 300/405/372
f 372/411/378 371/417/384 301/412/379
f 374/414/381 373/413/380 301/412/379
f 376/416/383 375/415/382 301/412/379
f 378/418/385 377/422/389 302/419/386
f 381/421/388 380/424/391 302/419/386
f 382/423/390 379/420/387 302/419/386
f 384/425/392 383/430/397 303/426/393
f 386/428/395 385/427/394 303/426/393
f 383/430/397 388/826/686 387/429/396
f 389/431/398 358/811/694 304/395/363
f 391/433/400 390/437/404 305/434/401
f 394/436/403 393/848/406 305/434/401
f 395/438/405 392/443/402 305/439/401
f 393/440/406 397/451/416 396/441/407
f 399/442/408 398/472/433 392/443/402
f 400/444/409 399/442/408 395/438/405
f 307/347/317 308/349/319 400/444/409
f 396/441/407 402/447/412 401/445/410
f 308/349/319 311/352/322 399/442/408
f 403/446/411 401/445/410 402/447/412
f 405/449/414 404/448/413 402/447/412
f 397/451/416 406/450/415 402/447/412
f 407/452/417 405/809/414 406/453/415
f 397/455/416 409/457/420 408/454/418
f 410/456/419 408/454/418 409/457/420
f 394/436/403 412/460/423 411/458/421
f 397/455/416 393/848/406 394/436/403
f 413/459/422 411/458/421 412/460/423
f 416/462/425 415/562/508 414/461/424
f 390/437/404 416/462/425 412/460/423
f 417/463/426 415/562/508 416/462/425
f 390/437/404 391/433/400 418/464/427
f 419/465/428 417/568/426 418/466/427
f 391/468/400 421/469/430 420/467/429
f 392/443/402 398/472/433 421/469/430
f 422/470/431 420/467/429 421/469/430
f 398/472/433 424/473/434 423/471/432
f 398/472/433 399/442/408 311/352/322
f 426/474/435 425/476/437 423/471/432
f 309/353/323 426/474/435 424/473/434
f 428/475/436 427/478/439 425/476/437
f 310/350/320 428/475/436 426/474/435
f 430/477/438 429/483/444 427/478/439
f 431/479/440 430/477/438 428/475/436
f 306/351/321 432/482/443 431/479/440
f 433/480/441 430/477/438 431/479/440
f 432/482/443 355/393/362 356/481/442
f 429/483/444 430/477/438 433/480/441
f 436/485/446 435/583/448 434/484/445
f 350/392/358 436/485/446 433/480/441
f 438/486/447 437/829/704 435/487/448
f 351/489/449 438/486/447 436/488/446
f 439/490/450 437/829/704 438/486/447
f 441/492/452 440/491/451 438/486/447
f 351/489/449 352/387/357 442/493/453
f 386/428/395 440/491/451 441/492/452
f 442/493/453 384/425/392 385/427/394
f 352/387/357 353/390/360 443/494/454
f 444/495/455 384/425/392 442/493/453
f 443/494/454 446/823/702 445/496/456
f 383/430/397 384/425/392 444/495/455
f 448/498/458 447/497/457 444/495/455
f 445/496/456 450/822/701 449/499/459
f 452/500/460 451/825/688 447/497/457
f 449/499/459 453/849/462 452/500/460
f 454/501/461 452/850/460 453/502/462
f 329/504/464 317/358/328 455/505/463
f 328/370/340 329/846/464 453/507/462
f 456/509/465 454/501/461 455/503/463
f 317/358/328 312/359/329 457/511/466
f 458/512/467 456/509/465 457/510/466
f 312/359/329 313/354/324 459/514/468
f 460/515/469 458/512/467 459/513/468
f 313/354/324 462/519/472 461/517/470
f 463/518/471 461/517/470 462/519/472
f 466/521/474 465/523/476 464/520/473
f 314/356/326 466/521/474 462/519/472
f 468/522/475 467/526/479 465/523/476
f 315/524/477 468/522/475 466/521/474
f 349/525/478 340/530/356 467/526/479
f 325/527/336 349/525/478 468/522/475
f 469/528/480 465/523/476 467/526/479
f 340/530/356 341/533/349 470/529/481
f 471/531/482 469/528/480 470/529/481
f 341/533/349 473/535/485 472/532/483
f 475/534/484 474/617/552 472/532/483
f 477/536/486 476/540/488 475/537/484
f 342/381/351 477/536/486 473/538/485
f 479/539/487 478/851/491 476/540/488
f 343/541/489 479/539/487 477/536/486
f 481/542/490 480/632/565 478/543/491
f 482/545/492 481/542/490 479/544/487
f 343/546/489 344/804/352 483/547/493
f 485/548/494 484/633/566 481/542/490
f 486/549/495 485/548/494 482/545/492
f 483/547/493 488/803/690 487/550/496
f 490/551/497 489/552/498 485/548/494
f 407/452/417 490/551/497 486/549/495
f 410/456/419 491/554/500 489/552/498
f 408/454/418 410/456/419 490/551/497
f 492/553/499 489/552/498 491/554/500
f 413/459/422 494/557/503 493/555/501
f 411/458/421 413/459/422 491/554/500
f 495/556/502 493/555/501 494/557/503
f 498/559/505 497/561/507 496/558/504
f 414/461/424 498/559/505 494/557/503
f 500/560/506 499/645/578 497/561/507
f 415/562/508 500/560/506 498/559/505
f 501/563/509 499/645/578 500/560/506
f 415/562/508 417/463/426 502/564/510
f 503/565/511 501/651/509 502/566/510
f 417/568/426 419/465/428 504/567/512
f 505/569/513 503/565/511 504/567/512
f 419/465/428 507/571/515 506/570/514
f 420/467/429 422/470/431 507/571/515
f 508/572/516 506/570/514 507/571/515
f 422/470/431 510/574/518 509/573/517
f 423/471/432 425/476/437 510/574/518
f 511/575/519 509/573/517 510/574/518
f 425/476/437 427/478/439 512/576/520
f 513/577/521 511/575/519 512/576/520
f 427/478/439 429/483/444 514/578/522
f 515/579/523 513/577/521 514/578/522
f 429/483/444 434/484/445 516/580/524
f 338/581/348 515/579/523 516/580/524
f 435/583/448 337/582/347 516/580/524
f 518/584/525 517/587/528 513/577/521
f 339/585/526 518/584/525 515/579/523
f 520/586/527 519/659/589 517/587/528
f 521/588/529 520/586/527 518/584/525
f 523/589/530 522/664/594 520/586/527
f 524/590/531 523/673/530 521/591/529
f 339/593/526 335/376/346 525/592/532
f 526/594/533 524/590/531 525/592/532
f 335/376/346 336/847/537 527/595/534
f 528/596/535 526/679/533 527/597/534
f 336/599/537 530/601/538 529/598/536
f 330/600/343 531/604/541 530/601/538
f 533/602/539 532/685/611 529/598/536
f 534/603/540 533/602/539 530/601/538
f 531/604/541 536/786/677 535/605/542
f 538/606/543 537/783/545 533/602/539
f 463/607/471 538/606/543 534/603/540
f 540/608/544 539/611/546 537/609/545
f 464/520/473 540/608/544 538/610/543
f 469/528/480 471/531/482 539/611/546
f 465/523/476 469/528/480 540/608/544
f 541/612/547 537/609/545 539/611/546
f 471/531/482 543/615/550 542/613/548
f 544/614/549 542/613/548 543/615/550
f 474/617/552 546/619/554 545/616/551
f 472/532/483 474/617/552 543/615/550
f 547/618/553 545/616/551 546/619/554
f 550/621/556 549/694/558 548/620/555
f 475/534/484 550/621/556 546/619/554
f 552/622/557 551/698/620 549/623/558
f 476/540/488 552/622/557 550/624/556
f 553/625/559 551/698/620 552/622/557
f 476/540/488 478/851/491 554/626/560
f 555/627/561 553/704/559 554/628/560
f 478/543/491 480/632/565 556/629/562
f 557/630/563 555/627/561 556/629/562
f 480/632/565 559/634/567 558/631/564
f 480/632/565 481/542/490 484/633/566
f 560/635/568 558/631/564 559/634/567
f 492/553/499 561/636/569 559/634/567
f 562/637/570 560/635/568 561/636/569
f 493/555/501 495/556/502 561/636/569
f 564/638/571 563/711/631 560/635/568
f 565/639/572 564/638/571 562/637/570
f 495/556/502 496/558/504 566/640/573
f 567/641/574 565/639/572 566/640/573
f 496/558/504 497/561/507 568/642/575
f 569/643/576 567/641/574 568/642/575
f 499/645/578 570/644/577 568/642/575
f 571/646/579 569/643/576 570/644/577
f 499/645/578 501/563/509 572/647/580
f 574/648/581 573/653/583 571/649/579
f 501/651/509 503/565/511 574/648/581
f 576/652/582 575/655/585 573/653/583
f 505/569/513 576/652/582 574/648/581
f 578/654/584 577/721/639 575/655/585
f 579/656/586 578/654/584 576/652/582
f 506/570/514 508/572/516 579/656/586
f 581/657/587 580/660/590 578/654/584
f 508/572/516 582/658/588 581/657/587
f 509/573/517 511/575/519 582/658/588
f 519/659/589 581/657/587 582/658/588
f 511/575/519 513/577/521 517/587/528
f 519/659/589 583/662/592 580/660/590
f 584/661/591 580/660/590 583/662/592
f 522/664/594 586/666/596 585/663/593
f 520/586/527 522/664/594 583/662/592
f 587/665/595 585/663/593 586/666/596
f 589/668/598 588/667/597 586/666/596
f 523/589/530 590/669/599 586/666/596
f 591/670/600 589/733/598 590/671/599
f 523/673/530 524/590/531 592/672/601
f 593/674/602 591/670/600 592/672/601
f 524/590/531 526/594/533 594/675/603
f 595/676/604 593/737/602 594/677/603
f 526/679/533 528/596/535 596/678/605
f 597/680/606 595/676/604 596/678/605
f 528/596/535 599/682/608 598/681/607
f 529/598/536 532/685/611 599/682/608
f 600/683/609 598/681/607 599/682/608
f 532/685/611 541/784/547 601/684/610
f 544/614/549 602/689/613 600/686/609
f 542/613/548 544/614/549 601/687/610
f 603/688/612 600/686/609 602/689/613
f 547/618/553 605/691/615 604/690/614
f 545/616/551 547/618/553 602/689/613
f 364/402/369 604/690/614 605/691/615
f 606/692/616 360/397/364 361/399/366
f 548/620/555 606/692/616 605/691/615
f 608/693/617 607/749/619 360/397/364
f 549/694/558 608/693/617 606/692/616
f 610/695/618 609/700/622 607/696/619
f 551/698/620 610/695/618 608/697/617
f 612/699/621 611/751/624 609/700/622
f 553/625/559 612/699/621 610/695/618
f 614/701/623 613/706/626 611/702/624
f 555/627/561 614/701/623 612/703/621
f 616/705/625 615/708/628 613/706/626
f 555/627/561 557/630/563 616/705/625
f 618/707/627 617/758/663 615/708/628
f 557/630/563 563/711/631 618/707/627
f 619/709/629 617/758/663 618/707/627
f 563/711/631 564/638/571 620/710/630
f 381/421/388 619/709/629 620/710/630
f 564/638/571 565/639/572 621/712/632
f 380/424/391 381/421/388 621/712/632
f 565/639/572 567/641/574 622/713/633
f 382/423/390 380/424/391 622/713/633
f 567/641/574 569/643/576 623/714/634
f 372/715/378 382/423/390 623/714/634
f 569/643/576 571/646/579 624/716/635
f 625/717/636 371/417/384 372/411/378
f 573/653/583 625/717/636 624/718/635
f 626/719/637 376/416/383 371/417/384
f 575/655/585 626/719/637 625/717/636
f 628/720/638 627/780/676 376/416/383
f 577/721/639 628/720/638 626/719/637
f 629/722/640 627/780/676 628/720/638
f 584/661/591 630/723/641 628/720/638
f 631/724/642 629/722/640 630/723/641
f 585/663/593 587/665/595 630/723/641
f 633/725/643 632/768/671 629/722/640
f 634/726/644 633/725/643 631/724/642
f 587/665/595 588/667/597 635/727/645
f 636/728/646 634/726/644 635/727/645
f 588/667/597 589/668/598 637/729/647
f 638/730/648 636/777/646 637/731/647
f 589/733/598 591/670/600 639/732/649
f 640/734/650 638/730/648 639/732/649
f 591/670/600 593/674/602 641/735/651
f 369/408/375 640/739/650 641/736/651
f 593/737/602 595/676/604 368/407/374
f 643/738/652 642/778/675 638/730/648
f 370/409/376 643/852/652 640/739/650
f 644/740/653 642/776/675 643/741/652
f 363/400/367 645/748/654 643/743/652
f 646/745/655 644/740/653 645/742/654
f 363/400/367 359/401/368 647/747/656
f 359/401/368 360/397/364 607/749/619
f 609/700/622 646/745/655 647/746/656
f 649/750/657 648/853/673 644/740/653
f 611/751/624 649/750/657 646/745/655
f 650/752/658 648/772/673 649/753/657
f 611/702/624 613/706/626 651/754/659
f 653/755/660 652/765/669 650/752/658
f 615/708/628 653/755/660 651/754/659
f 654/756/661 652/765/669 653/755/660
f 617/758/663 655/757/662 653/755/660
f 656/759/664 654/756/661 655/757/662
f 617/758/663 619/709/629 657/760/665
f 377/422/389 378/418/385 656/759/664
f 619/709/629 381/421/388 377/422/389
f 378/418/385 374/832/381 658/761/666
f 658/761/666 659/766/668 654/756/661
f 660/762/667 632/768/671 659/763/668
f 652/765/669 654/756/661 659/766/668
f 632/768/671 633/725/643 661/769/670
f 650/752/658 652/765/669 661/767/670
f 633/725/643 634/726/644 662/771/672
f 648/772/673 650/752/658 662/770/672
f 634/726/644 636/728/646 663/774/674
f 644/740/653 648/853/673 663/775/674
f 636/777/646 638/730/648 642/778/675
f 375/415/382 376/416/383 627/780/676
f 658/764/666 374/414/381 375/415/382
f 629/722/640 632/768/671 660/762/667
f 366/781/371 603/688/612 604/690/614
f 598/681/607 600/683/609 603/782/612
f 366/404/371 367/406/373 597/680/606
f 367/406/373 368/407/374 595/676/604
f 577/721/639 578/654/584 580/660/590
f 558/631/564 560/635/568 563/711/631
f 532/685/611 533/602/539 537/783/545
f 323/785/335 664/788/679 536/786/677
f 531/604/541 330/600/343 331/787/678
f 460/515/469 535/605/542 536/786/677
f 321/789/334 665/790/680 664/788/679
f 665/790/680 458/512/467 460/515/469
f 322/791/681 666/792/682 665/790/680
f 456/509/465 458/512/467 665/790/680
f 668/793/683 667/794/684 666/792/682
f 454/501/461 456/509/465 666/792/682
f 387/429/396 388/826/686 668/795/683
f 322/797/681 318/363/333 669/796/685
f 388/798/686 451/800/688 667/794/684
f 386/428/395 387/429/396 669/796/685
f 318/363/333 319/360/330 670/799/687
f 440/491/451 386/428/395 670/799/687
f 319/360/330 333/828/703 439/490/450
f 451/800/688 452/850/460 454/501/461
f 461/516/470 463/607/471 535/605/542
f 484/633/566 485/548/494 489/552/498
f 345/801/353 672/854/696 671/802/689
f 344/804/352 345/801/353 488/803/690
f 673/805/691 487/550/496 488/803/690
f 671/806/689 675/812/695 674/807/692
f 407/452/417 487/550/496 673/805/691
f 674/807/692 404/448/413 405/449/414
f 676/810/693 354/396/361 358/811/694
f 672/813/696 676/810/693 675/812/695
f 389/431/398 674/807/692 675/812/695
f 677/814/697 353/390/360 354/391/361
f 678/816/698 677/814/697 676/815/693
f 672/818/696 345/383/353 346/384/354
f 679/820/699 446/823/702 677/814/697
f 347/821/700 679/824/699 678/819/698
f 450/822/701 445/496/456 446/823/702
f 327/369/339 450/827/701 679/824/699
f 446/823/702 443/494/454 353/390/360
f 389/431/398 403/446/411 404/448/413
f 383/430/397 447/497/457 451/825/688
f 327/369/339 328/370/340 449/508/459
f 333/828/703 334/375/345 437/829/704
f 334/375/345 337/377/347 435/487/448
f 306/351/321 307/347/317 680/830/705
f 680/830/705 357/432/399 355/393/362
f 403/446/411 389/431/398 357/432/399
f 401/445/410 403/446/411 680/830/705
f 373/831/380 379/420/387 382/423/390
f 374/832/381 378/418/385 379/420/387
f 362/403/370 363/400/367 370/744/376
f 364/402/369 362/403/370 365/833/377
f 326/368/338 348/385/355 349/834/478
f 327/369/339 347/821/700 348/385/355
f 320/362/332 332/372/342 333/828/703
f 320/362/332 323/365/335 331/835/678
f 324/836/341 316/357/327 317/358/328
f 315/524/477 316/357/327 324/836/341
f 684/14/706 683/10/733 699/10/707
f 699/10/707 683/10/733 685/15/709
f 695/38/711 688/38/721 681/39/712
f 681/39/712 682/45/734 694/45/714
f 687/276/715 686/274/724 693/274/716
f 694/45/714 682/45/734 687/277/715
f 702/297/718 701/298/735 690/298/719
f 690/298/719 701/298/735 688/38/721
f 689/330/722 700/330/723 702/297/718
f 696/15/710 685/15/709 700/837/723
f 686/274/724 684/14/706 697/14/708
f 705/14/725 703/10/739 733/10/10
f 733/10/10 703/10/739 706/15/726
f 737/38/38 707/38/731 704/39/727
f 704/39/727 708/45/729 738/45/45
f 154/152/147 155/156/152 716/156/149
f 155/156/152 159/158/155 717/158/151
f 717/158/151 159/158/155 161/159/158
f 718/159/153 161/159/158 163/161/161
f 719/161/156 163/161/161 165/163/164
f 165/163/164 167/165/168 721/165/162
f 167/165/168 169/167/167 722/167/165
f 722/167/165 169/167/167 171/170/172
f 195/201/198 197/204/204 730/204/202
f 197/204/204 153/149/145 714/149/203
f 714/149/203 153/149/145 154/151/147
f 173/172/173 224/235/234 731/235/231
f 723/170/170 171/170/172 173/172/173
f 224/235/234 226/236/233 732/236/232
f 732/238/232 226/238/233 189/239/238
f 725/239/236 189/239/238 190/196/193
f 726/196/244 190/196/193 191/197/194
f 191/197/194 193/199/196 728/199/250
f 193/199/196 195/201/198 729/201/201
f 740/276/267 710/276/740 709/274/728
f 708/45/729 710/277/740 740/277/267
f 711/297/730 712/298/736 742/298/285
f 742/298/285 712/298/736 707/38/731
f 713/330/732 711/297/730 741/297/284
f 736/15/15 706/15/726 713/837/732
f 709/274/728 705/14/725 735/14/14
f 22/14/13 2/10/12 683/10/733
f 699/10/707 703/10/739 705/14/725
f 683/10/733 2/10/12 25/15/310
f 706/15/726 703/10/739 699/10/707
f 44/38/47 6/39/43 681/39/712
f 698/39/713 704/39/727 707/38/731
f 681/39/712 6/39/43 49/45/272
f 708/45/729 704/39/727 698/39/713
f 253/276/270 252/274/315 686/274/724
f 709/274/728 710/276/740 692/276/717
f 682/45/734 49/45/272 253/277/270
f 692/277/717 710/277/740 708/45/729
f 702/297/718 265/297/308 266/298/282
f 712/298/736 711/297/730 691/297/720
f 266/298/282 44/38/47 688/38/721
f 695/38/711 707/38/731 712/298/736
f 283/330/309 265/297/308 702/297/718
f 691/297/720 711/297/730 713/330/732
f 685/15/709 25/15/310 283/837/309
f 689/837/722 713/837/732 706/15/726
f 252/274/315 22/14/13 684/14/706
f 705/14/725 709/274/728 693/274/716
l 289 291
l 290 291
