# Blender 5.1.0
# www.blender.org
mtllib PataEnfrenteIzq.mtl
g Cube.002_Mesh
v -0.004005 -0.045454 0.394180
v -0.076625 -0.074516 0.386480
v -0.146346 -0.102517 0.363680
v -0.210692 -0.128256 0.326680
v -0.267119 -0.150883 0.276780
v -0.313364 -0.169410 0.216080
v -0.347800 -0.183198 0.146780
v -0.368872 -0.191683 0.071580
v -0.376085 -0.194512 -0.006620
v -0.368872 -0.191683 -0.084820
v -0.347800 -0.183198 -0.160020
v -0.313364 -0.169410 -0.229320
v -0.267119 -0.150883 -0.290120
v -0.210692 -0.128256 -0.339920
v -0.146346 -0.102517 -0.377020
v -0.076625 -0.074516 -0.399820
v -0.004005 -0.045454 -0.407520
v 0.068615 -0.016391 -0.399820
v 0.138406 0.011681 -0.377020
v 0.202753 0.037419 -0.339920
v 0.259109 0.059976 -0.290120
v 0.305425 0.078573 -0.229320
v 0.339790 0.092291 -0.160020
v 0.360933 0.100847 -0.084820
v 0.368145 0.103675 -0.006620
v 0.360933 0.100847 0.071580
v 0.339790 0.092291 0.146780
v 0.305425 0.078573 0.216080
v 0.259109 0.059976 0.276780
v 0.068615 -0.016392 0.386480
v 0.202753 0.037419 0.326680
v 0.138406 0.011681 0.363680
v 0.409864 -0.021200 -0.084820
v 0.390490 -0.067727 -0.077820
v 0.396995 -0.065182 -0.006620
v 0.417006 -0.018442 -0.006620
v 0.187267 -0.110437 -0.377020
v 0.251685 -0.084627 -0.339920
v 0.044927 -0.167500 0.394180
v 0.117476 -0.138367 0.386480
v -0.218188 -0.272930 0.276780
v -0.264432 -0.291456 0.216080
v 0.117476 -0.138367 -0.399820
v 0.187267 -0.110437 0.363680
v -0.161831 -0.250373 0.326680
v 0.044927 -0.167500 -0.407520
v 0.251685 -0.084627 0.326680
v -0.097485 -0.224493 0.363680
v -0.027693 -0.196562 -0.399820
v 0.308041 -0.062071 0.276780
v -0.027693 -0.196562 0.386480
v -0.097485 -0.224493 -0.377020
v 0.354286 -0.043544 0.216080
v -0.161831 -0.250373 -0.339920
v 0.388722 -0.029756 0.146780
v -0.218188 -0.272930 -0.290120
v 0.409864 -0.021200 0.071580
v -0.264432 -0.291456 -0.229320
v -0.298869 -0.305245 -0.160020
v -0.320082 -0.313730 -0.084820
v 0.388722 -0.029756 -0.160020
v -0.327153 -0.316558 -0.006620
v 0.354286 -0.043544 -0.229320
v -0.320082 -0.313730 0.071580
v 0.308041 -0.062071 -0.290120
v -0.298869 -0.305245 0.146780
v 0.297788 -0.104851 -0.264720
v 0.324446 -0.115104 -0.285620
v 0.369984 -0.096860 -0.225820
v 0.339932 -0.088021 -0.209420
v -0.273908 -0.334024 -0.077820
v -0.254674 -0.326246 -0.146320
v 0.371256 -0.075506 -0.146320
v -0.280413 -0.336570 -0.006620
v -0.273908 -0.334024 0.064580
v -0.254674 -0.326246 0.132980
v 0.246452 -0.125498 -0.310020
v -0.223350 -0.313730 0.196080
v 0.187904 -0.148974 -0.343820
v 0.124406 -0.174430 0.351280
v 0.058362 -0.200876 0.358280
v -0.181206 -0.296901 0.251380
v 0.124405 -0.174430 -0.364520
v 0.187904 -0.148974 0.330480
v -0.129870 -0.276253 0.296780
v 0.058362 -0.200876 -0.371520
v 0.246452 -0.125498 0.296780
v -0.071322 -0.252777 0.330480
v -0.007823 -0.227322 -0.364520
v 0.297788 -0.104851 0.251380
v -0.007823 -0.227322 0.351280
v -0.071322 -0.252777 -0.343820
v 0.339932 -0.088021 0.196080
v -0.129870 -0.276253 -0.310020
v 0.371256 -0.075506 0.132980
v -0.181206 -0.296901 -0.264720
v 0.390490 -0.067727 0.064580
v -0.223350 -0.313730 -0.209420
v 0.205581 -0.162692 -0.371120
v 0.136921 -0.190198 -0.393520
v 0.193348 -0.330913 -0.393520
v 0.262008 -0.303406 -0.371120
v -0.272776 -0.354389 0.144280
v -0.293636 -0.362803 0.070280
v 0.268938 -0.137377 -0.334620
v -0.238906 -0.340883 0.212480
v 0.136921 -0.190198 0.380180
v 0.065504 -0.218907 0.387780
v -0.193368 -0.322639 0.272280
v 0.205581 -0.162692 0.357780
v -0.137931 -0.300436 0.321280
v 0.065503 -0.218907 -0.401120
v 0.268938 -0.137378 0.321280
v -0.074645 -0.275051 0.357780
v -0.005914 -0.247474 -0.393520
v 0.324446 -0.115104 0.272280
v -0.005914 -0.247474 0.380180
v -0.074645 -0.275051 -0.371120
v 0.369984 -0.096860 0.212480
v -0.137931 -0.300436 -0.334620
v 0.403783 -0.083284 0.144280
v -0.193368 -0.322639 -0.285620
v 0.424572 -0.074940 0.070280
v -0.238906 -0.340883 -0.225820
v 0.431643 -0.072112 -0.006620
v -0.272776 -0.354389 -0.157620
v 0.424572 -0.074940 -0.083620
v -0.293636 -0.362803 -0.083620
v 0.403783 -0.083284 -0.157620
v -0.300636 -0.365561 -0.006620
v -0.018218 -0.415765 -0.371120
v 0.012329 -0.448434 -0.332120
v 0.073635 -0.423897 -0.352120
v 0.050442 -0.388259 -0.393520
v 0.262008 -0.303406 0.357780
v 0.193348 -0.330913 0.380180
v -0.081575 -0.441080 0.321280
v -0.137012 -0.463283 0.272280
v 0.121860 -0.359550 -0.401120
v 0.325295 -0.278021 0.321280
v -0.018218 -0.415765 0.357780
v 0.380802 -0.255889 0.272280
v 0.050442 -0.388259 0.380180
v 0.426340 -0.237645 0.212480
v 0.121860 -0.359550 0.387780
v -0.081575 -0.441080 -0.334620
v 0.460210 -0.223998 0.144280
v -0.137012 -0.463283 -0.285620
v 0.480999 -0.215654 0.070280
v -0.182550 -0.481526 -0.225820
v 0.488070 -0.212826 -0.006620
v -0.216420 -0.495174 -0.157620
v 0.480999 -0.215654 -0.083620
v -0.237209 -0.503517 -0.083620
v 0.460210 -0.223998 -0.157620
v -0.244280 -0.506346 -0.006620
v 0.426340 -0.237645 -0.225820
v -0.237209 -0.503517 0.070280
v 0.380802 -0.255889 -0.285620
v -0.216420 -0.495174 0.144280
v 0.325294 -0.278021 -0.334620
v -0.182550 -0.481526 0.212480
v -0.134466 -0.507265 -0.202320
v -0.147972 -0.565601 -0.225220
v -0.102576 -0.547358 -0.284820
v -0.093808 -0.490931 -0.255720
v 0.409299 -0.289335 0.189080
v 0.368640 -0.305669 0.242480
v 0.073635 -0.423897 0.338880
v 0.137416 -0.398300 0.345580
v -0.044240 -0.471061 -0.299520
v 0.439492 -0.277243 0.128180
v 0.458089 -0.269818 0.062080
v 0.464382 -0.267202 -0.006620
v -0.164660 -0.519357 -0.141420
v 0.458089 -0.269818 -0.075420
v -0.183257 -0.526781 -0.075420
v 0.439492 -0.277243 -0.141420
v -0.189621 -0.529327 -0.006620
v 0.409299 -0.289335 -0.202320
v -0.183257 -0.526781 0.062080
v 0.368640 -0.305669 -0.255720
v -0.164660 -0.519357 0.128180
v 0.319072 -0.325539 -0.299520
v -0.134466 -0.507265 0.189080
v 0.262503 -0.348166 -0.332120
v 0.201197 -0.372703 0.338880
v -0.093808 -0.490931 0.242480
v 0.201197 -0.372703 -0.352120
v 0.262504 -0.348166 0.318780
v -0.044239 -0.471061 0.286280
v 0.137416 -0.398300 -0.358920
v 0.319072 -0.325539 0.286280
v 0.012329 -0.448434 0.318780
v -0.153841 -0.729297 -0.006620
v -0.146770 -0.726468 -0.083420
v -0.202490 -0.587451 -0.083420
v -0.209490 -0.590209 -0.006620
v 0.513809 -0.300366 0.070080
v 0.520880 -0.297537 -0.006620
v -0.181701 -0.579107 -0.157220
v 0.513809 -0.300366 -0.083420
v 0.493091 -0.308639 -0.157220
v 0.459291 -0.322215 -0.225220
v -0.202490 -0.587451 0.070080
v 0.413895 -0.340458 -0.284820
v -0.181701 -0.579107 0.143880
v 0.358528 -0.362591 -0.333820
v -0.147972 -0.565601 0.211880
v 0.295455 -0.387905 -0.370120
v 0.226865 -0.415341 0.379180
v 0.155730 -0.443908 0.386780
v -0.102576 -0.547358 0.271580
v 0.226865 -0.415341 -0.392520
v 0.295455 -0.387905 0.356780
v -0.047209 -0.525226 0.320480
v 0.155730 -0.443908 -0.400120
v 0.358528 -0.362591 0.320480
v 0.015865 -0.499911 0.356780
v 0.084454 -0.472475 -0.392520
v 0.413895 -0.340458 0.271580
v 0.084454 -0.472475 0.379180
v 0.015865 -0.499911 -0.370120
v 0.459291 -0.322215 0.211880
v -0.047209 -0.525226 -0.333820
v 0.493091 -0.308639 0.143880
v -0.092252 -0.704619 0.211880
v -0.024441 -0.749803 0.181280
v -0.052725 -0.762955 0.122780
v -0.125981 -0.718124 0.143880
v 0.515011 -0.461232 -0.225220
v 0.548740 -0.447727 -0.157220
v -0.146770 -0.726468 0.070080
v 0.469615 -0.479476 -0.284820
v 0.414248 -0.501608 -0.333820
v 0.351175 -0.526923 -0.370120
v 0.282656 -0.554429 0.379180
v 0.211450 -0.582925 0.386780
v -0.046856 -0.686375 0.271580
v 0.282656 -0.554429 -0.392520
v 0.351175 -0.526923 0.356780
v 0.008511 -0.664243 0.320480
v 0.211450 -0.582925 -0.400120
v 0.414248 -0.501608 0.320480
v 0.071585 -0.638928 0.356780
v 0.140174 -0.611493 -0.392520
v 0.469615 -0.479476 0.271580
v 0.140174 -0.611493 0.379180
v 0.071585 -0.638928 -0.370120
v 0.515011 -0.461232 0.211880
v 0.008511 -0.664243 -0.333820
v 0.548740 -0.447727 0.143880
v -0.046856 -0.686375 -0.284820
v 0.569529 -0.439383 0.070080
v -0.092252 -0.704619 -0.225220
v 0.576600 -0.436554 -0.006620
v -0.125981 -0.718124 -0.157220
v 0.569529 -0.439383 -0.083420
v -0.098404 -0.829564 -0.082620
v -0.078251 -0.820301 -0.155720
v -0.052725 -0.762955 -0.136120
v -0.070190 -0.771087 -0.072620
v 0.348346 -0.577127 -0.319220
v 0.401450 -0.552449 -0.288020
v 0.290717 -0.603785 0.325180
v 0.230896 -0.631504 0.331680
v 0.013743 -0.732125 0.232580
v 0.290717 -0.603785 -0.338520
v 0.348346 -0.577127 0.305980
v 0.060342 -0.710558 0.274680
v 0.230896 -0.631504 -0.345020
v 0.401450 -0.552449 0.274680
v 0.113375 -0.685951 0.305980
v 0.171004 -0.659293 -0.338520
v 0.447907 -0.530882 0.232580
v 0.171004 -0.659293 0.325180
v 0.113375 -0.685951 -0.319220
v 0.486091 -0.513205 0.181280
v 0.060342 -0.710558 -0.288020
v 0.514516 -0.500053 0.122780
v 0.013743 -0.732125 -0.245920
v 0.531911 -0.491991 0.059380
v -0.024441 -0.749803 -0.194620
v 0.537780 -0.489234 -0.006620
v 0.531911 -0.491991 -0.072620
v 0.514516 -0.500053 -0.136120
v -0.076130 -0.773773 -0.006620
v 0.486091 -0.513205 -0.194620
v -0.070190 -0.771087 0.059380
v 0.447907 -0.530882 -0.245920
v -0.078251 -0.820301 0.142380
v -0.019137 -0.947722 0.142380
v -0.039290 -0.956985 0.069280
v -0.098404 -0.829564 0.069280
v 0.574691 -0.517659 -0.155720
v 0.594773 -0.508326 -0.082620
v -0.105192 -0.832676 -0.006620
v 0.542023 -0.532791 -0.223020
v 0.498041 -0.553156 -0.282020
v 0.444513 -0.577976 -0.330520
v -0.045654 -0.805098 0.209680
v 0.383419 -0.606260 -0.366520
v 0.317163 -0.637019 0.375380
v 0.248220 -0.668910 0.382780
v -0.001672 -0.784734 0.268780
v 0.317163 -0.637019 -0.388620
v 0.383419 -0.606260 0.353180
v 0.051856 -0.759914 0.317180
v 0.248220 -0.668910 -0.396120
v 0.444513 -0.577976 0.317180
v 0.112950 -0.731630 0.353180
v 0.179277 -0.700942 -0.388620
v 0.498041 -0.553156 0.268780
v 0.179277 -0.700942 0.375380
v 0.112950 -0.731630 -0.366520
v 0.542023 -0.532791 0.209680
v 0.051856 -0.759914 -0.330520
v 0.574691 -0.517659 0.142380
v -0.001672 -0.784734 -0.282020
v 0.594773 -0.508326 0.069280
v -0.045654 -0.805098 -0.223020
v 0.601632 -0.505144 -0.006620
v 0.124476 -0.961793 0.229180
v 0.057372 -0.912225 0.268780
v 0.110970 -0.887476 0.317180
v 0.169024 -0.937893 0.270580
v 0.503627 -0.705396 -0.330520
v 0.557155 -0.680577 -0.282020
v 0.013531 -0.932590 0.209680
v 0.442462 -0.733751 -0.366520
v 0.376206 -0.764510 0.375380
v 0.307263 -0.796401 0.382780
v 0.376206 -0.764510 -0.388620
v 0.442462 -0.733751 0.353180
v 0.307263 -0.796401 -0.396120
v 0.503627 -0.705396 0.317180
v 0.172064 -0.859051 0.353180
v 0.238391 -0.828362 -0.388620
v 0.557155 -0.680577 0.268780
v 0.238391 -0.828362 0.375380
v 0.172064 -0.859051 -0.366520
v 0.601137 -0.660212 0.209680
v 0.110970 -0.887476 -0.330520
v 0.633805 -0.645080 0.142380
v 0.057372 -0.912225 -0.282020
v 0.653887 -0.635746 0.069280
v 0.013531 -0.932590 -0.223020
v 0.660675 -0.632635 -0.006620
v -0.019137 -0.947722 -0.155720
v 0.653887 -0.635746 -0.082620
v -0.039290 -0.956985 -0.082620
v 0.633805 -0.645080 -0.155720
v -0.046078 -0.960238 -0.006620
v 0.601137 -0.660212 -0.223020
v 0.350962 -0.885072 0.370480
v 0.286050 -0.919862 0.363280
v 0.274949 -0.881042 0.320380
v 0.332295 -0.850282 0.326780
v 0.332295 -0.850282 -0.340120
v 0.389570 -0.819453 -0.333720
v 0.495495 -0.762601 0.270580
v 0.444725 -0.789896 0.301380
v 0.219794 -0.910599 0.301380
v 0.274948 -0.881042 -0.333720
v 0.539972 -0.738772 0.229180
v 0.219794 -0.910599 -0.314720
v 0.576529 -0.719185 0.178580
v 0.169024 -0.937893 -0.283920
v 0.603682 -0.704618 0.120980
v 0.124476 -0.961793 -0.242420
v 0.620370 -0.695567 0.058380
v 0.087989 -0.981451 -0.191920
v 0.626098 -0.692527 -0.006620
v 0.060836 -0.996017 -0.134220
v 0.620370 -0.695567 -0.071720
v 0.044078 -1.004997 -0.071720
v 0.603682 -0.704618 -0.134220
v 0.038421 -1.007967 -0.006620
v 0.576529 -0.719185 -0.191920
v 0.044078 -1.004997 0.058380
v 0.539972 -0.738772 -0.242420
v 0.060836 -0.996017 0.120980
v 0.495495 -0.762601 -0.283920
v 0.087989 -0.981451 0.178580
v 0.444725 -0.789896 -0.314720
v 0.389571 -0.819453 0.320380
v 0.043937 -1.049828 -0.151020
v 0.105031 -1.163672 -0.151020
v 0.135790 -1.147197 -0.216220
v 0.074625 -1.033423 -0.216220
v 0.166337 -0.984138 -0.320220
v 0.223754 -0.953308 -0.355120
v 0.627229 -0.736792 0.202880
v 0.657917 -0.720245 0.137680
v 0.115920 -1.011220 -0.273320
v 0.676797 -0.710134 0.066880
v 0.683232 -0.706669 -0.006620
v 0.676797 -0.710134 -0.080220
v 0.024986 -1.060010 -0.080220
v 0.657917 -0.720245 -0.151020
v 0.018622 -1.063405 -0.006620
v 0.627229 -0.736792 -0.216220
v 0.024986 -1.060010 0.066880
v 0.585863 -0.758924 -0.273320
v 0.043937 -1.049828 0.137680
v 0.535517 -0.785936 -0.320220
v 0.074625 -1.033423 0.202880
v 0.478100 -0.816766 -0.355120
v 0.415733 -0.850283 0.363280
v 0.115920 -1.011220 0.259980
v 0.415733 -0.850283 -0.376520
v 0.478100 -0.816766 0.341780
v 0.166337 -0.984138 0.306880
v 0.350962 -0.885072 -0.383820
v 0.535517 -0.785936 0.306880
v 0.223754 -0.953308 0.341780
v 0.286050 -0.919862 -0.376520
v 0.585863 -0.758924 0.259980
v 0.169236 -1.211755 -0.006620
v 0.079716 -1.177249 -0.006620
v 0.086080 -1.173855 0.066880
v 0.174327 -1.208503 0.054880
v 0.737962 -0.823907 -0.080220
v 0.744326 -0.820513 -0.006620
v 0.086080 -1.173855 -0.080220
v 0.719011 -0.834090 -0.151020
v 0.688252 -0.850565 -0.216220
v 0.646957 -0.872769 -0.273320
v 0.105031 -1.163672 0.137680
v 0.596611 -0.899780 -0.320220
v 0.135790 -1.147197 0.202880
v 0.539194 -0.930610 -0.355120
v 0.412057 -0.998916 0.370480
v 0.476827 -0.964127 0.363280
v 0.177085 -1.124993 0.259980
v 0.476827 -0.964127 -0.376520
v 0.539194 -0.930610 0.341780
v 0.227431 -1.097982 0.306880
v 0.412056 -0.998916 -0.383820
v 0.596611 -0.899780 0.306880
v 0.284848 -1.067152 0.341780
v 0.347215 -1.033635 -0.376520
v 0.646957 -0.872769 0.259980
v 0.347215 -1.033635 0.363280
v 0.284848 -1.067152 -0.355120
v 0.688252 -0.850565 0.202880
v 0.227431 -1.097982 -0.320220
v 0.719011 -0.834090 0.137680
v 0.177085 -1.124993 -0.273320
v 0.737962 -0.823907 0.066880
v 0.434401 -1.040636 0.308980
v 0.486161 -1.007260 0.302880
v 0.526183 -1.051525 0.350980
v 0.466362 -1.090133 0.358080
v 0.621996 -0.919650 -0.229820
v 0.654948 -0.898295 -0.182020
v 0.189459 -1.198745 0.114080
v 0.581762 -0.945600 -0.269120
v 0.213925 -1.182905 0.168680
v 0.535942 -0.975157 -0.298220
v 0.246947 -1.161622 0.216480
v 0.486161 -1.007260 -0.316220
v 0.535942 -0.975157 0.284880
v 0.287111 -1.135741 0.255780
v 0.434401 -1.040636 -0.322220
v 0.581762 -0.945600 0.255780
v 0.333002 -1.106114 0.284880
v 0.382711 -1.074082 -0.316220
v 0.621996 -0.919650 0.216480
v 0.382712 -1.074082 0.302880
v 0.333002 -1.106114 -0.298220
v 0.654948 -0.898295 0.168680
v 0.287111 -1.135741 -0.269120
v 0.679484 -0.882527 0.114080
v 0.246947 -1.161622 -0.229820
v 0.694546 -0.872839 0.054880
v 0.213925 -1.182905 -0.182020
v 0.699566 -0.869516 -0.006620
v 0.189459 -1.198745 -0.127420
v 0.694546 -0.872839 -0.068220
v 0.174327 -1.208503 -0.068220
v 0.679484 -0.882527 -0.127420
v 0.683020 -0.950267 0.251180
v 0.752882 -1.058596 0.251180
v 0.706496 -1.088578 0.296580
v 0.636634 -0.980249 0.296580
v 0.249634 -1.229928 0.251180
v 0.211592 -1.254535 0.195980
v 0.526183 -1.051525 -0.364320
v 0.583601 -1.014473 -0.343620
v 0.583601 -1.014473 0.330280
v 0.296162 -1.199947 0.296580
v 0.466362 -1.090133 -0.371320
v 0.349124 -1.165794 0.330280
v 0.406612 -1.128670 -0.364320
v 0.406612 -1.128670 0.350980
v 0.349124 -1.165794 -0.343620
v 0.721133 -0.925731 0.195980
v 0.296162 -1.199947 -0.309920
v 0.749488 -0.907417 0.132880
v 0.249634 -1.229928 -0.264520
v 0.766953 -0.896174 0.064480
v 0.211592 -1.254535 -0.209220
v 0.772822 -0.892426 -0.006620
v 0.183307 -1.272779 -0.146220
v 0.766953 -0.896174 -0.077820
v 0.165842 -1.284022 -0.077820
v 0.749488 -0.907417 -0.146220
v 0.159902 -1.287840 -0.006620
v 0.721133 -0.925731 -0.209220
v 0.165842 -1.284022 0.064480
v 0.683020 -0.950267 -0.264520
v 0.183307 -1.272779 0.132880
v 0.636634 -0.980249 -0.309920
v 0.795662 -1.047919 0.052980
v 0.781449 -1.057889 0.110280
v 0.819350 -1.015746 0.132880
v 0.836745 -1.004432 0.064480
v 0.476474 -1.236999 0.350980
v 0.418916 -1.274052 0.330280
v 0.418915 -1.274052 -0.343620
v 0.476474 -1.236999 -0.364320
v 0.791066 -1.033989 0.195980
v 0.536295 -1.198391 0.358080
v 0.365953 -1.308205 -0.309920
v 0.319567 -1.338186 -0.264520
v 0.281383 -1.362793 -0.209220
v 0.842685 -1.000613 -0.006620
v 0.253099 -1.381037 -0.146220
v 0.836745 -1.004432 -0.077820
v 0.235704 -1.392351 -0.077820
v 0.819350 -1.015746 -0.146220
v 0.229835 -1.396098 -0.006620
v 0.791066 -1.033989 -0.209220
v 0.235704 -1.392351 0.064480
v 0.752882 -1.058596 -0.264520
v 0.253099 -1.381037 0.132880
v 0.706496 -1.088578 -0.309920
v 0.281383 -1.362793 0.195980
v 0.653533 -1.122731 -0.343620
v 0.595975 -1.159783 0.350980
v 0.319567 -1.338186 0.251180
v 0.595975 -1.159783 -0.364320
v 0.653533 -1.122731 0.330280
v 0.365953 -1.308205 0.296580
v 0.536295 -1.198391 -0.371320
v 0.781449 -1.057889 -0.123620
v 0.838583 -1.058596 -0.142820
v 0.855130 -1.047000 -0.076020
v 0.795662 -1.047919 -0.066320
v 0.342760 -1.366895 -0.176520
v 0.373802 -1.345045 -0.222820
v 0.800470 -1.044525 -0.006620
v 0.319638 -1.383229 -0.123620
v 0.305425 -1.393199 -0.066320
v 0.300617 -1.396593 -0.006620
v 0.758327 -1.074223 -0.176520
v 0.305425 -1.393199 0.052980
v 0.727285 -1.096073 -0.222820
v 0.319638 -1.383229 0.110280
v 0.689384 -1.122802 -0.260820
v 0.342760 -1.366895 0.163180
v 0.646180 -1.153136 -0.289020
v 0.599298 -1.186158 0.293180
v 0.550508 -1.220524 0.299080
v 0.373802 -1.345045 0.209480
v 0.599298 -1.186158 -0.306420
v 0.646180 -1.153136 0.275780
v 0.411703 -1.318317 0.247480
v 0.550508 -1.220524 -0.312320
v 0.689384 -1.122802 0.247480
v 0.454907 -1.287982 0.275780
v 0.501788 -1.254960 -0.306420
v 0.727285 -1.096073 0.209480
v 0.501788 -1.254960 0.293180
v 0.454907 -1.287982 -0.289020
v 0.758327 -1.074223 0.163180
v 0.411703 -1.318317 -0.260820
v 0.731386 -1.134115 -0.302520
v 0.804501 -1.237777 -0.302520
v 0.848554 -1.206735 -0.258220
v 0.775580 -1.103073 -0.258220
v 0.278979 -1.452879 -0.006620
v 0.284494 -1.448919 -0.076020
v 0.811713 -1.077547 -0.204320
v 0.284494 -1.448919 0.062780
v 0.301111 -1.437252 0.129480
v 0.327981 -1.418301 0.190980
v 0.681111 -1.169541 -0.335420
v 0.626593 -1.207937 0.342280
v 0.569883 -1.247959 0.349180
v 0.364185 -1.392846 0.244980
v 0.626593 -1.207937 -0.355620
v 0.681111 -1.169541 0.322080
v 0.408238 -1.361804 0.289180
v 0.569883 -1.247959 -0.362420
v 0.731386 -1.134115 0.289180
v 0.458513 -1.326378 0.322080
v 0.513102 -1.287911 -0.355620
v 0.775580 -1.103073 0.244980
v 0.513102 -1.287911 0.342280
v 0.458513 -1.326378 -0.335420
v 0.811713 -1.077547 0.190980
v 0.408238 -1.361804 -0.302520
v 0.838583 -1.058596 0.129480
v 0.364185 -1.392846 -0.258220
v 0.855130 -1.047000 0.062780
v 0.327981 -1.418301 -0.204320
v 0.860786 -1.043040 -0.006620
v 0.301111 -1.437252 -0.142820
v 0.642856 -1.351621 -0.362420
v 0.671353 -1.391997 -0.316720
v 0.716466 -1.351833 -0.310720
v 0.699566 -1.311599 -0.355620
v 0.400955 -1.521963 0.190980
v 0.374085 -1.540914 0.129480
v 0.754155 -1.273132 -0.335420
v 0.699566 -1.311599 0.342280
v 0.642856 -1.351621 0.349180
v 0.437159 -1.496507 0.244980
v 0.754155 -1.273132 0.322080
v 0.481212 -1.465465 0.289180
v 0.804501 -1.237777 0.289180
v 0.531558 -1.429969 0.322080
v 0.586075 -1.391573 -0.355620
v 0.848554 -1.206735 0.244980
v 0.586075 -1.391573 0.342280
v 0.531558 -1.429969 -0.335420
v 0.884687 -1.181208 0.190980
v 0.481212 -1.465465 -0.302520
v 0.911557 -1.162258 0.129480
v 0.437159 -1.496507 -0.258220
v 0.928174 -1.150591 0.062780
v 0.400955 -1.521963 -0.204320
v 0.933760 -1.146702 -0.006620
v 0.374085 -1.540914 -0.142820
v 0.928174 -1.150591 -0.076020
v 0.357609 -1.552581 -0.076020
v 0.911557 -1.162258 -0.142820
v 0.351952 -1.556541 -0.006620
v 0.884687 -1.181208 -0.204320
v 0.357609 -1.552581 0.062780
v 0.542871 -1.506760 -0.264420
v 0.541598 -1.539570 -0.298520
v 0.586853 -1.499124 -0.330920
v 0.582823 -1.471051 -0.293120
v 0.799834 -1.277375 0.251180
v 0.759882 -1.313084 0.279780
v 0.582823 -1.471051 0.279780
v 0.542871 -1.506760 0.251180
v 0.626239 -1.432302 -0.310720
v 0.834906 -1.246121 0.212580
v 0.626239 -1.432302 0.297480
v 0.863686 -1.220453 0.165580
v 0.671353 -1.391997 0.303380
v 0.885040 -1.201361 0.111980
v 0.507799 -1.538015 -0.225920
v 0.898263 -1.189552 0.053880
v 0.479020 -1.563682 -0.178920
v 0.902718 -1.185663 -0.006620
v 0.457665 -1.582774 -0.125320
v 0.898263 -1.189552 -0.067120
v 0.444513 -1.594512 -0.067120
v 0.885040 -1.201361 -0.125320
v 0.439987 -1.598472 -0.006620
v 0.863686 -1.220453 -0.178920
v 0.444513 -1.594512 0.053880
v 0.834906 -1.246121 -0.225920
v 0.457665 -1.582774 0.111980
v 0.799834 -1.277375 -0.264420
v 0.479020 -1.563682 0.165580
v 0.759882 -1.313084 -0.293120
v 0.716466 -1.351833 0.297480
v 0.507799 -1.538015 0.212580
v 0.445078 -1.625625 -0.141020
v 0.527103 -1.717549 -0.141020
v 0.551357 -1.695982 -0.201720
v 0.469332 -1.604058 -0.201720
v 0.904910 -1.215432 0.188380
v 0.929093 -1.193795 0.127680
v 0.501930 -1.574996 -0.254820
v 0.943942 -1.180501 0.061780
v 0.949033 -1.175976 -0.006620
v 0.943942 -1.180501 -0.075120
v 0.430229 -1.638919 -0.075120
v 0.929093 -1.193795 -0.141020
v 0.425209 -1.643373 -0.006620
v 0.904910 -1.215432 -0.201720
v 0.430229 -1.638919 0.061780
v 0.872312 -1.244495 -0.254820
v 0.445078 -1.625625 0.127680
v 0.832644 -1.279921 -0.298520
v 0.469332 -1.604058 0.188380
v 0.787318 -1.320296 -0.330920
v 0.738245 -1.364137 0.337580
v 0.687121 -1.409745 0.344380
v 0.501930 -1.574996 0.241580
v 0.738245 -1.364137 -0.350920
v 0.787318 -1.320296 0.317680
v 0.541598 -1.539570 0.285180
v 0.687121 -1.409745 -0.357720
v 0.832644 -1.279921 0.285180
v 0.586853 -1.499124 0.317680
v 0.635997 -1.455354 -0.350920
v 0.872312 -1.244495 0.241580
v 0.635997 -1.455354 0.337580
v 0.512254 -1.730843 0.061780
v 0.576247 -1.744631 0.054280
v 0.572004 -1.748874 -0.006620
v 0.507162 -1.735368 -0.006620
v 1.025967 -1.272425 -0.075120
v 1.031058 -1.267900 -0.006620
v 0.512254 -1.730843 -0.075120
v 1.011117 -1.285719 -0.141020
v 0.986934 -1.307356 -0.201720
v 0.954337 -1.336418 -0.254820
v 0.527103 -1.717549 0.127680
v 0.914668 -1.371844 -0.298520
v 0.551357 -1.695982 0.188380
v 0.869342 -1.412220 -0.330920
v 0.769145 -1.501669 0.344380
v 0.820269 -1.456061 0.337580
v 0.583954 -1.666920 0.241580
v 0.820269 -1.456061 -0.350920
v 0.869342 -1.412220 0.317680
v 0.623623 -1.631494 0.285180
v 0.769145 -1.501669 -0.357720
v 0.914668 -1.371844 0.285180
v 0.668878 -1.591048 0.317680
v 0.718022 -1.547278 -0.350920
v 0.954337 -1.336418 0.241580
v 0.718022 -1.547278 0.337580
v 0.668878 -1.591048 -0.330920
v 0.986934 -1.307356 0.188380
v 0.623623 -1.631494 -0.298520
v 1.011117 -1.285719 0.127680
v 0.583954 -1.666920 -0.254820
v 1.025967 -1.272425 0.061780
v 0.681252 -1.687568 -0.293220
v 0.723537 -1.645566 -0.325020
v 0.708617 -1.612968 -0.295020
v 0.670363 -1.651081 -0.266220
v 0.949811 -1.373047 -0.227420
v 0.977318 -1.345681 -0.180120
v 0.588904 -1.732115 0.112780
v 0.916224 -1.406351 -0.266220
v 0.609269 -1.711751 0.166780
v 0.877969 -1.444464 -0.295020
v 0.836462 -1.485830 0.299480
v 0.793258 -1.528751 0.305480
v 0.636775 -1.684386 0.214080
v 0.836462 -1.485830 -0.312820
v 0.877969 -1.444464 0.281780
v 0.670363 -1.651081 0.252880
v 0.793258 -1.528751 -0.318820
v 0.916224 -1.406351 0.252880
v 0.708617 -1.612968 0.281780
v 0.750054 -1.571673 -0.312820
v 0.949811 -1.373047 0.214080
v 0.750054 -1.571673 0.299480
v 0.977318 -1.345681 0.166780
v 0.997682 -1.325317 0.112780
v 0.636775 -1.684386 -0.227420
v 1.010339 -1.312801 0.054280
v 0.609269 -1.711751 -0.180120
v 1.014582 -1.308558 -0.006620
v 0.588904 -1.732115 -0.126120
v 1.010339 -1.312801 -0.067520
v 0.576247 -1.744631 -0.067520
v 0.997682 -1.325317 -0.126120
v 0.613865 -1.754672 -0.198120
v 0.591308 -1.777087 -0.138520
v 0.637482 -1.823686 -0.138520
v 0.660039 -1.801270 -0.198120
v 1.042725 -1.327933 0.125180
v 1.020098 -1.350419 0.184780
v 0.644270 -1.724408 -0.250320
v 1.056655 -1.314144 0.060580
v 1.061322 -1.309478 -0.006620
v 1.056655 -1.314144 -0.073920
v 0.577378 -1.790876 -0.073920
v 1.042725 -1.327933 -0.138520
v 0.572640 -1.795614 -0.006620
v 1.020098 -1.350419 -0.198120
v 0.577378 -1.790876 0.060580
v 0.989692 -1.380683 -0.250320
v 0.591308 -1.777087 0.125180
v 0.952710 -1.417524 -0.293220
v 0.613865 -1.754672 0.184780
v 0.910425 -1.459526 -0.325020
v 0.864676 -1.505134 0.331380
v 0.817017 -1.552510 0.337980
v 0.644270 -1.724408 0.237080
v 0.864676 -1.505134 -0.344620
v 0.910425 -1.459526 0.311780
v 0.681252 -1.687568 0.279880
v 0.817017 -1.552510 -0.351320
v 0.952710 -1.417524 0.279880
v 0.723537 -1.645566 0.311780
v 0.769287 -1.599957 -0.344620
v 0.989692 -1.380683 0.237080
v 0.769287 -1.599957 0.331380
v 0.910850 -1.551732 0.331380
v 0.956741 -1.506124 0.311780
v 0.998884 -1.464122 0.279880
v 1.036007 -1.427282 0.237080
v 1.066342 -1.397088 0.184780
v 1.088970 -1.374602 0.125180
v 1.102829 -1.360743 0.060580
v 1.107496 -1.356076 -0.006620
v 1.102829 -1.360743 -0.073920
v 1.088970 -1.374602 -0.138520
v 1.066342 -1.397088 -0.198120
v 1.036007 -1.427282 -0.250320
v 0.998884 -1.464122 -0.293220
v 0.956741 -1.506124 -0.325020
v 0.910850 -1.551732 -0.344620
v 0.863261 -1.599179 -0.351320
v 0.815532 -1.646626 -0.344620
v 0.769711 -1.692164 -0.325020
v 0.727497 -1.734237 -0.293220
v 0.690444 -1.771006 -0.250320
v 0.623623 -1.837545 -0.073920
v 0.618885 -1.842283 -0.006620
v 0.623623 -1.837545 0.060580
v 0.637482 -1.823686 0.125180
v 0.660039 -1.801270 0.184780
v 0.690444 -1.771006 0.237080
v 0.727497 -1.734237 0.279880
v 0.769711 -1.692164 0.311780
v 0.815532 -1.646626 0.331380
v 0.863261 -1.599179 0.337980
v 0.029865 0.011751 0.417280
v 0.029017 0.008923 0.404980
v 0.010137 0.001357 0.407480
v 0.010349 0.003973 0.419880
v -0.008813 -0.006280 0.409080
v -0.009167 -0.003947 0.421480
v 0.012400 0.002205 0.432280
v 0.032482 0.010266 0.429580
v -0.007682 -0.005856 0.433880
v 0.047826 0.016418 0.401480
v 0.048604 0.009135 0.391380
v 0.030290 0.001852 0.394780
v 0.011834 -0.005573 0.397280
v -0.006692 -0.013068 0.398780
v -0.025218 -0.020564 0.399280
v -0.027834 -0.013988 0.409580
v -0.028754 -0.011795 0.421980
v -0.027834 -0.013988 0.434380
v -0.004571 -0.012220 0.444180
v -0.025218 -0.020564 0.444680
v 0.016006 -0.003947 0.442480
v 0.036512 0.004256 0.439780
v 0.056877 0.012458 0.435980
v 0.052351 0.018257 0.425880
v 0.049169 0.019600 0.413680
v 0.055604 -0.052313 0.417280
v 0.036159 -0.060162 0.419880
v 0.034179 -0.058464 0.407480
v 0.053129 -0.050828 0.404980
v 0.056453 -0.049484 0.429580
v 0.036442 -0.057475 0.432280
v 0.016572 -0.068010 0.421480
v 0.015158 -0.066031 0.409080
v 0.016289 -0.065606 0.433880
v 0.071868 -0.043262 0.401480
v 0.049099 -0.044817 0.394780
v 0.067342 -0.037463 0.391380
v 0.074979 -0.044535 0.413680
v 0.076322 -0.041494 0.425880
v 0.075615 -0.034140 0.435980
v 0.055251 -0.042342 0.439780
v 0.034744 -0.050545 0.442480
v 0.014168 -0.058818 0.444180
v -0.003864 -0.073738 0.434380
v -0.006480 -0.067162 0.444680
v -0.002944 -0.075930 0.421980
v -0.003864 -0.073738 0.409580
v 0.012046 -0.059667 0.398780
v -0.006480 -0.067162 0.399280
v 0.030643 -0.052242 0.397280
v 0.131689 -0.021766 0.396780
v 0.113021 -0.029261 0.403380
v 0.108778 -0.028412 0.391480
v 0.126880 -0.021200 0.385080
v 0.134659 -0.017947 0.408480
v 0.115496 -0.025655 0.415280
v 0.094141 -0.036827 0.409080
v 0.090464 -0.035837 0.396980
v 0.096051 -0.033504 0.421080
v 0.121011 -0.015897 0.375380
v 0.138336 -0.008896 0.368180
v 0.144700 -0.013987 0.377680
v 0.149932 -0.014412 0.389180
v 0.153468 -0.010452 0.400680
v 0.154458 -0.002391 0.410180
v 0.135224 -0.010169 0.418180
v 0.115638 -0.018018 0.425180
v 0.095697 -0.026079 0.431080
v 0.085515 -0.030180 0.386980
v 0.103334 -0.022968 0.381680
v 0.202470 0.006731 0.360680
v 0.185429 -0.000128 0.371080
v 0.179065 -0.000128 0.360180
v 0.195611 0.006519 0.349980
v 0.207491 0.011327 0.371380
v 0.189954 0.004256 0.382080
v 0.167893 -0.007199 0.380580
v 0.162024 -0.006987 0.369380
v 0.171923 -0.003027 0.391880
v 0.188116 0.011044 0.341180
v 0.203814 0.017408 0.330480
v 0.211733 0.013024 0.339080
v 0.219017 0.013378 0.349380
v 0.224603 0.018115 0.359680
v 0.227219 0.026813 0.368280
v 0.209753 0.019812 0.380180
v 0.191793 0.012600 0.391180
v 0.173337 0.005175 0.401180
v 0.155306 -0.002108 0.360080
v 0.171923 0.004609 0.351080
v 0.265403 0.032045 0.310380
v 0.250483 0.026035 0.324180
v 0.242351 0.025257 0.314580
v 0.256776 0.031055 0.301180
v 0.272262 0.037348 0.319580
v 0.256988 0.031126 0.333780
v 0.235068 0.019812 0.337180
v 0.227290 0.019247 0.327180
v 0.241007 0.024762 0.347180
v 0.247654 0.035086 0.293580
v 0.261160 0.040531 0.279780
v 0.270565 0.036641 0.286980
v 0.279616 0.037773 0.295780
v 0.286899 0.043218 0.304580
v 0.276009 0.046470 0.327280
v 0.290929 0.052481 0.311880
v 0.260382 0.040177 0.341780
v 0.244119 0.033672 0.355480
v 0.218946 0.023489 0.318980
v 0.233654 0.029429 0.306580
v 0.317941 0.053188 0.247880
v 0.305920 0.048379 0.264480
v 0.296091 0.046895 0.256580
v 0.307900 0.051632 0.240380
v 0.326355 0.059057 0.255280
v 0.313910 0.054107 0.272380
v 0.293121 0.043218 0.280480
v 0.283646 0.041945 0.272180
v 0.300829 0.048804 0.288880
v 0.297505 0.055097 0.234280
v 0.308183 0.059410 0.217880
v 0.318789 0.056016 0.223680
v 0.329254 0.057713 0.230580
v 0.338022 0.063794 0.237480
v 0.343326 0.073482 0.243180
v 0.331376 0.068744 0.261380
v 0.318718 0.063582 0.278880
v 0.305284 0.058208 0.295780
v 0.274029 0.045622 0.265280
v 0.286121 0.050501 0.250080
v 0.358316 0.069381 0.175380
v 0.349407 0.065845 0.194280
v 0.338376 0.063865 0.188480
v 0.346932 0.067330 0.170080
v 0.367792 0.075745 0.180680
v 0.358741 0.072068 0.200180
v 0.339790 0.061885 0.212680
v 0.328971 0.060117 0.206280
v 0.348841 0.068108 0.219080
v 0.335618 0.070441 0.165680
v 0.343184 0.073482 0.147380
v 0.354710 0.070441 0.151280
v 0.366165 0.072563 0.156080
v 0.375994 0.078997 0.160880
v 0.382217 0.089180 0.164780
v 0.373873 0.085785 0.185180
v 0.364539 0.082108 0.204980
v 0.354357 0.078007 0.224380
v 0.318153 0.063441 0.200980
v 0.327345 0.067118 0.183580
v 0.384621 0.079987 0.095880
v 0.379388 0.077866 0.116280
v 0.367509 0.075603 0.112680
v 0.372600 0.077724 0.092880
v 0.394944 0.086634 0.098980
v 0.389570 0.084513 0.119880
v 0.373236 0.075391 0.136380
v 0.361569 0.073199 0.132180
v 0.383207 0.081967 0.140580
v 0.360650 0.080482 0.090380
v 0.364751 0.082179 0.070880
v 0.376772 0.079351 0.072880
v 0.388934 0.081755 0.075280
v 0.399399 0.088402 0.077680
v 0.406117 0.098796 0.079680
v 0.401591 0.096958 0.101480
v 0.396076 0.094695 0.122880
v 0.389571 0.092149 0.143980
v 0.349831 0.076169 0.128680
v 0.355700 0.078502 0.109680
v 0.396147 0.084583 0.012380
v 0.394732 0.084018 0.033480
v 0.382358 0.081543 0.032280
v 0.383702 0.082179 0.011780
v 0.406824 0.091442 0.012980
v 0.405339 0.090806 0.034680
v 0.392328 0.083028 0.054480
v 0.380025 0.080624 0.052680
v 0.402793 0.089816 0.056280
v 0.371539 0.084866 0.011280
v 0.372034 0.085078 -0.008720
v 0.384197 0.082391 -0.008720
v 0.396642 0.084795 -0.008720
v 0.407319 0.091654 -0.008720
v 0.413683 0.101837 0.013480
v 0.414178 0.102049 -0.008720
v 0.412198 0.101200 0.035680
v 0.409652 0.100210 0.057780
v 0.367933 0.083381 0.051080
v 0.370196 0.084371 0.031280
v 0.392328 0.083028 -0.071920
v 0.394732 0.084018 -0.050920
v 0.382358 0.081543 -0.049720
v 0.380025 0.080624 -0.070120
v 0.402793 0.089816 -0.073720
v 0.405339 0.090806 -0.052220
v 0.396147 0.084583 -0.029920
v 0.383702 0.082179 -0.029220
v 0.406824 0.091442 -0.030520
v 0.367933 0.083381 -0.068620
v 0.364751 0.082179 -0.088320
v 0.376772 0.079351 -0.090320
v 0.388934 0.081755 -0.092720
v 0.399399 0.088402 -0.095220
v 0.409652 0.100210 -0.075320
v 0.406117 0.098796 -0.097220
v 0.412198 0.101200 -0.053220
v 0.413683 0.101837 -0.031020
v 0.371539 0.084866 -0.028720
v 0.370196 0.084371 -0.048720
v 0.373236 0.075391 -0.153820
v 0.379388 0.077866 -0.133720
v 0.367509 0.075603 -0.130120
v 0.361569 0.073199 -0.149620
v 0.383207 0.081967 -0.158020
v 0.389570 0.084513 -0.137420
v 0.384621 0.079987 -0.113420
v 0.372600 0.077724 -0.110420
v 0.394944 0.086634 -0.116420
v 0.349831 0.076169 -0.146220
v 0.343184 0.073482 -0.164820
v 0.354710 0.070441 -0.168820
v 0.366165 0.072563 -0.173520
v 0.375994 0.078997 -0.178320
v 0.389571 0.092149 -0.161520
v 0.382217 0.089180 -0.182220
v 0.396076 0.094695 -0.140320
v 0.401591 0.096958 -0.118920
v 0.360650 0.080482 -0.107820
v 0.355700 0.078502 -0.127120
v 0.339790 0.061885 -0.230120
v 0.349407 0.065845 -0.211820
v 0.338376 0.063865 -0.205920
v 0.328971 0.060117 -0.223820
v 0.348841 0.068108 -0.236520
v 0.358741 0.072068 -0.217620
v 0.358316 0.069381 -0.192920
v 0.346932 0.067330 -0.187620
v 0.367792 0.075745 -0.198220
v 0.318153 0.063441 -0.218520
v 0.308183 0.059410 -0.235420
v 0.318789 0.056016 -0.241120
v 0.329254 0.057713 -0.248020
v 0.338022 0.063794 -0.254920
v 0.354357 0.078007 -0.241820
v 0.343326 0.073482 -0.260620
v 0.364539 0.082108 -0.222520
v 0.373873 0.085785 -0.202620
v 0.335618 0.070441 -0.183220
v 0.327345 0.067118 -0.201020
v 0.293121 0.043218 -0.298020
v 0.305920 0.048379 -0.282020
v 0.296091 0.046895 -0.274120
v 0.283646 0.041945 -0.289620
v 0.300829 0.048804 -0.306320
v 0.313910 0.054107 -0.289820
v 0.317941 0.053188 -0.265320
v 0.307900 0.051632 -0.257920
v 0.326355 0.059057 -0.272720
v 0.274029 0.045622 -0.282720
v 0.261160 0.040531 -0.297220
v 0.270565 0.036641 -0.304520
v 0.279615 0.037773 -0.313320
v 0.286899 0.043218 -0.322120
v 0.305283 0.058208 -0.313220
v 0.290929 0.052481 -0.329420
v 0.318718 0.063582 -0.296420
v 0.331376 0.068744 -0.278820
v 0.297505 0.055097 -0.251720
v 0.286121 0.050501 -0.267520
v 0.235068 0.019812 -0.354720
v 0.250483 0.026035 -0.341720
v 0.242351 0.025257 -0.332020
v 0.227290 0.019247 -0.344720
v 0.241007 0.024762 -0.364720
v 0.256988 0.031126 -0.351320
v 0.265403 0.032045 -0.327920
v 0.256776 0.031055 -0.318620
v 0.272262 0.037349 -0.337120
v 0.218946 0.023489 -0.336420
v 0.203814 0.017408 -0.347920
v 0.211733 0.013024 -0.356520
v 0.219016 0.013378 -0.366820
v 0.224603 0.018115 -0.377220
v 0.244119 0.033672 -0.372920
v 0.227219 0.026813 -0.385720
v 0.260382 0.040177 -0.359220
v 0.276009 0.046470 -0.344720
v 0.247654 0.035086 -0.311020
v 0.233653 0.029429 -0.324120
v 0.167893 -0.007199 -0.398120
v 0.185429 -0.000128 -0.388620
v 0.179065 -0.000128 -0.377620
v 0.162024 -0.006987 -0.386820
v 0.171923 -0.003027 -0.409320
v 0.189954 0.004256 -0.399520
v 0.202470 0.006731 -0.378120
v 0.195611 0.006519 -0.367520
v 0.207491 0.011327 -0.388820
v 0.155306 -0.002108 -0.377520
v 0.138336 -0.008896 -0.385620
v 0.144700 -0.013987 -0.395220
v 0.149932 -0.014412 -0.406620
v 0.153468 -0.010452 -0.418120
v 0.173337 0.005175 -0.418620
v 0.154458 -0.002391 -0.427620
v 0.191793 0.012600 -0.408620
v 0.209753 0.019812 -0.397720
v 0.188116 0.011044 -0.358620
v 0.171923 0.004610 -0.368520
v 0.094141 -0.036827 -0.426520
v 0.113021 -0.029261 -0.420920
v 0.108778 -0.028412 -0.409020
v 0.090464 -0.035837 -0.414520
v 0.096051 -0.033504 -0.438620
v 0.115496 -0.025655 -0.432820
v 0.131689 -0.021766 -0.414220
v 0.126880 -0.021200 -0.402520
v 0.134659 -0.017947 -0.426020
v 0.085515 -0.030180 -0.404520
v 0.067342 -0.037463 -0.408920
v 0.071867 -0.043262 -0.419020
v 0.074979 -0.044534 -0.431220
v 0.076322 -0.041494 -0.443320
v 0.095697 -0.026079 -0.448620
v 0.075615 -0.034140 -0.453520
v 0.115637 -0.018018 -0.442620
v 0.135224 -0.010169 -0.435720
v 0.121011 -0.015897 -0.392820
v 0.103334 -0.022968 -0.399120
v 0.016572 -0.068010 -0.438920
v 0.036159 -0.060161 -0.437420
v 0.034179 -0.058464 -0.425020
v 0.015158 -0.066030 -0.426520
v 0.016289 -0.065606 -0.451320
v 0.036441 -0.057475 -0.449720
v 0.055604 -0.052313 -0.434820
v 0.053129 -0.050828 -0.422520
v 0.056453 -0.049484 -0.447120
v 0.012046 -0.059666 -0.416220
v -0.006480 -0.067162 -0.416720
v -0.003864 -0.073738 -0.427020
v -0.002944 -0.075930 -0.439420
v -0.003864 -0.073738 -0.451920
v 0.014168 -0.058818 -0.461620
v -0.006480 -0.067162 -0.462220
v 0.034744 -0.050545 -0.460020
v 0.055251 -0.042342 -0.457320
v 0.049099 -0.044817 -0.412320
v 0.030643 -0.052242 -0.414720
v -0.061564 -0.099477 -0.434820
v -0.042118 -0.091628 -0.437420
v -0.041906 -0.089011 -0.425020
v -0.060786 -0.096577 -0.422520
v -0.064180 -0.097992 -0.447120
v -0.044098 -0.089931 -0.449720
v -0.022531 -0.083779 -0.438920
v -0.022955 -0.081375 -0.426520
v -0.024016 -0.081870 -0.451320
v -0.062059 -0.089506 -0.412320
v -0.080302 -0.096860 -0.408920
v -0.079524 -0.104144 -0.419020
v -0.080938 -0.107255 -0.431220
v -0.084049 -0.105982 -0.443320
v -0.068210 -0.091981 -0.457320
v -0.088575 -0.100184 -0.453520
v -0.047704 -0.083779 -0.460020
v -0.027127 -0.075506 -0.461620
v -0.025077 -0.074586 -0.416220
v -0.043603 -0.082082 -0.414720
v -0.137648 -0.130024 -0.414220
v -0.118981 -0.122528 -0.420920
v -0.116506 -0.119064 -0.409020
v -0.134608 -0.126276 -0.402520
v -0.142386 -0.129387 -0.426020
v -0.123223 -0.121680 -0.432820
v -0.100101 -0.114962 -0.426520
v -0.098192 -0.111639 -0.414520
v -0.103707 -0.113902 -0.438620
v -0.133971 -0.118427 -0.392820
v -0.151295 -0.125427 -0.385620
v -0.152356 -0.133418 -0.395220
v -0.155892 -0.137377 -0.406620
v -0.161195 -0.137024 -0.418120
v -0.148184 -0.124155 -0.435720
v -0.167488 -0.131862 -0.427620
v -0.128597 -0.116306 -0.442620
v -0.108728 -0.108316 -0.448620
v -0.098475 -0.104143 -0.404520
v -0.116364 -0.111285 -0.399120
v -0.208430 -0.158520 -0.378120
v -0.191388 -0.151661 -0.388620
v -0.186792 -0.147348 -0.377620
v -0.203338 -0.153995 -0.367520
v -0.215218 -0.158661 -0.388820
v -0.197611 -0.151661 -0.399520
v -0.173852 -0.144590 -0.398120
v -0.169751 -0.140489 -0.386820
v -0.179650 -0.144449 -0.409320
v -0.201076 -0.145368 -0.358620
v -0.216773 -0.151732 -0.347920
v -0.219390 -0.160429 -0.356520
v -0.224976 -0.165167 -0.366820
v -0.232259 -0.165520 -0.377220
v -0.222713 -0.154136 -0.397720
v -0.240179 -0.161136 -0.385720
v -0.204753 -0.146924 -0.408620
v -0.186297 -0.139499 -0.418620
v -0.168337 -0.132286 -0.377520
v -0.184883 -0.138933 -0.368520
v -0.271362 -0.183834 -0.327920
v -0.256442 -0.177824 -0.341720
v -0.250078 -0.172733 -0.332020
v -0.264503 -0.178531 -0.318620
v -0.279918 -0.184754 -0.337120
v -0.264715 -0.178602 -0.351320
v -0.241027 -0.171601 -0.354720
v -0.235017 -0.166722 -0.344720
v -0.248735 -0.172238 -0.364720
v -0.260685 -0.169339 -0.311020
v -0.274191 -0.174783 -0.297220
v -0.278221 -0.184047 -0.304520
v -0.285575 -0.189562 -0.313320
v -0.294555 -0.190623 -0.322120
v -0.288969 -0.180794 -0.344720
v -0.303960 -0.186734 -0.329420
v -0.273342 -0.174501 -0.359220
v -0.257149 -0.167924 -0.372920
v -0.231976 -0.157884 -0.336420
v -0.246613 -0.163753 -0.324120
v -0.323900 -0.204977 -0.265320
v -0.311879 -0.200169 -0.282020
v -0.303818 -0.194370 -0.274120
v -0.315556 -0.199037 -0.257920
v -0.334082 -0.206533 -0.272720
v -0.321708 -0.201512 -0.289820
v -0.299081 -0.195007 -0.298020
v -0.291444 -0.189350 -0.289620
v -0.308485 -0.196209 -0.306320
v -0.310465 -0.189421 -0.251720
v -0.321213 -0.193663 -0.235420
v -0.326517 -0.203492 -0.241120
v -0.335214 -0.209502 -0.248020
v -0.345679 -0.211200 -0.254920
v -0.344406 -0.202997 -0.278820
v -0.356286 -0.207805 -0.260620
v -0.331678 -0.197906 -0.296420
v -0.318243 -0.192532 -0.313220
v -0.286989 -0.179945 -0.282720
v -0.299081 -0.184824 -0.267520
v -0.364205 -0.221240 -0.192920
v -0.355366 -0.217634 -0.211820
v -0.346103 -0.211341 -0.205920
v -0.354659 -0.214806 -0.187620
v -0.375519 -0.223220 -0.198220
v -0.366468 -0.219543 -0.217620
v -0.345679 -0.213745 -0.230120
v -0.336699 -0.207593 -0.223820
v -0.356498 -0.215513 -0.236520
v -0.348720 -0.204765 -0.183220
v -0.356144 -0.207805 -0.164820
v -0.362437 -0.217917 -0.168820
v -0.372125 -0.224352 -0.173520
v -0.383721 -0.226473 -0.178320
v -0.386833 -0.220109 -0.202620
v -0.395177 -0.223503 -0.182220
v -0.377570 -0.216361 -0.222520
v -0.367387 -0.212260 -0.241820
v -0.331183 -0.197694 -0.218520
v -0.340305 -0.201441 -0.201020
v -0.390580 -0.231776 -0.113420
v -0.385348 -0.229655 -0.133720
v -0.375236 -0.223079 -0.130120
v -0.380256 -0.225130 -0.110420
v -0.402672 -0.234110 -0.116420
v -0.397298 -0.231989 -0.137420
v -0.379196 -0.227180 -0.153820
v -0.369226 -0.220604 -0.149620
v -0.391005 -0.229372 -0.158020
v -0.373610 -0.214806 -0.107820
v -0.377711 -0.216503 -0.088320
v -0.384428 -0.226756 -0.090320
v -0.394894 -0.233544 -0.092720
v -0.407127 -0.235878 -0.095220
v -0.414551 -0.231281 -0.118920
v -0.419077 -0.233120 -0.097220
v -0.409106 -0.229089 -0.140320
v -0.402601 -0.226402 -0.161520
v -0.362932 -0.210492 -0.146220
v -0.368660 -0.212826 -0.127120
v -0.402106 -0.236372 -0.029920
v -0.400692 -0.235807 -0.050920
v -0.390085 -0.229019 -0.049720
v -0.391500 -0.229584 -0.029220
v -0.414481 -0.238847 -0.030520
v -0.412996 -0.238211 -0.052220
v -0.398217 -0.234888 -0.071920
v -0.387752 -0.228099 -0.070120
v -0.410521 -0.237292 -0.073720
v -0.384499 -0.219190 -0.028720
v -0.384994 -0.219402 -0.008720
v -0.391924 -0.229726 -0.008720
v -0.402601 -0.236585 -0.008720
v -0.414976 -0.239059 -0.008720
v -0.426643 -0.236160 -0.031020
v -0.427208 -0.236302 -0.008720
v -0.425158 -0.235524 -0.053220
v -0.422612 -0.234534 -0.075320
v -0.380893 -0.217705 -0.068620
v -0.383156 -0.218695 -0.048720
v -0.398217 -0.234888 0.054480
v -0.400692 -0.235807 0.033480
v -0.390085 -0.229019 0.032280
v -0.387752 -0.228099 0.052680
v -0.410521 -0.237292 0.056280
v -0.412996 -0.238211 0.034680
v -0.402106 -0.236372 0.012380
v -0.391500 -0.229584 0.011780
v -0.414481 -0.238847 0.012980
v -0.380893 -0.217705 0.051080
v -0.377711 -0.216503 0.070880
v -0.384428 -0.226756 0.072880
v -0.394894 -0.233544 0.075280
v -0.407127 -0.235878 0.077680
v -0.422612 -0.234534 0.057780
v -0.419077 -0.233120 0.079680
v -0.425158 -0.235524 0.035680
v -0.426643 -0.236160 0.013480
v -0.384499 -0.219190 0.011280
v -0.383156 -0.218695 0.031280
v -0.379196 -0.227180 0.136380
v -0.385348 -0.229655 0.116280
v -0.375236 -0.223079 0.112680
v -0.369226 -0.220604 0.132180
v -0.391005 -0.229372 0.140580
v -0.397298 -0.231989 0.119880
v -0.390580 -0.231776 0.095880
v -0.380256 -0.225130 0.092880
v -0.402672 -0.234110 0.098980
v -0.362932 -0.210492 0.128680
v -0.356144 -0.207805 0.147380
v -0.362437 -0.217917 0.151280
v -0.372125 -0.224352 0.156080
v -0.383721 -0.226473 0.160880
v -0.402601 -0.226402 0.143980
v -0.395177 -0.223503 0.164780
v -0.409106 -0.229089 0.122880
v -0.414551 -0.231281 0.101480
v -0.373610 -0.214806 0.090380
v -0.368660 -0.212826 0.109680
v -0.345679 -0.213745 0.212680
v -0.355366 -0.217634 0.194280
v -0.346103 -0.211341 0.188480
v -0.336699 -0.207593 0.206280
v -0.356498 -0.215513 0.219080
v -0.366468 -0.219543 0.200180
v -0.364205 -0.221241 0.175380
v -0.354659 -0.214806 0.170080
v -0.375519 -0.223220 0.180680
v -0.331183 -0.197694 0.200980
v -0.321213 -0.193663 0.217880
v -0.326517 -0.203492 0.223680
v -0.335214 -0.209502 0.230580
v -0.345679 -0.211200 0.237480
v -0.367387 -0.212260 0.224380
v -0.356286 -0.207805 0.243180
v -0.377570 -0.216361 0.204980
v -0.386833 -0.220109 0.185180
v -0.348720 -0.204765 0.165680
v -0.340305 -0.201441 0.183580
v -0.299081 -0.195007 0.280480
v -0.311879 -0.200169 0.264480
v -0.303818 -0.194370 0.256580
v -0.291444 -0.189350 0.272180
v -0.308485 -0.196209 0.288880
v -0.321708 -0.201512 0.272380
v -0.323900 -0.204977 0.247880
v -0.315556 -0.199037 0.240380
v -0.334082 -0.206533 0.255280
v -0.286989 -0.179945 0.265280
v -0.274191 -0.174783 0.279780
v -0.278221 -0.184047 0.286980
v -0.285575 -0.189562 0.295780
v -0.294555 -0.190623 0.304580
v -0.318243 -0.192532 0.295780
v -0.303960 -0.186734 0.311880
v -0.331678 -0.197906 0.278880
v -0.344406 -0.202997 0.261380
v -0.310465 -0.189421 0.234280
v -0.299081 -0.184824 0.250080
v -0.241027 -0.171601 0.337180
v -0.256442 -0.177824 0.324180
v -0.250078 -0.172733 0.314580
v -0.235017 -0.166722 0.327180
v -0.248735 -0.172238 0.347180
v -0.264715 -0.178602 0.333780
v -0.271362 -0.183834 0.310380
v -0.264503 -0.178531 0.301180
v -0.279918 -0.184754 0.319580
v -0.231976 -0.157884 0.318980
v -0.216773 -0.151732 0.330480
v -0.219390 -0.160429 0.339080
v -0.224976 -0.165167 0.349380
v -0.232259 -0.165520 0.359680
v -0.257149 -0.167925 0.355480
v -0.240179 -0.161136 0.368280
v -0.273342 -0.174501 0.341780
v -0.288969 -0.180794 0.327280
v -0.260685 -0.169339 0.293580
v -0.246613 -0.163753 0.306580
v -0.173852 -0.144590 0.380580
v -0.191388 -0.151661 0.371080
v -0.186792 -0.147348 0.360180
v -0.169751 -0.140489 0.369380
v -0.179650 -0.144449 0.391880
v -0.197611 -0.151661 0.382080
v -0.208430 -0.158520 0.360680
v -0.203338 -0.153995 0.349980
v -0.215218 -0.158662 0.371380
v -0.168337 -0.132286 0.360080
v -0.151295 -0.125427 0.368180
v -0.152356 -0.133418 0.377680
v -0.155892 -0.137378 0.389180
v -0.161195 -0.137024 0.400680
v -0.186297 -0.139499 0.401180
v -0.167488 -0.131862 0.410180
v -0.204753 -0.146924 0.391180
v -0.222713 -0.154136 0.380180
v -0.201076 -0.145368 0.341180
v -0.184883 -0.138933 0.351080
v -0.100101 -0.114962 0.409080
v -0.118981 -0.122528 0.403380
v -0.116506 -0.119064 0.391480
v -0.098192 -0.111639 0.396980
v -0.103707 -0.113902 0.421080
v -0.123223 -0.121680 0.415280
v -0.137648 -0.130024 0.396780
v -0.134608 -0.126276 0.385080
v -0.142386 -0.129387 0.408480
v -0.098474 -0.104144 0.386980
v -0.080302 -0.096860 0.391380
v -0.079524 -0.104144 0.401480
v -0.080938 -0.107255 0.413680
v -0.084049 -0.105982 0.425880
v -0.108727 -0.108316 0.431080
v -0.088575 -0.100184 0.435980
v -0.128597 -0.116306 0.425180
v -0.148184 -0.124155 0.418180
v -0.133971 -0.118427 0.375380
v -0.116364 -0.111285 0.381680
v -0.022531 -0.083779 0.421480
v -0.042118 -0.091628 0.419880
v -0.041906 -0.089011 0.407480
v -0.022955 -0.081375 0.409080
v -0.024016 -0.081870 0.433880
v -0.044098 -0.089931 0.432280
v -0.061564 -0.099477 0.417280
v -0.060786 -0.096578 0.404980
v -0.064180 -0.097992 0.429580
v -0.025077 -0.074586 0.398780
v -0.027127 -0.075506 0.444180
v -0.047704 -0.083779 0.442480
v -0.068210 -0.091981 0.439780
v -0.062059 -0.089506 0.394780
v -0.043603 -0.082082 0.397280
v 0.084808 0.031338 0.391480
v 0.087212 0.034874 0.403380
v 0.105879 0.042369 0.396780
v 0.102839 0.038621 0.385080
v 0.066423 0.023984 0.396980
v 0.068332 0.027308 0.409080
v 0.091454 0.034025 0.415280
v 0.110617 0.041733 0.408480
v 0.072009 0.026176 0.421080
v 0.102273 0.030702 0.375380
v 0.120587 0.045763 0.377680
v 0.119597 0.037702 0.368180
v 0.084595 0.023631 0.381680
v 0.066706 0.016489 0.386980
v 0.077029 0.020590 0.431080
v 0.096899 0.028580 0.425180
v 0.116486 0.036429 0.418180
v 0.135719 0.044208 0.410180
v 0.129497 0.049299 0.400680
v 0.124123 0.049723 0.389180
v 0.155094 0.059622 0.360180
v 0.159620 0.064006 0.371080
v 0.176661 0.070865 0.360680
v 0.171640 0.066269 0.349980
v 0.138053 0.052764 0.369380
v 0.142083 0.056935 0.380580
v 0.165913 0.063936 0.382080
v 0.183449 0.071007 0.371380
v 0.147952 0.056723 0.391880
v 0.187692 0.072704 0.339080
v 0.185075 0.064006 0.330480
v 0.169307 0.057713 0.341180
v 0.153185 0.051208 0.351080
v 0.136639 0.044561 0.360080
v 0.154599 0.051773 0.401180
v 0.173054 0.059198 0.391180
v 0.191015 0.066411 0.380180
v 0.208481 0.073411 0.368280
v 0.200490 0.077866 0.359680
v 0.193207 0.077512 0.349380
v 0.218309 0.085078 0.314580
v 0.224744 0.090099 0.324180
v 0.239593 0.096180 0.310380
v 0.232734 0.090876 0.301180
v 0.203319 0.078997 0.327180
v 0.209258 0.083947 0.337180
v 0.232946 0.090947 0.333780
v 0.248220 0.097028 0.319580
v 0.217037 0.084513 0.347180
v 0.246523 0.096321 0.286980
v 0.242422 0.087129 0.279780
v 0.228916 0.081684 0.293580
v 0.214915 0.076027 0.306580
v 0.200278 0.070158 0.318980
v 0.225380 0.080270 0.355480
v 0.241644 0.086775 0.341780
v 0.257271 0.093068 0.327280
v 0.272191 0.099079 0.311880
v 0.262857 0.102897 0.304580
v 0.253806 0.101907 0.295780
v 0.272120 0.106645 0.256580
v 0.280181 0.112443 0.264480
v 0.292202 0.117252 0.247880
v 0.283787 0.111383 0.240380
v 0.259675 0.101695 0.272180
v 0.267383 0.107281 0.280480
v 0.289939 0.113857 0.272380
v 0.302384 0.118807 0.255280
v 0.276716 0.108554 0.288880
v 0.294818 0.115767 0.223680
v 0.289444 0.106009 0.217880
v 0.278767 0.101695 0.234280
v 0.267312 0.097170 0.250080
v 0.255220 0.092291 0.265280
v 0.286474 0.104877 0.295780
v 0.299909 0.110251 0.278880
v 0.312637 0.115342 0.261380
v 0.324517 0.120151 0.243180
v 0.313981 0.123474 0.237480
v 0.303445 0.121848 0.230580
v 0.314334 0.123686 0.188480
v 0.323668 0.129909 0.194280
v 0.332507 0.133515 0.175380
v 0.322961 0.127080 0.170080
v 0.305001 0.119868 0.206280
v 0.313981 0.126020 0.212680
v 0.334699 0.131889 0.200180
v 0.343821 0.135495 0.180680
v 0.324729 0.127858 0.219080
v 0.330669 0.130262 0.151280
v 0.324446 0.120080 0.147380
v 0.316951 0.117110 0.165680
v 0.308607 0.113716 0.183580
v 0.299414 0.110039 0.200980
v 0.335618 0.124605 0.224380
v 0.345801 0.128707 0.204980
v 0.355064 0.132454 0.185180
v 0.363478 0.135778 0.164780
v 0.351952 0.138818 0.160880
v 0.340427 0.136626 0.156080
v 0.343467 0.135424 0.112680
v 0.353579 0.142000 0.116280
v 0.358882 0.144051 0.095880
v 0.348558 0.137404 0.092880
v 0.337457 0.132949 0.132180
v 0.347427 0.139525 0.136380
v 0.365600 0.144263 0.119880
v 0.370974 0.146384 0.098980
v 0.359236 0.141717 0.140580
v 0.352730 0.139031 0.072880
v 0.346013 0.128777 0.070880
v 0.341912 0.127080 0.090380
v 0.336962 0.125100 0.109680
v 0.331164 0.122838 0.128680
v 0.370832 0.138748 0.143980
v 0.377338 0.141435 0.122880
v 0.382853 0.143556 0.101480
v 0.387379 0.145395 0.079680
v 0.375358 0.148223 0.077680
v 0.363195 0.145819 0.075280
v 0.358316 0.141364 0.032280
v 0.368923 0.148152 0.033480
v 0.370337 0.148718 0.012380
v 0.359731 0.141930 0.011780
v 0.355983 0.140445 0.052680
v 0.366519 0.147162 0.054480
v 0.381297 0.150627 0.034680
v 0.382782 0.151122 0.012980
v 0.378823 0.149566 0.056280
v 0.360155 0.142071 -0.008720
v 0.353296 0.131677 -0.008720
v 0.352801 0.131465 0.011280
v 0.351458 0.130969 0.031280
v 0.349124 0.130050 0.051080
v 0.390914 0.146809 0.057780
v 0.393389 0.147869 0.035680
v 0.394945 0.148435 0.013480
v 0.395440 0.148647 -0.008720
v 0.383277 0.151334 -0.008720
v 0.370832 0.148930 -0.008720
v 0.358316 0.141364 -0.049720
v 0.368923 0.148152 -0.050920
v 0.366519 0.147162 -0.071920
v 0.355983 0.140445 -0.070120
v 0.359731 0.141930 -0.029220
v 0.370337 0.148718 -0.029920
v 0.381297 0.150627 -0.052220
v 0.378823 0.149566 -0.073720
v 0.382782 0.151122 -0.030520
v 0.352730 0.139031 -0.090320
v 0.346013 0.128777 -0.088320
v 0.349124 0.130050 -0.068620
v 0.351458 0.130969 -0.048720
v 0.352801 0.131465 -0.028720
v 0.394945 0.148435 -0.031020
v 0.393389 0.147869 -0.053220
v 0.390914 0.146809 -0.075320
v 0.387379 0.145395 -0.097220
v 0.375358 0.148223 -0.095220
v 0.363195 0.145819 -0.092720
v 0.343467 0.135424 -0.130120
v 0.353579 0.142000 -0.133720
v 0.347427 0.139525 -0.153820
v 0.337457 0.132949 -0.149620
v 0.348558 0.137404 -0.110420
v 0.358882 0.144051 -0.113420
v 0.365600 0.144263 -0.137420
v 0.359236 0.141717 -0.158020
v 0.370974 0.146384 -0.116420
v 0.330669 0.130262 -0.168820
v 0.324446 0.120080 -0.164820
v 0.331164 0.122838 -0.146220
v 0.336962 0.125100 -0.127120
v 0.341912 0.127080 -0.107820
v 0.382853 0.143556 -0.118920
v 0.377338 0.141435 -0.140320
v 0.370832 0.138748 -0.161520
v 0.363478 0.135778 -0.182220
v 0.351952 0.138818 -0.178320
v 0.340427 0.136626 -0.173520
v 0.314334 0.123686 -0.205920
v 0.323668 0.129909 -0.211820
v 0.313981 0.126020 -0.230120
v 0.305001 0.119868 -0.223820
v 0.322961 0.127080 -0.187620
v 0.332507 0.133515 -0.192920
v 0.334699 0.131889 -0.217620
v 0.324729 0.127858 -0.236520
v 0.343821 0.135495 -0.198220
v 0.294818 0.115767 -0.241120
v 0.289444 0.106009 -0.235420
v 0.299414 0.110039 -0.218520
v 0.308607 0.113716 -0.201020
v 0.316951 0.117110 -0.183220
v 0.355064 0.132454 -0.202620
v 0.345801 0.128707 -0.222520
v 0.335618 0.124606 -0.241820
v 0.324517 0.120151 -0.260620
v 0.313981 0.123474 -0.254920
v 0.303445 0.121848 -0.248020
v 0.272120 0.106645 -0.274120
v 0.280181 0.112443 -0.282020
v 0.267383 0.107281 -0.298020
v 0.259675 0.101695 -0.289620
v 0.283787 0.111383 -0.257920
v 0.292202 0.117252 -0.265320
v 0.289939 0.113857 -0.289820
v 0.276716 0.108554 -0.306320
v 0.302384 0.118807 -0.272720
v 0.246523 0.096321 -0.304520
v 0.242422 0.087129 -0.297220
v 0.255220 0.092291 -0.282720
v 0.267312 0.097170 -0.267520
v 0.278767 0.101695 -0.251720
v 0.312637 0.115342 -0.278820
v 0.299909 0.110251 -0.296420
v 0.286474 0.104877 -0.313220
v 0.272191 0.099079 -0.329420
v 0.262857 0.102897 -0.322120
v 0.253806 0.101907 -0.313320
v 0.218309 0.085078 -0.332020
v 0.224744 0.090099 -0.341720
v 0.209258 0.083947 -0.354720
v 0.203319 0.078997 -0.344720
v 0.232734 0.090876 -0.318620
v 0.239593 0.096180 -0.327920
v 0.232946 0.090947 -0.351320
v 0.217037 0.084513 -0.364720
v 0.248220 0.097028 -0.337120
v 0.187692 0.072704 -0.356520
v 0.185075 0.064007 -0.347920
v 0.200278 0.070158 -0.336420
v 0.214915 0.076027 -0.324120
v 0.228916 0.081684 -0.311020
v 0.257271 0.093068 -0.344720
v 0.241644 0.086775 -0.359220
v 0.225380 0.080270 -0.372920
v 0.208481 0.073411 -0.385720
v 0.200490 0.077866 -0.377220
v 0.193207 0.077512 -0.366820
v 0.155094 0.059622 -0.377620
v 0.159619 0.064006 -0.388620
v 0.142083 0.056935 -0.398120
v 0.138053 0.052764 -0.386820
v 0.171640 0.066269 -0.367520
v 0.176661 0.070865 -0.378120
v 0.165913 0.063936 -0.399520
v 0.147952 0.056723 -0.409320
v 0.183449 0.071007 -0.388820
v 0.120587 0.045763 -0.395220
v 0.119597 0.037702 -0.385620
v 0.136638 0.044561 -0.377520
v 0.153185 0.051208 -0.368520
v 0.169307 0.057713 -0.358620
v 0.191015 0.066411 -0.397720
v 0.173054 0.059198 -0.408620
v 0.154599 0.051773 -0.418620
v 0.135719 0.044208 -0.427620
v 0.129497 0.049299 -0.418120
v 0.124123 0.049723 -0.406620
v 0.084808 0.031338 -0.409020
v 0.087212 0.034874 -0.420920
v 0.068332 0.027308 -0.426520
v 0.066423 0.023984 -0.414520
v 0.102839 0.038621 -0.402520
v 0.105879 0.042369 -0.414220
v 0.091454 0.034025 -0.432820
v 0.072009 0.026176 -0.438620
v 0.110617 0.041733 -0.426020
v 0.047826 0.016418 -0.419020
v 0.048604 0.009135 -0.408920
v 0.066706 0.016489 -0.404520
v 0.084595 0.023631 -0.399120
v 0.102273 0.030702 -0.392820
v 0.116486 0.036429 -0.435720
v 0.096899 0.028580 -0.442620
v 0.077029 0.020590 -0.448620
v 0.056877 0.012458 -0.453520
v 0.052351 0.018257 -0.443320
v 0.049169 0.019600 -0.431220
v 0.010137 0.001357 -0.425020
v 0.010349 0.003973 -0.437420
v -0.009167 -0.003946 -0.438920
v -0.008813 -0.006280 -0.426520
v 0.029017 0.008923 -0.422520
v 0.029865 0.011751 -0.434820
v 0.012400 0.002205 -0.449720
v -0.007682 -0.005856 -0.451320
v 0.032482 0.010266 -0.447120
v -0.027835 -0.013987 -0.427020
v -0.025218 -0.020564 -0.416720
v -0.006692 -0.013068 -0.416220
v 0.011834 -0.005573 -0.414720
v 0.030290 0.001852 -0.412320
v 0.036512 0.004256 -0.457320
v 0.016006 -0.003947 -0.460020
v -0.004571 -0.012220 -0.461620
v -0.025218 -0.020564 -0.462220
v -0.027835 -0.013987 -0.451920
v -0.028754 -0.011795 -0.439420
v -0.065877 -0.029261 -0.425020
v -0.067927 -0.027493 -0.437420
v -0.087373 -0.035342 -0.434820
v -0.084827 -0.036898 -0.422520
v -0.046926 -0.021624 -0.426520
v -0.048341 -0.019644 -0.438920
v -0.068210 -0.030180 -0.449720
v -0.088151 -0.038241 -0.447120
v -0.048058 -0.022048 -0.451320
v -0.103637 -0.044393 -0.419020
v -0.099111 -0.050191 -0.408920
v -0.080797 -0.042908 -0.412320
v -0.062341 -0.035483 -0.414720
v -0.043815 -0.027988 -0.416220
v -0.045936 -0.028837 -0.461620
v -0.066513 -0.037110 -0.460020
v -0.086949 -0.045383 -0.457320
v -0.107313 -0.053585 -0.453520
v -0.108091 -0.046161 -0.443320
v -0.106748 -0.043120 -0.431220
v -0.140547 -0.059242 -0.409020
v -0.144719 -0.058464 -0.420920
v -0.163387 -0.065960 -0.414220
v -0.158579 -0.066525 -0.402520
v -0.122163 -0.051888 -0.414520
v -0.125910 -0.050828 -0.426520
v -0.147265 -0.062000 -0.432820
v -0.166357 -0.069637 -0.426020
v -0.127819 -0.054151 -0.438620
v -0.176398 -0.073738 -0.395220
v -0.170104 -0.078758 -0.385620
v -0.152710 -0.071829 -0.392820
v -0.135103 -0.064687 -0.399120
v -0.117213 -0.057545 -0.404520
v -0.127466 -0.061576 -0.448620
v -0.147406 -0.069637 -0.442620
v -0.166993 -0.077486 -0.435720
v -0.186226 -0.085264 -0.427620
v -0.185236 -0.077203 -0.418120
v -0.181701 -0.073243 -0.406620
v -0.210834 -0.087527 -0.377620
v -0.217127 -0.087597 -0.388620
v -0.234239 -0.094385 -0.378120
v -0.227380 -0.094173 -0.367520
v -0.193792 -0.080668 -0.386820
v -0.199591 -0.080526 -0.398120
v -0.221723 -0.091911 -0.399520
v -0.239259 -0.098982 -0.388820
v -0.203692 -0.084627 -0.409320
v -0.243502 -0.100679 -0.356520
v -0.235512 -0.105133 -0.347920
v -0.219814 -0.098769 -0.358620
v -0.203692 -0.092264 -0.368520
v -0.187075 -0.085547 -0.377520
v -0.205106 -0.092830 -0.418620
v -0.223562 -0.100255 -0.408620
v -0.241522 -0.107467 -0.397720
v -0.258917 -0.114538 -0.385720
v -0.256301 -0.105841 -0.377220
v -0.250785 -0.101032 -0.366820
v -0.274049 -0.112982 -0.332020
v -0.282252 -0.113689 -0.341720
v -0.297171 -0.119700 -0.327920
v -0.288474 -0.118781 -0.318620
v -0.259058 -0.106901 -0.344720
v -0.266766 -0.107538 -0.354720
v -0.288686 -0.118851 -0.351320
v -0.304030 -0.125003 -0.337120
v -0.272776 -0.112417 -0.364720
v -0.302263 -0.124367 -0.304520
v -0.292929 -0.128185 -0.297220
v -0.279423 -0.122740 -0.311020
v -0.265422 -0.117084 -0.324120
v -0.250715 -0.111144 -0.336420
v -0.275888 -0.121326 -0.372920
v -0.292151 -0.127832 -0.359220
v -0.307778 -0.134125 -0.344720
v -0.322698 -0.140135 -0.329420
v -0.318597 -0.130943 -0.322120
v -0.311384 -0.125427 -0.313320
v -0.327860 -0.134549 -0.274120
v -0.337689 -0.136034 -0.282020
v -0.349710 -0.140842 -0.265320
v -0.339598 -0.139357 -0.257920
v -0.315415 -0.129599 -0.289620
v -0.324890 -0.130872 -0.298020
v -0.345679 -0.141762 -0.289820
v -0.358053 -0.146782 -0.272720
v -0.332527 -0.136529 -0.306320
v -0.350487 -0.143742 -0.241120
v -0.339951 -0.147065 -0.235420
v -0.329274 -0.142752 -0.251720
v -0.317819 -0.138226 -0.267520
v -0.305728 -0.133347 -0.282720
v -0.336982 -0.145933 -0.313220
v -0.350417 -0.151308 -0.296420
v -0.363145 -0.156399 -0.278820
v -0.375024 -0.161207 -0.260620
v -0.369791 -0.151449 -0.254920
v -0.361023 -0.145368 -0.248020
v -0.370074 -0.151590 -0.205920
v -0.381176 -0.153500 -0.211820
v -0.390015 -0.157106 -0.192920
v -0.378630 -0.155055 -0.187620
v -0.360740 -0.147772 -0.223820
v -0.371488 -0.149611 -0.230120
v -0.390439 -0.159793 -0.217620
v -0.399561 -0.163399 -0.198220
v -0.380539 -0.155833 -0.236520
v -0.386408 -0.158166 -0.168820
v -0.374953 -0.161136 -0.164820
v -0.367387 -0.158096 -0.183220
v -0.359114 -0.154772 -0.201020
v -0.349922 -0.151095 -0.218520
v -0.386126 -0.165662 -0.241820
v -0.396308 -0.169763 -0.222520
v -0.405571 -0.173511 -0.202620
v -0.413986 -0.176834 -0.182220
v -0.407692 -0.166722 -0.178320
v -0.397934 -0.160217 -0.173520
v -0.399207 -0.163328 -0.130120
v -0.411157 -0.165520 -0.133720
v -0.416390 -0.167642 -0.113420
v -0.404369 -0.165379 -0.110420
v -0.393267 -0.160924 -0.149620
v -0.405005 -0.163045 -0.153820
v -0.421340 -0.172167 -0.137420
v -0.426643 -0.174359 -0.116420
v -0.414976 -0.169622 -0.158020
v -0.408470 -0.167076 -0.090320
v -0.396520 -0.169834 -0.088320
v -0.392419 -0.168137 -0.107820
v -0.387469 -0.166157 -0.127120
v -0.381600 -0.163823 -0.146220
v -0.421339 -0.179804 -0.161520
v -0.427774 -0.182420 -0.140320
v -0.433360 -0.184612 -0.118920
v -0.437886 -0.186451 -0.097220
v -0.431097 -0.176127 -0.095220
v -0.420703 -0.169409 -0.092720
v -0.414056 -0.169268 -0.049720
v -0.426431 -0.171743 -0.050920
v -0.427845 -0.172309 -0.029920
v -0.415471 -0.169834 -0.029220
v -0.411723 -0.168349 -0.070120
v -0.424026 -0.170753 -0.071920
v -0.437037 -0.178531 -0.052220
v -0.438522 -0.179167 -0.030520
v -0.434562 -0.177470 -0.073720
v -0.415965 -0.170046 -0.008720
v -0.403803 -0.172733 -0.008720
v -0.403308 -0.172521 -0.028720
v -0.401965 -0.172026 -0.048720
v -0.399631 -0.171106 -0.068620
v -0.441421 -0.187865 -0.075320
v -0.443896 -0.188926 -0.053220
v -0.445452 -0.189491 -0.031020
v -0.445947 -0.189703 -0.008720
v -0.439017 -0.179380 -0.008720
v -0.428340 -0.172521 -0.008720
v -0.414056 -0.169268 0.032280
v -0.426431 -0.171743 0.033480
v -0.424026 -0.170753 0.054480
v -0.411723 -0.168349 0.052680
v -0.415471 -0.169834 0.011780
v -0.427845 -0.172309 0.012380
v -0.437037 -0.178531 0.034680
v -0.434562 -0.177470 0.056280
v -0.438522 -0.179167 0.012980
v -0.408470 -0.167076 0.072880
v -0.396520 -0.169834 0.070880
v -0.399631 -0.171106 0.051080
v -0.401965 -0.172026 0.031280
v -0.403308 -0.172521 0.011280
v -0.445452 -0.189491 0.013480
v -0.443896 -0.188926 0.035680
v -0.441421 -0.187865 0.057780
v -0.437886 -0.186451 0.079680
v -0.431097 -0.176127 0.077680
v -0.420703 -0.169409 0.075280
v -0.399207 -0.163328 0.112680
v -0.411157 -0.165520 0.116280
v -0.405005 -0.163045 0.136380
v -0.393267 -0.160924 0.132180
v -0.404369 -0.165379 0.092880
v -0.416390 -0.167642 0.095880
v -0.421340 -0.172167 0.119880
v -0.414976 -0.169622 0.140580
v -0.426643 -0.174359 0.098980
v -0.386408 -0.158166 0.151280
v -0.374953 -0.161136 0.147380
v -0.381600 -0.163823 0.128680
v -0.387469 -0.166157 0.109680
v -0.392419 -0.168137 0.090380
v -0.433360 -0.184612 0.101480
v -0.427774 -0.182420 0.122880
v -0.421339 -0.179804 0.143980
v -0.413986 -0.176834 0.164780
v -0.407692 -0.166722 0.160880
v -0.397934 -0.160217 0.156080
v -0.370074 -0.151590 0.188480
v -0.381176 -0.153500 0.194280
v -0.371488 -0.149611 0.212680
v -0.360740 -0.147772 0.206280
v -0.378630 -0.155055 0.170080
v -0.390015 -0.157106 0.175380
v -0.390439 -0.159793 0.200180
v -0.380539 -0.155833 0.219080
v -0.399561 -0.163399 0.180680
v -0.350487 -0.143742 0.223680
v -0.339951 -0.147065 0.217880
v -0.349922 -0.151095 0.200980
v -0.359114 -0.154772 0.183580
v -0.367387 -0.158096 0.165680
v -0.405571 -0.173511 0.185180
v -0.396308 -0.169763 0.204980
v -0.386126 -0.165662 0.224380
v -0.375024 -0.161207 0.243180
v -0.369791 -0.151449 0.237480
v -0.361023 -0.145368 0.230580
v -0.327860 -0.134549 0.256580
v -0.337689 -0.136034 0.264480
v -0.324890 -0.130872 0.280480
v -0.315415 -0.129599 0.272180
v -0.339598 -0.139357 0.240380
v -0.349710 -0.140842 0.247880
v -0.345679 -0.141762 0.272380
v -0.332527 -0.136529 0.288880
v -0.358053 -0.146782 0.255280
v -0.302263 -0.124367 0.286980
v -0.292929 -0.128185 0.279780
v -0.305728 -0.133347 0.265280
v -0.317819 -0.138226 0.250080
v -0.329274 -0.142752 0.234280
v -0.363145 -0.156399 0.261380
v -0.350417 -0.151308 0.278880
v -0.336982 -0.145933 0.295780
v -0.322698 -0.140135 0.311880
v -0.318597 -0.130943 0.304580
v -0.311384 -0.125427 0.295780
v -0.274049 -0.112982 0.314580
v -0.282252 -0.113690 0.324180
v -0.266766 -0.107538 0.337180
v -0.259058 -0.106901 0.327180
v -0.288474 -0.118781 0.301180
v -0.297171 -0.119700 0.310380
v -0.288686 -0.118851 0.333780
v -0.272776 -0.112417 0.347180
v -0.304030 -0.125003 0.319580
v -0.243502 -0.100679 0.339080
v -0.235512 -0.105133 0.330480
v -0.250715 -0.111144 0.318980
v -0.265422 -0.117084 0.306580
v -0.279423 -0.122740 0.293580
v -0.307778 -0.134125 0.327280
v -0.292151 -0.127832 0.341780
v -0.275888 -0.121326 0.355480
v -0.258917 -0.114538 0.368280
v -0.256301 -0.105841 0.359680
v -0.250785 -0.101032 0.349380
v -0.210834 -0.087527 0.360180
v -0.217127 -0.087597 0.371080
v -0.199591 -0.080526 0.380580
v -0.193792 -0.080668 0.369380
v -0.227380 -0.094173 0.349980
v -0.234239 -0.094385 0.360680
v -0.221723 -0.091911 0.382080
v -0.203692 -0.084627 0.391880
v -0.239259 -0.098982 0.371380
v -0.176398 -0.073738 0.377680
v -0.170104 -0.078758 0.368180
v -0.187075 -0.085547 0.360080
v -0.203692 -0.092264 0.351080
v -0.219814 -0.098769 0.341180
v -0.241522 -0.107467 0.380180
v -0.223562 -0.100255 0.391180
v -0.205106 -0.092830 0.401180
v -0.186226 -0.085264 0.410180
v -0.185236 -0.077203 0.400680
v -0.181701 -0.073243 0.389180
v -0.140547 -0.059242 0.391480
v -0.144719 -0.058464 0.403380
v -0.125910 -0.050828 0.409080
v -0.122163 -0.051888 0.396980
v -0.158579 -0.066526 0.385080
v -0.163387 -0.065960 0.396780
v -0.147265 -0.062000 0.415280
v -0.127819 -0.054151 0.421080
v -0.166357 -0.069637 0.408480
v -0.103636 -0.044393 0.401480
v -0.099111 -0.050191 0.391380
v -0.117213 -0.057545 0.386980
v -0.135103 -0.064687 0.381680
v -0.152710 -0.071829 0.375380
v -0.166993 -0.077486 0.418180
v -0.147406 -0.069637 0.425180
v -0.127466 -0.061576 0.431080
v -0.107313 -0.053585 0.435980
v -0.108091 -0.046161 0.425880
v -0.106748 -0.043120 0.413680
v -0.065877 -0.029261 0.407480
v -0.067927 -0.027493 0.419880
v -0.048341 -0.019644 0.421480
v -0.046926 -0.021624 0.409080
v -0.084827 -0.036898 0.404980
v -0.087373 -0.035342 0.417280
v -0.068210 -0.030180 0.432280
v -0.048058 -0.022049 0.433880
v -0.088151 -0.038241 0.429580
v -0.043815 -0.027988 0.398780
v -0.062341 -0.035483 0.397280
v -0.080797 -0.042908 0.394780
v -0.086949 -0.045383 0.439780
v -0.066513 -0.037110 0.442480
v -0.045936 -0.028837 0.444180
v -0.419006 -0.220745 0.124780
v -0.426006 -0.208795 0.125380
v -0.431663 -0.211058 0.103480
v -0.424592 -0.223079 0.102980
v -0.412430 -0.218129 0.146180
v -0.419430 -0.206179 0.146880
v -0.429259 -0.195219 0.124780
v -0.434845 -0.197552 0.102980
v -0.422683 -0.192603 0.146180
v -0.429188 -0.224847 0.080980
v -0.404864 -0.215089 0.167280
v -0.411864 -0.203139 0.168080
v -0.415188 -0.189633 0.167280
v -0.439441 -0.199320 0.080980
v -0.436189 -0.212896 0.081380
v -0.047209 -0.071263 0.390880
v -0.052230 -0.058464 0.388780
v -0.034057 -0.051181 0.390180
v -0.029037 -0.063980 0.392380
v -0.065382 -0.078546 0.388480
v -0.070261 -0.065748 0.386380
v -0.057533 -0.045807 0.390880
v -0.039290 -0.038453 0.392380
v -0.075706 -0.053090 0.388480
v -0.010723 -0.056555 0.392880
v -0.083413 -0.085829 0.385080
v -0.088151 -0.072889 0.383080
v -0.093666 -0.060303 0.385080
v -0.021046 -0.031099 0.392880
v -0.015814 -0.043827 0.390680
v 0.317799 0.075532 0.180580
v 0.310940 0.087624 0.179580
v 0.319143 0.090877 0.162080
v 0.326072 0.078856 0.162980
v 0.308819 0.071926 0.197680
v 0.302031 0.083947 0.196580
v 0.307546 0.101059 0.180580
v 0.315819 0.104382 0.162980
v 0.298566 0.097453 0.197680
v 0.333426 0.081825 0.144980
v 0.299061 0.067966 0.214380
v 0.292273 0.080129 0.213180
v 0.288808 0.093493 0.214380
v 0.323173 0.107352 0.144980
v 0.326497 0.093846 0.144080
v -0.386974 -0.207947 0.207980
v -0.393833 -0.195855 0.209080
v -0.403308 -0.199674 0.188780
v -0.396379 -0.211694 0.187880
v -0.376721 -0.203775 0.227680
v -0.383439 -0.191683 0.228780
v -0.397227 -0.182420 0.207980
v -0.406632 -0.186168 0.187880
v -0.386974 -0.178248 0.227680
v -0.365407 -0.199249 0.246780
v -0.372266 -0.187158 0.247880
v -0.375731 -0.173794 0.246780
v 0.031067 -0.039797 0.448880
v 0.026118 -0.026927 0.450980
v 0.005187 -0.035413 0.452680
v 0.010208 -0.048211 0.450580
v 0.051856 -0.031453 0.446080
v 0.047048 -0.018584 0.448180
v 0.020814 -0.014270 0.448880
v -0.000045 -0.022685 0.450580
v 0.041603 -0.005926 0.446080
v -0.010723 -0.056555 0.451080
v 0.072504 -0.023109 0.442280
v 0.067766 -0.010169 0.444380
v 0.062251 0.002417 0.442280
v -0.021046 -0.031099 0.451080
v -0.015814 -0.043827 0.453280
v 0.345801 0.086846 0.107880
v 0.338800 0.098796 0.107180
v 0.343609 0.100776 0.088280
v 0.350680 0.088755 0.088880
v 0.340073 0.084512 0.126580
v 0.333073 0.096463 0.125780
v 0.335548 0.112231 0.107880
v 0.340427 0.114282 0.088880
v 0.329749 0.109968 0.126580
v 0.354710 0.090382 0.069580
v 0.344386 0.115837 0.069580
v 0.347568 0.102332 0.069180
v -0.340517 -0.189208 0.282980
v -0.347164 -0.177046 0.284280
v -0.360175 -0.182279 0.266480
v -0.353387 -0.194441 0.265180
v -0.326870 -0.183764 0.300080
v -0.333446 -0.171531 0.301480
v -0.350770 -0.163682 0.282980
v -0.363640 -0.168915 0.265180
v -0.337123 -0.158237 0.300080
v -0.312374 -0.177895 0.316380
v -0.318880 -0.165733 0.317880
v -0.322698 -0.152439 0.316380
v 0.113092 -0.006846 0.431280
v 0.108566 0.006165 0.433380
v 0.088272 -0.001967 0.439380
v 0.092869 -0.014907 0.437280
v 0.133032 0.001215 0.424180
v 0.128507 0.014226 0.426180
v 0.102839 0.018681 0.431280
v 0.082686 0.010549 0.437280
v 0.122709 0.026671 0.424180
v 0.152478 0.009064 0.416080
v 0.148164 0.022146 0.418080
v 0.142225 0.034591 0.416080
v 0.360084 0.092503 0.030580
v 0.352942 0.104453 0.030380
v 0.354286 0.104948 0.010880
v 0.361357 0.093069 0.010980
v 0.357822 0.091654 0.050180
v 0.350680 0.103604 0.049880
v 0.349831 0.118029 0.030580
v 0.351104 0.118595 0.010980
v 0.347498 0.117110 0.050180
v 0.361852 0.093281 -0.008720
v 0.351528 0.118737 -0.008720
v 0.354710 0.105231 -0.008720
v -0.281403 -0.165450 0.346680
v -0.287767 -0.153146 0.348380
v -0.303677 -0.159581 0.333580
v -0.297242 -0.171814 0.331980
v -0.264857 -0.158803 0.360580
v -0.271221 -0.146499 0.362280
v -0.291656 -0.139923 0.346680
v -0.307495 -0.146287 0.331980
v -0.275110 -0.133276 0.360580
v -0.247745 -0.151873 0.373580
v -0.253967 -0.139570 0.375380
v -0.258068 -0.126417 0.373580
v 0.190379 0.024338 0.396780
v 0.186207 0.037419 0.398680
v 0.167327 0.029853 0.408880
v 0.171640 0.016772 0.406980
v 0.208551 0.031621 0.385680
v 0.204450 0.044773 0.387480
v 0.180126 0.049723 0.396780
v 0.161387 0.042298 0.406980
v 0.198369 0.057077 0.385680
v 0.226300 0.038763 0.373580
v 0.222198 0.051915 0.375380
v 0.215976 0.064219 0.373580
v 0.360084 0.092503 -0.048120
v 0.352942 0.104453 -0.047920
v 0.350680 0.103604 -0.067320
v 0.357822 0.091654 -0.067620
v 0.361357 0.093069 -0.028420
v 0.354286 0.104948 -0.028320
v 0.349831 0.118029 -0.048120
v 0.347498 0.117110 -0.067620
v 0.351104 0.118595 -0.028420
v 0.354710 0.090382 -0.087120
v 0.344386 0.115837 -0.087120
v 0.347568 0.102332 -0.086620
v -0.211824 -0.137448 0.396780
v -0.217905 -0.125145 0.398680
v -0.236219 -0.132428 0.387480
v -0.230067 -0.144802 0.385680
v -0.193156 -0.129953 0.406980
v -0.199096 -0.117508 0.408880
v -0.222147 -0.111993 0.396780
v -0.240320 -0.119276 0.385680
v -0.203409 -0.104426 0.406980
v -0.173994 -0.122245 0.416080
v -0.179933 -0.109800 0.418080
v -0.184247 -0.096719 0.416080
v 0.259887 0.052268 0.346680
v 0.255998 0.065491 0.348380
v 0.239452 0.058845 0.362280
v 0.243412 0.045551 0.360580
v 0.275726 0.058632 0.331980
v 0.271979 0.071855 0.333580
v 0.249634 0.077795 0.346680
v 0.233159 0.071078 0.360580
v 0.265473 0.084159 0.331980
v 0.290929 0.064784 0.316380
v 0.287181 0.078007 0.317880
v 0.280676 0.090169 0.316380
v 0.345801 0.086846 -0.125320
v 0.338800 0.098796 -0.124720
v 0.333073 0.096463 -0.143320
v 0.340073 0.084512 -0.144020
v 0.350680 0.088755 -0.106320
v 0.343609 0.100776 -0.105820
v 0.335548 0.112231 -0.125320
v 0.329749 0.109968 -0.144020
v 0.340427 0.114282 -0.106320
v 0.333426 0.081825 -0.162420
v 0.323173 0.107352 -0.162420
v 0.326497 0.093846 -0.161620
v -0.134537 -0.106406 0.431280
v -0.140264 -0.093891 0.433380
v -0.160276 -0.101881 0.426180
v -0.154407 -0.114397 0.424180
v -0.114384 -0.098275 0.437280
v -0.120041 -0.085688 0.439380
v -0.144790 -0.080880 0.431280
v -0.164730 -0.088941 0.424180
v -0.124637 -0.072748 0.437280
v -0.094020 -0.090072 0.442280
v -0.099535 -0.077486 0.444380
v -0.104273 -0.064546 0.442280
v 0.319001 0.076027 0.282980
v 0.315395 0.089392 0.284280
v 0.301677 0.083876 0.301480
v 0.305354 0.070583 0.300080
v 0.331941 0.081189 0.265180
v 0.328406 0.094624 0.266480
v 0.308748 0.101554 0.282980
v 0.295172 0.096038 0.300080
v 0.321688 0.106716 0.265180
v 0.344033 0.086068 0.246780
v 0.340497 0.099503 0.247880
v 0.333709 0.111524 0.246780
v 0.317799 0.075532 -0.198020
v 0.310940 0.087624 -0.197020
v 0.302031 0.083947 -0.214120
v 0.308819 0.071926 -0.215220
v 0.326072 0.078856 -0.180420
v 0.319143 0.090877 -0.179520
v 0.307546 0.101059 -0.198020
v 0.298566 0.097453 -0.215220
v 0.315819 0.104382 -0.180420
v 0.299061 0.067966 -0.231820
v 0.288808 0.093493 -0.231820
v 0.292273 0.080129 -0.230620
v -0.052583 -0.073384 0.448880
v -0.057887 -0.060727 0.450980
v -0.078746 -0.069142 0.448180
v -0.073301 -0.081799 0.446080
v -0.031653 -0.065040 0.450580
v -0.036885 -0.052313 0.452680
v -0.062766 -0.047929 0.448880
v -0.083554 -0.056272 0.446080
v -0.041906 -0.039514 0.450580
v 0.365529 0.094695 0.207980
v 0.362135 0.108130 0.209080
v 0.351740 0.103958 0.228780
v 0.355205 0.090594 0.227680
v 0.374933 0.098443 0.187880
v 0.371610 0.111948 0.188780
v 0.355276 0.120221 0.207980
v 0.344952 0.116120 0.227680
v 0.364680 0.123969 0.187880
v 0.383419 0.101978 0.167280
v 0.380166 0.115413 0.168080
v 0.373166 0.127363 0.167280
v 0.277282 0.059198 -0.263520
v 0.270635 0.071360 -0.262120
v 0.258756 0.066552 -0.277020
v 0.265332 0.054460 -0.278420
v 0.288525 0.063794 -0.247920
v 0.281807 0.075886 -0.246720
v 0.267029 0.084725 -0.263520
v 0.255008 0.079916 -0.278420
v 0.278201 0.089250 -0.247920
v 0.252745 0.049369 -0.292720
v 0.242422 0.074825 -0.292720
v 0.246240 0.061532 -0.291220
v 0.397490 0.107564 0.124780
v 0.394308 0.121070 0.125380
v 0.387732 0.118454 0.146880
v 0.390914 0.104948 0.146180
v 0.403147 0.109827 0.102980
v 0.399894 0.123403 0.103480
v 0.387237 0.133091 0.124780
v 0.380661 0.130475 0.146180
v 0.392894 0.135353 0.102980
v 0.407672 0.111666 0.080980
v 0.404490 0.125171 0.081380
v 0.397420 0.137192 0.080980
v 0.225592 0.038480 -0.319120
v 0.219299 0.050713 -0.317520
v 0.204874 0.044915 -0.329620
v 0.211168 0.032682 -0.331320
v 0.239452 0.043995 -0.306320
v 0.233017 0.056228 -0.304720
v 0.215339 0.064007 -0.319120
v 0.200985 0.058137 -0.331320
v 0.229199 0.069522 -0.306320
v 0.196248 0.026671 -0.342620
v 0.185995 0.052198 -0.342620
v 0.190025 0.038975 -0.340820
v 0.413824 0.114140 0.036380
v 0.410713 0.127717 0.036580
v 0.408097 0.126656 0.059080
v 0.411279 0.113150 0.058780
v 0.415380 0.114706 0.013780
v 0.412198 0.128353 0.013880
v 0.403571 0.139667 0.036380
v 0.401026 0.138677 0.058780
v 0.405127 0.140233 0.013780
v 0.415946 0.114989 -0.008720
v 0.412764 0.128495 -0.008720
v 0.405622 0.140445 -0.008720
v 0.164923 0.014014 -0.362920
v 0.158842 0.026459 -0.361020
v 0.142649 0.019883 -0.369820
v 0.148589 0.007438 -0.371720
v 0.180833 0.020449 -0.353220
v 0.174681 0.032823 -0.351320
v 0.154670 0.039541 -0.362920
v 0.138335 0.032965 -0.371720
v 0.170580 0.045975 -0.353220
v 0.131830 0.000720 -0.379720
v 0.121577 0.026247 -0.379720
v 0.125961 0.013236 -0.377820
v 0.413824 0.114140 -0.053820
v 0.410713 0.127717 -0.054020
v 0.412198 0.128353 -0.031420
v 0.415380 0.114706 -0.031320
v 0.411279 0.113150 -0.076220
v 0.408097 0.126656 -0.076520
v 0.403571 0.139667 -0.053820
v 0.405127 0.140233 -0.031320
v 0.401026 0.138677 -0.076220
v 0.407672 0.111666 -0.098420
v 0.404490 0.125171 -0.098820
v 0.397420 0.137192 -0.098420
v 0.097394 -0.013068 -0.393020
v 0.091737 -0.000623 -0.391020
v 0.074130 -0.007624 -0.396220
v 0.079787 -0.020210 -0.398320
v 0.114789 -0.006139 -0.386820
v 0.108991 0.006307 -0.384820
v 0.087212 0.012388 -0.393020
v 0.069534 0.005317 -0.398320
v 0.104536 0.019388 -0.386820
v 0.061897 -0.027352 -0.402620
v 0.051715 -0.001896 -0.402620
v 0.056382 -0.014765 -0.400520
v 0.397490 0.107564 -0.142220
v 0.394308 0.121070 -0.142820
v 0.399894 0.123403 -0.121020
v 0.403147 0.109827 -0.120520
v 0.390914 0.104948 -0.163620
v 0.387732 0.118454 -0.164420
v 0.387237 0.133091 -0.142220
v 0.392894 0.135353 -0.120520
v 0.380661 0.130475 -0.163620
v 0.383419 0.101978 -0.184720
v 0.380166 0.115413 -0.185520
v 0.373166 0.127363 -0.184720
v 0.025835 -0.041918 -0.408420
v 0.020461 -0.029190 -0.406220
v 0.002359 -0.036544 -0.407720
v 0.007521 -0.049201 -0.409820
v 0.043937 -0.034564 -0.406020
v 0.038563 -0.021978 -0.403820
v 0.015511 -0.016462 -0.408420
v -0.002662 -0.023745 -0.409820
v 0.033613 -0.009108 -0.406020
v -0.010723 -0.056555 -0.410320
v -0.021046 -0.031099 -0.410320
v -0.015814 -0.043827 -0.408220
v 0.365529 0.094695 -0.225520
v 0.362135 0.108130 -0.226520
v 0.371610 0.111948 -0.206220
v 0.374933 0.098443 -0.205320
v 0.355205 0.090594 -0.245120
v 0.351740 0.103958 -0.246220
v 0.355276 0.120221 -0.225520
v 0.364680 0.123969 -0.205320
v 0.344952 0.116120 -0.245120
v 0.344033 0.086068 -0.264220
v 0.340497 0.099503 -0.265420
v 0.333709 0.111524 -0.264220
v -0.047209 -0.071263 -0.408420
v -0.052230 -0.058464 -0.406220
v -0.070261 -0.065748 -0.403820
v -0.065382 -0.078546 -0.406020
v -0.029037 -0.063980 -0.409820
v -0.034057 -0.051181 -0.407720
v -0.057533 -0.045807 -0.408420
v -0.075706 -0.053090 -0.406020
v -0.039290 -0.038453 -0.409820
v -0.083413 -0.085829 -0.402620
v -0.093666 -0.060303 -0.402620
v -0.088151 -0.072889 -0.400520
v 0.319001 0.076027 -0.300420
v 0.315395 0.089392 -0.301820
v 0.328406 0.094624 -0.283920
v 0.331941 0.081189 -0.282620
v 0.305354 0.070583 -0.317520
v 0.301677 0.083876 -0.319020
v 0.308748 0.101554 -0.300420
v 0.321688 0.106716 -0.282620
v 0.295172 0.096038 -0.317520
v 0.290929 0.064784 -0.333920
v 0.287181 0.078007 -0.335420
v 0.280676 0.090169 -0.333920
v -0.118910 -0.100113 -0.393020
v -0.123435 -0.087102 -0.391020
v -0.140689 -0.094032 -0.384820
v -0.136234 -0.107113 -0.386820
v -0.101303 -0.092971 -0.398320
v -0.105899 -0.080031 -0.396220
v -0.129163 -0.074586 -0.393020
v -0.146487 -0.081587 -0.386820
v -0.111485 -0.067515 -0.398320
v -0.153346 -0.113902 -0.379720
v -0.163528 -0.088446 -0.379720
v -0.157730 -0.100891 -0.377820
v 0.259887 0.052268 -0.364220
v 0.255998 0.065491 -0.365820
v 0.271979 0.071855 -0.351020
v 0.275726 0.058633 -0.349420
v 0.243412 0.045551 -0.378120
v 0.239452 0.058845 -0.379820
v 0.249634 0.077795 -0.364220
v 0.265473 0.084159 -0.349420
v 0.233159 0.071078 -0.378120
v 0.226300 0.038763 -0.391120
v 0.222198 0.051915 -0.392820
v 0.215976 0.064219 -0.391120
v -0.186368 -0.127266 -0.362920
v -0.190611 -0.114114 -0.361020
v -0.206450 -0.120478 -0.351320
v -0.202348 -0.133630 -0.353220
v -0.170034 -0.120690 -0.371720
v -0.174347 -0.107608 -0.369820
v -0.196621 -0.101739 -0.362920
v -0.212531 -0.108174 -0.353220
v -0.180287 -0.095163 -0.371720
v -0.217763 -0.139852 -0.342620
v -0.228016 -0.114326 -0.342620
v -0.221794 -0.126629 -0.340820
v 0.190379 0.024338 -0.414320
v 0.186207 0.037419 -0.416120
v 0.204450 0.044773 -0.405020
v 0.208551 0.031621 -0.403120
v 0.171640 0.016772 -0.424420
v 0.167327 0.029853 -0.426320
v 0.180126 0.049723 -0.414320
v 0.198369 0.057077 -0.403120
v 0.161387 0.042298 -0.424420
v 0.152478 0.009064 -0.433620
v 0.148164 0.022146 -0.435520
v 0.142225 0.034591 -0.433620
v -0.247108 -0.151661 -0.319120
v -0.250997 -0.138438 -0.317520
v -0.264715 -0.143954 -0.304720
v -0.260968 -0.157177 -0.306320
v -0.232683 -0.145863 -0.331320
v -0.236643 -0.132569 -0.329620
v -0.257362 -0.126134 -0.319120
v -0.271150 -0.131721 -0.306320
v -0.242936 -0.120336 -0.331320
v -0.274191 -0.162480 -0.292720
v -0.284444 -0.137095 -0.292720
v -0.277938 -0.149257 -0.291220
v 0.113092 -0.006846 -0.448820
v 0.108566 0.006165 -0.450820
v 0.128507 0.014226 -0.443720
v 0.133032 0.001215 -0.441720
v 0.092869 -0.014907 -0.454820
v 0.088272 -0.001967 -0.456820
v 0.102839 0.018681 -0.448820
v 0.122708 0.026671 -0.441720
v 0.082686 0.010549 -0.454820
v 0.072504 -0.023109 -0.459720
v 0.067766 -0.010169 -0.461820
v 0.062251 0.002417 -0.459720
v -0.298727 -0.172450 -0.263520
v -0.302333 -0.159086 -0.262120
v -0.313576 -0.163540 -0.246720
v -0.309970 -0.176905 -0.247920
v -0.286777 -0.167571 -0.278420
v -0.290454 -0.154277 -0.277020
v -0.308980 -0.146924 -0.263520
v -0.320294 -0.151449 -0.247920
v -0.297101 -0.142115 -0.278420
v -0.320506 -0.181218 -0.231820
v -0.330759 -0.155692 -0.231820
v -0.324042 -0.167783 -0.230620
v 0.031067 -0.039797 -0.466320
v 0.026118 -0.026927 -0.468520
v 0.047048 -0.018584 -0.465720
v 0.051856 -0.031453 -0.463620
v 0.010208 -0.048211 -0.468020
v 0.005187 -0.035413 -0.470120
v 0.020814 -0.014270 -0.466320
v 0.041603 -0.005926 -0.463620
v -0.000045 -0.022685 -0.468020
v -0.010723 -0.056555 -0.468620
v -0.015814 -0.043827 -0.470720
v -0.021046 -0.031099 -0.468620
v -0.339315 -0.188713 -0.198020
v -0.342709 -0.175278 -0.197020
v -0.350912 -0.178531 -0.179520
v -0.347588 -0.192037 -0.180420
v -0.330335 -0.185107 -0.215220
v -0.333729 -0.171672 -0.214120
v -0.349568 -0.163187 -0.198020
v -0.357771 -0.166581 -0.180420
v -0.340588 -0.159581 -0.215220
v -0.354942 -0.195007 -0.162420
v -0.365195 -0.169480 -0.162420
v -0.358265 -0.181501 -0.161620
v -0.052583 -0.073384 -0.466320
v -0.057887 -0.060727 -0.468520
v -0.036885 -0.052313 -0.470120
v -0.031653 -0.065040 -0.468020
v -0.073301 -0.081799 -0.463620
v -0.078746 -0.069142 -0.465720
v -0.062766 -0.047929 -0.466320
v -0.041906 -0.039514 -0.468020
v -0.083555 -0.056272 -0.463620
v -0.094020 -0.090072 -0.459720
v -0.099535 -0.077486 -0.461820
v -0.104273 -0.064546 -0.459720
v -0.367246 -0.199957 -0.125320
v -0.370498 -0.186521 -0.124720
v -0.375377 -0.188431 -0.105820
v -0.372195 -0.201936 -0.106320
v -0.361518 -0.197623 -0.144020
v -0.364771 -0.184188 -0.143320
v -0.377569 -0.174501 -0.125320
v -0.382449 -0.176410 -0.106320
v -0.371842 -0.172167 -0.144020
v -0.376155 -0.203492 -0.087120
v -0.386408 -0.178107 -0.087120
v -0.379337 -0.189986 -0.086620
v -0.134537 -0.106406 -0.448820
v -0.140264 -0.093891 -0.450820
v -0.120041 -0.085688 -0.456820
v -0.114384 -0.098275 -0.454820
v -0.154407 -0.114397 -0.441720
v -0.160276 -0.101881 -0.443720
v -0.144790 -0.080880 -0.448820
v -0.124637 -0.072748 -0.454820
v -0.164730 -0.088941 -0.441720
v -0.173994 -0.122245 -0.433620
v -0.179933 -0.109800 -0.435520
v -0.184247 -0.096719 -0.433620
v -0.381529 -0.205755 -0.048120
v -0.384641 -0.192178 -0.047920
v -0.385984 -0.192673 -0.028320
v -0.382873 -0.206250 -0.028420
v -0.379267 -0.204765 -0.067620
v -0.382449 -0.191259 -0.067320
v -0.391782 -0.180228 -0.048120
v -0.393126 -0.180723 -0.028420
v -0.389590 -0.179309 -0.067620
v -0.383297 -0.206391 -0.008720
v -0.393621 -0.180935 -0.008720
v -0.386479 -0.192886 -0.008720
v -0.211824 -0.137448 -0.414320
v -0.217905 -0.125145 -0.416120
v -0.199096 -0.117508 -0.426320
v -0.193156 -0.129953 -0.424420
v -0.230067 -0.144802 -0.403120
v -0.236219 -0.132428 -0.405020
v -0.222147 -0.111992 -0.414320
v -0.203409 -0.104426 -0.424420
v -0.240320 -0.119276 -0.403120
v -0.247745 -0.151873 -0.391120
v -0.253967 -0.139570 -0.392820
v -0.258069 -0.126417 -0.391120
v -0.381529 -0.205755 0.030580
v -0.384641 -0.192178 0.030380
v -0.382449 -0.191259 0.049880
v -0.379267 -0.204765 0.050180
v -0.382873 -0.206250 0.010980
v -0.385984 -0.192673 0.010880
v -0.391782 -0.180228 0.030580
v -0.389590 -0.179309 0.050180
v -0.393126 -0.180723 0.010980
v -0.376155 -0.203492 0.069580
v -0.386408 -0.178107 0.069580
v -0.379337 -0.189986 0.069180
v -0.281403 -0.165450 -0.364220
v -0.287767 -0.153146 -0.365820
v -0.271221 -0.146499 -0.379820
v -0.264857 -0.158803 -0.378120
v -0.297242 -0.171814 -0.349420
v -0.303677 -0.159581 -0.351020
v -0.291656 -0.139923 -0.364220
v -0.275110 -0.133276 -0.378120
v -0.307495 -0.146287 -0.349420
v -0.312374 -0.177895 -0.333920
v -0.318880 -0.165733 -0.335420
v -0.322698 -0.152439 -0.333920
v -0.367246 -0.199957 0.107880
v -0.370498 -0.186521 0.107180
v -0.364771 -0.184188 0.125780
v -0.361518 -0.197623 0.126580
v -0.372195 -0.201936 0.088880
v -0.375377 -0.188431 0.088280
v -0.377569 -0.174501 0.107880
v -0.371842 -0.172167 0.126580
v -0.382449 -0.176410 0.088880
v -0.354942 -0.195007 0.144980
v -0.365195 -0.169480 0.144980
v -0.358265 -0.181501 0.144080
v -0.340517 -0.189208 -0.300420
v -0.347164 -0.177046 -0.301820
v -0.333446 -0.171531 -0.319020
v -0.326870 -0.183764 -0.317520
v -0.353387 -0.194441 -0.282620
v -0.360175 -0.182279 -0.283920
v -0.350770 -0.163682 -0.300420
v -0.337123 -0.158237 -0.317520
v -0.363640 -0.168914 -0.282620
v -0.365407 -0.199249 -0.264220
v -0.372266 -0.187158 -0.265420
v -0.375731 -0.173793 -0.264220
v -0.339315 -0.188713 0.180580
v -0.342709 -0.175278 0.179580
v -0.333729 -0.171672 0.196580
v -0.330335 -0.185107 0.197680
v -0.347588 -0.192037 0.162980
v -0.350912 -0.178531 0.162080
v -0.349568 -0.163187 0.180580
v -0.340588 -0.159581 0.197680
v -0.357771 -0.166581 0.162980
v -0.320506 -0.181218 0.214380
v -0.330759 -0.155692 0.214380
v -0.324042 -0.167783 0.213180
v 0.025835 -0.041918 0.390880
v 0.020461 -0.029190 0.388780
v 0.038563 -0.021978 0.386380
v 0.043937 -0.034564 0.388480
v 0.007521 -0.049201 0.392380
v 0.002359 -0.036544 0.390180
v 0.015511 -0.016462 0.390880
v 0.033613 -0.009108 0.388480
v -0.002662 -0.023746 0.392380
v 0.061897 -0.027352 0.385080
v 0.051715 -0.001896 0.385080
v 0.056382 -0.014765 0.383080
v -0.386974 -0.207947 -0.225520
v -0.393833 -0.195855 -0.226520
v -0.383439 -0.191683 -0.246220
v -0.376721 -0.203775 -0.245120
v -0.396379 -0.211694 -0.205320
v -0.403308 -0.199674 -0.206220
v -0.397227 -0.182420 -0.225520
v -0.386974 -0.178248 -0.245120
v -0.406632 -0.186168 -0.205320
v -0.404864 -0.215089 -0.184720
v -0.411864 -0.203139 -0.185520
v -0.415188 -0.189633 -0.184720
v -0.298727 -0.172450 0.245980
v -0.302333 -0.159086 0.244680
v -0.290454 -0.154277 0.259480
v -0.286777 -0.167571 0.260980
v -0.309970 -0.176905 0.230480
v -0.313576 -0.163540 0.229180
v -0.308980 -0.146924 0.245980
v -0.297101 -0.142115 0.260980
v -0.320294 -0.151449 0.230480
v -0.274190 -0.162480 0.275180
v -0.284444 -0.137095 0.275180
v -0.277938 -0.149257 0.273680
v 0.097394 -0.013068 0.375580
v 0.091737 -0.000623 0.373480
v 0.108991 0.006307 0.367380
v 0.114789 -0.006139 0.369380
v 0.079787 -0.020210 0.380780
v 0.074130 -0.007624 0.378780
v 0.087212 0.012388 0.375580
v 0.104536 0.019388 0.369380
v 0.069534 0.005317 0.380780
v 0.131830 0.000720 0.362280
v 0.121577 0.026247 0.362280
v 0.125961 0.013236 0.360280
v -0.419006 -0.220745 -0.142220
v -0.426006 -0.208795 -0.142820
v -0.419430 -0.206179 -0.164420
v -0.412430 -0.218129 -0.163620
v -0.424592 -0.223079 -0.120520
v -0.431663 -0.211058 -0.121020
v -0.429259 -0.195219 -0.142220
v -0.422683 -0.192603 -0.163620
v -0.434845 -0.197552 -0.120520
v -0.429188 -0.224847 -0.098420
v -0.436189 -0.212896 -0.098820
v -0.439441 -0.199320 -0.098420
v -0.247108 -0.151661 0.301680
v -0.250997 -0.138438 0.300080
v -0.236643 -0.132569 0.312080
v -0.232683 -0.145863 0.313780
v -0.260968 -0.157177 0.288780
v -0.264715 -0.143954 0.287180
v -0.257361 -0.126134 0.301680
v -0.242936 -0.120336 0.313780
v -0.271150 -0.131721 0.288780
v -0.217763 -0.139852 0.325180
v -0.228016 -0.114326 0.325180
v -0.221794 -0.126630 0.323380
v 0.164923 0.014014 0.345380
v 0.158842 0.026459 0.343580
v 0.174681 0.032823 0.333880
v 0.180833 0.020449 0.335680
v 0.148589 0.007438 0.354280
v 0.142649 0.019883 0.352380
v 0.154670 0.039541 0.345380
v 0.170580 0.045975 0.335680
v 0.138335 0.032965 0.354280
v 0.196248 0.026671 0.325180
v 0.185995 0.052198 0.325180
v 0.190025 0.038975 0.323380
v -0.435340 -0.227322 -0.053820
v -0.442411 -0.215442 -0.054020
v -0.439866 -0.214311 -0.076520
v -0.432795 -0.226331 -0.076220
v -0.436825 -0.227958 -0.031320
v -0.443967 -0.216008 -0.031420
v -0.445593 -0.201795 -0.053820
v -0.443048 -0.200805 -0.076220
v -0.447078 -0.202431 -0.031320
v -0.437320 -0.228170 -0.008720
v -0.444462 -0.216220 -0.008720
v -0.447644 -0.202714 -0.008720
v -0.186368 -0.127266 0.345380
v -0.190610 -0.114114 0.343580
v -0.174347 -0.107608 0.352380
v -0.170034 -0.120690 0.354280
v -0.202348 -0.133630 0.335680
v -0.206450 -0.120478 0.333880
v -0.196621 -0.101739 0.345380
v -0.180287 -0.095163 0.354280
v -0.212531 -0.108174 0.335680
v -0.153346 -0.113902 0.362280
v -0.163528 -0.088446 0.362280
v -0.157730 -0.100891 0.360280
v 0.225592 0.038480 0.301680
v 0.219299 0.050713 0.300080
v 0.233017 0.056228 0.287180
v 0.239452 0.043995 0.288780
v 0.211168 0.032682 0.313780
v 0.204874 0.044914 0.312080
v 0.215339 0.064006 0.301680
v 0.229199 0.069522 0.288780
v 0.200985 0.058137 0.313780
v 0.252745 0.049369 0.275180
v 0.242422 0.074825 0.275180
v 0.246240 0.061532 0.273680
v -0.435340 -0.227322 0.036380
v -0.442411 -0.215442 0.036580
v -0.443967 -0.216008 0.013880
v -0.436825 -0.227958 0.013780
v -0.432795 -0.226331 0.058780
v -0.439866 -0.214311 0.059080
v -0.445593 -0.201795 0.036380
v -0.447078 -0.202431 0.013780
v -0.443048 -0.200805 0.058780
v -0.118910 -0.100113 0.375580
v -0.123435 -0.087102 0.373480
v -0.105899 -0.080031 0.378780
v -0.101303 -0.092971 0.380780
v -0.136234 -0.107113 0.369380
v -0.140689 -0.094032 0.367380
v -0.129163 -0.074587 0.375580
v -0.111485 -0.067515 0.380780
v -0.146487 -0.081587 0.369380
v 0.277282 0.059198 0.245980
v 0.270635 0.071360 0.244680
v 0.281807 0.075886 0.229180
v 0.288525 0.063794 0.230480
v 0.265332 0.054460 0.260980
v 0.258756 0.066552 0.259480
v 0.267029 0.084725 0.245980
v 0.278201 0.089250 0.230480
v 0.255008 0.079916 0.260980
v 0.862696 -1.599604 0.350680
v 0.813339 -1.648960 0.343780
v 0.765822 -1.696477 0.323380
v 0.722052 -1.740247 0.290280
v 0.683656 -1.778643 0.245780
v 0.652119 -1.810180 0.191480
v 0.628714 -1.833585 0.129580
v 0.614360 -1.847939 0.062380
v 0.609481 -1.852818 -0.007520
v 0.614360 -1.847939 -0.077320
v 0.628714 -1.833585 -0.144520
v 0.652119 -1.810180 -0.206520
v 0.683656 -1.778643 -0.260720
v 0.722052 -1.740247 -0.305320
v 0.765822 -1.696477 -0.338420
v 0.813339 -1.648960 -0.358820
v 0.862696 -1.599604 -0.365620
v 0.912122 -1.550177 -0.358820
v 0.959640 -1.502659 -0.338420
v 1.003410 -1.458889 -0.305320
v 1.041806 -1.420493 -0.260720
v 1.073272 -1.389027 -0.206520
v 1.096677 -1.365622 -0.144520
v 1.111102 -1.351197 -0.077320
v 1.115981 -1.346318 -0.007520
v 1.111102 -1.351197 0.062380
v 1.096677 -1.365622 0.129580
v 1.073272 -1.389027 0.191480
v 1.041806 -1.420493 0.245780
v 0.912122 -1.550177 0.343780
v 1.003410 -1.458889 0.290280
v 0.959640 -1.502659 0.323380
v 1.073908 -1.432090 0.260280
v 1.098516 -1.456697 0.260280
v 1.057928 -1.497285 0.307380
v 1.033321 -1.472678 0.307380
v 1.152327 -1.353672 -0.007520
v 1.147165 -1.358834 -0.081320
v 0.621996 -1.884002 -0.081320
v 0.637199 -1.868799 -0.152420
v 1.131962 -1.374036 -0.152420
v 0.616835 -1.889164 -0.007520
v 1.107213 -1.398785 -0.217820
v 0.621996 -1.884002 0.066380
v 1.073908 -1.432090 -0.275220
v 0.637199 -1.868799 0.137380
v 1.033321 -1.472678 -0.322320
v 0.661948 -1.844050 0.202880
v 0.987005 -1.518993 -0.357320
v 0.884545 -1.621453 0.371180
v 0.936800 -1.569198 0.363880
v 0.695253 -1.810746 0.260280
v 0.936800 -1.569198 -0.378820
v 0.987005 -1.518993 0.342380
v 0.735841 -1.770158 0.307380
v 0.884545 -1.621453 -0.386120
v 0.782085 -1.723913 0.342380
v 0.832361 -1.673638 -0.378820
v 0.832361 -1.673638 0.363880
v 0.782085 -1.723913 -0.357320
v 1.107213 -1.398785 0.202880
v 0.735841 -1.770158 -0.322320
v 1.131962 -1.374036 0.137380
v 0.695253 -1.810746 -0.275220
v 1.147165 -1.358834 0.066380
v 0.661948 -1.844050 -0.217820
v 0.961408 -1.593805 0.363880
v 1.011612 -1.543601 0.342380
v 1.131820 -1.423393 0.202880
v 1.156569 -1.398644 0.137380
v 1.171772 -1.383441 0.066380
v 1.176934 -1.378279 -0.007520
v 1.171772 -1.383441 -0.081320
v 1.156569 -1.398644 -0.152420
v 1.131820 -1.423393 -0.217820
v 1.098516 -1.456697 -0.275220
v 1.057928 -1.497285 -0.322320
v 1.011612 -1.543601 -0.357320
v 0.961408 -1.593805 -0.378820
v 0.909153 -1.646060 -0.386120
v 0.856968 -1.698245 -0.378820
v 0.806693 -1.748520 -0.357320
v 0.760448 -1.794765 -0.322320
v 0.719860 -1.835353 -0.275220
v 0.686555 -1.868658 -0.217820
v 0.661807 -1.893406 -0.152420
v 0.646604 -1.908609 -0.081320
v 0.641442 -1.913771 -0.007520
v 0.646604 -1.908609 0.066380
v 0.661807 -1.893406 0.137380
v 0.686555 -1.868658 0.202880
v 0.719860 -1.835353 0.260280
v 0.760448 -1.794765 0.307380
v 0.806693 -1.748520 0.342380
v 0.856968 -1.698245 0.363880
v 0.909153 -1.646060 0.371180
v 0.908799 -1.644858 0.368180
v 0.856756 -1.696901 0.360980
v 0.806693 -1.746965 0.339480
v 0.760589 -1.793068 0.304580
v 0.720143 -1.833514 0.257680
v 0.686980 -1.866678 0.200480
v 0.662302 -1.891356 0.135280
v 0.647099 -1.906559 0.064480
v 0.642008 -1.911650 -0.009120
v 0.647099 -1.906559 -0.082820
v 0.662302 -1.891356 -0.153620
v 0.686980 -1.866678 -0.218820
v 0.720143 -1.833514 -0.276020
v 0.760589 -1.793068 -0.322920
v 0.806693 -1.746965 -0.357820
v 0.856756 -1.696901 -0.379320
v 0.908799 -1.644858 -0.386520
v 0.960913 -1.592745 -0.379320
v 1.010976 -1.542681 -0.357820
v 1.057079 -1.496578 -0.322920
v 1.097526 -1.456132 -0.276020
v 1.130689 -1.422968 -0.218820
v 1.155367 -1.398290 -0.153620
v 1.170570 -1.383087 -0.082820
v 1.175661 -1.377996 -0.009120
v 1.170570 -1.383087 0.064480
v 1.155367 -1.398290 0.135280
v 1.130689 -1.422968 0.200480
v 1.097526 -1.456132 0.257680
v 0.960913 -1.592745 0.360980
v 1.057079 -1.496578 0.304580
v 1.010976 -1.542681 0.339480
v 1.101344 -1.705740 0.458580
v 1.164559 -1.642525 0.431380
v 1.222896 -1.584189 0.387380
v 1.273949 -1.533135 0.327980
v 1.315880 -1.491204 0.255780
v 1.347064 -1.460021 0.173280
v 1.366226 -1.440858 0.083880
v 1.372732 -1.434353 -0.009120
v 1.366226 -1.440858 -0.102220
v 1.347064 -1.460021 -0.191620
v 1.315880 -1.491204 -0.274120
v 1.273949 -1.533135 -0.346320
v 1.222896 -1.584189 -0.405620
v 1.164559 -1.642525 -0.449720
v 1.101344 -1.705740 -0.476820
v 1.035512 -1.771572 -0.486020
v 0.969752 -1.837333 -0.476820
v 0.906536 -1.900548 -0.449720
v 0.848200 -1.958884 -0.405620
v 0.797147 -2.009938 -0.346320
v 0.755145 -2.051940 -0.274120
v 0.724032 -2.083052 -0.191620
v 0.704799 -2.102286 -0.102220
v 0.698364 -2.108720 -0.009120
v 0.704799 -2.102286 0.083880
v 0.724032 -2.083052 0.173280
v 0.755145 -2.051940 0.255780
v 0.797147 -2.009938 0.327980
v 0.848200 -1.958884 0.387380
v 0.906536 -1.900548 0.431380
v 0.969752 -1.837333 0.458580
v 1.035512 -1.771572 0.467680
v 1.033745 -1.771501 0.469780
v 0.967630 -1.837616 0.460580
v 0.904061 -1.901185 0.433280
v 0.845442 -1.959804 0.389080
v 0.794106 -2.011140 0.329380
v 0.751892 -2.053354 0.256780
v 0.720638 -2.084608 0.173880
v 0.701334 -2.103912 0.083980
v 0.694828 -2.110417 -0.009520
v 0.701334 -2.103912 -0.103020
v 0.720638 -2.084608 -0.192920
v 0.751892 -2.053354 -0.275820
v 0.794106 -2.011140 -0.348520
v 0.845442 -1.959804 -0.408120
v 0.904061 -1.901185 -0.452420
v 0.967630 -1.837616 -0.479620
v 1.033745 -1.771501 -0.488820
v 1.099859 -1.705387 -0.479620
v 1.163428 -1.641818 -0.452420
v 1.222047 -1.583199 -0.408120
v 1.273383 -1.531863 -0.348520
v 1.315598 -1.489648 -0.275820
v 1.346922 -1.458324 -0.192920
v 1.366156 -1.439090 -0.103020
v 1.372661 -1.432585 -0.009520
v 1.366156 -1.439090 0.083980
v 1.346922 -1.458324 0.173880
v 1.315598 -1.489648 0.256780
v 1.273383 -1.531863 0.329380
v 1.099859 -1.705387 0.460580
v 1.222047 -1.583199 0.389080
v 1.163428 -1.641818 0.433280
v 0.691788 -2.143723 0.090880
v 0.763064 -2.214999 0.090880
v 0.756064 -2.221999 -0.009520
v 0.684788 -2.150723 -0.009520
v 0.909577 -1.925934 0.466180
v 0.846644 -1.988866 0.418580
v 0.977884 -1.857627 -0.514520
v 1.048877 -1.786633 -0.524420
v 1.306335 -1.529176 0.354580
v 1.251110 -1.584401 0.418580
v 0.977884 -1.857627 0.495480
v 0.909577 -1.925934 -0.485220
v 1.351589 -1.483921 0.276480
v 1.048877 -1.786633 0.505380
v 0.846644 -1.988866 -0.437620
v 1.385248 -1.450263 0.187480
v 0.791419 -2.044091 -0.373620
v 1.405966 -1.429545 0.090880
v 0.746165 -2.089346 -0.295520
v 1.412966 -1.422544 -0.009520
v 0.712506 -2.123004 -0.206520
v 1.405966 -1.429545 -0.109920
v 0.691788 -2.143723 -0.109920
v 1.385248 -1.450263 -0.206520
v 1.351589 -1.483921 -0.295520
v 1.306335 -1.529176 -0.373620
v 0.712506 -2.123004 0.187480
v 1.251110 -1.584401 -0.437620
v 0.746165 -2.089346 0.276480
v 1.188177 -1.647333 -0.485220
v 1.119871 -1.715640 0.495480
v 0.791419 -2.044091 0.354580
v 1.119871 -1.715640 -0.514520
v 1.188177 -1.647333 0.466180
v 1.191147 -1.786916 0.495480
v 1.259453 -1.718610 0.466180
v 1.322386 -1.655677 0.418580
v 1.377611 -1.600452 0.354580
v 1.422866 -1.555197 0.276480
v 1.456524 -1.521539 0.187480
v 1.477242 -1.500821 0.090880
v 1.484243 -1.493821 -0.009520
v 1.477242 -1.500821 -0.109920
v 1.456524 -1.521539 -0.206520
v 1.422866 -1.555197 -0.295520
v 1.377611 -1.600452 -0.373620
v 1.322386 -1.655677 -0.437620
v 1.259453 -1.718610 -0.485220
v 1.191147 -1.786916 -0.514520
v 1.120153 -1.857910 -0.524420
v 1.049160 -1.928903 -0.514520
v 0.980853 -1.997210 -0.485220
v 0.917921 -2.060142 -0.437620
v 0.862696 -2.115367 -0.373620
v 0.817441 -2.160622 -0.295520
v 0.783783 -2.194281 -0.206520
v 0.763064 -2.214999 -0.109920
v 0.783783 -2.194281 0.187480
v 0.817441 -2.160622 0.276480
v 0.862696 -2.115367 0.354580
v 0.917921 -2.060142 0.418580
v 0.980853 -1.997210 0.466180
v 1.049160 -1.928903 0.495480
v 1.120153 -1.857910 0.505380
v 0.752034 -2.122651 0.250580
v 0.749276 -2.125408 0.252080
v 0.801885 -2.178017 0.252080
v 0.804642 -2.175259 0.250580
v 0.746377 -2.128307 0.252780
v 0.798985 -2.180916 0.252780
v 0.743407 -2.131277 0.252680
v 0.796016 -2.183886 0.252680
v 0.740508 -2.134176 0.251680
v 0.793116 -2.186785 0.251680
v 0.737821 -2.136863 0.249980
v 0.790429 -2.189472 0.249980
v 0.788025 -2.191876 0.247580
v 0.735417 -2.139267 0.247580
v 0.785975 -2.193927 0.244480
v 0.733366 -2.141318 0.244480
v 0.731810 -2.142874 0.240980
v 0.784419 -2.195482 0.240980
v 0.783358 -2.196543 0.237080
v 0.730750 -2.143934 0.237080
v 0.782863 -2.197038 0.232980
v 0.730255 -2.144429 0.232980
v 0.782934 -2.196967 0.228780
v 0.730325 -2.144359 0.228780
v 0.731032 -2.143652 0.224680
v 0.783641 -2.196260 0.224680
v 0.784843 -2.195058 0.220880
v 0.732235 -2.142450 0.220880
v 0.786540 -2.193361 0.217480
v 0.733932 -2.140752 0.217480
v 0.788732 -2.191169 0.214580
v 0.736124 -2.138561 0.214580
v 0.791207 -2.188694 0.212380
v 0.738599 -2.136086 0.212380
v 0.793965 -2.185936 0.210880
v 0.741356 -2.133328 0.210880
v 0.796864 -2.183038 0.210180
v 0.744255 -2.130429 0.210180
v 0.799834 -2.180068 0.210280
v 0.747225 -2.127459 0.210280
v 0.750124 -2.124560 0.211280
v 0.802733 -2.177168 0.211280
v 0.752811 -2.121873 0.212980
v 0.805420 -2.174481 0.212980
v 0.807824 -2.172077 0.215380
v 0.755216 -2.119469 0.215380
v 0.809875 -2.170027 0.218480
v 0.757266 -2.117418 0.218480
v 0.758822 -2.115862 0.221980
v 0.811431 -2.168471 0.221980
v 0.759882 -2.114802 0.225880
v 0.812491 -2.167410 0.225880
v 0.812986 -2.166915 0.229980
v 0.760377 -2.114307 0.229980
v 0.760307 -2.114377 0.234180
v 0.812915 -2.166986 0.234180
v 0.812208 -2.167693 0.238280
v 0.759600 -2.115085 0.238280
v 0.811006 -2.168895 0.242080
v 0.758398 -2.116287 0.242080
v 0.756700 -2.117984 0.245480
v 0.809309 -2.170592 0.245480
v 0.724810 -2.123853 0.236780
v 0.724174 -2.124772 0.234080
v 0.754508 -2.120176 0.248380
v 0.807117 -2.172784 0.248380
v 0.734851 -2.119468 0.245380
v 0.737396 -2.101650 0.238280
v 0.735911 -2.100306 0.236280
v 0.732235 -2.120246 0.244580
v 0.739659 -2.126540 0.217280
v 0.736760 -2.127035 0.217480
v 0.752741 -2.119115 0.234480
v 0.753165 -2.119822 0.231680
v 0.729760 -2.121024 0.243180
v 0.729053 -2.127388 0.221280
v 0.727143 -2.127176 0.223380
v 0.751256 -2.122438 0.223780
v 0.749629 -2.123358 0.221580
v 0.743265 -2.117984 0.244780
v 0.740508 -2.118337 0.245480
v 0.745882 -2.117913 0.243480
v 0.724103 -2.125550 0.231280
v 0.742417 -2.125903 0.217580
v 0.751609 -2.118549 0.237180
v 0.727638 -2.122014 0.241380
v 0.731386 -2.127459 0.219480
v 0.752458 -2.121519 0.226280
v 0.737609 -2.118832 0.245780
v 0.724598 -2.126186 0.228480
v 0.745033 -2.125125 0.218380
v 0.750195 -2.118125 0.239580
v 0.726012 -2.122933 0.239180
v 0.733932 -2.127317 0.218280
v 0.753094 -2.120600 0.228880
v 0.725659 -2.126822 0.225880
v 0.747508 -2.124348 0.219780
v 0.748215 -2.117984 0.241680
v 0.740154 -2.105821 0.241180
v 0.741427 -2.108367 0.241980
v 0.742417 -2.111054 0.242280
v 0.743265 -2.113741 0.241980
v 0.743831 -2.116570 0.241180
v 0.744114 -2.119115 0.239980
v 0.744185 -2.121449 0.238280
v 0.743902 -2.123570 0.236280
v 0.743336 -2.125125 0.233880
v 0.742558 -2.126328 0.231380
v 0.741498 -2.126964 0.228780
v 0.740366 -2.127105 0.226080
v 0.739023 -2.126610 0.223580
v 0.737538 -2.125691 0.221280
v 0.736124 -2.124277 0.219180
v 0.734639 -2.122368 0.217480
v 0.733295 -2.120176 0.216280
v 0.732164 -2.117630 0.215480
v 0.731032 -2.114943 0.215180
v 0.730255 -2.112185 0.215480
v 0.729618 -2.109428 0.216280
v 0.729335 -2.106882 0.217480
v 0.729335 -2.104478 0.219180
v 0.729548 -2.102427 0.221180
v 0.730184 -2.100801 0.223580
v 0.730962 -2.099599 0.226080
v 0.731952 -2.099033 0.228780
v 0.733154 -2.098821 0.231380
v 0.734497 -2.099316 0.233880
v 0.738811 -2.103630 0.239980
v 0.722830 -2.151854 -0.207520
v 0.775439 -2.204463 -0.207520
v 0.777489 -2.202412 -0.204520
v 0.724881 -2.149803 -0.204520
v 0.773812 -2.206089 -0.211020
v 0.721204 -2.153480 -0.211020
v 0.720072 -2.154612 -0.214920
v 0.772681 -2.207221 -0.214920
v 0.772186 -2.207716 -0.219020
v 0.719577 -2.155107 -0.219020
v 0.719577 -2.155107 -0.223220
v 0.772186 -2.207716 -0.223220
v 0.772822 -2.207079 -0.227220
v 0.720214 -2.154470 -0.227220
v 0.773954 -2.205948 -0.231120
v 0.721345 -2.153339 -0.231120
v 0.723042 -2.151642 -0.234520
v 0.775651 -2.204251 -0.234520
v 0.777772 -2.202129 -0.237520
v 0.725164 -2.149521 -0.237520
v 0.727638 -2.147046 -0.239820
v 0.780247 -2.199655 -0.239820
v 0.730396 -2.144288 -0.241320
v 0.783005 -2.196897 -0.241320
v 0.785904 -2.193998 -0.242120
v 0.733295 -2.141389 -0.242120
v 0.736265 -2.138419 -0.242020
v 0.788874 -2.191028 -0.242020
v 0.739164 -2.135520 -0.241220
v 0.791773 -2.188129 -0.241220
v 0.794460 -2.185441 -0.239520
v 0.741851 -2.132833 -0.239520
v 0.744326 -2.130358 -0.237220
v 0.796935 -2.182967 -0.237220
v 0.746377 -2.128307 -0.234220
v 0.798985 -2.180916 -0.234220
v 0.800612 -2.179290 -0.230720
v 0.748003 -2.126681 -0.230720
v 0.801672 -2.178229 -0.226820
v 0.749064 -2.125620 -0.226820
v 0.749629 -2.125055 -0.222720
v 0.802238 -2.177663 -0.222720
v 0.802167 -2.177734 -0.218520
v 0.749559 -2.125125 -0.218520
v 0.748993 -2.125691 -0.214420
v 0.801602 -2.178300 -0.214420
v 0.747791 -2.126893 -0.210620
v 0.800400 -2.179502 -0.210620
v 0.798773 -2.181128 -0.207120
v 0.746165 -2.128520 -0.207120
v 0.796652 -2.183249 -0.204220
v 0.744043 -2.130641 -0.204220
v 0.741568 -2.133116 -0.201920
v 0.794177 -2.185724 -0.201920
v 0.791419 -2.188482 -0.200320
v 0.738811 -2.135873 -0.200320
v 0.735912 -2.138772 -0.199620
v 0.788520 -2.191381 -0.199620
v 0.732942 -2.141742 -0.199620
v 0.785550 -2.194351 -0.199620
v 0.782651 -2.197250 -0.200520
v 0.730043 -2.144642 -0.200520
v 0.716749 -2.132197 -0.230520
v 0.715193 -2.133469 -0.228420
v 0.727356 -2.147329 -0.202120
v 0.779964 -2.199937 -0.202120
v 0.714203 -2.138278 -0.218220
v 0.715264 -2.139055 -0.215620
v 0.716325 -2.122721 -0.205320
v 0.716254 -2.119963 -0.206120
v 0.739023 -2.127176 -0.228420
v 0.736972 -2.126822 -0.230520
v 0.734780 -2.137076 -0.208220
v 0.737114 -2.135873 -0.209520
v 0.713567 -2.137217 -0.220820
v 0.726436 -2.127883 -0.234520
v 0.729265 -2.127176 -0.234220
v 0.742205 -2.130782 -0.218120
v 0.741710 -2.131984 -0.215620
v 0.721133 -2.140116 -0.209520
v 0.718800 -2.140045 -0.211220
v 0.723820 -2.139975 -0.208220
v 0.718729 -2.130924 -0.232220
v 0.740578 -2.127742 -0.226020
v 0.732093 -2.138065 -0.207420
v 0.713567 -2.136086 -0.223520
v 0.732022 -2.126822 -0.233420
v 0.740649 -2.133328 -0.213220
v 0.716820 -2.139621 -0.213320
v 0.721062 -2.129722 -0.233420
v 0.741639 -2.128520 -0.223520
v 0.729406 -2.138914 -0.207220
v 0.714133 -2.134813 -0.226120
v 0.734568 -2.126681 -0.232220
v 0.739094 -2.134601 -0.211220
v 0.723749 -2.128732 -0.234220
v 0.742205 -2.129651 -0.220820
v 0.726578 -2.139621 -0.207520
v 0.720072 -2.133399 -0.206520
v 0.721628 -2.135378 -0.207820
v 0.723396 -2.137005 -0.209620
v 0.725163 -2.138065 -0.211520
v 0.727002 -2.138631 -0.213720
v 0.728770 -2.138702 -0.216020
v 0.730325 -2.138136 -0.218420
v 0.731810 -2.137076 -0.220720
v 0.733012 -2.135449 -0.222820
v 0.733932 -2.133540 -0.224720
v 0.734497 -2.131136 -0.226320
v 0.734709 -2.128520 -0.227620
v 0.734568 -2.125833 -0.228420
v 0.734073 -2.122933 -0.228820
v 0.733295 -2.120176 -0.228720
v 0.732235 -2.117559 -0.228220
v 0.730820 -2.115155 -0.227220
v 0.729265 -2.113175 -0.225920
v 0.727497 -2.111549 -0.224220
v 0.725729 -2.110488 -0.222220
v 0.723891 -2.109923 -0.220020
v 0.722123 -2.109852 -0.217720
v 0.720567 -2.110418 -0.215320
v 0.719082 -2.111478 -0.213020
v 0.717951 -2.113034 -0.210920
v 0.716961 -2.115014 -0.209020
v 0.716466 -2.117347 -0.207420
v 0.716820 -2.125620 -0.204920
v 0.718800 -2.130994 -0.205520
v 0.717598 -2.128378 -0.205020
v 0.700415 -2.174269 0.030780
v 0.753024 -2.226878 0.030780
v 0.755993 -2.223908 0.030980
v 0.703385 -2.171299 0.030980
v 0.750195 -2.229707 0.029680
v 0.697586 -2.177098 0.029680
v 0.694899 -2.179785 0.027880
v 0.747508 -2.232394 0.027880
v 0.692566 -2.182118 0.025280
v 0.745175 -2.234727 0.025280
v 0.743195 -2.236707 0.022180
v 0.690586 -2.184098 0.022180
v 0.689101 -2.185583 0.018580
v 0.741710 -2.238192 0.018580
v 0.688111 -2.186573 0.014580
v 0.740720 -2.239182 0.014580
v 0.740366 -2.239535 0.010480
v 0.687758 -2.186927 0.010480
v 0.687899 -2.186785 0.006280
v 0.740508 -2.239394 0.006280
v 0.688677 -2.186007 0.002280
v 0.741286 -2.238616 0.002280
v 0.742558 -2.237343 -0.001520
v 0.689950 -2.184735 -0.001520
v 0.691788 -2.182896 -0.004820
v 0.744397 -2.235505 -0.004820
v 0.693980 -2.180704 -0.007620
v 0.746589 -2.233313 -0.007620
v 0.749134 -2.230767 -0.009720
v 0.696526 -2.178159 -0.009720
v 0.751963 -2.227939 -0.011120
v 0.699354 -2.175330 -0.011120
v 0.702253 -2.172431 -0.011620
v 0.754862 -2.225039 -0.011620
v 0.757832 -2.222070 -0.011420
v 0.705223 -2.169461 -0.011420
v 0.760660 -2.219241 -0.010320
v 0.708052 -2.166633 -0.010320
v 0.710738 -2.163946 -0.008520
v 0.763347 -2.216554 -0.008520
v 0.765681 -2.214221 -0.006020
v 0.713072 -2.161612 -0.006020
v 0.715052 -2.159632 -0.002820
v 0.767661 -2.212241 -0.002820
v 0.716537 -2.158147 0.000780
v 0.769146 -2.210756 0.000780
v 0.770135 -2.209766 0.004680
v 0.717527 -2.157157 0.004680
v 0.770489 -2.209413 0.008880
v 0.717880 -2.156804 0.008880
v 0.717739 -2.156945 0.013080
v 0.770348 -2.209554 0.013080
v 0.769570 -2.210332 0.017080
v 0.716961 -2.157723 0.017080
v 0.715688 -2.158996 0.020880
v 0.768297 -2.211605 0.020880
v 0.713920 -2.160764 0.024180
v 0.766529 -2.213372 0.024180
v 0.764266 -2.215635 0.026980
v 0.711658 -2.163026 0.026980
v 0.709112 -2.165572 0.029080
v 0.761721 -2.218181 0.029080
v 0.681464 -2.167198 0.010080
v 0.681677 -2.167269 0.007180
v 0.706354 -2.168330 0.030380
v 0.758963 -2.220938 0.030380
v 0.688323 -2.165996 0.022180
v 0.692000 -2.147046 0.021580
v 0.691222 -2.144995 0.019680
v 0.686131 -2.166350 0.020480
v 0.701405 -2.164794 -0.004120
v 0.698647 -2.165148 -0.004920
v 0.708547 -2.163309 0.017480
v 0.709819 -2.163168 0.014880
v 0.684151 -2.166633 0.018280
v 0.687687 -2.166633 -0.002420
v 0.690162 -2.166279 -0.003820
v 0.709536 -2.163451 0.003580
v 0.710456 -2.163239 0.006380
v 0.693697 -2.165148 0.024280
v 0.696526 -2.164723 0.024480
v 0.699425 -2.164370 0.024080
v 0.682454 -2.167198 0.004380
v 0.703950 -2.164370 -0.002920
v 0.706779 -2.163380 0.019780
v 0.682737 -2.166915 0.015780
v 0.692919 -2.165926 -0.004720
v 0.710809 -2.163168 0.009180
v 0.690869 -2.165572 0.023480
v 0.683727 -2.167057 0.001780
v 0.706213 -2.163945 -0.001120
v 0.704587 -2.163733 0.021680
v 0.681818 -2.167128 0.012980
v 0.695677 -2.165572 -0.005120
v 0.710597 -2.163097 0.012080
v 0.685566 -2.166915 -0.000520
v 0.708122 -2.163733 0.001080
v 0.702112 -2.164087 0.023180
v 0.694051 -2.151925 0.023880
v 0.695111 -2.154682 0.024180
v 0.696172 -2.157299 0.023980
v 0.697091 -2.159915 0.023180
v 0.698011 -2.162390 0.021880
v 0.698788 -2.164440 0.020080
v 0.699425 -2.166208 0.017780
v 0.699849 -2.167623 0.015280
v 0.700061 -2.168400 0.012580
v 0.700061 -2.168825 0.009680
v 0.699849 -2.168612 0.006780
v 0.699566 -2.167905 0.003980
v 0.698930 -2.166703 0.001380
v 0.698223 -2.165006 -0.000820
v 0.697374 -2.163026 -0.002720
v 0.696384 -2.160622 -0.004120
v 0.695394 -2.158077 -0.005020
v 0.694334 -2.155460 -0.005320
v 0.693273 -2.152703 -0.005120
v 0.692283 -2.150157 -0.004320
v 0.691364 -2.147682 -0.003020
v 0.690657 -2.145561 -0.001220
v 0.690020 -2.143793 0.001080
v 0.689525 -2.142449 0.003580
v 0.689384 -2.141601 0.006280
v 0.689313 -2.141248 0.009180
v 0.689525 -2.141459 0.012080
v 0.689879 -2.142096 0.014880
v 0.690445 -2.143369 0.017480
v 0.693061 -2.149379 0.022980
vn 0.3719 -0.9283 -0.0000
vn 0.3720 -0.9282 -0.0000
vn 0.3721 -0.9282 -0.0004
vn 0.3720 -0.9283 -0.0001
vn 0.3719 -0.9283 0.0002
vn 0.3720 -0.9282 0.0001
vn 0.3723 -0.9281 -0.0000
vn 0.3722 -0.9282 0.0002
vn 0.3722 -0.9282 0.0003
vn 0.3720 -0.9283 0.0001
vn 0.3721 -0.9282 0.0004
vn 0.3719 -0.9283 0.0001
vn 0.3721 -0.9282 -0.0001
vn 0.3724 -0.9281 -0.0000
vn 0.3721 -0.9282 -0.0000
vn 0.3721 -0.9282 0.0001
vn -0.9171 0.3925 0.0698
vn -0.9171 0.3924 0.0698
vn -0.9171 0.3925 0.0699
vn -0.9172 0.3923 0.0696
vn -0.4375 -0.1754 0.8819
vn -0.4377 -0.1751 0.8819
vn -0.4378 -0.1753 0.8818
vn -0.4378 -0.1755 0.8818
vn -0.0910 -0.0365 -0.9952
vn -0.0909 -0.0365 -0.9952
vn -0.0910 -0.0364 -0.9952
vn 0.7175 0.2877 -0.6344
vn -0.2693 -0.1078 0.9570
vn -0.2694 -0.1079 0.9570
vn -0.2694 -0.1078 -0.9570
vn -0.2693 -0.1079 -0.9570
vn -0.2693 -0.1078 -0.9570
vn -0.2695 -0.1078 -0.9570
vn 0.5891 0.2360 -0.7728
vn 0.5892 0.2360 -0.7728
vn 0.5893 0.2360 -0.7727
vn 0.5889 0.2361 -0.7730
vn -0.0910 -0.0364 0.9952
vn -0.0910 -0.0365 0.9952
vn -0.0909 -0.0364 0.9952
vn -0.4377 -0.1755 -0.8818
vn -0.4377 -0.1756 -0.8818
vn -0.4375 -0.1753 -0.8820
vn -0.4376 -0.1754 -0.8819
vn 0.4375 0.1753 -0.8820
vn 0.4377 0.1755 -0.8819
vn 0.4374 0.1752 -0.8820
vn 0.0909 0.0365 0.9952
vn -0.5891 -0.2362 -0.7728
vn -0.5890 -0.2361 -0.7729
vn -0.5889 -0.2361 -0.7729
vn 0.2695 0.1080 -0.9569
vn 0.2694 0.1080 -0.9570
vn 0.2696 0.1080 -0.9569
vn 0.2695 0.1080 0.9569
vn 0.2694 0.1079 0.9570
vn 0.2695 0.1081 0.9569
vn -0.7175 -0.2875 -0.6345
vn -0.7176 -0.2875 -0.6344
vn -0.7174 -0.2873 -0.6347
vn -0.7172 -0.2874 -0.6349
vn 0.0909 0.0365 -0.9952
vn 0.4376 0.1754 0.8819
vn 0.4375 0.1754 0.8819
vn 0.4380 0.1753 0.8817
vn -0.8186 -0.3278 -0.4716
vn -0.8187 -0.3281 -0.4713
vn -0.8187 -0.3280 -0.4713
vn -0.8188 -0.3283 -0.4710
vn 0.5885 0.2356 0.7734
vn 0.5887 0.2360 0.7731
vn 0.5886 0.2358 0.7733
vn 0.5887 0.2359 0.7731
vn -0.8882 -0.3561 -0.2902
vn 0.7176 0.2876 0.6343
vn 0.7177 0.2876 0.6342
vn 0.7175 0.2875 0.6344
vn -0.9238 -0.3701 -0.0978
vn -0.9238 -0.3704 -0.0974
vn -0.9238 -0.3702 -0.0980
vn 0.8186 0.3280 0.4714
vn 0.8183 0.3281 0.4719
vn 0.8186 0.3280 0.4715
vn -0.9237 -0.3703 0.0981
vn -0.9239 -0.3699 0.0983
vn -0.9239 -0.3699 0.0982
vn -0.9238 -0.3703 0.0978
vn 0.8883 0.3559 0.2902
vn 0.8884 0.3555 0.2906
vn 0.8883 0.3558 0.2903
vn 0.8883 0.3560 0.2903
vn -0.8882 -0.3561 0.2902
vn 0.9240 0.3697 0.0980
vn 0.9238 0.3702 0.0978
vn 0.9239 0.3700 0.0975
vn 0.9238 0.3700 0.0982
vn -0.8187 -0.3280 0.4713
vn -0.8186 -0.3275 0.4719
vn -0.8186 -0.3278 0.4716
vn -0.8188 -0.3283 0.4710
vn 0.9237 0.3703 -0.0981
vn 0.9238 0.3701 -0.0978
vn 0.9238 0.3700 -0.0979
vn 0.9237 0.3703 -0.0986
vn -0.7177 -0.2874 0.6342
vn -0.7177 -0.2876 0.6342
vn -0.7176 -0.2873 0.6345
vn -0.7176 -0.2871 0.6345
vn 0.8883 0.3559 -0.2902
vn 0.8881 0.3561 -0.2907
vn 0.8884 0.3558 -0.2902
vn 0.8883 0.3559 -0.2904
vn -0.5887 -0.2360 0.7731
vn 0.8186 0.3281 -0.4715
vn 0.8183 0.3281 -0.4719
vn 0.8188 0.3280 -0.4712
vn -0.0848 -0.9332 0.3491
vn -0.0850 -0.9331 0.3494
vn -0.0846 -0.9334 0.3487
vn -0.0844 -0.9335 0.3484
vn 0.3673 0.9070 0.2061
vn 0.3674 0.9069 0.2061
vn 0.3674 0.9070 0.2057
vn 0.3676 0.9070 0.2056
vn -0.8921 0.4023 0.2058
vn -0.8920 0.4024 0.2061
vn -0.8920 0.4023 0.2059
vn -0.8922 0.4024 0.2051
vn 0.3926 0.9171 0.0692
vn 0.3926 0.9171 0.0690
vn 0.3926 0.9171 0.0694
vn 0.3926 0.9171 0.0695
vn -0.8426 0.4218 0.3347
vn -0.8427 0.4220 0.3343
vn -0.8426 0.4219 0.3347
vn 0.3927 0.9171 -0.0687
vn 0.3926 0.9171 -0.0691
vn -0.7709 0.4511 0.4497
vn -0.7711 0.4507 0.4497
vn -0.7712 0.4506 0.4497
vn 0.3670 0.9071 -0.2062
vn 0.3671 0.9071 -0.2060
vn 0.3671 0.9070 -0.2061
vn 0.3674 0.9070 -0.2060
vn -0.6796 0.4879 0.5478
vn -0.6797 0.4875 0.5480
vn -0.6797 0.4877 0.5479
vn -0.6798 0.4874 0.5480
vn 0.3180 0.8873 -0.3341
vn 0.3184 0.8872 -0.3340
vn 0.3177 0.8873 -0.3342
vn 0.3173 0.8874 -0.3343
vn -0.5726 0.5304 0.6251
vn -0.5726 0.5304 0.6252
vn -0.5725 0.5305 0.6251
vn -0.5726 0.5306 0.6250
vn -0.3269 0.6288 -0.7056
vn -0.3269 0.6288 -0.7055
vn 0.2463 0.8586 -0.4496
vn 0.2466 0.8585 -0.4497
vn 0.2464 0.8586 -0.4497
vn -0.4532 0.5779 0.6787
vn -0.4534 0.5781 0.6784
vn -0.4534 0.5781 0.6785
vn -0.4534 0.5781 -0.6784
vn -0.4534 0.5780 -0.6785
vn 0.1547 0.8222 -0.5478
vn 0.1551 0.8220 -0.5480
vn 0.1553 0.8220 -0.5479
vn 0.1552 0.8219 -0.5480
vn -0.3269 0.6288 0.7055
vn -0.3267 0.6292 0.7053
vn -0.3270 0.6285 0.7057
vn -0.5723 0.5303 -0.6255
vn -0.5725 0.5306 -0.6251
vn -0.5725 0.5303 -0.6254
vn -0.5726 0.5304 -0.6252
vn 0.0478 0.7788 -0.6254
vn 0.0479 0.7787 -0.6256
vn 0.0479 0.7788 -0.6254
vn 0.0478 0.7790 -0.6252
vn -0.1978 0.6807 0.7053
vn -0.1978 0.6806 0.7054
vn -0.1978 0.6806 0.7055
vn -0.1978 0.6810 0.7051
vn -0.6798 0.4873 -0.5480
vn -0.6799 0.4874 -0.5479
vn -0.6798 0.4874 -0.5480
vn -0.0714 0.7312 -0.6784
vn -0.0717 0.7313 -0.6782
vn -0.0713 0.7312 -0.6784
vn -0.0715 0.7311 0.6785
vn -0.0714 0.7312 0.6784
vn -0.0715 0.7314 0.6782
vn -0.0714 0.7314 0.6782
vn -0.7707 0.4513 -0.4498
vn -0.7710 0.4509 -0.4497
vn -0.7710 0.4510 -0.4497
vn -0.7708 0.4516 -0.4494
vn -0.1979 0.6805 -0.7055
vn -0.1980 0.6805 -0.7055
vn 0.0476 0.7794 0.6248
vn 0.0479 0.7790 0.6251
vn 0.0476 0.7790 0.6252
vn 0.0476 0.7786 0.6257
vn -0.8424 0.4224 -0.3345
vn -0.8424 0.4225 -0.3344
vn -0.8424 0.4223 -0.3346
vn 0.1551 0.8219 0.5480
vn 0.1549 0.8220 0.5480
vn 0.1551 0.8220 0.5480
vn -0.8920 0.4023 -0.2059
vn -0.8922 0.4024 -0.2051
vn 0.2466 0.8585 0.4497
vn 0.2465 0.8585 0.4497
vn -0.9172 0.3923 -0.0696
vn -0.9171 0.3926 -0.0698
vn -0.9171 0.3925 -0.0699
vn -0.9172 0.3922 -0.0695
vn 0.3183 0.8871 0.3343
vn 0.3181 0.8873 0.3339
vn 0.3182 0.8871 0.3343
vn 0.3181 0.8872 0.3343
vn -0.2696 -0.1080 0.9569
vn -0.2690 -0.1079 0.9571
vn -0.2693 -0.1079 0.9570
vn 0.7997 -0.5788 -0.1595
vn 0.7998 -0.5786 -0.1597
vn 0.7995 -0.5792 -0.1591
vn 0.7994 -0.5794 -0.1589
vn -0.0134 -0.9049 0.4254
vn -0.0132 -0.9049 0.4254
vn -0.0134 -0.9049 0.4255
vn 0.7611 -0.5945 -0.2595
vn 0.7610 -0.5946 -0.2594
vn 0.0698 -0.8716 0.4853
vn 0.0699 -0.8716 0.4851
vn 0.0697 -0.8719 0.4848
vn 0.2611 -0.7950 -0.5475
vn 0.2606 -0.7952 -0.5475
vn 0.2605 -0.7950 -0.5478
vn 0.7055 -0.6168 -0.3492
vn 0.7055 -0.6168 -0.3491
vn 0.7054 -0.6169 -0.3490
vn 0.7054 -0.6167 -0.3493
vn 0.1624 -0.8345 0.5265
vn 0.1623 -0.8345 0.5265
vn 0.1623 -0.8344 -0.5267
vn 0.1624 -0.8345 -0.5266
vn 0.1624 -0.8345 -0.5265
vn 0.1624 -0.8344 -0.5267
vn 0.6347 -0.6451 -0.4255
vn 0.6346 -0.6452 -0.4254
vn 0.6347 -0.6451 -0.4254
vn 0.2605 -0.7951 0.5477
vn 0.2605 -0.7951 0.5476
vn 0.2606 -0.7952 0.5475
vn 0.2606 -0.7952 0.5476
vn 0.0697 -0.8716 -0.4852
vn 0.0698 -0.8716 -0.4853
vn 0.0698 -0.8715 -0.4854
vn 0.0699 -0.8716 -0.4851
vn 0.5514 -0.6786 -0.4853
vn 0.5515 -0.6784 -0.4854
vn 0.5514 -0.6785 -0.4854
vn 0.5513 -0.6786 -0.4854
vn 0.3601 -0.7550 0.5479
vn 0.3602 -0.7548 0.5482
vn 0.3600 -0.7554 0.5475
vn 0.3606 -0.7551 0.5476
vn -0.0134 -0.9049 -0.4253
vn -0.0134 -0.9049 -0.4254
vn -0.0134 -0.9050 -0.4252
vn 0.4588 -0.7156 -0.5267
vn 0.4588 -0.7155 -0.5268
vn 0.4588 -0.7157 -0.5266
vn 0.4589 -0.7156 -0.5266
vn 0.4588 -0.7156 0.5267
vn 0.4589 -0.7156 0.5267
vn 0.4589 -0.7157 0.5266
vn 0.4589 -0.7157 0.5265
vn -0.0845 -0.9334 -0.3489
vn -0.0842 -0.9334 -0.3488
vn -0.0850 -0.9333 -0.3490
vn -0.0844 -0.9333 -0.3491
vn 0.3606 -0.7550 -0.5476
vn 0.5517 -0.6782 0.4855
vn 0.5516 -0.6783 0.4854
vn 0.5515 -0.6784 0.4854
vn 0.5513 -0.6786 0.4853
vn -0.1398 -0.9556 -0.2593
vn -0.1397 -0.9556 -0.2593
vn -0.1394 -0.9558 -0.2590
vn -0.1398 -0.9557 -0.2590
vn 0.6345 -0.6454 0.4254
vn 0.6345 -0.6453 0.4255
vn 0.6348 -0.6449 0.4256
vn 0.6346 -0.6452 0.4254
vn -0.1782 -0.9709 -0.1598
vn -0.1787 -0.9709 -0.1597
vn -0.1781 -0.9710 -0.1598
vn -0.1779 -0.9710 -0.1598
vn 0.7054 -0.6169 0.3491
vn 0.7054 -0.6166 0.3496
vn 0.7053 -0.6169 0.3493
vn -0.1976 -0.9788 -0.0539
vn -0.1974 -0.9788 -0.0539
vn -0.1976 -0.9788 -0.0537
vn -0.1977 -0.9788 -0.0540
vn 0.7610 -0.5946 0.2594
vn 0.7611 -0.5946 0.2594
vn 0.7611 -0.5945 0.2595
vn -0.1979 -0.9787 0.0540
vn -0.1979 -0.9787 0.0541
vn -0.1976 -0.9788 0.0539
vn 0.7993 -0.5795 0.1592
vn 0.7993 -0.5794 0.1596
vn 0.7994 -0.5792 0.1597
vn 0.7993 -0.5793 0.1598
vn -0.1779 -0.9710 0.1597
vn -0.1780 -0.9710 0.1596
vn -0.1778 -0.9710 0.1600
vn -0.1782 -0.9709 0.1603
vn 0.8188 -0.5715 0.0541
vn 0.8190 -0.5713 0.0540
vn 0.8189 -0.5714 0.0539
vn 0.8187 -0.5717 0.0541
vn -0.1393 -0.9557 0.2592
vn -0.1395 -0.9556 0.2594
vn -0.1396 -0.9556 0.2593
vn -0.1399 -0.9556 0.2594
vn 0.8188 -0.5715 -0.0539
vn 0.8186 -0.5718 -0.0540
vn 0.8189 -0.5714 -0.0540
vn 0.8189 -0.5714 -0.0539
vn -0.0744 0.7349 0.6741
vn -0.0741 0.7348 0.6742
vn -0.0740 0.7347 0.6743
vn -0.0744 0.7348 0.6742
vn -0.2693 -0.1080 -0.9570
vn -0.2695 -0.1080 -0.9569
vn -0.2696 -0.1080 -0.9569
vn 0.5888 0.2359 -0.7731
vn 0.5891 0.2362 -0.7728
vn -0.0912 -0.0365 0.9952
vn -0.0912 -0.0366 0.9952
vn -0.4381 -0.1755 -0.8816
vn -0.4378 -0.1756 -0.8817
vn 0.4380 0.1756 -0.8817
vn 0.4376 0.1754 -0.8819
vn 0.4375 0.1754 -0.8819
vn 0.4379 0.1755 -0.8817
vn 0.0913 0.0365 0.9952
vn 0.0912 0.0365 0.9952
vn -0.5887 -0.2359 -0.7732
vn -0.5887 -0.2356 -0.7733
vn -0.5885 -0.2357 -0.7734
vn -0.5889 -0.2360 -0.7730
vn 0.2694 0.1079 -0.9569
vn 0.2689 0.1078 -0.9571
vn 0.2690 0.1079 -0.9571
vn 0.2693 0.1079 0.9570
vn 0.2694 0.1080 0.9570
vn -0.7178 -0.2873 -0.6342
vn -0.7173 -0.2877 -0.6346
vn 0.0912 0.0365 -0.9952
vn 0.0910 0.0364 -0.9952
vn 0.0913 0.0365 -0.9952
vn 0.4377 0.1754 0.8819
vn 0.4378 0.1756 0.8817
vn -0.8187 -0.3279 -0.4714
vn -0.8186 -0.3281 -0.4715
vn -0.8184 -0.3280 -0.4717
vn -0.8189 -0.3278 -0.4711
vn 0.5888 0.2359 0.7731
vn 0.5891 0.2362 0.7728
vn -0.8883 -0.3562 -0.2897
vn -0.9237 -0.3703 -0.0982
vn -0.9237 -0.3702 -0.0981
vn -0.9238 -0.3701 -0.0979
vn 0.8186 0.3283 0.4712
vn 0.8186 0.3282 0.4714
vn 0.8185 0.3280 0.4716
vn -0.9236 -0.3704 0.0984
vn -0.9238 -0.3702 0.0979
vn 0.8884 0.3558 0.2901
vn 0.8886 0.3557 0.2897
vn 0.8882 0.3560 0.2905
vn 0.8880 0.3561 0.2908
vn -0.8883 -0.3560 0.2902
vn -0.8883 -0.3562 0.2897
vn 0.9239 0.3700 0.0976
vn 0.9237 0.3702 0.0981
vn 0.9236 0.3704 0.0984
vn -0.8187 -0.3279 0.4714
vn -0.8189 -0.3278 0.4711
vn -0.8184 -0.3280 0.4717
vn -0.8182 -0.3281 0.4720
vn 0.9238 0.3702 -0.0977
vn 0.9237 0.3704 -0.0974
vn 0.9238 0.3700 -0.0982
vn 0.9239 0.3698 -0.0986
vn -0.7178 -0.2873 0.6342
vn -0.7173 -0.2877 0.6346
vn -0.7174 -0.2877 0.6345
vn 0.8883 0.3560 -0.2901
vn 0.8883 0.3562 -0.2897
vn 0.8883 0.3558 -0.2905
vn 0.8883 0.3558 -0.2906
vn -0.5888 -0.2360 0.7731
vn -0.5888 -0.2360 0.7730
vn -0.5886 -0.2358 0.7733
vn 0.8185 0.3279 -0.4717
vn 0.8186 0.3280 -0.4715
vn 0.8186 0.3279 -0.4716
vn 0.8187 0.3281 -0.4713
vn -0.4376 -0.1754 0.8819
vn -0.4378 -0.1754 0.8818
vn -0.4378 -0.1756 0.8817
vn -0.0912 -0.0365 -0.9952
vn -0.0912 -0.0366 -0.9952
vn 0.7177 0.2876 -0.6342
vn 0.7895 -0.3738 0.4868
vn 0.7894 -0.3739 0.4868
vn 0.7895 -0.3737 0.4868
vn -0.7695 0.4562 -0.4470
vn -0.7698 0.4560 -0.4466
vn -0.7696 0.4561 -0.4469
vn -0.7696 0.4560 -0.4470
vn -0.1998 0.6844 -0.7012
vn -0.1998 0.6843 -0.7012
vn -0.2000 0.6841 -0.7014
vn -0.1999 0.6843 -0.7013
vn 0.0446 0.7825 0.6210
vn 0.0443 0.7821 0.6215
vn 0.0444 0.7822 0.6214
vn 0.0444 0.7823 0.6214
vn -0.8408 0.4275 -0.3320
vn -0.8408 0.4276 -0.3320
vn 0.1508 0.8250 0.5447
vn 0.1508 0.8249 0.5448
vn 0.1508 0.8250 0.5446
vn 0.1508 0.8251 0.5444
vn -0.8900 0.4077 -0.2043
vn -0.8900 0.4074 -0.2046
vn -0.8899 0.4075 -0.2049
vn -0.8899 0.4078 -0.2046
vn 0.2420 0.8610 0.4473
vn 0.2418 0.8612 0.4471
vn 0.2419 0.8611 0.4472
vn 0.2419 0.8613 0.4469
vn -0.9148 0.3980 -0.0690
vn -0.9148 0.3980 -0.0689
vn -0.9148 0.3979 -0.0691
vn -0.9150 0.3975 -0.0695
vn 0.3131 0.8898 0.3321
vn 0.3132 0.8897 0.3322
vn 0.3128 0.8897 0.3325
vn 0.3129 0.8898 0.3322
vn -0.9149 0.3977 0.0692
vn -0.9149 0.3977 0.0690
vn -0.9148 0.3980 0.0690
vn -0.9148 0.3979 0.0692
vn 0.3618 0.9096 0.2044
vn 0.3619 0.9095 0.2045
vn -0.8899 0.4079 0.2043
vn -0.8899 0.4074 0.2049
vn -0.8899 0.4078 0.2045
vn -0.8898 0.4083 0.2039
vn 0.3866 0.9196 0.0693
vn 0.3869 0.9195 0.0692
vn 0.3864 0.9197 0.0692
vn -0.8406 0.4280 0.3318
vn -0.8407 0.4280 0.3318
vn -0.8408 0.4276 0.3321
vn -0.8407 0.4276 0.3320
vn 0.3870 0.9195 -0.0691
vn 0.3868 0.9195 -0.0696
vn 0.3868 0.9196 -0.0693
vn 0.3868 0.9196 -0.0691
vn -0.7696 0.4562 0.4468
vn -0.7696 0.4561 0.4468
vn -0.7696 0.4562 0.4469
vn -0.7696 0.4561 0.4470
vn 0.3619 0.9095 -0.2045
vn 0.3620 0.9094 -0.2046
vn 0.3620 0.9095 -0.2046
vn 0.3621 0.9094 -0.2047
vn -0.6787 0.4924 0.5450
vn -0.6787 0.4929 0.5445
vn -0.6788 0.4924 0.5447
vn -0.6789 0.4924 0.5447
vn 0.3128 0.8899 -0.3321
vn 0.3129 0.8898 -0.3322
vn 0.3127 0.8898 -0.3324
vn -0.5722 0.5351 0.6215
vn -0.5722 0.5352 0.6215
vn -0.5724 0.5349 0.6215
vn -0.5721 0.5352 0.6215
vn -0.3280 0.6328 -0.7014
vn -0.3280 0.6329 -0.7013
vn -0.3279 0.6327 -0.7015
vn -0.3280 0.6325 -0.7017
vn 0.2416 0.8613 -0.4470
vn 0.2417 0.8613 -0.4470
vn 0.2415 0.8614 -0.4469
vn -0.4534 0.5828 0.6744
vn -0.4533 0.5829 0.6743
vn -0.4535 0.5827 0.6745
vn -0.4538 0.5822 -0.6746
vn -0.4541 0.5824 -0.6742
vn -0.4538 0.5824 -0.6745
vn -0.4538 0.5824 -0.6744
vn 0.1510 0.8249 -0.5447
vn 0.1511 0.8246 -0.5451
vn 0.1511 0.8248 -0.5448
vn 0.1514 0.8247 -0.5450
vn -0.3283 0.6326 0.7014
vn -0.3283 0.6329 0.7012
vn -0.3280 0.6329 0.7013
vn -0.3280 0.6329 0.7014
vn -0.5723 0.5349 -0.6216
vn -0.5724 0.5350 -0.6215
vn -0.5723 0.5351 -0.6214
vn -0.5722 0.5351 -0.6215
vn 0.0446 0.7823 -0.6213
vn 0.0438 0.7825 -0.6211
vn 0.0445 0.7822 -0.6214
vn 0.0446 0.7822 -0.6215
vn -0.2000 0.6841 0.7014
vn -0.1997 0.6842 0.7015
vn -0.2001 0.6840 0.7015
vn -0.1999 0.6843 0.7013
vn -0.6789 0.4924 -0.5447
vn -0.6788 0.4921 -0.5450
vn -0.6789 0.4924 -0.5446
vn -0.6788 0.4923 -0.5448
vn -0.0737 0.7347 -0.6744
vn -0.0741 0.7348 -0.6743
vn -0.0740 0.7347 -0.6743
vn 0.9238 0.3701 0.0983
vn 0.9237 0.3702 0.0982
vn 0.9239 0.3699 0.0979
vn 0.9240 0.3697 0.0975
vn -0.4713 -0.8787 -0.0754
vn -0.4713 -0.8787 -0.0753
vn -0.4712 -0.8788 -0.0753
vn 0.8669 -0.3428 0.3618
vn 0.8669 -0.3429 0.3619
vn 0.8670 -0.3427 0.3618
vn -0.4713 -0.8788 0.0755
vn -0.4712 -0.8788 0.0755
vn -0.4713 -0.8788 0.0752
vn -0.4713 -0.8787 0.0753
vn 0.9203 -0.3213 0.2231
vn 0.9205 -0.3210 0.2229
vn 0.9203 -0.3213 0.2230
vn 0.9204 -0.3212 0.2230
vn -0.4437 -0.8681 0.2225
vn -0.4441 -0.8678 0.2230
vn -0.4436 -0.8682 0.2223
vn -0.4439 -0.8680 0.2227
vn 0.9478 -0.3098 0.0757
vn 0.9477 -0.3100 0.0753
vn 0.9477 -0.3099 0.0758
vn 0.9477 -0.3102 0.0754
vn -0.3905 -0.8464 0.3620
vn -0.3904 -0.8465 0.3620
vn -0.3907 -0.8464 0.3619
vn -0.3909 -0.8463 0.3618
vn 0.9477 -0.3099 -0.0758
vn 0.9476 -0.3103 -0.0753
vn 0.9478 -0.3098 -0.0759
vn 0.9477 -0.3100 -0.0755
vn -0.3128 -0.8151 0.4877
vn -0.3128 -0.8153 0.4872
vn -0.3128 -0.8151 0.4876
vn -0.3128 -0.8152 0.4875
vn 0.9204 -0.3211 -0.2229
vn 0.9204 -0.3212 -0.2229
vn 0.9204 -0.3211 -0.2230
vn -0.2141 -0.7757 0.5936
vn -0.2141 -0.7759 0.5934
vn -0.2141 -0.7757 0.5937
vn 0.8670 -0.3423 -0.3620
vn 0.8670 -0.3423 -0.3621
vn 0.8671 -0.3423 -0.3620
vn 0.8671 -0.3424 -0.3619
vn -0.0977 -0.7294 0.6770
vn -0.0977 -0.7292 0.6773
vn -0.0975 -0.7295 0.6770
vn -0.0979 -0.7292 0.6773
vn 0.1685 -0.6225 -0.7643
vn 0.1685 -0.6223 -0.7645
vn 0.1684 -0.6225 -0.7643
vn 0.1684 -0.6227 -0.7642
vn 0.7892 -0.3737 -0.4873
vn 0.7894 -0.3736 -0.4871
vn 0.7894 -0.3735 -0.4871
vn 0.7894 -0.3734 -0.4872
vn 0.0311 -0.6774 0.7350
vn 0.0310 -0.6776 0.7348
vn 0.0311 -0.6773 0.7350
vn 0.0312 -0.6772 0.7352
vn 0.0310 -0.6773 -0.7351
vn 0.0309 -0.6773 -0.7351
vn 0.0312 -0.6773 -0.7350
vn 0.0313 -0.6774 -0.7350
vn 0.6902 -0.4132 -0.5940
vn 0.6904 -0.4133 -0.5938
vn 0.6905 -0.4132 -0.5937
vn 0.6905 -0.4131 -0.5938
vn 0.1684 -0.6227 0.7642
vn -0.0975 -0.7290 -0.6776
vn -0.0973 -0.7290 -0.6775
vn -0.0979 -0.7292 -0.6772
vn 0.5743 -0.4598 -0.6773
vn 0.5743 -0.4603 -0.6770
vn 0.5739 -0.4599 -0.6776
vn 0.5741 -0.4597 -0.6776
vn 0.3082 -0.5665 0.7643
vn 0.3088 -0.5663 0.7642
vn 0.3081 -0.5665 0.7643
vn 0.3081 -0.5664 0.7644
vn -0.2141 -0.7756 -0.5938
vn -0.2144 -0.7755 -0.5938
vn -0.2138 -0.7757 -0.5938
vn 0.4451 -0.5114 -0.7351
vn 0.4451 -0.5115 -0.7350
vn 0.4452 -0.5114 -0.7350
vn 0.4456 -0.5117 -0.7346
vn 0.4451 -0.5117 0.7349
vn 0.4452 -0.5114 0.7350
vn 0.4447 -0.5120 0.7349
vn 0.4447 -0.5121 0.7348
vn -0.3130 -0.8152 -0.4873
vn -0.3130 -0.8150 -0.4876
vn -0.3133 -0.8149 -0.4875
vn -0.3131 -0.8152 -0.4873
vn 0.3080 -0.5663 -0.7645
vn 0.3081 -0.5666 -0.7643
vn 0.3081 -0.5666 -0.7642
vn 0.3077 -0.5668 -0.7642
vn 0.5743 -0.4598 0.6773
vn 0.5744 -0.4598 0.6773
vn 0.5743 -0.4599 0.6773
vn 0.5743 -0.4603 0.6770
vn -0.3904 -0.8463 -0.3624
vn -0.3905 -0.8464 -0.3621
vn -0.3905 -0.8463 -0.3623
vn -0.3906 -0.8464 -0.3621
vn 0.6905 -0.4131 0.5937
vn 0.6905 -0.4133 0.5937
vn 0.6905 -0.4134 0.5935
vn -0.4440 -0.8679 -0.2227
vn -0.4441 -0.8679 -0.2226
vn -0.4439 -0.8680 -0.2226
vn -0.4438 -0.8681 -0.2226
vn 0.3986 0.8382 -0.3722
vn 0.3985 0.8382 -0.3723
vn 0.3984 0.8383 -0.3723
vn -0.8185 -0.3277 0.4719
vn -0.8186 -0.3279 0.4716
vn -0.8186 -0.3279 0.4715
vn 0.9238 0.3702 -0.0980
vn 0.9237 0.3702 -0.0980
vn 0.9238 0.3701 -0.0985
vn 0.9240 0.3697 -0.0976
vn -0.7174 -0.2876 0.6345
vn 0.8882 0.3560 -0.2904
vn -0.5890 -0.2361 0.7729
vn -0.5893 -0.2362 0.7726
vn -0.4373 -0.1753 0.8821
vn -0.0916 -0.0367 -0.9951
vn -0.0911 -0.0365 -0.9952
vn 0.7179 0.2878 -0.6339
vn 0.7176 0.2875 -0.6344
vn -0.2694 -0.1080 0.9569
vn -0.2695 -0.1080 0.9569
vn -0.2694 -0.1080 0.9570
vn -0.2698 -0.1079 0.9569
vn -0.2694 -0.1080 -0.9569
vn -0.2694 -0.1080 -0.9570
vn 0.5886 0.2359 -0.7732
vn -0.0911 -0.0365 0.9952
vn -0.0915 -0.0367 0.9951
vn -0.0913 -0.0366 0.9952
vn -0.4373 -0.1753 -0.8821
vn 0.4373 0.1753 -0.8821
vn 0.0911 0.0365 0.9952
vn 0.0914 0.0366 0.9951
vn -0.5886 -0.2359 -0.7732
vn -0.5891 -0.2362 -0.7727
vn 0.2693 0.1080 -0.9570
vn 0.2697 0.1080 0.9569
vn 0.2699 0.1081 0.9568
vn 0.2693 0.1080 0.9570
vn -0.7177 -0.2876 -0.6342
vn -0.7179 -0.2878 -0.6339
vn 0.0914 0.0366 -0.9951
vn 0.4373 0.1753 0.8821
vn -0.8187 -0.3277 -0.4715
vn -0.8182 -0.3280 -0.4722
vn -0.8189 -0.3276 -0.4713
vn 0.5888 0.2360 0.7730
vn 0.5890 0.2361 0.7729
vn 0.5893 0.2362 0.7726
vn -0.8884 -0.3559 -0.2901
vn -0.8882 -0.3560 -0.2905
vn -0.8884 -0.3559 -0.2900
vn 0.7174 0.2876 0.6345
vn -0.9237 -0.3702 -0.0988
vn -0.9237 -0.3702 -0.0983
vn -0.9237 -0.3702 -0.0982
vn 0.8187 0.3281 0.4713
vn -0.9237 -0.3702 0.0982
vn -0.9237 -0.3702 0.0987
vn 0.8882 0.3560 0.2904
vn -0.8884 -0.3559 0.2900
vn -0.8884 -0.3555 0.2905
vn -0.8884 -0.3557 0.2901
vn 0.8731 -0.4519 0.1829
vn 0.8732 -0.4514 0.1835
vn 0.8734 -0.4515 0.1828
vn -0.5777 0.6095 0.5429
vn -0.3516 0.6506 -0.6731
vn -0.3516 0.6509 -0.6728
vn -0.3516 0.6507 -0.6731
vn 0.3073 0.8129 -0.4947
vn 0.3073 0.8129 -0.4948
vn -0.4739 0.6266 0.6187
vn -0.4735 0.6269 0.6187
vn -0.4736 0.6268 0.6187
vn -0.4737 0.6269 -0.6186
vn -0.4735 0.6269 -0.6187
vn -0.4736 0.6269 -0.6186
vn 0.1934 0.7820 -0.5925
vn 0.1935 0.7820 -0.5925
vn 0.1936 0.7820 -0.5925
vn -0.3515 0.6507 0.6731
vn -0.3516 0.6507 0.6731
vn -0.3515 0.6506 0.6731
vn -0.5778 0.6095 -0.5428
vn -0.5777 0.6095 -0.5429
vn -0.5778 0.6094 -0.5429
vn 0.0634 0.7479 -0.6608
vn -0.2168 0.6798 0.7006
vn -0.2168 0.6799 0.7006
vn -0.6611 0.5985 -0.4525
vn -0.6612 0.5983 -0.4525
vn -0.6613 0.5983 -0.4525
vn -0.0760 0.7130 -0.6970
vn -0.0759 0.7130 -0.6970
vn -0.0760 0.7131 -0.6970
vn -0.0759 0.7130 0.6970
vn -0.7238 0.5924 -0.3538
vn -0.7238 0.5923 -0.3539
vn -0.2168 0.6798 -0.7006
vn 0.0634 0.7479 0.6608
vn -0.7670 0.5902 -0.2516
vn -0.7670 0.5901 -0.2522
vn 0.1935 0.7820 0.5925
vn -0.7935 0.5897 -0.1505
vn -0.7934 0.5898 -0.1505
vn 0.3073 0.8129 0.4948
vn 0.3073 0.8128 0.4948
vn 0.3073 0.8128 0.4949
vn -0.8057 0.5903 -0.0497
vn -0.8058 0.5900 -0.0500
vn -0.8058 0.5900 -0.0501
vn 0.3985 0.8382 0.3723
vn 0.3984 0.8383 0.3723
vn -0.8059 0.5899 0.0497
vn -0.8058 0.5900 0.0500
vn -0.8057 0.5902 0.0500
vn 0.4617 0.8565 0.2309
vn 0.4619 0.8562 0.2312
vn 0.4620 0.8562 0.2313
vn 0.4619 0.8563 0.2312
vn -0.7937 0.5894 0.1505
vn -0.7934 0.5898 0.1505
vn -0.7935 0.5897 0.1504
vn 0.4946 0.8656 0.0784
vn 0.4947 0.8655 0.0785
vn 0.4945 0.8656 0.0787
vn 0.4944 0.8657 0.0781
vn -0.7670 0.5901 0.2522
vn -0.7669 0.5900 0.2523
vn 0.4943 0.8657 -0.0787
vn 0.4948 0.8655 -0.0782
vn 0.4945 0.8656 -0.0784
vn 0.4946 0.8656 -0.0784
vn -0.7238 0.5923 0.3539
vn -0.7239 0.5922 0.3540
vn 0.4624 0.8560 -0.2312
vn 0.4619 0.8562 -0.2312
vn 0.4618 0.8563 -0.2314
vn 0.4620 0.8562 -0.2312
vn -0.6615 0.5981 0.4524
vn -0.6613 0.5983 0.4525
vn -0.6613 0.5983 0.4524
vn 0.8681 0.4027 -0.2903
vn -0.2204 -0.9582 0.1825
vn -0.2207 -0.9580 0.1830
vn -0.2200 -0.9582 0.1828
vn 0.8952 -0.4414 0.0618
vn 0.8954 -0.4411 0.0616
vn 0.8952 -0.4413 0.0617
vn -0.1772 -0.9383 0.2969
vn -0.1773 -0.9383 0.2969
vn -0.1777 -0.9381 0.2972
vn -0.1774 -0.9383 0.2970
vn 0.8952 -0.4414 -0.0618
vn 0.8953 -0.4413 -0.0617
vn 0.8952 -0.4413 -0.0617
vn -0.1153 -0.9094 0.3997
vn -0.1154 -0.9093 0.3999
vn -0.1153 -0.9094 0.3996
vn -0.1152 -0.9095 0.3995
vn 0.8732 -0.4518 -0.1830
vn 0.8731 -0.4521 -0.1825
vn 0.8732 -0.4517 -0.1831
vn 0.8732 -0.4514 -0.1835
vn -0.0359 -0.8728 0.4868
vn -0.0358 -0.8728 0.4868
vn 0.8307 -0.4712 -0.2966
vn 0.8308 -0.4711 -0.2965
vn 0.8308 -0.4711 -0.2963
vn 0.8306 -0.4712 -0.2966
vn 0.0573 -0.8297 0.5553
vn 0.0576 -0.8296 0.5553
vn 0.0574 -0.8297 0.5552
vn 0.2707 -0.7308 -0.6266
vn 0.2706 -0.7310 -0.6265
vn 0.2707 -0.7307 -0.6267
vn 0.7683 -0.5000 -0.3995
vn 0.7684 -0.5000 -0.3995
vn 0.7683 -0.5000 -0.3996
vn 0.1611 -0.7818 0.6024
vn 0.1609 -0.7815 0.6028
vn 0.1609 -0.7816 0.6026
vn 0.1608 -0.7817 0.6026
vn 0.1611 -0.7818 -0.6023
vn 0.1610 -0.7818 -0.6024
vn 0.6888 -0.5372 -0.4868
vn 0.6891 -0.5369 -0.4868
vn 0.6886 -0.5375 -0.4868
vn 0.2701 -0.7308 0.6269
vn 0.2705 -0.7308 0.6267
vn 0.2701 -0.7307 0.6269
vn 0.2703 -0.7304 0.6272
vn 0.0574 -0.8296 -0.5555
vn 0.0566 -0.8295 -0.5556
vn 0.0573 -0.8297 -0.5553
vn 0.5962 -0.5799 -0.5552
vn 0.5959 -0.5798 -0.5557
vn 0.5960 -0.5799 -0.5554
vn 0.5961 -0.5800 -0.5552
vn 0.3827 -0.6787 0.6268
vn 0.3827 -0.6788 0.6267
vn 0.3828 -0.6787 0.6268
vn 0.3828 -0.6784 0.6271
vn -0.0361 -0.8726 -0.4872
vn -0.0359 -0.8726 -0.4872
vn -0.0359 -0.8727 -0.4869
vn -0.0357 -0.8728 -0.4867
vn 0.4920 -0.6282 -0.6028
vn 0.4923 -0.6283 -0.6024
vn 0.4923 -0.6280 -0.6027
vn 0.4925 -0.6280 -0.6026
vn 0.4924 -0.6280 0.6026
vn 0.4922 -0.6282 0.6026
vn 0.4925 -0.6280 0.6025
vn -0.1156 -0.9094 -0.3994
vn -0.1150 -0.9095 -0.3995
vn 0.3828 -0.6789 -0.6265
vn 0.3827 -0.6790 -0.6264
vn 0.3829 -0.6787 -0.6267
vn 0.5958 -0.5804 0.5551
vn 0.5959 -0.5803 0.5551
vn -0.1777 -0.9381 -0.2972
vn -0.1771 -0.9384 -0.2967
vn -0.1774 -0.9383 -0.2970
vn 0.6891 -0.5368 0.4868
vn 0.6890 -0.5369 0.4868
vn 0.6892 -0.5368 0.4868
vn -0.2205 -0.9581 -0.1826
vn -0.2202 -0.9582 -0.1828
vn -0.2202 -0.9582 -0.1827
vn -0.2209 -0.9581 -0.1824
vn 0.7683 -0.4998 0.3999
vn 0.7681 -0.5001 0.4000
vn 0.7685 -0.4996 0.3999
vn -0.2417 -0.9684 -0.0619
vn -0.2418 -0.9683 -0.0621
vn -0.2418 -0.9684 -0.0618
vn -0.2413 -0.9685 -0.0619
vn 0.8306 -0.4713 0.2967
vn 0.8307 -0.4712 0.2965
vn 0.8311 -0.4708 0.2960
vn -0.2415 -0.9684 0.0622
vn -0.2418 -0.9683 0.0620
vn -0.2418 -0.9684 0.0618
vn -0.2413 -0.9685 0.0619
vn 0.1862 0.7645 -0.6172
vn 0.1864 0.7645 -0.6171
vn -0.5758 -0.2669 0.7728
vn -0.5759 -0.2670 0.7727
vn 0.8001 0.3710 -0.4714
vn 0.7999 0.3714 -0.4714
vn 0.7999 0.3712 -0.4716
vn 0.8002 0.3708 -0.4714
vn -0.4276 -0.1983 0.8819
vn -0.4274 -0.1979 0.8821
vn -0.4275 -0.1981 0.8820
vn -0.4278 -0.1984 0.8818
vn -0.0890 -0.0413 -0.9952
vn -0.0888 -0.0412 -0.9952
vn -0.0885 -0.0410 -0.9952
vn -0.0887 -0.0411 -0.9952
vn 0.7014 0.3250 -0.6344
vn 0.7013 0.3252 -0.6343
vn 0.7014 0.3251 -0.6343
vn -0.2632 -0.1219 0.9570
vn -0.2633 -0.1220 0.9570
vn -0.2634 -0.1221 0.9569
vn -0.2639 -0.1222 -0.9568
vn -0.2635 -0.1221 -0.9569
vn 0.5754 0.2665 -0.7732
vn 0.5756 0.2667 -0.7730
vn 0.5756 0.2668 -0.7730
vn -0.0892 -0.0413 0.9952
vn -0.4275 -0.1982 -0.8820
vn -0.4279 -0.1982 -0.8818
vn -0.4277 -0.1982 -0.8819
vn -0.4273 -0.1982 -0.8821
vn 0.4277 0.1983 -0.8819
vn 0.4278 0.1984 -0.8818
vn 0.4276 0.1982 -0.8820
vn 0.4275 0.1981 -0.8820
vn 0.0891 0.0413 0.9952
vn 0.0892 0.0414 0.9952
vn -0.5753 -0.2669 -0.7732
vn -0.5753 -0.2669 -0.7731
vn 0.2637 0.1223 -0.9568
vn 0.2630 0.1220 0.9571
vn 0.2634 0.1221 0.9569
vn -0.7014 -0.3254 -0.6341
vn -0.7013 -0.3250 -0.6344
vn 0.0887 0.0411 -0.9952
vn 0.0888 0.0412 -0.9952
vn 0.0891 0.0413 -0.9952
vn 0.4276 0.1982 0.8820
vn 0.4278 0.1984 0.8818
vn 0.4277 0.1983 0.8819
vn 0.4275 0.1981 0.8820
vn -0.8002 -0.3708 -0.4714
vn -0.8001 -0.3709 -0.4715
vn -0.7999 -0.3711 -0.4717
vn 0.5758 0.2668 0.7729
vn 0.5756 0.2667 0.7730
vn 0.5761 0.2668 0.7726
vn 0.5761 0.2670 0.7725
vn -0.8682 -0.4028 -0.2899
vn 0.7012 0.3253 0.6344
vn 0.7012 0.3251 0.6345
vn 0.7016 0.3252 0.6341
vn 0.7015 0.3251 0.6343
vn -0.9028 -0.4186 -0.0987
vn -0.9031 -0.4182 -0.0979
vn -0.9029 -0.4184 -0.0983
vn -0.9029 -0.4185 -0.0980
vn 0.8002 0.3708 0.4714
vn 0.7999 0.3714 0.4714
vn 0.8003 0.3706 0.4714
vn -0.9029 -0.4185 0.0981
vn -0.9029 -0.4186 0.0982
vn -0.9029 -0.4184 0.0982
vn -0.9031 -0.4182 0.0978
vn 0.8681 0.4027 0.2903
vn -0.8682 -0.4028 0.2899
vn 0.9029 0.4186 0.0980
vn 0.9030 0.4184 0.0978
vn 0.9029 0.4185 0.0980
vn 0.9027 0.4188 0.0986
vn -0.7999 -0.3711 0.4717
vn -0.8002 -0.3708 0.4714
vn 0.9029 0.4186 -0.0981
vn 0.9030 0.4184 -0.0979
vn 0.9029 0.4186 -0.0982
vn 0.9028 0.4187 -0.0984
vn -0.7009 -0.3252 0.6348
vn 0.4081 -0.6210 -0.6692
vn 0.4080 -0.6210 -0.6692
vn 0.4081 -0.6209 -0.6693
vn 0.4079 -0.6214 -0.6689
vn -0.3735 0.5944 0.7122
vn -0.3736 0.5943 0.7122
vn -0.6129 0.5358 -0.5808
vn -0.6129 0.5358 -0.5807
vn -0.6128 0.5358 -0.5808
vn 0.0540 0.7214 -0.6904
vn 0.0539 0.7214 -0.6904
vn -0.2335 0.6335 0.7377
vn -0.2336 0.6335 0.7377
vn -0.7033 0.5180 -0.4869
vn -0.7035 0.5179 -0.4867
vn -0.0885 0.6767 -0.7309
vn -0.0886 0.6767 0.7309
vn -0.0885 0.6767 0.7309
vn -0.7727 0.5068 -0.3823
vn -0.7725 0.5067 -0.3827
vn -0.7727 0.5067 -0.3823
vn -0.7726 0.5067 -0.3827
vn -0.2336 0.6335 -0.7377
vn -0.2335 0.6335 -0.7377
vn -0.2335 0.6336 -0.7376
vn 0.0539 0.7214 0.6904
vn -0.8211 0.5009 -0.2737
vn -0.8212 0.5007 -0.2739
vn -0.8212 0.5006 -0.2740
vn -0.8211 0.5007 -0.2739
vn 0.1861 0.7644 0.6173
vn 0.1862 0.7645 0.6172
vn -0.8516 0.4980 -0.1636
vn -0.8515 0.4981 -0.1640
vn 0.3011 0.8030 0.5143
vn 0.3011 0.8030 0.5144
vn -0.8657 0.4975 -0.0551
vn -0.8659 0.4973 -0.0547
vn -0.8658 0.4973 -0.0546
vn 0.3929 0.8345 0.3863
vn 0.3929 0.8344 0.3864
vn 0.3930 0.8343 0.3866
vn -0.8658 0.4974 0.0550
vn -0.8659 0.4972 0.0545
vn -0.8658 0.4974 0.0551
vn -0.8658 0.4973 0.0546
vn 0.4568 0.8567 0.2396
vn 0.4568 0.8567 0.2395
vn -0.8515 0.4981 0.1640
vn -0.8515 0.4981 0.1638
vn 0.4897 0.8681 0.0814
vn 0.4895 0.8682 0.0810
vn 0.4896 0.8681 0.0813
vn 0.4895 0.8683 0.0809
vn -0.8211 0.5008 0.2737
vn -0.8212 0.5007 0.2739
vn -0.8212 0.5006 0.2740
vn -0.8211 0.5007 0.2739
vn 0.4898 0.8680 -0.0815
vn 0.4895 0.8682 -0.0814
vn 0.4897 0.8681 -0.0817
vn 0.4902 0.8678 -0.0810
vn -0.7725 0.5070 0.3824
vn -0.7725 0.5067 0.3827
vn -0.7724 0.5069 0.3827
vn 0.4567 0.8567 -0.2398
vn 0.4568 0.8567 -0.2396
vn -0.7035 0.5179 0.4867
vn -0.7035 0.5178 0.4867
vn -0.7038 0.5177 0.4865
vn 0.3930 0.8344 -0.3864
vn 0.3930 0.8344 -0.3863
vn -0.6129 0.5358 0.5807
vn -0.6127 0.5362 0.5806
vn -0.3735 0.5943 -0.7122
vn -0.3736 0.5943 -0.7122
vn 0.3011 0.8030 -0.5143
vn -0.5017 0.5616 0.6580
vn -0.5018 0.5614 0.6580
vn -0.5019 0.5614 -0.6579
vn -0.5019 0.5614 -0.6580
vn -0.5017 0.5615 -0.6580
vn -0.5018 0.5614 -0.6580
vn 0.7770 0.4175 0.4712
vn 0.7769 0.4169 0.4719
vn 0.7769 0.4172 0.4715
vn 0.7770 0.4177 0.4708
vn 0.6297 -0.5021 0.5928
vn 0.6294 -0.5021 0.5931
vn 0.6296 -0.5023 0.5927
vn -0.1720 -0.9327 -0.3170
vn -0.1725 -0.9326 -0.3170
vn -0.1724 -0.9326 -0.3170
vn -0.1723 -0.9326 -0.3170
vn 0.7258 -0.4505 0.5199
vn 0.7257 -0.4506 0.5199
vn 0.7258 -0.4504 0.5199
vn 0.7259 -0.4503 0.5199
vn -0.2166 -0.9566 -0.1951
vn -0.2176 -0.9564 -0.1946
vn -0.2164 -0.9566 -0.1952
vn -0.2167 -0.9565 -0.1953
vn 0.8082 -0.4066 0.4260
vn 0.8083 -0.4062 0.4263
vn 0.8081 -0.4064 0.4264
vn 0.8081 -0.4063 0.4265
vn -0.2397 -0.9686 -0.0662
vn -0.2397 -0.9685 -0.0666
vn -0.2400 -0.9685 -0.0665
vn 0.8726 -0.3717 0.3169
vn 0.8727 -0.3714 0.3170
vn 0.8726 -0.3716 0.3170
vn -0.2397 -0.9686 0.0661
vn -0.2397 -0.9686 0.0663
vn -0.2399 -0.9685 0.0665
vn 0.9169 -0.3481 0.1953
vn 0.9171 -0.3476 0.1952
vn 0.9169 -0.3480 0.1953
vn 0.9171 -0.3477 0.1952
vn -0.2163 -0.9566 0.1951
vn -0.2168 -0.9565 0.1952
vn -0.2165 -0.9565 0.1954
vn -0.2169 -0.9565 0.1953
vn 0.9398 -0.3355 0.0658
vn 0.9396 -0.3358 0.0661
vn 0.9396 -0.3359 0.0660
vn 0.9397 -0.3356 0.0658
vn -0.1719 -0.9327 0.3170
vn -0.1721 -0.9326 0.3172
vn -0.1723 -0.9326 0.3170
vn -0.1725 -0.9326 0.3170
vn 0.9397 -0.3356 -0.0660
vn 0.9395 -0.3362 -0.0658
vn 0.9396 -0.3359 -0.0662
vn 0.9397 -0.3356 -0.0664
vn -0.1076 -0.8982 0.4262
vn -0.1076 -0.8982 0.4263
vn -0.1079 -0.8980 0.4265
vn -0.1079 -0.8980 0.4266
vn 0.9169 -0.3481 -0.1953
vn 0.9169 -0.3482 -0.1952
vn 0.9168 -0.3484 -0.1954
vn 0.9170 -0.3479 -0.1952
vn -0.0262 -0.8541 0.5194
vn -0.0262 -0.8538 0.5199
vn -0.0261 -0.8539 0.5198
vn -0.0259 -0.8539 0.5198
vn 0.8725 -0.3719 -0.3170
vn 0.8725 -0.3717 -0.3170
vn 0.8726 -0.3716 -0.3170
vn 0.0707 -0.8019 0.5932
vn 0.0707 -0.8020 0.5931
vn 0.0709 -0.8021 0.5930
vn 0.0709 -0.8017 0.5935
vn 0.2921 -0.6832 -0.6693
vn 0.2919 -0.6833 -0.6693
vn 0.2923 -0.6832 -0.6692
vn 0.2926 -0.6833 -0.6690
vn 0.8084 -0.4062 -0.4260
vn 0.8082 -0.4058 -0.4267
vn 0.8081 -0.4061 -0.4265
vn 0.8082 -0.4062 -0.4264
vn 0.1782 -0.7444 0.6435
vn 0.1780 -0.7446 0.6434
vn 0.1782 -0.7442 0.6438
vn 0.1780 -0.7444 0.6436
vn 0.1780 -0.7446 -0.6434
vn 0.1782 -0.7445 -0.6434
vn 0.1780 -0.7447 -0.6432
vn 0.1779 -0.7445 -0.6435
vn 0.7258 -0.4503 -0.5200
vn 0.7257 -0.4504 -0.5201
vn 0.7256 -0.4502 -0.5204
vn 0.7258 -0.4502 -0.5202
vn 0.2919 -0.6834 0.6691
vn 0.2918 -0.6837 0.6689
vn 0.2920 -0.6831 0.6694
vn 0.0710 -0.8022 -0.5929
vn 0.0708 -0.8020 -0.5931
vn 0.0708 -0.8021 -0.5929
vn 0.0702 -0.8021 -0.5930
vn 0.6297 -0.5021 -0.5928
vn 0.6296 -0.5020 -0.5929
vn 0.6294 -0.5021 -0.5931
vn 0.6298 -0.5022 -0.5926
vn 0.4080 -0.6212 0.6691
vn 0.4080 -0.6208 0.6694
vn 0.4081 -0.6209 0.6693
vn 0.4079 -0.6214 0.6689
vn -0.0262 -0.8539 -0.5198
vn -0.0261 -0.8539 -0.5198
vn -0.0260 -0.8539 -0.5199
vn 0.5219 -0.5600 -0.6435
vn 0.5220 -0.5598 -0.6436
vn 0.5219 -0.5600 -0.6434
vn 0.5218 -0.5602 -0.6433
vn 0.5219 -0.5599 0.6435
vn 0.5218 -0.5601 0.6434
vn 0.5218 -0.5602 0.6434
vn 0.5220 -0.5598 0.6436
vn -0.1080 -0.8982 -0.4261
vn -0.1080 -0.8979 -0.4267
vn -0.1081 -0.8982 -0.4261
vn -0.1085 -0.8982 -0.4261
vn 0.3566 0.9311 -0.0767
vn 0.3570 0.9310 -0.0765
vn 0.3569 0.9310 -0.0767
vn -0.8768 -0.4708 0.0980
vn -0.8768 -0.4707 0.0983
vn -0.8769 -0.4706 0.0980
vn -0.8768 -0.4708 0.0981
vn 0.8431 0.4524 0.2907
vn 0.8431 0.4526 0.2903
vn -0.8431 -0.4527 0.2903
vn -0.8431 -0.4524 0.2907
vn -0.8431 -0.4526 0.2904
vn 0.8769 0.4706 0.0975
vn 0.8768 0.4707 0.0981
vn -0.7770 -0.4169 0.4717
vn -0.7770 -0.4167 0.4719
vn -0.7770 -0.4168 0.4718
vn -0.7770 -0.4170 0.4716
vn 0.8769 0.4706 -0.0977
vn -0.6810 -0.3653 0.6347
vn -0.6811 -0.3653 0.6346
vn -0.6809 -0.3653 0.6348
vn -0.6808 -0.3654 0.6348
vn 0.8431 0.4526 -0.2903
vn 0.8431 0.4524 -0.2907
vn -0.5591 -0.3000 0.7729
vn 0.7769 0.4172 -0.4715
vn 0.7769 0.4169 -0.4719
vn 0.7770 0.4175 -0.4712
vn 0.7770 0.4172 -0.4714
vn -0.4160 -0.2232 0.8816
vn -0.4156 -0.2230 0.8818
vn -0.0863 -0.0463 -0.9952
vn -0.0862 -0.0463 -0.9952
vn 0.6807 0.3660 -0.6346
vn 0.6811 0.3656 -0.6344
vn 0.6809 0.3657 -0.6345
vn -0.2557 -0.1372 0.9570
vn -0.2555 -0.1371 0.9570
vn -0.2559 -0.1374 0.9569
vn -0.2560 -0.1374 -0.9569
vn 0.5589 0.3000 -0.7730
vn 0.5591 0.3000 -0.7729
vn 0.5588 0.3001 -0.7731
vn 0.5588 0.3000 -0.7731
vn -0.0868 -0.0465 0.9951
vn -0.0863 -0.0463 0.9952
vn -0.0865 -0.0464 0.9952
vn -0.4160 -0.2232 -0.8816
vn -0.4156 -0.2231 -0.8818
vn 0.4153 0.2230 -0.8819
vn 0.4160 0.2232 -0.8816
vn 0.0864 0.0463 0.9952
vn 0.0865 0.0464 0.9952
vn 0.0863 0.0462 0.9952
vn -0.5591 -0.3000 -0.7729
vn 0.2558 0.1373 -0.9569
vn 0.2557 0.1372 -0.9570
vn 0.2561 0.1376 -0.9568
vn 0.2563 0.1376 -0.9567
vn 0.2558 0.1372 0.9570
vn 0.2559 0.1373 0.9569
vn 0.2556 0.1372 0.9570
vn 0.2553 0.1370 0.9571
vn -0.6812 -0.3655 -0.6344
vn -0.6811 -0.3653 -0.6346
vn -0.6810 -0.3653 -0.6347
vn -0.6808 -0.3654 -0.6348
vn 0.0858 0.0461 -0.9952
vn 0.0862 0.0463 -0.9952
vn 0.0858 0.0460 -0.9953
vn 0.0862 0.0462 -0.9952
vn 0.4153 0.2229 0.8820
vn 0.4154 0.2230 0.8819
vn 0.4156 0.2230 0.8818
vn 0.4155 0.2230 0.8818
vn -0.7770 -0.4172 -0.4714
vn -0.7769 -0.4169 -0.4719
vn -0.7770 -0.4169 -0.4718
vn -0.7771 -0.4168 -0.4716
vn 0.5586 0.3000 0.7733
vn 0.5588 0.3004 0.7729
vn 0.5587 0.3002 0.7731
vn 0.5585 0.2997 0.7735
vn -0.8430 -0.4529 -0.2903
vn -0.8431 -0.4526 -0.2904
vn -0.8432 -0.4528 -0.2899
vn -0.8427 -0.4531 -0.2907
vn 0.6812 0.3655 0.6344
vn 0.6810 0.3657 0.6344
vn 0.6807 0.3660 0.6346
vn 0.6813 0.3654 0.6343
vn -0.8769 -0.4707 -0.0980
vn -0.8768 -0.4708 -0.0981
vn -0.8767 -0.4708 -0.0983
vn 0.2820 -0.5776 -0.7661
vn 0.2821 -0.5775 -0.7661
vn 0.2826 -0.5774 -0.7660
vn 0.2827 -0.5773 -0.7660
vn -0.7230 0.6463 0.2441
vn 0.3245 0.9186 -0.2255
vn 0.3244 0.9186 -0.2255
vn -0.6923 0.6396 0.3342
vn -0.6922 0.6396 0.3343
vn -0.6924 0.6395 0.3342
vn 0.2611 0.8950 -0.3617
vn 0.2612 0.8950 -0.3617
vn -0.6390 0.6393 0.4277
vn -0.6390 0.6394 0.4275
vn -0.6390 0.6395 0.4275
vn -0.4582 0.6688 -0.5854
vn -0.4581 0.6689 -0.5854
vn -0.4582 0.6689 -0.5854
vn 0.1705 0.8619 -0.4776
vn 0.1705 0.8619 -0.4775
vn -0.5605 0.6490 0.5145
vn -0.5605 0.6489 0.5145
vn -0.5605 0.6489 -0.5145
vn -0.5605 0.6489 -0.5146
vn 0.0580 0.8222 -0.5663
vn 0.0579 0.8222 -0.5663
vn -0.4582 0.6689 0.5854
vn -0.4580 0.6689 0.5855
vn -0.4581 0.6689 0.5854
vn -0.6389 0.6396 -0.4275
vn -0.6390 0.6394 -0.4275
vn -0.6391 0.6395 -0.4274
vn -0.0697 0.7792 -0.6229
vn -0.0698 0.7792 -0.6229
vn -0.3368 0.6990 0.6309
vn -0.3368 0.6989 0.6309
vn -0.6922 0.6396 -0.3343
vn -0.6922 0.6395 -0.3344
vn -0.2044 0.7368 -0.6444
vn -0.2044 0.7369 -0.6444
vn -0.2043 0.7369 0.6444
vn -0.2044 0.7368 0.6445
vn -0.2044 0.7368 0.6444
vn -0.2044 0.7369 0.6444
vn -0.7229 0.6463 -0.2442
vn -0.7230 0.6463 -0.2441
vn -0.3368 0.6990 -0.6309
vn -0.0698 0.7792 0.6229
vn -0.7368 0.6563 -0.1626
vn -0.7369 0.6561 -0.1627
vn -0.7366 0.6564 -0.1628
vn 0.0579 0.8222 0.5663
vn 0.0579 0.8221 0.5663
vn -0.7411 0.6651 -0.0920
vn -0.7409 0.6653 -0.0920
vn 0.1705 0.8619 0.4776
vn -0.7411 0.6707 -0.0294
vn -0.7412 0.6706 -0.0296
vn -0.7411 0.6707 -0.0293
vn -0.7413 0.6706 -0.0297
vn 0.2611 0.8950 0.3617
vn -0.7412 0.6706 0.0289
vn -0.7412 0.6706 0.0296
vn -0.7411 0.6707 0.0290
vn 0.3244 0.9187 0.2254
vn 0.3244 0.9186 0.2255
vn -0.7410 0.6652 0.0920
vn -0.7409 0.6653 0.0920
vn -0.7409 0.6653 0.0916
vn 0.3569 0.9310 0.0763
vn 0.3570 0.9310 0.0766
vn 0.3569 0.9310 0.0765
vn -0.7370 0.6560 0.1628
vn -0.7369 0.6561 0.1627
vn -0.7371 0.6558 0.1632
vn -0.5334 -0.3441 -0.7727
vn -0.5332 -0.3440 -0.7729
vn -0.5330 -0.3439 -0.7731
vn 0.8460 -0.2142 -0.4883
vn 0.8461 -0.2139 -0.4882
vn 0.8460 -0.2139 -0.4883
vn 0.8457 -0.2139 -0.4890
vn 0.1584 -0.6577 0.7364
vn 0.1585 -0.6573 0.7368
vn 0.1584 -0.6577 0.7365
vn 0.1583 -0.6581 0.7361
vn 0.1583 -0.6577 -0.7365
vn 0.1589 -0.6577 -0.7364
vn 0.1584 -0.6577 -0.7364
vn 0.1578 -0.6577 -0.7366
vn 0.7564 -0.2720 -0.5949
vn 0.7565 -0.2716 -0.5950
vn 0.7565 -0.2719 -0.5949
vn 0.7565 -0.2716 -0.5949
vn 0.2828 -0.5774 0.7660
vn 0.2829 -0.5772 0.7660
vn 0.2830 -0.5770 0.7661
vn 0.2828 -0.5771 0.7661
vn 0.0418 -0.7331 -0.6788
vn 0.6507 -0.3401 -0.6789
vn 0.6510 -0.3397 -0.6788
vn 0.6508 -0.3398 -0.6790
vn 0.4095 -0.4956 0.7660
vn 0.4095 -0.4955 0.7660
vn 0.4095 -0.4954 0.7661
vn -0.0639 -0.8014 -0.5946
vn -0.0643 -0.8011 -0.5951
vn -0.0640 -0.8014 -0.5946
vn 0.5338 -0.4154 -0.7366
vn 0.5336 -0.4155 -0.7367
vn 0.5339 -0.4155 -0.7364
vn 0.5343 -0.4156 -0.7361
vn 0.5339 -0.4155 0.7364
vn 0.5338 -0.4153 0.7366
vn 0.5339 -0.4156 0.7364
vn 0.5341 -0.4151 0.7365
vn -0.1538 -0.8588 -0.4887
vn -0.1538 -0.8589 -0.4884
vn -0.1536 -0.8588 -0.4887
vn -0.1541 -0.8589 -0.4883
vn 0.4095 -0.4955 -0.7660
vn 0.4097 -0.4954 -0.7660
vn 0.6509 -0.3398 0.6789
vn 0.6510 -0.3396 0.6789
vn 0.6507 -0.3401 0.6789
vn 0.6510 -0.3397 0.6788
vn -0.2247 -0.9044 -0.3628
vn -0.2240 -0.9044 -0.3632
vn -0.2246 -0.9044 -0.3629
vn -0.2242 -0.9045 -0.3628
vn 0.7564 -0.2719 0.5949
vn 0.7561 -0.2718 0.5954
vn 0.7563 -0.2717 0.5952
vn 0.7566 -0.2719 0.5946
vn -0.2725 -0.9360 -0.2229
vn -0.2726 -0.9358 -0.2234
vn -0.2724 -0.9360 -0.2230
vn -0.2729 -0.9359 -0.2229
vn 0.8461 -0.2139 0.4882
vn 0.8462 -0.2135 0.4882
vn 0.8462 -0.2137 0.4881
vn 0.8460 -0.2139 0.4883
vn -0.2972 -0.9519 -0.0751
vn -0.2972 -0.9518 -0.0751
vn -0.2973 -0.9518 -0.0752
vn -0.2976 -0.9517 -0.0757
vn 0.9167 -0.1678 0.3625
vn 0.9166 -0.1683 0.3628
vn 0.9165 -0.1684 0.3628
vn 0.9165 -0.1685 0.3628
vn -0.2973 -0.9518 0.0751
vn -0.2971 -0.9519 0.0748
vn -0.2974 -0.9518 0.0753
vn -0.2976 -0.9517 0.0756
vn 0.9649 -0.1370 0.2240
vn 0.9650 -0.1370 0.2236
vn 0.9650 -0.1369 0.2239
vn -0.2726 -0.9359 0.2232
vn -0.2727 -0.9358 0.2235
vn -0.2725 -0.9360 0.2230
vn -0.2728 -0.9358 0.2234
vn 0.9897 -0.1211 0.0757
vn 0.9897 -0.1214 0.0760
vn 0.9897 -0.1211 0.0758
vn 0.9898 -0.1208 0.0754
vn -0.2247 -0.9042 0.3632
vn -0.2240 -0.9043 0.3633
vn -0.2244 -0.9044 0.3629
vn -0.2243 -0.9045 0.3628
vn 0.9897 -0.1212 -0.0758
vn 0.9898 -0.1211 -0.0753
vn 0.9897 -0.1211 -0.0759
vn 0.9897 -0.1214 -0.0755
vn -0.1540 -0.8590 0.4884
vn -0.1540 -0.8594 0.4875
vn -0.1542 -0.8588 0.4885
vn -0.1539 -0.8589 0.4884
vn 0.9649 -0.1370 -0.2240
vn 0.9651 -0.1371 -0.2233
vn 0.9650 -0.1370 -0.2235
vn -0.0640 -0.8014 0.5946
vn -0.0640 -0.8015 0.5946
vn -0.0642 -0.8012 0.5950
vn 0.9166 -0.1683 -0.3628
vn 0.9165 -0.1684 -0.3628
vn 0.9165 -0.1683 -0.3628
vn 0.0418 -0.7331 0.6788
vn 0.0418 -0.7332 0.6788
vn -0.7206 0.6904 -0.0644
vn -0.7204 0.6906 -0.0645
vn -0.7206 0.6903 -0.0643
vn 0.2440 0.1574 -0.9569
vn 0.2439 0.1574 -0.9569
vn 0.2437 0.1572 -0.9570
vn 0.2439 0.1574 0.9569
vn 0.2440 0.1574 0.9569
vn 0.2438 0.1573 0.9570
vn -0.6492 -0.4189 -0.6349
vn -0.6493 -0.4191 -0.6346
vn -0.6493 -0.4190 -0.6347
vn -0.6495 -0.4189 -0.6346
vn 0.0824 0.0531 -0.9952
vn 0.0825 0.0532 -0.9952
vn 0.3963 0.2555 0.8818
vn -0.7412 -0.4783 -0.4710
vn -0.7407 -0.4785 -0.4717
vn -0.7409 -0.4784 -0.4714
vn -0.7412 -0.4782 -0.4712
vn 0.5331 0.3439 0.7730
vn 0.5330 0.3440 0.7730
vn 0.5333 0.3443 0.7727
vn 0.5330 0.3436 0.7732
vn -0.8042 -0.5186 -0.2905
vn -0.8043 -0.5185 -0.2903
vn -0.8042 -0.5185 -0.2904
vn -0.8041 -0.5186 -0.2906
vn 0.6494 0.4192 0.6344
vn 0.6491 0.4193 0.6347
vn 0.6498 0.4192 0.6341
vn 0.6501 0.4191 0.6338
vn -0.8363 -0.5394 -0.0979
vn -0.8361 -0.5397 -0.0984
vn -0.8361 -0.5396 -0.0984
vn -0.8365 -0.5393 -0.0975
vn 0.7413 0.4779 0.4712
vn -0.8361 -0.5396 0.0983
vn -0.8362 -0.5396 0.0981
vn -0.8363 -0.5394 0.0978
vn -0.8364 -0.5394 0.0976
vn 0.8042 0.5185 0.2905
vn 0.8042 0.5186 0.2903
vn 0.8042 0.5186 0.2904
vn 0.8040 0.5190 0.2901
vn -0.8042 -0.5185 0.2905
vn -0.8042 -0.5186 0.2903
vn -0.8042 -0.5186 0.2904
vn -0.8041 -0.5187 0.2904
vn 0.8362 0.5396 0.0978
vn 0.8364 0.5394 0.0973
vn 0.8360 0.5398 0.0983
vn 0.8361 0.5397 0.0983
vn -0.7410 -0.4781 0.4715
vn -0.7409 -0.4786 0.4712
vn -0.7408 -0.4783 0.4716
vn 0.8362 0.5396 -0.0980
vn 0.8362 0.5395 -0.0979
vn 0.8362 0.5396 -0.0979
vn 0.8361 0.5396 -0.0982
vn -0.6494 -0.4192 0.6345
vn -0.6494 -0.4191 0.6345
vn -0.6497 -0.4192 0.6342
vn -0.6500 -0.4192 0.6339
vn 0.8039 0.5191 -0.2904
vn 0.8043 0.5185 -0.2903
vn 0.8042 0.5185 -0.2904
vn 0.8041 0.5186 -0.2906
vn -0.5332 -0.3440 0.7729
vn -0.5329 -0.3439 0.7731
vn -0.5329 -0.3439 0.7732
vn 0.7411 0.4781 -0.4713
vn 0.7416 0.4781 -0.4706
vn -0.3959 -0.2555 0.8820
vn -0.3961 -0.2559 0.8818
vn -0.3960 -0.2557 0.8819
vn -0.3958 -0.2553 0.8821
vn -0.0824 -0.0531 -0.9952
vn -0.0823 -0.0531 -0.9952
vn -0.0823 -0.0530 -0.9952
vn 0.6496 0.4190 -0.6344
vn 0.6494 0.4191 -0.6345
vn 0.6495 0.4190 -0.6346
vn 0.6497 0.4188 -0.6344
vn -0.2437 -0.1573 0.9570
vn -0.2438 -0.1573 0.9570
vn -0.2435 -0.1571 0.9571
vn -0.2437 -0.1571 0.9571
vn -0.2437 -0.1573 -0.9570
vn -0.2438 -0.1573 -0.9570
vn -0.2434 -0.1572 -0.9571
vn -0.2435 -0.1573 -0.9571
vn 0.5330 0.3441 -0.7730
vn 0.5330 0.3439 -0.7731
vn 0.5330 0.3440 -0.7730
vn 0.5327 0.3441 -0.7732
vn -0.0823 -0.0531 0.9952
vn -0.0823 -0.0532 0.9952
vn -0.0827 -0.0534 0.9951
vn -0.0826 -0.0533 0.9952
vn -0.3960 -0.2557 -0.8819
vn -0.3961 -0.2559 -0.8818
vn -0.3959 -0.2555 -0.8820
vn -0.3958 -0.2553 -0.8821
vn 0.3963 0.2555 -0.8818
vn 0.0823 0.0531 0.9952
vn 0.0822 0.0530 0.9952
vn 0.0823 0.0532 0.9952
vn 0.0417 -0.9860 0.1616
vn 0.0417 -0.9860 0.1618
vn 0.0417 -0.9861 0.1610
vn 0.0415 -0.9860 0.1613
vn -0.1293 0.9322 0.3381
vn -0.1295 0.9321 0.3383
vn -0.1295 0.9320 0.3384
vn -0.7218 0.6918 -0.0210
vn -0.7217 0.6919 -0.0209
vn -0.7217 0.6919 -0.0210
vn -0.0646 0.9638 0.2587
vn -0.0647 0.9638 0.2585
vn -0.0646 0.9638 0.2588
vn -0.7217 0.6919 0.0210
vn -0.7217 0.6918 0.0210
vn -0.7217 0.6919 0.0211
vn -0.0187 0.9866 0.1623
vn -0.0186 0.9866 0.1622
vn -0.0184 0.9865 0.1627
vn -0.0187 0.9866 0.1621
vn -0.7207 0.6903 0.0644
vn -0.7204 0.6906 0.0645
vn -0.7205 0.6906 0.0638
vn 0.0050 0.9985 0.0549
vn 0.0053 0.9984 0.0554
vn 0.0052 0.9985 0.0551
vn 0.0052 0.9985 0.0553
vn -0.7160 0.6890 0.1123
vn -0.7158 0.6893 0.1120
vn 0.0052 0.9985 -0.0552
vn 0.0053 0.9985 -0.0553
vn 0.0053 0.9984 -0.0554
vn 0.0052 0.9985 -0.0553
vn -0.7060 0.6886 0.1656
vn -0.7058 0.6888 0.1655
vn -0.7056 0.6889 0.1660
vn -0.0186 0.9866 -0.1623
vn -0.0187 0.9866 -0.1622
vn -0.0186 0.9866 -0.1622
vn -0.6866 0.6919 0.2235
vn -0.6862 0.6922 0.2236
vn -0.0645 0.9638 -0.2586
vn -0.0647 0.9638 -0.2585
vn -0.6542 0.7011 0.2838
vn -0.6539 0.7013 0.2838
vn -0.6540 0.7012 0.2838
vn -0.5451 0.7420 -0.3904
vn -0.5449 0.7420 -0.3904
vn -0.5449 0.7421 -0.3904
vn -0.1295 0.9321 -0.3383
vn -0.1296 0.9321 -0.3382
vn -0.6072 0.7174 0.3415
vn -0.6070 0.7177 0.3413
vn -0.6069 0.7178 0.3413
vn -0.6070 0.7177 -0.3412
vn -0.6070 0.7177 -0.3413
vn -0.6068 0.7178 -0.3412
vn -0.2084 0.8940 -0.3965
vn -0.2085 0.8940 -0.3966
vn -0.5453 0.7419 0.3902
vn -0.5449 0.7421 0.3904
vn -0.5450 0.7420 0.3904
vn -0.5449 0.7420 0.3904
vn -0.6539 0.7014 -0.2836
vn -0.6539 0.7013 -0.2838
vn -0.6538 0.7014 -0.2837
vn -0.2954 0.8529 -0.4305
vn -0.2956 0.8528 -0.4306
vn -0.2956 0.8529 -0.4302
vn -0.4696 0.7739 0.4249
vn -0.6861 0.6922 -0.2237
vn -0.6862 0.6922 -0.2236
vn -0.3847 0.8116 -0.4397
vn -0.3847 0.8117 -0.4395
vn -0.3845 0.8115 0.4400
vn -0.3847 0.8117 0.4395
vn -0.3846 0.8115 0.4398
vn -0.7058 0.6888 -0.1654
vn -0.7058 0.6888 -0.1655
vn -0.7058 0.6888 -0.1656
vn -0.4699 0.7737 -0.4250
vn -0.4696 0.7739 -0.4249
vn -0.4697 0.7738 -0.4250
vn -0.2955 0.8527 0.4308
vn -0.2956 0.8528 0.4306
vn -0.2951 0.8529 0.4306
vn -0.7160 0.6890 -0.1123
vn -0.7160 0.6891 -0.1120
vn -0.2085 0.8940 0.3966
vn -0.2085 0.8940 0.3965
vn -0.5187 -0.3654 0.7730
vn -0.5187 -0.3656 0.7728
vn -0.5188 -0.3657 0.7727
vn -0.5187 -0.3655 0.7729
vn 0.9318 -0.3589 0.0546
vn 0.9318 -0.3588 0.0546
vn 0.9318 -0.3589 0.0547
vn 0.0759 -0.9618 0.2629
vn 0.0760 -0.9618 0.2629
vn 0.9318 -0.3589 -0.0541
vn 0.9318 -0.3589 -0.0546
vn 0.9318 -0.3588 -0.0547
vn 0.9320 -0.3583 -0.0548
vn 0.1258 -0.9268 0.3539
vn 0.1256 -0.9268 0.3540
vn 0.1259 -0.9268 0.3538
vn 0.1259 -0.9270 0.3532
vn 0.9141 -0.3716 -0.1624
vn 0.9144 -0.3712 -0.1619
vn 0.9143 -0.3712 -0.1621
vn 0.1890 -0.8824 0.4309
vn 0.1889 -0.8825 0.4308
vn 0.1890 -0.8824 0.4310
vn 0.1888 -0.8824 0.4310
vn 0.8802 -0.3952 -0.2628
vn 0.8802 -0.3952 -0.2627
vn 0.2631 -0.8301 0.4917
vn 0.2630 -0.8300 0.4918
vn 0.2632 -0.8301 0.4916
vn 0.4333 -0.7100 -0.5551
vn 0.4332 -0.7100 -0.5552
vn 0.4333 -0.7101 -0.5550
vn 0.8305 -0.4301 -0.3540
vn 0.8305 -0.4300 -0.3541
vn 0.8305 -0.4301 -0.3539
vn 0.3459 -0.7719 0.5334
vn 0.3459 -0.7718 0.5335
vn 0.3458 -0.7720 0.5333
vn 0.3454 -0.7716 -0.5341
vn 0.3455 -0.7716 -0.5341
vn 0.3456 -0.7718 -0.5338
vn 0.3454 -0.7717 -0.5339
vn 0.7672 -0.4747 -0.4313
vn 0.4333 -0.7102 0.5549
vn 0.4333 -0.7101 0.5550
vn 0.4332 -0.7103 0.5548
vn 0.2630 -0.8300 -0.4918
vn 0.2631 -0.8300 -0.4919
vn 0.2629 -0.8301 -0.4917
vn 0.6929 -0.5273 -0.4918
vn 0.6931 -0.5274 -0.4913
vn 0.6926 -0.5272 -0.4923
vn 0.5230 -0.6469 0.5549
vn 0.5227 -0.6472 0.5549
vn 0.5229 -0.6469 0.5550
vn 0.5227 -0.6471 0.5550
vn 0.1891 -0.8823 -0.4309
vn 0.1888 -0.8824 -0.4309
vn 0.1889 -0.8824 -0.4310
vn 0.1888 -0.8823 -0.4311
vn 0.6102 -0.5854 -0.5338
vn 0.6101 -0.5856 -0.5336
vn 0.6103 -0.5857 -0.5334
vn 0.6104 -0.5857 -0.5332
vn 0.6104 -0.5854 0.5336
vn 0.6104 -0.5856 0.5334
vn 0.1254 -0.9268 -0.3539
vn 0.1256 -0.9268 -0.3538
vn 0.1260 -0.9269 -0.3535
vn 0.1258 -0.9269 -0.3537
vn 0.5228 -0.6470 -0.5550
vn 0.5228 -0.6472 -0.5548
vn 0.5228 -0.6471 -0.5549
vn 0.5227 -0.6471 -0.5550
vn 0.6929 -0.5272 0.4918
vn 0.6931 -0.5269 0.4919
vn 0.6929 -0.5273 0.4919
vn 0.0762 -0.9618 -0.2630
vn 0.0765 -0.9618 -0.2629
vn 0.0760 -0.9618 -0.2629
vn 0.0763 -0.9618 -0.2630
vn 0.7673 -0.4747 0.4312
vn 0.7674 -0.4746 0.4310
vn 0.7675 -0.4743 0.4313
vn 0.7673 -0.4745 0.4314
vn 0.0417 -0.9860 -0.1618
vn 0.0418 -0.9861 -0.1611
vn 0.0419 -0.9860 -0.1611
vn 0.0417 -0.9859 -0.1619
vn 0.8304 -0.4299 0.3543
vn 0.8304 -0.4303 0.3539
vn 0.8306 -0.4300 0.3539
vn 0.0245 -0.9982 -0.0549
vn 0.0245 -0.9982 -0.0550
vn 0.0246 -0.9982 -0.0549
vn 0.8802 -0.3952 0.2628
vn 0.8800 -0.3955 0.2630
vn 0.0245 -0.9982 0.0549
vn 0.0244 -0.9982 0.0550
vn 0.0246 -0.9982 0.0548
vn 0.9142 -0.3714 0.1623
vn 0.9143 -0.3712 0.1622
vn 0.9141 -0.3716 0.1625
vn -0.4924 0.5131 0.7030
vn -0.4925 0.5130 0.7031
vn 0.7211 0.5076 -0.4715
vn -0.3854 -0.2715 0.8819
vn -0.3854 -0.2714 0.8819
vn -0.3854 -0.2716 0.8819
vn -0.0809 -0.0569 -0.9951
vn -0.0802 -0.0566 -0.9952
vn -0.0801 -0.0565 -0.9952
vn 0.6324 0.4452 -0.6339
vn -0.2372 -0.1670 0.9570
vn -0.2371 -0.1669 0.9571
vn -0.2368 -0.1669 0.9571
vn -0.2373 -0.1672 0.9570
vn -0.2368 -0.1669 -0.9571
vn -0.2371 -0.1669 -0.9571
vn -0.2369 -0.1669 -0.9571
vn -0.2370 -0.1670 -0.9570
vn 0.5186 0.3650 -0.7732
vn 0.5187 0.3653 -0.7730
vn 0.5186 0.3653 -0.7730
vn -0.0797 -0.0561 0.9952
vn -0.3854 -0.2715 -0.8819
vn -0.3854 -0.2714 -0.8819
vn -0.3854 -0.2718 -0.8818
vn -0.3855 -0.2719 -0.8818
vn 0.3854 0.2716 -0.8819
vn 0.3855 0.2718 -0.8818
vn 0.3853 0.2714 -0.8820
vn 0.3852 0.2712 -0.8821
vn 0.0799 0.0563 0.9952
vn 0.0801 0.0564 0.9952
vn -0.5188 -0.3654 -0.7729
vn -0.5186 -0.3654 -0.7730
vn -0.5185 -0.3653 -0.7731
vn -0.5186 -0.3653 -0.7730
vn 0.2373 0.1671 -0.9569
vn 0.2370 0.1670 -0.9570
vn 0.2372 0.1670 -0.9570
vn 0.2371 0.1669 -0.9571
vn 0.2371 0.1670 0.9570
vn 0.2366 0.1668 0.9572
vn 0.2369 0.1669 0.9571
vn 0.2371 0.1669 0.9571
vn -0.6320 -0.4451 -0.6344
vn -0.6319 -0.4451 -0.6345
vn -0.6321 -0.4452 -0.6342
vn 0.0804 0.0566 -0.9952
vn 0.0801 0.0565 -0.9952
vn 0.0805 0.0567 -0.9951
vn 0.3853 0.2714 0.8820
vn 0.3855 0.2718 0.8818
vn 0.3854 0.2716 0.8819
vn 0.3852 0.2712 0.8821
vn -0.7211 -0.5076 -0.4715
vn 0.5189 0.3654 0.7728
vn 0.5185 0.3653 0.7731
vn 0.5186 0.3653 0.7731
vn -0.7823 -0.5510 -0.2903
vn -0.7823 -0.5511 -0.2903
vn -0.7825 -0.5510 -0.2901
vn -0.7826 -0.5509 -0.2899
vn 0.6320 0.4449 0.6346
vn -0.8135 -0.5732 -0.0981
vn -0.8135 -0.5732 -0.0980
vn -0.8136 -0.5731 -0.0981
vn -0.8136 -0.5732 -0.0979
vn 0.7211 0.5076 0.4715
vn -0.8135 -0.5732 0.0982
vn -0.8136 -0.5732 0.0980
vn -0.8136 -0.5731 0.0981
vn -0.8135 -0.5732 0.0980
vn 0.7823 0.5511 0.2903
vn 0.7823 0.5511 0.2902
vn 0.7824 0.5509 0.2905
vn 0.7824 0.5508 0.2908
vn -0.7823 -0.5510 0.2904
vn -0.7823 -0.5511 0.2902
vn -0.7823 -0.5511 0.2903
vn -0.7823 -0.5509 0.2905
vn 0.8136 0.5731 0.0979
vn 0.8136 0.5731 0.0980
vn 0.8136 0.5732 0.0980
vn -0.7211 -0.5076 0.4715
vn 0.8135 0.5732 -0.0982
vn 0.8136 0.5731 -0.0979
vn 0.8136 0.5732 -0.0980
vn -0.6321 -0.4449 0.6344
vn -0.6319 -0.4452 0.6344
vn 0.7822 0.5512 -0.2905
vn 0.7823 0.5511 -0.2903
vn 0.7822 0.5511 -0.2906
vn 0.7822 0.5511 -0.2904
vn 0.7525 -0.4878 0.4425
vn 0.7524 -0.4879 0.4425
vn 0.7524 -0.4878 0.4427
vn 0.7525 -0.4877 0.4426
vn -0.7203 0.4878 -0.4931
vn -0.0307 0.6761 -0.7362
vn -0.0308 0.6761 -0.7362
vn -0.3427 0.5558 0.7574
vn -0.7812 0.5057 -0.3659
vn -0.7812 0.5058 -0.3659
vn -0.1849 0.6123 -0.7687
vn -0.1850 0.6123 -0.7687
vn -0.1850 0.6123 0.7687
vn -0.8067 0.5368 -0.2471
vn -0.3427 0.5558 -0.7574
vn -0.0308 0.6761 0.7362
vn -0.0308 0.6760 0.7362
vn -0.8068 0.5717 -0.1494
vn -0.8068 0.5716 -0.1495
vn 0.1107 0.7403 0.6631
vn -0.7956 0.6009 -0.0767
vn -0.7957 0.6009 -0.0767
vn 0.2321 0.7992 0.5545
vn 0.2321 0.7991 0.5546
vn -0.7863 0.6174 -0.0232
vn -0.7862 0.6175 -0.0232
vn 0.3277 0.8477 0.4173
vn 0.3277 0.8476 0.4173
vn -0.7864 0.6173 0.0231
vn -0.7863 0.6174 0.0232
vn -0.7862 0.6175 0.0233
vn 0.3936 0.8821 0.2589
vn -0.7956 0.6009 0.0767
vn 0.4271 0.8999 0.0877
vn 0.4272 0.8999 0.0877
vn 0.4272 0.8999 0.0878
vn -0.8068 0.5716 0.1495
vn 0.4273 0.8998 -0.0878
vn 0.4273 0.8999 -0.0877
vn 0.4272 0.8999 -0.0878
vn 0.4272 0.8999 -0.0877
vn -0.8067 0.5368 0.2471
vn 0.3936 0.8821 -0.2589
vn -0.7812 0.5058 0.3659
vn -0.7812 0.5057 0.3659
vn 0.3277 0.8476 -0.4172
vn 0.3276 0.8476 -0.4173
vn 0.3277 0.8476 -0.4173
vn 0.3277 0.8477 -0.4173
vn -0.7203 0.4879 0.4931
vn -0.7203 0.4878 0.4931
vn -0.7204 0.4878 0.4931
vn -0.4926 0.5131 -0.7029
vn -0.4925 0.5131 -0.7030
vn -0.4924 0.5131 -0.7030
vn 0.2321 0.7992 -0.5545
vn -0.6220 0.4896 0.6110
vn -0.6220 0.4897 0.6110
vn -0.6220 0.4896 -0.6110
vn -0.6220 0.4897 -0.6110
vn 0.1107 0.7403 -0.6631
vn 0.1108 0.7403 -0.6631
vn 0.6580 0.5871 0.4715
vn 0.2454 -0.9401 -0.2367
vn 0.2455 -0.9400 -0.2370
vn 0.2458 -0.9399 -0.2370
vn 0.2457 -0.9400 -0.2368
vn 0.8135 -0.4333 0.3880
vn 0.8136 -0.4329 0.3881
vn 0.8133 -0.4337 0.3879
vn 0.8134 -0.4333 0.3880
vn 0.2171 -0.9652 -0.1462
vn 0.2171 -0.9652 -0.1458
vn 0.2174 -0.9652 -0.1457
vn 0.2173 -0.9652 -0.1456
vn 0.8652 -0.3870 0.3188
vn 0.8653 -0.3871 0.3184
vn 0.8651 -0.3872 0.3188
vn 0.8649 -0.3876 0.3189
vn 0.2036 -0.9778 -0.0489
vn 0.2030 -0.9780 -0.0492
vn 0.2031 -0.9779 -0.0486
vn 0.2031 -0.9779 -0.0491
vn 0.9061 -0.3506 0.2366
vn 0.9061 -0.3507 0.2366
vn 0.9060 -0.3509 0.2365
vn 0.9062 -0.3508 0.2361
vn 0.2033 -0.9779 0.0489
vn 0.2030 -0.9779 0.0492
vn 0.2031 -0.9779 0.0492
vn 0.2028 -0.9780 0.0494
vn 0.9342 -0.3257 0.1456
vn 0.9342 -0.3257 0.1455
vn 0.9342 -0.3258 0.1456
vn 0.9342 -0.3257 0.1457
vn 0.2174 -0.9651 0.1460
vn 0.2177 -0.9651 0.1456
vn 0.2177 -0.9651 0.1455
vn 0.2173 -0.9651 0.1459
vn 0.9486 -0.3127 0.0493
vn 0.9485 -0.3129 0.0492
vn 0.9486 -0.3127 0.0494
vn 0.9487 -0.3123 0.0492
vn 0.2454 -0.9401 0.2365
vn 0.2454 -0.9401 0.2366
vn 0.2455 -0.9400 0.2368
vn 0.2453 -0.9402 0.2365
vn 0.9485 -0.3128 -0.0493
vn 0.9486 -0.3127 -0.0492
vn 0.9485 -0.3128 -0.0495
vn 0.9486 -0.3127 -0.0494
vn 0.2860 -0.9037 0.3187
vn 0.2861 -0.9038 0.3184
vn 0.2861 -0.9037 0.3185
vn 0.2863 -0.9037 0.3184
vn 0.9342 -0.3257 -0.1456
vn 0.9342 -0.3256 -0.1456
vn 0.9342 -0.3256 -0.1457
vn 0.9341 -0.3259 -0.1456
vn 0.3377 -0.8574 0.3884
vn 0.3379 -0.8574 0.3882
vn 0.3381 -0.8574 0.3881
vn 0.3382 -0.8574 0.3880
vn 0.9061 -0.3507 -0.2366
vn 0.9061 -0.3507 -0.2365
vn 0.9061 -0.3506 -0.2366
vn 0.9060 -0.3508 -0.2367
vn 0.3988 -0.8029 0.4431
vn 0.3989 -0.8030 0.4427
vn 0.3990 -0.8029 0.4429
vn 0.3991 -0.8028 0.4429
vn 0.5390 -0.6781 -0.4996
vn 0.5391 -0.6781 -0.4996
vn 0.5391 -0.6781 -0.4995
vn 0.8652 -0.3872 -0.3185
vn 0.8655 -0.3870 -0.3182
vn 0.8652 -0.3873 -0.3184
vn 0.8653 -0.3873 -0.3183
vn 0.4673 -0.7421 0.4806
vn 0.4673 -0.7420 0.4808
vn 0.4673 -0.7421 0.4805
vn 0.4673 -0.7422 0.4803
vn 0.4675 -0.7421 -0.4804
vn 0.4671 -0.7423 -0.4804
vn 0.4669 -0.7425 -0.4802
vn 0.4669 -0.7424 -0.4806
vn 0.8134 -0.4335 -0.3880
vn 0.8134 -0.4335 -0.3879
vn 0.8134 -0.4334 -0.3880
vn 0.8134 -0.4334 -0.3881
vn 0.5390 -0.6781 0.4996
vn 0.5391 -0.6781 0.4996
vn 0.5388 -0.6783 0.4997
vn 0.3993 -0.8028 -0.4427
vn 0.3994 -0.8028 -0.4427
vn 0.3993 -0.8029 -0.4427
vn 0.3992 -0.8029 -0.4427
vn 0.7524 -0.4878 -0.4428
vn 0.7526 -0.4877 -0.4424
vn 0.7525 -0.4878 -0.4426
vn 0.6125 -0.6126 0.4995
vn 0.6126 -0.6125 0.4996
vn 0.6126 -0.6124 0.4997
vn 0.3381 -0.8573 -0.3882
vn 0.3384 -0.8571 -0.3885
vn 0.3382 -0.8573 -0.3881
vn 0.3381 -0.8574 -0.3880
vn 0.6845 -0.5484 -0.4804
vn 0.6844 -0.5483 -0.4805
vn 0.6844 -0.5486 -0.4802
vn 0.6845 -0.5483 -0.4804
vn 0.6843 -0.5485 0.4805
vn 0.6843 -0.5484 0.4806
vn 0.6842 -0.5486 0.4805
vn 0.6842 -0.5487 0.4804
vn 0.2861 -0.9038 -0.3184
vn 0.2861 -0.9037 -0.3184
vn 0.6125 -0.6125 -0.4996
vn 0.6125 -0.6125 -0.4997
vn 0.2022 0.9760 -0.0805
vn 0.2023 0.9760 -0.0803
vn 0.2020 0.9760 -0.0808
vn 0.2025 0.9760 -0.0801
vn -0.7426 -0.6625 0.0981
vn -0.7426 -0.6625 0.0983
vn -0.7426 -0.6625 0.0980
vn 0.7140 0.6371 0.2902
vn 0.7140 0.6371 0.2903
vn 0.7140 0.6371 0.2904
vn 0.7141 0.6371 0.2901
vn -0.7140 -0.6371 0.2902
vn -0.7141 -0.6371 0.2901
vn -0.7140 -0.6371 0.2904
vn 0.7427 0.6624 0.0980
vn 0.7426 0.6624 0.0982
vn 0.7426 0.6625 0.0980
vn 0.7426 0.6626 0.0975
vn -0.6580 -0.5872 0.4715
vn 0.7429 0.6622 -0.0981
vn 0.7426 0.6625 -0.0982
vn 0.7426 0.6626 -0.0978
vn 0.7428 0.6623 -0.0979
vn -0.5767 -0.5146 0.6345
vn -0.5768 -0.5147 0.6344
vn 0.7140 0.6371 -0.2902
vn 0.7140 0.6371 -0.2903
vn 0.7140 0.6371 -0.2904
vn -0.4737 -0.4227 0.7726
vn 0.6581 0.5872 -0.4712
vn 0.6580 0.5871 -0.4715
vn -0.3513 -0.3135 0.8822
vn -0.3517 -0.3138 0.8820
vn -0.0737 -0.0658 -0.9951
vn -0.0732 -0.0653 -0.9952
vn -0.0730 -0.0651 -0.9952
vn 0.5767 0.5146 -0.6345
vn -0.2166 -0.1933 0.9569
vn -0.2170 -0.1936 0.9568
vn -0.2166 -0.1932 0.9570
vn -0.2164 -0.1931 0.9570
vn -0.2160 -0.1927 -0.9572
vn -0.2165 -0.1932 -0.9570
vn -0.2166 -0.1933 -0.9569
vn 0.4730 0.4221 -0.7733
vn 0.4734 0.4223 -0.7730
vn -0.0737 -0.0658 0.9951
vn -0.0733 -0.0654 0.9952
vn -0.3520 -0.3141 -0.8817
vn -0.3519 -0.3140 -0.8818
vn -0.3518 -0.3139 -0.8819
vn 0.3519 0.3140 -0.8818
vn 0.3522 0.3143 -0.8816
vn 0.3518 0.3139 -0.8819
vn 0.0737 0.0658 0.9951
vn 0.0731 0.0652 0.9952
vn 0.0733 0.0654 0.9952
vn -0.4733 -0.4222 -0.7731
vn -0.4734 -0.4223 -0.7730
vn 0.2163 0.1930 -0.9571
vn 0.2166 0.1933 -0.9569
vn 0.2166 0.1933 0.9569
vn 0.2170 0.1936 0.9568
vn 0.2166 0.1932 0.9570
vn 0.2165 0.1932 0.9570
vn -0.5767 -0.5146 -0.6345
vn 0.0737 0.0658 -0.9951
vn 0.0733 0.0654 -0.9952
vn 0.3514 0.3135 0.8822
vn -0.6580 -0.5872 -0.4715
vn 0.4737 0.4227 0.7726
vn -0.7140 -0.6371 -0.2903
vn -0.7140 -0.6371 -0.2904
vn -0.7140 -0.6371 -0.2902
vn 0.5768 0.5147 0.6343
vn -0.7426 -0.6625 -0.0982
vn -0.7425 -0.6625 -0.0984
vn 0.7297 -0.2519 0.6356
vn 0.7297 -0.2518 0.6357
vn 0.7299 -0.2518 0.6355
vn 0.7298 -0.2517 0.6356
vn -0.8739 0.3711 0.3141
vn 0.1734 0.9559 -0.2368
vn 0.1733 0.9560 -0.2368
vn 0.1734 0.9560 -0.2367
vn -0.8259 0.3825 0.4143
vn 0.1165 0.9173 -0.3808
vn 0.1167 0.9172 -0.3810
vn -0.7571 0.4066 0.5114
vn -0.7570 0.4066 0.5114
vn -0.5589 0.4998 -0.6617
vn 0.0349 0.8622 -0.5053
vn 0.0353 0.8622 -0.5054
vn 0.0353 0.8621 -0.5054
vn -0.6671 0.4457 0.5969
vn -0.6672 0.4457 0.5969
vn -0.6672 0.4457 -0.5969
vn -0.6671 0.4457 -0.5969
vn -0.0665 0.7946 -0.6034
vn -0.0668 0.7946 -0.6034
vn -0.0669 0.7946 -0.6034
vn -0.0667 0.7946 -0.6034
vn -0.5589 0.4998 0.6617
vn -0.7570 0.4066 -0.5114
vn -0.7571 0.4066 -0.5114
vn -0.1839 0.7195 -0.6698
vn -0.1841 0.7192 -0.6699
vn -0.4374 0.5664 0.6984
vn -0.4376 0.5664 0.6984
vn -0.8259 0.3825 -0.4143
vn -0.3101 0.6413 -0.7018
vn -0.3101 0.6414 0.7018
vn -0.3101 0.6413 0.7018
vn -0.3101 0.6413 0.7019
vn -0.8739 0.3711 -0.3141
vn -0.8738 0.3710 -0.3142
vn -0.4376 0.5664 -0.6984
vn -0.1841 0.7192 0.6700
vn -0.1841 0.7192 0.6699
vn -0.1843 0.7191 0.6700
vn -0.9039 0.3686 -0.2172
vn -0.0667 0.7947 0.6034
vn -0.0667 0.7946 0.6034
vn -0.0668 0.7947 0.6033
vn -0.0668 0.7946 0.6034
vn -0.9203 0.3702 -0.1265
vn -0.9203 0.3703 -0.1265
vn 0.0350 0.8621 0.5055
vn 0.0353 0.8622 0.5054
vn 0.0353 0.8621 0.5055
vn -0.9272 0.3723 -0.0415
vn -0.9272 0.3723 -0.0414
vn -0.9272 0.3722 -0.0414
vn 0.1169 0.9171 0.3811
vn 0.1167 0.9172 0.3810
vn 0.1161 0.9173 0.3808
vn -0.9273 0.3721 0.0415
vn -0.9272 0.3723 0.0414
vn -0.9272 0.3723 0.0409
vn 0.1733 0.9560 0.2365
vn 0.1732 0.9560 0.2368
vn 0.1733 0.9560 0.2366
vn -0.9203 0.3702 0.1265
vn -0.9203 0.3703 0.1265
vn 0.2021 0.9760 0.0808
vn 0.2022 0.9761 0.0802
vn 0.2020 0.9760 0.0807
vn 0.2023 0.9760 0.0803
vn -0.9039 0.3686 0.2172
vn 0.6264 0.6209 0.4713
vn 0.6265 0.6209 0.4712
vn 0.0384 -0.9397 -0.3397
vn 0.0389 -0.9397 -0.3397
vn 0.0389 -0.9397 -0.3398
vn 0.8131 -0.1691 0.5571
vn 0.8131 -0.1690 0.5571
vn 0.8130 -0.1689 0.5572
vn 0.0003 -0.9779 -0.2090
vn 0.0004 -0.9779 -0.2088
vn 0.0004 -0.9780 -0.2088
vn 0.0001 -0.9779 -0.2092
vn 0.8839 -0.0986 0.4572
vn 0.8839 -0.0987 0.4571
vn 0.8839 -0.0985 0.4572
vn -0.0195 -0.9973 -0.0707
vn -0.0196 -0.9973 -0.0706
vn -0.0194 -0.9973 -0.0707
vn -0.0197 -0.9973 -0.0705
vn 0.9396 -0.0431 0.3396
vn 0.9395 -0.0432 0.3397
vn 0.9396 -0.0430 0.3394
vn 0.9396 -0.0432 0.3396
vn -0.0194 -0.9973 0.0706
vn -0.0192 -0.9973 0.0705
vn -0.0194 -0.9973 0.0707
vn -0.0196 -0.9973 0.0708
vn 0.9777 -0.0053 0.2098
vn 0.9777 -0.0051 0.2097
vn 0.9777 -0.0054 0.2099
vn 0.9779 -0.0049 0.2091
vn 0.0005 -0.9780 0.2087
vn 0.0003 -0.9779 0.2090
vn 0.0006 -0.9780 0.2087
vn 0.0001 -0.9779 0.2091
vn 0.9974 0.0142 0.0709
vn 0.9974 0.0139 0.0705
vn 0.9974 0.0140 0.0708
vn 0.9974 0.0143 0.0707
vn 0.0389 -0.9397 0.3397
vn 0.0389 -0.9397 0.3398
vn 0.9974 0.0143 -0.0708
vn 0.9974 0.0142 -0.0706
vn 0.9974 0.0140 -0.0710
vn 0.9974 0.0148 -0.0705
vn 0.0943 -0.8844 0.4571
vn 0.0946 -0.8842 0.4575
vn 0.0941 -0.8842 0.4575
vn 0.0941 -0.8844 0.4572
vn 0.9778 -0.0051 -0.2094
vn 0.9778 -0.0050 -0.2093
vn 0.9778 -0.0051 -0.2095
vn 0.9778 -0.0055 -0.2097
vn 0.1645 -0.8140 0.5572
vn 0.1646 -0.8139 0.5571
vn 0.1648 -0.8140 0.5571
vn 0.1647 -0.8140 0.5571
vn 0.9395 -0.0433 -0.3397
vn 0.9395 -0.0434 -0.3397
vn 0.9395 -0.0432 -0.3397
vn 0.9396 -0.0432 -0.3396
vn 0.2481 -0.7311 0.6356
vn 0.2482 -0.7310 0.6356
vn 0.2482 -0.7309 0.6358
vn 0.4390 -0.5417 -0.7168
vn 0.4391 -0.5416 -0.7169
vn 0.4391 -0.5418 -0.7167
vn 0.4389 -0.5413 -0.7172
vn 0.8839 -0.0983 -0.4573
vn 0.8839 -0.0985 -0.4572
vn 0.8839 -0.0983 -0.4572
vn 0.3409 -0.6387 0.6898
vn 0.3405 -0.6390 0.6897
vn 0.3406 -0.6390 0.6897
vn 0.3408 -0.6389 -0.6897
vn 0.3409 -0.6389 -0.6896
vn 0.3412 -0.6386 -0.6897
vn 0.8128 -0.1691 -0.5574
vn 0.8131 -0.1690 -0.5571
vn 0.8130 -0.1690 -0.5572
vn 0.8130 -0.1690 -0.5573
vn 0.4389 -0.5414 0.7172
vn 0.4387 -0.5419 0.7169
vn 0.4384 -0.5419 0.7171
vn 0.4388 -0.5414 0.7172
vn 0.2474 -0.7313 -0.6356
vn 0.2481 -0.7311 -0.6356
vn 0.2478 -0.7311 -0.6357
vn 0.2480 -0.7312 -0.6355
vn 0.7297 -0.2520 -0.6356
vn 0.7299 -0.2523 -0.6353
vn 0.7300 -0.2517 -0.6354
vn 0.7297 -0.2519 -0.6356
vn 0.5391 -0.4417 0.7171
vn 0.5390 -0.4415 0.7173
vn 0.5388 -0.4415 0.7174
vn 0.5390 -0.4416 0.7172
vn 0.1646 -0.8140 -0.5571
vn 0.1649 -0.8140 -0.5570
vn 0.1648 -0.8139 -0.5571
vn 0.6375 -0.3437 -0.6896
vn 0.6372 -0.3439 -0.6897
vn 0.6373 -0.3439 -0.6896
vn 0.6374 -0.3441 -0.6894
vn 0.6372 -0.3438 0.6897
vn 0.6372 -0.3439 0.6897
vn 0.6373 -0.3438 0.6897
vn 0.0943 -0.8845 -0.4570
vn 0.0939 -0.8844 -0.4572
vn 0.0942 -0.8845 -0.4570
vn 0.5389 -0.4419 -0.7171
vn 0.5388 -0.4421 -0.7171
vn 0.5388 -0.4423 -0.7170
vn -0.7053 0.7089 -0.0001
vn -0.7053 0.7089 -0.0000
vn -0.7055 0.7088 -0.0005
vn -0.7048 0.7094 0.0001
vn -0.7055 0.7088 -0.0001
vn -0.7055 0.7087 -0.0000
vn -0.7051 0.7091 -0.0004
vn -0.7052 0.7090 -0.0001
vn -0.7055 0.7087 0.0004
vn -0.7053 0.7089 0.0001
vn -0.7053 0.7089 -0.0002
vn -0.7053 0.7089 0.0003
vn -0.7050 0.7092 -0.0002
vn -0.7051 0.7091 -0.0003
vn -0.7051 0.7091 0.0004
vn -0.7051 0.7091 0.0003
vn -0.7055 0.7087 0.0001
vn -0.7053 0.7089 -0.0003
vn -0.7052 0.7090 -0.0004
vn -0.7051 0.7091 -0.0001
vn -0.7053 0.7090 -0.0000
vn -0.7053 0.7089 0.0004
vn -0.7050 0.7092 0.0006
vn -0.7052 0.7090 0.0002
vn -0.7068 -0.7006 0.0980
vn -0.7069 -0.7005 0.0976
vn -0.7068 -0.7006 0.0979
vn 0.6797 0.6735 0.2903
vn 0.6797 0.6736 0.2903
vn -0.6797 -0.6735 0.2903
vn -0.6797 -0.6736 0.2903
vn 0.7068 0.7005 0.0984
vn 0.7068 0.7005 0.0987
vn 0.7068 0.7006 0.0982
vn 0.7068 0.7006 0.0980
vn -0.6263 -0.6206 0.4719
vn 0.7068 0.7006 -0.0982
vn 0.7068 0.7006 -0.0980
vn 0.7068 0.7006 -0.0981
vn -0.5486 -0.5445 0.6345
vn -0.5490 -0.5441 0.6344
vn -0.5490 -0.5442 0.6344
vn -0.5491 -0.5443 0.6343
vn 0.6797 0.6735 -0.2903
vn 0.6797 0.6736 -0.2903
vn -0.4506 -0.4464 0.7731
vn -0.4505 -0.4464 0.7732
vn -0.4504 -0.4470 0.7729
vn -0.4505 -0.4468 0.7729
vn 0.6264 0.6209 -0.4712
vn 0.6264 0.6209 -0.4713
vn 0.6267 0.6210 -0.4707
vn -0.3343 -0.3318 0.8821
vn -0.3346 -0.3316 0.8821
vn -0.3346 -0.3321 0.8819
vn -0.0694 -0.0688 -0.9952
vn -0.0696 -0.0691 -0.9952
vn 0.5492 0.5442 -0.6342
vn -0.2059 -0.2044 0.9570
vn -0.2056 -0.2044 0.9570
vn -0.2062 -0.2044 0.9569
vn -0.2059 -0.2044 -0.9570
vn -0.2059 -0.2041 -0.9570
vn -0.2059 -0.2047 -0.9569
vn 0.4506 0.4466 -0.7730
vn 0.4504 0.4463 -0.7733
vn -0.0697 -0.0691 0.9952
vn -0.0696 -0.0691 0.9952
vn -0.0695 -0.0689 0.9952
vn -0.3348 -0.3318 -0.8819
vn -0.3348 -0.3319 -0.8819
vn 0.3348 0.3318 -0.8819
vn 0.3352 0.3322 -0.8817
vn 0.3349 0.3319 -0.8819
vn 0.0696 0.0690 0.9952
vn 0.0695 0.0689 0.9952
vn 0.0699 0.0693 0.9951
vn -0.4503 -0.4465 -0.7732
vn -0.4506 -0.4466 -0.7730
vn -0.4505 -0.4466 -0.7730
vn 0.2062 0.2044 -0.9569
vn 0.2062 0.2044 0.9569
vn -0.5491 -0.5442 -0.6343
vn -0.5490 -0.5442 -0.6344
vn -0.5491 -0.5444 -0.6342
vn -0.5492 -0.5442 -0.6342
vn 0.0693 0.0687 -0.9952
vn 0.3349 0.3319 0.8819
vn 0.3349 0.3320 0.8818
vn -0.6263 -0.6206 -0.4719
vn -0.6263 -0.6207 -0.4716
vn 0.4510 0.4469 0.7726
vn 0.4507 0.4467 0.7729
vn -0.6797 -0.6735 -0.2903
vn -0.6797 -0.6736 -0.2903
vn 0.5489 0.5441 0.6346
vn 0.5488 0.5438 0.6349
vn -0.7069 -0.7005 -0.0977
vn -0.3939 0.9001 -0.1860
vn -0.3929 0.9006 -0.1856
vn -0.3868 0.9032 -0.1863
vn -0.3806 0.9055 -0.1877
vn -0.3740 0.9081 -0.1882
vn -0.3747 0.9079 -0.1879
vn -0.3509 0.9184 0.1825
vn -0.3504 0.9185 0.1832
vn -0.3448 0.9204 0.1844
vn -0.3385 0.9234 0.1811
vn -0.3550 0.9158 0.1879
vn -0.3568 0.9150 0.1884
vn -0.3974 0.7289 -0.5575
vn -0.3717 0.7391 -0.5618
vn -0.3718 0.7391 -0.5616
vn -0.3719 0.7391 -0.5616
vn -0.3463 0.7494 -0.5643
vn -0.3464 0.7494 -0.5643
vn -0.3206 0.7597 -0.5657
vn -0.3206 0.7598 -0.5657
vn -0.3207 0.7597 -0.5657
vn -0.3704 0.9104 -0.1846
vn -0.3637 0.9130 -0.1846
vn -0.3692 0.9109 0.1841
vn -0.3679 0.9116 0.1837
vn -0.2946 0.7702 0.5657
vn -0.2947 0.7702 0.5657
vn -0.2690 0.7805 0.5643
vn -0.2435 0.7908 0.5616
vn -0.2432 0.7908 0.5617
vn -0.2433 0.7908 0.5616
vn -0.2180 0.8010 0.5575
vn -0.2185 0.8008 0.5576
vn -0.2180 0.8010 0.5576
vn -0.3329 0.9255 0.1809
vn -0.3328 0.9254 0.1811
vn -0.3996 0.8987 -0.1809
vn -0.3999 0.8984 -0.1814
vn 0.3404 -0.9217 -0.1862
vn 0.3520 -0.9172 -0.1868
vn 0.3481 -0.9186 -0.1870
vn 0.3404 -0.9217 -0.1859
vn 0.3897 -0.9019 0.1864
vn 0.3841 -0.9051 0.1825
vn 0.3852 -0.9048 0.1816
vn 0.3939 -0.9002 0.1857
vn 0.3615 -0.9141 -0.1837
vn 0.3539 -0.9167 -0.1855
vn 0.3790 -0.9063 0.1873
vn 0.3713 -0.9095 0.1871
vn 0.2179 -0.8011 -0.5575
vn 0.2180 -0.8010 -0.5576
vn 0.3357 -0.9237 -0.1844
vn 0.3301 -0.9257 -0.1846
vn 0.3979 -0.8987 0.1845
vn 0.4031 -0.8964 0.1842
vn 0.3974 -0.7288 0.5576
vn 0.3974 -0.7289 0.5576
vn 0.3972 -0.7287 0.5579
vn 0.3976 -0.7290 0.5573
vn 0.3719 -0.7391 0.5616
vn 0.3718 -0.7392 0.5616
vn 0.3462 -0.7495 0.5643
vn 0.3463 -0.7494 0.5643
vn 0.3205 -0.7596 0.5659
vn 0.3205 -0.7598 0.5657
vn 0.3205 -0.7598 0.5656
vn 0.3206 -0.7594 0.5662
vn 0.3642 -0.9130 0.1841
vn 0.3657 -0.9124 0.1836
vn 0.3657 -0.9124 -0.1836
vn 0.3659 -0.9124 -0.1835
vn 0.2947 -0.7702 -0.5657
vn 0.2947 -0.7701 -0.5657
vn 0.2948 -0.7701 -0.5657
vn 0.2690 -0.7805 -0.5643
vn 0.2433 -0.7907 -0.5617
vn 0.2434 -0.7908 -0.5616
vn 0.2433 -0.7908 -0.5616
vn 0.3074 -0.9348 -0.1781
vn 0.3206 -0.9300 -0.1798
vn 0.3130 -0.9332 -0.1765
vn 0.3077 -0.9348 -0.1775
vn 0.4246 -0.8886 0.1735
vn 0.4162 -0.8920 0.1766
vn 0.4163 -0.8919 0.1764
vn 0.4245 -0.8886 0.1738
vn 0.3244 -0.9282 -0.1821
vn 0.3243 -0.9282 -0.1827
vn 0.4075 -0.8957 0.1779
vn 0.4086 -0.8952 0.1778
vn 0.1187 -0.8409 -0.5280
vn 0.1187 -0.8410 -0.5279
vn 0.3012 -0.9372 -0.1759
vn 0.2968 -0.9396 -0.1704
vn 0.4338 -0.8850 0.1689
vn 0.4355 -0.8838 0.1709
vn 0.4966 -0.6889 0.5280
vn 0.4965 -0.6890 0.5279
vn 0.4966 -0.6889 0.5279
vn 0.4966 -0.6890 0.5279
vn 0.4723 -0.6987 0.5373
vn 0.4723 -0.6988 0.5372
vn 0.4478 -0.7087 0.5451
vn 0.4477 -0.7087 0.5453
vn 0.4478 -0.7087 0.5452
vn 0.4228 -0.7186 0.5521
vn 0.4227 -0.7187 0.5521
vn 0.4227 -0.7186 0.5521
vn 0.4231 -0.7181 0.5525
vn 0.1926 -0.8112 -0.5521
vn 0.1677 -0.8213 -0.5453
vn 0.1676 -0.8213 -0.5453
vn 0.1430 -0.8312 -0.5373
vn 0.2790 -0.9475 -0.1560
vn 0.2885 -0.9434 -0.1635
vn 0.2833 -0.9454 -0.1611
vn 0.2738 -0.9483 -0.1604
vn 0.4552 -0.8765 0.1564
vn 0.4456 -0.8803 0.1628
vn 0.4457 -0.8803 0.1626
vn 0.4544 -0.8768 0.1573
vn 0.2938 -0.9414 -0.1659
vn 0.2934 -0.9416 -0.1654
vn 0.4369 -0.8838 0.1676
vn 0.4365 -0.8836 0.1694
vn 0.0268 -0.8779 -0.4781
vn 0.2737 -0.9492 -0.1552
vn 0.2704 -0.9507 -0.1519
vn 0.4646 -0.8716 0.1565
vn 0.4638 -0.8720 0.1564
vn 0.5885 -0.6520 0.4781
vn 0.5664 -0.6609 0.4923
vn 0.5664 -0.6608 0.4925
vn 0.5667 -0.6611 0.4918
vn 0.5437 -0.6700 0.5054
vn 0.5438 -0.6699 0.5055
vn 0.5434 -0.6705 0.5050
vn 0.5204 -0.6794 0.5173
vn 0.5204 -0.6794 0.5174
vn 0.0942 -0.8506 -0.5173
vn 0.0949 -0.8505 -0.5173
vn 0.0951 -0.8507 -0.5171
vn 0.0950 -0.8505 -0.5173
vn 0.0717 -0.8599 -0.5054
vn 0.0716 -0.8599 -0.5054
vn 0.0489 -0.8691 -0.4923
vn 0.0490 -0.8690 -0.4924
vn 0.2508 -0.9578 -0.1406
vn 0.2579 -0.9549 -0.1474
vn 0.2542 -0.9564 -0.1441
vn 0.2480 -0.9590 -0.1376
vn 0.4825 -0.8644 0.1416
vn 0.4770 -0.8668 0.1453
vn 0.4772 -0.8666 0.1460
vn 0.4796 -0.8668 0.1363
vn 0.2659 -0.9527 -0.1471
vn 0.2670 -0.9522 -0.1487
vn 0.4699 -0.8692 0.1538
vn 0.4676 -0.8716 0.1474
vn -0.0544 -0.9106 -0.4098
vn -0.0544 -0.9105 -0.4099
vn -0.0544 -0.9105 -0.4098
vn 0.2422 -0.9612 -0.1320
vn 0.2421 -0.9612 -0.1324
vn 0.4874 -0.8626 0.1353
vn 0.4917 -0.8609 0.1307
vn 0.6695 -0.6196 0.4097
vn 0.6696 -0.6194 0.4098
vn 0.6505 -0.6271 0.4285
vn 0.6506 -0.6270 0.4285
vn 0.6306 -0.6350 0.4461
vn 0.6306 -0.6351 0.4461
vn 0.6099 -0.6434 0.4626
vn 0.6098 -0.6434 0.4628
vn 0.0054 -0.8866 -0.4626
vn 0.0054 -0.8866 -0.4625
vn 0.0054 -0.8865 -0.4626
vn -0.0154 -0.8948 -0.4462
vn -0.0154 -0.8947 -0.4463
vn -0.0154 -0.8948 -0.4461
vn -0.0353 -0.9029 -0.4285
vn -0.0353 -0.9028 -0.4285
vn 0.2279 -0.9670 -0.1137
vn 0.2335 -0.9649 -0.1205
vn 0.2311 -0.9658 -0.1179
vn 0.2252 -0.9681 -0.1103
vn 0.5073 -0.8545 0.1116
vn 0.5026 -0.8562 0.1200
vn 0.5020 -0.8565 0.1196
vn 0.5069 -0.8547 0.1115
vn 0.2353 -0.9641 -0.1230
vn 0.2360 -0.9635 -0.1268
vn 0.4970 -0.8588 0.1245
vn 0.4942 -0.8599 0.1277
vn -0.1216 -0.9376 -0.3257
vn -0.1214 -0.9377 -0.3257
vn -0.1218 -0.9376 -0.3257
vn -0.1220 -0.9376 -0.3257
vn 0.2205 -0.9697 -0.1050
vn 0.2213 -0.9694 -0.1060
vn 0.5122 -0.8530 0.1001
vn 0.5076 -0.8557 0.1007
vn 0.7368 -0.5924 0.3259
vn 0.7369 -0.5923 0.3258
vn 0.7369 -0.5922 0.3259
vn 0.7215 -0.5986 0.3481
vn 0.7215 -0.5985 0.3482
vn 0.7052 -0.6051 0.3695
vn 0.7052 -0.6051 0.3696
vn 0.6879 -0.6121 0.3902
vn 0.6879 -0.6120 0.3901
vn 0.6878 -0.6121 0.3902
vn -0.0726 -0.9179 -0.3901
vn -0.0727 -0.9179 -0.3902
vn -0.0727 -0.9179 -0.3901
vn -0.0899 -0.9248 -0.3696
vn -0.0898 -0.9250 -0.3693
vn -0.0898 -0.9248 -0.3696
vn -0.1063 -0.9313 -0.3485
vn -0.1061 -0.9314 -0.3483
vn -0.1063 -0.9314 -0.3482
vn -0.1062 -0.9314 -0.3481
vn 0.2096 -0.9743 -0.0827
vn 0.2139 -0.9727 -0.0904
vn 0.2121 -0.9734 -0.0870
vn 0.2077 -0.9751 -0.0775
vn 0.5261 -0.8468 0.0784
vn 0.5200 -0.8495 0.0887
vn 0.5205 -0.8492 0.0894
vn 0.5209 -0.8501 0.0779
vn 0.2204 -0.9709 -0.0940
vn 0.2212 -0.9708 -0.0927
vn 0.5118 -0.8539 0.0941
vn 0.5126 -0.8534 0.0950
vn -0.1723 -0.9580 -0.2293
vn -0.1723 -0.9580 -0.2294
vn 0.2049 -0.9761 -0.0722
vn 0.2047 -0.9762 -0.0723
vn 0.5281 -0.8461 0.0727
vn 0.5275 -0.8465 0.0721
vn 0.7876 -0.5721 0.2290
vn 0.7877 -0.5719 0.2293
vn 0.7876 -0.5719 0.2293
vn 0.7765 -0.5764 0.2544
vn 0.7765 -0.5765 0.2544
vn 0.7644 -0.5813 0.2789
vn 0.7513 -0.5865 0.3025
vn 0.7512 -0.5866 0.3027
vn 0.7513 -0.5865 0.3028
vn -0.1360 -0.9433 -0.3028
vn -0.1359 -0.9433 -0.3029
vn -0.1360 -0.9433 -0.3027
vn -0.1491 -0.9487 -0.2789
vn -0.1490 -0.9487 -0.2789
vn -0.1492 -0.9487 -0.2789
vn -0.1613 -0.9536 -0.2544
vn -0.1613 -0.9535 -0.2544
vn 0.2016 -0.9784 -0.0456
vn 0.2001 -0.9781 -0.0578
vn 0.2000 -0.9785 -0.0504
vn 0.1993 -0.9790 -0.0420
vn 0.5360 -0.8430 0.0459
vn 0.5314 -0.8456 0.0507
vn 0.5323 -0.8451 0.0502
vn 0.5357 -0.8431 0.0464
vn 0.2013 -0.9774 -0.0640
vn 0.2013 -0.9775 -0.0638
vn 0.5258 -0.8483 0.0628
vn 0.5271 -0.8476 0.0613
vn -0.2044 -0.9710 -0.1240
vn -0.2046 -0.9710 -0.1240
vn -0.2045 -0.9710 -0.1237
vn 0.1956 -0.9800 -0.0377
vn 0.1956 -0.9799 -0.0386
vn 0.5375 -0.8424 0.0366
vn 0.5371 -0.8427 0.0367
vn 0.8199 -0.5589 0.1240
vn 0.8199 -0.5590 0.1240
vn 0.8136 -0.5615 0.1509
vn 0.8134 -0.5617 0.1515
vn 0.8061 -0.5646 0.1775
vn 0.8060 -0.5646 0.1776
vn 0.8061 -0.5645 0.1775
vn 0.7975 -0.5680 0.2036
vn 0.7975 -0.5680 0.2035
vn 0.7975 -0.5679 0.2035
vn -0.1822 -0.9619 -0.2036
vn -0.1823 -0.9619 -0.2036
vn -0.1822 -0.9620 -0.2036
vn -0.1822 -0.9619 -0.2037
vn -0.1915 -0.9653 -0.1776
vn -0.1913 -0.9653 -0.1776
vn -0.1910 -0.9654 -0.1776
vn -0.1910 -0.9654 -0.1775
vn -0.1983 -0.9685 -0.1509
vn -0.1981 -0.9685 -0.1510
vn 0.1964 -0.9805 -0.0105
vn 0.1932 -0.9809 -0.0211
vn 0.1925 -0.9812 -0.0154
vn 0.1950 -0.9808 -0.0066
vn 0.5365 -0.8438 0.0111
vn 0.5414 -0.8405 0.0179
vn 0.5385 -0.8424 0.0182
vn 0.5361 -0.8441 0.0097
vn 0.1967 -0.9800 -0.0305
vn 0.1942 -0.9805 -0.0300
vn 0.5357 -0.8441 0.0248
vn 0.5360 -0.8438 0.0263
vn -0.2170 -0.9761 -0.0140
vn -0.2172 -0.9760 -0.0139
vn -0.2171 -0.9760 -0.0139
vn -0.2170 -0.9761 -0.0141
vn 0.1958 -0.9806 -0.0000
vn 0.1959 -0.9806 -0.0000
vn 0.5364 -0.8440 -0.0001
vn 0.5364 -0.8439 -0.0000
vn 0.8325 -0.5539 0.0139
vn 0.8312 -0.5544 0.0416
vn 0.8287 -0.5554 0.0693
vn 0.8287 -0.5555 0.0693
vn 0.8287 -0.5554 0.0694
vn 0.8249 -0.5569 0.0967
vn 0.8249 -0.5570 0.0966
vn -0.2097 -0.9730 -0.0966
vn -0.2096 -0.9730 -0.0967
vn -0.2096 -0.9730 -0.0966
vn -0.2134 -0.9745 -0.0692
vn -0.2135 -0.9745 -0.0692
vn -0.2159 -0.9755 -0.0416
vn -0.2160 -0.9755 -0.0416
vn 0.1937 -0.9806 0.0290
vn 0.1934 -0.9810 0.0152
vn 0.1926 -0.9811 0.0193
vn 0.1960 -0.9801 0.0308
vn 0.5357 -0.8440 -0.0247
vn 0.5413 -0.8406 -0.0178
vn 0.5385 -0.8425 -0.0183
vn 0.5360 -0.8438 -0.0262
vn 0.1961 -0.9805 0.0090
vn 0.1963 -0.9805 0.0083
vn 0.5365 -0.8438 -0.0112
vn 0.5362 -0.8440 -0.0098
vn -0.2096 -0.9730 0.0967
vn -0.2096 -0.9730 0.0966
vn 0.1957 -0.9799 0.0377
vn 0.1957 -0.9799 0.0386
vn 0.5375 -0.8425 -0.0366
vn 0.5370 -0.8428 -0.0367
vn 0.8249 -0.5569 -0.0967
vn 0.8287 -0.5554 -0.0692
vn 0.8287 -0.5554 -0.0691
vn 0.8312 -0.5544 -0.0417
vn 0.8312 -0.5543 -0.0416
vn 0.8325 -0.5538 -0.0139
vn 0.8325 -0.5539 -0.0139
vn 0.8324 -0.5539 -0.0139
vn -0.2172 -0.9760 0.0139
vn -0.2171 -0.9761 0.0140
vn -0.2170 -0.9761 0.0140
vn -0.2160 -0.9755 0.0416
vn -0.2159 -0.9755 0.0415
vn -0.2134 -0.9745 0.0692
vn -0.2134 -0.9745 0.0691
vn 0.2011 -0.9777 0.0605
vn 0.2000 -0.9785 0.0506
vn 0.1988 -0.9785 0.0555
vn 0.2030 -0.9769 0.0661
vn 0.5258 -0.8483 -0.0626
vn 0.5325 -0.8449 -0.0507
vn 0.5334 -0.8444 -0.0506
vn 0.5271 -0.8476 -0.0612
vn 0.2009 -0.9786 0.0440
vn 0.2010 -0.9787 0.0427
vn 0.5360 -0.8429 -0.0460
vn 0.5358 -0.8431 -0.0465
vn -0.1822 -0.9619 0.2037
vn -0.1823 -0.9619 0.2037
vn -0.1821 -0.9620 0.2036
vn -0.1818 -0.9620 0.2036
vn 0.2047 -0.9761 0.0724
vn 0.2046 -0.9762 0.0725
vn 0.5279 -0.8462 -0.0728
vn 0.5275 -0.8465 -0.0721
vn 0.7975 -0.5680 -0.2035
vn 0.7974 -0.5680 -0.2036
vn 0.8061 -0.5645 -0.1775
vn 0.8062 -0.5645 -0.1775
vn 0.8061 -0.5645 -0.1776
vn 0.8061 -0.5646 -0.1775
vn 0.8136 -0.5616 -0.1508
vn 0.8135 -0.5616 -0.1507
vn 0.8137 -0.5614 -0.1509
vn 0.8136 -0.5615 -0.1508
vn 0.8199 -0.5589 -0.1240
vn 0.8199 -0.5590 -0.1240
vn 0.8200 -0.5587 -0.1239
vn -0.2045 -0.9710 0.1241
vn -0.2046 -0.9710 0.1240
vn -0.2045 -0.9710 0.1240
vn -0.1982 -0.9685 0.1509
vn -0.1983 -0.9685 0.1509
vn -0.1982 -0.9685 0.1510
vn -0.1909 -0.9654 0.1775
vn 0.2198 -0.9711 0.0925
vn 0.2123 -0.9734 0.0862
vn 0.2134 -0.9728 0.0898
vn 0.2209 -0.9704 0.0977
vn 0.5122 -0.8538 -0.0934
vn 0.5202 -0.8494 -0.0887
vn 0.5207 -0.8491 -0.0895
vn 0.5126 -0.8534 -0.0948
vn 0.2084 -0.9746 0.0815
vn 0.2083 -0.9747 0.0808
vn 0.5263 -0.8467 -0.0785
vn 0.5207 -0.8502 -0.0781
vn -0.1358 -0.9434 0.3027
vn -0.1359 -0.9433 0.3027
vn 0.2206 -0.9697 0.1050
vn 0.2215 -0.9693 0.1064
vn 0.5122 -0.8530 -0.1001
vn 0.5076 -0.8557 -0.1008
vn 0.7512 -0.5865 -0.3027
vn 0.7512 -0.5866 -0.3027
vn 0.7513 -0.5865 -0.3026
vn 0.7644 -0.5813 -0.2789
vn 0.7765 -0.5765 -0.2544
vn 0.7765 -0.5765 -0.2543
vn 0.7765 -0.5764 -0.2545
vn 0.7765 -0.5764 -0.2544
vn 0.7876 -0.5719 -0.2294
vn 0.7876 -0.5719 -0.2293
vn -0.1723 -0.9580 0.2293
vn -0.1722 -0.9580 0.2293
vn -0.1613 -0.9536 0.2544
vn -0.1613 -0.9535 0.2544
vn -0.1491 -0.9487 0.2789
vn -0.1492 -0.9487 0.2789
vn 0.2352 -0.9640 0.1243
vn 0.2309 -0.9659 0.1175
vn 0.2331 -0.9650 0.1205
vn 0.2399 -0.9623 0.1285
vn 0.4957 -0.8592 -0.1271
vn 0.5033 -0.8557 -0.1199
vn 0.5023 -0.8563 -0.1201
vn 0.4957 -0.8592 -0.1267
vn 0.2267 -0.9674 0.1130
vn 0.2265 -0.9675 0.1127
vn 0.5073 -0.8545 -0.1118
vn 0.5069 -0.8547 -0.1118
vn -0.0726 -0.9179 0.3901
vn -0.0726 -0.9179 0.3900
vn 0.2422 -0.9612 0.1320
vn 0.2423 -0.9611 0.1324
vn 0.4909 -0.8610 -0.1335
vn 0.4911 -0.8609 -0.1329
vn 0.6879 -0.6120 -0.3903
vn 0.6879 -0.6121 -0.3901
vn 0.6879 -0.6120 -0.3902
vn 0.7052 -0.6051 -0.3696
vn 0.7215 -0.5986 -0.3481
vn 0.7366 -0.5925 -0.3261
vn 0.7368 -0.5924 -0.3257
vn 0.7369 -0.5923 -0.3259
vn 0.7369 -0.5923 -0.3258
vn -0.1215 -0.9376 0.3258
vn -0.1216 -0.9376 0.3258
vn -0.1060 -0.9315 0.3480
vn -0.1062 -0.9314 0.3481
vn -0.1060 -0.9314 0.3481
vn -0.1061 -0.9314 0.3483
vn -0.0899 -0.9250 0.3693
vn -0.0899 -0.9249 0.3694
vn -0.0899 -0.9249 0.3695
vn -0.0900 -0.9249 0.3694
vn 0.2614 -0.9542 0.1455
vn 0.2544 -0.9564 0.1436
vn 0.2578 -0.9550 0.1469
vn 0.2668 -0.9519 0.1508
vn 0.4726 -0.8682 -0.1513
vn 0.4770 -0.8668 -0.1453
vn 0.4772 -0.8666 -0.1460
vn 0.4682 -0.8713 -0.1470
vn 0.2494 -0.9584 0.1390
vn 0.2491 -0.9584 0.1391
vn 0.4826 -0.8643 -0.1417
vn 0.4796 -0.8669 -0.1362
vn 0.0054 -0.8866 0.4626
vn 0.0054 -0.8865 0.4626
vn 0.0054 -0.8866 0.4625
vn 0.2721 -0.9500 0.1530
vn 0.2724 -0.9500 0.1528
vn 0.4645 -0.8717 -0.1562
vn 0.4637 -0.8722 -0.1560
vn 0.6099 -0.6434 -0.4626
vn 0.6306 -0.6350 -0.4461
vn 0.6307 -0.6350 -0.4461
vn 0.6506 -0.6270 -0.4285
vn 0.6505 -0.6271 -0.4285
vn 0.6696 -0.6194 -0.4098
vn 0.6697 -0.6193 -0.4099
vn 0.6697 -0.6193 -0.4098
vn -0.0544 -0.9105 0.4099
vn -0.0544 -0.9105 0.4098
vn -0.0544 -0.9106 0.4098
vn -0.0353 -0.9029 0.4285
vn -0.0154 -0.8949 0.4461
vn -0.0153 -0.8949 0.4460
vn -0.0153 -0.8948 0.4461
vn -0.0154 -0.8948 0.4461
vn 0.2902 -0.9425 0.1656
vn 0.2824 -0.9456 0.1613
vn 0.2893 -0.9430 0.1647
vn 0.2966 -0.9402 0.1677
vn 0.4391 -0.8831 -0.1654
vn 0.4465 -0.8799 -0.1626
vn 0.4465 -0.8799 -0.1625
vn 0.4398 -0.8828 -0.1652
vn 0.2807 -0.9468 0.1576
vn 0.2799 -0.9471 0.1570
vn 0.4550 -0.8766 -0.1564
vn 0.4541 -0.8769 -0.1575
vn 0.0949 -0.8506 0.5172
vn 0.0949 -0.8505 0.5173
vn 0.2986 -0.9392 0.1697
vn 0.2978 -0.9393 0.1702
vn 0.4338 -0.8851 -0.1687
vn 0.4358 -0.8837 -0.1708
vn 0.5204 -0.6794 -0.5173
vn 0.5204 -0.6793 -0.5174
vn 0.5440 -0.6698 -0.5055
vn 0.5437 -0.6700 -0.5054
vn 0.5438 -0.6700 -0.5054
vn 0.5436 -0.6702 -0.5053
vn 0.5664 -0.6609 -0.4924
vn 0.5664 -0.6609 -0.4923
vn 0.5663 -0.6609 -0.4924
vn 0.5885 -0.6520 -0.4781
vn 0.5884 -0.6522 -0.4780
vn 0.5885 -0.6520 -0.4780
vn 0.0268 -0.8779 0.4781
vn 0.0489 -0.8690 0.4923
vn 0.0490 -0.8691 0.4922
vn 0.0490 -0.8691 0.4923
vn 0.0717 -0.8599 0.5054
vn 0.0716 -0.8599 0.5054
vn 0.3220 -0.9292 0.1816
vn 0.3182 -0.9317 0.1754
vn 0.3197 -0.9304 0.1792
vn 0.3259 -0.9276 0.1828
vn 0.4072 -0.8959 -0.1775
vn 0.4162 -0.8920 -0.1765
vn 0.4163 -0.8920 -0.1763
vn 0.4102 -0.8946 -0.1771
vn 0.3076 -0.9348 0.1776
vn 0.3075 -0.9347 0.1783
vn 0.4244 -0.8887 -0.1733
vn 0.4242 -0.8887 -0.1736
vn 0.1925 -0.8112 0.5522
vn 0.1924 -0.8113 0.5521
vn 0.1926 -0.8112 0.5521
vn 0.3335 -0.9242 0.1860
vn 0.3328 -0.9246 0.1854
vn 0.3992 -0.8979 -0.1857
vn 0.3986 -0.8982 -0.1853
vn 0.4227 -0.7187 -0.5521
vn 0.4227 -0.7187 -0.5520
vn 0.4477 -0.7087 -0.5453
vn 0.4477 -0.7086 -0.5453
vn 0.4478 -0.7087 -0.5452
vn 0.4478 -0.7086 -0.5453
vn 0.4723 -0.6987 -0.5373
vn 0.4723 -0.6987 -0.5374
vn 0.4965 -0.6890 -0.5280
vn 0.1187 -0.8410 0.5279
vn 0.1188 -0.8409 0.5279
vn 0.1187 -0.8409 0.5279
vn 0.1429 -0.8312 0.5373
vn 0.1430 -0.8312 0.5373
vn 0.1676 -0.8213 0.5453
vn 0.1679 -0.8213 0.5453
vn 0.1677 -0.8212 0.5454
vn 0.3541 -0.9166 0.1855
vn 0.3473 -0.9190 0.1867
vn 0.3518 -0.9172 0.1872
vn 0.3617 -0.9138 0.1847
vn 0.3716 -0.9094 -0.1868
vn 0.3840 -0.9050 -0.1831
vn 0.3847 -0.9048 -0.1823
vn 0.3738 -0.9080 -0.1891
vn 0.3407 -0.9216 0.1860
vn 0.3405 -0.9216 0.1862
vn 0.3923 -0.9007 -0.1869
vn 0.3919 -0.9010 -0.1862
vn 0.2949 -0.7701 0.5657
vn 0.2948 -0.7701 0.5657
vn 0.3663 -0.9122 0.1834
vn 0.3661 -0.9123 0.1834
vn 0.3633 -0.9127 -0.1870
vn 0.3639 -0.9130 -0.1847
vn 0.3206 -0.7597 -0.5657
vn 0.3205 -0.7598 -0.5657
vn 0.3463 -0.7494 -0.5643
vn 0.3464 -0.7493 -0.5644
vn 0.3465 -0.7495 -0.5640
vn 0.3463 -0.7495 -0.5642
vn 0.3718 -0.7391 -0.5616
vn 0.3719 -0.7391 -0.5616
vn 0.3719 -0.7392 -0.5616
vn 0.3974 -0.7289 -0.5575
vn 0.3975 -0.7289 -0.5574
vn 0.3976 -0.7290 -0.5573
vn 0.2178 -0.8011 0.5575
vn 0.2183 -0.8009 0.5576
vn 0.2180 -0.8010 0.5576
vn 0.2179 -0.8011 0.5575
vn 0.2435 -0.7907 0.5616
vn 0.2434 -0.7908 0.5616
vn 0.2436 -0.7908 0.5616
vn 0.2690 -0.7805 0.5643
vn 0.2689 -0.7806 0.5643
vn 0.2689 -0.7805 0.5643
vn 0.3896 -0.9027 0.1824
vn 0.3797 -0.9062 0.1860
vn 0.3880 -0.9029 0.1852
vn 0.3944 -0.9007 0.1822
vn 0.3399 -0.9215 -0.1880
vn 0.3496 -0.9178 -0.1881
vn 0.3494 -0.9179 -0.1882
vn 0.3379 -0.9226 -0.1861
vn 0.3762 -0.9081 0.1839
vn 0.3765 -0.9081 0.1836
vn 0.3587 -0.9142 -0.1889
vn 0.3587 -0.9142 -0.1886
vn 0.3974 -0.7289 0.5575
vn 0.3974 -0.7289 0.5574
vn 0.3975 -0.7289 0.5573
vn 0.3965 -0.8995 0.1834
vn 0.3993 -0.8991 0.1793
vn 0.3323 -0.9245 -0.1869
vn 0.3320 -0.9262 -0.1786
vn 0.2179 -0.8010 -0.5575
vn 0.2433 -0.7909 -0.5615
vn 0.2434 -0.7909 -0.5615
vn 0.2690 -0.7805 -0.5642
vn 0.2942 -0.7702 -0.5659
vn 0.2947 -0.7702 -0.5656
vn 0.3206 -0.7598 0.5657
vn 0.3204 -0.7598 0.5658
vn 0.3463 -0.7495 0.5643
vn 0.3464 -0.7495 0.5642
vn 0.3718 -0.7392 0.5615
vn 0.3719 -0.7392 0.5616
vn 0.3718 -0.7391 0.5616
vn 0.4227 -0.8885 0.1784
vn 0.4150 -0.8918 0.1803
vn 0.4186 -0.8903 0.1792
vn 0.4282 -0.8867 0.1745
vn 0.3061 -0.9352 -0.1779
vn 0.3193 -0.9310 -0.1770
vn 0.3198 -0.9305 -0.1787
vn 0.3076 -0.9345 -0.1789
vn 0.4087 -0.8952 0.1777
vn 0.4073 -0.8960 0.1768
vn 0.3253 -0.9276 -0.1836
vn 0.3246 -0.9279 -0.1833
vn 0.4965 -0.6890 0.5280
vn 0.4301 -0.8863 0.1714
vn 0.4308 -0.8854 0.1748
vn 0.2991 -0.9383 -0.1736
vn 0.2992 -0.9383 -0.1734
vn 0.1188 -0.8409 -0.5279
vn 0.1431 -0.8312 -0.5373
vn 0.1927 -0.8112 -0.5521
vn 0.4478 -0.7085 0.5454
vn 0.4477 -0.7086 0.5454
vn 0.4727 -0.6986 0.5371
vn 0.4724 -0.6987 0.5373
vn 0.4544 -0.8759 0.1621
vn 0.4469 -0.8790 0.1662
vn 0.4501 -0.8777 0.1645
vn 0.4579 -0.8745 0.1598
vn 0.2798 -0.9470 -0.1579
vn 0.2864 -0.9435 -0.1665
vn 0.2863 -0.9435 -0.1670
vn 0.2792 -0.9472 -0.1579
vn 0.4409 -0.8814 0.1694
vn 0.4409 -0.8814 0.1697
vn 0.2916 -0.9413 -0.1701
vn 0.2916 -0.9413 -0.1698
vn 0.5886 -0.6519 0.4782
vn 0.5885 -0.6519 0.4781
vn 0.4638 -0.8720 0.1565
vn 0.4637 -0.8721 0.1563
vn 0.2696 -0.9509 -0.1519
vn 0.2701 -0.9507 -0.1525
vn 0.0489 -0.8690 -0.4924
vn 0.0715 -0.8599 -0.5055
vn 0.0716 -0.8599 -0.5055
vn 0.0713 -0.8600 -0.5054
vn 0.0719 -0.8600 -0.5052
vn 0.0949 -0.8505 -0.5174
vn 0.5437 -0.6699 0.5055
vn 0.5437 -0.6700 0.5055
vn 0.5436 -0.6701 0.5055
vn 0.5665 -0.6609 0.4923
vn 0.4804 -0.8656 0.1414
vn 0.4751 -0.8674 0.1476
vn 0.4794 -0.8661 0.1420
vn 0.4862 -0.8632 0.1360
vn 0.2477 -0.9593 -0.1355
vn 0.2604 -0.9545 -0.1456
vn 0.2550 -0.9557 -0.1470
vn 0.2471 -0.9592 -0.1374
vn 0.4703 -0.8696 0.1507
vn 0.4705 -0.8694 0.1509
vn 0.2621 -0.9531 -0.1512
vn 0.2627 -0.9530 -0.1508
vn 0.4907 -0.8619 0.1282
vn 0.4868 -0.8640 0.1287
vn 0.2473 -0.9602 -0.1301
vn 0.2475 -0.9600 -0.1307
vn -0.0545 -0.9106 -0.4097
vn -0.0545 -0.9107 -0.4095
vn -0.0544 -0.9106 -0.4096
vn -0.0351 -0.9028 -0.4285
vn -0.0350 -0.9028 -0.4286
vn -0.0352 -0.9026 -0.4290
vn -0.0352 -0.9028 -0.4287
vn -0.0153 -0.8949 -0.4461
vn -0.0153 -0.8949 -0.4460
vn -0.0153 -0.8948 -0.4462
vn 0.0053 -0.8866 -0.4626
vn 0.6099 -0.6434 0.4627
vn 0.6305 -0.6352 0.4461
vn 0.6304 -0.6352 0.4461
vn 0.6307 -0.6350 0.4461
vn 0.6505 -0.6270 0.4286
vn 0.6505 -0.6271 0.4286
vn 0.5029 -0.8572 0.1110
vn 0.4972 -0.8592 0.1203
vn 0.5007 -0.8580 0.1141
vn 0.5060 -0.8558 0.1077
vn 0.2315 -0.9663 -0.1122
vn 0.2342 -0.9651 -0.1170
vn 0.2345 -0.9651 -0.1168
vn 0.2289 -0.9667 -0.1140
vn 0.4928 -0.8613 0.1238
vn 0.4925 -0.8615 0.1237
vn 0.2402 -0.9628 -0.1235
vn 0.2400 -0.9629 -0.1234
vn 0.7369 -0.5924 0.3258
vn 0.7369 -0.5924 0.3257
vn 0.5110 -0.8530 0.1062
vn 0.5087 -0.8543 0.1069
vn 0.2213 -0.9694 -0.1066
vn 0.2213 -0.9694 -0.1058
vn -0.1216 -0.9376 -0.3258
vn -0.1063 -0.9314 -0.3481
vn -0.1062 -0.9314 -0.3482
vn -0.1062 -0.9315 -0.3480
vn -0.0898 -0.9249 -0.3695
vn -0.0899 -0.9249 -0.3695
vn -0.0898 -0.9248 -0.3697
vn 0.6879 -0.6120 0.3902
vn 0.6879 -0.6121 0.3901
vn 0.6879 -0.6120 0.3903
vn 0.7215 -0.5985 0.3481
vn 0.5206 -0.8500 0.0806
vn 0.5163 -0.8517 0.0898
vn 0.5186 -0.8508 0.0844
vn 0.5225 -0.8491 0.0768
vn 0.2135 -0.9737 -0.0793
vn 0.2147 -0.9730 -0.0845
vn 0.2152 -0.9729 -0.0849
vn 0.2130 -0.9738 -0.0792
vn 0.5119 -0.8538 0.0951
vn 0.5120 -0.8538 0.0941
vn 0.2207 -0.9708 -0.0935
vn 0.2202 -0.9709 -0.0939
vn 0.5247 -0.8485 0.0688
vn 0.5249 -0.8484 0.0691
vn 0.2078 -0.9754 -0.0744
vn 0.2065 -0.9756 -0.0743
vn -0.1724 -0.9580 -0.2292
vn -0.1718 -0.9582 -0.2289
vn -0.1721 -0.9580 -0.2293
vn -0.1490 -0.9487 -0.2790
vn -0.1359 -0.9434 -0.3027
vn -0.1358 -0.9434 -0.3027
vn 0.7512 -0.5865 0.3027
vn 0.7644 -0.5813 0.2787
vn 0.7765 -0.5765 0.2545
vn 0.5345 -0.8438 0.0483
vn 0.5312 -0.8452 0.0579
vn 0.5346 -0.8434 0.0533
vn 0.5366 -0.8427 0.0437
vn 0.1956 -0.9796 -0.0454
vn 0.1998 -0.9783 -0.0543
vn 0.1994 -0.9784 -0.0544
vn 0.1965 -0.9795 -0.0433
vn 0.5271 -0.8476 0.0612
vn 0.5266 -0.8479 0.0614
vn 0.2004 -0.9777 -0.0628
vn 0.2067 -0.9762 -0.0656
vn 0.8196 -0.5593 0.1240
vn 0.8199 -0.5590 0.1238
vn 0.8198 -0.5590 0.1239
vn 0.8198 -0.5590 0.1240
vn 0.5343 -0.8446 0.0346
vn 0.5336 -0.8450 0.0349
vn 0.1998 -0.9792 -0.0349
vn 0.1995 -0.9793 -0.0354
vn -0.2045 -0.9710 -0.1243
vn -0.2051 -0.9709 -0.1240
vn -0.1982 -0.9685 -0.1509
vn -0.1909 -0.9654 -0.1776
vn -0.1909 -0.9654 -0.1775
vn -0.1821 -0.9619 -0.2037
vn -0.1821 -0.9620 -0.2035
vn 0.7974 -0.5681 0.2036
vn 0.7974 -0.5680 0.2036
vn 0.8062 -0.5645 0.1775
vn 0.8136 -0.5615 0.1508
vn 0.8136 -0.5614 0.1509
vn 0.5398 -0.8417 0.0133
vn 0.5394 -0.8417 0.0231
vn 0.5399 -0.8416 0.0146
vn 0.5397 -0.8418 0.0048
vn 0.1913 -0.9815 -0.0085
vn 0.1976 -0.9801 -0.0199
vn 0.1961 -0.9804 -0.0216
vn 0.1914 -0.9815 -0.0091
vn 0.5358 -0.8440 0.0259
vn 0.1976 -0.9798 -0.0300
vn 0.1962 -0.9801 -0.0308
vn 0.8325 -0.5538 0.0139
vn 0.5365 -0.8439 0.0002
vn 0.5361 -0.8442 0.0003
vn 0.1911 -0.9816 -0.0000
vn -0.2170 -0.9761 -0.0137
vn -0.2170 -0.9761 -0.0139
vn -0.2172 -0.9760 -0.0138
vn -0.2158 -0.9755 -0.0417
vn -0.2133 -0.9745 -0.0691
vn -0.2134 -0.9745 -0.0690
vn -0.2095 -0.9730 -0.0966
vn -0.2092 -0.9731 -0.0966
vn 0.8286 -0.5555 0.0692
vn 0.8287 -0.5554 0.0692
vn 0.8287 -0.5555 0.0692
vn 0.8312 -0.5544 0.0417
vn 0.5365 -0.8435 -0.0244
vn 0.5393 -0.8420 -0.0149
vn 0.5416 -0.8404 -0.0204
vn 0.5356 -0.8440 -0.0291
vn 0.1977 -0.9798 0.0299
vn 0.1974 -0.9801 0.0199
vn 0.1962 -0.9803 0.0214
vn 0.1961 -0.9801 0.0308
vn 0.5418 -0.8404 -0.0115
vn 0.5428 -0.8398 -0.0091
vn 0.1912 -0.9815 0.0085
vn 0.1914 -0.9815 0.0091
vn 0.5343 -0.8446 -0.0346
vn 0.5337 -0.8450 -0.0348
vn 0.1997 -0.9792 0.0349
vn 0.1994 -0.9793 0.0355
vn -0.2096 -0.9730 0.0968
vn -0.2092 -0.9731 0.0968
vn -0.2095 -0.9730 0.0967
vn -0.2159 -0.9755 0.0416
vn -0.2172 -0.9760 0.0140
vn -0.2171 -0.9760 0.0139
vn 0.8286 -0.5555 -0.0692
vn 0.8286 -0.5556 -0.0692
vn 0.8287 -0.5555 -0.0692
vn 0.5287 -0.8468 -0.0589
vn 0.5347 -0.8434 -0.0522
vn 0.5313 -0.8452 -0.0577
vn 0.5270 -0.8474 -0.0653
vn 0.2004 -0.9777 0.0626
vn 0.1998 -0.9783 0.0543
vn 0.1993 -0.9784 0.0543
vn 0.2036 -0.9771 0.0626
vn 0.5363 -0.8428 -0.0469
vn 0.1957 -0.9796 0.0453
vn 0.1965 -0.9795 0.0438
vn 0.7975 -0.5680 -0.2036
vn 0.7975 -0.5679 -0.2036
vn 0.5254 -0.8481 -0.0682
vn 0.5252 -0.8482 -0.0687
vn 0.2076 -0.9754 0.0745
vn 0.2063 -0.9757 0.0744
vn -0.1822 -0.9620 0.2036
vn -0.1822 -0.9620 0.2035
vn -0.1821 -0.9620 0.2035
vn -0.1908 -0.9654 0.1775
vn -0.1984 -0.9685 0.1508
vn -0.1983 -0.9685 0.1508
vn -0.1985 -0.9684 0.1507
vn -0.1986 -0.9684 0.1507
vn -0.2044 -0.9710 0.1239
vn -0.2044 -0.9710 0.1238
vn -0.2050 -0.9708 0.1244
vn 0.8198 -0.5591 -0.1240
vn 0.8199 -0.5589 -0.1241
vn 0.8136 -0.5615 -0.1507
vn 0.8137 -0.5613 -0.1509
vn 0.8136 -0.5615 -0.1509
vn 0.8061 -0.5645 -0.1774
vn 0.5154 -0.8520 -0.0915
vn 0.5184 -0.8509 -0.0849
vn 0.5163 -0.8517 -0.0894
vn 0.5122 -0.8531 -0.0995
vn 0.2209 -0.9708 0.0936
vn 0.2133 -0.9733 0.0844
vn 0.2150 -0.9730 0.0846
vn 0.2203 -0.9709 0.0940
vn 0.5213 -0.8497 -0.0785
vn 0.5211 -0.8499 -0.0785
vn 0.2136 -0.9737 0.0791
vn 0.2130 -0.9738 0.0790
vn 0.7513 -0.5865 -0.3027
vn 0.5110 -0.8530 -0.1062
vn 0.5098 -0.8536 -0.1072
vn 0.2214 -0.9693 0.1066
vn 0.2214 -0.9694 0.1058
vn -0.1361 -0.9434 0.3025
vn -0.1359 -0.9434 0.3026
vn -0.1360 -0.9433 0.3028
vn -0.1491 -0.9486 0.2790
vn -0.1488 -0.9486 0.2792
vn -0.1612 -0.9535 0.2545
vn -0.1610 -0.9536 0.2545
vn -0.1611 -0.9536 0.2544
vn -0.1613 -0.9535 0.2545
vn -0.1721 -0.9580 0.2293
vn -0.1716 -0.9581 0.2293
vn -0.1720 -0.9579 0.2297
vn 0.7877 -0.5719 -0.2293
vn 0.7762 -0.5769 -0.2542
vn 0.7644 -0.5813 -0.2788
vn 0.4944 -0.8606 -0.1224
vn 0.5016 -0.8575 -0.1146
vn 0.4967 -0.8597 -0.1193
vn 0.4921 -0.8614 -0.1261
vn 0.2403 -0.9628 0.1232
vn 0.2343 -0.9651 0.1168
vn 0.2346 -0.9651 0.1165
vn 0.2400 -0.9629 0.1231
vn 0.5043 -0.8566 -0.1088
vn 0.5042 -0.8568 -0.1082
vn 0.2317 -0.9663 0.1120
vn 0.2288 -0.9668 0.1142
vn 0.6879 -0.6120 -0.3901
vn 0.6883 -0.6119 -0.3897
vn 0.4895 -0.8626 -0.1277
vn 0.4868 -0.8639 -0.1290
vn 0.2472 -0.9603 0.1296
vn 0.2473 -0.9601 0.1303
vn -0.0725 -0.9179 0.3902
vn -0.0725 -0.9179 0.3901
vn -0.0898 -0.9248 0.3696
vn -0.0898 -0.9249 0.3696
vn -0.0900 -0.9249 0.3693
vn -0.0899 -0.9248 0.3696
vn -0.1062 -0.9314 0.3482
vn -0.1063 -0.9314 0.3481
vn 0.7215 -0.5986 -0.3480
vn 0.7215 -0.5985 -0.3483
vn 0.4718 -0.8690 -0.1493
vn 0.4787 -0.8668 -0.1399
vn 0.4737 -0.8683 -0.1475
vn 0.4690 -0.8701 -0.1517
vn 0.2622 -0.9531 0.1513
vn 0.2604 -0.9545 0.1456
vn 0.2552 -0.9556 0.1471
vn 0.2627 -0.9530 0.1509
vn 0.4795 -0.8669 -0.1363
vn 0.4793 -0.8669 -0.1366
vn 0.2476 -0.9593 0.1355
vn 0.2469 -0.9592 0.1375
vn 0.6099 -0.6435 -0.4626
vn 0.6100 -0.6433 -0.4626
vn 0.4637 -0.8720 -0.1565
vn 0.4636 -0.8722 -0.1563
vn 0.2709 -0.9505 0.1520
vn 0.2708 -0.9504 0.1527
vn -0.0153 -0.8949 0.4461
vn -0.0352 -0.9029 0.4285
vn -0.0352 -0.9028 0.4285
vn -0.0544 -0.9106 0.4097
vn 0.6504 -0.6271 -0.4286
vn 0.6505 -0.6271 -0.4284
vn 0.6307 -0.6351 -0.4461
vn 0.4425 -0.8808 -0.1686
vn 0.4501 -0.8776 -0.1647
vn 0.4468 -0.8790 -0.1664
vn 0.4392 -0.8821 -0.1704
vn 0.2919 -0.9413 0.1698
vn 0.2854 -0.9438 0.1665
vn 0.2851 -0.9439 0.1669
vn 0.2919 -0.9413 0.1697
vn 0.4561 -0.8752 -0.1611
vn 0.4562 -0.8752 -0.1612
vn 0.2797 -0.9470 0.1578
vn 0.2790 -0.9472 0.1577
vn 0.5203 -0.6795 -0.5172
vn 0.5204 -0.6794 -0.5174
vn 0.4303 -0.8859 -0.1731
vn 0.4317 -0.8849 -0.1747
vn 0.2990 -0.9383 0.1735
vn 0.2991 -0.9384 0.1732
vn 0.0949 -0.8505 0.5174
vn 0.0713 -0.8600 0.5054
vn 0.0719 -0.8600 0.5052
vn 0.0489 -0.8691 0.4923
vn 0.0489 -0.8690 0.4924
vn 0.5665 -0.6608 -0.4924
vn 0.5666 -0.6608 -0.4922
vn 0.5438 -0.6699 -0.5054
vn 0.5437 -0.6700 -0.5055
vn 0.5437 -0.6696 -0.5061
vn 0.5440 -0.6699 -0.5053
vn 0.4130 -0.8926 -0.1810
vn 0.4191 -0.8902 -0.1786
vn 0.4157 -0.8914 -0.1804
vn 0.4050 -0.8962 -0.1812
vn 0.3266 -0.9272 0.1833
vn 0.3194 -0.9310 0.1770
vn 0.3197 -0.9307 0.1776
vn 0.3257 -0.9274 0.1838
vn 0.4257 -0.8871 -0.1786
vn 0.4267 -0.8868 -0.1776
vn 0.3048 -0.9362 0.1750
vn 0.3074 -0.9360 0.1715
vn 0.4226 -0.7188 -0.5521
vn 0.4226 -0.7188 -0.5520
vn 0.4227 -0.7186 -0.5521
vn 0.3964 -0.8996 -0.1831
vn 0.3992 -0.8992 -0.1790
vn 0.3316 -0.9249 0.1860
vn 0.3315 -0.9249 0.1859
vn 0.1927 -0.8113 0.5520
vn 0.1930 -0.8111 0.5521
vn 0.1677 -0.8213 0.5453
vn 0.1431 -0.8312 0.5373
vn 0.1187 -0.8409 0.5281
vn 0.4966 -0.6891 -0.5278
vn 0.4966 -0.6890 -0.5279
vn 0.4965 -0.6890 -0.5279
vn 0.4724 -0.6987 -0.5373
vn 0.4724 -0.6988 -0.5372
vn 0.4479 -0.7086 -0.5452
vn 0.3759 -0.9084 -0.1832
vn 0.3873 -0.9032 -0.1850
vn 0.3790 -0.9064 -0.1866
vn 0.3753 -0.9086 -0.1835
vn 0.3553 -0.9157 0.1877
vn 0.3497 -0.9179 0.1873
vn 0.3497 -0.9179 0.1877
vn 0.3612 -0.9134 0.1876
vn 0.3916 -0.9019 -0.1821
vn 0.3914 -0.9022 -0.1814
vn 0.3403 -0.9214 0.1877
vn 0.3378 -0.9226 0.1861
vn 0.3205 -0.7598 -0.5656
vn 0.3204 -0.7598 -0.5657
vn 0.2947 -0.7701 0.5657
vn 0.2947 -0.7702 0.5657
vn 0.2688 -0.7806 0.5643
vn 0.2435 -0.7908 0.5616
vn 0.2179 -0.8012 0.5573
vn 0.2182 -0.8009 0.5576
vn 0.2183 -0.8007 0.5579
vn 0.2180 -0.8009 0.5577
vn 0.3974 -0.7289 -0.5576
vn 0.3974 -0.7289 -0.5574
vn 0.3721 -0.7393 -0.5613
vn 0.3716 -0.7390 -0.5620
vn 0.3462 -0.7495 -0.5643
vn 0.3462 -0.7494 -0.5643
vn 0.3463 -0.7495 -0.5643
vn -0.4194 0.8906 -0.1760
vn -0.4143 0.8929 -0.1764
vn -0.4213 0.8894 -0.1771
vn -0.4283 0.8862 -0.1768
vn -0.4095 0.8950 -0.1770
vn -0.4054 0.8962 -0.1801
vn -0.3172 0.9321 0.1751
vn -0.3156 0.9327 0.1749
vn -0.3094 0.9353 0.1719
vn -0.3063 0.9362 0.1722
vn -0.3267 0.9278 0.1799
vn -0.3234 0.9292 0.1788
vn -0.4965 0.6890 -0.5279
vn -0.4966 0.6890 -0.5279
vn -0.4723 0.6988 -0.5373
vn -0.4723 0.6987 -0.5373
vn -0.4477 0.7087 -0.5453
vn -0.4227 0.7187 -0.5521
vn -0.4228 0.7187 -0.5521
vn -0.4228 0.7187 -0.5520
vn -0.1926 0.8112 0.5521
vn -0.1922 0.8114 0.5519
vn -0.1926 0.8111 0.5523
vn -0.1677 0.8213 0.5453
vn -0.1676 0.8213 0.5453
vn -0.1429 0.8312 0.5373
vn -0.1430 0.8312 0.5373
vn -0.1430 0.8311 0.5374
vn -0.1188 0.8410 0.5278
vn -0.1187 0.8410 0.5279
vn -0.2993 0.9391 0.1690
vn -0.3038 0.9372 0.1716
vn -0.4365 0.8831 -0.1720
vn -0.4363 0.8831 -0.1723
vn -0.4494 0.8786 -0.1612
vn -0.4451 0.8804 -0.1639
vn -0.4526 0.8774 -0.1594
vn -0.4568 0.8757 -0.1568
vn -0.4397 0.8828 -0.1652
vn -0.4390 0.8831 -0.1656
vn -0.2861 0.9444 0.1622
vn -0.2861 0.9443 0.1624
vn -0.2805 0.9465 0.1593
vn -0.2769 0.9480 0.1570
vn -0.2963 0.9403 0.1675
vn -0.2908 0.9424 0.1654
vn -0.5885 0.6520 -0.4781
vn -0.5884 0.6520 -0.4781
vn -0.5883 0.6521 -0.4782
vn -0.5664 0.6609 -0.4923
vn -0.5665 0.6609 -0.4923
vn -0.5438 0.6697 -0.5058
vn -0.5440 0.6699 -0.5053
vn -0.5438 0.6699 -0.5054
vn -0.5437 0.6700 -0.5055
vn -0.5204 0.6794 -0.5173
vn -0.5204 0.6793 -0.5174
vn -0.0949 0.8505 0.5174
vn -0.0950 0.8504 0.5175
vn -0.0948 0.8504 0.5176
vn -0.0949 0.8505 0.5173
vn -0.0716 0.8599 0.5054
vn -0.0715 0.8599 0.5055
vn -0.0713 0.8600 0.5054
vn -0.0489 0.8691 0.4923
vn -0.0489 0.8690 0.4923
vn -0.0488 0.8692 0.4921
vn -0.0268 0.8779 0.4781
vn -0.2723 0.9500 0.1530
vn -0.2723 0.9499 0.1532
vn -0.4618 0.8737 -0.1528
vn -0.4619 0.8737 -0.1530
vn -0.4777 0.8666 -0.1441
vn -0.4751 0.8678 -0.1461
vn -0.4822 0.8657 -0.1341
vn -0.4840 0.8645 -0.1355
vn -0.4705 0.8702 -0.1461
vn -0.4700 0.8703 -0.1470
vn -0.2556 0.9557 0.1458
vn -0.2563 0.9557 0.1451
vn -0.2515 0.9582 0.1363
vn -0.2511 0.9583 0.1366
vn -0.2667 0.9519 0.1507
vn -0.2600 0.9544 0.1464
vn -0.6695 0.6195 -0.4099
vn -0.6695 0.6195 -0.4098
vn -0.6696 0.6194 -0.4098
vn -0.6696 0.6194 -0.4097
vn -0.6505 0.6271 -0.4285
vn -0.6505 0.6270 -0.4286
vn -0.6505 0.6270 -0.4285
vn -0.6307 0.6350 -0.4461
vn -0.6099 0.6434 -0.4626
vn -0.6099 0.6434 -0.4627
vn -0.0054 0.8865 0.4626
vn -0.0054 0.8865 0.4627
vn -0.0054 0.8866 0.4626
vn -0.0053 0.8865 0.4626
vn 0.0151 0.8950 0.4459
vn 0.0153 0.8949 0.4460
vn 0.0154 0.8949 0.4460
vn 0.0352 0.9028 0.4285
vn 0.0352 0.9029 0.4285
vn 0.0543 0.9106 0.4097
vn 0.0544 0.9106 0.4097
vn 0.0544 0.9106 0.4098
vn -0.2443 0.9610 0.1295
vn -0.2464 0.9601 0.1324
vn -0.4891 0.8626 -0.1295
vn -0.4868 0.8635 -0.1323
vn -0.5026 0.8568 -0.1152
vn -0.4971 0.8591 -0.1222
vn -0.5072 0.8544 -0.1129
vn -0.5066 0.8549 -0.1118
vn -0.4976 0.8584 -0.1244
vn -0.4963 0.8590 -0.1256
vn -0.2318 0.9653 0.1206
vn -0.2321 0.9652 0.1208
vn -0.2297 0.9665 0.1143
vn -0.2266 0.9681 0.1066
vn -0.2381 0.9627 0.1285
vn -0.2361 0.9638 0.1238
vn -0.7368 0.5924 -0.3259
vn -0.7214 0.5986 -0.3481
vn -0.7215 0.5986 -0.3481
vn -0.7052 0.6051 -0.3696
vn -0.7052 0.6050 -0.3697
vn -0.7047 0.6053 -0.3701
vn -0.6882 0.6120 -0.3895
vn -0.6880 0.6120 -0.3901
vn -0.6883 0.6120 -0.3895
vn -0.6882 0.6121 -0.3895
vn 0.0726 0.9179 0.3902
vn 0.0898 0.9248 0.3697
vn 0.0899 0.9248 0.3696
vn 0.0900 0.9248 0.3696
vn 0.1062 0.9314 0.3481
vn 0.1063 0.9314 0.3481
vn 0.1218 0.9375 0.3258
vn 0.1216 0.9376 0.3258
vn 0.1215 0.9376 0.3258
vn -0.2250 0.9691 0.1014
vn -0.2245 0.9691 0.1024
vn -0.5100 0.8542 -0.1013
vn -0.5080 0.8550 -0.1046
vn -0.5212 0.8490 -0.0874
vn -0.5187 0.8502 -0.0906
vn -0.5201 0.8506 -0.0773
vn -0.5212 0.8498 -0.0788
vn -0.5141 0.8528 -0.0920
vn -0.5155 0.8518 -0.0928
vn -0.2126 0.9731 0.0887
vn -0.2131 0.9730 0.0886
vn -0.2143 0.9735 0.0799
vn -0.2094 0.9749 0.0761
vn -0.2179 0.9709 0.0989
vn -0.2162 0.9718 0.0943
vn -0.7874 0.5721 -0.2296
vn -0.7876 0.5718 -0.2294
vn -0.7876 0.5720 -0.2292
vn -0.7876 0.5719 -0.2293
vn -0.7766 0.5763 -0.2545
vn -0.7765 0.5764 -0.2544
vn -0.7765 0.5765 -0.2544
vn -0.7645 0.5812 -0.2790
vn -0.7644 0.5812 -0.2790
vn -0.7644 0.5813 -0.2788
vn -0.7511 0.5867 -0.3026
vn -0.7512 0.5866 -0.3027
vn 0.1358 0.9434 0.3027
vn 0.1357 0.9434 0.3027
vn 0.1492 0.9487 0.2789
vn 0.1494 0.9485 0.2792
vn 0.1491 0.9487 0.2789
vn 0.1613 0.9535 0.2544
vn 0.1613 0.9536 0.2544
vn 0.1721 0.9580 0.2293
vn 0.1723 0.9580 0.2293
vn 0.1728 0.9580 0.2288
vn 0.1722 0.9580 0.2293
vn -0.2052 0.9761 0.0719
vn -0.2058 0.9760 0.0717
vn -0.5279 0.8464 -0.0697
vn -0.5269 0.8468 -0.0734
vn -0.5338 0.8441 -0.0511
vn -0.5338 0.8436 -0.0578
vn -0.5359 0.8431 -0.0438
vn -0.5357 0.8432 -0.0444
vn -0.5283 0.8465 -0.0659
vn -0.5272 0.8473 -0.0638
vn -0.2029 0.9775 0.0570
vn -0.2040 0.9774 0.0559
vn -0.1982 0.9789 0.0494
vn -0.1963 0.9796 0.0429
vn -0.2032 0.9769 0.0668
vn -0.2033 0.9774 0.0579
vn -0.8199 0.5589 -0.1240
vn -0.8198 0.5590 -0.1240
vn -0.8199 0.5590 -0.1240
vn -0.8136 0.5615 -0.1509
vn -0.8136 0.5614 -0.1510
vn -0.8137 0.5614 -0.1510
vn -0.8137 0.5614 -0.1509
vn -0.8061 0.5645 -0.1775
vn -0.8062 0.5644 -0.1775
vn -0.7975 0.5679 -0.2036
vn -0.7976 0.5677 -0.2037
vn 0.1822 0.9619 0.2036
vn 0.1822 0.9620 0.2036
vn 0.1909 0.9654 0.1775
vn 0.1908 0.9654 0.1775
vn 0.1982 0.9685 0.1508
vn 0.1983 0.9685 0.1509
vn 0.1983 0.9684 0.1509
vn 0.2046 0.9709 0.1241
vn 0.2047 0.9709 0.1240
vn 0.2046 0.9709 0.1240
vn -0.1946 0.9802 0.0361
vn -0.1950 0.9801 0.0362
vn -0.5336 0.8450 -0.0354
vn -0.5349 0.8440 -0.0394
vn -0.5399 0.8416 -0.0145
vn -0.5398 0.8415 -0.0217
vn -0.5423 0.8402 -0.0073
vn -0.5416 0.8406 -0.0067
vn -0.5393 0.8416 -0.0287
vn -0.5391 0.8418 -0.0279
vn -0.1917 0.9813 0.0195
vn -0.1925 0.9811 0.0191
vn -0.1957 0.9806 0.0118
vn -0.1956 0.9807 0.0069
vn -0.1956 0.9802 0.0317
vn -0.1944 0.9807 0.0229
vn -0.8325 0.5539 -0.0139
vn -0.8325 0.5538 -0.0139
vn -0.8312 0.5543 -0.0417
vn -0.8312 0.5545 -0.0417
vn -0.8313 0.5543 -0.0417
vn -0.8287 0.5554 -0.0692
vn -0.8286 0.5555 -0.0693
vn -0.8286 0.5555 -0.0692
vn -0.8249 0.5569 -0.0967
vn 0.2099 0.9729 0.0967
vn 0.2096 0.9730 0.0967
vn 0.2100 0.9729 0.0966
vn 0.2134 0.9745 0.0692
vn 0.2135 0.9745 0.0693
vn 0.2159 0.9755 0.0416
vn 0.2160 0.9755 0.0416
vn 0.2159 0.9755 0.0415
vn 0.2171 0.9761 0.0139
vn 0.2170 0.9761 0.0139
vn 0.2171 0.9760 0.0139
vn -0.1958 0.9806 -0.0000
vn -0.5376 0.8432 0.0036
vn -0.5383 0.8427 -0.0039
vn -0.5398 0.8415 0.0217
vn -0.5405 0.8412 0.0148
vn -0.5391 0.8417 0.0289
vn -0.5388 0.8419 0.0284
vn -0.5426 0.8399 0.0097
vn -0.5421 0.8402 0.0109
vn -0.1917 0.9813 -0.0194
vn -0.1925 0.9811 -0.0190
vn -0.1943 0.9807 -0.0229
vn -0.1956 0.9802 -0.0316
vn -0.1956 0.9807 -0.0069
vn -0.1957 0.9806 -0.0118
vn -0.8249 0.5569 0.0967
vn -0.8249 0.5570 0.0966
vn -0.8287 0.5554 0.0692
vn -0.8286 0.5555 0.0692
vn -0.8286 0.5555 0.0694
vn -0.8287 0.5555 0.0691
vn -0.8313 0.5543 0.0417
vn -0.8312 0.5544 0.0417
vn -0.8325 0.5539 0.0139
vn -0.8325 0.5538 0.0139
vn 0.2171 0.9761 -0.0139
vn 0.2170 0.9761 -0.0139
vn 0.2171 0.9760 -0.0139
vn 0.2159 0.9755 -0.0416
vn 0.2160 0.9755 -0.0416
vn 0.2134 0.9745 -0.0693
vn 0.2133 0.9745 -0.0695
vn 0.2134 0.9745 -0.0694
vn 0.2096 0.9730 -0.0967
vn 0.2097 0.9730 -0.0966
vn 0.2096 0.9730 -0.0965
vn -0.1948 0.9802 -0.0361
vn -0.1951 0.9801 -0.0363
vn -0.5339 0.8447 0.0394
vn -0.5354 0.8440 0.0323
vn -0.5335 0.8438 0.0580
vn -0.5335 0.8443 0.0511
vn -0.5281 0.8466 0.0661
vn -0.5268 0.8477 0.0625
vn -0.5361 0.8430 0.0439
vn -0.5361 0.8430 0.0448
vn -0.2022 0.9777 -0.0574
vn -0.2030 0.9775 -0.0570
vn -0.2024 0.9776 -0.0579
vn -0.2033 0.9768 -0.0668
vn -0.1964 0.9796 -0.0426
vn -0.1985 0.9788 -0.0497
vn -0.7975 0.5679 0.2036
vn -0.7975 0.5680 0.2036
vn -0.8061 0.5645 0.1775
vn -0.8062 0.5644 0.1775
vn -0.8136 0.5615 0.1509
vn -0.8136 0.5614 0.1509
vn -0.8136 0.5615 0.1510
vn -0.8198 0.5591 0.1240
vn -0.8198 0.5590 0.1243
vn -0.8197 0.5592 0.1242
vn -0.8199 0.5590 0.1240
vn 0.2046 0.9710 -0.1241
vn 0.2046 0.9710 -0.1240
vn 0.2046 0.9709 -0.1243
vn 0.1983 0.9685 -0.1508
vn 0.1909 0.9654 -0.1774
vn 0.1909 0.9654 -0.1775
vn 0.1908 0.9654 -0.1775
vn 0.1908 0.9655 -0.1775
vn 0.1822 0.9619 -0.2036
vn 0.1822 0.9620 -0.2036
vn -0.2053 0.9760 -0.0720
vn -0.2058 0.9760 -0.0718
vn -0.5261 0.8472 0.0739
vn -0.5277 0.8464 0.0708
vn -0.5196 0.8497 0.0899
vn -0.5210 0.8492 0.0862
vn -0.5116 0.8539 0.0954
vn -0.5124 0.8533 0.0968
vn -0.5206 0.8504 0.0766
vn -0.5213 0.8498 0.0786
vn -0.2124 0.9731 -0.0887
vn -0.2129 0.9730 -0.0886
vn -0.2162 0.9718 -0.0943
vn -0.2178 0.9710 -0.0988
vn -0.2094 0.9749 -0.0761
vn -0.2142 0.9735 -0.0803
vn -0.7512 0.5866 0.3027
vn -0.7512 0.5865 0.3028
vn -0.7645 0.5812 0.2789
vn -0.7644 0.5813 0.2789
vn -0.7765 0.5764 0.2544
vn -0.7766 0.5764 0.2544
vn -0.7765 0.5765 0.2544
vn -0.7876 0.5719 0.2292
vn -0.7876 0.5719 0.2293
vn -0.7877 0.5719 0.2293
vn 0.1722 0.9580 -0.2293
vn 0.1723 0.9580 -0.2294
vn 0.1726 0.9579 -0.2294
vn 0.1613 0.9536 -0.2544
vn 0.1610 0.9536 -0.2545
vn 0.1612 0.9536 -0.2543
vn 0.1491 0.9487 -0.2789
vn 0.1490 0.9487 -0.2789
vn 0.1489 0.9487 -0.2790
vn 0.1356 0.9434 -0.3027
vn 0.1357 0.9434 -0.3027
vn -0.2250 0.9691 -0.1014
vn -0.2245 0.9691 -0.1023
vn -0.5082 0.8550 0.1036
vn -0.5107 0.8538 0.1009
vn -0.4980 0.8587 0.1212
vn -0.5035 0.8564 0.1144
vn -0.4970 0.8584 0.1266
vn -0.4956 0.8593 0.1264
vn -0.5061 0.8549 0.1139
vn -0.5062 0.8550 0.1125
vn -0.2323 0.9650 -0.1213
vn -0.2330 0.9649 -0.1214
vn -0.2359 0.9639 -0.1236
vn -0.2388 0.9624 -0.1293
vn -0.2268 0.9681 -0.1064
vn -0.2299 0.9665 -0.1142
vn -0.6879 0.6120 0.3902
vn -0.6878 0.6121 0.3902
vn -0.6879 0.6121 0.3901
vn -0.7051 0.6051 0.3696
vn -0.7051 0.6052 0.3696
vn -0.7214 0.5987 0.3481
vn -0.7215 0.5986 0.3481
vn -0.7215 0.5986 0.3480
vn -0.7367 0.5925 0.3259
vn -0.7368 0.5923 0.3259
vn 0.1216 0.9376 -0.3258
vn 0.1215 0.9376 -0.3258
vn 0.1216 0.9376 -0.3259
vn 0.1063 0.9314 -0.3481
vn 0.1063 0.9314 -0.3480
vn 0.1066 0.9314 -0.3481
vn 0.0897 0.9252 -0.3687
vn 0.0899 0.9248 -0.3696
vn 0.0899 0.9249 -0.3695
vn 0.0900 0.9249 -0.3694
vn 0.0726 0.9179 -0.3902
vn -0.2456 0.9605 -0.1307
vn -0.2454 0.9605 -0.1310
vn -0.4873 0.8633 0.1316
vn -0.4897 0.8622 0.1294
vn -0.4756 0.8675 0.1460
vn -0.4781 0.8665 0.1435
vn -0.4671 0.8719 0.1466
vn -0.4671 0.8716 0.1490
vn -0.4808 0.8654 0.1412
vn -0.4810 0.8655 0.1400
vn -0.2556 0.9557 -0.1458
vn -0.2563 0.9557 -0.1451
vn -0.2599 0.9544 -0.1466
vn -0.2667 0.9519 -0.1508
vn -0.2498 0.9587 -0.1358
vn -0.2531 0.9576 -0.1379
vn -0.6099 0.6434 0.4627
vn -0.6099 0.6434 0.4626
vn -0.6095 0.6434 0.4631
vn -0.6307 0.6350 0.4461
vn -0.6307 0.6351 0.4461
vn -0.6505 0.6271 0.4285
vn -0.6506 0.6270 0.4285
vn -0.6505 0.6270 0.4285
vn -0.6695 0.6195 0.4098
vn -0.6696 0.6194 0.4098
vn -0.6696 0.6195 0.4098
vn 0.0544 0.9105 -0.4098
vn 0.0544 0.9106 -0.4098
vn 0.0542 0.9106 -0.4097
vn 0.0539 0.9104 -0.4102
vn 0.0354 0.9028 -0.4285
vn 0.0352 0.9028 -0.4285
vn 0.0353 0.9029 -0.4285
vn 0.0153 0.8949 -0.4461
vn 0.0153 0.8948 -0.4461
vn 0.0154 0.8948 -0.4461
vn 0.0154 0.8949 -0.4461
vn -0.0054 0.8866 -0.4626
vn -0.0054 0.8865 -0.4626
vn -0.0054 0.8866 -0.4625
vn -0.0054 0.8867 -0.4624
vn -0.2724 0.9500 -0.1524
vn -0.2727 0.9499 -0.1526
vn -0.4604 0.8742 0.1543
vn -0.4638 0.8728 0.1523
vn -0.4444 0.8806 0.1644
vn -0.4495 0.8787 0.1608
vn -0.4409 0.8824 0.1644
vn -0.4435 0.8808 0.1656
vn -0.4545 0.8767 0.1577
vn -0.4544 0.8767 0.1579
vn -0.2860 0.9443 -0.1625
vn -0.2859 0.9443 -0.1628
vn -0.2913 0.9422 -0.1657
vn -0.2957 0.9405 -0.1674
vn -0.2769 0.9480 -0.1569
vn -0.2804 0.9466 -0.1592
vn -0.5204 0.6793 0.5174
vn -0.5203 0.6795 0.5173
vn -0.5204 0.6794 0.5173
vn -0.5205 0.6792 0.5174
vn -0.5436 0.6700 0.5055
vn -0.5437 0.6700 0.5054
vn -0.5436 0.6701 0.5055
vn -0.5665 0.6609 0.4922
vn -0.5664 0.6609 0.4923
vn -0.5884 0.6520 0.4781
vn -0.5885 0.6520 0.4781
vn -0.0268 0.8779 -0.4781
vn -0.0268 0.8779 -0.4782
vn -0.0489 0.8690 -0.4924
vn -0.0490 0.8690 -0.4924
vn -0.0716 0.8599 -0.5054
vn -0.0716 0.8600 -0.5053
vn -0.0949 0.8505 -0.5174
vn -0.0950 0.8505 -0.5173
vn -0.3017 0.9383 -0.1694
vn -0.3012 0.9384 -0.1696
vn -0.4286 0.8870 0.1718
vn -0.4357 0.8840 0.1697
vn -0.4138 0.8929 0.1773
vn -0.4192 0.8908 0.1755
vn -0.4079 0.8954 0.1784
vn -0.4071 0.8958 0.1785
vn -0.4214 0.8895 0.1770
vn -0.4246 0.8876 0.1787
vn -0.3173 0.9321 -0.1748
vn -0.3158 0.9326 -0.1747
vn -0.3231 0.9294 -0.1787
vn -0.3268 0.9278 -0.1797
vn -0.3036 0.9365 -0.1752
vn -0.3116 0.9336 -0.1770
vn -0.4227 0.7187 0.5521
vn -0.4228 0.7187 0.5520
vn -0.4477 0.7086 0.5454
vn -0.4726 0.6987 0.5370
vn -0.4723 0.6987 0.5373
vn -0.4724 0.6987 0.5373
vn -0.4965 0.6890 0.5279
vn -0.4966 0.6890 0.5279
vn -0.1186 0.8409 -0.5280
vn -0.1187 0.8410 -0.5279
vn -0.1187 0.8409 -0.5280
vn -0.1186 0.8409 -0.5281
vn -0.1430 0.8311 -0.5374
vn -0.1430 0.8312 -0.5373
vn -0.1677 0.8213 -0.5453
vn -0.1676 0.8213 -0.5453
vn -0.1925 0.8113 -0.5521
vn -0.1925 0.8112 -0.5521
vn -0.1926 0.8112 -0.5521
vn -0.3330 0.9254 -0.1810
vn -0.3330 0.9253 -0.1813
vn -0.3984 0.8991 0.1816
vn -0.4019 0.8976 0.1811
vn -0.3803 0.9057 0.1871
vn -0.3866 0.9031 0.1870
vn -0.3741 0.9081 0.1882
vn -0.3745 0.9080 0.1877
vn -0.3931 0.9003 0.1870
vn -0.3919 0.9010 0.1862
vn -0.3502 0.9187 -0.1828
vn -0.3500 0.9186 -0.1836
vn -0.3546 0.9162 -0.1864
vn -0.3585 0.9142 -0.1888
vn -0.3396 0.9230 -0.1807
vn -0.3448 0.9204 -0.1842
vn -0.3204 0.7598 0.5657
vn -0.3206 0.7598 0.5657
vn -0.3205 0.7598 0.5657
vn -0.3464 0.7495 0.5642
vn -0.3462 0.7495 0.5643
vn -0.3463 0.7495 0.5642
vn -0.3719 0.7392 0.5616
vn -0.3718 0.7392 0.5616
vn -0.3718 0.7392 0.5615
vn -0.3974 0.7289 0.5575
vn -0.2179 0.8010 -0.5575
vn -0.2179 0.8011 -0.5575
vn -0.2178 0.8011 -0.5575
vn -0.2434 0.7908 -0.5615
vn -0.2434 0.7908 -0.5616
vn -0.2434 0.7909 -0.5615
vn -0.2690 0.7805 -0.5643
vn -0.2943 0.7704 -0.5655
vn -0.2946 0.7698 -0.5663
vn -0.2949 0.7703 -0.5654
vn -0.2947 0.7702 -0.5656
vn -0.3699 0.9101 -0.1866
vn -0.3696 0.9107 -0.1846
vn -0.3652 0.9127 0.1834
vn -0.3701 0.9103 0.1854
vn -0.3475 0.9195 0.1836
vn -0.3519 0.9179 0.1834
vn -0.3424 0.9218 0.1816
vn -0.3425 0.9217 0.1821
vn -0.3596 0.9150 0.1832
vn -0.3604 0.9145 0.1835
vn -0.3829 0.9055 -0.1829
vn -0.3829 0.9054 -0.1834
vn -0.3901 0.9025 -0.1824
vn -0.3944 0.9007 -0.1822
vn -0.3749 0.9076 -0.1888
vn -0.3785 0.9067 -0.1860
vn -0.2179 0.8011 0.5575
vn -0.2180 0.8011 0.5575
vn -0.2435 0.7907 0.5617
vn -0.2436 0.7907 0.5616
vn -0.2434 0.7908 0.5616
vn -0.2691 0.7805 0.5643
vn -0.2689 0.7805 0.5643
vn -0.2692 0.7805 0.5643
vn -0.2695 0.7805 0.5641
vn -0.2946 0.7703 0.5656
vn -0.3204 0.7597 -0.5658
vn -0.3205 0.7598 -0.5658
vn -0.3204 0.7598 -0.5658
vn -0.3205 0.7598 -0.5657
vn -0.3465 0.7495 -0.5640
vn -0.3719 0.7392 -0.5615
vn -0.3719 0.7392 -0.5616
vn -0.3974 0.7288 -0.5576
vn -0.3973 0.7289 -0.5575
vn -0.4038 0.8962 -0.1839
vn -0.4009 0.8971 -0.1859
vn -0.3289 0.9266 0.1824
vn -0.3368 0.9233 0.1845
vn -0.3145 0.9322 0.1791
vn -0.3179 0.9308 0.1802
vn -0.3067 0.9351 0.1779
vn -0.3067 0.9353 0.1766
vn -0.3224 0.9297 0.1782
vn -0.3243 0.9290 0.1783
vn -0.4170 0.8908 -0.1808
vn -0.4175 0.8905 -0.1807
vn -0.4236 0.8883 -0.1774
vn -0.4272 0.8869 -0.1758
vn -0.4054 0.8960 -0.1813
vn -0.4065 0.8957 -0.1801
vn -0.1188 0.8409 0.5279
vn -0.1188 0.8409 0.5280
vn -0.1676 0.8213 0.5454
vn -0.1927 0.8111 0.5522
vn -0.1926 0.8111 0.5522
vn -0.1926 0.8112 0.5522
vn -0.4226 0.7187 -0.5522
vn -0.4477 0.7086 -0.5453
vn -0.4478 0.7086 -0.5453
vn -0.4478 0.7086 -0.5452
vn -0.4478 0.7087 -0.5452
vn -0.4724 0.6987 -0.5372
vn -0.4725 0.6987 -0.5372
vn -0.4965 0.6890 -0.5280
vn -0.4338 0.8839 -0.1745
vn -0.4356 0.8831 -0.1745
vn -0.2999 0.9387 0.1701
vn -0.3028 0.9374 0.1720
vn -0.2831 0.9448 0.1647
vn -0.2863 0.9436 0.1661
vn -0.2813 0.9460 0.1609
vn -0.2786 0.9476 0.1562
vn -0.2912 0.9415 0.1697
vn -0.2915 0.9415 0.1692
vn -0.4487 0.8781 -0.1661
vn -0.4484 0.8783 -0.1659
vn -0.4521 0.8778 -0.1586
vn -0.4573 0.8753 -0.1572
vn -0.4391 0.8821 -0.1704
vn -0.4424 0.8808 -0.1687
vn -0.0490 0.8691 0.4922
vn -0.0490 0.8692 0.4921
vn -0.0717 0.8599 0.5054
vn -0.0949 0.8506 0.5172
vn -0.5438 0.6700 -0.5055
vn -0.5437 0.6700 -0.5054
vn -0.5440 0.6698 -0.5055
vn -0.5664 0.6609 -0.4924
vn -0.5885 0.6520 -0.4780
vn -0.4603 0.8745 -0.1528
vn -0.4609 0.8741 -0.1535
vn -0.2692 0.9511 0.1515
vn -0.2736 0.9493 0.1550
vn -0.2558 0.9564 0.1411
vn -0.2609 0.9545 0.1442
vn -0.2516 0.9583 0.1353
vn -0.2508 0.9586 0.1348
vn -0.2620 0.9531 0.1514
vn -0.2627 0.9530 0.1507
vn -0.4755 0.8684 -0.1404
vn -0.4746 0.8687 -0.1420
vn -0.4798 0.8662 -0.1399
vn -0.4823 0.8656 -0.1344
vn -0.4693 0.8699 -0.1517
vn -0.4718 0.8690 -0.1490
vn 0.0543 0.9105 0.4098
vn 0.0354 0.9028 0.4285
vn 0.0356 0.9028 0.4286
vn 0.0153 0.8948 0.4461
vn 0.0153 0.8948 0.4462
vn 0.0153 0.8949 0.4461
vn -0.0053 0.8866 0.4626
vn -0.6307 0.6351 -0.4460
vn -0.6301 0.6356 -0.4462
vn -0.6308 0.6346 -0.4465
vn -0.6308 0.6349 -0.4460
vn -0.6505 0.6271 -0.4286
vn -0.6505 0.6269 -0.4287
vn -0.6506 0.6270 -0.4285
vn -0.6696 0.6195 -0.4097
vn -0.4874 0.8633 -0.1306
vn -0.4877 0.8632 -0.1307
vn -0.2445 0.9611 0.1288
vn -0.2472 0.9599 0.1324
vn -0.2308 0.9659 0.1178
vn -0.2335 0.9649 0.1206
vn -0.2296 0.9672 0.1086
vn -0.2288 0.9673 0.1091
vn -0.2370 0.9630 0.1282
vn -0.2354 0.9637 0.1259
vn -0.4979 0.8594 -0.1158
vn -0.5032 0.8558 -0.1201
vn -0.5030 0.8571 -0.1110
vn -0.5060 0.8558 -0.1079
vn -0.4923 0.8613 -0.1256
vn -0.4951 0.8602 -0.1220
vn 0.1070 0.9314 0.3478
vn 0.1061 0.9314 0.3481
vn 0.0723 0.9178 0.3904
vn 0.0725 0.9179 0.3901
vn -0.6879 0.6121 -0.3901
vn -0.6878 0.6121 -0.3901
vn -0.6879 0.6121 -0.3900
vn -0.7048 0.6053 -0.3699
vn -0.7047 0.6055 -0.3699
vn -0.7048 0.6054 -0.3699
vn -0.7049 0.6053 -0.3699
vn -0.7368 0.5923 -0.3259
vn -0.7369 0.5923 -0.3259
vn -0.5076 0.8555 -0.1021
vn -0.5067 0.8558 -0.1039
vn -0.2239 0.9694 0.1010
vn -0.2251 0.9687 0.1048
vn -0.2127 0.9734 0.0847
vn -0.2117 0.9734 0.0873
vn -0.2069 0.9750 0.0813
vn -0.2076 0.9749 0.0802
vn -0.2152 0.9718 0.0967
vn -0.2163 0.9716 0.0964
vn -0.5180 0.8512 -0.0848
vn -0.5180 0.8510 -0.0858
vn -0.5228 0.8485 -0.0823
vn -0.5247 0.8476 -0.0790
vn -0.5122 0.8533 -0.0977
vn -0.5140 0.8528 -0.0928
vn 0.1615 0.9536 0.2542
vn 0.1612 0.9536 0.2544
vn 0.1493 0.9486 0.2789
vn 0.1359 0.9433 0.3029
vn 0.1359 0.9433 0.3027
vn -0.7511 0.5867 -0.3027
vn -0.7513 0.5865 -0.3027
vn -0.7644 0.5813 -0.2789
vn -0.7766 0.5764 -0.2544
vn -0.7876 0.5720 -0.2294
vn -0.7875 0.5720 -0.2293
vn -0.5247 0.8485 -0.0685
vn -0.5250 0.8483 -0.0694
vn -0.2082 0.9756 0.0694
vn -0.2092 0.9751 0.0734
vn -0.2021 0.9780 0.0517
vn -0.2032 0.9776 0.0553
vn -0.2010 0.9786 0.0443
vn -0.2011 0.9786 0.0443
vn -0.2057 0.9766 0.0621
vn -0.2057 0.9766 0.0622
vn -0.5292 0.8467 -0.0551
vn -0.5305 0.8457 -0.0573
vn -0.5322 0.8453 -0.0470
vn -0.5332 0.8449 -0.0427
vn -0.5266 0.8477 -0.0645
vn -0.5292 0.8464 -0.0590
vn 0.2046 0.9710 0.1240
vn 0.1982 0.9685 0.1509
vn 0.1908 0.9655 0.1775
vn 0.1821 0.9620 0.2036
vn -0.7974 0.5682 -0.2035
vn -0.7974 0.5681 -0.2036
vn -0.7974 0.5680 -0.2036
vn -0.8061 0.5646 -0.1775
vn -0.8136 0.5616 -0.1509
vn -0.8135 0.5616 -0.1509
vn -0.5327 0.8456 -0.0348
vn -0.5343 0.8444 -0.0394
vn -0.1983 0.9796 0.0333
vn -0.1994 0.9792 0.0384
vn -0.1925 0.9812 0.0163
vn -0.1932 0.9809 0.0212
vn -0.1915 0.9814 0.0089
vn -0.1956 0.9803 0.0273
vn -0.1955 0.9804 0.0232
vn -0.5400 0.8414 -0.0206
vn -0.5396 0.8417 -0.0207
vn -0.5382 0.8427 -0.0131
vn -0.5376 0.8432 -0.0055
vn -0.5387 0.8420 -0.0299
vn -0.5392 0.8418 -0.0252
vn 0.2172 0.9760 0.0139
vn 0.2170 0.9761 0.0140
vn 0.2160 0.9755 0.0415
vn 0.2159 0.9755 0.0413
vn 0.2135 0.9745 0.0692
vn 0.2137 0.9744 0.0692
vn 0.2135 0.9745 0.0691
vn 0.2096 0.9730 0.0966
vn 0.2096 0.9730 0.0968
vn 0.2095 0.9730 0.0967
vn -0.8249 0.5570 -0.0967
vn -0.8310 0.5548 -0.0418
vn -0.8312 0.5544 -0.0417
vn -0.8324 0.5539 -0.0139
vn -0.8324 0.5540 -0.0139
vn -0.5364 0.8440 -0.0000
vn -0.5364 0.8439 -0.0000
vn -0.1920 0.9814 -0.0028
vn -0.1920 0.9814 0.0029
vn -0.1930 0.9810 -0.0209
vn -0.1929 0.9811 -0.0159
vn -0.1970 0.9799 -0.0311
vn -0.1967 0.9800 -0.0306
vn -0.1915 0.9815 -0.0090
vn -0.1915 0.9815 -0.0091
vn -0.5399 0.8415 0.0207
vn -0.5394 0.8418 0.0207
vn -0.5392 0.8418 0.0252
vn -0.5387 0.8420 0.0298
vn -0.5376 0.8432 0.0054
vn -0.5382 0.8427 0.0131
vn 0.2095 0.9730 -0.0967
vn 0.2095 0.9730 -0.0966
vn 0.2096 0.9730 -0.0968
vn 0.2135 0.9745 -0.0693
vn 0.2134 0.9745 -0.0692
vn 0.2135 0.9745 -0.0692
vn 0.2160 0.9755 -0.0415
vn 0.2159 0.9755 -0.0414
vn 0.2171 0.9761 -0.0140
vn 0.2172 0.9760 -0.0139
vn 0.2171 0.9760 -0.0140
vn 0.2170 0.9761 -0.0140
vn -0.8324 0.5539 0.0139
vn -0.8312 0.5545 0.0416
vn -0.8312 0.5544 0.0416
vn -0.8286 0.5555 0.0693
vn -0.8287 0.5555 0.0692
vn -0.8249 0.5570 0.0968
vn -0.8249 0.5570 0.0967
vn -0.5328 0.8455 0.0346
vn -0.5337 0.8448 0.0390
vn -0.1996 0.9791 -0.0378
vn -0.1982 0.9796 -0.0332
vn -0.2032 0.9776 -0.0555
vn -0.2022 0.9780 -0.0518
vn -0.2057 0.9767 -0.0620
vn -0.2056 0.9767 -0.0620
vn -0.2009 0.9786 -0.0442
vn -0.2009 0.9786 -0.0440
vn -0.5293 0.8467 0.0550
vn -0.5299 0.8462 0.0567
vn -0.5292 0.8464 0.0591
vn -0.5266 0.8477 0.0644
vn -0.5332 0.8449 0.0427
vn -0.5323 0.8452 0.0471
vn 0.1821 0.9620 -0.2036
vn 0.1983 0.9685 -0.1509
vn 0.1982 0.9685 -0.1509
vn 0.2045 0.9710 -0.1240
vn -0.8136 0.5614 0.1510
vn -0.8062 0.5645 0.1775
vn -0.8062 0.5644 0.1774
vn -0.7972 0.5684 0.2035
vn -0.7974 0.5680 0.2036
vn -0.7974 0.5681 0.2036
vn -0.7974 0.5679 0.2038
vn -0.5250 0.8484 0.0684
vn -0.5251 0.8482 0.0694
vn -0.2094 0.9751 -0.0735
vn -0.2079 0.9757 -0.0685
vn -0.2168 0.9718 -0.0922
vn -0.2129 0.9735 -0.0839
vn -0.2159 0.9715 -0.0976
vn -0.2169 0.9714 -0.0969
vn -0.2080 0.9746 -0.0827
vn -0.2082 0.9747 -0.0815
vn -0.5181 0.8511 0.0844
vn -0.5181 0.8511 0.0853
vn -0.5138 0.8528 0.0929
vn -0.5123 0.8532 0.0978
vn -0.5248 0.8476 0.0789
vn -0.5228 0.8485 0.0822
vn 0.1358 0.9434 -0.3027
vn 0.1359 0.9434 -0.3027
vn 0.1492 0.9487 -0.2788
vn 0.1492 0.9487 -0.2789
vn 0.1491 0.9487 -0.2788
vn 0.1613 0.9535 -0.2544
vn 0.1721 0.9580 -0.2293
vn -0.7876 0.5719 0.2294
vn -0.7765 0.5764 0.2545
vn -0.7512 0.5866 0.3026
vn -0.7512 0.5865 0.3027
vn -0.5075 0.8556 0.1020
vn -0.5067 0.8558 0.1039
vn -0.2254 0.9687 -0.1041
vn -0.2234 0.9695 -0.1004
vn -0.2327 0.9651 -0.1202
vn -0.2307 0.9660 -0.1171
vn -0.2398 0.9623 -0.1281
vn -0.2402 0.9624 -0.1272
vn -0.2306 0.9669 -0.1091
vn -0.2302 0.9669 -0.1103
vn -0.4985 0.8593 0.1144
vn -0.5025 0.8562 0.1199
vn -0.4955 0.8600 0.1217
vn -0.4921 0.8615 0.1256
vn -0.5061 0.8557 0.1079
vn -0.5030 0.8572 0.1108
vn 0.0727 0.9179 -0.3902
vn 0.0726 0.9179 -0.3900
vn 0.0727 0.9179 -0.3901
vn 0.1062 0.9314 -0.3481
vn -0.7364 0.5929 0.3260
vn -0.7369 0.5923 0.3258
vn -0.7369 0.5924 0.3258
vn -0.7214 0.5987 0.3480
vn -0.7214 0.5985 0.3484
vn -0.7052 0.6051 0.3696
vn -0.7053 0.6050 0.3695
vn -0.7052 0.6050 0.3696
vn -0.4874 0.8633 0.1306
vn -0.4878 0.8631 0.1307
vn -0.2470 0.9600 -0.1317
vn -0.2439 0.9612 -0.1288
vn -0.2601 0.9547 -0.1446
vn -0.2572 0.9560 -0.1414
vn -0.2619 0.9531 -0.1517
vn -0.2626 0.9530 -0.1508
vn -0.2518 0.9582 -0.1358
vn -0.2519 0.9582 -0.1355
vn -0.4755 0.8684 0.1404
vn -0.4747 0.8686 0.1421
vn -0.4719 0.8690 0.1490
vn -0.4693 0.8699 0.1518
vn -0.4823 0.8656 0.1344
vn -0.4798 0.8662 0.1399
vn 0.0153 0.8948 -0.4462
vn 0.0350 0.9029 -0.4285
vn 0.0352 0.9029 -0.4285
vn 0.0351 0.9029 -0.4285
vn 0.0543 0.9105 -0.4098
vn 0.0542 0.9105 -0.4100
vn 0.0543 0.9106 -0.4098
vn -0.6696 0.6195 0.4097
vn -0.6504 0.6272 0.4285
vn -0.6505 0.6271 0.4284
vn -0.6504 0.6272 0.4286
vn -0.6098 0.6435 0.4627
vn -0.4607 0.8743 0.1532
vn -0.4612 0.8739 0.1537
vn -0.2727 0.9498 -0.1535
vn -0.2687 0.9511 -0.1522
vn -0.2861 0.9437 -0.1664
vn -0.2827 0.9449 -0.1648
vn -0.2914 0.9413 -0.1706
vn -0.2922 0.9411 -0.1702
vn -0.2797 0.9463 -0.1623
vn -0.2799 0.9463 -0.1615
vn -0.4487 0.8782 0.1658
vn -0.4484 0.8784 0.1656
vn -0.4423 0.8809 0.1686
vn -0.4392 0.8821 0.1702
vn -0.4573 0.8753 0.1573
vn -0.4517 0.8779 0.1590
vn -0.0949 0.8506 -0.5172
vn -0.0949 0.8505 -0.5173
vn -0.0717 0.8599 -0.5054
vn -0.0489 0.8691 -0.4923
vn -0.0490 0.8691 -0.4921
vn -0.0489 0.8690 -0.4923
vn -0.0268 0.8778 -0.4782
vn -0.5886 0.6520 0.4780
vn -0.5887 0.6519 0.4780
vn -0.5885 0.6520 0.4780
vn -0.5664 0.6609 0.4924
vn -0.5665 0.6610 0.4921
vn -0.5666 0.6611 0.4918
vn -0.5439 0.6699 0.5053
vn -0.5438 0.6700 0.5053
vn -0.5204 0.6792 0.5175
vn -0.4337 0.8840 0.1746
vn -0.4311 0.8850 0.1759
vn -0.3024 0.9377 -0.1711
vn -0.2989 0.9390 -0.1701
vn -0.3173 0.9311 -0.1802
vn -0.3141 0.9324 -0.1785
vn -0.3210 0.9294 -0.1821
vn -0.3255 0.9288 -0.1772
vn -0.3081 0.9345 -0.1782
vn -0.3087 0.9345 -0.1774
vn -0.4169 0.8907 0.1812
vn -0.4175 0.8905 0.1807
vn -0.4079 0.8954 0.1787
vn -0.4057 0.8960 0.1809
vn -0.4275 0.8868 0.1754
vn -0.4239 0.8881 0.1777
vn -0.1927 0.8112 -0.5522
vn -0.1927 0.8112 -0.5521
vn -0.1926 0.8112 -0.5522
vn -0.4968 0.6891 0.5276
vn -0.4965 0.6890 0.5280
vn -0.4723 0.6988 0.5372
vn -0.4477 0.7087 0.5453
vn -0.4477 0.7086 0.5453
vn -0.4477 0.7087 0.5452
vn -0.4232 0.7182 0.5523
vn -0.4227 0.7187 0.5520
vn -0.4025 0.8965 0.1850
vn -0.4010 0.8972 0.1849
vn -0.3364 0.9236 -0.1838
vn -0.3290 0.9261 -0.1848
vn -0.3522 0.9177 -0.1838
vn -0.3479 0.9195 -0.1832
vn -0.3599 0.9148 -0.1835
vn -0.3605 0.9145 -0.1836
vn -0.3420 0.9220 -0.1815
vn -0.3415 0.9221 -0.1817
vn -0.3820 0.9059 0.1831
vn -0.3820 0.9058 0.1834
vn -0.3784 0.9067 0.1862
vn -0.3771 0.9069 0.1881
vn -0.3946 0.9006 0.1823
vn -0.3903 0.9025 0.1824
vn -0.2947 0.7701 -0.5657
vn -0.2946 0.7702 -0.5658
vn -0.2946 0.7702 -0.5657
vn -0.2947 0.7702 -0.5657
vn -0.2691 0.7805 -0.5643
vn -0.3974 0.7288 0.5576
vn -0.3974 0.7289 0.5576
vn -0.3973 0.7288 0.5576
vn -0.3720 0.7391 0.5616
vn -0.3719 0.7391 0.5616
vn -0.3463 0.7494 0.5643
vn -0.3463 0.7495 0.5643
vn -0.8265 -0.4975 0.2635
vn -0.8265 -0.4975 0.2634
vn -0.8265 -0.4975 0.2636
vn -0.8265 -0.4975 0.2637
vn -0.8134 -0.4923 0.3099
vn -0.8134 -0.4924 0.3098
vn -0.8134 -0.4921 0.3101
vn -0.9408 -0.2132 0.2635
vn -0.9408 -0.2132 0.2636
vn -0.9408 -0.2132 0.2637
vn -0.9278 -0.2078 0.3098
vn -0.9277 -0.2081 0.3101
vn -0.9278 -0.2078 0.3100
vn -0.9278 -0.2079 0.3099
vn -0.6067 -0.7716 0.1910
vn -0.6068 -0.7716 0.1910
vn -0.6068 -0.7716 0.1911
vn -0.6067 -0.7717 0.1910
vn -0.5970 -0.7678 0.2326
vn -0.5971 -0.7676 0.2327
vn -0.5856 -0.7631 0.2735
vn -0.5856 -0.7630 0.2736
vn -0.5856 -0.7631 0.2736
vn -0.5722 -0.7578 0.3137
vn -0.5722 -0.7577 0.3138
vn -0.5723 -0.7576 0.3137
vn -0.7982 -0.4862 0.3556
vn -0.7983 -0.4861 0.3556
vn -0.7983 -0.4861 0.3557
vn -0.9126 -0.2018 0.3556
vn -0.9126 -0.2018 0.3555
vn -0.9375 0.1506 0.3138
vn -0.9375 0.1505 0.3137
vn -0.9375 0.1506 0.3137
vn -0.9509 0.1451 0.2735
vn -0.9509 0.1452 0.2735
vn -0.9624 0.1406 0.2326
vn -0.9623 0.1406 0.2328
vn -0.9720 0.1368 0.1911
vn -0.9720 0.1368 0.1909
vn -0.9720 0.1365 0.1910
vn -0.9517 -0.2176 0.2166
vn -0.9517 -0.2175 0.2166
vn -0.8374 -0.5019 0.2165
vn -0.8374 -0.5019 0.2166
vn 0.1246 -0.1153 -0.9855
vn 0.1247 -0.1151 -0.9855
vn 0.1694 -0.0970 -0.9808
vn 0.1694 -0.0967 -0.9808
vn 0.0103 0.1694 -0.9855
vn 0.0104 0.1693 -0.9855
vn 0.0103 0.1693 -0.9855
vn 0.0550 0.1872 -0.9808
vn 0.0550 0.1871 -0.9808
vn 0.2026 -0.4462 -0.8717
vn 0.2025 -0.4463 -0.8717
vn 0.2025 -0.4462 -0.8717
vn 0.2422 -0.4303 -0.8696
vn 0.2816 -0.4143 -0.8655
vn 0.3209 -0.3986 -0.8592
vn 0.3209 -0.3988 -0.8591
vn 0.3209 -0.3986 -0.8591
vn 0.3209 -0.3985 -0.8592
vn 0.2139 -0.0791 -0.9736
vn 0.0996 0.2052 -0.9736
vn 0.0997 0.2052 -0.9736
vn -0.0442 0.5098 -0.8592
vn -0.0443 0.5098 -0.8592
vn -0.0444 0.5097 -0.8592
vn -0.0835 0.4941 -0.8654
vn -0.0836 0.4940 -0.8654
vn -0.1231 0.4782 -0.8696
vn -0.1231 0.4781 -0.8696
vn -0.1232 0.4781 -0.8696
vn -0.1627 0.4623 -0.8716
vn -0.1628 0.4622 -0.8717
vn -0.1627 0.4624 -0.8716
vn -0.1626 0.4627 -0.8715
vn -0.0346 0.1512 -0.9879
vn 0.0798 -0.1331 -0.9879
vn -0.7618 -0.4714 -0.4444
vn -0.7618 -0.4714 -0.4443
vn -0.7617 -0.4714 -0.4445
vn -0.7406 -0.4629 -0.4871
vn -0.7404 -0.4628 -0.4875
vn -0.7405 -0.4630 -0.4871
vn -0.8761 -0.1871 -0.4444
vn -0.8761 -0.1872 -0.4443
vn -0.8761 -0.1870 -0.4444
vn -0.8549 -0.1786 -0.4871
vn -0.8549 -0.1787 -0.4871
vn -0.8549 -0.1789 -0.4870
vn -0.5570 -0.7516 -0.3534
vn -0.5570 -0.7516 -0.3533
vn -0.5401 -0.7448 -0.3920
vn -0.5400 -0.7448 -0.3921
vn -0.5399 -0.7449 -0.3920
vn -0.5212 -0.7373 -0.4298
vn -0.5213 -0.7373 -0.4298
vn -0.5008 -0.7290 -0.4665
vn -0.5009 -0.7290 -0.4665
vn -0.5009 -0.7289 -0.4666
vn -0.7174 -0.4537 -0.5286
vn -0.7175 -0.4537 -0.5286
vn -0.8319 -0.1693 -0.5285
vn -0.8318 -0.1693 -0.5286
vn -0.8319 -0.1694 -0.5285
vn -0.8319 -0.1692 -0.5286
vn -0.8662 0.1793 -0.4665
vn -0.8661 0.1794 -0.4666
vn -0.8865 0.1712 -0.4298
vn -0.8866 0.1711 -0.4298
vn -0.8865 0.1711 -0.4298
vn -0.9053 0.1635 -0.3920
vn -0.9054 0.1635 -0.3917
vn -0.9053 0.1637 -0.3920
vn -0.9053 0.1635 -0.3921
vn -0.9223 0.1568 -0.3533
vn -0.9223 0.1569 -0.3533
vn -0.9223 0.1569 -0.3532
vn -0.8954 -0.1949 -0.4004
vn -0.8954 -0.1949 -0.4005
vn -0.8954 -0.1948 -0.4003
vn -0.7810 -0.4792 -0.4004
vn -0.7810 -0.4792 -0.4005
vn -0.7617 -0.4717 0.4443
vn -0.7617 -0.4715 0.4443
vn -0.7614 -0.4722 0.4442
vn -0.7617 -0.4716 0.4443
vn -0.7405 -0.4630 0.4871
vn -0.7406 -0.4629 0.4870
vn -0.7406 -0.4629 0.4871
vn -0.8761 -0.1871 0.4443
vn -0.8761 -0.1873 0.4443
vn -0.8761 -0.1872 0.4443
vn -0.8762 -0.1869 0.4443
vn -0.8549 -0.1786 0.4871
vn -0.8549 -0.1787 0.4870
vn -0.5569 -0.7516 0.3534
vn -0.5569 -0.7517 0.3534
vn -0.5400 -0.7447 0.3921
vn -0.5400 -0.7448 0.3921
vn -0.5212 -0.7374 0.4297
vn -0.5214 -0.7372 0.4297
vn -0.5213 -0.7373 0.4296
vn -0.5212 -0.7374 0.4298
vn -0.5008 -0.7291 0.4665
vn -0.5007 -0.7291 0.4665
vn -0.7175 -0.4535 0.5287
vn -0.7174 -0.4538 0.5286
vn -0.7175 -0.4536 0.5286
vn -0.7175 -0.4537 0.5286
vn -0.8318 -0.1694 0.5286
vn -0.8661 0.1793 0.4665
vn -0.8662 0.1793 0.4665
vn -0.8661 0.1793 0.4666
vn -0.8866 0.1711 0.4298
vn -0.8866 0.1712 0.4297
vn -0.9053 0.1635 0.3921
vn -0.9053 0.1636 0.3921
vn -0.9222 0.1567 0.3534
vn -0.9222 0.1566 0.3535
vn -0.9222 0.1566 0.3534
vn -0.8953 -0.1949 0.4005
vn -0.8953 -0.1949 0.4006
vn -0.7810 -0.4792 0.4005
vn -0.7810 -0.4792 0.4006
vn 0.1247 -0.1150 0.9855
vn 0.1247 -0.1151 0.9855
vn 0.1694 -0.0970 0.9808
vn 0.1697 -0.0966 0.9807
vn 0.0103 0.1693 0.9855
vn 0.0104 0.1692 0.9855
vn 0.0105 0.1692 0.9855
vn 0.0552 0.1872 0.9808
vn 0.0551 0.1872 0.9808
vn 0.2025 -0.4462 0.8717
vn 0.2422 -0.4303 0.8696
vn 0.2819 -0.4147 0.8652
vn 0.2817 -0.4142 0.8655
vn 0.2817 -0.4143 0.8654
vn 0.2816 -0.4143 0.8654
vn 0.3208 -0.3988 0.8591
vn 0.3210 -0.3986 0.8591
vn 0.3209 -0.3985 0.8592
vn 0.2140 -0.0791 0.9736
vn 0.2139 -0.0791 0.9736
vn 0.0996 0.2052 0.9736
vn 0.0995 0.2052 0.9736
vn -0.0444 0.5098 0.8591
vn -0.0444 0.5098 0.8592
vn -0.0443 0.5097 0.8592
vn -0.0836 0.4941 0.8654
vn -0.0835 0.4940 0.8654
vn -0.0835 0.4941 0.8654
vn -0.0836 0.4940 0.8654
vn -0.1231 0.4781 0.8696
vn -0.1231 0.4782 0.8696
vn -0.1629 0.4622 0.8717
vn -0.1628 0.4622 0.8717
vn -0.1630 0.4622 0.8717
vn -0.1631 0.4621 0.8717
vn -0.0349 0.1512 0.9879
vn -0.0347 0.1511 0.9879
vn -0.0347 0.1512 0.9879
vn 0.0798 -0.1331 0.9879
vn 0.0800 -0.1335 0.9878
vn 0.0798 -0.1330 0.9879
vn -0.8264 -0.4975 -0.2636
vn -0.8134 -0.4922 -0.3099
vn -0.8134 -0.4923 -0.3099
vn -0.9407 -0.2133 -0.2636
vn -0.9407 -0.2133 -0.2637
vn -0.9408 -0.2132 -0.2636
vn -0.9277 -0.2079 -0.3100
vn -0.9277 -0.2079 -0.3101
vn -0.6067 -0.7716 -0.1911
vn -0.6067 -0.7716 -0.1912
vn -0.6068 -0.7715 -0.1912
vn -0.5970 -0.7678 -0.2326
vn -0.5971 -0.7677 -0.2326
vn -0.5855 -0.7631 -0.2735
vn -0.5722 -0.7577 -0.3138
vn -0.7982 -0.4862 -0.3557
vn -0.7983 -0.4861 -0.3556
vn -0.7983 -0.4861 -0.3555
vn -0.9126 -0.2020 -0.3556
vn -0.9126 -0.2018 -0.3556
vn -0.9124 -0.2018 -0.3560
vn -0.9126 -0.2020 -0.3555
vn -0.9375 0.1506 -0.3138
vn -0.9375 0.1507 -0.3138
vn -0.9508 0.1452 -0.2735
vn -0.9509 0.1452 -0.2735
vn -0.9624 0.1404 -0.2326
vn -0.9624 0.1406 -0.2326
vn -0.9624 0.1405 -0.2326
vn -0.9720 0.1367 -0.1911
vn -0.9720 0.1368 -0.1911
vn -0.9720 0.1369 -0.1911
vn -0.9720 0.1366 -0.1912
vn -0.9517 -0.2176 -0.2166
vn -0.9517 -0.2176 -0.2167
vn -0.8374 -0.5019 -0.2166
vn -0.8373 -0.5020 -0.2165
vn -0.8374 -0.5019 -0.2165
vn -0.6656 -0.4328 0.6080
vn -0.6655 -0.4328 0.6080
vn -0.6656 -0.4329 0.6080
vn -0.6371 -0.4213 0.6454
vn -0.7799 -0.1485 0.6080
vn -0.7514 -0.1372 0.6454
vn -0.7514 -0.1370 0.6454
vn -0.7514 -0.1371 0.6454
vn -0.4788 -0.7202 0.5021
vn -0.4788 -0.7201 0.5021
vn -0.4787 -0.7202 0.5021
vn -0.4551 -0.7107 0.5365
vn -0.4551 -0.7106 0.5365
vn -0.4300 -0.7006 0.5695
vn -0.4300 -0.7005 0.5695
vn -0.4033 -0.6898 0.6012
vn -0.4033 -0.6898 0.6013
vn -0.6069 -0.4091 0.6814
vn -0.6069 -0.4092 0.6814
vn -0.7212 -0.1249 0.6814
vn -0.7685 0.2186 0.6013
vn -0.7685 0.2188 0.6013
vn -0.7686 0.2186 0.6013
vn -0.7685 0.2186 0.6014
vn -0.7953 0.2078 0.5694
vn -0.7954 0.2078 0.5693
vn -0.7953 0.2079 0.5694
vn -0.7953 0.2079 0.5695
vn -0.8204 0.1978 0.5365
vn -0.8204 0.1976 0.5366
vn -0.8203 0.1977 0.5367
vn -0.8204 0.1977 0.5365
vn -0.8441 0.1882 0.5021
vn -0.8441 0.1883 0.5020
vn -0.8440 0.1884 0.5021
vn -0.8440 0.1881 0.5022
vn -0.8068 -0.1593 0.5690
vn -0.8068 -0.1594 0.5690
vn -0.8067 -0.1593 0.5690
vn -0.6924 -0.4436 0.5690
vn -0.6924 -0.4437 0.5690
vn -0.6924 -0.4438 0.5689
vn 0.3017 -0.0438 0.9524
vn 0.3447 -0.0265 0.9383
vn 0.3448 -0.0265 0.9383
vn 0.1873 0.2406 0.9524
vn 0.1874 0.2406 0.9524
vn 0.1874 0.2405 0.9524
vn 0.2305 0.2579 0.9383
vn 0.2306 0.2580 0.9382
vn 0.2304 0.2579 0.9383
vn 0.2304 0.2578 0.9383
vn 0.3600 -0.3828 0.8508
vn 0.3599 -0.3828 0.8508
vn 0.3985 -0.3674 0.8404
vn 0.3984 -0.3674 0.8404
vn 0.4370 -0.3522 0.8277
vn 0.4370 -0.3521 0.8277
vn 0.4370 -0.3522 0.8276
vn 0.4370 -0.3523 0.8276
vn 0.4740 -0.3370 0.8135
vn 0.4737 -0.3371 0.8136
vn 0.4741 -0.3370 0.8134
vn 0.4738 -0.3370 0.8136
vn 0.3871 -0.0095 0.9220
vn 0.3871 -0.0094 0.9220
vn 0.3865 -0.0095 0.9222
vn 0.2727 0.2749 0.9220
vn 0.1085 0.5712 0.8136
vn 0.1086 0.5712 0.8136
vn 0.1085 0.5713 0.8136
vn 0.0712 0.5562 0.8280
vn 0.0714 0.5561 0.8281
vn 0.0712 0.5561 0.8280
vn 0.0332 0.5410 0.8404
vn 0.0332 0.5409 0.8404
vn -0.0054 0.5255 0.8508
vn -0.0052 0.5255 0.8508
vn 0.1438 0.2230 0.9642
vn 0.2582 -0.0614 0.9641
vn 0.2581 -0.0614 0.9642
vn 0.2582 -0.0614 0.9642
vn -0.8572 -0.5099 -0.0726
vn -0.8572 -0.5099 -0.0727
vn -0.8571 -0.5100 -0.0725
vn -0.8572 -0.5098 -0.0727
vn -0.8527 -0.5082 -0.1209
vn -0.8527 -0.5081 -0.1209
vn -0.8527 -0.5083 -0.1209
vn -0.9715 -0.2256 -0.0727
vn -0.9714 -0.2260 -0.0727
vn -0.9671 -0.2238 -0.1209
vn -0.6261 -0.7794 -0.0214
vn -0.6262 -0.7794 -0.0215
vn -0.6241 -0.7787 -0.0641
vn -0.6240 -0.7788 -0.0641
vn -0.6242 -0.7787 -0.0641
vn -0.6242 -0.7786 -0.0642
vn -0.6203 -0.7770 -0.1068
vn -0.6203 -0.7771 -0.1067
vn -0.6145 -0.7747 -0.1490
vn -0.6139 -0.7751 -0.1493
vn -0.8462 -0.5055 -0.1689
vn -0.8462 -0.5054 -0.1689
vn -0.9603 -0.2220 -0.1691
vn -0.9604 -0.2214 -0.1690
vn -0.9604 -0.2218 -0.1689
vn -0.9605 -0.2213 -0.1686
vn -0.9798 0.1337 -0.1490
vn -0.9798 0.1336 -0.1490
vn -0.9856 0.1312 -0.1068
vn -0.9856 0.1312 -0.1067
vn -0.9895 0.1297 -0.0640
vn -0.9895 0.1297 -0.0642
vn -0.9914 0.1289 -0.0214
vn -0.9737 -0.2265 -0.0242
vn -0.9737 -0.2265 -0.0243
vn -0.9737 -0.2264 -0.0243
vn -0.8593 -0.5108 -0.0244
vn -0.8594 -0.5108 -0.0243
vn -0.8594 -0.5108 -0.0244
vn -0.5416 -0.3830 0.7483
vn -0.5414 -0.3831 0.7484
vn -0.5412 -0.3829 0.7487
vn -0.5418 -0.3831 0.7481
vn -0.5069 -0.3690 0.7790
vn -0.5067 -0.3692 0.7791
vn -0.5069 -0.3691 0.7790
vn -0.5067 -0.3691 0.7791
vn -0.6559 -0.0987 0.7483
vn -0.6560 -0.0986 0.7483
vn -0.6559 -0.0988 0.7483
vn -0.6559 -0.0987 0.7484
vn -0.6213 -0.0847 0.7790
vn -0.6213 -0.0846 0.7790
vn -0.3752 -0.6785 0.6315
vn -0.3752 -0.6785 0.6316
vn -0.3458 -0.6667 0.6602
vn -0.3458 -0.6666 0.6604
vn -0.3458 -0.6666 0.6603
vn -0.3458 -0.6664 0.6605
vn -0.3151 -0.6543 0.6874
vn -0.3152 -0.6542 0.6875
vn -0.3151 -0.6544 0.6874
vn -0.2832 -0.6415 0.7129
vn -0.2832 -0.6414 0.7130
vn -0.4707 -0.3545 0.8079
vn -0.4707 -0.3546 0.8079
vn -0.4708 -0.3545 0.8079
vn -0.5852 -0.0702 0.8078
vn -0.5851 -0.0702 0.8079
vn -0.5852 -0.0703 0.8079
vn -0.5851 -0.0703 0.8079
vn -0.6485 0.2668 0.7129
vn -0.6486 0.2669 0.7128
vn -0.6804 0.2540 0.6874
vn -0.6804 0.2539 0.6875
vn -0.7111 0.2417 0.6603
vn -0.7110 0.2417 0.6603
vn -0.7405 0.2298 0.6316
vn -0.7405 0.2297 0.6316
vn -0.6894 -0.1121 0.7157
vn -0.6894 -0.1121 0.7156
vn -0.5750 -0.3964 0.7157
vn 0.4694 0.0236 0.8827
vn 0.4694 0.0237 0.8827
vn 0.5090 0.0395 0.8598
vn 0.5091 0.0396 0.8598
vn 0.5091 0.0395 0.8598
vn 0.3551 0.3080 0.8826
vn 0.3551 0.3080 0.8827
vn 0.3551 0.3078 0.8827
vn 0.3550 0.3078 0.8827
vn 0.3947 0.3237 0.8599
vn 0.3947 0.3239 0.8598
vn 0.5105 -0.3223 0.7972
vn 0.5103 -0.3224 0.7973
vn 0.5467 -0.3081 0.7786
vn 0.5464 -0.3078 0.7789
vn 0.5465 -0.3078 0.7789
vn 0.5815 -0.2934 0.7587
vn 0.5813 -0.2942 0.7587
vn 0.5815 -0.2935 0.7587
vn 0.5815 -0.2937 0.7587
vn 0.6154 -0.2802 0.7368
vn 0.6155 -0.2802 0.7367
vn 0.6152 -0.2801 0.7369
vn 0.5477 0.0550 0.8349
vn 0.5476 0.0551 0.8349
vn 0.4334 0.3394 0.8349
vn 0.4333 0.3394 0.8349
vn 0.2502 0.6282 0.7367
vn 0.2503 0.6283 0.7366
vn 0.2501 0.6282 0.7367
vn 0.2161 0.6145 0.7587
vn 0.2159 0.6145 0.7588
vn 0.1812 0.6005 0.7789
vn 0.1812 0.6004 0.7789
vn 0.1452 0.5860 0.7972
vn 0.3144 0.2916 0.9034
vn 0.3145 0.2915 0.9034
vn 0.4287 0.0073 0.9034
vn 0.4288 0.0072 0.9034
vn -0.8528 -0.5081 0.1209
vn -0.8527 -0.5082 0.1209
vn -0.8527 -0.5081 0.1209
vn -0.8571 -0.5100 0.0725
vn -0.8572 -0.5099 0.0726
vn -0.8572 -0.5099 0.0727
vn -0.9671 -0.2238 0.1209
vn -0.9715 -0.2255 0.0727
vn -0.9715 -0.2256 0.0727
vn -0.9716 -0.2254 0.0726
vn -0.6146 -0.7747 0.1489
vn -0.6145 -0.7747 0.1490
vn -0.6149 -0.7745 0.1487
vn -0.6203 -0.7771 0.1067
vn -0.6202 -0.7771 0.1067
vn -0.6204 -0.7770 0.1068
vn -0.6242 -0.7786 0.0642
vn -0.6261 -0.7794 0.0214
vn -0.6261 -0.7794 0.0213
vn -0.6262 -0.7794 0.0215
vn -0.8594 -0.5108 0.0243
vn -0.9737 -0.2264 0.0243
vn -0.9737 -0.2265 0.0243
vn -0.9914 0.1289 0.0214
vn -0.9914 0.1290 0.0213
vn -0.9895 0.1297 0.0642
vn -0.9895 0.1298 0.0642
vn -0.9856 0.1312 0.1067
vn -0.9856 0.1312 0.1068
vn -0.9856 0.1313 0.1067
vn -0.9798 0.1337 0.1490
vn -0.9798 0.1337 0.1489
vn -0.9605 -0.2216 0.1684
vn -0.9605 -0.2213 0.1688
vn -0.9606 -0.2210 0.1687
vn -0.9605 -0.2212 0.1689
vn -0.8462 -0.5055 0.1689
vn -0.8462 -0.5054 0.1689
vn -0.8461 -0.5055 0.1689
vn -0.3947 -0.3239 0.8598
vn -0.3947 -0.3238 0.8598
vn -0.3948 -0.3240 0.8597
vn -0.3947 -0.3238 0.8599
vn -0.3550 -0.3080 0.8827
vn -0.3550 -0.3079 0.8827
vn -0.5091 -0.0396 0.8598
vn -0.5091 -0.0400 0.8598
vn -0.5091 -0.0397 0.8598
vn -0.4694 -0.0237 0.8827
vn -0.4695 -0.0237 0.8826
vn -0.4694 -0.0236 0.8827
vn -0.2506 -0.6282 0.7366
vn -0.2503 -0.6281 0.7368
vn -0.2502 -0.6282 0.7367
vn -0.2163 -0.6148 0.7585
vn -0.2162 -0.6146 0.7586
vn -0.2161 -0.6145 0.7587
vn -0.1812 -0.6005 0.7788
vn -0.1811 -0.6004 0.7789
vn -0.1812 -0.6004 0.7789
vn -0.1811 -0.6005 0.7788
vn -0.1452 -0.5860 0.7972
vn -0.1451 -0.5861 0.7972
vn -0.1451 -0.5860 0.7972
vn -0.3144 -0.2917 0.9034
vn -0.3143 -0.2915 0.9035
vn -0.3144 -0.2916 0.9034
vn -0.4288 -0.0075 0.9034
vn -0.4287 -0.0072 0.9034
vn -0.4287 -0.0073 0.9034
vn -0.5105 0.3224 0.7972
vn -0.5104 0.3223 0.7972
vn -0.5105 0.3223 0.7972
vn -0.5464 0.3078 0.7789
vn -0.5465 0.3078 0.7789
vn -0.5814 0.2939 0.7587
vn -0.5815 0.2939 0.7586
vn -0.5816 0.2936 0.7586
vn -0.6155 0.2803 0.7366
vn -0.6155 0.2802 0.7367
vn -0.6152 0.2805 0.7368
vn -0.5477 -0.0550 0.8349
vn -0.5476 -0.0551 0.8349
vn -0.4334 -0.3394 0.8349
vn -0.4333 -0.3394 0.8349
vn -0.4334 -0.3395 0.8348
vn -0.4333 -0.3395 0.8349
vn 0.6213 0.0845 0.7790
vn 0.6214 0.0847 0.7789
vn 0.6214 0.0849 0.7789
vn 0.6560 0.0986 0.7483
vn 0.5065 0.3694 0.7791
vn 0.5068 0.3692 0.7790
vn 0.5065 0.3691 0.7792
vn 0.5065 0.3689 0.7793
vn 0.5418 0.3829 0.7483
vn 0.5415 0.3830 0.7484
vn 0.5416 0.3830 0.7483
vn 0.6482 -0.2672 0.7130
vn 0.6484 -0.2668 0.7130
vn 0.6480 -0.2669 0.7133
vn 0.6485 -0.2668 0.7129
vn 0.6804 -0.2539 0.6874
vn 0.6804 -0.2540 0.6874
vn 0.6805 -0.2542 0.6873
vn 0.7110 -0.2417 0.6603
vn 0.7111 -0.2417 0.6603
vn 0.7404 -0.2298 0.6316
vn 0.7405 -0.2298 0.6316
vn 0.7405 -0.2297 0.6316
vn 0.6893 0.1121 0.7157
vn 0.6894 0.1121 0.7157
vn 0.6895 0.1120 0.7156
vn 0.6894 0.1120 0.7157
vn 0.5750 0.3964 0.7157
vn 0.5751 0.3964 0.7156
vn 0.3753 0.6785 0.6315
vn 0.3752 0.6785 0.6316
vn 0.3752 0.6785 0.6315
vn 0.3753 0.6786 0.6314
vn 0.3456 0.6666 0.6605
vn 0.3454 0.6665 0.6607
vn 0.3457 0.6666 0.6604
vn 0.3457 0.6667 0.6603
vn 0.3151 0.6543 0.6874
vn 0.3150 0.6544 0.6875
vn 0.3151 0.6544 0.6874
vn 0.2832 0.6416 0.7129
vn 0.2832 0.6415 0.7129
vn 0.4707 0.3544 0.8080
vn 0.4705 0.3545 0.8081
vn 0.4704 0.3549 0.8079
vn 0.4708 0.3545 0.8079
vn 0.5851 0.0702 0.8079
vn 0.5852 0.0700 0.8079
vn 0.5851 0.0701 0.8079
vn -0.8134 -0.4923 0.3100
vn -0.8134 -0.4922 0.3099
vn -0.8264 -0.4975 0.2637
vn -0.8265 -0.4975 0.2633
vn -0.8264 -0.4975 0.2636
vn -0.9277 -0.2079 0.3099
vn -0.9407 -0.2135 0.2635
vn -0.9408 -0.2133 0.2635
vn -0.9408 -0.2131 0.2636
vn -0.5722 -0.7577 0.3139
vn -0.5722 -0.7577 0.3140
vn -0.5855 -0.7631 0.2735
vn -0.5855 -0.7631 0.2736
vn -0.5971 -0.7677 0.2326
vn -0.6067 -0.7716 0.1912
vn -0.6067 -0.7716 0.1911
vn -0.8373 -0.5019 0.2168
vn -0.8373 -0.5020 0.2165
vn -0.8373 -0.5019 0.2166
vn -0.9720 0.1369 0.1911
vn -0.9624 0.1405 0.2326
vn -0.9623 0.1407 0.2326
vn -0.9624 0.1404 0.2326
vn -0.9508 0.1452 0.2735
vn -0.9374 0.1507 0.3139
vn -0.7982 -0.4861 0.3557
vn -0.7982 -0.4861 0.3556
vn -0.2304 -0.2578 0.9383
vn -0.2303 -0.2577 0.9384
vn -0.1874 -0.2406 0.9524
vn -0.1874 -0.2405 0.9524
vn -0.3447 0.0265 0.9383
vn -0.3017 0.0439 0.9524
vn -0.3017 0.0438 0.9524
vn -0.3017 0.0437 0.9524
vn -0.1085 -0.5714 0.8135
vn -0.1085 -0.5712 0.8136
vn -0.1084 -0.5707 0.8140
vn -0.1085 -0.5713 0.8135
vn -0.0712 -0.5562 0.8280
vn -0.0711 -0.5562 0.8280
vn -0.0332 -0.5410 0.8404
vn -0.0332 -0.5409 0.8404
vn 0.0052 -0.5255 0.8508
vn 0.0052 -0.5254 0.8508
vn 0.0053 -0.5255 0.8508
vn 0.0054 -0.5255 0.8507
vn -0.1438 -0.2230 0.9642
vn -0.1437 -0.2229 0.9642
vn -0.2582 0.0614 0.9641
vn -0.2580 0.0614 0.9642
vn -0.2581 0.0614 0.9642
vn -0.3600 0.3829 0.8508
vn -0.3599 0.3828 0.8508
vn -0.3984 0.3673 0.8404
vn -0.3984 0.3673 0.8405
vn -0.3985 0.3674 0.8404
vn -0.3985 0.3673 0.8404
vn -0.4364 0.3521 0.8280
vn -0.4738 0.3371 0.8135
vn -0.4739 0.3370 0.8135
vn -0.4738 0.3371 0.8136
vn -0.3871 0.0096 0.9220
vn -0.3872 0.0095 0.9220
vn -0.3871 0.0095 0.9220
vn -0.2727 -0.2749 0.9220
vn -0.2727 -0.2748 0.9220
vn -0.2726 -0.2749 0.9220
vn 0.7514 0.1371 0.6454
vn 0.7514 0.1372 0.6454
vn 0.7799 0.1485 0.6080
vn 0.6371 0.4214 0.6454
vn 0.6656 0.4328 0.6080
vn 0.6656 0.4328 0.6081
vn 0.7686 -0.2185 0.6012
vn 0.7953 -0.2077 0.5695
vn 0.7953 -0.2078 0.5695
vn 0.8204 -0.1978 0.5365
vn 0.8204 -0.1977 0.5365
vn 0.8204 -0.1980 0.5364
vn 0.8204 -0.1976 0.5365
vn 0.8441 -0.1882 0.5021
vn 0.8067 0.1594 0.5691
vn 0.8067 0.1593 0.5691
vn 0.8067 0.1593 0.5690
vn 0.6924 0.4436 0.5690
vn 0.6924 0.4437 0.5690
vn 0.6930 0.4433 0.5686
vn 0.4788 0.7202 0.5021
vn 0.4790 0.7202 0.5019
vn 0.4786 0.7206 0.5016
vn 0.4551 0.7107 0.5365
vn 0.4550 0.7107 0.5365
vn 0.4300 0.7005 0.5695
vn 0.4300 0.7006 0.5695
vn 0.4033 0.6898 0.6012
vn 0.6069 0.4092 0.6814
vn 0.7212 0.1249 0.6814
vn 0.7211 0.1250 0.6814
vn -0.7618 -0.4715 0.4443
vn -0.5009 -0.7290 0.4665
vn -0.5010 -0.7290 0.4664
vn -0.5213 -0.7372 0.4298
vn -0.5213 -0.7373 0.4298
vn -0.5213 -0.7373 0.4297
vn -0.5212 -0.7373 0.4297
vn -0.5399 -0.7448 0.3921
vn -0.5571 -0.7517 0.3530
vn -0.5570 -0.7516 0.3534
vn -0.5572 -0.7515 0.3531
vn -0.7811 -0.4792 0.4003
vn -0.8954 -0.1949 0.4005
vn -0.8953 -0.1948 0.4005
vn -0.9223 0.1568 0.3534
vn -0.9222 0.1568 0.3534
vn -0.8866 0.1711 0.4297
vn -0.8660 0.1796 0.4666
vn -0.8661 0.1792 0.4666
vn -0.8660 0.1793 0.4668
vn -0.8662 0.1794 0.4665
vn -0.8316 -0.1694 0.5289
vn -0.8316 -0.1696 0.5288
vn -0.8317 -0.1694 0.5288
vn -0.8318 -0.1694 0.5287
vn -0.7174 -0.4535 0.5288
vn -0.7174 -0.4537 0.5286
vn -0.7174 -0.4536 0.5287
vn -0.7172 -0.4534 0.5291
vn -0.0550 -0.1873 0.9808
vn -0.0549 -0.1873 0.9808
vn -0.0551 -0.1872 0.9808
vn -0.0103 -0.1693 0.9855
vn -0.1692 0.0972 0.9808
vn -0.1694 0.0971 0.9808
vn -0.1693 0.0972 0.9808
vn -0.1247 0.1150 0.9855
vn -0.1248 0.1149 0.9855
vn 0.0443 -0.5097 0.8592
vn 0.0444 -0.5098 0.8592
vn 0.0446 -0.5097 0.8592
vn 0.0445 -0.5096 0.8593
vn 0.0835 -0.4938 0.8656
vn 0.0835 -0.4937 0.8656
vn 0.1231 -0.4781 0.8696
vn 0.1628 -0.4622 0.8717
vn 0.1628 -0.4621 0.8717
vn 0.0346 -0.1512 0.9879
vn 0.0347 -0.1513 0.9879
vn 0.0347 -0.1512 0.9879
vn -0.0798 0.1332 0.9879
vn -0.0797 0.1331 0.9879
vn -0.0796 0.1332 0.9879
vn -0.0798 0.1331 0.9879
vn -0.2025 0.4462 0.8717
vn -0.2422 0.4303 0.8696
vn -0.2423 0.4302 0.8696
vn -0.2819 0.4142 0.8654
vn -0.2817 0.4144 0.8654
vn -0.2817 0.4143 0.8654
vn -0.2816 0.4144 0.8654
vn -0.3209 0.3985 0.8592
vn -0.3209 0.3986 0.8592
vn -0.2139 0.0791 0.9736
vn -0.2140 0.0791 0.9736
vn -0.0996 -0.2052 0.9736
vn -0.0995 -0.2052 0.9736
vn 0.8549 0.1784 0.4872
vn 0.8549 0.1785 0.4871
vn 0.8549 0.1787 0.4871
vn 0.8549 0.1786 0.4871
vn 0.8761 0.1871 0.4443
vn 0.8762 0.1870 0.4443
vn 0.8761 0.1872 0.4443
vn 0.7406 0.4630 0.4870
vn 0.7406 0.4631 0.4869
vn 0.7406 0.4629 0.4870
vn 0.7618 0.4715 0.4443
vn 0.7616 0.4718 0.4443
vn 0.8662 -0.1793 0.4665
vn 0.8866 -0.1712 0.4297
vn 0.8866 -0.1712 0.4298
vn 0.9053 -0.1635 0.3921
vn 0.9053 -0.1636 0.3921
vn 0.9222 -0.1568 0.3534
vn 0.8953 0.1948 0.4005
vn 0.8953 0.1949 0.4005
vn 0.7810 0.4792 0.4005
vn 0.7810 0.4793 0.4005
vn 0.5571 0.7515 0.3534
vn 0.5570 0.7516 0.3534
vn 0.5570 0.7515 0.3534
vn 0.5400 0.7448 0.3921
vn 0.5213 0.7372 0.4299
vn 0.5213 0.7372 0.4298
vn 0.5009 0.7290 0.4665
vn 0.5009 0.7291 0.4664
vn 0.5009 0.7290 0.4666
vn 0.7175 0.4536 0.5287
vn 0.7175 0.4537 0.5286
vn 0.7174 0.4537 0.5286
vn 0.8318 0.1693 0.5286
vn 0.8318 0.1695 0.5286
vn 0.8318 0.1694 0.5286
vn -0.6371 -0.4216 0.6452
vn -0.6371 -0.4214 0.6455
vn -0.6374 -0.4218 0.6449
vn -0.6370 -0.4214 0.6455
vn -0.6656 -0.4327 0.6080
vn -0.6656 -0.4329 0.6079
vn -0.7513 -0.1371 0.6455
vn -0.7514 -0.1370 0.6455
vn -0.7800 -0.1486 0.6079
vn -0.4035 -0.6900 0.6008
vn -0.4035 -0.6899 0.6011
vn -0.4301 -0.7005 0.5695
vn -0.4303 -0.7005 0.5694
vn -0.4301 -0.7005 0.5694
vn -0.4301 -0.7006 0.5694
vn -0.4552 -0.7106 0.5366
vn -0.4551 -0.7106 0.5366
vn -0.4551 -0.7105 0.5367
vn -0.4789 -0.7202 0.5021
vn -0.6926 -0.4435 0.5689
vn -0.6926 -0.4436 0.5688
vn -0.8067 -0.1595 0.5690
vn -0.8441 0.1881 0.5021
vn -0.8205 0.1977 0.5365
vn -0.7953 0.2078 0.5695
vn -0.7951 0.2079 0.5697
vn -0.7687 0.2186 0.6011
vn -0.7686 0.2185 0.6012
vn -0.7688 0.2186 0.6010
vn -0.7212 -0.1248 0.6814
vn -0.7212 -0.1249 0.6813
vn -0.6069 -0.4092 0.6813
vn 0.9278 0.2079 0.3099
vn 0.9277 0.2080 0.3099
vn 0.9406 0.2136 0.2639
vn 0.9408 0.2133 0.2636
vn 0.9408 0.2132 0.2636
vn 0.8134 0.4922 0.3099
vn 0.8135 0.4921 0.3099
vn 0.8264 0.4975 0.2636
vn 0.8265 0.4975 0.2636
vn 0.8265 0.4974 0.2636
vn 0.9375 -0.1506 0.3138
vn 0.9508 -0.1452 0.2736
vn 0.9508 -0.1452 0.2735
vn 0.9508 -0.1452 0.2737
vn 0.9624 -0.1406 0.2326
vn 0.9623 -0.1406 0.2327
vn 0.9623 -0.1406 0.2326
vn 0.9623 -0.1407 0.2326
vn 0.9720 -0.1369 0.1909
vn 0.9720 -0.1368 0.1911
vn 0.9720 -0.1367 0.1911
vn 0.9517 0.2176 0.2166
vn 0.9517 0.2176 0.2167
vn 0.9517 0.2177 0.2165
vn 0.8374 0.5019 0.2166
vn 0.6067 0.7716 0.1911
vn 0.5970 0.7678 0.2325
vn 0.5970 0.7678 0.2326
vn 0.5972 0.7676 0.2327
vn 0.5971 0.7677 0.2326
vn 0.5856 0.7631 0.2736
vn 0.5854 0.7632 0.2736
vn 0.5855 0.7631 0.2735
vn 0.5720 0.7579 0.3137
vn 0.5722 0.7577 0.3138
vn 0.7982 0.4862 0.3556
vn 0.7983 0.4861 0.3556
vn 0.9126 0.2018 0.3556
vn -0.5070 -0.3689 0.7790
vn -0.5418 -0.3830 0.7482
vn -0.5416 -0.3829 0.7483
vn -0.6213 -0.0848 0.7790
vn -0.6560 -0.0987 0.7483
vn -0.2832 -0.6415 0.7130
vn -0.2832 -0.6416 0.7129
vn -0.3150 -0.6545 0.6873
vn -0.3151 -0.6542 0.6875
vn -0.3458 -0.6668 0.6602
vn -0.3460 -0.6668 0.6600
vn -0.3458 -0.6667 0.6603
vn -0.3751 -0.6785 0.6316
vn -0.3751 -0.6785 0.6317
vn -0.5750 -0.3964 0.7158
vn -0.5749 -0.3964 0.7158
vn -0.6893 -0.1121 0.7157
vn -0.6894 -0.1120 0.7157
vn -0.7404 0.2298 0.6317
vn -0.7404 0.2298 0.6316
vn -0.7405 0.2300 0.6315
vn -0.7110 0.2416 0.6604
vn -0.6804 0.2539 0.6874
vn -0.6486 0.2668 0.7129
vn -0.4707 -0.3544 0.8080
vn -0.4708 -0.3544 0.8079
vn 0.9671 0.2237 0.1210
vn 0.9671 0.2238 0.1209
vn 0.9672 0.2233 0.1209
vn 0.9715 0.2255 0.0726
vn 0.9715 0.2256 0.0726
vn 0.9715 0.2255 0.0727
vn 0.9715 0.2256 0.0727
vn 0.8527 0.5083 0.1209
vn 0.8527 0.5082 0.1209
vn 0.8529 0.5079 0.1211
vn 0.8528 0.5081 0.1209
vn 0.8572 0.5099 0.0726
vn 0.8572 0.5099 0.0727
vn 0.9797 -0.1338 0.1493
vn 0.9798 -0.1336 0.1491
vn 0.9798 -0.1337 0.1489
vn 0.9797 -0.1338 0.1490
vn 0.9855 -0.1313 0.1071
vn 0.9856 -0.1313 0.1068
vn 0.9857 -0.1305 0.1067
vn 0.9856 -0.1312 0.1067
vn 0.9895 -0.1297 0.0642
vn 0.9895 -0.1298 0.0642
vn 0.9895 -0.1292 0.0641
vn 0.9895 -0.1298 0.0641
vn 0.9914 -0.1289 0.0214
vn 0.9914 -0.1291 0.0214
vn 0.9737 0.2264 0.0243
vn 0.8593 0.5109 0.0243
vn 0.8594 0.5108 0.0243
vn 0.6262 0.7793 0.0214
vn 0.6261 0.7795 0.0214
vn 0.6263 0.7793 0.0214
vn 0.6243 0.7786 0.0641
vn 0.6242 0.7786 0.0642
vn 0.6242 0.7786 0.0641
vn 0.6242 0.7786 0.0643
vn 0.6202 0.7771 0.1067
vn 0.6203 0.7771 0.1067
vn 0.6144 0.7748 0.1490
vn 0.6143 0.7749 0.1490
vn 0.6145 0.7747 0.1490
vn 0.8462 0.5054 0.1689
vn 0.8462 0.5055 0.1689
vn 0.9605 0.2211 0.1689
vn 0.9605 0.2212 0.1690
vn -0.3548 -0.3080 0.8827
vn -0.3546 -0.3081 0.8828
vn -0.3550 -0.3078 0.8827
vn -0.3946 -0.3238 0.8599
vn -0.4693 -0.0236 0.8827
vn -0.4693 -0.0235 0.8827
vn -0.4692 -0.0237 0.8828
vn -0.5091 -0.0394 0.8598
vn -0.5091 -0.0395 0.8598
vn -0.1454 -0.5864 0.7969
vn -0.1452 -0.5862 0.7971
vn -0.1453 -0.5862 0.7970
vn -0.1456 -0.5866 0.7967
vn -0.2161 -0.6145 0.7588
vn -0.2160 -0.6143 0.7589
vn -0.2502 -0.6282 0.7368
vn -0.5477 -0.0551 0.8349
vn -0.6154 0.2801 0.7368
vn -0.6155 0.2801 0.7367
vn -0.5813 0.2938 0.7588
vn -0.5814 0.2938 0.7587
vn -0.5464 0.3079 0.7789
vn -0.5463 0.3079 0.7789
vn 0.9715 0.2255 -0.0727
vn 0.9716 0.2254 -0.0726
vn 0.9714 0.2260 -0.0728
vn 0.9671 0.2237 -0.1211
vn 0.9671 0.2238 -0.1210
vn 0.9671 0.2238 -0.1209
vn 0.9671 0.2237 -0.1209
vn 0.8571 0.5100 -0.0726
vn 0.8572 0.5099 -0.0727
vn 0.8572 0.5098 -0.0727
vn 0.8572 0.5099 -0.0726
vn 0.8528 0.5080 -0.1210
vn 0.8528 0.5081 -0.1209
vn 0.8527 0.5082 -0.1209
vn 0.9914 -0.1289 -0.0214
vn 0.9895 -0.1298 -0.0641
vn 0.9895 -0.1297 -0.0641
vn 0.9895 -0.1297 -0.0642
vn 0.9895 -0.1296 -0.0642
vn 0.9856 -0.1311 -0.1069
vn 0.9856 -0.1312 -0.1067
vn 0.9856 -0.1311 -0.1068
vn 0.9856 -0.1313 -0.1070
vn 0.9798 -0.1335 -0.1491
vn 0.9797 -0.1335 -0.1495
vn 0.9798 -0.1336 -0.1490
vn 0.9605 0.2211 -0.1689
vn 0.9605 0.2212 -0.1690
vn 0.8462 0.5054 -0.1689
vn 0.8462 0.5055 -0.1689
vn 0.6145 0.7747 -0.1490
vn 0.6203 0.7771 -0.1067
vn 0.6203 0.7771 -0.1066
vn 0.6242 0.7786 -0.0642
vn 0.6242 0.7786 -0.0641
vn 0.6262 0.7793 -0.0214
vn 0.6263 0.7793 -0.0214
vn 0.6263 0.7793 -0.0213
vn 0.8593 0.5109 -0.0243
vn 0.8593 0.5110 -0.0243
vn 0.8594 0.5108 -0.0243
vn 0.9737 0.2264 -0.0243
vn 0.9737 0.2266 -0.0244
vn -0.1872 -0.2401 0.9525
vn -0.3014 0.0439 0.9525
vn -0.3448 0.0265 0.9383
vn -0.3448 0.0264 0.9383
vn 0.0053 -0.5256 0.8507
vn 0.0053 -0.5254 0.8508
vn 0.0051 -0.5257 0.8507
vn -0.0333 -0.5409 0.8404
vn -0.1087 -0.5708 0.8138
vn -0.1083 -0.5713 0.8136
vn -0.1086 -0.5712 0.8136
vn -0.2728 -0.2748 0.9220
vn -0.2732 -0.2754 0.9217
vn -0.2728 -0.2749 0.9220
vn -0.3872 0.0094 0.9220
vn -0.4743 0.3368 0.8134
vn -0.4742 0.3370 0.8134
vn -0.4740 0.3369 0.8135
vn -0.4364 0.3519 0.8281
vn -0.4360 0.3520 0.8282
vn -0.3985 0.3671 0.8405
vn -0.1437 -0.2230 0.9642
vn -0.1438 -0.2229 0.9642
vn 0.9408 0.2132 -0.2636
vn 0.9408 0.2131 -0.2636
vn 0.9407 0.2132 -0.2637
vn 0.9278 0.2077 -0.3099
vn 0.9278 0.2079 -0.3099
vn 0.9278 0.2078 -0.3099
vn 0.8264 0.4975 -0.2637
vn 0.8264 0.4975 -0.2636
vn 0.8134 0.4923 -0.3099
vn 0.8134 0.4922 -0.3099
vn 0.9720 -0.1368 -0.1911
vn 0.9720 -0.1367 -0.1911
vn 0.9624 -0.1406 -0.2326
vn 0.9623 -0.1406 -0.2327
vn 0.9508 -0.1452 -0.2735
vn 0.9508 -0.1452 -0.2736
vn 0.9508 -0.1451 -0.2736
vn 0.9375 -0.1506 -0.3138
vn 0.9375 -0.1505 -0.3137
vn 0.9126 0.2018 -0.3556
vn 0.7983 0.4861 -0.3556
vn 0.7982 0.4862 -0.3556
vn 0.5722 0.7577 -0.3137
vn 0.5722 0.7578 -0.3137
vn 0.5724 0.7576 -0.3136
vn 0.5722 0.7577 -0.3138
vn 0.5855 0.7631 -0.2736
vn 0.5854 0.7632 -0.2736
vn 0.5855 0.7631 -0.2735
vn 0.5971 0.7677 -0.2326
vn 0.5970 0.7678 -0.2326
vn 0.5970 0.7677 -0.2326
vn 0.6067 0.7716 -0.1911
vn 0.6068 0.7715 -0.1913
vn 0.8374 0.5019 -0.2166
vn 0.8374 0.5019 -0.2165
vn 0.9517 0.2176 -0.2166
vn 0.9517 0.2176 -0.2167
vn -0.0103 -0.1692 0.9855
vn -0.0102 -0.1692 0.9855
vn -0.0550 -0.1872 0.9808
vn -0.1246 0.1150 0.9855
vn -0.1247 0.1151 0.9855
vn -0.1693 0.0971 0.9808
vn 0.1630 -0.4620 0.8718
vn 0.1627 -0.4621 0.8718
vn 0.1630 -0.4622 0.8716
vn 0.1231 -0.4780 0.8697
vn 0.1232 -0.4781 0.8696
vn 0.0836 -0.4940 0.8654
vn 0.0440 -0.5095 0.8593
vn 0.0443 -0.5098 0.8592
vn -0.2139 0.0792 0.9736
vn -0.3209 0.3986 0.8591
vn -0.3209 0.3987 0.8591
vn -0.2816 0.4142 0.8655
vn -0.2816 0.4143 0.8655
vn -0.2422 0.4302 0.8696
vn -0.2421 0.4302 0.8696
vn -0.2421 0.4303 0.8696
vn -0.2027 0.4463 0.8716
vn -0.2025 0.4463 0.8717
vn -0.0797 0.1330 0.9879
vn -0.0798 0.1330 0.9879
vn 0.0346 -0.1511 0.9879
vn 0.8763 0.1875 -0.4438
vn 0.8761 0.1872 -0.4443
vn 0.8762 0.1871 -0.4442
vn 0.8549 0.1786 -0.4871
vn 0.8549 0.1787 -0.4871
vn 0.8549 0.1785 -0.4871
vn 0.7618 0.4715 -0.4443
vn 0.7618 0.4714 -0.4443
vn 0.7617 0.4716 -0.4444
vn 0.7616 0.4719 -0.4443
vn 0.7405 0.4630 -0.4871
vn 0.7405 0.4629 -0.4871
vn 0.9223 -0.1567 -0.3534
vn 0.9222 -0.1568 -0.3534
vn 0.9053 -0.1635 -0.3921
vn 0.9053 -0.1634 -0.3921
vn 0.9053 -0.1637 -0.3920
vn 0.8866 -0.1711 -0.4298
vn 0.8662 -0.1793 -0.4665
vn 0.8662 -0.1794 -0.4664
vn 0.8318 0.1694 -0.5286
vn 0.8318 0.1695 -0.5285
vn 0.8318 0.1695 -0.5286
vn 0.7175 0.4537 -0.5286
vn 0.7175 0.4536 -0.5286
vn 0.7174 0.4537 -0.5287
vn 0.5009 0.7291 -0.4665
vn 0.5007 0.7291 -0.4665
vn 0.5009 0.7290 -0.4665
vn 0.5213 0.7372 -0.4298
vn 0.5212 0.7373 -0.4298
vn 0.5215 0.7370 -0.4299
vn 0.5214 0.7371 -0.4298
vn 0.5400 0.7448 -0.3921
vn 0.5570 0.7515 -0.3534
vn 0.5570 0.7516 -0.3534
vn 0.7810 0.4792 -0.4005
vn 0.7810 0.4793 -0.4005
vn 0.8953 0.1948 -0.4006
vn 0.8953 0.1949 -0.4005
vn 0.8953 0.1948 -0.4005
vn 0.1694 -0.0971 0.9808
vn 0.1693 -0.0971 0.9808
vn 0.1245 -0.1150 0.9855
vn 0.1246 -0.1151 0.9855
vn 0.0550 0.1873 0.9808
vn 0.0550 0.1872 0.9808
vn 0.0103 0.1692 0.9855
vn 0.3210 -0.3984 0.8592
vn 0.3209 -0.3986 0.8592
vn 0.3208 -0.3984 0.8593
vn 0.2816 -0.4143 0.8655
vn 0.2817 -0.4144 0.8654
vn 0.2815 -0.4143 0.8655
vn 0.2420 -0.4301 0.8697
vn 0.2423 -0.4303 0.8696
vn 0.2026 -0.4462 0.8717
vn 0.2029 -0.4466 0.8714
vn 0.0798 -0.1329 0.9879
vn -0.0346 0.1511 0.9879
vn -0.1627 0.4623 0.8717
vn -0.1627 0.4621 0.8717
vn -0.1231 0.4780 0.8697
vn -0.0836 0.4939 0.8655
vn -0.0836 0.4938 0.8656
vn -0.0442 0.5097 0.8592
vn -0.0442 0.5098 0.8591
vn 0.0997 0.2053 0.9736
vn 0.2139 -0.0792 0.9736
vn 0.7799 0.1484 -0.6080
vn 0.7799 0.1485 -0.6080
vn 0.7515 0.1369 -0.6454
vn 0.7515 0.1370 -0.6454
vn 0.6655 0.4329 -0.6081
vn 0.6656 0.4328 -0.6080
vn 0.6371 0.4214 -0.6454
vn 0.8441 -0.1882 -0.5021
vn 0.8440 -0.1882 -0.5021
vn 0.8205 -0.1976 -0.5364
vn 0.8205 -0.1977 -0.5364
vn 0.8205 -0.1975 -0.5365
vn 0.8204 -0.1976 -0.5365
vn 0.7953 -0.2078 -0.5695
vn 0.7686 -0.2185 -0.6012
vn 0.7687 -0.2183 -0.6012
vn 0.7687 -0.2185 -0.6012
vn 0.7212 0.1249 -0.6814
vn 0.7212 0.1248 -0.6813
vn 0.7211 0.1249 -0.6814
vn 0.6069 0.4092 -0.6813
vn 0.6069 0.4091 -0.6814
vn 0.6069 0.4093 -0.6813
vn 0.4033 0.6898 -0.6012
vn 0.4033 0.6899 -0.6012
vn 0.4033 0.6898 -0.6013
vn 0.4301 0.7006 -0.5694
vn 0.4304 0.7006 -0.5691
vn 0.4300 0.7006 -0.5695
vn 0.4302 0.7005 -0.5694
vn 0.4552 0.7108 -0.5363
vn 0.4551 0.7107 -0.5365
vn 0.4550 0.7107 -0.5365
vn 0.4788 0.7201 -0.5022
vn 0.4787 0.7199 -0.5026
vn 0.4784 0.7205 -0.5020
vn 0.4788 0.7202 -0.5021
vn 0.6924 0.4437 -0.5690
vn 0.6923 0.4438 -0.5690
vn 0.6923 0.4437 -0.5690
vn 0.6924 0.4436 -0.5690
vn 0.8067 0.1593 -0.5691
vn 0.8067 0.1593 -0.5690
vn 0.8068 0.1594 -0.5689
vn 0.8067 0.1594 -0.5690
vn 0.3449 -0.0263 0.9383
vn 0.3448 -0.0264 0.9383
vn 0.3017 -0.0437 0.9524
vn 0.1874 0.2408 0.9523
vn 0.4737 -0.3370 0.8136
vn 0.4738 -0.3371 0.8136
vn 0.4741 -0.3366 0.8136
vn 0.4365 -0.3521 0.8280
vn 0.4364 -0.3521 0.8280
vn 0.3986 -0.3673 0.8404
vn 0.3985 -0.3673 0.8404
vn 0.2584 -0.0618 0.9640
vn 0.1437 0.2230 0.9642
vn 0.1436 0.2234 0.9641
vn -0.0053 0.5255 0.8508
vn -0.0054 0.5254 0.8508
vn 0.0333 0.5410 0.8404
vn 0.0711 0.5563 0.8280
vn 0.0712 0.5561 0.8281
vn 0.1086 0.5711 0.8137
vn 0.2727 0.2748 0.9220
vn 0.2728 0.2748 0.9220
vn 0.3872 -0.0095 0.9220
vn 0.3872 -0.0095 0.9219
vn 0.6560 0.0987 -0.7483
vn 0.6560 0.0986 -0.7483
vn 0.6559 0.0987 -0.7483
vn 0.6213 0.0848 -0.7790
vn 0.6213 0.0847 -0.7790
vn 0.5416 0.3830 -0.7483
vn 0.5069 0.3690 -0.7790
vn 0.5070 0.3690 -0.7790
vn 0.5070 0.3691 -0.7790
vn 0.7405 -0.2298 -0.6316
vn 0.7405 -0.2298 -0.6315
vn 0.7111 -0.2414 -0.6604
vn 0.7110 -0.2417 -0.6603
vn 0.7111 -0.2417 -0.6603
vn 0.6804 -0.2540 -0.6874
vn 0.6805 -0.2539 -0.6874
vn 0.6485 -0.2668 -0.7129
vn 0.5851 0.0702 -0.8079
vn 0.5852 0.0704 -0.8079
vn 0.4707 0.3545 -0.8079
vn 0.4707 0.3545 -0.8080
vn 0.4708 0.3545 -0.8079
vn 0.2832 0.6416 -0.7129
vn 0.3151 0.6544 -0.6874
vn 0.3152 0.6544 -0.6873
vn 0.3457 0.6667 -0.6602
vn 0.3458 0.6667 -0.6603
vn 0.3457 0.6667 -0.6603
vn 0.3755 0.6782 -0.6317
vn 0.3752 0.6786 -0.6315
vn 0.3754 0.6784 -0.6316
vn 0.3754 0.6786 -0.6313
vn 0.5749 0.3963 -0.7158
vn 0.5750 0.3964 -0.7157
vn 0.5749 0.3964 -0.7158
vn 0.6893 0.1121 -0.7158
vn 0.6894 0.1121 -0.7157
vn 0.6893 0.1120 -0.7157
vn 0.6893 0.1122 -0.7157
vn 0.5091 0.0394 0.8598
vn 0.5092 0.0397 0.8597
vn 0.4693 0.0236 0.8827
vn 0.3946 0.3240 0.8598
vn 0.3946 0.3238 0.8599
vn 0.3947 0.3238 0.8598
vn 0.3548 0.3078 0.8828
vn 0.3550 0.3080 0.8827
vn 0.3546 0.3078 0.8829
vn 0.6154 -0.2801 0.7367
vn 0.5815 -0.2938 0.7587
vn 0.5814 -0.2938 0.7587
vn 0.5464 -0.3079 0.7789
vn 0.5461 -0.3078 0.7791
vn 0.3143 0.2916 0.9034
vn 0.1453 0.5860 0.7972
vn 0.1453 0.5859 0.7972
vn 0.1454 0.5859 0.7972
vn 0.1812 0.6005 0.7788
vn 0.1811 0.6004 0.7789
vn 0.2161 0.6145 0.7588
vn 0.2501 0.6282 0.7368
vn 0.4333 0.3395 0.8348
vn 0.5477 0.0551 0.8349
vn 0.5091 0.0396 -0.8598
vn 0.5091 0.0395 -0.8598
vn 0.5090 0.0395 -0.8598
vn 0.4694 0.0236 -0.8827
vn 0.4693 0.0237 -0.8827
vn 0.3949 0.3238 -0.8597
vn 0.3947 0.3239 -0.8598
vn 0.3550 0.3079 -0.8827
vn 0.3550 0.3078 -0.8827
vn 0.6154 -0.2801 -0.7368
vn 0.6154 -0.2801 -0.7367
vn 0.5814 -0.2938 -0.7587
vn 0.5814 -0.2939 -0.7587
vn 0.5814 -0.2939 -0.7586
vn 0.5464 -0.3080 -0.7788
vn 0.5464 -0.3079 -0.7788
vn 0.5464 -0.3079 -0.7789
vn 0.5105 -0.3223 -0.7972
vn 0.4287 0.0072 -0.9034
vn 0.4287 0.0073 -0.9034
vn 0.3143 0.2916 -0.9034
vn 0.3144 0.2916 -0.9034
vn 0.1452 0.5860 -0.7972
vn 0.1812 0.6005 -0.7789
vn 0.1811 0.6005 -0.7788
vn 0.2163 0.6148 -0.7584
vn 0.2161 0.6145 -0.7588
vn 0.2161 0.6145 -0.7587
vn 0.2503 0.6285 -0.7365
vn 0.2502 0.6282 -0.7367
vn 0.4333 0.3394 -0.8349
vn 0.4334 0.3395 -0.8348
vn 0.5476 0.0551 -0.8349
vn 0.5477 0.0551 -0.8349
vn 0.6560 0.0987 0.7483
vn 0.6213 0.0847 0.7790
vn 0.6213 0.0846 0.7790
vn 0.5417 0.3828 0.7483
vn 0.5417 0.3830 0.7483
vn 0.5417 0.3830 0.7482
vn 0.5069 0.3690 0.7790
vn 0.5069 0.3691 0.7790
vn 0.5070 0.3690 0.7790
vn 0.7405 -0.2299 0.6315
vn 0.7405 -0.2298 0.6315
vn 0.7110 -0.2417 0.6604
vn 0.7111 -0.2416 0.6603
vn 0.6805 -0.2540 0.6873
vn 0.6485 -0.2667 0.7130
vn 0.5851 0.0702 0.8080
vn 0.5850 0.0703 0.8080
vn 0.4706 0.3545 0.8080
vn 0.4707 0.3545 0.8080
vn 0.3151 0.6543 0.6875
vn 0.3150 0.6545 0.6873
vn 0.3457 0.6668 0.6602
vn 0.3458 0.6667 0.6603
vn 0.3459 0.6666 0.6603
vn 0.3458 0.6666 0.6603
vn 0.3751 0.6785 0.6316
vn 0.5751 0.3964 0.7157
vn 0.3447 -0.0264 -0.9383
vn 0.3447 -0.0265 -0.9383
vn 0.3447 -0.0264 -0.9384
vn 0.3017 -0.0438 -0.9524
vn 0.3017 -0.0437 -0.9524
vn 0.3016 -0.0437 -0.9524
vn 0.2303 0.2578 -0.9383
vn 0.2305 0.2577 -0.9383
vn 0.2305 0.2576 -0.9384
vn 0.2302 0.2578 -0.9384
vn 0.1874 0.2405 -0.9524
vn 0.1874 0.2404 -0.9524
vn 0.1874 0.2406 -0.9524
vn 0.4738 -0.3371 -0.8136
vn 0.4738 -0.3372 -0.8135
vn 0.4737 -0.3371 -0.8136
vn 0.4364 -0.3522 -0.8280
vn 0.4364 -0.3521 -0.8280
vn 0.3985 -0.3674 -0.8404
vn 0.3984 -0.3674 -0.8404
vn 0.3599 -0.3828 -0.8508
vn 0.3599 -0.3829 -0.8508
vn 0.2581 -0.0612 -0.9642
vn 0.2580 -0.0613 -0.9642
vn 0.2581 -0.0613 -0.9642
vn 0.1437 0.2230 -0.9642
vn 0.1438 0.2229 -0.9642
vn 0.1436 0.2230 -0.9642
vn -0.0053 0.5255 -0.8508
vn -0.0052 0.5254 -0.8509
vn -0.0052 0.5253 -0.8509
vn 0.0332 0.5410 -0.8404
vn 0.0331 0.5410 -0.8403
vn 0.0331 0.5410 -0.8404
vn 0.0711 0.5563 -0.8280
vn 0.0711 0.5561 -0.8281
vn 0.0710 0.5562 -0.8280
vn 0.0711 0.5562 -0.8280
vn 0.1085 0.5712 -0.8136
vn 0.2727 0.2748 -0.9220
vn 0.2728 0.2749 -0.9219
vn 0.2728 0.2748 -0.9220
vn 0.2727 0.2749 -0.9220
vn 0.3871 -0.0094 -0.9220
vn 0.3871 -0.0095 -0.9220
vn 0.7799 0.1486 0.6080
vn 0.7512 0.1369 0.6457
vn 0.7514 0.1370 0.6454
vn 0.6371 0.4213 0.6454
vn 0.6372 0.4215 0.6453
vn 0.6372 0.4213 0.6454
vn 0.8205 -0.1976 0.5365
vn 0.7952 -0.2078 0.5696
vn 0.7953 -0.2079 0.5695
vn 0.7953 -0.2077 0.5696
vn 0.7687 -0.2186 0.6011
vn 0.7687 -0.2185 0.6012
vn 0.7212 0.1250 0.6813
vn 0.6071 0.4093 0.6811
vn 0.6068 0.4094 0.6813
vn 0.6070 0.4092 0.6813
vn 0.4034 0.6898 0.6013
vn 0.4033 0.6897 0.6014
vn 0.4033 0.6898 0.6013
vn 0.4033 0.6899 0.6012
vn 0.4300 0.7006 0.5694
vn 0.4301 0.7005 0.5695
vn 0.4303 0.7004 0.5695
vn 0.4552 0.7106 0.5365
vn 0.4788 0.7201 0.5021
vn 0.4786 0.7202 0.5023
vn 0.8067 0.1594 0.5690
vn 0.8068 0.1593 0.5690
vn 0.1245 -0.1152 -0.9855
vn 0.1246 -0.1150 -0.9855
vn 0.0550 0.1873 -0.9808
vn 0.0102 0.1693 -0.9855
vn 0.3210 -0.3986 -0.8591
vn 0.3210 -0.3985 -0.8591
vn 0.2817 -0.4144 -0.8654
vn 0.2422 -0.4302 -0.8696
vn 0.2025 -0.4461 -0.8718
vn 0.0798 -0.1330 -0.9879
vn -0.1626 0.4623 -0.8717
vn -0.1627 0.4622 -0.8717
vn -0.1232 0.4782 -0.8696
vn -0.0835 0.4939 -0.8655
vn -0.0835 0.4938 -0.8656
vn -0.0442 0.5096 -0.8593
vn -0.0443 0.5097 -0.8592
vn -0.0442 0.5097 -0.8592
vn 0.0995 0.2052 -0.9737
vn 0.0995 0.2052 -0.9736
vn 0.2138 -0.0792 -0.9737
vn 0.2137 -0.0792 -0.9737
vn 0.2140 -0.0791 -0.9736
vn 0.8760 0.1872 0.4445
vn 0.8760 0.1873 0.4445
vn 0.8761 0.1872 0.4444
vn 0.8550 0.1785 0.4869
vn 0.7618 0.4713 0.4444
vn 0.7618 0.4714 0.4444
vn 0.7618 0.4714 0.4443
vn 0.7619 0.4713 0.4444
vn 0.7406 0.4630 0.4871
vn 0.7405 0.4630 0.4871
vn 0.9223 -0.1567 0.3534
vn 0.9222 -0.1567 0.3534
vn 0.8866 -0.1711 0.4298
vn 0.8661 -0.1793 0.4665
vn 0.8319 0.1693 0.5285
vn 0.7174 0.4537 0.5287
vn 0.5008 0.7290 0.4666
vn 0.5212 0.7373 0.4297
vn 0.5213 0.7373 0.4298
vn 0.5212 0.7373 0.4298
vn 0.5399 0.7448 0.3921
vn 0.5571 0.7515 0.3533
vn 0.5571 0.7516 0.3532
vn 0.5570 0.7516 0.3533
vn 0.7811 0.4791 0.4005
vn 0.8954 0.1949 0.4004
vn -0.0103 -0.1693 -0.9855
vn -0.0103 -0.1692 -0.9855
vn -0.0549 -0.1874 -0.9807
vn -0.0549 -0.1873 -0.9808
vn -0.0550 -0.1872 -0.9808
vn -0.1247 0.1151 -0.9855
vn -0.1246 0.1152 -0.9855
vn -0.1246 0.1150 -0.9855
vn -0.1694 0.0970 -0.9808
vn 0.1624 -0.4622 -0.8718
vn 0.1627 -0.4622 -0.8717
vn 0.1626 -0.4622 -0.8717
vn 0.1626 -0.4627 -0.8715
vn 0.1231 -0.4781 -0.8696
vn 0.1232 -0.4781 -0.8696
vn 0.0835 -0.4939 -0.8655
vn 0.0836 -0.4940 -0.8654
vn 0.0835 -0.4938 -0.8656
vn 0.0443 -0.5097 -0.8592
vn 0.0448 -0.5093 -0.8594
vn -0.0999 -0.2055 -0.9735
vn -0.0996 -0.2054 -0.9736
vn -0.0994 -0.2052 -0.9737
vn -0.0997 -0.2052 -0.9736
vn -0.2139 0.0792 -0.9736
vn -0.2136 0.0794 -0.9737
vn -0.2140 0.0792 -0.9736
vn -0.2138 0.0791 -0.9737
vn -0.3209 0.3986 -0.8592
vn -0.3209 0.3985 -0.8592
vn -0.3208 0.3984 -0.8593
vn -0.2816 0.4142 -0.8655
vn -0.2816 0.4143 -0.8655
vn -0.2422 0.4302 -0.8696
vn -0.2422 0.4303 -0.8696
vn -0.2026 0.4462 -0.8717
vn -0.2025 0.4462 -0.8717
vn -0.0798 0.1331 -0.9879
vn -0.0798 0.1330 -0.9879
vn 0.0346 -0.1512 -0.9879
vn 0.0347 -0.1512 -0.9879
vn 0.9407 0.2132 0.2637
vn 0.9408 0.2132 0.2637
vn 0.9277 0.2079 0.3100
vn 0.9277 0.2079 0.3101
vn 0.8264 0.4977 0.2633
vn 0.8266 0.4972 0.2636
vn 0.8134 0.4923 0.3099
vn 0.8134 0.4923 0.3100
vn 0.9624 -0.1405 0.2326
vn 0.9623 -0.1405 0.2327
vn 0.9509 -0.1452 0.2735
vn 0.9509 -0.1451 0.2735
vn 0.9127 0.2025 0.3550
vn 0.9126 0.2019 0.3555
vn 0.5721 0.7577 0.3138
vn 0.5722 0.7577 0.3139
vn 0.5856 0.7631 0.2735
vn 0.5856 0.7630 0.2735
vn 0.5972 0.7677 0.2326
vn 0.8373 0.5019 0.2166
vn -0.1874 -0.2405 -0.9524
vn -0.2300 -0.2580 -0.9384
vn -0.2300 -0.2578 -0.9384
vn -0.2303 -0.2577 -0.9384
vn -0.2305 -0.2577 -0.9383
vn -0.3017 0.0438 -0.9524
vn -0.3446 0.0265 -0.9384
vn -0.3447 0.0264 -0.9383
vn -0.3446 0.0264 -0.9384
vn -0.3443 0.0266 -0.9385
vn 0.0053 -0.5254 -0.8508
vn -0.0333 -0.5410 -0.8404
vn -0.0332 -0.5410 -0.8404
vn -0.0331 -0.5410 -0.8403
vn -0.0331 -0.5410 -0.8404
vn -0.0712 -0.5562 -0.8280
vn -0.0711 -0.5562 -0.8280
vn -0.0711 -0.5563 -0.8280
vn -0.0711 -0.5561 -0.8281
vn -0.1085 -0.5712 -0.8136
vn -0.2728 -0.2748 -0.9220
vn -0.2727 -0.2748 -0.9220
vn -0.2727 -0.2747 -0.9220
vn -0.2727 -0.2749 -0.9220
vn -0.3871 0.0095 -0.9220
vn -0.3870 0.0094 -0.9220
vn -0.4738 0.3371 -0.8136
vn -0.4364 0.3521 -0.8280
vn -0.4365 0.3522 -0.8279
vn -0.3985 0.3673 -0.8404
vn -0.3984 0.3674 -0.8404
vn -0.3985 0.3674 -0.8404
vn -0.3599 0.3828 -0.8508
vn -0.3599 0.3829 -0.8508
vn -0.2582 0.0614 -0.9641
vn -0.2581 0.0614 -0.9642
vn -0.2581 0.0613 -0.9642
vn -0.1438 -0.2229 -0.9642
vn -0.1438 -0.2230 -0.9642
vn 0.9671 0.2239 0.1208
vn 0.8571 0.5100 0.0726
vn 0.8572 0.5098 0.0727
vn 0.8527 0.5081 0.1209
vn 0.9914 -0.1289 0.0215
vn 0.9914 -0.1290 0.0212
vn 0.9914 -0.1288 0.0214
vn 0.9856 -0.1313 0.1066
vn 0.9856 -0.1311 0.1066
vn 0.9799 -0.1332 0.1486
vn 0.9798 -0.1337 0.1490
vn 0.9798 -0.1335 0.1491
vn 0.9606 0.2210 0.1687
vn 0.8461 0.5055 0.1689
vn 0.6146 0.7747 0.1489
vn 0.6145 0.7747 0.1491
vn 0.6146 0.7747 0.1490
vn 0.6204 0.7770 0.1068
vn 0.6200 0.7774 0.1063
vn 0.6261 0.7794 0.0214
vn 0.8593 0.5108 0.0244
vn 0.9738 0.2263 0.0243
vn 0.9737 0.2265 0.0244
vn -0.3550 -0.3079 -0.8827
vn -0.3947 -0.3239 -0.8598
vn -0.3946 -0.3239 -0.8599
vn -0.4694 -0.0236 -0.8827
vn -0.5089 -0.0390 -0.8599
vn -0.5091 -0.0395 -0.8598
vn -0.5091 -0.0396 -0.8598
vn -0.5090 -0.0395 -0.8598
vn -0.1452 -0.5861 -0.7971
vn -0.1452 -0.5860 -0.7972
vn -0.1812 -0.6004 -0.7789
vn -0.1813 -0.6004 -0.7789
vn -0.1811 -0.6005 -0.7789
vn -0.2161 -0.6144 -0.7588
vn -0.2161 -0.6145 -0.7587
vn -0.2161 -0.6145 -0.7588
vn -0.2502 -0.6282 -0.7367
vn -0.2501 -0.6282 -0.7367
vn -0.4335 -0.3393 -0.8348
vn -0.4333 -0.3394 -0.8349
vn -0.4333 -0.3395 -0.8349
vn -0.5477 -0.0550 -0.8349
vn -0.5477 -0.0551 -0.8349
vn -0.5476 -0.0551 -0.8349
vn -0.6155 0.2802 -0.7367
vn -0.6155 0.2801 -0.7367
vn -0.5814 0.2938 -0.7587
vn -0.5814 0.2939 -0.7587
vn -0.5814 0.2939 -0.7586
vn -0.5464 0.3079 -0.7789
vn -0.5464 0.3078 -0.7789
vn -0.5105 0.3223 -0.7972
vn -0.4287 -0.0073 -0.9034
vn -0.4287 -0.0072 -0.9034
vn -0.3144 -0.2916 -0.9034
vn 0.9672 0.2236 -0.1209
vn 0.9715 0.2256 -0.0727
vn 0.9715 0.2254 -0.0727
vn 0.8527 0.5081 -0.1209
vn 0.9798 -0.1335 -0.1489
vn 0.9798 -0.1335 -0.1490
vn 0.9798 -0.1336 -0.1489
vn 0.9797 -0.1335 -0.1493
vn 0.9856 -0.1308 -0.1067
vn 0.9856 -0.1310 -0.1066
vn 0.9857 -0.1313 -0.1061
vn 0.9895 -0.1295 -0.0642
vn 0.9914 -0.1288 -0.0214
vn 0.9914 -0.1289 -0.0215
vn 0.9914 -0.1288 -0.0215
vn 0.9738 0.2261 -0.0243
vn 0.9737 0.2265 -0.0243
vn 0.9737 0.2265 -0.0245
vn 0.6261 0.7794 -0.0214
vn 0.6261 0.7794 -0.0215
vn 0.6202 0.7771 -0.1068
vn 0.6145 0.7747 -0.1491
vn 0.6146 0.7747 -0.1490
vn 0.6147 0.7746 -0.1488
vn 0.9605 0.2212 -0.1689
vn 0.9604 0.2212 -0.1694
vn 0.9603 0.2217 -0.1691
vn -0.5069 -0.3690 -0.7790
vn -0.5067 -0.3692 -0.7791
vn -0.5416 -0.3828 -0.7484
vn -0.5415 -0.3827 -0.7485
vn -0.5416 -0.3830 -0.7483
vn -0.6213 -0.0847 -0.7790
vn -0.6212 -0.0848 -0.7790
vn -0.6212 -0.0847 -0.7790
vn -0.6560 -0.0989 -0.7483
vn -0.6560 -0.0987 -0.7483
vn -0.6559 -0.0987 -0.7483
vn -0.6562 -0.0984 -0.7482
vn -0.2832 -0.6415 -0.7129
vn -0.2832 -0.6416 -0.7129
vn -0.3151 -0.6544 -0.6874
vn -0.3457 -0.6669 -0.6602
vn -0.3458 -0.6667 -0.6603
vn -0.3458 -0.6667 -0.6602
vn -0.3751 -0.6784 -0.6317
vn -0.3752 -0.6785 -0.6316
vn -0.3753 -0.6781 -0.6319
vn -0.3750 -0.6785 -0.6316
vn -0.5750 -0.3964 -0.7157
vn -0.5748 -0.3958 -0.7162
vn -0.6894 -0.1122 -0.7157
vn -0.6894 -0.1123 -0.7156
vn -0.6894 -0.1121 -0.7157
vn -0.7405 0.2298 -0.6316
vn -0.7404 0.2297 -0.6317
vn -0.7404 0.2298 -0.6316
vn -0.7111 0.2417 -0.6603
vn -0.6804 0.2541 -0.6874
vn -0.6804 0.2542 -0.6873
vn -0.6804 0.2540 -0.6874
vn -0.6485 0.2669 -0.7129
vn -0.6485 0.2668 -0.7129
vn -0.5851 -0.0702 -0.8079
vn -0.4707 -0.3544 -0.8080
vn -0.4705 -0.3547 -0.8080
vn -0.4707 -0.3545 -0.8079
vn 0.9277 0.2078 -0.3101
vn 0.9277 0.2079 -0.3101
vn 0.9277 0.2079 -0.3100
vn 0.9408 0.2131 -0.2637
vn 0.8264 0.4976 -0.2635
vn 0.9374 -0.1506 -0.3139
vn 0.9509 -0.1452 -0.2735
vn 0.9509 -0.1451 -0.2735
vn 0.9509 -0.1452 -0.2734
vn 0.9624 -0.1405 -0.2326
vn 0.9623 -0.1405 -0.2327
vn 0.9517 0.2175 -0.2165
vn 0.8373 0.5020 -0.2166
vn 0.8373 0.5021 -0.2166
vn 0.6067 0.7716 -0.1912
vn 0.5856 0.7631 -0.2735
vn 0.9127 0.2017 -0.3554
vn 0.9126 0.2018 -0.3555
vn -0.6371 -0.4213 -0.6454
vn -0.6372 -0.4213 -0.6454
vn -0.6656 -0.4328 -0.6080
vn -0.6655 -0.4329 -0.6080
vn -0.6654 -0.4330 -0.6081
vn -0.7515 -0.1370 -0.6454
vn -0.7514 -0.1370 -0.6454
vn -0.7799 -0.1485 -0.6080
vn -0.7800 -0.1483 -0.6080
vn -0.4033 -0.6898 -0.6012
vn -0.4032 -0.6898 -0.6013
vn -0.4032 -0.6899 -0.6013
vn -0.4032 -0.6899 -0.6012
vn -0.4301 -0.7006 -0.5694
vn -0.4300 -0.7006 -0.5694
vn -0.4300 -0.7006 -0.5695
vn -0.4299 -0.7005 -0.5696
vn -0.4550 -0.7107 -0.5365
vn -0.4551 -0.7105 -0.5367
vn -0.4546 -0.7110 -0.5366
vn -0.4551 -0.7107 -0.5365
vn -0.4788 -0.7202 -0.5020
vn -0.4788 -0.7202 -0.5021
vn -0.4787 -0.7203 -0.5020
vn -0.4787 -0.7203 -0.5019
vn -0.6924 -0.4436 -0.5691
vn -0.6924 -0.4437 -0.5690
vn -0.8067 -0.1593 -0.5690
vn -0.8067 -0.1593 -0.5691
vn -0.8441 0.1882 -0.5021
vn -0.8441 0.1880 -0.5021
vn -0.8440 0.1877 -0.5025
vn -0.8204 0.1977 -0.5365
vn -0.8204 0.1978 -0.5365
vn -0.7954 0.2075 -0.5694
vn -0.7953 0.2081 -0.5694
vn -0.7954 0.2077 -0.5693
vn -0.7953 0.2078 -0.5695
vn -0.7687 0.2185 -0.6012
vn -0.7687 0.2186 -0.6011
vn -0.7687 0.2185 -0.6011
vn -0.7686 0.2185 -0.6012
vn -0.7212 -0.1249 -0.6814
vn -0.6068 -0.4092 -0.6814
vn -0.6069 -0.4092 -0.6813
vn -0.6069 -0.4092 -0.6814
vn 0.8548 0.1786 -0.4872
vn 0.8761 0.1873 -0.4442
vn 0.8761 0.1875 -0.4441
vn 0.7406 0.4630 -0.4870
vn 0.7406 0.4629 -0.4870
vn 0.7406 0.4630 -0.4871
vn 0.7618 0.4713 -0.4444
vn 0.7618 0.4714 -0.4444
vn 0.8661 -0.1794 -0.4666
vn 0.8661 -0.1793 -0.4665
vn 0.8661 -0.1793 -0.4666
vn 0.8866 -0.1711 -0.4297
vn 0.8865 -0.1712 -0.4298
vn 0.8865 -0.1711 -0.4299
vn 0.9052 -0.1636 -0.3922
vn 0.9053 -0.1636 -0.3921
vn 0.9223 -0.1568 -0.3533
vn 0.9223 -0.1568 -0.3532
vn 0.8954 0.1949 -0.4004
vn 0.8954 0.1949 -0.4005
vn 0.8954 0.1948 -0.4004
vn 0.7810 0.4793 -0.4004
vn 0.7809 0.4793 -0.4006
vn 0.7810 0.4792 -0.4004
vn 0.5569 0.7516 -0.3534
vn 0.5401 0.7447 -0.3921
vn 0.5213 0.7373 -0.4298
vn 0.5008 0.7290 -0.4666
vn 0.5008 0.7291 -0.4665
vn 0.8318 0.1693 -0.5286
vn 0.8319 0.1694 -0.5285
vn -0.0551 -0.1872 -0.9808
vn -0.0550 -0.1871 -0.9808
vn -0.0551 -0.1873 -0.9808
vn -0.0103 -0.1694 -0.9855
vn -0.0104 -0.1693 -0.9855
vn -0.1692 0.0969 -0.9808
vn -0.1694 0.0971 -0.9808
vn -0.1693 0.0970 -0.9808
vn -0.1692 0.0970 -0.9808
vn -0.1248 0.1151 -0.9855
vn -0.1247 0.1150 -0.9855
vn 0.0443 -0.5098 -0.8592
vn 0.0441 -0.5098 -0.8592
vn 0.0835 -0.4940 -0.8655
vn 0.1628 -0.4621 -0.8718
vn -0.2026 0.4463 -0.8717
vn -0.2026 0.4461 -0.8717
vn -0.2026 0.4463 -0.8716
vn -0.2423 0.4302 -0.8696
vn -0.2817 0.4143 -0.8655
vn -0.2816 0.4144 -0.8654
vn -0.2816 0.4143 -0.8654
vn -0.2817 0.4143 -0.8654
vn -0.3208 0.3985 -0.8592
vn -0.3207 0.3986 -0.8592
vn -0.2139 0.0791 -0.9736
vn -0.0996 -0.2051 -0.9737
vn -0.0996 -0.2052 -0.9736
vn -0.0995 -0.2052 -0.9737
vn -0.7406 -0.4630 -0.4870
vn -0.7406 -0.4629 -0.4870
vn -0.7619 -0.4715 -0.4441
vn -0.7617 -0.4716 -0.4443
vn -0.7618 -0.4715 -0.4442
vn -0.7618 -0.4715 -0.4443
vn -0.8549 -0.1788 -0.4870
vn -0.8550 -0.1788 -0.4869
vn -0.8549 -0.1787 -0.4870
vn -0.8549 -0.1786 -0.4870
vn -0.8761 -0.1872 -0.4442
vn -0.8761 -0.1873 -0.4443
vn -0.5008 -0.7291 -0.4665
vn -0.5009 -0.7291 -0.4665
vn -0.5007 -0.7291 -0.4665
vn -0.5213 -0.7372 -0.4298
vn -0.5400 -0.7447 -0.3921
vn -0.7810 -0.4793 -0.4005
vn -0.7809 -0.4793 -0.4005
vn -0.7805 -0.4799 -0.4006
vn -0.8953 -0.1948 -0.4006
vn -0.8953 -0.1949 -0.4006
vn -0.8953 -0.1949 -0.4005
vn -0.9222 0.1567 -0.3534
vn -0.9222 0.1567 -0.3535
vn -0.9053 0.1636 -0.3921
vn -0.8865 0.1713 -0.4299
vn -0.8661 0.1793 -0.4665
vn -0.8318 -0.1694 -0.5286
vn 0.7513 0.1372 -0.6455
vn 0.7514 0.1371 -0.6455
vn 0.7514 0.1370 -0.6455
vn 0.6371 0.4213 -0.6454
vn 0.6655 0.4328 -0.6081
vn 0.7686 -0.2186 -0.6012
vn 0.8204 -0.1978 -0.5365
vn 0.8204 -0.1977 -0.5365
vn 0.8206 -0.1976 -0.5363
vn 0.8440 -0.1881 -0.5023
vn 0.8440 -0.1883 -0.5022
vn 0.8439 -0.1882 -0.5023
vn 0.8441 -0.1881 -0.5021
vn 0.6926 0.4431 -0.5691
vn 0.6924 0.4437 -0.5689
vn 0.4787 0.7202 -0.5021
vn 0.4552 0.7106 -0.5365
vn 0.4550 0.7107 -0.5366
vn 0.4300 0.7005 -0.5695
vn 0.4300 0.7006 -0.5694
vn 0.4034 0.6898 -0.6012
vn 0.4032 0.6899 -0.6012
vn 0.6068 0.4092 -0.6814
vn 0.6069 0.4092 -0.6814
vn 0.6068 0.4093 -0.6814
vn 0.6068 0.4091 -0.6815
vn 0.7213 0.1244 -0.6814
vn 0.7212 0.1248 -0.6814
vn -0.2304 -0.2578 -0.9383
vn -0.2304 -0.2579 -0.9383
vn -0.1873 -0.2406 -0.9524
vn -0.1874 -0.2406 -0.9524
vn -0.3447 0.0265 -0.9383
vn -0.3447 0.0267 -0.9383
vn -0.3018 0.0439 -0.9524
vn -0.3017 0.0437 -0.9524
vn -0.1084 -0.5713 -0.8136
vn -0.0330 -0.5409 -0.8404
vn 0.0053 -0.5256 -0.8507
vn 0.0049 -0.5260 -0.8505
vn 0.0053 -0.5255 -0.8508
vn 0.0055 -0.5257 -0.8507
vn -0.1437 -0.2230 -0.9642
vn -0.3602 0.3828 -0.8507
vn -0.3600 0.3827 -0.8508
vn -0.3600 0.3828 -0.8508
vn -0.3600 0.3830 -0.8507
vn -0.3984 0.3673 -0.8404
vn -0.4363 0.3522 -0.8280
vn -0.4363 0.3521 -0.8280
vn -0.4360 0.3521 -0.8282
vn -0.4736 0.3372 -0.8136
vn -0.4742 0.3370 -0.8134
vn -0.4739 0.3370 -0.8135
vn -0.4740 0.3369 -0.8135
vn -0.3872 0.0094 -0.9219
vn -0.3874 0.0091 -0.9219
vn -0.3871 0.0094 -0.9220
vn -0.3872 0.0095 -0.9220
vn -0.2728 -0.2750 -0.9219
vn -0.2732 -0.2754 -0.9217
vn -0.2729 -0.2750 -0.9219
vn -0.8134 -0.4923 -0.3100
vn -0.8134 -0.4922 -0.3100
vn -0.8264 -0.4975 -0.2637
vn -0.8265 -0.4975 -0.2636
vn -0.9278 -0.2079 -0.3099
vn -0.9274 -0.2085 -0.3105
vn -0.9408 -0.2132 -0.2635
vn -0.5724 -0.7576 -0.3137
vn -0.5721 -0.7578 -0.3138
vn -0.5856 -0.7630 -0.2737
vn -0.5856 -0.7631 -0.2735
vn -0.5970 -0.7677 -0.2326
vn -0.5970 -0.7678 -0.2325
vn -0.9623 0.1406 -0.2327
vn -0.9623 0.1407 -0.2326
vn -0.9508 0.1453 -0.2735
vn -0.9509 0.1451 -0.2735
vn -0.9509 0.1453 -0.2734
vn -0.9375 0.1506 -0.3137
vn -0.9129 -0.2016 -0.3551
vn -0.9126 -0.2019 -0.3556
vn 0.6212 0.0847 -0.7791
vn 0.6212 0.0847 -0.7790
vn 0.5417 0.3830 -0.7483
vn 0.6486 -0.2669 -0.7128
vn 0.6486 -0.2668 -0.7129
vn 0.6805 -0.2537 -0.6875
vn 0.6804 -0.2539 -0.6875
vn 0.6805 -0.2540 -0.6873
vn 0.7110 -0.2416 -0.6604
vn 0.6894 0.1120 -0.7157
vn 0.6892 0.1120 -0.7158
vn 0.5751 0.3964 -0.7156
vn 0.5750 0.3964 -0.7158
vn 0.3751 0.6785 -0.6316
vn 0.3752 0.6785 -0.6316
vn 0.3456 0.6672 -0.6599
vn 0.3151 0.6543 -0.6874
vn 0.3149 0.6544 -0.6875
vn 0.3149 0.6544 -0.6874
vn 0.5852 0.0702 -0.8079
vn 0.5852 0.0703 -0.8078
vn 0.5852 0.0701 -0.8078
vn 0.5852 0.0701 -0.8079
vn -0.3947 -0.3238 -0.8598
vn -0.3550 -0.3080 -0.8827
vn -0.4694 -0.0237 -0.8827
vn -0.2502 -0.6281 -0.7368
vn -0.2502 -0.6282 -0.7368
vn -0.1811 -0.6004 -0.7789
vn -0.1812 -0.6005 -0.7789
vn -0.1811 -0.6006 -0.7788
vn -0.1812 -0.6005 -0.7788
vn -0.1453 -0.5863 -0.7970
vn -0.1453 -0.5864 -0.7969
vn -0.3144 -0.2915 -0.9034
vn -0.3143 -0.2917 -0.9034
vn -0.4288 -0.0073 -0.9034
vn -0.4288 -0.0072 -0.9034
vn -0.5106 0.3222 -0.7972
vn -0.5106 0.3221 -0.7972
vn -0.5465 0.3079 -0.7788
vn -0.5815 0.2938 -0.7586
vn -0.5815 0.2938 -0.7587
vn -0.6154 0.2802 -0.7367
vn -0.6156 0.2801 -0.7366
vn -0.6155 0.2802 -0.7366
vn -0.5475 -0.0552 -0.8350
vn -0.4333 -0.3393 -0.8349
vn -0.4336 -0.3396 -0.8347
vn -0.8528 -0.5079 -0.1211
vn -0.8528 -0.5081 -0.1209
vn -0.8571 -0.5099 -0.0726
vn -0.9671 -0.2238 -0.1208
vn -0.9671 -0.2240 -0.1208
vn -0.9716 -0.2254 -0.0726
vn -0.9715 -0.2255 -0.0727
vn -0.9715 -0.2254 -0.0727
vn -0.6144 -0.7747 -0.1494
vn -0.6146 -0.7746 -0.1490
vn -0.6145 -0.7747 -0.1491
vn -0.6202 -0.7771 -0.1067
vn -0.6202 -0.7772 -0.1067
vn -0.6243 -0.7786 -0.0642
vn -0.6242 -0.7787 -0.0635
vn -0.6245 -0.7784 -0.0642
vn -0.6261 -0.7795 -0.0214
vn -0.6264 -0.7792 -0.0212
vn -0.8593 -0.5109 -0.0243
vn -0.8594 -0.5107 -0.0243
vn -0.9914 0.1289 -0.0215
vn -0.9914 0.1288 -0.0215
vn -0.9895 0.1296 -0.0642
vn -0.9895 0.1298 -0.0642
vn -0.9895 0.1298 -0.0641
vn -0.9856 0.1313 -0.1066
vn -0.9856 0.1312 -0.1065
vn -0.9856 0.1312 -0.1066
vn -0.9856 0.1313 -0.1067
vn -0.9798 0.1336 -0.1491
vn -0.9798 0.1336 -0.1489
vn -0.9605 -0.2212 -0.1690
vn -0.9605 -0.2211 -0.1689
vn -0.8462 -0.5053 -0.1689
vn 0.5092 0.0397 -0.8597
vn 0.3551 0.3078 -0.8827
vn 0.3550 0.3080 -0.8827
vn 0.3947 0.3238 -0.8598
vn 0.5104 -0.3225 -0.7972
vn 0.5464 -0.3078 -0.7789
vn 0.5813 -0.2936 -0.7589
vn 0.5813 -0.2938 -0.7588
vn 0.6154 -0.2800 -0.7368
vn 0.6155 -0.2801 -0.7367
vn 0.5479 0.0553 -0.8347
vn 0.5477 0.0546 -0.8349
vn 0.5477 0.0552 -0.8349
vn 0.4336 0.3394 -0.8347
vn 0.4333 0.3392 -0.8350
vn 0.2502 0.6281 -0.7368
vn 0.2503 0.6283 -0.7367
vn 0.2162 0.6145 -0.7587
vn 0.2154 0.6147 -0.7587
vn 0.1811 0.6005 -0.7789
vn 0.1810 0.6005 -0.7789
vn 0.1815 0.6002 -0.7790
vn 0.1812 0.6004 -0.7789
vn 0.1453 0.5860 -0.7972
vn 0.1454 0.5859 -0.7972
vn 0.3144 0.2915 -0.9034
vn 0.4286 0.0074 -0.9034
vn 0.4287 0.0074 -0.9034
vn 0.4289 0.0072 -0.9033
vn -0.5417 -0.3830 -0.7483
vn -0.5417 -0.3830 -0.7482
vn -0.6560 -0.0986 -0.7483
vn -0.3751 -0.6785 -0.6316
vn -0.3457 -0.6667 -0.6603
vn -0.3459 -0.6667 -0.6602
vn -0.3148 -0.6543 -0.6876
vn -0.3151 -0.6543 -0.6875
vn -0.3151 -0.6544 -0.6873
vn -0.2833 -0.6415 -0.7129
vn -0.2832 -0.6416 -0.7128
vn -0.4707 -0.3545 -0.8080
vn -0.4708 -0.3545 -0.8079
vn -0.5852 -0.0702 -0.8079
vn -0.7110 0.2416 -0.6603
vn -0.7110 0.2419 -0.6602
vn -0.7110 0.2418 -0.6603
vn -0.7110 0.2417 -0.6603
vn -0.7405 0.2299 -0.6315
vn -0.6893 -0.1122 -0.7157
vn -0.6894 -0.1121 -0.7156
vn -0.6893 -0.1121 -0.7157
vn -0.8572 -0.5098 0.0727
vn -0.8528 -0.5080 0.1209
vn -0.8528 -0.5081 0.1208
vn -0.8527 -0.5082 0.1208
vn -0.9715 -0.2254 0.0727
vn -0.9671 -0.2239 0.1209
vn -0.9671 -0.2238 0.1207
vn -0.9671 -0.2239 0.1208
vn -0.6261 -0.7795 0.0215
vn -0.6260 -0.7795 0.0216
vn -0.6260 -0.7795 0.0215
vn -0.6262 -0.7794 0.0214
vn -0.6244 -0.7785 0.0637
vn -0.6244 -0.7784 0.0642
vn -0.6242 -0.7786 0.0641
vn -0.6241 -0.7787 0.0640
vn -0.6202 -0.7772 0.1066
vn -0.6202 -0.7772 0.1067
vn -0.6146 -0.7746 0.1492
vn -0.6144 -0.7748 0.1491
vn -0.9605 -0.2211 0.1689
vn -0.9605 -0.2212 0.1690
vn -0.9798 0.1337 0.1491
vn -0.9797 0.1336 0.1491
vn -0.9797 0.1337 0.1491
vn -0.9856 0.1312 0.1066
vn -0.9914 0.1290 0.0212
vn -0.9914 0.1288 0.0214
vn -0.9914 0.1288 0.0215
vn -0.8593 -0.5109 0.0243
vn -0.8593 -0.5108 0.0243
vn 0.3018 -0.0438 -0.9524
vn 0.3015 -0.0436 -0.9525
vn 0.3447 -0.0267 -0.9383
vn 0.3445 -0.0265 -0.9384
vn 0.3447 -0.0266 -0.9383
vn 0.1876 0.2404 -0.9524
vn 0.2304 0.2579 -0.9383
vn 0.2306 0.2580 -0.9382
vn 0.2304 0.2578 -0.9383
vn 0.3600 -0.3828 -0.8508
vn 0.3600 -0.3829 -0.8508
vn 0.3985 -0.3673 -0.8404
vn 0.4365 -0.3521 -0.8280
vn 0.4365 -0.3520 -0.8280
vn 0.4366 -0.3520 -0.8279
vn 0.4365 -0.3521 -0.8279
vn 0.3874 -0.0099 -0.9219
vn 0.3871 -0.0097 -0.9220
vn 0.3870 -0.0095 -0.9220
vn 0.2732 0.2754 -0.9217
vn 0.2728 0.2750 -0.9219
vn 0.1086 0.5711 -0.8137
vn 0.0712 0.5559 -0.8282
vn 0.0712 0.5562 -0.8280
vn 0.0331 0.5408 -0.8405
vn 0.0331 0.5409 -0.8404
vn -0.0055 0.5255 -0.8508
vn -0.0054 0.5255 -0.8508
vn -0.0056 0.5254 -0.8508
vn 0.1438 0.2230 -0.9642
vn 0.2581 -0.0614 -0.9642
vn -0.6656 -0.4328 -0.6081
vn -0.6370 -0.4215 -0.6454
vn -0.6371 -0.4214 -0.6454
vn -0.7799 -0.1486 -0.6080
vn -0.7799 -0.1484 -0.6080
vn -0.7514 -0.1370 -0.6455
vn -0.7512 -0.1371 -0.6456
vn -0.7514 -0.1371 -0.6455
vn -0.4787 -0.7202 -0.5021
vn -0.4552 -0.7106 -0.5366
vn -0.4551 -0.7106 -0.5365
vn -0.4301 -0.7006 -0.5693
vn -0.4033 -0.6898 -0.6013
vn -0.4032 -0.6898 -0.6014
vn -0.6068 -0.4093 -0.6814
vn -0.6069 -0.4093 -0.6813
vn -0.7686 0.2186 -0.6012
vn -0.7955 0.2077 -0.5692
vn -0.8205 0.1976 -0.5364
vn -0.8204 0.1975 -0.5366
vn -0.8441 0.1881 -0.5021
vn -0.8067 -0.1592 -0.5691
vn -0.8067 -0.1591 -0.5691
vn -0.8068 -0.1592 -0.5690
vn -0.8068 -0.1593 -0.5690
vn -0.6924 -0.4436 -0.5690
vn -0.6923 -0.4438 -0.5690
vn -0.6925 -0.4436 -0.5690
vn 0.7071 -0.7071 -0.0000
vn -0.4485 -0.4485 -0.7731
vn -0.1977 -0.9768 0.0821
vn -0.1976 -0.9768 0.0821
vn -0.1977 -0.9768 0.0822
vn 0.9542 0.1756 0.2422
vn 0.9542 0.1757 0.2423
vn 0.9542 0.1756 0.2421
vn -0.1754 -0.9543 0.2421
vn -0.1756 -0.9542 0.2423
vn -0.1757 -0.9542 0.2423
vn 0.9768 0.1981 0.0818
vn 0.9768 0.1979 0.0819
vn 0.9767 0.1982 0.0817
vn -0.1309 -0.9100 0.3935
vn -0.1305 -0.9099 0.3937
vn -0.1311 -0.9099 0.3935
vn -0.1312 -0.9099 0.3935
vn 0.9768 0.1977 -0.0820
vn 0.9768 0.1978 -0.0820
vn 0.9768 0.1980 -0.0819
vn -0.0670 -0.8456 0.5295
vn -0.0665 -0.8458 0.5293
vn -0.0667 -0.8456 0.5296
vn -0.0668 -0.8456 0.5297
vn 0.9542 0.1756 -0.2424
vn 0.9542 0.1756 -0.2423
vn 0.9544 0.1756 -0.2416
vn 0.9542 0.1757 -0.2423
vn 0.0149 -0.7638 0.6452
vn 0.0148 -0.7637 0.6454
vn 0.0148 -0.7638 0.6453
vn 0.0147 -0.7637 0.6454
vn 0.9098 0.1317 -0.3936
vn 0.9099 0.1311 -0.3935
vn 0.9097 0.1318 -0.3937
vn 0.9098 0.1315 -0.3936
vn 0.1106 -0.6673 0.7365
vn 0.1109 -0.6674 0.7364
vn 0.1107 -0.6674 0.7364
vn 0.1107 -0.6675 0.7363
vn 0.3316 -0.4476 -0.8305
vn 0.3315 -0.4475 -0.8305
vn 0.8456 0.0671 -0.5296
vn 0.8458 0.0665 -0.5293
vn 0.8455 0.0668 -0.5297
vn 0.8456 0.0671 -0.5295
vn 0.2179 -0.5606 0.7989
vn 0.2174 -0.5605 0.7991
vn 0.2179 -0.5606 -0.7989
vn 0.2180 -0.5606 -0.7989
vn 0.7638 -0.0147 -0.6453
vn 0.7639 -0.0150 -0.6452
vn 0.7638 -0.0146 -0.6453
vn 0.3314 -0.4470 0.8309
vn 0.3316 -0.4476 0.8305
vn 0.3314 -0.4471 0.8308
vn 0.1112 -0.6676 -0.7361
vn 0.1111 -0.6676 -0.7362
vn 0.6676 -0.1111 -0.7362
vn 0.6675 -0.1111 -0.7362
vn 0.6675 -0.1110 -0.7363
vn 0.4471 -0.3315 0.8308
vn 0.4471 -0.3314 0.8308
vn 0.4467 -0.3317 0.8309
vn 0.0149 -0.7638 -0.6453
vn 0.5606 -0.2181 -0.7989
vn 0.5604 -0.2187 -0.7988
vn 0.5606 -0.2180 -0.7989
vn 0.5606 -0.2179 -0.7989
vn 0.5601 -0.2179 0.7993
vn 0.5605 -0.2181 0.7990
vn 0.5606 -0.2179 0.7989
vn 0.5605 -0.2178 0.7990
vn -0.0670 -0.8456 -0.5296
vn -0.0669 -0.8456 -0.5295
vn -0.0671 -0.8456 -0.5296
vn -0.0671 -0.8455 -0.5297
vn 0.4476 -0.3315 -0.8305
vn 0.4472 -0.3314 -0.8307
vn 0.4476 -0.3314 -0.8305
vn 0.6677 -0.1108 0.7361
vn 0.6676 -0.1110 0.7362
vn 0.6678 -0.1110 0.7361
vn 0.6675 -0.1110 0.7363
vn -0.1311 -0.9099 -0.3935
vn -0.1312 -0.9099 -0.3935
vn 0.7638 -0.0147 0.6452
vn 0.7639 -0.0151 0.6452
vn 0.7639 -0.0148 0.6451
vn 0.7639 -0.0145 0.6452
vn -0.1755 -0.9542 -0.2422
vn -0.1753 -0.9543 -0.2419
vn -0.1756 -0.9542 -0.2423
vn -0.1757 -0.9542 -0.2423
vn 0.8455 0.0672 0.5297
vn 0.8456 0.0671 0.5296
vn 0.8456 0.0670 0.5297
vn 0.8456 0.0669 0.5297
vn -0.1982 -0.9767 -0.0818
vn -0.1982 -0.9767 -0.0819
vn -0.1977 -0.9768 -0.0820
vn -0.1976 -0.9768 -0.0820
vn 0.9098 0.1314 0.3937
vn 0.9099 0.1312 0.3936
vn 0.9098 0.1316 0.3936
vn 0.9099 0.1315 0.3935
vn -0.7071 0.7071 -0.0000
vn 0.2051 0.2051 -0.9570
vn 0.2050 0.2050 -0.9571
vn 0.2052 0.2052 0.9570
vn 0.2051 0.2051 0.9570
vn 0.2053 0.2053 0.9569
vn -0.5466 -0.5466 -0.6343
vn 0.0696 0.0696 -0.9951
vn 0.0693 0.0693 -0.9952
vn 0.3334 0.3334 0.8818
vn 0.3336 0.3336 0.8817
vn 0.3332 0.3332 0.8820
vn -0.6237 -0.6237 -0.4713
vn 0.4485 0.4485 0.7731
vn -0.6768 -0.6768 -0.2898
vn 0.5466 0.5466 0.6343
vn -0.7037 -0.7037 -0.0983
vn 0.6234 0.6234 0.4718
vn -0.7037 -0.7037 0.0984
vn -0.7037 -0.7037 0.0980
vn 0.6767 0.6767 0.2903
vn 0.6767 0.6767 0.2902
vn -0.6767 -0.6767 0.2903
vn -0.6768 -0.6768 0.2894
vn -0.6767 -0.6767 0.2902
vn 0.7037 0.7037 0.0981
vn 0.7037 0.7037 0.0984
vn -0.6234 -0.6234 0.4718
vn 0.7037 0.7037 -0.0983
vn -0.5466 -0.5466 0.6343
vn 0.6768 0.6768 -0.2898
vn 0.6767 0.6767 -0.2903
vn -0.4485 -0.4485 0.7731
vn 0.6237 0.6237 -0.4713
vn -0.3333 -0.3333 0.8820
vn -0.0695 -0.0695 -0.9952
vn 0.5466 0.5466 -0.6343
vn -0.2049 -0.2049 0.9571
vn -0.2054 -0.2054 0.9569
vn -0.2049 -0.2049 -0.9571
vn -0.2052 -0.2052 -0.9570
vn 0.4485 0.4485 -0.7731
vn -0.0695 -0.0695 0.9952
vn -0.3333 -0.3333 -0.8820
vn 0.3334 0.3334 -0.8818
vn 0.3336 0.3336 -0.8817
vn 0.3332 0.3332 -0.8820
vn 0.0694 0.0694 0.9952
vn 0.0696 0.0696 0.9951
vn -0.2503 -0.9343 -0.2540
vn -0.2506 -0.9342 -0.2540
vn -0.2501 -0.9343 -0.2540
vn -0.2504 -0.9341 -0.2544
vn 0.8203 0.1366 0.5553
vn 0.8204 0.1365 0.5552
vn 0.8203 0.1365 0.5554
vn 0.8205 0.1369 0.5551
vn -0.2742 -0.9578 -0.0860
vn -0.2740 -0.9579 -0.0858
vn -0.2740 -0.9579 -0.0855
vn -0.2740 -0.9579 -0.0857
vn 0.8878 0.2036 0.4127
vn 0.8878 0.2039 0.4125
vn 0.8879 0.2039 0.4124
vn 0.8877 0.2034 0.4130
vn -0.2742 -0.9578 0.0859
vn -0.2740 -0.9579 0.0854
vn -0.2743 -0.9578 0.0861
vn 0.9343 0.2503 0.2539
vn 0.9342 0.2502 0.2545
vn 0.9342 0.2502 0.2542
vn 0.9341 0.2504 0.2544
vn -0.2505 -0.9341 0.2542
vn -0.2504 -0.9341 0.2544
vn -0.2506 -0.9342 0.2540
vn -0.2502 -0.9343 0.2541
vn 0.9579 0.2740 0.0854
vn 0.9579 0.2740 0.0860
vn 0.9579 0.2740 0.0855
vn 0.9579 0.2740 0.0856
vn -0.2039 -0.8876 0.4130
vn -0.2039 -0.8878 0.4126
vn -0.2039 -0.8877 0.4127
vn -0.2039 -0.8876 0.4131
vn 0.9580 0.2740 -0.0852
vn 0.9580 0.2739 -0.0852
vn -0.1366 -0.8205 0.5551
vn -0.1365 -0.8204 0.5552
vn -0.1366 -0.8202 0.5555
vn -0.1366 -0.8206 0.5550
vn 0.9342 0.2503 -0.2541
vn 0.9340 0.2503 -0.2548
vn 0.9342 0.2502 -0.2544
vn 0.9342 0.2502 -0.2543
vn -0.0508 -0.7344 0.6768
vn -0.0506 -0.7345 0.6767
vn -0.0508 -0.7347 0.6765
vn -0.0507 -0.7343 0.6770
vn 0.8877 0.2039 -0.4128
vn 0.8878 0.2039 -0.4125
vn 0.8878 0.2039 -0.4126
vn 0.8876 0.2039 -0.4131
vn 0.0502 -0.6336 0.7720
vn 0.0500 -0.6336 0.7720
vn 0.0500 -0.6337 0.7719
vn 0.0499 -0.6340 0.7717
vn 0.2818 -0.4022 -0.8711
vn 0.2815 -0.4025 -0.8711
vn 0.2813 -0.4026 -0.8711
vn 0.8203 0.1367 -0.5553
vn 0.8204 0.1365 -0.5553
vn 0.8204 0.1364 -0.5553
vn 0.8207 0.1363 -0.5549
vn 0.1621 -0.5216 0.8376
vn 0.1623 -0.5216 0.8376
vn 0.1621 -0.5214 0.8377
vn 0.1620 -0.5217 0.8376
vn 0.1622 -0.5217 -0.8375
vn 0.1622 -0.5218 -0.8375
vn 0.1623 -0.5217 -0.8376
vn 0.1617 -0.5221 -0.8374
vn 0.7345 0.0508 -0.6767
vn 0.7349 0.0509 -0.6762
vn 0.7346 0.0507 -0.6766
vn 0.7343 0.0507 -0.6770
vn 0.2814 -0.4022 0.8712
vn 0.2811 -0.4028 0.8710
vn 0.2812 -0.4026 0.8711
vn 0.2812 -0.4027 0.8711
vn 0.0507 -0.6335 -0.7721
vn 0.0497 -0.6339 -0.7718
vn 0.0500 -0.6338 -0.7719
vn 0.0503 -0.6337 -0.7720
vn 0.6339 -0.0503 -0.7718
vn 0.6338 -0.0502 -0.7719
vn 0.6334 -0.0505 -0.7722
vn 0.6342 -0.0502 -0.7715
vn 0.4024 -0.2815 0.8711
vn 0.4026 -0.2813 0.8711
vn 0.4026 -0.2810 0.8712
vn 0.4023 -0.2818 0.8711
vn -0.0508 -0.7345 -0.6767
vn -0.0507 -0.7348 -0.6763
vn -0.0508 -0.7348 -0.6764
vn -0.0507 -0.7347 -0.6765
vn 0.5218 -0.1620 -0.8375
vn 0.5221 -0.1618 -0.8374
vn 0.5215 -0.1625 -0.8376
vn 0.5217 -0.1620 -0.8376
vn 0.5216 -0.1620 0.8377
vn 0.5214 -0.1623 0.8377
vn 0.5215 -0.1622 0.8377
vn 0.5216 -0.1619 0.8377
vn -0.1364 -0.8203 -0.5554
vn -0.1363 -0.8202 -0.5555
vn -0.1365 -0.8203 -0.5554
vn -0.1363 -0.8204 -0.5554
vn 0.4025 -0.2815 -0.8711
vn 0.4023 -0.2817 -0.8711
vn 0.4026 -0.2814 -0.8711
vn 0.6339 -0.0498 0.7718
vn 0.6337 -0.0502 0.7719
vn 0.6338 -0.0501 0.7719
vn -0.2039 -0.8877 -0.4127
vn -0.2039 -0.8878 -0.4126
vn -0.2039 -0.8876 -0.4130
vn -0.2039 -0.8876 -0.4131
vn 0.7345 0.0506 0.6768
vn 0.7346 0.0506 0.6766
vn 0.7346 0.0510 0.6766
vn 0.7344 0.0505 0.6768
vn 0.7037 0.7037 -0.0981
vn 0.7775 -0.4327 -0.4563
vn 0.7777 -0.4328 -0.4560
vn 0.7776 -0.4325 -0.4565
vn 0.7776 -0.4325 -0.4564
vn 0.6411 -0.5693 0.5147
vn 0.6411 -0.5693 0.5148
vn 0.6411 -0.5694 0.5146
vn 0.6411 -0.5695 0.5145
vn 0.3726 -0.8371 -0.4005
vn 0.3729 -0.8372 -0.4000
vn 0.3731 -0.8373 -0.3995
vn 0.3724 -0.8370 -0.4009
vn 0.7113 -0.4988 -0.4953
vn 0.7113 -0.4989 -0.4951
vn 0.7113 -0.4989 -0.4952
vn 0.7113 -0.4988 0.4952
vn 0.7112 -0.4985 0.4957
vn 0.7111 -0.4990 0.4953
vn 0.7113 -0.4987 0.4953
vn 0.3217 -0.8881 -0.3284
vn 0.3218 -0.8880 -0.3284
vn 0.3227 -0.8878 -0.3282
vn 0.3221 -0.8880 -0.3283
vn 0.6411 -0.5693 -0.5147
vn 0.6409 -0.5692 -0.5151
vn 0.6411 -0.5694 -0.5146
vn 0.6411 -0.5693 -0.5148
vn 0.7776 -0.4324 0.4565
vn 0.7776 -0.4321 0.4567
vn 0.7776 -0.4325 0.4563
vn 0.7775 -0.4322 0.4569
vn 0.2817 -0.9279 -0.2442
vn 0.2818 -0.9279 -0.2443
vn 0.2820 -0.9278 -0.2442
vn 0.2818 -0.9279 -0.2441
vn 0.8371 -0.3729 0.4004
vn 0.8370 -0.3731 0.4003
vn 0.8371 -0.3728 0.4003
vn 0.8372 -0.3725 0.4003
vn 0.2549 -0.9553 -0.1501
vn 0.2551 -0.9552 -0.1502
vn 0.2550 -0.9552 -0.1502
vn 0.2548 -0.9553 -0.1502
vn 0.8881 -0.3215 0.3285
vn 0.8879 -0.3222 0.3283
vn 0.8879 -0.3221 0.3284
vn 0.8878 -0.3225 0.3283
vn 0.2414 -0.9691 -0.0507
vn 0.2412 -0.9692 -0.0508
vn 0.2412 -0.9691 -0.0507
vn 0.2410 -0.9692 -0.0507
vn 0.9278 -0.2824 0.2439
vn 0.9277 -0.2828 0.2439
vn 0.9279 -0.2820 0.2440
vn 0.2410 -0.9692 0.0508
vn 0.2414 -0.9691 0.0506
vn 0.2412 -0.9691 0.0507
vn 0.2412 -0.9692 0.0508
vn 0.9552 -0.2552 0.1502
vn 0.9552 -0.2551 0.1502
vn 0.9551 -0.2554 0.1502
vn 0.9551 -0.2555 0.1502
vn 0.2549 -0.9553 0.1501
vn 0.2542 -0.9554 0.1500
vn 0.2544 -0.9554 0.1501
vn 0.2551 -0.9552 0.1502
vn 0.9691 -0.2414 0.0507
vn 0.9691 -0.2412 0.0507
vn 0.9692 -0.2412 0.0507
vn 0.2820 -0.9278 0.2442
vn 0.2822 -0.9278 0.2441
vn 0.2817 -0.9279 0.2442
vn 0.2818 -0.9279 0.2441
vn 0.9691 -0.2412 -0.0507
vn 0.9692 -0.2412 -0.0508
vn 0.9691 -0.2414 -0.0507
vn 0.9691 -0.2414 -0.0506
vn 0.3220 -0.8880 0.3282
vn 0.3221 -0.8879 0.3283
vn 0.3221 -0.8880 0.3283
vn 0.3221 -0.8880 0.3282
vn 0.9551 -0.2553 -0.1501
vn 0.9551 -0.2554 -0.1501
vn 0.9551 -0.2552 -0.1503
vn 0.9552 -0.2551 -0.1503
vn 0.3729 -0.8372 0.4000
vn 0.3728 -0.8372 0.4002
vn 0.3729 -0.8372 0.3999
vn 0.9278 -0.2824 -0.2439
vn 0.9279 -0.2823 -0.2436
vn 0.9278 -0.2824 -0.2438
vn 0.4324 -0.7776 0.4565
vn 0.4321 -0.7776 0.4568
vn 0.4322 -0.7776 0.4567
vn 0.5694 -0.6411 -0.5146
vn 0.5695 -0.6411 -0.5145
vn 0.5693 -0.6411 -0.5147
vn 0.8879 -0.3225 -0.3279
vn 0.8880 -0.3222 -0.3282
vn 0.8879 -0.3221 -0.3284
vn 0.8880 -0.3221 -0.3283
vn 0.4989 -0.7112 0.4953
vn 0.4989 -0.7113 0.4951
vn 0.4988 -0.7110 0.4956
vn 0.4988 -0.7111 0.4956
vn 0.4989 -0.7114 -0.4950
vn 0.4988 -0.7114 -0.4950
vn 0.4991 -0.7114 -0.4948
vn 0.4990 -0.7113 -0.4950
vn 0.8371 -0.3726 -0.4005
vn 0.8372 -0.3729 -0.4001
vn 0.8373 -0.3731 -0.3995
vn 0.8372 -0.3729 -0.4000
vn 0.5694 -0.6411 0.5146
vn 0.5694 -0.6411 0.5145
vn 0.5694 -0.6410 0.5147
vn 0.5693 -0.6410 0.5148
vn 0.4325 -0.7776 -0.4564
vn 0.4328 -0.7774 -0.4563
vn 0.4324 -0.7776 -0.4565
vn -0.5467 -0.5467 0.6343
vn -0.5469 -0.5469 0.6338
vn -0.4482 -0.4482 0.7735
vn 0.6235 0.6235 -0.4716
vn -0.3335 -0.3335 0.8818
vn -0.0694 -0.0694 -0.9952
vn -0.0692 -0.0692 -0.9952
vn 0.5468 0.5468 -0.6341
vn 0.5469 0.5469 -0.6338
vn -0.2052 -0.2052 0.9569
vn -0.2052 -0.2052 -0.9569
vn 0.4487 0.4487 -0.7729
vn -0.0694 -0.0694 0.9952
vn -0.3335 -0.3335 -0.8818
vn 0.3335 0.3335 -0.8818
vn -0.4487 -0.4487 -0.7729
vn -0.4482 -0.4482 -0.7735
vn 0.2052 0.2052 -0.9569
vn 0.2052 0.2052 0.9569
vn -0.5467 -0.5467 -0.6342
vn -0.5469 -0.5469 -0.6338
vn 0.0694 0.0694 -0.9952
vn 0.0692 0.0692 -0.9952
vn 0.3335 0.3335 0.8818
vn -0.6235 -0.6235 -0.4716
vn 0.4484 0.4484 0.7732
vn -0.6767 -0.6767 -0.2903
vn 0.5465 0.5465 0.6346
vn 0.5465 0.5465 0.6345
vn -0.7037 -0.7037 -0.0981
vn 0.6235 0.6235 0.4716
vn -0.7037 -0.7037 0.0981
vn -0.6235 -0.6235 0.4716
vn 0.2509 0.2509 0.9349
vn 0.2510 0.2510 0.9349
vn 0.1173 0.1173 0.9861
vn 0.1172 0.1172 0.9862
vn -0.0211 -0.0211 0.9996
vn -0.1586 -0.1586 0.9745
vn -0.2899 -0.2899 0.9121
vn -0.2900 -0.2900 0.9121
vn -0.2900 -0.2900 0.9120
vn -0.4102 -0.4102 0.8145
vn -0.5147 -0.5147 0.6856
vn -0.5147 -0.5147 0.6857
vn -0.5994 -0.5994 0.5306
vn -0.5993 -0.5993 0.5307
vn -0.5993 -0.5993 0.5308
vn -0.6611 -0.6611 0.3549
vn -0.6973 -0.6973 0.1658
vn -0.7068 -0.7068 -0.0299
vn -0.6891 -0.6891 -0.2243
vn -0.6449 -0.6449 -0.4101
vn -0.6450 -0.6450 -0.4100
vn -0.5759 -0.5759 -0.5802
vn -0.4849 -0.4849 -0.7279
vn -0.3752 -0.3752 -0.8476
vn -0.3751 -0.3751 -0.8477
vn -0.2509 -0.2509 -0.9349
vn -0.2510 -0.2510 -0.9349
vn -0.1173 -0.1173 -0.9861
vn -0.1172 -0.1172 -0.9862
vn 0.0211 0.0211 -0.9996
vn 0.1586 0.1586 -0.9745
vn 0.2899 0.2899 -0.9121
vn 0.4102 0.4102 -0.8145
vn 0.5147 0.5147 -0.6856
vn 0.5147 0.5147 -0.6857
vn 0.5994 0.5994 -0.5305
vn 0.6611 0.6611 -0.3549
vn 0.6973 0.6973 -0.1658
vn 0.6973 0.6973 -0.1657
vn 0.6973 0.6973 -0.1659
vn 0.7068 0.7068 0.0299
vn 0.6891 0.6891 0.2243
vn 0.6449 0.6449 0.4102
vn 0.6450 0.6450 0.4100
vn 0.6449 0.6449 0.4101
vn 0.5759 0.5759 0.5802
vn 0.5760 0.5760 0.5801
vn -0.9135 -0.2620 0.3113
vn 0.4848 0.4848 0.7279
vn 0.4849 0.4849 0.7279
vn 0.3752 0.3752 0.8476
vn 0.3753 0.3753 0.8475
vn 0.7071 -0.7071 0.0001
vn 0.7071 -0.7071 -0.0002
vn 0.7071 -0.7071 0.0006
vn 0.7071 -0.7071 0.0003
vn 0.7071 -0.7071 -0.0001
vn 0.7071 -0.7071 -0.0003
vn 0.7071 -0.7071 -0.0006
vn -0.4815 0.3998 0.7800
vn -0.4817 0.3997 0.7799
vn -0.4399 0.5530 -0.7075
vn -0.4401 0.5529 -0.7075
vn -0.4399 0.5530 -0.7076
vn -0.5776 0.8079 -0.1168
vn -0.5776 0.8080 -0.1165
vn -0.5776 0.8080 -0.1167
vn -0.5776 0.8079 -0.1169
vn -0.5548 0.0839 0.8278
vn -0.5548 0.0839 0.8277
vn -0.8046 -0.1529 -0.5738
vn -0.8045 -0.1529 -0.5739
vn -0.6187 0.7856 -0.0100
vn -0.6187 0.7855 -0.0100
vn -0.6186 0.7856 -0.0099
vn -0.0761 0.6736 0.7351
vn -0.0759 0.6737 0.7351
vn -0.0339 0.8199 0.5716
vn -0.0337 0.8200 0.5714
vn -0.0338 0.8200 0.5714
vn -0.0338 0.8198 0.5716
vn -0.9453 -0.2970 0.1349
vn -0.4124 0.7295 -0.5457
vn -0.4126 0.7294 -0.5456
vn -0.4123 0.7295 -0.5457
vn -0.4641 0.8800 -0.1016
vn -0.4641 0.8799 -0.1016
vn -0.4642 0.8799 -0.1015
vn -0.4642 0.8799 -0.1014
vn -0.6737 -0.0305 0.7383
vn -0.6738 -0.0306 0.7383
vn -0.6738 -0.0305 0.7383
vn -0.7112 -0.0263 -0.7025
vn -0.7114 -0.0264 -0.7023
vn -0.7113 -0.0264 -0.7024
vn -0.6598 0.7513 -0.0115
vn -0.1694 0.5155 0.8400
vn -0.1693 0.5155 0.8400
vn -0.1695 0.5154 0.8400
vn -0.1696 0.5154 0.8400
vn -0.9504 -0.3072 -0.0493
vn -0.4335 0.8316 -0.3472
vn -0.4336 0.8315 -0.3473
vn -0.4336 0.8314 -0.3474
vn -0.3168 0.9484 -0.0143
vn -0.3167 0.9484 -0.0143
vn -0.3167 0.9484 -0.0145
vn -0.7755 -0.1272 0.6184
vn -0.6083 0.1412 -0.7810
vn -0.6085 0.1411 -0.7809
vn -0.6084 0.1412 -0.7810
vn -0.6715 0.7397 -0.0446
vn -0.6715 0.7396 -0.0447
vn -0.2917 0.3599 0.8862
vn -0.2917 0.3600 0.8862
vn -0.9280 -0.2892 -0.2348
vn -0.9280 -0.2892 -0.2349
vn -0.4892 0.8548 -0.1730
vn -0.4894 0.8547 -0.1730
vn -0.4893 0.8548 -0.1730
vn -0.4892 0.8549 -0.1730
vn -0.1678 0.9742 0.1512
vn -0.1679 0.9741 0.1512
vn -0.1670 0.9742 0.1517
vn -0.1677 0.9742 0.1510
vn -0.8562 -0.2049 0.4742
vn -0.8563 -0.2049 0.4742
vn -0.5112 0.3425 -0.7883
vn -0.5115 0.3424 -0.7882
vn -0.5115 0.3423 -0.7882
vn -0.6461 0.7581 -0.0879
vn -0.6461 0.7581 -0.0880
vn -0.6462 0.7581 -0.0879
vn -0.4246 0.2147 0.8795
vn -0.4246 0.2148 0.8795
vn -0.8786 -0.2393 -0.4132
vn -0.8787 -0.2393 -0.4131
vn -0.5573 0.8282 -0.0592
vn -0.5575 0.8280 -0.0593
vn -0.5574 0.8281 -0.0593
vn -0.0637 0.9293 0.3639
vn -0.0635 0.9293 0.3637
vn 0.8639 0.2961 -0.4074
vn 0.8638 0.2960 -0.4077
vn 0.8639 0.2962 -0.4073
vn 0.8639 0.2961 -0.4073
vn 0.8644 0.2958 -0.4066
vn 0.8640 0.2960 -0.4073
vn 0.8640 0.2961 -0.4073
vn 0.8640 0.2961 -0.4072
vn 0.8640 0.2958 -0.4073
vn 0.8637 0.2966 -0.4075
vn 0.8641 0.2951 -0.4076
vn 0.8639 0.2962 -0.4074
vn 0.8639 0.2959 -0.4076
vn 0.8639 0.2960 -0.4075
vn 0.8639 0.2964 -0.4072
vn 0.8639 0.2961 -0.4075
vn 0.8640 0.2959 -0.4073
vn 0.8635 0.2969 -0.4077
vn 0.8637 0.2962 -0.4077
vn 0.7369 0.5876 0.3343
vn 0.7368 0.5878 0.3341
vn 0.7370 0.5876 0.3341
vn 0.7369 0.5876 0.3341
vn 0.2864 0.1372 -0.9482
vn 0.2864 0.1374 -0.9482
vn 0.2865 0.1372 -0.9482
vn -0.6262 0.4080 0.6644
vn -0.6265 0.4080 0.6641
vn -0.6261 0.4080 0.6645
vn 0.4685 0.3443 0.8136
vn 0.4684 0.3442 0.8137
vn 0.4686 0.3444 0.8135
vn 0.3952 0.8679 -0.3010
vn 0.3952 0.8678 -0.3012
vn 0.3953 0.8678 -0.3011
vn 0.3954 0.8678 -0.3009
vn -0.7408 0.4007 0.5391
vn -0.7409 0.4007 0.5389
vn 0.1041 0.9909 0.0855
vn 0.1043 0.9908 0.0858
vn 0.1041 0.9909 0.0856
vn -0.8298 0.3794 0.4093
vn -0.8297 0.3794 0.4093
vn -0.1180 0.9816 0.1500
vn -0.1178 0.9816 0.1503
vn -0.1180 0.9816 0.1499
vn -0.8966 0.3450 0.2775
vn -0.8968 0.3450 0.2771
vn -0.2759 0.9548 0.1104
vn -0.2757 0.9549 0.1106
vn -0.9438 0.2979 0.1431
vn -0.9438 0.2979 0.1434
vn -0.3877 0.9213 0.0287
vn -0.3878 0.9213 0.0285
vn -0.9712 0.2380 0.0065
vn -0.9713 0.2379 0.0064
vn -0.9713 0.2379 0.0065
vn -0.9713 0.2380 0.0065
vn -0.4626 0.8834 -0.0748
vn -0.4626 0.8834 -0.0749
vn -0.4626 0.8834 -0.0747
vn -0.9773 0.1643 -0.1340
vn -0.9772 0.1643 -0.1342
vn -0.5036 0.8423 -0.1919
vn -0.5037 0.8423 -0.1920
vn -0.5036 0.8423 -0.1918
vn -0.9574 0.0769 -0.2783
vn -0.9574 0.0770 -0.2784
vn -0.9574 0.0768 -0.2783
vn -0.5094 0.7996 -0.3180
vn -0.5093 0.7997 -0.3179
vn -0.9048 -0.0235 -0.4251
vn -0.9048 -0.0234 -0.4251
vn -0.9048 -0.0235 -0.4252
vn -0.4723 0.7583 -0.4493
vn -0.4725 0.7582 -0.4494
vn -0.4724 0.7582 -0.4494
vn -0.4724 0.7583 -0.4493
vn -0.8101 -0.1324 -0.5712
vn -0.8102 -0.1322 -0.5710
vn 0.1714 0.3126 0.9343
vn 0.1712 0.3126 0.9343
vn -0.3734 0.7262 -0.5772
vn -0.3736 0.7260 -0.5774
vn -0.3735 0.7260 -0.5774
vn -0.3735 0.7261 -0.5773
vn -0.6627 -0.2371 -0.7103
vn -0.6629 -0.2370 -0.7102
vn -0.6628 -0.2371 -0.7103
vn -0.0843 0.3413 0.9362
vn -0.0845 0.3411 0.9362
vn -0.0845 0.3412 0.9362
vn -0.1606 0.7260 -0.6687
vn -0.1607 0.7259 -0.6688
vn -0.1608 0.7258 -0.6689
vn -0.1608 0.7258 -0.6688
vn -0.4507 -0.3097 -0.8372
vn -0.4508 -0.3096 -0.8372
vn -0.4508 -0.3097 -0.8372
vn -0.3017 0.3761 0.8761
vn -0.3020 0.3760 0.8760
vn 0.3149 0.7875 -0.5299
vn 0.3151 0.7875 -0.5296
vn 0.3150 0.7876 -0.5297
vn 0.3150 0.7876 -0.5296
vn -0.1508 -0.2749 -0.9496
vn -0.1508 -0.2748 -0.9496
vn -0.5054 -0.5054 0.6994
vn -0.5054 -0.5054 0.6993
vn -0.5922 -0.5922 0.5465
vn -0.5921 -0.5921 0.5466
vn -0.6562 -0.6562 0.3726
vn -0.6950 -0.6950 0.1844
vn -0.7071 -0.7071 -0.0109
vn -0.6920 -0.6920 -0.2057
vn -0.6503 -0.6503 -0.3927
vn -0.5836 -0.5836 -0.5646
vn -0.4945 -0.4945 -0.7148
vn -0.3864 -0.3864 -0.8375
vn -0.3865 -0.3865 -0.8374
vn -0.2635 -0.2635 -0.9280
vn -0.2634 -0.2634 -0.9280
vn -0.1304 -0.1304 -0.9828
vn -0.1304 -0.1304 -0.9829
vn 0.0077 0.0077 -0.9999
vn 0.1455 0.1455 -0.9786
vn 0.2777 0.2777 -0.9197
vn 0.2776 0.2776 -0.9197
vn 0.3992 0.3992 -0.8254
vn 0.5054 0.5054 -0.6994
vn 0.5054 0.5054 -0.6993
vn 0.5922 0.5922 -0.5465
vn 0.5921 0.5921 -0.5466
vn 0.6562 0.6562 -0.3726
vn 0.6950 0.6950 -0.1844
vn 0.7071 0.7071 0.0109
vn 0.6920 0.6920 0.2058
vn 0.6503 0.6503 0.3927
vn 0.5836 0.5836 0.5646
vn 0.4945 0.4945 0.7148
vn 0.3864 0.3864 0.8375
vn 0.3864 0.3864 0.8374
vn 0.2635 0.2635 0.9280
vn 0.1304 0.1304 0.9829
vn -0.0077 -0.0077 0.9999
vn -0.1455 -0.1455 0.9786
vn -0.7626 -0.1112 -0.6372
vn -0.7626 -0.1113 -0.6372
vn -0.2777 -0.2777 0.9197
vn -0.2776 -0.2776 0.9197
vn -0.3993 -0.3993 0.8253
vn -0.3996 -0.3996 0.8250
vn -0.3992 -0.3992 0.8254
vn 0.7071 -0.7071 0.0004
vn 0.7071 -0.7071 0.0002
vn 0.7071 -0.7071 -0.0005
vn -0.9625 -0.0811 0.2590
vn -0.9624 -0.0812 0.2591
vn -0.0153 0.9776 -0.2098
vn -0.0154 0.9776 -0.2100
vn -0.5711 0.8145 0.1025
vn -0.5711 0.8144 0.1027
vn -0.5711 0.8145 0.1026
vn -0.5710 0.8145 0.1024
vn -0.9500 -0.3112 0.0260
vn -0.1455 0.5061 -0.8501
vn -0.1453 0.5062 -0.8501
vn -0.1454 0.5061 -0.8501
vn -0.6623 0.7419 0.1041
vn -0.6624 0.7419 0.1042
vn -0.7316 0.0179 0.6815
vn -0.7315 0.0180 0.6816
vn -0.7316 0.0178 0.6815
vn -0.6400 0.2138 0.7380
vn -0.6398 0.2140 0.7382
vn -0.6601 -0.0118 -0.7511
vn -0.1540 0.9880 -0.0128
vn -0.1541 0.9880 -0.0127
vn -0.1540 0.9880 -0.0130
vn -0.1540 0.9880 -0.0131
vn -0.5230 0.8210 0.2289
vn -0.5232 0.8209 0.2289
vn -0.5233 0.8208 0.2289
vn -0.9410 -0.2977 -0.1610
vn -0.9410 -0.2978 -0.1610
vn -0.0348 0.6501 -0.7591
vn -0.0349 0.6500 -0.7591
vn -0.0348 0.6500 -0.7591
vn -0.6798 0.7313 0.0548
vn -0.6798 0.7313 0.0547
vn -0.8176 -0.1327 0.5604
vn -0.8177 -0.1328 0.5602
vn -0.8176 -0.1327 0.5602
vn -0.8175 -0.1327 0.5604
vn -0.5412 0.1020 -0.8347
vn -0.5412 0.1019 -0.8347
vn -0.3279 0.9372 0.1188
vn -0.3280 0.9372 0.1190
vn -0.3280 0.9372 0.1189
vn -0.4970 0.7682 0.4037
vn -0.4968 0.7682 0.4037
vn -0.4968 0.7683 0.4037
vn -0.9055 -0.2572 -0.3376
vn -0.9055 -0.2572 -0.3375
vn -0.9055 -0.2573 -0.3375
vn -0.9055 -0.2574 -0.3375
vn 0.0379 0.7875 -0.6152
vn 0.0377 0.7874 -0.6154
vn 0.0377 0.7874 -0.6153
vn -0.6630 0.7482 0.0262
vn -0.6630 0.7481 0.0263
vn -0.6630 0.7482 0.0263
vn -0.8865 -0.2348 0.3987
vn -0.8864 -0.2347 0.3989
vn -0.8865 -0.2348 0.3989
vn -0.8865 -0.2349 0.3987
vn -0.4107 0.2281 -0.8828
vn -0.4109 0.2279 -0.8827
vn -0.4108 0.2280 -0.8827
vn -0.4108 0.2280 -0.8828
vn -0.4868 0.8572 0.1678
vn -0.4869 0.8572 0.1676
vn -0.5074 0.6345 0.5830
vn -0.5076 0.6343 0.5831
vn -0.5076 0.6343 0.5830
vn -0.8453 -0.1939 -0.4979
vn -0.8453 -0.1940 -0.4978
vn 0.0500 0.9038 -0.4250
vn 0.0501 0.9039 -0.4248
vn -0.6227 0.7816 0.0374
vn -0.6226 0.7817 0.0374
vn -0.9316 -0.2923 0.2160
vn -0.9316 -0.2922 0.2160
vn -0.2755 0.3638 -0.8898
vn -0.2755 0.3637 -0.8898
vn -0.2756 0.3638 -0.8898
vn -0.6002 0.7853 0.1517
vn -0.6002 0.7853 0.1519
vn -0.6002 0.7854 0.1516
vn -0.5590 0.4340 0.7066
vn -0.5589 0.4339 0.7066
vn -0.5592 0.4338 0.7065
vn 0.7800 0.2123 0.5887
vn 0.7799 0.2119 0.5889
vn 0.7800 0.2126 0.5886
vn 0.7800 0.2124 0.5887
vn 0.7800 0.2126 0.5885
vn 0.7800 0.2122 0.5887
vn 0.7801 0.2127 0.5883
vn 0.7799 0.2123 0.5888
vn 0.7802 0.2126 0.5883
vn 0.7804 0.2122 0.5881
vn 0.7798 0.2121 0.5890
vn 0.7799 0.2123 0.5887
vn 0.7802 0.2129 0.5883
vn 0.7798 0.2124 0.5889
vn 0.7803 0.2121 0.5883
vn 0.7796 0.2124 0.5891
vn 0.7803 0.2126 0.5881
vn 0.7800 0.2124 0.5886
vn 0.1231 -0.0262 0.9920
vn 0.1231 -0.0261 0.9921
vn 0.1230 -0.0260 0.9921
vn 0.1231 -0.0260 0.9921
vn 0.7739 0.6246 -0.1046
vn 0.7738 0.6247 -0.1046
vn 0.7738 0.6247 -0.1048
vn -0.9913 0.0429 0.1242
vn -0.9913 0.0430 0.1242
vn -0.9913 0.0431 0.1242
vn -0.3025 -0.4268 0.8523
vn -0.3024 -0.4268 0.8523
vn -0.3024 -0.4269 0.8523
vn 0.2115 0.6841 0.6981
vn 0.2116 0.6842 0.6979
vn 0.2116 0.6842 0.6980
vn 0.2117 0.6841 0.6979
vn -0.9881 0.1535 -0.0047
vn -0.9881 0.1534 -0.0046
vn -0.9881 0.1535 -0.0046
vn -0.9881 0.1535 -0.0048
vn -0.2797 0.6069 0.7439
vn -0.2798 0.6068 0.7440
vn -0.2798 0.6067 0.7441
vn -0.2797 0.6068 0.7440
vn -0.9599 0.2492 -0.1281
vn -0.9600 0.2491 -0.1279
vn -0.9600 0.2492 -0.1279
vn -0.4744 0.6252 0.6198
vn -0.4744 0.6251 0.6198
vn -0.4742 0.6254 0.6197
vn -0.9110 0.3308 -0.2464
vn -0.9109 0.3309 -0.2466
vn -0.9109 0.3310 -0.2464
vn -0.5511 0.6796 0.4843
vn -0.5510 0.6796 0.4843
vn -0.5512 0.6795 0.4843
vn -0.5512 0.6795 0.4842
vn -0.8429 0.3988 -0.3612
vn -0.8430 0.3988 -0.3610
vn -0.5663 0.7427 0.3573
vn -0.5663 0.7428 0.3572
vn -0.5664 0.7427 0.3574
vn -0.7555 0.4537 -0.4727
vn -0.7554 0.4537 -0.4727
vn -0.7554 0.4538 -0.4727
vn -0.5403 0.8057 0.2428
vn -0.5403 0.8057 0.2427
vn -0.6465 0.4951 -0.5804
vn -0.6466 0.4951 -0.5804
vn -0.4810 0.8651 0.1426
vn -0.4809 0.8651 0.1426
vn -0.5130 0.5214 -0.6819
vn -0.5132 0.5214 -0.6818
vn -0.5128 0.5213 -0.6821
vn -0.3904 0.9186 0.0609
vn -0.3905 0.9186 0.0609
vn -0.3509 0.5304 -0.7717
vn -0.3508 0.5305 -0.7717
vn -0.3510 0.5304 -0.7717
vn -0.2668 0.9637 0.0052
vn -0.2669 0.9637 0.0053
vn -0.2670 0.9637 0.0054
vn -0.1573 0.5206 -0.8392
vn -0.1576 0.5206 -0.8391
vn -0.5791 -0.4381 0.6875
vn -0.5793 -0.4381 0.6873
vn -0.5792 -0.4381 0.6875
vn -0.1053 0.9944 -0.0023
vn -0.1050 0.9945 -0.0025
vn -0.1051 0.9945 -0.0025
vn 0.0674 0.4930 -0.8674
vn 0.0674 0.4931 -0.8674
vn 0.0677 0.4931 -0.8674
vn -0.7682 -0.3424 0.5410
vn -0.7681 -0.3425 0.5410
vn -0.7682 -0.3423 0.5409
vn 0.1030 0.9898 0.0987
vn 0.1031 0.9898 0.0986
vn 0.1033 0.9898 0.0985
vn 0.3199 0.4610 -0.8277
vn 0.3198 0.4610 -0.8277
vn 0.3199 0.4611 -0.8277
vn 0.3200 0.4611 -0.8276
vn -0.8919 -0.2139 0.3985
vn -0.8918 -0.2140 0.3987
vn -0.8919 -0.2139 0.3984
vn 0.3275 0.8002 0.5024
vn 0.3274 0.8002 0.5025
vn 0.3274 0.8002 0.5024
vn 0.3276 0.8002 0.5023
vn 0.5922 0.4681 -0.6559
vn 0.5923 0.4681 -0.6558
vn 0.5924 0.4682 -0.6556
vn -0.0425 -0.0425 0.9982
vn -0.0426 -0.0426 0.9982
vn -0.1795 -0.1795 0.9673
vn -0.3094 -0.3094 0.8992
vn -0.3095 -0.3095 0.8992
vn -0.4276 -0.4276 0.7965
vn -0.4275 -0.4275 0.7965
vn -0.5292 -0.5292 0.6632
vn -0.5292 -0.5292 0.6633
vn -0.6108 -0.6108 0.5039
vn -0.6106 -0.6106 0.5043
vn -0.6105 -0.6105 0.5045
vn -0.6684 -0.6684 0.3264
vn -0.6684 -0.6684 0.3265
vn -0.7006 -0.7006 0.1357
vn -0.7058 -0.7058 -0.0602
vn -0.6840 -0.6840 -0.2538
vn -0.6839 -0.6839 -0.2538
vn -0.6358 -0.6358 -0.4376
vn -0.5632 -0.5632 -0.6046
vn -0.4690 -0.4690 -0.7484
vn -0.3565 -0.3565 -0.8636
vn -0.3568 -0.3568 -0.8634
vn -0.3563 -0.3563 -0.8638
vn -0.2308 -0.2308 -0.9452
vn -0.0959 -0.0959 -0.9908
vn 0.0425 0.0425 -0.9982
vn 0.0426 0.0426 -0.9982
vn 0.1794 0.1794 -0.9673
vn 0.1795 0.1795 -0.9673
vn 0.3094 0.3094 -0.8992
vn 0.3095 0.3095 -0.8992
vn 0.4275 0.4275 -0.7966
vn 0.4274 0.4274 -0.7967
vn 0.4276 0.4276 -0.7964
vn 0.5292 0.5292 -0.6633
vn 0.6108 0.6108 -0.5039
vn 0.6106 0.6106 -0.5043
vn 0.6105 0.6105 -0.5045
vn 0.6684 0.6684 -0.3264
vn 0.7006 0.7006 -0.1357
vn 0.7058 0.7058 0.0602
vn 0.6840 0.6840 0.2538
vn 0.6839 0.6839 0.2538
vn 0.6358 0.6358 0.4376
vn 0.5633 0.5633 0.6045
vn 0.5633 0.5633 0.6044
vn 0.5634 0.5634 0.6042
vn 0.5636 0.5636 0.6039
vn 0.4690 0.4690 0.7484
vn 0.3563 0.3563 0.8638
vn 0.3568 0.3568 0.8634
vn 0.3565 0.3565 0.8636
vn -0.9520 -0.3006 -0.0574
vn 0.2308 0.2308 0.9452
vn 0.0960 0.0960 0.9907
vn 0.0959 0.0959 0.9908
vn 0.7071 -0.7071 0.0011
vn 0.7071 -0.7071 0.0005
vn -0.7043 0.1769 0.6875
vn -0.7044 0.1769 0.6874
vn -0.7044 0.1768 0.6874
vn -0.2395 0.7534 -0.6124
vn -0.2397 0.7533 -0.6124
vn -0.5539 0.8316 -0.0395
vn -0.5539 0.8317 -0.0394
vn -0.5539 0.8316 -0.0397
vn -0.7744 -0.1356 0.6180
vn -0.7744 -0.1355 0.6181
vn -0.5958 0.0559 -0.8012
vn -0.5957 0.0560 -0.8013
vn -0.5957 0.0560 -0.8012
vn -0.6231 0.7811 0.0394
vn -0.6232 0.7811 0.0395
vn -0.6232 0.7811 0.0394
vn -0.3156 0.4340 0.8438
vn -0.3157 0.4338 0.8439
vn -0.3156 0.4339 0.8439
vn -0.2343 0.6194 0.7493
vn -0.2345 0.6193 0.7493
vn -0.2344 0.6193 0.7493
vn -0.9296 -0.2814 -0.2378
vn -0.9297 -0.2814 -0.2376
vn -0.9297 -0.2814 -0.2375
vn -0.2680 0.8740 -0.4054
vn -0.2682 0.8739 -0.4055
vn -0.2681 0.8739 -0.4055
vn -0.4530 0.8911 0.0281
vn -0.4531 0.8910 0.0284
vn -0.4530 0.8910 0.0283
vn -0.8570 -0.2138 0.4688
vn -0.4747 0.2102 -0.8547
vn -0.4749 0.2100 -0.8546
vn -0.4748 0.2101 -0.8546
vn -0.4746 0.2102 -0.8547
vn -0.6605 0.7506 0.0163
vn -0.6605 0.7506 0.0161
vn -0.4287 0.2562 0.8664
vn -0.4286 0.2563 0.8664
vn -0.4287 0.2561 0.8664
vn -0.8806 -0.2374 -0.4101
vn -0.8806 -0.2374 -0.4100
vn -0.8806 -0.2375 -0.4100
vn -0.3503 0.9148 -0.2012
vn -0.3502 0.9149 -0.2010
vn -0.3502 0.9148 -0.2010
vn -0.3404 0.9247 0.1704
vn -0.3402 0.9248 0.1703
vn -0.9152 -0.2669 0.3019
vn -0.3611 0.3886 -0.8477
vn -0.3612 0.3885 -0.8477
vn -0.6615 0.7496 -0.0210
vn -0.6615 0.7496 -0.0209
vn -0.5520 0.0996 0.8279
vn -0.5519 0.0998 0.8279
vn -0.5520 0.0997 0.8279
vn -0.8061 -0.1674 -0.5676
vn -0.8062 -0.1676 -0.5675
vn -0.8062 -0.1676 -0.5674
vn -0.4551 0.8889 -0.0516
vn -0.4554 0.8888 -0.0518
vn -0.4553 0.8888 -0.0517
vn -0.4551 0.8890 -0.0515
vn -0.2471 0.8949 0.3717
vn -0.2472 0.8947 0.3720
vn -0.2471 0.8948 0.3718
vn -0.9471 -0.2957 0.1244
vn -0.9471 -0.2958 0.1243
vn -0.9471 -0.2957 0.1245
vn -0.2752 0.5785 -0.7678
vn -0.2750 0.5787 -0.7677
vn -0.6255 0.7788 -0.0477
vn -0.6255 0.7788 -0.0476
vn -0.6254 0.7788 -0.0478
vn -0.6707 -0.0314 0.7411
vn -0.6707 -0.0313 0.7411
vn -0.7094 -0.0700 -0.7013
vn -0.7094 -0.0701 -0.7013
vn -0.5521 0.8334 0.0246
vn -0.5522 0.8334 0.0244
vn -0.5521 0.8334 0.0245
vn -0.2074 0.7856 0.5830
vn -0.2074 0.7854 0.5832
vn -0.2075 0.7854 0.5831
vn -0.2073 0.7855 0.5830
vn 0.9311 0.3632 -0.0347
vn 0.9309 0.3636 -0.0346
vn 0.9310 0.3633 -0.0347
vn 0.9313 0.3627 -0.0344
vn 0.9311 0.3632 -0.0345
vn 0.9310 0.3633 -0.0351
vn 0.9312 0.3629 -0.0347
vn 0.9309 0.3636 -0.0347
vn 0.9311 0.3632 -0.0346
vn 0.9311 0.3631 -0.0356
vn 0.9310 0.3632 -0.0347
vn 0.9310 0.3633 -0.0350
vn 0.9311 0.3633 -0.0344
vn 0.9310 0.3633 -0.0346
vn 0.9311 0.3632 -0.0349
vn 0.9310 0.3634 -0.0342
vn 0.9310 0.3635 -0.0348
vn 0.9310 0.3634 -0.0347
vn 0.9311 0.3632 -0.0344
vn 0.5815 0.4322 0.6892
vn 0.5815 0.4324 0.6892
vn 0.5816 0.4322 0.6891
vn 0.5816 0.4323 0.6891
vn 0.5431 0.3937 -0.7417
vn 0.5431 0.3939 -0.7416
vn 0.5432 0.3939 -0.7414
vn 0.5432 0.3938 -0.7415
vn -0.8096 0.2248 0.5422
vn -0.8094 0.2248 0.5425
vn 0.1966 0.0725 0.9778
vn 0.1964 0.0724 0.9779
vn 0.4270 0.8996 0.0922
vn 0.4269 0.8996 0.0920
vn 0.4270 0.8995 0.0921
vn 0.4269 0.8996 0.0923
vn -0.8824 0.2592 0.3927
vn -0.8824 0.2592 0.3928
vn -0.8823 0.2592 0.3928
vn 0.0311 0.9177 0.3961
vn 0.0311 0.9177 0.3959
vn 0.0311 0.9178 0.3959
vn 0.0312 0.9177 0.3961
vn -0.9287 0.2804 0.2425
vn -0.9287 0.2804 0.2426
vn -0.1996 0.9001 0.3874
vn -0.1996 0.9000 0.3874
vn -0.1997 0.8999 0.3876
vn -0.1996 0.8999 0.3876
vn -0.9528 0.2890 0.0925
vn -0.9529 0.2889 0.0927
vn -0.9529 0.2889 0.0926
vn -0.3378 0.8929 0.2977
vn -0.3377 0.8928 0.2980
vn -0.9569 0.2848 -0.0569
vn -0.9569 0.2849 -0.0571
vn -0.4195 0.8895 0.1810
vn -0.4196 0.8895 0.1807
vn -0.4196 0.8895 0.1808
vn -0.4195 0.8895 0.1811
vn -0.9408 0.2684 -0.2071
vn -0.9408 0.2684 -0.2070
vn -0.4594 0.8866 0.0541
vn -0.4594 0.8866 0.0540
vn -0.9025 0.2391 -0.3582
vn -0.4629 0.8831 -0.0767
vn -0.4629 0.8831 -0.0768
vn -0.8380 0.1965 -0.5091
vn -0.8380 0.1965 -0.5090
vn -0.8377 0.1965 -0.5096
vn -0.8376 0.1965 -0.5096
vn -0.4299 0.8791 -0.2057
vn -0.4299 0.8792 -0.2055
vn -0.4300 0.8791 -0.2056
vn -0.4300 0.8791 -0.2057
vn -0.7405 0.1409 -0.6572
vn -0.7404 0.1408 -0.6572
vn -0.7405 0.1408 -0.6572
vn -0.7404 0.1409 -0.6572
vn -0.3546 0.8761 -0.3267
vn -0.3546 0.8760 -0.3269
vn -0.6029 0.0753 -0.7943
vn -0.6027 0.0751 -0.7944
vn -0.1211 0.0200 0.9924
vn -0.1212 0.0199 0.9924
vn -0.2214 0.8782 -0.4239
vn -0.2215 0.8781 -0.4241
vn -0.2214 0.8781 -0.4241
vn -0.4168 0.0087 -0.9089
vn -0.4170 0.0088 -0.9089
vn -0.4170 0.0088 -0.9088
vn -0.3677 0.0581 0.9281
vn -0.3675 0.0581 0.9282
vn 0.0085 0.8950 -0.4459
vn 0.0084 0.8950 -0.4459
vn 0.0085 0.8951 -0.4457
vn 0.0085 0.8951 -0.4458
vn -0.1741 -0.0330 -0.9842
vn -0.1742 -0.0330 -0.9842
vn -0.1742 -0.0330 -0.9841
vn -0.5594 0.1185 0.8204
vn -0.5593 0.1185 0.8204
vn -0.5596 0.1186 0.8203
vn -0.5596 0.1186 0.8202
vn 0.4201 0.8927 -0.1630
vn 0.4203 0.8926 -0.1630
vn 0.4200 0.8928 -0.1629
vn 0.1437 0.0195 -0.9894
vn 0.1437 0.0196 -0.9894
vn 0.1438 0.0196 -0.9894
vn 0.1438 0.0195 -0.9894
vt 0.000000 0.000000
vt 1.000000 1.000000
vt 0.968800 1.000000
vt 0.968800 0.500000
vt 1.000000 0.500000
vt 0.937500 1.000000
vt 0.937500 0.500000
vt 0.906200 1.000000
vt 0.906200 0.500000
vt 0.875000 1.000000
vt 0.875000 0.500000
vt 0.843800 1.000000
vt 0.843800 0.500000
vt 0.812500 0.500000
vt 0.812500 1.000000
vt 0.781200 0.500000
vt 0.781200 1.000000
vt 0.750000 1.000000
vt 0.750000 0.500000
vt 0.718800 0.500000
vt 0.718800 1.000000
vt 0.687500 0.500000
vt 0.687500 1.000000
vt 0.656200 0.500000
vt 0.656200 1.000000
vt 0.625000 1.000000
vt 0.625000 0.500000
vt 0.593800 0.500000
vt 0.593800 1.000000
vt 0.562500 0.500000
vt 0.562500 1.000000
vt 0.531200 0.500000
vt 0.531200 1.000000
vt 0.500000 0.500000
vt 0.500000 1.000000
vt 0.468800 0.500000
vt 0.468800 1.000000
vt 0.437500 0.500000
vt 0.437500 1.000000
vt 0.406200 0.500000
vt 0.406200 1.000000
vt 0.375000 1.000000
vt 0.375000 0.500000
vt 0.343800 1.000000
vt 0.343800 0.500000
vt 0.312500 0.500000
vt 0.312500 1.000000
vt 0.281200 0.500000
vt 0.281200 1.000000
vt 0.250000 1.000000
vt 0.250000 0.500000
vt 0.218800 1.000000
vt 0.218800 0.500000
vt 0.187500 0.500000
vt 0.187500 1.000000
vt 0.156200 1.000000
vt 0.156200 0.500000
vt 0.125000 0.500000
vt 0.125000 1.000000
vt 0.093800 0.500000
vt 0.093800 1.000000
vt 0.062500 1.000000
vt 0.062500 0.500000
vt 0.031200 1.000000
vt 0.031200 0.500000
vt 0.000000 1.000000
vt 0.000000 0.500000
vt 0.796800 0.485400
vt 0.841800 0.471700
vt 0.883300 0.449600
vt 0.919700 0.419700
vt 0.949600 0.383300
vt 0.971700 0.341800
vt 0.985400 0.296800
vt 0.990000 0.250000
vt 0.985400 0.203200
vt 0.971700 0.158200
vt 0.949600 0.116700
vt 0.919700 0.080300
vt 0.883300 0.050400
vt 0.841800 0.028300
vt 0.796800 0.014600
vt 0.750000 0.010000
vt 0.703200 0.014600
vt 0.658200 0.028300
vt 0.616700 0.050400
vt 0.580300 0.080300
vt 0.550400 0.116700
vt 0.528300 0.158200
vt 0.514600 0.203200
vt 0.510000 0.250000
vt 0.514600 0.296800
vt 0.528300 0.341800
vt 0.550400 0.383300
vt 0.580300 0.419700
vt 0.616700 0.449600
vt 0.658200 0.471700
vt 0.750000 0.490000
vt 0.703200 0.485400
vt 0.296800 0.485400
vt 0.250000 0.490000
vt 0.203200 0.485400
vt 0.158200 0.471700
vt 0.116700 0.449600
vt 0.080300 0.419700
vt 0.050400 0.383300
vt 0.028300 0.341800
vt 0.014600 0.296800
vt 0.010000 0.250000
vt 0.014600 0.203200
vt 0.028300 0.158200
vt 0.050400 0.116700
vt 0.080300 0.080300
vt 0.116700 0.050400
vt 0.158200 0.028300
vt 0.203200 0.014600
vt 0.250000 0.010000
vt 0.296800 0.014600
vt 0.341800 0.028300
vt 0.383300 0.050400
vt 0.419700 0.080300
vt 0.449600 0.116700
vt 0.471700 0.158200
vt 0.485400 0.203200
vt 0.490000 0.250000
vt 0.485400 0.296800
vt 0.471700 0.341800
vt 0.449600 0.383300
vt 0.419700 0.419700
vt 0.383300 0.449600
vt 0.341800 0.471700
s 1
g off
g Cube.002_Goddard_None.001
usemtl Goddard_None.001
f 1/1/1 2/1/2 3/1/3
f 3/1/3 4/1/2 5/1/4
f 1/1/1 3/1/3 5/1/4
f 5/1/4 6/1/5 7/1/6
f 7/1/6 8/1/2 9/1/7
f 5/1/4 7/1/6 9/1/7
f 1/1/1 5/1/4 9/1/7
f 9/1/7 10/1/2 11/1/8
f 11/1/8 12/1/9 13/1/10
f 9/1/7 11/1/8 13/1/10
f 13/1/10 14/1/2 15/1/11
f 15/1/11 16/1/2 17/1/12
f 13/1/10 15/1/11 17/1/12
f 9/1/7 13/1/10 17/1/12
f 17/1/12 18/1/2 19/1/13
f 19/1/13 20/1/12 21/1/12
f 17/1/12 19/1/13 21/1/12
f 21/1/12 22/1/2 23/1/12
f 23/1/12 24/1/2 25/1/14
f 21/1/12 23/1/12 25/1/14
f 17/1/12 21/1/12 25/1/14
f 9/1/7 17/1/12 25/1/14
f 1/1/1 9/1/7 25/1/14
f 26/1/15 27/1/2 28/1/15
f 25/1/14 26/1/15 28/1/15
f 25/1/14 28/1/15 29/1/16
f 1/1/1 25/1/14 29/1/16
f 30/1/2 1/1/1 29/1/16
f 30/1/2 29/1/16 31/1/2
f 30/1/2 31/1/2 32/1/2
s 2
f 33/1/17 34/1/18 35/1/19
f 35/1/19 36/1/20 33/1/17
s 3
f 19/1/21 37/1/22 38/1/23
f 38/1/23 20/1/24 19/1/21
s 4
f 39/1/25 1/1/26 30/1/25
f 30/1/25 40/1/27 39/1/25
s 5
f 5/1/28 41/1/28 42/1/28
f 42/1/28 6/1/28 5/1/28
s 6
f 18/1/29 43/1/30 37/1/30
f 37/1/30 19/1/29 18/1/29
s 7
f 40/1/31 30/1/32 32/1/33
f 32/1/33 44/1/34 40/1/31
s 8
f 4/1/35 45/1/36 41/1/37
f 41/1/37 5/1/38 4/1/35
s 9
f 17/1/39 46/1/40 43/1/40
f 43/1/40 18/1/41 17/1/39
s 10
f 44/1/42 32/1/43 31/1/44
f 31/1/44 47/1/45 44/1/42
s 11
f 3/1/46 48/1/47 45/1/47
f 45/1/47 4/1/48 3/1/46
s 12
f 16/1/49 49/1/49 46/1/49
f 46/1/49 17/1/49 16/1/49
s 13
f 31/1/50 29/1/50 50/1/51
f 50/1/51 47/1/52 31/1/50
s 14
f 2/1/53 51/1/54 48/1/53
f 48/1/53 3/1/55 2/1/53
s 15
f 15/1/56 52/1/57 49/1/56
f 49/1/56 16/1/58 15/1/56
s 16
f 28/1/59 53/1/60 50/1/61
f 50/1/61 29/1/62 28/1/59
s 17
f 2/1/63 1/1/63 39/1/63
f 39/1/63 51/1/63 2/1/63
s 18
f 14/1/64 54/1/65 52/1/66
f 52/1/66 15/1/64 14/1/64
s 19
f 55/1/67 53/1/68 28/1/69
f 28/1/69 27/1/70 55/1/67
s 20
f 13/1/71 56/1/72 54/1/73
f 54/1/73 14/1/74 13/1/71
s 21
f 26/1/75 57/1/75 55/1/75
f 55/1/75 27/1/75 26/1/75
s 22
f 12/1/76 58/1/77 56/1/76
f 56/1/76 13/1/78 12/1/76
s 23
f 36/1/79 57/1/80 26/1/81
f 26/1/81 25/1/81 36/1/79
s 24
f 11/1/82 59/1/83 58/1/84
f 58/1/84 12/1/83 11/1/82
s 25
f 36/1/85 25/1/86 24/1/87
f 24/1/87 33/1/88 36/1/85
s 26
f 10/1/89 60/1/90 59/1/91
f 59/1/91 11/1/92 10/1/89
s 27
f 24/1/93 23/1/93 61/1/93
f 61/1/93 33/1/93 24/1/93
s 28
f 9/1/94 62/1/95 60/1/96
f 60/1/96 10/1/97 9/1/94
s 29
f 22/1/98 63/1/99 61/1/100
f 61/1/100 23/1/101 22/1/98
s 30
f 8/1/102 64/1/103 62/1/104
f 62/1/104 9/1/105 8/1/102
s 31
f 21/1/106 65/1/107 63/1/108
f 63/1/108 22/1/109 21/1/106
s 32
f 7/1/110 66/1/111 64/1/112
f 64/1/112 8/1/113 7/1/110
s 33
f 20/1/114 38/1/114 65/1/114
f 65/1/114 21/1/114 20/1/114
s 34
f 6/1/115 42/1/116 66/1/116
f 66/1/116 7/1/117 6/1/115
s 35
f 67/1/118 68/1/119 69/1/120
f 69/1/120 70/1/121 67/1/118
s 36
f 60/1/122 71/1/123 72/1/124
f 72/1/124 59/1/125 60/1/122
s 37
f 61/1/126 73/1/127 34/1/128
f 34/1/128 33/1/129 61/1/126
s 38
f 62/1/130 74/1/131 71/1/132
f 71/1/132 60/1/133 62/1/130
s 39
f 63/1/134 70/1/135 73/1/134
f 73/1/134 61/1/136 63/1/134
s 40
f 64/1/137 75/1/138 74/1/137
f 74/1/137 62/1/137 64/1/137
s 41
f 65/1/139 67/1/139 70/1/140
f 70/1/140 63/1/141 65/1/139
s 42
f 66/1/142 76/1/143 75/1/144
f 75/1/144 64/1/145 66/1/142
s 43
f 38/1/146 77/1/147 67/1/148
f 67/1/148 65/1/149 38/1/146
s 44
f 42/1/150 78/1/151 76/1/152
f 76/1/152 66/1/153 42/1/150
s 45
f 37/1/154 79/1/155 77/1/156
f 77/1/156 38/1/157 37/1/154
s 46
f 40/1/158 80/1/159 81/1/159
f 81/1/159 39/1/159 40/1/158
s 47
f 41/1/160 82/1/161 78/1/162
f 78/1/162 42/1/160 41/1/160
s 48
f 43/1/163 83/1/164 79/1/165
f 79/1/165 37/1/164 43/1/163
s 49
f 44/1/166 84/1/166 80/1/167
f 80/1/167 40/1/166 44/1/166
s 50
f 45/1/168 85/1/169 82/1/170
f 82/1/170 41/1/171 45/1/168
s 51
f 46/1/172 86/1/173 83/1/174
f 83/1/174 43/1/174 46/1/172
s 52
f 47/1/175 87/1/176 84/1/177
f 84/1/177 44/1/178 47/1/175
s 53
f 48/1/179 88/1/180 85/1/181
f 85/1/181 45/1/182 48/1/179
s 54
f 49/1/183 89/1/184 86/1/185
f 86/1/185 46/1/186 49/1/183
s 55
f 50/1/187 90/1/188 87/1/189
f 87/1/189 47/1/189 50/1/187
s 56
f 51/1/190 91/1/191 88/1/190
f 88/1/190 48/1/192 51/1/190
s 57
f 52/1/193 92/1/194 89/1/195
f 89/1/195 49/1/196 52/1/193
s 58
f 53/1/197 93/1/198 90/1/199
f 90/1/199 50/1/200 53/1/197
s 59
f 51/1/201 39/1/201 81/1/201
f 81/1/201 91/1/202 51/1/201
s 60
f 54/1/203 94/1/204 92/1/205
f 92/1/205 52/1/206 54/1/203
s 61
f 55/1/207 95/1/208 93/1/207
f 93/1/207 53/1/209 55/1/207
s 62
f 56/1/210 96/1/210 94/1/211
f 94/1/211 54/1/212 56/1/210
s 63
f 57/1/213 97/1/214 95/1/213
f 95/1/213 55/1/213 57/1/213
s 64
f 58/1/215 98/1/215 96/1/216
f 96/1/216 56/1/216 58/1/215
s 65
f 36/1/217 35/1/218 97/1/219
f 97/1/219 57/1/220 36/1/217
s 66
f 59/1/221 72/1/222 98/1/223
f 98/1/223 58/1/224 59/1/221
s 67
f 99/1/225 100/1/226 101/1/226
f 101/1/226 102/1/227 99/1/225
s 68
f 76/1/228 103/1/229 104/1/230
f 104/1/230 75/1/231 76/1/228
s 69
f 77/1/232 105/1/233 68/1/234
f 68/1/234 67/1/232 77/1/232
s 70
f 78/1/235 106/1/236 103/1/236
f 103/1/236 76/1/236 78/1/235
s 71
f 79/1/237 99/1/238 105/1/237
f 105/1/237 77/1/239 79/1/237
s 72
f 80/1/240 107/1/241 108/1/242
f 108/1/242 81/1/241 80/1/240
s 73
f 82/1/243 109/1/244 106/1/245
f 106/1/245 78/1/246 82/1/243
s 74
f 83/1/247 100/1/248 99/1/247
f 99/1/247 79/1/247 83/1/247
s 75
f 84/1/249 110/1/250 107/1/251
f 107/1/251 80/1/252 84/1/249
s 76
f 85/1/253 111/1/254 109/1/255
f 109/1/255 82/1/254 85/1/253
s 77
f 86/1/256 112/1/257 100/1/258
f 100/1/258 83/1/259 86/1/256
s 78
f 87/1/260 113/1/261 110/1/262
f 110/1/262 84/1/263 87/1/260
s 79
f 88/1/264 114/1/265 111/1/266
f 111/1/266 85/1/267 88/1/264
s 80
f 89/1/268 115/1/269 112/1/270
f 112/1/270 86/1/271 89/1/268
s 81
f 90/1/272 116/1/273 113/1/273
f 113/1/273 87/1/274 90/1/272
s 82
f 91/1/275 117/1/276 114/1/277
f 114/1/277 88/1/278 91/1/275
s 83
f 92/1/279 118/1/280 115/1/281
f 115/1/281 89/1/282 92/1/279
s 84
f 93/1/283 119/1/284 116/1/285
f 116/1/285 90/1/286 93/1/283
s 85
f 91/1/287 81/1/287 108/1/287
f 108/1/287 117/1/287 91/1/287
s 86
f 94/1/288 120/1/289 118/1/290
f 118/1/290 92/1/291 94/1/288
s 87
f 95/1/292 121/1/293 119/1/294
f 119/1/294 93/1/295 95/1/292
s 88
f 96/1/296 122/1/297 120/1/298
f 120/1/298 94/1/299 96/1/296
s 89
f 97/1/300 123/1/301 121/1/302
f 121/1/302 95/1/303 97/1/300
s 90
f 98/1/304 124/1/304 122/1/305
f 122/1/305 96/1/306 98/1/304
s 91
f 35/1/307 125/1/308 123/1/309
f 123/1/309 97/1/310 35/1/307
s 92
f 72/1/311 126/1/311 124/1/312
f 124/1/312 98/1/313 72/1/311
s 93
f 34/1/314 127/1/315 125/1/314
f 125/1/314 35/1/316 34/1/314
s 94
f 71/1/317 128/1/318 126/1/319
f 126/1/319 72/1/320 71/1/317
s 95
f 73/1/321 129/1/322 127/1/323
f 127/1/323 34/1/324 73/1/321
s 96
f 74/1/325 130/1/326 128/1/327
f 128/1/327 71/1/328 74/1/325
s 97
f 70/1/329 69/1/330 129/1/331
f 129/1/331 73/1/332 70/1/329
s 98
f 75/1/333 104/1/334 130/1/335
f 130/1/335 74/1/336 75/1/333
s 99
f 131/1/337 132/1/338 133/1/339
f 133/1/339 134/1/340 131/1/337
s 100
f 110/1/341 135/1/342 136/1/343
f 136/1/343 107/1/32 110/1/341
s 101
f 137/1/344 138/1/344 109/1/344
f 109/1/344 111/1/345 137/1/344
s 102
f 100/1/346 112/1/346 139/1/347
f 139/1/347 101/1/347 100/1/346
s 103
f 113/1/45 140/1/348 135/1/45
f 135/1/45 110/1/349 113/1/45
s 104
f 111/1/350 114/1/351 141/1/352
f 141/1/352 137/1/353 111/1/350
s 105
f 112/1/354 115/1/354 134/1/355
f 134/1/355 139/1/355 112/1/354
s 106
f 116/1/356 142/1/357 140/1/358
f 140/1/358 113/1/359 116/1/356
s 107
f 114/1/360 117/1/53 143/1/361
f 143/1/361 141/1/362 114/1/360
s 108
f 115/1/363 118/1/364 131/1/363
f 131/1/363 134/1/56 115/1/363
s 109
f 119/1/365 144/1/366 142/1/365
f 142/1/365 116/1/365 119/1/365
s 110
f 143/1/367 117/1/368 108/1/369
f 108/1/369 145/1/367 143/1/367
s 111
f 118/1/64 120/1/370 146/1/64
f 146/1/64 131/1/371 118/1/64
s 112
f 121/1/372 147/1/373 144/1/374
f 144/1/374 119/1/375 121/1/372
s 113
f 148/1/376 146/1/376 120/1/376
f 120/1/376 122/1/377 148/1/376
s 114
f 123/1/378 149/1/378 147/1/378
f 147/1/378 121/1/378 123/1/378
s 115
f 122/1/77 124/1/77 150/1/77
f 150/1/77 148/1/77 122/1/77
s 116
f 123/1/379 125/1/379 151/1/380
f 151/1/380 149/1/381 123/1/379
s 117
f 124/1/382 126/1/383 152/1/384
f 152/1/384 150/1/84 124/1/382
s 118
f 125/1/385 127/1/386 153/1/385
f 153/1/385 151/1/385 125/1/385
s 119
f 154/1/387 152/1/388 126/1/389
f 126/1/389 128/1/390 154/1/387
s 120
f 153/1/391 127/1/392 129/1/391
f 129/1/391 155/1/392 153/1/391
s 121
f 128/1/393 130/1/96 156/1/394
f 156/1/394 154/1/395 128/1/393
s 122
f 129/1/396 69/1/397 157/1/398
f 157/1/398 155/1/399 129/1/396
s 123
f 130/1/400 104/1/401 158/1/402
f 158/1/402 156/1/403 130/1/400
s 124
f 157/1/404 69/1/405 68/1/404
f 68/1/404 159/1/406 157/1/404
s 125
f 160/1/407 158/1/408 104/1/409
f 104/1/409 103/1/410 160/1/407
s 126
f 159/1/411 68/1/412 105/1/411
f 105/1/411 161/1/413 159/1/411
s 127
f 103/1/414 106/1/415 162/1/416
f 162/1/416 160/1/417 103/1/414
s 128
f 102/1/418 161/1/419 105/1/418
f 105/1/418 99/1/420 102/1/418
s 129
f 107/1/421 136/1/422 145/1/422
f 145/1/422 108/1/421 107/1/421
s 130
f 106/1/423 109/1/423 138/1/423
f 138/1/423 162/1/423 106/1/423
s 131
f 163/1/424 164/1/425 165/1/424
f 165/1/424 166/1/426 163/1/424
s 132
f 144/1/427 167/1/428 168/1/429
f 168/1/429 142/1/430 144/1/427
s 133
f 169/1/431 143/1/432 145/1/433
f 145/1/433 170/1/434 169/1/431
s 134
f 132/1/435 131/1/436 146/1/437
f 146/1/437 171/1/438 132/1/435
s 135
f 172/1/439 167/1/439 144/1/439
f 144/1/439 147/1/440 172/1/439
s 136
f 148/1/441 166/1/442 171/1/443
f 171/1/443 146/1/444 148/1/441
s 137
f 149/1/445 173/1/446 172/1/447
f 172/1/447 147/1/448 149/1/445
s 138
f 150/1/449 163/1/450 166/1/451
f 166/1/451 148/1/452 150/1/449
s 139
f 151/1/453 174/1/454 173/1/455
f 173/1/455 149/1/456 151/1/453
s 140
f 175/1/457 163/1/458 150/1/459
f 150/1/459 152/1/460 175/1/457
s 141
f 153/1/461 176/1/462 174/1/463
f 174/1/463 151/1/464 153/1/461
s 142
f 154/1/465 177/1/466 175/1/466
f 175/1/466 152/1/466 154/1/465
s 143
f 178/1/467 176/1/468 153/1/469
f 153/1/469 155/1/470 178/1/467
s 144
f 156/1/471 179/1/472 177/1/471
f 177/1/471 154/1/473 156/1/471
s 145
f 157/1/474 180/1/475 178/1/476
f 178/1/476 155/1/477 157/1/474
s 146
f 181/1/478 179/1/479 156/1/480
f 156/1/480 158/1/481 181/1/478
s 147
f 159/1/482 182/1/483 180/1/484
f 180/1/484 157/1/485 159/1/482
s 148
f 160/1/486 183/1/487 181/1/488
f 181/1/488 158/1/489 160/1/486
s 149
f 184/1/490 182/1/491 159/1/492
f 159/1/492 161/1/493 184/1/490
s 150
f 162/1/494 185/1/495 183/1/495
f 183/1/495 160/1/496 162/1/494
s 151
f 102/1/497 186/1/498 184/1/499
f 184/1/499 161/1/500 102/1/497
s 152
f 136/1/501 187/1/502 170/1/503
f 170/1/503 145/1/504 136/1/501
s 153
f 185/1/505 162/1/506 138/1/506
f 138/1/506 188/1/507 185/1/505
s 154
f 101/1/508 189/1/509 186/1/508
f 186/1/508 102/1/510 101/1/508
s 155
f 135/1/511 190/1/512 187/1/513
f 187/1/513 136/1/514 135/1/511
s 156
f 137/1/515 191/1/516 188/1/517
f 188/1/517 138/1/518 137/1/515
s 157
f 192/1/519 189/1/520 101/1/521
f 101/1/521 139/1/522 192/1/519
s 158
f 193/1/523 190/1/524 135/1/525
f 135/1/525 140/1/526 193/1/523
s 159
f 141/1/527 194/1/528 191/1/529
f 191/1/529 137/1/530 141/1/527
s 160
f 134/1/531 133/1/532 192/1/533
f 192/1/533 139/1/534 134/1/531
s 161
f 142/1/535 168/1/536 193/1/537
f 193/1/537 140/1/538 142/1/535
s 162
f 169/1/539 194/1/540 141/1/541
f 141/1/541 143/1/541 169/1/539
s 163
f 195/1/542 196/1/543 197/1/544
f 197/1/544 198/1/545 195/1/542
s 164
f 199/1/546 173/1/547 174/1/547
f 174/1/547 200/1/548 199/1/546
s 165
f 175/1/549 201/1/550 164/1/549
f 164/1/549 163/1/551 175/1/549
s 166
f 176/1/552 202/1/553 200/1/554
f 200/1/554 174/1/555 176/1/552
s 167
f 201/1/556 175/1/557 177/1/558
f 177/1/558 197/1/559 201/1/556
s 168
f 178/1/560 203/1/561 202/1/562
f 202/1/562 176/1/563 178/1/560
s 169
f 179/1/564 198/1/565 197/1/566
f 197/1/566 177/1/567 179/1/564
s 170
f 204/1/568 203/1/569 178/1/570
f 178/1/570 180/1/571 204/1/568
s 171
f 181/1/572 205/1/573 198/1/574
f 198/1/574 179/1/575 181/1/572
s 172
f 182/1/576 206/1/577 204/1/578
f 204/1/578 180/1/579 182/1/576
s 173
f 205/1/580 181/1/581 183/1/580
f 183/1/580 207/1/582 205/1/580
s 174
f 184/1/583 208/1/583 206/1/584
f 206/1/584 182/1/585 184/1/583
s 175
f 185/1/586 209/1/587 207/1/588
f 207/1/588 183/1/589 185/1/586
s 176
f 210/1/590 208/1/591 184/1/592
f 184/1/592 186/1/593 210/1/590
s 177
f 170/1/594 187/1/595 211/1/596
f 211/1/596 212/1/597 170/1/594
s 178
f 188/1/598 213/1/599 209/1/600
f 209/1/600 185/1/601 188/1/598
s 179
f 189/1/602 214/1/603 210/1/604
f 210/1/604 186/1/605 189/1/602
s 180
f 190/1/606 215/1/607 211/1/608
f 211/1/608 187/1/609 190/1/606
s 181
f 216/1/610 213/1/611 188/1/612
f 188/1/612 191/1/613 216/1/610
s 182
f 192/1/614 217/1/614 214/1/614
f 214/1/614 189/1/614 192/1/614
s 183
f 193/1/615 218/1/616 215/1/615
f 215/1/615 190/1/617 193/1/615
s 184
f 194/1/618 219/1/619 216/1/620
f 216/1/620 191/1/621 194/1/618
s 185
f 217/1/622 192/1/623 133/1/624
f 133/1/624 220/1/625 217/1/622
s 186
f 168/1/626 221/1/627 218/1/626
f 218/1/626 193/1/628 168/1/626
s 187
f 169/1/629 222/1/630 219/1/631
f 219/1/631 194/1/632 169/1/629
s 188
f 132/1/633 223/1/634 220/1/635
f 220/1/635 133/1/636 132/1/633
s 189
f 221/1/637 168/1/638 167/1/639
f 167/1/639 224/1/640 221/1/637
s 190
f 212/1/641 222/1/642 169/1/643
f 169/1/643 170/1/644 212/1/641
s 191
f 171/1/645 225/1/646 223/1/647
f 223/1/647 132/1/648 171/1/645
s 192
f 172/1/649 226/1/650 224/1/651
f 224/1/651 167/1/652 172/1/649
s 193
f 225/1/653 171/1/654 166/1/653
f 166/1/653 165/1/655 225/1/653
s 194
f 173/1/656 199/1/657 226/1/658
f 226/1/658 172/1/659 173/1/656
s 195
f 227/1/660 228/1/661 229/1/662
f 229/1/662 230/1/661 227/1/660
s 196
f 204/1/663 231/1/664 232/1/665
f 232/1/665 203/1/664 204/1/663
s 197
f 205/1/666 233/1/667 195/1/668
f 195/1/668 198/1/669 205/1/666
s 198
f 234/1/670 231/1/670 204/1/670
f 204/1/670 206/1/670 234/1/670
s 199
f 207/1/671 230/1/671 233/1/671
f 233/1/671 205/1/671 207/1/671
s 200
f 208/1/672 235/1/673 234/1/673
f 234/1/673 206/1/673 208/1/672
s 201
f 227/1/417 230/1/416 207/1/417
f 207/1/417 209/1/417 227/1/417
s 202
f 210/1/674 236/1/674 235/1/674
f 235/1/674 208/1/674 210/1/674
s 203
f 212/1/675 211/1/675 237/1/27
f 237/1/27 238/1/676 212/1/675
s 204
f 213/1/677 239/1/423 227/1/678
f 227/1/678 209/1/677 213/1/677
s 205
f 240/1/679 236/1/680 210/1/681
f 210/1/681 214/1/682 240/1/679
s 206
f 237/1/683 211/1/341 215/1/684
f 215/1/684 241/1/342 237/1/683
s 207
f 216/1/685 242/1/685 239/1/685
f 239/1/685 213/1/685 216/1/685
s 208
f 217/1/686 243/1/687 240/1/686
f 240/1/686 214/1/688 217/1/686
s 209
f 241/1/689 215/1/689 218/1/689
f 218/1/689 244/1/689 241/1/689
s 210
f 245/1/690 242/1/690 216/1/690
f 216/1/690 219/1/690 245/1/690
s 211
f 220/1/691 246/1/692 243/1/691
f 243/1/691 217/1/691 220/1/691
s 212
f 221/1/693 247/1/693 244/1/693
f 244/1/693 218/1/694 221/1/693
s 213
f 222/1/695 248/1/695 245/1/695
f 245/1/695 219/1/695 222/1/695
s 214
f 249/1/696 246/1/697 220/1/698
f 220/1/698 223/1/696 249/1/696
s 215
f 224/1/699 250/1/700 247/1/699
f 247/1/699 221/1/700 224/1/699
s 216
f 238/1/701 248/1/701 222/1/701
f 222/1/701 212/1/701 238/1/701
s 217
f 225/1/702 251/1/702 249/1/702
f 249/1/702 223/1/702 225/1/702
s 218
f 250/1/703 224/1/704 226/1/373
f 226/1/373 252/1/705 250/1/703
s 219
f 165/1/706 253/1/707 251/1/706
f 251/1/706 225/1/708 165/1/706
s 220
f 199/1/709 254/1/710 252/1/709
f 252/1/709 226/1/711 199/1/709
s 221
f 255/1/712 253/1/712 165/1/712
f 165/1/712 164/1/712 255/1/712
s 222
f 200/1/713 256/1/713 254/1/714
f 254/1/714 199/1/715 200/1/713
s 223
f 201/1/716 257/1/716 255/1/716
f 255/1/716 164/1/716 201/1/716
s 224
f 258/1/717 256/1/718 200/1/718
f 200/1/718 202/1/718 258/1/717
s 225
f 197/1/719 196/1/719 257/1/719
f 257/1/719 201/1/719 197/1/719
s 226
f 203/1/720 232/1/721 258/1/722
f 258/1/722 202/1/391 203/1/720
s 227
f 259/1/723 260/1/724 261/1/723
f 261/1/723 262/1/725 259/1/723
s 228
f 236/1/726 263/1/726 264/1/726
f 264/1/726 235/1/726 236/1/726
s 229
f 265/1/727 266/1/727 238/1/728
f 238/1/728 237/1/729 265/1/727
s 230
f 267/1/730 228/1/731 227/1/730
f 227/1/730 239/1/731 267/1/730
s 231
f 240/1/732 268/1/733 263/1/734
f 263/1/734 236/1/733 240/1/732
s 232
f 241/1/735 269/1/736 265/1/737
f 265/1/737 237/1/736 241/1/735
s 233
f 242/1/738 270/1/739 267/1/740
f 267/1/740 239/1/739 242/1/738
s 234
f 271/1/741 268/1/742 240/1/743
f 240/1/743 243/1/742 271/1/741
s 235
f 244/1/744 272/1/745 269/1/746
f 269/1/746 241/1/745 244/1/744
s 236
f 245/1/747 273/1/747 270/1/747
f 270/1/747 242/1/747 245/1/747
s 237
f 246/1/748 274/1/748 271/1/748
f 271/1/748 243/1/749 246/1/748
s 238
f 275/1/750 272/1/751 244/1/751
f 244/1/751 247/1/752 275/1/750
s 239
f 273/1/753 245/1/754 248/1/755
f 248/1/755 276/1/753 273/1/753
s 240
f 249/1/756 277/1/756 274/1/756
f 274/1/756 246/1/756 249/1/756
s 241
f 250/1/757 278/1/758 275/1/758
f 275/1/758 247/1/758 250/1/757
s 242
f 266/1/759 276/1/759 248/1/759
f 248/1/759 238/1/759 266/1/759
s 243
f 277/1/760 249/1/760 251/1/760
f 251/1/760 279/1/760 277/1/760
s 244
f 252/1/761 280/1/762 278/1/762
f 278/1/762 250/1/762 252/1/761
s 245
f 253/1/763 281/1/763 279/1/763
f 279/1/763 251/1/763 253/1/763
s 246
f 282/1/764 280/1/765 252/1/764
f 252/1/764 254/1/765 282/1/764
s 247
f 255/1/766 283/1/767 281/1/768
f 281/1/768 253/1/766 255/1/766
s 248
f 256/1/769 284/1/770 282/1/771
f 282/1/771 254/1/770 256/1/769
s 249
f 261/1/772 283/1/773 255/1/772
f 255/1/772 257/1/772 261/1/772
s 250
f 258/1/774 285/1/775 284/1/776
f 284/1/776 256/1/775 258/1/774
s 251
f 196/1/777 262/1/778 261/1/779
f 261/1/779 257/1/780 196/1/777
s 252
f 285/1/781 258/1/782 232/1/783
f 232/1/783 286/1/782 285/1/781
s 253
f 195/1/784 287/1/785 262/1/786
f 262/1/786 196/1/787 195/1/784
s 254
f 231/1/788 288/1/788 286/1/789
f 286/1/789 232/1/788 231/1/788
s 255
f 287/1/790 195/1/791 233/1/792
f 233/1/792 289/1/793 287/1/790
s 256
f 234/1/794 290/1/794 288/1/795
f 288/1/795 231/1/794 234/1/794
s 257
f 230/1/796 229/1/797 289/1/798
f 289/1/798 233/1/799 230/1/796
s 258
f 264/1/800 290/1/801 234/1/802
f 234/1/802 235/1/801 264/1/800
s 259
f 291/1/803 292/1/803 293/1/803
f 293/1/803 294/1/803 291/1/803
s 260
f 286/1/804 295/1/805 296/1/804
f 296/1/804 285/1/806 286/1/804
s 261
f 287/1/807 297/1/808 259/1/807
f 259/1/807 262/1/809 287/1/807
s 262
f 298/1/810 295/1/811 286/1/812
f 286/1/812 288/1/813 298/1/810
s 263
f 289/1/814 294/1/815 297/1/814
f 297/1/814 287/1/816 289/1/814
s 264
f 290/1/817 299/1/818 298/1/819
f 298/1/819 288/1/820 290/1/817
s 265
f 294/1/821 289/1/822 229/1/823
f 229/1/823 291/1/824 294/1/821
s 266
f 264/1/825 300/1/826 299/1/826
f 299/1/826 290/1/826 264/1/825
s 267
f 228/1/827 301/1/828 291/1/829
f 291/1/829 229/1/830 228/1/827
s 268
f 300/1/831 264/1/831 263/1/832
f 263/1/832 302/1/833 300/1/831
s 269
f 266/1/834 265/1/835 303/1/834
f 303/1/834 304/1/836 266/1/834
s 270
f 267/1/837 305/1/838 301/1/837
f 301/1/837 228/1/839 267/1/837
s 271
f 268/1/840 306/1/841 302/1/842
f 302/1/842 263/1/843 268/1/840
s 272
f 269/1/844 307/1/844 303/1/844
f 303/1/844 265/1/845 269/1/844
s 273
f 308/1/846 305/1/847 267/1/846
f 267/1/846 270/1/848 308/1/846
s 274
f 271/1/849 309/1/850 306/1/851
f 306/1/851 268/1/852 271/1/849
s 275
f 272/1/853 310/1/854 307/1/853
f 307/1/853 269/1/855 272/1/853
s 276
f 273/1/856 311/1/857 308/1/858
f 308/1/858 270/1/859 273/1/856
s 277
f 312/1/860 309/1/861 271/1/862
f 271/1/862 274/1/863 312/1/860
s 278
f 275/1/864 313/1/865 310/1/866
f 310/1/866 272/1/867 275/1/864
s 279
f 276/1/868 314/1/869 311/1/870
f 311/1/870 273/1/871 276/1/868
s 280
f 277/1/872 315/1/873 312/1/872
f 312/1/872 274/1/874 277/1/872
s 281
f 313/1/875 275/1/875 278/1/876
f 278/1/876 316/1/876 313/1/875
s 282
f 304/1/877 314/1/878 276/1/877
f 276/1/877 266/1/879 304/1/877
s 283
f 279/1/880 317/1/880 315/1/880
f 315/1/880 277/1/881 279/1/880
s 284
f 280/1/882 318/1/883 316/1/882
f 316/1/882 278/1/884 280/1/882
s 285
f 317/1/885 279/1/886 281/1/887
f 281/1/887 319/1/885 317/1/885
s 286
f 282/1/888 320/1/889 318/1/890
f 318/1/890 280/1/891 282/1/888
s 287
f 283/1/892 321/1/893 319/1/892
f 319/1/892 281/1/894 283/1/892
s 288
f 322/1/895 320/1/896 282/1/897
f 282/1/897 284/1/898 322/1/895
s 289
f 261/1/899 260/1/900 321/1/900
f 321/1/900 283/1/901 261/1/899
s 290
f 285/1/902 296/1/903 322/1/904
f 322/1/904 284/1/905 285/1/902
s 291
f 323/1/906 324/1/906 325/1/907
f 325/1/907 326/1/906 323/1/906
s 292
f 300/1/908 327/1/909 328/1/908
f 328/1/908 299/1/908 300/1/908
s 293
f 291/1/910 301/1/911 329/1/912
f 329/1/912 292/1/913 291/1/910
s 294
f 302/1/914 330/1/915 327/1/916
f 327/1/916 300/1/917 302/1/914
s 295
f 304/1/918 303/1/919 331/1/920
f 331/1/920 332/1/921 304/1/918
s 296
f 329/1/922 301/1/923 305/1/924
f 305/1/924 324/1/924 329/1/922
s 297
f 302/1/925 306/1/925 333/1/926
f 333/1/926 330/1/927 302/1/925
s 298
f 331/1/928 303/1/928 307/1/928
f 307/1/928 334/1/929 331/1/928
s 299
f 308/1/930 325/1/931 324/1/932
f 324/1/932 305/1/932 308/1/930
s 300
f 333/1/933 306/1/933 309/1/933
f 309/1/933 335/1/933 333/1/933
s 301
f 334/1/934 307/1/935 310/1/936
f 310/1/936 336/1/937 334/1/934
s 302
f 308/1/938 311/1/939 337/1/940
f 337/1/940 325/1/941 308/1/938
s 303
f 312/1/942 338/1/943 335/1/942
f 335/1/942 309/1/942 312/1/942
s 304
f 313/1/944 339/1/945 336/1/944
f 336/1/944 310/1/945 313/1/944
s 305
f 337/1/946 311/1/946 314/1/946
f 314/1/946 340/1/946 337/1/946
s 306
f 312/1/947 315/1/948 341/1/947
f 341/1/947 338/1/947 312/1/947
s 307
f 316/1/949 342/1/949 339/1/949
f 339/1/949 313/1/950 316/1/949
s 308
f 314/1/951 304/1/952 332/1/952
f 332/1/952 340/1/953 314/1/951
s 309
f 341/1/954 315/1/955 317/1/956
f 317/1/956 343/1/957 341/1/954
s 310
f 342/1/958 316/1/959 318/1/960
f 318/1/960 344/1/960 342/1/958
s 311
f 319/1/961 345/1/962 343/1/963
f 343/1/963 317/1/964 319/1/961
s 312
f 320/1/965 346/1/965 344/1/965
f 344/1/965 318/1/965 320/1/965
s 313
f 319/1/966 321/1/967 347/1/968
f 347/1/968 345/1/969 319/1/966
s 314
f 322/1/970 348/1/971 346/1/972
f 346/1/972 320/1/973 322/1/970
s 315
f 347/1/974 321/1/975 260/1/976
f 260/1/976 349/1/974 347/1/974
s 316
f 322/1/977 296/1/978 350/1/979
f 350/1/979 348/1/980 322/1/977
s 317
f 259/1/981 351/1/981 349/1/981
f 349/1/981 260/1/981 259/1/981
s 318
f 350/1/982 296/1/982 295/1/982
f 295/1/982 352/1/982 350/1/982
s 319
f 259/1/983 297/1/984 353/1/985
f 353/1/985 351/1/986 259/1/983
s 320
f 354/1/987 352/1/987 295/1/988
f 295/1/988 298/1/988 354/1/987
s 321
f 353/1/989 297/1/990 294/1/991
f 294/1/991 293/1/992 353/1/989
s 322
f 354/1/993 298/1/993 299/1/993
f 299/1/993 328/1/993 354/1/993
s 323
f 355/1/994 356/1/995 357/1/996
f 357/1/996 358/1/997 355/1/994
s 324
f 335/1/998 359/1/999 360/1/999
f 360/1/999 333/1/999 335/1/998
s 325
f 336/1/1000 361/1/1001 362/1/1002
f 362/1/1002 334/1/1001 336/1/1000
s 326
f 337/1/1003 363/1/1004 326/1/1004
f 326/1/1004 325/1/1004 337/1/1003
s 327
f 359/1/1005 335/1/1005 338/1/1006
f 338/1/1006 364/1/1005 359/1/1005
s 328
f 336/1/1007 339/1/1008 365/1/1008
f 365/1/1008 361/1/1008 336/1/1007
s 329
f 340/1/1009 357/1/1009 363/1/1009
f 363/1/1009 337/1/1009 340/1/1009
s 330
f 341/1/1010 366/1/1011 364/1/1011
f 364/1/1011 338/1/1011 341/1/1010
s 331
f 365/1/1012 339/1/1013 342/1/1014
f 342/1/1014 367/1/1015 365/1/1012
s 332
f 358/1/1016 357/1/1017 340/1/1018
f 340/1/1018 332/1/1016 358/1/1016
s 333
f 343/1/1019 368/1/1019 366/1/1019
f 366/1/1019 341/1/1019 343/1/1019
s 334
f 344/1/1020 369/1/1021 367/1/1022
f 367/1/1022 342/1/1023 344/1/1020
s 335
f 368/1/1024 343/1/1025 345/1/1024
f 345/1/1024 370/1/1024 368/1/1024
s 336
f 344/1/1026 346/1/1027 371/1/1027
f 371/1/1027 369/1/1027 344/1/1026
s 337
f 347/1/1028 372/1/1028 370/1/1029
f 370/1/1029 345/1/1028 347/1/1028
s 338
f 371/1/1030 346/1/1031 348/1/1030
f 348/1/1030 373/1/1032 371/1/1030
s 339
f 349/1/1033 374/1/1034 372/1/1035
f 372/1/1035 347/1/1034 349/1/1033
s 340
f 350/1/1036 375/1/1037 373/1/1038
f 373/1/1038 348/1/1039 350/1/1036
s 341
f 374/1/1040 349/1/1040 351/1/1041
f 351/1/1041 376/1/1040 374/1/1040
s 342
f 352/1/1042 377/1/1042 375/1/1043
f 375/1/1043 350/1/1042 352/1/1042
s 343
f 353/1/1044 378/1/1045 376/1/1046
f 376/1/1046 351/1/1047 353/1/1044
s 344
f 352/1/1048 354/1/1049 379/1/1050
f 379/1/1050 377/1/1051 352/1/1048
s 345
f 293/1/1052 380/1/1053 378/1/1054
f 378/1/1054 353/1/1055 293/1/1052
s 346
f 381/1/1056 379/1/1057 354/1/1058
f 354/1/1058 328/1/1057 381/1/1056
s 347
f 380/1/1059 293/1/1060 292/1/1060
f 292/1/1060 382/1/1060 380/1/1059
s 348
f 381/1/1061 328/1/1062 327/1/1063
f 327/1/1063 383/1/1062 381/1/1061
s 349
f 329/1/1064 384/1/1064 382/1/1065
f 382/1/1065 292/1/1064 329/1/1064
s 350
f 383/1/1066 327/1/1066 330/1/1067
f 330/1/1067 385/1/1066 383/1/1066
s 351
f 331/1/1068 386/1/1069 358/1/1069
f 358/1/1069 332/1/1069 331/1/1068
s 352
f 324/1/1070 323/1/1070 384/1/1070
f 384/1/1070 329/1/1070 324/1/1070
s 353
f 333/1/1071 360/1/1072 385/1/1072
f 385/1/1072 330/1/1072 333/1/1071
s 354
f 386/1/1073 331/1/1074 334/1/1075
f 334/1/1075 362/1/1076 386/1/1073
s 355
f 387/1/1077 388/1/1078 389/1/1079
f 389/1/1079 390/1/1080 387/1/1077
s 356
f 368/1/1081 391/1/1082 392/1/1081
f 392/1/1081 366/1/1083 368/1/1081
s 357
f 393/1/1084 367/1/1085 369/1/1086
f 369/1/1086 394/1/1087 393/1/1084
s 358
f 370/1/1088 395/1/1089 391/1/1090
f 391/1/1090 368/1/1091 370/1/1088
s 359
f 371/1/1092 396/1/1093 394/1/1094
f 394/1/1094 369/1/1095 371/1/1092
s 360
f 395/1/1096 370/1/1097 372/1/1098
f 372/1/1098 390/1/1099 395/1/1096
s 361
f 373/1/1100 397/1/1101 396/1/1100
f 396/1/1100 371/1/1102 373/1/1100
s 362
f 374/1/1103 387/1/1104 390/1/1105
f 390/1/1105 372/1/1103 374/1/1103
s 363
f 397/1/1106 373/1/1107 375/1/1108
f 375/1/1108 398/1/1106 397/1/1106
s 364
f 376/1/1109 399/1/1110 387/1/1111
f 387/1/1111 374/1/1112 376/1/1109
s 365
f 377/1/1113 400/1/1114 398/1/1115
f 398/1/1115 375/1/1116 377/1/1113
s 366
f 399/1/1117 376/1/1118 378/1/1119
f 378/1/1119 401/1/1120 399/1/1117
s 367
f 379/1/1121 402/1/1122 400/1/1123
f 400/1/1123 377/1/1124 379/1/1121
s 368
f 380/1/1125 403/1/1126 401/1/1127
f 401/1/1127 378/1/1128 380/1/1125
s 369
f 402/1/1129 379/1/1130 381/1/1131
f 381/1/1131 404/1/1132 402/1/1129
s 370
f 382/1/1133 405/1/1134 403/1/1135
f 403/1/1135 380/1/1136 382/1/1133
s 371
f 383/1/1137 406/1/1138 404/1/1139
f 404/1/1139 381/1/1140 383/1/1137
s 372
f 405/1/1141 382/1/1142 384/1/1143
f 384/1/1143 407/1/1143 405/1/1141
s 373
f 385/1/1144 408/1/1145 406/1/1146
f 406/1/1146 383/1/1147 385/1/1144
s 374
f 358/1/1148 386/1/1149 409/1/1150
f 409/1/1150 355/1/1151 358/1/1148
s 375
f 323/1/1152 410/1/1153 407/1/1154
f 407/1/1154 384/1/1155 323/1/1152
s 376
f 408/1/1156 385/1/1157 360/1/1158
f 360/1/1158 411/1/1159 408/1/1156
s 377
f 362/1/1160 412/1/1161 409/1/1162
f 409/1/1162 386/1/1163 362/1/1160
s 378
f 326/1/1164 413/1/1165 410/1/1166
f 410/1/1166 323/1/1167 326/1/1164
s 379
f 359/1/1168 414/1/1169 411/1/1170
f 411/1/1170 360/1/1170 359/1/1168
s 380
f 412/1/1171 362/1/1172 361/1/1173
f 361/1/1173 415/1/1174 412/1/1171
s 381
f 413/1/1175 326/1/1176 363/1/1177
f 363/1/1177 416/1/1178 413/1/1175
s 382
f 364/1/1179 417/1/1180 414/1/1181
f 414/1/1181 359/1/1182 364/1/1179
s 383
f 365/1/1183 418/1/1184 415/1/1183
f 415/1/1183 361/1/1185 365/1/1183
s 384
f 357/1/1186 356/1/1187 416/1/1188
f 416/1/1188 363/1/1189 357/1/1186
s 385
f 417/1/1190 364/1/1191 366/1/1192
f 366/1/1192 392/1/1193 417/1/1190
s 386
f 367/1/1194 393/1/1195 418/1/1196
f 418/1/1196 365/1/1197 367/1/1194
s 387
f 419/1/1198 420/1/1199 421/1/1199
f 421/1/1199 422/1/1200 419/1/1198
s 388
f 423/1/1201 424/1/1202 397/1/1203
f 397/1/1203 398/1/1204 423/1/1201
s 389
f 399/1/1205 425/1/1206 388/1/1205
f 388/1/1205 387/1/1205 399/1/1205
s 390
f 400/1/1207 426/1/1208 423/1/1207
f 423/1/1207 398/1/1209 400/1/1207
s 391
f 420/1/1210 425/1/1210 399/1/1210
f 399/1/1210 401/1/1211 420/1/1210
s 392
f 402/1/1212 427/1/1213 426/1/1214
f 426/1/1214 400/1/1215 402/1/1212
s 393
f 403/1/1216 421/1/1216 420/1/1216
f 420/1/1216 401/1/1216 403/1/1216
s 394
f 428/1/1217 427/1/1218 402/1/1219
f 402/1/1219 404/1/1220 428/1/1217
s 395
f 405/1/1221 429/1/1221 421/1/1222
f 421/1/1222 403/1/1222 405/1/1221
s 396
f 406/1/1223 430/1/1223 428/1/1223
f 428/1/1223 404/1/1223 406/1/1223
s 397
f 431/1/1224 429/1/1225 405/1/1226
f 405/1/1226 407/1/1227 431/1/1224
s 398
f 408/1/1228 432/1/1228 430/1/1228
f 430/1/1228 406/1/1229 408/1/1228
s 399
f 433/1/1230 355/1/1230 409/1/1231
f 409/1/1231 434/1/1230 433/1/1230
s 400
f 410/1/1232 435/1/1233 431/1/1234
f 431/1/1234 407/1/1233 410/1/1232
s 401
f 436/1/1235 432/1/1236 408/1/1235
f 408/1/1235 411/1/1237 436/1/1235
s 402
f 434/1/1238 409/1/1238 412/1/1238
f 412/1/1238 437/1/1238 434/1/1238
s 403
f 413/1/1239 438/1/1240 435/1/1241
f 435/1/1241 410/1/1242 413/1/1239
s 404
f 414/1/1243 439/1/1244 436/1/1245
f 436/1/1245 411/1/1244 414/1/1243
s 405
f 415/1/1246 440/1/1247 437/1/1246
f 437/1/1246 412/1/1246 415/1/1246
s 406
f 441/1/1248 438/1/1248 413/1/1249
f 413/1/1249 416/1/1249 441/1/1248
s 407
f 417/1/1250 442/1/1251 439/1/1252
f 439/1/1252 414/1/1251 417/1/1250
s 408
f 440/1/1253 415/1/1253 418/1/1253
f 418/1/1253 443/1/1253 440/1/1253
s 409
f 356/1/1254 444/1/1255 441/1/1256
f 441/1/1256 416/1/1257 356/1/1254
s 410
f 445/1/1258 442/1/1259 417/1/1260
f 417/1/1260 392/1/1261 445/1/1258
s 411
f 393/1/1262 446/1/1263 443/1/1264
f 443/1/1264 418/1/1265 393/1/1262
s 412
f 433/1/1266 444/1/1267 356/1/1268
f 356/1/1268 355/1/1269 433/1/1266
s 413
f 391/1/1270 447/1/1271 445/1/1272
f 445/1/1272 392/1/1273 391/1/1270
s 414
f 394/1/1274 448/1/1275 446/1/1276
f 446/1/1276 393/1/1277 394/1/1274
s 415
f 395/1/1278 449/1/1279 447/1/1280
f 447/1/1280 391/1/1281 395/1/1278
s 416
f 448/1/1282 394/1/1283 396/1/1284
f 396/1/1284 450/1/1285 448/1/1282
s 417
f 389/1/1286 449/1/1287 395/1/1288
f 395/1/1288 390/1/1289 389/1/1286
s 418
f 397/1/1290 424/1/1290 450/1/1291
f 450/1/1291 396/1/1292 397/1/1290
s 419
f 451/1/1293 452/1/1294 453/1/1295
f 453/1/1295 454/1/1296 451/1/1293
s 420
f 428/1/1297 455/1/1297 456/1/1297
f 456/1/1297 427/1/1297 428/1/1297
s 421
f 429/1/1298 457/1/1299 422/1/1299
f 422/1/1299 421/1/1299 429/1/1298
s 422
f 458/1/1300 455/1/1301 428/1/1302
f 428/1/1302 430/1/1301 458/1/1300
s 423
f 431/1/1303 459/1/1303 457/1/1303
f 457/1/1303 429/1/1304 431/1/1303
s 424
f 432/1/1305 460/1/1306 458/1/1307
f 458/1/1307 430/1/1306 432/1/1305
s 425
f 452/1/1308 451/1/1309 433/1/1309
f 433/1/1309 434/1/1310 452/1/1308
s 426
f 461/1/1311 459/1/1311 431/1/1312
f 431/1/1312 435/1/1311 461/1/1311
s 427
f 436/1/1313 462/1/1314 460/1/1314
f 460/1/1314 432/1/1314 436/1/1313
s 428
f 437/1/1315 463/1/1316 452/1/1315
f 452/1/1315 434/1/1316 437/1/1315
s 429
f 438/1/1317 464/1/1318 461/1/1318
f 461/1/1318 435/1/1318 438/1/1317
s 430
f 465/1/1319 462/1/1319 436/1/1320
f 436/1/1320 439/1/1321 465/1/1319
s 431
f 440/1/1322 466/1/1323 463/1/1324
f 463/1/1324 437/1/1323 440/1/1322
s 432
f 441/1/1325 467/1/1326 464/1/1326
f 464/1/1326 438/1/1326 441/1/1325
s 433
f 442/1/1327 468/1/1328 465/1/1327
f 465/1/1327 439/1/1327 442/1/1327
s 434
f 469/1/1329 466/1/1329 440/1/1330
f 440/1/1330 443/1/1329 469/1/1329
s 435
f 470/1/1331 467/1/1332 441/1/1332
f 441/1/1332 444/1/1332 470/1/1331
s 436
f 445/1/1333 471/1/1334 468/1/1335
f 468/1/1335 442/1/1336 445/1/1333
s 437
f 446/1/1337 472/1/1338 469/1/1338
f 469/1/1338 443/1/1338 446/1/1337
s 438
f 470/1/1339 444/1/1339 433/1/1339
f 433/1/1339 451/1/1339 470/1/1339
s 439
f 471/1/1340 445/1/1340 447/1/1340
f 447/1/1340 473/1/1340 471/1/1340
s 440
f 448/1/1341 474/1/1342 472/1/1343
f 472/1/1343 446/1/1342 448/1/1341
s 441
f 449/1/1344 475/1/1344 473/1/1345
f 473/1/1345 447/1/1344 449/1/1344
s 442
f 476/1/1346 474/1/1347 448/1/1347
f 448/1/1347 450/1/1347 476/1/1346
s 443
f 389/1/1348 477/1/1348 475/1/1348
f 475/1/1348 449/1/1348 389/1/1348
s 444
f 424/1/1349 478/1/1350 476/1/1351
f 476/1/1351 450/1/1352 424/1/1349
s 445
f 477/1/1353 389/1/1353 388/1/1353
f 388/1/1353 479/1/1353 477/1/1353
s 446
f 423/1/1354 480/1/1355 478/1/1356
f 478/1/1356 424/1/1355 423/1/1354
s 447
f 425/1/1357 481/1/1358 479/1/1358
f 479/1/1358 388/1/1358 425/1/1357
s 448
f 482/1/1359 480/1/1360 423/1/1361
f 423/1/1361 426/1/1360 482/1/1359
s 449
f 420/1/1362 419/1/1363 481/1/1363
f 481/1/1363 425/1/1364 420/1/1362
s 450
f 427/1/1365 456/1/1366 482/1/1367
f 482/1/1367 426/1/1366 427/1/1365
s 451
f 483/1/1368 484/1/1369 485/1/1370
f 485/1/1370 486/1/1369 483/1/1368
s 452
f 461/1/1371 487/1/1372 488/1/1373
f 488/1/1373 459/1/1374 461/1/1371
s 453
f 462/1/1375 489/1/1376 490/1/1377
f 490/1/1377 460/1/1378 462/1/1375
s 454
f 463/1/1379 491/1/1380 453/1/1381
f 453/1/1381 452/1/1382 463/1/1379
s 455
f 492/1/1383 487/1/1384 461/1/1385
f 461/1/1385 464/1/1386 492/1/1383
s 456
f 465/1/1387 493/1/1388 489/1/1389
f 489/1/1389 462/1/1390 465/1/1387
s 457
f 466/1/1391 486/1/1391 491/1/1391
f 491/1/1391 463/1/1391 466/1/1391
s 458
f 467/1/1392 494/1/1393 492/1/1393
f 492/1/1393 464/1/1394 467/1/1392
s 459
f 493/1/1395 465/1/1396 468/1/1395
f 468/1/1395 495/1/1397 493/1/1395
s 460
f 469/1/1398 483/1/1399 486/1/1400
f 486/1/1400 466/1/1399 469/1/1398
s 461
f 470/1/1401 496/1/1402 494/1/1403
f 494/1/1403 467/1/1404 470/1/1401
s 462
f 471/1/1405 497/1/1406 495/1/1407
f 495/1/1407 468/1/1408 471/1/1405
s 463
f 483/1/1409 469/1/1410 472/1/1411
f 472/1/1411 498/1/1412 483/1/1409
s 464
f 496/1/1413 470/1/1414 451/1/1413
f 451/1/1413 454/1/1413 496/1/1413
s 465
f 473/1/1415 499/1/1416 497/1/1417
f 497/1/1417 471/1/1418 473/1/1415
s 466
f 474/1/1419 500/1/1420 498/1/1421
f 498/1/1421 472/1/1422 474/1/1419
s 467
f 501/1/1423 499/1/1424 473/1/1425
f 473/1/1425 475/1/1426 501/1/1423
s 468
f 476/1/1427 502/1/1428 500/1/1429
f 500/1/1429 474/1/1430 476/1/1427
s 469
f 477/1/1431 503/1/1432 501/1/1433
f 501/1/1433 475/1/1434 477/1/1431
s 470
f 504/1/1435 502/1/1436 476/1/1437
f 476/1/1437 478/1/1438 504/1/1435
s 471
f 479/1/1439 505/1/1440 503/1/1441
f 503/1/1441 477/1/1442 479/1/1439
s 472
f 480/1/1443 506/1/1444 504/1/1445
f 504/1/1445 478/1/1446 480/1/1443
s 473
f 505/1/1447 479/1/1448 481/1/1447
f 481/1/1447 507/1/1449 505/1/1447
s 474
f 482/1/1450 508/1/1451 506/1/1452
f 506/1/1452 480/1/1453 482/1/1450
s 475
f 419/1/1454 509/1/1455 507/1/1456
f 507/1/1456 481/1/1457 419/1/1454
s 476
f 510/1/1458 508/1/1459 482/1/1460
f 482/1/1460 456/1/1461 510/1/1458
s 477
f 422/1/1462 511/1/1463 509/1/1464
f 509/1/1464 419/1/1465 422/1/1462
s 478
f 455/1/1466 512/1/1467 510/1/1468
f 510/1/1468 456/1/1469 455/1/1466
s 479
f 513/1/1470 511/1/1471 422/1/1470
f 422/1/1470 457/1/1472 513/1/1470
s 480
f 458/1/1473 514/1/1474 512/1/1473
f 512/1/1473 455/1/1475 458/1/1473
s 481
f 459/1/1476 488/1/1477 513/1/1478
f 513/1/1478 457/1/1477 459/1/1476
s 482
f 514/1/1479 458/1/1479 460/1/1479
f 460/1/1479 490/1/1480 514/1/1479
s 483
f 515/1/1481 516/1/1482 517/1/1483
f 517/1/1483 518/1/1482 515/1/1481
s 484
f 496/1/1484 519/1/1485 520/1/1486
f 520/1/1486 494/1/1484 496/1/1484
s 485
f 521/1/1487 522/1/1487 495/1/1488
f 495/1/1488 497/1/1489 521/1/1487
s 486
f 498/1/1490 523/1/1491 484/1/1492
f 484/1/1492 483/1/1493 498/1/1490
s 487
f 524/1/1494 519/1/1495 496/1/1494
f 496/1/1494 454/1/1494 524/1/1494
s 488
f 499/1/1496 525/1/1496 521/1/1496
f 521/1/1496 497/1/1496 499/1/1496
s 489
f 523/1/1497 498/1/1498 500/1/1499
f 500/1/1499 517/1/1500 523/1/1497
s 490
f 501/1/1501 526/1/1502 525/1/1503
f 525/1/1503 499/1/1504 501/1/1501
s 491
f 502/1/1505 518/1/1506 517/1/1507
f 517/1/1507 500/1/1508 502/1/1505
s 492
f 527/1/1509 526/1/1510 501/1/1511
f 501/1/1511 503/1/1512 527/1/1509
s 493
f 504/1/1513 528/1/1514 518/1/1515
f 518/1/1515 502/1/1516 504/1/1513
s 494
f 505/1/1517 529/1/1517 527/1/1517
f 527/1/1517 503/1/1517 505/1/1517
s 495
f 530/1/1518 528/1/1519 504/1/1520
f 504/1/1520 506/1/1521 530/1/1518
s 496
f 507/1/1522 531/1/1523 529/1/1524
f 529/1/1524 505/1/1525 507/1/1522
s 497
f 508/1/1526 532/1/1527 530/1/1528
f 530/1/1528 506/1/1529 508/1/1526
s 498
f 533/1/1530 531/1/1531 507/1/1532
f 507/1/1532 509/1/1533 533/1/1530
s 499
f 510/1/1534 534/1/1535 532/1/1536
f 532/1/1536 508/1/1534 510/1/1534
s 500
f 511/1/1537 535/1/1538 533/1/1539
f 533/1/1539 509/1/1540 511/1/1537
s 501
f 536/1/1541 534/1/1542 510/1/1543
f 510/1/1543 512/1/1544 536/1/1541
s 502
f 513/1/1545 537/1/1546 535/1/1547
f 535/1/1547 511/1/1548 513/1/1545
s 503
f 514/1/1549 538/1/1550 536/1/1551
f 536/1/1551 512/1/1549 514/1/1549
s 504
f 539/1/1552 537/1/1553 513/1/1552
f 513/1/1552 488/1/1552 539/1/1552
s 505
f 490/1/1554 540/1/1555 538/1/1556
f 538/1/1556 514/1/1557 490/1/1554
s 506
f 454/1/1558 453/1/1559 541/1/1559
f 541/1/1559 524/1/1560 454/1/1558
s 507
f 487/1/1561 542/1/1562 539/1/1563
f 539/1/1563 488/1/1564 487/1/1561
s 508
f 543/1/1565 540/1/1566 490/1/1567
f 490/1/1567 489/1/1568 543/1/1565
s 509
f 544/1/1569 541/1/1570 453/1/1571
f 453/1/1571 491/1/1572 544/1/1569
s 510
f 492/1/1573 545/1/1574 542/1/1575
f 542/1/1575 487/1/1576 492/1/1573
s 511
f 493/1/1577 546/1/1578 543/1/1579
f 543/1/1579 489/1/1580 493/1/1577
s 512
f 485/1/1581 544/1/1582 491/1/1583
f 491/1/1583 486/1/1584 485/1/1581
s 513
f 520/1/1585 545/1/1585 492/1/1585
f 492/1/1585 494/1/1585 520/1/1585
s 514
f 495/1/1586 522/1/1587 546/1/1586
f 546/1/1586 493/1/1588 495/1/1586
s 515
f 547/1/1589 548/1/1590 549/1/1591
f 549/1/1591 550/1/1592 547/1/1589
s 516
f 527/1/1593 551/1/1594 552/1/1595
f 552/1/1595 526/1/1594 527/1/1593
s 517
f 528/1/1596 553/1/1597 515/1/1598
f 515/1/1598 518/1/1597 528/1/1596
s 518
f 551/1/1599 527/1/1600 529/1/1601
f 529/1/1601 554/1/1600 551/1/1599
s 519
f 530/1/1602 550/1/1603 553/1/1602
f 553/1/1602 528/1/1604 530/1/1602
s 520
f 531/1/1605 555/1/1606 554/1/1607
f 554/1/1607 529/1/1608 531/1/1605
s 521
f 547/1/1609 550/1/1610 530/1/1611
f 530/1/1611 532/1/1610 547/1/1609
s 522
f 533/1/1612 556/1/1613 555/1/1614
f 555/1/1614 531/1/1615 533/1/1612
s 523
f 534/1/1616 557/1/1616 547/1/1617
f 547/1/1617 532/1/1616 534/1/1616
s 524
f 558/1/1618 556/1/1619 533/1/1620
f 533/1/1620 535/1/1621 558/1/1618
s 525
f 536/1/1622 559/1/1623 557/1/1624
f 557/1/1624 534/1/1623 536/1/1622
s 526
f 537/1/1625 560/1/1626 558/1/1627
f 558/1/1627 535/1/1626 537/1/1625
s 527
f 561/1/1628 559/1/1629 536/1/1629
f 536/1/1629 538/1/1629 561/1/1628
s 528
f 539/1/1630 562/1/1631 560/1/1631
f 560/1/1631 537/1/1631 539/1/1630
s 529
f 540/1/1632 563/1/1633 561/1/1634
f 561/1/1634 538/1/1633 540/1/1632
s 530
f 564/1/1635 565/1/1636 524/1/1636
f 524/1/1636 541/1/1637 564/1/1635
s 531
f 566/1/1638 562/1/1638 539/1/1639
f 539/1/1639 542/1/1638 566/1/1638
s 532
f 543/1/1640 567/1/1641 563/1/1642
f 563/1/1642 540/1/1641 543/1/1640
s 533
f 544/1/1643 568/1/1644 564/1/1645
f 564/1/1645 541/1/1644 544/1/1643
s 534
f 545/1/1646 569/1/1647 566/1/1647
f 566/1/1647 542/1/1647 545/1/1646
s 535
f 567/1/1648 543/1/1649 546/1/1650
f 546/1/1650 570/1/1651 567/1/1648
s 536
f 485/1/1652 571/1/1653 568/1/1654
f 568/1/1654 544/1/1653 485/1/1652
s 537
f 520/1/1655 572/1/1656 569/1/1657
f 569/1/1657 545/1/1656 520/1/1655
s 538
f 522/1/1658 573/1/1658 570/1/1658
f 570/1/1658 546/1/1658 522/1/1658
s 539
f 574/1/1659 571/1/1660 485/1/1660
f 485/1/1660 484/1/1660 574/1/1659
s 540
f 575/1/1661 572/1/1662 520/1/1661
f 520/1/1661 519/1/1662 575/1/1661
s 541
f 521/1/1663 576/1/1664 573/1/1665
f 573/1/1665 522/1/1664 521/1/1663
s 542
f 523/1/1666 577/1/1667 574/1/1668
f 574/1/1668 484/1/1667 523/1/1666
s 543
f 565/1/1669 575/1/1670 519/1/1671
f 519/1/1671 524/1/1670 565/1/1669
s 544
f 576/1/1672 521/1/1673 525/1/1674
f 525/1/1674 578/1/1673 576/1/1672
s 545
f 517/1/1675 516/1/1675 577/1/1676
f 577/1/1676 523/1/1675 517/1/1675
s 546
f 526/1/1677 552/1/1677 578/1/1678
f 578/1/1678 525/1/1677 526/1/1677
s 547
f 579/1/1679 580/1/1680 581/1/1681
f 581/1/1681 582/1/1682 579/1/1679
s 548
f 556/1/1683 583/1/1684 584/1/1683
f 584/1/1683 555/1/1685 556/1/1683
s 549
f 585/1/1686 548/1/1687 547/1/1687
f 547/1/1687 557/1/1686 585/1/1686
s 550
f 558/1/1688 586/1/1689 583/1/1690
f 583/1/1690 556/1/1691 558/1/1688
s 551
f 559/1/1692 582/1/1693 585/1/1694
f 585/1/1694 557/1/1695 559/1/1692
s 552
f 586/1/1696 558/1/1697 560/1/1696
f 560/1/1696 587/1/1698 586/1/1696
s 553
f 561/1/1699 579/1/1700 582/1/1701
f 582/1/1701 559/1/1702 561/1/1699
s 554
f 562/1/1703 588/1/1703 587/1/1703
f 587/1/1703 560/1/1704 562/1/1703
s 555
f 579/1/1705 561/1/1706 563/1/1705
f 563/1/1705 589/1/1707 579/1/1705
s 556
f 565/1/1708 564/1/1709 590/1/1710
f 590/1/1710 591/1/1710 565/1/1708
s 557
f 566/1/1711 592/1/1712 588/1/1711
f 588/1/1711 562/1/1713 566/1/1711
s 558
f 567/1/1714 593/1/1715 589/1/1714
f 589/1/1714 563/1/1716 567/1/1714
s 559
f 568/1/1717 594/1/1718 590/1/1719
f 590/1/1719 564/1/1720 568/1/1717
s 560
f 595/1/1721 592/1/1721 566/1/1721
f 566/1/1721 569/1/1721 595/1/1721
s 561
f 570/1/1722 596/1/1723 593/1/1723
f 593/1/1723 567/1/1724 570/1/1722
s 562
f 571/1/1725 597/1/1726 594/1/1727
f 594/1/1727 568/1/1726 571/1/1725
s 563
f 572/1/1728 598/1/1729 595/1/1728
f 595/1/1728 569/1/1730 572/1/1728
s 564
f 599/1/1731 596/1/1732 570/1/1733
f 570/1/1733 573/1/1734 599/1/1731
s 565
f 574/1/1735 600/1/1736 597/1/1737
f 597/1/1737 571/1/1738 574/1/1735
s 566
f 575/1/1739 601/1/1740 598/1/1741
f 598/1/1741 572/1/1742 575/1/1739
s 567
f 576/1/1743 602/1/1743 599/1/1743
f 599/1/1743 573/1/1744 576/1/1743
s 568
f 600/1/1745 574/1/1746 577/1/1747
f 577/1/1747 603/1/1748 600/1/1745
s 569
f 591/1/1749 601/1/1750 575/1/1751
f 575/1/1751 565/1/1752 591/1/1749
s 570
f 578/1/1753 604/1/1754 602/1/1754
f 602/1/1754 576/1/1755 578/1/1753
s 571
f 516/1/1756 605/1/1757 603/1/1758
f 603/1/1758 577/1/1759 516/1/1756
s 572
f 606/1/1760 604/1/1761 578/1/1762
f 578/1/1762 552/1/1763 606/1/1760
s 573
f 515/1/1764 607/1/1765 605/1/1766
f 605/1/1766 516/1/1767 515/1/1764
s 574
f 551/1/1768 608/1/1769 606/1/1768
f 606/1/1768 552/1/1770 551/1/1768
s 575
f 609/1/1771 607/1/1772 515/1/1771
f 515/1/1771 553/1/1773 609/1/1771
s 576
f 554/1/1774 610/1/1774 608/1/1774
f 608/1/1774 551/1/1775 554/1/1774
s 577
f 550/1/1776 549/1/1777 609/1/1776
f 609/1/1776 553/1/1778 550/1/1776
s 578
f 610/1/1779 554/1/1780 555/1/1779
f 555/1/1779 584/1/1781 610/1/1779
s 579
f 611/1/1782 612/1/1782 613/1/1783
f 613/1/1783 614/1/1782 611/1/1782
s 580
f 587/1/1784 588/1/1784 615/1/1784
f 615/1/1784 616/1/1784 587/1/1784
s 581
f 589/1/1785 617/1/1786 580/1/1785
f 580/1/1785 579/1/1787 589/1/1785
s 582
f 591/1/1788 590/1/1789 618/1/1789
f 618/1/1789 619/1/1790 591/1/1788
s 583
f 615/1/1791 588/1/1791 592/1/1791
f 592/1/1791 620/1/1791 615/1/1791
s 584
f 589/1/1792 593/1/1793 614/1/1794
f 614/1/1794 617/1/1795 589/1/1792
s 585
f 618/1/1796 590/1/1797 594/1/1798
f 594/1/1798 621/1/1799 618/1/1796
s 586
f 595/1/1800 622/1/1801 620/1/1800
f 620/1/1800 592/1/1802 595/1/1800
s 587
f 614/1/1803 593/1/1803 596/1/1803
f 596/1/1803 611/1/1803 614/1/1803
s 588
f 623/1/1804 621/1/1805 594/1/1806
f 594/1/1806 597/1/1807 623/1/1804
s 589
f 595/1/1808 598/1/1809 624/1/1810
f 624/1/1810 622/1/1811 595/1/1808
s 590
f 599/1/1812 625/1/1813 611/1/1812
f 611/1/1812 596/1/1813 599/1/1812
s 591
f 600/1/1814 626/1/1815 623/1/1816
f 623/1/1816 597/1/1817 600/1/1814
s 592
f 624/1/1818 598/1/1819 601/1/1820
f 601/1/1820 627/1/1821 624/1/1818
s 593
f 599/1/1822 602/1/1823 628/1/1824
f 628/1/1824 625/1/1825 599/1/1822
s 594
f 603/1/1826 629/1/1826 626/1/1827
f 626/1/1827 600/1/1828 603/1/1826
s 595
f 601/1/1829 591/1/1830 619/1/1831
f 619/1/1831 627/1/1830 601/1/1829
s 596
f 628/1/1832 602/1/1833 604/1/1834
f 604/1/1834 630/1/1835 628/1/1832
s 597
f 631/1/1836 629/1/1836 603/1/1836
f 603/1/1836 605/1/1836 631/1/1836
s 598
f 606/1/1837 632/1/1838 630/1/1839
f 630/1/1839 604/1/1839 606/1/1837
s 599
f 607/1/1840 633/1/1841 631/1/1842
f 631/1/1842 605/1/1843 607/1/1840
s 600
f 606/1/1844 608/1/1844 634/1/1844
f 634/1/1844 632/1/1844 606/1/1844
s 601
f 609/1/1845 635/1/1846 633/1/1847
f 633/1/1847 607/1/1848 609/1/1845
s 602
f 634/1/1849 608/1/1849 610/1/1849
f 610/1/1849 636/1/1849 634/1/1849
s 603
f 609/1/1850 549/1/1851 637/1/1852
f 637/1/1852 635/1/1853 609/1/1850
s 604
f 584/1/1854 638/1/1855 636/1/1856
f 636/1/1856 610/1/1857 584/1/1854
s 605
f 637/1/1858 549/1/1859 548/1/1860
f 548/1/1860 639/1/1861 637/1/1858
s 606
f 584/1/1862 583/1/1862 640/1/1863
f 640/1/1863 638/1/1864 584/1/1862
s 607
f 641/1/1865 639/1/1865 548/1/1865
f 548/1/1865 585/1/1865 641/1/1865
s 608
f 640/1/1866 583/1/1867 586/1/1867
f 586/1/1867 642/1/1868 640/1/1866
s 609
f 641/1/1869 585/1/1870 582/1/1869
f 582/1/1869 581/1/1869 641/1/1869
s 610
f 587/1/1871 616/1/1872 642/1/1873
f 642/1/1873 586/1/1874 587/1/1871
s 611
f 643/1/1875 644/1/1876 645/1/1877
f 645/1/1877 646/1/1878 643/1/1875
s 612
f 623/1/1879 647/1/1879 648/1/1879
f 648/1/1879 621/1/1879 623/1/1879
s 613
f 624/1/1880 649/1/1881 650/1/1881
f 650/1/1881 622/1/1880 624/1/1880
s 614
f 612/1/1882 611/1/1882 625/1/1882
f 625/1/1882 651/1/1882 612/1/1882
s 615
f 623/1/1883 626/1/1884 652/1/1884
f 652/1/1884 647/1/1883 623/1/1883
s 616
f 627/1/1885 653/1/1886 649/1/1886
f 649/1/1886 624/1/1886 627/1/1885
s 617
f 628/1/1887 646/1/1887 651/1/1887
f 651/1/1887 625/1/1887 628/1/1887
s 618
f 652/1/1888 626/1/1888 629/1/1888
f 629/1/1888 654/1/1888 652/1/1888
s 619
f 655/1/1889 653/1/1889 627/1/1889
f 627/1/1889 619/1/1889 655/1/1889
s 620
f 630/1/1890 643/1/1891 646/1/1891
f 646/1/1891 628/1/1890 630/1/1890
s 621
f 631/1/1892 656/1/1893 654/1/1893
f 654/1/1893 629/1/1893 631/1/1892
s 622
f 643/1/1894 630/1/1894 632/1/1894
f 632/1/1894 657/1/1894 643/1/1894
s 623
f 631/1/1895 633/1/1895 658/1/1895
f 658/1/1895 656/1/1896 631/1/1895
s 624
f 634/1/1897 659/1/1897 657/1/1898
f 657/1/1898 632/1/1897 634/1/1897
s 625
f 658/1/1899 633/1/1899 635/1/1900
f 635/1/1900 660/1/1899 658/1/1899
s 626
f 636/1/1901 661/1/1902 659/1/1902
f 659/1/1902 634/1/1901 636/1/1901
s 627
f 637/1/1903 662/1/1904 660/1/1905
f 660/1/1905 635/1/1904 637/1/1903
s 628
f 661/1/1906 636/1/1906 638/1/1906
f 638/1/1906 663/1/1906 661/1/1906
s 629
f 639/1/1907 664/1/1907 662/1/1907
f 662/1/1907 637/1/1907 639/1/1907
s 630
f 640/1/1908 665/1/1909 663/1/1910
f 663/1/1910 638/1/1908 640/1/1908
s 631
f 639/1/1911 641/1/1911 666/1/1911
f 666/1/1911 664/1/1911 639/1/1911
s 632
f 642/1/1912 667/1/1913 665/1/1914
f 665/1/1914 640/1/1915 642/1/1912
s 633
f 668/1/1916 666/1/1916 641/1/1916
f 641/1/1916 581/1/1916 668/1/1916
s 634
f 667/1/1917 642/1/1917 616/1/1917
f 616/1/1917 669/1/1917 667/1/1917
s 635
f 668/1/1918 581/1/1919 580/1/1919
f 580/1/1919 670/1/1919 668/1/1918
s 636
f 615/1/1920 671/1/1921 669/1/1922
f 669/1/1922 616/1/1923 615/1/1920
s 637
f 670/1/1924 580/1/1924 617/1/1925
f 617/1/1925 672/1/1926 670/1/1924
s 638
f 618/1/1927 673/1/1928 655/1/1928
f 655/1/1928 619/1/1929 618/1/1927
s 639
f 620/1/1930 674/1/1930 671/1/1930
f 671/1/1930 615/1/1930 620/1/1930
s 640
f 614/1/1931 613/1/1932 672/1/1932
f 672/1/1932 617/1/1932 614/1/1931
s 641
f 673/1/1933 618/1/1934 621/1/1934
f 621/1/1934 648/1/1934 673/1/1933
s 642
f 674/1/1935 620/1/1935 622/1/1936
f 622/1/1936 650/1/1935 674/1/1935
s 643
f 675/1/1937 676/1/1937 677/1/1937
f 677/1/1937 678/1/1937 675/1/1937
s 644
f 679/1/1938 654/1/1939 656/1/1940
f 656/1/1940 680/1/1941 679/1/1938
s 645
f 657/1/1942 681/1/1943 644/1/1944
f 644/1/1944 643/1/1945 657/1/1942
s 646
f 658/1/1946 682/1/1947 680/1/1948
f 680/1/1948 656/1/1949 658/1/1946
s 647
f 681/1/1950 657/1/1951 659/1/1952
f 659/1/1952 678/1/1953 681/1/1950
s 648
f 660/1/1954 683/1/1955 682/1/1956
f 682/1/1956 658/1/1957 660/1/1954
s 649
f 661/1/1958 675/1/1959 678/1/1960
f 678/1/1960 659/1/1961 661/1/1958
s 650
f 683/1/1962 660/1/1963 662/1/1964
f 662/1/1964 684/1/1965 683/1/1962
s 651
f 663/1/1966 685/1/1967 675/1/1968
f 675/1/1968 661/1/1969 663/1/1966
s 652
f 664/1/1970 686/1/1971 684/1/1972
f 684/1/1972 662/1/1973 664/1/1970
s 653
f 685/1/1974 663/1/1975 665/1/1976
f 665/1/1976 687/1/1977 685/1/1974
s 654
f 666/1/1978 688/1/1979 686/1/1980
f 686/1/1980 664/1/1981 666/1/1978
s 655
f 667/1/1982 689/1/1983 687/1/1984
f 687/1/1984 665/1/1985 667/1/1982
s 656
f 688/1/1986 666/1/1987 668/1/1988
f 668/1/1988 690/1/1989 688/1/1986
s 657
f 669/1/1990 691/1/1991 689/1/1992
f 689/1/1992 667/1/1993 669/1/1990
s 658
f 670/1/1994 692/1/1995 690/1/1996
f 690/1/1996 668/1/1997 670/1/1994
s 659
f 691/1/1998 669/1/1999 671/1/2000
f 671/1/2000 693/1/2001 691/1/1998
s 660
f 672/1/2002 694/1/2003 692/1/2004
f 692/1/2004 670/1/2005 672/1/2002
s 661
f 655/1/2006 673/1/2007 695/1/2008
f 695/1/2008 696/1/2007 655/1/2006
s 662
f 674/1/2009 697/1/2010 693/1/2011
f 693/1/2011 671/1/2012 674/1/2009
s 663
f 694/1/2013 672/1/2014 613/1/2015
f 613/1/2015 698/1/2016 694/1/2013
s 664
f 648/1/2017 699/1/2018 695/1/2019
f 695/1/2019 673/1/2020 648/1/2017
s 665
f 650/1/2021 700/1/2022 697/1/2023
f 697/1/2023 674/1/2024 650/1/2021
s 666
f 612/1/2025 701/1/2026 698/1/2027
f 698/1/2027 613/1/2026 612/1/2025
s 667
f 699/1/2028 648/1/2029 647/1/2030
f 647/1/2030 702/1/2031 699/1/2028
s 668
f 700/1/2032 650/1/2033 649/1/2034
f 649/1/2034 703/1/2032 700/1/2032
s 669
f 651/1/2035 704/1/2036 701/1/2036
f 701/1/2036 612/1/2037 651/1/2035
s 670
f 652/1/2038 705/1/2039 702/1/2040
f 702/1/2040 647/1/2041 652/1/2038
s 671
f 653/1/2042 706/1/2043 703/1/2044
f 703/1/2044 649/1/2045 653/1/2042
s 672
f 704/1/2046 651/1/2047 646/1/2048
f 646/1/2048 645/1/2049 704/1/2046
s 673
f 654/1/2050 679/1/2051 705/1/2050
f 705/1/2050 652/1/2050 654/1/2050
s 674
f 696/1/2052 706/1/2052 653/1/2052
f 653/1/2052 655/1/2053 696/1/2052
s 675
f 707/1/2054 708/1/2055 709/1/2056
f 709/1/2056 710/1/2057 707/1/2054
s 676
f 684/1/2058 711/1/2059 712/1/2058
f 712/1/2058 683/1/2060 684/1/2058
s 677
f 685/1/2061 713/1/2062 676/1/2063
f 676/1/2063 675/1/2064 685/1/2061
s 678
f 686/1/2065 714/1/2066 711/1/2067
f 711/1/2067 684/1/2067 686/1/2065
s 679
f 687/1/2068 710/1/2069 713/1/2070
f 713/1/2070 685/1/2071 687/1/2068
s 680
f 715/1/2072 714/1/2072 686/1/2072
f 686/1/2072 688/1/2072 715/1/2072
s 681
f 689/1/2073 707/1/2074 710/1/2075
f 710/1/2075 687/1/2076 689/1/2073
s 682
f 690/1/2077 716/1/2077 715/1/2077
f 715/1/2077 688/1/2078 690/1/2077
s 683
f 717/1/2079 707/1/2080 689/1/2080
f 689/1/2080 691/1/2081 717/1/2079
s 684
f 716/1/2082 690/1/2082 692/1/2082
f 692/1/2082 718/1/2082 716/1/2082
s 685
f 719/1/2083 717/1/2084 691/1/2084
f 691/1/2084 693/1/2084 719/1/2083
s 686
f 694/1/2085 720/1/2085 718/1/2085
f 718/1/2085 692/1/2086 694/1/2085
s 687
f 721/1/2087 696/1/2088 695/1/2087
f 695/1/2087 722/1/2089 721/1/2087
s 688
f 723/1/2090 719/1/2090 693/1/2090
f 693/1/2090 697/1/2090 723/1/2090
s 689
f 698/1/2091 724/1/2092 720/1/2093
f 720/1/2093 694/1/2094 698/1/2091
s 690
f 722/1/2095 695/1/2096 699/1/2097
f 699/1/2097 725/1/2095 722/1/2095
s 691
f 723/1/2098 697/1/2098 700/1/2098
f 700/1/2098 726/1/2099 723/1/2098
s 692
f 701/1/2100 727/1/2101 724/1/2100
f 724/1/2100 698/1/2101 701/1/2100
s 693
f 702/1/2102 728/1/2103 725/1/2102
f 725/1/2102 699/1/2104 702/1/2102
s 694
f 703/1/2105 729/1/2106 726/1/2105
f 726/1/2105 700/1/2107 703/1/2105
s 695
f 704/1/2108 730/1/2109 727/1/2108
f 727/1/2108 701/1/2110 704/1/2108
s 696
f 728/1/2111 702/1/2112 705/1/2112
f 705/1/2112 731/1/2112 728/1/2111
s 697
f 706/1/2113 732/1/2113 729/1/2113
f 729/1/2113 703/1/2114 706/1/2113
s 698
f 645/1/2115 733/1/2116 730/1/2117
f 730/1/2117 704/1/2118 645/1/2115
s 699
f 679/1/2119 734/1/2119 731/1/2119
f 731/1/2119 705/1/2119 679/1/2119
s 700
f 721/1/2120 732/1/2120 706/1/2120
f 706/1/2120 696/1/2121 721/1/2120
s 701
f 644/1/2122 735/1/2122 733/1/2122
f 733/1/2122 645/1/2122 644/1/2122
s 702
f 680/1/2123 736/1/2123 734/1/2123
f 734/1/2123 679/1/2123 680/1/2123
s 703
f 681/1/2124 737/1/2124 735/1/2124
f 735/1/2124 644/1/2124 681/1/2124
s 704
f 736/1/2125 680/1/2126 682/1/2127
f 682/1/2127 738/1/2126 736/1/2125
s 705
f 678/1/2128 677/1/2128 737/1/2128
f 737/1/2128 681/1/2128 678/1/2128
s 706
f 712/1/2129 738/1/2130 682/1/2129
f 682/1/2129 683/1/2129 712/1/2129
s 707
f 739/1/2131 740/1/2132 741/1/2133
f 741/1/2133 742/1/2134 739/1/2131
s 708
f 743/1/2135 744/1/2135 715/1/2135
f 715/1/2135 716/1/2135 743/1/2135
s 709
f 745/1/2136 708/1/2137 707/1/2138
f 707/1/2138 717/1/2137 745/1/2136
s 710
f 718/1/2139 746/1/2139 743/1/2139
f 743/1/2139 716/1/2139 718/1/2139
s 711
f 747/1/2140 745/1/2141 717/1/2140
f 717/1/2140 719/1/2141 747/1/2140
s 712
f 720/1/2142 748/1/2142 746/1/2142
f 746/1/2142 718/1/2143 720/1/2142
s 713
f 721/1/2144 722/1/2144 749/1/2144
f 749/1/2144 750/1/2144 721/1/2144
s 714
f 723/1/2145 751/1/2146 747/1/2147
f 747/1/2147 719/1/2146 723/1/2145
s 715
f 748/1/2148 720/1/2148 724/1/2148
f 724/1/2148 752/1/2149 748/1/2148
s 716
f 725/1/2150 753/1/2151 749/1/2151
f 749/1/2151 722/1/2151 725/1/2150
s 717
f 751/1/2152 723/1/2153 726/1/2154
f 726/1/2154 754/1/2155 751/1/2152
s 718
f 727/1/2156 755/1/2156 752/1/2156
f 752/1/2156 724/1/2156 727/1/2156
s 719
f 728/1/2157 756/1/2158 753/1/2158
f 753/1/2158 725/1/2158 728/1/2157
s 720
f 757/1/2159 754/1/2160 726/1/2160
f 726/1/2160 729/1/2160 757/1/2159
s 721
f 758/1/2161 755/1/2162 727/1/2162
f 727/1/2162 730/1/2162 758/1/2161
s 722
f 731/1/2163 759/1/2163 756/1/2163
f 756/1/2163 728/1/2163 731/1/2163
s 723
f 732/1/2164 760/1/2164 757/1/2164
f 757/1/2164 729/1/2164 732/1/2164
s 724
f 758/1/2165 730/1/2166 733/1/2167
f 733/1/2167 741/1/2166 758/1/2165
s 725
f 734/1/2168 761/1/2168 759/1/2169
f 759/1/2169 731/1/2168 734/1/2168
s 726
f 750/1/2170 760/1/2170 732/1/2170
f 732/1/2170 721/1/2170 750/1/2170
s 727
f 735/1/2171 742/1/2172 741/1/2173
f 741/1/2173 733/1/2172 735/1/2171
s 728
f 761/1/2174 734/1/2174 736/1/2174
f 736/1/2174 762/1/2174 761/1/2174
s 729
f 742/1/2175 735/1/2176 737/1/2177
f 737/1/2177 763/1/2178 742/1/2175
s 730
f 738/1/2179 764/1/2180 762/1/2180
f 762/1/2180 736/1/2180 738/1/2179
s 731
f 763/1/2181 737/1/2182 677/1/2183
f 677/1/2183 765/1/2182 763/1/2181
s 732
f 766/1/2184 764/1/2185 738/1/2186
f 738/1/2186 712/1/2185 766/1/2184
s 733
f 767/1/2187 765/1/2188 677/1/2189
f 677/1/2189 676/1/2188 767/1/2187
s 734
f 768/1/2190 766/1/2191 712/1/2192
f 712/1/2192 711/1/2191 768/1/2190
s 735
f 713/1/2193 769/1/2194 767/1/2195
f 767/1/2195 676/1/2194 713/1/2193
s 736
f 714/1/2196 770/1/2197 768/1/2197
f 768/1/2197 711/1/2197 714/1/2196
s 737
f 769/1/2198 713/1/2199 710/1/2200
f 710/1/2200 709/1/2201 769/1/2198
s 738
f 714/1/2202 715/1/2202 744/1/2202
f 744/1/2202 770/1/2202 714/1/2202
s 739
f 771/1/2203 772/1/2203 773/1/2204
f 773/1/2204 774/1/2204 771/1/2203
s 740
f 761/1/2205 762/1/2206 775/1/2206
f 775/1/2206 776/1/2207 761/1/2205
s 741
f 763/1/2208 777/1/2209 739/1/2210
f 739/1/2210 742/1/2209 763/1/2208
s 742
f 778/1/2211 775/1/2212 762/1/2213
f 762/1/2213 764/1/2214 778/1/2211
s 743
f 765/1/2215 771/1/2216 777/1/2217
f 777/1/2217 763/1/2217 765/1/2215
s 744
f 766/1/2218 779/1/2219 778/1/2220
f 778/1/2220 764/1/2221 766/1/2218
s 745
f 771/1/2222 765/1/2223 767/1/2224
f 767/1/2224 772/1/2225 771/1/2222
s 746
f 768/1/2226 780/1/2227 779/1/2228
f 779/1/2228 766/1/2229 768/1/2226
s 747
f 769/1/2230 781/1/2231 772/1/2232
f 772/1/2232 767/1/2233 769/1/2230
s 748
f 768/1/2234 770/1/2235 782/1/2236
f 782/1/2236 780/1/2237 768/1/2234
s 749
f 769/1/2238 709/1/2239 783/1/2240
f 783/1/2240 781/1/2241 769/1/2238
s 750
f 744/1/2242 784/1/2243 782/1/2242
f 782/1/2242 770/1/2242 744/1/2242
s 751
f 785/1/2244 783/1/2245 709/1/2246
f 709/1/2246 708/1/2247 785/1/2244
s 752
f 786/1/2248 784/1/2249 744/1/2250
f 744/1/2250 743/1/2251 786/1/2248
s 753
f 785/1/2252 708/1/2253 745/1/2254
f 745/1/2254 787/1/2255 785/1/2252
s 754
f 788/1/2256 786/1/2257 743/1/2258
f 743/1/2258 746/1/2259 788/1/2256
s 755
f 747/1/2260 789/1/2261 787/1/2262
f 787/1/2262 745/1/2263 747/1/2260
s 756
f 746/1/2264 748/1/2265 790/1/2266
f 790/1/2266 788/1/2264 746/1/2264
s 757
f 791/1/2267 792/1/2268 750/1/2269
f 750/1/2269 749/1/2270 791/1/2267
s 758
f 747/1/2271 751/1/2272 793/1/2272
f 793/1/2272 789/1/2273 747/1/2271
s 759
f 790/1/2274 748/1/2275 752/1/2275
f 752/1/2275 794/1/2276 790/1/2274
s 760
f 791/1/2277 749/1/2278 753/1/2277
f 753/1/2277 795/1/2279 791/1/2277
s 761
f 754/1/2280 796/1/2281 793/1/2282
f 793/1/2282 751/1/2283 754/1/2280
s 762
f 752/1/2284 755/1/2285 797/1/2286
f 797/1/2286 794/1/2287 752/1/2284
s 763
f 753/1/2288 756/1/2289 798/1/2290
f 798/1/2290 795/1/2291 753/1/2288
s 764
f 799/1/2292 796/1/2293 754/1/2294
f 754/1/2294 757/1/2295 799/1/2292
s 765
f 758/1/2296 800/1/2297 797/1/2298
f 797/1/2298 755/1/2299 758/1/2296
s 766
f 801/1/2300 798/1/2301 756/1/2302
f 756/1/2302 759/1/2302 801/1/2300
s 767
f 802/1/2303 799/1/2304 757/1/2305
f 757/1/2305 760/1/2306 802/1/2303
s 768
f 800/1/2307 758/1/2308 741/1/2309
f 741/1/2309 740/1/2308 800/1/2307
s 769
f 761/1/2310 776/1/2311 801/1/2312
f 801/1/2312 759/1/2312 761/1/2310
s 770
f 760/1/2313 750/1/2314 792/1/2313
f 792/1/2313 802/1/2315 760/1/2313
s 771
f 803/1/2316 804/1/2317 805/1/2318
f 805/1/2318 806/1/2317 807/1/2319
f 805/1/2318 807/1/2319 808/1/2320
f 803/1/2316 805/1/2318 808/1/2320
f 809/1/2317 810/1/2317 811/1/2321
f 808/1/2320 809/1/2317 811/1/2321
f 811/1/2321 812/1/2317 813/1/2322
f 811/1/2321 813/1/2322 814/1/2323
f 808/1/2320 811/1/2321 814/1/2323
f 808/1/2320 814/1/2323 815/1/2317
f 808/1/2320 815/1/2317 816/1/2324
f 817/1/2325 818/1/2317 819/1/2326
f 816/1/2324 817/1/2325 819/1/2326
f 816/1/2324 819/1/2326 820/1/2327
f 816/1/2324 820/1/2327 821/1/2328
f 808/1/2320 816/1/2324 821/1/2328
f 808/1/2320 821/1/2328 822/1/2329
f 774/1/2330 773/1/2317 823/1/2331
f 822/1/2329 774/1/2330 823/1/2331
f 822/1/2329 823/1/2331 824/1/2332
f 822/1/2329 824/1/2332 825/1/2333
f 808/1/2320 822/1/2329 825/1/2333
f 808/1/2320 825/1/2333 826/1/2334
f 827/1/2335 828/1/2336 829/1/2325
f 826/1/2334 827/1/2335 829/1/2325
f 826/1/2334 829/1/2325 830/1/2337
f 808/1/2320 826/1/2334 830/1/2337
f 808/1/2320 830/1/2337 831/1/2338
f 808/1/2320 831/1/2338 832/1/2339
f 803/1/2316 808/1/2320 832/1/2339
s 772
f 811/1/2340 810/1/2341 779/1/2342
f 779/1/2342 780/1/2340 811/1/2340
s 773
f 823/1/2343 773/1/2343 772/1/2343
f 772/1/2343 781/1/2344 823/1/2343
s 774
f 780/1/2345 782/1/2346 812/1/2345
f 812/1/2345 811/1/2345 780/1/2345
s 775
f 783/1/2347 824/1/2348 823/1/2349
f 823/1/2349 781/1/2350 783/1/2347
s 776
f 813/1/2351 812/1/2351 782/1/2351
f 782/1/2351 784/1/2351 813/1/2351
s 777
f 785/1/2352 825/1/2353 824/1/2354
f 824/1/2354 783/1/2353 785/1/2352
s 778
f 786/1/2355 814/1/2356 813/1/2357
f 813/1/2357 784/1/2358 786/1/2355
s 779
f 825/1/2359 785/1/2360 787/1/2359
f 787/1/2359 826/1/2359 825/1/2359
s 780
f 788/1/2361 815/1/2362 814/1/2363
f 814/1/2363 786/1/2364 788/1/2361
s 781
f 826/1/2365 787/1/2366 789/1/2366
f 789/1/2366 827/1/2367 826/1/2365
s 782
f 815/1/2368 788/1/2369 790/1/2368
f 790/1/2368 816/1/2370 815/1/2368
s 783
f 803/1/2371 832/1/2372 792/1/2371
f 792/1/2371 791/1/2371 803/1/2371
s 784
f 789/1/2373 793/1/2373 828/1/2373
f 828/1/2373 827/1/2373 789/1/2373
s 785
f 817/1/2374 816/1/2375 790/1/2374
f 790/1/2374 794/1/2376 817/1/2374
s 786
f 804/1/2377 803/1/2378 791/1/2377
f 791/1/2377 795/1/2379 804/1/2377
s 787
f 829/1/2380 828/1/2381 793/1/2381
f 793/1/2381 796/1/2381 829/1/2380
s 788
f 794/1/2382 797/1/2383 818/1/2382
f 818/1/2382 817/1/2384 794/1/2382
s 789
f 798/1/2385 805/1/2385 804/1/2386
f 804/1/2386 795/1/2386 798/1/2385
s 790
f 799/1/2387 830/1/2388 829/1/2389
f 829/1/2389 796/1/2389 799/1/2387
s 791
f 819/1/2390 818/1/2391 797/1/2390
f 797/1/2390 800/1/2392 819/1/2390
s 792
f 805/1/2393 798/1/2394 801/1/2394
f 801/1/2394 806/1/2395 805/1/2393
s 793
f 802/1/2396 831/1/2396 830/1/2396
f 830/1/2396 799/1/2396 802/1/2396
s 794
f 740/1/2397 820/1/2397 819/1/2397
f 819/1/2397 800/1/2397 740/1/2397
s 795
f 807/1/2398 806/1/2399 801/1/2400
f 801/1/2400 776/1/2401 807/1/2398
s 796
f 831/1/2402 802/1/2402 792/1/2402
f 792/1/2402 832/1/2402 831/1/2402
s 797
f 739/1/2403 821/1/2403 820/1/2404
f 820/1/2404 740/1/2403 739/1/2403
s 798
f 775/1/2405 808/1/2406 807/1/2405
f 807/1/2405 776/1/2405 775/1/2405
s 799
f 821/1/2407 739/1/2407 777/1/2408
f 777/1/2408 822/1/2407 821/1/2407
s 800
f 778/1/2409 809/1/2409 808/1/2409
f 808/1/2409 775/1/2410 778/1/2409
s 801
f 822/1/2411 777/1/2411 771/1/2411
f 771/1/2411 774/1/2412 822/1/2411
s 802
f 809/1/2413 778/1/2413 779/1/2413
f 779/1/2413 810/1/2413 809/1/2413
s 803
f 833/1/2414 834/1/2415 835/1/2416
f 835/1/2416 836/1/2417 833/1/2414
f 836/1/2417 835/1/2416 837/1/2418
f 837/1/2418 838/1/2419 836/1/2417
s 804
f 836/1/2420 839/1/2421 840/1/2422
f 840/1/2422 833/1/2423 836/1/2420
f 841/1/2424 839/1/2421 836/1/2420
f 836/1/2420 838/1/2425 841/1/2424
s 805
f 842/1/2426 843/1/2426 844/1/2426
f 844/1/2426 834/1/2426 842/1/2426
s 806
f 845/1/2427 835/1/2428 834/1/2429
f 834/1/2429 844/1/2429 845/1/2427
s 807
f 845/1/2430 846/1/2431 837/1/2430
f 837/1/2430 835/1/2430 845/1/2430
s 808
f 837/1/2432 846/1/2433 847/1/2432
f 847/1/2432 848/1/2434 837/1/2432
s 803
f 849/1/2435 838/1/2419 837/1/2418
f 837/1/2418 848/1/2436 849/1/2435
s 804
f 849/1/2437 850/1/2438 841/1/2424
f 841/1/2424 838/1/2425 849/1/2437
s 809
f 851/1/2439 841/1/2440 850/1/2440
f 850/1/2440 852/1/2439 851/1/2439
s 810
f 841/1/2441 851/1/2441 853/1/2441
f 853/1/2441 839/1/2441 841/1/2441
s 811
f 839/1/2442 853/1/2443 854/1/2443
f 854/1/2443 840/1/2444 839/1/2442
s 812
f 854/1/2445 855/1/2446 856/1/2447
f 856/1/2447 840/1/2447 854/1/2445
s 804
f 833/1/2423 840/1/2422 856/1/2448
f 856/1/2448 857/1/2449 833/1/2423
s 803
f 842/1/2450 834/1/2415 833/1/2414
f 833/1/2414 857/1/2451 842/1/2450
s 813
f 858/1/2452 859/1/2453 860/1/2454
f 860/1/2454 861/1/2455 858/1/2452
s 814
f 862/1/2456 863/1/2457 859/1/2458
f 859/1/2458 858/1/2459 862/1/2456
s 813
f 859/1/2453 864/1/2460 865/1/2461
f 865/1/2461 860/1/2454 859/1/2453
s 814
f 859/1/2458 863/1/2457 866/1/2462
f 866/1/2462 864/1/2463 859/1/2458
s 815
f 867/1/2464 861/1/2465 868/1/2465
f 868/1/2465 869/1/2465 867/1/2464
s 813
f 858/1/2452 861/1/2455 867/1/2466
f 867/1/2466 870/1/2467 858/1/2452
s 814
f 871/1/2468 862/1/2456 858/1/2459
f 858/1/2459 870/1/2469 871/1/2468
s 816
f 862/1/2470 871/1/2471 872/1/2472
f 872/1/2472 873/1/2473 862/1/2470
s 817
f 874/1/2474 863/1/2474 862/1/2474
f 862/1/2474 873/1/2475 874/1/2474
s 818
f 875/1/2476 866/1/2476 863/1/2476
f 863/1/2476 874/1/2477 875/1/2476
s 819
f 876/1/2478 866/1/2479 875/1/2480
f 875/1/2480 877/1/2481 876/1/2478
s 814
f 876/1/2482 878/1/2483 864/1/2463
f 864/1/2463 866/1/2462 876/1/2482
s 813
f 864/1/2460 878/1/2484 879/1/2485
f 879/1/2485 865/1/2461 864/1/2460
s 820
f 880/1/2486 865/1/2487 879/1/2488
f 879/1/2488 881/1/2486 880/1/2486
s 821
f 860/1/2489 865/1/2489 880/1/2489
f 880/1/2489 882/1/2489 860/1/2489
s 822
f 861/1/2490 860/1/2491 882/1/2491
f 882/1/2491 868/1/2492 861/1/2490
s 813
f 883/1/2493 884/1/2494 885/1/2495
f 885/1/2495 886/1/2496 883/1/2493
s 814
f 887/1/2497 888/1/2498 884/1/2499
f 884/1/2499 883/1/2500 887/1/2497
s 813
f 884/1/2494 889/1/2501 890/1/2502
f 890/1/2502 885/1/2495 884/1/2494
s 814
f 884/1/2499 888/1/2498 891/1/2503
f 891/1/2503 889/1/2504 884/1/2499
s 823
f 886/1/2505 892/1/2506 893/1/2506
f 893/1/2506 894/1/2506 886/1/2505
s 813
f 894/1/2507 895/1/2508 883/1/2493
f 883/1/2493 886/1/2496 894/1/2507
s 814
f 887/1/2497 883/1/2500 895/1/2509
f 895/1/2509 896/1/2510 887/1/2497
s 824
f 896/1/2511 897/1/2512 898/1/2513
f 898/1/2513 887/1/2514 896/1/2511
s 825
f 899/1/2515 888/1/2516 887/1/2515
f 887/1/2515 898/1/2516 899/1/2515
s 826
f 900/1/2517 891/1/2518 888/1/2519
f 888/1/2519 899/1/2518 900/1/2517
s 827
f 871/1/2520 891/1/2521 900/1/2522
f 900/1/2522 872/1/2523 871/1/2520
s 814
f 870/1/2469 889/1/2504 891/1/2503
f 891/1/2503 871/1/2468 870/1/2469
s 813
f 870/1/2467 867/1/2466 890/1/2502
f 890/1/2502 889/1/2501 870/1/2467
s 828
f 867/1/2524 869/1/2524 901/1/2524
f 901/1/2524 890/1/2524 867/1/2524
s 829
f 885/1/2525 890/1/2525 901/1/2525
f 901/1/2525 902/1/2526 885/1/2525
s 830
f 886/1/2527 885/1/2527 902/1/2527
f 902/1/2527 892/1/2527 886/1/2527
s 813
f 903/1/2528 904/1/2529 905/1/2530
f 905/1/2530 906/1/2531 903/1/2528
s 814
f 907/1/2532 908/1/2533 904/1/2534
f 904/1/2534 903/1/2535 907/1/2532
s 813
f 904/1/2529 909/1/2536 910/1/2537
f 910/1/2537 905/1/2530 904/1/2529
s 814
f 904/1/2534 908/1/2533 911/1/2538
f 911/1/2538 909/1/2539 904/1/2534
s 831
f 912/1/2540 913/1/2540 914/1/2540
f 914/1/2540 906/1/2540 912/1/2540
s 813
f 903/1/2528 906/1/2531 914/1/2541
f 914/1/2541 915/1/2542 903/1/2528
s 814
f 907/1/2532 903/1/2535 915/1/2543
f 915/1/2543 916/1/2544 907/1/2532
s 832
f 916/1/2545 917/1/2545 918/1/2545
f 918/1/2545 907/1/2545 916/1/2545
s 833
f 919/1/2546 908/1/2547 907/1/2548
f 907/1/2548 918/1/2546 919/1/2546
s 834
f 920/1/2549 911/1/2550 908/1/2549
f 908/1/2549 919/1/2551 920/1/2549
s 835
f 897/1/2552 896/1/2552 911/1/2552
f 911/1/2552 920/1/2553 897/1/2552
s 814
f 895/1/2509 909/1/2539 911/1/2538
f 911/1/2538 896/1/2510 895/1/2509
s 813
f 895/1/2508 894/1/2507 910/1/2537
f 910/1/2537 909/1/2536 895/1/2508
s 836
f 894/1/2554 893/1/2555 921/1/2556
f 921/1/2556 910/1/2557 894/1/2554
s 837
f 910/1/2558 921/1/2559 922/1/2558
f 922/1/2558 905/1/2558 910/1/2558
s 838
f 906/1/2560 905/1/2560 922/1/2560
f 922/1/2560 912/1/2561 906/1/2560
s 813
f 923/1/2562 924/1/2563 925/1/2564
f 925/1/2564 926/1/2565 923/1/2562
s 814
f 927/1/2566 928/1/2567 924/1/2568
f 924/1/2568 923/1/2569 927/1/2566
s 813
f 924/1/2563 929/1/2570 930/1/2571
f 930/1/2571 925/1/2564 924/1/2563
s 814
f 924/1/2568 928/1/2567 931/1/2572
f 931/1/2572 929/1/2573 924/1/2568
s 839
f 926/1/2574 932/1/2574 933/1/2575
f 933/1/2575 934/1/2576 926/1/2574
s 813
f 926/1/2565 934/1/2577 935/1/2578
f 935/1/2578 923/1/2562 926/1/2565
s 814
f 935/1/2579 936/1/2580 927/1/2566
f 927/1/2566 923/1/2569 935/1/2579
s 840
f 937/1/2581 927/1/2582 936/1/2582
f 936/1/2582 938/1/2582 937/1/2581
s 841
f 928/1/2583 927/1/2583 937/1/2584
f 937/1/2584 939/1/2583 928/1/2583
s 842
f 940/1/2585 931/1/2585 928/1/2585
f 928/1/2585 939/1/2586 940/1/2585
s 843
f 917/1/2587 916/1/2587 931/1/2587
f 931/1/2587 940/1/2588 917/1/2587
s 814
f 915/1/2543 929/1/2573 931/1/2572
f 931/1/2572 916/1/2544 915/1/2543
s 813
f 915/1/2542 914/1/2541 930/1/2571
f 930/1/2571 929/1/2570 915/1/2542
s 844
f 914/1/2589 913/1/2590 941/1/2589
f 941/1/2589 930/1/2591 914/1/2589
s 845
f 930/1/2592 941/1/2593 942/1/2594
f 942/1/2594 925/1/2594 930/1/2592
s 846
f 932/1/2595 926/1/2595 925/1/2595
f 925/1/2595 942/1/2596 932/1/2595
s 813
f 943/1/2597 944/1/2598 945/1/2599
f 945/1/2599 946/1/2600 943/1/2597
s 814
f 947/1/2601 948/1/2602 944/1/2603
f 944/1/2603 943/1/2604 947/1/2601
s 813
f 944/1/2598 949/1/2605 950/1/2606
f 950/1/2606 945/1/2599 944/1/2598
s 814
f 944/1/2603 948/1/2602 951/1/2607
f 951/1/2607 949/1/2608 944/1/2603
s 847
f 946/1/2609 952/1/2610 953/1/2611
f 953/1/2611 954/1/2612 946/1/2609
s 813
f 946/1/2600 954/1/2613 955/1/2614
f 955/1/2614 943/1/2597 946/1/2600
s 814
f 947/1/2601 943/1/2604 955/1/2615
f 955/1/2615 956/1/2616 947/1/2601
s 848
f 956/1/2617 957/1/2618 958/1/2619
f 958/1/2619 947/1/2618 956/1/2617
s 849
f 948/1/2620 947/1/2621 958/1/2621
f 958/1/2621 959/1/2620 948/1/2620
s 850
f 960/1/2622 951/1/2623 948/1/2623
f 948/1/2623 959/1/2623 960/1/2622
s 851
f 936/1/2624 951/1/2625 960/1/2624
f 960/1/2624 938/1/2626 936/1/2624
s 814
f 949/1/2608 951/1/2607 936/1/2580
f 936/1/2580 935/1/2579 949/1/2608
s 813
f 935/1/2578 934/1/2577 950/1/2606
f 950/1/2606 949/1/2605 935/1/2578
s 852
f 934/1/2627 933/1/2627 961/1/2628
f 961/1/2628 950/1/2629 934/1/2627
s 853
f 950/1/2630 961/1/2631 962/1/2632
f 962/1/2632 945/1/2630 950/1/2630
s 854
f 952/1/2633 946/1/2634 945/1/2635
f 945/1/2635 962/1/2636 952/1/2633
s 813
f 963/1/2637 964/1/2638 965/1/2639
f 965/1/2639 966/1/2640 963/1/2637
s 814
f 967/1/2641 968/1/2642 964/1/2643
f 964/1/2643 963/1/2644 967/1/2641
s 813
f 964/1/2638 969/1/2645 970/1/2646
f 970/1/2646 965/1/2639 964/1/2638
s 814
f 964/1/2643 968/1/2642 971/1/2647
f 971/1/2647 969/1/2648 964/1/2643
s 855
f 966/1/2649 972/1/2650 973/1/2649
f 973/1/2649 974/1/2649 966/1/2649
s 813
f 966/1/2640 974/1/2651 975/1/2652
f 975/1/2652 963/1/2637 966/1/2640
s 814
f 967/1/2641 963/1/2644 975/1/2653
f 975/1/2653 976/1/2654 967/1/2641
s 856
f 976/1/2655 977/1/2656 978/1/2657
f 978/1/2657 967/1/2657 976/1/2655
s 857
f 968/1/2658 967/1/2659 978/1/2658
f 978/1/2658 979/1/2658 968/1/2658
s 858
f 980/1/2660 971/1/2660 968/1/2660
f 968/1/2660 979/1/2660 980/1/2660
s 859
f 956/1/2661 971/1/2662 980/1/2663
f 980/1/2663 957/1/2662 956/1/2661
s 814
f 955/1/2615 969/1/2648 971/1/2647
f 971/1/2647 956/1/2616 955/1/2615
s 813
f 955/1/2614 954/1/2613 970/1/2646
f 970/1/2646 969/1/2645 955/1/2614
s 860
f 954/1/2664 953/1/2665 981/1/2666
f 981/1/2666 970/1/2666 954/1/2664
s 861
f 970/1/2667 981/1/2668 982/1/2667
f 982/1/2667 965/1/2669 970/1/2667
s 862
f 972/1/2670 966/1/2671 965/1/2670
f 965/1/2670 982/1/2671 972/1/2670
s 813
f 983/1/2672 984/1/2673 985/1/2674
f 985/1/2674 986/1/2675 983/1/2672
s 814
f 987/1/2676 988/1/2677 984/1/2678
f 984/1/2678 983/1/2679 987/1/2676
s 813
f 984/1/2673 989/1/2680 990/1/2681
f 990/1/2681 985/1/2674 984/1/2673
s 814
f 984/1/2678 988/1/2677 991/1/2682
f 991/1/2682 989/1/2683 984/1/2678
s 863
f 986/1/2684 992/1/2685 993/1/2686
f 993/1/2686 994/1/2685 986/1/2684
s 813
f 986/1/2675 994/1/2687 995/1/2688
f 995/1/2688 983/1/2672 986/1/2675
s 814
f 987/1/2676 983/1/2679 995/1/2689
f 995/1/2689 996/1/2690 987/1/2676
s 864
f 996/1/2691 997/1/2691 998/1/2692
f 998/1/2692 987/1/2691 996/1/2691
s 865
f 988/1/2693 987/1/2693 998/1/2694
f 998/1/2694 999/1/2693 988/1/2693
s 866
f 1000/1/2695 991/1/2695 988/1/2696
f 988/1/2696 999/1/2697 1000/1/2695
s 867
f 976/1/2698 991/1/2699 1000/1/2699
f 1000/1/2699 977/1/2700 976/1/2698
s 814
f 975/1/2653 989/1/2683 991/1/2682
f 991/1/2682 976/1/2654 975/1/2653
s 813
f 975/1/2652 974/1/2651 990/1/2681
f 990/1/2681 989/1/2680 975/1/2652
s 868
f 974/1/2701 973/1/2702 1001/1/2703
f 1001/1/2703 990/1/2704 974/1/2701
s 869
f 990/1/2705 1001/1/2706 1002/1/2707
f 1002/1/2707 985/1/2708 990/1/2705
s 870
f 992/1/2709 986/1/2709 985/1/2710
f 985/1/2710 1002/1/2709 992/1/2709
s 813
f 1003/1/2711 1004/1/2712 1005/1/2713
f 1005/1/2713 1006/1/2714 1003/1/2711
s 814
f 1007/1/2715 1008/1/2716 1004/1/2717
f 1004/1/2717 1003/1/2718 1007/1/2715
s 813
f 1004/1/2712 1009/1/2719 1010/1/2720
f 1010/1/2720 1005/1/2713 1004/1/2712
s 814
f 1004/1/2717 1008/1/2716 1011/1/2721
f 1011/1/2721 1009/1/2722 1004/1/2717
s 871
f 1006/1/2723 1012/1/2724 1013/1/2725
f 1013/1/2725 1014/1/2726 1006/1/2723
s 813
f 1006/1/2714 1014/1/2727 1015/1/2728
f 1015/1/2728 1003/1/2711 1006/1/2714
s 814
f 1007/1/2715 1003/1/2718 1015/1/2729
f 1015/1/2729 1016/1/2730 1007/1/2715
s 872
f 1017/1/2731 1007/1/2731 1016/1/2731
f 1016/1/2731 1018/1/2731 1017/1/2731
s 873
f 1008/1/2732 1007/1/2732 1017/1/2732
f 1017/1/2732 1019/1/2732 1008/1/2732
s 874
f 1020/1/2733 1011/1/2734 1008/1/2733
f 1008/1/2733 1019/1/2735 1020/1/2733
s 875
f 996/1/2736 1011/1/2737 1020/1/2736
f 1020/1/2736 997/1/2736 996/1/2736
s 814
f 995/1/2689 1009/1/2722 1011/1/2721
f 1011/1/2721 996/1/2690 995/1/2689
s 813
f 995/1/2688 994/1/2687 1010/1/2720
f 1010/1/2720 1009/1/2719 995/1/2688
s 876
f 994/1/2738 993/1/2739 1021/1/2740
f 1021/1/2740 1010/1/2739 994/1/2738
s 877
f 1010/1/2741 1021/1/2741 1022/1/2742
f 1022/1/2742 1005/1/2741 1010/1/2741
s 878
f 1012/1/2743 1006/1/2743 1005/1/2744
f 1005/1/2744 1022/1/2743 1012/1/2743
s 813
f 1023/1/2745 1024/1/2746 1025/1/2747
f 1025/1/2747 1026/1/2748 1023/1/2745
s 814
f 1027/1/2749 1028/1/2750 1024/1/2751
f 1024/1/2751 1023/1/2752 1027/1/2749
s 813
f 1024/1/2746 1029/1/2753 1030/1/2754
f 1030/1/2754 1025/1/2747 1024/1/2746
s 814
f 1024/1/2751 1028/1/2750 1031/1/2755
f 1031/1/2755 1029/1/2756 1024/1/2751
s 879
f 1026/1/2757 1032/1/2758 1033/1/2757
f 1033/1/2757 1034/1/2757 1026/1/2757
s 813
f 1026/1/2748 1034/1/2759 1035/1/2760
f 1035/1/2760 1023/1/2745 1026/1/2748
s 814
f 1027/1/2749 1023/1/2752 1035/1/2761
f 1035/1/2761 1036/1/2762 1027/1/2749
s 880
f 1037/1/2763 1027/1/2763 1036/1/2763
f 1036/1/2763 1038/1/2763 1037/1/2763
s 881
f 1028/1/2764 1027/1/2764 1037/1/2765
f 1037/1/2765 1039/1/2764 1028/1/2764
s 882
f 1040/1/2766 1031/1/2766 1028/1/2767
f 1028/1/2767 1039/1/2767 1040/1/2766
s 883
f 1018/1/2768 1016/1/2769 1031/1/2770
f 1031/1/2770 1040/1/2768 1018/1/2768
s 814
f 1015/1/2729 1029/1/2756 1031/1/2755
f 1031/1/2755 1016/1/2730 1015/1/2729
s 813
f 1015/1/2728 1014/1/2727 1030/1/2754
f 1030/1/2754 1029/1/2753 1015/1/2728
s 884
f 1014/1/2771 1013/1/2772 1041/1/2773
f 1041/1/2773 1030/1/2773 1014/1/2771
s 885
f 1030/1/2774 1041/1/2775 1042/1/2774
f 1042/1/2774 1025/1/2774 1030/1/2774
s 886
f 1032/1/2776 1026/1/2777 1025/1/2776
f 1025/1/2776 1042/1/2776 1032/1/2776
s 813
f 1043/1/2778 1044/1/2779 1045/1/2780
f 1045/1/2780 1046/1/2781 1043/1/2778
s 814
f 1047/1/2782 1048/1/2783 1044/1/2784
f 1044/1/2784 1043/1/2785 1047/1/2782
s 813
f 1044/1/2779 1049/1/2786 1050/1/2787
f 1050/1/2787 1045/1/2780 1044/1/2779
s 814
f 1044/1/2784 1048/1/2783 1051/1/2788
f 1051/1/2788 1049/1/2789 1044/1/2784
s 887
f 1046/1/2790 1052/1/2791 1053/1/2792
f 1053/1/2792 1054/1/2793 1046/1/2790
s 813
f 1046/1/2781 1054/1/2794 1055/1/2795
f 1055/1/2795 1043/1/2778 1046/1/2781
s 814
f 1047/1/2782 1043/1/2785 1055/1/2796
f 1055/1/2796 1056/1/2797 1047/1/2782
s 888
f 1057/1/2798 1047/1/2799 1056/1/2799
f 1056/1/2799 1058/1/2799 1057/1/2798
s 889
f 1048/1/2800 1047/1/2801 1057/1/2802
f 1057/1/2802 1059/1/2803 1048/1/2800
s 890
f 1060/1/2804 1051/1/2805 1048/1/2806
f 1048/1/2806 1059/1/2807 1060/1/2804
s 891
f 1038/1/2808 1036/1/2809 1051/1/2808
f 1051/1/2808 1060/1/2810 1038/1/2808
s 814
f 1035/1/2761 1049/1/2789 1051/1/2788
f 1051/1/2788 1036/1/2762 1035/1/2761
s 813
f 1035/1/2760 1034/1/2759 1050/1/2787
f 1050/1/2787 1049/1/2786 1035/1/2760
s 892
f 1034/1/2811 1033/1/2812 1061/1/2813
f 1061/1/2813 1050/1/2812 1034/1/2811
s 893
f 1050/1/2814 1061/1/2815 1062/1/2816
f 1062/1/2816 1045/1/2815 1050/1/2814
s 894
f 1052/1/2817 1046/1/2817 1045/1/2817
f 1045/1/2817 1062/1/2817 1052/1/2817
s 813
f 1063/1/2818 1064/1/2819 1065/1/2820
f 1065/1/2820 1066/1/2821 1063/1/2818
s 814
f 1067/1/2822 1068/1/2823 1064/1/2824
f 1064/1/2824 1063/1/2825 1067/1/2822
s 813
f 1064/1/2819 1069/1/2826 1070/1/2827
f 1070/1/2827 1065/1/2820 1064/1/2819
s 814
f 1064/1/2824 1068/1/2823 1071/1/2828
f 1071/1/2828 1069/1/2829 1064/1/2824
s 895
f 1066/1/2830 1072/1/2830 1073/1/2830
f 1073/1/2830 1074/1/2831 1066/1/2830
s 813
f 1066/1/2821 1074/1/2832 1075/1/2833
f 1075/1/2833 1063/1/2818 1066/1/2821
s 814
f 1067/1/2822 1063/1/2825 1075/1/2834
f 1075/1/2834 1076/1/2835 1067/1/2822
s 896
f 1077/1/2836 1067/1/2837 1076/1/2838
f 1076/1/2838 1078/1/2837 1077/1/2836
s 897
f 1068/1/2839 1067/1/2839 1077/1/2839
f 1077/1/2839 1079/1/2839 1068/1/2839
s 898
f 1080/1/2840 1071/1/2841 1068/1/2842
f 1068/1/2842 1079/1/2843 1080/1/2840
s 899
f 1058/1/2844 1056/1/2844 1071/1/2845
f 1071/1/2845 1080/1/2845 1058/1/2844
s 814
f 1055/1/2796 1069/1/2829 1071/1/2828
f 1071/1/2828 1056/1/2797 1055/1/2796
s 813
f 1055/1/2795 1054/1/2794 1070/1/2827
f 1070/1/2827 1069/1/2826 1055/1/2795
s 900
f 1054/1/2846 1053/1/2846 1081/1/2847
f 1081/1/2847 1070/1/2846 1054/1/2846
s 901
f 1070/1/2848 1081/1/2848 1082/1/2849
f 1082/1/2849 1065/1/2849 1070/1/2848
s 902
f 1072/1/2850 1066/1/2851 1065/1/2850
f 1065/1/2850 1082/1/2850 1072/1/2850
s 813
f 1083/1/2852 1084/1/2853 1085/1/2854
f 1085/1/2854 1086/1/2855 1083/1/2852
s 814
f 1087/1/2856 1088/1/2857 1084/1/2858
f 1084/1/2858 1083/1/2859 1087/1/2856
s 813
f 1084/1/2853 1089/1/2860 1090/1/2861
f 1090/1/2861 1085/1/2854 1084/1/2853
s 814
f 1084/1/2858 1088/1/2857 1091/1/2862
f 1091/1/2862 1089/1/2863 1084/1/2858
s 903
f 1086/1/2864 1092/1/2865 1093/1/2864
f 1093/1/2864 1094/1/2864 1086/1/2864
s 813
f 1086/1/2855 1094/1/2866 1095/1/2867
f 1095/1/2867 1083/1/2852 1086/1/2855
s 814
f 1087/1/2856 1083/1/2859 1095/1/2868
f 1095/1/2868 1096/1/2869 1087/1/2856
s 904
f 1097/1/2870 1087/1/2871 1096/1/2872
f 1096/1/2872 1098/1/2872 1097/1/2870
s 905
f 1088/1/2873 1087/1/2873 1097/1/2873
f 1097/1/2873 1099/1/2873 1088/1/2873
s 906
f 1100/1/2874 1091/1/2874 1088/1/2874
f 1088/1/2874 1099/1/2874 1100/1/2874
s 907
f 1078/1/2875 1076/1/2876 1091/1/2877
f 1091/1/2877 1100/1/2878 1078/1/2875
s 814
f 1075/1/2834 1089/1/2863 1091/1/2862
f 1091/1/2862 1076/1/2835 1075/1/2834
s 813
f 1075/1/2833 1074/1/2832 1090/1/2861
f 1090/1/2861 1089/1/2860 1075/1/2833
s 908
f 1074/1/2879 1073/1/2880 1101/1/2880
f 1101/1/2880 1090/1/2879 1074/1/2879
s 909
f 1090/1/2881 1101/1/2882 1102/1/2883
f 1102/1/2883 1085/1/2884 1090/1/2881
s 910
f 1092/1/2885 1086/1/2886 1085/1/2887
f 1085/1/2887 1102/1/2888 1092/1/2885
s 813
f 1103/1/2889 1104/1/2890 1105/1/2891
f 1105/1/2891 1106/1/2892 1103/1/2889
s 814
f 1107/1/2893 1108/1/2894 1104/1/2895
f 1104/1/2895 1103/1/2896 1107/1/2893
s 813
f 1104/1/2890 1109/1/2897 1110/1/2898
f 1110/1/2898 1105/1/2891 1104/1/2890
s 814
f 1104/1/2895 1108/1/2894 1111/1/2899
f 1111/1/2899 1109/1/2900 1104/1/2895
s 911
f 1106/1/2901 1112/1/2902 1113/1/2901
f 1113/1/2901 1114/1/2903 1106/1/2901
s 813
f 1106/1/2892 1114/1/2904 1115/1/2905
f 1115/1/2905 1103/1/2889 1106/1/2892
s 814
f 1107/1/2893 1103/1/2896 1115/1/2906
f 1115/1/2906 1116/1/2907 1107/1/2893
s 912
f 1117/1/2908 1107/1/2908 1116/1/2908
f 1116/1/2908 1118/1/2908 1117/1/2908
s 913
f 1108/1/2909 1107/1/2909 1117/1/2909
f 1117/1/2909 1119/1/2910 1108/1/2909
s 914
f 1120/1/2911 1111/1/2911 1108/1/2912
f 1108/1/2912 1119/1/2911 1120/1/2911
s 915
f 1098/1/2913 1096/1/2913 1111/1/2914
f 1111/1/2914 1120/1/2915 1098/1/2913
s 814
f 1095/1/2868 1109/1/2900 1111/1/2899
f 1111/1/2899 1096/1/2869 1095/1/2868
s 813
f 1095/1/2867 1094/1/2866 1110/1/2898
f 1110/1/2898 1109/1/2897 1095/1/2867
s 916
f 1094/1/2916 1093/1/2917 1121/1/2918
f 1121/1/2918 1110/1/2918 1094/1/2916
s 917
f 1110/1/2919 1121/1/2919 1122/1/2919
f 1122/1/2919 1105/1/2919 1110/1/2919
s 918
f 1112/1/2920 1106/1/2921 1105/1/2922
f 1105/1/2922 1122/1/2923 1112/1/2920
s 813
f 1123/1/2924 1124/1/2925 1125/1/2926
f 1125/1/2926 1126/1/2927 1123/1/2924
s 814
f 1127/1/2928 1128/1/2929 1124/1/2930
f 1124/1/2930 1123/1/2931 1127/1/2928
s 813
f 1124/1/2925 1129/1/2932 1130/1/2933
f 1130/1/2933 1125/1/2926 1124/1/2925
s 814
f 1124/1/2930 1128/1/2929 1131/1/2934
f 1131/1/2934 1129/1/2935 1124/1/2930
s 919
f 1126/1/2936 1132/1/2937 1133/1/2936
f 1133/1/2936 1134/1/2936 1126/1/2936
s 813
f 1126/1/2927 1134/1/2938 1135/1/2939
f 1135/1/2939 1123/1/2924 1126/1/2927
s 814
f 1127/1/2928 1123/1/2931 1135/1/2940
f 1135/1/2940 1136/1/2941 1127/1/2928
s 920
f 1137/1/2942 1127/1/2942 1136/1/2943
f 1136/1/2943 1138/1/2942 1137/1/2942
s 921
f 1128/1/2944 1127/1/2945 1137/1/2946
f 1137/1/2946 1139/1/2947 1128/1/2944
s 922
f 1140/1/2948 1131/1/2949 1128/1/2950
f 1128/1/2950 1139/1/2950 1140/1/2948
s 923
f 1118/1/2951 1116/1/2951 1131/1/2952
f 1131/1/2952 1140/1/2953 1118/1/2951
s 814
f 1115/1/2906 1129/1/2935 1131/1/2934
f 1131/1/2934 1116/1/2907 1115/1/2906
s 813
f 1115/1/2905 1114/1/2904 1130/1/2933
f 1130/1/2933 1129/1/2932 1115/1/2905
s 924
f 1114/1/2954 1113/1/2954 1141/1/2954
f 1141/1/2954 1130/1/2954 1114/1/2954
s 925
f 1130/1/2955 1141/1/2955 1142/1/2956
f 1142/1/2956 1125/1/2957 1130/1/2955
s 926
f 1132/1/2958 1126/1/2959 1125/1/2959
f 1125/1/2959 1142/1/2958 1132/1/2958
s 813
f 1143/1/2960 1144/1/2961 1145/1/2962
f 1145/1/2962 1146/1/2963 1143/1/2960
s 814
f 1147/1/2964 1148/1/2965 1144/1/2966
f 1144/1/2966 1143/1/2967 1147/1/2964
s 813
f 1144/1/2961 1149/1/2968 1150/1/2969
f 1150/1/2969 1145/1/2962 1144/1/2961
s 814
f 1144/1/2966 1148/1/2965 1151/1/2970
f 1151/1/2970 1149/1/2971 1144/1/2966
s 927
f 1146/1/2972 1152/1/2972 1153/1/2973
f 1153/1/2973 1154/1/2974 1146/1/2972
s 813
f 1146/1/2963 1154/1/2975 1155/1/2976
f 1155/1/2976 1143/1/2960 1146/1/2963
s 814
f 1147/1/2964 1143/1/2967 1155/1/2977
f 1155/1/2977 1156/1/2978 1147/1/2964
s 928
f 1157/1/2979 1147/1/2980 1156/1/2979
f 1156/1/2979 1158/1/2979 1157/1/2979
s 929
f 1148/1/2981 1147/1/2982 1157/1/2983
f 1157/1/2983 1159/1/2984 1148/1/2981
s 930
f 1160/1/2985 1151/1/2986 1148/1/2985
f 1148/1/2985 1159/1/2985 1160/1/2985
s 931
f 1138/1/2987 1136/1/2987 1151/1/2987
f 1151/1/2987 1160/1/2987 1138/1/2987
s 814
f 1135/1/2940 1149/1/2971 1151/1/2970
f 1151/1/2970 1136/1/2941 1135/1/2940
s 813
f 1135/1/2939 1134/1/2938 1150/1/2969
f 1150/1/2969 1149/1/2968 1135/1/2939
s 932
f 1134/1/2988 1133/1/2988 1161/1/2989
f 1161/1/2989 1150/1/2990 1134/1/2988
s 933
f 1150/1/2991 1161/1/2992 1162/1/2991
f 1162/1/2991 1145/1/2991 1150/1/2991
s 934
f 1152/1/2993 1146/1/2993 1145/1/2994
f 1145/1/2994 1162/1/2995 1152/1/2993
s 813
f 1163/1/2996 1164/1/2997 1165/1/2998
f 1165/1/2998 1166/1/2999 1163/1/2996
s 814
f 1167/1/3000 1168/1/3001 1164/1/3002
f 1164/1/3002 1163/1/3003 1167/1/3000
s 813
f 1164/1/2997 1169/1/3004 1170/1/3005
f 1170/1/3005 1165/1/2998 1164/1/2997
s 814
f 1164/1/3002 1168/1/3001 1171/1/3006
f 1171/1/3006 1169/1/3007 1164/1/3002
s 935
f 1166/1/3008 1172/1/3009 1173/1/3008
f 1173/1/3008 1174/1/3009 1166/1/3008
s 813
f 1166/1/2999 1174/1/3010 1175/1/3011
f 1175/1/3011 1163/1/2996 1166/1/2999
s 814
f 1167/1/3000 1163/1/3003 1175/1/3012
f 1175/1/3012 1176/1/3013 1167/1/3000
s 936
f 1177/1/3014 1167/1/3015 1176/1/3015
f 1176/1/3015 1178/1/3014 1177/1/3014
s 937
f 1168/1/3016 1167/1/3017 1177/1/3018
f 1177/1/3018 1179/1/3019 1168/1/3016
s 938
f 1180/1/3020 1171/1/3020 1168/1/3021
f 1168/1/3021 1179/1/3022 1180/1/3020
s 939
f 1158/1/3023 1156/1/3023 1171/1/3024
f 1171/1/3024 1180/1/3025 1158/1/3023
s 814
f 1155/1/2977 1169/1/3007 1171/1/3006
f 1171/1/3006 1156/1/2978 1155/1/2977
s 813
f 1155/1/2976 1154/1/2975 1170/1/3005
f 1170/1/3005 1169/1/3004 1155/1/2976
s 940
f 1154/1/3026 1153/1/3027 1181/1/3028
f 1181/1/3028 1170/1/3029 1154/1/3026
s 941
f 1170/1/3030 1181/1/3031 1182/1/3031
f 1182/1/3031 1165/1/3032 1170/1/3030
s 942
f 1172/1/3033 1166/1/3034 1165/1/3033
f 1165/1/3033 1182/1/3035 1172/1/3033
s 813
f 1183/1/3036 1184/1/3037 1185/1/3038
f 1185/1/3038 1186/1/3039 1183/1/3036
s 814
f 1187/1/3040 1188/1/3041 1184/1/3042
f 1184/1/3042 1183/1/3043 1187/1/3040
s 813
f 1184/1/3037 1189/1/3044 1190/1/3045
f 1190/1/3045 1185/1/3038 1184/1/3037
s 814
f 1184/1/3042 1188/1/3041 1191/1/3046
f 1191/1/3046 1189/1/3047 1184/1/3042
s 943
f 1186/1/3048 1192/1/3049 1193/1/3048
f 1193/1/3048 1194/1/3050 1186/1/3048
s 813
f 1186/1/3039 1194/1/3051 1195/1/3052
f 1195/1/3052 1183/1/3036 1186/1/3039
s 814
f 1187/1/3040 1183/1/3043 1195/1/3053
f 1195/1/3053 1196/1/3054 1187/1/3040
s 944
f 1197/1/2464 1187/1/2464 1196/1/3055
f 1196/1/3055 1198/1/3055 1197/1/2464
s 945
f 1188/1/2492 1187/1/3056 1197/1/3057
f 1197/1/3057 1199/1/2491 1188/1/2492
s 946
f 1200/1/2489 1191/1/2489 1188/1/2489
f 1188/1/2489 1199/1/3058 1200/1/2489
s 947
f 1178/1/3059 1176/1/2486 1191/1/2487
f 1191/1/2487 1200/1/3060 1178/1/3059
s 814
f 1175/1/3012 1189/1/3047 1191/1/3046
f 1191/1/3046 1176/1/3013 1175/1/3012
s 813
f 1175/1/3011 1174/1/3010 1190/1/3045
f 1190/1/3045 1189/1/3044 1175/1/3011
s 948
f 1174/1/3061 1173/1/2479 1201/1/3062
f 1201/1/3062 1190/1/2479 1174/1/3061
s 949
f 1190/1/2477 1201/1/3063 1202/1/3064
f 1202/1/3064 1185/1/2477 1190/1/2477
s 950
f 1192/1/3065 1186/1/3066 1185/1/2475
f 1185/1/2475 1202/1/3067 1192/1/3065
s 813
f 1203/1/3068 1204/1/3069 1205/1/3070
f 1205/1/3070 1206/1/3071 1203/1/3068
s 814
f 1207/1/3072 1208/1/3073 1204/1/3074
f 1204/1/3074 1203/1/3075 1207/1/3072
s 813
f 1204/1/3069 1209/1/3076 1210/1/3077
f 1210/1/3077 1205/1/3070 1204/1/3069
s 814
f 1204/1/3074 1208/1/3073 1211/1/3078
f 1211/1/3078 1209/1/3079 1204/1/3074
s 951
f 1206/1/2512 1212/1/3080 1213/1/2512
f 1213/1/2512 1214/1/2512 1206/1/2512
s 813
f 1206/1/3071 1214/1/3081 1215/1/3082
f 1215/1/3082 1203/1/3068 1206/1/3071
s 814
f 1207/1/3072 1203/1/3075 1215/1/3083
f 1215/1/3083 1216/1/3084 1207/1/3072
s 952
f 1217/1/3085 1207/1/2506 1216/1/2506
f 1216/1/2506 1218/1/2506 1217/1/3085
s 953
f 1208/1/3086 1207/1/2527 1217/1/2527
f 1217/1/2527 1219/1/3086 1208/1/3086
s 954
f 1220/1/2525 1211/1/2525 1208/1/2525
f 1208/1/2525 1219/1/2525 1220/1/2525
s 955
f 1198/1/3087 1196/1/2524 1211/1/2524
f 1211/1/2524 1220/1/3087 1198/1/3087
s 814
f 1195/1/3053 1209/1/3079 1211/1/3078
f 1211/1/3078 1196/1/3054 1195/1/3053
s 813
f 1195/1/3052 1194/1/3051 1210/1/3077
f 1210/1/3077 1209/1/3076 1195/1/3052
s 956
f 1194/1/2521 1193/1/2521 1221/1/2521
f 1221/1/2521 1210/1/2521 1194/1/2521
s 957
f 1210/1/3088 1221/1/2518 1222/1/3089
f 1222/1/3089 1205/1/2518 1210/1/3088
s 958
f 1212/1/3090 1206/1/2515 1205/1/3091
f 1205/1/3091 1222/1/2515 1212/1/3090
s 813
f 1223/1/3092 1224/1/3093 1225/1/3094
f 1225/1/3094 1226/1/3095 1223/1/3092
s 814
f 1227/1/3096 1228/1/3097 1224/1/3098
f 1224/1/3098 1223/1/3099 1227/1/3096
s 813
f 1224/1/3093 1229/1/3100 1230/1/3101
f 1230/1/3101 1225/1/3094 1224/1/3093
s 814
f 1224/1/3098 1228/1/3097 1231/1/3102
f 1231/1/3102 1229/1/3103 1224/1/3098
s 959
f 1226/1/3104 1232/1/2545 1233/1/3105
f 1233/1/3105 1234/1/3105 1226/1/3104
s 813
f 1226/1/3095 1234/1/3106 1235/1/3107
f 1235/1/3107 1223/1/3092 1226/1/3095
s 814
f 1227/1/3096 1223/1/3099 1235/1/3108
f 1235/1/3108 1236/1/3109 1227/1/3096
s 960
f 1237/1/2540 1227/1/2540 1236/1/2540
f 1236/1/2540 1238/1/2540 1237/1/2540
s 961
f 1228/1/3110 1227/1/3110 1237/1/3110
f 1237/1/3110 1239/1/3110 1228/1/3110
s 962
f 1240/1/3111 1231/1/3112 1228/1/3113
f 1228/1/3113 1239/1/3114 1240/1/3111
s 963
f 1218/1/2555 1216/1/2555 1231/1/3115
f 1231/1/3115 1240/1/2555 1218/1/2555
s 814
f 1215/1/3083 1229/1/3103 1231/1/3102
f 1231/1/3102 1216/1/3084 1215/1/3083
s 813
f 1215/1/3082 1214/1/3081 1230/1/3101
f 1230/1/3101 1229/1/3100 1215/1/3082
s 964
f 1214/1/2552 1213/1/2552 1241/1/2552
f 1241/1/2552 1230/1/2552 1214/1/2552
s 965
f 1230/1/3116 1241/1/2549 1242/1/3117
f 1242/1/3117 1225/1/3118 1230/1/3116
s 966
f 1232/1/2546 1226/1/2546 1225/1/2546
f 1225/1/2546 1242/1/3119 1232/1/2546
s 813
f 1243/1/3120 1244/1/3121 1245/1/3122
f 1245/1/3122 1246/1/3123 1243/1/3120
s 814
f 1247/1/3124 1248/1/3125 1244/1/3126
f 1244/1/3126 1243/1/3127 1247/1/3124
s 813
f 1244/1/3121 1249/1/3128 1250/1/3129
f 1250/1/3129 1245/1/3122 1244/1/3121
s 814
f 1244/1/3126 1248/1/3125 1251/1/3130
f 1251/1/3130 1249/1/3131 1244/1/3126
s 967
f 1246/1/2582 1252/1/2582 1253/1/2582
f 1253/1/2582 1254/1/2582 1246/1/2582
s 813
f 1246/1/3123 1254/1/3132 1255/1/3133
f 1255/1/3133 1243/1/3120 1246/1/3123
s 814
f 1247/1/3124 1243/1/3127 1255/1/3134
f 1255/1/3134 1256/1/3135 1247/1/3124
s 968
f 1257/1/3136 1247/1/3137 1256/1/3138
f 1256/1/3138 1258/1/2576 1257/1/3136
s 969
f 1248/1/3139 1247/1/3140 1257/1/3141
f 1257/1/3141 1259/1/3142 1248/1/3139
s 970
f 1260/1/3143 1251/1/3144 1248/1/3143
f 1248/1/3143 1259/1/3145 1260/1/3143
s 971
f 1238/1/2591 1236/1/3146 1251/1/2591
f 1251/1/2591 1260/1/2591 1238/1/2591
s 814
f 1235/1/3108 1249/1/3131 1251/1/3130
f 1251/1/3130 1236/1/3109 1235/1/3108
s 813
f 1235/1/3107 1234/1/3106 1250/1/3129
f 1250/1/3129 1249/1/3128 1235/1/3107
s 972
f 1234/1/3147 1233/1/3147 1261/1/2588
f 1261/1/2588 1250/1/2587 1234/1/3147
s 973
f 1250/1/2586 1261/1/3148 1262/1/3149
f 1262/1/3149 1245/1/3150 1250/1/2586
s 974
f 1252/1/3151 1246/1/2584 1245/1/3152
f 1245/1/3152 1262/1/2583 1252/1/3151
s 813
f 1263/1/3153 1264/1/3154 1265/1/3155
f 1265/1/3155 1266/1/3156 1263/1/3153
s 814
f 1267/1/3157 1268/1/3158 1264/1/3159
f 1264/1/3159 1263/1/3160 1267/1/3157
s 813
f 1264/1/3154 1269/1/3161 1270/1/3162
f 1270/1/3162 1265/1/3155 1264/1/3154
s 814
f 1264/1/3159 1268/1/3158 1271/1/3163
f 1271/1/3163 1269/1/3164 1264/1/3159
s 975
f 1266/1/3165 1272/1/3165 1273/1/3166
f 1273/1/3166 1274/1/2618 1266/1/3165
s 813
f 1266/1/3156 1274/1/3167 1275/1/3168
f 1275/1/3168 1263/1/3153 1266/1/3156
s 814
f 1267/1/3157 1263/1/3160 1275/1/3169
f 1275/1/3169 1276/1/3170 1267/1/3157
s 976
f 1277/1/3171 1267/1/3171 1276/1/3171
f 1276/1/3171 1278/1/3171 1277/1/3171
s 977
f 1268/1/3172 1267/1/3173 1277/1/2636
f 1277/1/2636 1279/1/3174 1268/1/3172
s 978
f 1280/1/3175 1271/1/2632 1268/1/3176
f 1268/1/3176 1279/1/3177 1280/1/3175
s 979
f 1258/1/2627 1256/1/2627 1271/1/2627
f 1271/1/2627 1280/1/2627 1258/1/2627
s 814
f 1255/1/3134 1269/1/3164 1271/1/3163
f 1271/1/3163 1256/1/3135 1255/1/3134
s 813
f 1255/1/3133 1254/1/3132 1270/1/3162
f 1270/1/3162 1269/1/3161 1255/1/3133
s 980
f 1254/1/3178 1253/1/3179 1281/1/3180
f 1281/1/3180 1270/1/2626 1254/1/3178
s 981
f 1270/1/2623 1281/1/2622 1282/1/2622
f 1282/1/2622 1265/1/2623 1270/1/2623
s 982
f 1272/1/2620 1266/1/2620 1265/1/3181
f 1265/1/3181 1282/1/2620 1272/1/2620
s 813
f 1283/1/3182 1284/1/3183 1285/1/3184
f 1285/1/3184 1286/1/3185 1283/1/3182
s 814
f 1287/1/3186 1288/1/3187 1284/1/3188
f 1284/1/3188 1283/1/3189 1287/1/3186
s 813
f 1284/1/3183 1289/1/3190 1290/1/3191
f 1290/1/3191 1285/1/3184 1284/1/3183
s 814
f 1284/1/3188 1288/1/3187 1291/1/3192
f 1291/1/3192 1289/1/3193 1284/1/3188
s 983
f 1286/1/2657 1292/1/2657 1293/1/2657
f 1293/1/2657 1294/1/2657 1286/1/2657
s 813
f 1286/1/3185 1294/1/3194 1295/1/3195
f 1295/1/3195 1283/1/3182 1286/1/3185
s 814
f 1287/1/3186 1283/1/3189 1295/1/3196
f 1295/1/3196 1296/1/3197 1287/1/3186
s 984
f 1297/1/3198 1287/1/2649 1296/1/3199
f 1296/1/3199 1298/1/3200 1297/1/3198
s 985
f 1288/1/2670 1287/1/2670 1297/1/2671
f 1297/1/2671 1299/1/2671 1288/1/2670
s 986
f 1300/1/2668 1291/1/2669 1288/1/3201
f 1288/1/3201 1299/1/2667 1300/1/2668
s 987
f 1278/1/3202 1276/1/3203 1291/1/2665
f 1291/1/2665 1300/1/3203 1278/1/3202
s 814
f 1275/1/3169 1289/1/3193 1291/1/3192
f 1291/1/3192 1276/1/3170 1275/1/3169
s 813
f 1275/1/3168 1274/1/3167 1290/1/3191
f 1290/1/3191 1289/1/3190 1275/1/3168
s 988
f 1274/1/2662 1273/1/3204 1301/1/2662
f 1301/1/2662 1290/1/3204 1274/1/2662
s 989
f 1290/1/2660 1301/1/2660 1302/1/3205
f 1302/1/3205 1285/1/2660 1290/1/2660
s 990
f 1292/1/2658 1286/1/2658 1285/1/3206
f 1285/1/3206 1302/1/2658 1292/1/2658
s 813
f 1303/1/3207 1304/1/3208 1305/1/3209
f 1305/1/3209 1306/1/3210 1303/1/3207
s 814
f 1307/1/3211 1308/1/3212 1304/1/3213
f 1304/1/3213 1303/1/3214 1307/1/3211
s 813
f 1304/1/3208 1309/1/3215 1310/1/3216
f 1310/1/3216 1305/1/3209 1304/1/3208
s 814
f 1304/1/3213 1308/1/3212 1311/1/3217
f 1311/1/3217 1309/1/3218 1304/1/3213
s 991
f 1306/1/3219 1312/1/3220 1313/1/3221
f 1313/1/3221 1314/1/3222 1306/1/3219
s 813
f 1306/1/3210 1314/1/3223 1315/1/3224
f 1315/1/3224 1303/1/3207 1306/1/3210
s 814
f 1307/1/3211 1303/1/3214 1315/1/3225
f 1315/1/3225 1316/1/3226 1307/1/3211
s 992
f 1317/1/3227 1307/1/3228 1316/1/2685
f 1316/1/2685 1318/1/2685 1317/1/3227
s 993
f 1308/1/3229 1307/1/2709 1317/1/2709
f 1317/1/2709 1319/1/2709 1308/1/3229
s 994
f 1320/1/3230 1311/1/3231 1308/1/3231
f 1308/1/3231 1319/1/3231 1320/1/3230
s 995
f 1298/1/3232 1296/1/3233 1311/1/2703
f 1311/1/2703 1320/1/2703 1298/1/3232
s 814
f 1295/1/3196 1309/1/3218 1311/1/3217
f 1311/1/3217 1296/1/3197 1295/1/3196
s 813
f 1295/1/3195 1294/1/3194 1310/1/3216
f 1310/1/3216 1309/1/3215 1295/1/3195
s 996
f 1294/1/3234 1293/1/2698 1321/1/3235
f 1321/1/3235 1310/1/3234 1294/1/3234
s 997
f 1310/1/2697 1321/1/2697 1322/1/2697
f 1322/1/2697 1305/1/3236 1310/1/2697
s 998
f 1312/1/2693 1306/1/3237 1305/1/2693
f 1305/1/2693 1322/1/3238 1312/1/2693
s 813
f 1323/1/3239 1324/1/3240 1325/1/3241
f 1325/1/3241 1326/1/3242 1323/1/3239
s 814
f 1327/1/3243 1328/1/3244 1324/1/3245
f 1324/1/3245 1323/1/3246 1327/1/3243
s 813
f 1324/1/3240 1329/1/2722 1330/1/3247
f 1330/1/3247 1325/1/3241 1324/1/3240
s 814
f 1324/1/3245 1328/1/3244 1331/1/3248
f 1331/1/3248 1329/1/3249 1324/1/3245
s 999
f 1326/1/3250 1332/1/3250 1333/1/2731
f 1333/1/2731 1334/1/2731 1326/1/3250
s 813
f 1326/1/3242 1334/1/3251 1335/1/3252
f 1335/1/3252 1323/1/3239 1326/1/3242
s 814
f 1327/1/3243 1323/1/3246 1335/1/3253
f 1335/1/3253 1336/1/3253 1327/1/3243
s 1000
f 1337/1/3254 1327/1/3255 1336/1/3256
f 1336/1/3256 1338/1/2724 1337/1/3254
s 1001
f 1328/1/2743 1327/1/3257 1337/1/2743
f 1337/1/2743 1339/1/2743 1328/1/2743
s 1002
f 1340/1/3258 1331/1/3259 1328/1/2741
f 1328/1/2741 1339/1/2741 1340/1/3258
s 1003
f 1318/1/3260 1316/1/2739 1331/1/2740
f 1331/1/2740 1340/1/3261 1318/1/3260
s 814
f 1315/1/3225 1329/1/3249 1331/1/3248
f 1331/1/3248 1316/1/3226 1315/1/3225
s 813
f 1315/1/3224 1314/1/3223 1330/1/3247
f 1330/1/3247 1329/1/2722 1315/1/3224
s 1004
f 1314/1/2736 1313/1/2736 1341/1/2736
f 1341/1/2736 1330/1/2736 1314/1/2736
s 1005
f 1330/1/3262 1341/1/3263 1342/1/3263
f 1342/1/3263 1325/1/3264 1330/1/3262
s 1006
f 1332/1/3265 1326/1/3265 1325/1/3265
f 1325/1/3265 1342/1/3265 1332/1/3265
s 813
f 1343/1/3266 1344/1/3267 1345/1/3268
f 1345/1/3268 1346/1/3269 1343/1/3266
s 814
f 1347/1/3270 1348/1/3271 1344/1/3272
f 1344/1/3272 1343/1/3273 1347/1/3270
s 813
f 1344/1/3267 1349/1/3274 1350/1/3275
f 1350/1/3275 1345/1/3268 1344/1/3267
s 814
f 1344/1/3272 1348/1/3271 1351/1/3276
f 1351/1/3276 1349/1/3277 1344/1/3272
s 1007
f 1346/1/2763 1352/1/2763 1353/1/2763
f 1353/1/2763 1354/1/2763 1346/1/2763
s 813
f 1346/1/3269 1354/1/3278 1355/1/3279
f 1355/1/3279 1343/1/3266 1346/1/3269
s 814
f 1347/1/3270 1343/1/3273 1355/1/3280
f 1355/1/3280 1356/1/3281 1347/1/3270
s 1008
f 1357/1/2757 1347/1/3282 1356/1/3283
f 1356/1/3283 1358/1/3284 1357/1/2757
s 1009
f 1348/1/2776 1347/1/2777 1357/1/2776
f 1357/1/2776 1359/1/2776 1348/1/2776
s 1010
f 1360/1/3285 1351/1/2774 1348/1/3285
f 1348/1/3285 1359/1/2774 1360/1/3285
s 1011
f 1338/1/2771 1336/1/2771 1351/1/3286
f 1351/1/3286 1360/1/3287 1338/1/2771
s 814
f 1335/1/3253 1349/1/3277 1351/1/3276
f 1351/1/3276 1336/1/3253 1335/1/3253
s 813
f 1335/1/3252 1334/1/3251 1350/1/3275
f 1350/1/3275 1349/1/3274 1335/1/3252
s 1012
f 1334/1/2769 1333/1/2769 1361/1/2769
f 1361/1/2769 1350/1/2769 1334/1/2769
s 1013
f 1350/1/2766 1361/1/2766 1362/1/2766
f 1362/1/2766 1345/1/2766 1350/1/2766
s 1014
f 1352/1/3288 1346/1/3289 1345/1/3290
f 1345/1/3290 1362/1/2764 1352/1/3288
s 813
f 1363/1/3291 1364/1/3292 1365/1/3293
f 1365/1/3293 1366/1/3294 1363/1/3291
s 814
f 1367/1/3295 1368/1/3296 1364/1/3297
f 1364/1/3297 1363/1/3298 1367/1/3295
s 813
f 1364/1/3292 1369/1/2789 1370/1/3299
f 1370/1/3299 1365/1/3293 1364/1/3292
s 814
f 1364/1/3297 1368/1/3296 1371/1/3300
f 1371/1/3300 1369/1/3301 1364/1/3297
s 1015
f 1366/1/3302 1372/1/3303 1373/1/3302
f 1373/1/3302 1374/1/3302 1366/1/3302
s 813
f 1366/1/3294 1374/1/3304 1375/1/3305
f 1375/1/3305 1363/1/3291 1366/1/3294
s 814
f 1367/1/3295 1363/1/3298 1375/1/3306
f 1375/1/3306 1376/1/3307 1367/1/3295
s 1016
f 1377/1/3308 1367/1/3308 1376/1/3309
f 1376/1/3309 1378/1/3310 1377/1/3308
s 1017
f 1368/1/3311 1367/1/2817 1377/1/3311
f 1377/1/3311 1379/1/3311 1368/1/3311
s 1018
f 1380/1/3312 1371/1/3313 1368/1/3314
f 1368/1/3314 1379/1/3315 1380/1/3312
s 1019
f 1358/1/3316 1356/1/3317 1371/1/2813
f 1371/1/2813 1380/1/3318 1358/1/3316
s 814
f 1355/1/3280 1369/1/3301 1371/1/3300
f 1371/1/3300 1356/1/3281 1355/1/3280
s 813
f 1355/1/3279 1354/1/3278 1370/1/3299
f 1370/1/3299 1369/1/2789 1355/1/3279
s 1020
f 1354/1/3319 1353/1/2809 1381/1/2809
f 1381/1/2809 1370/1/3320 1354/1/3319
s 1021
f 1370/1/3321 1381/1/3322 1382/1/2804
f 1382/1/2804 1365/1/3323 1370/1/3321
s 1022
f 1372/1/3324 1366/1/2803 1365/1/2800
f 1365/1/2800 1382/1/2800 1372/1/3324
s 813
f 1383/1/3325 1384/1/3326 1385/1/3327
f 1385/1/3327 1386/1/3328 1383/1/3325
s 814
f 1387/1/3329 1388/1/3330 1384/1/3331
f 1384/1/3331 1383/1/3332 1387/1/3329
s 813
f 1384/1/3326 1389/1/3333 1390/1/3334
f 1390/1/3334 1385/1/3327 1384/1/3326
s 814
f 1384/1/3331 1388/1/3330 1391/1/3335
f 1391/1/3335 1389/1/3336 1384/1/3331
s 1023
f 1386/1/2837 1392/1/2837 1393/1/2837
f 1393/1/2837 1394/1/3337 1386/1/2837
s 813
f 1386/1/3328 1394/1/3338 1395/1/3339
f 1395/1/3339 1383/1/3325 1386/1/3328
s 814
f 1387/1/3329 1383/1/3332 1395/1/3340
f 1395/1/3340 1396/1/3341 1387/1/3329
s 1024
f 1397/1/3342 1387/1/3343 1396/1/3344
f 1396/1/3344 1398/1/2831 1397/1/3342
s 1025
f 1388/1/3345 1387/1/2850 1397/1/3346
f 1397/1/3346 1399/1/2851 1388/1/3345
s 1026
f 1400/1/3347 1391/1/3348 1388/1/3349
f 1388/1/3349 1399/1/3350 1400/1/3347
s 1027
f 1378/1/3351 1376/1/2847 1391/1/3352
f 1391/1/3352 1400/1/3353 1378/1/3351
s 814
f 1375/1/3306 1389/1/3336 1391/1/3335
f 1391/1/3335 1376/1/3307 1375/1/3306
s 813
f 1375/1/3305 1374/1/3304 1390/1/3334
f 1390/1/3334 1389/1/3333 1375/1/3305
s 1028
f 1374/1/2845 1373/1/2845 1401/1/3354
f 1401/1/3354 1390/1/2845 1374/1/2845
s 1029
f 1390/1/2843 1401/1/2843 1402/1/3355
f 1402/1/3355 1385/1/2843 1390/1/2843
s 1030
f 1392/1/2839 1386/1/2839 1385/1/3356
f 1385/1/3356 1402/1/2839 1392/1/2839
s 813
f 1403/1/3357 1404/1/3358 1405/1/3359
f 1405/1/3359 1406/1/3360 1403/1/3357
s 814
f 1407/1/3361 1408/1/3362 1404/1/3363
f 1404/1/3363 1403/1/3364 1407/1/3361
s 813
f 1404/1/3358 1409/1/3365 1410/1/3366
f 1410/1/3366 1405/1/3359 1404/1/3358
s 814
f 1404/1/3363 1408/1/3362 1411/1/3367
f 1411/1/3367 1409/1/3368 1404/1/3363
s 1031
f 1406/1/3369 1412/1/3370 1413/1/3369
f 1413/1/3369 1414/1/2871 1406/1/3369
s 813
f 1406/1/3360 1414/1/3371 1415/1/3372
f 1415/1/3372 1403/1/3357 1406/1/3360
s 814
f 1407/1/3361 1403/1/3364 1415/1/3373
f 1415/1/3373 1416/1/3374 1407/1/3361
s 1032
f 1417/1/3375 1407/1/3376 1416/1/2864
f 1416/1/2864 1418/1/2864 1417/1/3375
s 1033
f 1408/1/3377 1407/1/3378 1417/1/3379
f 1417/1/3379 1419/1/3380 1408/1/3377
s 1034
f 1420/1/2882 1411/1/3381 1408/1/2882
f 1408/1/2882 1419/1/3382 1420/1/2882
s 1035
f 1398/1/2880 1396/1/2880 1411/1/2880
f 1411/1/2880 1420/1/2880 1398/1/2880
s 814
f 1395/1/3340 1409/1/3368 1411/1/3367
f 1411/1/3367 1396/1/3341 1395/1/3340
s 813
f 1395/1/3339 1394/1/3338 1410/1/3366
f 1410/1/3366 1409/1/3365 1395/1/3339
s 1036
f 1394/1/2878 1393/1/2878 1421/1/2878
f 1421/1/2878 1410/1/2878 1394/1/2878
s 1037
f 1410/1/3383 1421/1/2874 1422/1/3384
f 1422/1/3384 1405/1/2874 1410/1/3383
s 1038
f 1412/1/2873 1406/1/2873 1405/1/2873
f 1405/1/2873 1422/1/2873 1412/1/2873
s 813
f 1423/1/3385 1424/1/3386 1425/1/3387
f 1425/1/3387 1426/1/3388 1423/1/3385
s 814
f 1427/1/3389 1428/1/3390 1424/1/3391
f 1424/1/3391 1423/1/3392 1427/1/3389
s 813
f 1424/1/3386 1429/1/3393 1430/1/3394
f 1430/1/3394 1425/1/3387 1424/1/3386
s 814
f 1424/1/3391 1428/1/3390 1431/1/3395
f 1431/1/3395 1429/1/3396 1424/1/3391
s 1039
f 1426/1/3397 1432/1/2908 1433/1/3398
f 1433/1/3398 1434/1/2908 1426/1/3397
s 813
f 1426/1/3388 1434/1/3399 1435/1/3400
f 1435/1/3400 1423/1/3385 1426/1/3388
s 814
f 1427/1/3389 1423/1/3392 1435/1/3401
f 1435/1/3401 1436/1/3402 1427/1/3389
s 1040
f 1437/1/2901 1427/1/2901 1436/1/2901
f 1436/1/2901 1438/1/2901 1437/1/2901
s 1041
f 1428/1/3403 1427/1/2923 1437/1/2923
f 1437/1/2923 1439/1/3403 1428/1/3403
s 1042
f 1440/1/3404 1431/1/3404 1428/1/3405
f 1428/1/3405 1439/1/3405 1440/1/3404
s 1043
f 1418/1/2918 1416/1/2918 1431/1/2918
f 1431/1/2918 1440/1/3406 1418/1/2918
s 814
f 1415/1/3373 1429/1/3396 1431/1/3395
f 1431/1/3395 1416/1/3374 1415/1/3373
s 813
f 1415/1/3372 1414/1/3371 1430/1/3394
f 1430/1/3394 1429/1/3393 1415/1/3372
s 1044
f 1414/1/2913 1413/1/2913 1441/1/2913
f 1441/1/2913 1430/1/2913 1414/1/2913
s 1045
f 1430/1/3407 1441/1/2912 1442/1/2912
f 1442/1/2912 1425/1/3408 1430/1/3407
s 1046
f 1432/1/2909 1426/1/2910 1425/1/2910
f 1425/1/2910 1442/1/3409 1432/1/2909
s 813
f 1443/1/3410 1444/1/3411 1445/1/3412
f 1445/1/3412 1446/1/3413 1443/1/3410
s 814
f 1447/1/3414 1448/1/3415 1444/1/3416
f 1444/1/3416 1443/1/3417 1447/1/3414
s 813
f 1444/1/3411 1449/1/3418 1450/1/3419
f 1450/1/3419 1445/1/3412 1444/1/3411
s 814
f 1444/1/3416 1448/1/3415 1451/1/3420
f 1451/1/3420 1449/1/3421 1444/1/3416
s 1047
f 1446/1/3422 1452/1/2942 1453/1/3423
f 1453/1/3423 1454/1/2942 1446/1/3422
s 813
f 1446/1/3413 1454/1/3424 1455/1/3425
f 1455/1/3425 1443/1/3410 1446/1/3413
s 814
f 1447/1/3414 1443/1/3417 1455/1/3426
f 1455/1/3426 1456/1/3427 1447/1/3414
s 1048
f 1457/1/3428 1447/1/3428 1456/1/2937
f 1456/1/2937 1458/1/2937 1457/1/3428
s 1049
f 1448/1/3429 1447/1/2959 1457/1/2958
f 1457/1/2958 1459/1/3430 1448/1/3429
s 1050
f 1460/1/2955 1451/1/3431 1448/1/2955
f 1448/1/2955 1459/1/3432 1460/1/2955
s 1051
f 1438/1/2954 1436/1/2954 1451/1/2954
f 1451/1/2954 1460/1/2954 1438/1/2954
s 814
f 1435/1/3401 1449/1/3421 1451/1/3420
f 1451/1/3420 1436/1/3402 1435/1/3401
s 813
f 1435/1/3400 1434/1/3399 1450/1/3419
f 1450/1/3419 1449/1/3418 1435/1/3400
s 1052
f 1434/1/2951 1433/1/2953 1461/1/2951
f 1461/1/2951 1450/1/2951 1434/1/2951
s 1053
f 1450/1/3433 1461/1/2948 1462/1/3433
f 1462/1/3433 1445/1/3434 1450/1/3433
s 1054
f 1452/1/3435 1446/1/3436 1445/1/3437
f 1445/1/3437 1462/1/3438 1452/1/3435
s 813
f 1463/1/3439 1464/1/3440 1465/1/3441
f 1465/1/3441 1466/1/3442 1463/1/3439
s 814
f 1467/1/3443 1468/1/3444 1464/1/3445
f 1464/1/3445 1463/1/3446 1467/1/3443
s 813
f 1464/1/3440 1469/1/3447 1470/1/3448
f 1470/1/3448 1465/1/3441 1464/1/3440
s 814
f 1464/1/3445 1468/1/3444 1471/1/3449
f 1471/1/3449 1469/1/3450 1464/1/3445
s 1055
f 1466/1/3451 1472/1/3452 1473/1/2979
f 1473/1/2979 1474/1/3453 1466/1/3451
s 813
f 1466/1/3442 1474/1/3454 1475/1/3455
f 1475/1/3455 1463/1/3439 1466/1/3442
s 814
f 1467/1/3443 1463/1/3446 1475/1/3456
f 1475/1/3456 1476/1/3457 1467/1/3443
s 1056
f 1477/1/2974 1467/1/2974 1476/1/3458
f 1476/1/3458 1478/1/3459 1477/1/2974
s 1057
f 1468/1/3460 1467/1/3460 1477/1/3460
f 1477/1/3460 1479/1/3460 1468/1/3460
s 1058
f 1480/1/2992 1471/1/3461 1468/1/2992
f 1468/1/2992 1479/1/2992 1480/1/2992
s 1059
f 1458/1/2988 1456/1/2988 1471/1/3462
f 1471/1/3462 1480/1/2988 1458/1/2988
s 814
f 1455/1/3426 1469/1/3450 1471/1/3449
f 1471/1/3449 1456/1/3427 1455/1/3426
s 813
f 1455/1/3425 1454/1/3424 1470/1/3448
f 1470/1/3448 1469/1/3447 1455/1/3425
s 1060
f 1454/1/3463 1453/1/3464 1481/1/3465
f 1481/1/3465 1470/1/3465 1454/1/3463
s 1061
f 1470/1/3466 1481/1/3467 1482/1/2985
f 1482/1/2985 1465/1/2985 1470/1/3466
s 1062
f 1472/1/2981 1466/1/3468 1465/1/2982
f 1465/1/2982 1482/1/2982 1472/1/2981
s 813
f 1483/1/3469 1484/1/3470 1485/1/3471
f 1485/1/3471 1486/1/3472 1483/1/3469
s 814
f 1487/1/3473 1488/1/3474 1484/1/3475
f 1484/1/3475 1483/1/3476 1487/1/3473
s 813
f 1484/1/3470 1489/1/3477 1490/1/3478
f 1490/1/3478 1485/1/3471 1484/1/3470
s 814
f 1484/1/3475 1488/1/3474 1491/1/3479
f 1491/1/3479 1489/1/3480 1484/1/3475
s 1063
f 1486/1/3481 1492/1/3482 881/1/3482
f 881/1/3482 879/1/3482 1486/1/3481
s 813
f 1483/1/3469 1486/1/3472 879/1/2485
f 879/1/2485 878/1/2484 1483/1/3469
s 814
f 1483/1/3476 878/1/2483 876/1/2482
f 876/1/2482 1487/1/3473 1483/1/3476
s 1064
f 876/1/3483 877/1/3484 1493/1/3008
f 1493/1/3008 1487/1/3009 876/1/3483
s 1065
f 1488/1/3033 1487/1/3033 1493/1/3485
f 1493/1/3485 1494/1/3033 1488/1/3033
s 1066
f 1495/1/3486 1491/1/3486 1488/1/3486
f 1488/1/3486 1494/1/3031 1495/1/3486
s 1067
f 1478/1/3487 1476/1/3488 1491/1/3489
f 1491/1/3489 1495/1/3490 1478/1/3487
s 814
f 1475/1/3456 1489/1/3480 1491/1/3479
f 1491/1/3479 1476/1/3457 1475/1/3456
s 813
f 1475/1/3455 1474/1/3454 1490/1/3478
f 1490/1/3478 1489/1/3477 1475/1/3455
s 1068
f 1474/1/3491 1473/1/3023 1496/1/3492
f 1496/1/3492 1490/1/3492 1474/1/3491
s 1069
f 1490/1/3493 1496/1/3021 1497/1/3494
f 1497/1/3494 1485/1/3020 1490/1/3493
s 1070
f 1492/1/3495 1486/1/3496 1485/1/3016
f 1485/1/3016 1497/1/3497 1492/1/3495
s 803
f 1498/1/3498 1499/1/3499 1500/1/3500
f 1500/1/3500 1501/1/3501 1498/1/3498
f 1502/1/3502 1503/1/3503 1499/1/3499
f 1499/1/3499 1498/1/3498 1502/1/3502
s 804
f 1499/1/3504 1504/1/3505 1505/1/3506
f 1505/1/3506 1500/1/3507 1499/1/3504
f 1499/1/3504 1503/1/3508 1506/1/3509
f 1506/1/3509 1504/1/3505 1499/1/3504
s 1071
f 1507/1/3510 1501/1/3510 1508/1/3510
f 1508/1/3510 1509/1/3511 1507/1/3510
s 1072
f 1510/1/3512 1498/1/3513 1501/1/3513
f 1501/1/3513 1507/1/3513 1510/1/3512
s 1073
f 1498/1/3514 1510/1/3514 1511/1/3514
f 1511/1/3514 1502/1/3514 1498/1/3514
s 1074
f 842/1/3515 1502/1/3516 1511/1/3515
f 1511/1/3515 843/1/3517 842/1/3515
s 803
f 842/1/2450 857/1/2451 1503/1/3503
f 1503/1/3503 1502/1/3502 842/1/2450
s 804
f 856/1/2448 1506/1/3509 1503/1/3508
f 1503/1/3508 857/1/2449 856/1/2448
s 1075
f 1506/1/3518 856/1/3519 855/1/3520
f 855/1/3520 1512/1/3518 1506/1/3518
s 1076
f 1512/1/3521 1513/1/3522 1504/1/3521
f 1504/1/3521 1506/1/3521 1512/1/3521
s 1077
f 1504/1/3523 1513/1/3524 1514/1/3524
f 1514/1/3524 1505/1/3525 1504/1/3523
s 1078
f 1514/1/3526 1515/1/3527 1516/1/3527
f 1516/1/3527 1505/1/3527 1514/1/3526
s 804
f 1505/1/3506 1516/1/3528 1517/1/3529
f 1517/1/3529 1500/1/3507 1505/1/3506
s 803
f 1501/1/3501 1500/1/3500 1517/1/3530
f 1517/1/3530 1508/1/3531 1501/1/3501
f 1518/1/3532 1519/1/3533 1520/1/3534
f 1520/1/3534 1521/1/3535 1518/1/3532
f 1522/1/3536 1523/1/3537 1519/1/3533
f 1519/1/3533 1518/1/3532 1522/1/3536
s 804
f 1519/1/3538 1524/1/3539 1525/1/3540
f 1525/1/3540 1520/1/3541 1519/1/3538
f 1519/1/3538 1523/1/3542 1526/1/3543
f 1526/1/3543 1524/1/3539 1519/1/3538
s 1079
f 1527/1/3544 1528/1/3544 1529/1/3545
f 1529/1/3545 1521/1/3546 1527/1/3544
s 1080
f 1529/1/3547 1530/1/3547 1518/1/3548
f 1518/1/3548 1521/1/3548 1529/1/3547
s 1081
f 1518/1/3549 1530/1/3550 1531/1/3551
f 1531/1/3551 1522/1/3552 1518/1/3549
s 1082
f 1508/1/3553 1522/1/3553 1531/1/3554
f 1531/1/3554 1509/1/3553 1508/1/3553
s 803
f 1522/1/3536 1508/1/3531 1517/1/3530
f 1517/1/3530 1523/1/3537 1522/1/3536
s 804
f 1516/1/3528 1526/1/3543 1523/1/3542
f 1523/1/3542 1517/1/3529 1516/1/3528
s 1083
f 1526/1/3555 1516/1/3556 1515/1/3557
f 1515/1/3557 1532/1/3558 1526/1/3555
s 1084
f 1532/1/3559 1533/1/3560 1524/1/3561
f 1524/1/3561 1526/1/3559 1532/1/3559
s 1085
f 1534/1/3562 1525/1/3563 1524/1/3562
f 1524/1/3562 1533/1/3564 1534/1/3562
s 1086
f 1534/1/3565 1535/1/3565 1536/1/3565
f 1536/1/3565 1525/1/3565 1534/1/3565
s 804
f 1520/1/3541 1525/1/3540 1536/1/3566
f 1536/1/3566 1537/1/3567 1520/1/3541
s 803
f 1537/1/3568 1527/1/3569 1521/1/3535
f 1521/1/3535 1520/1/3534 1537/1/3568
f 1538/1/3570 1539/1/3571 1540/1/3572
f 1540/1/3572 1541/1/3573 1538/1/3570
f 1542/1/3574 1543/1/3575 1539/1/3571
f 1539/1/3571 1538/1/3570 1542/1/3574
s 804
f 1539/1/3576 1544/1/3577 1545/1/3578
f 1545/1/3578 1540/1/3579 1539/1/3576
f 1539/1/3576 1543/1/3580 1546/1/3581
f 1546/1/3581 1544/1/3577 1539/1/3576
s 1087
f 1547/1/3582 1548/1/3583 1549/1/3584
f 1549/1/3584 1541/1/3585 1547/1/3582
s 1088
f 1538/1/3586 1541/1/3587 1549/1/3586
f 1549/1/3586 1550/1/3588 1538/1/3586
s 1089
f 1538/1/3589 1550/1/3589 1551/1/3589
f 1551/1/3589 1542/1/3589 1538/1/3589
s 1090
f 1527/1/3590 1542/1/3590 1551/1/3591
f 1551/1/3591 1528/1/3590 1527/1/3590
s 803
f 1542/1/3574 1527/1/3569 1537/1/3568
f 1537/1/3568 1543/1/3575 1542/1/3574
s 804
f 1536/1/3566 1546/1/3581 1543/1/3580
f 1543/1/3580 1537/1/3567 1536/1/3566
s 1091
f 1546/1/3592 1536/1/3593 1535/1/3594
f 1535/1/3594 1552/1/3595 1546/1/3592
s 1092
f 1552/1/3596 1553/1/3597 1544/1/3598
f 1544/1/3598 1546/1/3597 1552/1/3596
s 1093
f 1553/1/3599 1554/1/3600 1545/1/3599
f 1545/1/3599 1544/1/3599 1553/1/3599
s 1094
f 1554/1/3601 1555/1/3602 1556/1/3601
f 1556/1/3601 1545/1/3603 1554/1/3601
s 804
f 1545/1/3578 1556/1/3604 1557/1/3605
f 1557/1/3605 1540/1/3579 1545/1/3578
s 803
f 1540/1/3572 1557/1/3606 1547/1/3607
f 1547/1/3607 1541/1/3573 1540/1/3572
f 1558/1/3608 1559/1/3609 1560/1/3610
f 1560/1/3610 1561/1/3611 1558/1/3608
f 1562/1/3612 1563/1/3613 1559/1/3609
f 1559/1/3609 1558/1/3608 1562/1/3612
s 804
f 1559/1/3614 1564/1/3615 1565/1/3616
f 1565/1/3616 1560/1/3617 1559/1/3614
f 1559/1/3614 1563/1/3618 1566/1/3619
f 1566/1/3619 1564/1/3615 1559/1/3614
s 1095
f 1567/1/3620 1568/1/3620 1569/1/3620
f 1569/1/3620 1561/1/3620 1567/1/3620
s 1096
f 1558/1/3621 1561/1/3622 1569/1/3622
f 1569/1/3622 1570/1/3622 1558/1/3621
s 1097
f 1558/1/3623 1570/1/3624 1571/1/3623
f 1571/1/3623 1562/1/3625 1558/1/3623
s 1098
f 1547/1/3626 1562/1/3627 1571/1/3628
f 1571/1/3628 1548/1/3629 1547/1/3626
s 803
f 1562/1/3612 1547/1/3607 1557/1/3606
f 1557/1/3606 1563/1/3613 1562/1/3612
s 804
f 1563/1/3618 1557/1/3605 1556/1/3604
f 1556/1/3604 1566/1/3619 1563/1/3618
s 1099
f 1566/1/3630 1556/1/3630 1555/1/3630
f 1555/1/3630 1572/1/3630 1566/1/3630
s 1100
f 1572/1/3631 1573/1/3632 1564/1/3633
f 1564/1/3633 1566/1/3632 1572/1/3631
s 1101
f 1573/1/3634 1574/1/3634 1565/1/3634
f 1565/1/3634 1564/1/3635 1573/1/3634
s 1102
f 1574/1/3636 1575/1/3637 1576/1/3638
f 1576/1/3638 1565/1/3638 1574/1/3636
s 804
f 1560/1/3617 1565/1/3616 1576/1/3639
f 1576/1/3639 1577/1/3640 1560/1/3617
s 803
f 1560/1/3610 1577/1/3641 1567/1/3642
f 1567/1/3642 1561/1/3611 1560/1/3610
f 1578/1/3643 1579/1/3644 1580/1/3645
f 1580/1/3645 1581/1/3646 1578/1/3643
f 1582/1/3647 1583/1/3648 1579/1/3644
f 1579/1/3644 1578/1/3643 1582/1/3647
s 804
f 1579/1/3649 1584/1/3650 1585/1/3651
f 1585/1/3651 1580/1/3652 1579/1/3649
f 1579/1/3649 1583/1/3653 1586/1/3654
f 1586/1/3654 1584/1/3650 1579/1/3649
s 1103
f 1587/1/3655 1588/1/3656 1589/1/3657
f 1589/1/3657 1581/1/3658 1587/1/3655
s 1104
f 1578/1/3659 1581/1/3660 1589/1/3661
f 1589/1/3661 1590/1/3660 1578/1/3659
s 1105
f 1578/1/3662 1590/1/3663 1591/1/3664
f 1591/1/3664 1582/1/3664 1578/1/3662
s 1106
f 1567/1/3665 1582/1/3666 1591/1/3666
f 1591/1/3666 1568/1/3666 1567/1/3665
s 803
f 1582/1/3647 1567/1/3642 1577/1/3641
f 1577/1/3641 1583/1/3648 1582/1/3647
s 804
f 1576/1/3639 1586/1/3654 1583/1/3653
f 1583/1/3653 1577/1/3640 1576/1/3639
s 1107
f 1586/1/3667 1576/1/3667 1575/1/3667
f 1575/1/3667 1592/1/3668 1586/1/3667
s 1108
f 1592/1/3669 1593/1/3669 1584/1/3670
f 1584/1/3670 1586/1/3671 1592/1/3669
s 1109
f 1593/1/3672 1594/1/3673 1585/1/3673
f 1585/1/3673 1584/1/3673 1593/1/3672
s 1110
f 1594/1/3674 1595/1/3675 1596/1/3676
f 1596/1/3676 1585/1/3677 1594/1/3674
s 804
f 1580/1/3652 1585/1/3651 1596/1/3678
f 1596/1/3678 1597/1/3679 1580/1/3652
s 803
f 1580/1/3645 1597/1/3680 1587/1/3681
f 1587/1/3681 1581/1/3646 1580/1/3645
f 1598/1/3682 1599/1/3683 1600/1/3684
f 1600/1/3684 1601/1/3685 1598/1/3682
f 1602/1/3686 1603/1/3687 1599/1/3683
f 1599/1/3683 1598/1/3682 1602/1/3686
s 804
f 1599/1/3688 1604/1/3689 1605/1/3690
f 1605/1/3690 1600/1/3691 1599/1/3688
f 1599/1/3688 1603/1/3692 1606/1/3693
f 1606/1/3693 1604/1/3689 1599/1/3688
s 1111
f 1607/1/3694 1608/1/3695 1609/1/3696
f 1609/1/3696 1601/1/3694 1607/1/3694
s 1112
f 1598/1/3697 1601/1/3698 1609/1/3699
f 1609/1/3699 1610/1/3700 1598/1/3697
s 1113
f 1598/1/3701 1610/1/3701 1611/1/3702
f 1611/1/3702 1602/1/3701 1598/1/3701
s 1114
f 1587/1/3703 1602/1/3704 1611/1/3703
f 1611/1/3703 1588/1/3703 1587/1/3703
s 803
f 1602/1/3686 1587/1/3681 1597/1/3680
f 1597/1/3680 1603/1/3687 1602/1/3686
s 804
f 1596/1/3678 1606/1/3693 1603/1/3692
f 1603/1/3692 1597/1/3679 1596/1/3678
s 1115
f 1606/1/3705 1596/1/3705 1595/1/3706
f 1595/1/3706 1612/1/3706 1606/1/3705
s 1116
f 1612/1/3707 1613/1/3708 1604/1/3708
f 1604/1/3708 1606/1/3707 1612/1/3707
s 1117
f 1613/1/3709 1614/1/3710 1605/1/3710
f 1605/1/3710 1604/1/3711 1613/1/3709
s 1118
f 1614/1/3712 1615/1/3713 1616/1/3714
f 1616/1/3714 1605/1/3712 1614/1/3712
s 804
f 1600/1/3691 1605/1/3690 1616/1/3715
f 1616/1/3715 1617/1/3716 1600/1/3691
s 803
f 1600/1/3684 1617/1/3717 1607/1/3718
f 1607/1/3718 1601/1/3685 1600/1/3684
f 1618/1/3719 1619/1/3720 1620/1/3721
f 1620/1/3721 1621/1/3722 1618/1/3719
f 1622/1/3723 1623/1/3724 1619/1/3720
f 1619/1/3720 1618/1/3719 1622/1/3723
s 804
f 1619/1/3725 1624/1/3726 1625/1/3727
f 1625/1/3727 1620/1/3728 1619/1/3725
f 1619/1/3725 1623/1/3729 1626/1/3730
f 1626/1/3730 1624/1/3726 1619/1/3725
s 1119
f 1627/1/3731 1628/1/3731 1629/1/3732
f 1629/1/3732 1621/1/3732 1627/1/3731
s 1120
f 1618/1/3733 1621/1/3734 1629/1/3735
f 1629/1/3735 1630/1/3735 1618/1/3733
s 1121
f 1618/1/3736 1630/1/3736 1631/1/3737
f 1631/1/3737 1622/1/3738 1618/1/3736
s 1122
f 1607/1/3739 1622/1/3739 1631/1/3739
f 1631/1/3739 1608/1/3739 1607/1/3739
s 803
f 1622/1/3723 1607/1/3718 1617/1/3717
f 1617/1/3717 1623/1/3724 1622/1/3723
s 804
f 1616/1/3715 1626/1/3730 1623/1/3729
f 1623/1/3729 1617/1/3716 1616/1/3715
s 1123
f 1626/1/3740 1616/1/3741 1615/1/3742
f 1615/1/3742 1632/1/3740 1626/1/3740
s 1124
f 1632/1/3743 1633/1/3743 1624/1/3744
f 1624/1/3744 1626/1/3743 1632/1/3743
s 1125
f 1633/1/3745 1634/1/3746 1625/1/3747
f 1625/1/3747 1624/1/3745 1633/1/3745
s 1126
f 1634/1/3748 1635/1/3749 1636/1/3750
f 1636/1/3750 1625/1/3748 1634/1/3748
s 804
f 1620/1/3728 1625/1/3727 1636/1/3751
f 1636/1/3751 1637/1/3751 1620/1/3728
s 803
f 1620/1/3721 1637/1/3752 1627/1/3753
f 1627/1/3753 1621/1/3722 1620/1/3721
f 1638/1/3754 1639/1/3755 1640/1/3756
f 1640/1/3756 1641/1/3757 1638/1/3754
f 1642/1/3758 1643/1/3759 1639/1/3755
f 1639/1/3755 1638/1/3754 1642/1/3758
s 804
f 1639/1/3760 1644/1/3761 1645/1/3762
f 1645/1/3762 1640/1/3763 1639/1/3760
f 1639/1/3760 1643/1/3764 1646/1/3765
f 1646/1/3765 1644/1/3761 1639/1/3760
s 1127
f 1647/1/3766 1648/1/3767 1649/1/3766
f 1649/1/3766 1641/1/3766 1647/1/3766
s 1128
f 1638/1/3768 1641/1/3769 1649/1/3770
f 1649/1/3770 1650/1/3771 1638/1/3768
s 1129
f 1638/1/3772 1650/1/3773 1651/1/3773
f 1651/1/3773 1642/1/3773 1638/1/3772
s 1130
f 1627/1/3774 1642/1/3775 1651/1/3775
f 1651/1/3775 1628/1/3774 1627/1/3774
s 803
f 1642/1/3758 1627/1/3753 1637/1/3752
f 1637/1/3752 1643/1/3759 1642/1/3758
s 804
f 1636/1/3751 1646/1/3765 1643/1/3764
f 1643/1/3764 1637/1/3751 1636/1/3751
s 1131
f 1652/1/3776 1646/1/3777 1636/1/3778
f 1636/1/3778 1635/1/3777 1652/1/3776
s 1132
f 1652/1/3779 1653/1/3779 1644/1/3780
f 1644/1/3780 1646/1/3780 1652/1/3779
s 1133
f 1653/1/3781 1654/1/3782 1645/1/3783
f 1645/1/3783 1644/1/3781 1653/1/3781
s 1134
f 1654/1/3784 1655/1/3784 1656/1/3785
f 1656/1/3785 1645/1/3786 1654/1/3784
s 804
f 1640/1/3763 1645/1/3762 1656/1/3787
f 1656/1/3787 1657/1/3788 1640/1/3763
s 803
f 1640/1/3756 1657/1/3789 1647/1/3790
f 1647/1/3790 1641/1/3757 1640/1/3756
f 1658/1/3791 1659/1/3792 1660/1/3793
f 1660/1/3793 1661/1/3794 1658/1/3791
f 1662/1/3795 1663/1/3796 1659/1/3792
f 1659/1/3792 1658/1/3791 1662/1/3795
s 804
f 1659/1/3797 1664/1/3798 1665/1/3799
f 1665/1/3799 1660/1/3800 1659/1/3797
f 1659/1/3797 1663/1/3801 1666/1/3802
f 1666/1/3802 1664/1/3798 1659/1/3797
s 1135
f 1667/1/3803 1668/1/3803 1669/1/3803
f 1669/1/3803 1661/1/3804 1667/1/3803
s 1136
f 1658/1/3805 1661/1/3805 1669/1/3805
f 1669/1/3805 1670/1/3806 1658/1/3805
s 1137
f 1658/1/3807 1670/1/3808 1671/1/3807
f 1671/1/3807 1662/1/3809 1658/1/3807
s 1138
f 1647/1/3810 1662/1/3811 1671/1/3812
f 1671/1/3812 1648/1/3813 1647/1/3810
s 803
f 1662/1/3795 1647/1/3790 1657/1/3789
f 1657/1/3789 1663/1/3796 1662/1/3795
s 804
f 1656/1/3787 1666/1/3802 1663/1/3801
f 1663/1/3801 1657/1/3788 1656/1/3787
s 1139
f 1666/1/3814 1656/1/3815 1655/1/3815
f 1655/1/3815 1672/1/3816 1666/1/3814
s 1140
f 1672/1/3817 1673/1/3817 1664/1/3817
f 1664/1/3817 1666/1/3817 1672/1/3817
s 1141
f 1673/1/3818 1674/1/3819 1665/1/3820
f 1665/1/3820 1664/1/3821 1673/1/3818
s 1142
f 1674/1/3822 1675/1/3823 1676/1/3822
f 1676/1/3822 1665/1/3823 1674/1/3822
s 804
f 1660/1/3800 1665/1/3799 1676/1/3824
f 1676/1/3824 1677/1/3825 1660/1/3800
s 803
f 1660/1/3793 1677/1/3826 1667/1/3827
f 1667/1/3827 1661/1/3794 1660/1/3793
f 1678/1/3828 1679/1/3829 1680/1/3830
f 1680/1/3830 1681/1/3831 1678/1/3828
f 1682/1/3832 1683/1/3833 1679/1/3829
f 1679/1/3829 1678/1/3828 1682/1/3832
s 804
f 1679/1/3834 1684/1/3835 1685/1/3836
f 1685/1/3836 1680/1/3837 1679/1/3834
f 1679/1/3834 1683/1/3838 1686/1/3839
f 1686/1/3839 1684/1/3835 1679/1/3834
s 1143
f 1687/1/3840 1688/1/3840 1689/1/3840
f 1689/1/3840 1681/1/3841 1687/1/3840
s 1144
f 1678/1/3842 1681/1/3843 1689/1/3843
f 1689/1/3843 1690/1/3843 1678/1/3842
s 1145
f 1678/1/3844 1690/1/3845 1691/1/3844
f 1691/1/3844 1682/1/3846 1678/1/3844
s 1146
f 1667/1/3847 1682/1/3848 1691/1/3848
f 1691/1/3848 1668/1/3849 1667/1/3847
s 803
f 1682/1/3832 1667/1/3827 1677/1/3826
f 1677/1/3826 1683/1/3833 1682/1/3832
s 804
f 1676/1/3824 1686/1/3839 1683/1/3838
f 1683/1/3838 1677/1/3825 1676/1/3824
s 1147
f 1686/1/3850 1676/1/3851 1675/1/3852
f 1675/1/3852 1692/1/3850 1686/1/3850
s 1148
f 1692/1/3853 1693/1/3854 1684/1/3855
f 1684/1/3855 1686/1/3853 1692/1/3853
s 1149
f 1693/1/3856 1694/1/3857 1685/1/3858
f 1685/1/3858 1684/1/3857 1693/1/3856
s 1150
f 1694/1/3859 1695/1/3860 1696/1/3859
f 1696/1/3859 1685/1/3859 1694/1/3859
s 804
f 1680/1/3837 1685/1/3836 1696/1/3861
f 1696/1/3861 1697/1/3862 1680/1/3837
s 803
f 1680/1/3830 1697/1/3863 1687/1/3864
f 1687/1/3864 1681/1/3831 1680/1/3830
f 1698/1/3865 1699/1/3866 1700/1/3867
f 1700/1/3867 1701/1/3868 1698/1/3865
f 1702/1/3869 1703/1/3870 1699/1/3866
f 1699/1/3866 1698/1/3865 1702/1/3869
s 804
f 1699/1/3871 1704/1/3872 1705/1/3873
f 1705/1/3873 1700/1/3874 1699/1/3871
f 1699/1/3871 1703/1/3875 1706/1/3876
f 1706/1/3876 1704/1/3872 1699/1/3871
s 1151
f 1707/1/3877 1708/1/3878 1709/1/3878
f 1709/1/3878 1701/1/3879 1707/1/3877
s 1152
f 1698/1/3880 1701/1/3880 1709/1/3881
f 1709/1/3881 1710/1/3881 1698/1/3880
s 1153
f 1698/1/3882 1710/1/3883 1711/1/3884
f 1711/1/3884 1702/1/3883 1698/1/3882
s 1154
f 1687/1/3885 1702/1/3886 1711/1/3886
f 1711/1/3886 1688/1/3886 1687/1/3885
s 803
f 1702/1/3869 1687/1/3864 1697/1/3863
f 1697/1/3863 1703/1/3870 1702/1/3869
s 804
f 1696/1/3861 1706/1/3876 1703/1/3875
f 1703/1/3875 1697/1/3862 1696/1/3861
s 1155
f 1706/1/3887 1696/1/3888 1695/1/3889
f 1695/1/3889 1712/1/3887 1706/1/3887
s 1156
f 1712/1/3890 1713/1/3891 1704/1/3890
f 1704/1/3890 1706/1/3892 1712/1/3890
s 1157
f 1713/1/3893 1714/1/3894 1705/1/3895
f 1705/1/3895 1704/1/3896 1713/1/3893
s 1158
f 1714/1/3897 1715/1/3897 1716/1/3897
f 1716/1/3897 1705/1/3897 1714/1/3897
s 804
f 1700/1/3874 1705/1/3873 1716/1/3898
f 1716/1/3898 1717/1/3899 1700/1/3874
s 803
f 1700/1/3867 1717/1/3900 1707/1/3901
f 1707/1/3901 1701/1/3868 1700/1/3867
f 1718/1/3902 1719/1/3903 1720/1/3904
f 1720/1/3904 1721/1/3905 1718/1/3902
f 1722/1/3906 1723/1/3907 1719/1/3903
f 1719/1/3903 1718/1/3902 1722/1/3906
s 804
f 1719/1/3908 1724/1/3909 1725/1/3910
f 1725/1/3910 1720/1/3911 1719/1/3908
f 1719/1/3908 1723/1/3912 1726/1/3913
f 1726/1/3913 1724/1/3909 1719/1/3908
s 1159
f 1727/1/3914 1728/1/3915 1729/1/3916
f 1729/1/3916 1721/1/3915 1727/1/3914
s 1160
f 1718/1/3917 1721/1/3917 1729/1/3917
f 1729/1/3917 1730/1/3918 1718/1/3917
s 1161
f 1718/1/3919 1730/1/3919 1731/1/3920
f 1731/1/3920 1722/1/3921 1718/1/3919
s 1162
f 1707/1/3922 1722/1/3923 1731/1/3923
f 1731/1/3923 1708/1/3924 1707/1/3922
s 803
f 1722/1/3906 1707/1/3901 1717/1/3900
f 1717/1/3900 1723/1/3907 1722/1/3906
s 804
f 1716/1/3898 1726/1/3913 1723/1/3912
f 1723/1/3912 1717/1/3899 1716/1/3898
s 1163
f 1726/1/3925 1716/1/3926 1715/1/3927
f 1715/1/3927 1732/1/3928 1726/1/3925
s 1164
f 1732/1/3929 1733/1/3930 1724/1/3930
f 1724/1/3930 1726/1/3931 1732/1/3929
s 1165
f 1733/1/3932 1734/1/3933 1725/1/3934
f 1725/1/3934 1724/1/3935 1733/1/3932
s 1166
f 1734/1/3936 1735/1/3937 1736/1/3938
f 1736/1/3938 1725/1/3939 1734/1/3936
s 804
f 1720/1/3911 1725/1/3910 1736/1/3940
f 1736/1/3940 1737/1/3941 1720/1/3911
s 803
f 1720/1/3904 1737/1/3942 1727/1/3943
f 1727/1/3943 1721/1/3905 1720/1/3904
f 1738/1/3944 1739/1/3945 1740/1/3946
f 1740/1/3946 1741/1/3947 1738/1/3944
f 1742/1/3948 1743/1/3949 1739/1/3945
f 1739/1/3945 1738/1/3944 1742/1/3948
s 804
f 1739/1/3950 1744/1/3951 1745/1/3952
f 1745/1/3952 1740/1/3953 1739/1/3950
f 1739/1/3950 1743/1/3954 1746/1/3955
f 1746/1/3955 1744/1/3951 1739/1/3950
s 1167
f 1747/1/3956 1748/1/3957 1749/1/3958
f 1749/1/3958 1741/1/3959 1747/1/3956
s 1168
f 1738/1/3960 1741/1/3961 1749/1/3960
f 1749/1/3960 1750/1/3962 1738/1/3960
s 1169
f 1738/1/3963 1750/1/3964 1751/1/3964
f 1751/1/3964 1742/1/3964 1738/1/3963
s 1170
f 1727/1/3965 1742/1/3966 1751/1/3966
f 1751/1/3966 1728/1/3966 1727/1/3965
s 803
f 1742/1/3948 1727/1/3943 1737/1/3942
f 1737/1/3942 1743/1/3949 1742/1/3948
s 804
f 1736/1/3940 1746/1/3955 1743/1/3954
f 1743/1/3954 1737/1/3941 1736/1/3940
s 1171
f 1746/1/3967 1736/1/3968 1735/1/3967
f 1735/1/3967 1752/1/3967 1746/1/3967
s 1172
f 1752/1/3969 1753/1/3970 1744/1/3970
f 1744/1/3970 1746/1/3970 1752/1/3969
s 1173
f 1753/1/3971 1754/1/3971 1745/1/3971
f 1745/1/3971 1744/1/3972 1753/1/3971
s 1174
f 1754/1/3973 1755/1/3974 1756/1/3974
f 1756/1/3974 1745/1/3973 1754/1/3973
s 804
f 1740/1/3953 1745/1/3952 1756/1/3975
f 1756/1/3975 1757/1/3976 1740/1/3953
s 803
f 1740/1/3946 1757/1/3977 1747/1/3978
f 1747/1/3978 1741/1/3947 1740/1/3946
f 1758/1/3979 1759/1/3980 1760/1/3981
f 1760/1/3981 1761/1/3982 1758/1/3979
f 1762/1/3983 1763/1/3984 1759/1/3980
f 1759/1/3980 1758/1/3979 1762/1/3983
s 804
f 1759/1/3985 1764/1/3986 1765/1/3987
f 1765/1/3987 1760/1/3988 1759/1/3985
f 1759/1/3985 1763/1/3989 1766/1/3990
f 1766/1/3990 1764/1/3986 1759/1/3985
s 1175
f 1767/1/3991 1768/1/3991 1769/1/3992
f 1769/1/3992 1761/1/3991 1767/1/3991
s 1176
f 1758/1/3993 1761/1/3993 1769/1/3993
f 1769/1/3993 1770/1/3993 1758/1/3993
s 1177
f 1758/1/3994 1770/1/3995 1771/1/3996
f 1771/1/3996 1762/1/3995 1758/1/3994
s 1178
f 1747/1/3997 1762/1/3997 1771/1/3997
f 1771/1/3997 1748/1/3998 1747/1/3997
s 803
f 1762/1/3983 1747/1/3978 1757/1/3977
f 1757/1/3977 1763/1/3984 1762/1/3983
s 804
f 1756/1/3975 1766/1/3990 1763/1/3989
f 1763/1/3989 1757/1/3976 1756/1/3975
s 1179
f 1766/1/3999 1756/1/4000 1755/1/4001
f 1755/1/4001 1772/1/4002 1766/1/3999
s 1180
f 1772/1/4003 1773/1/4004 1764/1/4004
f 1764/1/4004 1766/1/4003 1772/1/4003
s 1181
f 1773/1/4005 1774/1/4005 1765/1/4005
f 1765/1/4005 1764/1/4006 1773/1/4005
s 1182
f 1774/1/4007 1775/1/4007 1776/1/4008
f 1776/1/4008 1765/1/4009 1774/1/4007
s 804
f 1760/1/3988 1765/1/3987 1776/1/4010
f 1776/1/4010 1777/1/4011 1760/1/3988
s 803
f 1760/1/3981 1777/1/4012 1767/1/4013
f 1767/1/4013 1761/1/3982 1760/1/3981
f 1778/1/4014 1779/1/4015 1780/1/4016
f 1780/1/4016 1781/1/4017 1778/1/4014
f 1782/1/4018 1783/1/4019 1779/1/4015
f 1779/1/4015 1778/1/4014 1782/1/4018
s 804
f 1779/1/4020 1784/1/4021 1785/1/4022
f 1785/1/4022 1780/1/4023 1779/1/4020
f 1779/1/4020 1783/1/4024 1786/1/4025
f 1786/1/4025 1784/1/4021 1779/1/4020
s 1183
f 1787/1/4026 1788/1/4027 1789/1/4028
f 1789/1/4028 1781/1/4028 1787/1/4026
s 1184
f 1778/1/4029 1781/1/4030 1789/1/4030
f 1789/1/4030 1790/1/4031 1778/1/4029
s 1185
f 1778/1/4032 1790/1/4033 1791/1/4032
f 1791/1/4032 1782/1/4034 1778/1/4032
s 1186
f 1767/1/4035 1782/1/4035 1791/1/4035
f 1791/1/4035 1768/1/4035 1767/1/4035
s 803
f 1782/1/4018 1767/1/4013 1777/1/4012
f 1777/1/4012 1783/1/4019 1782/1/4018
s 804
f 1776/1/4010 1786/1/4025 1783/1/4024
f 1783/1/4024 1777/1/4011 1776/1/4010
s 1187
f 1786/1/4036 1776/1/4037 1775/1/4037
f 1775/1/4037 1792/1/4038 1786/1/4036
s 1188
f 1792/1/4039 1793/1/4040 1784/1/4041
f 1784/1/4041 1786/1/4040 1792/1/4039
s 1189
f 1793/1/4042 1794/1/4042 1785/1/4042
f 1785/1/4042 1784/1/4042 1793/1/4042
s 1190
f 1794/1/4043 1795/1/4044 1796/1/4045
f 1796/1/4045 1785/1/4046 1794/1/4043
s 804
f 1780/1/4023 1785/1/4022 1796/1/4047
f 1796/1/4047 1797/1/4048 1780/1/4023
s 803
f 1780/1/4016 1797/1/4049 1787/1/4050
f 1787/1/4050 1781/1/4017 1780/1/4016
f 1798/1/4051 1799/1/4052 1800/1/4053
f 1800/1/4053 1801/1/4054 1798/1/4051
f 1802/1/4055 1803/1/4056 1799/1/4052
f 1799/1/4052 1798/1/4051 1802/1/4055
s 804
f 1799/1/4057 1804/1/4058 1805/1/4059
f 1805/1/4059 1800/1/4060 1799/1/4057
f 1799/1/4057 1803/1/4061 1806/1/4062
f 1806/1/4062 1804/1/4058 1799/1/4057
s 1191
f 1807/1/4063 1808/1/4063 1809/1/4063
f 1809/1/4063 1801/1/4064 1807/1/4063
s 1192
f 1798/1/2442 1801/1/4065 1809/1/4066
f 1809/1/4066 1810/1/4067 1798/1/2442
s 1193
f 1798/1/4068 1810/1/4069 1811/1/4070
f 1811/1/4070 1802/1/4071 1798/1/4068
s 1194
f 1787/1/2439 1802/1/4072 1811/1/2440
f 1811/1/2440 1788/1/2440 1787/1/2439
s 803
f 1802/1/4055 1787/1/4050 1797/1/4049
f 1797/1/4049 1803/1/4056 1802/1/4055
s 804
f 1796/1/4047 1806/1/4062 1803/1/4061
f 1803/1/4061 1797/1/4048 1796/1/4047
s 1195
f 1806/1/4073 1796/1/4074 1795/1/4075
f 1795/1/4075 1812/1/4076 1806/1/4073
s 1196
f 1812/1/4077 1813/1/2430 1804/1/2430
f 1804/1/2430 1806/1/2430 1812/1/4077
s 1197
f 1813/1/4078 1814/1/4079 1805/1/2429
f 1805/1/2429 1804/1/4078 1813/1/4078
s 1198
f 1814/1/2426 1815/1/2426 1816/1/4080
f 1816/1/4080 1805/1/4081 1814/1/2426
s 804
f 1800/1/4060 1805/1/4059 1816/1/4082
f 1816/1/4082 1817/1/4083 1800/1/4060
s 803
f 1800/1/4053 1817/1/4084 1807/1/4085
f 1807/1/4085 1801/1/4054 1800/1/4053
f 1818/1/4086 1819/1/4087 1820/1/4088
f 1820/1/4088 1821/1/4089 1818/1/4086
f 1822/1/4090 1823/1/4091 1819/1/4087
f 1819/1/4087 1818/1/4086 1822/1/4090
s 804
f 1819/1/4092 1824/1/4093 1825/1/4094
f 1825/1/4094 1820/1/4095 1819/1/4092
f 1819/1/4092 1823/1/4096 1826/1/4097
f 1826/1/4097 1824/1/4093 1819/1/4092
s 1199
f 1827/1/3527 1828/1/3527 1829/1/4098
f 1829/1/4098 1821/1/4099 1827/1/3527
s 1200
f 1818/1/3524 1821/1/3524 1829/1/3524
f 1829/1/3524 1830/1/3524 1818/1/3524
s 1201
f 1818/1/4100 1830/1/3522 1831/1/4100
f 1831/1/4100 1822/1/4100 1818/1/4100
s 1202
f 1807/1/4101 1822/1/4102 1831/1/4103
f 1831/1/4103 1808/1/3518 1807/1/4101
s 803
f 1822/1/4090 1807/1/4085 1817/1/4084
f 1817/1/4084 1823/1/4091 1822/1/4090
s 804
f 1816/1/4082 1826/1/4097 1823/1/4096
f 1823/1/4096 1817/1/4083 1816/1/4082
s 1203
f 1826/1/3515 1816/1/3515 1815/1/4104
f 1815/1/4104 1832/1/3515 1826/1/3515
s 1204
f 1832/1/4105 1833/1/4106 1824/1/4107
f 1824/1/4107 1826/1/4108 1832/1/4105
s 1205
f 1833/1/3512 1834/1/3513 1825/1/4109
f 1825/1/4109 1824/1/4110 1833/1/3512
s 1206
f 1834/1/4111 1835/1/3510 1836/1/3511
f 1836/1/3511 1825/1/3510 1834/1/4111
s 804
f 1820/1/4095 1825/1/4094 1836/1/4112
f 1836/1/4112 1837/1/4113 1820/1/4095
s 803
f 1820/1/4088 1837/1/4114 1827/1/4115
f 1827/1/4115 1821/1/4089 1820/1/4088
f 1838/1/4116 1839/1/4117 1840/1/4118
f 1840/1/4118 1841/1/4119 1838/1/4116
f 1842/1/4120 1843/1/4121 1839/1/4117
f 1839/1/4117 1838/1/4116 1842/1/4120
s 804
f 1839/1/4122 1844/1/4123 1845/1/4124
f 1845/1/4124 1840/1/4125 1839/1/4122
f 1839/1/4122 1843/1/4126 1846/1/4127
f 1846/1/4127 1844/1/4123 1839/1/4122
s 1207
f 1847/1/3565 1848/1/3565 1849/1/3565
f 1849/1/3565 1841/1/3565 1847/1/3565
s 1208
f 1838/1/4128 1841/1/4128 1849/1/4128
f 1849/1/4128 1850/1/4129 1838/1/4128
s 1209
f 1838/1/3559 1850/1/4130 1851/1/4130
f 1851/1/4130 1842/1/3559 1838/1/3559
s 1210
f 1827/1/3558 1842/1/3558 1851/1/4131
f 1851/1/4131 1828/1/3558 1827/1/3558
s 803
f 1842/1/4120 1827/1/4115 1837/1/4114
f 1837/1/4114 1843/1/4121 1842/1/4120
s 804
f 1836/1/4112 1846/1/4127 1843/1/4126
f 1843/1/4126 1837/1/4113 1836/1/4112
s 1211
f 1846/1/3553 1836/1/3553 1835/1/3553
f 1835/1/3553 1852/1/3553 1846/1/3553
s 1212
f 1852/1/4132 1853/1/4133 1844/1/4134
f 1844/1/4134 1846/1/4133 1852/1/4132
s 1213
f 1853/1/3547 1854/1/4135 1845/1/3547
f 1845/1/3547 1844/1/3547 1853/1/3547
s 1214
f 1854/1/3544 1855/1/3544 1856/1/3544
f 1856/1/3544 1845/1/4136 1854/1/3544
s 804
f 1840/1/4125 1845/1/4124 1856/1/4137
f 1856/1/4137 1857/1/4138 1840/1/4125
s 803
f 1840/1/4118 1857/1/4139 1847/1/4140
f 1847/1/4140 1841/1/4119 1840/1/4118
f 1858/1/4141 1859/1/4142 1860/1/4143
f 1860/1/4143 1861/1/4144 1858/1/4141
f 1862/1/4145 1863/1/4146 1859/1/4142
f 1859/1/4142 1858/1/4141 1862/1/4145
s 804
f 1859/1/4147 1864/1/4148 1865/1/4149
f 1865/1/4149 1860/1/4150 1859/1/4147
f 1859/1/4147 1863/1/4151 1866/1/4152
f 1866/1/4152 1864/1/4148 1859/1/4147
s 1215
f 1867/1/4153 1868/1/3603 1869/1/4153
f 1869/1/4153 1861/1/4153 1867/1/4153
s 1216
f 1858/1/4154 1861/1/3599 1869/1/4155
f 1869/1/4155 1870/1/3599 1858/1/4154
s 1217
f 1858/1/4156 1870/1/4157 1871/1/4156
f 1871/1/4156 1862/1/4158 1858/1/4156
s 1218
f 1847/1/4159 1862/1/3594 1871/1/3594
f 1871/1/3594 1848/1/3592 1847/1/4159
s 803
f 1862/1/4145 1847/1/4140 1857/1/4139
f 1857/1/4139 1863/1/4146 1862/1/4145
s 804
f 1856/1/4137 1866/1/4152 1863/1/4151
f 1863/1/4151 1857/1/4138 1856/1/4137
s 1219
f 1866/1/3590 1856/1/3590 1855/1/3591
f 1855/1/3591 1872/1/3590 1866/1/3590
s 1220
f 1872/1/4160 1873/1/4161 1864/1/4162
f 1864/1/4162 1866/1/4163 1872/1/4160
s 1221
f 1873/1/4164 1874/1/3587 1865/1/4165
f 1865/1/4165 1864/1/4166 1873/1/4164
s 1222
f 1874/1/3584 1875/1/4167 1876/1/4167
f 1876/1/4167 1865/1/3584 1874/1/3584
s 804
f 1860/1/4150 1865/1/4149 1876/1/4168
f 1876/1/4168 1877/1/4169 1860/1/4150
s 803
f 1860/1/4143 1877/1/4170 1867/1/4171
f 1867/1/4171 1861/1/4144 1860/1/4143
f 1878/1/4172 1879/1/4173 1880/1/4174
f 1880/1/4174 1881/1/4175 1878/1/4172
f 1882/1/4176 1883/1/4177 1879/1/4173
f 1879/1/4173 1878/1/4172 1882/1/4176
s 804
f 1879/1/4178 1884/1/4179 1885/1/4180
f 1885/1/4180 1880/1/4181 1879/1/4178
f 1879/1/4178 1883/1/4182 1886/1/4183
f 1886/1/4183 1884/1/4179 1879/1/4178
s 1223
f 1887/1/3638 1888/1/3637 1889/1/3637
f 1889/1/3637 1881/1/3637 1887/1/3638
s 1224
f 1878/1/4184 1881/1/3634 1889/1/4185
f 1889/1/4185 1890/1/3634 1878/1/4184
s 1225
f 1878/1/3632 1890/1/3632 1891/1/3632
f 1891/1/3632 1882/1/3632 1878/1/3632
s 1226
f 1867/1/4186 1882/1/3630 1891/1/3630
f 1891/1/3630 1868/1/4187 1867/1/4186
s 803
f 1882/1/4176 1867/1/4171 1877/1/4170
f 1877/1/4170 1883/1/4177 1882/1/4176
s 804
f 1876/1/4168 1886/1/4183 1883/1/4182
f 1883/1/4182 1877/1/4169 1876/1/4168
s 1227
f 1886/1/4188 1876/1/4189 1875/1/4190
f 1875/1/4190 1892/1/4188 1886/1/4188
s 1228
f 1892/1/4191 1893/1/4192 1884/1/4193
f 1884/1/4193 1886/1/4194 1892/1/4191
s 1229
f 1893/1/3622 1894/1/3621 1885/1/3622
f 1885/1/3622 1884/1/3622 1893/1/3622
s 1230
f 1894/1/4195 1895/1/4196 1896/1/4196
f 1896/1/4196 1885/1/4195 1894/1/4195
s 804
f 1880/1/4181 1885/1/4180 1896/1/4197
f 1896/1/4197 1897/1/4198 1880/1/4181
s 803
f 1880/1/4174 1897/1/4199 1887/1/4200
f 1887/1/4200 1881/1/4175 1880/1/4174
f 1898/1/4201 1899/1/4202 1900/1/4203
f 1900/1/4203 1901/1/4204 1898/1/4201
f 1902/1/4205 1903/1/4206 1899/1/4202
f 1899/1/4202 1898/1/4201 1902/1/4205
s 804
f 1899/1/4207 1904/1/4208 1905/1/4209
f 1905/1/4209 1900/1/4210 1899/1/4207
f 1899/1/4207 1903/1/4211 1906/1/4212
f 1906/1/4212 1904/1/4208 1899/1/4207
s 1231
f 1907/1/3677 1908/1/3675 1909/1/3677
f 1909/1/3677 1901/1/3675 1907/1/3677
s 1232
f 1898/1/4213 1901/1/3673 1909/1/4214
f 1909/1/4214 1910/1/3673 1898/1/4213
s 1233
f 1898/1/4215 1910/1/4215 1911/1/3671
f 1911/1/3671 1902/1/3669 1898/1/4215
s 1234
f 1887/1/4216 1902/1/3667 1911/1/4217
f 1911/1/4217 1888/1/3668 1887/1/4216
s 803
f 1902/1/4205 1887/1/4200 1897/1/4199
f 1897/1/4199 1903/1/4206 1902/1/4205
s 804
f 1896/1/4197 1906/1/4212 1903/1/4211
f 1903/1/4211 1897/1/4198 1896/1/4197
s 1235
f 1906/1/4218 1896/1/3666 1895/1/4219
f 1895/1/4219 1912/1/3666 1906/1/4218
s 1236
f 1912/1/4220 1913/1/4220 1904/1/4220
f 1904/1/4220 1906/1/4220 1912/1/4220
s 1237
f 1913/1/3661 1914/1/3660 1905/1/4221
f 1905/1/4221 1904/1/3660 1913/1/3661
s 1238
f 1914/1/4222 1915/1/3658 1916/1/4223
f 1916/1/4223 1905/1/3658 1914/1/4222
s 804
f 1900/1/4210 1905/1/4209 1916/1/4224
f 1916/1/4224 1917/1/4225 1900/1/4210
s 803
f 1900/1/4203 1917/1/4226 1907/1/4227
f 1907/1/4227 1901/1/4204 1900/1/4203
f 1918/1/4228 1919/1/4229 1920/1/4230
f 1920/1/4230 1921/1/4231 1918/1/4228
f 1922/1/4232 1923/1/4233 1919/1/4229
f 1919/1/4229 1918/1/4228 1922/1/4232
s 804
f 1919/1/4234 1924/1/4235 1925/1/4236
f 1925/1/4236 1920/1/4237 1919/1/4234
f 1919/1/4234 1923/1/4238 1926/1/4239
f 1926/1/4239 1924/1/4235 1919/1/4234
s 1239
f 1927/1/4240 1928/1/4240 1929/1/4240
f 1929/1/4240 1921/1/4240 1927/1/4240
s 1240
f 1918/1/4241 1921/1/3710 1929/1/3710
f 1929/1/3710 1930/1/4241 1918/1/4241
s 1241
f 1918/1/4242 1930/1/3708 1931/1/3708
f 1931/1/3708 1922/1/3708 1918/1/4242
s 1242
f 1907/1/4243 1922/1/4243 1931/1/4243
f 1931/1/4243 1908/1/4243 1907/1/4243
s 803
f 1922/1/4232 1907/1/4227 1917/1/4226
f 1917/1/4226 1923/1/4233 1922/1/4232
s 804
f 1916/1/4224 1926/1/4239 1923/1/4238
f 1923/1/4238 1917/1/4225 1916/1/4224
s 1243
f 1926/1/4244 1916/1/4245 1915/1/4245
f 1915/1/4245 1932/1/4246 1926/1/4244
s 1244
f 1932/1/3701 1933/1/3701 1924/1/3701
f 1924/1/3701 1926/1/4247 1932/1/3701
s 1245
f 1933/1/3697 1934/1/4248 1925/1/4249
f 1925/1/4249 1924/1/3697 1933/1/3697
s 1246
f 1934/1/3696 1935/1/3696 1936/1/3696
f 1936/1/3696 1925/1/3694 1934/1/3696
s 804
f 1920/1/4237 1925/1/4236 1936/1/4250
f 1936/1/4250 1937/1/4251 1920/1/4237
s 803
f 1920/1/4230 1937/1/4252 1927/1/4253
f 1927/1/4253 1921/1/4231 1920/1/4230
f 1938/1/4254 1939/1/4255 1940/1/4256
f 1940/1/4256 1941/1/4256 1938/1/4254
f 1942/1/4257 1943/1/4258 1939/1/4255
f 1939/1/4255 1938/1/4254 1942/1/4257
s 804
f 1939/1/4259 1944/1/4260 1945/1/4261
f 1945/1/4261 1940/1/4262 1939/1/4259
f 1939/1/4259 1943/1/4263 1946/1/4264
f 1946/1/4264 1944/1/4260 1939/1/4259
s 1247
f 1947/1/3748 1948/1/4265 1949/1/3748
f 1949/1/3748 1941/1/4266 1947/1/3748
s 1248
f 1938/1/4267 1941/1/3745 1949/1/4268
f 1949/1/4268 1950/1/3746 1938/1/4267
s 1249
f 1938/1/3743 1950/1/4269 1951/1/4270
f 1951/1/4270 1942/1/4271 1938/1/3743
s 1250
f 1927/1/3741 1942/1/4272 1951/1/4273
f 1951/1/4273 1928/1/4274 1927/1/3741
s 803
f 1942/1/4257 1927/1/4253 1937/1/4252
f 1937/1/4252 1943/1/4258 1942/1/4257
s 804
f 1936/1/4250 1946/1/4264 1943/1/4263
f 1943/1/4263 1937/1/4251 1936/1/4250
s 1251
f 1946/1/4275 1936/1/4275 1935/1/3739
f 1935/1/3739 1952/1/3739 1946/1/4275
s 1252
f 1952/1/3736 1953/1/3736 1944/1/3736
f 1944/1/3736 1946/1/3736 1952/1/3736
s 1253
f 1953/1/4276 1954/1/3734 1945/1/4277
f 1945/1/4277 1944/1/4277 1953/1/4276
s 1254
f 1954/1/3731 1955/1/4278 1956/1/4279
f 1956/1/4279 1945/1/3731 1954/1/3731
s 804
f 1940/1/4262 1945/1/4261 1956/1/4280
f 1956/1/4280 1957/1/4281 1940/1/4262
s 803
f 1940/1/4256 1957/1/4282 1947/1/4283
f 1947/1/4283 1941/1/4256 1940/1/4256
f 1958/1/4284 1959/1/4285 1960/1/4286
f 1960/1/4286 1961/1/4287 1958/1/4284
f 1962/1/4288 1963/1/4289 1959/1/4285
f 1959/1/4285 1958/1/4284 1962/1/4288
s 804
f 1959/1/4290 1964/1/4291 1965/1/4292
f 1965/1/4292 1960/1/4293 1959/1/4290
f 1959/1/4290 1963/1/4294 1966/1/4295
f 1966/1/4295 1964/1/4291 1959/1/4290
s 1255
f 1967/1/4296 1968/1/4297 1969/1/4296
f 1969/1/4296 1961/1/4298 1967/1/4296
s 1256
f 1958/1/4299 1961/1/4300 1969/1/4301
f 1969/1/4301 1970/1/4300 1958/1/4299
s 1257
f 1958/1/3780 1970/1/4302 1971/1/4303
f 1971/1/4303 1962/1/3779 1958/1/3780
s 1258
f 1947/1/4304 1962/1/4305 1971/1/4306
f 1971/1/4306 1948/1/4307 1947/1/4304
s 803
f 1962/1/4288 1947/1/4283 1957/1/4282
f 1957/1/4282 1963/1/4289 1962/1/4288
s 804
f 1956/1/4280 1966/1/4295 1963/1/4294
f 1963/1/4294 1957/1/4281 1956/1/4280
s 1259
f 1966/1/4308 1956/1/3774 1955/1/3774
f 1955/1/3774 1972/1/3774 1966/1/4308
s 1260
f 1972/1/4309 1973/1/3773 1964/1/4310
f 1964/1/4310 1966/1/4309 1972/1/4309
s 1261
f 1973/1/4311 1974/1/3768 1965/1/3768
f 1965/1/3768 1964/1/4312 1973/1/4311
s 1262
f 1974/1/4313 1975/1/3766 1976/1/4314
f 1976/1/4314 1965/1/3766 1974/1/4313
s 804
f 1960/1/4293 1965/1/4292 1976/1/4315
f 1976/1/4315 1977/1/4316 1960/1/4293
s 803
f 1960/1/4286 1977/1/4317 1967/1/4318
f 1967/1/4318 1961/1/4287 1960/1/4286
f 1978/1/4319 1979/1/4320 1980/1/4321
f 1980/1/4321 1981/1/4322 1978/1/4319
f 1982/1/4323 1983/1/4324 1979/1/4320
f 1979/1/4320 1978/1/4319 1982/1/4323
s 804
f 1979/1/4325 1984/1/4326 1985/1/4327
f 1985/1/4327 1980/1/4328 1979/1/4325
f 1979/1/4325 1983/1/4329 1986/1/4330
f 1986/1/4330 1984/1/4326 1979/1/4325
s 1263
f 1987/1/4331 1988/1/4331 1989/1/3822
f 1989/1/3822 1981/1/4331 1987/1/4331
s 1264
f 1978/1/3821 1981/1/3821 1989/1/3820
f 1989/1/3820 1990/1/3821 1978/1/3821
s 1265
f 1978/1/4332 1990/1/4333 1991/1/4332
f 1991/1/4332 1982/1/4332 1978/1/4332
s 1266
f 1967/1/4334 1982/1/3815 1991/1/3815
f 1991/1/3815 1968/1/3815 1967/1/4334
s 803
f 1982/1/4323 1967/1/4318 1977/1/4317
f 1977/1/4317 1983/1/4324 1982/1/4323
s 804
f 1976/1/4315 1986/1/4330 1983/1/4329
f 1983/1/4329 1977/1/4316 1976/1/4315
s 1267
f 1986/1/3813 1976/1/3810 1975/1/3813
f 1975/1/3813 1992/1/3813 1986/1/3813
s 1268
f 1992/1/3807 1993/1/3807 1984/1/4335
f 1984/1/4335 1986/1/3807 1992/1/3807
s 1269
f 1993/1/4336 1994/1/4337 1985/1/4336
f 1985/1/4336 1984/1/3805 1993/1/4336
s 1270
f 1994/1/4338 1995/1/4339 1996/1/4340
f 1996/1/4340 1985/1/4341 1994/1/4338
s 804
f 1980/1/4328 1985/1/4327 1996/1/4342
f 1996/1/4342 1997/1/4343 1980/1/4328
s 803
f 1980/1/4321 1997/1/4344 1987/1/4345
f 1987/1/4345 1981/1/4322 1980/1/4321
f 1998/1/4346 1999/1/4347 2000/1/4348
f 2000/1/4348 2001/1/4349 1998/1/4346
f 2002/1/4350 2003/1/4351 1999/1/4347
f 1999/1/4347 1998/1/4346 2002/1/4350
s 804
f 1999/1/4352 2004/1/4353 2005/1/4354
f 2005/1/4354 2000/1/4355 1999/1/4352
f 1999/1/4352 2003/1/4356 2006/1/4357
f 2006/1/4357 2004/1/4353 1999/1/4352
s 1271
f 2007/1/4358 2008/1/4358 2009/1/4359
f 2009/1/4359 2001/1/4358 2007/1/4358
s 1272
f 1998/1/4360 2001/1/4361 2009/1/4360
f 2009/1/4360 2010/1/4362 1998/1/4360
s 1273
f 1998/1/3853 2010/1/3853 2011/1/4363
f 2011/1/4363 2002/1/3853 1998/1/3853
s 1274
f 1987/1/4364 2002/1/3850 2011/1/3850
f 2011/1/3850 1988/1/4364 1987/1/4364
s 803
f 2002/1/4350 1987/1/4345 1997/1/4344
f 1997/1/4344 2003/1/4351 2002/1/4350
s 804
f 1996/1/4342 2006/1/4357 2003/1/4356
f 2003/1/4356 1997/1/4343 1996/1/4342
s 1275
f 2006/1/3848 1996/1/3848 1995/1/3848
f 1995/1/3848 2012/1/4365 2006/1/3848
s 1276
f 2012/1/4366 2013/1/3846 2004/1/3844
f 2004/1/3844 2006/1/4366 2012/1/4366
s 1277
f 2013/1/3843 2014/1/3843 2005/1/3843
f 2005/1/3843 2004/1/3843 2013/1/3843
s 1278
f 2014/1/4367 2015/1/4368 2016/1/3840
f 2016/1/3840 2005/1/4367 2014/1/4367
s 804
f 2000/1/4355 2005/1/4354 2016/1/4369
f 2016/1/4369 2017/1/4370 2000/1/4355
s 803
f 2000/1/4348 2017/1/4371 2007/1/4372
f 2007/1/4372 2001/1/4349 2000/1/4348
f 2018/1/4373 2019/1/4374 2020/1/4375
f 2020/1/4375 2021/1/4376 2018/1/4373
f 2022/1/4377 2023/1/4378 2019/1/4374
f 2019/1/4374 2018/1/4373 2022/1/4377
s 804
f 2019/1/4379 2024/1/4380 2025/1/4381
f 2025/1/4381 2020/1/4382 2019/1/4379
f 2019/1/4379 2023/1/4383 2026/1/4384
f 2026/1/4384 2024/1/4380 2019/1/4379
s 1279
f 2027/1/4385 2028/1/4386 2029/1/4387
f 2029/1/4387 2021/1/4387 2027/1/4385
s 1280
f 2018/1/3894 2021/1/3894 2029/1/3894
f 2029/1/3894 2030/1/3894 2018/1/3894
s 1281
f 2018/1/3890 2030/1/4388 2031/1/4388
f 2031/1/4388 2022/1/4388 2018/1/3890
s 1282
f 2007/1/3888 2022/1/3888 2031/1/3888
f 2031/1/3888 2008/1/3887 2007/1/3888
s 803
f 2022/1/4377 2007/1/4372 2017/1/4371
f 2017/1/4371 2023/1/4378 2022/1/4377
s 804
f 2016/1/4369 2026/1/4384 2023/1/4383
f 2023/1/4383 2017/1/4370 2016/1/4369
s 1283
f 2026/1/4389 2016/1/4390 2015/1/4390
f 2015/1/4390 2032/1/4391 2026/1/4389
s 1284
f 2032/1/4392 2033/1/3883 2024/1/4393
f 2024/1/4393 2026/1/3883 2032/1/4392
s 1285
f 2033/1/4394 2034/1/4395 2025/1/3880
f 2025/1/3880 2024/1/4396 2033/1/4394
s 1286
f 2034/1/3879 2035/1/3879 2036/1/3879
f 2036/1/3879 2025/1/3879 2034/1/3879
s 804
f 2020/1/4382 2025/1/4381 2036/1/4397
f 2036/1/4397 2037/1/4398 2020/1/4382
s 803
f 2020/1/4375 2037/1/4399 2027/1/4400
f 2027/1/4400 2021/1/4376 2020/1/4375
f 2038/1/4401 2039/1/4402 2040/1/4403
f 2040/1/4403 2041/1/4404 2038/1/4401
f 2042/1/4405 2043/1/4406 2039/1/4402
f 2039/1/4402 2038/1/4401 2042/1/4405
s 804
f 2039/1/4407 2044/1/4408 2045/1/4409
f 2045/1/4409 2040/1/4410 2039/1/4407
f 2039/1/4407 2043/1/4411 2046/1/4412
f 2046/1/4412 2044/1/4408 2039/1/4407
s 1287
f 2047/1/3936 2048/1/3937 2049/1/3936
f 2049/1/3936 2041/1/3936 2047/1/3936
s 1288
f 2038/1/3932 2041/1/4413 2049/1/3933
f 2049/1/3933 2050/1/3932 2038/1/3932
s 1289
f 2038/1/4414 2050/1/4415 2051/1/4416
f 2051/1/4416 2042/1/3930 2038/1/4414
s 1290
f 2027/1/4417 2042/1/4418 2051/1/4419
f 2051/1/4419 2028/1/3925 2027/1/4417
s 803
f 2042/1/4405 2027/1/4400 2037/1/4399
f 2037/1/4399 2043/1/4406 2042/1/4405
s 804
f 2036/1/4397 2046/1/4412 2043/1/4411
f 2043/1/4411 2037/1/4398 2036/1/4397
s 1291
f 2046/1/3923 2036/1/4420 2035/1/3923
f 2035/1/3923 2052/1/3923 2046/1/3923
s 1292
f 2052/1/4421 2053/1/4422 2044/1/3919
f 2044/1/3919 2046/1/4423 2052/1/4421
s 1293
f 2053/1/3917 2054/1/3917 2045/1/3918
f 2045/1/3918 2044/1/3917 2053/1/3917
s 1294
f 2054/1/3915 2055/1/3915 2056/1/3915
f 2056/1/3915 2045/1/4424 2054/1/3915
s 804
f 2040/1/4410 2045/1/4409 2056/1/4425
f 2056/1/4425 2057/1/4426 2040/1/4410
s 803
f 2040/1/4403 2057/1/4427 2047/1/4428
f 2047/1/4428 2041/1/4404 2040/1/4403
f 2058/1/4429 2059/1/4430 2060/1/4431
f 2060/1/4431 2061/1/4432 2058/1/4429
f 2062/1/4433 2063/1/4434 2059/1/4430
f 2059/1/4430 2058/1/4429 2062/1/4433
s 804
f 2059/1/4435 2064/1/4436 2065/1/4437
f 2065/1/4437 2060/1/4438 2059/1/4435
f 2059/1/4435 2063/1/4439 2066/1/4440
f 2066/1/4440 2064/1/4436 2059/1/4435
s 1295
f 2067/1/4441 2068/1/4442 2069/1/4441
f 2069/1/4441 2061/1/4441 2067/1/4441
s 1296
f 2058/1/3971 2061/1/3971 2069/1/4443
f 2069/1/4443 2070/1/3971 2058/1/3971
s 1297
f 2058/1/4444 2070/1/4445 2071/1/4444
f 2071/1/4444 2062/1/4446 2058/1/4444
s 1298
f 2047/1/3967 2062/1/4447 2071/1/4447
f 2071/1/4447 2048/1/3967 2047/1/3967
s 803
f 2062/1/4433 2047/1/4428 2057/1/4427
f 2057/1/4427 2063/1/4434 2062/1/4433
s 804
f 2056/1/4425 2066/1/4440 2063/1/4439
f 2063/1/4439 2057/1/4426 2056/1/4425
s 1299
f 2066/1/4448 2056/1/4448 2055/1/4449
f 2055/1/4449 2072/1/4450 2066/1/4448
s 1300
f 2072/1/4451 2073/1/4452 2064/1/3964
f 2064/1/3964 2066/1/4453 2072/1/4451
s 1301
f 2073/1/4454 2074/1/3961 2065/1/3961
f 2065/1/3961 2064/1/4455 2073/1/4454
s 1302
f 2074/1/3958 2075/1/3958 2076/1/3958
f 2076/1/3958 2065/1/4456 2074/1/3958
s 804
f 2060/1/4438 2065/1/4437 2076/1/4457
f 2076/1/4457 2077/1/4458 2060/1/4438
s 803
f 2060/1/4431 2077/1/4459 2067/1/4460
f 2067/1/4460 2061/1/4432 2060/1/4431
f 2078/1/4461 2079/1/4462 2080/1/4463
f 2080/1/4463 2081/1/4464 2078/1/4461
f 2082/1/4465 2083/1/4466 2079/1/4462
f 2079/1/4462 2078/1/4461 2082/1/4465
s 804
f 2079/1/4467 2084/1/4468 2085/1/4469
f 2085/1/4469 2080/1/4470 2079/1/4467
f 2079/1/4467 2083/1/4471 2086/1/4472
f 2086/1/4472 2084/1/4468 2079/1/4467
s 1303
f 2087/1/4473 2088/1/4474 2089/1/4009
f 2089/1/4009 2081/1/4475 2087/1/4473
s 1304
f 2078/1/4006 2081/1/4006 2089/1/4006
f 2089/1/4006 2090/1/4005 2078/1/4006
s 1305
f 2078/1/4004 2090/1/4003 2091/1/4003
f 2091/1/4003 2082/1/4004 2078/1/4004
s 1306
f 2067/1/4001 2082/1/4000 2091/1/4000
f 2091/1/4000 2068/1/4000 2067/1/4001
s 803
f 2082/1/4465 2067/1/4460 2077/1/4459
f 2077/1/4459 2083/1/4466 2082/1/4465
s 804
f 2076/1/4457 2086/1/4472 2083/1/4471
f 2083/1/4471 2077/1/4458 2076/1/4457
s 1307
f 2086/1/4476 2076/1/3998 2075/1/4477
f 2075/1/4477 2092/1/4477 2086/1/4476
s 1308
f 2092/1/4478 2093/1/3995 2084/1/4478
f 2084/1/4478 2086/1/3995 2092/1/4478
s 1309
f 2093/1/4479 2094/1/4480 2085/1/4481
f 2085/1/4481 2084/1/4479 2093/1/4479
s 1310
f 2094/1/4482 2095/1/3991 2096/1/3991
f 2096/1/3991 2085/1/4483 2094/1/4482
s 804
f 2080/1/4470 2085/1/4469 2096/1/4484
f 2096/1/4484 2097/1/4485 2080/1/4470
s 803
f 2080/1/4463 2097/1/4486 2087/1/4487
f 2087/1/4487 2081/1/4464 2080/1/4463
f 2098/1/4488 2099/1/4489 2100/1/4490
f 2100/1/4490 2101/1/4491 2098/1/4488
f 2102/1/4492 2103/1/4493 2099/1/4489
f 2099/1/4489 2098/1/4488 2102/1/4492
s 804
f 2099/1/4494 2104/1/4495 2105/1/4496
f 2105/1/4496 2100/1/4497 2099/1/4494
f 2099/1/4494 2103/1/4498 2106/1/4499
f 2106/1/4499 2104/1/4495 2099/1/4494
s 1311
f 848/1/4500 847/1/4501 2107/1/4502
f 2107/1/4502 2101/1/4503 848/1/4500
s 1312
f 2098/1/4042 2101/1/4042 2107/1/4504
f 2107/1/4504 2108/1/4042 2098/1/4042
s 1313
f 2098/1/4040 2108/1/4040 2109/1/4040
f 2109/1/4040 2102/1/4040 2098/1/4040
s 1314
f 2087/1/4038 2102/1/4037 2109/1/4038
f 2109/1/4038 2088/1/4037 2087/1/4038
s 803
f 2102/1/4492 2087/1/4487 2097/1/4486
f 2097/1/4486 2103/1/4493 2102/1/4492
s 804
f 2096/1/4484 2106/1/4499 2103/1/4498
f 2103/1/4498 2097/1/4485 2096/1/4484
s 1315
f 2106/1/4505 2096/1/4035 2095/1/4506
f 2095/1/4506 2110/1/4507 2106/1/4505
s 1316
f 2110/1/4508 2111/1/4033 2104/1/4509
f 2104/1/4509 2106/1/4508 2110/1/4508
s 1317
f 2111/1/4510 2112/1/4030 2105/1/4510
f 2105/1/4510 2104/1/4511 2111/1/4510
s 1318
f 850/1/4028 2105/1/4028 2112/1/4027
f 2112/1/4027 852/1/4028 850/1/4028
s 804
f 2105/1/4496 850/1/2438 849/1/2437
f 849/1/2437 2100/1/4497 2105/1/4496
s 803
f 2100/1/4490 849/1/2435 848/1/2436
f 848/1/2436 2101/1/4491 2100/1/4490
s 1319
f 2113/1/4512 2114/1/4513 2115/1/4514
f 2115/1/4514 2116/1/4515 2113/1/4512
s 1320
f 2117/1/4516 2118/1/4516 2114/1/4517
f 2114/1/4517 2113/1/4518 2117/1/4516
s 1321
f 2114/1/4519 2119/1/4520 2120/1/4521
f 2120/1/4521 2115/1/4520 2114/1/4519
s 1322
f 2121/1/4522 2119/1/4523 2114/1/4524
f 2114/1/4524 2118/1/4525 2121/1/4522
s 1323
f 2122/1/4526 1358/1/4527 1380/1/4528
f 1380/1/4528 2116/1/4529 2122/1/4526
s 1324
f 2116/1/4530 1380/1/4530 1379/1/4531
f 1379/1/4531 2113/1/4530 2116/1/4530
s 1325
f 2117/1/4532 2113/1/4532 1379/1/4533
f 1379/1/4533 1377/1/4534 2117/1/4532
s 1326
f 2117/1/4535 1377/1/4536 1378/1/4537
f 1378/1/4537 2123/1/4536 2117/1/4535
s 1327
f 2117/1/4538 2123/1/4539 2124/1/4539
f 2124/1/4539 2118/1/4540 2117/1/4538
s 1328
f 2125/1/4541 2121/1/4542 2118/1/4542
f 2118/1/4542 2124/1/4541 2125/1/4541
s 1329
f 2121/1/4543 2125/1/4544 1995/1/4545
f 1995/1/4545 1994/1/4543 2121/1/4543
s 1330
f 2121/1/4546 1994/1/4547 1993/1/4547
f 1993/1/4547 2119/1/4547 2121/1/4546
s 1331
f 1993/1/4548 1992/1/4548 2120/1/4549
f 2120/1/4549 2119/1/4548 1993/1/4548
s 1332
f 1992/1/4550 1975/1/4551 2126/1/4552
f 2126/1/4552 2120/1/4550 1992/1/4550
s 1333
f 2115/1/4553 2120/1/4554 2126/1/4554
f 2126/1/4554 2127/1/4553 2115/1/4553
s 1334
f 2115/1/4555 2127/1/4556 2122/1/4556
f 2122/1/4556 2116/1/4555 2115/1/4555
s 1335
f 2128/1/4557 2129/1/4558 2130/1/4558
f 2130/1/4558 2131/1/4558 2128/1/4557
s 1336
f 2132/1/4559 2133/1/4560 2129/1/4559
f 2129/1/4559 2128/1/4559 2132/1/4559
s 1337
f 2129/1/4561 2134/1/4562 2135/1/4563
f 2135/1/4563 2130/1/4561 2129/1/4561
s 1338
f 2133/1/4564 2136/1/4564 2134/1/4565
f 2134/1/4565 2129/1/4564 2133/1/4564
s 1339
f 881/1/4566 1492/1/4567 2131/1/4568
f 2131/1/4568 2137/1/4568 881/1/4566
s 1340
f 1497/1/4569 2128/1/4569 2131/1/4569
f 2131/1/4569 1492/1/4569 1497/1/4569
s 1341
f 1497/1/4570 1496/1/4570 2132/1/4570
f 2132/1/4570 2128/1/4570 1497/1/4570
s 1342
f 1496/1/4571 1473/1/4572 2138/1/4573
f 2138/1/4573 2132/1/4574 1496/1/4571
s 1343
f 2132/1/4575 2138/1/4575 2139/1/4575
f 2139/1/4575 2133/1/4575 2132/1/4575
s 1344
f 2140/1/4576 2136/1/4577 2133/1/4576
f 2133/1/4576 2139/1/4576 2140/1/4576
s 1345
f 2136/1/4578 2140/1/4579 2088/1/4579
f 2088/1/4579 2109/1/4580 2136/1/4578
s 1346
f 2136/1/4581 2109/1/4582 2108/1/4582
f 2108/1/4582 2134/1/4582 2136/1/4581
s 1347
f 2134/1/4583 2108/1/4584 2107/1/4584
f 2107/1/4584 2135/1/4585 2134/1/4583
s 1348
f 2107/1/4586 847/1/4587 2141/1/4588
f 2141/1/4588 2135/1/4589 2107/1/4586
s 1349
f 2135/1/4590 2141/1/4590 2142/1/4590
f 2142/1/4590 2130/1/4590 2135/1/4590
s 1350
f 2130/1/4591 2142/1/4591 2137/1/4591
f 2137/1/4591 2131/1/4591 2130/1/4591
s 1351
f 2143/1/4592 2144/1/4593 2145/1/4594
f 2145/1/4594 2146/1/4594 2143/1/4592
s 1352
f 2147/1/4595 2148/1/4596 2144/1/4595
f 2144/1/4595 2143/1/4597 2147/1/4595
s 1353
f 2144/1/4598 2149/1/4599 2150/1/4598
f 2150/1/4598 2145/1/4600 2144/1/4598
s 1354
f 2144/1/4601 2148/1/4601 2151/1/4602
f 2151/1/4602 2149/1/4603 2144/1/4601
s 1355
f 2146/1/4604 2152/1/4605 973/1/4604
f 973/1/4604 972/1/4604 2146/1/4604
s 1356
f 2146/1/4606 972/1/4607 982/1/4608
f 982/1/4608 2143/1/4607 2146/1/4606
s 1357
f 2147/1/4609 2143/1/4610 982/1/4609
f 982/1/4609 981/1/4610 2147/1/4609
s 1358
f 981/1/4611 953/1/4612 2153/1/4613
f 2153/1/4613 2147/1/4612 981/1/4611
s 1359
f 2147/1/4614 2153/1/4615 2154/1/4615
f 2154/1/4615 2148/1/4615 2147/1/4614
s 1360
f 2155/1/4616 2151/1/4617 2148/1/4618
f 2148/1/4618 2154/1/4619 2155/1/4616
s 1361
f 1568/1/4620 1591/1/4621 2151/1/4620
f 2151/1/4620 2155/1/4620 1568/1/4620
s 1362
f 2151/1/4622 1591/1/4623 1590/1/4623
f 1590/1/4623 2149/1/4624 2151/1/4622
s 1363
f 1590/1/4625 1589/1/4626 2150/1/4627
f 2150/1/4627 2149/1/4628 1590/1/4625
s 1364
f 1589/1/4629 1588/1/4630 2156/1/4631
f 2156/1/4631 2150/1/4629 1589/1/4629
s 1365
f 2157/1/4632 2145/1/4633 2150/1/4632
f 2150/1/4632 2156/1/4634 2157/1/4632
s 1366
f 2145/1/4635 2157/1/4636 2152/1/4635
f 2152/1/4635 2146/1/4635 2145/1/4635
s 1367
f 2158/1/4637 2159/1/4638 2160/1/4639
f 2160/1/4639 2161/1/4640 2158/1/4637
s 1368
f 2162/1/4641 2163/1/4641 2159/1/4642
f 2159/1/4642 2158/1/4643 2162/1/4641
s 1369
f 2159/1/4644 2164/1/4645 2165/1/4646
f 2165/1/4646 2160/1/4647 2159/1/4644
s 1370
f 2166/1/4648 2164/1/4648 2159/1/4649
f 2159/1/4649 2163/1/4648 2166/1/4648
s 1371
f 2161/1/4650 2123/1/4650 1378/1/4651
f 1378/1/4651 1400/1/4650 2161/1/4650
s 1372
f 2161/1/4652 1400/1/4653 1399/1/4653
f 1399/1/4653 2158/1/4653 2161/1/4652
s 1373
f 2162/1/4654 2158/1/4655 1399/1/4656
f 1399/1/4656 1397/1/4657 2162/1/4654
s 1374
f 2167/1/4658 2162/1/4659 1397/1/4658
f 1397/1/4658 1398/1/4658 2167/1/4658
s 1375
f 2167/1/4660 2168/1/4661 2163/1/4662
f 2163/1/4662 2162/1/4663 2167/1/4660
s 1376
f 2169/1/4664 2166/1/4664 2163/1/4664
f 2163/1/4664 2168/1/4664 2169/1/4664
s 1377
f 2166/1/4665 2169/1/4666 2015/1/4665
f 2015/1/4665 2014/1/4667 2166/1/4665
s 1378
f 2166/1/4668 2014/1/4669 2013/1/4668
f 2013/1/4668 2164/1/4668 2166/1/4668
s 1379
f 2013/1/4670 2012/1/4671 2165/1/4670
f 2165/1/4670 2164/1/4671 2013/1/4670
s 1380
f 1995/1/4672 2125/1/4672 2165/1/4673
f 2165/1/4673 2012/1/4674 1995/1/4672
s 1381
f 2160/1/4675 2165/1/4675 2125/1/4676
f 2125/1/4676 2124/1/4675 2160/1/4675
s 1382
f 2161/1/4677 2160/1/4678 2124/1/4677
f 2124/1/4677 2123/1/4677 2161/1/4677
s 1383
f 2170/1/4679 2171/1/4679 2172/1/4679
f 2172/1/4679 2173/1/4680 2170/1/4679
s 1384
f 2174/1/4681 2175/1/4682 2171/1/4681
f 2171/1/4681 2170/1/4681 2174/1/4681
s 1385
f 2171/1/4683 2176/1/4683 2177/1/4684
f 2177/1/4684 2172/1/4685 2171/1/4683
s 1386
f 2175/1/4686 2178/1/4686 2176/1/4686
f 2176/1/4686 2171/1/4687 2175/1/4686
s 1387
f 2179/1/4688 877/1/4688 875/1/4688
f 875/1/4688 2173/1/4688 2179/1/4688
s 1388
f 874/1/4689 2170/1/4689 2173/1/4689
f 2173/1/4689 875/1/4689 874/1/4689
s 1389
f 873/1/4690 2174/1/4691 2170/1/4692
f 2170/1/4692 874/1/4693 873/1/4690
s 1390
f 2180/1/4694 2174/1/4695 873/1/4695
f 873/1/4695 872/1/4696 2180/1/4694
s 1391
f 2180/1/4697 2181/1/4698 2175/1/4697
f 2175/1/4697 2174/1/4698 2180/1/4697
s 1392
f 2182/1/4699 2178/1/4700 2175/1/4699
f 2175/1/4699 2181/1/4699 2182/1/4699
s 1393
f 2182/1/4701 855/1/4701 854/1/4702
f 854/1/4702 2178/1/4703 2182/1/4701
s 1394
f 2176/1/4704 2178/1/4705 854/1/4706
f 854/1/4706 853/1/4707 2176/1/4704
s 1395
f 2177/1/4708 2176/1/4709 853/1/4708
f 853/1/4708 851/1/4708 2177/1/4708
s 1396
f 851/1/4710 852/1/4711 2183/1/4712
f 2183/1/4712 2177/1/4713 851/1/4710
s 1397
f 2172/1/4714 2177/1/4715 2183/1/4716
f 2183/1/4716 2184/1/4716 2172/1/4714
s 1398
f 2184/1/4717 2179/1/4717 2173/1/4718
f 2173/1/4718 2172/1/4719 2184/1/4717
s 1399
f 2185/1/4720 2186/1/4720 2187/1/4720
f 2187/1/4720 2188/1/4720 2185/1/4720
s 1400
f 2189/1/4721 2190/1/4722 2186/1/4721
f 2186/1/4721 2185/1/4722 2189/1/4721
s 1401
f 2186/1/4723 2191/1/4724 2192/1/4725
f 2192/1/4725 2187/1/4725 2186/1/4723
s 1402
f 2190/1/4726 2193/1/4726 2191/1/4726
f 2191/1/4726 2186/1/4727 2190/1/4726
s 1403
f 2194/1/4728 993/1/4729 992/1/4730
f 992/1/4730 2188/1/4728 2194/1/4728
s 1404
f 1002/1/4731 2185/1/4732 2188/1/4732
f 2188/1/4732 992/1/4732 1002/1/4731
s 1405
f 1002/1/4733 1001/1/4733 2189/1/4733
f 2189/1/4733 2185/1/4733 1002/1/4733
s 1406
f 2152/1/4734 2189/1/4734 1001/1/4734
f 1001/1/4734 973/1/4734 2152/1/4734
s 1407
f 2190/1/4735 2189/1/4736 2152/1/4736
f 2152/1/4736 2157/1/4737 2190/1/4735
s 1408
f 2190/1/4738 2157/1/4739 2156/1/4740
f 2156/1/4740 2193/1/4741 2190/1/4738
s 1409
f 1588/1/4742 1611/1/4743 2193/1/4743
f 2193/1/4743 2156/1/4743 1588/1/4742
s 1410
f 2193/1/4744 1611/1/4744 1610/1/4744
f 1610/1/4744 2191/1/4745 2193/1/4744
s 1411
f 2191/1/4746 1610/1/4747 1609/1/4748
f 1609/1/4748 2192/1/4748 2191/1/4746
s 1412
f 1608/1/4749 2195/1/4750 2192/1/4751
f 2192/1/4751 1609/1/4752 1608/1/4749
s 1413
f 2196/1/4753 2187/1/4753 2192/1/4753
f 2192/1/4753 2195/1/4754 2196/1/4753
s 1414
f 2196/1/4755 2194/1/4755 2188/1/4756
f 2188/1/4756 2187/1/4757 2196/1/4755
s 1415
f 2197/1/4758 2198/1/4758 2199/1/4759
f 2199/1/4759 2200/1/4760 2197/1/4758
s 1416
f 2201/1/4761 2202/1/4761 2198/1/4761
f 2198/1/4761 2197/1/4761 2201/1/4761
s 1417
f 2198/1/4762 2203/1/4762 2204/1/4762
f 2204/1/4762 2199/1/4762 2198/1/4762
s 1418
f 2205/1/4763 2203/1/4764 2198/1/4765
f 2198/1/4765 2202/1/4765 2205/1/4763
s 1419
f 2167/1/4766 1398/1/4767 1420/1/4766
f 1420/1/4766 2200/1/4768 2167/1/4766
s 1420
f 2200/1/4769 1420/1/4769 1419/1/4769
f 1419/1/4769 2197/1/4770 2200/1/4769
s 1421
f 2201/1/4771 2197/1/4771 1419/1/4772
f 1419/1/4772 1417/1/4771 2201/1/4771
s 1422
f 2206/1/4773 2201/1/4774 1417/1/4773
f 1417/1/4773 1418/1/4773 2206/1/4773
s 1423
f 2206/1/4775 2207/1/4775 2202/1/4775
f 2202/1/4775 2201/1/4776 2206/1/4775
s 1424
f 2207/1/4777 2208/1/4777 2205/1/4777
f 2205/1/4777 2202/1/4777 2207/1/4777
s 1425
f 2205/1/4778 2208/1/4779 2035/1/4780
f 2035/1/4780 2034/1/4781 2205/1/4778
s 1426
f 2205/1/4782 2034/1/4783 2033/1/4784
f 2033/1/4784 2203/1/4785 2205/1/4782
s 1427
f 2033/1/4786 2032/1/4787 2204/1/4788
f 2204/1/4788 2203/1/4789 2033/1/4786
s 1428
f 2032/1/4790 2015/1/4791 2169/1/4792
f 2169/1/4792 2204/1/4793 2032/1/4790
s 1429
f 2169/1/4794 2168/1/4795 2199/1/4796
f 2199/1/4796 2204/1/4796 2169/1/4794
s 1430
f 2167/1/4797 2200/1/4798 2199/1/4799
f 2199/1/4799 2168/1/4797 2167/1/4797
s 1431
f 2209/1/4800 2210/1/4800 2211/1/4800
f 2211/1/4800 2212/1/4800 2209/1/4800
s 1432
f 2213/1/4801 2214/1/4802 2210/1/4801
f 2210/1/4801 2209/1/4801 2213/1/4801
s 1433
f 2210/1/4803 2215/1/4804 2216/1/4803
f 2216/1/4803 2211/1/4805 2210/1/4803
s 1434
f 2214/1/4806 2217/1/4807 2215/1/4808
f 2215/1/4808 2210/1/4809 2214/1/4806
s 1435
f 2180/1/4810 872/1/4811 900/1/4810
f 900/1/4810 2212/1/4810 2180/1/4810
s 1436
f 899/1/4812 2209/1/4813 2212/1/4813
f 2212/1/4813 900/1/4812 899/1/4812
s 1437
f 898/1/4814 2213/1/4815 2209/1/4816
f 2209/1/4816 899/1/4817 898/1/4814
s 1438
f 898/1/4818 897/1/4819 2218/1/4820
f 2218/1/4820 2213/1/4821 898/1/4818
s 1439
f 2218/1/4822 2219/1/4823 2214/1/4824
f 2214/1/4824 2213/1/4823 2218/1/4822
s 1440
f 2220/1/4825 2217/1/4825 2214/1/4825
f 2214/1/4825 2219/1/4825 2220/1/4825
s 1441
f 2217/1/4826 2220/1/4827 1515/1/4826
f 1515/1/4826 1514/1/4828 2217/1/4826
s 1442
f 2215/1/4829 2217/1/4830 1514/1/4829
f 1514/1/4829 1513/1/4831 2215/1/4829
s 1443
f 2216/1/4832 2215/1/4832 1513/1/4833
f 1513/1/4833 1512/1/4832 2216/1/4832
s 1444
f 1512/1/4834 855/1/4834 2182/1/4834
f 2182/1/4834 2216/1/4835 1512/1/4834
s 1445
f 2181/1/4836 2211/1/4836 2216/1/4836
f 2216/1/4836 2182/1/4836 2181/1/4836
s 1446
f 2212/1/4837 2211/1/4838 2181/1/4838
f 2181/1/4838 2180/1/4839 2212/1/4837
s 1447
f 2221/1/4840 2222/1/4841 2223/1/4842
f 2223/1/4842 2224/1/4843 2221/1/4840
s 1448
f 2225/1/4844 2226/1/4845 2222/1/4844
f 2222/1/4844 2221/1/4846 2225/1/4844
s 1449
f 2222/1/4847 2227/1/4847 2228/1/4847
f 2228/1/4847 2223/1/4848 2222/1/4847
s 1450
f 2226/1/4849 2229/1/4849 2227/1/4849
f 2227/1/4849 2222/1/4849 2226/1/4849
s 1451
f 2224/1/4850 2230/1/4851 1013/1/4850
f 1013/1/4850 1012/1/4850 2224/1/4850
s 1452
f 1022/1/4852 2221/1/4853 2224/1/4854
f 2224/1/4854 1012/1/4855 1022/1/4852
s 1453
f 1022/1/4856 1021/1/4857 2225/1/4856
f 2225/1/4856 2221/1/4857 1022/1/4856
s 1454
f 993/1/4858 2194/1/4859 2225/1/4858
f 2225/1/4858 1021/1/4858 993/1/4858
s 1455
f 2194/1/4860 2196/1/4860 2226/1/4861
f 2226/1/4861 2225/1/4860 2194/1/4860
s 1456
f 2229/1/4862 2226/1/4863 2196/1/4864
f 2196/1/4864 2195/1/4865 2229/1/4862
s 1457
f 2229/1/4866 2195/1/4866 1608/1/4866
f 1608/1/4866 1631/1/4867 2229/1/4866
s 1458
f 2229/1/4868 1631/1/4868 1630/1/4868
f 1630/1/4868 2227/1/4869 2229/1/4868
s 1459
f 2227/1/4870 1630/1/4871 1629/1/4871
f 1629/1/4871 2228/1/4871 2227/1/4870
s 1460
f 1629/1/4872 1628/1/4872 2231/1/4872
f 2231/1/4872 2228/1/4872 1629/1/4872
s 1461
f 2223/1/4873 2228/1/4873 2231/1/4874
f 2231/1/4874 2232/1/4875 2223/1/4873
s 1462
f 2232/1/4876 2230/1/4877 2224/1/4878
f 2224/1/4878 2223/1/4878 2232/1/4876
s 1463
f 2233/1/4879 2234/1/4880 2235/1/4881
f 2235/1/4881 2236/1/4882 2233/1/4879
s 1464
f 2237/1/4883 2238/1/4884 2234/1/4885
f 2234/1/4885 2233/1/4886 2237/1/4883
s 1465
f 2234/1/4887 2239/1/4888 2240/1/4889
f 2240/1/4889 2235/1/4890 2234/1/4887
s 1466
f 2241/1/4891 2239/1/4891 2234/1/4892
f 2234/1/4892 2238/1/4891 2241/1/4891
s 1467
f 2206/1/4893 1418/1/4894 1440/1/4894
f 1440/1/4894 2236/1/4894 2206/1/4893
s 1468
f 2236/1/4895 1440/1/4896 1439/1/4897
f 1439/1/4897 2233/1/4898 2236/1/4895
s 1469
f 2237/1/4899 2233/1/4900 1439/1/4899
f 1439/1/4899 1437/1/4901 2237/1/4899
s 1470
f 2242/1/4902 2237/1/4902 1437/1/4903
f 1437/1/4903 1438/1/4902 2242/1/4902
s 1471
f 2242/1/4904 2243/1/4905 2238/1/4906
f 2238/1/4906 2237/1/4904 2242/1/4904
s 1472
f 2241/1/4907 2238/1/4908 2243/1/4909
f 2243/1/4909 2244/1/4910 2241/1/4907
s 1473
f 2241/1/4911 2244/1/4911 2055/1/4912
f 2055/1/4912 2054/1/4911 2241/1/4911
s 1474
f 2241/1/4913 2054/1/4914 2053/1/4913
f 2053/1/4913 2239/1/4914 2241/1/4913
s 1475
f 2053/1/4915 2052/1/4916 2240/1/4915
f 2240/1/4915 2239/1/4915 2053/1/4915
s 1476
f 2035/1/4917 2208/1/4917 2240/1/4918
f 2240/1/4918 2052/1/4917 2035/1/4917
s 1477
f 2207/1/4919 2235/1/4920 2240/1/4919
f 2240/1/4919 2208/1/4919 2207/1/4919
s 1478
f 2236/1/4921 2235/1/4921 2207/1/4921
f 2207/1/4921 2206/1/4921 2236/1/4921
s 1479
f 2245/1/4922 2246/1/4922 2247/1/4923
f 2247/1/4923 2248/1/4922 2245/1/4922
s 1480
f 2249/1/4924 2250/1/4925 2246/1/4926
f 2246/1/4926 2245/1/4926 2249/1/4924
s 1481
f 2246/1/4927 2251/1/4928 2252/1/4929
f 2252/1/4929 2247/1/4930 2246/1/4927
s 1482
f 2250/1/4931 2253/1/4932 2251/1/4932
f 2251/1/4932 2246/1/4932 2250/1/4931
s 1483
f 2218/1/4933 897/1/4934 920/1/4933
f 920/1/4933 2248/1/4933 2218/1/4933
s 1484
f 2248/1/4935 920/1/4936 919/1/4937
f 919/1/4937 2245/1/4937 2248/1/4935
s 1485
f 918/1/4938 2249/1/4939 2245/1/4940
f 2245/1/4940 919/1/4941 918/1/4938
s 1486
f 918/1/4942 917/1/4943 2254/1/4944
f 2254/1/4944 2249/1/4943 918/1/4942
s 1487
f 2254/1/4945 2255/1/4945 2250/1/4945
f 2250/1/4945 2249/1/4946 2254/1/4945
s 1488
f 2253/1/4947 2250/1/4948 2255/1/4948
f 2255/1/4948 2256/1/4948 2253/1/4947
s 1489
f 2253/1/4949 2256/1/4950 1535/1/4949
f 1535/1/4949 1534/1/4951 2253/1/4949
s 1490
f 2251/1/4952 2253/1/4952 1534/1/4953
f 1534/1/4953 1533/1/4952 2251/1/4952
s 1491
f 1533/1/4954 1532/1/4954 2252/1/4955
f 2252/1/4955 2251/1/4955 1533/1/4954
s 1492
f 1532/1/4956 1515/1/4956 2220/1/4956
f 2220/1/4956 2252/1/4956 1532/1/4956
s 1493
f 2219/1/4957 2247/1/4957 2252/1/4958
f 2252/1/4958 2220/1/4957 2219/1/4957
s 1494
f 2247/1/4959 2219/1/4959 2218/1/4960
f 2218/1/4960 2248/1/4959 2247/1/4959
s 1495
f 2257/1/4961 2258/1/4961 2259/1/4962
f 2259/1/4962 2260/1/4963 2257/1/4961
s 1496
f 2261/1/4964 2262/1/4964 2258/1/4965
f 2258/1/4965 2257/1/4966 2261/1/4964
s 1497
f 2258/1/4967 2263/1/4967 2264/1/4967
f 2264/1/4967 2259/1/4967 2258/1/4967
s 1498
f 2262/1/4968 2265/1/4969 2263/1/4970
f 2263/1/4970 2258/1/4968 2262/1/4968
s 1499
f 1033/1/4971 1032/1/4972 2260/1/4972
f 2260/1/4972 2266/1/4973 1033/1/4971
s 1500
f 1042/1/4974 2257/1/4975 2260/1/4976
f 2260/1/4976 1032/1/4974 1042/1/4974
s 1501
f 1042/1/4977 1041/1/4977 2261/1/4977
f 2261/1/4977 2257/1/4977 1042/1/4977
s 1502
f 2261/1/4978 1041/1/4979 1013/1/4978
f 1013/1/4978 2230/1/4980 2261/1/4978
s 1503
f 2262/1/4981 2261/1/4981 2230/1/4981
f 2230/1/4981 2232/1/4981 2262/1/4981
s 1504
f 2231/1/4982 2265/1/4982 2262/1/4982
f 2262/1/4982 2232/1/4983 2231/1/4982
s 1505
f 1651/1/4984 2265/1/4985 2231/1/4984
f 2231/1/4984 1628/1/4984 1651/1/4984
s 1506
f 2265/1/4986 1651/1/4987 1650/1/4986
f 1650/1/4986 2263/1/4986 2265/1/4986
s 1507
f 2263/1/4988 1650/1/4988 1649/1/4989
f 1649/1/4989 2264/1/4990 2263/1/4988
s 1508
f 1649/1/4991 1648/1/4992 2267/1/4991
f 2267/1/4991 2264/1/4992 1649/1/4991
s 1509
f 2259/1/4993 2264/1/4994 2267/1/4995
f 2267/1/4995 2268/1/4996 2259/1/4993
s 1510
f 2268/1/4997 2266/1/4998 2260/1/4999
f 2260/1/4999 2259/1/4997 2268/1/4997
s 1511
f 2269/1/5000 2270/1/5001 2271/1/5002
f 2271/1/5002 2272/1/5003 2269/1/5000
s 1512
f 2273/1/5004 2274/1/5005 2270/1/5005
f 2270/1/5005 2269/1/5005 2273/1/5004
s 1513
f 2270/1/5006 2275/1/5007 2276/1/5008
f 2276/1/5008 2271/1/5006 2270/1/5006
s 1514
f 2277/1/5009 2275/1/5010 2270/1/5009
f 2270/1/5009 2274/1/5011 2277/1/5009
s 1515
f 2242/1/5012 1438/1/5013 1460/1/5014
f 1460/1/5014 2272/1/5014 2242/1/5012
s 1516
f 2272/1/5015 1460/1/5016 1459/1/5017
f 1459/1/5017 2269/1/5017 2272/1/5015
s 1517
f 2273/1/5018 2269/1/5019 1459/1/5020
f 1459/1/5020 1457/1/5021 2273/1/5018
s 1518
f 2278/1/5022 2273/1/5022 1457/1/5023
f 1457/1/5023 1458/1/5024 2278/1/5022
s 1519
f 2278/1/5025 2279/1/5025 2274/1/5026
f 2274/1/5026 2273/1/5027 2278/1/5025
s 1520
f 2277/1/5028 2274/1/5029 2279/1/5029
f 2279/1/5029 2280/1/5030 2277/1/5028
s 1521
f 2277/1/5031 2280/1/5032 2075/1/5033
f 2075/1/5033 2074/1/5031 2277/1/5031
s 1522
f 2277/1/5034 2074/1/5034 2073/1/5034
f 2073/1/5034 2275/1/5035 2277/1/5034
s 1523
f 2073/1/5036 2072/1/5037 2276/1/5038
f 2276/1/5038 2275/1/5036 2073/1/5036
s 1524
f 2072/1/5039 2055/1/5040 2244/1/5040
f 2244/1/5040 2276/1/5041 2072/1/5039
s 1525
f 2271/1/5042 2276/1/5043 2244/1/5042
f 2244/1/5042 2243/1/5043 2271/1/5042
s 1526
f 2272/1/5044 2271/1/5045 2243/1/5046
f 2243/1/5046 2242/1/5047 2272/1/5044
s 1527
f 2281/1/5048 2282/1/5048 2283/1/5049
f 2283/1/5049 2284/1/5050 2281/1/5048
s 1528
f 2285/1/5051 2286/1/5051 2282/1/5051
f 2282/1/5051 2281/1/5051 2285/1/5051
s 1529
f 2282/1/5052 2287/1/5053 2288/1/5054
f 2288/1/5054 2283/1/5055 2282/1/5052
s 1530
f 2286/1/5056 2289/1/5056 2287/1/5057
f 2287/1/5057 2282/1/5058 2286/1/5056
s 1531
f 2284/1/5059 2254/1/5060 917/1/5061
f 917/1/5061 940/1/5062 2284/1/5059
s 1532
f 939/1/5063 2281/1/5064 2284/1/5064
f 2284/1/5064 940/1/5065 939/1/5063
s 1533
f 937/1/5066 2285/1/5066 2281/1/5067
f 2281/1/5067 939/1/5067 937/1/5066
s 1534
f 2290/1/5068 2285/1/5069 937/1/5070
f 937/1/5070 938/1/5069 2290/1/5068
s 1535
f 2290/1/5071 2291/1/5072 2286/1/5073
f 2286/1/5073 2285/1/5074 2290/1/5071
s 1536
f 2289/1/5075 2286/1/5076 2291/1/5075
f 2291/1/5075 2292/1/5075 2289/1/5075
s 1537
f 2289/1/5077 2292/1/5078 1555/1/5079
f 1555/1/5079 1554/1/5080 2289/1/5077
s 1538
f 2287/1/5081 2289/1/5082 1554/1/5083
f 1554/1/5083 1553/1/5084 2287/1/5081
s 1539
f 2288/1/5085 2287/1/5086 1553/1/5087
f 1553/1/5087 1552/1/5085 2288/1/5085
s 1540
f 1552/1/5088 1535/1/5089 2256/1/5088
f 2256/1/5088 2288/1/5089 1552/1/5088
s 1541
f 2255/1/5090 2283/1/5091 2288/1/5092
f 2288/1/5092 2256/1/5093 2255/1/5090
s 1542
f 2284/1/5094 2283/1/5095 2255/1/5096
f 2255/1/5096 2254/1/5096 2284/1/5094
s 1543
f 2293/1/5097 2294/1/4516 2295/1/5098
f 2295/1/5098 2296/1/4516 2293/1/5097
s 1544
f 2297/1/5099 2298/1/5100 2294/1/4512
f 2294/1/4512 2293/1/5101 2297/1/5099
s 1545
f 2294/1/5102 2299/1/4525 2300/1/4525
f 2300/1/4525 2295/1/4525 2294/1/5102
s 1546
f 2298/1/5103 2301/1/5104 2299/1/5105
f 2299/1/5105 2294/1/4520 2298/1/5103
s 1547
f 2296/1/5106 2302/1/4536 1053/1/5107
f 1053/1/5107 1052/1/4536 2296/1/5106
s 1548
f 1062/1/5108 2293/1/5108 2296/1/5109
f 2296/1/5109 1052/1/5108 1062/1/5108
s 1549
f 1062/1/5110 1061/1/5110 2297/1/5110
f 2297/1/5110 2293/1/5110 1062/1/5110
s 1550
f 2266/1/5111 2297/1/5112 1061/1/5112
f 1061/1/5112 1033/1/5112 2266/1/5111
s 1551
f 2298/1/4556 2297/1/5113 2266/1/5114
f 2266/1/5114 2268/1/5115 2298/1/4556
s 1552
f 2267/1/4553 2301/1/4553 2298/1/4553
f 2298/1/4553 2268/1/4553 2267/1/4553
s 1553
f 1671/1/4551 2301/1/4550 2267/1/4550
f 2267/1/4550 1648/1/5116 1671/1/4551
s 1554
f 2301/1/5117 1671/1/5118 1670/1/5119
f 1670/1/5119 2299/1/5119 2301/1/5117
s 1555
f 2299/1/5120 1670/1/4546 1669/1/4547
f 1669/1/4547 2300/1/5120 2299/1/5120
s 1556
f 1669/1/4543 1668/1/5121 2303/1/4543
f 2303/1/4543 2300/1/4543 1669/1/4543
s 1557
f 2295/1/4541 2300/1/4541 2303/1/4541
f 2303/1/4541 2304/1/4541 2295/1/4541
s 1558
f 2304/1/5122 2302/1/4539 2296/1/5123
f 2296/1/5123 2295/1/4538 2304/1/5122
s 1559
f 2305/1/5124 2306/1/5124 2307/1/5124
f 2307/1/5124 2308/1/5125 2305/1/5124
s 1560
f 2309/1/5126 2310/1/5127 2306/1/5127
f 2306/1/5127 2305/1/5126 2309/1/5126
s 1561
f 2306/1/5128 2311/1/5128 2312/1/5128
f 2312/1/5128 2307/1/5128 2306/1/5128
s 1562
f 2313/1/5129 2311/1/5130 2306/1/5130
f 2306/1/5130 2310/1/5131 2313/1/5129
s 1563
f 2278/1/5132 1458/1/5133 1480/1/5134
f 1480/1/5134 2308/1/5135 2278/1/5132
s 1564
f 2308/1/5136 1480/1/5136 1479/1/5136
f 1479/1/5136 2305/1/5137 2308/1/5136
s 1565
f 2309/1/5138 2305/1/5139 1479/1/5138
f 1479/1/5138 1477/1/5138 2309/1/5138
s 1566
f 2314/1/5140 2309/1/5141 1477/1/5142
f 1477/1/5142 1478/1/5143 2314/1/5140
s 1567
f 2314/1/5144 2315/1/5144 2310/1/5145
f 2310/1/5145 2309/1/5145 2314/1/5144
s 1568
f 2313/1/5146 2310/1/5146 2315/1/5147
f 2315/1/5147 2316/1/5148 2313/1/5146
s 1569
f 2313/1/5149 2316/1/5150 2095/1/5150
f 2095/1/5150 2094/1/5149 2313/1/5149
s 1570
f 2313/1/5151 2094/1/5152 2093/1/5153
f 2093/1/5153 2311/1/5154 2313/1/5151
s 1571
f 2093/1/5155 2092/1/5155 2312/1/5155
f 2312/1/5155 2311/1/5155 2093/1/5155
s 1572
f 2092/1/5156 2075/1/5157 2280/1/5158
f 2280/1/5158 2312/1/5158 2092/1/5156
s 1573
f 2307/1/5159 2312/1/5160 2280/1/5161
f 2280/1/5161 2279/1/5161 2307/1/5159
s 1574
f 2308/1/5162 2307/1/5163 2279/1/5164
f 2279/1/5164 2278/1/5163 2308/1/5162
s 1575
f 2317/1/5165 2318/1/5165 2319/1/5166
f 2319/1/5166 2320/1/5165 2317/1/5165
s 1576
f 2321/1/5167 2322/1/5167 2318/1/5167
f 2318/1/5167 2317/1/5167 2321/1/5167
s 1577
f 2318/1/5168 2323/1/5168 2324/1/5168
f 2324/1/5168 2319/1/5168 2318/1/5168
s 1578
f 2322/1/5169 2325/1/5169 2323/1/5170
f 2323/1/5170 2318/1/5169 2322/1/5169
s 1579
f 2290/1/5171 938/1/5171 960/1/5171
f 960/1/5171 2320/1/5171 2290/1/5171
s 1580
f 959/1/5172 2317/1/5172 2320/1/5173
f 2320/1/5173 960/1/5173 959/1/5172
s 1581
f 958/1/5174 2321/1/5175 2317/1/5176
f 2317/1/5176 959/1/5177 958/1/5174
s 1582
f 2326/1/5178 2321/1/5178 958/1/5178
f 958/1/5178 957/1/5178 2326/1/5178
s 1583
f 2326/1/5179 2327/1/5180 2322/1/5180
f 2322/1/5180 2321/1/5181 2326/1/5179
s 1584
f 2325/1/5182 2322/1/5183 2327/1/5182
f 2327/1/5182 2328/1/5184 2325/1/5182
s 1585
f 2325/1/5185 2328/1/5186 1575/1/5187
f 1575/1/5187 1574/1/5185 2325/1/5185
s 1586
f 2323/1/5188 2325/1/5188 1574/1/5189
f 1574/1/5189 1573/1/5189 2323/1/5188
s 1587
f 2324/1/5190 2323/1/5191 1573/1/5190
f 1573/1/5190 1572/1/5191 2324/1/5190
s 1588
f 1572/1/5192 1555/1/5192 2292/1/5192
f 2292/1/5192 2324/1/5192 1572/1/5192
s 1589
f 2291/1/5193 2319/1/5193 2324/1/5193
f 2324/1/5193 2292/1/5193 2291/1/5193
s 1590
f 2320/1/5194 2319/1/5194 2291/1/5195
f 2291/1/5195 2290/1/5194 2320/1/5194
s 1591
f 2329/1/4643 2330/1/4641 2331/1/4643
f 2331/1/4643 2332/1/4643 2329/1/4643
s 1592
f 2333/1/5196 2334/1/5196 2330/1/5196
f 2330/1/5196 2329/1/4640 2333/1/5196
s 1593
f 2330/1/4649 2335/1/4648 2336/1/4649
f 2336/1/4649 2331/1/4648 2330/1/4649
s 1594
f 2334/1/4646 2337/1/4645 2335/1/4646
f 2335/1/4646 2330/1/4645 2334/1/4646
s 1595
f 2332/1/5197 2338/1/5198 1073/1/5197
f 1073/1/5197 1072/1/5197 2332/1/5197
s 1596
f 1082/1/5199 2329/1/5200 2332/1/5201
f 2332/1/5201 1072/1/5202 1082/1/5199
s 1597
f 1082/1/5203 1081/1/4653 2333/1/4653
f 2333/1/4653 2329/1/4653 1082/1/5203
s 1598
f 2302/1/5204 2333/1/5205 1081/1/5206
f 1081/1/5206 1053/1/5205 2302/1/5204
s 1599
f 2334/1/5207 2333/1/4677 2302/1/4677
f 2302/1/4677 2304/1/4677 2334/1/5207
s 1600
f 2303/1/4675 2337/1/5208 2334/1/4675
f 2334/1/4675 2304/1/5209 2303/1/4675
s 1601
f 1691/1/5210 2337/1/4672 2303/1/5211
f 2303/1/5211 1668/1/5210 1691/1/5210
s 1602
f 2337/1/4670 1691/1/4671 1690/1/4671
f 1690/1/4671 2335/1/4670 2337/1/4670
s 1603
f 2335/1/4668 1690/1/4668 1689/1/4669
f 1689/1/4669 2336/1/5212 2335/1/4668
s 1604
f 1689/1/5213 1688/1/5214 2339/1/5215
f 2339/1/5215 2336/1/5216 1689/1/5213
s 1605
f 2331/1/5217 2336/1/5218 2339/1/5219
f 2339/1/5219 2340/1/5220 2331/1/5217
s 1606
f 2340/1/5221 2338/1/5222 2332/1/5223
f 2332/1/5223 2331/1/5224 2340/1/5221
s 1607
f 2341/1/5225 2342/1/5226 2343/1/5225
f 2343/1/5225 2344/1/5227 2341/1/5225
s 1608
f 2345/1/5228 2346/1/5228 2342/1/5228
f 2342/1/5228 2341/1/5228 2345/1/5228
s 1609
f 2342/1/5229 2347/1/5230 2348/1/5230
f 2348/1/5230 2343/1/5231 2342/1/5229
s 1610
f 2349/1/5232 2347/1/5233 2342/1/5232
f 2342/1/5232 2346/1/5232 2349/1/5232
s 1611
f 2314/1/5234 1478/1/5235 1495/1/5236
f 1495/1/5236 2344/1/5237 2314/1/5234
s 1612
f 2344/1/5238 1495/1/5238 1494/1/5239
f 1494/1/5239 2341/1/5239 2344/1/5238
s 1613
f 2345/1/5240 2341/1/5240 1494/1/5240
f 1494/1/5240 1493/1/5240 2345/1/5240
s 1614
f 2179/1/5241 2345/1/5241 1493/1/5241
f 1493/1/5241 877/1/5242 2179/1/5241
s 1615
f 2184/1/5243 2346/1/5243 2345/1/5244
f 2345/1/5244 2179/1/5245 2184/1/5243
s 1616
f 2183/1/5246 2349/1/5247 2346/1/5248
f 2346/1/5248 2184/1/5249 2183/1/5246
s 1617
f 2349/1/5250 2183/1/5250 852/1/5250
f 852/1/5250 2112/1/5250 2349/1/5250
s 1618
f 2349/1/5251 2112/1/5251 2111/1/5251
f 2111/1/5251 2347/1/5252 2349/1/5251
s 1619
f 2111/1/5253 2110/1/5254 2348/1/5255
f 2348/1/5255 2347/1/5256 2111/1/5253
s 1620
f 2110/1/5257 2095/1/5257 2316/1/5258
f 2316/1/5258 2348/1/5257 2110/1/5257
s 1621
f 2343/1/5259 2348/1/5259 2316/1/5260
f 2316/1/5260 2315/1/5259 2343/1/5259
s 1622
f 2344/1/5261 2343/1/5261 2315/1/5262
f 2315/1/5262 2314/1/5261 2344/1/5261
s 1623
f 2350/1/5263 2351/1/5264 2352/1/5265
f 2352/1/5265 2353/1/5266 2350/1/5263
s 1624
f 2354/1/5267 2355/1/5268 2351/1/5267
f 2351/1/5267 2350/1/5269 2354/1/5267
s 1625
f 2351/1/5270 2356/1/5271 2357/1/5272
f 2357/1/5272 2352/1/5270 2351/1/5270
s 1626
f 2355/1/5273 2358/1/5274 2356/1/5273
f 2356/1/5273 2351/1/5273 2355/1/5273
s 1627
f 2326/1/5275 957/1/5275 980/1/5275
f 980/1/5275 2353/1/5275 2326/1/5275
s 1628
f 979/1/5276 2350/1/5277 2353/1/5277
f 2353/1/5277 980/1/5276 979/1/5276
s 1629
f 978/1/5278 2354/1/5279 2350/1/5278
f 2350/1/5278 979/1/5279 978/1/5278
s 1630
f 978/1/5280 977/1/5280 2359/1/5280
f 2359/1/5280 2354/1/5280 978/1/5280
s 1631
f 2359/1/5281 2360/1/5282 2355/1/5281
f 2355/1/5281 2354/1/5282 2359/1/5281
s 1632
f 2355/1/5283 2360/1/5284 2361/1/5283
f 2361/1/5283 2358/1/5283 2355/1/5283
s 1633
f 1595/1/5285 1594/1/5286 2358/1/5287
f 2358/1/5287 2361/1/5286 1595/1/5285
s 1634
f 2356/1/5288 2358/1/5288 1594/1/5288
f 1594/1/5288 1593/1/5288 2356/1/5288
s 1635
f 2357/1/5289 2356/1/5290 1593/1/5290
f 1593/1/5290 1592/1/5290 2357/1/5289
s 1636
f 1592/1/5291 1575/1/5292 2328/1/5293
f 2328/1/5293 2357/1/5291 1592/1/5291
s 1637
f 2327/1/5294 2352/1/5295 2357/1/5295
f 2357/1/5295 2328/1/5296 2327/1/5294
s 1638
f 2353/1/5297 2352/1/5297 2327/1/5298
f 2327/1/5298 2326/1/5299 2353/1/5297
s 1639
f 2362/1/5300 2363/1/5301 2364/1/5302
f 2364/1/5302 2365/1/5303 2362/1/5300
s 1640
f 2366/1/5304 2367/1/4758 2363/1/4758
f 2363/1/4758 2362/1/5305 2366/1/5304
s 1641
f 2363/1/5306 2368/1/5307 2369/1/4765
f 2369/1/4765 2364/1/4765 2363/1/5306
s 1642
f 2367/1/4762 2370/1/4762 2368/1/5308
f 2368/1/5308 2363/1/4762 2367/1/4762
s 1643
f 2365/1/4773 2371/1/5309 1093/1/5310
f 1093/1/5310 1092/1/4774 2365/1/4773
s 1644
f 1102/1/5311 2362/1/5312 2365/1/5313
f 2365/1/5313 1092/1/5314 1102/1/5311
s 1645
f 1102/1/5315 1101/1/4770 2366/1/5316
f 2366/1/5316 2362/1/5317 1102/1/5315
s 1646
f 2338/1/4766 2366/1/4766 1101/1/4766
f 1101/1/4766 1073/1/5318 2338/1/4766
s 1647
f 2367/1/4798 2366/1/4797 2338/1/5319
f 2338/1/5319 2340/1/5320 2367/1/4798
s 1648
f 2339/1/5321 2370/1/4796 2367/1/4796
f 2367/1/4796 2340/1/4796 2339/1/5321
s 1649
f 1711/1/4790 2370/1/4790 2339/1/4790
f 2339/1/4790 1688/1/5322 1711/1/4790
s 1650
f 2370/1/5323 1711/1/4789 1710/1/4789
f 1710/1/4789 2368/1/4789 2370/1/5323
s 1651
f 2368/1/5324 1710/1/5324 1709/1/5325
f 1709/1/5325 2369/1/5324 2368/1/5324
s 1652
f 2369/1/5326 1709/1/5327 1708/1/5326
f 1708/1/5326 2372/1/5328 2369/1/5326
s 1653
f 2369/1/4777 2372/1/5329 2373/1/4777
f 2373/1/4777 2364/1/5330 2369/1/4777
s 1654
f 2364/1/4776 2373/1/4775 2371/1/5331
f 2371/1/5331 2365/1/4776 2364/1/4776
s 1655
f 2374/1/5332 2375/1/5333 2376/1/5332
f 2376/1/5332 2377/1/5332 2374/1/5332
s 1656
f 2378/1/5334 2379/1/5335 2375/1/5336
f 2375/1/5336 2374/1/5336 2378/1/5334
s 1657
f 2375/1/5337 2380/1/5338 2381/1/5337
f 2381/1/5337 2376/1/5337 2375/1/5337
s 1658
f 2382/1/5339 2380/1/5340 2375/1/5339
f 2375/1/5339 2379/1/5341 2382/1/5339
s 1659
f 2359/1/5342 977/1/5342 1000/1/5342
f 1000/1/5342 2377/1/5342 2359/1/5342
s 1660
f 2377/1/5343 1000/1/5344 999/1/5345
f 999/1/5345 2374/1/5343 2377/1/5343
s 1661
f 2378/1/5346 2374/1/5347 999/1/5348
f 999/1/5348 998/1/5349 2378/1/5346
s 1662
f 2383/1/5350 2378/1/5351 998/1/5352
f 998/1/5352 997/1/5351 2383/1/5350
s 1663
f 2383/1/5353 2384/1/5354 2379/1/5355
f 2379/1/5355 2378/1/5353 2383/1/5353
s 1664
f 2382/1/5356 2379/1/5356 2384/1/5356
f 2384/1/5356 2385/1/5356 2382/1/5356
s 1665
f 1615/1/5357 1614/1/5357 2382/1/5357
f 2382/1/5357 2385/1/5357 1615/1/5357
s 1666
f 2382/1/5358 1614/1/5359 1613/1/5360
f 1613/1/5360 2380/1/5361 2382/1/5358
s 1667
f 1613/1/5362 1612/1/5363 2381/1/5364
f 2381/1/5364 2380/1/5364 1613/1/5362
s 1668
f 1612/1/5365 1595/1/5366 2361/1/5366
f 2361/1/5366 2381/1/5366 1612/1/5365
s 1669
f 2376/1/5367 2381/1/5367 2361/1/5368
f 2361/1/5368 2360/1/5368 2376/1/5367
s 1670
f 2377/1/5369 2376/1/5369 2360/1/5369
f 2360/1/5369 2359/1/5369 2377/1/5369
s 1671
f 2386/1/4885 2387/1/4883 2388/1/5370
f 2388/1/5370 2389/1/4883 2386/1/4885
s 1672
f 2390/1/4879 2391/1/5371 2387/1/5372
f 2387/1/5372 2386/1/4879 2390/1/4879
s 1673
f 2387/1/5373 2392/1/4891 2393/1/5373
f 2393/1/5373 2388/1/4892 2387/1/5373
s 1674
f 2391/1/4888 2394/1/5374 2392/1/4888
f 2392/1/4888 2387/1/4888 2391/1/4888
s 1675
f 2389/1/4902 2395/1/5375 1113/1/4902
f 1113/1/4902 1112/1/5376 2389/1/4902
s 1676
f 1122/1/5377 2386/1/4901 2389/1/5378
f 2389/1/5378 1112/1/4901 1122/1/5377
s 1677
f 1122/1/5379 1121/1/5380 2390/1/4895
f 2390/1/4895 2386/1/5381 1122/1/5379
s 1678
f 1121/1/5382 1093/1/4894 2371/1/5382
f 2371/1/5382 2390/1/5383 1121/1/5382
s 1679
f 2391/1/5384 2390/1/5385 2371/1/4921
f 2371/1/4921 2373/1/4921 2391/1/5384
s 1680
f 2372/1/5386 2394/1/4920 2391/1/5387
f 2391/1/5387 2373/1/4919 2372/1/5386
s 1681
f 2372/1/5388 1708/1/5389 1731/1/5390
f 1731/1/5390 2394/1/4917 2372/1/5388
s 1682
f 2394/1/5391 1731/1/4915 1730/1/4916
f 1730/1/4916 2392/1/4916 2394/1/5391
s 1683
f 2392/1/4913 1730/1/4913 1729/1/4913
f 1729/1/4913 2393/1/5392 2392/1/4913
s 1684
f 2393/1/5393 1729/1/4911 1728/1/4911
f 1728/1/4911 2396/1/4911 2393/1/5393
s 1685
f 2397/1/4908 2388/1/4908 2393/1/4908
f 2393/1/4908 2396/1/4908 2397/1/4908
s 1686
f 2388/1/5394 2397/1/5395 2395/1/5394
f 2395/1/5394 2389/1/5394 2388/1/5394
s 1687
f 2398/1/5396 2399/1/5397 2400/1/5398
f 2400/1/5398 2401/1/5397 2398/1/5396
s 1688
f 2402/1/5399 2403/1/5400 2399/1/5401
f 2399/1/5401 2398/1/5402 2402/1/5399
s 1689
f 2399/1/5403 2404/1/5404 2405/1/5405
f 2405/1/5405 2400/1/5406 2399/1/5403
s 1690
f 2406/1/5407 2404/1/5408 2399/1/5408
f 2399/1/5408 2403/1/5407 2406/1/5407
s 1691
f 2383/1/5409 997/1/5410 1020/1/5411
f 1020/1/5411 2401/1/5412 2383/1/5409
s 1692
f 2401/1/5413 1020/1/5414 1019/1/5415
f 1019/1/5415 2398/1/5416 2401/1/5413
s 1693
f 2402/1/5417 2398/1/5418 1019/1/5419
f 1019/1/5419 1017/1/5420 2402/1/5417
s 1694
f 2402/1/5421 1017/1/5422 1018/1/5421
f 1018/1/5421 2407/1/5421 2402/1/5421
s 1695
f 2407/1/5423 2408/1/5423 2403/1/5423
f 2403/1/5423 2402/1/5423 2407/1/5423
s 1696
f 2406/1/5424 2403/1/5425 2408/1/5424
f 2408/1/5424 2409/1/5425 2406/1/5424
s 1697
f 1635/1/5426 1634/1/5427 2406/1/5428
f 2406/1/5428 2409/1/5427 1635/1/5426
s 1698
f 2406/1/5429 1634/1/5430 1633/1/5431
f 1633/1/5431 2404/1/5432 2406/1/5429
s 1699
f 1633/1/5433 1632/1/5434 2405/1/5434
f 2405/1/5434 2404/1/5434 1633/1/5433
s 1700
f 1632/1/5435 1615/1/5436 2385/1/5435
f 2385/1/5435 2405/1/5437 1632/1/5435
s 1701
f 2384/1/5438 2400/1/5438 2405/1/5438
f 2405/1/5438 2385/1/5439 2384/1/5438
s 1702
f 2400/1/5440 2384/1/5440 2383/1/5440
f 2383/1/5440 2401/1/5441 2400/1/5440
s 1703
f 2410/1/5442 2411/1/5443 2412/1/5442
f 2412/1/5442 2413/1/5444 2410/1/5442
s 1704
f 2414/1/5000 2415/1/5000 2411/1/5000
f 2411/1/5000 2410/1/5445 2414/1/5000
s 1705
f 2411/1/5446 2416/1/5447 2417/1/5448
f 2417/1/5448 2412/1/5009 2411/1/5446
s 1706
f 2415/1/5449 2418/1/5450 2416/1/5450
f 2416/1/5450 2411/1/5450 2415/1/5449
s 1707
f 2413/1/5451 2419/1/5452 1133/1/5453
f 1133/1/5453 1132/1/5454 2413/1/5451
s 1708
f 1142/1/5019 2410/1/5018 2413/1/5019
f 2413/1/5019 1132/1/5019 1142/1/5019
s 1709
f 1142/1/5455 1141/1/5017 2414/1/5455
f 2414/1/5455 2410/1/5456 1142/1/5455
s 1710
f 1141/1/5014 1113/1/5014 2395/1/5457
f 2395/1/5457 2414/1/5014 1141/1/5014
s 1711
f 2415/1/5045 2414/1/5045 2395/1/5045
f 2395/1/5045 2397/1/5045 2415/1/5045
s 1712
f 2396/1/5042 2418/1/5043 2415/1/5042
f 2415/1/5042 2397/1/5458 2396/1/5042
s 1713
f 2396/1/5459 1728/1/5040 1751/1/5460
f 1751/1/5460 2418/1/5460 2396/1/5459
s 1714
f 2418/1/5461 1751/1/5462 1750/1/5461
f 1750/1/5461 2416/1/5461 2418/1/5461
s 1715
f 2416/1/5463 1750/1/5463 1749/1/5464
f 1749/1/5464 2417/1/5463 2416/1/5463
s 1716
f 2417/1/5033 1749/1/5031 1748/1/5033
f 1748/1/5033 2420/1/5033 2417/1/5033
s 1717
f 2421/1/5030 2412/1/5029 2417/1/5030
f 2417/1/5030 2420/1/5030 2421/1/5030
s 1718
f 2412/1/5027 2421/1/5027 2419/1/5027
f 2419/1/5027 2413/1/5027 2412/1/5027
s 1719
f 2422/1/5465 2423/1/5465 2424/1/5466
f 2424/1/5466 2425/1/5467 2422/1/5465
s 1720
f 2426/1/5468 2427/1/5469 2423/1/5470
f 2423/1/5470 2422/1/5471 2426/1/5468
s 1721
f 2423/1/5472 2428/1/5473 2429/1/5474
f 2429/1/5474 2424/1/5475 2423/1/5472
s 1722
f 2430/1/5476 2428/1/5477 2423/1/5478
f 2423/1/5478 2427/1/5477 2430/1/5476
s 1723
f 2407/1/5479 1018/1/5479 1040/1/5479
f 1040/1/5479 2425/1/5479 2407/1/5479
s 1724
f 2425/1/5480 1040/1/5481 1039/1/5482
f 1039/1/5482 2422/1/5483 2425/1/5480
s 1725
f 2426/1/5484 2422/1/5485 1039/1/5486
f 1039/1/5486 1037/1/5487 2426/1/5484
s 1726
f 2426/1/5488 1037/1/5489 1038/1/5490
f 1038/1/5490 2431/1/5488 2426/1/5488
s 1727
f 2431/1/5491 2432/1/5491 2427/1/5491
f 2427/1/5491 2426/1/5492 2431/1/5491
s 1728
f 2430/1/5493 2427/1/5493 2432/1/5494
f 2432/1/5494 2433/1/5494 2430/1/5493
s 1729
f 1655/1/5495 1654/1/5495 2430/1/5495
f 2430/1/5495 2433/1/5495 1655/1/5495
s 1730
f 2430/1/5496 1654/1/5496 1653/1/5496
f 1653/1/5496 2428/1/5497 2430/1/5496
s 1731
f 1653/1/5498 1652/1/5498 2429/1/5499
f 2429/1/5499 2428/1/5498 1653/1/5498
s 1732
f 1652/1/5500 1635/1/5501 2409/1/5500
f 2409/1/5500 2429/1/5502 1652/1/5500
s 1733
f 2408/1/5503 2424/1/5503 2429/1/5504
f 2429/1/5504 2409/1/5505 2408/1/5503
s 1734
f 2407/1/5506 2425/1/5506 2424/1/5506
f 2424/1/5506 2408/1/5507 2407/1/5506
s 1735
f 2434/1/5508 2435/1/5127 2436/1/5126
f 2436/1/5126 2437/1/5127 2434/1/5508
s 1736
f 2438/1/5124 2439/1/5124 2435/1/5124
f 2435/1/5124 2434/1/5124 2438/1/5124
s 1737
f 2435/1/5509 2440/1/5130 2441/1/5130
f 2441/1/5130 2436/1/5131 2435/1/5509
s 1738
f 2439/1/5510 2442/1/5511 2440/1/5511
f 2440/1/5511 2435/1/5128 2439/1/5510
s 1739
f 2437/1/5512 2443/1/5513 1153/1/5142
f 1153/1/5142 1152/1/5514 2437/1/5512
s 1740
f 1162/1/5138 2434/1/5515 2437/1/5138
f 2437/1/5138 1152/1/5138 1162/1/5138
s 1741
f 1162/1/5137 1161/1/5136 2438/1/5137
f 2438/1/5137 2434/1/5137 1162/1/5137
s 1742
f 1161/1/5516 1133/1/5517 2419/1/5133
f 2419/1/5133 2438/1/5518 1161/1/5516
s 1743
f 2439/1/5519 2438/1/5520 2419/1/5521
f 2419/1/5521 2421/1/5163 2439/1/5519
s 1744
f 2420/1/5161 2442/1/5522 2439/1/5161
f 2439/1/5161 2421/1/5161 2420/1/5161
s 1745
f 2420/1/5523 1748/1/5524 1771/1/5158
f 1771/1/5158 2442/1/5525 2420/1/5523
s 1746
f 2442/1/5526 1771/1/5527 1770/1/5155
f 1770/1/5155 2440/1/5155 2442/1/5526
s 1747
f 2440/1/5154 1770/1/5154 1769/1/5154
f 1769/1/5154 2441/1/5528 2440/1/5154
s 1748
f 2441/1/5150 1769/1/5150 1768/1/5150
f 1768/1/5150 2444/1/5150 2441/1/5150
s 1749
f 2441/1/5148 2444/1/5148 2445/1/5148
f 2445/1/5148 2436/1/5148 2441/1/5148
s 1750
f 2436/1/5529 2445/1/5530 2443/1/5530
f 2443/1/5530 2437/1/5145 2436/1/5529
s 1751
f 2446/1/5531 2447/1/5532 2448/1/5533
f 2448/1/5533 2449/1/5531 2446/1/5531
s 1752
f 2450/1/5534 2451/1/5535 2447/1/5536
f 2447/1/5536 2446/1/5534 2450/1/5534
s 1753
f 2447/1/5537 2452/1/5538 2453/1/5538
f 2453/1/5538 2448/1/5538 2447/1/5537
s 1754
f 2454/1/5539 2452/1/5540 2447/1/5539
f 2447/1/5539 2451/1/5540 2454/1/5539
s 1755
f 2431/1/5541 1038/1/5541 1060/1/5541
f 1060/1/5541 2449/1/5542 2431/1/5541
s 1756
f 2449/1/5543 1060/1/5543 1059/1/5543
f 1059/1/5543 2446/1/5544 2449/1/5543
s 1757
f 2450/1/5545 2446/1/5545 1059/1/5546
f 1059/1/5546 1057/1/5547 2450/1/5545
s 1758
f 2450/1/5548 1057/1/5548 1058/1/5548
f 1058/1/5548 2455/1/5549 2450/1/5548
s 1759
f 2455/1/5550 2456/1/5550 2451/1/5550
f 2451/1/5550 2450/1/5550 2455/1/5550
s 1760
f 2454/1/5551 2451/1/5551 2456/1/5552
f 2456/1/5552 2457/1/5551 2454/1/5551
s 1761
f 1675/1/5553 1674/1/5554 2454/1/5555
f 2454/1/5555 2457/1/5556 1675/1/5553
s 1762
f 2454/1/5557 1674/1/5558 1673/1/5559
f 1673/1/5559 2452/1/5559 2454/1/5557
s 1763
f 1673/1/5560 1672/1/5561 2453/1/5562
f 2453/1/5562 2452/1/5560 1673/1/5560
s 1764
f 1672/1/5563 1655/1/5564 2433/1/5563
f 2433/1/5563 2453/1/5563 1672/1/5563
s 1765
f 2432/1/5565 2448/1/5565 2453/1/5566
f 2453/1/5566 2433/1/5565 2432/1/5565
s 1766
f 2448/1/5567 2432/1/5568 2431/1/5567
f 2431/1/5567 2449/1/5567 2448/1/5567
s 1767
f 2458/1/5228 2459/1/5228 2460/1/5569
f 2460/1/5569 2461/1/5570 2458/1/5228
s 1768
f 2462/1/5225 2463/1/5225 2459/1/5571
f 2459/1/5571 2458/1/5571 2462/1/5225
s 1769
f 2459/1/5572 2464/1/5573 2465/1/5573
f 2465/1/5573 2460/1/5232 2459/1/5572
s 1770
f 2463/1/5574 2466/1/5230 2464/1/5574
f 2464/1/5574 2459/1/5574 2463/1/5574
s 1771
f 2461/1/5575 2467/1/5576 1173/1/5242
f 1173/1/5242 1172/1/5577 2461/1/5575
s 1772
f 1182/1/5240 2458/1/5578 2461/1/5579
f 2461/1/5579 1172/1/5240 1182/1/5240
s 1773
f 1182/1/5580 1181/1/5580 2462/1/5580
f 2462/1/5580 2458/1/5580 1182/1/5580
s 1774
f 1181/1/5234 1153/1/5235 2443/1/5581
f 2443/1/5581 2462/1/5582 1181/1/5234
s 1775
f 2463/1/5261 2462/1/5261 2443/1/5261
f 2443/1/5261 2445/1/5261 2463/1/5261
s 1776
f 2444/1/5583 2466/1/5259 2463/1/5259
f 2463/1/5259 2445/1/5259 2444/1/5583
s 1777
f 2444/1/5584 1768/1/5585 1791/1/5258
f 1791/1/5258 2466/1/5258 2444/1/5584
s 1778
f 2466/1/5586 1791/1/5587 1790/1/5587
f 1790/1/5587 2464/1/5587 2466/1/5586
s 1779
f 2464/1/5251 1790/1/5588 1789/1/5589
f 1789/1/5589 2465/1/5590 2464/1/5251
s 1780
f 2465/1/5591 1789/1/5250 1788/1/5592
f 1788/1/5592 2468/1/5250 2465/1/5591
s 1781
f 2469/1/5593 2460/1/5594 2465/1/5593
f 2465/1/5593 2468/1/5593 2469/1/5593
s 1782
f 2460/1/5595 2469/1/5245 2467/1/5245
f 2467/1/5245 2461/1/5595 2460/1/5595
s 1783
f 2470/1/5596 2471/1/5597 2472/1/5598
f 2472/1/5598 2473/1/5598 2470/1/5596
s 1784
f 2474/1/5599 2475/1/5600 2471/1/5599
f 2471/1/5599 2470/1/5601 2474/1/5599
s 1785
f 2471/1/5602 2476/1/5603 2477/1/5604
f 2477/1/5604 2472/1/5605 2471/1/5602
s 1786
f 2478/1/5606 2476/1/5606 2471/1/5607
f 2471/1/5607 2475/1/5607 2478/1/5606
s 1787
f 2455/1/5608 1058/1/5609 1080/1/5609
f 1080/1/5609 2473/1/5608 2455/1/5608
s 1788
f 2473/1/5610 1080/1/5610 1079/1/5611
f 1079/1/5611 2470/1/5612 2473/1/5610
s 1789
f 2474/1/5613 2470/1/5613 1079/1/5613
f 1079/1/5613 1077/1/5613 2474/1/5613
s 1790
f 2474/1/5614 1077/1/5615 1078/1/5614
f 1078/1/5614 2479/1/5614 2474/1/5614
s 1791
f 2479/1/5616 2480/1/5617 2475/1/5616
f 2475/1/5616 2474/1/5618 2479/1/5616
s 1792
f 2478/1/5619 2475/1/5620 2480/1/5621
f 2480/1/5621 2481/1/5619 2478/1/5619
s 1793
f 1695/1/5622 1694/1/5623 2478/1/5624
f 2478/1/5624 2481/1/5624 1695/1/5622
s 1794
f 2478/1/5625 1694/1/5626 1693/1/5627
f 1693/1/5627 2476/1/5628 2478/1/5625
s 1795
f 1693/1/5629 1692/1/5629 2477/1/5629
f 2477/1/5629 2476/1/5629 1693/1/5629
s 1796
f 1692/1/5630 1675/1/5631 2457/1/5631
f 2457/1/5631 2477/1/5631 1692/1/5630
s 1797
f 2456/1/5632 2472/1/5632 2477/1/5633
f 2477/1/5633 2457/1/5632 2456/1/5632
s 1798
f 2472/1/5634 2456/1/5635 2455/1/5636
f 2455/1/5636 2473/1/5636 2472/1/5634
s 1799
f 2482/1/5637 2483/1/5638 2484/1/5637
f 2484/1/5637 2485/1/5638 2482/1/5637
s 1800
f 2486/1/5639 2487/1/4679 2483/1/4679
f 2483/1/4679 2482/1/5640 2486/1/5639
s 1801
f 2483/1/5641 2488/1/5642 2489/1/5642
f 2489/1/5642 2484/1/5642 2483/1/5641
s 1802
f 2487/1/4683 2490/1/5643 2488/1/4683
f 2488/1/4683 2483/1/4683 2487/1/4683
s 1803
f 2485/1/5644 2491/1/5645 1193/1/4696
f 1193/1/4696 1192/1/5646 2485/1/5644
s 1804
f 1202/1/5647 2482/1/5648 2485/1/5647
f 2485/1/5647 1192/1/5649 1202/1/5647
s 1805
f 1202/1/5650 1201/1/4689 2486/1/5651
f 2486/1/5651 2482/1/4689 1202/1/5650
s 1806
f 1201/1/5652 1173/1/4688 2467/1/5653
f 2467/1/5653 2486/1/4688 1201/1/5652
s 1807
f 2487/1/5654 2486/1/5654 2467/1/4719
f 2467/1/4719 2469/1/5654 2487/1/5654
s 1808
f 2468/1/4716 2490/1/4716 2487/1/4716
f 2487/1/4716 2469/1/5655 2468/1/4716
s 1809
f 2468/1/5656 1788/1/4711 1811/1/5656
f 1811/1/5656 2490/1/5657 2468/1/5656
s 1810
f 2490/1/5658 1811/1/4709 1810/1/5658
f 1810/1/5658 2488/1/4708 2490/1/5658
s 1811
f 2488/1/4707 1810/1/5659 1809/1/4707
f 1809/1/4707 2489/1/5660 2488/1/4707
s 1812
f 2489/1/4703 1809/1/5661 1808/1/5662
f 1808/1/5662 2492/1/4703 2489/1/4703
s 1813
f 2493/1/4699 2484/1/4699 2489/1/4699
f 2489/1/4699 2492/1/5663 2493/1/4699
s 1814
f 2484/1/4698 2493/1/5664 2491/1/4698
f 2491/1/4698 2485/1/4698 2484/1/4698
s 1815
f 2494/1/5665 2495/1/5666 2496/1/5666
f 2496/1/5666 2497/1/5666 2494/1/5665
s 1816
f 2498/1/5667 2499/1/5667 2495/1/5668
f 2495/1/5668 2494/1/5668 2498/1/5667
s 1817
f 2495/1/5669 2500/1/5669 2501/1/5670
f 2501/1/5670 2496/1/5670 2495/1/5669
s 1818
f 2502/1/5671 2500/1/5671 2495/1/5671
f 2495/1/5671 2499/1/5671 2502/1/5671
s 1819
f 2479/1/5672 1078/1/5672 1100/1/5672
f 1100/1/5672 2497/1/5673 2479/1/5672
s 1820
f 2497/1/5674 1100/1/5675 1099/1/5676
f 1099/1/5676 2494/1/5677 2497/1/5674
s 1821
f 2498/1/5678 2494/1/5678 1099/1/5678
f 1099/1/5678 1097/1/5678 2498/1/5678
s 1822
f 2498/1/5679 1097/1/5679 1098/1/5680
f 1098/1/5680 2503/1/5681 2498/1/5679
s 1823
f 2503/1/5682 2504/1/5683 2499/1/5684
f 2499/1/5684 2498/1/5682 2503/1/5682
s 1824
f 2502/1/5685 2499/1/5685 2504/1/5686
f 2504/1/5686 2505/1/5687 2502/1/5685
s 1825
f 1715/1/5688 1714/1/5688 2502/1/5689
f 2502/1/5689 2505/1/5690 1715/1/5688
s 1826
f 2502/1/5691 1714/1/5692 1713/1/5693
f 1713/1/5693 2500/1/5694 2502/1/5691
s 1827
f 1713/1/5695 1712/1/5696 2501/1/5696
f 2501/1/5696 2500/1/5697 1713/1/5695
s 1828
f 1712/1/5698 1695/1/5699 2481/1/5700
f 2481/1/5700 2501/1/5701 1712/1/5698
s 1829
f 2480/1/5702 2496/1/5703 2501/1/5704
f 2501/1/5704 2481/1/5705 2480/1/5702
s 1830
f 2479/1/5706 2497/1/5707 2496/1/5708
f 2496/1/5708 2480/1/5709 2479/1/5706
s 1831
f 2506/1/4802 2507/1/4801 2508/1/5710
f 2508/1/5710 2509/1/5711 2506/1/4802
s 1832
f 2510/1/4800 2511/1/5712 2507/1/4800
f 2507/1/4800 2506/1/4800 2510/1/4800
s 1833
f 2507/1/4809 2512/1/4809 2513/1/4809
f 2513/1/4809 2508/1/4806 2507/1/4809
s 1834
f 2511/1/5713 2514/1/4804 2512/1/4805
f 2512/1/4805 2507/1/4804 2511/1/5713
s 1835
f 2509/1/5714 2515/1/5715 1213/1/5715
f 1213/1/5715 1212/1/5716 2509/1/5714
s 1836
f 1222/1/5717 2506/1/5718 2509/1/5718
f 2509/1/5718 1212/1/5718 1222/1/5717
s 1837
f 1222/1/5719 1221/1/5720 2510/1/5719
f 2510/1/5719 2506/1/5720 1222/1/5719
s 1838
f 1221/1/4811 1193/1/4810 2491/1/4811
f 2491/1/4811 2510/1/4811 1221/1/4811
s 1839
f 2511/1/4838 2510/1/4838 2491/1/4838
f 2491/1/4838 2493/1/5721 2511/1/4838
s 1840
f 2492/1/5722 2514/1/5722 2511/1/5722
f 2511/1/5722 2493/1/5723 2492/1/5722
s 1841
f 2492/1/5724 1808/1/5724 1831/1/4834
f 1831/1/4834 2514/1/5725 2492/1/5724
s 1842
f 2514/1/4832 1831/1/4832 1830/1/5726
f 1830/1/5726 2512/1/4832 2514/1/4832
s 1843
f 2512/1/4831 1830/1/5727 1829/1/5728
f 1829/1/5728 2513/1/4829 2512/1/4831
s 1844
f 2513/1/4826 1829/1/4826 1828/1/4826
f 1828/1/4826 2516/1/5729 2513/1/4826
s 1845
f 2517/1/5730 2508/1/5730 2513/1/4825
f 2513/1/4825 2516/1/5731 2517/1/5730
s 1846
f 2508/1/4822 2517/1/4822 2515/1/5732
f 2515/1/5732 2509/1/5733 2508/1/4822
s 1847
f 2518/1/5734 2519/1/5735 2520/1/5736
f 2520/1/5736 2521/1/5735 2518/1/5734
s 1848
f 2522/1/5737 2523/1/5738 2519/1/5738
f 2519/1/5738 2518/1/5738 2522/1/5737
s 1849
f 2519/1/5739 2524/1/5739 2525/1/5739
f 2525/1/5739 2520/1/5739 2519/1/5739
s 1850
f 2526/1/5740 2524/1/5740 2519/1/5741
f 2519/1/5741 2523/1/5742 2526/1/5740
s 1851
f 2503/1/5743 1098/1/5743 1120/1/5744
f 1120/1/5744 2521/1/5743 2503/1/5743
s 1852
f 2521/1/5745 1120/1/5746 1119/1/5747
f 1119/1/5747 2518/1/5746 2521/1/5745
s 1853
f 2522/1/5748 2518/1/5748 1119/1/5748
f 1119/1/5748 1117/1/5749 2522/1/5748
s 1854
f 2522/1/5750 1117/1/5750 1118/1/5750
f 1118/1/5750 2527/1/5750 2522/1/5750
s 1855
f 2527/1/5751 2528/1/5751 2523/1/5751
f 2523/1/5751 2522/1/5752 2527/1/5751
s 1856
f 2526/1/5753 2523/1/5754 2528/1/5753
f 2528/1/5753 2529/1/5755 2526/1/5753
s 1857
f 1735/1/5756 1734/1/5756 2526/1/5756
f 2526/1/5756 2529/1/5756 1735/1/5756
s 1858
f 2526/1/5757 1734/1/5758 1733/1/5757
f 1733/1/5757 2524/1/5757 2526/1/5757
s 1859
f 1733/1/5759 1732/1/5760 2525/1/5761
f 2525/1/5761 2524/1/5760 1733/1/5759
s 1860
f 1732/1/5762 1715/1/5763 2505/1/5764
f 2505/1/5764 2525/1/5765 1732/1/5762
s 1861
f 2504/1/5766 2520/1/5767 2525/1/5768
f 2525/1/5768 2505/1/5767 2504/1/5766
s 1862
f 2503/1/5769 2521/1/5770 2520/1/5771
f 2520/1/5771 2504/1/5772 2503/1/5769
s 1863
f 2530/1/5773 2531/1/5774 2532/1/4925
f 2532/1/4925 2533/1/4926 2530/1/5773
s 1864
f 2534/1/4922 2535/1/4922 2531/1/5775
f 2531/1/5775 2530/1/4922 2534/1/4922
s 1865
f 2531/1/5776 2536/1/5777 2537/1/4932
f 2537/1/4932 2532/1/5778 2531/1/5776
s 1866
f 2535/1/5779 2538/1/5780 2536/1/5779
f 2536/1/5779 2531/1/5781 2535/1/5779
s 1867
f 2533/1/5782 2539/1/5782 1233/1/5782
f 1233/1/5782 1232/1/5782 2533/1/5782
s 1868
f 1242/1/5783 2530/1/5783 2533/1/5784
f 2533/1/5784 1232/1/5784 1242/1/5783
s 1869
f 1242/1/4936 1241/1/5785 2534/1/5786
f 2534/1/5786 2530/1/5785 1242/1/4936
s 1870
f 1241/1/4933 1213/1/4933 2515/1/4933
f 2515/1/4933 2534/1/4933 1241/1/4933
s 1871
f 2535/1/4959 2534/1/4959 2515/1/4959
f 2515/1/4959 2517/1/4959 2535/1/4959
s 1872
f 2516/1/4957 2538/1/4957 2535/1/5787
f 2535/1/5787 2517/1/4957 2516/1/4957
s 1873
f 2516/1/5788 1828/1/5789 1851/1/5788
f 1851/1/5788 2538/1/5790 2516/1/5788
s 1874
f 2538/1/5791 1851/1/5791 1850/1/4954
f 1850/1/4954 2536/1/5792 2538/1/5791
s 1875
f 2536/1/4952 1850/1/4952 1849/1/4952
f 1849/1/4952 2537/1/5793 2536/1/4952
s 1876
f 2537/1/4949 1849/1/4949 1848/1/4949
f 1848/1/4949 2540/1/5794 2537/1/4949
s 1877
f 2541/1/4948 2532/1/4948 2537/1/5795
f 2537/1/5795 2540/1/4948 2541/1/4948
s 1878
f 2532/1/5796 2541/1/5796 2539/1/4946
f 2539/1/4946 2533/1/4946 2532/1/5796
s 1879
f 2542/1/5797 2543/1/5798 2544/1/5799
f 2544/1/5799 2545/1/5799 2542/1/5797
s 1880
f 2546/1/5800 2547/1/5801 2543/1/5801
f 2543/1/5801 2542/1/5800 2546/1/5800
s 1881
f 2543/1/5802 2548/1/5803 2549/1/5803
f 2549/1/5803 2544/1/5803 2543/1/5802
s 1882
f 2550/1/5804 2548/1/5804 2543/1/5804
f 2543/1/5804 2547/1/5805 2550/1/5804
s 1883
f 2527/1/5806 1118/1/5806 1140/1/5807
f 1140/1/5807 2545/1/5806 2527/1/5806
s 1884
f 2545/1/5808 1140/1/5809 1139/1/5810
f 1139/1/5810 2542/1/5809 2545/1/5808
s 1885
f 2546/1/5811 2542/1/5812 1139/1/5813
f 1139/1/5813 1137/1/5812 2546/1/5811
s 1886
f 2546/1/5814 1137/1/5814 1138/1/5814
f 1138/1/5814 2551/1/5814 2546/1/5814
s 1887
f 2551/1/5815 2552/1/5816 2547/1/5816
f 2547/1/5816 2546/1/5816 2551/1/5815
s 1888
f 2550/1/5817 2547/1/5818 2552/1/5818
f 2552/1/5818 2553/1/5818 2550/1/5817
s 1889
f 1755/1/5819 1754/1/5819 2550/1/5819
f 2550/1/5819 2553/1/5819 1755/1/5819
s 1890
f 2550/1/5820 1754/1/5820 1753/1/5820
f 1753/1/5820 2548/1/5821 2550/1/5820
s 1891
f 1753/1/5822 1752/1/5823 2549/1/5823
f 2549/1/5823 2548/1/5824 1753/1/5822
s 1892
f 1752/1/5825 1735/1/5826 2529/1/5826
f 2529/1/5826 2549/1/5826 1752/1/5825
s 1893
f 2528/1/5827 2544/1/5827 2549/1/5828
f 2549/1/5828 2529/1/5827 2528/1/5827
s 1894
f 2544/1/5829 2528/1/5830 2527/1/5830
f 2527/1/5830 2545/1/5830 2544/1/5829
s 1895
f 2554/1/5831 2555/1/5051 2556/1/5831
f 2556/1/5831 2557/1/5051 2554/1/5831
s 1896
f 2558/1/5832 2559/1/5833 2555/1/5832
f 2555/1/5832 2554/1/5832 2558/1/5832
s 1897
f 2555/1/5834 2560/1/5058 2561/1/5835
f 2561/1/5835 2556/1/5836 2555/1/5834
s 1898
f 2559/1/5837 2562/1/5837 2560/1/5838
f 2560/1/5838 2555/1/5839 2559/1/5837
s 1899
f 2557/1/5069 2563/1/5068 1253/1/5840
f 1253/1/5840 1252/1/5841 2557/1/5069
s 1900
f 1262/1/5842 2554/1/5066 2557/1/5066
f 2557/1/5066 1252/1/5843 1262/1/5842
s 1901
f 1262/1/5844 1261/1/5064 2558/1/5063
f 2558/1/5063 2554/1/5064 1262/1/5844
s 1902
f 1261/1/5845 1233/1/5845 2539/1/5062
f 2539/1/5062 2558/1/5062 1261/1/5845
s 1903
f 2559/1/5846 2558/1/5847 2539/1/5094
f 2539/1/5094 2541/1/5094 2559/1/5846
s 1904
f 2540/1/5093 2562/1/5848 2559/1/5093
f 2559/1/5093 2541/1/5849 2540/1/5093
s 1905
f 2540/1/5088 1848/1/5088 1871/1/5088
f 1871/1/5088 2562/1/5089 2540/1/5088
s 1906
f 2562/1/5850 1871/1/5087 1870/1/5851
f 1870/1/5851 2560/1/5087 2562/1/5850
s 1907
f 2560/1/5852 1870/1/5853 1869/1/5854
f 1869/1/5854 2561/1/5855 2560/1/5852
s 1908
f 2561/1/5856 1869/1/5856 1868/1/5078
f 1868/1/5078 2564/1/5078 2561/1/5856
s 1909
f 2565/1/5076 2556/1/5857 2561/1/5075
f 2561/1/5075 2564/1/5075 2565/1/5076
s 1910
f 2556/1/5074 2565/1/5071 2563/1/5071
f 2563/1/5071 2557/1/5072 2556/1/5074
s 1911
f 2566/1/5858 2567/1/5859 2568/1/5860
f 2568/1/5860 2569/1/5858 2566/1/5858
s 1912
f 2570/1/5861 2571/1/5861 2567/1/5862
f 2567/1/5862 2566/1/5863 2570/1/5861
s 1913
f 2567/1/5864 2572/1/5865 2573/1/5866
f 2573/1/5866 2568/1/5867 2567/1/5864
s 1914
f 2574/1/5868 2572/1/5869 2567/1/5870
f 2567/1/5870 2571/1/5868 2574/1/5868
s 1915
f 2551/1/5871 1138/1/5871 1160/1/5872
f 1160/1/5872 2569/1/5873 2551/1/5871
s 1916
f 2569/1/5874 1160/1/5875 1159/1/5874
f 1159/1/5874 2566/1/5875 2569/1/5874
s 1917
f 2570/1/5876 2566/1/5876 1159/1/5876
f 1159/1/5876 1157/1/5877 2570/1/5876
s 1918
f 2570/1/5878 1157/1/5878 1158/1/5879
f 1158/1/5879 2575/1/5878 2570/1/5878
s 1919
f 2575/1/5880 2576/1/5881 2571/1/5882
f 2571/1/5882 2570/1/5881 2575/1/5880
s 1920
f 2574/1/5883 2571/1/5883 2576/1/5884
f 2576/1/5884 2577/1/5885 2574/1/5883
s 1921
f 1775/1/5886 1774/1/5886 2574/1/5887
f 2574/1/5887 2577/1/5888 1775/1/5886
s 1922
f 2574/1/5889 1774/1/5889 1773/1/5890
f 1773/1/5890 2572/1/5891 2574/1/5889
s 1923
f 1773/1/5892 1772/1/5893 2573/1/5894
f 2573/1/5894 2572/1/5895 1773/1/5892
s 1924
f 1772/1/5896 1755/1/5896 2553/1/5896
f 2553/1/5896 2573/1/5896 1772/1/5896
s 1925
f 2552/1/5897 2568/1/5898 2573/1/5899
f 2573/1/5899 2553/1/5900 2552/1/5897
s 1926
f 2568/1/5901 2552/1/5901 2551/1/5902
f 2551/1/5902 2569/1/5902 2568/1/5901
s 1927
f 2578/1/5903 2579/1/5167 2580/1/5167
f 2580/1/5167 2581/1/5167 2578/1/5903
s 1928
f 2582/1/5165 2583/1/5165 2579/1/5904
f 2579/1/5904 2578/1/5905 2582/1/5165
s 1929
f 2579/1/5169 2584/1/5169 2585/1/5169
f 2585/1/5169 2580/1/5169 2579/1/5169
s 1930
f 2583/1/5906 2586/1/5907 2584/1/5906
f 2584/1/5906 2579/1/5908 2583/1/5906
s 1931
f 2581/1/5178 2587/1/5178 1273/1/5178
f 1273/1/5178 1272/1/5178 2581/1/5178
s 1932
f 1282/1/5174 2578/1/5909 2581/1/5909
f 2581/1/5909 1272/1/5175 1282/1/5174
s 1933
f 1282/1/5910 1281/1/5911 2582/1/5173
f 2582/1/5173 2578/1/5912 1282/1/5910
s 1934
f 1281/1/5913 1253/1/5171 2563/1/5171
f 2563/1/5171 2582/1/5914 1281/1/5913
s 1935
f 2583/1/5194 2582/1/5194 2563/1/5194
f 2563/1/5194 2565/1/5915 2583/1/5194
s 1936
f 2564/1/5916 2586/1/5917 2583/1/5193
f 2583/1/5193 2565/1/5918 2564/1/5916
s 1937
f 2564/1/5919 1868/1/5920 1891/1/5921
f 1891/1/5921 2586/1/5922 2564/1/5919
s 1938
f 2586/1/5190 1891/1/5923 1890/1/5924
f 1890/1/5924 2584/1/5925 2586/1/5190
s 1939
f 2584/1/5926 1890/1/5188 1889/1/5188
f 1889/1/5188 2585/1/5188 2584/1/5926
s 1940
f 2585/1/5927 1889/1/5185 1888/1/5185
f 1888/1/5185 2588/1/5928 2585/1/5927
s 1941
f 2589/1/5182 2580/1/5182 2585/1/5182
f 2585/1/5182 2588/1/5182 2589/1/5182
s 1942
f 2580/1/5929 2589/1/5930 2587/1/5930
f 2587/1/5930 2581/1/5181 2580/1/5929
s 1943
f 2590/1/4559 2591/1/4559 2592/1/4559
f 2592/1/4559 2593/1/4559 2590/1/4559
s 1944
f 2594/1/5931 2595/1/5932 2591/1/4558
f 2591/1/4558 2590/1/5932 2594/1/5931
s 1945
f 2591/1/5933 2596/1/5933 2597/1/5933
f 2597/1/5933 2592/1/4564 2591/1/5933
s 1946
f 2598/1/5934 2596/1/4563 2591/1/4563
f 2591/1/4563 2595/1/4563 2598/1/5934
s 1947
f 2575/1/5935 1158/1/5935 1180/1/5935
f 1180/1/5935 2593/1/5936 2575/1/5935
s 1948
f 2593/1/5937 1180/1/5937 1179/1/5937
f 1179/1/5937 2590/1/5937 2593/1/5937
s 1949
f 2594/1/4569 2590/1/4569 1179/1/5938
f 1179/1/5938 1177/1/4569 2594/1/4569
s 1950
f 2594/1/4568 1177/1/4568 1178/1/4566
f 1178/1/4566 2599/1/5939 2594/1/4568
s 1951
f 2599/1/4591 2600/1/4591 2595/1/5940
f 2595/1/5940 2594/1/4591 2599/1/4591
s 1952
f 2598/1/4590 2595/1/4590 2600/1/4590
f 2600/1/4590 2601/1/4590 2598/1/4590
s 1953
f 1795/1/4587 1794/1/5941 2598/1/5942
f 2598/1/5942 2601/1/4587 1795/1/4587
s 1954
f 2598/1/4584 1794/1/4585 1793/1/5943
f 1793/1/5943 2596/1/4584 2598/1/4584
s 1955
f 1793/1/5944 1792/1/5945 2597/1/5944
f 2597/1/5944 2596/1/4582 1793/1/5944
s 1956
f 1792/1/5946 1775/1/5947 2577/1/4579
f 2577/1/4579 2597/1/5948 1792/1/5946
s 1957
f 2576/1/5949 2592/1/5950 2597/1/4576
f 2597/1/4576 2577/1/4576 2576/1/5949
s 1958
f 2575/1/5951 2593/1/5952 2592/1/5951
f 2592/1/5951 2576/1/5953 2575/1/5951
s 1959
f 2602/1/5954 2603/1/5955 2604/1/5956
f 2604/1/5956 2605/1/5269 2602/1/5954
s 1960
f 2606/1/5957 2607/1/5264 2603/1/5266
f 2603/1/5266 2602/1/5266 2606/1/5957
s 1961
f 2603/1/5958 2608/1/5959 2609/1/5960
f 2609/1/5960 2604/1/5961 2603/1/5958
s 1962
f 2607/1/5270 2610/1/5962 2608/1/5270
f 2608/1/5270 2603/1/5963 2607/1/5270
s 1963
f 2605/1/5964 2611/1/5965 1293/1/5964
f 1293/1/5964 1292/1/5964 2605/1/5964
s 1964
f 1302/1/5278 2602/1/5279 2605/1/5278
f 2605/1/5278 1292/1/5279 1302/1/5278
s 1965
f 1302/1/5966 1301/1/5966 2606/1/5966
f 2606/1/5966 2602/1/5966 1302/1/5966
s 1966
f 1301/1/5275 1273/1/5275 2587/1/5967
f 2587/1/5967 2606/1/5967 1301/1/5275
s 1967
f 2607/1/5297 2606/1/5299 2587/1/5968
f 2587/1/5968 2589/1/5297 2607/1/5297
s 1968
f 2588/1/5294 2610/1/5969 2607/1/5296
f 2607/1/5296 2589/1/5295 2588/1/5294
s 1969
f 2588/1/5970 1888/1/5293 1911/1/5291
f 1911/1/5291 2610/1/5291 2588/1/5970
s 1970
f 2610/1/5971 1911/1/5971 1910/1/5972
f 1910/1/5972 2608/1/5973 2610/1/5971
s 1971
f 2608/1/5974 1910/1/5288 1909/1/5974
f 1909/1/5974 2609/1/5288 2608/1/5974
s 1972
f 2609/1/5975 1909/1/5285 1908/1/5976
f 1908/1/5976 2612/1/5977 2609/1/5975
s 1973
f 2613/1/5978 2604/1/5978 2609/1/5283
f 2609/1/5283 2612/1/5283 2613/1/5978
s 1974
f 2604/1/5979 2613/1/5282 2611/1/5979
f 2611/1/5979 2605/1/5282 2604/1/5979
s 1975
f 2614/1/5980 2615/1/5980 2616/1/5981
f 2616/1/5981 2617/1/5980 2614/1/5980
s 1976
f 2618/1/5982 2619/1/5983 2615/1/5983
f 2615/1/5983 2614/1/5984 2618/1/5982
s 1977
f 2615/1/5985 2620/1/5985 2621/1/5986
f 2621/1/5986 2616/1/5987 2615/1/5985
s 1978
f 2622/1/5988 2620/1/5988 2615/1/5988
f 2615/1/5988 2619/1/5988 2622/1/5988
s 1979
f 2599/1/5989 1178/1/5990 1200/1/5991
f 1200/1/5991 2617/1/5992 2599/1/5989
s 1980
f 2617/1/5993 1200/1/5994 1199/1/5993
f 1199/1/5993 2614/1/5993 2617/1/5993
s 1981
f 2618/1/5995 2614/1/5996 1199/1/5995
f 1199/1/5995 1197/1/5997 2618/1/5995
s 1982
f 2618/1/5998 1197/1/5999 1198/1/5998
f 1198/1/5998 2623/1/5998 2618/1/5998
s 1983
f 2623/1/6000 2624/1/6001 2619/1/6002
f 2619/1/6002 2618/1/6003 2623/1/6000
s 1984
f 2622/1/6004 2619/1/6005 2624/1/6006
f 2624/1/6006 2625/1/6007 2622/1/6004
s 1985
f 1815/1/6008 1814/1/6009 2622/1/6010
f 2622/1/6010 2625/1/6008 1815/1/6008
s 1986
f 2622/1/6011 1814/1/6011 1813/1/6012
f 1813/1/6012 2620/1/6012 2622/1/6011
s 1987
f 1813/1/6013 1812/1/6014 2621/1/6014
f 2621/1/6014 2620/1/6014 1813/1/6013
s 1988
f 1812/1/6015 1795/1/6016 2601/1/6016
f 2601/1/6016 2621/1/6016 1812/1/6015
s 1989
f 2600/1/6017 2616/1/6018 2621/1/6017
f 2621/1/6017 2601/1/6017 2600/1/6017
s 1990
f 2599/1/6019 2617/1/6020 2616/1/6020
f 2616/1/6020 2600/1/6019 2599/1/6019
s 1991
f 2626/1/6021 2627/1/5336 2628/1/6022
f 2628/1/6022 2629/1/5336 2626/1/6021
s 1992
f 2630/1/6023 2631/1/6024 2627/1/6023
f 2627/1/6023 2626/1/5332 2630/1/6023
s 1993
f 2627/1/5341 2632/1/5339 2633/1/6025
f 2633/1/6025 2628/1/6026 2627/1/5341
s 1994
f 2631/1/5337 2634/1/5337 2632/1/6027
f 2632/1/6027 2627/1/6028 2631/1/5337
s 1995
f 2629/1/5352 2635/1/5351 1313/1/5351
f 1313/1/5351 1312/1/5352 2629/1/5352
s 1996
f 1322/1/6029 2626/1/6030 2629/1/5346
f 2629/1/5346 1312/1/5346 1322/1/6029
s 1997
f 1322/1/6031 1321/1/6031 2630/1/6031
f 2630/1/6031 2626/1/6032 1322/1/6031
s 1998
f 1321/1/5342 1293/1/5342 2611/1/5342
f 2611/1/5342 2630/1/5342 1321/1/5342
s 1999
f 2631/1/5369 2630/1/6033 2611/1/6034
f 2611/1/6034 2613/1/5369 2631/1/5369
s 2000
f 2612/1/5368 2634/1/5368 2631/1/5368
f 2631/1/5368 2613/1/5368 2612/1/5368
s 2001
f 2612/1/5366 1908/1/6035 1931/1/5366
f 1931/1/5366 2634/1/6036 2612/1/5366
s 2002
f 2634/1/6037 1931/1/6038 1930/1/6037
f 1930/1/6037 2632/1/6037 2634/1/6037
s 2003
f 2632/1/6039 1930/1/5361 1929/1/5359
f 1929/1/5359 2633/1/5361 2632/1/6039
s 2004
f 2633/1/5357 1929/1/5357 1928/1/5357
f 1928/1/5357 2636/1/5357 2633/1/5357
s 2005
f 2633/1/6040 2636/1/6040 2637/1/5356
f 2637/1/5356 2628/1/5356 2633/1/6040
s 2006
f 2628/1/5353 2637/1/5353 2635/1/5353
f 2635/1/5353 2629/1/5353 2628/1/5353
s 2007
f 2638/1/6041 2639/1/6041 2640/1/6041
f 2640/1/6041 2641/1/6041 2638/1/6041
s 2008
f 2642/1/6042 2643/1/6043 2639/1/6044
f 2639/1/6044 2638/1/6045 2642/1/6042
s 2009
f 2639/1/6046 2644/1/6046 2645/1/6046
f 2645/1/6046 2640/1/6046 2639/1/6046
s 2010
f 2646/1/6047 2644/1/6048 2639/1/6049
f 2639/1/6049 2643/1/6050 2646/1/6047
s 2011
f 2623/1/6051 1198/1/6051 1220/1/6051
f 1220/1/6051 2641/1/6051 2623/1/6051
s 2012
f 2641/1/6052 1220/1/6053 1219/1/6054
f 1219/1/6054 2638/1/6055 2641/1/6052
s 2013
f 2642/1/6056 2638/1/6057 1219/1/6058
f 1219/1/6058 1217/1/6059 2642/1/6056
s 2014
f 2642/1/6060 1217/1/6060 1218/1/6060
f 1218/1/6060 2647/1/6060 2642/1/6060
s 2015
f 2647/1/6061 2648/1/6062 2643/1/6063
f 2643/1/6063 2642/1/6064 2647/1/6061
s 2016
f 2646/1/6065 2643/1/6065 2648/1/6066
f 2648/1/6066 2649/1/6066 2646/1/6065
s 2017
f 1835/1/6067 1834/1/6067 2646/1/6067
f 2646/1/6067 2649/1/6067 1835/1/6067
s 2018
f 2646/1/6068 1834/1/6068 1833/1/6068
f 1833/1/6068 2644/1/6069 2646/1/6068
s 2019
f 1833/1/6070 1832/1/6070 2645/1/6071
f 2645/1/6071 2644/1/6072 1833/1/6070
s 2020
f 1832/1/6073 1815/1/6073 2625/1/6073
f 2625/1/6073 2645/1/6074 1832/1/6073
s 2021
f 2624/1/6075 2640/1/6076 2645/1/6077
f 2645/1/6077 2625/1/6077 2624/1/6075
s 2022
f 2640/1/6078 2624/1/6079 2623/1/6078
f 2623/1/6078 2641/1/6078 2640/1/6078
s 2023
f 2650/1/5401 2651/1/5401 2652/1/5401
f 2652/1/5401 2653/1/5402 2650/1/5401
s 2024
f 2654/1/6080 2655/1/5397 2651/1/5396
f 2651/1/5396 2650/1/5397 2654/1/6080
s 2025
f 2651/1/6081 2656/1/5408 2657/1/6082
f 2657/1/6082 2652/1/5408 2651/1/6081
s 2026
f 2655/1/5404 2658/1/6083 2656/1/5404
f 2656/1/5404 2651/1/5404 2655/1/5404
s 2027
f 2653/1/6084 2659/1/6085 1333/1/6086
f 1333/1/6086 1332/1/5421 2653/1/6084
s 2028
f 1342/1/5417 2650/1/5418 2653/1/5417
f 2653/1/5417 1332/1/5417 1342/1/5417
s 2029
f 1342/1/5416 1341/1/6087 2654/1/6088
f 2654/1/6088 2650/1/5416 1342/1/5416
s 2030
f 1341/1/6089 1313/1/6090 2635/1/6091
f 2635/1/6091 2654/1/5410 1341/1/6089
s 2031
f 2655/1/5440 2654/1/5440 2635/1/6092
f 2635/1/6092 2637/1/5440 2655/1/5440
s 2032
f 2636/1/5438 2658/1/5439 2655/1/6093
f 2655/1/6093 2637/1/5439 2636/1/5438
s 2033
f 2636/1/6094 1928/1/6095 1951/1/6096
f 1951/1/6096 2658/1/5437 2636/1/6094
s 2034
f 2658/1/5434 1951/1/5434 1950/1/6097
f 1950/1/6097 2656/1/6098 2658/1/5434
s 2035
f 2656/1/5430 1950/1/5430 1949/1/5430
f 1949/1/5430 2657/1/5430 2656/1/5430
s 2036
f 2657/1/6099 1949/1/6099 1948/1/6099
f 1948/1/6099 2660/1/6099 2657/1/6099
s 2037
f 2657/1/5425 2660/1/5425 2661/1/5425
f 2661/1/5425 2652/1/6100 2657/1/5425
s 2038
f 2652/1/6101 2661/1/6102 2659/1/5423
f 2659/1/5423 2653/1/5423 2652/1/6101
s 2039
f 2662/1/6103 2663/1/6103 2664/1/6103
f 2664/1/6103 2665/1/6103 2662/1/6103
s 2040
f 2666/1/6104 2667/1/6104 2663/1/6105
f 2663/1/6105 2662/1/6104 2666/1/6104
s 2041
f 2663/1/6106 2668/1/6106 2669/1/6106
f 2669/1/6106 2664/1/6106 2663/1/6106
s 2042
f 2670/1/6107 2668/1/6108 2663/1/6109
f 2663/1/6109 2667/1/6110 2670/1/6107
s 2043
f 2647/1/6111 1218/1/6112 1240/1/6111
f 1240/1/6111 2665/1/6111 2647/1/6111
s 2044
f 2665/1/6113 1240/1/6114 1239/1/6115
f 1239/1/6115 2662/1/6115 2665/1/6113
s 2045
f 2666/1/6116 2662/1/6117 1239/1/6117
f 1239/1/6117 1237/1/6118 2666/1/6116
s 2046
f 2666/1/6119 1237/1/6120 1238/1/6119
f 1238/1/6119 2671/1/6119 2666/1/6119
s 2047
f 2671/1/6121 2672/1/6122 2667/1/6122
f 2667/1/6122 2666/1/6123 2671/1/6121
s 2048
f 2670/1/6124 2667/1/6125 2672/1/6126
f 2672/1/6126 2673/1/6125 2670/1/6124
s 2049
f 1855/1/6127 1854/1/6127 2670/1/6128
f 2670/1/6128 2673/1/6127 1855/1/6127
s 2050
f 2670/1/6129 1854/1/6130 1853/1/6131
f 1853/1/6131 2668/1/6130 2670/1/6129
s 2051
f 1853/1/6132 1852/1/6133 2669/1/6132
f 2669/1/6132 2668/1/6132 1853/1/6132
s 2052
f 1852/1/6134 1835/1/6134 2649/1/6134
f 2649/1/6134 2669/1/6134 1852/1/6134
s 2053
f 2648/1/6135 2664/1/6136 2669/1/6135
f 2669/1/6135 2649/1/6135 2648/1/6135
s 2054
f 2647/1/6137 2665/1/6137 2664/1/6137
f 2664/1/6137 2648/1/6137 2647/1/6137
s 2055
f 2674/1/6138 2675/1/5470 2676/1/5471
f 2676/1/5471 2677/1/5470 2674/1/6138
s 2056
f 2678/1/5465 2679/1/5465 2675/1/6139
f 2675/1/6139 2674/1/6140 2678/1/5465
s 2057
f 2675/1/6141 2680/1/5477 2681/1/5477
f 2681/1/5477 2676/1/5477 2675/1/6141
s 2058
f 2679/1/5474 2682/1/5473 2680/1/5473
f 2680/1/5473 2675/1/5473 2679/1/5474
s 2059
f 2677/1/6142 2683/1/6143 1353/1/6144
f 1353/1/6144 1352/1/6145 2677/1/6142
s 2060
f 1362/1/6146 2674/1/5485 2677/1/6147
f 2677/1/6147 1352/1/6148 1362/1/6146
s 2061
f 1362/1/5483 1361/1/5483 2678/1/6149
f 2678/1/6149 2674/1/5483 1362/1/5483
s 2062
f 1361/1/6150 1333/1/6151 2659/1/6152
f 2659/1/6152 2678/1/5479 1361/1/6150
s 2063
f 2679/1/6153 2678/1/6154 2659/1/6155
f 2659/1/6155 2661/1/6154 2679/1/6153
s 2064
f 2660/1/5505 2682/1/5505 2679/1/5505
f 2679/1/5505 2661/1/5505 2660/1/5505
s 2065
f 2660/1/6156 1948/1/6156 1971/1/6156
f 1971/1/6156 2682/1/6157 2660/1/6156
s 2066
f 2682/1/5498 1971/1/5498 1970/1/5498
f 1970/1/5498 2680/1/5498 2682/1/5498
s 2067
f 2680/1/5496 1970/1/6158 1969/1/5496
f 1969/1/5496 2681/1/5496 2680/1/5496
s 2068
f 2681/1/6159 1969/1/5495 1968/1/6160
f 1968/1/6160 2684/1/6161 2681/1/6159
s 2069
f 2685/1/5493 2676/1/5493 2681/1/5493
f 2681/1/5493 2684/1/5494 2685/1/5493
s 2070
f 2676/1/6162 2685/1/6163 2683/1/6164
f 2683/1/6164 2677/1/6162 2676/1/6162
s 2071
f 2686/1/6165 2687/1/6165 2688/1/6165
f 2688/1/6165 2689/1/6166 2686/1/6165
s 2072
f 2690/1/6167 2691/1/6168 2687/1/6167
f 2687/1/6167 2686/1/6169 2690/1/6167
s 2073
f 2687/1/6170 2692/1/6171 2693/1/6172
f 2693/1/6172 2688/1/6170 2687/1/6170
s 2074
f 2694/1/6173 2692/1/6174 2687/1/6175
f 2687/1/6175 2691/1/6176 2694/1/6173
s 2075
f 2671/1/6177 1238/1/6178 1260/1/6178
f 1260/1/6178 2689/1/6178 2671/1/6177
s 2076
f 2689/1/6179 1260/1/6179 1259/1/6179
f 1259/1/6179 2686/1/6179 2689/1/6179
s 2077
f 2690/1/6180 2686/1/6181 1259/1/6182
f 1259/1/6182 1257/1/6181 2690/1/6180
s 2078
f 2690/1/6183 1257/1/6184 1258/1/6185
f 1258/1/6185 2695/1/6186 2690/1/6183
s 2079
f 2695/1/6187 2696/1/6188 2691/1/6187
f 2691/1/6187 2690/1/6187 2695/1/6187
s 2080
f 2694/1/6189 2691/1/6190 2696/1/6189
f 2696/1/6189 2697/1/6191 2694/1/6189
s 2081
f 1875/1/6192 1874/1/6192 2694/1/6193
f 2694/1/6193 2697/1/6194 1875/1/6192
s 2082
f 2694/1/6195 1874/1/6195 1873/1/6195
f 1873/1/6195 2692/1/6195 2694/1/6195
s 2083
f 1873/1/6196 1872/1/6197 2693/1/6196
f 2693/1/6196 2692/1/6198 1873/1/6196
s 2084
f 1872/1/6199 1855/1/6200 2673/1/6200
f 2673/1/6200 2693/1/6200 1872/1/6199
s 2085
f 2672/1/6201 2688/1/6201 2693/1/6201
f 2693/1/6201 2673/1/6201 2672/1/6201
s 2086
f 2671/1/6202 2689/1/6203 2688/1/6204
f 2688/1/6204 2672/1/6204 2671/1/6202
s 2087
f 2698/1/6205 2699/1/6206 2700/1/6207
f 2700/1/6207 2701/1/5536 2698/1/6205
s 2088
f 2702/1/6208 2703/1/5532 2699/1/6208
f 2699/1/6208 2698/1/5531 2702/1/6208
s 2089
f 2699/1/5540 2704/1/5540 2705/1/5539
f 2705/1/5539 2700/1/5540 2699/1/5540
s 2090
f 2703/1/6209 2706/1/6209 2704/1/6209
f 2704/1/6209 2699/1/5538 2703/1/6209
s 2091
f 2701/1/5548 2707/1/5548 1373/1/6210
f 1373/1/6210 1372/1/5548 2701/1/5548
s 2092
f 1382/1/6211 2698/1/6212 2701/1/6213
f 2701/1/6213 1372/1/6211 1382/1/6211
s 2093
f 1382/1/6214 1381/1/5543 2702/1/6214
f 2702/1/6214 2698/1/6215 1382/1/6214
s 2094
f 1381/1/5541 1353/1/5541 2683/1/5541
f 2683/1/5541 2702/1/5541 1381/1/5541
s 2095
f 2703/1/6216 2702/1/5567 2683/1/5567
f 2683/1/5567 2685/1/5567 2703/1/6216
s 2096
f 2684/1/6217 2706/1/6218 2703/1/6217
f 2703/1/6217 2685/1/5565 2684/1/6217
s 2097
f 2684/1/5563 1968/1/6219 1991/1/5563
f 1991/1/5563 2706/1/5563 2684/1/5563
s 2098
f 2706/1/5560 1991/1/5560 1990/1/5560
f 1990/1/5560 2704/1/5560 2706/1/5560
s 2099
f 2704/1/6220 1990/1/6220 1989/1/6220
f 1989/1/6220 2705/1/6220 2704/1/6220
s 2100
f 2705/1/5556 1989/1/5556 1988/1/5556
f 1988/1/5556 2708/1/5556 2705/1/5556
s 2101
f 2709/1/5552 2700/1/5551 2705/1/5551
f 2705/1/5551 2708/1/5551 2709/1/5552
s 2102
f 2700/1/5550 2709/1/6221 2707/1/6222
f 2707/1/6222 2701/1/5550 2700/1/5550
s 2103
f 2710/1/6223 2711/1/6223 2712/1/6224
f 2712/1/6224 2713/1/6224 2710/1/6223
s 2104
f 2714/1/6225 2715/1/6225 2711/1/6226
f 2711/1/6226 2710/1/6227 2714/1/6225
s 2105
f 2711/1/6228 2716/1/6229 2717/1/6228
f 2717/1/6228 2712/1/6229 2711/1/6228
s 2106
f 2718/1/6230 2716/1/6231 2711/1/6230
f 2711/1/6230 2715/1/6230 2718/1/6230
s 2107
f 2695/1/6232 1258/1/6233 1280/1/6234
f 1280/1/6234 2713/1/6235 2695/1/6232
s 2108
f 2713/1/6236 1280/1/6237 1279/1/6238
f 1279/1/6238 2710/1/6239 2713/1/6236
s 2109
f 2714/1/6240 2710/1/6241 1279/1/6242
f 1279/1/6242 1277/1/6243 2714/1/6240
s 2110
f 2714/1/6244 1277/1/6245 1278/1/6246
f 1278/1/6246 2719/1/6247 2714/1/6244
s 2111
f 2719/1/6248 2720/1/6249 2715/1/6249
f 2715/1/6249 2714/1/6249 2719/1/6248
s 2112
f 2718/1/6250 2715/1/6250 2720/1/6250
f 2720/1/6250 2721/1/6251 2718/1/6250
s 2113
f 1895/1/6252 1894/1/6253 2718/1/6254
f 2718/1/6254 2721/1/6252 1895/1/6252
s 2114
f 2718/1/6255 1894/1/6255 1893/1/6256
f 1893/1/6256 2716/1/6255 2718/1/6255
s 2115
f 1893/1/6257 1892/1/6258 2717/1/6259
f 2717/1/6259 2716/1/6260 1893/1/6257
s 2116
f 1892/1/6261 1875/1/6262 2697/1/6263
f 2697/1/6263 2717/1/6264 1892/1/6261
s 2117
f 2696/1/6265 2712/1/6265 2717/1/6265
f 2717/1/6265 2697/1/6265 2696/1/6265
s 2118
f 2712/1/6266 2696/1/6267 2695/1/6266
f 2695/1/6266 2713/1/6268 2712/1/6266
s 2119
f 2722/1/5599 2723/1/6269 2724/1/5599
f 2724/1/5599 2725/1/5601 2722/1/5599
s 2120
f 2726/1/6270 2727/1/6271 2723/1/5597
f 2723/1/5597 2722/1/5597 2726/1/6270
s 2121
f 2723/1/6272 2728/1/6273 2729/1/6272
f 2729/1/6272 2724/1/6274 2723/1/6272
s 2122
f 2727/1/6275 2730/1/6276 2728/1/6276
f 2728/1/6276 2723/1/5603 2727/1/6275
s 2123
f 2725/1/6277 2731/1/6278 1393/1/6279
f 1393/1/6279 1392/1/5614 2725/1/6277
s 2124
f 1402/1/6280 2722/1/6281 2725/1/6282
f 2725/1/6282 1392/1/5613 1402/1/6280
s 2125
f 1402/1/6283 1401/1/5610 2726/1/5610
f 2726/1/5610 2722/1/6284 1402/1/6283
s 2126
f 1401/1/6285 1373/1/5608 2707/1/6285
f 2707/1/6285 2726/1/6286 1401/1/6285
s 2127
f 2727/1/5635 2726/1/6287 2707/1/6288
f 2707/1/6288 2709/1/6289 2727/1/5635
s 2128
f 2708/1/6290 2730/1/6291 2727/1/6292
f 2727/1/6292 2709/1/6292 2708/1/6290
s 2129
f 2708/1/5630 1988/1/6293 2011/1/5631
f 2011/1/5631 2730/1/5631 2708/1/5630
s 2130
f 2730/1/5629 2011/1/5629 2010/1/6294
f 2010/1/6294 2728/1/5629 2730/1/5629
s 2131
f 2728/1/6295 2010/1/5625 2009/1/5626
f 2009/1/5626 2729/1/5625 2728/1/6295
s 2132
f 2729/1/6296 2009/1/6297 2008/1/6297
f 2008/1/6297 2732/1/6297 2729/1/6296
s 2133
f 2729/1/5621 2732/1/5621 2733/1/5620
f 2733/1/5620 2724/1/5621 2729/1/5621
s 2134
f 2724/1/6298 2733/1/5616 2731/1/6299
f 2731/1/6299 2725/1/6298 2724/1/6298
s 2135
f 2734/1/6300 2735/1/5984 2736/1/6301
f 2736/1/6301 2737/1/6302 2734/1/6300
s 2136
f 2738/1/6303 2739/1/5980 2735/1/5980
f 2735/1/5980 2734/1/6304 2738/1/6303
s 2137
f 2735/1/6305 2740/1/6306 2741/1/6307
f 2741/1/6307 2736/1/6308 2735/1/6305
s 2138
f 2735/1/6309 2739/1/5985 2742/1/6310
f 2742/1/6310 2740/1/6310 2735/1/6309
s 2139
f 2737/1/5998 2743/1/6311 869/1/6312
f 869/1/6312 868/1/5998 2737/1/5998
s 2140
f 2737/1/6313 868/1/5996 882/1/5996
f 882/1/5996 2734/1/5996 2737/1/6313
s 2141
f 880/1/5993 2738/1/5993 2734/1/5993
f 2734/1/5993 882/1/5993 880/1/5993
s 2142
f 2137/1/6314 2738/1/5990 880/1/6314
f 880/1/6314 881/1/6314 2137/1/6314
s 2143
f 2738/1/6019 2137/1/6019 2142/1/6020
f 2142/1/6020 2739/1/6019 2738/1/6019
s 2144
f 2739/1/6017 2142/1/6017 2141/1/6017
f 2141/1/6017 2742/1/6017 2739/1/6017
s 2145
f 847/1/6315 846/1/6316 2742/1/6015
f 2742/1/6015 2141/1/6317 847/1/6315
s 2146
f 2742/1/6318 846/1/6014 845/1/6318
f 845/1/6318 2740/1/6318 2742/1/6318
s 2147
f 2741/1/6319 2740/1/6320 845/1/6321
f 845/1/6321 844/1/6322 2741/1/6319
s 2148
f 844/1/6323 843/1/6009 2744/1/6324
f 2744/1/6324 2741/1/6010 844/1/6323
s 2149
f 2736/1/6325 2741/1/6325 2744/1/6325
f 2744/1/6325 2745/1/6325 2736/1/6325
s 2150
f 2736/1/6326 2745/1/6327 2743/1/6327
f 2743/1/6327 2737/1/6328 2736/1/6326
s 2151
f 2746/1/6329 2747/1/6329 2748/1/6330
f 2748/1/6330 2749/1/6330 2746/1/6329
s 2152
f 2750/1/6331 2751/1/6332 2747/1/6333
f 2747/1/6333 2746/1/6334 2750/1/6331
s 2153
f 2747/1/6335 2752/1/6336 2753/1/6337
f 2753/1/6337 2748/1/6338 2747/1/6335
s 2154
f 2754/1/6339 2752/1/4599 2747/1/4599
f 2747/1/4599 2751/1/6340 2754/1/6339
s 2155
f 2719/1/6341 1278/1/6341 1300/1/6342
f 1300/1/6342 2749/1/6343 2719/1/6341
s 2156
f 2749/1/4610 1300/1/4610 1299/1/6344
f 1299/1/6344 2746/1/6344 2749/1/4610
s 2157
f 2750/1/6345 2746/1/4607 1299/1/4607
f 1299/1/4607 1297/1/4607 2750/1/6345
s 2158
f 2755/1/4604 2750/1/4604 1297/1/4604
f 1297/1/4604 1298/1/4604 2755/1/4604
s 2159
f 2755/1/6346 2756/1/4636 2751/1/6347
f 2751/1/6347 2750/1/6348 2755/1/6346
s 2160
f 2754/1/6349 2751/1/6349 2756/1/6350
f 2756/1/6350 2757/1/6351 2754/1/6349
s 2161
f 2754/1/6352 2757/1/6352 1915/1/6353
f 1915/1/6353 1914/1/6352 2754/1/6352
s 2162
f 2754/1/4628 1914/1/6354 1913/1/6354
f 1913/1/6354 2752/1/4628 2754/1/4628
s 2163
f 1913/1/4623 1912/1/6355 2753/1/4623
f 2753/1/4623 2752/1/4623 1913/1/4623
s 2164
f 1912/1/6356 1895/1/6356 2721/1/4620
f 2721/1/4620 2753/1/6356 1912/1/6356
s 2165
f 2721/1/6357 2720/1/4617 2748/1/6357
f 2748/1/6357 2753/1/6357 2721/1/6357
s 2166
f 2719/1/4614 2749/1/4614 2748/1/4614
f 2748/1/4614 2720/1/4614 2719/1/4614
s 2167
f 2758/1/6358 2759/1/6359 2760/1/6360
f 2760/1/6360 2761/1/5668 2758/1/6358
s 2168
f 2762/1/5666 2763/1/5666 2759/1/5666
f 2759/1/5666 2758/1/5666 2762/1/5666
s 2169
f 2759/1/6361 2764/1/6361 2765/1/6361
f 2765/1/6361 2760/1/6361 2759/1/6361
s 2170
f 2763/1/6362 2766/1/5670 2764/1/5670
f 2764/1/5670 2759/1/5670 2763/1/6362
s 2171
f 2761/1/6363 2767/1/5679 1413/1/5679
f 1413/1/5679 1412/1/5679 2761/1/6363
s 2172
f 1422/1/5678 2758/1/5678 2761/1/5678
f 2761/1/5678 1412/1/5678 1422/1/5678
s 2173
f 1422/1/6364 1421/1/6365 2762/1/6366
f 2762/1/6366 2758/1/6365 1422/1/6364
s 2174
f 1421/1/6367 1393/1/6368 2731/1/6369
f 2731/1/6369 2762/1/6370 1421/1/6367
s 2175
f 2763/1/5706 2762/1/5706 2731/1/5706
f 2731/1/5706 2733/1/5707 2763/1/5706
s 2176
f 2732/1/6371 2766/1/5702 2763/1/6372
f 2763/1/6372 2733/1/5705 2732/1/6371
s 2177
f 2732/1/6373 2008/1/5701 2031/1/5701
f 2031/1/5701 2766/1/5701 2732/1/6373
s 2178
f 2766/1/6374 2031/1/5696 2030/1/6375
f 2030/1/6375 2764/1/5696 2766/1/6374
s 2179
f 2764/1/5693 2030/1/6376 2029/1/5693
f 2029/1/5693 2765/1/6377 2764/1/5693
s 2180
f 2029/1/6378 2028/1/5689 2768/1/6379
f 2768/1/6379 2765/1/6378 2029/1/6378
s 2181
f 2760/1/6380 2765/1/6381 2768/1/6382
f 2768/1/6382 2769/1/6383 2760/1/6380
s 2182
f 2761/1/6384 2760/1/6385 2769/1/5682
f 2769/1/5682 2767/1/5682 2761/1/6384
s 2183
f 2770/1/6386 2771/1/6386 2772/1/6387
f 2772/1/6387 2773/1/6387 2770/1/6386
s 2184
f 2774/1/6388 2775/1/6389 2771/1/6388
f 2771/1/6388 2770/1/6389 2774/1/6388
s 2185
f 2771/1/6390 2776/1/6390 2777/1/6391
f 2777/1/6391 2772/1/6047 2771/1/6390
s 2186
f 2771/1/6046 2775/1/6046 2778/1/6392
f 2778/1/6392 2776/1/6393 2771/1/6046
s 2187
f 893/1/6394 892/1/6060 2773/1/6060
f 2773/1/6060 2779/1/6060 893/1/6394
s 2188
f 2773/1/6057 892/1/6056 902/1/6056
f 902/1/6056 2770/1/6056 2773/1/6057
s 2189
f 902/1/6055 901/1/6395 2774/1/6055
f 2774/1/6055 2770/1/6053 902/1/6055
s 2190
f 2774/1/6396 901/1/6397 869/1/6398
f 869/1/6398 2743/1/6399 2774/1/6396
s 2191
f 2745/1/6079 2775/1/6400 2774/1/6079
f 2774/1/6079 2743/1/6079 2745/1/6079
s 2192
f 2744/1/6076 2778/1/6076 2775/1/6077
f 2775/1/6077 2745/1/6076 2744/1/6076
s 2193
f 843/1/6401 1511/1/6402 2778/1/6403
f 2778/1/6403 2744/1/6404 843/1/6401
s 2194
f 2778/1/6070 1511/1/6405 1510/1/6405
f 1510/1/6405 2776/1/6072 2778/1/6070
s 2195
f 2777/1/6406 2776/1/6068 1510/1/6407
f 1510/1/6407 1507/1/6408 2777/1/6406
s 2196
f 1507/1/6409 1509/1/6410 2780/1/6411
f 2780/1/6411 2777/1/6412 1507/1/6409
s 2197
f 2772/1/6413 2777/1/6414 2780/1/6415
f 2780/1/6415 2781/1/6416 2772/1/6413
s 2198
f 2772/1/6417 2781/1/6418 2779/1/6419
f 2779/1/6419 2773/1/6418 2772/1/6417
s 2199
f 2782/1/6420 2783/1/6421 2784/1/6421
f 2784/1/6421 2785/1/6421 2782/1/6420
s 2200
f 2786/1/6422 2787/1/6422 2783/1/6423
f 2783/1/6423 2782/1/6422 2786/1/6422
s 2201
f 2783/1/6424 2788/1/6425 2789/1/6424
f 2789/1/6424 2784/1/6424 2783/1/6424
s 2202
f 2790/1/4725 2788/1/6426 2783/1/4725
f 2783/1/4725 2787/1/4725 2790/1/4725
s 2203
f 2755/1/4734 1298/1/4734 1320/1/6427
f 1320/1/6427 2785/1/6428 2755/1/4734
s 2204
f 2785/1/6429 1320/1/6430 1319/1/6430
f 1319/1/6430 2782/1/6430 2785/1/6429
s 2205
f 2786/1/4731 2782/1/6431 1319/1/6432
f 1319/1/6432 1317/1/4731 2786/1/4731
s 2206
f 2791/1/4728 2786/1/4728 1317/1/4728
f 1317/1/4728 1318/1/4728 2791/1/4728
s 2207
f 2791/1/4757 2792/1/4755 2787/1/4755
f 2787/1/4755 2786/1/4755 2791/1/4757
s 2208
f 2790/1/4753 2787/1/4753 2792/1/4753
f 2792/1/4753 2793/1/4753 2790/1/4753
s 2209
f 2790/1/4749 2793/1/4750 1935/1/4750
f 1935/1/4750 1934/1/4749 2790/1/4749
s 2210
f 2790/1/4747 1934/1/6433 1933/1/6433
f 1933/1/6433 2788/1/6434 2790/1/4747
s 2211
f 1933/1/6435 1932/1/6436 2789/1/6437
f 2789/1/6437 2788/1/4745 1933/1/6435
s 2212
f 1932/1/4742 1915/1/4742 2757/1/4742
f 2757/1/4742 2789/1/6438 1932/1/4742
s 2213
f 2784/1/4739 2789/1/4739 2757/1/6439
f 2757/1/6439 2756/1/6440 2784/1/4739
s 2214
f 2785/1/4736 2784/1/4736 2756/1/4736
f 2756/1/4736 2755/1/4736 2785/1/4736
s 2215
f 2794/1/6441 2795/1/6442 2796/1/5738
f 2796/1/5738 2797/1/6442 2794/1/6441
s 2216
f 2798/1/5735 2799/1/5735 2795/1/5734
f 2795/1/5734 2794/1/5735 2798/1/5735
s 2217
f 2795/1/5740 2800/1/5740 2801/1/5740
f 2801/1/5740 2796/1/5740 2795/1/5740
s 2218
f 2799/1/5739 2802/1/5739 2800/1/5739
f 2800/1/5739 2795/1/6443 2799/1/5739
s 2219
f 2797/1/6444 2803/1/5750 1433/1/6445
f 1433/1/6445 1432/1/5750 2797/1/6444
s 2220
f 1442/1/6446 2794/1/6447 2797/1/6448
f 2797/1/6448 1432/1/5748 1442/1/6446
s 2221
f 1442/1/6449 1441/1/5747 2798/1/5747
f 2798/1/5747 2794/1/5747 1442/1/6449
s 2222
f 1441/1/5743 1413/1/5743 2767/1/5743
f 2767/1/5743 2798/1/5743 1441/1/5743
s 2223
f 2798/1/6450 2767/1/5770 2769/1/6451
f 2769/1/6451 2799/1/5770 2798/1/6450
s 2224
f 2768/1/5767 2802/1/5768 2799/1/6452
f 2799/1/6452 2769/1/6453 2768/1/5767
s 2225
f 2051/1/6454 2802/1/6454 2768/1/6454
f 2768/1/6454 2028/1/6455 2051/1/6454
s 2226
f 2802/1/5760 2051/1/5761 2050/1/6456
f 2050/1/6456 2800/1/5760 2802/1/5760
s 2227
f 2800/1/6457 2050/1/5757 2049/1/6458
f 2049/1/6458 2801/1/6459 2800/1/6457
s 2228
f 2049/1/5756 2048/1/5756 2804/1/5756
f 2804/1/5756 2801/1/5756 2049/1/5756
s 2229
f 2796/1/5755 2801/1/5755 2804/1/5755
f 2804/1/5755 2805/1/5755 2796/1/5755
s 2230
f 2797/1/6460 2796/1/6461 2805/1/6462
f 2805/1/6462 2803/1/6463 2797/1/6460
s 2231
f 2806/1/6104 2807/1/6104 2808/1/6104
f 2808/1/6104 2809/1/6464 2806/1/6104
s 2232
f 2810/1/6103 2811/1/6103 2807/1/6465
f 2807/1/6465 2806/1/6465 2810/1/6103
s 2233
f 2807/1/6108 2812/1/6108 2813/1/6108
f 2813/1/6108 2808/1/6110 2807/1/6108
s 2234
f 2807/1/6106 2811/1/6106 2814/1/6466
f 2814/1/6466 2812/1/6106 2807/1/6106
s 2235
f 2809/1/6467 2815/1/6119 913/1/6468
f 913/1/6468 912/1/6119 2809/1/6467
s 2236
f 2809/1/6117 912/1/6117 922/1/6117
f 922/1/6117 2806/1/6117 2809/1/6117
s 2237
f 2806/1/6469 922/1/6470 921/1/6471
f 921/1/6471 2810/1/6472 2806/1/6469
s 2238
f 921/1/6473 893/1/6112 2779/1/6111
f 2779/1/6111 2810/1/6474 921/1/6473
s 2239
f 2781/1/6137 2811/1/6137 2810/1/6475
f 2810/1/6475 2779/1/6476 2781/1/6137
s 2240
f 2780/1/6477 2814/1/6478 2811/1/6478
f 2811/1/6478 2781/1/6135 2780/1/6477
s 2241
f 1531/1/6479 2814/1/6480 2780/1/6479
f 2780/1/6479 1509/1/6134 1531/1/6479
s 2242
f 2814/1/6481 1531/1/6132 1530/1/6132
f 1530/1/6132 2812/1/6481 2814/1/6481
s 2243
f 2813/1/6482 2812/1/6129 1530/1/6483
f 1530/1/6483 1529/1/6483 2813/1/6482
s 2244
f 1529/1/6484 1528/1/6484 2816/1/6485
f 2816/1/6485 2813/1/6486 1529/1/6484
s 2245
f 2808/1/6487 2813/1/6125 2816/1/6126
f 2816/1/6126 2817/1/6124 2808/1/6487
s 2246
f 2808/1/6488 2817/1/6122 2815/1/6489
f 2815/1/6489 2809/1/6122 2808/1/6488
s 2247
f 2818/1/6490 2819/1/4844 2820/1/6491
f 2820/1/6491 2821/1/6491 2818/1/6490
s 2248
f 2822/1/6492 2823/1/4843 2819/1/4840
f 2819/1/4840 2818/1/4840 2822/1/6492
s 2249
f 2819/1/4849 2824/1/6493 2825/1/6494
f 2825/1/6494 2820/1/4849 2819/1/4849
s 2250
f 2826/1/6495 2824/1/6496 2819/1/6496
f 2819/1/6496 2823/1/6497 2826/1/6495
s 2251
f 2791/1/6498 1318/1/6499 1340/1/6500
f 1340/1/6500 2821/1/4858 2791/1/6498
s 2252
f 2821/1/6501 1340/1/6502 1339/1/4857
f 1339/1/4857 2818/1/4857 2821/1/6501
s 2253
f 2822/1/6503 2818/1/4854 1339/1/6504
f 1339/1/6504 1337/1/6505 2822/1/6503
s 2254
f 2827/1/6506 2822/1/6507 1337/1/4850
f 1337/1/4850 1338/1/4850 2827/1/6506
s 2255
f 2827/1/6508 2828/1/6509 2823/1/4877
f 2823/1/4877 2822/1/6508 2827/1/6508
s 2256
f 2826/1/4875 2823/1/4875 2828/1/4875
f 2828/1/4875 2829/1/4875 2826/1/4875
s 2257
f 2826/1/4872 2829/1/6510 1955/1/6511
f 1955/1/6511 1954/1/4872 2826/1/4872
s 2258
f 2826/1/6512 1954/1/6513 1953/1/6514
f 1953/1/6514 2824/1/4871 2826/1/6512
s 2259
f 1953/1/6515 1952/1/6516 2825/1/6517
f 2825/1/6517 2824/1/6518 1953/1/6515
s 2260
f 1952/1/6519 1935/1/4867 2793/1/4867
f 2793/1/4867 2825/1/6520 1952/1/6519
s 2261
f 2820/1/6521 2825/1/6522 2793/1/6522
f 2793/1/6522 2792/1/6522 2820/1/6521
s 2262
f 2821/1/4861 2820/1/4861 2792/1/4861
f 2792/1/4861 2791/1/6523 2821/1/4861
s 2263
f 2830/1/5800 2831/1/5800 2832/1/5800
f 2832/1/5800 2833/1/5800 2830/1/5800
s 2264
f 2834/1/5797 2835/1/6524 2831/1/5797
f 2831/1/5797 2830/1/5799 2834/1/5797
s 2265
f 2831/1/5804 2836/1/5804 2837/1/6525
f 2837/1/6525 2832/1/6526 2831/1/5804
s 2266
f 2835/1/5803 2838/1/6527 2836/1/5803
f 2836/1/5803 2831/1/6527 2835/1/5803
s 2267
f 2833/1/5814 2839/1/5814 1453/1/5814
f 1453/1/5814 1452/1/6528 2833/1/5814
s 2268
f 1462/1/5813 2830/1/5812 2833/1/6529
f 2833/1/6529 1452/1/6529 1462/1/5813
s 2269
f 1462/1/5808 1461/1/6530 2834/1/6531
f 2834/1/6531 2830/1/5808 1462/1/5808
s 2270
f 1461/1/6532 1433/1/6532 2803/1/6532
f 2803/1/6532 2834/1/6533 1461/1/6532
s 2271
f 2834/1/6534 2803/1/5829 2805/1/6535
f 2805/1/6535 2835/1/6536 2834/1/6534
s 2272
f 2804/1/6537 2838/1/5827 2835/1/6538
f 2835/1/6538 2805/1/5827 2804/1/6537
s 2273
f 2071/1/6539 2838/1/5826 2804/1/5826
f 2804/1/5826 2048/1/6540 2071/1/6539
s 2274
f 2838/1/6541 2071/1/6541 2070/1/6542
f 2070/1/6542 2836/1/5824 2838/1/6541
s 2275
f 2836/1/6543 2070/1/6544 2069/1/6545
f 2069/1/6545 2837/1/6546 2836/1/6543
s 2276
f 2069/1/6547 2068/1/6548 2840/1/6547
f 2840/1/6547 2837/1/6547 2069/1/6547
s 2277
f 2832/1/6549 2837/1/5818 2840/1/5818
f 2840/1/5818 2841/1/5817 2832/1/6549
s 2278
f 2833/1/6550 2832/1/5816 2841/1/6551
f 2841/1/6551 2839/1/6552 2833/1/6550
s 2279
f 2842/1/6169 2843/1/6169 2844/1/6553
f 2844/1/6553 2845/1/6554 2842/1/6169
s 2280
f 2846/1/6165 2847/1/6165 2843/1/6165
f 2843/1/6165 2842/1/6165 2846/1/6165
s 2281
f 2843/1/6174 2848/1/6174 2849/1/6174
f 2849/1/6174 2844/1/6555 2843/1/6174
s 2282
f 2843/1/6170 2847/1/6170 2850/1/6172
f 2850/1/6172 2848/1/6170 2843/1/6170
s 2283
f 2845/1/6184 2851/1/6556 933/1/6556
f 933/1/6556 932/1/6184 2845/1/6184
s 2284
f 2845/1/6181 932/1/6557 942/1/6181
f 942/1/6181 2842/1/6558 2845/1/6181
s 2285
f 2846/1/6559 2842/1/6560 942/1/6561
f 942/1/6561 941/1/6560 2846/1/6559
s 2286
f 941/1/6177 913/1/6562 2815/1/6562
f 2815/1/6562 2846/1/6563 941/1/6177
s 2287
f 2817/1/6564 2847/1/6565 2846/1/6204
f 2846/1/6204 2815/1/6204 2817/1/6564
s 2288
f 2816/1/6566 2850/1/6201 2847/1/6201
f 2847/1/6201 2817/1/6201 2816/1/6566
s 2289
f 1551/1/6200 2850/1/6200 2816/1/6200
f 2816/1/6200 1528/1/6200 1551/1/6200
s 2290
f 2850/1/6198 1551/1/6198 1550/1/6198
f 1550/1/6198 2848/1/6198 2850/1/6198
s 2291
f 1550/1/6567 1549/1/6568 2849/1/6569
f 2849/1/6569 2848/1/6570 1550/1/6567
s 2292
f 1549/1/6192 1548/1/6192 2852/1/6192
f 2852/1/6192 2849/1/6571 1549/1/6192
s 2293
f 2844/1/6572 2849/1/6573 2852/1/6574
f 2852/1/6574 2853/1/6191 2844/1/6572
s 2294
f 2844/1/6187 2853/1/6187 2851/1/6187
f 2851/1/6187 2845/1/6187 2844/1/6187
s 2295
f 2854/1/6575 2855/1/4965 2856/1/4966
f 2856/1/4966 2857/1/4966 2854/1/6575
s 2296
f 2858/1/6576 2859/1/4961 2855/1/6577
f 2855/1/6577 2854/1/6578 2858/1/6576
s 2297
f 2855/1/4968 2860/1/4968 2861/1/6579
f 2861/1/6579 2856/1/6579 2855/1/4968
s 2298
f 2862/1/6580 2860/1/6581 2855/1/6582
f 2855/1/6582 2859/1/6580 2862/1/6580
s 2299
f 2827/1/6583 1338/1/6584 1360/1/6585
f 1360/1/6585 2857/1/6586 2827/1/6583
s 2300
f 2857/1/6587 1360/1/6588 1359/1/6589
f 1359/1/6589 2854/1/6590 2857/1/6587
s 2301
f 2858/1/4975 2854/1/4974 1359/1/6591
f 1359/1/6591 1357/1/6592 2858/1/4975
s 2302
f 1357/1/4972 1358/1/6593 2122/1/6594
f 2122/1/6594 2858/1/4972 1357/1/4972
s 2303
f 2127/1/4997 2859/1/4997 2858/1/4999
f 2858/1/4999 2122/1/4998 2127/1/4997
s 2304
f 2862/1/6595 2859/1/6595 2127/1/6596
f 2127/1/6596 2126/1/6595 2862/1/6595
s 2305
f 2862/1/6597 2126/1/6598 1975/1/6599
f 1975/1/6599 1974/1/4991 2862/1/6597
s 2306
f 2862/1/4990 1974/1/6600 1973/1/4990
f 1973/1/4990 2860/1/4990 2862/1/4990
s 2307
f 1973/1/4986 1972/1/4986 2861/1/4986
f 2861/1/4986 2860/1/4986 1973/1/4986
s 2308
f 1972/1/4984 1955/1/6601 2829/1/6602
f 2829/1/6602 2861/1/6603 1972/1/4984
s 2309
f 2856/1/4982 2861/1/4982 2829/1/4982
f 2829/1/4982 2828/1/4982 2856/1/4982
s 2310
f 2857/1/6604 2856/1/6605 2828/1/6605
f 2828/1/6605 2827/1/4981 2857/1/6604
s 2311
f 2863/1/6606 2864/1/5861 2865/1/6607
f 2865/1/6607 2866/1/5861 2863/1/6606
s 2312
f 2867/1/6608 2868/1/6609 2864/1/6610
f 2864/1/6610 2863/1/5859 2867/1/6608
s 2313
f 2864/1/5868 2869/1/5870 2870/1/6611
f 2870/1/6611 2865/1/5868 2864/1/5868
s 2314
f 2868/1/6612 2871/1/6613 2869/1/6612
f 2869/1/6612 2864/1/6614 2868/1/6612
s 2315
f 2866/1/5878 2138/1/6615 1473/1/5879
f 1473/1/5879 1472/1/6616 2866/1/5878
s 2316
f 1482/1/5877 2863/1/5877 2866/1/5877
f 2866/1/5877 1472/1/6617 1482/1/5877
s 2317
f 1482/1/6618 1481/1/6619 2867/1/6620
f 2867/1/6620 2863/1/6621 1482/1/6618
s 2318
f 1481/1/5872 1453/1/5871 2839/1/5873
f 2839/1/5873 2867/1/5873 1481/1/5872
s 2319
f 2867/1/6622 2839/1/5901 2841/1/6623
f 2841/1/6623 2868/1/6624 2867/1/6622
s 2320
f 2840/1/6625 2871/1/6625 2868/1/6626
f 2868/1/6626 2841/1/6625 2840/1/6625
s 2321
f 2091/1/5896 2871/1/6627 2840/1/5896
f 2840/1/5896 2068/1/5896 2091/1/5896
s 2322
f 2871/1/5893 2091/1/6628 2090/1/5893
f 2090/1/5893 2869/1/6629 2871/1/5893
s 2323
f 2869/1/6630 2090/1/5889 2089/1/5891
f 2089/1/5891 2870/1/6631 2869/1/6630
s 2324
f 2089/1/6632 2088/1/6632 2140/1/6633
f 2140/1/6633 2870/1/6634 2089/1/6632
s 2325
f 2870/1/5884 2140/1/6635 2139/1/5884
f 2139/1/5884 2865/1/5884 2870/1/5884
s 2326
f 2866/1/6636 2865/1/6636 2139/1/6636
f 2139/1/6636 2138/1/6636 2866/1/6636
s 2327
f 2872/1/6225 2873/1/6225 2874/1/6637
f 2874/1/6637 2875/1/6226 2872/1/6225
s 2328
f 2876/1/6638 2877/1/6639 2873/1/6639
f 2873/1/6639 2872/1/6639 2876/1/6638
s 2329
f 2873/1/6640 2878/1/6641 2879/1/6230
f 2879/1/6230 2874/1/6230 2873/1/6640
s 2330
f 2873/1/6642 2877/1/6643 2880/1/6644
f 2880/1/6644 2878/1/6644 2873/1/6642
s 2331
f 2875/1/6245 2153/1/6645 953/1/6245
f 953/1/6245 952/1/6245 2875/1/6245
s 2332
f 2875/1/6646 952/1/6647 962/1/6243
f 962/1/6243 2872/1/6243 2875/1/6646
s 2333
f 2876/1/6237 2872/1/6238 962/1/6238
f 962/1/6238 961/1/6648 2876/1/6237
s 2334
f 961/1/6233 933/1/6649 2851/1/6233
f 2851/1/6233 2876/1/6650 961/1/6233
s 2335
f 2853/1/6651 2877/1/6652 2876/1/6268
f 2876/1/6268 2851/1/6267 2853/1/6651
s 2336
f 2852/1/6265 2880/1/6265 2877/1/6265
f 2877/1/6265 2853/1/6265 2852/1/6265
s 2337
f 1571/1/6653 2880/1/6264 2852/1/6264
f 2852/1/6264 1548/1/6264 1571/1/6653
s 2338
f 2880/1/6260 1571/1/6260 1570/1/6654
f 1570/1/6654 2878/1/6260 2880/1/6260
s 2339
f 1570/1/6655 1569/1/6255 2879/1/6656
f 2879/1/6656 2878/1/6255 1570/1/6655
s 2340
f 1569/1/6252 1568/1/6657 2155/1/6657
f 2155/1/6657 2879/1/6252 1569/1/6252
s 2341
f 2155/1/6658 2154/1/6659 2874/1/6660
f 2874/1/6660 2879/1/6661 2155/1/6658
s 2342
f 2875/1/6249 2874/1/6662 2154/1/6663
f 2154/1/6663 2153/1/6664 2875/1/6249
s 2343
f 2881/1/6665 2882/1/6665 2883/1/6665
f 2883/1/6665 2884/1/6665 2885/1/6665
f 2881/1/6665 2883/1/6665 2885/1/6665
f 2885/1/6665 2886/1/6665 2887/1/6665
f 2887/1/6665 2888/1/6665 2889/1/6665
f 2885/1/6665 2887/1/6665 2889/1/6665
f 2881/1/6665 2885/1/6665 2889/1/6665
f 2889/1/6665 2890/1/6665 2891/1/6665
f 2891/1/6665 2892/1/6665 2893/1/6665
f 2889/1/6665 2891/1/6665 2893/1/6665
f 2893/1/6665 2894/1/6665 2895/1/6665
f 2895/1/6665 2896/1/6665 2897/1/6665
f 2893/1/6665 2895/1/6665 2897/1/6665
f 2889/1/6665 2893/1/6665 2897/1/6665
f 2897/1/6665 2898/1/6665 2899/1/6665
f 2899/1/6665 2900/1/6665 2901/1/6665
f 2897/1/6665 2899/1/6665 2901/1/6665
f 2901/1/6665 2902/1/6665 2903/1/6665
f 2903/1/6665 2904/1/6665 2905/1/6665
f 2901/1/6665 2903/1/6665 2905/1/6665
f 2897/1/6665 2901/1/6665 2905/1/6665
f 2889/1/6665 2897/1/6665 2905/1/6665
f 2881/1/6665 2889/1/6665 2905/1/6665
f 2906/1/6665 2907/1/6665 2908/1/6665
f 2905/1/6665 2906/1/6665 2908/1/6665
f 2905/1/6665 2908/1/6665 2909/1/6665
f 2881/1/6665 2905/1/6665 2909/1/6665
f 2910/1/6665 2881/1/6665 2909/1/6665
f 2910/1/6665 2909/1/6665 2911/1/6665
f 2910/1/6665 2911/1/6665 2912/1/6665
s 2344
f 2913/1/6666 2914/1/6666 2915/1/6666
f 2915/1/6666 2916/1/6666 2913/1/6666
s 2345
f 2917/1/6667 2905/1/6668 2904/1/6667
f 2904/1/6667 2918/1/6669 2917/1/6667
s 2346
f 2890/1/6670 2919/1/6671 2920/1/6672
f 2920/1/6672 2891/1/6671 2890/1/6670
s 2347
f 2904/1/6673 2903/1/6674 2921/1/6674
f 2921/1/6674 2918/1/6675 2904/1/6673
s 2348
f 2889/1/6676 2922/1/6677 2919/1/6676
f 2919/1/6676 2890/1/6678 2889/1/6676
s 2349
f 2902/1/6679 2923/1/6680 2921/1/6681
f 2921/1/6681 2903/1/6682 2902/1/6679
s 2350
f 2888/1/6683 2924/1/6684 2922/1/6683
f 2922/1/6683 2889/1/6685 2888/1/6683
s 2351
f 2901/1/6686 2925/1/6687 2923/1/6688
f 2923/1/6688 2902/1/6689 2901/1/6686
s 2352
f 2887/1/6690 2926/1/6691 2924/1/6692
f 2924/1/6692 2888/1/6693 2887/1/6690
s 2353
f 2900/1/6694 2927/1/6695 2925/1/6696
f 2925/1/6696 2901/1/6697 2900/1/6694
s 2354
f 2886/1/6698 2928/1/6699 2926/1/6700
f 2926/1/6700 2887/1/6701 2886/1/6698
s 2355
f 2899/1/6702 2929/1/6703 2927/1/6704
f 2927/1/6704 2900/1/6705 2899/1/6702
s 2356
f 2930/1/6706 2881/1/6706 2910/1/6706
f 2910/1/6706 2931/1/6707 2930/1/6706
s 2357
f 2885/1/6708 2932/1/6709 2928/1/6710
f 2928/1/6710 2886/1/6711 2885/1/6708
s 2358
f 2898/1/6712 2933/1/6712 2929/1/6712
f 2929/1/6712 2899/1/6713 2898/1/6712
s 2359
f 2931/1/6714 2910/1/6714 2912/1/6715
f 2912/1/6715 2934/1/6715 2931/1/6714
s 2360
f 2884/1/6716 2935/1/6717 2932/1/6716
f 2932/1/6716 2885/1/6718 2884/1/6716
s 2361
f 2897/1/6719 2936/1/6720 2933/1/6721
f 2933/1/6721 2898/1/6719 2897/1/6719
s 2362
f 2934/1/6722 2912/1/6723 2911/1/6723
f 2911/1/6723 2916/1/6722 2934/1/6722
s 2363
f 2883/1/6724 2937/1/6724 2935/1/6725
f 2935/1/6725 2884/1/6726 2883/1/6724
s 2364
f 2896/1/6727 2938/1/6728 2936/1/6729
f 2936/1/6729 2897/1/6728 2896/1/6727
s 2365
f 2911/1/6730 2909/1/6730 2913/1/6730
f 2913/1/6730 2916/1/6730 2911/1/6730
s 2366
f 2882/1/6731 2939/1/6732 2937/1/6733
f 2937/1/6733 2883/1/6734 2882/1/6731
s 2367
f 2895/1/6735 2940/1/6736 2938/1/6737
f 2938/1/6737 2896/1/6738 2895/1/6735
s 2368
f 2908/1/6739 2941/1/6740 2913/1/6741
f 2913/1/6741 2909/1/6742 2908/1/6739
s 2369
f 2882/1/6743 2881/1/6743 2930/1/6744
f 2930/1/6744 2939/1/6745 2882/1/6743
s 2370
f 2894/1/6746 2942/1/6747 2940/1/6748
f 2940/1/6748 2895/1/6749 2894/1/6746
s 2371
f 2943/1/6750 2941/1/6751 2908/1/6751
f 2908/1/6751 2907/1/6750 2943/1/6750
s 2372
f 2893/1/6752 2944/1/6753 2942/1/6754
f 2942/1/6754 2894/1/6755 2893/1/6752
s 2373
f 2906/1/6756 2945/1/6757 2943/1/6758
f 2943/1/6758 2907/1/6759 2906/1/6756
s 2374
f 2892/1/6760 2946/1/6761 2944/1/6762
f 2944/1/6762 2893/1/6763 2892/1/6760
s 2375
f 2917/1/6764 2945/1/6765 2906/1/6766
f 2906/1/6766 2905/1/6767 2917/1/6764
s 2376
f 2891/1/6768 2920/1/6769 2946/1/6770
f 2946/1/6770 2892/1/6771 2891/1/6768
s 2377
f 2947/1/6772 2948/1/6772 2915/1/6772
f 2915/1/6772 2914/1/6772 2949/1/6772
f 2947/1/6772 2915/1/6772 2949/1/6772
f 2949/1/6772 2950/1/6772 2951/1/6772
f 2949/1/6772 2951/1/6772 2952/1/6772
f 2947/1/6772 2949/1/6772 2952/1/6772
f 2947/1/6772 2952/1/6772 2953/1/6772
f 2953/1/6772 2954/1/6772 2955/1/6772
f 2955/1/6772 2956/1/6772 2957/1/6772
f 2953/1/6772 2955/1/6772 2957/1/6772
f 2957/1/6772 2958/1/6772 2959/1/6772
f 2959/1/6772 2960/1/6772 2961/1/6772
f 2957/1/6772 2959/1/6772 2961/1/6772
f 2953/1/6772 2957/1/6772 2961/1/6772
f 2961/1/6772 2962/1/6772 2963/1/6772
f 2963/1/6772 2964/1/6772 2965/1/6772
f 2961/1/6772 2963/1/6772 2965/1/6772
f 2965/1/6772 2966/1/6772 2967/1/6772
f 2967/1/6772 2968/1/6772 2969/1/6772
f 2965/1/6772 2967/1/6772 2969/1/6772
f 2961/1/6772 2965/1/6772 2969/1/6772
f 2953/1/6772 2961/1/6772 2969/1/6772
f 2969/1/6772 2970/1/6772 2971/1/6772
f 2971/1/6772 2972/1/6772 2973/1/6772
f 2969/1/6772 2971/1/6772 2973/1/6772
f 2973/1/6772 2974/1/6772 2975/1/6772
f 2973/1/6772 2975/1/6772 2976/1/6772
f 2969/1/6772 2973/1/6772 2976/1/6772
f 2953/1/6772 2969/1/6772 2976/1/6772
f 2947/1/6772 2953/1/6772 2976/1/6772
s 2378
f 2939/1/6773 2975/1/6774 2974/1/6773
f 2974/1/6773 2937/1/6773 2939/1/6773
s 2379
f 2940/1/6775 2962/1/6776 2961/1/6776
f 2961/1/6776 2938/1/6777 2940/1/6775
s 2380
f 2941/1/6778 2949/1/6778 2914/1/6778
f 2914/1/6778 2913/1/6778 2941/1/6778
s 2381
f 2939/1/6779 2930/1/6779 2976/1/6779
f 2976/1/6779 2975/1/6780 2939/1/6779
s 2382
f 2942/1/6781 2963/1/6782 2962/1/6782
f 2962/1/6782 2940/1/6783 2942/1/6781
s 2383
f 2943/1/6784 2950/1/6784 2949/1/6784
f 2949/1/6784 2941/1/6784 2943/1/6784
s 2384
f 2944/1/6785 2964/1/6785 2963/1/6785
f 2963/1/6785 2942/1/6785 2944/1/6785
s 2385
f 2945/1/6786 2951/1/6786 2950/1/6786
f 2950/1/6786 2943/1/6786 2945/1/6786
s 2386
f 2946/1/6787 2965/1/6787 2964/1/6787
f 2964/1/6787 2944/1/6787 2946/1/6787
s 2387
f 2917/1/6788 2952/1/6788 2951/1/6788
f 2951/1/6788 2945/1/6788 2917/1/6788
s 2388
f 2920/1/6789 2966/1/6789 2965/1/6789
f 2965/1/6789 2946/1/6789 2920/1/6789
s 2389
f 2918/1/6790 2953/1/6790 2952/1/6790
f 2952/1/6790 2917/1/6791 2918/1/6790
s 2390
f 2919/1/6792 2967/1/6793 2966/1/6792
f 2966/1/6792 2920/1/6793 2919/1/6792
s 2391
f 2921/1/6794 2954/1/6795 2953/1/6794
f 2953/1/6794 2918/1/6796 2921/1/6794
s 2392
f 2922/1/6797 2968/1/6797 2967/1/6798
f 2967/1/6798 2919/1/6798 2922/1/6797
s 2393
f 2923/1/6799 2955/1/6799 2954/1/6799
f 2954/1/6799 2921/1/6799 2923/1/6799
s 2394
f 2924/1/6800 2969/1/6800 2968/1/6800
f 2968/1/6800 2922/1/6800 2924/1/6800
s 2395
f 2925/1/6801 2956/1/6801 2955/1/6801
f 2955/1/6801 2923/1/6801 2925/1/6801
s 2396
f 2926/1/6802 2970/1/6803 2969/1/6802
f 2969/1/6802 2924/1/6802 2926/1/6802
s 2397
f 2927/1/6804 2957/1/6804 2956/1/6804
f 2956/1/6804 2925/1/6804 2927/1/6804
s 2398
f 2928/1/6805 2971/1/6805 2970/1/6805
f 2970/1/6805 2926/1/6805 2928/1/6805
s 2399
f 2929/1/6806 2958/1/6806 2957/1/6806
f 2957/1/6806 2927/1/6806 2929/1/6806
s 2400
f 2931/1/6807 2947/1/6807 2976/1/6807
f 2976/1/6807 2930/1/6807 2931/1/6807
s 2401
f 2932/1/6808 2972/1/6808 2971/1/6808
f 2971/1/6808 2928/1/6808 2932/1/6808
s 2402
f 2933/1/6809 2959/1/6810 2958/1/6809
f 2958/1/6809 2929/1/6810 2933/1/6809
s 2403
f 2934/1/6811 2948/1/6812 2947/1/6811
f 2947/1/6811 2931/1/6812 2934/1/6811
s 2404
f 2935/1/6813 2973/1/6813 2972/1/6813
f 2972/1/6813 2932/1/6813 2935/1/6813
s 2405
f 2936/1/6814 2960/1/6814 2959/1/6814
f 2959/1/6814 2933/1/6814 2936/1/6814
s 2406
f 2916/1/6815 2915/1/6815 2948/1/6815
f 2948/1/6815 2934/1/6815 2916/1/6815
s 2407
f 2937/1/6816 2974/1/6817 2973/1/6817
f 2973/1/6817 2935/1/6818 2937/1/6816
s 2408
f 2938/1/6819 2961/1/6819 2960/1/6819
f 2960/1/6819 2936/1/6820 2938/1/6819
s 2409
f 2977/1/6665 2978/1/6665 2979/1/6665
f 2979/1/6665 2980/1/6665 2981/1/6665
f 2977/1/6665 2979/1/6665 2981/1/6665
f 2981/1/6665 2982/1/6665 2983/1/6665
f 2983/1/6665 2984/1/6665 2985/1/6665
f 2981/1/6665 2983/1/6665 2985/1/6665
f 2977/1/6665 2981/1/6665 2985/1/6665
f 2985/1/6665 2986/1/6665 2987/1/6665
f 2987/1/6665 2988/1/6665 2989/1/6665
f 2985/1/6665 2987/1/6665 2989/1/6665
f 2989/1/6665 2990/1/6665 2991/1/6665
f 2991/1/6665 2992/1/6665 2993/1/6665
f 2989/1/6665 2991/1/6665 2993/1/6665
f 2985/1/6665 2989/1/6665 2993/1/6665
f 2993/1/6665 2994/1/6665 2995/1/6665
f 2995/1/6665 2996/1/6665 2997/1/6665
f 2993/1/6665 2995/1/6665 2997/1/6665
f 2997/1/6665 2998/1/6665 2999/1/6665
f 2999/1/6665 3000/1/6665 3001/1/6665
f 2997/1/6665 2999/1/6665 3001/1/6665
f 2993/1/6665 2997/1/6665 3001/1/6665
f 2985/1/6665 2993/1/6665 3001/1/6665
f 2977/1/6665 2985/1/6665 3001/1/6665
f 3002/1/6665 3003/1/6665 3004/1/6665
f 3001/1/6665 3002/1/6665 3004/1/6665
f 3001/1/6665 3004/1/6665 3005/1/6665
f 2977/1/6665 3001/1/6665 3005/1/6665
f 3006/1/6665 2977/1/6665 3005/1/6665
f 3006/1/6665 3005/1/6665 3007/1/6665
f 3006/1/6665 3007/1/6665 3008/1/6665
s 2410
f 3009/1/6772 3010/1/6772 3011/1/6772
f 3011/1/6772 3012/1/6772 3013/1/6772
f 3009/1/6772 3011/1/6772 3013/1/6772
f 3013/1/6772 3014/1/6772 3015/1/6772
f 3015/1/6772 3016/1/6772 3017/1/6772
f 3013/1/6772 3015/1/6772 3017/1/6772
f 3009/1/6772 3013/1/6772 3017/1/6772
f 3017/1/6772 3018/1/6772 3019/1/6772
f 3019/1/6772 3020/1/6772 3021/1/6772
f 3017/1/6772 3019/1/6772 3021/1/6772
f 3021/1/6772 3022/1/6772 3023/1/6772
f 3023/1/6772 3024/1/6772 3025/1/6772
f 3021/1/6772 3023/1/6772 3025/1/6772
f 3017/1/6772 3021/1/6772 3025/1/6772
f 3009/1/6772 3017/1/6772 3025/1/6772
f 3025/1/6772 3026/1/6772 3027/1/6772
f 3027/1/6772 3028/1/6772 3029/1/6772
f 3025/1/6772 3027/1/6772 3029/1/6772
f 3029/1/6772 3030/1/6772 3031/1/6772
f 3031/1/6772 3032/1/6772 3033/1/6772
f 3029/1/6772 3031/1/6772 3033/1/6772
f 3025/1/6772 3029/1/6772 3033/1/6772
f 3033/1/6772 3034/1/6772 3035/1/6772
f 3035/1/6772 3036/1/6772 3037/1/6772
f 3033/1/6772 3035/1/6772 3037/1/6772
f 3037/1/6772 3038/1/6772 3039/1/6772
f 3037/1/6772 3039/1/6772 3040/1/6772
f 3033/1/6772 3037/1/6772 3040/1/6772
f 3025/1/6772 3033/1/6772 3040/1/6772
f 3009/1/6772 3025/1/6772 3040/1/6772
s 2411
f 3002/1/6821 3015/1/6822 3014/1/6823
f 3014/1/6823 3003/1/6824 3002/1/6821
s 2412
f 2988/1/6825 3029/1/6826 3028/1/6827
f 3028/1/6827 2989/1/6828 2988/1/6825
s 2413
f 3016/1/6829 3015/1/6830 3002/1/6831
f 3002/1/6831 3001/1/6832 3016/1/6829
s 2414
f 2987/1/6833 3030/1/6834 3029/1/6835
f 3029/1/6835 2988/1/6836 2987/1/6833
s 2415
f 3016/1/6837 3001/1/6838 3000/1/6838
f 3000/1/6838 3017/1/6839 3016/1/6837
s 2416
f 2986/1/6840 3031/1/6841 3030/1/6842
f 3030/1/6842 2987/1/6843 2986/1/6840
s 2417
f 3000/1/6844 2999/1/6845 3018/1/6846
f 3018/1/6846 3017/1/6847 3000/1/6844
s 2418
f 2985/1/6848 3032/1/6849 3031/1/6850
f 3031/1/6850 2986/1/6851 2985/1/6848
s 2419
f 2998/1/6852 3019/1/6853 3018/1/6854
f 3018/1/6854 2999/1/6855 2998/1/6852
s 2420
f 2984/1/6856 3033/1/6856 3032/1/6856
f 3032/1/6856 2985/1/6857 2984/1/6856
s 2421
f 2997/1/6858 3020/1/6859 3019/1/6860
f 3019/1/6860 2998/1/6861 2997/1/6858
s 2422
f 2983/1/6862 3034/1/6863 3033/1/6864
f 3033/1/6864 2984/1/6865 2983/1/6862
s 2423
f 2996/1/6866 3021/1/6867 3020/1/6868
f 3020/1/6868 2997/1/6869 2996/1/6866
s 2424
f 2982/1/6870 3035/1/6871 3034/1/6872
f 3034/1/6872 2983/1/6873 2982/1/6870
s 2425
f 2995/1/6874 3022/1/6875 3021/1/6876
f 3021/1/6876 2996/1/6877 2995/1/6874
s 2426
f 3040/1/6878 2977/1/6879 3006/1/6878
f 3006/1/6878 3009/1/6880 3040/1/6878
s 2427
f 2981/1/6881 3036/1/6882 3035/1/6883
f 3035/1/6883 2982/1/6884 2981/1/6881
s 2428
f 2994/1/6885 3023/1/6886 3022/1/6887
f 3022/1/6887 2995/1/6888 2994/1/6885
s 2429
f 3009/1/6889 3006/1/6890 3008/1/6891
f 3008/1/6891 3010/1/6892 3009/1/6889
s 2430
f 2980/1/6893 3037/1/6894 3036/1/6895
f 3036/1/6895 2981/1/6896 2980/1/6893
s 2431
f 2993/1/6897 3024/1/6898 3023/1/6899
f 3023/1/6899 2994/1/6900 2993/1/6897
s 2432
f 3010/1/6901 3008/1/6902 3007/1/6903
f 3007/1/6903 3011/1/6904 3010/1/6901
s 2433
f 2979/1/6905 3038/1/6906 3037/1/6907
f 3037/1/6907 2980/1/6908 2979/1/6905
s 2434
f 2992/1/6909 3025/1/6910 3024/1/6911
f 3024/1/6911 2993/1/6912 2992/1/6909
s 2435
f 3007/1/6913 3005/1/6914 3012/1/6915
f 3012/1/6915 3011/1/6916 3007/1/6913
s 2436
f 2978/1/6917 3039/1/6918 3038/1/6919
f 3038/1/6919 2979/1/6920 2978/1/6917
s 2437
f 2991/1/6921 3026/1/6922 3025/1/6923
f 3025/1/6923 2992/1/6924 2991/1/6921
s 2438
f 3004/1/6925 3013/1/6926 3012/1/6927
f 3012/1/6927 3005/1/6928 3004/1/6925
s 2439
f 2978/1/6929 2977/1/6929 3040/1/6930
f 3040/1/6930 3039/1/6931 2978/1/6929
s 2440
f 2990/1/6932 3027/1/6933 3026/1/6934
f 3026/1/6934 2991/1/6934 2990/1/6932
s 2441
f 3014/1/6935 3013/1/6936 3004/1/6937
f 3004/1/6937 3003/1/6938 3014/1/6935
s 2442
f 2989/1/6939 3028/1/6940 3027/1/6941
f 3027/1/6941 2990/1/6942 2989/1/6939
s 2443
f 3041/1/6665 3042/1/6665 3043/1/6665
f 3043/1/6665 3044/1/6665 3045/1/6665
f 3041/1/6665 3043/1/6665 3045/1/6665
f 3045/1/6665 3046/1/6665 3047/1/6665
f 3047/1/6665 3048/1/6665 3049/1/6665
f 3045/1/6665 3047/1/6665 3049/1/6665
f 3041/1/6665 3045/1/6665 3049/1/6665
f 3049/1/6665 3050/1/6665 3051/1/6665
f 3051/1/6665 3052/1/6665 3053/1/6665
f 3049/1/6665 3051/1/6665 3053/1/6665
f 3053/1/6665 3054/1/6665 3055/1/6665
f 3055/1/6665 3056/1/6665 3057/1/6665
f 3053/1/6665 3055/1/6665 3057/1/6665
f 3049/1/6665 3053/1/6665 3057/1/6665
f 3057/1/6665 3058/1/6665 3059/1/6665
f 3059/1/6665 3060/1/6665 3061/1/6665
f 3057/1/6665 3059/1/6665 3061/1/6665
f 3061/1/6665 3062/1/6665 3063/1/6665
f 3063/1/6665 3064/1/6665 3065/1/6665
f 3061/1/6665 3063/1/6665 3065/1/6665
f 3057/1/6665 3061/1/6665 3065/1/6665
f 3049/1/6665 3057/1/6665 3065/1/6665
f 3041/1/6665 3049/1/6665 3065/1/6665
f 3066/1/6665 3067/1/6665 3068/1/6665
f 3065/1/6665 3066/1/6665 3068/1/6665
f 3065/1/6665 3068/1/6665 3069/1/6665
f 3041/1/6665 3065/1/6665 3069/1/6665
f 3070/1/6665 3041/1/6665 3069/1/6665
f 3070/1/6665 3069/1/6665 3071/1/6665
f 3070/1/6665 3071/1/6665 3072/1/6665
s 2444
f 3073/1/6943 3074/1/6943 3075/1/6943
f 3075/1/6943 3076/1/6943 3073/1/6943
s 2445
f 3043/1/6944 3077/1/6945 3078/1/6946
f 3078/1/6946 3044/1/6947 3043/1/6944
s 2446
f 3056/1/6948 3079/1/6949 3080/1/6950
f 3080/1/6950 3057/1/6951 3056/1/6948
s 2447
f 3071/1/6952 3069/1/6953 3081/1/6954
f 3081/1/6954 3082/1/6955 3071/1/6952
s 2448
f 3042/1/6956 3083/1/6957 3077/1/6958
f 3077/1/6958 3043/1/6958 3042/1/6956
s 2449
f 3055/1/6959 3084/1/6960 3079/1/6961
f 3079/1/6961 3056/1/6962 3055/1/6959
s 2450
f 3068/1/6963 3085/1/6964 3081/1/6965
f 3081/1/6965 3069/1/6966 3068/1/6963
s 2451
f 3042/1/6967 3041/1/6968 3086/1/6969
f 3086/1/6969 3083/1/6970 3042/1/6967
s 2452
f 3054/1/6971 3087/1/6972 3084/1/6973
f 3084/1/6973 3055/1/6974 3054/1/6971
s 2453
f 3088/1/6975 3085/1/6976 3068/1/6977
f 3068/1/6977 3067/1/6978 3088/1/6975
s 2454
f 3053/1/6979 3089/1/6980 3087/1/6981
f 3087/1/6981 3054/1/6982 3053/1/6979
s 2455
f 3066/1/6983 3090/1/6984 3088/1/6985
f 3088/1/6985 3067/1/6986 3066/1/6983
s 2456
f 3052/1/6987 3091/1/6988 3089/1/6989
f 3089/1/6989 3053/1/6990 3052/1/6987
s 2457
f 3092/1/6991 3090/1/6992 3066/1/6993
f 3066/1/6993 3065/1/6994 3092/1/6991
s 2458
f 3051/1/6995 3093/1/6996 3091/1/6995
f 3091/1/6995 3052/1/6997 3051/1/6995
s 2459
f 3092/1/6998 3065/1/6999 3064/1/7000
f 3064/1/7000 3094/1/7001 3092/1/6998
s 2460
f 3050/1/7002 3095/1/7003 3093/1/7004
f 3093/1/7004 3051/1/7005 3050/1/7002
s 2461
f 3064/1/7006 3063/1/7007 3096/1/7008
f 3096/1/7008 3094/1/7009 3064/1/7006
s 2462
f 3049/1/7010 3076/1/7010 3095/1/7011
f 3095/1/7011 3050/1/7012 3049/1/7010
s 2463
f 3062/1/7013 3097/1/7014 3096/1/7015
f 3096/1/7015 3063/1/7016 3062/1/7013
s 2464
f 3048/1/7017 3073/1/7018 3076/1/7019
f 3076/1/7019 3049/1/7020 3048/1/7017
s 2465
f 3061/1/7021 3098/1/7022 3097/1/7023
f 3097/1/7023 3062/1/7024 3061/1/7021
s 2466
f 3047/1/7025 3099/1/7026 3073/1/7027
f 3073/1/7027 3048/1/7028 3047/1/7025
s 2467
f 3060/1/7029 3100/1/7029 3098/1/7030
f 3098/1/7030 3061/1/7031 3060/1/7029
s 2468
f 3046/1/7032 3101/1/7032 3099/1/7033
f 3099/1/7033 3047/1/7034 3046/1/7032
s 2469
f 3059/1/7035 3102/1/7036 3100/1/7037
f 3100/1/7037 3060/1/7035 3059/1/7035
s 2470
f 3086/1/7038 3041/1/7039 3070/1/7040
f 3070/1/7040 3103/1/7040 3086/1/7038
s 2471
f 3045/1/7041 3104/1/7042 3101/1/7043
f 3101/1/7043 3046/1/7044 3045/1/7041
s 2472
f 3058/1/7045 3105/1/7046 3102/1/7047
f 3102/1/7047 3059/1/7048 3058/1/7045
s 2473
f 3103/1/7049 3070/1/7050 3072/1/7051
f 3072/1/7051 3106/1/7052 3103/1/7049
s 2474
f 3044/1/7053 3078/1/7054 3104/1/7055
f 3104/1/7055 3045/1/7056 3044/1/7053
s 2475
f 3057/1/7057 3080/1/7058 3105/1/7059
f 3105/1/7059 3058/1/7060 3057/1/7057
s 2476
f 3106/1/7061 3072/1/7062 3071/1/7061
f 3071/1/7061 3082/1/7063 3106/1/7061
s 2477
f 3107/1/6772 3108/1/6772 3109/1/6772
f 3109/1/6772 3110/1/6772 3111/1/6772
f 3107/1/6772 3109/1/6772 3111/1/6772
f 3111/1/6772 3112/1/6772 3113/1/6772
f 3111/1/6772 3113/1/6772 3114/1/6772
f 3107/1/6772 3111/1/6772 3114/1/6772
f 3107/1/6772 3114/1/6772 3115/1/6772
f 3115/1/6772 3116/1/6772 3117/1/6772
f 3117/1/6772 3118/1/6772 3119/1/6772
f 3115/1/6772 3117/1/6772 3119/1/6772
f 3119/1/6772 3120/1/6772 3121/1/6772
f 3121/1/6772 3122/1/6772 3123/1/6772
f 3119/1/6772 3121/1/6772 3123/1/6772
f 3115/1/6772 3119/1/6772 3123/1/6772
f 3123/1/6772 3124/1/6772 3125/1/6772
f 3125/1/6772 3126/1/6772 3127/1/6772
f 3123/1/6772 3125/1/6772 3127/1/6772
f 3127/1/6772 3128/1/6772 3129/1/6772
f 3129/1/6772 3075/1/6772 3074/1/6772
f 3127/1/6772 3129/1/6772 3074/1/6772
f 3123/1/6772 3127/1/6772 3074/1/6772
f 3115/1/6772 3123/1/6772 3074/1/6772
f 3074/1/6772 3130/1/6772 3131/1/6772
f 3131/1/6772 3132/1/6772 3133/1/6772
f 3074/1/6772 3131/1/6772 3133/1/6772
f 3133/1/6772 3134/1/6772 3135/1/6772
f 3133/1/6772 3135/1/6772 3136/1/6772
f 3074/1/6772 3133/1/6772 3136/1/6772
f 3115/1/6772 3074/1/6772 3136/1/6772
f 3107/1/6772 3115/1/6772 3136/1/6772
s 2478
f 3098/1/7064 3118/1/7065 3117/1/7064
f 3117/1/7064 3097/1/7065 3098/1/7064
s 2479
f 3099/1/6803 3130/1/6803 3074/1/6803
f 3074/1/6803 3073/1/6803 3099/1/6803
s 2480
f 3100/1/7066 3119/1/7066 3118/1/7066
f 3118/1/7066 3098/1/7066 3100/1/7066
s 2481
f 3101/1/7067 3131/1/7067 3130/1/7067
f 3130/1/7067 3099/1/7067 3101/1/7067
s 2482
f 3102/1/7068 3120/1/7068 3119/1/7068
f 3119/1/7068 3100/1/7068 3102/1/7068
s 2483
f 3103/1/7069 3107/1/7069 3136/1/7069
f 3136/1/7069 3086/1/7070 3103/1/7069
s 2484
f 3104/1/7071 3132/1/7072 3131/1/7071
f 3131/1/7071 3101/1/7072 3104/1/7071
s 2485
f 3105/1/7073 3121/1/7073 3120/1/7073
f 3120/1/7073 3102/1/7073 3105/1/7073
s 2486
f 3106/1/7074 3108/1/7074 3107/1/7074
f 3107/1/7074 3103/1/7074 3106/1/7074
s 2487
f 3078/1/7075 3133/1/6813 3132/1/7075
f 3132/1/7075 3104/1/6813 3078/1/7075
s 2488
f 3080/1/7076 3122/1/7076 3121/1/7076
f 3121/1/7076 3105/1/7076 3080/1/7076
s 2489
f 3082/1/7077 3109/1/7077 3108/1/7077
f 3108/1/7077 3106/1/7077 3082/1/7077
s 2490
f 3077/1/7078 3134/1/7078 3133/1/7078
f 3133/1/7078 3078/1/7078 3077/1/7078
s 2491
f 3079/1/6819 3123/1/6819 3122/1/6819
f 3122/1/6819 3080/1/6819 3079/1/6819
s 2492
f 3081/1/7079 3110/1/7080 3109/1/7079
f 3109/1/7079 3082/1/7079 3081/1/7079
s 2493
f 3083/1/7081 3135/1/7081 3134/1/7081
f 3134/1/7081 3077/1/7081 3083/1/7081
s 2494
f 3084/1/7082 3124/1/7082 3123/1/7082
f 3123/1/7082 3079/1/7082 3084/1/7082
s 2495
f 3085/1/7083 3111/1/7084 3110/1/7083
f 3110/1/7083 3081/1/7084 3085/1/7083
s 2496
f 3083/1/7085 3086/1/7086 3136/1/7085
f 3136/1/7085 3135/1/7085 3083/1/7085
s 2497
f 3087/1/7087 3125/1/7087 3124/1/7087
f 3124/1/7087 3084/1/7087 3087/1/7087
s 2498
f 3088/1/7088 3112/1/7088 3111/1/7088
f 3111/1/7088 3085/1/7088 3088/1/7088
s 2499
f 3089/1/6785 3126/1/7089 3125/1/7089
f 3125/1/7089 3087/1/6785 3089/1/6785
s 2500
f 3090/1/7090 3113/1/7090 3112/1/7090
f 3112/1/7090 3088/1/7090 3090/1/7090
s 2501
f 3091/1/7091 3127/1/7092 3126/1/7091
f 3126/1/7091 3089/1/7092 3091/1/7091
s 2502
f 3092/1/7093 3114/1/7093 3113/1/7093
f 3113/1/7093 3090/1/7093 3092/1/7093
s 2503
f 3093/1/7094 3128/1/7094 3127/1/7094
f 3127/1/7094 3091/1/7094 3093/1/7094
s 2504
f 3094/1/7095 3115/1/7095 3114/1/7095
f 3114/1/7095 3092/1/7095 3094/1/7095
s 2505
f 3095/1/6792 3129/1/6792 3128/1/6792
f 3128/1/6792 3093/1/6792 3095/1/6792
s 2506
f 3096/1/6794 3116/1/6794 3115/1/6794
f 3115/1/6794 3094/1/6794 3096/1/6794
s 2507
f 3076/1/6797 3075/1/6797 3129/1/6797
f 3129/1/6797 3095/1/6797 3076/1/6797
s 2508
f 3097/1/7096 3117/1/7096 3116/1/7096
f 3116/1/7096 3096/1/7096 3097/1/7096
s 2509
f 3137/2/7097 3138/3/7097 3139/4/7098
f 3139/4/7098 3140/5/7098 3137/2/7097
s 2510
f 3138/3/7099 3141/6/7100 3142/7/7099
f 3142/7/7099 3139/4/7100 3138/3/7099
s 2511
f 3141/6/7101 3143/8/7101 3144/9/7101
f 3144/9/7101 3142/7/7101 3141/6/7101
s 2512
f 3143/8/7102 3145/10/7102 3146/11/7102
f 3146/11/7102 3144/9/7102 3143/8/7102
s 2513
f 3147/12/7103 3148/13/7104 3146/11/7103
f 3146/11/7103 3145/10/7105 3147/12/7103
s 2514
f 3149/14/7106 3148/13/7106 3147/12/7106
f 3147/12/7106 3150/15/7106 3149/14/7106
s 2515
f 3151/16/7107 3149/14/7108 3150/15/7107
f 3150/15/7107 3152/17/7108 3151/16/7107
s 2516
f 3153/18/7109 3154/19/7110 3151/16/7109
f 3151/16/7109 3152/17/7111 3153/18/7109
s 2517
f 3155/20/7112 3154/19/7112 3153/18/7112
f 3153/18/7112 3156/21/7112 3155/20/7112
s 2518
f 3157/22/7113 3155/20/7113 3156/21/7113
f 3156/21/7113 3158/23/7113 3157/22/7113
s 2519
f 3159/24/7114 3157/22/7114 3158/23/7114
f 3158/23/7114 3160/25/7114 3159/24/7114
s 2520
f 3161/26/7115 3162/27/7115 3159/24/7115
f 3159/24/7115 3160/25/7115 3161/26/7115
s 2521
f 3163/28/7116 3162/27/7116 3161/26/7116
f 3161/26/7116 3164/29/7117 3163/28/7116
s 2522
f 3165/30/7118 3163/28/7118 3164/29/7118
f 3164/29/7118 3166/31/7118 3165/30/7118
s 2523
f 3167/32/7119 3165/30/7119 3166/31/7119
f 3166/31/7119 3168/33/7119 3167/32/7119
s 2524
f 3169/34/7120 3167/32/7121 3168/33/7121
f 3168/33/7121 3170/35/7121 3169/34/7120
s 2525
f 3171/36/7122 3169/34/7123 3170/35/7122
f 3170/35/7122 3172/37/7123 3171/36/7122
s 2526
f 3173/38/7124 3171/36/7125 3172/37/7124
f 3172/37/7124 3174/39/7125 3173/38/7124
s 2527
f 3175/40/7126 3173/38/7126 3174/39/7126
f 3174/39/7126 3176/41/7126 3175/40/7126
s 2528
f 3177/42/7127 3178/43/7127 3175/40/7127
f 3175/40/7127 3176/41/7127 3177/42/7127
s 2529
f 3177/42/7128 3179/44/7128 3180/45/7128
f 3180/45/7128 3178/43/7128 3177/42/7128
s 2530
f 3181/46/7129 3180/45/7129 3179/44/7129
f 3179/44/7129 3182/47/7129 3181/46/7129
s 2531
f 3183/48/7130 3181/46/7131 3182/47/7130
f 3182/47/7130 3184/49/7131 3183/48/7130
s 2532
f 3185/50/7132 3186/51/7132 3183/48/7132
f 3183/48/7132 3184/49/7132 3185/50/7132
s 2533
f 3187/52/7133 3188/53/7133 3186/51/7133
f 3186/51/7133 3185/50/7133 3187/52/7133
s 2534
f 3189/54/7134 3188/53/7135 3187/52/7136
f 3187/52/7136 3190/55/7135 3189/54/7134
s 2535
f 3191/56/7137 3192/57/7137 3189/54/7137
f 3189/54/7137 3190/55/7137 3191/56/7137
s 2536
f 3193/58/7138 3192/57/7138 3191/56/7138
f 3191/56/7138 3194/59/7138 3193/58/7138
s 2537
f 3195/60/7139 3193/58/7140 3194/59/7141
f 3194/59/7141 3196/61/7140 3195/60/7139
s 2538
f 3197/62/7142 3198/63/7143 3195/60/7143
f 3195/60/7143 3196/61/7143 3197/62/7142
s 2539
f 3153/18/7144 3199/18/7144 3200/21/7144
f 3200/21/7144 3156/21/7144 3153/18/7144
s 2540
f 3201/64/7145 3202/65/7146 3198/63/7146
f 3198/63/7146 3197/62/7146 3201/64/7145
s 2541
f 3202/65/7147 3201/64/7148 3137/66/7147
f 3137/66/7147 3140/67/7147 3202/65/7147
s 2542
f 3139/68/7149 3142/69/6665 3144/70/7150
f 3139/68/7149 3144/70/7150 3146/71/6665
f 3146/71/6665 3148/72/7151 3149/73/6665
f 3149/73/6665 3151/74/7152 3154/75/6665
f 3154/75/6665 3155/76/7153 3157/77/6665
f 3149/73/6665 3154/75/6665 3157/77/6665
f 3146/71/6665 3149/73/6665 3157/77/6665
f 3157/77/6665 3159/78/6665 3162/79/7153
f 3162/79/7153 3163/80/7152 3165/81/6665
f 3157/77/6665 3162/79/7153 3165/81/6665
f 3165/81/6665 3167/82/7154 3169/83/6665
f 3169/83/6665 3171/84/6665 3173/85/6665
f 3165/81/6665 3169/83/6665 3173/85/6665
f 3173/85/6665 3175/86/6665 3178/87/6665
f 3178/87/6665 3180/88/7155 3181/89/6665
f 3173/85/6665 3178/87/6665 3181/89/6665
f 3181/89/6665 3183/90/7154 3186/91/6665
f 3186/91/6665 3188/92/7149 3189/93/6665
f 3181/89/6665 3186/91/6665 3189/93/6665
f 3173/85/6665 3181/89/6665 3189/93/6665
f 3165/81/6665 3173/85/6665 3189/93/6665
f 3157/77/6665 3165/81/6665 3189/93/6665
f 3146/71/6665 3157/77/6665 3189/93/6665
f 3189/93/6665 3192/94/7149 3193/95/6665
f 3193/95/6665 3195/96/7152 3198/97/6665
f 3189/93/6665 3193/95/6665 3198/97/6665
f 3146/71/6665 3189/93/6665 3198/97/6665
f 3139/68/7149 3146/71/6665 3198/97/6665
f 3140/98/6665 3139/68/7149 3198/97/6665
f 3140/98/6665 3198/97/6665 3202/99/7152
s 2543
f 3203/8/7156 3204/8/7157 3205/10/7157
f 3205/10/7157 3206/10/7156 3203/8/7156
s 2544
f 3207/39/7158 3174/39/7159 3172/37/7159
f 3172/37/7159 3208/37/7160 3207/39/7158
s 2545
f 3209/56/7161 3191/56/7162 3190/55/7163
f 3190/55/7163 3210/55/7164 3209/56/7161
s 2546
f 3211/12/7165 3147/12/7166 3145/10/7165
f 3145/10/7165 3206/10/7166 3211/12/7165
s 2547
f 3212/31/7167 3166/31/7167 3164/29/7167
f 3164/29/7167 3213/29/7168 3212/31/7167
s 2548
f 3214/49/7169 3184/49/7170 3182/47/7169
f 3182/47/7169 3215/47/7171 3214/49/7169
s 2549
f 3138/3/7172 3137/2/7172 3216/2/7173
f 3216/2/7173 3217/3/7173 3138/3/7172
s 2550
f 3201/64/7174 3218/64/7175 3216/66/7176
f 3216/66/7176 3137/66/7177 3201/64/7174
s 2551
f 3219/23/7178 3158/23/7178 3156/21/7178
f 3156/21/7178 3200/21/7178 3219/23/7178
s 2552
f 3220/41/7179 3176/41/7180 3174/39/7180
f 3174/39/7180 3207/39/7181 3220/41/7179
s 2553
f 3209/56/7182 3221/59/7183 3194/59/7184
f 3194/59/7184 3191/56/7185 3209/56/7182
s 2554
f 3222/15/7186 3150/15/7187 3147/12/7186
f 3147/12/7186 3211/12/7188 3222/15/7186
s 2555
f 3223/33/7189 3168/33/7190 3166/31/7191
f 3166/31/7191 3212/31/7189 3223/33/7189
s 2556
f 3224/50/7192 3185/50/7192 3184/49/7192
f 3184/49/7192 3214/49/7192 3224/50/7192
s 2557
f 3217/3/7193 3225/6/7194 3141/6/7195
f 3141/6/7195 3138/3/7196 3217/3/7193
s 2558
f 3226/25/7197 3160/25/7197 3158/23/7197
f 3158/23/7197 3219/23/7197 3226/25/7197
s 2559
f 3220/41/7198 3227/42/7198 3177/42/7199
f 3177/42/7199 3176/41/7200 3220/41/7198
s 2560
f 3196/61/7201 3194/59/7202 3221/59/7203
f 3221/59/7203 3228/61/7203 3196/61/7201
s 2561
f 3229/17/7204 3152/17/7204 3150/15/7204
f 3150/15/7204 3222/15/7204 3229/17/7204
s 2562
f 3230/35/7205 3170/35/7206 3168/33/7207
f 3168/33/7207 3223/33/7205 3230/35/7205
s 2563
f 3231/52/7208 3187/52/7208 3185/50/7208
f 3185/50/7208 3224/50/7209 3231/52/7208
s 2564
f 3203/8/7210 3143/8/7210 3141/6/7210
f 3141/6/7210 3225/6/7211 3203/8/7210
s 2565
f 3232/26/7212 3161/26/7212 3160/25/7212
f 3160/25/7212 3226/25/7213 3232/26/7212
s 2566
f 3233/44/7214 3179/44/7215 3177/42/7216
f 3177/42/7216 3227/42/7217 3233/44/7214
s 2567
f 3197/62/7218 3196/61/7219 3228/61/7220
f 3228/61/7220 3234/62/7221 3197/62/7218
s 2568
f 3152/17/7222 3229/17/7222 3199/18/7222
f 3199/18/7222 3153/18/7223 3152/17/7222
s 2569
f 3208/37/7224 3172/37/7225 3170/35/7226
f 3170/35/7226 3230/35/7224 3208/37/7224
s 2570
f 3210/55/7227 3190/55/7228 3187/52/7228
f 3187/52/7228 3231/52/7229 3210/55/7227
s 2571
f 3145/10/7230 3143/8/7230 3203/8/7231
f 3203/8/7231 3206/10/7230 3145/10/7230
s 2572
f 3213/29/7232 3164/29/7233 3161/26/7232
f 3161/26/7232 3232/26/7232 3213/29/7232
s 2573
f 3215/47/7234 3182/47/7235 3179/44/7236
f 3179/44/7236 3233/44/7234 3215/47/7234
s 2574
f 3201/64/7237 3197/62/7237 3234/62/7238
f 3234/62/7238 3218/64/7238 3201/64/7237
s 2575
f 3235/100/7239 3236/101/7240 3237/102/7239
f 3237/102/7239 3238/103/7241 3239/104/7242
f 3235/100/7239 3237/102/7239 3239/104/7242
f 3239/104/7242 3240/105/7243 3241/106/7239
f 3241/106/7239 3242/107/7244 3243/108/7245
f 3239/104/7242 3241/106/7239 3243/108/7245
f 3243/108/7245 3244/109/7246 3245/110/7247
f 3245/110/7247 3246/111/7248 3247/112/7239
f 3243/108/7245 3245/110/7247 3247/112/7239
f 3239/104/7242 3243/108/7245 3247/112/7239
f 3247/112/7239 3248/113/7249 3249/114/7250
f 3249/114/7250 3250/115/7251 3251/116/7239
f 3247/112/7239 3249/114/7250 3251/116/7239
f 3251/116/7239 3252/117/7245 3253/118/7239
f 3253/118/7239 3254/119/7252 3255/120/7239
f 3251/116/7239 3253/118/7239 3255/120/7239
f 3247/112/7239 3251/116/7239 3255/120/7239
f 3239/104/7242 3247/112/7239 3255/120/7239
f 3255/120/7239 3256/121/7253 3257/122/7254
f 3257/122/7254 3258/123/7255 3259/124/7239
f 3255/120/7239 3257/122/7254 3259/124/7239
f 3255/120/7239 3259/124/7239 3260/125/7250
f 3239/104/7242 3255/120/7239 3260/125/7250
f 3260/125/7250 3261/126/7256 3262/127/7244
f 3262/127/7244 3263/128/7257 3205/129/7239
f 3260/125/7250 3262/127/7244 3205/129/7239
f 3239/104/7242 3260/125/7250 3205/129/7239
f 3235/100/7239 3239/104/7242 3205/129/7239
f 3235/100/7239 3205/129/7239 3204/130/7239
f 3235/100/7239 3204/130/7239 3264/131/7244
s 2576
f 3234/62/7258 3238/62/7259 3237/64/7260
f 3237/64/7260 3218/64/7261 3234/62/7258
s 2577
f 3208/37/7262 3251/37/7263 3250/39/7264
f 3250/39/7264 3207/39/7262 3208/37/7262
s 2578
f 3206/10/7265 3205/10/7266 3263/12/7266
f 3263/12/7266 3211/12/7267 3206/10/7265
s 2579
f 3218/64/7268 3237/64/7269 3236/66/7270
f 3236/66/7270 3216/66/7268 3218/64/7268
s 2580
f 3207/39/7271 3250/39/7272 3249/41/7273
f 3249/41/7273 3220/41/7274 3207/39/7271
s 2581
f 3211/12/7275 3263/12/7276 3262/15/7276
f 3262/15/7276 3222/15/7275 3211/12/7275
s 2582
f 3220/41/7277 3249/41/7278 3248/42/7278
f 3248/42/7278 3227/42/7279 3220/41/7277
s 2583
f 3222/15/7280 3262/15/7281 3261/17/7281
f 3261/17/7281 3229/17/7280 3222/15/7280
s 2584
f 3227/42/7282 3248/42/7283 3247/44/7283
f 3247/44/7283 3233/44/7284 3227/42/7282
s 2585
f 3199/18/7285 3229/17/7285 3261/17/7286
f 3261/17/7286 3260/18/7286 3199/18/7285
s 2586
f 3233/44/7287 3247/44/7288 3246/47/7288
f 3246/47/7288 3215/47/7287 3233/44/7287
s 2587
f 3199/18/7289 3260/18/7290 3259/21/7290
f 3259/21/7290 3200/21/7289 3199/18/7289
s 2588
f 3215/47/7291 3246/47/7291 3245/49/7291
f 3245/49/7291 3214/49/7292 3215/47/7291
s 2589
f 3200/21/7293 3259/21/7294 3258/23/7295
f 3258/23/7295 3219/23/7296 3200/21/7293
s 2590
f 3214/49/7297 3245/49/7298 3244/50/7297
f 3244/50/7297 3224/50/7299 3214/49/7297
s 2591
f 3219/23/7300 3258/23/7301 3257/25/7301
f 3257/25/7301 3226/25/7300 3219/23/7300
s 2592
f 3224/50/7302 3244/50/7303 3243/52/7303
f 3243/52/7303 3231/52/7304 3224/50/7302
s 2593
f 3226/25/7305 3257/25/7306 3256/26/7306
f 3256/26/7306 3232/26/7307 3226/25/7305
s 2594
f 3231/52/7308 3243/52/7308 3242/55/7308
f 3242/55/7308 3210/55/7309 3231/52/7308
s 2595
f 3232/26/7310 3256/26/7310 3255/29/7311
f 3255/29/7311 3213/29/7312 3232/26/7310
s 2596
f 3210/55/7313 3242/55/7314 3241/56/7315
f 3241/56/7315 3209/56/7316 3210/55/7313
s 2597
f 3213/29/7317 3255/29/7318 3254/31/7318
f 3254/31/7318 3212/31/7317 3213/29/7317
s 2598
f 3216/2/7319 3236/2/7320 3235/3/7320
f 3235/3/7320 3217/3/7319 3216/2/7319
s 2599
f 3209/56/7321 3241/56/7322 3240/59/7323
f 3240/59/7323 3221/59/7324 3209/56/7321
s 2600
f 3212/31/7325 3254/31/7326 3253/33/7326
f 3253/33/7326 3223/33/7327 3212/31/7325
s 2601
f 3217/3/7328 3235/3/7329 3264/6/7330
f 3264/6/7330 3225/6/7328 3217/3/7328
s 2602
f 3221/59/7331 3240/59/7332 3239/61/7333
f 3239/61/7333 3228/61/7334 3221/59/7331
s 2603
f 3223/33/7335 3253/33/7336 3252/35/7336
f 3252/35/7336 3230/35/7337 3223/33/7335
s 2604
f 3225/6/7338 3264/6/7339 3204/8/7339
f 3204/8/7339 3203/8/7338 3225/6/7338
s 2605
f 3228/61/7340 3239/61/7341 3238/62/7342
f 3238/62/7342 3234/62/7343 3228/61/7340
s 2606
f 3230/35/7344 3252/35/7345 3251/37/7344
f 3251/37/7344 3208/37/7344 3230/35/7344
s 2607
f 3265/3/7346 3266/4/7346 3267/5/7347
f 3267/5/7347 3268/2/7346 3265/3/7346
s 2608
f 3269/7/7348 3266/4/7349 3265/3/7348
f 3265/3/7348 3270/6/7348 3269/7/7348
s 2609
f 3271/8/7350 3272/9/7350 3269/7/7350
f 3269/7/7350 3270/6/7350 3271/8/7350
s 2610
f 3273/11/7351 3272/9/7351 3271/8/7351
f 3271/8/7351 3274/10/7351 3273/11/7351
s 2611
f 3275/12/7352 3276/13/7352 3273/11/7352
f 3273/11/7352 3274/10/7352 3275/12/7352
s 2612
f 3277/14/7353 3276/13/7353 3275/12/7353
f 3275/12/7353 3278/15/7353 3277/14/7353
s 2613
f 3279/16/7354 3277/14/7354 3278/15/7354
f 3278/15/7354 3280/17/7354 3279/16/7354
s 2614
f 3281/18/7355 3282/19/7355 3279/16/7355
f 3279/16/7355 3280/17/7355 3281/18/7355
s 2615
f 3283/20/7356 3282/19/7356 3281/18/7356
f 3281/18/7356 3284/21/7356 3283/20/7356
s 2616
f 3285/23/7357 3286/22/7357 3283/20/7357
f 3283/20/7357 3284/21/7358 3285/23/7357
s 2617
f 3287/25/7359 3288/24/7359 3286/22/7359
f 3286/22/7359 3285/23/7360 3287/25/7359
s 2618
f 3289/27/7361 3288/24/7361 3287/25/7362
f 3287/25/7362 3290/26/7362 3289/27/7361
s 2619
f 3291/29/7363 3292/28/7363 3289/27/7363
f 3289/27/7363 3290/26/7363 3291/29/7363
s 2620
f 3293/31/7364 3294/30/7364 3292/28/7364
f 3292/28/7364 3291/29/7364 3293/31/7364
s 2621
f 3295/32/7365 3294/30/7365 3293/31/7366
f 3293/31/7366 3296/33/7366 3295/32/7365
s 2622
f 3296/33/7367 3297/35/7367 3298/34/7367
f 3298/34/7367 3295/32/7367 3296/33/7367
s 2623
f 3299/37/7368 3300/36/7369 3298/34/7369
f 3298/34/7369 3297/35/7368 3299/37/7368
s 2624
f 3301/38/7370 3300/36/7371 3299/37/7370
f 3299/37/7370 3302/39/7370 3301/38/7370
s 2625
f 3303/40/7372 3301/38/7372 3302/39/7372
f 3302/39/7372 3304/41/7372 3303/40/7372
s 2626
f 3305/42/7373 3306/43/7373 3303/40/7373
f 3303/40/7373 3304/41/7373 3305/42/7373
s 2627
f 3307/45/7374 3306/43/7374 3305/42/7374
f 3305/42/7374 3308/44/7374 3307/45/7374
s 2628
f 3309/47/7375 3310/46/7375 3307/45/7375
f 3307/45/7375 3308/44/7375 3309/47/7375
s 2629
f 3311/49/7376 3312/48/7376 3310/46/7376
f 3310/46/7376 3309/47/7376 3311/49/7376
s 2630
f 3313/51/7377 3312/48/7377 3311/49/7377
f 3311/49/7377 3314/50/7377 3313/51/7377
s 2631
f 3315/53/7378 3313/51/7378 3314/50/7378
f 3314/50/7378 3316/52/7378 3315/53/7378
s 2632
f 3317/55/7379 3318/54/7380 3315/53/7380
f 3315/53/7380 3316/52/7379 3317/55/7379
s 2633
f 3319/57/7381 3318/54/7381 3317/55/7381
f 3317/55/7381 3320/56/7381 3319/57/7381
s 2634
f 3321/59/7382 3322/58/7382 3319/57/7382
f 3319/57/7382 3320/56/7382 3321/59/7382
s 2635
f 3323/61/7383 3324/60/7383 3322/58/7383
f 3322/58/7383 3321/59/7383 3323/61/7383
s 2636
f 3325/63/7384 3324/60/7384 3323/61/7384
f 3323/61/7384 3326/62/7384 3325/63/7384
s 2637
f 3327/21/7385 3284/21/7385 3281/18/7385
f 3281/18/7385 3328/18/7386 3327/21/7385
s 2638
f 3329/64/7387 3330/65/7388 3325/63/7388
f 3325/63/7388 3326/62/7387 3329/64/7387
s 2639
f 3329/64/7389 3268/66/7390 3267/67/7389
f 3267/67/7389 3330/65/7391 3329/64/7389
s 2640
f 3267/98/6665 3266/68/7152 3269/69/7153
f 3269/69/7153 3272/70/7149 3273/71/6665
f 3267/98/6665 3269/69/7153 3273/71/6665
f 3276/72/6665 3277/73/7150 3279/74/6665
f 3273/71/6665 3276/72/6665 3279/74/6665
f 3273/71/6665 3279/74/6665 3282/75/6665
f 3282/75/6665 3283/76/6665 3286/77/6665
f 3273/71/6665 3282/75/6665 3286/77/6665
f 3273/71/6665 3286/77/6665 3288/78/6665
f 3288/78/6665 3289/79/6665 3292/80/6665
f 3273/71/6665 3288/78/6665 3292/80/6665
f 3273/71/6665 3292/80/6665 3294/81/6665
f 3294/81/6665 3295/82/7154 3298/83/6665
f 3273/71/6665 3294/81/6665 3298/83/6665
f 3273/71/6665 3298/83/6665 3300/84/6665
f 3300/84/6665 3301/85/7392 3303/86/6665
f 3273/71/6665 3300/84/6665 3303/86/6665
f 3273/71/6665 3303/86/6665 3306/87/6665
f 3306/87/6665 3307/88/6665 3310/89/6665
f 3273/71/6665 3306/87/6665 3310/89/6665
f 3273/71/6665 3310/89/6665 3312/90/6665
f 3312/90/6665 3313/91/7150 3315/92/6665
f 3273/71/6665 3312/90/6665 3315/92/6665
f 3273/71/6665 3315/92/6665 3318/93/6665
f 3318/93/6665 3319/94/6665 3322/95/6665
f 3273/71/6665 3318/93/6665 3322/95/6665
f 3273/71/6665 3322/95/6665 3324/96/6665
f 3267/98/6665 3273/71/6665 3324/96/6665
f 3267/98/6665 3324/96/6665 3325/97/7393
f 3267/98/6665 3325/97/7393 3330/99/7394
s 2641
f 3331/10/7395 3332/8/7396 3333/8/7395
f 3333/8/7395 3334/10/7395 3331/10/7395
s 2642
f 3335/39/7397 3302/39/7398 3299/37/7398
f 3299/37/7398 3336/37/7397 3335/39/7397
s 2643
f 3337/56/7399 3320/56/7400 3317/55/7401
f 3317/55/7401 3338/55/7402 3337/56/7399
s 2644
f 3274/10/7403 3331/10/7403 3339/12/7403
f 3339/12/7403 3275/12/7403 3274/10/7403
s 2645
f 3291/29/7404 3340/29/7405 3341/31/7406
f 3341/31/7406 3293/31/7404 3291/29/7404
s 2646
f 3311/49/7407 3309/47/7407 3342/47/7407
f 3342/47/7407 3343/49/7408 3311/49/7407
s 2647
f 3268/2/7409 3344/2/7410 3345/3/7410
f 3345/3/7410 3265/3/7411 3268/2/7409
s 2648
f 3268/66/7412 3329/64/7412 3346/64/7413
f 3346/64/7413 3344/66/7413 3268/66/7412
s 2649
f 3327/21/7414 3347/23/7414 3285/23/7414
f 3285/23/7414 3284/21/7414 3327/21/7414
s 2650
f 3335/39/7415 3348/41/7416 3304/41/7417
f 3304/41/7417 3302/39/7418 3335/39/7415
s 2651
f 3337/56/7419 3349/59/7419 3321/59/7420
f 3321/59/7420 3320/56/7421 3337/56/7419
s 2652
f 3350/15/7422 3278/15/7423 3275/12/7423
f 3275/12/7423 3339/12/7422 3350/15/7422
s 2653
f 3351/33/7424 3296/33/7425 3293/31/7426
f 3293/31/7426 3341/31/7424 3351/33/7424
s 2654
f 3352/50/7427 3314/50/7428 3311/49/7428
f 3311/49/7428 3343/49/7427 3352/50/7427
s 2655
f 3353/6/7429 3270/6/7430 3265/3/7431
f 3265/3/7431 3345/3/7432 3353/6/7429
s 2656
f 3285/23/7433 3347/23/7434 3354/25/7434
f 3354/25/7434 3287/25/7433 3285/23/7433
s 2657
f 3305/42/7435 3304/41/7435 3348/41/7436
f 3348/41/7436 3355/42/7437 3305/42/7435
s 2658
f 3323/61/7438 3321/59/7438 3349/59/7439
f 3349/59/7439 3356/61/7440 3323/61/7438
s 2659
f 3350/15/7441 3357/17/7442 3280/17/7443
f 3280/17/7443 3278/15/7444 3350/15/7441
s 2660
f 3351/33/7445 3358/35/7445 3297/35/7446
f 3297/35/7446 3296/33/7447 3351/33/7445
s 2661
f 3352/50/7448 3359/52/7448 3316/52/7449
f 3316/52/7449 3314/50/7450 3352/50/7448
s 2662
f 3270/6/7451 3353/6/7452 3332/8/7453
f 3332/8/7453 3271/8/7454 3270/6/7451
s 2663
f 3360/26/7455 3290/26/7456 3287/25/7457
f 3287/25/7457 3354/25/7458 3360/26/7455
s 2664
f 3361/44/7459 3308/44/7460 3305/42/7460
f 3305/42/7460 3355/42/7459 3361/44/7459
s 2665
f 3362/62/7461 3326/62/7462 3323/61/7463
f 3323/61/7463 3356/61/7461 3362/62/7461
s 2666
f 3280/17/7464 3357/17/7465 3328/18/7465
f 3328/18/7465 3281/18/7464 3280/17/7464
s 2667
f 3297/35/7466 3358/35/7467 3336/37/7467
f 3336/37/7467 3299/37/7466 3297/35/7466
s 2668
f 3317/55/7468 3316/52/7468 3359/52/7468
f 3359/52/7468 3338/55/7469 3317/55/7468
s 2669
f 3331/10/7470 3274/10/7471 3271/8/7471
f 3271/8/7471 3332/8/7470 3331/10/7470
s 2670
f 3360/26/7472 3340/29/7473 3291/29/7472
f 3291/29/7472 3290/26/7474 3360/26/7472
s 2671
f 3361/44/7475 3342/47/7476 3309/47/7475
f 3309/47/7475 3308/44/7477 3361/44/7475
s 2672
f 3362/62/7478 3346/64/7479 3329/64/7480
f 3329/64/7480 3326/62/7480 3362/62/7478
s 2673
f 3363/102/7481 3364/103/7482 3365/104/7483
f 3363/102/7481 3365/104/7483 3366/105/7484
f 3366/105/7484 3367/106/7485 3368/107/7486
f 3363/102/7481 3366/105/7484 3368/107/7486
f 3363/102/7481 3368/107/7486 3369/108/7481
f 3369/108/7481 3370/109/7487 3371/110/7488
f 3363/102/7481 3369/108/7481 3371/110/7488
f 3363/102/7481 3371/110/7488 3372/111/7481
f 3372/111/7481 3373/112/7489 3374/113/7481
f 3363/102/7481 3372/111/7481 3374/113/7481
f 3363/102/7481 3374/113/7481 3375/114/7481
f 3375/114/7481 3376/115/7490 3377/116/7481
f 3363/102/7481 3375/114/7481 3377/116/7481
f 3363/102/7481 3377/116/7481 3378/117/7481
f 3378/117/7481 3379/118/7491 3380/119/7492
f 3363/102/7481 3378/117/7481 3380/119/7492
f 3363/102/7481 3380/119/7492 3381/120/7481
f 3381/120/7481 3382/121/7493 3383/122/7486
f 3363/102/7481 3381/120/7481 3383/122/7486
f 3363/102/7481 3383/122/7486 3384/123/7488
f 3384/123/7488 3385/124/7494 3386/125/7481
f 3363/102/7481 3384/123/7488 3386/125/7481
f 3386/125/7481 3387/126/7495 3388/127/7496
f 3386/125/7481 3388/127/7496 3389/128/7492
f 3363/102/7481 3386/125/7481 3389/128/7492
f 3363/102/7481 3389/128/7492 3334/129/7488
f 3334/129/7488 3333/130/7497 3390/131/7481
f 3363/102/7481 3334/129/7488 3390/131/7481
f 3391/101/7481 3363/102/7481 3390/131/7481
f 3392/100/7498 3391/101/7481 3390/131/7481
s 2674
f 3346/64/7499 3362/62/7500 3364/62/7501
f 3364/62/7501 3363/64/7502 3346/64/7499
s 2675
f 3377/37/7503 3376/39/7504 3335/39/7505
f 3335/39/7505 3336/37/7504 3377/37/7503
s 2676
f 3339/12/7506 3331/10/7506 3334/10/7507
f 3334/10/7507 3389/12/7508 3339/12/7506
s 2677
f 3344/66/7509 3346/64/7509 3363/64/7510
f 3363/64/7510 3391/66/7511 3344/66/7509
s 2678
f 3348/41/7512 3335/39/7513 3376/39/7514
f 3376/39/7514 3375/41/7515 3348/41/7512
s 2679
f 3388/15/7516 3350/15/7517 3339/12/7518
f 3339/12/7518 3389/12/7519 3388/15/7516
s 2680
f 3355/42/7520 3348/41/7521 3375/41/7522
f 3375/41/7522 3374/42/7523 3355/42/7520
s 2681
f 3357/17/7524 3350/15/7524 3388/15/7525
f 3388/15/7525 3387/17/7526 3357/17/7524
s 2682
f 3374/42/7527 3373/44/7528 3361/44/7529
f 3361/44/7529 3355/42/7529 3374/42/7527
s 2683
f 3328/18/7530 3357/17/7530 3387/17/7531
f 3387/17/7531 3386/18/7532 3328/18/7530
s 2684
f 3342/47/7533 3361/44/7534 3373/44/7535
f 3373/44/7535 3372/47/7536 3342/47/7533
s 2685
f 3386/18/7537 3385/21/7538 3327/21/7537
f 3327/21/7537 3328/18/7537 3386/18/7537
s 2686
f 3343/49/7539 3342/47/7540 3372/47/7539
f 3372/47/7539 3371/49/7541 3343/49/7539
s 2687
f 3347/23/7542 3327/21/7543 3385/21/7544
f 3385/21/7544 3384/23/7544 3347/23/7542
s 2688
f 3371/49/7545 3370/50/7545 3352/50/7546
f 3352/50/7546 3343/49/7546 3371/49/7545
s 2689
f 3354/25/7547 3347/23/7548 3384/23/7548
f 3384/23/7548 3383/25/7548 3354/25/7547
s 2690
f 3359/52/7549 3352/50/7549 3370/50/7550
f 3370/50/7550 3369/52/7550 3359/52/7549
s 2691
f 3383/25/7551 3382/26/7552 3360/26/7553
f 3360/26/7553 3354/25/7553 3383/25/7551
s 2692
f 3338/55/7554 3359/52/7555 3369/52/7554
f 3369/52/7554 3368/55/7554 3338/55/7554
s 2693
f 3340/29/7556 3360/26/7557 3382/26/7556
f 3382/26/7556 3381/29/7558 3340/29/7556
s 2694
f 3368/55/7559 3367/56/7560 3337/56/7561
f 3337/56/7561 3338/55/7561 3368/55/7559
s 2695
f 3341/31/7562 3340/29/7562 3381/29/7563
f 3381/29/7563 3380/31/7563 3341/31/7562
s 2696
f 3344/2/7564 3391/2/7565 3392/3/7566
f 3392/3/7566 3345/3/7564 3344/2/7564
s 2697
f 3349/59/7567 3337/56/7567 3367/56/7568
f 3367/56/7568 3366/59/7569 3349/59/7567
s 2698
f 3380/31/7570 3379/33/7571 3351/33/7572
f 3351/33/7572 3341/31/7572 3380/31/7570
s 2699
f 3390/6/7573 3353/6/7574 3345/3/7574
f 3345/3/7574 3392/3/7575 3390/6/7573
s 2700
f 3356/61/7576 3349/59/7577 3366/59/7578
f 3366/59/7578 3365/61/7578 3356/61/7576
s 2701
f 3358/35/7579 3351/33/7580 3379/33/7581
f 3379/33/7581 3378/35/7582 3358/35/7579
s 2702
f 3333/8/7583 3332/8/7584 3353/6/7584
f 3353/6/7584 3390/6/7585 3333/8/7583
s 2703
f 3365/61/7586 3364/62/7587 3362/62/7588
f 3362/62/7588 3356/61/7589 3365/61/7586
s 2704
f 3336/37/7590 3358/35/7590 3378/35/7591
f 3378/35/7591 3377/37/7592 3336/37/7590
s 2705
f 3393/3/7593 3394/4/7594 3395/5/7594
f 3395/5/7594 3396/2/7593 3393/3/7593
s 2706
f 3397/7/7595 3394/4/7595 3393/3/7595
f 3393/3/7595 3398/6/7595 3397/7/7595
s 2707
f 3399/8/7596 3400/9/7597 3397/7/7597
f 3397/7/7597 3398/6/7596 3399/8/7596
s 2708
f 3401/10/7598 3402/11/7599 3400/9/7599
f 3400/9/7599 3399/8/7598 3401/10/7598
s 2709
f 3403/13/7600 3402/11/7600 3401/10/7601
f 3401/10/7601 3404/12/7601 3403/13/7600
s 2710
f 3405/15/7602 3406/14/7603 3403/13/7602
f 3403/13/7602 3404/12/7604 3405/15/7602
s 2711
f 3407/17/7605 3408/16/7606 3406/14/7605
f 3406/14/7605 3405/15/7605 3407/17/7605
s 2712
f 3409/19/7607 3408/16/7607 3407/17/7607
f 3407/17/7607 3410/18/7607 3409/19/7607
s 2713
f 3411/21/7608 3412/20/7608 3409/19/7608
f 3409/19/7608 3410/18/7608 3411/21/7608
s 2714
f 3413/23/7609 3414/22/7610 3412/20/7609
f 3412/20/7609 3411/21/7610 3413/23/7609
s 2715
f 3415/24/7611 3414/22/7611 3413/23/7611
f 3413/23/7611 3416/25/7611 3415/24/7611
s 2716
f 3417/26/7612 3418/27/7612 3415/24/7612
f 3415/24/7612 3416/25/7612 3417/26/7612
s 2717
f 3419/29/7613 3420/28/7613 3418/27/7613
f 3418/27/7613 3417/26/7613 3419/29/7613
s 2718
f 3421/30/7614 3420/28/7615 3419/29/7616
f 3419/29/7616 3422/31/7615 3421/30/7614
s 2719
f 3423/32/7617 3421/30/7617 3422/31/7617
f 3422/31/7617 3424/33/7617 3423/32/7617
s 2720
f 3425/35/7618 3426/34/7618 3423/32/7618
f 3423/32/7618 3424/33/7618 3425/35/7618
s 2721
f 3427/36/7619 3426/34/7619 3425/35/7620
f 3425/35/7620 3428/37/7620 3427/36/7619
s 2722
f 3429/38/7621 3427/36/7621 3428/37/7622
f 3428/37/7622 3430/39/7622 3429/38/7621
s 2723
f 3431/41/7623 3432/40/7624 3429/38/7624
f 3429/38/7624 3430/39/7623 3431/41/7623
s 2724
f 3433/43/7625 3432/40/7626 3431/41/7625
f 3431/41/7625 3434/42/7627 3433/43/7625
s 2725
f 3435/44/7628 3436/45/7628 3433/43/7628
f 3433/43/7628 3434/42/7628 3435/44/7628
s 2726
f 3437/47/7629 3438/46/7630 3436/45/7629
f 3436/45/7629 3435/44/7631 3437/47/7629
s 2727
f 3439/48/7632 3438/46/7632 3437/47/7632
f 3437/47/7632 3440/49/7632 3439/48/7632
s 2728
f 3441/51/7633 3439/48/7633 3440/49/7633
f 3440/49/7633 3442/50/7633 3441/51/7633
s 2729
f 3443/52/7634 3444/53/7634 3441/51/7634
f 3441/51/7634 3442/50/7634 3443/52/7634
s 2730
f 3445/54/7635 3444/53/7635 3443/52/7635
f 3443/52/7635 3446/55/7636 3445/54/7635
s 2731
f 3447/56/7637 3448/57/7637 3445/54/7637
f 3445/54/7637 3446/55/7637 3447/56/7637
s 2732
f 3449/59/7638 3450/58/7639 3448/57/7640
f 3448/57/7640 3447/56/7641 3449/59/7638
s 2733
f 3451/60/7642 3450/58/7642 3449/59/7642
f 3449/59/7642 3452/61/7642 3451/60/7642
s 2734
f 3453/62/7643 3454/63/7644 3451/60/7645
f 3451/60/7645 3452/61/7644 3453/62/7643
s 2735
f 3410/18/7646 3455/18/7646 3456/21/7646
f 3456/21/7646 3411/21/7646 3410/18/7646
s 2736
f 3457/64/7647 3458/65/7647 3454/63/7647
f 3454/63/7647 3453/62/7647 3457/64/7647
s 2737
f 3457/64/7648 3396/66/7649 3395/67/7648
f 3395/67/7648 3458/65/7648 3457/64/7648
s 2738
f 3394/68/6665 3397/69/7155 3400/70/7149
f 3395/98/6665 3394/68/6665 3400/70/7149
f 3395/98/6665 3400/70/7149 3402/71/6665
f 3402/71/6665 3403/72/7152 3406/73/6665
f 3395/98/6665 3402/71/6665 3406/73/6665
f 3395/98/6665 3406/73/6665 3408/74/6665
f 3408/74/6665 3409/75/6665 3412/76/6665
f 3395/98/6665 3408/74/6665 3412/76/6665
f 3395/98/6665 3412/76/6665 3414/77/6665
f 3414/77/6665 3415/78/7393 3418/79/6665
f 3395/98/6665 3414/77/6665 3418/79/6665
f 3395/98/6665 3418/79/6665 3420/80/6665
f 3420/80/6665 3421/81/7650 3423/82/6665
f 3395/98/6665 3420/80/6665 3423/82/6665
f 3395/98/6665 3423/82/6665 3426/83/6665
f 3426/83/6665 3427/84/7651 3429/85/6665
f 3395/98/6665 3426/83/6665 3429/85/6665
f 3395/98/6665 3429/85/6665 3432/86/6665
f 3432/86/6665 3433/87/6665 3436/88/6665
f 3395/98/6665 3432/86/6665 3436/88/6665
f 3395/98/6665 3436/88/6665 3438/89/6665
f 3438/89/6665 3439/90/7153 3441/91/6665
f 3395/98/6665 3438/89/6665 3441/91/6665
f 3395/98/6665 3441/91/6665 3444/92/6665
f 3444/92/6665 3445/93/7150 3448/94/6665
f 3395/98/6665 3444/92/6665 3448/94/6665
f 3395/98/6665 3448/94/6665 3450/95/6665
f 3450/95/6665 3451/96/7154 3454/97/6665
f 3395/98/6665 3450/95/6665 3454/97/6665
f 3395/98/6665 3454/97/6665 3458/99/6665
s 2739
f 3459/8/7652 3460/8/7653 3461/10/7654
f 3461/10/7654 3462/10/7652 3459/8/7652
s 2740
f 3463/39/7655 3430/39/7656 3428/37/7656
f 3428/37/7656 3464/37/7655 3463/39/7655
s 2741
f 3465/56/7657 3447/56/7658 3446/55/7657
f 3446/55/7657 3466/55/7659 3465/56/7657
s 2742
f 3401/10/7660 3462/10/7661 3467/12/7660
f 3467/12/7660 3404/12/7660 3401/10/7660
s 2743
f 3422/31/7662 3419/29/7662 3468/29/7663
f 3468/29/7663 3469/31/7664 3422/31/7662
s 2744
f 3440/49/7665 3437/47/7666 3470/47/7667
f 3470/47/7667 3471/49/7665 3440/49/7665
s 2745
f 3472/3/7668 3393/3/7669 3396/2/7670
f 3396/2/7670 3473/2/7670 3472/3/7668
s 2746
f 3474/64/7671 3473/66/7671 3396/66/7672
f 3396/66/7672 3457/64/7673 3474/64/7671
s 2747
f 3411/21/7674 3456/21/7675 3475/23/7675
f 3475/23/7675 3413/23/7676 3411/21/7674
s 2748
f 3476/41/7677 3431/41/7678 3430/39/7679
f 3430/39/7679 3463/39/7677 3476/41/7677
s 2749
f 3477/59/7680 3449/59/7681 3447/56/7682
f 3447/56/7682 3465/56/7680 3477/59/7680
s 2750
f 3404/12/7683 3467/12/7683 3478/15/7683
f 3478/15/7683 3405/15/7683 3404/12/7683
s 2751
f 3479/33/7684 3424/33/7685 3422/31/7686
f 3422/31/7686 3469/31/7687 3479/33/7684
s 2752
f 3480/50/7688 3442/50/7689 3440/49/7689
f 3440/49/7689 3471/49/7688 3480/50/7688
s 2753
f 3393/3/7690 3472/3/7691 3481/6/7691
f 3481/6/7691 3398/6/7692 3393/3/7690
s 2754
f 3475/23/7693 3482/25/7693 3416/25/7694
f 3416/25/7694 3413/23/7695 3475/23/7693
s 2755
f 3434/42/7696 3431/41/7696 3476/41/7697
f 3476/41/7697 3483/42/7698 3434/42/7696
s 2756
f 3452/61/7699 3449/59/7699 3477/59/7700
f 3477/59/7700 3484/61/7700 3452/61/7699
s 2757
f 3405/15/7701 3478/15/7701 3485/17/7701
f 3485/17/7701 3407/17/7701 3405/15/7701
s 2758
f 3486/35/7702 3425/35/7703 3424/33/7703
f 3424/33/7703 3479/33/7702 3486/35/7702
s 2759
f 3487/52/7704 3443/52/7705 3442/50/7705
f 3442/50/7705 3480/50/7704 3487/52/7704
s 2760
f 3398/6/7706 3481/6/7707 3459/8/7708
f 3459/8/7708 3399/8/7706 3398/6/7706
s 2761
f 3482/25/7709 3488/26/7709 3417/26/7710
f 3417/26/7710 3416/25/7711 3482/25/7709
s 2762
f 3489/44/7712 3435/44/7713 3434/42/7714
f 3434/42/7714 3483/42/7715 3489/44/7712
s 2763
f 3490/62/7716 3453/62/7717 3452/61/7717
f 3452/61/7717 3484/61/7718 3490/62/7716
s 2764
f 3407/17/7719 3485/17/7720 3455/18/7721
f 3455/18/7721 3410/18/7719 3407/17/7719
s 2765
f 3428/37/7722 3425/35/7722 3486/35/7723
f 3486/35/7723 3464/37/7723 3428/37/7722
s 2766
f 3446/55/7724 3443/52/7725 3487/52/7724
f 3487/52/7724 3466/55/7726 3446/55/7724
s 2767
f 3399/8/7727 3459/8/7728 3462/10/7728
f 3462/10/7728 3401/10/7727 3399/8/7727
s 2768
f 3419/29/7729 3417/26/7729 3488/26/7730
f 3488/26/7730 3468/29/7730 3419/29/7729
s 2769
f 3470/47/7731 3437/47/7732 3435/44/7733
f 3435/44/7733 3489/44/7731 3470/47/7731
s 2770
f 3474/64/7734 3457/64/7735 3453/62/7736
f 3453/62/7736 3490/62/7737 3474/64/7734
s 2771
f 3491/100/7738 3492/101/7739 3493/102/7740
f 3493/102/7740 3494/103/7741 3495/104/7738
f 3491/100/7738 3493/102/7740 3495/104/7738
f 3496/105/7742 3497/106/7743 3498/107/7738
f 3495/104/7738 3496/105/7742 3498/107/7738
f 3491/100/7738 3495/104/7738 3498/107/7738
f 3499/108/7744 3500/109/7745 3501/110/7740
f 3498/107/7738 3499/108/7744 3501/110/7740
f 3502/111/7746 3503/112/7740 3504/113/7740
f 3501/110/7740 3502/111/7746 3504/113/7740
f 3498/107/7738 3501/110/7740 3504/113/7740
f 3491/100/7738 3498/107/7738 3504/113/7740
f 3505/114/7746 3506/115/7747 3507/116/7748
f 3504/113/7740 3505/114/7746 3507/116/7748
f 3508/117/7749 3509/118/7750 3510/119/7751
f 3507/116/7748 3508/117/7749 3510/119/7751
f 3504/113/7740 3507/116/7748 3510/119/7751
f 3511/120/7752 3512/121/7753 3513/122/7751
f 3510/119/7751 3511/120/7752 3513/122/7751
f 3514/123/7754 3515/124/7746 3516/125/7740
f 3513/122/7751 3514/123/7754 3516/125/7740
f 3510/119/7751 3513/122/7751 3516/125/7740
f 3504/113/7740 3510/119/7751 3516/125/7740
f 3491/100/7738 3504/113/7740 3516/125/7740
f 3517/126/7745 3518/127/7755 3519/128/7748
f 3516/125/7740 3517/126/7745 3519/128/7748
f 3461/129/7756 3460/130/7749 3520/131/7740
f 3519/128/7748 3461/129/7756 3520/131/7740
f 3516/125/7740 3519/128/7748 3520/131/7740
f 3491/100/7738 3516/125/7740 3520/131/7740
s 2772
f 3490/62/7757 3494/62/7758 3493/64/7759
f 3493/64/7759 3474/64/7760 3490/62/7757
s 2773
f 3463/39/7761 3464/37/7762 3507/37/7763
f 3507/37/7763 3506/39/7764 3463/39/7761
s 2774
f 3519/12/7765 3467/12/7766 3462/10/7766
f 3462/10/7766 3461/10/7765 3519/12/7765
s 2775
f 3493/64/7767 3492/66/7767 3473/66/7768
f 3473/66/7768 3474/64/7768 3493/64/7767
s 2776
f 3463/39/7769 3506/39/7770 3505/41/7771
f 3505/41/7771 3476/41/7772 3463/39/7769
s 2777
f 3478/15/7773 3467/12/7774 3519/12/7775
f 3519/12/7775 3518/15/7775 3478/15/7773
s 2778
f 3504/42/7776 3483/42/7777 3476/41/7778
f 3476/41/7778 3505/41/7779 3504/42/7776
s 2779
f 3478/15/7780 3518/15/7781 3517/17/7781
f 3517/17/7781 3485/17/7780 3478/15/7780
s 2780
f 3489/44/7782 3483/42/7783 3504/42/7784
f 3504/42/7784 3503/44/7785 3489/44/7782
s 2781
f 3516/18/7786 3455/18/7787 3485/17/7788
f 3485/17/7788 3517/17/7788 3516/18/7786
s 2782
f 3489/44/7789 3503/44/7790 3502/47/7790
f 3502/47/7790 3470/47/7789 3489/44/7789
s 2783
f 3456/21/7791 3455/18/7791 3516/18/7791
f 3516/18/7791 3515/21/7792 3456/21/7791
s 2784
f 3501/49/7793 3471/49/7794 3470/47/7795
f 3470/47/7795 3502/47/7796 3501/49/7793
s 2785
f 3456/21/7797 3515/21/7797 3514/23/7797
f 3514/23/7797 3475/23/7798 3456/21/7797
s 2786
f 3480/50/7799 3471/49/7800 3501/49/7799
f 3501/49/7799 3500/50/7799 3480/50/7799
s 2787
f 3475/23/7801 3514/23/7801 3513/25/7801
f 3513/25/7801 3482/25/7801 3475/23/7801
s 2788
f 3480/50/7802 3500/50/7803 3499/52/7803
f 3499/52/7803 3487/52/7802 3480/50/7802
s 2789
f 3513/25/7804 3512/26/7805 3488/26/7806
f 3488/26/7806 3482/25/7807 3513/25/7804
s 2790
f 3498/55/7808 3466/55/7809 3487/52/7810
f 3487/52/7810 3499/52/7811 3498/55/7808
s 2791
f 3511/29/7812 3468/29/7813 3488/26/7814
f 3488/26/7814 3512/26/7815 3511/29/7812
s 2792
f 3465/56/7816 3466/55/7816 3498/55/7817
f 3498/55/7817 3497/56/7817 3465/56/7816
s 2793
f 3510/31/7818 3469/31/7819 3468/29/7819
f 3468/29/7819 3511/29/7818 3510/31/7818
s 2794
f 3472/3/7820 3473/2/7820 3492/2/7821
f 3492/2/7821 3491/3/7821 3472/3/7820
s 2795
f 3465/56/7822 3497/56/7823 3496/59/7824
f 3496/59/7824 3477/59/7822 3465/56/7822
s 2796
f 3479/33/7825 3469/31/7825 3510/31/7826
f 3510/31/7826 3509/33/7827 3479/33/7825
s 2797
f 3520/6/7828 3481/6/7829 3472/3/7829
f 3472/3/7829 3491/3/7828 3520/6/7828
s 2798
f 3495/61/7830 3484/61/7831 3477/59/7832
f 3477/59/7832 3496/59/7833 3495/61/7830
s 2799
f 3479/33/7834 3509/33/7835 3508/35/7836
f 3508/35/7836 3486/35/7834 3479/33/7834
s 2800
f 3459/8/7837 3481/6/7838 3520/6/7839
f 3520/6/7839 3460/8/7840 3459/8/7837
s 2801
f 3490/62/7841 3484/61/7842 3495/61/7841
f 3495/61/7841 3494/62/7843 3490/62/7841
s 2802
f 3507/37/7844 3464/37/7845 3486/35/7846
f 3486/35/7846 3508/35/7847 3507/37/7844
