# Blender 5.0.1
# www.blender.org
mtllib relojengrane1.mtl
o Part_003_part_03_0.001
v 0.205010 -0.074635 -0.987657
v 0.206101 -0.069319 -0.992970
v 0.280743 -0.074497 -0.968977
v 0.282248 -0.069181 -0.974187
v 0.128716 -0.069436 -1.005720
v 0.128045 -0.074751 -1.000337
v 0.050569 -0.069530 -1.012359
v 0.050322 -0.074846 -1.006940
v -0.105478 -0.074968 -1.001787
v -0.106082 -0.069652 -1.007178
v -0.027679 -0.074918 -1.007424
v -0.027858 -0.069603 -1.012846
v -0.183620 -0.069679 -0.995391
v -0.182595 -0.074994 -0.990064
v -0.259994 -0.069682 -0.977557
v -0.258554 -0.074997 -0.972326
v -0.405137 -0.074933 -0.919282
v -0.407377 -0.069618 -0.924222
v -0.332888 -0.074977 -0.948684
v -0.334734 -0.069661 -0.953785
v -0.477478 -0.069551 -0.889052
v -0.474857 -0.074867 -0.884302
v -0.544603 -0.069462 -0.848489
v -0.541617 -0.074778 -0.843960
v -0.664634 -0.074535 -0.748216
v -0.668291 -0.069218 -0.752222
v -0.605006 -0.074667 -0.798505
v -0.608338 -0.069350 -0.802785
v -0.724093 -0.069065 -0.697111
v -0.720133 -0.074382 -0.693404
v -0.775398 -0.068892 -0.637791
v -0.771160 -0.074210 -0.634407
v -0.858570 -0.073811 -0.505335
v -0.863285 -0.068492 -0.508014
v -0.817401 -0.074019 -0.571589
v -0.821891 -0.068701 -0.574629
v -0.899323 -0.068267 -0.438356
v -0.894414 -0.073587 -0.436056
v -0.929787 -0.068028 -0.366085
v -0.924713 -0.073348 -0.364178
v -0.967960 -0.072833 -0.214412
v -0.973269 -0.067512 -0.215502
v -0.949279 -0.073097 -0.290145
v -0.954486 -0.067776 -0.291648
v -0.986019 -0.067237 -0.138117
v -0.980642 -0.072560 -0.137447
v -0.992658 -0.066955 -0.059971
v -0.987246 -0.072278 -0.059725
v -0.987479 -0.066372 0.096679
v -0.993146 -0.066666 0.018456
v -0.982096 -0.071697 0.096076
v -0.987731 -0.071990 0.018277
v -0.970373 -0.071401 0.173193
v -0.975691 -0.066075 0.174217
v -0.952636 -0.071103 0.249153
v -0.957857 -0.065777 0.250590
v -0.904523 -0.065185 0.397972
v -0.934086 -0.065480 0.325329
v -0.899593 -0.070513 0.395736
v -0.928995 -0.070807 0.323487
v -0.864613 -0.070223 0.465457
v -0.869352 -0.064895 0.468072
v -0.828790 -0.064610 0.535197
v -0.824272 -0.069940 0.532218
v -0.728527 -0.069398 0.655236
v -0.732522 -0.064067 0.658884
v -0.778816 -0.069664 0.595608
v -0.783086 -0.064334 0.598932
v -0.677410 -0.063811 0.714685
v -0.673714 -0.069143 0.710736
v -0.618091 -0.063569 0.765989
v -0.614716 -0.068901 0.761763
v -0.485641 -0.068461 0.849173
v -0.488313 -0.063127 0.853875
v -0.551896 -0.068673 0.808004
v -0.554928 -0.063340 0.812482
v -0.418655 -0.062932 0.889914
v -0.416361 -0.068266 0.885018
v -0.346385 -0.062754 0.920377
v -0.344482 -0.068088 0.915317
v -0.194713 -0.067793 0.958563
v -0.195800 -0.062458 0.963858
v -0.270447 -0.067931 0.939882
v -0.271946 -0.062596 0.945076
v -0.118415 -0.062341 0.976608
v -0.117746 -0.067677 0.971244
v -0.040268 -0.062246 0.983247
v -0.040022 -0.067582 0.977847
v 0.115782 -0.067460 0.972696
v 0.116384 -0.062124 0.978067
v 0.037981 -0.067510 0.978332
v 0.038160 -0.062174 0.983734
v 0.193921 -0.062098 0.966280
v 0.192900 -0.067434 0.960972
v 0.270295 -0.062095 0.948445
v 0.268861 -0.067431 0.943234
v 0.415446 -0.067495 0.890189
v 0.417679 -0.062159 0.895111
v 0.343196 -0.067451 0.919591
v 0.345035 -0.062115 0.924673
v 0.487779 -0.062226 0.859940
v 0.485168 -0.067561 0.855208
v 0.554904 -0.062315 0.819378
v 0.551929 -0.067650 0.814865
v 0.674948 -0.067894 0.719118
v 0.678593 -0.062559 0.723110
v 0.615320 -0.067761 0.769408
v 0.618640 -0.062426 0.773674
v 0.734394 -0.062712 0.667999
v 0.730447 -0.068046 0.664304
v 0.785699 -0.062885 0.608679
v 0.781474 -0.068218 0.605305
v 0.868884 -0.068617 0.476230
v 0.873586 -0.063285 0.478902
v 0.827715 -0.068409 0.542485
v 0.832192 -0.063076 0.545517
v 0.909625 -0.063509 0.409244
v 0.904728 -0.068841 0.406949
v 0.940088 -0.063749 0.336974
v 0.935026 -0.069080 0.335070
v 0.978270 -0.069595 0.185302
v 0.983570 -0.064265 0.186390
v 0.959590 -0.069332 0.261035
v 0.964787 -0.064001 0.262536
v 0.996320 -0.064539 0.109005
v 0.990951 -0.069868 0.108336
v 1.002960 -0.064822 0.030859
v 0.997554 -0.070150 0.030612
v 0.992400 -0.070731 -0.125189
v 0.997780 -0.065405 -0.125791
v 0.998038 -0.070438 -0.047390
v 1.003447 -0.065111 -0.047568
v 0.985993 -0.065702 -0.203329
v 0.980676 -0.071027 -0.202306
v 0.968158 -0.066000 -0.279702
v 0.962938 -0.071325 -0.278265
v 0.909891 -0.071915 -0.424848
v 0.914824 -0.066592 -0.427084
v 0.939294 -0.071621 -0.352599
v 0.944386 -0.066297 -0.354441
v 0.879653 -0.066882 -0.497184
v 0.874911 -0.072205 -0.494567
v 0.839091 -0.067166 -0.564309
v 0.834568 -0.072488 -0.561327
v 0.738821 -0.073030 -0.684343
v 0.742823 -0.067710 -0.687996
v 0.789111 -0.072764 -0.624716
v 0.793387 -0.067443 -0.628044
v 0.687712 -0.067965 -0.743797
v 0.684008 -0.073285 -0.739840
v 0.628392 -0.068208 -0.795101
v 0.625010 -0.073527 -0.790865
v 0.495935 -0.073967 -0.878273
v 0.498614 -0.068649 -0.882987
v 0.562190 -0.073755 -0.837105
v 0.565230 -0.068437 -0.841594
v 0.428956 -0.068845 -0.919026
v 0.426656 -0.074163 -0.914116
v 0.356686 -0.069023 -0.949489
v 0.354777 -0.074340 -0.944413
v 0.183565 -0.072582 -0.883232
v 0.182494 -0.067162 -0.878020
v 0.114859 -0.072686 -0.894551
v 0.114200 -0.067266 -0.889272
v 0.249695 -0.067040 -0.861444
v 0.251171 -0.072459 -0.866556
v 0.045476 -0.072771 -0.900445
v 0.045234 -0.067350 -0.895131
v -0.093606 -0.072880 -0.895846
v -0.093014 -0.067459 -0.890559
v -0.162447 -0.072903 -0.885380
v -0.161442 -0.067482 -0.880157
v -0.023980 -0.067415 -0.895561
v -0.024156 -0.072835 -0.900878
v -0.230256 -0.072905 -0.869546
v -0.228844 -0.067485 -0.864418
v -0.361110 -0.072848 -0.822194
v -0.358913 -0.067428 -0.817349
v -0.423348 -0.072789 -0.790968
v -0.420777 -0.067369 -0.786310
v -0.294803 -0.067466 -0.843439
v -0.296613 -0.072887 -0.848441
v -0.482945 -0.072710 -0.754955
v -0.480017 -0.067290 -0.750513
v -0.592762 -0.072493 -0.669485
v -0.589174 -0.067073 -0.665555
v -0.642306 -0.072357 -0.620555
v -0.638420 -0.066937 -0.616919
v -0.536265 -0.067191 -0.710179
v -0.539533 -0.072611 -0.714378
v -0.687856 -0.072203 -0.567888
v -0.683697 -0.066784 -0.564567
v -0.765887 -0.071847 -0.452666
v -0.761259 -0.066429 -0.450036
v -0.797887 -0.071647 -0.390822
v -0.793066 -0.066229 -0.388563
v -0.724728 -0.066614 -0.508825
v -0.729135 -0.072032 -0.511810
v -0.824934 -0.071434 -0.326657
v -0.819950 -0.066017 -0.324783
v -0.863540 -0.070974 -0.192961
v -0.858323 -0.065558 -0.191890
v -0.874861 -0.070730 -0.124255
v -0.869576 -0.065315 -0.123596
v -0.841746 -0.065793 -0.259090
v -0.846863 -0.071209 -0.260567
v -0.880757 -0.070478 -0.054872
v -0.875435 -0.065064 -0.054630
v -0.876159 -0.069959 0.084210
v -0.870864 -0.064547 0.083617
v -0.865694 -0.069695 0.153052
v -0.860461 -0.064283 0.152045
v -0.875865 -0.064808 0.014583
v -0.881190 -0.070221 0.014760
v -0.849861 -0.069430 0.220862
v -0.844722 -0.064019 0.219446
v -0.802510 -0.068903 0.351716
v -0.797654 -0.063493 0.349514
v -0.771283 -0.068644 0.413955
v -0.766614 -0.063235 0.411378
v -0.823743 -0.063755 0.285405
v -0.828756 -0.069165 0.287219
v -0.735271 -0.068391 0.473553
v -0.730818 -0.062983 0.470617
v -0.649800 -0.067907 0.583371
v -0.645860 -0.062501 0.579774
v -0.600869 -0.067680 0.632915
v -0.597223 -0.062274 0.629019
v -0.690483 -0.062738 0.526865
v -0.694692 -0.068145 0.530141
v -0.548201 -0.067463 0.678466
v -0.544871 -0.062059 0.674296
v -0.432977 -0.067070 0.756498
v -0.430340 -0.061667 0.751857
v -0.371130 -0.066896 0.788496
v -0.368866 -0.061493 0.783663
v -0.489130 -0.061856 0.715326
v -0.492122 -0.067260 0.719745
v -0.306964 -0.066738 0.815543
v -0.305085 -0.061335 0.810546
v -0.173266 -0.066474 0.854150
v -0.172192 -0.061073 0.848920
v -0.104558 -0.066370 0.865469
v -0.103898 -0.060969 0.860171
v -0.239393 -0.061195 0.832344
v -0.240873 -0.066597 0.837473
v -0.035174 -0.066285 0.871364
v -0.034931 -0.060884 0.866030
v 0.103911 -0.066177 0.866765
v 0.103316 -0.060776 0.861459
v 0.172755 -0.066153 0.856300
v 0.171745 -0.060753 0.851056
v 0.034283 -0.060820 0.866460
v 0.034459 -0.066221 0.871797
v 0.240564 -0.066151 0.840466
v 0.239147 -0.060750 0.835317
v 0.371420 -0.066208 0.793112
v 0.369215 -0.060807 0.788248
v 0.433660 -0.066267 0.761885
v 0.431080 -0.060866 0.757210
v 0.305106 -0.060768 0.814338
v 0.306923 -0.066169 0.819359
v 0.493258 -0.066346 0.725870
v 0.490319 -0.060945 0.721412
v 0.603077 -0.066564 0.640397
v 0.599477 -0.061162 0.636454
v 0.652620 -0.066700 0.591466
v 0.648723 -0.061298 0.587818
v 0.546567 -0.061044 0.681078
v 0.549847 -0.066445 0.685291
v 0.698172 -0.066854 0.538798
v 0.694000 -0.061451 0.535467
v 0.776202 -0.067210 0.423573
v 0.771562 -0.061806 0.420936
v 0.808200 -0.067410 0.361726
v 0.803368 -0.062006 0.359462
v 0.735031 -0.061621 0.479725
v 0.739450 -0.067024 0.482718
v 0.835246 -0.067622 0.297559
v 0.830252 -0.062218 0.295682
v 0.868626 -0.062677 0.162789
v 0.879878 -0.062920 0.094495
v 0.873850 -0.068083 0.163862
v 0.885170 -0.068327 0.095155
v 0.857175 -0.067847 0.231469
v 0.852050 -0.062442 0.229989
v 0.885737 -0.063171 0.025529
v 0.891064 -0.068578 0.025772
v 0.881166 -0.063688 -0.112718
v 0.870764 -0.063952 -0.181146
v 0.886464 -0.069097 -0.113311
v 0.875998 -0.069361 -0.182153
v 0.891496 -0.068836 -0.043860
v 0.886168 -0.063427 -0.043684
v 0.855025 -0.064216 -0.248547
v 0.860163 -0.069627 -0.249961
v 0.807956 -0.064742 -0.378615
v 0.776917 -0.064999 -0.440479
v 0.812808 -0.070154 -0.380815
v 0.781581 -0.070412 -0.443053
v 0.839056 -0.069891 -0.316318
v 0.834046 -0.064480 -0.314506
v 0.741121 -0.065252 -0.499718
v 0.745567 -0.070665 -0.502649
v 0.660095 -0.071149 -0.612464
v 0.656162 -0.065734 -0.608875
v 0.611163 -0.071377 -0.662007
v 0.607525 -0.065961 -0.658120
v 0.704988 -0.070912 -0.559236
v 0.700786 -0.065497 -0.555965
v 0.558496 -0.071593 -0.707556
v 0.555175 -0.066176 -0.703397
v 0.443272 -0.071986 -0.785585
v 0.440643 -0.066568 -0.780958
v 0.381426 -0.072160 -0.817582
v 0.379168 -0.066742 -0.812763
v 0.499433 -0.066379 -0.744427
v 0.502417 -0.071796 -0.748834
v 0.317261 -0.072318 -0.844628
v 0.315388 -0.066900 -0.839647
v 0.205010 -0.014843 -0.987656
v 0.206101 -0.020160 -0.992970
v 0.128045 -0.014727 -1.000337
v 0.128716 -0.020043 -1.005720
v 0.282248 -0.020298 -0.974187
v 0.280743 -0.014981 -0.968977
v 0.050322 -0.014632 -1.006940
v 0.050569 -0.019948 -1.012359
v -0.105478 -0.014511 -1.001787
v -0.106082 -0.019826 -1.007178
v -0.182595 -0.014484 -0.990064
v -0.183620 -0.019800 -0.995391
v -0.027858 -0.019876 -1.012846
v -0.027679 -0.014560 -1.007424
v -0.258554 -0.014481 -0.972326
v -0.259994 -0.019797 -0.977557
v -0.405137 -0.014545 -0.919282
v -0.407377 -0.019861 -0.924222
v -0.474857 -0.014612 -0.884303
v -0.477478 -0.019927 -0.889052
v -0.334734 -0.019817 -0.953785
v -0.332888 -0.014502 -0.948684
v -0.541617 -0.014701 -0.843961
v -0.544603 -0.020017 -0.848489
v -0.664634 -0.014944 -0.748216
v -0.668291 -0.020260 -0.752222
v -0.720133 -0.015097 -0.693405
v -0.724093 -0.020413 -0.697111
v -0.608338 -0.020128 -0.802785
v -0.605007 -0.014812 -0.798505
v -0.771160 -0.015269 -0.634408
v -0.775398 -0.020586 -0.637791
v -0.858571 -0.015667 -0.505336
v -0.863285 -0.020986 -0.508014
v -0.894415 -0.015892 -0.436056
v -0.899323 -0.021211 -0.438356
v -0.821891 -0.020777 -0.574629
v -0.817401 -0.015459 -0.571589
v -0.924713 -0.016130 -0.364178
v -0.929787 -0.021450 -0.366085
v -0.967961 -0.016645 -0.214412
v -0.973269 -0.021966 -0.215502
v -0.980643 -0.016919 -0.137447
v -0.986019 -0.022240 -0.138117
v -0.954486 -0.021702 -0.291648
v -0.949279 -0.016382 -0.290145
v -0.987247 -0.017201 -0.059724
v -0.992658 -0.022523 -0.059971
v -0.982097 -0.017781 0.096076
v -0.987479 -0.023105 0.096679
v -0.970374 -0.018078 0.173193
v -0.975691 -0.023402 0.174217
v -0.993146 -0.022812 0.018456
v -0.987732 -0.017489 0.018277
v -0.952637 -0.018375 0.249153
v -0.957857 -0.023700 0.250590
v -0.899594 -0.018965 0.395737
v -0.904523 -0.024292 0.397972
v -0.864614 -0.019255 0.465457
v -0.869352 -0.024583 0.468072
v -0.934086 -0.023998 0.325329
v -0.928996 -0.018671 0.323487
v -0.824273 -0.019538 0.532219
v -0.828790 -0.024867 0.535197
v -0.728527 -0.020080 0.655237
v -0.732522 -0.025410 0.658884
v -0.673714 -0.020335 0.710736
v -0.677410 -0.025666 0.714685
v -0.783086 -0.025144 0.598932
v -0.778817 -0.019814 0.595609
v -0.614716 -0.020577 0.761763
v -0.618091 -0.025909 0.765989
v -0.485642 -0.021017 0.849174
v -0.488313 -0.026350 0.853875
v -0.416361 -0.021213 0.885018
v -0.418655 -0.026546 0.889914
v -0.554928 -0.026138 0.812482
v -0.551896 -0.020805 0.808004
v -0.344482 -0.021390 0.915317
v -0.346385 -0.026724 0.920377
v -0.194713 -0.021685 0.958563
v -0.195800 -0.027020 0.963858
v -0.117746 -0.021802 0.971244
v -0.118415 -0.027137 0.976608
v -0.271946 -0.026882 0.945076
v -0.270447 -0.021548 0.939882
v -0.040022 -0.021896 0.977848
v -0.040268 -0.027232 0.983247
v 0.115782 -0.022018 0.972696
v 0.116384 -0.027354 0.978067
v 0.192900 -0.022044 0.960972
v 0.193921 -0.027380 0.966280
v 0.038160 -0.027304 0.983734
v 0.037981 -0.021969 0.978332
v 0.268861 -0.022047 0.943234
v 0.270295 -0.027383 0.948445
v 0.415446 -0.021983 0.890188
v 0.417679 -0.027319 0.895111
v 0.485167 -0.021917 0.855208
v 0.487779 -0.027253 0.859940
v 0.345035 -0.027363 0.924673
v 0.343196 -0.022027 0.919591
v 0.551929 -0.021828 0.814864
v 0.554904 -0.027164 0.819378
v 0.674948 -0.021585 0.719117
v 0.678593 -0.026920 0.723110
v 0.730447 -0.021432 0.664304
v 0.734394 -0.026767 0.667999
v 0.618640 -0.027052 0.773674
v 0.615319 -0.021717 0.769408
v 0.781474 -0.021260 0.605305
v 0.785699 -0.026594 0.608679
v 0.868884 -0.020861 0.476230
v 0.873586 -0.026194 0.478902
v 0.904727 -0.020637 0.406949
v 0.909625 -0.025970 0.409244
v 0.832192 -0.026403 0.545517
v 0.827714 -0.021069 0.542484
v 0.935025 -0.020399 0.335070
v 0.940088 -0.025730 0.336974
v 0.978270 -0.019883 0.185301
v 0.983570 -0.025214 0.186390
v 0.990950 -0.019610 0.108336
v 0.996320 -0.024940 0.109005
v 0.964787 -0.025478 0.262536
v 0.959590 -0.020147 0.261035
v 0.997553 -0.019328 0.030612
v 1.002960 -0.024657 0.030859
v 0.997780 -0.024075 -0.125791
v 0.985993 -0.023778 -0.203329
v 0.992400 -0.018747 -0.125189
v 0.980675 -0.018451 -0.202306
v 0.998037 -0.019040 -0.047390
v 1.003447 -0.024368 -0.047568
v 0.968158 -0.023480 -0.279702
v 0.962937 -0.018154 -0.278265
v 0.914824 -0.022888 -0.427084
v 0.879653 -0.022597 -0.497184
v 0.909891 -0.017564 -0.424847
v 0.874910 -0.017274 -0.494567
v 0.939293 -0.017857 -0.352598
v 0.944386 -0.023182 -0.354441
v 0.834567 -0.016990 -0.561327
v 0.839091 -0.022313 -0.564309
v 0.738820 -0.016448 -0.684342
v 0.742823 -0.021770 -0.687996
v 0.684008 -0.016194 -0.739839
v 0.687712 -0.021514 -0.743797
v 0.793387 -0.022036 -0.628044
v 0.789110 -0.016715 -0.624715
v 0.625009 -0.015951 -0.790865
v 0.628392 -0.021271 -0.795101
v 0.495935 -0.015511 -0.878272
v 0.498614 -0.020830 -0.882987
v 0.426655 -0.015316 -0.914116
v 0.428956 -0.020634 -0.919026
v 0.565230 -0.021042 -0.841594
v 0.562189 -0.015723 -0.837104
v 0.354777 -0.015139 -0.944413
v 0.356686 -0.020456 -0.949489
v 0.183565 -0.016896 -0.883232
v 0.182494 -0.022316 -0.878020
v 0.251171 -0.017019 -0.866556
v 0.249695 -0.022439 -0.861444
v 0.114200 -0.022213 -0.889272
v 0.114859 -0.016792 -0.894551
v 0.045234 -0.022129 -0.895131
v 0.045476 -0.016708 -0.900445
v -0.093606 -0.016599 -0.895846
v -0.093014 -0.022020 -0.890559
v -0.024156 -0.016643 -0.900878
v -0.023980 -0.022064 -0.895561
v -0.161442 -0.021996 -0.880157
v -0.162447 -0.016576 -0.885381
v -0.228844 -0.021994 -0.864418
v -0.230256 -0.016573 -0.869546
v -0.361110 -0.016630 -0.822194
v -0.358913 -0.022051 -0.817349
v -0.296613 -0.016591 -0.848441
v -0.294803 -0.022012 -0.843439
v -0.420777 -0.022110 -0.786310
v -0.423348 -0.016689 -0.790968
v -0.480017 -0.022189 -0.750513
v -0.482945 -0.016769 -0.754955
v -0.592761 -0.016986 -0.669484
v -0.589174 -0.022405 -0.665555
v -0.539533 -0.016868 -0.714377
v -0.536265 -0.022288 -0.710179
v -0.638420 -0.022541 -0.616919
v -0.642305 -0.017122 -0.620554
v -0.683697 -0.022694 -0.564567
v -0.687856 -0.017276 -0.567888
v -0.765887 -0.017632 -0.452666
v -0.761259 -0.023049 -0.450036
v -0.729135 -0.017446 -0.511809
v -0.724728 -0.022864 -0.508825
v -0.793066 -0.023249 -0.388563
v -0.797886 -0.017832 -0.390821
v -0.819950 -0.023461 -0.324783
v -0.824933 -0.018045 -0.326656
v -0.858323 -0.023920 -0.191890
v -0.841746 -0.023685 -0.259090
v -0.863540 -0.018505 -0.192961
v -0.846862 -0.018270 -0.260566
v -0.874861 -0.018749 -0.124255
v -0.869576 -0.024163 -0.123596
v -0.880756 -0.019000 -0.054872
v -0.875435 -0.024413 -0.054630
v -0.870864 -0.024931 0.083617
v -0.875865 -0.024670 0.014583
v -0.876159 -0.019519 0.084210
v -0.881189 -0.019258 0.014760
v -0.865694 -0.019783 0.153052
v -0.860461 -0.025194 0.152045
v -0.849861 -0.020049 0.220861
v -0.844722 -0.025459 0.219446
v -0.797654 -0.025984 0.349514
v -0.823743 -0.025723 0.285405
v -0.802509 -0.020576 0.351716
v -0.828755 -0.020314 0.287219
v -0.771283 -0.020835 0.413955
v -0.766614 -0.026242 0.411378
v -0.735270 -0.021088 0.473553
v -0.730818 -0.026495 0.470617
v -0.645860 -0.026977 0.579774
v -0.690483 -0.026740 0.526865
v -0.649799 -0.021571 0.583371
v -0.694692 -0.021334 0.530141
v -0.597223 -0.027204 0.629019
v -0.600868 -0.021799 0.632914
v -0.544871 -0.027419 0.674296
v -0.548201 -0.022015 0.678466
v -0.432977 -0.022408 0.756497
v -0.430340 -0.027811 0.751857
v -0.492122 -0.022219 0.719745
v -0.489130 -0.027622 0.715326
v -0.368866 -0.027985 0.783663
v -0.371130 -0.022583 0.788496
v -0.305085 -0.028143 0.810546
v -0.306964 -0.022741 0.815543
v -0.173266 -0.023004 0.854149
v -0.172192 -0.028405 0.848920
v -0.240873 -0.022881 0.837473
v -0.239393 -0.028283 0.832344
v -0.103898 -0.028509 0.860171
v -0.104558 -0.023108 0.865469
v -0.034931 -0.028594 0.866030
v -0.035174 -0.023193 0.871364
v 0.103911 -0.023302 0.866765
v 0.103316 -0.028702 0.861459
v 0.034459 -0.023257 0.871797
v 0.034283 -0.028658 0.866460
v 0.171745 -0.028726 0.851056
v 0.172755 -0.023325 0.856300
v 0.239147 -0.028728 0.835317
v 0.240564 -0.023328 0.840466
v 0.371420 -0.023271 0.793112
v 0.369215 -0.028671 0.788248
v 0.306923 -0.023310 0.819359
v 0.305106 -0.028710 0.814338
v 0.431080 -0.028612 0.757210
v 0.433660 -0.023211 0.761885
v 0.490319 -0.028533 0.721412
v 0.493258 -0.023132 0.725870
v 0.603077 -0.022915 0.640397
v 0.599477 -0.028317 0.636454
v 0.549847 -0.023033 0.685291
v 0.546567 -0.028434 0.681078
v 0.648723 -0.028181 0.587818
v 0.652620 -0.022779 0.591466
v 0.694000 -0.028028 0.535467
v 0.698172 -0.022625 0.538798
v 0.776202 -0.022269 0.423573
v 0.771562 -0.027673 0.420936
v 0.739451 -0.022454 0.482718
v 0.735031 -0.027858 0.479725
v 0.803368 -0.027473 0.359462
v 0.808200 -0.022069 0.361726
v 0.830252 -0.027261 0.295682
v 0.835247 -0.021856 0.297560
v 0.873851 -0.021396 0.163862
v 0.868626 -0.026802 0.162789
v 0.857176 -0.021631 0.231469
v 0.852050 -0.027037 0.229989
v 0.879878 -0.026559 0.094495
v 0.885171 -0.021152 0.095155
v 0.885737 -0.026309 0.025529
v 0.891065 -0.020900 0.025772
v 0.886465 -0.020382 -0.113311
v 0.881166 -0.025791 -0.112718
v 0.891497 -0.020643 -0.043860
v 0.886168 -0.026052 -0.043684
v 0.870764 -0.025528 -0.181146
v 0.875998 -0.020117 -0.182153
v 0.855025 -0.025263 -0.248547
v 0.860164 -0.019852 -0.249962
v 0.812809 -0.019325 -0.380815
v 0.807956 -0.024738 -0.378615
v 0.839057 -0.019587 -0.316319
v 0.834046 -0.024999 -0.314506
v 0.776917 -0.024480 -0.440479
v 0.781582 -0.019066 -0.443053
v 0.741121 -0.024228 -0.499718
v 0.745568 -0.018813 -0.502649
v 0.660095 -0.018329 -0.612465
v 0.656162 -0.023745 -0.608875
v 0.704989 -0.018567 -0.559236
v 0.700786 -0.023982 -0.555965
v 0.607525 -0.023518 -0.658120
v 0.611164 -0.018102 -0.662007
v 0.555175 -0.023303 -0.703397
v 0.558497 -0.017886 -0.707557
v 0.443273 -0.017493 -0.785585
v 0.440643 -0.022911 -0.780958
v 0.502418 -0.017682 -0.748835
v 0.499433 -0.023100 -0.744427
v 0.379168 -0.022737 -0.812763
v 0.381427 -0.017318 -0.817582
v 0.315388 -0.022579 -0.839647
v 0.317261 -0.017160 -0.844628
v 0.114200 -0.067266 -0.889272
v 0.182494 -0.067162 -0.878020
v 0.249695 -0.067040 -0.861444
v 0.315388 -0.066900 -0.839647
v 0.379168 -0.066742 -0.812763
v 0.440643 -0.066568 -0.780958
v 0.499433 -0.066379 -0.744427
v 0.555175 -0.066176 -0.703397
v 0.607525 -0.065961 -0.658120
v 0.656162 -0.065734 -0.608875
v 0.700786 -0.065497 -0.555965
v 0.741121 -0.065252 -0.499718
v 0.776917 -0.064999 -0.440479
v 0.807956 -0.064742 -0.378615
v 0.834046 -0.064480 -0.314506
v 0.855025 -0.064216 -0.248547
v 0.870764 -0.063952 -0.181146
v 0.881166 -0.063688 -0.112718
v 0.886168 -0.063427 -0.043684
v 0.885737 -0.063171 0.025529
v 0.879878 -0.062920 0.094495
v 0.868626 -0.062677 0.162789
v 0.852050 -0.062442 0.229989
v 0.830252 -0.062218 0.295682
v 0.803368 -0.062006 0.359462
v 0.771562 -0.061806 0.420936
v 0.735031 -0.061621 0.479725
v 0.694000 -0.061451 0.535467
v 0.648723 -0.061298 0.587818
v 0.599477 -0.061162 0.636454
v 0.546567 -0.061044 0.681078
v 0.490319 -0.060945 0.721412
v 0.431080 -0.060866 0.757210
v 0.369215 -0.060807 0.788248
v 0.305106 -0.060768 0.814338
v 0.239147 -0.060750 0.835317
v 0.171745 -0.060753 0.851056
v 0.103316 -0.060776 0.861459
v 0.034283 -0.060820 0.866460
v -0.034931 -0.060884 0.866030
v -0.103898 -0.060969 0.860171
v -0.172192 -0.061073 0.848920
v -0.239393 -0.061195 0.832344
v -0.305085 -0.061335 0.810546
v -0.368866 -0.061493 0.783663
v -0.430340 -0.061667 0.751857
v -0.489130 -0.061856 0.715326
v -0.544871 -0.062059 0.674296
v -0.597223 -0.062274 0.629019
v -0.645860 -0.062501 0.579774
v -0.690483 -0.062738 0.526865
v -0.730818 -0.062983 0.470617
v -0.766614 -0.063235 0.411378
v -0.797654 -0.063493 0.349514
v -0.823743 -0.063755 0.285405
v -0.844722 -0.064019 0.219446
v -0.860461 -0.064283 0.152045
v -0.870864 -0.064547 0.083617
v -0.875865 -0.064808 0.014583
v -0.875435 -0.065064 -0.054630
v -0.869576 -0.065315 -0.123596
v -0.858323 -0.065558 -0.191890
v -0.841746 -0.065793 -0.259090
v -0.819950 -0.066017 -0.324783
v -0.793066 -0.066229 -0.388563
v -0.761259 -0.066429 -0.450036
v -0.724728 -0.066614 -0.508825
v -0.683697 -0.066784 -0.564567
v -0.638420 -0.066937 -0.616919
v -0.589174 -0.067073 -0.665555
v -0.536265 -0.067191 -0.710179
v -0.480017 -0.067290 -0.750513
v -0.420777 -0.067369 -0.786310
v -0.358913 -0.067428 -0.817349
v -0.294803 -0.067466 -0.843439
v -0.228844 -0.067485 -0.864418
v -0.161442 -0.067482 -0.880157
v -0.093014 -0.067459 -0.890559
v -0.023980 -0.067415 -0.895561
v 0.045234 -0.067350 -0.895131
v 0.472159 -0.025288 -0.542753
v 0.472159 -0.071235 -0.542753
v 0.417011 -0.025288 -0.586788
v 0.417011 -0.071235 -0.586788
v 0.171759 -0.025288 -0.166548
v 0.116611 -0.025288 -0.210583
v 0.171759 -0.071235 -0.166548
v 0.116611 -0.071235 -0.210583
v 0.171759 -0.025288 -0.166548
v 0.472159 -0.025288 -0.542753
v 0.116611 -0.025288 -0.210583
v 0.417011 -0.025288 -0.586788
v 0.171759 -0.025288 -0.166548
v 0.472159 -0.025288 -0.542753
v 0.043533 -0.031922 0.672993
v 0.047723 -0.077640 0.674843
v 0.113385 -0.025845 0.664980
v 0.117575 -0.071563 0.666830
v -0.009188 -0.056092 0.195074
v 0.060663 -0.050015 0.187062
v -0.004998 -0.101811 0.196924
v 0.064853 -0.095733 0.188912
v -0.004998 -0.101811 0.196924
v 0.047723 -0.077640 0.674843
v 0.064853 -0.095733 0.188912
v 0.117575 -0.071563 0.666830
v 0.064853 -0.095733 0.188912
v 0.117575 -0.071563 0.666830
v 0.050555 -0.071235 -0.235422
v 0.026368 -0.060556 -0.117672
v -0.019945 -0.071235 -0.238633
v -0.006560 -0.060556 -0.119172
v -0.087985 -0.071235 -0.219900
v -0.038341 -0.060556 -0.110420
v -0.146907 -0.071235 -0.181060
v -0.065861 -0.060556 -0.092281
v -0.190942 -0.071235 -0.125912
v -0.086429 -0.060556 -0.066522
v -0.215781 -0.071235 -0.059856
v -0.098031 -0.060556 -0.035669
v -0.218991 -0.071235 0.010643
v -0.099529 -0.060556 -0.002743
v -0.200260 -0.071235 0.078683
v -0.090781 -0.060556 0.029039
v -0.161418 -0.071235 0.137606
v -0.072639 -0.060556 0.056560
v -0.106271 -0.071235 0.181641
v -0.046880 -0.060556 0.077127
v -0.040214 -0.071235 0.206480
v -0.016028 -0.060556 0.088729
v 0.030285 -0.071235 0.209690
v 0.016901 -0.060556 0.090230
v 0.098325 -0.071235 0.190958
v 0.048682 -0.060556 0.081478
v 0.157246 -0.071235 0.152117
v 0.076201 -0.060556 0.063338
v 0.201283 -0.071235 0.096970
v 0.096769 -0.060556 0.037580
v 0.226120 -0.071235 0.030913
v 0.108370 -0.060556 0.006726
v 0.229331 -0.071235 -0.039585
v 0.109870 -0.060556 -0.026199
v 0.210599 -0.071235 -0.107626
v 0.101121 -0.060556 -0.057981
v 0.171759 -0.071235 -0.166548
v 0.082979 -0.060556 -0.085503
v 0.116611 -0.071235 -0.210583
v 0.057221 -0.060556 -0.106069
v 0.050555 -0.025288 -0.235422
v -0.019945 -0.025288 -0.238633
v 0.026368 -0.035967 -0.117672
v -0.006560 -0.035967 -0.119172
v -0.087985 -0.025288 -0.219900
v -0.038341 -0.035967 -0.110420
v -0.146907 -0.025288 -0.181060
v -0.065861 -0.035967 -0.092281
v -0.190942 -0.025288 -0.125912
v -0.086429 -0.035967 -0.066522
v -0.215781 -0.025288 -0.059856
v -0.098031 -0.035967 -0.035669
v -0.218991 -0.025287 0.010643
v -0.099529 -0.035967 -0.002743
v -0.200260 -0.025287 0.078683
v -0.090781 -0.035967 0.029039
v -0.161418 -0.025287 0.137606
v -0.072639 -0.035967 0.056560
v -0.106271 -0.025287 0.181641
v -0.046880 -0.035967 0.077127
v -0.040214 -0.025287 0.206480
v -0.016028 -0.035967 0.088729
v 0.030285 -0.025287 0.209690
v 0.016901 -0.035967 0.090230
v 0.098325 -0.025287 0.190958
v 0.048682 -0.035967 0.081478
v 0.157246 -0.025287 0.152117
v 0.076201 -0.035967 0.063338
v 0.201283 -0.025287 0.096970
v 0.096769 -0.035967 0.037580
v 0.226120 -0.025287 0.030913
v 0.108370 -0.035967 0.006726
v 0.229331 -0.025288 -0.039585
v 0.109870 -0.035967 -0.026199
v 0.210599 -0.025288 -0.107626
v 0.101121 -0.035967 -0.057981
v 0.171759 -0.025288 -0.166548
v 0.082979 -0.035967 -0.085503
v 0.116611 -0.025288 -0.210583
v 0.057221 -0.035967 -0.106069
v 0.050555 -0.025288 -0.235422
v -0.019945 -0.025288 -0.238633
v -0.087985 -0.025288 -0.219900
v -0.146907 -0.025288 -0.181060
v -0.190942 -0.025288 -0.125912
v -0.215781 -0.025288 -0.059856
v -0.218991 -0.025287 0.010643
v -0.200260 -0.025287 0.078683
v -0.161418 -0.025287 0.137606
v -0.106271 -0.025287 0.181641
v -0.040214 -0.025287 0.206480
v 0.030285 -0.025287 0.209690
v 0.098325 -0.025287 0.190958
v 0.157246 -0.025287 0.152117
v 0.201283 -0.025287 0.096970
v 0.226120 -0.025287 0.030913
v 0.229331 -0.025288 -0.039585
v 0.210599 -0.025288 -0.107626
v 0.171759 -0.025288 -0.166548
v 0.116611 -0.025288 -0.210583
v -0.006560 -0.035967 -0.119172
v -0.038341 -0.035967 -0.110420
v -0.065861 -0.035967 -0.092281
v -0.086429 -0.035967 -0.066522
v -0.098031 -0.035967 -0.035669
v -0.099529 -0.035967 -0.002743
v -0.090781 -0.035967 0.029039
v -0.072639 -0.035967 0.056560
v -0.046880 -0.035967 0.077127
v -0.016028 -0.035967 0.088729
v 0.016901 -0.035967 0.090230
v 0.048682 -0.035967 0.081478
v 0.076201 -0.035967 0.063338
v 0.096769 -0.035967 0.037580
v 0.108370 -0.035967 0.006726
v 0.109870 -0.035967 -0.026199
v 0.101121 -0.035967 -0.057981
v 0.082979 -0.035967 -0.085503
v 0.057221 -0.035967 -0.106069
v 0.026368 -0.035967 -0.117672
v 0.653390 -0.034442 0.211866
v 0.653175 -0.080050 0.217434
v 0.675355 -0.042672 0.145306
v 0.675140 -0.088280 0.150874
v 0.195884 -0.050472 0.062863
v 0.217850 -0.058702 -0.003697
v 0.195669 -0.096080 0.068431
v 0.217635 -0.104310 0.001871
v 0.195884 -0.050472 0.062863
v 0.653390 -0.034442 0.211866
v 0.217850 -0.058702 -0.003697
v 0.675355 -0.042672 0.145306
v 0.195884 -0.050472 0.062863
v 0.653390 -0.034442 0.211866
v -0.109595 -0.034839 -0.178295
v -0.109621 -0.080731 -0.176043
v -0.046649 -0.036437 -0.210165
v -0.046674 -0.082329 -0.207913
v -0.327273 -0.055767 -0.607187
v -0.264327 -0.057365 -0.639056
v -0.327298 -0.101659 -0.604935
v -0.264352 -0.103257 -0.636804
v -0.327298 -0.101659 -0.604935
v -0.109621 -0.080731 -0.176043
v -0.264352 -0.103257 -0.636804
v -0.046674 -0.082329 -0.207913
v -0.264352 -0.103257 -0.636804
v -0.046674 -0.082329 -0.207913
v 0.152900 -0.074566 -0.733939
v 0.153873 -0.069904 -0.738675
v 0.208887 -0.074429 -0.720129
v 0.210229 -0.069766 -0.724775
v 0.096601 -0.070021 -0.748111
v 0.096002 -0.074682 -0.743312
v 0.038765 -0.070115 -0.753025
v 0.038544 -0.074777 -0.748193
v -0.076634 -0.074898 -0.744384
v -0.077172 -0.070237 -0.749191
v -0.019119 -0.074849 -0.748551
v -0.019279 -0.070188 -0.753386
v -0.134558 -0.070263 -0.740467
v -0.133643 -0.074924 -0.735717
v -0.191082 -0.070266 -0.727268
v -0.189798 -0.074927 -0.722604
v -0.298161 -0.074863 -0.683390
v -0.300159 -0.070202 -0.687796
v -0.244750 -0.074907 -0.705126
v -0.246396 -0.070246 -0.709675
v -0.352041 -0.070136 -0.661766
v -0.349703 -0.074797 -0.657531
v -0.401719 -0.070047 -0.631746
v -0.399057 -0.074709 -0.627708
v -0.490000 -0.074466 -0.556928
v -0.493260 -0.069803 -0.560499
v -0.445919 -0.074598 -0.594104
v -0.448889 -0.069936 -0.597921
v -0.534559 -0.069650 -0.519711
v -0.531029 -0.074314 -0.516408
v -0.572530 -0.069478 -0.475809
v -0.568751 -0.074143 -0.472793
v -0.637574 -0.069079 -0.379762
v -0.606939 -0.069287 -0.429063
v -0.633372 -0.073745 -0.377375
v -0.602936 -0.073953 -0.426353
v -0.659871 -0.073522 -0.326159
v -0.664246 -0.068855 -0.328208
v -0.682270 -0.073284 -0.273022
v -0.686792 -0.068616 -0.274721
v -0.718973 -0.068100 -0.163275
v -0.705072 -0.068364 -0.219631
v -0.714243 -0.072771 -0.162304
v -0.700432 -0.073034 -0.218292
v -0.723619 -0.072499 -0.105407
v -0.728410 -0.067827 -0.106003
v -0.728502 -0.072218 -0.047948
v -0.733323 -0.067544 -0.048167
v -0.729490 -0.066963 0.067769
v -0.733684 -0.067256 0.009876
v -0.724696 -0.071639 0.067231
v -0.728862 -0.071931 0.009716
v -0.716030 -0.071344 0.124242
v -0.720766 -0.066666 0.125154
v -0.702918 -0.071048 0.180397
v -0.707566 -0.066369 0.181678
v -0.668095 -0.065778 0.290755
v -0.689974 -0.066072 0.236991
v -0.663706 -0.070460 0.288764
v -0.685442 -0.070752 0.235351
v -0.637847 -0.070171 0.340307
v -0.642065 -0.065488 0.342635
v -0.608025 -0.069888 0.389662
v -0.612045 -0.065204 0.392314
v -0.540798 -0.064662 0.483854
v -0.578220 -0.064928 0.439483
v -0.537243 -0.069349 0.480608
v -0.574420 -0.069614 0.436526
v -0.496721 -0.069095 0.521638
v -0.500009 -0.064407 0.525152
v -0.453105 -0.068853 0.559362
v -0.456107 -0.064165 0.563122
v -0.360060 -0.063724 0.628166
v -0.409361 -0.063936 0.597531
v -0.357684 -0.068415 0.623984
v -0.406664 -0.068626 0.593548
v -0.306466 -0.068220 0.650484
v -0.308506 -0.063529 0.654838
v -0.253327 -0.068044 0.672884
v -0.255019 -0.063352 0.677384
v -0.142605 -0.067749 0.704855
v -0.143572 -0.063056 0.709563
v -0.198594 -0.067886 0.691045
v -0.199928 -0.063194 0.695663
v -0.086300 -0.062939 0.719000
v -0.085705 -0.067633 0.714230
v -0.028463 -0.062845 0.723913
v -0.028245 -0.067539 0.719113
v 0.086939 -0.067418 0.715305
v 0.087474 -0.062723 0.720080
v 0.029422 -0.067467 0.719471
v 0.029581 -0.062772 0.724274
v 0.144859 -0.062697 0.711356
v 0.143951 -0.067391 0.706638
v 0.201383 -0.062694 0.698157
v 0.200108 -0.067389 0.693524
v 0.308476 -0.067452 0.654308
v 0.310461 -0.062758 0.658684
v 0.255063 -0.067409 0.676045
v 0.256697 -0.062714 0.680563
v 0.362342 -0.062824 0.632654
v 0.360020 -0.067518 0.628447
v 0.412021 -0.062913 0.602634
v 0.409376 -0.067607 0.598622
v 0.500322 -0.067850 0.527837
v 0.503562 -0.063157 0.531387
v 0.456239 -0.067718 0.565016
v 0.459191 -0.063024 0.568809
v 0.544860 -0.063310 0.490599
v 0.541351 -0.068002 0.487314
v 0.582831 -0.063482 0.446697
v 0.579074 -0.068173 0.443697
v 0.643694 -0.068570 0.348273
v 0.647875 -0.063881 0.350650
v 0.613259 -0.068363 0.397255
v 0.617240 -0.063673 0.399951
v 0.674548 -0.064105 0.299096
v 0.670192 -0.068794 0.297055
v 0.697094 -0.064344 0.245610
v 0.692590 -0.069031 0.243916
v 0.724559 -0.069545 0.133194
v 0.729274 -0.064860 0.134163
v 0.710750 -0.069282 0.189183
v 0.715373 -0.064596 0.190519
v 0.738711 -0.065134 0.076891
v 0.733933 -0.069817 0.076295
v 0.743625 -0.065416 0.019055
v 0.738813 -0.070098 0.018836
v 0.735002 -0.070677 -0.096345
v 0.739791 -0.065997 -0.096881
v 0.739170 -0.070385 -0.038830
v 0.743985 -0.065704 -0.038988
v 0.731067 -0.066294 -0.154266
v 0.726334 -0.070972 -0.153356
v 0.717868 -0.066591 -0.210789
v 0.713220 -0.071268 -0.209510
v 0.674003 -0.071856 -0.317875
v 0.678396 -0.067182 -0.319866
v 0.695740 -0.071564 -0.264463
v 0.700275 -0.066888 -0.266103
v 0.652366 -0.067472 -0.371747
v 0.648141 -0.072145 -0.369416
v 0.622346 -0.067756 -0.421425
v 0.618316 -0.072427 -0.418770
v 0.547532 -0.072967 -0.509711
v 0.551099 -0.068298 -0.512966
v 0.584711 -0.072702 -0.465631
v 0.588521 -0.068032 -0.468595
v 0.510311 -0.068553 -0.554264
v 0.507010 -0.073221 -0.550738
v 0.466409 -0.068795 -0.592234
v 0.463394 -0.073463 -0.588459
v 0.367973 -0.073901 -0.653076
v 0.370361 -0.069236 -0.657278
v 0.416953 -0.073690 -0.622642
v 0.419663 -0.069024 -0.626643
v 0.318807 -0.069431 -0.683950
v 0.316756 -0.074096 -0.679573
v 0.265320 -0.069609 -0.706496
v 0.263618 -0.074272 -0.701970
v 0.142117 -0.072647 -0.681425
v 0.141178 -0.067814 -0.676855
v 0.089372 -0.072751 -0.690114
v 0.088794 -0.067918 -0.685485
v 0.192722 -0.067692 -0.664141
v 0.194017 -0.072523 -0.668624
v 0.036108 -0.072836 -0.694639
v 0.035896 -0.068003 -0.689979
v -0.070663 -0.072945 -0.691108
v -0.070144 -0.068111 -0.686473
v -0.123512 -0.072969 -0.683074
v -0.122630 -0.068135 -0.678493
v -0.017193 -0.068067 -0.690309
v -0.017347 -0.072901 -0.694971
v -0.175567 -0.072971 -0.670918
v -0.174329 -0.068137 -0.666421
v -0.276022 -0.072914 -0.634567
v -0.274095 -0.068080 -0.630319
v -0.323801 -0.072855 -0.610595
v -0.321547 -0.068021 -0.606511
v -0.224921 -0.068119 -0.650330
v -0.226508 -0.072953 -0.654716
v -0.369552 -0.072775 -0.582949
v -0.366984 -0.067942 -0.579054
v -0.453858 -0.072557 -0.517335
v -0.450711 -0.067725 -0.513889
v -0.491892 -0.072420 -0.479772
v -0.488484 -0.067589 -0.476583
v -0.410129 -0.067843 -0.548116
v -0.412995 -0.072675 -0.551798
v -0.526861 -0.072266 -0.439341
v -0.523213 -0.067435 -0.436429
v -0.586765 -0.071909 -0.350887
v -0.582705 -0.067080 -0.348580
v -0.611331 -0.071708 -0.303410
v -0.607101 -0.066880 -0.301429
v -0.554685 -0.067265 -0.393673
v -0.558551 -0.072095 -0.396291
v -0.632096 -0.071494 -0.254152
v -0.627722 -0.066667 -0.252508
v -0.661735 -0.071032 -0.151515
v -0.657156 -0.066207 -0.150576
v -0.670426 -0.070787 -0.098770
v -0.665786 -0.065964 -0.098193
v -0.644441 -0.066442 -0.202120
v -0.648930 -0.071268 -0.203415
v -0.674953 -0.070535 -0.045506
v -0.670280 -0.065713 -0.045294
v -0.671425 -0.070014 0.061267
v -0.666774 -0.065194 0.060745
v -0.663391 -0.069749 0.114116
v -0.658795 -0.064930 0.113231
v -0.670611 -0.065455 0.007794
v -0.675286 -0.070277 0.007950
v -0.651237 -0.069483 0.166173
v -0.646723 -0.064665 0.164929
v -0.614887 -0.068954 0.266630
v -0.610620 -0.064139 0.264695
v -0.590915 -0.068694 0.314411
v -0.586813 -0.063880 0.312146
v -0.630631 -0.064401 0.215521
v -0.635035 -0.069217 0.217116
v -0.563269 -0.068440 0.360164
v -0.559355 -0.063627 0.357584
v -0.497654 -0.067954 0.444472
v -0.494191 -0.063144 0.441310
v -0.460090 -0.067726 0.482507
v -0.456884 -0.062917 0.479082
v -0.528418 -0.063382 0.400727
v -0.532118 -0.068193 0.403607
v -0.419657 -0.067509 0.517478
v -0.416730 -0.062701 0.513811
v -0.331200 -0.067115 0.577383
v -0.328882 -0.062309 0.573302
v -0.283721 -0.066940 0.601949
v -0.281729 -0.062135 0.597697
v -0.373975 -0.062498 0.545282
v -0.376606 -0.067305 0.549168
v -0.234460 -0.066781 0.622713
v -0.232808 -0.061977 0.618318
v -0.131820 -0.066516 0.652352
v -0.130875 -0.061713 0.647751
v -0.079073 -0.066412 0.661043
v -0.078492 -0.061609 0.656381
v -0.182420 -0.061836 0.635037
v -0.183723 -0.066640 0.639549
v -0.025807 -0.066327 0.665568
v -0.025593 -0.061525 0.660875
v 0.080969 -0.066218 0.662038
v 0.080446 -0.061417 0.657369
v 0.133821 -0.066194 0.654003
v 0.132933 -0.061393 0.649390
v 0.027496 -0.061461 0.661205
v 0.027651 -0.066262 0.665901
v 0.185879 -0.066192 0.641848
v 0.184632 -0.061391 0.637318
v 0.286337 -0.066249 0.605493
v 0.284397 -0.061448 0.601215
v 0.334119 -0.066308 0.581520
v 0.331849 -0.061507 0.577408
v 0.235224 -0.061409 0.621226
v 0.236822 -0.066210 0.625644
v 0.379872 -0.066388 0.553872
v 0.377287 -0.061586 0.549950
v 0.464180 -0.066606 0.488254
v 0.461014 -0.061803 0.484785
v 0.502214 -0.066743 0.450688
v 0.498786 -0.061939 0.447479
v 0.420431 -0.061685 0.519012
v 0.423315 -0.066487 0.522719
v 0.533516 -0.062093 0.407325
v 0.537184 -0.066897 0.410255
v 0.593007 -0.062448 0.319477
v 0.617403 -0.062648 0.272325
v 0.597087 -0.067254 0.321796
v 0.621652 -0.067455 0.274316
v 0.568873 -0.067068 0.367202
v 0.564987 -0.062263 0.364570
v 0.638024 -0.062861 0.223404
v 0.642414 -0.067669 0.225055
v 0.667458 -0.063321 0.121472
v 0.676088 -0.063564 0.069089
v 0.672050 -0.068131 0.122416
v 0.680739 -0.068375 0.069669
v 0.659249 -0.067894 0.174318
v 0.654743 -0.063086 0.173016
v 0.680583 -0.063815 0.016190
v 0.685264 -0.068628 0.016404
v 0.677076 -0.064334 -0.089849
v 0.669097 -0.064598 -0.142335
v 0.681730 -0.069149 -0.090370
v 0.673695 -0.069414 -0.143219
v 0.685595 -0.068886 -0.037052
v 0.680913 -0.064073 -0.036898
v 0.657025 -0.064863 -0.194033
v 0.661538 -0.069680 -0.195275
v 0.620923 -0.065389 -0.293798
v 0.597115 -0.065647 -0.341250
v 0.625183 -0.070209 -0.295729
v 0.601210 -0.070469 -0.343509
v 0.645334 -0.069946 -0.246217
v 0.640934 -0.065127 -0.244625
v 0.569658 -0.065900 -0.386687
v 0.573562 -0.070723 -0.389260
v 0.504493 -0.066383 -0.470413
v 0.467187 -0.066611 -0.508186
v 0.507944 -0.071208 -0.473563
v 0.470380 -0.071437 -0.511596
v 0.542409 -0.070970 -0.432701
v 0.538720 -0.066146 -0.429831
v 0.427033 -0.066827 -0.542914
v 0.429947 -0.071654 -0.546564
v 0.339184 -0.067219 -0.602405
v 0.292031 -0.067393 -0.626801
v 0.341491 -0.072048 -0.606464
v 0.294012 -0.072223 -0.631028
v 0.386896 -0.071858 -0.578252
v 0.384277 -0.067030 -0.574386
v 0.243111 -0.067551 -0.647422
v 0.244754 -0.072382 -0.651790
v 0.201383 -0.062694 0.698157
v 0.200108 -0.067389 0.693524
v 0.185879 -0.066192 0.641848
v 0.184632 -0.061391 0.637318
v 0.152900 -0.014912 -0.733938
v 0.153873 -0.019575 -0.738675
v 0.096002 -0.014796 -0.743312
v 0.096601 -0.019458 -0.748111
v 0.210229 -0.019713 -0.724775
v 0.208887 -0.015049 -0.720129
v 0.038544 -0.014702 -0.748193
v 0.038765 -0.019363 -0.753025
v -0.076634 -0.014581 -0.744384
v -0.077172 -0.019242 -0.749191
v -0.133643 -0.014554 -0.735717
v -0.134558 -0.019215 -0.740467
v -0.019279 -0.019291 -0.753386
v -0.019119 -0.014630 -0.748551
v -0.189798 -0.014551 -0.722604
v -0.191082 -0.019212 -0.727268
v -0.298161 -0.014615 -0.683390
v -0.300159 -0.019276 -0.687796
v -0.349703 -0.014681 -0.657531
v -0.352041 -0.019342 -0.661766
v -0.246396 -0.019232 -0.709675
v -0.244750 -0.014572 -0.705126
v -0.399057 -0.014770 -0.627708
v -0.401719 -0.019432 -0.631746
v -0.490000 -0.015012 -0.556928
v -0.493260 -0.019675 -0.560499
v -0.531029 -0.015164 -0.516408
v -0.534559 -0.019828 -0.519711
v -0.448889 -0.019543 -0.597921
v -0.445919 -0.014880 -0.594105
v -0.568752 -0.015336 -0.472793
v -0.572530 -0.020000 -0.475809
v -0.633372 -0.015733 -0.377375
v -0.637574 -0.020399 -0.379762
v -0.659871 -0.015956 -0.326159
v -0.664246 -0.020623 -0.328208
v -0.606939 -0.020191 -0.429063
v -0.602937 -0.015526 -0.426354
v -0.682271 -0.016194 -0.273022
v -0.686792 -0.020862 -0.274721
v -0.714244 -0.016707 -0.162305
v -0.718973 -0.021377 -0.163275
v -0.723620 -0.016980 -0.105407
v -0.728410 -0.021651 -0.106003
v -0.705072 -0.021114 -0.219631
v -0.700433 -0.016445 -0.218292
v -0.728503 -0.017260 -0.047949
v -0.733323 -0.021933 -0.048167
v -0.724697 -0.017839 0.067231
v -0.729490 -0.022515 0.067769
v -0.716031 -0.018134 0.124242
v -0.720766 -0.022811 0.125154
v -0.733684 -0.022222 0.009876
v -0.728862 -0.017548 0.009716
v -0.702919 -0.018431 0.180397
v -0.707566 -0.023108 0.181678
v -0.663707 -0.019019 0.288764
v -0.668095 -0.023699 0.290755
v -0.637848 -0.019307 0.340307
v -0.642065 -0.023989 0.342635
v -0.689974 -0.023405 0.236991
v -0.685443 -0.018726 0.235351
v -0.608025 -0.019590 0.389663
v -0.612045 -0.024273 0.392314
v -0.537244 -0.020130 0.480609
v -0.540798 -0.024815 0.483854
v -0.496722 -0.020384 0.521639
v -0.500009 -0.025071 0.525152
v -0.578220 -0.024549 0.439483
v -0.574421 -0.019865 0.436526
v -0.453106 -0.020625 0.559363
v -0.456107 -0.025313 0.563122
v -0.357684 -0.021064 0.623985
v -0.360060 -0.025754 0.628166
v -0.306466 -0.021258 0.650485
v -0.308506 -0.025949 0.654838
v -0.409361 -0.025541 0.597531
v -0.406665 -0.020852 0.593548
v -0.253327 -0.021435 0.672884
v -0.255019 -0.026126 0.677384
v -0.142605 -0.021729 0.704856
v -0.143572 -0.026422 0.709563
v -0.085705 -0.021845 0.714231
v -0.086300 -0.026539 0.719000
v -0.199928 -0.026284 0.695663
v -0.198594 -0.021592 0.691045
v -0.028245 -0.021939 0.719113
v -0.028463 -0.026633 0.723913
v 0.086939 -0.022061 0.715305
v 0.087474 -0.026755 0.720080
v 0.143951 -0.022087 0.706638
v 0.144859 -0.026782 0.711356
v 0.029581 -0.026706 0.724274
v 0.029422 -0.022011 0.719472
v 0.200108 -0.022090 0.693524
v 0.201383 -0.026785 0.698157
v 0.308476 -0.022026 0.654308
v 0.310461 -0.026721 0.658684
v 0.360020 -0.021960 0.628447
v 0.362342 -0.026654 0.632654
v 0.256697 -0.026764 0.680563
v 0.255062 -0.022070 0.676045
v 0.409376 -0.021871 0.598622
v 0.412021 -0.026565 0.602634
v 0.500321 -0.021629 0.527837
v 0.503562 -0.026322 0.531387
v 0.541351 -0.021477 0.487314
v 0.544860 -0.026169 0.490599
v 0.459191 -0.026454 0.568809
v 0.456239 -0.021761 0.565016
v 0.579073 -0.021305 0.443697
v 0.582831 -0.025997 0.446697
v 0.647875 -0.025598 0.350650
v 0.674548 -0.025374 0.299096
v 0.643693 -0.020908 0.348273
v 0.670192 -0.020685 0.297055
v 0.613258 -0.021115 0.397254
v 0.617240 -0.025806 0.399951
v 0.697094 -0.025135 0.245610
v 0.692590 -0.020447 0.243916
v 0.729274 -0.024619 0.134163
v 0.738711 -0.024346 0.076891
v 0.724558 -0.019934 0.133194
v 0.733932 -0.019661 0.076295
v 0.710749 -0.020196 0.189183
v 0.715373 -0.024883 0.190519
v 0.743625 -0.024064 0.019055
v 0.738812 -0.019381 0.018835
v 0.739791 -0.023482 -0.096881
v 0.731067 -0.023186 -0.154266
v 0.735001 -0.018802 -0.096345
v 0.726333 -0.018507 -0.153355
v 0.739170 -0.019093 -0.038830
v 0.743985 -0.023775 -0.038988
v 0.717868 -0.022888 -0.210789
v 0.713219 -0.018210 -0.209510
v 0.678396 -0.022297 -0.319866
v 0.652366 -0.022007 -0.371747
v 0.674002 -0.017622 -0.317874
v 0.648140 -0.017334 -0.369416
v 0.695739 -0.017915 -0.264463
v 0.700275 -0.022592 -0.266103
v 0.622346 -0.021724 -0.421425
v 0.618315 -0.017051 -0.418769
v 0.551099 -0.021181 -0.512966
v 0.510311 -0.020926 -0.554264
v 0.547532 -0.016511 -0.509710
v 0.507010 -0.016257 -0.550737
v 0.584710 -0.016776 -0.465630
v 0.588521 -0.021448 -0.468595
v 0.466409 -0.020684 -0.592234
v 0.463393 -0.016016 -0.588459
v 0.370361 -0.020243 -0.657278
v 0.318807 -0.020048 -0.683950
v 0.367972 -0.015578 -0.653075
v 0.316756 -0.015383 -0.679573
v 0.416952 -0.015789 -0.622642
v 0.419663 -0.020456 -0.626643
v 0.265320 -0.019871 -0.706496
v 0.263618 -0.015207 -0.701970
v 0.142117 -0.016832 -0.681425
v 0.141178 -0.021665 -0.676855
v 0.194017 -0.016955 -0.668624
v 0.192722 -0.021787 -0.664141
v 0.088794 -0.021560 -0.685485
v 0.089372 -0.016727 -0.690115
v 0.035896 -0.021476 -0.689979
v 0.036108 -0.016643 -0.694639
v -0.070663 -0.016533 -0.691108
v -0.070144 -0.021367 -0.686473
v -0.017347 -0.016578 -0.694972
v -0.017193 -0.021412 -0.690309
v -0.122630 -0.021344 -0.678493
v -0.123512 -0.016510 -0.683074
v -0.174329 -0.021341 -0.666421
v -0.175567 -0.016507 -0.670918
v -0.276022 -0.016565 -0.634567
v -0.274095 -0.021398 -0.630319
v -0.226508 -0.016526 -0.654716
v -0.224921 -0.021359 -0.650330
v -0.321547 -0.021457 -0.606511
v -0.323801 -0.016624 -0.610595
v -0.366984 -0.021537 -0.579054
v -0.369552 -0.016704 -0.582948
v -0.453857 -0.016922 -0.517335
v -0.450711 -0.021753 -0.513889
v -0.412995 -0.016803 -0.551798
v -0.410129 -0.021636 -0.548116
v -0.488484 -0.021889 -0.476583
v -0.491892 -0.017058 -0.479772
v -0.523213 -0.022043 -0.436429
v -0.526861 -0.017213 -0.439341
v -0.582705 -0.022398 -0.348580
v -0.554685 -0.022213 -0.393673
v -0.586765 -0.017570 -0.350887
v -0.558550 -0.017384 -0.396291
v -0.611331 -0.017771 -0.303410
v -0.607101 -0.022598 -0.301429
v -0.632095 -0.017984 -0.254151
v -0.627722 -0.022811 -0.252508
v -0.657156 -0.023270 -0.150576
v -0.644441 -0.023036 -0.202120
v -0.661734 -0.018446 -0.151515
v -0.648930 -0.018210 -0.203415
v -0.670426 -0.018691 -0.098770
v -0.665786 -0.023514 -0.098193
v -0.674952 -0.018943 -0.045506
v -0.670280 -0.023765 -0.045294
v -0.666774 -0.024284 0.060745
v -0.670611 -0.024022 0.007794
v -0.671424 -0.019464 0.061266
v -0.675285 -0.019202 0.007950
v -0.663391 -0.019729 0.114116
v -0.658795 -0.024547 0.113231
v -0.651236 -0.019996 0.166173
v -0.646723 -0.024812 0.164929
v -0.610620 -0.025339 0.264695
v -0.630631 -0.025077 0.215521
v -0.614886 -0.020525 0.266630
v -0.635035 -0.020262 0.217116
v -0.590914 -0.020784 0.314411
v -0.586813 -0.025597 0.312146
v -0.563268 -0.021039 0.360164
v -0.559355 -0.025850 0.357584
v -0.494191 -0.026333 0.441310
v -0.528418 -0.026096 0.400727
v -0.497653 -0.021524 0.444472
v -0.532117 -0.021286 0.403607
v -0.460089 -0.021752 0.482507
v -0.456884 -0.026560 0.479082
v -0.419657 -0.021969 0.517477
v -0.416730 -0.026776 0.513811
v -0.328882 -0.027169 0.573302
v -0.373975 -0.026980 0.545282
v -0.331200 -0.022364 0.577383
v -0.376606 -0.022174 0.549168
v -0.283721 -0.022539 0.601948
v -0.281729 -0.027343 0.597697
v -0.234460 -0.022698 0.622713
v -0.232808 -0.027501 0.618318
v -0.131820 -0.022962 0.652352
v -0.130875 -0.027765 0.647751
v -0.183722 -0.022839 0.639549
v -0.182420 -0.027642 0.635037
v -0.078492 -0.027869 0.656381
v -0.079073 -0.023067 0.661042
v -0.025593 -0.027953 0.660875
v -0.025807 -0.023152 0.665568
v 0.080969 -0.023261 0.662038
v 0.080446 -0.028062 0.657369
v 0.027651 -0.023216 0.665901
v 0.027496 -0.028017 0.661205
v 0.132933 -0.028085 0.649390
v 0.133821 -0.023284 0.654003
v 0.184632 -0.028088 0.637318
v 0.185879 -0.023287 0.641848
v 0.286337 -0.023230 0.605494
v 0.284397 -0.028031 0.601215
v 0.236822 -0.023269 0.625644
v 0.235224 -0.028070 0.621226
v 0.331849 -0.027972 0.577408
v 0.334119 -0.023170 0.581521
v 0.377287 -0.027893 0.549950
v 0.379873 -0.023091 0.553872
v 0.464180 -0.022872 0.488254
v 0.461014 -0.027676 0.484785
v 0.423315 -0.022991 0.522719
v 0.420431 -0.027794 0.519012
v 0.498786 -0.027540 0.447479
v 0.502215 -0.022736 0.450689
v 0.533516 -0.027386 0.407325
v 0.537184 -0.022581 0.410255
v 0.597088 -0.022224 0.321796
v 0.593007 -0.027031 0.319477
v 0.568874 -0.022410 0.367202
v 0.564987 -0.027216 0.364570
v 0.617403 -0.026831 0.272325
v 0.621652 -0.022023 0.274316
v 0.638024 -0.026618 0.223404
v 0.642415 -0.021810 0.225055
v 0.672051 -0.021348 0.122416
v 0.667458 -0.026159 0.121472
v 0.659249 -0.021584 0.174318
v 0.654743 -0.026394 0.173016
v 0.676088 -0.025915 0.069089
v 0.680740 -0.021103 0.069669
v 0.680583 -0.025664 0.016190
v 0.685264 -0.020850 0.016404
v 0.681731 -0.020330 -0.090370
v 0.677076 -0.025146 -0.089849
v 0.685596 -0.020592 -0.037052
v 0.680913 -0.025407 -0.036898
v 0.669097 -0.024882 -0.142335
v 0.673696 -0.020064 -0.143219
v 0.657025 -0.024617 -0.194033
v 0.661539 -0.019798 -0.195275
v 0.625184 -0.019269 -0.295730
v 0.620923 -0.024090 -0.293798
v 0.645335 -0.019532 -0.246217
v 0.640934 -0.024352 -0.244625
v 0.597115 -0.023832 -0.341250
v 0.601210 -0.019010 -0.343509
v 0.569658 -0.023579 -0.386687
v 0.573562 -0.018755 -0.389260
v 0.507945 -0.018270 -0.473564
v 0.504493 -0.023096 -0.470413
v 0.542410 -0.018508 -0.432701
v 0.538720 -0.023333 -0.429831
v 0.467187 -0.022869 -0.508186
v 0.470380 -0.018042 -0.511597
v 0.427033 -0.022653 -0.542914
v 0.429948 -0.017825 -0.546564
v 0.341492 -0.017430 -0.606465
v 0.339184 -0.022260 -0.602405
v 0.386896 -0.017620 -0.578252
v 0.384277 -0.022449 -0.574386
v 0.292031 -0.022086 -0.626801
v 0.294013 -0.017255 -0.631028
v 0.243111 -0.021928 -0.647422
v 0.244754 -0.017097 -0.651790
v 0.200108 -0.022090 0.693524
v 0.201383 -0.026785 0.698157
v 0.184632 -0.028088 0.637318
v 0.185879 -0.023287 0.641848
v -0.602936 -0.073953 -0.426353
v -0.568751 -0.074143 -0.472793
v -0.700432 -0.073034 -0.218292
v -0.682270 -0.073284 -0.273022
v -0.728862 -0.071931 0.009716
v -0.728502 -0.072218 -0.047948
v -0.019119 -0.074849 -0.748551
v 0.038544 -0.074777 -0.748193
v -0.244750 -0.074907 -0.705126
v -0.189798 -0.074927 -0.722604
v 0.096002 -0.074682 -0.743312
v 0.152900 -0.074566 -0.733939
v -0.133643 -0.074924 -0.735717
v -0.076634 -0.074898 -0.744384
v -0.349703 -0.074797 -0.657531
v -0.399057 -0.074709 -0.627708
v -0.298161 -0.074863 -0.683390
v -0.531029 -0.074314 -0.516408
v -0.490000 -0.074466 -0.556928
v -0.659871 -0.073522 -0.326159
v -0.633372 -0.073745 -0.377375
v -0.723619 -0.072499 -0.105407
v -0.714243 -0.072771 -0.162304
v -0.716030 -0.071344 0.124242
v -0.702918 -0.071048 0.180397
v -0.724696 -0.071639 0.067231
v -0.637847 -0.070171 0.340307
v -0.608025 -0.069888 0.389662
v -0.663706 -0.070460 0.288764
v -0.496721 -0.069095 0.521638
v -0.453105 -0.068853 0.559362
v -0.537243 -0.069349 0.480608
v -0.306466 -0.068220 0.650484
v -0.253327 -0.068044 0.672884
v -0.357684 -0.068415 0.623984
v -0.085705 -0.067633 0.714230
v -0.028245 -0.067539 0.719113
v -0.142605 -0.067749 0.704855
v 0.143951 -0.067391 0.706638
v 0.200108 -0.067389 0.693524
v 0.086939 -0.067418 0.715305
v 0.360020 -0.067518 0.628447
v 0.409376 -0.067607 0.598622
v 0.308476 -0.067452 0.654308
v 0.541351 -0.068002 0.487314
v 0.579074 -0.068173 0.443697
v 0.500322 -0.067850 0.527837
v 0.670192 -0.068794 0.297055
v 0.692590 -0.069031 0.243916
v 0.643694 -0.068570 0.348273
v 0.733933 -0.069817 0.076295
v 0.738813 -0.070098 0.018836
v 0.724559 -0.069545 0.133194
v 0.726334 -0.070972 -0.153356
v 0.713220 -0.071268 -0.209510
v 0.735002 -0.070677 -0.096345
v 0.648141 -0.072145 -0.369416
v 0.618316 -0.072427 -0.418770
v 0.674003 -0.071856 -0.317875
v 0.507010 -0.073221 -0.550738
v 0.463394 -0.073463 -0.588459
v 0.547532 -0.072967 -0.509711
v 0.316756 -0.074096 -0.679573
v 0.263618 -0.074272 -0.701970
v 0.367973 -0.073901 -0.653076
v -0.685442 -0.070752 0.235351
v -0.574420 -0.069614 0.436526
v -0.406664 -0.068626 0.593548
v -0.198594 -0.067886 0.691045
v 0.029422 -0.067467 0.719471
v 0.255063 -0.067409 0.676045
v 0.200108 -0.067389 0.693524
v 0.456239 -0.067718 0.565016
v 0.613259 -0.068363 0.397255
v 0.710750 -0.069282 0.189183
v 0.739170 -0.070385 -0.038830
v 0.695740 -0.071564 -0.264463
v 0.584711 -0.072702 -0.465631
v 0.416953 -0.073690 -0.622642
v 0.208887 -0.074429 -0.720129
v -0.445919 -0.074598 -0.594104
v 0.388940 -0.034513 0.656551
v 0.398987 -0.026051 0.650658
v 0.365370 -0.034513 0.616364
v 0.375416 -0.026051 0.610471
v 0.411405 -0.026051 0.643374
v 0.387834 -0.026051 0.603187
v 0.421452 -0.034513 0.637482
v 0.397881 -0.034513 0.597295
v 0.425289 -0.048205 0.635231
v 0.401719 -0.048205 0.595044
v 0.421452 -0.061898 0.637482
v 0.397881 -0.061897 0.597295
v 0.411405 -0.070360 0.643374
v 0.387834 -0.070360 0.603187
v 0.411405 -0.070360 0.643374
v 0.398987 -0.070360 0.650658
v 0.387834 -0.070360 0.603187
v 0.375416 -0.070360 0.610471
v 0.388940 -0.061898 0.656551
v 0.365370 -0.061897 0.616364
v 0.385102 -0.048205 0.658801
v 0.361532 -0.048205 0.618615
v 0.398987 -0.026051 0.650658
v 0.388940 -0.034513 0.656551
v 0.405196 -0.048205 0.647016
v 0.411405 -0.026051 0.643374
v 0.421452 -0.034513 0.637482
v 0.425289 -0.048205 0.635231
v 0.421452 -0.061898 0.637482
v 0.411405 -0.070360 0.643374
v 0.398987 -0.070360 0.650658
v 0.388940 -0.061898 0.656551
v 0.385102 -0.048205 0.658801
v 0.365370 -0.034513 0.616364
v 0.375416 -0.026051 0.610471
v 0.381626 -0.048205 0.606830
v 0.387834 -0.026051 0.603187
v 0.397881 -0.034513 0.597295
v 0.401719 -0.048205 0.595044
v 0.397881 -0.061897 0.597295
v 0.387834 -0.070360 0.603187
v 0.375416 -0.070360 0.610471
v 0.365370 -0.061897 0.616364
v 0.361532 -0.048205 0.618615
v 0.673035 -0.034513 0.374766
v 0.678789 -0.026051 0.364639
v 0.632529 -0.034513 0.351749
v 0.638282 -0.026051 0.341621
v 0.685902 -0.026051 0.352122
v 0.645396 -0.026051 0.329105
v 0.691656 -0.034513 0.341996
v 0.651150 -0.034513 0.318978
v 0.693854 -0.048205 0.338128
v 0.653348 -0.048205 0.315110
v 0.691656 -0.061898 0.341996
v 0.651150 -0.061897 0.318978
v 0.691656 -0.061898 0.341996
v 0.685902 -0.070360 0.352122
v 0.651150 -0.061897 0.318978
v 0.645396 -0.070360 0.329105
v 0.678789 -0.070360 0.364639
v 0.638283 -0.070360 0.341622
v 0.673034 -0.061898 0.374766
v 0.632528 -0.061897 0.351748
v 0.670836 -0.048205 0.378634
v 0.630330 -0.048205 0.355616
v 0.678789 -0.026051 0.364639
v 0.673035 -0.034513 0.374766
v 0.682345 -0.048205 0.358381
v 0.685902 -0.026051 0.352122
v 0.691656 -0.034513 0.341996
v 0.693854 -0.048205 0.338128
v 0.691656 -0.061898 0.341996
v 0.685902 -0.070360 0.352122
v 0.678789 -0.070360 0.364639
v 0.673034 -0.061898 0.374766
v 0.670836 -0.048205 0.378634
v 0.632529 -0.034513 0.351749
v 0.638282 -0.026051 0.341621
v 0.641839 -0.048205 0.335363
v 0.645396 -0.026051 0.329105
v 0.651150 -0.034513 0.318978
v 0.653348 -0.048205 0.315110
v 0.651150 -0.061897 0.318978
v 0.645396 -0.070360 0.329105
v 0.638283 -0.070360 0.341622
v 0.632528 -0.061897 0.351748
v 0.630330 -0.048205 0.355616
v 0.778176 -0.034513 -0.011314
v 0.778096 -0.026051 -0.022961
v 0.731588 -0.034513 -0.010995
v 0.731507 -0.026051 -0.022642
v 0.777997 -0.026051 -0.037358
v 0.731409 -0.026051 -0.037038
v 0.777917 -0.034513 -0.049005
v 0.731329 -0.034513 -0.048686
v 0.777887 -0.048205 -0.053454
v 0.731299 -0.048205 -0.053134
v 0.777917 -0.061898 -0.049005
v 0.731329 -0.061898 -0.048686
v 0.777997 -0.070360 -0.037358
v 0.731409 -0.070360 -0.037038
v 0.777997 -0.070360 -0.037358
v 0.778096 -0.070360 -0.022961
v 0.731409 -0.070360 -0.037038
v 0.731508 -0.070360 -0.022642
v 0.778175 -0.061898 -0.011315
v 0.731587 -0.061897 -0.010995
v 0.778206 -0.048205 -0.006866
v 0.731618 -0.048205 -0.006546
v 0.778096 -0.026051 -0.022961
v 0.778176 -0.034513 -0.011314
v 0.778046 -0.048205 -0.030160
v 0.777997 -0.026051 -0.037358
v 0.777917 -0.034513 -0.049005
v 0.777887 -0.048205 -0.053454
v 0.777917 -0.061898 -0.049005
v 0.777997 -0.070360 -0.037358
v 0.778096 -0.070360 -0.022961
v 0.778175 -0.061898 -0.011315
v 0.778206 -0.048205 -0.006866
v 0.731588 -0.034513 -0.010995
v 0.731507 -0.026051 -0.022642
v 0.731458 -0.048205 -0.029840
v 0.731409 -0.026051 -0.037038
v 0.731329 -0.034513 -0.048686
v 0.731299 -0.048205 -0.053134
v 0.731329 -0.061898 -0.048686
v 0.731409 -0.070360 -0.037038
v 0.731508 -0.070360 -0.022642
v 0.731587 -0.061897 -0.010995
v 0.731618 -0.048205 -0.006546
v 0.676190 -0.034513 -0.398240
v 0.670298 -0.026051 -0.408287
v 0.636004 -0.034513 -0.374670
v 0.630111 -0.026051 -0.384716
v 0.663014 -0.026051 -0.420705
v 0.622827 -0.026051 -0.397135
v 0.663014 -0.026051 -0.420705
v 0.657122 -0.034513 -0.430752
v 0.622827 -0.026051 -0.397135
v 0.616934 -0.034513 -0.407182
v 0.654871 -0.048205 -0.434589
v 0.614684 -0.048205 -0.411019
v 0.657122 -0.061898 -0.430752
v 0.616934 -0.061898 -0.407182
v 0.663014 -0.070360 -0.420705
v 0.622827 -0.070360 -0.397135
v 0.670298 -0.070360 -0.408287
v 0.630111 -0.070360 -0.384716
v 0.676190 -0.061898 -0.398240
v 0.636003 -0.061898 -0.374670
v 0.678441 -0.048205 -0.394402
v 0.638254 -0.048205 -0.370832
v 0.670298 -0.026051 -0.408287
v 0.676190 -0.034513 -0.398240
v 0.666656 -0.048205 -0.414496
v 0.663014 -0.026051 -0.420705
v 0.657122 -0.034513 -0.430752
v 0.654871 -0.048205 -0.434589
v 0.657122 -0.061898 -0.430752
v 0.663014 -0.070360 -0.420705
v 0.670298 -0.070360 -0.408287
v 0.676190 -0.061898 -0.398240
v 0.678441 -0.048205 -0.394402
v 0.636004 -0.034513 -0.374670
v 0.630111 -0.026051 -0.384716
v 0.626469 -0.048205 -0.390926
v 0.622827 -0.026051 -0.397135
v 0.616934 -0.034513 -0.407182
v 0.614684 -0.048205 -0.411019
v 0.616934 -0.061898 -0.407182
v 0.622827 -0.070360 -0.397135
v 0.630111 -0.070360 -0.384716
v 0.636003 -0.061898 -0.374670
v 0.638254 -0.048205 -0.370832
v 0.394406 -0.034513 -0.682335
v 0.384280 -0.026051 -0.688090
v 0.371389 -0.034513 -0.641829
v 0.361262 -0.026051 -0.647583
v 0.384280 -0.026051 -0.688090
v 0.371762 -0.026051 -0.695202
v 0.361262 -0.026051 -0.647583
v 0.348745 -0.026051 -0.654696
v 0.361636 -0.034513 -0.700956
v 0.338618 -0.034513 -0.660451
v 0.357768 -0.048205 -0.703155
v 0.334750 -0.048205 -0.662649
v 0.361636 -0.061898 -0.700956
v 0.338618 -0.061898 -0.660451
v 0.371762 -0.070360 -0.695202
v 0.348745 -0.070360 -0.654696
v 0.384280 -0.070360 -0.688090
v 0.361262 -0.070360 -0.647583
v 0.394406 -0.061898 -0.682335
v 0.371388 -0.061898 -0.641829
v 0.398274 -0.048205 -0.680137
v 0.375256 -0.048205 -0.639631
v 0.384280 -0.026051 -0.688090
v 0.394406 -0.034513 -0.682335
v 0.378021 -0.048205 -0.691646
v 0.371762 -0.026051 -0.695202
v 0.361636 -0.034513 -0.700956
v 0.357768 -0.048205 -0.703155
v 0.361636 -0.061898 -0.700956
v 0.371762 -0.070360 -0.695202
v 0.384280 -0.070360 -0.688090
v 0.394406 -0.061898 -0.682335
v 0.398274 -0.048205 -0.680137
v 0.371389 -0.034513 -0.641829
v 0.361262 -0.026051 -0.647583
v 0.355003 -0.048205 -0.651140
v 0.348745 -0.026051 -0.654696
v 0.338618 -0.034513 -0.660451
v 0.334750 -0.048205 -0.662649
v 0.338618 -0.061898 -0.660451
v 0.348745 -0.070360 -0.654696
v 0.361262 -0.070360 -0.647583
v 0.371388 -0.061898 -0.641829
v 0.375256 -0.048205 -0.639631
v 0.008326 -0.034513 -0.787477
v -0.003321 -0.026051 -0.787397
v 0.008645 -0.034513 -0.740889
v -0.003002 -0.026051 -0.740808
v -0.017717 -0.026051 -0.787297
v -0.017398 -0.026051 -0.740710
v -0.029364 -0.034513 -0.787218
v -0.029045 -0.034513 -0.740630
v -0.033813 -0.048205 -0.787188
v -0.033494 -0.048205 -0.740600
v -0.029364 -0.061898 -0.787218
v -0.029045 -0.061898 -0.740630
v -0.017717 -0.070360 -0.787297
v -0.017398 -0.070360 -0.740710
v -0.003321 -0.070360 -0.787397
v -0.003002 -0.070360 -0.740809
v 0.008326 -0.061898 -0.787476
v 0.008645 -0.061898 -0.740889
v 0.012775 -0.048205 -0.787507
v 0.013094 -0.048205 -0.740919
v 0.012775 -0.048205 -0.787507
v 0.013094 -0.048205 -0.740919
v -0.003321 -0.026051 -0.787397
v 0.008326 -0.034513 -0.787477
v -0.010519 -0.048205 -0.787347
v -0.017717 -0.026051 -0.787297
v -0.029364 -0.034513 -0.787218
v -0.033813 -0.048205 -0.787188
v -0.029364 -0.061898 -0.787218
v -0.017717 -0.070360 -0.787297
v -0.003321 -0.070360 -0.787397
v 0.008326 -0.061898 -0.787476
v 0.012775 -0.048205 -0.787507
v 0.008645 -0.034513 -0.740889
v -0.003002 -0.026051 -0.740808
v -0.010200 -0.048205 -0.740759
v -0.017398 -0.026051 -0.740710
v -0.029045 -0.034513 -0.740630
v -0.033494 -0.048205 -0.740600
v -0.029045 -0.061898 -0.740630
v -0.017398 -0.070360 -0.740710
v -0.003002 -0.070360 -0.740809
v 0.008645 -0.061898 -0.740889
v 0.013094 -0.048205 -0.740919
v -0.378600 -0.034513 -0.685492
v -0.388647 -0.026051 -0.679599
v -0.355030 -0.034513 -0.645305
v -0.365076 -0.026051 -0.639412
v -0.401065 -0.026051 -0.672315
v -0.377495 -0.026051 -0.632128
v -0.401065 -0.026051 -0.672315
v -0.411112 -0.034513 -0.666422
v -0.377495 -0.026051 -0.632128
v -0.387541 -0.034513 -0.626236
v -0.414949 -0.048205 -0.664172
v -0.391378 -0.048205 -0.623985
v -0.411112 -0.061898 -0.666422
v -0.387541 -0.061898 -0.626236
v -0.401065 -0.070360 -0.672315
v -0.377495 -0.070360 -0.632128
v -0.388647 -0.070360 -0.679599
v -0.365076 -0.070360 -0.639412
v -0.378600 -0.061898 -0.685491
v -0.355030 -0.061898 -0.645305
v -0.374762 -0.048205 -0.687742
v -0.351192 -0.048205 -0.647555
v -0.388647 -0.026051 -0.679599
v -0.378600 -0.034513 -0.685492
v -0.394856 -0.048205 -0.675957
v -0.401065 -0.026051 -0.672315
v -0.411112 -0.034513 -0.666422
v -0.414949 -0.048205 -0.664172
v -0.411112 -0.061898 -0.666422
v -0.401065 -0.070360 -0.672315
v -0.388647 -0.070360 -0.679599
v -0.378600 -0.061898 -0.685491
v -0.374762 -0.048205 -0.687742
v -0.355030 -0.034513 -0.645305
v -0.365076 -0.026051 -0.639412
v -0.371285 -0.048205 -0.635770
v -0.377495 -0.026051 -0.632128
v -0.387541 -0.034513 -0.626236
v -0.391378 -0.048205 -0.623985
v -0.387541 -0.061898 -0.626236
v -0.377495 -0.070360 -0.632128
v -0.365076 -0.070360 -0.639412
v -0.355030 -0.061898 -0.645305
v -0.351192 -0.048205 -0.647555
v -0.767836 -0.034513 -0.017626
v -0.767756 -0.026051 -0.005980
v -0.721248 -0.034513 -0.017946
v -0.721168 -0.026051 -0.006299
v -0.767756 -0.026051 -0.005980
v -0.767657 -0.026051 0.008417
v -0.721168 -0.026051 -0.006299
v -0.721069 -0.026051 0.008098
v -0.767578 -0.034513 0.020064
v -0.720990 -0.034513 0.019744
v -0.767548 -0.048205 0.024513
v -0.720959 -0.048205 0.024194
v -0.767578 -0.061898 0.020064
v -0.720990 -0.061897 0.019744
v -0.767657 -0.070360 0.008417
v -0.721069 -0.070360 0.008098
v -0.767756 -0.070360 -0.005980
v -0.721168 -0.070360 -0.006299
v -0.767836 -0.061898 -0.017626
v -0.721248 -0.061897 -0.017946
v -0.767866 -0.048205 -0.022075
v -0.721278 -0.048205 -0.022394
v -0.767756 -0.026051 -0.005980
v -0.767836 -0.034513 -0.017626
v -0.767707 -0.048205 0.001219
v -0.767657 -0.026051 0.008417
v -0.767578 -0.034513 0.020064
v -0.767548 -0.048205 0.024513
v -0.767578 -0.061898 0.020064
v -0.767657 -0.070360 0.008417
v -0.767756 -0.070360 -0.005980
v -0.767836 -0.061898 -0.017626
v -0.767866 -0.048205 -0.022075
v -0.721248 -0.034513 -0.017946
v -0.721168 -0.026051 -0.006299
v -0.721119 -0.048205 0.000900
v -0.721069 -0.026051 0.008098
v -0.720990 -0.034513 0.019744
v -0.720959 -0.048205 0.024194
v -0.720990 -0.061897 0.019744
v -0.721069 -0.070360 0.008098
v -0.721168 -0.070360 -0.006299
v -0.721248 -0.061897 -0.017946
v -0.721278 -0.048205 -0.022394
v -0.683147 -0.025287 0.138429
v -0.683147 -0.071235 0.138429
v -0.664415 -0.025287 0.206470
v -0.664415 -0.071235 0.206470
v -0.218991 -0.025287 0.010643
v -0.200260 -0.025287 0.078684
v -0.218991 -0.071235 0.010643
v -0.200260 -0.071235 0.078684
v -0.218991 -0.071235 0.010643
v -0.683147 -0.071235 0.138429
v -0.200260 -0.071235 0.078684
v -0.664415 -0.071235 0.206470
v -0.200260 -0.071235 0.078684
v -0.664415 -0.071235 0.206470
v -0.006562 -0.020829 -0.119169
v -0.006381 -0.017713 -0.117551
v 0.026367 -0.020829 -0.117669
v 0.026039 -0.017713 -0.116075
v -0.037670 -0.017713 -0.108934
v -0.038343 -0.020829 -0.110417
v -0.064766 -0.017713 -0.091076
v -0.065862 -0.020829 -0.092278
v -0.085015 -0.017713 -0.065715
v -0.086430 -0.020829 -0.066519
v -0.096437 -0.017713 -0.035338
v -0.098032 -0.020829 -0.035666
v -0.097912 -0.017713 -0.002922
v -0.099530 -0.020829 -0.002740
v -0.089300 -0.017713 0.028370
v -0.090783 -0.020828 0.029042
v -0.071438 -0.017713 0.055465
v -0.072640 -0.020828 0.056563
v -0.046077 -0.017713 0.075714
v -0.046882 -0.020828 0.077130
v -0.015702 -0.017713 0.087137
v -0.016029 -0.020828 0.088732
v 0.016717 -0.017713 0.088614
v 0.016899 -0.020828 0.090232
v 0.048008 -0.017713 0.079997
v 0.048681 -0.020828 0.081480
v 0.075101 -0.017713 0.062138
v 0.076199 -0.020829 0.063341
v 0.095352 -0.017713 0.036778
v 0.096767 -0.020828 0.037582
v 0.106774 -0.017713 0.006402
v 0.108369 -0.020829 0.006729
v 0.108250 -0.017713 -0.026016
v 0.109868 -0.020829 -0.026197
v 0.099637 -0.017713 -0.057307
v 0.101120 -0.020829 -0.057979
v 0.081775 -0.017713 -0.084402
v 0.082978 -0.020829 -0.085500
v 0.056415 -0.017713 -0.104651
v 0.057219 -0.020829 -0.106066
v -0.026364 0.000191 -0.084003
v -0.027761 -0.000874 -0.087083
v -0.046309 0.000191 -0.070857
v -0.048589 -0.000874 -0.073354
v -0.003709 -0.000874 -0.093706
v -0.003333 0.000191 -0.090345
v 0.021211 -0.000874 -0.092571
v 0.020531 0.000191 -0.089258
v -0.061214 0.000191 -0.052190
v -0.064154 -0.000874 -0.053861
v -0.069623 0.000191 -0.029828
v -0.072935 -0.000874 -0.030509
v -0.070707 0.000191 -0.005969
v -0.074067 -0.000874 -0.005593
v -0.064369 0.000192 0.017066
v -0.067449 -0.000874 0.018463
v -0.051220 0.000192 0.037008
v -0.053718 -0.000874 0.039288
v -0.032553 0.000192 0.051913
v -0.034223 -0.000874 0.054853
v -0.010194 0.000192 0.060321
v -0.010874 -0.000874 0.063634
v 0.013667 0.000192 0.061411
v 0.014044 -0.000874 0.064771
v 0.036702 0.000192 0.055066
v 0.038099 -0.000874 0.058145
v 0.056643 0.000192 0.041922
v 0.058924 -0.000874 0.044420
v 0.071550 0.000192 0.023253
v 0.074491 -0.000874 0.024924
v 0.079957 0.000192 0.000894
v 0.083271 -0.000874 0.001575
v 0.081044 0.000191 -0.022968
v 0.084405 -0.000874 -0.023344
v 0.074704 0.000191 -0.046001
v 0.077784 -0.000874 -0.047397
v 0.061556 0.000191 -0.065945
v 0.064055 -0.000874 -0.068225
v 0.042890 0.000191 -0.080850
v 0.044561 -0.000874 -0.083790
v -0.006562 -0.040903 -0.119169
v -0.038343 -0.040903 -0.110417
v -0.065862 -0.040903 -0.092278
v -0.086430 -0.040903 -0.066519
v -0.098032 -0.040903 -0.035666
v -0.099530 -0.040903 -0.002740
v -0.090783 -0.040903 0.029042
v -0.072640 -0.040903 0.056563
v -0.046882 -0.040903 0.077130
v -0.016029 -0.040903 0.088732
v 0.016899 -0.040903 0.090232
v 0.048681 -0.040903 0.081480
v 0.076199 -0.040903 0.063341
v 0.096767 -0.040903 0.037583
v 0.108369 -0.040903 0.006729
v 0.109868 -0.040903 -0.026197
v 0.101120 -0.040903 -0.057979
v 0.082978 -0.040903 -0.085500
v 0.057219 -0.040903 -0.106066
v 0.026367 -0.040903 -0.117669
v 0.000671 0.000191 -0.054604
v 0.000833 -0.001238 -0.053165
v 0.013294 0.000191 -0.054029
v 0.013003 -0.001238 -0.052611
v -0.010913 -0.001238 -0.049931
v -0.011511 0.000191 -0.051249
v 0.025122 0.000191 -0.049581
v 0.024406 -0.001238 -0.048323
v -0.021085 -0.001238 -0.043226
v -0.022061 0.000191 -0.044295
v -0.028687 -0.001238 -0.033707
v -0.029946 0.000191 -0.034422
v -0.032975 -0.001238 -0.022302
v -0.034393 0.000191 -0.022593
v -0.033528 -0.001238 -0.010134
v -0.034966 0.000191 -0.009973
v -0.030296 -0.001238 0.001615
v -0.031615 0.000192 0.002212
v -0.023590 -0.001238 0.011785
v -0.024658 0.000192 0.012760
v -0.014069 -0.001238 0.019386
v -0.014784 0.000192 0.020644
v -0.002667 -0.001238 0.023674
v -0.002959 0.000192 0.025091
v 0.009503 -0.001238 0.024230
v 0.009664 0.000192 0.025668
v 0.021251 -0.001238 0.020994
v 0.021848 0.000192 0.022312
v 0.031420 -0.001238 0.014291
v 0.032396 0.000192 0.015359
v 0.039023 -0.001238 0.004770
v 0.040281 0.000192 0.005485
v 0.043311 -0.001238 -0.006634
v 0.044728 0.000191 -0.006342
v 0.043865 -0.001238 -0.018803
v 0.045303 0.000191 -0.018964
v 0.040632 -0.001238 -0.030550
v 0.041950 0.000191 -0.031147
v 0.033926 -0.001238 -0.040722
v 0.034995 0.000191 -0.041697
v 0.013003 -0.014104 -0.052611
v 0.000833 -0.014104 -0.053165
v -0.010913 -0.014104 -0.049931
v -0.021085 -0.014104 -0.043226
v -0.028687 -0.014104 -0.033707
v -0.032975 -0.014104 -0.022302
v -0.033528 -0.014104 -0.010134
v -0.030296 -0.014104 0.001615
v -0.023590 -0.014104 0.011785
v -0.014069 -0.014104 0.019386
v -0.002667 -0.014104 0.023674
v 0.009503 -0.014104 0.024230
v 0.021251 -0.014104 0.020994
v 0.031420 -0.014104 0.014291
v 0.039023 -0.014104 0.004770
v 0.043311 -0.014104 -0.006634
v 0.043865 -0.014104 -0.018803
v 0.040632 -0.014104 -0.030550
v 0.033926 -0.014104 -0.040722
v 0.024406 -0.014104 -0.048323
v 0.011790 -0.014104 -0.046705
v 0.001504 -0.014104 -0.047171
v -0.008422 -0.014104 -0.044440
v -0.017020 -0.014104 -0.038775
v -0.023444 -0.014104 -0.030727
v -0.027070 -0.014104 -0.021088
v -0.027536 -0.014104 -0.010804
v -0.024803 -0.014104 -0.000877
v -0.019137 -0.014104 0.007720
v -0.011091 -0.014104 0.014144
v -0.001454 -0.014104 0.017768
v 0.008831 -0.014104 0.018236
v 0.018759 -0.014104 0.015503
v 0.027354 -0.014104 0.009839
v 0.033779 -0.014104 0.001790
v 0.037405 -0.014104 -0.007848
v 0.037873 -0.014104 -0.018133
v 0.035138 -0.014104 -0.028059
v 0.029473 -0.014104 -0.036657
v 0.021428 -0.014104 -0.043081
v 0.012175 -0.000240 -0.048582
v 0.012593 -0.002294 -0.050618
v 0.001291 -0.000240 -0.049078
v 0.001060 -0.002294 -0.051143
v 0.023401 -0.002294 -0.046555
v 0.022374 -0.000240 -0.044747
v -0.009213 -0.000240 -0.046185
v -0.010072 -0.002294 -0.048079
v -0.018311 -0.000240 -0.040189
v -0.019712 -0.002294 -0.041725
v -0.025109 -0.000240 -0.031675
v -0.026917 -0.002294 -0.032702
v -0.028945 -0.000240 -0.021476
v -0.030981 -0.002294 -0.021894
v -0.029439 -0.000240 -0.010593
v -0.031505 -0.002294 -0.010362
v -0.026548 -0.000240 -0.000086
v -0.028442 -0.002294 0.000773
v -0.020551 -0.000240 0.009009
v -0.022087 -0.002294 0.010411
v -0.012036 -0.000240 0.015808
v -0.013063 -0.002294 0.017615
v -0.001838 -0.000240 0.019643
v -0.002256 -0.002294 0.021680
v 0.009045 -0.000240 0.020140
v 0.009277 -0.002294 0.022206
v 0.019552 -0.000240 0.017246
v 0.020410 -0.002294 0.019139
v 0.028646 -0.000240 0.011251
v 0.030048 -0.002294 0.012786
v 0.035446 -0.000240 0.002736
v 0.037254 -0.002294 0.003763
v 0.039280 -0.000240 -0.007463
v 0.041316 -0.002294 -0.007045
v 0.039777 -0.000240 -0.018346
v 0.041843 -0.002294 -0.018578
v 0.036885 -0.000240 -0.028851
v 0.038778 -0.002294 -0.029710
v 0.030888 -0.000240 -0.037948
v 0.032424 -0.002294 -0.039350
v 0.005169 -0.000240 -0.014470
v 0.001060 -0.018910 -0.051143
v 0.012593 -0.018910 -0.050618
v -0.010072 -0.018910 -0.048079
v -0.019712 -0.018910 -0.041725
v -0.026917 -0.018910 -0.032702
v -0.030981 -0.018910 -0.021894
v -0.031505 -0.018910 -0.010361
v -0.028442 -0.018910 0.000773
v -0.022087 -0.018910 0.010411
v -0.013063 -0.018910 0.017615
v -0.002256 -0.018910 0.021680
v 0.009277 -0.018910 0.022206
v 0.020410 -0.018910 0.019139
v 0.030048 -0.018910 0.012786
v 0.037254 -0.018910 0.003763
v 0.041316 -0.018910 -0.007045
v 0.041843 -0.018910 -0.018578
v 0.038778 -0.018910 -0.029710
v 0.032424 -0.018910 -0.039350
v 0.023401 -0.018910 -0.046555
v 0.235674 -0.183156 -0.398692
v 0.243693 -0.183156 -0.393543
v 0.235674 -0.185904 -0.398692
v 0.243693 -0.185904 -0.393543
v 0.265260 -0.183156 -0.378468
v 0.272850 -0.183156 -0.372706
v 0.265260 -0.185904 -0.378468
v 0.272850 -0.185904 -0.372706
v 0.293168 -0.183156 -0.355986
v 0.300283 -0.183156 -0.349645
v 0.293168 -0.185904 -0.355986
v 0.300283 -0.185904 -0.349645
v 0.319226 -0.183156 -0.331382
v 0.325822 -0.183156 -0.324504
v 0.319226 -0.185904 -0.331382
v 0.325822 -0.185904 -0.324504
v 0.343273 -0.183156 -0.304811
v 0.349309 -0.183156 -0.297435
v 0.343273 -0.185904 -0.304811
v 0.349309 -0.185904 -0.297435
v 0.365162 -0.183156 -0.276434
v 0.370600 -0.183156 -0.268609
v 0.365162 -0.185904 -0.276434
v 0.370600 -0.185904 -0.268609
v 0.384757 -0.183156 -0.246428
v 0.389564 -0.183156 -0.238199
v 0.384757 -0.185904 -0.246428
v 0.389564 -0.185904 -0.238199
v 0.401936 -0.183156 -0.214976
v 0.406084 -0.183156 -0.206396
v 0.401936 -0.185904 -0.214977
v 0.406084 -0.185904 -0.206396
v 0.416596 -0.183156 -0.182274
v 0.420057 -0.183156 -0.173395
v 0.416596 -0.185904 -0.182274
v 0.420057 -0.185904 -0.173395
v 0.428644 -0.183156 -0.148523
v 0.431398 -0.183156 -0.139399
v 0.428644 -0.185904 -0.148523
v 0.431398 -0.185904 -0.139399
v 0.438007 -0.183156 -0.113930
v 0.440037 -0.183156 -0.104618
v 0.438007 -0.185904 -0.113930
v 0.440037 -0.185904 -0.104618
v 0.444627 -0.183156 -0.078709
v 0.445920 -0.183156 -0.069267
v 0.444627 -0.185904 -0.078709
v 0.445920 -0.185904 -0.069267
v 0.448463 -0.183156 -0.043077
v 0.449012 -0.183156 -0.033562
v 0.448463 -0.185904 -0.043077
v 0.449011 -0.185904 -0.033563
v 0.449492 -0.183156 -0.007254
v 0.449292 -0.183156 0.002274
v 0.449492 -0.185904 -0.007254
v 0.449292 -0.185904 0.002274
v 0.447707 -0.183156 0.028539
v 0.446760 -0.183156 0.038022
v 0.447707 -0.185904 0.028539
v 0.446760 -0.185904 0.038022
v 0.443119 -0.183156 0.064082
v 0.441431 -0.183156 0.073461
v 0.443119 -0.185904 0.064082
v 0.441431 -0.185904 0.073461
v 0.435757 -0.183156 0.099155
v 0.433338 -0.183156 0.108373
v 0.435757 -0.185904 0.099155
v 0.433338 -0.185904 0.108373
v 0.425666 -0.183156 0.133542
v 0.422531 -0.183156 0.142542
v 0.425666 -0.185904 0.133542
v 0.422531 -0.185904 0.142542
v 0.412908 -0.183156 0.167032
v 0.409076 -0.183156 0.175758
v 0.412908 -0.185904 0.167032
v 0.409076 -0.185904 0.175758
v 0.397561 -0.183156 0.199417
v 0.393057 -0.183156 0.207816
v 0.397561 -0.185904 0.199417
v 0.393057 -0.185904 0.207816
v 0.379721 -0.183156 0.230499
v 0.374572 -0.183156 0.238518
v 0.379721 -0.185904 0.230499
v 0.374572 -0.185904 0.238518
v 0.359497 -0.183156 0.260085
v 0.353734 -0.183156 0.267676
v 0.359497 -0.185904 0.260085
v 0.353734 -0.185904 0.267676
v 0.337014 -0.183156 0.287993
v 0.330674 -0.183156 0.295108
v 0.337014 -0.185904 0.287993
v 0.330674 -0.185904 0.295108
v 0.312411 -0.183156 0.314051
v 0.305532 -0.183156 0.320647
v 0.312411 -0.185904 0.314051
v 0.305532 -0.185904 0.320647
v 0.285840 -0.183156 0.338098
v 0.278464 -0.183156 0.344134
v 0.285840 -0.185904 0.338098
v 0.278464 -0.185904 0.344134
v 0.257463 -0.183156 0.359987
v 0.249637 -0.183156 0.365425
v 0.257463 -0.185904 0.359987
v 0.249637 -0.185904 0.365425
v 0.227456 -0.183156 0.379582
v 0.219228 -0.183156 0.384389
v 0.227456 -0.185904 0.379582
v 0.219228 -0.185904 0.384389
v 0.196005 -0.183156 0.396761
v 0.187425 -0.183156 0.400909
v 0.196005 -0.185904 0.396761
v 0.187425 -0.185904 0.400909
v 0.163303 -0.183156 0.411421
v 0.154424 -0.183156 0.414882
v 0.163303 -0.185904 0.411421
v 0.154424 -0.185904 0.414882
v 0.129551 -0.183156 0.423469
v 0.120428 -0.183156 0.426223
v 0.129551 -0.185904 0.423469
v 0.120427 -0.185904 0.426223
v 0.094958 -0.183156 0.432832
v 0.085647 -0.183156 0.434862
v 0.094958 -0.185904 0.432832
v 0.085647 -0.185904 0.434862
v 0.059737 -0.183156 0.439452
v 0.050295 -0.183156 0.440745
v 0.059737 -0.185904 0.439452
v 0.050295 -0.185904 0.440745
v 0.024106 -0.183156 0.443289
v 0.014591 -0.183156 0.443837
v 0.024106 -0.185904 0.443289
v 0.014591 -0.185904 0.443837
v -0.011717 -0.183156 0.444317
v -0.021245 -0.183156 0.444117
v -0.011717 -0.185904 0.444317
v -0.021245 -0.185904 0.444117
v -0.047510 -0.183156 0.442532
v -0.056993 -0.183156 0.441585
v -0.047510 -0.185904 0.442532
v -0.056993 -0.185904 0.441585
v -0.083053 -0.183156 0.437945
v -0.092432 -0.183156 0.436256
v -0.083053 -0.185904 0.437945
v -0.092432 -0.185904 0.436256
v -0.118126 -0.183156 0.430582
v -0.127344 -0.183156 0.428163
v -0.118126 -0.185904 0.430582
v -0.127344 -0.185904 0.428163
v -0.152514 -0.183156 0.420491
v -0.161514 -0.183156 0.417356
v -0.152514 -0.185904 0.420491
v -0.161514 -0.185904 0.417356
v -0.186003 -0.183156 0.407732
v -0.194730 -0.183156 0.403901
v -0.186003 -0.185904 0.407732
v -0.194730 -0.185904 0.403901
v -0.218389 -0.183156 0.392386
v -0.226787 -0.183156 0.387882
v -0.218389 -0.185904 0.392386
v -0.226787 -0.185904 0.387882
v -0.249471 -0.183156 0.374546
v -0.257490 -0.183156 0.369397
v -0.249471 -0.185904 0.374546
v -0.257490 -0.185904 0.369397
v -0.279057 -0.183156 0.354322
v -0.286648 -0.183156 0.348560
v -0.279057 -0.185904 0.354322
v -0.286648 -0.185904 0.348560
v -0.306965 -0.183156 0.331839
v -0.314080 -0.183156 0.325499
v -0.306965 -0.185904 0.331839
v -0.314080 -0.185904 0.325499
v -0.333023 -0.183156 0.307236
v -0.339619 -0.183156 0.300357
v -0.333023 -0.185904 0.307236
v -0.339618 -0.185904 0.300357
v -0.357070 -0.183156 0.280665
v -0.363106 -0.183156 0.273289
v -0.357070 -0.185904 0.280665
v -0.363106 -0.185904 0.273289
v -0.378959 -0.183156 0.252288
v -0.384397 -0.183156 0.244462
v -0.378959 -0.185904 0.252288
v -0.384397 -0.185904 0.244462
v -0.398553 -0.183156 0.222282
v -0.403361 -0.183156 0.214053
v -0.398553 -0.185904 0.222282
v -0.403361 -0.185904 0.214053
v -0.415733 -0.183156 0.190830
v -0.419880 -0.183156 0.182250
v -0.415733 -0.185904 0.190830
v -0.419880 -0.185904 0.182250
v -0.430393 -0.183156 0.158128
v -0.433854 -0.183156 0.149248
v -0.430393 -0.185904 0.158128
v -0.433854 -0.185904 0.149248
v -0.442441 -0.183156 0.124376
v -0.445194 -0.183156 0.115253
v -0.442441 -0.185904 0.124376
v -0.445194 -0.185904 0.115253
v -0.451804 -0.183156 0.089783
v -0.453834 -0.183156 0.080472
v -0.451804 -0.185904 0.089783
v -0.453834 -0.185904 0.080472
v -0.458424 -0.183156 0.054562
v -0.459717 -0.183156 0.045120
v -0.458424 -0.185904 0.054562
v -0.459717 -0.185904 0.045120
v -0.462260 -0.183156 0.018931
v -0.462808 -0.183156 0.009416
v -0.462260 -0.185904 0.018931
v -0.462808 -0.185904 0.009416
v -0.463289 -0.183156 -0.016892
v -0.463089 -0.183156 -0.026420
v -0.463289 -0.185904 -0.016892
v -0.463089 -0.185904 -0.026420
v -0.461504 -0.183156 -0.052685
v -0.460557 -0.183156 -0.062168
v -0.461504 -0.185904 -0.052685
v -0.460557 -0.185904 -0.062168
v -0.456916 -0.183156 -0.088228
v -0.455228 -0.183156 -0.097608
v -0.456916 -0.185904 -0.088228
v -0.455228 -0.185904 -0.097608
v -0.449554 -0.183156 -0.123301
v -0.447135 -0.183156 -0.132519
v -0.449554 -0.185904 -0.123301
v -0.447135 -0.185904 -0.132519
v -0.439462 -0.183156 -0.157689
v -0.436328 -0.183156 -0.166689
v -0.439462 -0.185904 -0.157689
v -0.436328 -0.185904 -0.166689
v -0.426705 -0.183156 -0.191179
v -0.422873 -0.183156 -0.199905
v -0.426705 -0.185904 -0.191179
v -0.422873 -0.185904 -0.199905
v -0.411358 -0.183156 -0.223564
v -0.406854 -0.183156 -0.231963
v -0.411358 -0.185904 -0.223564
v -0.406854 -0.185904 -0.231963
v -0.393517 -0.183156 -0.254646
v -0.388369 -0.183156 -0.262666
v -0.393517 -0.185904 -0.254646
v -0.388368 -0.185904 -0.262666
v -0.373294 -0.183156 -0.284232
v -0.367531 -0.183156 -0.291823
v -0.373294 -0.185904 -0.284232
v -0.367531 -0.185904 -0.291823
v -0.350811 -0.183156 -0.312140
v -0.344471 -0.183156 -0.319255
v -0.350811 -0.185904 -0.312140
v -0.344471 -0.185904 -0.319255
v -0.326208 -0.183156 -0.338198
v -0.319329 -0.183156 -0.344794
v -0.326208 -0.185904 -0.338198
v -0.319329 -0.185904 -0.344794
v -0.299636 -0.183156 -0.362246
v -0.292260 -0.183156 -0.368281
v -0.299636 -0.185904 -0.362246
v -0.292260 -0.185904 -0.368281
v -0.271259 -0.183156 -0.384134
v -0.263433 -0.183156 -0.389573
v -0.271259 -0.185904 -0.384134
v -0.263433 -0.185904 -0.389573
v -0.241253 -0.183156 -0.403729
v -0.233024 -0.183156 -0.408536
v -0.241253 -0.185904 -0.403729
v -0.233024 -0.185904 -0.408536
v -0.209801 -0.183156 -0.420909
v -0.201221 -0.183156 -0.425056
v -0.209802 -0.185904 -0.420909
v -0.201221 -0.185904 -0.425056
v -0.177099 -0.183156 -0.435568
v -0.168220 -0.183156 -0.439029
v -0.177099 -0.185904 -0.435568
v -0.168220 -0.185904 -0.439029
v -0.143348 -0.183156 -0.447616
v -0.134224 -0.183156 -0.450371
v -0.143348 -0.185904 -0.447616
v -0.134224 -0.185904 -0.450371
v -0.108755 -0.183156 -0.456979
v -0.099443 -0.183156 -0.459009
v -0.108755 -0.185904 -0.456979
v -0.099443 -0.185904 -0.459009
v -0.073534 -0.183156 -0.463599
v -0.064092 -0.183156 -0.464892
v -0.073534 -0.185904 -0.463599
v -0.064092 -0.185904 -0.464892
v -0.037902 -0.183156 -0.467436
v -0.028387 -0.183156 -0.467984
v -0.037902 -0.185904 -0.467436
v -0.028387 -0.185904 -0.467984
v -0.002079 -0.183156 -0.468464
v 0.007449 -0.183156 -0.468265
v -0.002079 -0.185904 -0.468464
v 0.007449 -0.185904 -0.468265
v 0.033714 -0.183156 -0.466680
v 0.043198 -0.183156 -0.465732
v 0.033714 -0.185904 -0.466680
v 0.043198 -0.185904 -0.465732
v 0.069257 -0.183156 -0.462092
v 0.078636 -0.183156 -0.460404
v 0.069257 -0.185904 -0.462092
v 0.078636 -0.185904 -0.460404
v 0.104330 -0.183156 -0.454730
v 0.113548 -0.183156 -0.452311
v 0.104330 -0.185904 -0.454730
v 0.113548 -0.185904 -0.452311
v 0.138718 -0.183156 -0.444638
v 0.147718 -0.183156 -0.441503
v 0.138718 -0.185904 -0.444638
v 0.147718 -0.185904 -0.441503
v 0.172208 -0.183156 -0.431880
v 0.180934 -0.183156 -0.428049
v 0.172208 -0.185904 -0.431880
v 0.180934 -0.185904 -0.428049
v 0.204594 -0.183156 -0.416532
v 0.212992 -0.183156 -0.412028
v 0.204594 -0.185904 -0.416532
v 0.212992 -0.185904 -0.412028
v 0.210750 -0.183156 -0.382259
v 0.239124 -0.183156 -0.364042
v 0.239124 -0.185903 -0.364042
v 0.239124 -0.246093 -0.364042
v 0.210750 -0.246093 -0.382259
v 0.243693 -0.246093 -0.393543
v 0.235674 -0.246093 -0.398692
v 0.210750 -0.185903 -0.382259
v 0.265981 -0.183156 -0.343654
v 0.265981 -0.185903 -0.343654
v 0.265981 -0.246093 -0.343654
v 0.272850 -0.246093 -0.372706
v 0.265260 -0.246093 -0.378468
v 0.291155 -0.183156 -0.321222
v 0.291155 -0.185903 -0.321222
v 0.291155 -0.246093 -0.321222
v 0.300283 -0.246093 -0.349645
v 0.293168 -0.246093 -0.355986
v 0.314492 -0.183156 -0.296884
v 0.314492 -0.185903 -0.296884
v 0.314492 -0.246093 -0.296884
v 0.325822 -0.246093 -0.324504
v 0.319226 -0.246093 -0.331382
v 0.335847 -0.183156 -0.270790
v 0.335847 -0.185903 -0.270790
v 0.335847 -0.246093 -0.270790
v 0.349309 -0.246093 -0.297435
v 0.343273 -0.246093 -0.304811
v 0.355089 -0.183156 -0.243101
v 0.355089 -0.185903 -0.243101
v 0.355089 -0.246093 -0.243101
v 0.370600 -0.246093 -0.268608
v 0.365162 -0.246093 -0.276434
v 0.372099 -0.183156 -0.213988
v 0.372099 -0.185903 -0.213988
v 0.372099 -0.246093 -0.213988
v 0.389564 -0.246093 -0.238199
v 0.384757 -0.246093 -0.246428
v 0.386773 -0.183156 -0.183629
v 0.386773 -0.185903 -0.183629
v 0.386773 -0.246093 -0.183629
v 0.406084 -0.246093 -0.206396
v 0.401936 -0.246093 -0.214976
v 0.399020 -0.183156 -0.152213
v 0.399020 -0.185903 -0.152213
v 0.399020 -0.246093 -0.152213
v 0.420057 -0.246093 -0.173395
v 0.416596 -0.246093 -0.182274
v 0.408764 -0.183156 -0.119933
v 0.408764 -0.185903 -0.119933
v 0.408764 -0.246093 -0.119933
v 0.431398 -0.246093 -0.139399
v 0.428644 -0.246093 -0.148523
v 0.415945 -0.183156 -0.086988
v 0.415945 -0.185903 -0.086988
v 0.415945 -0.246093 -0.086988
v 0.440037 -0.246093 -0.104618
v 0.438007 -0.246093 -0.113930
v 0.420519 -0.183156 -0.053582
v 0.420519 -0.185903 -0.053582
v 0.420519 -0.246093 -0.053582
v 0.445920 -0.246093 -0.069267
v 0.444627 -0.246093 -0.078709
v 0.422458 -0.183156 -0.019919
v 0.422458 -0.185903 -0.019919
v 0.422458 -0.246093 -0.019919
v 0.449012 -0.246093 -0.033562
v 0.448463 -0.246093 -0.043077
v 0.421751 -0.183156 0.013792
v 0.421751 -0.185903 0.013792
v 0.421751 -0.246093 0.013792
v 0.449292 -0.246093 0.002274
v 0.449492 -0.246093 -0.007254
v 0.418400 -0.183156 0.047344
v 0.418400 -0.185903 0.047344
v 0.418400 -0.246093 0.047344
v 0.446760 -0.246093 0.038022
v 0.447707 -0.246093 0.028539
v 0.412427 -0.183156 0.080529
v 0.412427 -0.185903 0.080529
v 0.412427 -0.246093 0.080529
v 0.441431 -0.246093 0.073461
v 0.443119 -0.246093 0.064082
v 0.403869 -0.183156 0.113144
v 0.403869 -0.185903 0.113144
v 0.403869 -0.246093 0.113144
v 0.433338 -0.246093 0.108373
v 0.435757 -0.246093 0.099155
v 0.392778 -0.183156 0.144986
v 0.392778 -0.185903 0.144986
v 0.392778 -0.246093 0.144986
v 0.422531 -0.246093 0.142542
v 0.425666 -0.246093 0.133542
v 0.379223 -0.183156 0.175860
v 0.379223 -0.185903 0.175860
v 0.379223 -0.246093 0.175860
v 0.409076 -0.246093 0.175758
v 0.412908 -0.246093 0.167032
v 0.363288 -0.183156 0.205576
v 0.363288 -0.185903 0.205576
v 0.363288 -0.246093 0.205576
v 0.393057 -0.246093 0.207816
v 0.397561 -0.246093 0.199417
v 0.345070 -0.183156 0.233949
v 0.345070 -0.185903 0.233949
v 0.345070 -0.246093 0.233949
v 0.374572 -0.246093 0.238518
v 0.379721 -0.246093 0.230499
v 0.324683 -0.183156 0.260806
v 0.324683 -0.185903 0.260806
v 0.324683 -0.246093 0.260806
v 0.353734 -0.246093 0.267676
v 0.359497 -0.246093 0.260085
v 0.302251 -0.183156 0.285980
v 0.302251 -0.185903 0.285980
v 0.302251 -0.246093 0.285980
v 0.330674 -0.246093 0.295108
v 0.337014 -0.246093 0.287993
v 0.277913 -0.183156 0.309317
v 0.277913 -0.185903 0.309317
v 0.277913 -0.246093 0.309317
v 0.305532 -0.246093 0.320647
v 0.312411 -0.246093 0.314051
v 0.251819 -0.183156 0.330672
v 0.251819 -0.185903 0.330672
v 0.251819 -0.246093 0.330672
v 0.278464 -0.246093 0.344134
v 0.285840 -0.246093 0.338099
v 0.224130 -0.183156 0.349914
v 0.224130 -0.185903 0.349914
v 0.224130 -0.246093 0.349914
v 0.249637 -0.246093 0.365425
v 0.257463 -0.246093 0.359987
v 0.195016 -0.183156 0.366925
v 0.195016 -0.185903 0.366925
v 0.195016 -0.246093 0.366925
v 0.219228 -0.246093 0.384390
v 0.227456 -0.246093 0.379582
v 0.164658 -0.183156 0.381598
v 0.164658 -0.185903 0.381598
v 0.164658 -0.246093 0.381598
v 0.187425 -0.246093 0.400909
v 0.196005 -0.246093 0.396761
v 0.133242 -0.183156 0.393845
v 0.133242 -0.185903 0.393845
v 0.133242 -0.246093 0.393845
v 0.154424 -0.246093 0.414882
v 0.163303 -0.246093 0.411421
v 0.100962 -0.183156 0.403589
v 0.100962 -0.185903 0.403589
v 0.100962 -0.246093 0.403589
v 0.120428 -0.246093 0.426223
v 0.129551 -0.246093 0.423469
v 0.068017 -0.183156 0.410770
v 0.068017 -0.185903 0.410770
v 0.068017 -0.246093 0.410770
v 0.085647 -0.246093 0.434862
v 0.094958 -0.246093 0.432832
v 0.034610 -0.183156 0.415344
v 0.034610 -0.185903 0.415344
v 0.034610 -0.246093 0.415344
v 0.050295 -0.246093 0.440745
v 0.059737 -0.246093 0.439452
v 0.000948 -0.183156 0.417284
v 0.000948 -0.185903 0.417284
v 0.000948 -0.246093 0.417284
v 0.014591 -0.246093 0.443837
v 0.024106 -0.246093 0.443289
v -0.032764 -0.183156 0.416576
v -0.032764 -0.185903 0.416576
v -0.032764 -0.246093 0.416576
v -0.021245 -0.246093 0.444117
v -0.011717 -0.246093 0.444317
v -0.066315 -0.183156 0.413225
v -0.066315 -0.185903 0.413225
v -0.066315 -0.246093 0.413225
v -0.056993 -0.246093 0.441585
v -0.047510 -0.246093 0.442532
v -0.099500 -0.183156 0.407252
v -0.099500 -0.185903 0.407252
v -0.099500 -0.246093 0.407252
v -0.092432 -0.246093 0.436256
v -0.083053 -0.246093 0.437945
v -0.132115 -0.183156 0.398694
v -0.132115 -0.185903 0.398694
v -0.132115 -0.246093 0.398694
v -0.127344 -0.246093 0.428164
v -0.118126 -0.246093 0.430582
v -0.163958 -0.183156 0.387603
v -0.163958 -0.185903 0.387603
v -0.163958 -0.246093 0.387603
v -0.161514 -0.246093 0.417356
v -0.152514 -0.246093 0.420491
v -0.194832 -0.183156 0.374048
v -0.194832 -0.185903 0.374048
v -0.194832 -0.246093 0.374048
v -0.194730 -0.246093 0.403902
v -0.186003 -0.246093 0.407733
v -0.224547 -0.183156 0.358113
v -0.224547 -0.185903 0.358113
v -0.224547 -0.246093 0.358113
v -0.226787 -0.246093 0.387882
v -0.218389 -0.246093 0.392386
v -0.252921 -0.183156 0.339896
v -0.252921 -0.185903 0.339896
v -0.252921 -0.246093 0.339896
v -0.257490 -0.246093 0.369397
v -0.249471 -0.246093 0.374546
v -0.279777 -0.183156 0.319508
v -0.279777 -0.185903 0.319508
v -0.279777 -0.246093 0.319508
v -0.286648 -0.246093 0.348560
v -0.279057 -0.246093 0.354322
v -0.304952 -0.183156 0.297076
v -0.304952 -0.185903 0.297076
v -0.304952 -0.246093 0.297076
v -0.314080 -0.246093 0.325499
v -0.306965 -0.246093 0.331839
v -0.328288 -0.183156 0.272738
v -0.328288 -0.185903 0.272738
v -0.328288 -0.246093 0.272738
v -0.339619 -0.246093 0.300357
v -0.333023 -0.246093 0.307236
v -0.349644 -0.183156 0.246644
v -0.349644 -0.185903 0.246644
v -0.349644 -0.246093 0.246644
v -0.363106 -0.246093 0.273289
v -0.357070 -0.246093 0.280665
v -0.368886 -0.183156 0.218955
v -0.368886 -0.185903 0.218955
v -0.368886 -0.246093 0.218955
v -0.384397 -0.246093 0.244462
v -0.378959 -0.246093 0.252288
v -0.385896 -0.183156 0.189841
v -0.385896 -0.185903 0.189841
v -0.385896 -0.246093 0.189841
v -0.403361 -0.246093 0.214053
v -0.398553 -0.246093 0.222282
v -0.400570 -0.183156 0.159483
v -0.400570 -0.185903 0.159483
v -0.400570 -0.246093 0.159483
v -0.419880 -0.246093 0.182250
v -0.415733 -0.246093 0.190830
v -0.412816 -0.183156 0.128067
v -0.412816 -0.185903 0.128067
v -0.412816 -0.246093 0.128067
v -0.433854 -0.246093 0.149248
v -0.430393 -0.246093 0.158128
v -0.422561 -0.183156 0.095787
v -0.422561 -0.185903 0.095787
v -0.422561 -0.246093 0.095787
v -0.445194 -0.246093 0.115253
v -0.442441 -0.246093 0.124376
v -0.429742 -0.183156 0.062842
v -0.429742 -0.185903 0.062842
v -0.429742 -0.246093 0.062842
v -0.453834 -0.246093 0.080472
v -0.451804 -0.246093 0.089783
v -0.434316 -0.183156 0.029435
v -0.434316 -0.185903 0.029435
v -0.434316 -0.246093 0.029435
v -0.459717 -0.246093 0.045120
v -0.458424 -0.246093 0.054562
v -0.436255 -0.183156 -0.004228
v -0.436255 -0.185903 -0.004228
v -0.436255 -0.246093 -0.004228
v -0.462808 -0.246093 0.009416
v -0.462260 -0.246093 0.018931
v -0.435547 -0.183156 -0.037939
v -0.435547 -0.185903 -0.037939
v -0.435547 -0.246093 -0.037939
v -0.463089 -0.246093 -0.026420
v -0.463289 -0.246093 -0.016892
v -0.432196 -0.183156 -0.071491
v -0.432196 -0.185903 -0.071491
v -0.432196 -0.246093 -0.071491
v -0.460557 -0.246093 -0.062168
v -0.461504 -0.246093 -0.052685
v -0.426224 -0.183156 -0.104676
v -0.426224 -0.185903 -0.104676
v -0.426224 -0.246093 -0.104676
v -0.455228 -0.246093 -0.097608
v -0.456916 -0.246093 -0.088228
v -0.417666 -0.183156 -0.137291
v -0.417666 -0.185903 -0.137291
v -0.417666 -0.246093 -0.137291
v -0.447135 -0.246093 -0.132519
v -0.449554 -0.246093 -0.123301
v -0.406575 -0.183156 -0.169133
v -0.406575 -0.185903 -0.169133
v -0.406575 -0.246093 -0.169133
v -0.436328 -0.246093 -0.166689
v -0.439462 -0.246093 -0.157689
v -0.393020 -0.183156 -0.200007
v -0.393020 -0.185903 -0.200007
v -0.393020 -0.246093 -0.200007
v -0.422873 -0.246093 -0.199905
v -0.426705 -0.246093 -0.191179
v -0.377085 -0.183156 -0.229722
v -0.377085 -0.185903 -0.229722
v -0.377085 -0.246093 -0.229722
v -0.406854 -0.246093 -0.231963
v -0.411358 -0.246093 -0.223564
v -0.358867 -0.183156 -0.258096
v -0.358867 -0.185903 -0.258096
v -0.358867 -0.246093 -0.258096
v -0.388369 -0.246093 -0.262666
v -0.393517 -0.246093 -0.254646
v -0.338479 -0.183156 -0.284953
v -0.338479 -0.185903 -0.284953
v -0.338479 -0.246093 -0.284953
v -0.367531 -0.246093 -0.291823
v -0.373294 -0.246093 -0.284232
v -0.316047 -0.183156 -0.310127
v -0.316047 -0.185903 -0.310127
v -0.316047 -0.246093 -0.310127
v -0.344471 -0.246093 -0.319255
v -0.350811 -0.246093 -0.312140
v -0.291709 -0.183156 -0.333464
v -0.291709 -0.185903 -0.333464
v -0.291709 -0.246093 -0.333464
v -0.319329 -0.246093 -0.344794
v -0.326208 -0.246093 -0.338198
v -0.265615 -0.183156 -0.354819
v -0.265615 -0.185903 -0.354819
v -0.265615 -0.246093 -0.354819
v -0.292260 -0.246093 -0.368281
v -0.299636 -0.246093 -0.362246
v -0.237926 -0.183156 -0.374061
v -0.237926 -0.185903 -0.374061
v -0.237926 -0.246093 -0.374061
v -0.263433 -0.246093 -0.389573
v -0.271259 -0.246093 -0.384134
v -0.208813 -0.183156 -0.391072
v -0.208813 -0.185903 -0.391072
v -0.208813 -0.246093 -0.391072
v -0.233024 -0.246093 -0.408536
v -0.241253 -0.246093 -0.403729
v -0.178454 -0.183156 -0.405745
v -0.178454 -0.185903 -0.405745
v -0.178454 -0.246093 -0.405745
v -0.201221 -0.246093 -0.425056
v -0.209801 -0.246093 -0.420908
v -0.147038 -0.183156 -0.417992
v -0.147038 -0.185903 -0.417992
v -0.147038 -0.246093 -0.417992
v -0.168220 -0.246093 -0.439029
v -0.177099 -0.246093 -0.435568
v -0.114758 -0.183156 -0.427736
v -0.114758 -0.185903 -0.427736
v -0.114758 -0.246093 -0.427736
v -0.134224 -0.246093 -0.450370
v -0.143348 -0.246093 -0.447616
v -0.081813 -0.183156 -0.434917
v -0.081814 -0.185903 -0.434917
v -0.081813 -0.246093 -0.434917
v -0.099443 -0.246093 -0.459009
v -0.108755 -0.246093 -0.456979
v -0.048407 -0.183156 -0.439492
v -0.048407 -0.185903 -0.439492
v -0.048407 -0.246093 -0.439492
v -0.064092 -0.246093 -0.464892
v -0.073534 -0.246093 -0.463599
v -0.014744 -0.183156 -0.441431
v -0.014744 -0.185903 -0.441431
v -0.014744 -0.246093 -0.441431
v -0.028387 -0.246093 -0.467984
v -0.037902 -0.246093 -0.467436
v 0.018968 -0.183156 -0.440723
v 0.018968 -0.185903 -0.440723
v 0.018968 -0.246093 -0.440723
v 0.007449 -0.246093 -0.468265
v -0.002079 -0.246093 -0.468464
v 0.052519 -0.183156 -0.437372
v 0.052519 -0.185903 -0.437372
v 0.052519 -0.246093 -0.437372
v 0.043198 -0.246093 -0.465732
v 0.033714 -0.246093 -0.466680
v 0.085705 -0.183156 -0.431399
v 0.085705 -0.185903 -0.431399
v 0.085705 -0.246093 -0.431399
v 0.078636 -0.246093 -0.460404
v 0.069257 -0.246093 -0.462092
v 0.118319 -0.183156 -0.422841
v 0.118319 -0.185903 -0.422841
v 0.118319 -0.246093 -0.422841
v 0.113548 -0.246093 -0.452311
v 0.104330 -0.246093 -0.454729
v 0.150162 -0.183156 -0.411750
v 0.150162 -0.185903 -0.411750
v 0.150162 -0.246093 -0.411750
v 0.147718 -0.246093 -0.441503
v 0.138718 -0.246093 -0.444638
v 0.181036 -0.183156 -0.398196
v 0.181036 -0.185903 -0.398196
v 0.181036 -0.246093 -0.398195
v 0.180934 -0.246093 -0.428049
v 0.172208 -0.246093 -0.431880
v 0.212992 -0.246093 -0.412028
v 0.204594 -0.246093 -0.416532
v 0.157453 -0.183156 -0.349743
v 0.130453 -0.183156 -0.361597
v 0.102606 -0.183156 -0.371296
v 0.074085 -0.183156 -0.378780
v 0.045063 -0.183156 -0.384004
v 0.015722 -0.183156 -0.386934
v -0.013759 -0.183156 -0.387553
v -0.043198 -0.183156 -0.385857
v -0.072413 -0.183156 -0.381857
v -0.101224 -0.183156 -0.375577
v -0.129453 -0.183156 -0.367056
v -0.156927 -0.183156 -0.356346
v -0.183475 -0.183156 -0.343513
v -0.208936 -0.183156 -0.328638
v -0.233150 -0.183156 -0.311810
v -0.255970 -0.183156 -0.293135
v -0.277254 -0.183156 -0.272726
v -0.296871 -0.183156 -0.250711
v -0.314701 -0.183156 -0.227224
v -0.330632 -0.183156 -0.202411
v -0.344568 -0.183156 -0.176424
v -0.356422 -0.183156 -0.149424
v -0.366121 -0.183156 -0.121578
v -0.373605 -0.183156 -0.093056
v -0.378828 -0.183156 -0.064035
v -0.381759 -0.183156 -0.034693
v -0.382378 -0.183156 -0.005212
v -0.380682 -0.183156 0.024227
v -0.376682 -0.183156 0.053441
v -0.370401 -0.183156 0.082252
v -0.361880 -0.183156 0.110482
v -0.351170 -0.183156 0.137956
v -0.338338 -0.183156 0.164504
v -0.323462 -0.183156 0.189964
v -0.306634 -0.183156 0.214179
v -0.287959 -0.183156 0.236998
v -0.267550 -0.183156 0.258282
v -0.245535 -0.183156 0.277899
v -0.222049 -0.183156 0.295729
v -0.197236 -0.183156 0.311660
v -0.171249 -0.183156 0.325596
v -0.144249 -0.183156 0.337450
v -0.116402 -0.183156 0.347149
v -0.087880 -0.183156 0.354633
v -0.058859 -0.183156 0.359857
v -0.029518 -0.183156 0.362787
v -0.000037 -0.183156 0.363406
v 0.029401 -0.183156 0.361710
v 0.058616 -0.183156 0.357710
v 0.087427 -0.183156 0.351430
v 0.115657 -0.183156 0.342908
v 0.143131 -0.183156 0.332199
v 0.169679 -0.183156 0.319366
v 0.195139 -0.183156 0.304490
v 0.219354 -0.183156 0.287663
v 0.242173 -0.183156 0.268987
v 0.263457 -0.183156 0.248579
v 0.283074 -0.183156 0.226564
v 0.300904 -0.183156 0.203077
v 0.316835 -0.183156 0.178264
v 0.330771 -0.183156 0.152277
v 0.342625 -0.183156 0.125277
v 0.352324 -0.183156 0.097431
v 0.359808 -0.183156 0.068909
v 0.365032 -0.183156 0.039888
v 0.367962 -0.183156 0.010547
v 0.368581 -0.183156 -0.018934
v 0.366885 -0.183156 -0.048373
v 0.362885 -0.183156 -0.077588
v 0.356605 -0.183156 -0.106399
v 0.348083 -0.183156 -0.134628
v 0.337374 -0.183156 -0.162102
v 0.324541 -0.183156 -0.188651
v 0.309665 -0.183156 -0.214111
v 0.292838 -0.183156 -0.238325
v 0.274162 -0.183156 -0.261145
v 0.253754 -0.183156 -0.282429
v 0.231739 -0.183156 -0.302046
v 0.208252 -0.183156 -0.319875
v 0.183439 -0.183156 -0.335807
v 0.130453 -0.159887 -0.361597
v 0.102606 -0.159887 -0.371296
v 0.129502 -0.159887 -0.359176
v 0.101848 -0.159887 -0.368808
v 0.102606 -0.140840 -0.371296
v 0.074085 -0.140840 -0.378780
v 0.101848 -0.138138 -0.368808
v 0.073524 -0.138138 -0.376240
v 0.074085 -0.159887 -0.378780
v 0.045063 -0.159887 -0.384004
v 0.073524 -0.159887 -0.376240
v 0.044704 -0.159887 -0.381427
v 0.045063 -0.140840 -0.384004
v 0.015722 -0.140840 -0.386934
v 0.044704 -0.138138 -0.381427
v 0.015565 -0.138138 -0.384338
v 0.015722 -0.159887 -0.386934
v -0.013759 -0.159887 -0.387553
v 0.015565 -0.159887 -0.384338
v -0.013711 -0.159887 -0.384952
v -0.013759 -0.140840 -0.387553
v -0.043198 -0.140840 -0.385857
v -0.013711 -0.138138 -0.384952
v -0.042946 -0.138138 -0.383268
v -0.043198 -0.159887 -0.385857
v -0.072413 -0.159887 -0.381857
v -0.042946 -0.159887 -0.383268
v -0.071959 -0.159887 -0.379295
v -0.072413 -0.140840 -0.381857
v -0.101224 -0.140840 -0.375577
v -0.071959 -0.138138 -0.379295
v -0.100571 -0.138138 -0.373059
v -0.101224 -0.159887 -0.375577
v -0.129453 -0.159887 -0.367056
v -0.100571 -0.159887 -0.373059
v -0.128604 -0.159887 -0.364596
v -0.129453 -0.140840 -0.367056
v -0.156927 -0.140840 -0.356346
v -0.128604 -0.138138 -0.364596
v -0.155888 -0.138138 -0.353961
v -0.156927 -0.159887 -0.356346
v -0.183475 -0.159887 -0.343513
v -0.155888 -0.159887 -0.353961
v -0.182252 -0.159887 -0.341217
v -0.183475 -0.140840 -0.343513
v -0.208936 -0.140840 -0.328638
v -0.182252 -0.138138 -0.341217
v -0.207536 -0.138138 -0.326445
v -0.208936 -0.159887 -0.328638
v -0.233150 -0.159887 -0.311810
v -0.207536 -0.159887 -0.326445
v -0.231583 -0.159887 -0.309734
v -0.233150 -0.140840 -0.311810
v -0.255970 -0.140840 -0.293135
v -0.231583 -0.138138 -0.309734
v -0.254244 -0.138138 -0.291188
v -0.255970 -0.159887 -0.293135
v -0.277254 -0.159887 -0.272726
v -0.254244 -0.159887 -0.291188
v -0.275381 -0.159887 -0.270921
v -0.277254 -0.140840 -0.272726
v -0.296871 -0.140840 -0.250711
v -0.275381 -0.138138 -0.270921
v -0.294862 -0.138138 -0.249058
v -0.296871 -0.159887 -0.250711
v -0.314701 -0.159887 -0.227224
v -0.294862 -0.159887 -0.249058
v -0.312568 -0.159887 -0.225734
v -0.314701 -0.140840 -0.227224
v -0.330632 -0.140840 -0.202411
v -0.312568 -0.138138 -0.225733
v -0.328390 -0.138138 -0.201093
v -0.330632 -0.159887 -0.202411
v -0.344568 -0.159887 -0.176424
v -0.328390 -0.159887 -0.201093
v -0.342229 -0.159887 -0.175286
v -0.344568 -0.140840 -0.176424
v -0.356422 -0.140840 -0.149424
v -0.342229 -0.138138 -0.175286
v -0.354000 -0.138138 -0.148473
v -0.356422 -0.159887 -0.149424
v -0.366121 -0.159887 -0.121578
v -0.354000 -0.159887 -0.148473
v -0.363632 -0.159887 -0.120819
v -0.366121 -0.140840 -0.121578
v -0.373605 -0.140840 -0.093056
v -0.363632 -0.138138 -0.120819
v -0.371065 -0.138138 -0.092495
v -0.373605 -0.159887 -0.093056
v -0.378828 -0.159887 -0.064035
v -0.371065 -0.159887 -0.092495
v -0.376252 -0.159887 -0.063675
v -0.378828 -0.140840 -0.064035
v -0.381759 -0.140840 -0.034693
v -0.376252 -0.138138 -0.063675
v -0.379162 -0.138138 -0.034537
v -0.381759 -0.159887 -0.034693
v -0.382378 -0.159887 -0.005212
v -0.379162 -0.159887 -0.034537
v -0.379777 -0.159887 -0.005260
v -0.382378 -0.140840 -0.005212
v -0.380682 -0.140840 0.024227
v -0.379777 -0.138138 -0.005260
v -0.378093 -0.138138 0.023975
v -0.380682 -0.159887 0.024227
v -0.376682 -0.159887 0.053441
v -0.378093 -0.159887 0.023975
v -0.374120 -0.159887 0.052988
v -0.376682 -0.140840 0.053441
v -0.370401 -0.140840 0.082252
v -0.374120 -0.138138 0.052988
v -0.367883 -0.138138 0.081599
v -0.370401 -0.159887 0.082252
v -0.361880 -0.159887 0.110482
v -0.367883 -0.159887 0.081599
v -0.359421 -0.159887 0.109633
v -0.361880 -0.140840 0.110482
v -0.351170 -0.140840 0.137956
v -0.359421 -0.138138 0.109633
v -0.348785 -0.138138 0.136916
v -0.351170 -0.159887 0.137956
v -0.338338 -0.159887 0.164504
v -0.348785 -0.159887 0.136916
v -0.336042 -0.159887 0.163281
v -0.338338 -0.140840 0.164504
v -0.323462 -0.140840 0.189964
v -0.336042 -0.138138 0.163281
v -0.321269 -0.138138 0.188565
v -0.323462 -0.159887 0.189964
v -0.306634 -0.159887 0.214179
v -0.321269 -0.159887 0.188565
v -0.304558 -0.159887 0.212611
v -0.306634 -0.140840 0.214179
v -0.287959 -0.140840 0.236998
v -0.304558 -0.138138 0.212611
v -0.286012 -0.138138 0.235273
v -0.287959 -0.159887 0.236998
v -0.267550 -0.159887 0.258282
v -0.286012 -0.159887 0.235273
v -0.265745 -0.159887 0.256409
v -0.267550 -0.140840 0.258282
v -0.245535 -0.140840 0.277899
v -0.265745 -0.138138 0.256410
v -0.243882 -0.138138 0.275891
v -0.245535 -0.159887 0.277899
v -0.222049 -0.159887 0.295729
v -0.243882 -0.159887 0.275891
v -0.220558 -0.159887 0.293597
v -0.222049 -0.140840 0.295729
v -0.197236 -0.140840 0.311660
v -0.220558 -0.138138 0.293597
v -0.195917 -0.138138 0.309418
v -0.197236 -0.159887 0.311660
v -0.171249 -0.159887 0.325596
v -0.195917 -0.159887 0.309418
v -0.170111 -0.159887 0.323257
v -0.171249 -0.140840 0.325596
v -0.144249 -0.140840 0.337450
v -0.170111 -0.138138 0.323257
v -0.143298 -0.138138 0.335029
v -0.144249 -0.159887 0.337450
v -0.116402 -0.159887 0.347149
v -0.143298 -0.159887 0.335029
v -0.115644 -0.159887 0.344661
v -0.116402 -0.140840 0.347149
v -0.087880 -0.140840 0.354633
v -0.115644 -0.138138 0.344661
v -0.087319 -0.138138 0.352093
v -0.087880 -0.159887 0.354633
v -0.058859 -0.159887 0.359857
v -0.087319 -0.159887 0.352093
v -0.058499 -0.159887 0.357280
v -0.058859 -0.140840 0.359857
v -0.029518 -0.140840 0.362787
v -0.058499 -0.138138 0.357280
v -0.029361 -0.138138 0.360190
v -0.029518 -0.159887 0.362787
v -0.000037 -0.159887 0.363406
v -0.029361 -0.159887 0.360190
v -0.000084 -0.159887 0.360805
v -0.000037 -0.140840 0.363406
v 0.029401 -0.140840 0.361710
v -0.000084 -0.138138 0.360805
v 0.029150 -0.138138 0.359121
v 0.029401 -0.159887 0.361710
v 0.058616 -0.159887 0.357710
v 0.029150 -0.159887 0.359121
v 0.058163 -0.159887 0.355149
v 0.058616 -0.140840 0.357710
v 0.087427 -0.140840 0.351430
v 0.058163 -0.138138 0.355149
v 0.086774 -0.138138 0.348912
v 0.087427 -0.159887 0.351430
v 0.115657 -0.159887 0.342908
v 0.086774 -0.159887 0.348912
v 0.114808 -0.159887 0.340450
v 0.115657 -0.140840 0.342908
v 0.143131 -0.140840 0.332199
v 0.114808 -0.138138 0.340450
v 0.142091 -0.138138 0.329814
v 0.143131 -0.159887 0.332199
v 0.169679 -0.159887 0.319366
v 0.142091 -0.159887 0.329814
v 0.168456 -0.159887 0.317070
v 0.169679 -0.140840 0.319366
v 0.195139 -0.140840 0.304490
v 0.168456 -0.138138 0.317070
v 0.193740 -0.138138 0.302298
v 0.195139 -0.159887 0.304490
v 0.219354 -0.159887 0.287663
v 0.193740 -0.159887 0.302298
v 0.217787 -0.159887 0.285587
v 0.219354 -0.140840 0.287663
v 0.242173 -0.140840 0.268987
v 0.217787 -0.138138 0.285587
v 0.240448 -0.138138 0.267040
v 0.242173 -0.159887 0.268987
v 0.263457 -0.159887 0.248579
v 0.240448 -0.159887 0.267040
v 0.261585 -0.159887 0.246774
v 0.263457 -0.140840 0.248579
v 0.283074 -0.140840 0.226564
v 0.261585 -0.138138 0.246774
v 0.281066 -0.138138 0.224911
v 0.283074 -0.159887 0.226564
v 0.300904 -0.159887 0.203077
v 0.281066 -0.159887 0.224911
v 0.298772 -0.159887 0.201587
v 0.300904 -0.140840 0.203077
v 0.316835 -0.140840 0.178264
v 0.298772 -0.138138 0.201587
v 0.314593 -0.138138 0.176946
v 0.316835 -0.159887 0.178264
v 0.330771 -0.159887 0.152277
v 0.314593 -0.159887 0.176946
v 0.328432 -0.159887 0.151139
v 0.330771 -0.140840 0.152277
v 0.342625 -0.140840 0.125277
v 0.328432 -0.138138 0.151139
v 0.340204 -0.138138 0.124326
v 0.342625 -0.159887 0.125277
v 0.352324 -0.159887 0.097431
v 0.340204 -0.159887 0.124326
v 0.349836 -0.159887 0.096672
v 0.352324 -0.140840 0.097431
v 0.359808 -0.140840 0.068909
v 0.349836 -0.138138 0.096672
v 0.357268 -0.138138 0.068348
v 0.359808 -0.159887 0.068909
v 0.365032 -0.159887 0.039888
v 0.357268 -0.159887 0.068348
v 0.362455 -0.159887 0.039528
v 0.365032 -0.140840 0.039888
v 0.367962 -0.140840 0.010547
v 0.362455 -0.138138 0.039528
v 0.365365 -0.138138 0.010390
v 0.367962 -0.159887 0.010547
v 0.368581 -0.159887 -0.018934
v 0.365365 -0.159887 0.010390
v 0.365980 -0.159887 -0.018887
v 0.368581 -0.140840 -0.018934
v 0.366885 -0.140840 -0.048373
v 0.365980 -0.138138 -0.018887
v 0.364296 -0.138138 -0.048122
v 0.366885 -0.159887 -0.048373
v 0.362885 -0.159887 -0.077588
v 0.364296 -0.159887 -0.048122
v 0.360323 -0.159887 -0.077134
v 0.362885 -0.140840 -0.077588
v 0.356605 -0.140840 -0.106399
v 0.360323 -0.138138 -0.077134
v 0.354087 -0.138138 -0.105745
v 0.356605 -0.159887 -0.106399
v 0.348083 -0.159887 -0.134628
v 0.354087 -0.159887 -0.105745
v 0.345624 -0.159887 -0.133779
v 0.348083 -0.140840 -0.134628
v 0.337374 -0.140840 -0.162102
v 0.345624 -0.138138 -0.133779
v 0.334989 -0.138138 -0.161063
v 0.337374 -0.159887 -0.162102
v 0.324541 -0.159887 -0.188651
v 0.334989 -0.159887 -0.161063
v 0.322246 -0.159887 -0.187427
v 0.324541 -0.140840 -0.188651
v 0.309665 -0.140840 -0.214111
v 0.322246 -0.138138 -0.187427
v 0.307473 -0.138138 -0.212711
v 0.309665 -0.159887 -0.214111
v 0.292838 -0.159887 -0.238325
v 0.307473 -0.159887 -0.212711
v 0.290762 -0.159887 -0.236758
v 0.292838 -0.140840 -0.238325
v 0.274162 -0.140840 -0.261145
v 0.290762 -0.138138 -0.236758
v 0.272216 -0.138138 -0.259419
v 0.274162 -0.159887 -0.261145
v 0.253754 -0.159887 -0.282429
v 0.272215 -0.159887 -0.259419
v 0.251949 -0.159887 -0.280556
v 0.253754 -0.140840 -0.282429
v 0.231739 -0.140840 -0.302046
v 0.251949 -0.138138 -0.280556
v 0.230086 -0.138138 -0.300037
v 0.231739 -0.159887 -0.302046
v 0.208252 -0.159887 -0.319875
v 0.230086 -0.159887 -0.300037
v 0.206762 -0.159887 -0.317743
v 0.208252 -0.140840 -0.319875
v 0.183439 -0.140840 -0.335807
v 0.206762 -0.138138 -0.317743
v 0.182120 -0.138138 -0.333564
v 0.183439 -0.159887 -0.335807
v 0.157453 -0.159887 -0.349743
v 0.182120 -0.159887 -0.333564
v 0.156314 -0.159887 -0.347404
v 0.157453 -0.140840 -0.349743
v 0.130453 -0.140840 -0.361597
v 0.156314 -0.138138 -0.347404
v 0.129502 -0.138138 -0.359176
v 0.130453 -0.183156 -0.361597
v 0.102606 -0.183156 -0.371296
v 0.074085 -0.183156 -0.378780
v 0.045063 -0.183156 -0.384004
v 0.015722 -0.183156 -0.386934
v -0.013759 -0.183156 -0.387553
v -0.043198 -0.183156 -0.385857
v -0.072413 -0.183156 -0.381857
v -0.101224 -0.183156 -0.375577
v -0.129453 -0.183156 -0.367056
v -0.156927 -0.183156 -0.356346
v -0.183475 -0.183156 -0.343513
v -0.208936 -0.183156 -0.328638
v -0.233150 -0.183156 -0.311810
v -0.255970 -0.183156 -0.293135
v -0.277254 -0.183156 -0.272726
v -0.296871 -0.183156 -0.250711
v -0.314701 -0.183156 -0.227224
v -0.330632 -0.183156 -0.202411
v -0.344568 -0.183156 -0.176424
v -0.356422 -0.183156 -0.149424
v -0.366121 -0.183156 -0.121578
v -0.373605 -0.183156 -0.093056
v -0.378828 -0.183156 -0.064035
v -0.381759 -0.183156 -0.034693
v -0.382378 -0.183156 -0.005212
v -0.380682 -0.183156 0.024227
v -0.376682 -0.183156 0.053441
v -0.370401 -0.183156 0.082252
v -0.361880 -0.183156 0.110482
v -0.351170 -0.183156 0.137956
v -0.338338 -0.183156 0.164504
v -0.323462 -0.183156 0.189964
v -0.306634 -0.183156 0.214179
v -0.287959 -0.183156 0.236998
v -0.267550 -0.183156 0.258282
v -0.245535 -0.183156 0.277899
v -0.222049 -0.183156 0.295729
v -0.197236 -0.183156 0.311660
v -0.171249 -0.183156 0.325596
v -0.144249 -0.183156 0.337450
v -0.116402 -0.183156 0.347149
v -0.087880 -0.183156 0.354633
v -0.058859 -0.183156 0.359857
v -0.029518 -0.183156 0.362787
v -0.000037 -0.183156 0.363406
v 0.029401 -0.183156 0.361710
v 0.058616 -0.183156 0.357710
v 0.087427 -0.183156 0.351430
v 0.115657 -0.183156 0.342908
v 0.143131 -0.183156 0.332199
v 0.169679 -0.183156 0.319366
v 0.195139 -0.183156 0.304490
v 0.219354 -0.183156 0.287663
v 0.242173 -0.183156 0.268987
v 0.263457 -0.183156 0.248579
v 0.283074 -0.183156 0.226564
v 0.300904 -0.183156 0.203077
v 0.316835 -0.183156 0.178264
v 0.330771 -0.183156 0.152277
v 0.342625 -0.183156 0.125277
v 0.352324 -0.183156 0.097431
v 0.359808 -0.183156 0.068909
v 0.365032 -0.183156 0.039888
v 0.367962 -0.183156 0.010547
v 0.368581 -0.183156 -0.018934
v 0.366885 -0.183156 -0.048373
v 0.362885 -0.183156 -0.077588
v 0.356605 -0.183156 -0.106399
v 0.348083 -0.183156 -0.134628
v 0.337374 -0.183156 -0.162102
v 0.324541 -0.183156 -0.188651
v 0.309665 -0.183156 -0.214111
v 0.292838 -0.183156 -0.238325
v 0.274162 -0.183156 -0.261145
v 0.253754 -0.183156 -0.282429
v 0.231739 -0.183156 -0.302046
v 0.208252 -0.183156 -0.319875
v 0.183439 -0.183156 -0.335807
v 0.157453 -0.183156 -0.349743
v -0.285773 -0.159887 0.084206
v -0.285773 -0.112808 0.084206
v -0.292468 -0.159887 0.062029
v -0.292468 -0.112808 0.062029
v -0.267279 -0.159887 0.126647
v -0.267279 -0.112808 0.126647
v -0.277360 -0.159887 0.105790
v -0.277360 -0.112808 0.105790
v -0.297402 -0.159887 0.039395
v -0.297402 -0.112808 0.039395
v -0.300544 -0.159887 0.016444
v -0.300544 -0.112808 0.016444
v -0.301877 -0.159887 -0.006683
v -0.301877 -0.112808 -0.006683
v -0.301390 -0.159887 -0.029844
v -0.301390 -0.112808 -0.029844
v -0.299088 -0.159887 -0.052894
v -0.299088 -0.112808 -0.052894
v -0.294984 -0.159887 -0.075693
v -0.294984 -0.112808 -0.075693
v -0.289105 -0.159887 -0.098100
v -0.289105 -0.112808 -0.098100
v -0.281485 -0.159887 -0.119977
v -0.281485 -0.112808 -0.119977
v -0.272173 -0.159887 -0.141188
v -0.272173 -0.112808 -0.141188
v -0.261225 -0.159887 -0.161603
v -0.261225 -0.112808 -0.161603
v -0.248709 -0.159887 -0.181096
v -0.248709 -0.112808 -0.181096
v -0.234702 -0.159887 -0.199548
v -0.234702 -0.112808 -0.199548
v -0.219291 -0.159887 -0.216843
v -0.219291 -0.112808 -0.216843
v -0.202570 -0.159887 -0.232876
v -0.202570 -0.112808 -0.232876
v -0.184643 -0.159887 -0.247548
v -0.184643 -0.112808 -0.247548
v -0.165620 -0.159887 -0.260767
v -0.165620 -0.112808 -0.260767
v -0.145618 -0.159887 -0.272454
v -0.145618 -0.112808 -0.272454
v -0.124761 -0.159887 -0.282535
v -0.124761 -0.112808 -0.282535
v -0.103178 -0.159887 -0.290949
v -0.103178 -0.112808 -0.290949
v -0.081001 -0.159887 -0.297643
v -0.081001 -0.112808 -0.297643
v -0.058367 -0.159887 -0.302577
v -0.058367 -0.112808 -0.302577
v -0.035416 -0.159887 -0.305719
v -0.035416 -0.112808 -0.305719
v -0.012288 -0.159887 -0.307052
v -0.012288 -0.112808 -0.307052
v 0.010872 -0.159887 -0.306565
v 0.010872 -0.112808 -0.306565
v 0.033923 -0.159887 -0.304263
v 0.033923 -0.112808 -0.304263
v 0.056722 -0.159887 -0.300160
v 0.056722 -0.112808 -0.300160
v 0.079129 -0.159887 -0.294280
v 0.079129 -0.112808 -0.294280
v 0.101005 -0.159887 -0.286661
v 0.101005 -0.112808 -0.286661
v 0.162125 -0.159887 -0.253884
v 0.162125 -0.112808 -0.253884
v 0.180576 -0.159887 -0.239877
v 0.180576 -0.112808 -0.239877
v 0.122217 -0.159887 -0.277348
v 0.122217 -0.112808 -0.277348
v 0.142632 -0.159887 -0.266400
v 0.142632 -0.112808 -0.266400
v 0.197871 -0.159887 -0.224466
v 0.197871 -0.112808 -0.224466
v 0.213904 -0.159887 -0.207745
v 0.213904 -0.112808 -0.207745
v 0.228575 -0.159887 -0.189818
v 0.228575 -0.112808 -0.189818
v 0.241795 -0.159887 -0.170795
v 0.241795 -0.112808 -0.170795
v 0.253482 -0.159887 -0.150793
v 0.253482 -0.112808 -0.150793
v 0.263563 -0.159887 -0.129936
v 0.263563 -0.112808 -0.129936
v 0.271977 -0.159887 -0.108353
v 0.271977 -0.112808 -0.108353
v 0.278671 -0.159887 -0.086176
v 0.278671 -0.112808 -0.086176
v 0.283605 -0.159887 -0.063542
v 0.283605 -0.112808 -0.063542
v 0.286747 -0.159887 -0.040591
v 0.286747 -0.112808 -0.040591
v 0.288080 -0.159887 -0.017463
v 0.288080 -0.112808 -0.017463
v 0.287593 -0.159887 0.005697
v 0.287593 -0.112808 0.005697
v 0.285291 -0.159887 0.028747
v 0.285291 -0.112808 0.028747
v 0.281188 -0.159887 0.051547
v 0.281188 -0.112808 0.051547
v 0.275308 -0.159887 0.073954
v 0.275308 -0.112808 0.073954
v 0.267689 -0.159887 0.095830
v 0.267689 -0.112808 0.095830
v 0.258376 -0.159887 0.117041
v 0.258376 -0.112808 0.117041
v 0.247428 -0.159887 0.137456
v 0.247428 -0.112808 0.137456
v 0.234912 -0.159887 0.156950
v 0.234912 -0.112808 0.156950
v 0.220905 -0.159887 0.175401
v 0.220905 -0.112808 0.175401
v 0.205494 -0.159887 0.192696
v 0.205494 -0.112808 0.192696
v 0.188773 -0.159887 0.208729
v 0.188773 -0.112808 0.208729
v 0.170846 -0.159887 0.223401
v 0.170846 -0.112808 0.223401
v 0.151823 -0.159887 0.236620
v 0.151823 -0.112808 0.236620
v 0.131822 -0.159887 0.248307
v 0.131822 -0.112808 0.248307
v 0.110965 -0.159887 0.258388
v 0.110965 -0.112808 0.258388
v 0.089381 -0.159887 0.266802
v 0.089381 -0.112808 0.266802
v 0.067204 -0.159887 0.273496
v 0.067204 -0.112808 0.273496
v 0.044570 -0.159887 0.278430
v 0.044570 -0.112808 0.278430
v 0.021619 -0.159887 0.281573
v 0.021619 -0.112808 0.281573
v -0.001508 -0.159887 0.282905
v -0.001508 -0.112808 0.282905
v -0.024668 -0.159887 0.282418
v -0.024668 -0.112808 0.282418
v -0.047719 -0.159887 0.280116
v -0.047719 -0.112808 0.280116
v -0.070518 -0.159887 0.276013
v -0.070518 -0.112808 0.276013
v -0.092925 -0.159887 0.270133
v -0.092925 -0.112808 0.270133
v -0.114802 -0.159887 0.262513
v -0.114802 -0.112808 0.262513
v -0.136013 -0.159887 0.253201
v -0.136013 -0.112808 0.253201
v -0.156428 -0.159887 0.242253
v -0.156428 -0.112808 0.242253
v -0.175921 -0.112808 0.229737
v -0.194372 -0.112808 0.215730
v -0.175921 -0.159887 0.229737
v -0.194372 -0.159887 0.215730
v -0.211668 -0.112808 0.200319
v -0.227701 -0.112808 0.183598
v -0.211668 -0.159887 0.200319
v -0.227701 -0.159887 0.183598
v -0.242372 -0.112808 0.165671
v -0.255592 -0.112808 0.146648
v -0.242372 -0.159887 0.165671
v -0.255592 -0.159887 0.146648
v -0.336385 -0.112822 0.101679
v -0.326444 -0.112822 0.127180
v -0.336384 -0.159887 0.101680
v -0.344294 -0.159887 0.075477
v -0.344294 -0.112822 0.075477
v -0.350123 -0.112822 0.048736
v -0.350123 -0.159887 0.048736
v -0.353835 -0.159887 0.021619
v -0.353836 -0.112822 0.021619
v -0.355410 -0.112822 -0.005705
v -0.355410 -0.159887 -0.005705
v -0.354835 -0.159887 -0.033069
v -0.354835 -0.112822 -0.033069
v -0.352115 -0.112822 -0.060303
v -0.352115 -0.159887 -0.060303
v -0.347267 -0.159887 -0.087240
v -0.347267 -0.112822 -0.087240
v -0.340320 -0.112822 -0.113713
v -0.340320 -0.159887 -0.113713
v -0.331318 -0.159887 -0.139559
v -0.331318 -0.112822 -0.139559
v -0.320316 -0.112822 -0.164620
v -0.320316 -0.159887 -0.164620
v -0.307381 -0.159887 -0.188741
v -0.307381 -0.112822 -0.188741
v -0.292593 -0.112822 -0.211771
v -0.292593 -0.159887 -0.211771
v -0.276044 -0.159887 -0.233571
v -0.276044 -0.112822 -0.233571
v -0.257837 -0.112822 -0.254006
v -0.257836 -0.159887 -0.254005
v -0.238081 -0.159887 -0.272948
v -0.238081 -0.112822 -0.272948
v -0.216900 -0.112822 -0.290283
v -0.216900 -0.159887 -0.290283
v -0.194425 -0.159887 -0.305901
v -0.194425 -0.112822 -0.305901
v -0.170793 -0.112822 -0.319709
v -0.170794 -0.159887 -0.319709
v -0.146151 -0.159887 -0.331619
v -0.146151 -0.112822 -0.331619
v -0.120651 -0.112822 -0.341559
v -0.120651 -0.159887 -0.341559
v -0.094448 -0.159887 -0.349470
v -0.094448 -0.112822 -0.349470
v -0.067707 -0.112822 -0.355298
v -0.067707 -0.159887 -0.355298
v -0.040591 -0.159887 -0.359012
v -0.040591 -0.112822 -0.359012
v -0.013266 -0.112822 -0.360586
v -0.013266 -0.159887 -0.360586
v 0.014097 -0.159887 -0.360010
v 0.014097 -0.112822 -0.360010
v 0.041331 -0.112822 -0.357291
v 0.041331 -0.159887 -0.357291
v 0.068268 -0.159887 -0.352443
v 0.068268 -0.112822 -0.352443
v 0.094742 -0.112822 -0.345496
v 0.094742 -0.159887 -0.345496
v 0.120588 -0.159887 -0.336494
v 0.120588 -0.112822 -0.336494
v 0.145649 -0.112822 -0.325491
v 0.145649 -0.159887 -0.325491
v 0.169769 -0.159887 -0.312556
v 0.169768 -0.112822 -0.312556
v 0.192799 -0.112822 -0.297768
v 0.192799 -0.159887 -0.297768
v 0.214599 -0.159887 -0.281220
v 0.214599 -0.112822 -0.281220
v 0.235033 -0.112822 -0.263011
v 0.235033 -0.159887 -0.263011
v 0.253975 -0.159887 -0.243255
v 0.253975 -0.112822 -0.243255
v 0.271310 -0.112822 -0.222075
v 0.271310 -0.159887 -0.222075
v 0.286929 -0.159887 -0.199600
v 0.286929 -0.112822 -0.199600
v 0.300736 -0.112822 -0.175969
v 0.300736 -0.159887 -0.175969
v 0.312647 -0.159887 -0.151327
v 0.312647 -0.112822 -0.151327
v 0.322587 -0.112822 -0.125825
v 0.322587 -0.159887 -0.125825
v 0.330497 -0.159887 -0.099624
v 0.330497 -0.112822 -0.099624
v 0.336326 -0.112822 -0.072883
v 0.336326 -0.159887 -0.072883
v 0.340039 -0.159887 -0.045766
v 0.340039 -0.112822 -0.045765
v 0.341613 -0.112822 -0.018442
v 0.341613 -0.159887 -0.018442
v 0.341038 -0.159887 0.008922
v 0.341038 -0.112822 0.008922
v 0.338319 -0.112822 0.036156
v 0.338319 -0.159887 0.036156
v 0.333470 -0.159887 0.063093
v 0.333470 -0.112822 0.063093
v 0.326524 -0.112822 0.089566
v 0.326524 -0.159887 0.089566
v 0.317522 -0.159887 0.115412
v 0.317522 -0.112822 0.115412
v 0.306519 -0.112822 0.140473
v 0.306519 -0.159887 0.140473
v 0.293584 -0.159887 0.164594
v 0.293584 -0.112822 0.164594
v 0.278797 -0.112822 0.187624
v 0.278797 -0.159887 0.187624
v 0.262248 -0.159887 0.209424
v 0.262248 -0.112822 0.209424
v 0.244040 -0.112822 0.229858
v 0.244040 -0.159887 0.229858
v 0.224284 -0.159887 0.248801
v 0.224284 -0.112822 0.248801
v 0.203104 -0.112822 0.266135
v 0.203104 -0.159887 0.266135
v 0.180629 -0.159887 0.281754
v 0.180629 -0.112822 0.281754
v 0.156997 -0.112822 0.295561
v 0.156997 -0.159887 0.295561
v 0.132355 -0.159887 0.307472
v 0.132355 -0.112822 0.307472
v 0.106854 -0.112822 0.317413
v 0.106854 -0.159887 0.317413
v 0.080652 -0.159887 0.325322
v 0.080652 -0.112822 0.325322
v 0.053911 -0.112822 0.331151
v 0.053911 -0.159887 0.331151
v 0.026794 -0.159887 0.334864
v 0.026794 -0.112822 0.334864
v -0.000530 -0.112822 0.336438
v -0.000530 -0.159887 0.336438
v -0.027893 -0.159887 0.335863
v -0.027893 -0.112822 0.335863
v -0.055128 -0.112822 0.333144
v -0.055128 -0.159887 0.333144
v -0.082064 -0.159887 0.328295
v -0.082064 -0.112822 0.328295
v -0.108537 -0.112822 0.321349
v -0.108537 -0.159887 0.321349
v -0.134384 -0.159887 0.312347
v -0.134384 -0.112822 0.312346
v -0.159445 -0.112822 0.301344
v -0.159445 -0.159887 0.301344
v -0.183565 -0.159887 0.288409
v -0.183565 -0.112822 0.288409
v -0.206596 -0.112822 0.273622
v -0.206596 -0.159887 0.273622
v -0.228396 -0.159887 0.257073
v -0.228396 -0.112822 0.257073
v -0.248830 -0.112822 0.238865
v -0.248830 -0.159887 0.238865
v -0.267772 -0.159887 0.219109
v -0.267772 -0.112822 0.219109
v -0.285107 -0.112822 0.197929
v -0.285107 -0.159887 0.197929
v -0.300726 -0.159887 0.175453
v -0.300726 -0.112822 0.175453
v -0.314533 -0.112822 0.151822
v -0.314533 -0.159887 0.151822
v -0.326444 -0.159887 0.127180
v -0.338400 -0.159887 0.102375
v -0.338400 -0.115037 0.102375
v -0.346357 -0.159887 0.076013
v -0.346358 -0.115037 0.076013
v -0.352222 -0.115037 0.049108
v -0.352222 -0.159887 0.049108
v -0.355958 -0.159887 0.021825
v -0.355958 -0.115037 0.021825
v -0.357542 -0.115037 -0.005666
v -0.357542 -0.159887 -0.005666
v -0.356964 -0.159887 -0.033197
v -0.356964 -0.115037 -0.033197
v -0.354227 -0.115037 -0.060598
v -0.354227 -0.159887 -0.060598
v -0.349349 -0.159887 -0.087700
v -0.349349 -0.115037 -0.087699
v -0.342360 -0.115037 -0.114335
v -0.342360 -0.159887 -0.114335
v -0.333303 -0.159887 -0.140339
v -0.333303 -0.115037 -0.140339
v -0.322233 -0.115037 -0.165553
v -0.322233 -0.159887 -0.165553
v -0.309219 -0.159887 -0.189821
v -0.309219 -0.115037 -0.189821
v -0.294341 -0.115037 -0.212993
v -0.294341 -0.159887 -0.212993
v -0.277691 -0.159887 -0.234926
v -0.277691 -0.115037 -0.234926
v -0.259372 -0.115037 -0.255486
v -0.259371 -0.159887 -0.255485
v -0.239495 -0.159887 -0.274544
v -0.239495 -0.115037 -0.274544
v -0.218185 -0.115037 -0.291985
v -0.218185 -0.159887 -0.291985
v -0.195572 -0.159887 -0.307698
v -0.195572 -0.115037 -0.307698
v -0.171796 -0.115037 -0.321591
v -0.171796 -0.159887 -0.321591
v -0.147003 -0.159887 -0.333574
v -0.147003 -0.115037 -0.333574
v -0.121347 -0.115037 -0.343575
v -0.121347 -0.159887 -0.343575
v -0.094984 -0.159887 -0.351534
v -0.094984 -0.115037 -0.351534
v -0.068079 -0.115037 -0.357398
v -0.068079 -0.159887 -0.357398
v -0.040797 -0.159887 -0.361134
v -0.040797 -0.115037 -0.361134
v -0.013305 -0.115037 -0.362718
v -0.013305 -0.159887 -0.362718
v 0.014225 -0.159887 -0.362138
v 0.014225 -0.115037 -0.362138
v 0.041627 -0.115037 -0.359403
v 0.041627 -0.159887 -0.359403
v 0.068728 -0.159887 -0.354525
v 0.068728 -0.115037 -0.354525
v 0.095363 -0.115037 -0.347536
v 0.095363 -0.159887 -0.347536
v 0.121368 -0.159887 -0.338479
v 0.121368 -0.115037 -0.338478
v 0.146582 -0.115037 -0.327409
v 0.146582 -0.159887 -0.327409
v 0.170849 -0.159887 -0.314394
v 0.170849 -0.115037 -0.314394
v 0.194021 -0.115037 -0.299516
v 0.194021 -0.159887 -0.299516
v 0.215954 -0.159887 -0.282866
v 0.215954 -0.115037 -0.282866
v 0.236513 -0.115037 -0.264546
v 0.236513 -0.159887 -0.264546
v 0.255571 -0.159887 -0.244670
v 0.255572 -0.115037 -0.244669
v 0.273012 -0.115037 -0.223360
v 0.273012 -0.159887 -0.223360
v 0.288727 -0.159887 -0.200747
v 0.288727 -0.115037 -0.200747
v 0.302618 -0.115037 -0.176971
v 0.302618 -0.159887 -0.176971
v 0.314602 -0.159887 -0.152179
v 0.314602 -0.115037 -0.152179
v 0.324603 -0.115037 -0.126521
v 0.324603 -0.159887 -0.126521
v 0.332561 -0.159887 -0.100160
v 0.332561 -0.115037 -0.100160
v 0.338426 -0.115037 -0.073255
v 0.338426 -0.159887 -0.073255
v 0.342162 -0.159887 -0.045972
v 0.342161 -0.115037 -0.045972
v 0.343745 -0.115037 -0.018481
v 0.343745 -0.159887 -0.018481
v 0.343166 -0.159887 0.009051
v 0.343166 -0.115037 0.009051
v 0.340430 -0.115037 0.036451
v 0.340430 -0.159887 0.036451
v 0.335553 -0.159887 0.063553
v 0.335553 -0.115037 0.063553
v 0.328563 -0.115037 0.090188
v 0.328563 -0.159887 0.090188
v 0.319506 -0.159887 0.116192
v 0.319506 -0.115037 0.116192
v 0.308436 -0.115037 0.141406
v 0.308436 -0.159887 0.141406
v 0.295422 -0.159887 0.165674
v 0.295422 -0.115037 0.165674
v 0.280544 -0.115037 0.188846
v 0.280544 -0.159887 0.188846
v 0.263895 -0.159887 0.210779
v 0.263894 -0.115037 0.210779
v 0.245575 -0.115037 0.231338
v 0.245575 -0.159887 0.231338
v 0.225698 -0.159887 0.250397
v 0.225698 -0.115037 0.250397
v 0.204389 -0.115037 0.267837
v 0.204389 -0.159887 0.267837
v 0.181776 -0.159887 0.283551
v 0.181776 -0.115037 0.283551
v 0.158000 -0.115037 0.297443
v 0.158000 -0.159887 0.297443
v 0.133207 -0.159887 0.309427
v 0.133207 -0.115037 0.309427
v 0.107550 -0.115037 0.319428
v 0.107550 -0.159887 0.319428
v 0.081188 -0.159887 0.327386
v 0.081188 -0.115037 0.327386
v 0.054283 -0.115037 0.333251
v 0.054283 -0.159887 0.333251
v 0.027000 -0.159887 0.336986
v 0.027000 -0.115037 0.336987
v -0.000491 -0.115037 0.338570
v -0.000491 -0.159887 0.338570
v -0.028022 -0.159887 0.337992
v -0.028022 -0.115037 0.337992
v -0.055423 -0.115037 0.335256
v -0.055422 -0.159887 0.335256
v -0.082524 -0.159887 0.330377
v -0.082524 -0.115037 0.330378
v -0.109159 -0.115037 0.323388
v -0.109159 -0.159887 0.323388
v -0.135164 -0.159887 0.314331
v -0.135164 -0.115037 0.314331
v -0.160378 -0.115037 0.303261
v -0.160378 -0.159887 0.303261
v -0.184646 -0.159887 0.290247
v -0.184646 -0.115037 0.290247
v -0.207818 -0.115037 0.275369
v -0.207818 -0.159887 0.275369
v -0.229751 -0.159887 0.258719
v -0.229751 -0.115037 0.258719
v -0.250310 -0.115037 0.240400
v -0.250310 -0.159887 0.240400
v -0.269368 -0.159887 0.220523
v -0.269368 -0.115037 0.220523
v -0.286808 -0.115037 0.199214
v -0.286808 -0.159887 0.199214
v -0.302523 -0.159887 0.176601
v -0.302523 -0.115037 0.176600
v -0.316415 -0.115037 0.152825
v -0.316415 -0.159887 0.152825
v -0.328398 -0.159887 0.128032
v -0.328398 -0.115037 0.128032
v 0.077631 -0.118785 -0.227177
v 0.079508 -0.112788 -0.231955
v 0.060493 -0.118785 -0.233146
v 0.061990 -0.112788 -0.238056
v 0.096493 -0.112788 -0.224498
v 0.094247 -0.118785 -0.219882
v 0.112841 -0.112788 -0.215730
v 0.110239 -0.118785 -0.211306
v 0.042940 -0.118785 -0.237752
v 0.044047 -0.112788 -0.242764
v 0.025080 -0.118785 -0.240967
v 0.025790 -0.112788 -0.246050
v 0.007022 -0.118785 -0.242770
v 0.007332 -0.112788 -0.247894
v -0.011121 -0.118785 -0.243151
v -0.011214 -0.112788 -0.248283
v -0.029238 -0.118785 -0.242107
v -0.029734 -0.112788 -0.247217
v -0.047217 -0.118785 -0.239645
v -0.048113 -0.112788 -0.244700
v -0.064948 -0.118785 -0.235781
v -0.066237 -0.112788 -0.240749
v -0.082321 -0.118785 -0.230537
v -0.083996 -0.112788 -0.235388
v -0.099229 -0.118785 -0.223945
v -0.101279 -0.112788 -0.228651
v -0.115568 -0.118785 -0.216048
v -0.117981 -0.112788 -0.220579
v -0.131236 -0.118785 -0.206893
v -0.133997 -0.112788 -0.211220
v -0.146138 -0.118785 -0.196537
v -0.149231 -0.112788 -0.200634
v -0.160182 -0.118785 -0.185044
v -0.163586 -0.112788 -0.188886
v -0.173280 -0.118785 -0.172484
v -0.176976 -0.112788 -0.176047
v -0.185353 -0.118785 -0.158936
v -0.189317 -0.112788 -0.162197
v -0.196326 -0.118785 -0.144482
v -0.200533 -0.112788 -0.147422
v -0.206131 -0.118785 -0.129211
v -0.210556 -0.112788 -0.131812
v -0.214707 -0.118785 -0.113218
v -0.219322 -0.112788 -0.115464
v -0.222002 -0.118785 -0.096602
v -0.226779 -0.112788 -0.098479
v -0.227971 -0.118785 -0.079464
v -0.232881 -0.112788 -0.080961
v -0.232577 -0.118785 -0.061912
v -0.237589 -0.112788 -0.063018
v -0.235791 -0.118785 -0.044051
v -0.240875 -0.112788 -0.044762
v -0.237595 -0.118785 -0.025994
v -0.242719 -0.112788 -0.026303
v -0.237976 -0.118785 -0.007851
v -0.243108 -0.112788 -0.007757
v -0.236932 -0.118785 0.010266
v -0.242041 -0.112788 0.010762
v -0.234470 -0.118785 0.028246
v -0.239524 -0.112788 0.029141
v -0.230606 -0.118785 0.045976
v -0.235574 -0.112788 0.047266
v -0.225361 -0.118785 0.063349
v -0.230213 -0.112788 0.065024
v -0.218770 -0.118785 0.080257
v -0.223476 -0.112788 0.082308
v -0.210873 -0.118785 0.096596
v -0.215403 -0.112788 0.099009
v -0.201718 -0.118785 0.112264
v -0.206045 -0.112788 0.115026
v -0.191362 -0.118785 0.127167
v -0.195459 -0.112788 0.130259
v -0.179868 -0.118785 0.141210
v -0.183710 -0.112788 0.144615
v -0.167309 -0.118785 0.154309
v -0.170871 -0.112788 0.158004
v -0.153760 -0.118785 0.166382
v -0.157022 -0.112788 0.170345
v -0.139306 -0.118785 0.177354
v -0.142247 -0.112788 0.181561
v -0.124035 -0.118785 0.187159
v -0.126637 -0.112788 0.191584
v -0.108043 -0.118785 0.195735
v -0.110289 -0.112788 0.200351
v -0.091427 -0.118785 0.203030
v -0.093304 -0.112788 0.207808
v -0.074289 -0.118785 0.208999
v -0.075786 -0.112788 0.213909
v -0.056736 -0.118785 0.213605
v -0.057843 -0.112788 0.218618
v -0.038876 -0.118785 0.216820
v -0.039586 -0.112788 0.221903
v -0.020819 -0.118785 0.218623
v -0.021128 -0.112788 0.223747
v -0.002676 -0.118785 0.219004
v -0.002582 -0.112788 0.224136
v 0.015441 -0.118785 0.217960
v 0.015938 -0.112788 0.223069
v 0.033421 -0.118785 0.215499
v 0.034316 -0.112788 0.220553
v 0.051152 -0.118785 0.211634
v 0.052441 -0.112788 0.216602
v 0.068525 -0.118785 0.206390
v 0.070200 -0.112788 0.211242
v 0.085432 -0.118785 0.199799
v 0.087483 -0.112788 0.204504
v 0.101771 -0.118785 0.191901
v 0.104185 -0.112788 0.196431
v 0.117440 -0.118785 0.182746
v 0.120201 -0.112788 0.187073
v 0.132342 -0.118785 0.172390
v 0.135434 -0.112788 0.176487
v 0.146385 -0.118785 0.160897
v 0.149790 -0.112788 0.164739
v 0.159484 -0.118785 0.148337
v 0.163179 -0.112788 0.151900
v 0.171557 -0.118785 0.134789
v 0.175520 -0.112788 0.138050
v 0.182529 -0.118785 0.120334
v 0.186736 -0.112788 0.123275
v 0.192334 -0.118785 0.105064
v 0.196759 -0.112788 0.107665
v 0.200910 -0.118785 0.089071
v 0.205526 -0.112788 0.091318
v 0.208206 -0.118785 0.072455
v 0.212983 -0.112788 0.074332
v 0.214174 -0.118785 0.055318
v 0.219084 -0.112788 0.056814
v 0.218780 -0.118785 0.037765
v 0.223793 -0.112788 0.038872
v 0.221995 -0.118785 0.019905
v 0.227079 -0.112788 0.020615
v 0.223798 -0.118785 0.001847
v 0.228922 -0.112788 0.002157
v 0.224180 -0.118785 -0.016296
v 0.229311 -0.112788 -0.016390
v 0.223136 -0.118785 -0.034413
v 0.228244 -0.112788 -0.034909
v 0.220674 -0.118785 -0.052392
v 0.225728 -0.112788 -0.053288
v 0.216809 -0.118785 -0.070123
v 0.221777 -0.112788 -0.071412
v 0.211564 -0.118785 -0.087496
v 0.216417 -0.112788 -0.089171
v 0.204974 -0.118785 -0.104404
v 0.209679 -0.112788 -0.106455
v 0.197076 -0.118785 -0.120742
v 0.201606 -0.112788 -0.123156
v 0.187921 -0.118785 -0.136411
v 0.192248 -0.112788 -0.139173
v 0.177566 -0.118785 -0.151313
v 0.181662 -0.112788 -0.154406
v 0.166072 -0.118785 -0.165357
v 0.169914 -0.112788 -0.168761
v 0.153512 -0.118785 -0.178455
v 0.157075 -0.112788 -0.182151
v 0.139964 -0.118785 -0.190528
v 0.143226 -0.112788 -0.194492
v 0.125510 -0.118785 -0.201501
v 0.128450 -0.112788 -0.205708
v 0.110614 -0.240138 -0.211942
v 0.113233 -0.246093 -0.216398
v 0.125933 -0.240138 -0.202106
v 0.128894 -0.246093 -0.206343
v 0.096832 -0.246093 -0.225194
v 0.094570 -0.240138 -0.220547
v 0.079791 -0.246093 -0.232676
v 0.077901 -0.240138 -0.227865
v 0.140433 -0.240138 -0.191099
v 0.143718 -0.246093 -0.195090
v 0.154025 -0.240138 -0.178987
v 0.157613 -0.246093 -0.182708
v 0.166625 -0.240138 -0.165847
v 0.170493 -0.246093 -0.169275
v 0.178156 -0.240138 -0.151759
v 0.182281 -0.246093 -0.154873
v 0.188544 -0.240138 -0.136809
v 0.192901 -0.246093 -0.139589
v 0.197729 -0.240138 -0.121090
v 0.202290 -0.246093 -0.123520
v 0.205651 -0.240138 -0.104699
v 0.210389 -0.246093 -0.106764
v 0.212263 -0.240138 -0.087737
v 0.217149 -0.246093 -0.089424
v 0.217524 -0.240138 -0.070309
v 0.222527 -0.246093 -0.071607
v 0.221402 -0.240138 -0.052521
v 0.226491 -0.246093 -0.053423
v 0.223871 -0.240138 -0.034484
v 0.229016 -0.246093 -0.034984
v 0.224918 -0.240138 -0.016309
v 0.230086 -0.246093 -0.016404
v 0.224536 -0.240138 0.001892
v 0.229695 -0.246093 0.002203
v 0.222727 -0.240138 0.020007
v 0.227846 -0.246093 0.020722
v 0.219502 -0.240138 0.037924
v 0.224549 -0.246093 0.039039
v 0.214881 -0.240138 0.055533
v 0.219826 -0.246093 0.057040
v 0.208893 -0.240138 0.072725
v 0.213704 -0.246093 0.074616
v 0.201575 -0.240138 0.089395
v 0.206222 -0.246093 0.091657
v 0.192971 -0.240138 0.105439
v 0.197427 -0.246093 0.108058
v 0.183135 -0.240138 0.120758
v 0.187372 -0.246093 0.123719
v 0.172128 -0.240138 0.135258
v 0.176118 -0.246093 0.138543
v 0.160016 -0.240138 0.148850
v 0.163737 -0.246093 0.152438
v 0.146876 -0.240138 0.161450
v 0.150303 -0.246093 0.165318
v 0.132787 -0.240138 0.172980
v 0.135901 -0.246093 0.177106
v 0.117837 -0.240138 0.183369
v 0.120618 -0.246093 0.187726
v 0.102119 -0.240138 0.192554
v 0.104549 -0.246093 0.197115
v 0.085728 -0.240138 0.200476
v 0.087793 -0.246093 0.205214
v 0.068766 -0.240138 0.207088
v 0.070452 -0.246093 0.211974
v 0.051337 -0.240138 0.212349
v 0.052635 -0.246093 0.217352
v 0.033550 -0.240138 0.216227
v 0.034451 -0.246093 0.221316
v 0.015513 -0.240138 0.218696
v 0.016013 -0.246093 0.223841
v -0.002662 -0.240138 0.219743
v -0.002568 -0.246093 0.224911
v -0.020863 -0.240138 0.219361
v -0.021174 -0.246093 0.224520
v -0.038978 -0.240138 0.217552
v -0.039694 -0.246093 0.222671
v -0.056895 -0.240138 0.214327
v -0.058010 -0.246093 0.219374
v -0.074505 -0.240138 0.209706
v -0.076012 -0.246093 0.214650
v -0.091697 -0.240138 0.203718
v -0.093587 -0.246093 0.208529
v -0.108366 -0.240138 0.196400
v -0.110628 -0.246093 0.201047
v -0.124410 -0.240138 0.187796
v -0.127030 -0.246093 0.192252
v -0.139729 -0.240138 0.177960
v -0.142691 -0.246093 0.182196
v -0.154230 -0.240138 0.166953
v -0.157514 -0.246093 0.170944
v -0.167822 -0.240138 0.154841
v -0.171409 -0.246093 0.158562
v -0.180422 -0.240138 0.141701
v -0.184290 -0.246093 0.145129
v -0.191952 -0.240138 0.127612
v -0.196077 -0.246093 0.130726
v -0.202341 -0.240138 0.112662
v -0.206698 -0.246093 0.115443
v -0.211525 -0.240138 0.096944
v -0.216087 -0.246093 0.099374
v -0.219448 -0.240138 0.080553
v -0.224186 -0.246093 0.082618
v -0.226060 -0.240138 0.063591
v -0.230945 -0.246093 0.065277
v -0.231321 -0.240138 0.046162
v -0.236324 -0.246093 0.047460
v -0.235198 -0.240138 0.028375
v -0.240287 -0.246093 0.029276
v -0.237668 -0.240138 0.010338
v -0.242812 -0.246093 0.010837
v -0.238715 -0.240138 -0.007837
v -0.243882 -0.246093 -0.007743
v -0.238333 -0.240138 -0.026039
v -0.243492 -0.246093 -0.026350
v -0.236523 -0.240138 -0.044154
v -0.241642 -0.246093 -0.044869
v -0.233299 -0.240138 -0.062071
v -0.238345 -0.246093 -0.063185
v -0.228678 -0.240138 -0.079680
v -0.233622 -0.246093 -0.081187
v -0.222690 -0.240138 -0.096872
v -0.227500 -0.246093 -0.098763
v -0.215371 -0.240138 -0.113542
v -0.220019 -0.246093 -0.115804
v -0.206768 -0.240138 -0.129586
v -0.211223 -0.246093 -0.132205
v -0.196931 -0.240138 -0.144905
v -0.201168 -0.246093 -0.147866
v -0.185924 -0.240138 -0.159405
v -0.189915 -0.246093 -0.162690
v -0.173812 -0.240138 -0.172997
v -0.177534 -0.246093 -0.176585
v -0.160672 -0.240138 -0.185597
v -0.164100 -0.246093 -0.189465
v -0.146584 -0.240138 -0.197127
v -0.149697 -0.246093 -0.201252
v -0.131634 -0.240138 -0.207516
v -0.134414 -0.246093 -0.211873
v -0.115915 -0.240138 -0.216701
v -0.118345 -0.246093 -0.221262
v -0.099524 -0.240138 -0.224623
v -0.101589 -0.246093 -0.229361
v -0.082562 -0.240138 -0.231235
v -0.084249 -0.246093 -0.236121
v -0.065134 -0.240138 -0.236496
v -0.066432 -0.246093 -0.241499
v -0.047346 -0.240138 -0.240373
v -0.048248 -0.246093 -0.245463
v -0.029309 -0.240138 -0.242843
v -0.029809 -0.246093 -0.247988
v -0.011134 -0.240138 -0.243890
v -0.011229 -0.246093 -0.249058
v 0.007067 -0.240138 -0.243508
v 0.007378 -0.246093 -0.248667
v 0.025182 -0.240138 -0.241699
v 0.025898 -0.246093 -0.246818
v 0.043100 -0.240138 -0.238474
v 0.044214 -0.246093 -0.243521
v 0.060709 -0.240138 -0.233853
v 0.062216 -0.246093 -0.238797
v -0.056833 -0.192258 0.214042
v -0.074420 -0.192258 0.209427
v -0.056736 -0.118785 0.213605
v -0.074289 -0.118785 0.208999
v -0.038938 -0.192258 0.217263
v -0.038876 -0.118785 0.216820
v -0.020846 -0.192258 0.219070
v -0.020819 -0.118785 0.218623
v -0.002668 -0.192258 0.219452
v -0.002676 -0.118785 0.219004
v 0.015484 -0.192258 0.218406
v 0.015441 -0.118785 0.217960
v 0.033499 -0.192258 0.215939
v 0.033421 -0.118785 0.215499
v 0.051264 -0.192258 0.212067
v 0.051152 -0.118785 0.211634
v 0.068671 -0.192258 0.206813
v 0.068525 -0.118785 0.206390
v 0.085611 -0.192258 0.200209
v 0.085432 -0.118785 0.199799
v 0.101981 -0.192258 0.192296
v 0.101771 -0.118785 0.191901
v 0.117681 -0.192258 0.183124
v 0.117440 -0.118785 0.182746
v 0.132611 -0.192258 0.172748
v 0.132342 -0.118785 0.172390
v 0.146682 -0.192258 0.161232
v 0.146385 -0.118785 0.160897
v 0.159806 -0.192258 0.148648
v 0.159484 -0.118785 0.148337
v 0.171902 -0.192258 0.135073
v 0.171557 -0.118785 0.134789
v 0.182896 -0.192258 0.120591
v 0.182529 -0.118785 0.120334
v 0.192720 -0.192258 0.105291
v 0.192334 -0.118785 0.105064
v 0.201313 -0.192258 0.089267
v 0.200910 -0.118785 0.089071
v 0.208622 -0.192258 0.072619
v 0.208206 -0.118785 0.072455
v 0.214603 -0.192258 0.055448
v 0.214174 -0.118785 0.055318
v 0.219217 -0.192258 0.037861
v 0.218780 -0.118785 0.037765
v 0.222438 -0.192258 0.019966
v 0.221995 -0.118785 0.019905
v 0.224245 -0.192258 0.001874
v 0.223798 -0.118785 0.001847
v 0.224627 -0.192258 -0.016304
v 0.224180 -0.118785 -0.016296
v 0.223581 -0.192258 -0.034456
v 0.223136 -0.118785 -0.034413
v 0.221114 -0.192258 -0.052470
v 0.220674 -0.118785 -0.052392
v 0.217242 -0.192258 -0.070236
v 0.216809 -0.118785 -0.070123
v 0.211988 -0.192258 -0.087642
v 0.211564 -0.118785 -0.087496
v 0.205384 -0.192258 -0.104583
v 0.204974 -0.118785 -0.104404
v 0.197471 -0.192258 -0.120953
v 0.197076 -0.118785 -0.120742
v 0.188299 -0.192258 -0.136652
v 0.187921 -0.118785 -0.136411
v 0.177923 -0.192258 -0.151583
v 0.177566 -0.118785 -0.151313
v 0.166407 -0.192258 -0.165654
v 0.166072 -0.118785 -0.165357
v 0.153823 -0.192258 -0.178778
v 0.153512 -0.118785 -0.178455
v 0.140248 -0.192258 -0.190874
v 0.139964 -0.118785 -0.190528
v 0.125766 -0.192258 -0.201867
v 0.125510 -0.118785 -0.201501
v 0.110466 -0.192258 -0.211691
v 0.110239 -0.118785 -0.211306
v 0.094443 -0.192258 -0.220285
v 0.094247 -0.118785 -0.219882
v 0.077794 -0.192258 -0.227594
v 0.077631 -0.118785 -0.227177
v 0.060623 -0.192258 -0.233574
v 0.060493 -0.118785 -0.233146
v 0.043037 -0.192258 -0.238189
v 0.042940 -0.118785 -0.237752
v 0.025142 -0.192258 -0.241410
v 0.025080 -0.118785 -0.240967
v 0.007050 -0.192258 -0.243217
v 0.007022 -0.118785 -0.242770
v -0.011129 -0.192258 -0.243599
v -0.011121 -0.118785 -0.243151
v -0.029281 -0.192258 -0.242553
v -0.029238 -0.118785 -0.242107
v -0.047295 -0.192258 -0.240086
v -0.047217 -0.118785 -0.239645
v -0.065061 -0.192258 -0.236214
v -0.064948 -0.118785 -0.235781
v -0.082467 -0.192258 -0.230960
v -0.082321 -0.118785 -0.230537
v -0.099407 -0.192258 -0.224356
v -0.099229 -0.118785 -0.223945
v -0.115778 -0.192258 -0.216443
v -0.115568 -0.118785 -0.216048
v -0.131477 -0.192258 -0.207271
v -0.131236 -0.118785 -0.206893
v -0.146408 -0.192258 -0.196894
v -0.146138 -0.118785 -0.196537
v -0.160479 -0.192258 -0.185379
v -0.160182 -0.118785 -0.185044
v -0.173603 -0.192258 -0.172795
v -0.173280 -0.118785 -0.172484
v -0.185699 -0.192258 -0.159220
v -0.185353 -0.118785 -0.158936
v -0.196693 -0.192258 -0.144738
v -0.196326 -0.118785 -0.144482
v -0.206516 -0.192258 -0.129438
v -0.206131 -0.118785 -0.129211
v -0.215109 -0.192258 -0.113414
v -0.214707 -0.118785 -0.113218
v -0.222418 -0.192258 -0.096766
v -0.222002 -0.118785 -0.096602
v -0.228399 -0.192258 -0.079595
v -0.227971 -0.118785 -0.079464
v -0.233014 -0.192258 -0.062008
v -0.232577 -0.118785 -0.061912
v -0.236234 -0.192258 -0.044113
v -0.235791 -0.118785 -0.044051
v -0.238042 -0.192258 -0.026021
v -0.237595 -0.118785 -0.025994
v -0.238423 -0.192258 -0.007843
v -0.237976 -0.118785 -0.007851
v -0.237378 -0.192258 0.010309
v -0.236932 -0.118785 0.010266
v -0.234911 -0.192258 0.028324
v -0.234470 -0.118785 0.028246
v -0.231038 -0.192258 0.046089
v -0.230606 -0.118785 0.045976
v -0.225784 -0.192258 0.063495
v -0.225361 -0.118785 0.063349
v -0.219180 -0.192258 0.080436
v -0.218770 -0.118785 0.080257
v -0.211268 -0.192258 0.096807
v -0.210873 -0.118785 0.096596
v -0.202095 -0.192258 0.112505
v -0.201718 -0.118785 0.112264
v -0.191719 -0.192258 0.127436
v -0.191362 -0.118785 0.127167
v -0.180203 -0.192258 0.141507
v -0.179868 -0.118785 0.141210
v -0.167619 -0.192258 0.154631
v -0.167309 -0.118785 0.154309
v -0.154044 -0.192258 0.166727
v -0.153760 -0.118785 0.166382
v -0.139562 -0.192258 0.177721
v -0.139306 -0.118785 0.177354
v -0.124262 -0.192258 0.187545
v -0.124035 -0.118785 0.187159
v -0.108239 -0.192258 0.196137
v -0.108043 -0.118785 0.195735
v -0.091590 -0.192258 0.203447
v -0.091427 -0.118785 0.203030
v -0.368886 -0.217991 0.218955
v -0.398553 -0.217991 0.222282
v -0.384397 -0.217991 0.244462
v -0.378959 -0.217991 0.252288
v -0.349644 -0.217991 0.246644
v -0.363106 -0.217991 0.273289
v -0.357070 -0.217991 0.280665
v -0.328288 -0.217991 0.272738
v -0.339619 -0.217991 0.300357
v -0.333023 -0.217991 0.307236
v -0.304952 -0.217991 0.297076
v -0.314080 -0.217991 0.325499
v -0.306965 -0.217991 0.331839
v -0.279777 -0.217991 0.319508
v -0.286648 -0.217991 0.348560
v -0.279057 -0.217991 0.354322
v -0.252921 -0.217991 0.339896
v -0.257490 -0.217991 0.369397
v -0.249471 -0.217991 0.374546
v -0.224547 -0.217991 0.358113
v -0.226787 -0.217991 0.387882
v -0.218389 -0.217991 0.392386
v -0.194832 -0.217991 0.374048
v -0.194730 -0.217991 0.403902
v -0.186003 -0.217991 0.407733
v -0.163958 -0.217991 0.387603
v -0.161514 -0.217991 0.417356
v -0.152514 -0.217991 0.420491
v -0.132115 -0.217991 0.398694
v -0.127344 -0.217991 0.428164
v -0.118126 -0.217991 0.430582
v -0.099500 -0.217991 0.407252
v -0.092432 -0.217991 0.436256
v -0.083053 -0.217991 0.437945
v -0.066315 -0.217991 0.413225
v -0.056993 -0.217991 0.441585
v -0.047510 -0.217991 0.442532
v -0.032764 -0.217991 0.416576
v -0.021245 -0.217991 0.444117
v -0.011717 -0.217991 0.444317
v 0.000948 -0.217991 0.417284
v 0.014591 -0.217991 0.443837
v 0.024106 -0.217991 0.443289
v 0.034610 -0.217991 0.415344
v 0.050295 -0.217991 0.440745
v 0.059737 -0.217991 0.439452
v 0.068017 -0.217991 0.410770
v 0.085647 -0.217991 0.434862
v 0.094958 -0.217991 0.432832
v 0.100962 -0.217991 0.403589
v 0.120428 -0.217991 0.426223
v 0.129551 -0.217991 0.423469
v 0.133242 -0.217991 0.393845
v 0.154424 -0.217991 0.414882
v 0.163303 -0.217991 0.411421
v 0.164658 -0.217991 0.381598
v 0.187425 -0.217991 0.400909
v 0.196005 -0.217991 0.396761
v 0.195016 -0.217991 0.366925
v 0.219228 -0.217991 0.384390
v 0.227456 -0.217991 0.379582
v 0.224130 -0.217991 0.349914
v 0.249637 -0.217991 0.365425
v 0.257463 -0.217991 0.359987
v 0.251819 -0.217991 0.330672
v 0.278464 -0.217991 0.344134
v 0.285840 -0.217991 0.338099
v 0.277913 -0.217991 0.309317
v 0.305532 -0.217991 0.320647
v 0.312411 -0.217991 0.314051
v 0.302251 -0.217991 0.285980
v 0.330674 -0.217991 0.295108
v 0.337014 -0.217991 0.287993
v 0.324683 -0.217991 0.260806
v 0.353734 -0.217991 0.267676
v 0.359497 -0.217991 0.260085
v 0.345070 -0.217991 0.233949
v 0.374572 -0.217991 0.238518
v 0.379721 -0.217991 0.230499
v 0.363288 -0.217991 0.205576
v 0.393057 -0.217991 0.207816
v 0.397561 -0.217991 0.199417
v 0.379223 -0.217991 0.175860
v 0.409076 -0.217991 0.175758
v 0.412908 -0.217991 0.167032
v 0.392778 -0.217991 0.144986
v 0.422531 -0.217991 0.142542
v 0.425666 -0.217991 0.133542
v 0.403869 -0.217991 0.113144
v 0.433338 -0.217991 0.108373
v 0.435757 -0.217991 0.099155
v 0.412427 -0.217991 0.080529
v 0.441431 -0.217991 0.073461
v 0.443119 -0.217991 0.064082
v 0.418400 -0.217991 0.047344
v 0.446760 -0.217991 0.038022
v 0.447707 -0.217991 0.028539
v 0.421751 -0.217991 0.013792
v 0.449292 -0.217991 0.002274
v 0.449492 -0.217991 -0.007254
v 0.422458 -0.217991 -0.019919
v 0.449012 -0.217991 -0.033563
v 0.448463 -0.217991 -0.043077
v 0.420519 -0.217991 -0.053582
v 0.445920 -0.217991 -0.069267
v 0.444627 -0.217991 -0.078709
v 0.415945 -0.217991 -0.086988
v 0.440037 -0.217991 -0.104618
v 0.438007 -0.217991 -0.113930
v 0.408764 -0.217991 -0.119933
v 0.431398 -0.217991 -0.139399
v 0.428644 -0.217991 -0.148523
v 0.399020 -0.217991 -0.152213
v 0.420057 -0.217991 -0.173395
v 0.416596 -0.217991 -0.182274
v 0.386773 -0.217991 -0.183629
v 0.406084 -0.217991 -0.206396
v 0.401936 -0.217991 -0.214976
v 0.372099 -0.217991 -0.213988
v 0.389564 -0.217991 -0.238199
v 0.384757 -0.217991 -0.246428
v 0.355089 -0.217991 -0.243101
v 0.370600 -0.217991 -0.268608
v 0.365162 -0.217991 -0.276434
v 0.335847 -0.217991 -0.270790
v 0.349309 -0.217991 -0.297435
v 0.343273 -0.217991 -0.304811
v 0.314492 -0.217991 -0.296884
v 0.325822 -0.217991 -0.324504
v 0.319226 -0.217991 -0.331382
v 0.291155 -0.217991 -0.321222
v 0.300283 -0.217991 -0.349645
v 0.293168 -0.217991 -0.355986
v 0.265981 -0.217991 -0.343654
v 0.272850 -0.217991 -0.372706
v 0.265260 -0.217991 -0.378468
v 0.239124 -0.217991 -0.364042
v 0.243693 -0.217991 -0.393543
v 0.235674 -0.217991 -0.398692
v 0.210750 -0.217991 -0.382259
v 0.212992 -0.217991 -0.412028
v 0.204594 -0.217991 -0.416532
v 0.181036 -0.217991 -0.398195
v 0.180934 -0.217991 -0.428048
v 0.172208 -0.217991 -0.431880
v 0.150162 -0.217991 -0.411750
v 0.147718 -0.217991 -0.441503
v 0.138718 -0.217991 -0.444638
v 0.118319 -0.217991 -0.422841
v 0.113548 -0.217991 -0.452311
v 0.104330 -0.217991 -0.454729
v 0.085705 -0.217991 -0.431399
v 0.078636 -0.217991 -0.460404
v 0.069257 -0.217991 -0.462092
v 0.052519 -0.217991 -0.437372
v 0.043198 -0.217991 -0.465732
v 0.033714 -0.217991 -0.466680
v 0.018968 -0.217991 -0.440723
v 0.007449 -0.217991 -0.468265
v -0.002079 -0.217991 -0.468464
v -0.014744 -0.217991 -0.441431
v -0.028387 -0.217991 -0.467984
v -0.037902 -0.217991 -0.467436
v -0.048407 -0.217991 -0.439492
v -0.064092 -0.217991 -0.464892
v -0.073534 -0.217991 -0.463599
v -0.081814 -0.217991 -0.434917
v -0.099443 -0.217991 -0.459009
v -0.108755 -0.217991 -0.456979
v -0.114758 -0.217991 -0.427736
v -0.134224 -0.217991 -0.450370
v -0.143348 -0.217991 -0.447616
v -0.147038 -0.217991 -0.417992
v -0.168220 -0.217991 -0.439029
v -0.177099 -0.217991 -0.435568
v -0.178454 -0.217991 -0.405745
v -0.201221 -0.217991 -0.425056
v -0.209802 -0.217991 -0.420908
v -0.208813 -0.217991 -0.391072
v -0.233024 -0.217991 -0.408536
v -0.241253 -0.217991 -0.403729
v -0.237926 -0.217991 -0.374061
v -0.263433 -0.217991 -0.389573
v -0.271259 -0.217991 -0.384134
v -0.265615 -0.217991 -0.354819
v -0.292260 -0.217991 -0.368281
v -0.299636 -0.217991 -0.362246
v -0.291709 -0.217991 -0.333464
v -0.319329 -0.217991 -0.344794
v -0.326208 -0.217991 -0.338198
v -0.316047 -0.217991 -0.310127
v -0.344471 -0.217991 -0.319255
v -0.350811 -0.217991 -0.312140
v -0.338479 -0.217991 -0.284953
v -0.367531 -0.217991 -0.291823
v -0.373294 -0.217991 -0.284232
v -0.358867 -0.217991 -0.258096
v -0.388369 -0.217991 -0.262666
v -0.393517 -0.217991 -0.254646
v -0.377085 -0.217991 -0.229722
v -0.406854 -0.217991 -0.231963
v -0.411358 -0.217991 -0.223564
v -0.393020 -0.217991 -0.200007
v -0.422873 -0.217991 -0.199905
v -0.426705 -0.217991 -0.191179
v -0.406575 -0.217991 -0.169133
v -0.436328 -0.217991 -0.166689
v -0.439462 -0.217991 -0.157689
v -0.417666 -0.217991 -0.137291
v -0.447135 -0.217991 -0.132519
v -0.449554 -0.217991 -0.123301
v -0.426224 -0.217991 -0.104676
v -0.455228 -0.217991 -0.097608
v -0.456916 -0.217991 -0.088228
v -0.432196 -0.217991 -0.071491
v -0.460557 -0.217991 -0.062168
v -0.461504 -0.217991 -0.052685
v -0.435547 -0.217991 -0.037939
v -0.463089 -0.217991 -0.026420
v -0.463289 -0.217991 -0.016892
v -0.436255 -0.217991 -0.004228
v -0.462808 -0.217991 0.009416
v -0.462260 -0.217991 0.018931
v -0.434316 -0.217991 0.029435
v -0.459717 -0.217991 0.045120
v -0.458424 -0.217991 0.054562
v -0.429742 -0.217991 0.062842
v -0.453834 -0.217991 0.080472
v -0.451804 -0.217991 0.089783
v -0.422561 -0.217991 0.095787
v -0.445194 -0.217991 0.115253
v -0.442441 -0.217991 0.124376
v -0.412816 -0.217991 0.128067
v -0.433854 -0.217991 0.149248
v -0.430393 -0.217991 0.158128
v -0.400570 -0.217991 0.159483
v -0.419880 -0.217991 0.182250
v -0.415733 -0.217991 0.190830
v -0.385896 -0.217991 0.189841
v -0.403361 -0.217991 0.214053
v -0.368886 -0.243658 0.218955
v -0.398553 -0.243657 0.222282
v -0.384397 -0.243657 0.244462
v -0.378959 -0.243657 0.252288
v -0.349644 -0.243658 0.246644
v -0.363106 -0.243657 0.273289
v -0.357070 -0.243657 0.280665
v -0.328288 -0.243658 0.272738
v -0.339619 -0.243657 0.300357
v -0.333023 -0.243657 0.307236
v -0.304952 -0.243658 0.297076
v -0.314080 -0.243657 0.325499
v -0.306965 -0.243657 0.331839
v -0.279777 -0.243658 0.319508
v -0.286648 -0.243657 0.348560
v -0.279057 -0.243657 0.354322
v -0.252921 -0.243658 0.339896
v -0.257490 -0.243657 0.369397
v -0.249471 -0.243657 0.374546
v -0.224547 -0.243658 0.358113
v -0.226787 -0.243657 0.387882
v -0.218389 -0.243657 0.392386
v -0.194832 -0.243658 0.374048
v -0.194730 -0.243657 0.403902
v -0.186003 -0.243657 0.407733
v -0.163958 -0.243658 0.387603
v -0.161514 -0.243657 0.417356
v -0.152514 -0.243657 0.420491
v -0.132115 -0.243658 0.398694
v -0.127344 -0.243657 0.428164
v -0.118126 -0.243657 0.430582
v -0.099500 -0.243658 0.407252
v -0.092432 -0.243657 0.436256
v -0.083053 -0.243657 0.437945
v -0.066315 -0.243658 0.413225
v -0.056993 -0.243657 0.441585
v -0.047510 -0.243657 0.442532
v -0.032764 -0.243658 0.416576
v -0.021245 -0.243657 0.444117
v -0.011717 -0.243657 0.444317
v 0.000948 -0.243658 0.417284
v 0.014591 -0.243657 0.443837
v 0.024106 -0.243657 0.443289
v 0.034610 -0.243658 0.415344
v 0.050295 -0.243657 0.440745
v 0.059737 -0.243657 0.439452
v 0.068017 -0.243658 0.410770
v 0.085647 -0.243657 0.434862
v 0.094958 -0.243657 0.432832
v 0.100962 -0.243658 0.403589
v 0.120428 -0.243657 0.426223
v 0.129551 -0.243657 0.423469
v 0.133242 -0.243658 0.393845
v 0.154424 -0.243657 0.414882
v 0.163303 -0.243657 0.411421
v 0.164658 -0.243658 0.381598
v 0.187425 -0.243657 0.400909
v 0.196005 -0.243657 0.396761
v 0.195016 -0.243658 0.366925
v 0.219228 -0.243657 0.384390
v 0.227456 -0.243657 0.379582
v 0.224130 -0.243658 0.349914
v 0.249637 -0.243657 0.365425
v 0.257463 -0.243657 0.359987
v 0.251819 -0.243658 0.330672
v 0.278464 -0.243657 0.344134
v 0.285840 -0.243657 0.338099
v 0.277913 -0.243658 0.309317
v 0.305532 -0.243657 0.320647
v 0.312411 -0.243657 0.314051
v 0.302251 -0.243658 0.285980
v 0.330674 -0.243657 0.295108
v 0.337014 -0.243657 0.287993
v 0.324683 -0.243658 0.260806
v 0.353734 -0.243657 0.267676
v 0.359497 -0.243657 0.260085
v 0.345070 -0.243658 0.233949
v 0.374572 -0.243657 0.238518
v 0.379721 -0.243657 0.230499
v 0.363288 -0.243658 0.205576
v 0.393057 -0.243657 0.207816
v 0.397561 -0.243657 0.199417
v 0.379223 -0.243658 0.175860
v 0.409076 -0.243657 0.175758
v 0.412908 -0.243657 0.167032
v 0.392778 -0.243658 0.144986
v 0.422531 -0.243657 0.142542
v 0.425666 -0.243657 0.133542
v 0.403869 -0.243658 0.113144
v 0.433338 -0.243657 0.108373
v 0.435757 -0.243657 0.099155
v 0.412427 -0.243658 0.080529
v 0.441431 -0.243657 0.073461
v 0.443119 -0.243657 0.064082
v 0.418400 -0.243658 0.047344
v 0.446760 -0.243657 0.038022
v 0.447707 -0.243657 0.028539
v 0.421751 -0.243658 0.013792
v 0.449292 -0.243657 0.002274
v 0.449492 -0.243657 -0.007254
v 0.422458 -0.243658 -0.019919
v 0.449012 -0.243657 -0.033562
v 0.448463 -0.243657 -0.043077
v 0.420519 -0.243658 -0.053582
v 0.445920 -0.243657 -0.069267
v 0.444627 -0.243657 -0.078709
v 0.415945 -0.243658 -0.086988
v 0.440037 -0.243658 -0.104618
v 0.438007 -0.243658 -0.113930
v 0.408764 -0.243658 -0.119933
v 0.431398 -0.243658 -0.139399
v 0.428644 -0.243658 -0.148523
v 0.399020 -0.243658 -0.152213
v 0.420057 -0.243658 -0.173395
v 0.416596 -0.243658 -0.182274
v 0.386773 -0.243658 -0.183629
v 0.406084 -0.243658 -0.206396
v 0.401936 -0.243658 -0.214976
v 0.372099 -0.243658 -0.213988
v 0.389564 -0.243658 -0.238199
v 0.384757 -0.243658 -0.246428
v 0.355089 -0.243658 -0.243101
v 0.370600 -0.243658 -0.268608
v 0.365162 -0.243658 -0.276434
v 0.335847 -0.243658 -0.270790
v 0.349309 -0.243658 -0.297435
v 0.343273 -0.243658 -0.304811
v 0.314492 -0.243658 -0.296884
v 0.325822 -0.243658 -0.324504
v 0.319226 -0.243658 -0.331382
v 0.291155 -0.243658 -0.321222
v 0.300283 -0.243658 -0.349645
v 0.293168 -0.243658 -0.355986
v 0.265981 -0.243658 -0.343654
v 0.272850 -0.243658 -0.372706
v 0.265260 -0.243658 -0.378468
v 0.239124 -0.243658 -0.364042
v 0.243693 -0.243658 -0.393543
v 0.235674 -0.243658 -0.398692
v 0.210750 -0.243658 -0.382259
v 0.212992 -0.243658 -0.412028
v 0.204594 -0.243658 -0.416532
v 0.181036 -0.243658 -0.398195
v 0.180934 -0.243658 -0.428049
v 0.172208 -0.243658 -0.431880
v 0.150162 -0.243658 -0.411750
v 0.147718 -0.243658 -0.441503
v 0.138718 -0.243658 -0.444638
v 0.118319 -0.243658 -0.422841
v 0.113548 -0.243658 -0.452311
v 0.104330 -0.243658 -0.454729
v 0.085705 -0.243658 -0.431399
v 0.078636 -0.243658 -0.460404
v 0.069257 -0.243658 -0.462092
v 0.052519 -0.243658 -0.437372
v 0.043198 -0.243658 -0.465732
v 0.033714 -0.243658 -0.466680
v 0.018968 -0.243658 -0.440723
v 0.007449 -0.243658 -0.468265
v -0.002079 -0.243658 -0.468464
v -0.014744 -0.243658 -0.441431
v -0.028387 -0.243658 -0.467984
v -0.037902 -0.243658 -0.467436
v -0.048407 -0.243658 -0.439492
v -0.064092 -0.243658 -0.464892
v -0.073534 -0.243658 -0.463599
v -0.081813 -0.243658 -0.434917
v -0.099443 -0.243658 -0.459009
v -0.108755 -0.243658 -0.456979
v -0.114758 -0.243658 -0.427736
v -0.134224 -0.243658 -0.450370
v -0.143348 -0.243658 -0.447616
v -0.147038 -0.243658 -0.417992
v -0.168220 -0.243658 -0.439029
v -0.177099 -0.243658 -0.435568
v -0.178454 -0.243658 -0.405745
v -0.201221 -0.243658 -0.425056
v -0.209802 -0.243658 -0.420908
v -0.208813 -0.243658 -0.391072
v -0.233024 -0.243658 -0.408536
v -0.241253 -0.243658 -0.403729
v -0.237926 -0.243658 -0.374061
v -0.263433 -0.243658 -0.389573
v -0.271259 -0.243658 -0.384134
v -0.265615 -0.243658 -0.354819
v -0.292260 -0.243658 -0.368281
v -0.299636 -0.243658 -0.362246
v -0.291709 -0.243658 -0.333464
v -0.319329 -0.243658 -0.344794
v -0.326208 -0.243658 -0.338198
v -0.316047 -0.243658 -0.310127
v -0.344471 -0.243658 -0.319255
v -0.350811 -0.243658 -0.312140
v -0.338479 -0.243658 -0.284953
v -0.367531 -0.243658 -0.291823
v -0.373294 -0.243658 -0.284232
v -0.358867 -0.243658 -0.258096
v -0.388369 -0.243658 -0.262666
v -0.393517 -0.243658 -0.254646
v -0.377085 -0.243658 -0.229722
v -0.406854 -0.243658 -0.231963
v -0.411358 -0.243658 -0.223564
v -0.393020 -0.243658 -0.200007
v -0.422873 -0.243658 -0.199905
v -0.426705 -0.243658 -0.191179
v -0.406575 -0.243658 -0.169133
v -0.436328 -0.243658 -0.166689
v -0.439462 -0.243658 -0.157689
v -0.417666 -0.243658 -0.137291
v -0.447135 -0.243658 -0.132519
v -0.449554 -0.243658 -0.123301
v -0.426224 -0.243658 -0.104676
v -0.455228 -0.243657 -0.097608
v -0.456916 -0.243657 -0.088228
v -0.432196 -0.243658 -0.071491
v -0.460557 -0.243657 -0.062168
v -0.461504 -0.243657 -0.052685
v -0.435547 -0.243658 -0.037939
v -0.463089 -0.243657 -0.026420
v -0.463289 -0.243657 -0.016892
v -0.436255 -0.243658 -0.004228
v -0.462808 -0.243657 0.009416
v -0.462260 -0.243657 0.018931
v -0.434316 -0.243658 0.029435
v -0.459717 -0.243657 0.045120
v -0.458424 -0.243657 0.054562
v -0.429742 -0.243658 0.062842
v -0.453834 -0.243657 0.080472
v -0.451804 -0.243657 0.089783
v -0.422561 -0.243658 0.095787
v -0.445194 -0.243657 0.115253
v -0.442441 -0.243657 0.124376
v -0.412816 -0.243658 0.128067
v -0.433854 -0.243657 0.149248
v -0.430393 -0.243657 0.158128
v -0.400570 -0.243658 0.159483
v -0.419880 -0.243657 0.182250
v -0.415733 -0.243657 0.190830
v -0.385896 -0.243658 0.189841
v -0.403361 -0.243657 0.214053
v 0.239124 -0.217991 -0.364042
v 0.265260 -0.217991 -0.378468
v 0.243693 -0.217991 -0.393543
v 0.235674 -0.217991 -0.398692
v 0.210750 -0.217991 -0.382259
v 0.212992 -0.217991 -0.412028
v 0.204594 -0.217991 -0.416532
v 0.181036 -0.217991 -0.398195
v 0.180934 -0.217991 -0.428048
v 0.172208 -0.217991 -0.431880
v 0.150162 -0.217991 -0.411750
v 0.147718 -0.217991 -0.441503
v 0.138718 -0.217991 -0.444638
v 0.118319 -0.217991 -0.422841
v 0.113548 -0.217991 -0.452311
v 0.104330 -0.217991 -0.454729
v 0.085705 -0.217991 -0.431399
v 0.078636 -0.217991 -0.460404
v 0.069257 -0.217991 -0.462092
v 0.052519 -0.217991 -0.437372
v 0.043198 -0.217991 -0.465732
v 0.033714 -0.217991 -0.466680
v 0.018968 -0.217991 -0.440723
v 0.007449 -0.217991 -0.468265
v -0.002079 -0.217991 -0.468464
v -0.014744 -0.217991 -0.441431
v -0.028387 -0.217991 -0.467984
v -0.037902 -0.217991 -0.467436
v -0.048407 -0.217991 -0.439492
v -0.064092 -0.217991 -0.464892
v -0.073534 -0.217991 -0.463599
v -0.081814 -0.217991 -0.434917
v -0.099443 -0.217991 -0.459009
v -0.108755 -0.217991 -0.456979
v -0.114758 -0.217991 -0.427736
v -0.134224 -0.217991 -0.450370
v -0.143348 -0.217991 -0.447616
v -0.147038 -0.217991 -0.417992
v -0.168220 -0.217991 -0.439029
v -0.177099 -0.217991 -0.435568
v -0.178454 -0.217991 -0.405745
v -0.201221 -0.217991 -0.425056
v -0.209802 -0.217991 -0.420908
v -0.208813 -0.217991 -0.391072
v -0.233024 -0.217991 -0.408536
v -0.241253 -0.217991 -0.403729
v -0.237926 -0.217991 -0.374061
v -0.263433 -0.217991 -0.389573
v -0.271259 -0.217991 -0.384134
v -0.265615 -0.217991 -0.354819
v -0.292260 -0.217991 -0.368281
v -0.299636 -0.217991 -0.362246
v -0.291709 -0.217991 -0.333464
v -0.319329 -0.217991 -0.344794
v -0.326208 -0.217991 -0.338198
v -0.316047 -0.217991 -0.310127
v -0.344471 -0.217991 -0.319255
v -0.350811 -0.217991 -0.312140
v -0.338479 -0.217991 -0.284953
v -0.367531 -0.217991 -0.291823
v -0.373294 -0.217991 -0.284232
v -0.358867 -0.217991 -0.258096
v -0.388369 -0.217991 -0.262666
v -0.393517 -0.217991 -0.254646
v -0.377085 -0.217991 -0.229722
v -0.406854 -0.217991 -0.231963
v -0.411358 -0.217991 -0.223564
v -0.393020 -0.217991 -0.200007
v -0.422873 -0.217991 -0.199905
v -0.426705 -0.217991 -0.191179
v -0.406575 -0.217991 -0.169133
v -0.436328 -0.217991 -0.166689
v -0.439462 -0.217991 -0.157689
v -0.417666 -0.217991 -0.137291
v -0.447135 -0.217991 -0.132519
v -0.449554 -0.217991 -0.123301
v -0.426224 -0.217991 -0.104676
v -0.455228 -0.217991 -0.097608
v -0.456916 -0.217991 -0.088228
v -0.432196 -0.217991 -0.071491
v -0.460557 -0.217991 -0.062168
v -0.461504 -0.217991 -0.052685
v -0.435547 -0.217991 -0.037939
v -0.463089 -0.217991 -0.026420
v -0.463289 -0.217991 -0.016892
v -0.436255 -0.217991 -0.004228
v -0.462808 -0.217991 0.009416
v -0.462260 -0.217991 0.018931
v -0.434316 -0.217991 0.029435
v -0.459717 -0.217991 0.045120
v -0.458424 -0.217991 0.054562
v -0.429742 -0.217991 0.062842
v -0.453834 -0.217991 0.080472
v -0.451804 -0.217991 0.089783
v -0.422561 -0.217991 0.095787
v -0.445194 -0.217991 0.115253
v -0.442441 -0.217991 0.124376
v -0.412816 -0.217991 0.128067
v -0.433854 -0.217991 0.149248
v -0.430393 -0.217991 0.158128
v -0.400570 -0.217991 0.159483
v -0.419880 -0.217991 0.182250
v -0.415733 -0.217991 0.190830
v -0.385896 -0.217991 0.189841
v -0.403361 -0.217991 0.214053
v -0.398553 -0.217991 0.222282
v -0.368886 -0.217991 0.218955
v -0.384397 -0.217991 0.244462
v -0.378959 -0.217991 0.252288
v -0.349644 -0.217991 0.246644
v -0.363106 -0.217991 0.273289
v -0.357070 -0.217991 0.280665
v -0.328288 -0.217991 0.272738
v -0.339619 -0.217991 0.300357
v -0.333023 -0.217991 0.307236
v -0.304952 -0.217991 0.297076
v -0.314080 -0.217991 0.325499
v -0.306965 -0.217991 0.331839
v -0.279777 -0.217991 0.319508
v -0.286648 -0.217991 0.348560
v -0.279057 -0.217991 0.354322
v -0.252921 -0.217991 0.339896
v -0.257490 -0.217991 0.369397
v -0.249471 -0.217991 0.374546
v -0.224547 -0.217991 0.358113
v -0.226787 -0.217991 0.387882
v -0.218389 -0.217991 0.392386
v -0.194832 -0.217991 0.374048
v -0.194730 -0.217991 0.403902
v -0.186003 -0.217991 0.407733
v -0.163958 -0.217991 0.387603
v -0.161514 -0.217991 0.417356
v -0.152514 -0.217991 0.420491
v -0.132115 -0.217991 0.398694
v -0.127344 -0.217991 0.428164
v -0.118126 -0.217991 0.430582
v -0.099500 -0.217991 0.407252
v -0.092432 -0.217991 0.436256
v -0.083053 -0.217991 0.437945
v -0.066315 -0.217991 0.413225
v -0.056993 -0.217991 0.441585
v -0.047510 -0.217991 0.442532
v -0.032764 -0.217991 0.416576
v -0.021245 -0.217991 0.444117
v -0.011717 -0.217991 0.444317
v 0.000948 -0.217991 0.417284
v 0.014591 -0.217991 0.443837
v 0.024106 -0.217991 0.443289
v 0.034610 -0.217991 0.415344
v 0.050295 -0.217991 0.440745
v 0.059737 -0.217991 0.439452
v 0.068017 -0.217991 0.410770
v 0.085647 -0.217991 0.434862
v 0.094958 -0.217991 0.432832
v 0.100962 -0.217991 0.403589
v 0.120428 -0.217991 0.426223
v 0.129551 -0.217991 0.423469
v 0.133242 -0.217991 0.393845
v 0.154424 -0.217991 0.414882
v 0.163303 -0.217991 0.411421
v 0.164658 -0.217991 0.381598
v 0.187425 -0.217991 0.400909
v 0.196005 -0.217991 0.396761
v 0.195016 -0.217991 0.366925
v 0.219228 -0.217991 0.384390
v 0.227456 -0.217991 0.379582
v 0.224130 -0.217991 0.349914
v 0.249637 -0.217991 0.365425
v 0.257463 -0.217991 0.359987
v 0.251819 -0.217991 0.330672
v 0.278464 -0.217991 0.344134
v 0.285840 -0.217991 0.338099
v 0.277913 -0.217991 0.309317
v 0.305532 -0.217991 0.320647
v 0.312411 -0.217991 0.314051
v 0.302251 -0.217991 0.285980
v 0.330674 -0.217991 0.295108
v 0.337014 -0.217991 0.287993
v 0.324683 -0.217991 0.260806
v 0.353734 -0.217991 0.267676
v 0.359497 -0.217991 0.260085
v 0.345070 -0.217991 0.233949
v 0.374572 -0.217991 0.238518
v 0.379721 -0.217991 0.230499
v 0.363288 -0.217991 0.205576
v 0.393057 -0.217991 0.207816
v 0.397561 -0.217991 0.199417
v 0.379223 -0.217991 0.175860
v 0.409076 -0.217991 0.175758
v 0.412908 -0.217991 0.167032
v 0.392778 -0.217991 0.144986
v 0.422531 -0.217991 0.142542
v 0.425666 -0.217991 0.133542
v 0.403869 -0.217991 0.113144
v 0.433338 -0.217991 0.108373
v 0.435757 -0.217991 0.099155
v 0.412427 -0.217991 0.080529
v 0.441431 -0.217991 0.073461
v 0.443119 -0.217991 0.064082
v 0.418400 -0.217991 0.047344
v 0.446760 -0.217991 0.038022
v 0.447707 -0.217991 0.028539
v 0.421751 -0.217991 0.013792
v 0.449292 -0.217991 0.002274
v 0.449492 -0.217991 -0.007254
v 0.422458 -0.217991 -0.019919
v 0.449012 -0.217991 -0.033563
v 0.448463 -0.217991 -0.043077
v 0.420519 -0.217991 -0.053582
v 0.445920 -0.217991 -0.069267
v 0.444627 -0.217991 -0.078709
v 0.415945 -0.217991 -0.086988
v 0.440037 -0.217991 -0.104618
v 0.438007 -0.217991 -0.113930
v 0.408764 -0.217991 -0.119933
v 0.431398 -0.217991 -0.139399
v 0.428644 -0.217991 -0.148523
v 0.399020 -0.217991 -0.152213
v 0.420057 -0.217991 -0.173395
v 0.416596 -0.217991 -0.182274
v 0.386773 -0.217991 -0.183629
v 0.406084 -0.217991 -0.206396
v 0.401936 -0.217991 -0.214976
v 0.372099 -0.217991 -0.213988
v 0.389564 -0.217991 -0.238199
v 0.384757 -0.217991 -0.246428
v 0.355089 -0.217991 -0.243101
v 0.370600 -0.217991 -0.268608
v 0.365162 -0.217991 -0.276434
v 0.335847 -0.217991 -0.270790
v 0.349309 -0.217991 -0.297435
v 0.343273 -0.217991 -0.304811
v 0.314492 -0.217991 -0.296884
v 0.325822 -0.217991 -0.324504
v 0.319226 -0.217991 -0.331382
v 0.291155 -0.217991 -0.321222
v 0.300283 -0.217991 -0.349645
v 0.293168 -0.217991 -0.355986
v 0.265981 -0.217991 -0.343654
v 0.272850 -0.217991 -0.372706
v 0.192720 -0.192258 0.105291
v 0.182896 -0.192258 0.120591
v 0.171902 -0.192258 0.135073
v 0.159806 -0.192258 0.148648
v 0.146682 -0.192258 0.161232
v 0.132611 -0.192258 0.172748
v 0.117681 -0.192258 0.183124
v 0.101981 -0.192258 0.192296
v 0.085611 -0.192258 0.200209
v 0.068671 -0.192258 0.206813
v 0.051264 -0.192258 0.212067
v 0.033499 -0.192258 0.215939
v 0.015484 -0.192258 0.218406
v -0.002668 -0.192258 0.219452
v -0.020846 -0.192258 0.219070
v -0.038938 -0.192258 0.217263
v -0.056833 -0.192258 0.214042
v -0.074420 -0.192258 0.209427
v -0.091590 -0.192258 0.203447
v -0.108239 -0.192258 0.196137
v -0.124262 -0.192258 0.187545
v -0.139562 -0.192258 0.177721
v -0.154044 -0.192258 0.166727
v -0.167619 -0.192258 0.154631
v -0.180203 -0.192258 0.141507
v -0.191719 -0.192258 0.127436
v -0.202095 -0.192258 0.112505
v -0.211268 -0.192258 0.096807
v -0.219180 -0.192258 0.080436
v -0.225784 -0.192258 0.063495
v -0.231038 -0.192258 0.046089
v -0.234911 -0.192258 0.028324
v -0.237378 -0.192258 0.010309
v -0.238423 -0.192258 -0.007843
v -0.238042 -0.192258 -0.026021
v -0.236234 -0.192258 -0.044113
v -0.233014 -0.192258 -0.062008
v -0.228399 -0.192258 -0.079595
v -0.222418 -0.192258 -0.096766
v -0.215109 -0.192258 -0.113414
v -0.206516 -0.192258 -0.129438
v -0.196693 -0.192258 -0.144738
v -0.185699 -0.192258 -0.159220
v -0.173603 -0.192258 -0.172795
v -0.160479 -0.192258 -0.185379
v -0.146408 -0.192258 -0.196894
v -0.131477 -0.192258 -0.207271
v -0.115778 -0.192258 -0.216443
v -0.099407 -0.192258 -0.224356
v -0.082467 -0.192258 -0.230960
v -0.065061 -0.192258 -0.236214
v -0.047295 -0.192258 -0.240086
v -0.029281 -0.192258 -0.242553
v -0.011129 -0.192258 -0.243599
v 0.007050 -0.192258 -0.243217
v 0.025142 -0.192258 -0.241410
v 0.043037 -0.192258 -0.238189
v 0.060623 -0.192258 -0.233574
v 0.077794 -0.192258 -0.227594
v 0.094443 -0.192258 -0.220285
v 0.110466 -0.192258 -0.211691
v 0.125766 -0.192258 -0.201867
v 0.140248 -0.192258 -0.190874
v 0.153823 -0.192258 -0.178778
v 0.166407 -0.192258 -0.165654
v 0.177923 -0.192258 -0.151583
v 0.188299 -0.192258 -0.136652
v 0.197471 -0.192258 -0.120953
v 0.205384 -0.192258 -0.104583
v 0.211988 -0.192258 -0.087642
v 0.217242 -0.192258 -0.070236
v 0.221114 -0.192258 -0.052470
v 0.223581 -0.192258 -0.034456
v 0.224627 -0.192258 -0.016304
v 0.224245 -0.192258 0.001874
v 0.222438 -0.192258 0.019966
v 0.219217 -0.192258 0.037861
v 0.214603 -0.192258 0.055448
v 0.208622 -0.192258 0.072619
v 0.201313 -0.192258 0.089267
v 0.958922 -0.406744 -0.638745
v 0.957993 -0.406744 -0.676081
v 0.863626 -0.406744 -0.746599
v 0.900563 -0.406744 -0.741079
v 1.102402 -0.406744 -0.392102
v 1.111167 -0.406744 -0.428406
v 1.038267 -0.406744 -0.520946
v 1.072517 -0.406744 -0.506053
v 1.177156 -0.406743 -0.116728
v 1.195019 -0.406744 -0.149527
v 1.148554 -0.406744 -0.257781
v 1.177782 -0.406744 -0.234531
v 1.178091 -0.406743 0.168610
v 1.203835 -0.406743 0.141552
v 1.186970 -0.406743 0.024960
v 1.209186 -0.406744 0.054983
v 1.105143 -0.406743 0.444468
v 1.137013 -0.406744 0.424995
v 1.150900 -0.406743 0.308012
v 1.164587 -0.406744 0.342760
v 0.998523 -0.406743 0.682366
v 1.047026 -0.406744 0.609190
v 0.964251 -0.406743 0.692469
v 1.042799 -0.406743 0.572082
v 0.762181 -0.406743 0.894472
v 0.799517 -0.406744 0.893542
v 0.870035 -0.406743 0.799176
v 0.864515 -0.406743 0.836113
v 0.515538 -0.406743 1.037951
v 0.551842 -0.406744 1.046717
v 0.644382 -0.406743 0.973817
v 0.629489 -0.406744 1.008066
v 0.240164 -0.406743 1.112705
v 0.272963 -0.406744 1.130568
v 0.381217 -0.406743 1.084104
v 0.357967 -0.406744 1.113332
v -0.045175 -0.406743 1.113641
v -0.018117 -0.406744 1.139384
v 0.098475 -0.406743 1.122521
v 0.068452 -0.406744 1.144736
v -0.321033 -0.406743 1.040693
v -0.301559 -0.406743 1.072562
v -0.184576 -0.406743 1.086449
v -0.219325 -0.406744 1.100137
v -0.914515 -0.406743 0.451087
v -0.923281 -0.406744 0.487392
v -0.850381 -0.406743 0.579931
v -0.884631 -0.406744 0.565039
v -0.989270 -0.406743 0.175714
v -1.007133 -0.406744 0.208512
v -0.960668 -0.406743 0.316767
v -0.989896 -0.406744 0.293517
v -0.990205 -0.406743 -0.109625
v -1.015948 -0.406744 -0.082567
v -0.999084 -0.406743 0.034025
v -1.021300 -0.406744 0.004002
v -0.917257 -0.406744 -0.385483
v -0.949127 -0.406744 -0.366010
v -0.963013 -0.406744 -0.249026
v -0.976702 -0.406744 -0.283776
v -0.775397 -0.406744 -0.633061
v -0.811221 -0.406744 -0.622500
v -0.854913 -0.406744 -0.513097
v -0.859140 -0.406744 -0.550204
v -0.574294 -0.406744 -0.835486
v -0.611630 -0.406744 -0.834557
v -0.682149 -0.406744 -0.740190
v -0.676628 -0.406744 -0.777128
v -0.327652 -0.406744 -0.978965
v -0.363956 -0.406744 -0.987731
v -0.456496 -0.406744 -0.914831
v -0.441603 -0.406744 -0.949081
v -0.052277 -0.406744 -1.053720
v -0.085076 -0.406744 -1.071584
v -0.193331 -0.406744 -1.025118
v -0.170081 -0.406744 -1.054347
v 0.233061 -0.406744 -1.054655
v 0.206003 -0.406744 -1.080399
v 0.089411 -0.406744 -1.063535
v 0.119434 -0.406744 -1.085750
v 0.508919 -0.406744 -0.981707
v 0.489446 -0.406744 -1.013576
v 0.372462 -0.406744 -1.027464
v 0.407211 -0.406744 -1.041152
v 0.756496 -0.406744 -0.839847
v 0.745936 -0.406744 -0.875671
v 0.636532 -0.406744 -0.919363
v 0.673640 -0.406744 -0.923590
v -0.771036 -0.406743 0.697730
v -0.770107 -0.406744 0.735066
v -0.675740 -0.406743 0.805585
v -0.712677 -0.406743 0.800064
v -0.568610 -0.406743 0.898833
v -0.558049 -0.406744 0.934657
v -0.448647 -0.406743 0.978349
v -0.485754 -0.406743 0.982576
v 1.027225 -0.406743 -0.035158
v 0.807279 -0.406743 -0.019921
v 1.012157 -0.406743 0.208596
v 0.795762 -0.406743 0.166387
v 0.978691 -0.406743 -0.274505
v 0.770184 -0.406743 -0.202863
v 0.869864 -0.406743 -0.493137
v 0.687003 -0.406743 -0.369969
v 0.708158 -0.406743 -0.676152
v 0.563407 -0.406743 -0.509853
v 0.504595 -0.406743 -0.811078
v 0.407817 -0.406743 -0.612982
v 0.273047 -0.406743 -0.888721
v 0.230837 -0.406743 -0.672326
v 0.029293 -0.406743 -0.903789
v 0.044529 -0.406743 -0.683843
v -0.210055 -0.406743 -0.855256
v -0.138413 -0.406743 -0.646747
v -0.428686 -0.406743 -0.746428
v -0.305519 -0.406743 -0.563567
v -0.611701 -0.406743 -0.584722
v -0.445403 -0.406743 -0.439971
v -0.746628 -0.406743 -0.381159
v -0.548531 -0.406743 -0.284381
v -0.824270 -0.406743 -0.149611
v -0.607876 -0.406743 -0.107401
v -0.839339 -0.406743 0.094143
v -0.790805 -0.406743 0.333492
v -0.619393 -0.406743 0.078907
v -0.582297 -0.406743 0.261849
v -0.681978 -0.406743 0.552123
v -0.520271 -0.406743 0.735137
v -0.499117 -0.406743 0.428955
v -0.375520 -0.406743 0.568839
v -0.316709 -0.406743 0.870063
v -0.219931 -0.406743 0.671968
v -0.085161 -0.406743 0.947707
v -0.042951 -0.406743 0.731312
v 0.158594 -0.406743 0.962775
v 0.143358 -0.406743 0.742830
v 0.397942 -0.406743 0.914241
v 0.326298 -0.406743 0.705734
v 0.616573 -0.406743 0.805413
v 0.493405 -0.406743 0.622553
v 0.799588 -0.406743 0.643708
v 0.633289 -0.406743 0.498957
v 0.934514 -0.406743 0.440145
v 0.736418 -0.406743 0.343367
v 1.046443 -0.406743 -0.065532
v 1.008223 -0.406743 -0.254017
v 0.989393 -0.406743 -0.308819
v 0.903692 -0.406743 -0.480989
v 0.871320 -0.406743 -0.529051
v 0.743978 -0.406743 -0.673174
v 0.700269 -0.406743 -0.711219
v 0.539965 -0.406743 -0.817472
v 0.487900 -0.406743 -0.842909
v 0.305557 -0.406743 -0.904052
v 0.248681 -0.406743 -0.915146
v 0.056727 -0.406743 -0.927012
v -0.001082 -0.406743 -0.923007
v -0.189566 -0.406743 -0.884788
v -0.244369 -0.406743 -0.865958
v -0.416539 -0.406743 -0.780257
v -0.464601 -0.406743 -0.747884
v -0.608723 -0.406743 -0.620542
v -0.646769 -0.406743 -0.576833
v -0.753022 -0.406743 -0.416529
v -0.778458 -0.406743 -0.364464
v -0.839601 -0.406743 -0.182121
v -0.850696 -0.406743 -0.125245
v -0.862561 -0.406743 0.066709
v -0.858557 -0.406743 0.124517
v -0.820337 -0.406743 0.313002
v -0.801507 -0.406743 0.367805
v -0.715806 -0.406743 0.539975
v -0.683433 -0.406743 0.588036
v -0.556091 -0.406743 0.732159
v -0.512384 -0.406743 0.770205
v -0.352079 -0.406743 0.876458
v -0.300013 -0.406743 0.901894
v -0.117670 -0.406743 0.963037
v -0.060795 -0.406743 0.974131
v 0.131159 -0.406743 0.985997
v 0.188968 -0.406743 0.981992
v 0.377453 -0.406743 0.943773
v 0.432255 -0.406743 0.924943
v 0.604425 -0.406743 0.839242
v 0.652487 -0.406743 0.806869
v 0.796609 -0.406743 0.679528
v 0.834655 -0.406743 0.635819
v 0.940908 -0.406743 0.475515
v 0.966345 -0.406743 0.423449
v 1.027488 -0.406743 0.241106
v 1.050447 -0.406743 -0.007723
v 1.038581 -0.406743 0.184231
v 0.551842 -0.513635 1.046717
v 0.629489 -0.513635 1.008066
v 0.644382 -0.513635 0.973817
v 0.604425 -0.513636 0.839242
v 0.652487 -0.513636 0.806869
v 0.762181 -0.513635 0.894472
v 0.799517 -0.513635 0.893542
v 0.864515 -0.513635 0.836113
v 0.870035 -0.513635 0.799176
v 0.796609 -0.513636 0.679528
v 0.834655 -0.513636 0.635819
v 0.964252 -0.513635 0.692469
v 0.998524 -0.513635 0.682366
v 1.047027 -0.513635 0.609190
v 1.042799 -0.513635 0.572082
v 0.940908 -0.513636 0.475515
v 0.966345 -0.513636 0.423449
v 1.105143 -0.513635 0.444468
v 1.137013 -0.513635 0.424995
v 1.164587 -0.513635 0.342760
v 1.150900 -0.513635 0.308012
v 1.027488 -0.513636 0.241107
v 1.038581 -0.513636 0.184231
v 1.178091 -0.513635 0.168610
v 1.203835 -0.513635 0.141552
v 1.209186 -0.513635 0.054983
v 1.186970 -0.513635 0.024960
v 1.050447 -0.513636 -0.007723
v 1.046443 -0.513636 -0.065532
v 1.177156 -0.513635 -0.116728
v 1.195019 -0.513635 -0.149527
v 1.177782 -0.513635 -0.234531
v 1.148554 -0.513635 -0.257781
v 1.008223 -0.513636 -0.254017
v 0.989393 -0.513636 -0.308819
v 1.102402 -0.513635 -0.392102
v 1.111167 -0.513635 -0.428406
v 1.072517 -0.513635 -0.506053
v 1.038267 -0.513635 -0.520946
v 0.903692 -0.513636 -0.480989
v 0.871320 -0.513636 -0.529051
v 0.958922 -0.513635 -0.638745
v 0.957993 -0.513635 -0.676081
v 0.900563 -0.513635 -0.741079
v 0.863626 -0.513635 -0.746599
v 0.743978 -0.513636 -0.673174
v 0.700269 -0.513636 -0.711219
v 0.756496 -0.513635 -0.839847
v 0.745936 -0.513635 -0.875671
v 0.673640 -0.513635 -0.923590
v 0.636532 -0.513635 -0.919363
v 0.539965 -0.513636 -0.817472
v 0.487900 -0.513636 -0.842909
v 0.508919 -0.513635 -0.981707
v 0.489446 -0.513635 -1.013576
v 0.407211 -0.513635 -1.041151
v 0.372462 -0.513635 -1.027464
v 0.305557 -0.513636 -0.904052
v 0.248681 -0.513636 -0.915146
v 0.233061 -0.513635 -1.054655
v 0.206003 -0.513635 -1.080399
v 0.119434 -0.513635 -1.085750
v 0.089411 -0.513635 -1.063535
v 0.056727 -0.513636 -0.927012
v -0.001082 -0.513636 -0.923007
v -0.052277 -0.513635 -1.053720
v -0.085076 -0.513635 -1.071584
v -0.170081 -0.513635 -1.054347
v -0.193331 -0.513635 -1.025118
v -0.189566 -0.513636 -0.884788
v -0.244369 -0.513636 -0.865958
v -0.327651 -0.513635 -0.978965
v -0.363956 -0.513635 -0.987731
v -0.441603 -0.513635 -0.949081
v -0.456496 -0.513635 -0.914831
v -0.416539 -0.513636 -0.780257
v -0.464601 -0.513636 -0.747884
v -0.574294 -0.513635 -0.835486
v -0.611630 -0.513635 -0.834557
v -0.676628 -0.513635 -0.777128
v -0.682149 -0.513635 -0.740190
v -0.608723 -0.513636 -0.620542
v -0.646769 -0.513636 -0.576833
v -0.775397 -0.513635 -0.633061
v -0.811221 -0.513635 -0.622500
v -0.859140 -0.513635 -0.550204
v -0.854912 -0.513635 -0.513096
v -0.753022 -0.513636 -0.416529
v -0.778458 -0.513636 -0.364464
v -0.917257 -0.513635 -0.385483
v -0.949126 -0.513635 -0.366010
v -0.976702 -0.513635 -0.283776
v -0.963013 -0.513635 -0.249026
v -0.839601 -0.513636 -0.182121
v -0.850696 -0.513636 -0.125245
v -0.990205 -0.513635 -0.109625
v -1.015948 -0.513635 -0.082567
v -1.021299 -0.513635 0.004002
v -0.999084 -0.513635 0.034025
v -0.862561 -0.513636 0.066709
v -0.858557 -0.513636 0.124517
v -0.989269 -0.513635 0.175714
v -1.007133 -0.513635 0.208512
v -0.989896 -0.513635 0.293517
v -0.960668 -0.513635 0.316767
v -0.820337 -0.513636 0.313002
v -0.801507 -0.513636 0.367805
v -0.914515 -0.513635 0.451087
v -0.923281 -0.513635 0.487392
v -0.884631 -0.513635 0.565039
v -0.850380 -0.513635 0.579932
v -0.715806 -0.513636 0.539975
v -0.683433 -0.513636 0.588036
v -0.771036 -0.513635 0.697730
v -0.770107 -0.513635 0.735066
v -0.712677 -0.513635 0.800064
v -0.675740 -0.513635 0.805585
v -0.556091 -0.513636 0.732159
v -0.512384 -0.513636 0.770205
v -0.568610 -0.513635 0.898833
v -0.558049 -0.513635 0.934657
v -0.485754 -0.513635 0.982576
v -0.448647 -0.513635 0.978349
v -0.352079 -0.513636 0.876458
v -0.300013 -0.513636 0.901894
v -0.321033 -0.513635 1.040693
v -0.301560 -0.513635 1.072562
v -0.219325 -0.513635 1.100137
v -0.184576 -0.513635 1.086449
v -0.117670 -0.513636 0.963037
v -0.060795 -0.513636 0.974131
v -0.045175 -0.513635 1.113641
v -0.018117 -0.513635 1.139384
v 0.068452 -0.513635 1.144736
v 0.098475 -0.513635 1.122521
v 0.131159 -0.513636 0.985997
v 0.188968 -0.513636 0.981992
v 0.240164 -0.513635 1.112705
v 0.272963 -0.513635 1.130568
v 0.357967 -0.513635 1.113332
v 0.381217 -0.513635 1.084104
v 0.377453 -0.513636 0.943773
v 0.432255 -0.513636 0.924943
v 0.515538 -0.513635 1.037951
v 0.407817 -0.513636 -0.612982
v 0.563407 -0.513636 -0.509853
v 0.687003 -0.513636 -0.369969
v 0.770184 -0.513636 -0.202863
v 0.807279 -0.513636 -0.019921
v 0.795762 -0.513636 0.166387
v 0.736418 -0.513636 0.343367
v 0.633289 -0.513636 0.498957
v 0.493405 -0.513636 0.622553
v 0.326298 -0.513636 0.705734
v 0.143358 -0.513636 0.742830
v -0.042951 -0.513636 0.731312
v -0.219931 -0.513636 0.671968
v -0.375520 -0.513636 0.568839
v -0.499117 -0.513636 0.428956
v -0.582297 -0.513636 0.261849
v -0.619393 -0.513636 0.078907
v -0.607876 -0.513636 -0.107401
v -0.548531 -0.513636 -0.284381
v -0.445403 -0.513636 -0.439971
v -0.305519 -0.513636 -0.563567
v -0.138413 -0.513636 -0.646747
v 0.044529 -0.513636 -0.683843
v 0.230837 -0.513636 -0.672326
v 1.027225 -0.513636 -0.035158
v 0.978691 -0.513636 -0.274505
v 0.869864 -0.513636 -0.493137
v 0.708158 -0.513636 -0.676152
v 0.504595 -0.513636 -0.811078
v 0.273047 -0.513636 -0.888721
v 0.029293 -0.513636 -0.903789
v -0.210055 -0.513636 -0.855256
v -0.428686 -0.513636 -0.746428
v -0.611701 -0.513636 -0.584722
v -0.746628 -0.513636 -0.381159
v -0.824270 -0.513636 -0.149611
v -0.839338 -0.513636 0.094144
v -0.790805 -0.513636 0.333492
v -0.681977 -0.513636 0.552123
v -0.520271 -0.513636 0.735137
v -0.316709 -0.513636 0.870063
v -0.085161 -0.513636 0.947707
v 0.158594 -0.513636 0.962775
v 0.397942 -0.513636 0.914241
v 0.616573 -0.513636 0.805413
v 0.799588 -0.513636 0.643708
v 0.934514 -0.513636 0.440145
v 1.012157 -0.513636 0.208596
v -0.027386 -0.406766 -0.381601
v -0.098536 -0.406766 -0.361357
v 0.073649 -0.406766 -0.263472
v -0.005532 -0.406766 -0.172504
v -0.125194 -0.406766 -0.295850
v -0.142437 -0.406766 -0.253481
v -0.026155 -0.406766 -0.148811
v -0.040875 -0.406766 -0.131900
v -0.252679 -0.406766 -0.485120
v -0.313521 -0.406766 -0.575449
v -0.334634 -0.406766 -0.419427
v -0.456208 -0.406766 -0.449376
v -0.541028 -0.406766 -0.109611
v -0.621935 -0.406766 -0.110144
v -0.549431 -0.406766 0.074060
v -0.633684 -0.406766 0.079897
v -0.348384 -0.406766 -0.000140
v -0.462490 -0.406766 -0.023578
v -0.364927 -0.406766 0.061279
v -0.467247 -0.406766 0.068368
v -0.089692 -0.406766 -0.600576
v -0.020231 -0.406766 -0.575134
v 0.043539 -0.406766 -0.698135
v 0.049376 -0.406766 -0.613881
v -0.199021 -0.406766 0.049787
v -0.187428 -0.406766 -0.307341
v -0.172913 -0.406766 -0.366695
v -0.255079 -0.406766 -0.381931
v -0.218650 -0.406766 -0.434599
v -0.167996 -0.406766 -0.386799
v -0.209236 -0.406766 -0.448211
v -0.206503 -0.406766 -0.522133
v -0.197711 -0.406766 -0.265292
v -0.276248 -0.406766 -0.351324
v -0.390355 -0.406766 -0.374763
v -0.496446 -0.406766 -0.326654
v 0.062156 -0.406766 -0.429378
v 0.018276 -0.406766 -0.439800
v 0.055068 -0.406766 -0.531699
v 0.021009 -0.406766 -0.513722
v -0.160841 -0.406766 -0.580332
v -0.143067 -0.406766 -0.660296
v -0.553998 -0.406766 -0.225375
v -0.561402 -0.406766 -0.290669
v -0.242293 -0.406766 -0.048249
v -0.135233 -0.406766 -0.023496
v -0.184741 -0.406766 -0.149528
v -0.082627 -0.406766 -0.083932
v 0.215273 -0.406766 0.440587
v 0.286422 -0.406766 0.420342
v 0.114238 -0.406766 0.322457
v 0.193419 -0.406766 0.231489
v 0.313081 -0.406766 0.354835
v 0.330323 -0.406766 0.312466
v 0.214042 -0.406766 0.207796
v 0.228761 -0.406766 0.190885
v 0.440566 -0.406766 0.544105
v 0.501408 -0.406766 0.634434
v 0.522521 -0.406766 0.478412
v 0.644095 -0.406766 0.508361
v 0.728915 -0.406766 0.168596
v 0.809822 -0.406766 0.169129
v 0.737317 -0.406766 -0.015075
v 0.821571 -0.406766 -0.020912
v 0.536270 -0.406766 0.059125
v 0.650377 -0.406766 0.082564
v 0.552814 -0.406766 -0.002294
v 0.655134 -0.406766 -0.009383
v 0.277578 -0.406766 0.659561
v 0.208118 -0.406766 0.634119
v 0.144348 -0.406766 0.757120
v 0.138511 -0.406766 0.672867
v 0.386908 -0.406766 0.009198
v 0.375315 -0.406766 0.366326
v 0.360799 -0.406766 0.425680
v 0.442966 -0.406766 0.440916
v 0.406537 -0.406766 0.493584
v 0.355883 -0.406766 0.445784
v 0.397122 -0.406766 0.507196
v 0.394390 -0.406766 0.581119
v 0.385598 -0.406766 0.324278
v 0.464135 -0.406766 0.410310
v 0.578242 -0.406766 0.433748
v 0.684333 -0.406766 0.385639
v 0.125730 -0.406766 0.488363
v 0.169611 -0.406766 0.498785
v 0.132818 -0.406766 0.590684
v 0.166878 -0.406766 0.572708
v 0.348728 -0.406766 0.639317
v 0.330954 -0.406766 0.719281
v 0.741885 -0.406766 0.284360
v 0.749289 -0.406766 0.349655
v 0.430180 -0.406766 0.107234
v 0.323120 -0.406766 0.082481
v 0.372628 -0.406766 0.208513
v 0.270514 -0.406766 0.142917
v -0.317150 -0.406766 0.150822
v -0.296906 -0.406766 0.221971
v -0.108053 -0.406766 0.128968
v -0.231399 -0.406766 0.248630
v -0.189030 -0.406766 0.265873
v -0.084360 -0.406766 0.149591
v -0.067449 -0.406766 0.164311
v -0.420669 -0.406766 0.376115
v -0.510998 -0.406766 0.436957
v -0.354977 -0.406766 0.458070
v -0.384925 -0.406766 0.579644
v -0.045160 -0.406766 0.664464
v -0.045693 -0.406766 0.745372
v 0.064311 -0.406766 0.471820
v 0.040872 -0.406766 0.585926
v -0.536125 -0.406766 0.213128
v -0.510683 -0.406766 0.143667
v -0.242890 -0.406766 0.310864
v -0.302244 -0.406766 0.296348
v -0.317480 -0.406766 0.378515
v -0.370148 -0.406766 0.342086
v -0.322349 -0.406766 0.291432
v -0.383760 -0.406766 0.332672
v -0.457683 -0.406766 0.329939
v -0.200842 -0.406766 0.321147
v -0.286874 -0.406766 0.399685
v -0.310312 -0.406766 0.513791
v -0.262204 -0.406766 0.619882
v -0.375349 -0.406766 0.105160
v -0.449272 -0.406766 0.102427
v -0.515881 -0.406766 0.284277
v -0.595845 -0.406766 0.266503
v -0.160924 -0.406766 0.677434
v -0.226219 -0.406766 0.684838
v 0.016202 -0.406766 0.365729
v 0.040955 -0.406766 0.258669
v -0.085077 -0.406766 0.308177
v -0.019482 -0.406766 0.206063
v 0.505037 -0.406766 -0.091837
v 0.484793 -0.406766 -0.162986
v 0.295940 -0.406766 -0.069983
v 0.419285 -0.406766 -0.189645
v 0.376917 -0.406766 -0.206887
v 0.272247 -0.406766 -0.090606
v 0.255336 -0.406766 -0.105326
v 0.608555 -0.406766 -0.317130
v 0.698884 -0.406766 -0.377972
v 0.542863 -0.406766 -0.399085
v 0.572812 -0.406766 -0.520659
v 0.233046 -0.406766 -0.605479
v 0.233580 -0.406766 -0.686386
v 0.123576 -0.406766 -0.412835
v 0.147014 -0.406766 -0.526941
v 0.724012 -0.406766 -0.154143
v 0.698569 -0.406766 -0.084682
v 0.430777 -0.406766 -0.251879
v 0.490130 -0.406766 -0.237364
v 0.505367 -0.406766 -0.319530
v 0.558035 -0.406766 -0.283101
v 0.510235 -0.406766 -0.232447
v 0.571647 -0.406766 -0.273686
v 0.645569 -0.406766 -0.270954
v 0.388728 -0.406766 -0.262162
v 0.474761 -0.406766 -0.340699
v 0.498199 -0.406766 -0.454806
v 0.450090 -0.406766 -0.560897
v 0.563236 -0.406766 -0.046175
v 0.637159 -0.406766 -0.043442
v 0.703768 -0.406766 -0.225292
v 0.783731 -0.406766 -0.207518
v 0.348811 -0.406766 -0.618449
v 0.414105 -0.406766 -0.625853
v 0.171685 -0.406766 -0.306744
v 0.146932 -0.406766 -0.199684
v 0.272964 -0.406766 -0.249192
v 0.207368 -0.406766 -0.147078
v 0.169151 -0.406766 -0.124451
v 0.206432 -0.406766 -0.099741
v 0.236047 -0.406766 -0.066223
v 0.255978 -0.406766 -0.026182
v 0.264867 -0.406766 0.017652
v 0.262107 -0.406766 0.062294
v 0.247888 -0.406766 0.104700
v 0.223177 -0.406766 0.141981
v 0.189660 -0.406766 0.171596
v 0.149619 -0.406766 0.191527
v 0.105784 -0.406766 0.200416
v 0.061142 -0.406766 0.197657
v 0.018736 -0.406766 0.183437
v -0.018545 -0.406766 0.158726
v -0.048160 -0.406766 0.125209
v -0.068091 -0.406766 0.085168
v -0.076980 -0.406766 0.041333
v -0.074220 -0.406766 -0.003309
v -0.060000 -0.406766 -0.045715
v -0.035290 -0.406766 -0.082996
v -0.001772 -0.406766 -0.112611
v 0.038268 -0.406766 -0.132542
v 0.082103 -0.406766 -0.141431
v 0.126745 -0.406766 -0.138671
v -0.098536 -0.513636 -0.361357
v -0.027386 -0.513636 -0.381601
v -0.456208 -0.513636 -0.449376
v -0.313521 -0.513636 -0.575449
v -0.633684 -0.513636 0.079897
v -0.621935 -0.513636 -0.110144
v -0.462490 -0.513636 -0.023578
v -0.348384 -0.513636 -0.000140
v -0.020231 -0.513636 -0.575134
v -0.089692 -0.513636 -0.600576
v -0.209236 -0.513636 -0.448211
v -0.167996 -0.513636 -0.386799
v -0.206503 -0.513636 -0.522133
v -0.197711 -0.513636 -0.265292
v -0.276248 -0.513636 -0.351324
v -0.390355 -0.513636 -0.374763
v -0.496446 -0.513636 -0.326654
v 0.018276 -0.513636 -0.439800
v 0.021009 -0.513636 -0.513722
v -0.143067 -0.513636 -0.660296
v 0.043539 -0.513636 -0.698135
v -0.160841 -0.513636 -0.580332
v -0.541028 -0.513636 -0.109611
v -0.561402 -0.513636 -0.290669
v -0.553998 -0.513636 -0.225375
v -0.242293 -0.513636 -0.048249
v -0.184741 -0.513636 -0.149528
v 0.286422 -0.513636 0.420342
v 0.215273 -0.513636 0.440586
v 0.644094 -0.513636 0.508361
v 0.501408 -0.513636 0.634434
v 0.821570 -0.513636 -0.020912
v 0.809822 -0.513636 0.169129
v 0.650377 -0.513636 0.082563
v 0.536270 -0.513636 0.059125
v 0.208118 -0.513636 0.634119
v 0.277578 -0.513636 0.659561
v 0.397122 -0.513636 0.507196
v 0.355883 -0.513636 0.445784
v 0.394389 -0.513636 0.581119
v 0.385598 -0.513636 0.324278
v 0.464135 -0.513636 0.410310
v 0.578242 -0.513636 0.433748
v 0.684333 -0.513636 0.385639
v 0.169611 -0.513636 0.498785
v 0.166878 -0.513636 0.572708
v 0.330954 -0.513636 0.719281
v 0.144348 -0.513636 0.757120
v 0.348728 -0.513636 0.639317
v 0.728915 -0.513636 0.168596
v 0.749289 -0.513636 0.349655
v 0.741885 -0.513636 0.284360
v 0.430180 -0.513636 0.107234
v 0.372628 -0.513636 0.208513
v -0.296906 -0.513636 0.221971
v -0.317150 -0.513636 0.150822
v -0.384925 -0.513636 0.579644
v -0.510998 -0.513636 0.436957
v -0.045693 -0.513636 0.745372
v 0.040872 -0.513636 0.585926
v 0.064311 -0.513636 0.471820
v -0.510683 -0.513636 0.143667
v -0.536125 -0.513636 0.213128
v -0.383760 -0.513636 0.332672
v -0.322349 -0.513636 0.291432
v -0.457683 -0.513636 0.329939
v -0.200842 -0.513636 0.321147
v -0.286874 -0.513636 0.399685
v -0.310312 -0.513636 0.513791
v -0.262204 -0.513636 0.619882
v -0.375349 -0.513636 0.105160
v -0.449272 -0.513636 0.102427
v -0.595845 -0.513636 0.266503
v -0.515881 -0.513636 0.284277
v -0.045160 -0.513636 0.664464
v -0.226219 -0.513636 0.684838
v -0.160924 -0.513636 0.677434
v 0.016202 -0.513636 0.365729
v -0.085077 -0.513636 0.308177
v 0.484793 -0.513636 -0.162986
v 0.505037 -0.513636 -0.091837
v 0.572812 -0.513636 -0.520659
v 0.698884 -0.513636 -0.377972
v 0.233580 -0.513636 -0.686386
v 0.147014 -0.513636 -0.526941
v 0.123576 -0.513636 -0.412835
v 0.698569 -0.513636 -0.084682
v 0.724012 -0.513636 -0.154143
v 0.571647 -0.513636 -0.273686
v 0.510235 -0.513636 -0.232447
v 0.645569 -0.513636 -0.270954
v 0.388728 -0.513636 -0.262162
v 0.474760 -0.513636 -0.340700
v 0.498198 -0.513636 -0.454806
v 0.450090 -0.513636 -0.560897
v 0.563236 -0.513636 -0.046175
v 0.637158 -0.513636 -0.043442
v 0.783731 -0.513636 -0.207518
v 0.703768 -0.513636 -0.225292
v 0.233046 -0.513636 -0.605479
v 0.414105 -0.513636 -0.625853
v 0.348811 -0.513636 -0.618449
v 0.171685 -0.513636 -0.306744
v 0.272964 -0.513636 -0.249192
v 0.206432 -0.513636 -0.099741
v 0.169151 -0.513636 -0.124451
v 0.236047 -0.513636 -0.066223
v 0.255978 -0.513636 -0.026182
v 0.264867 -0.513636 0.017652
v 0.262107 -0.513636 0.062294
v 0.247888 -0.513636 0.104700
v 0.223177 -0.513636 0.141981
v 0.189660 -0.513636 0.171596
v 0.149619 -0.513636 0.191527
v 0.105784 -0.513636 0.200416
v 0.061142 -0.513636 0.197657
v 0.018736 -0.513636 0.183437
v -0.018545 -0.513636 0.158726
v -0.048160 -0.513636 0.125208
v -0.068091 -0.513636 0.085168
v -0.076980 -0.513636 0.041333
v -0.074220 -0.513636 -0.003309
v -0.060000 -0.513636 -0.045715
v -0.035290 -0.513636 -0.082996
v -0.001772 -0.513636 -0.112611
v 0.038268 -0.513636 -0.132542
v 0.082103 -0.513636 -0.141431
v 0.126745 -0.513636 -0.138671
v -0.665851 -0.034513 0.369300
v -0.659959 -0.026051 0.379346
v -0.625665 -0.034513 0.345729
v -0.619771 -0.026051 0.355775
v -0.652675 -0.026051 0.391764
v -0.612488 -0.026051 0.368194
v -0.646782 -0.034513 0.401811
v -0.606595 -0.034513 0.378241
v -0.646782 -0.034513 0.401811
v -0.644531 -0.048205 0.405649
v -0.606595 -0.034513 0.378241
v -0.604344 -0.048205 0.382078
v -0.646782 -0.061898 0.401811
v -0.606595 -0.061897 0.378241
v -0.652675 -0.070360 0.391764
v -0.612488 -0.070360 0.368194
v -0.659959 -0.070360 0.379346
v -0.619771 -0.070360 0.355776
v -0.665851 -0.061898 0.369300
v -0.625664 -0.061897 0.345729
v -0.668102 -0.048205 0.365462
v -0.627915 -0.048205 0.341891
v -0.659959 -0.026051 0.379346
v -0.665851 -0.034513 0.369300
v -0.656316 -0.048205 0.385555
v -0.652675 -0.026051 0.391764
v -0.646782 -0.034513 0.401811
v -0.644531 -0.048205 0.405649
v -0.646782 -0.061898 0.401811
v -0.652675 -0.070360 0.391764
v -0.659959 -0.070360 0.379346
v -0.665851 -0.061898 0.369300
v -0.668102 -0.048205 0.365462
v -0.625665 -0.034513 0.345729
v -0.619771 -0.026051 0.355775
v -0.616130 -0.048205 0.361985
v -0.612488 -0.026051 0.368194
v -0.606595 -0.034513 0.378241
v -0.604344 -0.048205 0.382078
v -0.606595 -0.061897 0.378241
v -0.612488 -0.070360 0.368194
v -0.619771 -0.070360 0.355776
v -0.625664 -0.061897 0.345729
v -0.627915 -0.048205 0.341891
v -0.384066 -0.034513 0.653395
v -0.373940 -0.026051 0.659149
v -0.361049 -0.034513 0.612889
v -0.350922 -0.026051 0.618642
v -0.361423 -0.026051 0.666261
v -0.338405 -0.026051 0.625755
v -0.351296 -0.034513 0.672016
v -0.328279 -0.034513 0.631510
v -0.351296 -0.034513 0.672016
v -0.347428 -0.048205 0.674214
v -0.328279 -0.034513 0.631510
v -0.324411 -0.048205 0.633708
v -0.351296 -0.061898 0.672016
v -0.328279 -0.061897 0.631510
v -0.361423 -0.070360 0.666261
v -0.338405 -0.070360 0.625755
v -0.373940 -0.070360 0.659149
v -0.350923 -0.070360 0.618643
v -0.384066 -0.061898 0.653394
v -0.361049 -0.061897 0.612888
v -0.387934 -0.048205 0.651196
v -0.364917 -0.048205 0.610690
v -0.373940 -0.026051 0.659149
v -0.384066 -0.034513 0.653395
v -0.367681 -0.048205 0.662705
v -0.361423 -0.026051 0.666261
v -0.351296 -0.034513 0.672016
v -0.347428 -0.048205 0.674214
v -0.351296 -0.061898 0.672016
v -0.361423 -0.070360 0.666261
v -0.373940 -0.070360 0.659149
v -0.384066 -0.061898 0.653394
v -0.387934 -0.048205 0.651196
v -0.361049 -0.034513 0.612889
v -0.350922 -0.026051 0.618642
v -0.344664 -0.048205 0.622199
v -0.338405 -0.026051 0.625755
v -0.328279 -0.034513 0.631510
v -0.324411 -0.048205 0.633708
v -0.328279 -0.061897 0.631510
v -0.338405 -0.070360 0.625755
v -0.350923 -0.070360 0.618643
v -0.361049 -0.061897 0.612888
v -0.364917 -0.048205 0.610690
v 0.002013 -0.034513 0.758536
v 0.013661 -0.026051 0.758456
v 0.001695 -0.034513 0.711948
v 0.013342 -0.026051 0.711868
v 0.028058 -0.026051 0.758357
v 0.027738 -0.026051 0.711769
v 0.039704 -0.034513 0.758277
v 0.039385 -0.034513 0.711690
v 0.039704 -0.034513 0.758277
v 0.044153 -0.048205 0.758247
v 0.039385 -0.034513 0.711690
v 0.043834 -0.048205 0.711659
v 0.039704 -0.061898 0.758277
v 0.039385 -0.061897 0.711690
v 0.028058 -0.070360 0.758357
v 0.027738 -0.070360 0.711769
v 0.013661 -0.070360 0.758456
v 0.013342 -0.070360 0.711868
v 0.002014 -0.061898 0.758535
v 0.001695 -0.061897 0.711948
v -0.002435 -0.048205 0.758566
v -0.002754 -0.048205 0.711978
v 0.013661 -0.026051 0.758456
v 0.002013 -0.034513 0.758536
v 0.020859 -0.048205 0.758406
v 0.028058 -0.026051 0.758357
v 0.039704 -0.034513 0.758277
v 0.044153 -0.048205 0.758247
v 0.039704 -0.061898 0.758277
v 0.028058 -0.070360 0.758357
v 0.013661 -0.070360 0.758456
v 0.002014 -0.061898 0.758535
v -0.002435 -0.048205 0.758566
v 0.001695 -0.034513 0.711948
v 0.013342 -0.026051 0.711868
v 0.020540 -0.048205 0.711819
v 0.027738 -0.026051 0.711769
v 0.039385 -0.034513 0.711690
v 0.043834 -0.048205 0.711659
v 0.039385 -0.061897 0.711690
v 0.027738 -0.070360 0.711769
v 0.013342 -0.070360 0.711868
v 0.001695 -0.061897 0.711948
v -0.002754 -0.048205 0.711978
v -0.060000 -0.406766 -0.045715
v -0.074220 -0.406766 -0.003309
v -0.076980 -0.406766 0.041333
v -0.068091 -0.406766 0.085168
v -0.018545 -0.406766 0.158726
v 0.018736 -0.406766 0.183437
v 0.061142 -0.406766 0.197657
v 0.149619 -0.406766 0.191527
v 0.189660 -0.406766 0.171596
v 0.223177 -0.406766 0.141981
v 0.262107 -0.406766 0.062294
v 0.206432 -0.406766 -0.099741
v 0.414105 -0.406766 -0.625853
v 0.783731 -0.406766 -0.207518
v 0.563236 -0.406766 -0.046175
v 0.388728 -0.406766 -0.262162
v 0.698569 -0.406766 -0.084682
v 0.147014 -0.406766 -0.526941
v 0.123576 -0.406766 -0.412835
v 0.233580 -0.406766 -0.686386
v 0.233046 -0.406766 -0.605479
v 0.505037 -0.406766 -0.091837
v -0.085077 -0.406766 0.308177
v -0.226219 -0.406766 0.684838
v -0.160924 -0.406766 0.677434
v -0.595845 -0.406766 0.266503
v -0.262204 -0.406766 0.619882
v -0.286874 -0.406766 0.399685
v -0.383760 -0.406766 0.332672
v 0.040872 -0.406766 0.585926
v -0.200842 -0.406766 0.321147
v 0.064311 -0.406766 0.471820
v -0.045693 -0.406766 0.745372
v -0.384925 -0.406766 0.579644
v -0.510998 -0.406766 0.436957
v 0.372628 -0.406766 0.208513
v 0.749289 -0.406766 0.349655
v 0.430180 -0.406766 0.107234
v 0.741885 -0.406766 0.284360
v 0.330954 -0.406766 0.719281
v 0.348728 -0.406766 0.639317
v 0.169611 -0.406766 0.498785
v 0.394390 -0.406766 0.581119
v 0.397122 -0.406766 0.507196
v 0.355883 -0.406766 0.445784
v 0.144348 -0.406766 0.757120
v 0.208118 -0.406766 0.634119
v 0.277578 -0.406766 0.659561
v 0.650377 -0.406766 0.082564
v 0.536270 -0.406766 0.059125
v 0.728915 -0.406766 0.168596
v 0.501408 -0.406766 0.634434
v 0.286422 -0.406766 0.420342
v 0.215273 -0.406766 0.440587
v -0.553998 -0.406766 -0.225375
v -0.160841 -0.406766 -0.580332
v 0.018276 -0.406766 -0.439800
v -0.496446 -0.406766 -0.326654
v -0.276248 -0.406766 -0.351324
v -0.209236 -0.406766 -0.448211
v -0.089692 -0.406766 -0.600576
v -0.348384 -0.406766 -0.000140
v -0.541028 -0.406766 -0.109611
v -0.313521 -0.406766 -0.575449
v -0.098536 -0.406766 -0.361357
v 1.012157 -0.513636 0.208596
v 0.397942 -0.513636 0.914241
v -0.085161 -0.513636 0.947707
v -0.824270 -0.513636 -0.149611
v -0.746628 -0.513636 -0.381159
v -0.428686 -0.513636 -0.746428
v 0.029293 -0.513636 -0.903789
v 0.708158 -0.513636 -0.676152
v 0.869864 -0.513636 -0.493137
v 0.978691 -0.513636 -0.274505
v 1.027225 -0.513636 -0.035158
v 1.038581 -0.406743 0.184231
v 1.050447 -0.406743 -0.007723
v 0.082103 -0.406766 -0.141431
v 1.027488 -0.406743 0.241106
v 0.966345 -0.406743 0.423449
v 0.940908 -0.406743 0.475515
v 0.834655 -0.406743 0.635819
v 0.652487 -0.406743 0.806869
v 0.604425 -0.406743 0.839242
v 0.432255 -0.406743 0.924943
v 0.377453 -0.406743 0.943773
v 0.188968 -0.406743 0.981992
v 0.131159 -0.406743 0.985997
v -0.060795 -0.406743 0.974131
v -0.300013 -0.406743 0.901894
v -0.512384 -0.406743 0.770205
v -0.683433 -0.406743 0.588036
v -0.801507 -0.406743 0.367805
v -0.820337 -0.406743 0.313002
v -0.778458 -0.406743 -0.364464
v -0.608723 -0.406743 -0.620542
v -0.189566 -0.406743 -0.884788
v -0.001082 -0.406743 -0.923007
v 0.248681 -0.406743 -0.915146
v 0.305557 -0.406743 -0.904052
v 0.539965 -0.406743 -0.817472
v 0.700269 -0.406743 -0.711219
v 0.989393 -0.406743 -0.308819
v 1.046443 -0.406743 -0.065532
v 0.799588 -0.406743 0.643708
v 0.799588 -0.406743 0.643708
v 0.326298 -0.406743 0.705734
v 0.158594 -0.406743 0.962775
v 0.158594 -0.406743 0.962775
v -0.042951 -0.406743 0.731312
v -0.085161 -0.406743 0.947707
v -0.085161 -0.406743 0.947707
v -0.219931 -0.406743 0.671968
v -0.316709 -0.406743 0.870063
v -0.316709 -0.406743 0.870063
v -0.520271 -0.406743 0.735137
v -0.520271 -0.406743 0.735137
v -0.681978 -0.406743 0.552123
v -0.681978 -0.406743 0.552123
v -0.582297 -0.406743 0.261849
v -0.619393 -0.406743 0.078907
v -0.790805 -0.406743 0.333492
v -0.790805 -0.406743 0.333492
v -0.839339 -0.406743 0.094143
v -0.839339 -0.406743 0.094143
v -0.607876 -0.406743 -0.107401
v -0.824270 -0.406743 -0.149611
v -0.824270 -0.406743 -0.149611
v -0.548531 -0.406743 -0.284381
v -0.305519 -0.406743 -0.563567
v -0.210055 -0.406743 -0.855256
v -0.210055 -0.406743 -0.855256
v 0.044529 -0.406743 -0.683843
v 0.230837 -0.406743 -0.672326
v 0.273047 -0.406743 -0.888721
v 0.273047 -0.406743 -0.888721
v 0.504595 -0.406743 -0.811078
v 0.504595 -0.406743 -0.811078
v 0.563407 -0.406743 -0.509853
v 0.708158 -0.406743 -0.676152
v 0.708158 -0.406743 -0.676152
v 0.687003 -0.406743 -0.369969
v 0.869864 -0.406743 -0.493137
v 0.869864 -0.406743 -0.493137
v 0.770184 -0.406743 -0.202863
v -0.485754 -0.406743 0.982576
v -0.558049 -0.406744 0.934657
v -0.568610 -0.406743 0.898833
v 0.745936 -0.406744 -0.875671
v 0.756496 -0.406744 -0.839847
v 0.372462 -0.406744 -1.027464
v 0.508919 -0.406744 -0.981707
v 0.119434 -0.406744 -1.085750
v 0.233061 -0.406744 -1.054655
v -0.170081 -0.406744 -1.054347
v -0.052277 -0.406744 -1.053720
v -0.456496 -0.406744 -0.914831
v -0.363956 -0.406744 -0.987731
v -0.682149 -0.406744 -0.740190
v -0.949127 -0.406744 -0.366010
v -1.021300 -0.406744 0.004002
v -0.989270 -0.406743 0.175714
v -0.850381 -0.406743 0.579931
v -0.219325 -0.406744 1.100137
v -0.301559 -0.406743 1.072562
v 0.098475 -0.406743 1.122521
v 0.357967 -0.406744 1.113332
v 0.272963 -0.406744 1.130568
v 0.551842 -0.406744 1.046717
v 0.515538 -0.406743 1.037951
v 0.864515 -0.406743 0.836113
v 0.799517 -0.406744 0.893542
v 0.762181 -0.406743 0.894472
v 1.042799 -0.406743 0.572082
v 0.964251 -0.406743 0.692469
v 1.047026 -0.406744 0.609190
v 1.164587 -0.406744 0.342760
v 1.137013 -0.406744 0.424995
v 1.186970 -0.406743 0.024960
v 1.203835 -0.406743 0.141552
v 1.178091 -0.406743 0.168610
v 1.177782 -0.406744 -0.234531
v 1.148554 -0.406744 -0.257781
v 1.195019 -0.406744 -0.149527
v 1.177156 -0.406743 -0.116728
v 1.038267 -0.406744 -0.520946
v -0.415733 -0.243657 0.190830
v -0.400570 -0.243658 0.159483
v -0.430393 -0.243657 0.158128
v -0.442441 -0.243657 0.124376
v -0.445194 -0.243657 0.115253
v -0.422561 -0.243658 0.095787
v -0.451804 -0.243657 0.089783
v -0.453834 -0.243657 0.080472
v -0.462808 -0.243657 0.009416
v -0.435547 -0.243658 -0.037939
v -0.460557 -0.243657 -0.062168
v -0.456916 -0.243657 -0.088228
v -0.455228 -0.243657 -0.097608
v -0.426224 -0.243658 -0.104676
v -0.449554 -0.243658 -0.123301
v -0.417666 -0.243658 -0.137291
v -0.439462 -0.243658 -0.157689
v -0.426705 -0.243658 -0.191179
v -0.422873 -0.243658 -0.199905
v -0.411358 -0.243658 -0.223564
v -0.406854 -0.243658 -0.231963
v -0.377085 -0.243658 -0.229722
v -0.373294 -0.243658 -0.284232
v -0.367531 -0.243658 -0.291823
v -0.350811 -0.243658 -0.312140
v -0.344471 -0.243658 -0.319255
v -0.316047 -0.243658 -0.310127
v -0.319329 -0.243658 -0.344794
v -0.291709 -0.243658 -0.333464
v -0.271259 -0.243658 -0.384134
v -0.237926 -0.243658 -0.374061
v -0.233024 -0.243658 -0.408536
v -0.208813 -0.243658 -0.391072
v -0.178454 -0.243658 -0.405745
v -0.177099 -0.243658 -0.435568
v -0.147038 -0.243658 -0.417992
v -0.143348 -0.243658 -0.447616
v -0.108755 -0.243658 -0.456979
v -0.099443 -0.243658 -0.459009
v -0.081813 -0.243658 -0.434917
v -0.073534 -0.243658 -0.463599
v -0.064092 -0.243658 -0.464892
v -0.014744 -0.243658 -0.441431
v 0.007449 -0.243658 -0.468265
v 0.033714 -0.243658 -0.466680
v 0.069257 -0.243658 -0.462092
v -0.429742 -0.243658 0.062842
v 0.078636 -0.243658 -0.460404
v 0.085705 -0.243658 -0.431399
v 0.118319 -0.243658 -0.422841
v 0.147718 -0.243658 -0.441503
v 0.204594 -0.243658 -0.416532
v 0.243693 -0.243658 -0.393543
v 0.272850 -0.243658 -0.372706
v 0.265981 -0.243658 -0.343654
v 0.319226 -0.243658 -0.331382
v 0.314492 -0.243658 -0.296884
v 0.370600 -0.243658 -0.268608
v 0.384757 -0.243658 -0.246428
v 0.389564 -0.243658 -0.238199
v 0.372099 -0.243658 -0.213988
v 0.401936 -0.243658 -0.214976
v 0.386773 -0.243658 -0.183629
v 0.420057 -0.243658 -0.173395
v 0.399020 -0.243658 -0.152213
v 0.431398 -0.243658 -0.139399
v 0.408764 -0.243658 -0.119933
v 0.440037 -0.243658 -0.104618
v 0.444627 -0.243657 -0.078709
v 0.445920 -0.243657 -0.069267
v 0.448463 -0.243657 -0.043077
v 0.449292 -0.243657 0.002274
v 0.446760 -0.243657 0.038022
v 0.412427 -0.243658 0.080529
v 0.435757 -0.243657 0.099155
v 0.433338 -0.243657 0.108373
v 0.422531 -0.243657 0.142542
v 0.392778 -0.243658 0.144986
v 0.409076 -0.243657 0.175758
v 0.363288 -0.243658 0.205576
v 0.374572 -0.243657 0.238518
v 0.324683 -0.243658 0.260806
v 0.330674 -0.243657 0.295108
v 0.312411 -0.243657 0.314051
v 0.277913 -0.243658 0.309317
v 0.285840 -0.243657 0.338099
v 0.278464 -0.243657 0.344134
v 0.251819 -0.243658 0.330672
v 0.249637 -0.243657 0.365425
v 0.219228 -0.243657 0.384390
v 0.195016 -0.243658 0.366925
v 0.196005 -0.243657 0.396761
v 0.187425 -0.243657 0.400909
v 0.164658 -0.243658 0.381598
v 0.154424 -0.243657 0.414882
v 0.120428 -0.243657 0.426223
v 0.094958 -0.243657 0.432832
v 0.050295 -0.243657 0.440745
v 0.024106 -0.243657 0.443289
v 0.014591 -0.243657 0.443837
v 0.000948 -0.243658 0.417284
v -0.011717 -0.243657 0.444317
v -0.021245 -0.243657 0.444117
v -0.032764 -0.243658 0.416576
v -0.047510 -0.243657 0.442532
v -0.083053 -0.243657 0.437945
v -0.092432 -0.243657 0.436256
v -0.099500 -0.243658 0.407252
v -0.118126 -0.243657 0.430582
v -0.127344 -0.243657 0.428164
v -0.152514 -0.243657 0.420491
v -0.163958 -0.243658 0.387603
v -0.186003 -0.243657 0.407733
v -0.194730 -0.243657 0.403902
v -0.218389 -0.243657 0.392386
v -0.249471 -0.243657 0.374546
v -0.257490 -0.243657 0.369397
v -0.286648 -0.243657 0.348560
v -0.304952 -0.243658 0.297076
v -0.339619 -0.243657 0.300357
v -0.328288 -0.243658 0.272738
v -0.378959 -0.243657 0.252288
v -0.384397 -0.243657 0.244462
v -0.398553 -0.243657 0.222282
v -0.403361 -0.217991 0.214053
v -0.403361 -0.217991 0.214053
v -0.385896 -0.217991 0.189841
v -0.385896 -0.217991 0.189841
v -0.415733 -0.217991 0.190830
v -0.415733 -0.217991 0.190830
v -0.430393 -0.217991 0.158128
v -0.430393 -0.217991 0.158128
v -0.433854 -0.217991 0.149248
v -0.433854 -0.217991 0.149248
v -0.442441 -0.217991 0.124376
v -0.442441 -0.217991 0.124376
v -0.445194 -0.217991 0.115253
v -0.445194 -0.217991 0.115253
v -0.429742 -0.217991 0.062842
v -0.429742 -0.217991 0.062842
v -0.458424 -0.217991 0.054562
v -0.458424 -0.217991 0.054562
v -0.462260 -0.217991 0.018931
v -0.462260 -0.217991 0.018931
v -0.462808 -0.217991 0.009416
v -0.462808 -0.217991 0.009416
v -0.435547 -0.217991 -0.037939
v -0.435547 -0.217991 -0.037939
v -0.455228 -0.217991 -0.097608
v -0.455228 -0.217991 -0.097608
v -0.449554 -0.217991 -0.123301
v -0.449554 -0.217991 -0.123301
v -0.417666 -0.217991 -0.137291
v -0.417666 -0.217991 -0.137291
v -0.439462 -0.217991 -0.157689
v -0.439462 -0.217991 -0.157689
v -0.436328 -0.217991 -0.166689
v -0.436328 -0.217991 -0.166689
v -0.406575 -0.217991 -0.169133
v -0.406575 -0.217991 -0.169133
v -0.422873 -0.217991 -0.199905
v -0.422873 -0.217991 -0.199905
v -0.406854 -0.217991 -0.231963
v -0.406854 -0.217991 -0.231963
v -0.373294 -0.217991 -0.284232
v -0.373294 -0.217991 -0.284232
v -0.367531 -0.217991 -0.291823
v -0.367531 -0.217991 -0.291823
v -0.338479 -0.217991 -0.284953
v -0.338479 -0.217991 -0.284953
v -0.326208 -0.217991 -0.338198
v -0.326208 -0.217991 -0.338198
v -0.291709 -0.217991 -0.333464
v -0.291709 -0.217991 -0.333464
v -0.299636 -0.217991 -0.362246
v -0.299636 -0.217991 -0.362246
v -0.385896 -0.243658 0.189841
v -0.292260 -0.217991 -0.368281
v -0.292260 -0.217991 -0.368281
v -0.265615 -0.217991 -0.354819
v -0.265615 -0.217991 -0.354819
v -0.263433 -0.217991 -0.389573
v -0.263433 -0.217991 -0.389573
v -0.237926 -0.217991 -0.374061
v -0.237926 -0.217991 -0.374061
v -0.233024 -0.217991 -0.408536
v -0.233024 -0.217991 -0.408536
v -0.292260 -0.243658 -0.368281
v -0.209802 -0.217991 -0.420908
v -0.209802 -0.217991 -0.420908
v -0.201221 -0.217991 -0.425056
v -0.201221 -0.217991 -0.425056
v -0.168220 -0.217991 -0.439029
v -0.168220 -0.217991 -0.439029
v -0.147038 -0.217991 -0.417992
v -0.147038 -0.217991 -0.417992
v -0.134224 -0.217991 -0.450370
v -0.134224 -0.217991 -0.450370
v -0.114758 -0.217991 -0.427736
v -0.114758 -0.217991 -0.427736
v -0.108755 -0.217991 -0.456979
v -0.108755 -0.217991 -0.456979
v -0.099443 -0.217991 -0.459009
v -0.099443 -0.217991 -0.459009
v -0.073534 -0.217991 -0.463599
v -0.073534 -0.217991 -0.463599
v -0.064092 -0.217991 -0.464892
v -0.064092 -0.217991 -0.464892
v -0.014744 -0.217991 -0.441431
v -0.014744 -0.217991 -0.441431
v 0.007449 -0.217991 -0.468265
v 0.007449 -0.217991 -0.468265
v 0.018968 -0.217991 -0.440723
v 0.018968 -0.217991 -0.440723
v 0.033714 -0.217991 -0.466680
v 0.033714 -0.217991 -0.466680
v 0.043198 -0.217991 -0.465732
v 0.043198 -0.217991 -0.465732
v 0.052519 -0.217991 -0.437372
v 0.052519 -0.217991 -0.437372
v 0.069257 -0.217991 -0.462092
v 0.069257 -0.217991 -0.462092
v 0.078636 -0.217991 -0.460404
v 0.078636 -0.217991 -0.460404
v 0.085705 -0.217991 -0.431399
v 0.085705 -0.217991 -0.431399
v 0.138718 -0.217991 -0.444638
v 0.138718 -0.217991 -0.444638
v 0.150162 -0.217991 -0.411750
v 0.150162 -0.217991 -0.411750
v 0.172208 -0.217991 -0.431880
v 0.172208 -0.217991 -0.431880
v 0.180934 -0.217991 -0.428048
v 0.180934 -0.217991 -0.428048
v 0.181036 -0.217991 -0.398195
v 0.181036 -0.217991 -0.398195
v 0.212992 -0.217991 -0.412028
v 0.212992 -0.217991 -0.412028
v 0.210750 -0.217991 -0.382259
v 0.210750 -0.217991 -0.382259
v 0.235674 -0.217991 -0.398692
v 0.235674 -0.217991 -0.398692
v 0.243693 -0.217991 -0.393543
v 0.243693 -0.217991 -0.393543
v 0.293168 -0.217991 -0.355986
v 0.293168 -0.217991 -0.355986
v 0.300283 -0.217991 -0.349645
v 0.300283 -0.217991 -0.349645
v 0.325822 -0.217991 -0.324504
v 0.325822 -0.217991 -0.324504
v 0.370600 -0.217991 -0.268608
v 0.370600 -0.217991 -0.268608
v 0.384757 -0.217991 -0.246428
v 0.384757 -0.217991 -0.246428
v 0.389564 -0.217991 -0.238199
v 0.389564 -0.217991 -0.238199
v 0.372099 -0.217991 -0.213988
v 0.372099 -0.217991 -0.213988
v 0.401936 -0.217991 -0.214976
v 0.401936 -0.217991 -0.214976
v 0.416596 -0.217991 -0.182274
v 0.416596 -0.217991 -0.182274
v 0.399020 -0.217991 -0.152213
v 0.399020 -0.217991 -0.152213
v 0.428644 -0.217991 -0.148523
v 0.428644 -0.217991 -0.148523
v 0.431398 -0.217991 -0.139399
v 0.431398 -0.217991 -0.139399
v 0.438007 -0.217991 -0.113930
v 0.438007 -0.217991 -0.113930
v 0.440037 -0.217991 -0.104618
v 0.440037 -0.217991 -0.104618
v 0.445920 -0.217991 -0.069267
v 0.445920 -0.217991 -0.069267
v 0.420519 -0.217991 -0.053582
v 0.420519 -0.217991 -0.053582
v 0.448463 -0.217991 -0.043077
v 0.448463 -0.217991 -0.043077
v 0.422458 -0.217991 -0.019919
v 0.422458 -0.217991 -0.019919
v 0.449492 -0.217991 -0.007254
v 0.449492 -0.217991 -0.007254
v 0.449292 -0.217991 0.002274
v 0.449292 -0.217991 0.002274
v 0.421751 -0.217991 0.013792
v 0.421751 -0.217991 0.013792
v 0.447707 -0.217991 0.028539
v 0.447707 -0.217991 0.028539
v 0.446760 -0.217991 0.038022
v 0.446760 -0.217991 0.038022
v 0.441431 -0.217991 0.073461
v 0.441431 -0.217991 0.073461
v 0.433338 -0.217991 0.108373
v 0.433338 -0.217991 0.108373
v 0.425666 -0.217991 0.133542
v 0.425666 -0.217991 0.133542
v 0.392778 -0.217991 0.144986
v 0.392778 -0.217991 0.144986
v 0.409076 -0.217991 0.175758
v 0.409076 -0.217991 0.175758
v 0.393057 -0.217991 0.207816
v 0.393057 -0.217991 0.207816
v 0.363288 -0.217991 0.205576
v 0.363288 -0.217991 0.205576
v 0.379721 -0.217991 0.230499
v 0.379721 -0.217991 0.230499
v 0.374572 -0.217991 0.238518
v 0.374572 -0.217991 0.238518
v 0.345070 -0.217991 0.233949
v 0.345070 -0.217991 0.233949
v 0.324683 -0.217991 0.260806
v 0.324683 -0.217991 0.260806
v 0.330674 -0.217991 0.295108
v 0.330674 -0.217991 0.295108
v 0.277913 -0.217991 0.309317
v 0.277913 -0.217991 0.309317
v 0.249637 -0.217991 0.365425
v 0.249637 -0.217991 0.365425
v 0.224130 -0.217991 0.349914
v 0.224130 -0.217991 0.349914
v 0.227456 -0.217991 0.379582
v 0.227456 -0.217991 0.379582
v 0.195016 -0.217991 0.366925
v 0.195016 -0.217991 0.366925
v 0.164658 -0.217991 0.381598
v 0.164658 -0.217991 0.381598
v 0.154424 -0.217991 0.414882
v 0.154424 -0.217991 0.414882
v 0.129551 -0.217991 0.423469
v 0.129551 -0.217991 0.423469
v 0.120428 -0.217991 0.426223
v 0.120428 -0.217991 0.426223
v 0.094958 -0.217991 0.432832
v 0.094958 -0.217991 0.432832
v 0.050295 -0.217991 0.440745
v 0.050295 -0.217991 0.440745
v 0.034610 -0.217991 0.415344
v 0.034610 -0.217991 0.415344
v 0.024106 -0.217991 0.443289
v 0.024106 -0.217991 0.443289
v 0.014591 -0.217991 0.443837
v 0.014591 -0.217991 0.443837
v -0.056993 -0.217991 0.441585
v -0.056993 -0.217991 0.441585
v -0.083053 -0.217991 0.437945
v -0.083053 -0.217991 0.437945
v -0.092432 -0.217991 0.436256
v -0.092432 -0.217991 0.436256
v -0.118126 -0.217991 0.430582
v -0.118126 -0.217991 0.430582
v -0.132115 -0.217991 0.398694
v -0.132115 -0.217991 0.398694
v -0.161514 -0.217991 0.417356
v -0.161514 -0.217991 0.417356
v -0.218389 -0.217991 0.392386
v -0.218389 -0.217991 0.392386
v -0.224547 -0.217991 0.358113
v -0.224547 -0.217991 0.358113
v -0.249471 -0.217991 0.374546
v -0.249471 -0.217991 0.374546
v -0.252921 -0.217991 0.339896
v -0.252921 -0.217991 0.339896
v -0.279057 -0.217991 0.354322
v -0.279057 -0.217991 0.354322
v -0.279777 -0.217991 0.319508
v -0.279777 -0.217991 0.319508
v -0.306965 -0.217991 0.331839
v -0.306965 -0.217991 0.331839
v -0.314080 -0.217991 0.325499
v -0.314080 -0.217991 0.325499
v -0.349644 -0.217991 0.246644
v -0.349644 -0.217991 0.246644
v -0.384397 -0.217991 0.244462
v -0.384397 -0.217991 0.244462
v -0.299636 -0.243658 -0.362246
v -0.515881 -0.406766 0.284277
v 0.062216 -0.246093 -0.238797
v 0.025898 -0.246093 -0.246818
v -0.048248 -0.246093 -0.245463
v -0.066432 -0.246093 -0.241499
v -0.084249 -0.246093 -0.236121
v -0.118345 -0.246093 -0.221262
v -0.134414 -0.246093 -0.211873
v -0.149697 -0.246093 -0.201252
v -0.177534 -0.246093 -0.176585
v -0.201168 -0.246093 -0.147866
v -0.211223 -0.246093 -0.132205
v -0.220019 -0.246093 -0.115804
v -0.233622 -0.246093 -0.081187
v -0.238345 -0.246093 -0.063185
v 1.209186 -0.406744 0.054983
v -0.241642 -0.246093 -0.044869
v -0.243882 -0.246093 -0.007743
v -0.236324 -0.246093 0.047460
v -0.316709 -0.513636 0.870063
v -0.230945 -0.246093 0.065277
v -0.206698 -0.246093 0.115443
v -0.196077 -0.246093 0.130726
v -0.171409 -0.246093 0.158562
v -0.110628 -0.246093 0.201047
v -0.093587 -0.246093 0.208529
v -0.076012 -0.246093 0.214650
v -0.039694 -0.246093 0.222671
v -0.002568 -0.246093 0.224911
v 0.034451 -0.246093 0.221316
v 0.052635 -0.246093 0.217352
v 0.070452 -0.246093 0.211974
v 0.219826 -0.246093 0.057040
v 0.224549 -0.246093 0.039039
v 0.229695 -0.246093 0.002203
v 0.230086 -0.246093 -0.016404
v 0.229016 -0.246093 -0.034984
v 0.226491 -0.246093 -0.053423
v 0.222527 -0.246093 -0.071607
v 0.210389 -0.246093 -0.106764
v 0.202290 -0.246093 -0.123520
v 0.170493 -0.246093 -0.169275
v 0.143718 -0.246093 -0.195090
v 0.096832 -0.246093 -0.225194
v 0.113233 -0.246093 -0.216398
v 0.128450 -0.112788 -0.205708
v 0.157075 -0.112788 -0.182151
v 0.169914 -0.112788 -0.168761
v 0.209679 -0.112788 -0.106455
v 0.225728 -0.112788 -0.053288
v 0.228244 -0.112788 -0.034909
v 0.219084 -0.112788 0.056814
v 0.212983 -0.112788 0.074332
v 0.205526 -0.112788 0.091318
v 0.196759 -0.112788 0.107665
v 0.213704 -0.246093 0.074616
v 0.135434 -0.112788 0.176487
v 0.120201 -0.112788 0.187073
v 0.104185 -0.112788 0.196431
v 0.087483 -0.112788 0.204504
v 0.070200 -0.112788 0.211242
v -0.002582 -0.112788 0.224136
v -0.057843 -0.112788 0.218618
v -0.142247 -0.112788 0.181561
v -0.157022 -0.112788 0.170345
v -0.170871 -0.112788 0.158004
v -0.183710 -0.112788 0.144615
v -0.206045 -0.112788 0.115026
v -0.215403 -0.112788 0.099009
v -0.223476 -0.112788 0.082308
v -0.230213 -0.112788 0.065024
v -0.235574 -0.112788 0.047266
v -0.239524 -0.112788 0.029141
v -0.242041 -0.112788 0.010762
v -0.242719 -0.112788 -0.026303
v -0.237589 -0.112788 -0.063018
v -0.219322 -0.112788 -0.115464
v -0.200533 -0.112788 -0.147422
v -0.189317 -0.112788 -0.162197
v -0.176976 -0.112788 -0.176047
v -0.149231 -0.112788 -0.200634
v -0.133997 -0.112788 -0.211220
v -0.101279 -0.112788 -0.228651
v -0.066237 -0.112788 -0.240749
v -0.029734 -0.112788 -0.247217
v -0.011214 -0.112788 -0.248283
v 0.007332 -0.112788 -0.247894
v 0.025790 -0.112788 -0.246050
v 0.112841 -0.112788 -0.215730
v 0.061990 -0.112788 -0.238056
v -0.316415 -0.159887 0.152825
v -0.316415 -0.115037 0.152825
v -0.302523 -0.115037 0.176600
v -0.302523 -0.159887 0.176601
v -0.286808 -0.159887 0.199214
v -0.163958 -0.217991 0.387603
v -0.163958 -0.217991 0.387603
v -0.286808 -0.115037 0.199214
v -0.269368 -0.159887 0.220523
v -0.250310 -0.159887 0.240400
v -0.207818 -0.159887 0.275369
v -0.184646 -0.159887 0.290247
v -0.160378 -0.159887 0.303261
v -0.160378 -0.115037 0.303261
v -0.135164 -0.115037 0.314331
v -0.109159 -0.159887 0.323388
v -0.082524 -0.115037 0.330378
v -0.082524 -0.159887 0.330377
v -0.055422 -0.159887 0.335256
v -0.000491 -0.115037 0.338570
v 0.054283 -0.159887 0.333251
v 0.054283 -0.115037 0.333251
v 0.081188 -0.115037 0.327386
v 0.107550 -0.115037 0.319428
v 0.133207 -0.115037 0.309427
v 0.133207 -0.159887 0.309427
v 0.158000 -0.115037 0.297443
v 0.181776 -0.159887 0.283551
v 0.225698 -0.159887 0.250397
v 0.263895 -0.159887 0.210779
v 0.280544 -0.115037 0.188846
v 0.295422 -0.159887 0.165674
v 0.319506 -0.115037 0.116192
v 0.319506 -0.159887 0.116192
v 0.335553 -0.115037 0.063553
v 0.340430 -0.115037 0.036451
v 0.425666 -0.243657 0.133542
v 0.343166 -0.115037 0.009051
v 0.343166 -0.159887 0.009051
v 0.343745 -0.159887 -0.018481
v 0.342161 -0.115037 -0.045972
v 0.342162 -0.159887 -0.045972
v 0.338426 -0.159887 -0.073255
v 0.338426 -0.115037 -0.073255
v 0.324603 -0.159887 -0.126521
v 0.324603 -0.115037 -0.126521
v 0.314602 -0.115037 -0.152179
v 0.314602 -0.159887 -0.152179
v 0.302618 -0.159887 -0.176971
v 0.302618 -0.115037 -0.176971
v 0.288727 -0.115037 -0.200747
v 0.288727 -0.159887 -0.200747
v 0.255572 -0.115037 -0.244669
v 0.255571 -0.159887 -0.244670
v 0.236513 -0.159887 -0.264546
v -0.375520 -0.406743 0.568839
v 0.215954 -0.115037 -0.282866
v 0.215954 -0.159887 -0.282866
v 0.170849 -0.115037 -0.314394
v 0.146582 -0.159887 -0.327409
v 0.146582 -0.115037 -0.327409
v 0.121368 -0.115037 -0.338478
v 0.121368 -0.159887 -0.338479
v 0.068728 -0.115037 -0.354525
v 0.014225 -0.115037 -0.362138
v 0.014225 -0.159887 -0.362138
v -0.013305 -0.159887 -0.362718
v -0.013305 -0.115037 -0.362718
v -0.040797 -0.159887 -0.361134
v -0.068079 -0.115037 -0.357398
v -0.121347 -0.159887 -0.343575
v -0.121347 -0.115037 -0.343575
v -0.147003 -0.159887 -0.333574
v -0.171796 -0.115037 -0.321591
v -0.195572 -0.115037 -0.307698
v -0.218185 -0.159887 -0.291985
v -0.218185 -0.115037 -0.291985
v -0.239495 -0.159887 -0.274544
v -0.277691 -0.159887 -0.234926
v -0.294341 -0.115037 -0.212993
v -0.309219 -0.159887 -0.189821
v 0.264867 -0.406766 0.017652
v -0.322233 -0.159887 -0.165553
v -0.342360 -0.115037 -0.114335
v -0.357542 -0.159887 -0.005666
v -0.355958 -0.115037 0.021825
v -0.352222 -0.115037 0.049108
v -0.346357 -0.159887 0.076013
v -0.338400 -0.115037 0.102375
v -0.338400 -0.159887 0.102375
v -0.326444 -0.159887 0.127180
v -0.314533 -0.159887 0.151822
v -0.300726 -0.112822 0.175453
v -0.300726 -0.112822 0.175453
v -0.285107 -0.159887 0.197929
v -0.285107 -0.112822 0.197929
v -0.285107 -0.112822 0.197929
v -0.267772 -0.159887 0.219109
v -0.248830 -0.159887 0.238865
v -0.248830 -0.112822 0.238865
v -0.248830 -0.112822 0.238865
v -0.206596 -0.112822 0.273622
v -0.206596 -0.112822 0.273622
v -0.134384 -0.159887 0.312347
v -0.108537 -0.159887 0.321349
v -0.108537 -0.112822 0.321349
v -0.108537 -0.112822 0.321349
v -0.082064 -0.159887 0.328295
v -0.055128 -0.159887 0.333144
v -0.027893 -0.112822 0.335863
v -0.027893 -0.112822 0.335863
v -0.027893 -0.159887 0.335863
v -0.000530 -0.159887 0.336438
v 0.026794 -0.112822 0.334864
v 0.026794 -0.112822 0.334864
v 0.053911 -0.159887 0.331151
v 0.053911 -0.112822 0.331151
v 0.053911 -0.112822 0.331151
v 0.106854 -0.159887 0.317413
v 0.106854 -0.112822 0.317413
v 0.106854 -0.112822 0.317413
v 0.156997 -0.159887 0.295561
v 0.156997 -0.112822 0.295561
v 0.156997 -0.112822 0.295561
v 0.180629 -0.159887 0.281754
v 0.203104 -0.159887 0.266135
v 0.224284 -0.112822 0.248801
v 0.224284 -0.112822 0.248801
v 0.262248 -0.112822 0.209424
v 0.262248 -0.112822 0.209424
v 0.278797 -0.159887 0.187624
v 0.278797 -0.112822 0.187624
v 0.278797 -0.112822 0.187624
v 0.293584 -0.112822 0.164594
v 0.293584 -0.112822 0.164594
v 0.306519 -0.112822 0.140473
v 0.306519 -0.112822 0.140473
v 0.317522 -0.112822 0.115412
v 0.317522 -0.112822 0.115412
v 0.333470 -0.112822 0.063093
v 0.333470 -0.112822 0.063093
v 0.338319 -0.159887 0.036156
v 0.338319 -0.112822 0.036156
v 0.338319 -0.112822 0.036156
v 0.341613 -0.159887 -0.018442
v 0.341613 -0.112822 -0.018442
v 0.341613 -0.112822 -0.018442
v -0.132115 -0.243658 0.398694
v 0.340039 -0.159887 -0.045766
v 0.330497 -0.159887 -0.099624
v 0.322587 -0.112822 -0.125825
v 0.322587 -0.112822 -0.125825
v 0.300736 -0.112822 -0.175969
v 0.300736 -0.112822 -0.175969
v 0.271310 -0.112822 -0.222075
v 0.271310 -0.112822 -0.222075
v 0.253975 -0.159887 -0.243255
v 0.214599 -0.159887 -0.281220
v 0.192799 -0.159887 -0.297768
v 0.192799 -0.112822 -0.297768
v 0.192799 -0.112822 -0.297768
v 0.169768 -0.112822 -0.312556
v 0.169768 -0.112822 -0.312556
v 0.145649 -0.159887 -0.325491
v 0.145649 -0.112822 -0.325491
v 0.145649 -0.112822 -0.325491
v 0.120588 -0.159887 -0.336494
v 0.068268 -0.159887 -0.352443
v 0.041331 -0.159887 -0.357291
v -0.013266 -0.112822 -0.360586
v -0.013266 -0.112822 -0.360586
v -0.040591 -0.159887 -0.359012
v -0.120651 -0.112822 -0.341559
v -0.120651 -0.112822 -0.341559
v -0.216900 -0.112822 -0.290283
v -0.216900 -0.112822 -0.290283
v -0.238081 -0.112822 -0.272948
v -0.238081 -0.112822 -0.272948
v -0.238081 -0.159887 -0.272948
v -0.257836 -0.159887 -0.254005
v -0.276044 -0.112822 -0.233571
v -0.276044 -0.112822 -0.233571
v -0.292593 -0.159887 -0.211771
v -0.292593 -0.112822 -0.211771
v -0.292593 -0.112822 -0.211771
v -0.307381 -0.112822 -0.188741
v -0.307381 -0.112822 -0.188741
v -0.307381 -0.159887 -0.188741
v -0.320316 -0.159887 -0.164620
v -0.331318 -0.159887 -0.139559
v -0.340320 -0.112822 -0.113713
v -0.340320 -0.112822 -0.113713
v -0.347267 -0.112822 -0.087240
v -0.347267 -0.112822 -0.087240
v -0.354835 -0.112822 -0.033069
v -0.354835 -0.112822 -0.033069
v -0.354835 -0.159887 -0.033069
v -0.355410 -0.159887 -0.005705
v -0.350123 -0.112822 0.048736
v -0.350123 -0.112822 0.048736
v -0.344294 -0.112822 0.075477
v -0.344294 -0.112822 0.075477
v -0.344294 -0.159887 0.075477
v -0.326444 -0.112822 0.127180
v -0.326444 -0.112822 0.127180
v -0.336385 -0.112822 0.101679
v -0.336385 -0.112822 0.101679
v -0.227701 -0.159887 0.183598
v -0.227701 -0.159887 0.183598
v -0.227701 -0.112808 0.183598
v -0.227701 -0.112808 0.183598
v -0.194372 -0.159887 0.215730
v -0.194372 -0.159887 0.215730
v -0.194372 -0.112808 0.215730
v -0.194372 -0.112808 0.215730
v -0.175921 -0.112808 0.229737
v -0.175921 -0.112808 0.229737
v -0.156428 -0.159887 0.242253
v -0.156428 -0.159887 0.242253
v -0.136013 -0.112808 0.253201
v -0.136013 -0.112808 0.253201
v -0.136013 -0.159887 0.253201
v -0.136013 -0.159887 0.253201
v -0.114802 -0.112808 0.262513
v -0.114802 -0.112808 0.262513
v -0.114802 -0.159887 0.262513
v -0.114802 -0.159887 0.262513
v -0.070518 -0.159887 0.276013
v -0.070518 -0.159887 0.276013
v -0.024668 -0.159887 0.282418
v -0.024668 -0.159887 0.282418
v -0.001508 -0.112808 0.282905
v -0.001508 -0.112808 0.282905
v -0.001508 -0.159887 0.282905
v -0.001508 -0.159887 0.282905
v 0.044570 -0.112808 0.278430
v 0.044570 -0.112808 0.278430
v 0.044570 -0.159887 0.278430
v 0.044570 -0.159887 0.278430
v 0.067204 -0.112808 0.273496
v 0.067204 -0.112808 0.273496
v 0.110965 -0.112808 0.258388
v 0.110965 -0.112808 0.258388
v 0.131822 -0.159887 0.248307
v 0.131822 -0.159887 0.248307
v 0.151823 -0.112808 0.236620
v 0.151823 -0.112808 0.236620
v 0.151823 -0.159887 0.236620
v 0.151823 -0.159887 0.236620
v 0.170846 -0.112808 0.223401
v 0.170846 -0.112808 0.223401
v 0.205494 -0.112808 0.192696
v 0.205494 -0.112808 0.192696
v 0.220905 -0.112808 0.175401
v 0.220905 -0.112808 0.175401
v 0.220905 -0.159887 0.175401
v 0.220905 -0.159887 0.175401
v 0.234912 -0.112808 0.156950
v 0.234912 -0.112808 0.156950
v 0.170849 -0.159887 -0.314394
v 0.234912 -0.159887 0.156950
v 0.234912 -0.159887 0.156950
v 0.247428 -0.159887 0.137456
v 0.247428 -0.159887 0.137456
v 0.258376 -0.159887 0.117041
v 0.258376 -0.159887 0.117041
v 0.267689 -0.159887 0.095830
v 0.267689 -0.159887 0.095830
v 0.275308 -0.159887 0.073954
v 0.275308 -0.159887 0.073954
v 0.285291 -0.159887 0.028747
v 0.285291 -0.159887 0.028747
v 0.286747 -0.112808 -0.040591
v 0.286747 -0.112808 -0.040591
v 0.283605 -0.159887 -0.063542
v 0.283605 -0.159887 -0.063542
v 0.278671 -0.112808 -0.086176
v 0.278671 -0.112808 -0.086176
v 0.271977 -0.159887 -0.108353
v 0.271977 -0.159887 -0.108353
v 0.263563 -0.159887 -0.129936
v 0.263563 -0.159887 -0.129936
v 0.253482 -0.112808 -0.150793
v 0.253482 -0.112808 -0.150793
v 0.253482 -0.159887 -0.150793
v 0.253482 -0.159887 -0.150793
v 0.241795 -0.159887 -0.170795
v 0.241795 -0.159887 -0.170795
v 0.228575 -0.112808 -0.189818
v 0.228575 -0.112808 -0.189818
v 0.213904 -0.112808 -0.207745
v 0.213904 -0.112808 -0.207745
v 0.197871 -0.112808 -0.224466
v 0.197871 -0.112808 -0.224466
v 0.122217 -0.112808 -0.277348
v 0.122217 -0.112808 -0.277348
v 0.180576 -0.159887 -0.239877
v 0.180576 -0.159887 -0.239877
v 0.162125 -0.112808 -0.253884
v 0.162125 -0.112808 -0.253884
v 0.162125 -0.159887 -0.253884
v 0.162125 -0.159887 -0.253884
v 0.101005 -0.112808 -0.286661
v 0.101005 -0.112808 -0.286661
v 0.101005 -0.159887 -0.286661
v 0.101005 -0.159887 -0.286661
v 0.079129 -0.112808 -0.294280
v 0.079129 -0.112808 -0.294280
v 0.056722 -0.112808 -0.300160
v 0.056722 -0.112808 -0.300160
v 0.056722 -0.159887 -0.300160
v 0.056722 -0.159887 -0.300160
v 0.033923 -0.159887 -0.304263
v 0.033923 -0.159887 -0.304263
v 0.010872 -0.112808 -0.306565
v 0.010872 -0.112808 -0.306565
v 0.010872 -0.159887 -0.306565
v 0.010872 -0.159887 -0.306565
v -0.012288 -0.112808 -0.307052
v -0.012288 -0.112808 -0.307052
v -0.035416 -0.112808 -0.305719
v -0.035416 -0.112808 -0.305719
v -0.035416 -0.159887 -0.305719
v -0.035416 -0.159887 -0.305719
v -0.058367 -0.159887 -0.302577
v -0.058367 -0.159887 -0.302577
v -0.081001 -0.159887 -0.297643
v -0.081001 -0.159887 -0.297643
v -0.103178 -0.112808 -0.290949
v -0.103178 -0.112808 -0.290949
v -0.124761 -0.112808 -0.282535
v -0.124761 -0.112808 -0.282535
v -0.165620 -0.112808 -0.260767
v -0.165620 -0.112808 -0.260767
v -0.184643 -0.159887 -0.247548
v -0.184643 -0.159887 -0.247548
v -0.219291 -0.112808 -0.216843
v -0.219291 -0.112808 -0.216843
v -0.219291 -0.159887 -0.216843
v -0.219291 -0.159887 -0.216843
v -0.234702 -0.112808 -0.199548
v -0.234702 -0.112808 -0.199548
v -0.248709 -0.159887 -0.181096
v -0.248709 -0.159887 -0.181096
v -0.261225 -0.159887 -0.161603
v -0.261225 -0.159887 -0.161603
v -0.281485 -0.112808 -0.119977
v -0.281485 -0.112808 -0.119977
v -0.281485 -0.159887 -0.119977
v -0.281485 -0.159887 -0.119977
v -0.289105 -0.112808 -0.098100
v -0.289105 -0.112808 -0.098100
v -0.299088 -0.159887 -0.052894
v -0.299088 -0.159887 -0.052894
v -0.301390 -0.112808 -0.029844
v -0.301390 -0.112808 -0.029844
v -0.301877 -0.112808 -0.006683
v -0.301877 -0.112808 -0.006683
v -0.300544 -0.112808 0.016444
v -0.300544 -0.112808 0.016444
v -0.297402 -0.112808 0.039395
v -0.297402 -0.112808 0.039395
v -0.297402 -0.159887 0.039395
v -0.297402 -0.159887 0.039395
v -0.277360 -0.159887 0.105790
v -0.277360 -0.159887 0.105790
v -0.267279 -0.159887 0.126647
v -0.267279 -0.159887 0.126647
v -0.292468 -0.112808 0.062029
v -0.292468 -0.112808 0.062029
v -0.285773 -0.112808 0.084206
v -0.285773 -0.112808 0.084206
v -0.285773 -0.159887 0.084206
v -0.285773 -0.159887 0.084206
v 0.287593 -0.112808 0.005697
v 0.287593 -0.112808 0.005697
v 0.129502 -0.138138 -0.359176
v 0.157453 -0.140840 -0.349743
v 0.156314 -0.159887 -0.347404
v 0.182120 -0.159887 -0.333564
v 0.183439 -0.159887 -0.335807
v 0.183439 -0.159887 -0.335807
v 0.182120 -0.138138 -0.333564
v 0.206762 -0.138138 -0.317743
v 0.208252 -0.140840 -0.319875
v 0.206762 -0.159887 -0.317743
v 0.230086 -0.159887 -0.300037
v 0.272850 -0.217991 -0.372706
v 0.272850 -0.217991 -0.372706
v 0.231739 -0.159887 -0.302046
v 0.231739 -0.159887 -0.302046
v 0.251949 -0.138138 -0.280556
v 0.231739 -0.140840 -0.302046
v 0.253754 -0.140840 -0.282429
v 0.272215 -0.159887 -0.259419
v 0.274162 -0.140840 -0.261145
v 0.292838 -0.159887 -0.238325
v 0.292838 -0.159887 -0.238325
v 0.307473 -0.138138 -0.212711
v 0.324541 -0.159887 -0.188651
v 0.324541 -0.159887 -0.188651
v 0.337374 -0.159887 -0.162102
v 0.337374 -0.159887 -0.162102
v 0.345624 -0.159887 -0.133779
v 0.354087 -0.159887 -0.105745
v 0.356605 -0.159887 -0.106399
v 0.356605 -0.159887 -0.106399
v 0.354087 -0.138138 -0.105745
v 0.360323 -0.138138 -0.077134
v 0.356605 -0.140840 -0.106399
v 0.362885 -0.140840 -0.077588
v 0.366885 -0.159887 -0.048373
v 0.366885 -0.159887 -0.048373
v 0.368581 -0.140840 -0.018934
v 0.365980 -0.159887 -0.018887
v 0.365365 -0.159887 0.010390
v 0.368581 -0.159887 -0.018934
v 0.368581 -0.159887 -0.018934
v 0.367962 -0.159887 0.010547
v 0.367962 -0.159887 0.010547
v 0.362455 -0.138138 0.039528
v 0.365032 -0.140840 0.039888
v 0.362455 -0.159887 0.039528
v 0.357268 -0.159887 0.068348
v 0.365032 -0.159887 0.039888
v 0.365032 -0.159887 0.039888
v 0.357268 -0.138138 0.068348
v 0.359808 -0.140840 0.068909
v 0.352324 -0.159887 0.097431
v 0.352324 -0.159887 0.097431
v 0.340204 -0.138138 0.124326
v 0.328432 -0.138138 0.151139
v 0.342625 -0.140840 0.125277
v 0.314593 -0.159887 0.176946
v 0.330771 -0.159887 0.152277
v 0.330771 -0.159887 0.152277
v 0.316835 -0.159887 0.178264
v 0.316835 -0.159887 0.178264
v 0.298772 -0.138138 0.201587
v 0.107550 -0.159887 0.319428
v 0.300904 -0.140840 0.203077
v 0.298772 -0.159887 0.201587
v -0.242293 -0.406766 -0.048249
v 0.283074 -0.140840 0.226564
v 0.261585 -0.159887 0.246774
v 0.240448 -0.159887 0.267040
v 0.217787 -0.138138 0.285587
v 0.242173 -0.140840 0.268987
v 0.219354 -0.140840 0.287663
v 0.195139 -0.159887 0.304490
v 0.195139 -0.159887 0.304490
v 0.143131 -0.159887 0.332199
v 0.143131 -0.159887 0.332199
v 0.142091 -0.138138 0.329814
v 0.115657 -0.140840 0.342908
v 0.114808 -0.159887 0.340450
v 0.086774 -0.159887 0.348912
v 0.087427 -0.159887 0.351430
v 0.087427 -0.159887 0.351430
v 0.086774 -0.138138 0.348912
v 0.087427 -0.140840 0.351430
v 0.058616 -0.140840 0.357710
v 0.058616 -0.159887 0.357710
v 0.058616 -0.159887 0.357710
v 0.029150 -0.138138 0.359121
v -0.000084 -0.138138 0.360805
v 0.029401 -0.140840 0.361710
v -0.000037 -0.140840 0.363406
v -0.029518 -0.159887 0.362787
v -0.029518 -0.159887 0.362787
v -0.058499 -0.138138 0.357280
v -0.029518 -0.140840 0.362787
v -0.058859 -0.140840 0.359857
v -0.058859 -0.159887 0.359857
v -0.058859 -0.159887 0.359857
v -0.115644 -0.138138 0.344661
v -0.087880 -0.140840 0.354633
v -0.116402 -0.140840 0.347149
v -0.143298 -0.159887 0.335029
v -0.116402 -0.159887 0.347149
v -0.116402 -0.159887 0.347149
v -0.143298 -0.138138 0.335029
v -0.144249 -0.140840 0.337450
v -0.171249 -0.140840 0.325596
v -0.170111 -0.159887 0.323257
v -0.195917 -0.159887 0.309418
v -0.171249 -0.159887 0.325596
v -0.171249 -0.159887 0.325596
v -0.426224 -0.217991 -0.104676
v -0.426224 -0.217991 -0.104676
v -0.195917 -0.138138 0.309418
v -0.245535 -0.159887 0.277899
v -0.245535 -0.159887 0.277899
v -0.245535 -0.140840 0.277899
v -0.267550 -0.140840 0.258282
v -0.265745 -0.159887 0.256409
v -0.286012 -0.159887 0.235273
v -0.286012 -0.138138 0.235273
v -0.304558 -0.138138 0.212611
v -0.306634 -0.159887 0.214179
v -0.306634 -0.159887 0.214179
v -0.323462 -0.159887 0.189964
v -0.323462 -0.159887 0.189964
v -0.336042 -0.138138 0.163281
v -0.348785 -0.159887 0.136916
v -0.338338 -0.159887 0.164504
v -0.338338 -0.159887 0.164504
v -0.348785 -0.138138 0.136916
v -0.359421 -0.138138 0.109633
v -0.361880 -0.159887 0.110482
v -0.361880 -0.159887 0.110482
v -0.370401 -0.140840 0.082252
v -0.376682 -0.140840 0.053441
v -0.376682 -0.159887 0.053441
v -0.376682 -0.159887 0.053441
v -0.378093 -0.138138 0.023975
v -0.379777 -0.159887 -0.005260
v -0.353835 -0.159887 0.021619
v -0.381759 -0.159887 -0.034693
v -0.381759 -0.159887 -0.034693
v -0.379162 -0.138138 -0.034537
v -0.373605 -0.140840 -0.093056
v -0.366121 -0.140840 -0.121578
v -0.363632 -0.159887 -0.120819
v -0.354000 -0.159887 -0.148473
v -0.366121 -0.159887 -0.121578
v -0.366121 -0.159887 -0.121578
v -0.354000 -0.138138 -0.148473
v -0.342229 -0.138138 -0.175286
v -0.344568 -0.159887 -0.176424
v -0.344568 -0.159887 -0.176424
v -0.330632 -0.159887 -0.202411
v -0.330632 -0.159887 -0.202411
v -0.314701 -0.140840 -0.227224
v -0.312568 -0.159887 -0.225734
v -0.294862 -0.159887 -0.249058
v -0.314701 -0.159887 -0.227224
v -0.314701 -0.159887 -0.227224
v -0.275381 -0.138138 -0.270921
v -0.277254 -0.159887 -0.272726
v -0.277254 -0.159887 -0.272726
v 0.332561 -0.115037 -0.100160
v -0.255970 -0.159887 -0.293135
v -0.255970 -0.159887 -0.293135
v -0.254244 -0.138138 -0.291188
v -0.255970 -0.140840 -0.293135
v -0.207536 -0.159887 -0.326445
v -0.233150 -0.159887 -0.311810
v -0.233150 -0.159887 -0.311810
v -0.208936 -0.159887 -0.328638
v -0.208936 -0.159887 -0.328638
v -0.207536 -0.138138 -0.326445
v -0.208936 -0.140840 -0.328638
v -0.182252 -0.159887 -0.341217
v -0.156927 -0.159887 -0.356346
v -0.156927 -0.159887 -0.356346
v -0.155888 -0.138138 -0.353961
v -0.129453 -0.140840 -0.367056
v -0.128604 -0.159887 -0.364596
v -0.100571 -0.159887 -0.373059
v -0.129453 -0.159887 -0.367056
v -0.129453 -0.159887 -0.367056
v -0.100571 -0.138138 -0.373059
v -0.101224 -0.140840 -0.375577
v -0.071959 -0.159887 -0.379295
v -0.042946 -0.159887 -0.383268
v -0.043198 -0.159887 -0.385857
v -0.043198 -0.159887 -0.385857
v -0.042946 -0.138138 -0.383268
v -0.013711 -0.138138 -0.384952
v -0.013759 -0.140840 -0.387553
v -0.013711 -0.159887 -0.384952
v 0.015722 -0.159887 -0.386934
v 0.015722 -0.159887 -0.386934
v 0.044704 -0.138138 -0.381427
v 0.015722 -0.140840 -0.386934
v 0.044704 -0.159887 -0.381427
v 0.074085 -0.159887 -0.378780
v 0.074085 -0.159887 -0.378780
v 0.073524 -0.138138 -0.376240
v 0.058163 -0.159887 0.355149
v 0.074085 -0.140840 -0.378780
v 0.102606 -0.140840 -0.371296
v 0.101848 -0.159887 -0.368808
v 0.102606 -0.159887 -0.371296
v 0.102606 -0.159887 -0.371296
v 0.130453 -0.159887 -0.361597
v 0.130453 -0.159887 -0.361597
v -0.338338 -0.140840 0.164504
v -0.368886 -0.217991 0.218955
v -0.368886 -0.217991 0.218955
v 0.181036 -0.185903 -0.398196
v 0.138718 -0.246093 -0.444638
v 0.138718 -0.246093 -0.444638
v 0.147718 -0.246093 -0.441503
v 0.147718 -0.246093 -0.441503
v 0.150162 -0.185903 -0.411750
v 0.150162 -0.183156 -0.411750
v 0.150162 -0.183156 -0.411750
v 0.113548 -0.246093 -0.452311
v 0.113548 -0.246093 -0.452311
v 0.118319 -0.246093 -0.422841
v 0.118319 -0.246093 -0.422841
v 0.118319 -0.185903 -0.422841
v 0.069257 -0.246093 -0.462092
v 0.069257 -0.246093 -0.462092
v 0.085705 -0.185903 -0.431399
v 0.085705 -0.183156 -0.431399
v 0.085705 -0.183156 -0.431399
v 0.033714 -0.246093 -0.466680
v 0.033714 -0.246093 -0.466680
v 0.052519 -0.246093 -0.437372
v 0.052519 -0.246093 -0.437372
v 0.052519 -0.185903 -0.437372
v 0.052519 -0.183156 -0.437372
v 0.052519 -0.183156 -0.437372
v 0.007449 -0.246093 -0.468265
v 0.007449 -0.246093 -0.468265
v -0.048407 -0.246093 -0.439492
v -0.048407 -0.246093 -0.439492
v -0.048407 -0.185903 -0.439492
v -0.048407 -0.183156 -0.439492
v -0.048407 -0.183156 -0.439492
v -0.108755 -0.246093 -0.456979
v -0.108755 -0.246093 -0.456979
v -0.099443 -0.246093 -0.459009
v -0.099443 -0.246093 -0.459009
v -0.081813 -0.246093 -0.434917
v -0.081813 -0.246093 -0.434917
v -0.081814 -0.185903 -0.434917
v -0.081813 -0.183156 -0.434917
v -0.081813 -0.183156 -0.434917
v -0.143348 -0.246093 -0.447616
v -0.143348 -0.246093 -0.447616
v -0.134224 -0.246093 -0.450370
v -0.134224 -0.246093 -0.450370
v -0.114758 -0.246093 -0.427736
v -0.114758 -0.246093 -0.427736
v -0.114758 -0.183156 -0.427736
v -0.114758 -0.183156 -0.427736
v -0.356964 -0.159887 -0.033197
v -0.168220 -0.246093 -0.439029
v -0.168220 -0.246093 -0.439029
v -0.147038 -0.246093 -0.417992
v -0.147038 -0.246093 -0.417992
v -0.147038 -0.185903 -0.417992
v -0.147038 -0.183156 -0.417992
v -0.147038 -0.183156 -0.417992
v -0.209801 -0.246093 -0.420908
v -0.209801 -0.246093 -0.420908
v -0.178454 -0.185903 -0.405745
v -0.208813 -0.246093 -0.391072
v -0.208813 -0.246093 -0.391072
v -0.208813 -0.183156 -0.391072
v -0.208813 -0.183156 -0.391072
v -0.271259 -0.246093 -0.384134
v -0.271259 -0.246093 -0.384134
v -0.237926 -0.246093 -0.374061
v -0.237926 -0.246093 -0.374061
v -0.237926 -0.185903 -0.374061
v -0.237926 -0.183156 -0.374061
v -0.237926 -0.183156 -0.374061
v -0.299636 -0.246093 -0.362246
v -0.299636 -0.246093 -0.362246
v -0.265615 -0.246093 -0.354819
v -0.265615 -0.246093 -0.354819
v -0.265615 -0.185903 -0.354819
v -0.265615 -0.183156 -0.354819
v -0.265615 -0.183156 -0.354819
v -0.326208 -0.246093 -0.338198
v -0.326208 -0.246093 -0.338198
v -0.319329 -0.246093 -0.344794
v -0.319329 -0.246093 -0.344794
v -0.120651 -0.159887 -0.341559
v -0.350811 -0.246093 -0.312140
v -0.350811 -0.246093 -0.312140
v -0.344471 -0.246093 -0.319255
v -0.344471 -0.246093 -0.319255
v -0.393020 -0.217991 -0.200007
v -0.393020 -0.217991 -0.200007
v 0.217787 -0.159887 0.285587
v -0.316047 -0.185903 -0.310127
v -0.373294 -0.246093 -0.284232
v -0.373294 -0.246093 -0.284232
v -0.367531 -0.246093 -0.291823
v -0.367531 -0.246093 -0.291823
v -0.338479 -0.246093 -0.284953
v -0.338479 -0.246093 -0.284953
v -0.338479 -0.185903 -0.284953
v -0.393517 -0.246093 -0.254646
v -0.393517 -0.246093 -0.254646
v 0.110965 -0.159887 0.258388
v 0.110965 -0.159887 0.258388
v -0.388369 -0.246093 -0.262666
v -0.388369 -0.246093 -0.262666
v -0.358867 -0.246093 -0.258096
v -0.358867 -0.246093 -0.258096
v -0.358867 -0.183156 -0.258096
v -0.358867 -0.183156 -0.258096
v -0.411358 -0.246093 -0.223564
v -0.411358 -0.246093 -0.223564
v -0.406854 -0.246093 -0.231963
v -0.406854 -0.246093 -0.231963
v -0.377085 -0.185903 -0.229722
v -0.363106 -0.217991 0.273289
v -0.363106 -0.217991 0.273289
v -0.377085 -0.183156 -0.229722
v -0.377085 -0.183156 -0.229722
v -0.426705 -0.246093 -0.191179
v -0.426705 -0.246093 -0.191179
v -0.422873 -0.246093 -0.199905
v -0.422873 -0.246093 -0.199905
v -0.393020 -0.185903 -0.200007
v -0.393020 -0.183156 -0.200007
v -0.393020 -0.183156 -0.200007
v -0.436328 -0.246093 -0.166689
v -0.436328 -0.246093 -0.166689
v -0.406575 -0.246093 -0.169133
v -0.406575 -0.246093 -0.169133
v -0.449554 -0.246093 -0.123301
v -0.449554 -0.246093 -0.123301
v -0.417666 -0.185903 -0.137291
v 0.122217 -0.159887 -0.277348
v 0.122217 -0.159887 -0.277348
v -0.417666 -0.183156 -0.137291
v -0.417666 -0.183156 -0.137291
v -0.426224 -0.185903 -0.104676
v -0.426224 -0.183156 -0.104676
v -0.426224 -0.183156 -0.104676
v -0.460557 -0.246093 -0.062168
v -0.460557 -0.246093 -0.062168
v -0.432196 -0.246093 -0.071491
v -0.432196 -0.246093 -0.071491
v -0.432196 -0.183156 -0.071491
v -0.432196 -0.183156 -0.071491
v -0.463089 -0.246093 -0.026420
v -0.463089 -0.246093 -0.026420
v -0.435547 -0.246093 -0.037939
v -0.435547 -0.246093 -0.037939
v -0.435547 -0.185903 -0.037939
v -0.435547 -0.183156 -0.037939
v -0.435547 -0.183156 -0.037939
v -0.436255 -0.185903 -0.004228
v -0.436255 -0.183156 -0.004228
v -0.436255 -0.183156 -0.004228
v -0.458424 -0.246093 0.054562
v -0.458424 -0.246093 0.054562
v 0.138718 -0.243658 -0.444638
v -0.459717 -0.246093 0.045120
v -0.459717 -0.246093 0.045120
v -0.434316 -0.246093 0.029435
v -0.434316 -0.246093 0.029435
v -0.434316 -0.183156 0.029435
v -0.434316 -0.183156 0.029435
v -0.451804 -0.246093 0.089783
v -0.451804 -0.246093 0.089783
v -0.453834 -0.246093 0.080472
v -0.453834 -0.246093 0.080472
v 0.078636 -0.246093 -0.460404
v 0.078636 -0.246093 -0.460404
v -0.429742 -0.246093 0.062842
v -0.429742 -0.246093 0.062842
v -0.422561 -0.246093 0.095787
v -0.422561 -0.246093 0.095787
v -0.430393 -0.246093 0.158128
v -0.430393 -0.246093 0.158128
v -0.412816 -0.246093 0.128067
v -0.412816 -0.246093 0.128067
v -0.412816 -0.185903 0.128067
v -0.412816 -0.183156 0.128067
v -0.412816 -0.183156 0.128067
v -0.419880 -0.246093 0.182250
v -0.419880 -0.246093 0.182250
v -0.400570 -0.246093 0.159483
v -0.400570 -0.246093 0.159483
v -0.403361 -0.246093 0.214053
v -0.403361 -0.246093 0.214053
v -0.385896 -0.246093 0.189841
v -0.385896 -0.246093 0.189841
v -0.385896 -0.185903 0.189841
v -0.385896 -0.183156 0.189841
v -0.385896 -0.183156 0.189841
v -0.378959 -0.246093 0.252288
v -0.378959 -0.246093 0.252288
v -0.384397 -0.246093 0.244462
v -0.384397 -0.246093 0.244462
v -0.368886 -0.246093 0.218955
v -0.368886 -0.246093 0.218955
v -0.368886 -0.185903 0.218955
v -0.357070 -0.246093 0.280665
v -0.357070 -0.246093 0.280665
v -0.363106 -0.246093 0.273289
v -0.363106 -0.246093 0.273289
v -0.349644 -0.185903 0.246644
v -0.333023 -0.246093 0.307236
v -0.333023 -0.246093 0.307236
v -0.339619 -0.246093 0.300357
v -0.339619 -0.246093 0.300357
v -0.328288 -0.185903 0.272738
v -0.328288 -0.183156 0.272738
v -0.328288 -0.183156 0.272738
v -0.306965 -0.246093 0.331839
v -0.306965 -0.246093 0.331839
v -0.304952 -0.246093 0.297076
v -0.304952 -0.246093 0.297076
v -0.304952 -0.183156 0.297076
v -0.304952 -0.183156 0.297076
v -0.279057 -0.246093 0.354322
v -0.279057 -0.246093 0.354322
v -0.279777 -0.185903 0.319508
v -0.249471 -0.246093 0.374546
v -0.249471 -0.246093 0.374546
v -0.257490 -0.246093 0.369397
v -0.257490 -0.246093 0.369397
v -0.252921 -0.183156 0.339896
v -0.252921 -0.183156 0.339896
v -0.370401 -0.159887 0.082252
v -0.370401 -0.159887 0.082252
v -0.224547 -0.185903 0.358113
v -0.186003 -0.246093 0.407733
v -0.186003 -0.246093 0.407733
v -0.194730 -0.246093 0.403902
v -0.194730 -0.246093 0.403902
v -0.194832 -0.246093 0.374048
v -0.194832 -0.246093 0.374048
v -0.194832 -0.183156 0.374048
v -0.194832 -0.183156 0.374048
v -0.152514 -0.246093 0.420491
v -0.152514 -0.246093 0.420491
v -0.161514 -0.246093 0.417356
v -0.161514 -0.246093 0.417356
v -0.163958 -0.246093 0.387603
v -0.163958 -0.246093 0.387603
v -0.163958 -0.185903 0.387603
v -0.163958 -0.183156 0.387603
v -0.163958 -0.183156 0.387603
v -0.127344 -0.246093 0.428164
v -0.127344 -0.246093 0.428164
v -0.132115 -0.246093 0.398694
v -0.132115 -0.246093 0.398694
v -0.132115 -0.185903 0.398694
v -0.132115 -0.183156 0.398694
v -0.132115 -0.183156 0.398694
v -0.083053 -0.246093 0.437945
v -0.083053 -0.246093 0.437945
v -0.092432 -0.246093 0.436256
v -0.092432 -0.246093 0.436256
v -0.047510 -0.246093 0.442532
v -0.047510 -0.246093 0.442532
v -0.347267 -0.159887 -0.087240
v -0.066315 -0.246093 0.413225
v -0.066315 -0.246093 0.413225
v -0.066315 -0.185903 0.413225
v -0.011717 -0.246093 0.444317
v -0.011717 -0.246093 0.444317
v -0.032764 -0.185903 0.416576
v -0.032764 -0.183156 0.416576
v -0.032764 -0.183156 0.416576
v 0.024106 -0.246093 0.443289
v 0.024106 -0.246093 0.443289
v 0.000948 -0.246093 0.417284
v 0.000948 -0.246093 0.417284
v 0.000948 -0.185903 0.417284
v 0.050295 -0.246093 0.440745
v 0.050295 -0.246093 0.440745
v 0.034610 -0.183156 0.415344
v 0.034610 -0.183156 0.415344
v 0.094958 -0.246093 0.432832
v 0.094958 -0.246093 0.432832
v 0.068017 -0.185903 0.410770
v 0.068017 -0.183156 0.410770
v 0.068017 -0.183156 0.410770
v 0.129551 -0.246093 0.423469
v 0.129551 -0.246093 0.423469
v 0.120428 -0.246093 0.426223
v 0.120428 -0.246093 0.426223
v 0.100962 -0.246093 0.403589
v 0.100962 -0.246093 0.403589
v 0.100962 -0.185903 0.403589
v 0.100962 -0.183156 0.403589
v 0.100962 -0.183156 0.403589
v 0.154424 -0.246093 0.414882
v 0.154424 -0.246093 0.414882
v 0.133242 -0.185903 0.393845
v 0.164658 -0.246093 0.381598
v 0.164658 -0.246093 0.381598
v 0.164658 -0.185903 0.381598
v 0.227456 -0.246093 0.379582
v 0.227456 -0.246093 0.379582
v 0.251949 -0.159887 -0.280556
v 0.195016 -0.183156 0.366925
v 0.195016 -0.183156 0.366925
v 0.249637 -0.246093 0.365425
v 0.249637 -0.246093 0.365425
v 0.224130 -0.185903 0.349914
v 0.278464 -0.246093 0.344134
v 0.278464 -0.246093 0.344134
v 0.251819 -0.246093 0.330672
v 0.251819 -0.246093 0.330672
v 0.251819 -0.185903 0.330672
v 0.251819 -0.183156 0.330672
v 0.251819 -0.183156 0.330672
v 0.312411 -0.246093 0.314051
v 0.312411 -0.246093 0.314051
v 0.277913 -0.246093 0.309317
v 0.277913 -0.246093 0.309317
v 0.277913 -0.185903 0.309317
v 0.277913 -0.183156 0.309317
v 0.277913 -0.183156 0.309317
v 0.330674 -0.246093 0.295108
v 0.330674 -0.246093 0.295108
v 0.302251 -0.246093 0.285980
v 0.302251 -0.246093 0.285980
v 0.302251 -0.185903 0.285980
v 0.302251 -0.183156 0.285980
v 0.302251 -0.183156 0.285980
v 0.359497 -0.246093 0.260085
v 0.359497 -0.246093 0.260085
v 0.324683 -0.246093 0.260806
v 0.324683 -0.246093 0.260806
v 0.324683 -0.183156 0.260806
v 0.324683 -0.183156 0.260806
v 0.345070 -0.246093 0.233949
v 0.345070 -0.246093 0.233949
v 0.345070 -0.185903 0.233949
v 0.345070 -0.183156 0.233949
v 0.345070 -0.183156 0.233949
v 0.397561 -0.246093 0.199417
v 0.397561 -0.246093 0.199417
v 0.363288 -0.246093 0.205576
v 0.363288 -0.246093 0.205576
v 0.363288 -0.185903 0.205576
v 0.363288 -0.183156 0.205576
v 0.363288 -0.183156 0.205576
v 0.379223 -0.185903 0.175860
v 0.379223 -0.183156 0.175860
v 0.379223 -0.183156 0.175860
v 0.425666 -0.246093 0.133542
v 0.425666 -0.246093 0.133542
v 0.422531 -0.246093 0.142542
v 0.422531 -0.246093 0.142542
v 0.392778 -0.246093 0.144986
v 0.392778 -0.246093 0.144986
v 0.392778 -0.185903 0.144986
v 0.392778 -0.183156 0.144986
v 0.392778 -0.183156 0.144986
v 0.435757 -0.246093 0.099155
v 0.435757 -0.246093 0.099155
v 0.433338 -0.246093 0.108373
v 0.433338 -0.246093 0.108373
v -0.339619 -0.217991 0.300357
v -0.339619 -0.217991 0.300357
v 0.403869 -0.246093 0.113144
v 0.403869 -0.246093 0.113144
v 0.403869 -0.185903 0.113144
v 0.441431 -0.246093 0.073461
v 0.441431 -0.246093 0.073461
v 0.412427 -0.246093 0.080529
v 0.412427 -0.246093 0.080529
v 0.412427 -0.185903 0.080529
v -0.352115 -0.112822 -0.060303
v -0.352115 -0.112822 -0.060303
v 0.447707 -0.246093 0.028539
v 0.447707 -0.246093 0.028539
v 0.446760 -0.246093 0.038022
v 0.446760 -0.246093 0.038022
v 0.418400 -0.246093 0.047344
v 0.418400 -0.246093 0.047344
v 0.418400 -0.183156 0.047344
v 0.418400 -0.183156 0.047344
v 0.421751 -0.246093 0.013792
v 0.421751 -0.246093 0.013792
v 0.038268 -0.406766 -0.132542
v 0.403869 -0.243658 0.113144
v 0.421751 -0.183156 0.013792
v 0.421751 -0.183156 0.013792
v 0.445920 -0.246093 -0.069267
v 0.445920 -0.246093 -0.069267
v 0.420519 -0.246093 -0.053582
v 0.420519 -0.246093 -0.053582
v 0.420519 -0.183156 -0.053582
v 0.420519 -0.183156 -0.053582
v 0.438007 -0.246093 -0.113930
v 0.438007 -0.246093 -0.113930
v 0.440037 -0.246093 -0.104618
v 0.440037 -0.246093 -0.104618
v 0.415945 -0.185903 -0.086988
v 0.415945 -0.183156 -0.086988
v 0.415945 -0.183156 -0.086988
v 0.428644 -0.246093 -0.148523
v 0.428644 -0.246093 -0.148523
v 0.431398 -0.246093 -0.139399
v 0.431398 -0.246093 -0.139399
v 0.408764 -0.246093 -0.119933
v 0.408764 -0.246093 -0.119933
v 0.408764 -0.185903 -0.119933
v 0.085647 -0.246093 0.434862
v 0.085647 -0.246093 0.434862
v 0.408764 -0.183156 -0.119933
v 0.408764 -0.183156 -0.119933
v 0.416596 -0.246093 -0.182274
v 0.416596 -0.246093 -0.182274
v 0.420057 -0.246093 -0.173395
v 0.420057 -0.246093 -0.173395
v 0.399020 -0.246093 -0.152213
v 0.399020 -0.246093 -0.152213
v 0.399020 -0.185903 -0.152213
v 0.399020 -0.183156 -0.152213
v 0.399020 -0.183156 -0.152213
v 0.406084 -0.246093 -0.206396
v 0.406084 -0.246093 -0.206396
v 0.386773 -0.246093 -0.183629
v 0.386773 -0.246093 -0.183629
v 0.386773 -0.183156 -0.183629
v 0.386773 -0.183156 -0.183629
v -0.330632 -0.140840 -0.202411
v 0.384757 -0.246093 -0.246428
v 0.384757 -0.246093 -0.246428
v 0.389564 -0.246093 -0.238199
v 0.389564 -0.246093 -0.238199
v 0.372099 -0.185903 -0.213988
v 0.365162 -0.246093 -0.276434
v 0.365162 -0.246093 -0.276434
v 0.355089 -0.185903 -0.243101
v 0.343273 -0.246093 -0.304811
v 0.343273 -0.246093 -0.304811
v 0.349309 -0.246093 -0.297435
v 0.349309 -0.246093 -0.297435
v 0.335847 -0.246093 -0.270790
v 0.335847 -0.246093 -0.270790
v 0.335847 -0.185903 -0.270790
v 0.319226 -0.246093 -0.331382
v 0.319226 -0.246093 -0.331382
v 0.314492 -0.246093 -0.296884
v 0.314492 -0.246093 -0.296884
v 0.314492 -0.185903 -0.296884
v 0.293168 -0.246093 -0.355986
v 0.293168 -0.246093 -0.355986
v 0.291155 -0.246093 -0.321222
v 0.291155 -0.246093 -0.321222
v 0.291155 -0.185903 -0.321222
v 0.265260 -0.246093 -0.378468
v 0.265260 -0.246093 -0.378468
v 0.272850 -0.246093 -0.372706
v 0.272850 -0.246093 -0.372706
v 0.265981 -0.246093 -0.343654
v 0.265981 -0.246093 -0.343654
v 0.265981 -0.185903 -0.343654
v 0.235674 -0.246093 -0.398692
v 0.235674 -0.246093 -0.398692
v 0.243693 -0.246093 -0.393543
v 0.243693 -0.246093 -0.393543
v 0.210750 -0.246093 -0.382259
v 0.210750 -0.246093 -0.382259
v 0.212992 -0.183156 -0.412028
v 0.212992 -0.183156 -0.412028
v 0.172208 -0.185904 -0.431880
v 0.172208 -0.183156 -0.431880
v 0.172208 -0.183156 -0.431880
v 0.300904 -0.159887 0.203077
v 0.300904 -0.159887 0.203077
v 0.147718 -0.185904 -0.441503
v 0.138718 -0.185904 -0.444638
v 0.147718 -0.183156 -0.441503
v 0.147718 -0.183156 -0.441503
v 0.138718 -0.183156 -0.444638
v 0.138718 -0.183156 -0.444638
v 0.069257 -0.185904 -0.462092
v 0.078636 -0.183156 -0.460404
v 0.078636 -0.183156 -0.460404
v -0.002079 -0.246093 -0.468464
v -0.002079 -0.246093 -0.468464
v 0.069257 -0.183156 -0.462092
v 0.069257 -0.183156 -0.462092
v 0.043198 -0.185904 -0.465732
v 0.033714 -0.185904 -0.466680
v 0.007449 -0.185904 -0.468265
v -0.002079 -0.185904 -0.468464
v -0.028387 -0.183156 -0.467984
v -0.028387 -0.183156 -0.467984
v -0.037902 -0.183156 -0.467436
v -0.037902 -0.183156 -0.467436
v -0.064092 -0.185904 -0.464892
v -0.064092 -0.183156 -0.464892
v -0.064092 -0.183156 -0.464892
v -0.108755 -0.185904 -0.456979
v -0.134224 -0.185904 -0.450371
v -0.143348 -0.185904 -0.447616
v -0.168220 -0.185904 -0.439029
v -0.177099 -0.185904 -0.435568
v 0.095363 -0.159887 -0.347536
v -0.168220 -0.183156 -0.439029
v -0.168220 -0.183156 -0.439029
v -0.177099 -0.183156 -0.435568
v -0.177099 -0.183156 -0.435568
v -0.209802 -0.185904 -0.420909
v -0.209801 -0.183156 -0.420909
v -0.209801 -0.183156 -0.420909
v -0.233024 -0.183156 -0.408536
v -0.233024 -0.183156 -0.408536
v -0.263433 -0.185904 -0.389573
v -0.271259 -0.185904 -0.384134
v -0.263433 -0.183156 -0.389573
v -0.263433 -0.183156 -0.389573
v -0.292260 -0.185904 -0.368281
v -0.299636 -0.183156 -0.362246
v -0.299636 -0.183156 -0.362246
v -0.326208 -0.183156 -0.338198
v -0.326208 -0.183156 -0.338198
v -0.344471 -0.185904 -0.319255
v -0.350811 -0.183156 -0.312140
v -0.350811 -0.183156 -0.312140
v -0.367531 -0.185904 -0.291823
v -0.373294 -0.185904 -0.284232
v -0.388368 -0.185904 -0.262666
v -0.388369 -0.183156 -0.262666
v -0.388369 -0.183156 -0.262666
v 0.132355 -0.159887 0.307472
v -0.406854 -0.185904 -0.231963
v 0.305532 -0.217991 0.320647
v 0.305532 -0.217991 0.320647
v -0.411358 -0.185904 -0.223564
v -0.406854 -0.183156 -0.231963
v -0.406854 -0.183156 -0.231963
v -0.411358 -0.183156 -0.223564
v -0.411358 -0.183156 -0.223564
v -0.422873 -0.185904 -0.199905
v -0.426705 -0.183156 -0.191179
v -0.426705 -0.183156 -0.191179
v -0.436328 -0.185904 -0.166689
v -0.439462 -0.185904 -0.157689
v -0.447135 -0.185904 -0.132519
v -0.449554 -0.185904 -0.123301
v -0.449554 -0.183156 -0.123301
v -0.449554 -0.183156 -0.123301
v -0.455228 -0.185904 -0.097608
v -0.456916 -0.185904 -0.088228
v -0.455228 -0.183156 -0.097608
v -0.455228 -0.183156 -0.097608
v -0.460557 -0.183156 -0.062168
v -0.460557 -0.183156 -0.062168
v -0.461504 -0.183156 -0.052685
v -0.461504 -0.183156 -0.052685
v -0.463089 -0.185904 -0.026420
v -0.462808 -0.185904 0.009416
v -0.462260 -0.185904 0.018931
v -0.462808 -0.183156 0.009416
v -0.462808 -0.183156 0.009416
v -0.462260 -0.183156 0.018931
v -0.462260 -0.183156 0.018931
v -0.459717 -0.185904 0.045120
v -0.453834 -0.185904 0.080472
v -0.451804 -0.185904 0.089783
v -0.445194 -0.185904 0.115253
v -0.442441 -0.185904 0.124376
v -0.433854 -0.185904 0.149248
v -0.430393 -0.185904 0.158128
v -0.430393 -0.183156 0.158128
v -0.430393 -0.183156 0.158128
v -0.419880 -0.185904 0.182250
v -0.990205 -0.406743 -0.109625
v -0.419880 -0.183156 0.182250
v -0.419880 -0.183156 0.182250
v -0.415733 -0.183156 0.190830
v -0.415733 -0.183156 0.190830
v -0.403361 -0.185904 0.214053
v -0.403361 -0.183156 0.214053
v -0.403361 -0.183156 0.214053
v -0.398553 -0.183156 0.222282
v -0.398553 -0.183156 0.222282
v -0.384397 -0.185904 0.244462
v -0.378959 -0.185904 0.252288
v -0.384397 -0.183156 0.244462
v -0.384397 -0.183156 0.244462
v -0.363106 -0.185904 0.273289
v -0.357070 -0.183156 0.280665
v -0.357070 -0.183156 0.280665
v -0.333023 -0.185904 0.307236
v -0.333023 -0.183156 0.307236
v -0.333023 -0.183156 0.307236
v -0.314080 -0.185904 0.325499
v -0.286648 -0.185904 0.348560
v -0.279057 -0.185904 0.354322
v -0.286648 -0.183156 0.348560
v -0.286648 -0.183156 0.348560
v 0.104330 -0.217991 -0.454729
v 0.104330 -0.217991 -0.454729
v -0.257490 -0.185904 0.369397
v -0.249471 -0.185904 0.374546
v -0.257490 -0.183156 0.369397
v -0.257490 -0.183156 0.369397
v -0.226787 -0.183156 0.387882
v -0.226787 -0.183156 0.387882
v -0.194730 -0.185904 0.403901
v -0.186003 -0.185904 0.407732
v -0.194730 -0.183156 0.403901
v -0.194730 -0.183156 0.403901
v -0.161514 -0.185904 0.417356
v -0.152514 -0.185904 0.420491
v -0.161514 -0.183156 0.417356
v -0.161514 -0.183156 0.417356
v -0.152514 -0.183156 0.420491
v -0.152514 -0.183156 0.420491
v -0.127344 -0.185904 0.428163
v -0.118126 -0.183156 0.430582
v -0.118126 -0.183156 0.430582
v -0.092432 -0.185904 0.436256
v -0.092432 -0.183156 0.436256
v -0.092432 -0.183156 0.436256
v 0.210750 -0.183156 -0.382259
v 0.210750 -0.183156 -0.382259
v -0.056993 -0.185904 0.441585
v -0.047510 -0.185904 0.442532
v -0.056993 -0.183156 0.441585
v -0.056993 -0.183156 0.441585
v -0.047510 -0.183156 0.442532
v -0.047510 -0.183156 0.442532
v -0.011717 -0.183156 0.444317
v -0.011717 -0.183156 0.444317
v 0.014591 -0.183156 0.443837
v 0.014591 -0.183156 0.443837
v 0.024106 -0.183156 0.443289
v 0.024106 -0.183156 0.443289
v 0.050295 -0.185904 0.440745
v 0.050295 -0.183156 0.440745
v 0.050295 -0.183156 0.440745
v 0.059737 -0.183156 0.439452
v 0.059737 -0.183156 0.439452
v 0.085705 -0.246093 -0.431399
v 0.085705 -0.246093 -0.431399
v 0.129551 -0.185904 0.423469
v 0.129551 -0.183156 0.423469
v 0.129551 -0.183156 0.423469
v -0.291709 -0.246093 -0.333464
v -0.291709 -0.246093 -0.333464
v 0.154424 -0.185904 0.414882
v 0.154424 -0.183156 0.414882
v 0.154424 -0.183156 0.414882
v 0.187425 -0.185904 0.400909
v -0.229751 -0.159887 0.258719
v 0.196005 -0.183156 0.396761
v 0.196005 -0.183156 0.396761
v 0.080652 -0.159887 0.325322
v 0.219228 -0.185904 0.384389
v 0.219228 -0.183156 0.384389
v 0.219228 -0.183156 0.384389
v 0.227456 -0.183156 0.379582
v 0.227456 -0.183156 0.379582
v 0.249637 -0.185904 0.365425
v 0.257463 -0.183156 0.359987
v 0.257463 -0.183156 0.359987
v 0.278464 -0.185904 0.344134
v 0.285840 -0.185904 0.338098
v 0.285840 -0.183156 0.338098
v 0.285840 -0.183156 0.338098
v 0.312411 -0.185904 0.314051
v 0.312411 -0.183156 0.314051
v 0.312411 -0.183156 0.314051
v 0.328563 -0.115037 0.090188
v 0.337014 -0.185904 0.287993
v 0.330674 -0.183156 0.295108
v 0.330674 -0.183156 0.295108
v 0.337014 -0.183156 0.287993
v 0.337014 -0.183156 0.287993
v 0.353734 -0.185904 0.267676
v -0.349349 -0.159887 -0.087700
v 0.359497 -0.185904 0.260085
v 0.353734 -0.183156 0.267676
v 0.353734 -0.183156 0.267676
v 0.359497 -0.183156 0.260085
v 0.359497 -0.183156 0.260085
v 0.379721 -0.185904 0.230499
v 0.393057 -0.185904 0.207816
v 0.393057 -0.183156 0.207816
v 0.393057 -0.183156 0.207816
v 0.027000 -0.159887 0.336986
v 0.397561 -0.183156 0.199417
v 0.397561 -0.183156 0.199417
v 0.412908 -0.185904 0.167032
v 0.425666 -0.183156 0.133542
v 0.425666 -0.183156 0.133542
v 0.433338 -0.185904 0.108373
v 0.435757 -0.185904 0.099155
v 0.433338 -0.183156 0.108373
v 0.433338 -0.183156 0.108373
v 0.441431 -0.185904 0.073461
v 0.443119 -0.185904 0.064082
v 0.441431 -0.183156 0.073461
v 0.441431 -0.183156 0.073461
v 0.443119 -0.183156 0.064082
v 0.443119 -0.183156 0.064082
v 0.447707 -0.185904 0.028539
v 0.447707 -0.183156 0.028539
v 0.447707 -0.183156 0.028539
v 0.449292 -0.185904 0.002274
v 0.449292 -0.183156 0.002274
v 0.449292 -0.183156 0.002274
v 0.449492 -0.183156 -0.007254
v 0.449492 -0.183156 -0.007254
v 0.448463 -0.185904 -0.043077
v 0.448463 -0.183156 -0.043077
v 0.448463 -0.183156 -0.043077
v 0.444627 -0.185904 -0.078709
v 0.438007 -0.185904 -0.113930
v 0.438007 -0.183156 -0.113930
v 0.438007 -0.183156 -0.113930
v 0.428644 -0.185904 -0.148523
v 0.416596 -0.185904 -0.182274
v 0.406084 -0.185904 -0.206396
v 0.401936 -0.185904 -0.214977
v 0.389564 -0.185904 -0.238199
v 0.384757 -0.185904 -0.246428
v 0.389564 -0.183156 -0.238199
v 0.389564 -0.183156 -0.238199
v 0.365162 -0.185904 -0.276434
v 0.370600 -0.183156 -0.268609
v 0.370600 -0.183156 -0.268609
v 0.349309 -0.185904 -0.297435
v 0.349309 -0.183156 -0.297435
v 0.349309 -0.183156 -0.297435
v 0.343273 -0.183156 -0.304811
v 0.343273 -0.183156 -0.304811
v 0.325822 -0.185904 -0.324504
v 0.319226 -0.185904 -0.331382
v 0.319226 -0.183156 -0.331382
v 0.319226 -0.183156 -0.331382
v 0.300283 -0.185904 -0.349645
v 0.293168 -0.185904 -0.355986
v 0.293168 -0.183156 -0.355986
v 0.293168 -0.183156 -0.355986
v 0.272850 -0.183156 -0.372706
v 0.272850 -0.183156 -0.372706
v 0.265260 -0.183156 -0.378468
v 0.265260 -0.183156 -0.378468
v -0.917257 -0.406744 -0.385483
v 0.243693 -0.183156 -0.393543
v 0.243693 -0.183156 -0.393543
v 0.235674 -0.183156 -0.398692
v 0.235674 -0.183156 -0.398692
v -0.250310 -0.115037 0.240400
v 0.028646 -0.000240 0.011251
v -0.028945 -0.000240 -0.021476
v 0.035446 -0.000240 0.002736
v -0.025109 -0.000240 -0.031675
v 0.039777 -0.000240 -0.018346
v -0.009213 -0.000240 -0.046185
v 0.022374 -0.000240 -0.044747
v 0.036885 -0.000240 -0.028851
v 0.001291 -0.000240 -0.049078
v -0.002667 -0.014104 0.023674
v -0.023590 -0.014104 0.011785
v 0.009503 -0.014104 0.024230
v -0.030296 -0.014104 0.001615
v -0.014784 0.000192 0.020644
v 0.032396 0.000192 0.015359
v -0.032975 -0.001238 -0.022302
v 0.040281 0.000192 0.005485
v -0.028687 -0.001238 -0.033707
v 0.045303 0.000191 -0.018964
v 0.000833 -0.001238 -0.053165
v -0.013266 -0.159887 -0.360586
v -0.858557 -0.406743 0.124517
v 0.273012 -0.159887 -0.223360
v -0.195459 -0.112788 0.130259
v -0.200260 -0.025287 0.078684
v -0.200260 -0.025287 0.078684
v -0.664415 -0.025287 0.206470
v -0.664415 -0.025287 0.206470
v -0.683147 -0.071235 0.138429
v -0.683147 -0.025287 0.138429
v -0.683147 -0.025287 0.138429
v -0.243882 -0.138138 0.275891
v 0.067204 -0.159887 0.273496
v 0.067204 -0.159887 0.273496
v -0.094984 -0.115037 -0.351534
v 0.227079 -0.112788 0.020615
v 0.281066 -0.138138 0.224911
v 0.120427 -0.185904 0.426223
v 0.300283 -0.246093 -0.349645
v 0.300283 -0.246093 -0.349645
v 0.365162 -0.183156 -0.276434
v 0.365162 -0.183156 -0.276434
v -0.398553 -0.246093 0.222282
v -0.398553 -0.246093 0.222282
v 0.150303 -0.246093 0.165318
v 0.089381 -0.159887 0.266802
v 0.089381 -0.159887 0.266802
v -0.249471 -0.183156 0.374546
v -0.249471 -0.183156 0.374546
v -0.083053 -0.185904 0.437945
v -0.344568 -0.140840 -0.176424
v -0.175921 -0.159887 0.229737
v -0.175921 -0.159887 0.229737
v -0.379777 -0.138138 -0.005260
v 0.385598 -0.406766 0.324278
v 0.044214 -0.246093 -0.243521
v -0.228396 -0.112822 0.257073
v -0.228396 -0.112822 0.257073
v -0.135164 -0.159887 0.314331
v 0.205494 -0.159887 0.192696
v 0.205494 -0.159887 0.192696
v 0.257463 -0.185904 0.359987
v -0.436255 -0.217991 -0.004228
v -0.436255 -0.217991 -0.004228
v -0.127344 -0.217991 0.428164
v -0.127344 -0.217991 0.428164
v 0.379223 -0.243658 0.175860
v 0.192248 -0.112788 -0.139173
v -0.271259 -0.217991 -0.384134
v -0.271259 -0.217991 -0.384134
v 0.039023 -0.014104 0.004770
v -0.028687 -0.014104 -0.033707
v 0.450090 -0.406766 -0.560897
v -0.197236 -0.159887 0.311660
v -0.197236 -0.159887 0.311660
v -0.224547 -0.243658 0.358113
v 0.406084 -0.217991 -0.206396
v 0.406084 -0.217991 -0.206396
v -0.075786 -0.112788 0.213909
v 0.188773 -0.159887 0.208729
v 0.188773 -0.159887 0.208729
v 0.401936 -0.183156 -0.214976
v 0.401936 -0.183156 -0.214976
v 0.374572 -0.246093 0.238518
v 0.374572 -0.246093 0.238518
v 0.484793 -0.406766 -0.162986
v -0.210055 -0.513636 -0.855256
v -0.209802 -0.243658 -0.420908
v -0.138413 -0.406743 -0.646747
v 0.142632 -0.112808 -0.266400
v 0.142632 -0.112808 -0.266400
v -0.456208 -0.406766 -0.449376
v 0.334989 -0.138138 -0.161063
v 0.616573 -0.406743 0.805413
v 0.616573 -0.406743 0.805413
v 0.143131 -0.140840 0.332199
v 0.428644 -0.183156 -0.148523
v 0.428644 -0.183156 -0.148523
v 0.302251 -0.243658 0.285980
v 0.275308 -0.112808 0.073954
v 0.275308 -0.112808 0.073954
v 0.421751 -0.243658 0.013792
v 0.204389 -0.115037 0.267837
v 0.129551 -0.243657 0.423469
v -0.094448 -0.112822 -0.349470
v -0.094448 -0.112822 -0.349470
v -0.463289 -0.185904 -0.016892
v 0.312647 -0.112822 -0.151327
v 0.312647 -0.112822 -0.151327
v 0.440037 -0.183156 -0.104618
v 0.440037 -0.183156 -0.104618
v -0.359421 -0.159887 0.109633
v 0.029293 -0.406743 -0.903789
v 0.029293 -0.406743 -0.903789
v -0.099500 -0.183156 0.407252
v -0.099500 -0.183156 0.407252
v -0.194832 -0.185903 0.374048
v 1.072517 -0.406744 -0.506053
v 0.422458 -0.243658 -0.019919
v 0.637159 -0.406766 -0.043442
v 0.449012 -0.183156 -0.033562
v 0.449012 -0.183156 -0.033562
v -0.241253 -0.183156 -0.403729
v -0.241253 -0.183156 -0.403729
v 0.113548 -0.185904 -0.452311
v -0.462260 -0.243657 0.018931
v 0.024406 -0.014104 -0.048323
v -0.117981 -0.112788 -0.220579
v 0.374572 -0.185904 0.238518
v -0.002079 -0.183156 -0.468464
v -0.002079 -0.183156 -0.468464
v -0.099500 -0.217991 0.407252
v -0.099500 -0.217991 0.407252
v 0.796609 -0.406743 0.679528
v -0.294984 -0.112808 -0.075693
v -0.294984 -0.112808 -0.075693
v -0.340320 -0.159887 -0.113713
v 0.425666 -0.185904 0.133542
v -0.442441 -0.183156 0.124376
v -0.442441 -0.183156 0.124376
v -0.378959 -0.217991 0.252288
v -0.378959 -0.217991 0.252288
v 0.362885 -0.159887 -0.077588
v 0.362885 -0.159887 -0.077588
v 0.059737 -0.243657 0.439452
v 0.239124 -0.183156 -0.364042
v 0.239124 -0.183156 -0.364042
v -0.117670 -0.406743 0.963037
v -0.312568 -0.138138 -0.225733
v 0.120428 -0.183156 0.426223
v 0.120428 -0.183156 0.426223
v 0.386773 -0.217991 -0.183629
v 0.386773 -0.217991 -0.183629
v 0.431398 -0.185904 -0.139399
v 0.235033 -0.159887 -0.263011
v -0.356422 -0.140840 -0.149424
v -0.378093 -0.159887 0.023975
v -0.377085 -0.246093 -0.229722
v -0.377085 -0.246093 -0.229722
v 0.263457 -0.159887 0.248579
v 0.263457 -0.159887 0.248579
v 0.204594 -0.246093 -0.416532
v 0.204594 -0.246093 -0.416532
v 0.208252 -0.159887 -0.319875
v 0.208252 -0.159887 -0.319875
v 0.290762 -0.138138 -0.236758
v -0.292468 -0.159887 0.062029
v -0.292468 -0.159887 0.062029
v 0.068017 -0.217991 0.410770
v 0.068017 -0.217991 0.410770
v -0.449272 -0.406766 0.102427
v 0.197427 -0.246093 0.108058
v 0.089411 -0.406744 -1.063535
v 0.743978 -0.406743 -0.673174
v -0.202570 -0.159887 -0.232876
v -0.202570 -0.159887 -0.232876
v 0.431398 -0.183156 -0.139399
v 0.431398 -0.183156 -0.139399
v -0.226779 -0.112788 -0.098479
v -0.328398 -0.159887 0.128032
v 0.041627 -0.115037 -0.359403
v 0.187425 -0.183156 0.400909
v 0.187425 -0.183156 0.400909
v -0.208813 -0.217991 -0.391072
v -0.208813 -0.217991 -0.391072
v 0.081188 -0.159887 0.327386
v 0.263457 -0.140840 0.248579
v 0.422458 -0.183156 -0.019919
v 0.422458 -0.183156 -0.019919
v -0.083996 -0.112788 -0.235388
v 0.444627 -0.246093 -0.078709
v 0.444627 -0.246093 -0.078709
v 0.018968 -0.243658 -0.440723
v 0.196005 -0.217991 0.396761
v 0.196005 -0.217991 0.396761
v 0.386773 -0.185903 -0.183629
v 0.444627 -0.183156 -0.078709
v 0.444627 -0.183156 -0.078709
v -0.457683 -0.406766 0.329939
v -0.146151 -0.159887 -0.331619
v 0.809822 -0.406766 0.169129
v -0.451804 -0.183156 0.089783
v -0.451804 -0.183156 0.089783
v 0.384757 -0.183156 -0.246428
v 0.384757 -0.183156 -0.246428
v 0.285291 -0.112808 0.028747
v 0.285291 -0.112808 0.028747
v 0.302251 -0.217991 0.285980
v 0.302251 -0.217991 0.285980
v -0.002079 -0.243658 -0.468464
v -0.286648 -0.246093 0.348560
v -0.286648 -0.246093 0.348560
v 0.337014 -0.243657 0.287993
v -0.328288 -0.246093 0.272738
v -0.328288 -0.246093 0.272738
v 0.031420 -0.014104 0.014291
v -0.032975 -0.014104 -0.022302
v 0.353734 -0.217991 0.267676
v 0.353734 -0.217991 0.267676
v 0.157453 -0.159887 -0.349743
v 0.157453 -0.159887 -0.349743
v 0.978691 -0.406743 -0.274505
v 0.978691 -0.406743 -0.274505
v -0.226787 -0.185904 0.387882
v -0.267550 -0.159887 0.258282
v -0.267550 -0.159887 0.258282
v -0.914515 -0.406743 0.451087
v 0.445920 -0.183156 -0.069267
v 0.445920 -0.183156 -0.069267
v 0.367962 -0.140840 0.010547
v -0.193331 -0.406744 -1.025118
v -0.306965 -0.243657 0.331839
v 0.300736 -0.159887 -0.175969
v 0.418400 -0.243658 0.047344
v 0.285840 -0.217991 0.338099
v 0.285840 -0.217991 0.338099
v 0.406084 -0.183156 -0.206396
v 0.406084 -0.183156 -0.206396
v 0.104549 -0.246093 0.197115
v -0.014744 -0.246093 -0.441431
v -0.014744 -0.246093 -0.441431
v 0.015565 -0.138138 -0.384338
v -0.323462 -0.140840 0.189964
v -0.923281 -0.406744 0.487392
v -0.459717 -0.217991 0.045120
v -0.459717 -0.217991 0.045120
v 0.273012 -0.115037 -0.223360
v -0.220558 -0.159887 0.293597
v -0.232881 -0.112788 -0.080961
v -0.304558 -0.159887 0.212611
v 0.510235 -0.406766 -0.232447
v 0.027000 -0.115037 0.336987
v -0.353836 -0.112822 0.021619
v -0.353836 -0.112822 0.021619
v 0.345070 -0.243658 0.233949
v -0.083053 -0.183156 0.437945
v -0.083053 -0.183156 0.437945
v -0.850696 -0.406743 -0.125245
v 0.337014 -0.217991 0.287993
v 0.337014 -0.217991 0.287993
v 0.684333 -0.406766 0.385639
v -0.439462 -0.183156 -0.157689
v -0.439462 -0.183156 -0.157689
v 0.934514 -0.513636 0.440145
v 0.343273 -0.243658 -0.304811
v -0.114758 -0.185903 -0.427736
v -0.189915 -0.246093 -0.162690
v 0.224284 -0.159887 0.248801
v 0.142091 -0.159887 0.329814
v 0.087793 -0.246093 0.205214
v 0.616573 -0.513636 0.805413
v -0.164100 -0.246093 -0.189465
v -0.259371 -0.159887 -0.255485
v 0.416596 -0.243658 -0.182274
v 0.348083 -0.159887 -0.134628
v 0.348083 -0.159887 -0.134628
v -0.333023 -0.243657 0.307236
v -0.037902 -0.246093 -0.467436
v -0.037902 -0.246093 -0.467436
v -0.039586 -0.112788 0.221903
v -0.490000 -0.015012 -0.556928
v 0.343273 -0.217991 -0.304811
v 0.343273 -0.217991 -0.304811
v 0.334989 -0.159887 -0.161063
v 0.143358 -0.406743 0.742830
v 0.253975 -0.112822 -0.243255
v 0.253975 -0.112822 -0.243255
v 0.038160 -0.062174 0.983734
v 0.096493 -0.112788 -0.224498
v -0.072413 -0.140840 -0.381857
v 0.412908 -0.246093 0.167032
v 0.412908 -0.246093 0.167032
v -0.510683 -0.406766 0.143667
v -0.904523 -0.065185 0.397972
v -0.127344 -0.183156 0.428163
v -0.127344 -0.183156 0.428163
v 0.217635 -0.104310 0.001871
v 0.217635 -0.104310 0.001871
v 0.675140 -0.088280 0.150874
v 0.675140 -0.088280 0.150874
v 0.314593 -0.138138 0.176946
v -0.485641 -0.068461 0.849173
v 0.312647 -0.159887 -0.151327
v -0.456107 -0.025313 0.563122
v -0.168220 -0.243658 -0.439029
v 0.409376 -0.021871 0.598622
v 0.227456 -0.243657 0.379582
v -0.461504 -0.185904 -0.052685
v 0.169679 -0.140840 0.319366
v -0.326208 -0.243658 -0.338198
v 0.330771 -0.140840 0.152277
v -0.349644 -0.243658 0.246644
v 0.673640 -0.406744 -0.923590
v -0.417666 -0.246093 -0.137291
v -0.417666 -0.246093 -0.137291
v -0.344471 -0.217991 -0.319255
v -0.344471 -0.217991 -0.319255
v 0.421751 -0.185903 0.013792
v 0.360323 -0.159887 -0.077134
v -0.374120 -0.138138 0.052988
v -0.118415 -0.027137 0.976608
v 0.325822 -0.243658 -0.324504
v 0.157613 -0.246093 -0.182708
v -0.400570 -0.217991 0.159483
v -0.400570 -0.217991 0.159483
v 0.114808 -0.138138 0.340450
v 0.182281 -0.246093 -0.154873
v 0.169151 -0.406766 -0.124451
v -0.322233 -0.115037 -0.165553
v -0.242372 -0.159887 0.165671
v -0.242372 -0.159887 0.165671
v 0.249637 -0.183156 0.365425
v 0.249637 -0.183156 0.365425
v -0.043198 -0.140840 -0.385857
v 0.416596 -0.183156 -0.182274
v 0.416596 -0.183156 -0.182274
v -0.109621 -0.080731 -0.176043
v 0.287593 -0.159887 0.005697
v 0.287593 -0.159887 0.005697
v 0.034610 -0.243658 0.415344
v 0.113548 -0.217991 -0.452311
v 0.113548 -0.217991 -0.452311
v 0.356686 -0.069023 -0.949489
v 1.012157 -0.406743 0.208596
v 1.012157 -0.406743 0.208596
v -0.409361 -0.063936 0.597531
v -0.664246 -0.020623 -0.328208
v 0.336326 -0.159887 -0.072883
v -0.379162 -0.159887 -0.034537
v 0.043198 -0.183156 -0.465732
v 0.043198 -0.183156 -0.465732
v 0.288080 -0.159887 -0.017463
v 0.288080 -0.159887 -0.017463
v 0.990951 -0.069868 0.108336
v -0.357070 -0.243657 0.280665
v -0.541617 -0.074778 -0.843960
v 0.206222 -0.246093 0.091657
v 0.163303 -0.217991 0.411421
v 0.163303 -0.217991 0.411421
v 0.096601 -0.070021 -0.748111
v -0.233024 -0.246093 -0.408536
v -0.233024 -0.246093 -0.408536
v 0.618315 -0.017051 -0.418769
v -0.602937 -0.015526 -0.426354
v 0.438007 -0.243658 -0.113930
v -0.426705 -0.185904 -0.191179
v -0.412816 -0.243658 0.128067
v 0.678396 -0.067182 -0.319866
v -0.970373 -0.071401 0.173193
v -0.328398 -0.115037 0.128032
v 0.795762 -0.406743 0.166387
v 0.169679 -0.159887 0.319366
v 0.169679 -0.159887 0.319366
v 0.710749 -0.020196 0.189183
v -0.028022 -0.159887 0.337992
v -0.363106 -0.183156 0.273289
v -0.363106 -0.183156 0.273289
v -0.227500 -0.246093 -0.098763
v -0.272173 -0.159887 -0.141188
v -0.272173 -0.159887 -0.141188
v 0.985993 -0.065702 -0.203329
v -0.081001 -0.112808 -0.297643
v -0.081001 -0.112808 -0.297643
v -0.358867 -0.243658 -0.258096
v -0.220558 -0.138138 0.293597
v -0.859140 -0.406744 -0.550204
v -0.086429 -0.060556 -0.066522
v 0.096769 -0.060556 0.037580
v 0.180934 -0.246093 -0.428049
v 0.180934 -0.246093 -0.428049
v -0.108755 -0.183156 -0.456979
v -0.108755 -0.183156 -0.456979
v -0.134384 -0.112822 0.312346
v -0.134384 -0.112822 0.312346
v -0.186003 -0.217991 0.407733
v -0.186003 -0.217991 0.407733
v -0.178454 -0.246093 -0.405745
v -0.178454 -0.246093 -0.405745
v 1.002960 -0.024657 0.030859
v 0.328432 -0.159887 0.151139
v -0.073534 -0.183156 -0.463599
v -0.073534 -0.183156 -0.463599
v 0.168456 -0.138138 0.317070
v -0.197711 -0.406766 -0.265292
v -0.957857 -0.023700 0.250590
v 0.225698 -0.115037 0.250397
v -0.011717 -0.185904 0.444317
v 0.305532 -0.243657 0.320647
v -0.346358 -0.115037 0.076013
v 0.133242 -0.183156 0.393845
v 0.133242 -0.183156 0.393845
v -0.047719 -0.112808 0.280116
v -0.047719 -0.112808 0.280116
v 0.393057 -0.243657 0.207816
v -0.224186 -0.246093 0.082618
v 0.210750 -0.185903 -0.382259
v 0.265320 -0.069609 -0.706496
v 0.130453 -0.140840 -0.361597
v 0.445920 -0.185904 -0.069267
v -0.400570 -0.183156 0.159483
v -0.400570 -0.183156 0.159483
v 0.244040 -0.112822 0.229858
v 0.244040 -0.112822 0.229858
v 0.807279 -0.406743 -0.019921
v 0.172208 -0.246093 -0.431880
v 0.172208 -0.246093 -0.431880
v -0.058499 -0.159887 0.357280
v 0.034610 -0.246093 0.415344
v 0.034610 -0.246093 0.415344
v 0.340039 -0.112822 -0.045765
v 0.340039 -0.112822 -0.045765
v 0.733932 -0.019661 0.076295
v -0.474857 -0.074867 -0.884302
v -0.544603 -0.020017 -0.848489
v 0.343196 -0.022027 0.919591
v -0.021245 -0.217991 0.444117
v -0.021245 -0.217991 0.444117
v -0.839601 -0.406743 -0.182121
v 0.193740 -0.159887 0.302298
v -0.894414 -0.073587 -0.436056
v 0.152900 -0.014912 -0.733938
v -0.186003 -0.183156 0.407732
v -0.186003 -0.183156 0.407732
v 0.274162 -0.159887 -0.261145
v 0.274162 -0.159887 -0.261145
v 0.116611 -0.071235 -0.210583
v -0.987246 -0.072278 -0.059725
v -0.226787 -0.246093 0.387882
v -0.226787 -0.246093 0.387882
v -0.024668 -0.112808 0.282418
v -0.024668 -0.112808 0.282418
v -0.037902 -0.185904 -0.467436
v -0.110289 -0.112788 0.200351
v -0.407377 -0.069618 -0.924222
v -0.040797 -0.115037 -0.361134
v 0.045063 -0.140840 -0.384004
v -0.002959 0.000192 0.025091
v -0.024658 0.000192 0.012760
v -0.864613 -0.070223 0.465457
v -0.099443 -0.183156 -0.459009
v -0.099443 -0.183156 -0.459009
v -0.460557 -0.185904 -0.062168
v 0.348811 -0.406766 -0.618449
v 0.143226 -0.112788 -0.194492
v -0.109595 -0.034839 -0.178295
v -0.109595 -0.034839 -0.178295
v -0.453834 -0.217991 0.080472
v -0.453834 -0.217991 0.080472
v 0.997780 -0.065405 -0.125791
v 0.244040 -0.159887 0.229858
v 0.422458 -0.246093 -0.019919
v 0.422458 -0.246093 -0.019919
v -0.170794 -0.159887 -0.319709
v -0.453106 -0.020625 0.559363
v -0.415733 -0.185904 0.190830
v 0.142632 -0.159887 -0.266400
v 0.142632 -0.159887 -0.266400
v 0.052441 -0.112788 0.216602
v 0.328563 -0.159887 0.090188
v 0.359497 -0.243657 0.260085
v -0.415733 -0.246093 0.190830
v -0.415733 -0.246093 0.190830
v 0.286929 -0.112822 -0.199600
v 0.286929 -0.112822 -0.199600
v 0.449011 -0.185904 -0.033563
v -0.021245 -0.185904 0.444117
v -0.399057 -0.014770 -0.627708
v 0.150162 -0.246093 -0.411750
v 0.150162 -0.246093 -0.411750
v 0.957993 -0.406744 -0.676081
v 0.448463 -0.246093 -0.043077
v 0.448463 -0.246093 -0.043077
v -0.390355 -0.406766 -0.374763
v -0.177099 -0.217991 -0.435568
v -0.177099 -0.217991 -0.435568
v -0.447135 -0.217991 -0.132519
v -0.447135 -0.217991 -0.132519
v 0.379721 -0.246093 0.230499
v 0.379721 -0.246093 0.230499
v 0.412021 -0.062913 0.602634
v 0.644382 -0.406743 0.973817
v -0.047719 -0.159887 0.280116
v -0.047719 -0.159887 0.280116
v 0.133242 -0.246093 0.393845
v 0.133242 -0.246093 0.393845
v -0.664634 -0.074535 -0.748216
v -0.401719 -0.070047 -0.631746
v 0.372099 -0.246093 -0.213988
v 0.372099 -0.246093 -0.213988
v -0.161514 -0.243657 0.417356
v -0.215781 -0.071235 -0.059856
v 0.157246 -0.071235 0.152117
v -0.184646 -0.115037 0.290247
v -0.778817 -0.019814 0.595609
v 0.203104 -0.112822 0.266135
v 0.203104 -0.112822 0.266135
v 0.224130 -0.243658 0.349914
v -0.134224 -0.243658 -0.450370
v 0.079508 -0.112788 -0.231955
v 0.080652 -0.112822 0.325322
v 0.080652 -0.112822 0.325322
v 0.420057 -0.185904 -0.173395
v -0.328390 -0.159887 -0.201093
v 0.236513 -0.115037 -0.264546
v 0.216417 -0.112788 -0.089171
v -0.301877 -0.159887 -0.006683
v -0.301877 -0.159887 -0.006683
v -0.350123 -0.159887 0.048736
v 0.038544 -0.014702 -0.748193
v 0.116384 -0.062124 0.978067
v 0.419663 -0.020456 -0.626643
v 0.291155 -0.183156 -0.321222
v 0.291155 -0.183156 -0.321222
v -0.493260 -0.019675 -0.560499
v 0.572812 -0.406766 -0.520659
v -0.393517 -0.243658 -0.254646
v 0.150162 -0.243658 -0.411750
v -0.378828 -0.140840 -0.064035
v -0.258554 -0.014481 -0.972326
v 0.355089 -0.183156 -0.243101
v 0.355089 -0.183156 -0.243101
v 0.045063 -0.159887 -0.384004
v 0.045063 -0.159887 -0.384004
v 0.219354 -0.159887 0.287663
v 0.219354 -0.159887 0.287663
v 0.435757 -0.183156 0.099155
v 0.435757 -0.183156 0.099155
v -0.210556 -0.112788 -0.131812
v -0.027858 -0.019876 -1.012846
v -0.143572 -0.026422 0.709563
v -0.184643 -0.112808 -0.247548
v -0.184643 -0.112808 -0.247548
v 0.056727 -0.406743 -0.927012
v -0.432196 -0.185903 -0.071491
v 0.504595 -0.513636 -0.811078
v 0.085647 -0.183156 0.434862
v 0.085647 -0.183156 0.434862
v -0.101224 -0.159887 -0.375577
v -0.101224 -0.159887 -0.375577
v -0.349644 -0.246093 0.246644
v -0.349644 -0.246093 0.246644
v -0.159445 -0.159887 0.301344
v -0.142691 -0.246093 0.182196
v 0.409076 -0.183156 0.175758
v 0.409076 -0.183156 0.175758
v 0.736418 -0.406743 0.343367
v 0.193921 -0.062098 0.966280
v 0.687712 -0.021514 -0.743797
v -0.428686 -0.406743 -0.746428
v -0.428686 -0.406743 -0.746428
v -0.356964 -0.115037 -0.033197
v -0.231583 -0.138138 -0.309734
v -0.046880 -0.060556 0.077127
v 0.000948 -0.217991 0.417284
v 0.000948 -0.217991 0.417284
v 0.147718 -0.217991 -0.441503
v 0.147718 -0.217991 -0.441503
v 0.333470 -0.159887 0.063093
v 0.247888 -0.406766 0.104700
v 1.027225 -0.406743 -0.035158
v 1.027225 -0.406743 -0.035158
v -0.234702 -0.159887 -0.199548
v -0.234702 -0.159887 -0.199548
v 0.217850 -0.058702 -0.003697
v -0.301390 -0.159887 -0.029844
v -0.301390 -0.159887 -0.029844
v 0.180576 -0.112808 -0.239877
v 0.180576 -0.112808 -0.239877
v 0.541351 -0.021477 0.487314
v -0.159445 -0.112822 0.301344
v -0.159445 -0.112822 0.301344
v 0.312411 -0.217991 0.314051
v 0.312411 -0.217991 0.314051
v 0.324683 -0.185903 0.260806
v 0.365980 -0.138138 -0.018887
v -0.027858 -0.069603 -1.012846
v 0.554904 -0.062315 0.819378
v 0.163303 -0.183156 0.411421
v 0.163303 -0.183156 0.411421
v -0.277360 -0.112808 0.105790
v -0.277360 -0.112808 0.105790
v -0.899594 -0.018965 0.395737
v -0.228396 -0.159887 0.257073
v 0.839091 -0.067166 -0.564309
v 0.236047 -0.406766 -0.066223
v -0.382378 -0.159887 -0.005212
v -0.382378 -0.159887 -0.005212
v 0.018968 -0.185903 -0.440723
v -0.406575 -0.243658 -0.169133
v 0.149790 -0.112788 0.164739
v -0.094984 -0.159887 -0.351534
v 0.039280 -0.000240 -0.007463
v 0.487900 -0.406743 -0.842909
v 0.408764 -0.217991 -0.119933
v 0.408764 -0.217991 -0.119933
v -0.029361 -0.138138 0.360190
v 0.449012 -0.217991 -0.033563
v 0.449012 -0.217991 -0.033563
v -0.294862 -0.138138 -0.249058
v -0.463089 -0.183156 -0.026420
v -0.463089 -0.183156 -0.026420
v 0.449012 -0.246093 -0.033562
v 0.449012 -0.246093 -0.033562
v -0.375349 -0.406766 0.105160
v 0.281188 -0.159887 0.051547
v 0.281188 -0.159887 0.051547
v -0.447135 -0.183156 -0.132519
v -0.447135 -0.183156 -0.132519
v 0.265981 -0.217991 -0.343654
v 0.265981 -0.217991 -0.343654
v 0.420057 -0.183156 -0.173395
v 0.420057 -0.183156 -0.173395
v 0.348083 -0.140840 -0.134628
v -0.178454 -0.183156 -0.405745
v -0.178454 -0.183156 -0.405745
v -0.231583 -0.159887 -0.309734
v -0.367883 -0.159887 0.081599
v -0.534559 -0.019828 -0.519711
v 0.156314 -0.138138 -0.347404
v 0.962937 -0.018154 -0.278265
v -0.453834 -0.183156 0.080472
v -0.453834 -0.183156 0.080472
v 0.940088 -0.025730 0.336974
v -0.771160 -0.074210 -0.634407
v 0.307473 -0.159887 -0.212711
v 0.212992 -0.246093 -0.412028
v 0.212992 -0.246093 -0.412028
v -0.705072 -0.068364 -0.219631
v 0.235033 -0.112822 -0.263011
v 0.235033 -0.112822 -0.263011
v 0.129502 -0.159887 -0.359176
v 0.381217 -0.406743 1.084104
v -0.027679 -0.074918 -1.007424
v -0.949279 -0.016382 -0.290145
v -0.241253 -0.185904 -0.403729
v 0.113548 -0.243658 -0.452311
v -0.373294 -0.183156 -0.284232
v -0.373294 -0.183156 -0.284232
v -0.422561 -0.183156 0.095787
v -0.422561 -0.183156 0.095787
v -0.045175 -0.406743 1.113641
v -0.076634 -0.014581 -0.744384
v -0.296871 -0.159887 -0.250711
v -0.296871 -0.159887 -0.250711
v 0.326524 -0.159887 0.089566
v 0.785699 -0.026594 0.608679
v -0.127030 -0.246093 0.192252
v 0.133242 -0.217991 0.393845
v 0.133242 -0.217991 0.393845
v -0.561402 -0.406766 -0.290669
v 0.068017 -0.243658 0.410770
v 0.335847 -0.243658 -0.270790
v -0.037902 -0.243658 -0.467436
v -0.068079 -0.159887 -0.357398
v 0.271977 -0.112808 -0.108353
v 0.271977 -0.112808 -0.108353
v -0.811221 -0.406744 -0.622500
v -0.333303 -0.159887 -0.140339
v -0.380682 -0.140840 0.024227
v 0.959590 -0.069332 0.261035
v -0.380682 -0.159887 0.024227
v -0.380682 -0.159887 0.024227
v 0.196005 -0.185904 0.396761
v -0.493260 -0.069803 -0.560499
v 0.565230 -0.021042 -0.841594
v 0.181036 -0.183156 -0.398196
v 0.181036 -0.183156 -0.398196
v -0.371065 -0.159887 -0.092495
v 0.265981 -0.183156 -0.343654
v 0.265981 -0.183156 -0.343654
v 0.785699 -0.062885 0.608679
v -0.327298 -0.101659 -0.604935
v -0.433854 -0.243657 0.149248
v 0.288080 -0.112808 -0.017463
v 0.288080 -0.112808 -0.017463
v 0.874911 -0.072205 -0.494567
v 0.625010 -0.073527 -0.790865
v 0.647875 -0.063881 0.350650
v 0.345624 -0.138138 -0.133779
v -0.442441 -0.246093 0.124376
v -0.442441 -0.246093 0.124376
v 0.272850 -0.185904 -0.372706
v -0.143572 -0.063056 0.709563
v -0.456916 -0.183156 -0.088228
v -0.456916 -0.183156 -0.088228
v -0.432196 -0.217991 -0.071491
v -0.432196 -0.217991 -0.071491
v 0.443119 -0.243657 0.064082
v 0.243693 -0.185904 -0.393543
v 0.195669 -0.096080 0.068431
v 0.195669 -0.096080 0.068431
v 0.217149 -0.246093 -0.089424
v -0.350811 -0.185904 -0.312140
v -0.999084 -0.406743 0.034025
v 0.270295 -0.062095 0.948445
v 0.256697 -0.026764 0.680563
v -0.388369 -0.243658 -0.262666
v -0.300726 -0.159887 0.175453
v 0.007449 -0.183156 -0.468265
v 0.007449 -0.183156 -0.468265
v -0.371065 -0.138138 -0.092495
v -0.681977 -0.513636 0.552123
v -0.224547 -0.183156 0.358113
v -0.224547 -0.183156 0.358113
v 0.104330 -0.183156 -0.454730
v 0.104330 -0.183156 -0.454730
v 0.739791 -0.023482 -0.096881
v 0.674948 -0.067894 0.719118
v 0.143951 -0.022087 0.706638
v -0.058367 -0.112808 -0.302577
v -0.058367 -0.112808 -0.302577
v 0.322587 -0.159887 -0.125825
v -0.987732 -0.017489 0.018277
v -0.924713 -0.073348 -0.364178
v 0.205010 -0.014843 -0.987656
v -0.267772 -0.112822 0.219109
v -0.267772 -0.112822 0.219109
v -0.073534 -0.185904 -0.463599
v -0.381759 -0.140840 -0.034693
v 0.422531 -0.183156 0.142542
v 0.422531 -0.183156 0.142542
v -0.354227 -0.159887 -0.060598
v 0.340204 -0.159887 0.124326
v -0.333023 -0.217991 0.307236
v -0.333023 -0.217991 0.307236
v -0.894415 -0.015892 -0.436056
v 1.102402 -0.406744 -0.392102
v 0.079129 -0.159887 -0.294280
v 0.079129 -0.159887 -0.294280
v -0.086300 -0.062939 0.719000
v 0.021619 -0.112808 0.281573
v 0.021619 -0.112808 0.281573
v -0.000491 -0.159887 0.338570
v 0.204389 -0.159887 0.267837
v 0.085647 -0.243657 0.434862
v 0.043198 -0.246093 -0.465732
v 0.043198 -0.246093 -0.465732
v 0.618640 -0.027052 0.773674
v -0.029809 -0.246093 -0.247988
v -0.732522 -0.064067 0.658884
v 0.192900 -0.067434 0.960972
v -0.418655 -0.062932 0.889914
v -0.178454 -0.217991 -0.405745
v -0.178454 -0.217991 -0.405745
v -0.611701 -0.513636 -0.584722
v -0.207818 -0.115037 0.275369
v -0.499117 -0.406743 0.428955
v -0.194832 -0.217991 0.374048
v -0.194832 -0.217991 0.374048
v 0.832192 -0.026403 0.545517
v -0.572530 -0.069478 -0.475809
v 0.094742 -0.112822 -0.345496
v 0.094742 -0.112822 -0.345496
v -0.429742 -0.183156 0.062842
v -0.429742 -0.183156 0.062842
v 0.789111 -0.072764 -0.624716
v 0.364296 -0.138138 -0.048122
v -0.118126 -0.185904 0.430582
v -0.184290 -0.246093 0.145129
v -0.000530 -0.112822 0.336438
v -0.000530 -0.112822 0.336438
v -0.828790 -0.024867 0.535197
v 0.239124 -0.217991 -0.364042
v 0.239124 -0.217991 -0.364042
v -0.445403 -0.406743 -0.439971
v -0.092925 -0.159887 0.270133
v -0.092925 -0.159887 0.270133
v 0.204594 -0.183156 -0.416532
v 0.204594 -0.183156 -0.416532
v -0.987479 -0.066372 0.096679
v 0.839091 -0.022313 -0.564309
v -0.441603 -0.406744 -0.949081
v 0.144859 -0.026782 0.711356
v -0.099500 -0.246093 0.407252
v -0.099500 -0.246093 0.407252
v -0.279057 -0.183156 0.354322
v -0.279057 -0.183156 0.354322
v -0.105478 -0.074968 -1.001787
v -0.194425 -0.159887 -0.305901
v -0.195572 -0.159887 -0.307698
v 0.742823 -0.067710 -0.687996
v -0.314080 -0.243657 0.325499
v -0.554928 -0.063340 0.812482
v 0.579073 -0.021305 0.443697
v 0.293168 -0.243658 -0.355986
v -0.103178 -0.159887 -0.290949
v -0.103178 -0.159887 -0.290949
v -0.416361 -0.021213 0.885018
v -0.419880 -0.243657 0.182250
v -0.448647 -0.406743 0.978349
v -0.952637 -0.018375 0.249153
v 0.026794 -0.159887 0.334864
v 0.206101 -0.020160 -0.992970
v 0.059737 -0.217991 0.439452
v 0.059737 -0.217991 0.439452
v 0.176118 -0.246093 0.138543
v 0.474761 -0.406766 -0.340699
v -0.987731 -0.071990 0.018277
v -0.434316 -0.243658 0.029435
v -0.286648 -0.217991 0.348560
v -0.286648 -0.217991 0.348560
v 0.094742 -0.159887 -0.345496
v -0.028387 -0.217991 -0.467984
v -0.028387 -0.217991 -0.467984
v 0.040632 -0.014104 -0.030550
v 0.000833 -0.014104 -0.053165
v -0.957857 -0.065777 0.250590
v -0.211668 -0.159887 0.200319
v -0.211668 -0.159887 0.200319
v -0.277254 -0.140840 -0.272726
v 0.359497 -0.217991 0.260085
v 0.359497 -0.217991 0.260085
v -0.048160 -0.406766 0.125209
v -0.406665 -0.020852 0.593548
v 0.336326 -0.112822 -0.072883
v 0.336326 -0.112822 -0.072883
v 0.018968 -0.183156 -0.440723
v 0.018968 -0.183156 -0.440723
v -0.436328 -0.183156 -0.166689
v -0.436328 -0.183156 -0.166689
v 0.180629 -0.112822 0.281754
v 0.180629 -0.112822 0.281754
v 0.335553 -0.159887 0.063553
v 0.870035 -0.406743 0.799176
v 0.085647 -0.217991 0.434862
v 0.085647 -0.217991 0.434862
v 0.729274 -0.024619 0.134163
v 0.397942 -0.406743 0.914241
v 0.397942 -0.406743 0.914241
v -0.967960 -0.072833 -0.214412
v -0.432196 -0.243658 -0.071491
v -0.170111 -0.138138 0.323257
v -0.405137 -0.074933 -0.919282
v -0.163586 -0.112788 -0.188886
v 0.118319 -0.183156 -0.422841
v 0.118319 -0.183156 -0.422841
v 0.397561 -0.243657 0.199417
v 0.192900 -0.022044 0.960972
v 0.793387 -0.067443 -0.628044
v 0.717868 -0.022888 -0.210789
v -0.728527 -0.020080 0.655237
v 0.983570 -0.025214 0.186390
v 0.324541 -0.140840 -0.188651
v -0.182252 -0.138138 -0.341217
v 1.105143 -0.406743 0.444468
v 0.128045 -0.014727 -1.000337
v -0.715806 -0.406743 0.539975
v -0.376252 -0.159887 -0.063675
v 0.278671 -0.159887 -0.086176
v 0.278671 -0.159887 -0.086176
v -0.306965 -0.185904 0.331839
v -0.869352 -0.064895 0.468072
v 0.281188 -0.112808 0.051547
v 0.281188 -0.112808 0.051547
v -0.202570 -0.112808 -0.232876
v -0.202570 -0.112808 -0.232876
v 0.116611 -0.071235 -0.210583
v 0.116611 -0.071235 -0.210583
v -0.000037 -0.159887 0.363406
v -0.000037 -0.159887 0.363406
v 0.059737 -0.246093 0.439452
v 0.059737 -0.246093 0.439452
v 0.050569 -0.069530 -1.012359
v -0.460557 -0.217991 -0.062168
v -0.460557 -0.217991 -0.062168
v -0.783086 -0.064334 0.598932
v -0.200260 -0.071235 0.078683
v 0.030285 -0.071235 0.209690
v -0.461504 -0.217991 -0.052685
v -0.461504 -0.217991 -0.052685
v 0.349309 -0.243658 -0.297435
v -0.884631 -0.406744 0.565039
v 0.263894 -0.115037 0.210779
v 0.417679 -0.027319 0.895111
v 0.420057 -0.217991 -0.173395
v 0.420057 -0.217991 -0.173395
v -0.993146 -0.022812 0.018456
v 0.447707 -0.243657 0.028539
v -0.464601 -0.406743 -0.747884
v 0.166878 -0.406766 0.572708
v 0.115657 -0.159887 0.342908
v 0.115657 -0.159887 0.342908
v 0.628392 -0.068208 -0.795101
v -0.071959 -0.138138 -0.379295
v 0.343196 -0.067451 0.919591
v 0.939293 -0.017857 -0.352598
v 0.044047 -0.112788 -0.242764
v 0.290762 -0.159887 -0.236758
v 0.247428 -0.112808 0.137456
v 0.247428 -0.112808 0.137456
v 0.172208 -0.243658 -0.431880
v 0.426655 -0.015316 -0.914116
v 0.158594 -0.513636 0.962775
v 0.322246 -0.138138 -0.187427
v 0.498614 -0.068649 -0.882987
v -0.077172 -0.019242 -0.749191
v -0.241253 -0.246093 -0.403729
v -0.241253 -0.246093 -0.403729
v -0.376252 -0.138138 -0.063675
v 0.043198 -0.243658 -0.465732
v 0.459191 -0.026454 0.568809
v -0.171796 -0.159887 -0.321591
v -0.128604 -0.138138 -0.364596
v -0.090781 -0.060556 0.029039
v 0.016901 -0.060556 0.090230
v -0.087319 -0.159887 0.352093
v 0.239124 -0.246093 -0.364042
v 0.239124 -0.246093 -0.364042
v 0.412908 -0.183156 0.167032
v 0.412908 -0.183156 0.167032
v -0.246396 -0.070246 -0.709675
v 0.337014 -0.246093 0.287993
v 0.337014 -0.246093 0.287993
v -0.858570 -0.073811 -0.505335
v 0.024106 -0.185904 0.443289
v 0.163303 -0.185904 0.411421
v 0.059737 -0.185904 0.439452
v -0.233150 -0.140840 -0.311810
v 0.282248 -0.069181 -0.974187
v -0.724093 -0.069065 -0.697111
v 0.449012 -0.243657 -0.033562
v -0.459717 -0.183156 0.045120
v -0.459717 -0.183156 0.045120
v -0.252921 -0.185903 0.339896
v -0.332888 -0.074977 -0.948684
v -0.732522 -0.025410 0.658884
v 0.257463 -0.243657 0.359987
v -0.255592 -0.159887 0.146648
v -0.255592 -0.159887 0.146648
v 0.309665 -0.140840 -0.214111
v -0.279777 -0.243658 0.319508
v -0.336384 -0.159887 0.101680
v 0.194021 -0.115037 -0.299516
v -0.358867 -0.217991 -0.258096
v -0.358867 -0.217991 -0.258096
v -0.358867 -0.185903 -0.258096
v 0.305532 -0.183156 0.320647
v 0.305532 -0.183156 0.320647
v 0.242173 -0.159887 0.268987
v 0.242173 -0.159887 0.268987
v 0.909891 -0.071915 -0.424848
v 0.684008 -0.016194 -0.739839
v -0.336042 -0.159887 0.163281
v 0.239124 -0.243658 -0.364042
v 0.029401 -0.159887 0.361710
v 0.029401 -0.159887 0.361710
v 0.256697 -0.062714 0.680563
v -0.048407 -0.243658 -0.439492
v 0.349309 -0.217991 -0.297435
v 0.349309 -0.217991 -0.297435
v -0.087880 -0.159887 0.354633
v -0.087880 -0.159887 0.354633
v -0.458424 -0.185904 0.054562
v 0.379721 -0.183156 0.230499
v 0.379721 -0.183156 0.230499
v 0.674948 -0.021585 0.719117
v 0.068452 -0.406744 1.144736
v -0.257837 -0.112822 -0.254006
v -0.257837 -0.112822 -0.254006
v 0.018968 -0.246093 -0.440723
v 0.018968 -0.246093 -0.440723
v -0.426224 -0.246093 -0.104676
v -0.426224 -0.246093 -0.104676
v -0.436255 -0.243658 -0.004228
v 0.120618 -0.246093 0.187726
v 0.366885 -0.140840 -0.048373
v -0.899323 -0.021211 -0.438356
v -0.161418 -0.071235 0.137606
v -0.040214 -0.071235 0.206480
v 0.235674 -0.243658 -0.398692
v 0.618640 -0.062426 0.773674
v -0.676628 -0.406744 -0.777128
v 0.617240 -0.025806 0.399951
v -0.355410 -0.112822 -0.005705
v -0.355410 -0.112822 -0.005705
v 0.201383 -0.062694 0.698157
v 0.201383 -0.062694 0.698157
v 0.229331 -0.071235 -0.039585
v -0.206596 -0.159887 0.273622
v -0.544603 -0.069462 -0.848489
v -0.279777 -0.183156 0.319508
v -0.279777 -0.183156 0.319508
v -0.304952 -0.185903 0.297076
v -0.605006 -0.074667 -0.798505
v -0.462808 -0.246093 0.009416
v -0.462808 -0.246093 0.009416
v 0.435757 -0.217991 0.099155
v 0.435757 -0.217991 0.099155
v 0.356686 -0.020456 -0.949489
v 0.245575 -0.159887 0.231338
v -0.322349 -0.406766 0.291432
v 0.261585 -0.138138 0.246774
v 0.087474 -0.062723 0.720080
v 0.914824 -0.022888 -0.427084
v -0.019945 -0.071235 -0.238633
v 0.210599 -0.071235 -0.107626
v 0.909625 -0.063509 0.409244
v 0.014097 -0.159887 -0.360010
v -0.418655 -0.026546 0.889914
v -0.183475 -0.159887 -0.343513
v -0.183475 -0.159887 -0.343513
v 0.016202 -0.406766 0.365729
v -0.194713 -0.021685 0.958563
v -0.344471 -0.183156 -0.319255
v -0.344471 -0.183156 -0.319255
v 0.510311 -0.068553 -0.554264
v 0.135901 -0.246093 0.177106
v -0.306634 -0.140840 0.214179
v -0.321269 -0.159887 0.188565
v -0.618091 -0.063569 0.765989
v 0.578242 -0.406766 0.433748
v -0.177099 -0.246093 -0.435568
v -0.177099 -0.246093 -0.435568
v -0.520271 -0.513636 0.735137
v 0.443119 -0.246093 0.064082
v 0.443119 -0.246093 0.064082
v -0.723620 -0.016980 -0.105407
v 0.314492 -0.183156 -0.296884
v 0.314492 -0.183156 -0.296884
v -0.258554 -0.074997 -0.972326
v 0.235674 -0.185904 -0.398692
v -0.863285 -0.068492 -0.508014
v -0.824272 -0.069940 0.532218
v 0.944386 -0.023182 -0.354441
v 0.834567 -0.016990 -0.561327
v 0.426656 -0.074163 -0.914116
v 0.228575 -0.159887 -0.189818
v 0.228575 -0.159887 -0.189818
v 0.007378 -0.246093 -0.248667
v 0.684008 -0.073285 -0.739840
v -0.790805 -0.513636 0.333492
v -0.143067 -0.406766 -0.660296
v -0.296871 -0.140840 -0.250711
v 0.565230 -0.068437 -0.841594
v 0.379721 -0.243657 0.230499
v 0.230086 -0.138138 -0.300037
v -0.989896 -0.406744 0.293517
v -0.012288 -0.159887 -0.307052
v -0.012288 -0.159887 -0.307052
v -0.746628 -0.406743 -0.381159
v -0.746628 -0.406743 -0.381159
v 0.131822 -0.112808 0.248307
v 0.131822 -0.112808 0.248307
v 0.163303 -0.243657 0.411421
v 0.283074 -0.159887 0.226564
v 0.283074 -0.159887 0.226564
v -0.143348 -0.183156 -0.447616
v -0.143348 -0.183156 -0.447616
v -0.333303 -0.115037 -0.140339
v -0.155888 -0.159887 -0.353961
v -0.824273 -0.019538 0.532219
v -0.361880 -0.140840 0.110482
v -0.349644 -0.183156 0.246644
v -0.349644 -0.183156 0.246644
v -0.621935 -0.406766 -0.110144
v 0.300283 -0.183156 -0.349645
v 0.300283 -0.183156 -0.349645
v -0.117746 -0.021802 0.971244
v 0.980675 -0.018451 -0.202306
v -0.753022 -0.406743 -0.416529
v 0.245575 -0.115037 0.231338
v -0.673714 -0.020335 0.710736
v -0.436328 -0.243658 -0.166689
v 0.229311 -0.112788 -0.016390
v -0.328390 -0.138138 -0.201093
v 0.412427 -0.217991 0.080529
v 0.412427 -0.217991 0.080529
v 0.341038 -0.112822 0.008922
v 0.341038 -0.112822 0.008922
v 0.415945 -0.217991 -0.086988
v 0.415945 -0.217991 -0.086988
v 0.939294 -0.071621 -0.352599
v -0.037902 -0.217991 -0.467436
v -0.037902 -0.217991 -0.467436
v 0.180934 -0.183156 -0.428049
v 0.180934 -0.183156 -0.428049
v 0.192901 -0.246093 -0.139589
v -0.040022 -0.021896 0.977848
v -0.194425 -0.112822 -0.305901
v -0.194425 -0.112822 -0.305901
v -0.858571 -0.015667 -0.505336
v -0.287959 -0.159887 0.236998
v -0.287959 -0.159887 0.236998
v 0.793387 -0.022036 -0.628044
v 0.335847 -0.183156 -0.270790
v 0.335847 -0.183156 -0.270790
v -0.201221 -0.183156 -0.425056
v -0.201221 -0.183156 -0.425056
v -0.970374 -0.018078 0.173193
v -0.019279 -0.070188 -0.753386
v 0.645569 -0.406766 -0.270954
v 0.789110 -0.016715 -0.624715
v -0.314080 -0.183156 0.325499
v -0.314080 -0.183156 0.325499
v 0.827714 -0.021069 0.542484
v -0.406575 -0.185903 -0.169133
v 0.094958 -0.183156 0.432832
v 0.094958 -0.183156 0.432832
v -0.447135 -0.246093 -0.132519
v -0.447135 -0.246093 -0.132519
v -0.028442 -0.002294 0.000773
v 0.038160 -0.027304 0.983734
v -0.828790 -0.064610 0.535197
v 0.653175 -0.080050 0.217434
v 0.653175 -0.080050 0.217434
v -0.327273 -0.055767 -0.607187
v -0.327273 -0.055767 -0.607187
v -0.775397 -0.406744 -0.633061
v -0.400570 -0.185903 0.159483
v 0.043865 -0.014104 -0.018803
v -0.010913 -0.014104 -0.049931
v -0.321269 -0.138138 0.188565
v -0.144249 -0.159887 0.337450
v -0.144249 -0.159887 0.337450
v -0.578220 -0.024549 0.439483
v -0.346385 -0.026724 0.920377
v -0.146907 -0.071235 -0.181060
v 0.226120 -0.071235 0.030913
v 0.349836 -0.159887 0.096672
v -0.924713 -0.016130 -0.364178
v -0.270447 -0.067931 0.939882
v -0.106271 -0.071235 0.181641
v -0.611630 -0.406744 -0.834557
v -0.352115 -0.159887 -0.060303
v -0.146151 -0.112822 -0.331619
v -0.146151 -0.112822 -0.331619
v 0.128716 -0.069436 -1.005720
v -0.338479 -0.243658 -0.284953
v -0.436255 -0.246093 -0.004228
v -0.436255 -0.246093 -0.004228
v -0.195800 -0.027020 0.963858
v 0.021619 -0.159887 0.281573
v 0.021619 -0.159887 0.281573
v -0.040268 -0.027232 0.983247
v -0.035290 -0.406766 -0.082996
v 0.285840 -0.246093 0.338099
v 0.285840 -0.246093 0.338099
v 0.113385 -0.025845 0.664980
v 0.113385 -0.025845 0.664980
v -0.458424 -0.183156 0.054562
v -0.458424 -0.183156 0.054562
v 0.354777 -0.074340 -0.944413
v 0.310461 -0.026721 0.658684
v 0.403869 -0.217991 0.113144
v 0.403869 -0.217991 0.113144
v -0.194730 -0.217991 0.403902
v -0.194730 -0.217991 0.403902
v -0.416361 -0.068266 0.885018
v 0.014591 -0.246093 0.443837
v 0.014591 -0.246093 0.443837
v 0.613258 -0.021115 0.397254
v -0.455228 -0.246093 -0.097608
v -0.455228 -0.246093 -0.097608
v -0.222049 -0.140840 0.295729
v -0.316047 -0.246093 -0.310127
v -0.316047 -0.246093 -0.310127
v 0.325822 -0.246093 -0.324504
v 0.325822 -0.246093 -0.324504
v -0.608338 -0.069350 -0.802785
v 0.441431 -0.243657 0.073461
v -0.269368 -0.115037 0.220523
v -0.434316 -0.185903 0.029435
v -0.439462 -0.246093 -0.157689
v -0.439462 -0.246093 -0.157689
v 0.968158 -0.023480 -0.279702
v 0.703768 -0.406766 -0.225292
v 0.262248 -0.159887 0.209424
v -0.021128 -0.112788 0.223747
v -0.419880 -0.217991 0.182250
v -0.419880 -0.217991 0.182250
v 0.487779 -0.062226 0.859940
v -0.264327 -0.057365 -0.639056
v -0.264327 -0.057365 -0.639056
v 0.584710 -0.016776 -0.465630
v -0.257490 -0.217991 0.369397
v -0.257490 -0.217991 0.369397
v -0.368886 -0.183156 0.218955
v -0.368886 -0.183156 0.218955
v -0.294984 -0.159887 -0.075693
v -0.294984 -0.159887 -0.075693
v -0.011229 -0.246093 -0.249058
v 0.412908 -0.217991 0.167032
v 0.412908 -0.217991 0.167032
v 0.370361 -0.069236 -0.657278
v 0.314492 -0.217991 -0.296884
v 0.314492 -0.217991 -0.296884
v -0.406575 -0.183156 -0.169133
v -0.406575 -0.183156 -0.169133
v -0.862561 -0.406743 0.066709
v 0.562189 -0.015723 -0.837104
v -0.675740 -0.406743 0.805585
v -0.087985 -0.071235 -0.219900
v 0.873586 -0.026194 0.478902
v 0.904728 -0.068841 0.406949
v -0.578220 -0.064928 0.439483
v -0.982097 -0.017781 0.096076
v -0.771036 -0.406743 0.697730
v -0.778816 -0.069664 0.595608
v 0.306519 -0.159887 0.140473
v -0.254244 -0.159887 -0.291188
v 0.415446 -0.021983 0.890188
v -0.271946 -0.062596 0.945076
v 0.958922 -0.406744 -0.638745
v 0.089381 -0.112808 0.266802
v 0.089381 -0.112808 0.266802
v -0.775398 -0.020586 -0.637791
v -0.899593 -0.070513 0.395736
v -0.183620 -0.069679 -0.995391
v 0.730447 -0.068046 0.664304
v -0.270447 -0.021548 0.939882
v -0.934086 -0.065480 0.325329
v -0.183565 -0.112822 0.288409
v -0.183565 -0.112822 0.288409
v -0.367883 -0.138138 0.081599
v 0.644095 -0.406766 0.508361
v 0.153873 -0.019575 -0.738675
v -0.349703 -0.014681 -0.657531
v -0.195800 -0.062458 0.963858
v -0.259994 -0.069682 -0.977557
v 0.195016 -0.185903 0.366925
v 0.498614 -0.020830 -0.882987
v -0.040591 -0.112822 -0.359012
v -0.040591 -0.112822 -0.359012
v 0.257463 -0.246093 0.359987
v 0.257463 -0.246093 0.359987
v 0.990950 -0.019610 0.108336
v 0.219228 -0.246093 0.384390
v 0.219228 -0.246093 0.384390
v 0.440037 -0.185904 -0.104618
v 0.195016 -0.246093 0.366925
v 0.195016 -0.246093 0.366925
v -0.334734 -0.069661 -0.953785
v -0.331318 -0.112822 -0.139559
v -0.331318 -0.112822 -0.139559
v 0.187425 -0.246093 0.400909
v 0.187425 -0.246093 0.400909
v -0.314533 -0.112822 0.151822
v -0.314533 -0.112822 0.151822
v 0.037981 -0.021969 0.978332
v -0.352222 -0.159887 0.049108
v 0.128045 -0.074751 -1.000337
v -0.106082 -0.069652 -1.007178
v 0.116384 -0.027354 0.978067
v -0.986019 -0.022240 -0.138117
v -0.182595 -0.074994 -0.990064
v -0.197236 -0.140840 0.311660
v -0.477478 -0.069551 -0.889052
v -0.422873 -0.183156 -0.199905
v -0.422873 -0.183156 -0.199905
v 0.104330 -0.246093 -0.454729
v 0.104330 -0.246093 -0.454729
v 0.944386 -0.066297 -0.354441
v -0.817401 -0.074019 -0.571589
v -0.821891 -0.068701 -0.574629
v -0.407377 -0.019861 -0.924222
v -0.929787 -0.068028 -0.366085
v -0.949279 -0.073097 -0.290145
v -0.954486 -0.067776 -0.291648
v 0.251819 -0.217991 0.330672
v 0.251819 -0.217991 0.330672
v -0.992658 -0.066955 -0.059971
v -0.993146 -0.066666 0.018456
v 0.370600 -0.185904 -0.268609
v -0.952636 -0.071103 0.249153
v -0.928995 -0.070807 0.323487
v -0.728527 -0.069398 0.655236
v -0.677410 -0.063811 0.714685
v 0.370600 -0.246093 -0.268608
v 0.370600 -0.246093 -0.268608
v -0.344482 -0.068088 0.915317
v -0.194713 -0.067793 0.958563
v -0.117746 -0.067677 0.971244
v -0.099529 -0.060556 -0.002743
v 0.048682 -0.060556 0.081478
v 1.150900 -0.406743 0.308012
v 0.115782 -0.067460 0.972696
v -0.206503 -0.406766 -0.522133
v 0.268861 -0.067431 0.943234
v 0.345035 -0.027363 0.924673
v 0.345035 -0.062115 0.924673
v 0.551929 -0.067650 0.814865
v 0.678593 -0.062559 0.723110
v 0.615320 -0.067761 0.769408
v 0.734394 -0.062712 0.667999
v 0.868884 -0.068617 0.476230
v 0.873586 -0.063285 0.478902
v 0.827715 -0.068409 0.542485
v 0.047723 -0.077640 0.674843
v -0.001772 -0.406766 -0.112611
v 0.272964 -0.406766 -0.249192
v 0.983570 -0.064265 0.186390
v 0.996320 -0.064539 0.109005
v 1.002960 -0.064822 0.030859
v 0.997554 -0.070150 0.030612
v 1.003447 -0.065111 -0.047568
v 0.968158 -0.066000 -0.279702
v 0.914824 -0.066592 -0.427084
v 0.879653 -0.066882 -0.497184
v 0.687712 -0.067965 -0.743797
v 0.495935 -0.073967 -0.878273
v 0.562190 -0.073755 -0.837105
v -0.388369 -0.217991 -0.262666
v -0.388369 -0.217991 -0.262666
v -0.637848 -0.019307 0.340307
v 0.428956 -0.068845 -0.919026
v 0.731067 -0.066294 -0.154266
v -0.434316 -0.217991 0.029435
v -0.434316 -0.217991 0.029435
v -0.009188 -0.056092 0.195074
v -0.009188 -0.056092 0.195074
v -0.046649 -0.036437 -0.210165
v -0.046649 -0.036437 -0.210165
v -0.463089 -0.243657 -0.026420
v -0.702919 -0.018431 0.180397
v -0.242812 -0.246093 0.010837
v 0.310461 -0.062758 0.658684
v -0.554928 -0.026138 0.812482
v -0.980642 -0.072560 -0.137447
v 0.633289 -0.406743 0.498957
v -0.720133 -0.015097 -0.693405
v 0.449492 -0.185904 -0.007254
v -0.099500 -0.185903 0.407252
v 0.412908 -0.243657 0.167032
v 0.551929 -0.021828 0.814864
v 0.456239 -0.021761 0.565016
v 0.041331 -0.112822 -0.357291
v 0.041331 -0.112822 -0.357291
v 1.008223 -0.406743 -0.254017
v 0.168456 -0.159887 0.317070
v 0.033923 -0.112808 -0.304263
v 0.033923 -0.112808 -0.304263
v 0.128716 -0.020043 -1.005720
v -0.067707 -0.112822 -0.355298
v -0.067707 -0.112822 -0.355298
v 0.282248 -0.020298 -0.974187
v 0.221777 -0.112788 -0.071412
v 0.280743 -0.014981 -0.968977
v -0.092925 -0.112808 0.270133
v -0.092925 -0.112808 0.270133
v 0.050322 -0.014632 -1.006940
v -0.082064 -0.112822 0.328295
v -0.082064 -0.112822 0.328295
v -0.105478 -0.014511 -1.001787
v -0.106082 -0.019826 -1.007178
v 0.832192 -0.063076 0.545517
v -0.182595 -0.014484 -0.990064
v -0.183620 -0.019800 -0.995391
v 0.781474 -0.021260 0.605305
v -0.405137 -0.014545 -0.919282
v -0.474857 -0.014612 -0.884303
v -0.351170 -0.159887 0.137956
v -0.351170 -0.159887 0.137956
v -0.334734 -0.019817 -0.953785
v 0.428644 -0.243658 -0.148523
v -0.028387 -0.185904 -0.467984
v -0.332888 -0.014502 -0.948684
v 0.349836 -0.138138 0.096672
v -0.222049 -0.159887 0.295729
v -0.222049 -0.159887 0.295729
v -0.668291 -0.020260 -0.752222
v -0.608338 -0.020128 -0.802785
v -0.605007 -0.014812 -0.798505
v 0.113548 -0.183156 -0.452311
v 0.113548 -0.183156 -0.452311
v 0.551099 -0.068298 -0.512966
v -0.863285 -0.020986 -0.508014
v -0.821891 -0.020777 -0.574629
v -0.817401 -0.015459 -0.571589
v -0.614716 -0.068901 0.761763
v -0.987479 -0.023105 0.096679
v 0.308436 -0.115037 0.141406
v -0.304952 -0.217991 0.297076
v -0.304952 -0.217991 0.297076
v -0.864614 -0.019255 0.465457
v -0.459717 -0.243657 0.045120
v -0.869352 -0.024583 0.468072
v -0.934086 -0.023998 0.325329
v -0.456916 -0.246093 -0.088228
v -0.456916 -0.246093 -0.088228
v -0.677410 -0.025666 0.714685
v -0.783086 -0.025144 0.598932
v -0.614716 -0.020577 0.761763
v -0.618091 -0.025909 0.765989
v -0.485642 -0.021017 0.849174
v -0.488313 -0.026350 0.853875
v -0.551896 -0.020805 0.808004
v -0.271946 -0.026882 0.945076
v -0.319329 -0.217991 -0.344794
v -0.319329 -0.217991 -0.344794
v -0.248709 -0.112808 -0.181096
v -0.248709 -0.112808 -0.181096
v 0.115782 -0.022018 0.972696
v 0.193921 -0.027380 0.966280
v 0.268861 -0.022047 0.943234
v 0.270295 -0.027383 0.948445
v 0.485167 -0.021917 0.855208
v -0.145618 -0.112808 -0.272454
v -0.145618 -0.112808 -0.272454
v 0.487779 -0.027253 0.859940
v 0.365162 -0.217991 -0.276434
v 0.365162 -0.217991 -0.276434
v 0.615319 -0.021717 0.769408
v 0.909625 -0.025970 0.409244
v -0.094448 -0.159887 -0.349470
v 0.935025 -0.020399 0.335070
v 0.964787 -0.025478 0.262536
v 0.959590 -0.020147 0.261035
v -0.904523 -0.024292 0.397972
v 0.997553 -0.019328 0.030612
v 0.997780 -0.024075 -0.125791
v 0.985993 -0.023778 -0.203329
v 0.998037 -0.019040 -0.047390
v 1.003447 -0.024368 -0.047568
v 0.879653 -0.022597 -0.497184
v 0.909891 -0.017564 -0.424847
v 0.625009 -0.015951 -0.790865
v 0.628392 -0.021271 -0.795101
v 0.495935 -0.015511 -0.878272
v 0.428956 -0.020634 -0.919026
v -0.027679 -0.014560 -1.007424
v 0.417011 -0.071235 -0.586788
v 0.417011 -0.071235 -0.586788
v -0.253327 -0.021435 0.672884
v -0.243882 -0.159887 0.275891
v -0.118415 -0.062341 0.976608
v 0.014097 -0.112822 -0.360010
v 0.014097 -0.112822 -0.360010
v 0.170846 -0.159887 0.223401
v 0.170846 -0.159887 0.223401
v 0.420519 -0.243658 -0.053582
v 0.337374 -0.140840 -0.162102
v 0.116611 -0.025288 -0.210583
v 0.101848 -0.138138 -0.368808
v 0.227846 -0.246093 0.020722
v -0.339618 -0.185904 0.300357
v -0.272173 -0.112808 -0.141188
v -0.272173 -0.112808 -0.141188
v -0.963013 -0.406744 -0.249026
v 0.206101 -0.069319 -0.992970
v 0.014591 -0.185904 0.443837
v 0.472159 -0.071235 -0.542753
v 0.472159 -0.071235 -0.542753
v 0.417011 -0.025288 -0.586788
v 0.171759 -0.071235 -0.166548
v 0.171759 -0.071235 -0.166548
v 0.171759 -0.071235 -0.166548
v 0.050555 -0.071235 -0.235422
v 0.043533 -0.031922 0.672993
v 0.043533 -0.031922 0.672993
v 0.060663 -0.050015 0.187062
v 0.060663 -0.050015 0.187062
v -0.004998 -0.101811 0.196924
v -0.038341 -0.060556 -0.110420
v 0.109870 -0.060556 -0.026199
v -0.065861 -0.060556 -0.092281
v 0.108370 -0.060556 0.006726
v 0.291155 -0.217991 -0.321222
v 0.291155 -0.217991 -0.321222
v 0.500321 -0.021629 0.527837
v -0.218991 -0.025287 0.010643
v -0.218991 -0.025287 0.010643
v -0.378959 -0.183156 0.252288
v -0.378959 -0.183156 0.252288
v 0.353734 -0.243657 0.267676
v -0.021245 -0.183156 0.444117
v -0.021245 -0.183156 0.444117
v 0.050322 -0.074846 -1.006940
v 0.305532 -0.185904 0.320647
v 0.617240 -0.063673 0.399951
v 0.223793 -0.112788 0.038872
v -0.463289 -0.243657 -0.016892
v 0.308436 -0.159887 0.141406
v -0.606939 -0.020191 -0.429063
v 0.503562 -0.063157 0.531387
v -0.551896 -0.068673 0.808004
v 0.309665 -0.159887 -0.214111
v 0.309665 -0.159887 -0.214111
v 0.265260 -0.243658 -0.378468
v -0.067707 -0.159887 -0.355298
v -0.987247 -0.017201 -0.059724
v -0.612045 -0.065204 0.392314
v -0.048113 -0.112788 -0.244700
v 0.104330 -0.243658 -0.454729
v -0.980643 -0.016919 -0.137447
v -0.775398 -0.068892 -0.637791
v -0.259994 -0.019797 -0.977557
v 0.169769 -0.159887 -0.312556
v 0.281066 -0.159887 0.224911
v -0.032764 -0.217991 0.416576
v -0.032764 -0.217991 0.416576
v 0.330497 -0.112822 -0.099624
v 0.330497 -0.112822 -0.099624
v 0.964787 -0.064001 0.262536
v 0.300283 -0.243658 -0.349645
v 0.021009 -0.406766 -0.513722
v 0.096601 -0.019458 -0.748111
v 0.738820 -0.016448 -0.684342
v 0.265260 -0.217991 -0.378468
v 0.265260 -0.217991 -0.378468
v -0.289105 -0.159887 -0.098100
v -0.289105 -0.159887 -0.098100
v 0.343745 -0.115037 -0.018481
v 0.052519 -0.243658 -0.437372
v -0.342229 -0.159887 -0.175286
v -0.099443 -0.185904 -0.459009
v 0.286929 -0.159887 -0.199600
v 0.280743 -0.074497 -0.968977
v 0.037981 -0.067510 0.978332
v -0.292260 -0.246093 -0.368281
v -0.292260 -0.246093 -0.368281
v -0.115644 -0.159887 0.344661
v 0.998038 -0.070438 -0.047390
v -0.642065 -0.065488 0.342635
v -0.326208 -0.185904 -0.338198
v -0.072639 -0.060556 0.056560
v -0.016028 -0.060556 0.088729
v 0.101121 -0.060556 -0.057981
v 0.980676 -0.071027 -0.202306
v -0.124761 -0.159887 -0.282535
v -0.124761 -0.159887 -0.282535
v -0.101589 -0.246093 -0.229361
v -0.707566 -0.066369 0.181678
v 0.286747 -0.159887 -0.040591
v 0.286747 -0.159887 -0.040591
v -0.975691 -0.066075 0.174217
v -0.189798 -0.014551 -0.722604
v 0.403869 -0.183156 0.113144
v 0.403869 -0.183156 0.113144
v -0.201221 -0.246093 -0.425056
v -0.201221 -0.246093 -0.425056
v 0.181662 -0.112788 -0.154406
v -0.986019 -0.067237 -0.138117
v -0.190942 -0.071235 -0.125912
v 0.201283 -0.071235 0.096970
v 0.319226 -0.217991 -0.331382
v 0.319226 -0.217991 -0.331382
v -0.854913 -0.406744 -0.513097
v -0.541617 -0.014701 -0.843961
v 0.904727 -0.020637 0.406949
v -0.433854 -0.246093 0.149248
v -0.433854 -0.246093 0.149248
v -0.085705 -0.021845 0.714231
v -0.066315 -0.183156 0.413225
v -0.066315 -0.183156 0.413225
v 0.422531 -0.217991 0.142542
v 0.422531 -0.217991 0.142542
v -0.243108 -0.112788 -0.007757
v 0.874910 -0.017274 -0.494567
v 0.013003 -0.001238 -0.052611
v 0.068017 -0.246093 0.410770
v 0.068017 -0.246093 0.410770
v -0.242372 -0.112808 0.165671
v -0.242372 -0.112808 0.165671
v -0.259372 -0.115037 -0.255486
v -0.299088 -0.112808 -0.052894
v -0.299088 -0.112808 -0.052894
v 0.401936 -0.246093 -0.214976
v 0.401936 -0.246093 -0.214976
v -0.201221 -0.243658 -0.425056
v 0.322246 -0.159887 -0.187427
v 0.697094 -0.025135 0.245610
v -0.239495 -0.115037 -0.274544
v 0.253754 -0.159887 -0.282429
v 0.253754 -0.159887 -0.282429
v 0.992400 -0.070731 -0.125189
v -0.712677 -0.406743 0.800064
v -0.199928 -0.026284 0.695663
v 0.738711 -0.065134 0.076891
v 0.224130 -0.246093 0.349914
v 0.224130 -0.246093 0.349914
v 0.978270 -0.069595 0.185302
v -0.319329 -0.185904 -0.344794
v 0.418400 -0.217991 0.047344
v 0.418400 -0.217991 0.047344
v -0.000084 -0.159887 0.360805
v 0.291155 -0.243658 -0.321222
v 0.415446 -0.067495 0.890189
v -0.646769 -0.406743 -0.576833
v -0.047510 -0.217991 0.442532
v -0.047510 -0.217991 0.442532
v 0.105784 -0.406766 0.200416
v 0.180934 -0.243658 -0.428049
v -0.403361 -0.243657 0.214053
v 0.355089 -0.243658 -0.243101
v -0.720133 -0.074382 -0.693404
v 0.228922 -0.112788 0.002157
v -0.728410 -0.067827 -0.106003
v 0.085647 -0.185904 0.434862
v 0.019552 -0.000240 0.017246
v -0.029439 -0.000240 -0.010593
v 0.041950 0.000191 -0.031147
v 0.292838 -0.140840 -0.238325
v 0.652366 -0.067472 -0.371747
v 0.293584 -0.159887 0.164594
v -0.020231 -0.406766 -0.575134
v -0.277691 -0.115037 -0.234926
v -0.728503 -0.017260 -0.047949
v 0.352324 -0.140840 0.097431
v -0.633684 -0.406766 0.079897
v -0.287959 -0.140840 0.236998
v 0.219228 -0.217991 0.384390
v 0.219228 -0.217991 0.384390
v 0.700275 -0.066888 -0.266103
v -0.317150 -0.406766 0.150822
v 0.903692 -0.406743 -0.480989
v 0.305532 -0.246093 0.320647
v 0.305532 -0.246093 0.320647
v 0.255978 -0.406766 -0.026182
v -0.368886 -0.243658 0.218955
v 0.000948 -0.183156 0.417284
v 0.000948 -0.183156 0.417284
v -0.382378 -0.140840 -0.005212
v -0.252921 -0.246093 0.339896
v -0.252921 -0.246093 0.339896
v -0.066315 -0.243658 0.413225
v 0.934514 -0.406743 0.440145
v 0.934514 -0.406743 0.440145
v 0.407817 -0.406743 -0.612982
v 0.449492 -0.246093 -0.007254
v 0.449492 -0.246093 -0.007254
v -0.899323 -0.068267 -0.438356
v 0.263618 -0.015207 -0.701970
v 0.731067 -0.023186 -0.154266
v 0.360020 -0.021960 0.628447
v -0.360060 -0.025754 0.628166
v -0.098031 -0.060556 -0.035669
v 0.076201 -0.060556 0.063338
v 0.422531 -0.185904 0.142542
v 0.308476 -0.022026 0.654308
v -0.048407 -0.217991 -0.439492
v -0.048407 -0.217991 -0.439492
v -0.087319 -0.138138 0.352093
v 0.485168 -0.067561 0.855208
v 0.374572 -0.183156 0.238518
v 0.374572 -0.183156 0.238518
v 0.781474 -0.068218 0.605305
v 0.498199 -0.406766 -0.454806
v 0.316756 -0.015383 -0.679573
v -0.770107 -0.406744 0.735066
v 0.118319 -0.217991 -0.422841
v 0.118319 -0.217991 -0.422841
v 0.016013 -0.246093 0.223841
v 0.698884 -0.406766 -0.377972
v 0.043539 -0.406766 -0.698135
v 0.087474 -0.026755 0.720080
v -0.729490 -0.066963 0.067769
v 0.636532 -0.406744 -0.919363
v -0.954486 -0.021702 -0.291648
v 0.446760 -0.183156 0.038022
v 0.446760 -0.183156 0.038022
v -1.007133 -0.406744 0.208512
v -0.463289 -0.183156 -0.016892
v -0.463289 -0.183156 -0.016892
v 0.263563 -0.112808 -0.129936
v 0.263563 -0.112808 -0.129936
v 0.724012 -0.406766 -0.154143
v -0.218389 -0.183156 0.392386
v -0.218389 -0.183156 0.392386
v -0.271259 -0.183156 -0.384134
v -0.271259 -0.183156 -0.384134
v 0.015565 -0.159887 -0.384338
v -0.572530 -0.020000 -0.475809
v 0.272216 -0.138138 -0.259419
v -0.291709 -0.183156 -0.333464
v -0.291709 -0.183156 -0.333464
v -0.183475 -0.140840 -0.343513
v -0.488313 -0.063127 0.853875
v 0.466409 -0.068795 -0.592234
v -0.975691 -0.023402 0.174217
v 0.050569 -0.019948 -1.012359
v -0.292260 -0.183156 -0.368281
v -0.292260 -0.183156 -0.368281
v -0.147003 -0.115037 -0.333574
v -0.306965 -0.183156 0.331839
v -0.306965 -0.183156 0.331839
v 0.267689 -0.112808 0.095830
v 0.267689 -0.112808 0.095830
v 0.100962 -0.243658 0.403589
v -0.426705 -0.217991 -0.191179
v -0.426705 -0.217991 -0.191179
v -0.014069 -0.014104 0.019386
v 0.164658 -0.183156 0.381598
v 0.164658 -0.183156 0.381598
v 0.171685 -0.406766 -0.306744
v 0.068268 -0.112822 -0.352443
v 0.068268 -0.112822 -0.352443
v 0.163737 -0.246093 0.152438
v 0.330674 -0.185904 0.295108
v -0.028387 -0.243658 -0.467984
v -0.377085 -0.217991 -0.229722
v -0.377085 -0.217991 -0.229722
v -0.463089 -0.217991 -0.026420
v -0.463089 -0.217991 -0.026420
v 0.026368 -0.060556 -0.117672
v 0.082979 -0.060556 -0.085503
v 0.341038 -0.159887 0.008922
v 0.409076 -0.246093 0.175758
v 0.409076 -0.246093 0.175758
v -0.321033 -0.406743 1.040693
v -0.574294 -0.406744 -0.835486
v 0.206003 -0.406744 -1.080399
v 0.582831 -0.063482 0.446697
v -0.244369 -0.406743 -0.865958
v 0.332561 -0.159887 -0.100160
v -0.058010 -0.246093 0.219374
v 0.407211 -0.406744 -1.041152
v 0.372099 -0.183156 -0.213988
v 0.372099 -0.183156 -0.213988
v 0.271310 -0.159887 -0.222075
v -0.310312 -0.406766 0.513791
v -0.045160 -0.406766 0.664464
v -0.367531 -0.183156 -0.291823
v -0.367531 -0.183156 -0.291823
v 0.100962 -0.217991 0.403589
v 0.100962 -0.217991 0.403589
v -0.211668 -0.112808 0.200319
v -0.211668 -0.112808 0.200319
v -0.055128 -0.112822 0.333144
v -0.055128 -0.112822 0.333144
v -0.029361 -0.159887 0.360190
v 0.044728 0.000191 -0.006342
v 0.193740 -0.138138 0.302298
v 0.900563 -0.406744 -0.741079
v -0.229751 -0.115037 0.258719
v 0.030888 -0.000240 -0.037948
v 0.012175 -0.000240 -0.048582
v 0.181036 -0.246093 -0.398195
v 0.181036 -0.246093 -0.398195
v 0.095363 -0.115037 -0.347536
v 0.180934 -0.185904 -0.428049
v -0.299636 -0.185904 -0.362246
v -0.477478 -0.019927 -0.889052
v -0.027386 -0.406766 -0.381601
v -0.531029 -0.015164 -0.516408
v 0.863626 -0.406744 -0.746599
v -0.011717 -0.217991 0.444317
v -0.011717 -0.217991 0.444317
v -0.134558 -0.070263 -0.740467
v -1.015948 -0.406744 -0.082567
v -0.733323 -0.067544 -0.048167
v -0.226787 -0.217991 0.387882
v -0.226787 -0.217991 0.387882
v 0.078636 -0.185904 -0.460404
v -0.267279 -0.112808 0.126647
v -0.267279 -0.112808 0.126647
v 0.365162 -0.243658 -0.276434
v -0.064092 -0.246093 -0.464892
v -0.064092 -0.246093 -0.464892
v 0.379223 -0.217991 0.175860
v 0.379223 -0.217991 0.175860
v -0.316047 -0.217991 -0.310127
v -0.316047 -0.217991 -0.310127
v 0.342625 -0.159887 0.125277
v 0.342625 -0.159887 0.125277
v 0.258376 -0.112808 0.117041
v 0.258376 -0.112808 0.117041
v 0.978270 -0.019883 0.185301
v -0.976702 -0.406744 -0.283776
v 0.364296 -0.159887 -0.048122
v 0.713219 -0.018210 -0.209510
v -0.771160 -0.015269 -0.634408
v 0.200108 -0.022090 0.693524
v 0.200108 -0.022090 0.693524
v 0.742823 -0.021770 -0.687996
v -0.445919 -0.014880 -0.594105
v -0.673714 -0.069143 0.710736
v -0.040022 -0.067582 0.977847
v 0.132355 -0.112822 0.307472
v 0.132355 -0.112822 0.307472
v -0.354227 -0.115037 -0.060598
v -0.165620 -0.159887 -0.260767
v -0.165620 -0.159887 -0.260767
v -0.351170 -0.140840 0.137956
v -0.276044 -0.159887 -0.233571
v 0.163179 -0.112788 0.151900
v -0.729490 -0.022515 0.067769
v 0.029150 -0.159887 0.359121
v 0.554904 -0.027164 0.819378
v 0.582831 -0.025997 0.446697
v -0.265615 -0.243658 -0.354819
v -0.458424 -0.243657 0.054562
v 0.213904 -0.159887 -0.207745
v 0.213904 -0.159887 -0.207745
v 0.187372 -0.246093 0.123719
v 0.734394 -0.026767 0.667999
v -0.374120 -0.159887 0.052988
v -0.018311 -0.000240 -0.040189
v 0.029581 -0.062772 0.724274
v 0.029422 -0.022011 0.719472
v -0.134224 -0.183156 -0.450371
v -0.134224 -0.183156 -0.450371
v -0.642065 -0.023989 0.342635
v 0.326524 -0.112822 0.089566
v 0.326524 -0.112822 0.089566
v -0.422561 -0.185903 0.095787
v 0.459191 -0.063024 0.568809
v -0.839338 -0.513636 0.094144
v -0.252921 -0.243658 0.339896
v 0.043311 -0.014104 -0.006634
v -0.021085 -0.014104 -0.043226
v -0.349349 -0.115037 -0.087699
v -0.240875 -0.112788 -0.044762
v 0.033714 -0.183156 -0.466680
v 0.033714 -0.183156 -0.466680
v 0.158000 -0.159887 0.297443
v 0.675355 -0.042672 0.145306
v 0.021848 0.000192 0.022312
v -0.055423 -0.115037 0.335256
v 0.678593 -0.026920 0.723110
v 0.422458 -0.185903 -0.019919
v 0.868884 -0.020861 0.476230
v -0.201221 -0.185904 -0.425056
v -0.929787 -0.021450 -0.366085
v -0.218389 -0.246093 0.392386
v -0.218389 -0.246093 0.392386
v -0.263433 -0.243658 -0.389573
v -0.637574 -0.020399 -0.379762
v 0.210750 -0.243658 -0.382259
v -0.296906 -0.406766 0.221971
v 0.730447 -0.021432 0.664304
v 0.379223 -0.246093 0.175860
v 0.379223 -0.246093 0.175860
v -0.445194 -0.246093 0.115253
v -0.445194 -0.246093 0.115253
v 0.362342 -0.062824 0.632654
v 0.412427 -0.183156 0.080529
v 0.412427 -0.183156 0.080529
v 0.227456 -0.185904 0.379582
v -0.463289 -0.246093 -0.016892
v -0.463289 -0.246093 -0.016892
v -0.152514 -0.217991 0.420491
v -0.152514 -0.217991 0.420491
v -0.967961 -0.016645 -0.214412
v -0.184741 -0.406766 -0.149528
v 0.343273 -0.185904 -0.304811
v -0.500009 -0.025071 0.525152
v -0.960668 -0.406743 0.316767
v -0.445194 -0.183156 0.115253
v -0.445194 -0.183156 0.115253
v 0.397561 -0.217991 0.199417
v 0.397561 -0.217991 0.199417
v -0.021174 -0.246093 0.224520
v -0.344482 -0.021390 0.915317
v -0.118126 -0.246093 0.430582
v -0.118126 -0.246093 0.430582
v 0.992400 -0.018747 -0.125189
v -0.241253 -0.243658 -0.403729
v 0.743625 -0.065416 0.019055
v 0.204594 -0.217991 -0.416532
v 0.204594 -0.217991 -0.416532
v -0.461504 -0.243657 -0.052685
v -0.014744 -0.183156 -0.441431
v -0.014744 -0.183156 -0.441431
v 0.126745 -0.406766 -0.138671
v -0.134558 -0.019215 -0.740467
v 0.353734 -0.246093 0.267676
v 0.353734 -0.246093 0.267676
v -0.992658 -0.022523 -0.059971
v -0.170793 -0.112822 -0.319709
v -0.170793 -0.112822 -0.319709
v 0.034610 -0.185903 0.415344
v 0.265260 -0.185904 -0.378468
v -0.056993 -0.246093 0.441585
v -0.056993 -0.246093 0.441585
v -0.240287 -0.246093 0.029276
v 0.079791 -0.246093 -0.232676
v -0.156927 -0.140840 -0.356346
v -0.070518 -0.112808 0.276013
v -0.070518 -0.112808 0.276013
v 0.163303 -0.246093 0.411421
v 0.163303 -0.246093 0.411421
v -0.363106 -0.243657 0.273289
v 0.743625 -0.024064 0.019055
v -0.184576 -0.406743 1.086449
v 0.743985 -0.065704 -0.038988
v 0.181036 -0.243658 -0.398195
v -0.218389 -0.185904 0.392386
v -0.093304 -0.112788 0.207808
v 0.041627 -0.159887 -0.359403
v -0.183565 -0.159887 0.288409
v 0.034316 -0.112788 0.220553
v -0.032764 -0.246093 0.416576
v -0.032764 -0.246093 0.416576
v -0.021245 -0.246093 0.444117
v -0.021245 -0.246093 0.444117
v 0.057221 -0.060556 -0.106069
v -0.608025 -0.019590 0.389663
v -0.142605 -0.021729 0.704856
v -0.133643 -0.014554 -0.735717
v 0.449292 -0.246093 0.002274
v 0.449292 -0.246093 0.002274
v 0.058163 -0.138138 0.355149
v 0.224130 -0.183156 0.349914
v 0.224130 -0.183156 0.349914
v -0.536125 -0.406766 0.213128
v -0.077172 -0.070237 -0.749191
v -0.393020 -0.243658 -0.200007
v 0.120588 -0.112822 -0.336494
v 0.120588 -0.112822 -0.336494
v -0.300159 -0.019276 -0.687796
v 0.128894 -0.246093 -0.206343
v 0.210229 -0.019713 -0.724775
v -0.462260 -0.246093 0.018931
v -0.462260 -0.246093 0.018931
v 0.493405 -0.406743 0.622553
v 0.205010 -0.074635 -0.987657
v -0.018117 -0.406744 1.139384
v -0.316047 -0.183156 -0.310127
v -0.316047 -0.183156 -0.310127
v -0.300544 -0.159887 0.016444
v -0.300544 -0.159887 0.016444
v -0.352041 -0.019342 -0.661766
v -0.448889 -0.019543 -0.597921
v 0.317522 -0.159887 0.115412
v -0.040268 -0.062246 0.983247
v -0.663707 -0.019019 0.288764
v 0.962938 -0.071325 -0.278265
v 0.240164 -0.406743 1.112705
v -0.733684 -0.022222 0.009876
v -0.461504 -0.246093 -0.052685
v -0.461504 -0.246093 -0.052685
v 0.419663 -0.069024 -0.626643
v 0.397561 -0.185904 0.199417
v -0.398553 -0.217991 0.222282
v -0.398553 -0.217991 0.222282
v 0.204594 -0.185904 -0.416532
v 0.834568 -0.072488 -0.561327
v -0.456916 -0.217991 -0.088228
v -0.456916 -0.217991 -0.088228
v -0.263433 -0.246093 -0.389573
v -0.263433 -0.246093 -0.389573
v -0.275381 -0.159887 -0.270921
v -0.346385 -0.062754 0.920377
v -0.265745 -0.138138 0.256410
v 0.068728 -0.159887 -0.354525
v 0.194021 -0.159887 -0.299516
v 0.743985 -0.023775 -0.038988
v -0.433854 -0.183156 0.149248
v -0.433854 -0.183156 0.149248
v -0.314080 -0.246093 0.325499
v -0.314080 -0.246093 0.325499
v 0.871320 -0.406743 -0.529051
v -0.167996 -0.406766 -0.386799
v 0.212992 -0.185904 -0.412028
v -0.393517 -0.217991 -0.254646
v -0.393517 -0.217991 -0.254646
v 0.175520 -0.112788 0.138050
v 0.738821 -0.073030 -0.684343
v 0.153873 -0.069904 -0.738675
v 0.210229 -0.069766 -0.724775
v 0.038765 -0.070115 -0.753025
v -0.191082 -0.070266 -0.727268
v -0.300159 -0.070202 -0.687796
v -0.352041 -0.070136 -0.661766
v -0.448889 -0.069936 -0.597921
v -0.534559 -0.069650 -0.519711
v -0.606939 -0.069287 -0.429063
v -0.682271 -0.016194 -0.273022
v -0.664246 -0.068855 -0.328208
v -0.686792 -0.068616 -0.274721
v -0.718973 -0.068100 -0.163275
v 0.464135 -0.406766 0.410310
v -0.733684 -0.067256 0.009876
v -0.720766 -0.066666 0.125154
v -0.689974 -0.066072 0.236991
v 0.415945 -0.243658 -0.086988
v -0.540798 -0.064662 0.483854
v -0.500009 -0.064407 0.525152
v -0.360060 -0.063724 0.628166
v -0.233024 -0.185904 -0.408536
v -0.308506 -0.063529 0.654838
v -0.255019 -0.063352 0.677384
v -0.224547 -0.246093 0.358113
v -0.224547 -0.246093 0.358113
v -0.081814 -0.217991 -0.434917
v -0.081814 -0.217991 -0.434917
v -0.393020 -0.246093 -0.200007
v -0.393020 -0.246093 -0.200007
v -0.199928 -0.063194 0.695663
v -0.028463 -0.062845 0.723913
v 0.144859 -0.062697 0.711356
v 0.183439 -0.140840 -0.335807
v 0.674548 -0.064105 0.299096
v 0.697094 -0.064344 0.245610
v 0.715373 -0.064596 0.190519
v -0.451804 -0.217991 0.089783
v -0.451804 -0.217991 0.089783
v 0.739791 -0.065997 -0.096881
v 0.240448 -0.138138 0.267040
v 0.717868 -0.066591 -0.210789
v -0.973269 -0.021966 -0.215502
v 0.622346 -0.067756 -0.421425
v 0.588521 -0.068032 -0.468595
v 0.318807 -0.069431 -0.683950
v 0.295422 -0.115037 0.165674
v -0.664634 -0.014944 -0.748216
v -0.556091 -0.406743 0.732159
v 0.415945 -0.246093 -0.086988
v 0.415945 -0.246093 -0.086988
v -0.319329 -0.183156 -0.344794
v -0.319329 -0.183156 -0.344794
v 0.417679 -0.062159 0.895111
v 0.935026 -0.069080 0.335070
v -0.973269 -0.067512 -0.215502
v -0.056993 -0.243657 0.441585
v 0.239124 -0.185903 -0.364042
v 0.278464 -0.183156 0.344134
v 0.278464 -0.183156 0.344134
v 0.096002 -0.014796 -0.743312
v -0.157514 -0.246093 0.170944
v 0.208887 -0.015049 -0.720129
v 0.038765 -0.019363 -0.753025
v -0.019279 -0.019291 -0.753386
v -0.019119 -0.014630 -0.748551
v -0.191082 -0.019212 -0.727268
v -0.246396 -0.019232 -0.709675
v -0.244750 -0.014572 -0.705126
v -0.401719 -0.019432 -0.631746
v -0.568752 -0.015336 -0.472793
v -0.633372 -0.015733 -0.377375
v -0.659871 -0.015956 -0.326159
v -0.686792 -0.020862 -0.274721
v -0.714244 -0.016707 -0.162305
v -0.718973 -0.021377 -0.163275
v -0.728410 -0.021651 -0.106003
v -0.705072 -0.021114 -0.219631
v -0.700433 -0.016445 -0.218292
v -0.733323 -0.021933 -0.048167
v -0.724697 -0.017839 0.067231
v -0.716031 -0.018134 0.124242
v -0.720766 -0.022811 0.125154
v -0.728862 -0.017548 0.009716
v -0.668095 -0.023699 0.290755
v -0.689974 -0.023405 0.236991
v -0.685443 -0.018726 0.235351
v -0.612045 -0.024273 0.392314
v -0.540798 -0.024815 0.483854
v -0.496722 -0.020384 0.521639
v -0.574421 -0.019865 0.436526
v -0.339619 -0.183156 0.300357
v -0.339619 -0.183156 0.300357
v -0.357684 -0.021064 0.623985
v -0.306466 -0.021258 0.650485
v -0.309219 -0.115037 -0.189821
v -0.308506 -0.025949 0.654838
v -0.409361 -0.025541 0.597531
v -0.255019 -0.026126 0.677384
v -0.086300 -0.026539 0.719000
v -0.198594 -0.021592 0.691045
v -0.028245 -0.021939 0.719113
v 0.029581 -0.026706 0.724274
v 0.362342 -0.026654 0.632654
v 0.255062 -0.022070 0.676045
v 0.412021 -0.026565 0.602634
v 0.443119 -0.217991 0.064082
v 0.443119 -0.217991 0.064082
v -0.724093 -0.020413 -0.697111
v 0.503562 -0.026322 0.531387
v 0.544860 -0.026169 0.490599
v 0.647875 -0.025598 0.350650
v 0.355089 -0.217991 -0.243101
v 0.355089 -0.217991 -0.243101
v 0.674548 -0.025374 0.299096
v 0.643693 -0.020908 0.348273
v 0.670192 -0.020685 0.297055
v 0.692590 -0.020447 0.243916
v 0.283605 -0.112808 -0.063542
v 0.283605 -0.112808 -0.063542
v 0.738711 -0.024346 0.076891
v 0.724558 -0.019934 0.133194
v 0.715373 -0.024883 0.190519
v 0.738812 -0.019381 0.018835
v 0.735001 -0.018802 -0.096345
v 0.726333 -0.018507 -0.153355
v 0.186736 -0.112788 0.123275
v 0.739170 -0.019093 -0.038830
v 0.678396 -0.022297 -0.319866
v -0.393517 -0.183156 -0.254646
v -0.393517 -0.183156 -0.254646
v 0.652366 -0.022007 -0.371747
v 0.674002 -0.017622 -0.317874
v 0.648140 -0.017334 -0.369416
v 0.695739 -0.017915 -0.264463
v 0.700275 -0.022592 -0.266103
v 0.181776 -0.115037 0.283551
v 0.622346 -0.021724 -0.421425
v 0.551099 -0.021181 -0.512966
v 0.547532 -0.016511 -0.509710
v 0.507010 -0.016257 -0.550737
v 0.588521 -0.021448 -0.468595
v 0.466409 -0.020684 -0.592234
v 0.463393 -0.016016 -0.588459
v 0.370361 -0.020243 -0.657278
v 0.241795 -0.112808 -0.170795
v 0.241795 -0.112808 -0.170795
v 0.318807 -0.020048 -0.683950
v 0.367972 -0.015578 -0.653075
v 0.416952 -0.015789 -0.622642
v 0.265320 -0.019871 -0.706496
v 0.355089 -0.246093 -0.243101
v 0.355089 -0.246093 -0.243101
v -0.066315 -0.217991 0.413225
v -0.066315 -0.217991 0.413225
v -0.462490 -0.406766 -0.023578
v -0.928996 -0.018671 0.323487
v 0.409076 -0.185904 0.175758
v 0.571647 -0.406766 -0.273686
v -0.355958 -0.159887 0.021825
v 0.444627 -0.217991 -0.078709
v 0.444627 -0.217991 -0.078709
v 0.449492 -0.243657 -0.007254
v 0.365365 -0.138138 0.010390
v -0.373605 -0.159887 -0.093056
v -0.373605 -0.159887 -0.093056
v -0.208813 -0.185903 -0.391072
v 0.996320 -0.024940 0.109005
v -0.363632 -0.138138 -0.120819
v -0.216087 -0.246093 0.099374
v 0.325822 -0.183156 -0.324504
v 0.325822 -0.183156 -0.324504
v -0.411358 -0.217991 -0.223564
v -0.411358 -0.217991 -0.223564
v -0.156428 -0.112808 0.242253
v -0.156428 -0.112808 0.242253
v 0.009664 0.000192 0.025668
v 0.280544 -0.159887 0.188846
v -0.014744 -0.185903 -0.441431
v -0.356422 -0.159887 -0.149424
v -0.356422 -0.159887 -0.149424
v -0.429742 -0.185903 0.062842
v -0.338479 -0.183156 -0.284953
v -0.338479 -0.183156 -0.284953
v -0.145618 -0.159887 -0.272454
v -0.145618 -0.159887 -0.272454
v -0.226787 -0.243657 0.387882
v 0.821571 -0.406766 -0.020912
v -0.447135 -0.243658 -0.132519
v 0.354777 -0.015139 -0.944413
v -0.327652 -0.406744 -0.978965
v 0.214599 -0.112822 -0.281220
v 0.214599 -0.112822 -0.281220
v 0.073524 -0.159887 -0.376240
v 0.335847 -0.217991 -0.270790
v 0.335847 -0.217991 -0.270790
v 0.188773 -0.112808 0.208729
v 0.188773 -0.112808 0.208729
v 0.393057 -0.246093 0.207816
v 0.393057 -0.246093 0.207816
v 0.446760 -0.185904 0.038022
v 0.340430 -0.159887 0.036451
v -0.982096 -0.071697 0.096076
v -0.320316 -0.112822 -0.164620
v -0.320316 -0.112822 -0.164620
v -0.194832 -0.243658 0.374048
v -0.073534 -0.246093 -0.463599
v -0.073534 -0.246093 -0.463599
v -0.218991 -0.071235 0.010643
v -0.218991 -0.071235 0.010643
v 0.098325 -0.071235 0.190958
v -0.085076 -0.406744 -1.071584
v -0.342360 -0.159887 -0.114335
v 0.257463 -0.217991 0.359987
v 0.257463 -0.217991 0.359987
v 0.420519 -0.185903 -0.053582
v -0.294341 -0.159887 -0.212993
v 0.940088 -0.063749 0.336974
v 0.196005 -0.246093 0.396761
v 0.196005 -0.246093 0.396761
v 0.015938 -0.112788 0.223069
v -0.072413 -0.159887 -0.381857
v -0.072413 -0.159887 -0.381857
v 0.086939 -0.022061 0.715305
v -0.216900 -0.159887 -0.290283
v 0.195139 -0.140840 0.304490
v -0.028022 -0.115037 0.337992
v 0.629489 -0.406744 1.008066
v -0.357070 -0.217991 0.280665
v -0.357070 -0.217991 0.280665
v 0.359808 -0.159887 0.068909
v 0.359808 -0.159887 0.068909
v 0.033926 -0.014104 -0.040722
v 0.013003 -0.014104 -0.052611
v 0.278464 -0.217991 0.344134
v 0.278464 -0.217991 0.344134
v -0.002079 -0.217991 -0.468464
v -0.002079 -0.217991 -0.468464
v -0.291709 -0.185903 -0.333464
v -0.279777 -0.246093 0.319508
v -0.279777 -0.246093 0.319508
v -0.707566 -0.023108 0.181678
v -0.243492 -0.246093 -0.026350
v -0.668291 -0.069218 -0.752222
v 0.406084 -0.243658 -0.206396
v -0.352079 -0.406743 0.876458
v 0.201383 -0.026785 0.698157
v 0.201383 -0.026785 0.698157
v 0.201606 -0.112788 -0.123156
v 0.489446 -0.406744 -1.013576
v -0.456107 -0.064165 0.563122
v -0.611701 -0.406743 -0.584722
v -0.611701 -0.406743 -0.584722
v 0.094958 -0.185904 0.432832
v -0.412816 -0.217991 0.128067
v -0.412816 -0.217991 0.128067
v -0.241253 -0.217991 -0.403729
v -0.241253 -0.217991 -0.403729
v 0.418400 -0.185903 0.047344
v 0.021251 -0.014104 0.020994
v -0.033528 -0.014104 -0.010134
v -0.255592 -0.112808 0.146648
v -0.255592 -0.112808 0.146648
v -0.006560 -0.060556 -0.119172
v -0.143348 -0.217991 -0.447616
v -0.143348 -0.217991 -0.447616
v -0.013759 -0.159887 -0.387553
v -0.013759 -0.159887 -0.387553
v -0.416539 -0.406743 -0.780257
v -0.126637 -0.112788 0.191584
v -0.668095 -0.065778 0.290755
v 0.316835 -0.140840 0.178264
v -0.279057 -0.243657 0.354322
v 1.111167 -0.406744 -0.428406
v -0.261225 -0.112808 -0.161603
v -0.261225 -0.112808 -0.161603
v -0.357542 -0.115037 -0.005666
v -0.463289 -0.217991 -0.016892
v -0.463289 -0.217991 -0.016892
v -0.398553 -0.185904 0.222282
v 0.510311 -0.020926 -0.554264
v -0.350811 -0.217991 -0.312140
v -0.350811 -0.217991 -0.312140
v 0.729274 -0.064860 0.134163
v -0.028387 -0.246093 -0.467984
v -0.028387 -0.246093 -0.467984
v 0.799588 -0.513636 0.643708
v 0.212992 -0.243658 -0.412028
v 0.544860 -0.063310 0.490599
v -0.537244 -0.020130 0.480609
v -0.378828 -0.159887 -0.064035
v -0.378828 -0.159887 -0.064035
v 0.273047 -0.513636 -0.888721
v -0.393517 -0.185904 -0.254646
v 0.998523 -0.406743 0.682366
v 0.104330 -0.185904 -0.454730
v -0.114758 -0.243658 -0.427736
v -0.328288 -0.217991 0.272738
v -0.328288 -0.217991 0.272738
v 0.133242 -0.243658 0.393845
v -0.109159 -0.115037 0.323388
v -0.298161 -0.014615 -0.683390
v -0.357070 -0.185904 0.280665
v -0.422561 -0.217991 0.095787
v -0.422561 -0.217991 0.095787
v -0.637574 -0.069079 -0.379762
v 0.187425 -0.217991 0.400909
v 0.187425 -0.217991 0.400909
v 0.197871 -0.159887 -0.224466
v 0.197871 -0.159887 -0.224466
v -0.028463 -0.026633 0.723913
vn -0.1329 0.7141 0.6873
vn -0.1866 0.7141 0.6747
vn -0.1509 0.7141 0.6836
vn -0.2043 0.7141 0.6696
vn -0.0966 0.7142 0.6933
vn -0.0784 0.7141 0.6956
vn -0.0417 0.7142 0.6987
vn -0.0234 0.7142 0.6995
vn 0.0868 0.7142 0.6945
vn 0.0318 0.7142 0.6992
vn 0.0685 0.7142 0.6965
vn 0.0134 0.7142 0.6998
vn 0.1231 0.7143 0.6890
vn 0.1412 0.7143 0.6855
vn 0.1770 0.7143 0.6771
vn 0.1947 0.7143 0.6722
vn 0.2979 0.7142 0.6334
vn 0.2471 0.7143 0.6548
vn 0.2812 0.7142 0.6410
vn 0.2298 0.7143 0.6611
vn 0.3308 0.7142 0.6168
vn 0.3469 0.7142 0.6079
vn 0.3783 0.7142 0.5889
vn 0.3937 0.7142 0.5788
vn 0.4797 0.7141 0.5099
vn 0.4380 0.7141 0.5460
vn 0.4661 0.7141 0.5223
vn 0.4236 0.7141 0.5573
vn 0.5058 0.7141 0.4840
vn 0.5184 0.7140 0.4706
vn 0.5424 0.7140 0.4427
vn 0.5538 0.7140 0.4284
vn 0.6144 0.7138 0.3362
vn 0.5859 0.7139 0.3835
vn 0.6054 0.7137 0.3522
vn 0.5756 0.7139 0.3987
vn 0.6312 0.7138 0.3035
vn 0.6389 0.7137 0.2869
vn 0.6532 0.7137 0.2530
vn 0.6596 0.7137 0.2358
vn 0.6886 0.7135 0.1296
vn 0.6762 0.7136 0.1832
vn 0.6849 0.7135 0.1476
vn 0.6711 0.7136 0.2009
vn 0.6945 0.7134 0.0932
vn 0.6968 0.7134 0.0751
vn 0.7002 0.7133 0.0292
vn 0.7002 0.7133 0.0293
vn 0.6953 0.7131 -0.0899
vn 0.6974 0.7131 -0.0716
vn 0.7001 0.7132 -0.0349
vn 0.7008 0.7132 -0.0166
vn 0.6897 0.7130 -0.1261
vn 0.6862 0.7130 -0.1441
vn 0.6778 0.7129 -0.1799
vn 0.6729 0.7129 -0.1975
vn 0.6339 0.7127 -0.3004
vn 0.6415 0.7127 -0.2837
vn 0.6554 0.7128 -0.2498
vn 0.6617 0.7128 -0.2325
vn 0.6129 0.7127 -0.3412
vn 0.6129 0.7127 -0.3413
vn 0.5894 0.7125 -0.3807
vn 0.5793 0.7124 -0.3960
vn 0.5105 0.7123 -0.4817
vn 0.5466 0.7124 -0.4402
vn 0.5229 0.7123 -0.4682
vn 0.5579 0.7124 -0.4258
vn 0.4847 0.7122 -0.5078
vn 0.4712 0.7123 -0.5202
vn 0.4435 0.7121 -0.5442
vn 0.4292 0.7121 -0.5557
vn 0.3373 0.7119 -0.6159
vn 0.3844 0.7120 -0.5876
vn 0.3532 0.7120 -0.6069
vn 0.3996 0.7120 -0.5773
vn 0.3047 0.7119 -0.6327
vn 0.2881 0.7119 -0.6405
vn 0.2543 0.7118 -0.6547
vn 0.2371 0.7118 -0.6611
vn 0.1312 0.7117 -0.6901
vn 0.1847 0.7118 -0.6777
vn 0.1491 0.7117 -0.6865
vn 0.2023 0.7118 -0.6726
vn 0.0950 0.7117 -0.6961
vn 0.0768 0.7117 -0.6983
vn 0.0403 0.7116 -0.7014
vn 0.0220 0.7116 -0.7022
vn -0.0877 0.7116 -0.6971
vn -0.0330 0.7116 -0.7018
vn -0.0695 0.7116 -0.6991
vn -0.0147 0.7116 -0.7024
vn -0.1239 0.7116 -0.6916
vn -0.1419 0.7116 -0.6881
vn -0.1776 0.7116 -0.6798
vn -0.1953 0.7116 -0.6749
vn -0.2981 0.7116 -0.6362
vn -0.2474 0.7116 -0.6576
vn -0.2814 0.7116 -0.6438
vn -0.2302 0.7116 -0.6638
vn -0.3308 0.7116 -0.6198
vn -0.3469 0.7116 -0.6110
vn -0.3783 0.7117 -0.5920
vn -0.3935 0.7117 -0.5819
vn -0.4794 0.7118 -0.5134
vn -0.4378 0.7117 -0.5494
vn -0.4658 0.7117 -0.5258
vn -0.4234 0.7117 -0.5606
vn -0.5055 0.7118 -0.4877
vn -0.5180 0.7118 -0.4743
vn -0.5420 0.7118 -0.4466
vn -0.5535 0.7119 -0.4323
vn -0.6140 0.7120 -0.3406
vn -0.5856 0.7119 -0.3876
vn -0.6050 0.7120 -0.3565
vn -0.5753 0.7119 -0.4028
vn -0.6309 0.7121 -0.3080
vn -0.6387 0.7121 -0.2914
vn -0.6530 0.7121 -0.2577
vn -0.6595 0.7122 -0.2405
vn -0.6888 0.7124 -0.1345
vn -0.6762 0.7123 -0.1881
vn -0.6851 0.7123 -0.1525
vn -0.6711 0.7122 -0.2057
vn -0.6948 0.7124 -0.0984
vn -0.6971 0.7125 -0.0802
vn -0.7003 0.7125 -0.0437
vn -0.7012 0.7126 -0.0253
vn -0.6963 0.7128 0.0846
vn -0.7009 0.7127 0.0298
vn -0.6983 0.7127 0.0664
vn -0.7014 0.7126 0.0114
vn -0.6909 0.7127 0.1210
vn -0.6875 0.7128 0.1389
vn -0.6791 0.7129 0.1747
vn -0.6743 0.7130 0.1924
vn -0.6357 0.7132 0.2955
vn -0.6570 0.7131 0.2447
vn -0.6432 0.7132 0.2787
vn -0.6632 0.7130 0.2274
vn -0.6192 0.7133 0.3283
vn -0.6104 0.7133 0.3444
vn -0.5915 0.7133 0.3759
vn -0.5814 0.7134 0.3913
vn -0.5128 0.7136 0.4774
vn -0.5488 0.7135 0.4357
vn -0.5251 0.7135 0.4638
vn -0.5600 0.7135 0.4211
vn -0.4870 0.7136 0.5036
vn -0.4736 0.7137 0.5161
vn -0.4458 0.7137 0.5402
vn -0.4315 0.7137 0.5517
vn -0.3395 0.7139 0.6124
vn -0.3867 0.7138 0.5839
vn -0.3555 0.7139 0.6033
vn -0.4019 0.7138 0.5736
vn -0.3069 0.7139 0.6294
vn -0.2903 0.7140 0.6372
vn -0.2564 0.7140 0.6515
vn -0.2391 0.7140 0.6580
vn 0.0171 0.9961 -0.0868
vn 0.0056 0.9986 -0.0533
vn 0.1871 0.1052 -0.9767
vn 0.1099 0.1046 -0.9884
vn 0.2631 0.1057 -0.9590
vn 0.0134 0.9986 -0.0514
vn 0.0038 0.9961 -0.0886
vn 0.0321 0.1044 -0.9940
vn -0.0095 0.9960 -0.0885
vn -0.0100 0.9986 -0.0528
vn -0.1238 0.1040 -0.9868
vn -0.2008 0.1040 -0.9741
vn -0.0460 0.1041 -0.9935
vn -0.0020 0.9986 -0.0537
vn -0.0226 0.9960 -0.0860
vn -0.2766 0.1040 -0.9553
vn -0.0352 0.9960 -0.0816
vn -0.0247 0.9986 -0.0475
vn -0.4225 0.1043 -0.9003
vn -0.4918 0.1045 -0.8644
vn -0.3506 0.1041 -0.9307
vn -0.0174 0.9986 -0.0508
vn -0.0470 0.9961 -0.0751
vn -0.5580 0.1048 -0.8232
vn -0.0575 0.9961 -0.0672
vn -0.0371 0.9986 -0.0380
vn -0.6798 0.1057 -0.7257
vn -0.7346 0.1065 -0.6701
vn -0.6209 0.1053 -0.7768
vn -0.0312 0.9986 -0.0434
vn -0.0670 0.9961 -0.0574
vn -0.7848 0.1071 -0.6104
vn -0.0745 0.9961 -0.0465
vn -0.0460 0.9986 -0.0252
vn -0.8704 0.1089 -0.4802
vn -0.9053 0.1097 -0.4103
vn -0.8302 0.1080 -0.5469
vn -0.0419 0.9986 -0.0321
vn -0.0803 0.9962 -0.0345
vn -0.9346 0.1107 -0.3380
vn -0.0841 0.9962 -0.0217
vn -0.0504 0.9987 -0.0103
vn -0.9757 0.1129 -0.1876
vn -0.9873 0.1141 -0.1106
vn -0.9581 0.1118 -0.2636
vn -0.0488 0.9986 -0.0179
vn -0.0861 0.9962 -0.0085
vn -0.9928 0.1153 -0.0327
vn -0.0857 0.9963 0.0049
vn -0.0500 0.9987 0.0053
vn -0.9854 0.1179 0.1230
vn -0.9725 0.1194 0.1999
vn -0.9921 0.1167 0.0453
vn -0.0509 0.9987 -0.0025
vn -0.0833 0.9964 0.0181
vn -0.9537 0.1209 0.2754
vn -0.0790 0.9964 0.0307
vn -0.0449 0.9988 0.0202
vn -0.8985 0.1238 0.4211
vn -0.8625 0.1254 0.4902
vn -0.9289 0.1224 0.3494
vn -0.0480 0.9988 0.0130
vn -0.0726 0.9965 0.0425
vn -0.8212 0.1269 0.5563
vn -0.0646 0.9965 0.0533
vn -0.0353 0.9988 0.0326
vn -0.7238 0.1298 0.6777
vn -0.6683 0.1312 0.7322
vn -0.7749 0.1283 0.6189
vn -0.0407 0.9988 0.0266
vn -0.0548 0.9965 0.0624
vn -0.6086 0.1326 0.7823
vn -0.0439 0.9966 0.0701
vn -0.0225 0.9989 0.0415
vn -0.4786 0.1352 0.8675
vn -0.4089 0.1364 0.9023
vn -0.5452 0.1340 0.8275
vn -0.0292 0.9989 0.0375
vn -0.0318 0.9966 0.0760
vn -0.3368 0.1375 0.9315
vn -0.0189 0.9966 0.0798
vn -0.0075 0.9989 0.0459
vn -0.1868 0.1393 0.9725
vn -0.1098 0.1400 0.9840
vn -0.2625 0.1384 0.9550
vn -0.0153 0.9989 0.0442
vn -0.0057 0.9966 0.0817
vn -0.0322 0.1405 0.9896
vn 0.0077 0.9967 0.0813
vn 0.0081 0.9989 0.0456
vn 0.1231 0.1412 0.9823
vn 0.1998 0.1413 0.9696
vn 0.0455 0.1409 0.9890
vn 0.0003 0.9989 0.0465
vn 0.0209 0.9967 0.0789
vn 0.2753 0.1414 0.9509
vn 0.0335 0.9967 0.0746
vn 0.0229 0.9989 0.0403
vn 0.4208 0.1408 0.8962
vn 0.4899 0.1404 0.8604
vn 0.3491 0.1410 0.9264
vn 0.0157 0.9989 0.0436
vn 0.0453 0.9967 0.0681
vn 0.5560 0.1398 0.8193
vn 0.0560 0.9966 0.0600
vn 0.0353 0.9989 0.0310
vn 0.6775 0.1381 0.7224
vn 0.7322 0.1370 0.6671
vn 0.6186 0.1389 0.7733
vn 0.0293 0.9989 0.0363
vn 0.0653 0.9966 0.0503
vn 0.7825 0.1359 0.6077
vn 0.0729 0.9966 0.0393
vn 0.0442 0.9989 0.0179
vn 0.8682 0.1334 0.4779
vn 0.9032 0.1321 0.4083
vn 0.8279 0.1346 0.5445
vn 0.0402 0.9989 0.0247
vn 0.0788 0.9965 0.0272
vn 0.9326 0.1307 0.3363
vn 0.9735 0.1277 0.1896
vn 0.0828 0.9965 0.0126
vn 0.9856 0.1262 0.1126
vn 0.0485 0.9988 0.0034
vn 0.0575 0.9983 0.0132
vn 0.9601 0.0903 0.2645
vn 0.9916 0.1248 0.0349
vn 0.0843 0.9964 0.0010
vn 0.9852 0.1218 -0.1208
vn 0.0837 0.9964 -0.0141
vn 0.9728 0.1203 -0.1978
vn 0.0484 0.9988 -0.0122
vn 0.0491 0.9988 -0.0058
vn 0.9914 0.1233 -0.0430
vn 0.9545 0.1189 -0.2736
vn 0.0815 0.9964 -0.0255
vn 0.9002 0.1163 -0.4197
vn 0.0762 0.9963 -0.0397
vn 0.8646 0.1148 -0.4891
vn 0.0433 0.9987 -0.0270
vn 0.0460 0.9987 -0.0211
vn 0.9302 0.1175 -0.3477
vn 0.8237 0.1135 -0.5556
vn 0.0707 0.9963 -0.0499
vn 0.0458 0.9979 -0.0464
vn 0.0335 0.9986 -0.0399
vn 0.7231 0.1426 -0.6759
vn 0.6693 0.1103 -0.7347
vn 0.0383 0.9987 -0.0347
vn 0.7776 0.1124 -0.6186
vn 0.0529 0.9962 -0.0697
vn 0.6096 0.1093 -0.7851
vn 0.0420 0.9961 -0.0774
vn 0.0206 0.9986 -0.0487
vn 0.4795 0.1076 -0.8709
vn 0.4097 0.1069 -0.9059
vn 0.5464 0.1084 -0.8305
vn 0.0274 0.9986 -0.0448
vn 0.0299 0.9961 -0.0830
vn 0.3375 0.1062 -0.9353
vn -0.1510 -0.7141 0.6835
vn -0.0967 -0.7142 0.6933
vn -0.1330 -0.7141 0.6873
vn -0.0784 -0.7142 0.6956
vn -0.1867 -0.7141 0.6747
vn -0.2043 -0.7141 0.6696
vn -0.0418 -0.7142 0.6987
vn -0.0234 -0.7142 0.6995
vn 0.0684 -0.7142 0.6965
vn 0.1231 -0.7142 0.6890
vn 0.0867 -0.7142 0.6945
vn 0.1411 -0.7142 0.6855
vn 0.0317 -0.7142 0.6992
vn 0.0134 -0.7142 0.6998
vn 0.1769 -0.7143 0.6771
vn 0.1947 -0.7143 0.6723
vn 0.2811 -0.7142 0.6410
vn 0.3307 -0.7142 0.6169
vn 0.2978 -0.7142 0.6334
vn 0.3468 -0.7142 0.6080
vn 0.2470 -0.7143 0.6548
vn 0.2297 -0.7143 0.6611
vn 0.3783 -0.7142 0.5890
vn 0.3936 -0.7141 0.5789
vn 0.4661 -0.7141 0.5223
vn 0.5058 -0.7141 0.4840
vn 0.4797 -0.7141 0.5099
vn 0.5183 -0.7140 0.4706
vn 0.4380 -0.7141 0.5461
vn 0.4235 -0.7141 0.5574
vn 0.5424 -0.7140 0.4428
vn 0.5538 -0.7140 0.4284
vn 0.6052 -0.7139 0.3522
vn 0.6312 -0.7138 0.3036
vn 0.6143 -0.7138 0.3362
vn 0.6389 -0.7137 0.2869
vn 0.5859 -0.7139 0.3835
vn 0.5756 -0.7139 0.3987
vn 0.6532 -0.7137 0.2530
vn 0.6596 -0.7137 0.2358
vn 0.6849 -0.7135 0.1476
vn 0.6945 -0.7134 0.0933
vn 0.6886 -0.7135 0.1296
vn 0.6967 -0.7134 0.0751
vn 0.6762 -0.7136 0.1833
vn 0.6711 -0.7136 0.2009
vn 0.6998 -0.7133 0.0385
vn 0.7006 -0.7133 0.0201
vn 0.6974 -0.7131 -0.0716
vn 0.6897 -0.7130 -0.1261
vn 0.6953 -0.7131 -0.0898
vn 0.6862 -0.7130 -0.1441
vn 0.7001 -0.7132 -0.0349
vn 0.7007 -0.7132 -0.0166
vn 0.6778 -0.7129 -0.1799
vn 0.6729 -0.7129 -0.1975
vn 0.6415 -0.7127 -0.2838
vn 0.6174 -0.7126 -0.3332
vn 0.6340 -0.7126 -0.3004
vn 0.6085 -0.7126 -0.3492
vn 0.6553 -0.7129 -0.2498
vn 0.6617 -0.7128 -0.2326
vn 0.5895 -0.7125 -0.3806
vn 0.5794 -0.7124 -0.3959
vn 0.5230 -0.7123 -0.4682
vn 0.4848 -0.7122 -0.5077
vn 0.5105 -0.7123 -0.4817
vn 0.4713 -0.7122 -0.5202
vn 0.5466 -0.7125 -0.4400
vn 0.5579 -0.7124 -0.4257
vn 0.4435 -0.7121 -0.5442
vn 0.4292 -0.7121 -0.5556
vn 0.3533 -0.7120 -0.6069
vn 0.3048 -0.7119 -0.6327
vn 0.3374 -0.7119 -0.6159
vn 0.2881 -0.7119 -0.6405
vn 0.3845 -0.7120 -0.5876
vn 0.3997 -0.7120 -0.5773
vn 0.2544 -0.7118 -0.6547
vn 0.2372 -0.7118 -0.6611
vn 0.1492 -0.7117 -0.6864
vn 0.0951 -0.7117 -0.6960
vn 0.1312 -0.7117 -0.6901
vn 0.0769 -0.7117 -0.6983
vn 0.1848 -0.7118 -0.6777
vn 0.2024 -0.7118 -0.6726
vn 0.0404 -0.7116 -0.7014
vn 0.0220 -0.7116 -0.7022
vn -0.0694 -0.7116 -0.6991
vn -0.1239 -0.7116 -0.6916
vn -0.0877 -0.7116 -0.6971
vn -0.1419 -0.7116 -0.6881
vn -0.0329 -0.7116 -0.7018
vn -0.0146 -0.7116 -0.7024
vn -0.1776 -0.7116 -0.6798
vn -0.1952 -0.7116 -0.6749
vn -0.2813 -0.7116 -0.6438
vn -0.3307 -0.7116 -0.6198
vn -0.2980 -0.7116 -0.6363
vn -0.3468 -0.7116 -0.6110
vn -0.2474 -0.7116 -0.6576
vn -0.2302 -0.7116 -0.6638
vn -0.3782 -0.7117 -0.5921
vn -0.3935 -0.7117 -0.5820
vn -0.4658 -0.7117 -0.5258
vn -0.5054 -0.7118 -0.4877
vn -0.4794 -0.7118 -0.5134
vn -0.5180 -0.7118 -0.4743
vn -0.4377 -0.7117 -0.5494
vn -0.4233 -0.7117 -0.5606
vn -0.5420 -0.7118 -0.4467
vn -0.5535 -0.7119 -0.4323
vn -0.6049 -0.7120 -0.3566
vn -0.6309 -0.7121 -0.3081
vn -0.6140 -0.7120 -0.3406
vn -0.6387 -0.7121 -0.2915
vn -0.5855 -0.7119 -0.3877
vn -0.5752 -0.7119 -0.4028
vn -0.6530 -0.7121 -0.2577
vn -0.6595 -0.7122 -0.2406
vn -0.6851 -0.7123 -0.1526
vn -0.6948 -0.7124 -0.0984
vn -0.6888 -0.7124 -0.1346
vn -0.6971 -0.7125 -0.0802
vn -0.6762 -0.7123 -0.1882
vn -0.6711 -0.7122 -0.2058
vn -0.7007 -0.7126 -0.0345
vn -0.6983 -0.7127 0.0664
vn -0.6963 -0.7128 0.0846
vn -0.6908 -0.7128 0.1209
vn -0.6874 -0.7129 0.1389
vn -0.7009 -0.7127 0.0298
vn -0.7014 -0.7126 0.0114
vn -0.6791 -0.7129 0.1747
vn -0.6743 -0.7130 0.1924
vn -0.6432 -0.7132 0.2787
vn -0.6357 -0.7132 0.2955
vn -0.6149 -0.7133 0.3363
vn -0.6149 -0.7133 0.3364
vn -0.6570 -0.7131 0.2447
vn -0.6632 -0.7130 0.2274
vn -0.5915 -0.7133 0.3758
vn -0.5814 -0.7134 0.3912
vn -0.5252 -0.7135 0.4637
vn -0.4870 -0.7136 0.5035
vn -0.5128 -0.7136 0.4773
vn -0.4736 -0.7137 0.5161
vn -0.5488 -0.7135 0.4356
vn -0.5601 -0.7133 0.4212
vn -0.4459 -0.7137 0.5402
vn -0.4315 -0.7137 0.5517
vn -0.3555 -0.7139 0.6033
vn -0.3069 -0.7141 0.6292
vn -0.3397 -0.7139 0.6124
vn -0.2903 -0.7140 0.6372
vn -0.3868 -0.7138 0.5838
vn -0.4019 -0.7138 0.5735
vn -0.2565 -0.7140 0.6515
vn -0.2392 -0.7140 0.6580
vn 0.0153 -0.9961 -0.0873
vn 0.0126 -0.9986 -0.0518
vn 0.2125 -0.1057 -0.9714
vn 0.2881 -0.1063 -0.9517
vn 0.1357 -0.1053 -0.9851
vn 0.0048 -0.9986 -0.0532
vn 0.0581 -0.1050 -0.9928
vn 0.0021 -0.9961 -0.0887
vn -0.0113 -0.9960 -0.0883
vn -0.0030 -0.9986 -0.0536
vn -0.0979 -0.1044 -0.9897
vn -0.0200 -0.1047 -0.9943
vn -0.1752 -0.1044 -0.9790
vn -0.0109 -0.9986 -0.0526
vn -0.2514 -0.1044 -0.9622
vn -0.0245 -0.9960 -0.0855
vn -0.0368 -0.9960 -0.0808
vn -0.0183 -0.9986 -0.0505
vn -0.3988 -0.1045 -0.9111
vn -0.3261 -0.1044 -0.9396
vn -0.4690 -0.1046 -0.8770
vn -0.0253 -0.9986 -0.0472
vn -0.5363 -0.1049 -0.8375
vn -0.0485 -0.9961 -0.0741
vn -0.0590 -0.9961 -0.0658
vn -0.0319 -0.9986 -0.0427
vn -0.6606 -0.1058 -0.7432
vn -0.6003 -0.1053 -0.7928
vn -0.7168 -0.1064 -0.6891
vn -0.0377 -0.9986 -0.0375
vn -0.7686 -0.1071 -0.6307
vn -0.0681 -0.9961 -0.0560
vn -0.0755 -0.9961 -0.0449
vn -0.0425 -0.9986 -0.0313
vn -0.8576 -0.1085 -0.5027
vn -0.8156 -0.1078 -0.5685
vn -0.8943 -0.1093 -0.4339
vn -0.0463 -0.9986 -0.0245
vn -0.9255 -0.1104 -0.3623
vn -0.0809 -0.9962 -0.0328
vn -0.9712 -0.1124 -0.2102
vn -0.0841 -0.9962 -0.0217
vn -0.9477 -0.1425 -0.2857
vn -0.0385 -0.9992 -0.0137
vn -0.0503 -0.9987 -0.0103
vn -0.9845 -0.1136 -0.1333
vn -0.0861 -0.9963 -0.0085
vn -0.9918 -0.1148 -0.0556
vn -0.9880 -0.1175 0.1003
vn -0.0857 -0.9963 0.0049
vn -0.9930 -0.1161 0.0224
vn -0.0508 -0.9987 -0.0011
vn -0.0500 -0.9987 0.0053
vn -0.9769 -0.1188 0.1774
vn -0.0833 -0.9964 0.0180
vn -0.9598 -0.1203 0.2535
vn -0.9080 -0.1232 0.4005
vn -0.0789 -0.9964 0.0306
vn -0.9368 -0.1217 0.3280
vn -0.0475 -0.9988 0.0142
vn -0.0449 -0.9988 0.0200
vn -0.8736 -0.1246 0.4704
vn -0.0726 -0.9965 0.0424
vn -0.8338 -0.1263 0.5375
vn -0.7437 -0.0904 0.6624
vn -0.0792 -0.9945 0.0679
vn -0.7889 -0.1277 0.6011
vn -0.0398 -0.9988 0.0277
vn -0.6872 -0.1307 0.7146
vn -0.0348 -0.9988 0.0331
vn -0.6289 -0.1320 0.7662
vn -0.0534 -0.9965 0.0636
vn -0.0423 -0.9966 0.0710
vn -0.0285 -0.9989 0.0379
vn -0.5012 -0.1348 0.8548
vn -0.5667 -0.1335 0.8130
vn -0.4324 -0.1359 0.8914
vn -0.0217 -0.9989 0.0418
vn -0.3610 -0.1370 0.9224
vn -0.0301 -0.9966 0.0765
vn -0.0172 -0.9966 0.0802
vn -0.0143 -0.9989 0.0445
vn -0.2122 -0.1389 0.9673
vn -0.2875 -0.1382 0.9478
vn -0.1356 -0.1398 0.9809
vn -0.0068 -0.9989 0.0460
vn -0.0582 -0.1405 0.9884
vn -0.0039 -0.9967 0.0816
vn 0.0095 -0.9967 0.0811
vn 0.0012 -0.9989 0.0463
vn 0.0972 -0.1413 0.9852
vn 0.0196 -0.1411 0.9898
vn 0.1743 -0.1416 0.9745
vn 0.0091 -0.9989 0.0453
vn 0.2502 -0.1415 0.9578
vn 0.0227 -0.9967 0.0783
vn 0.0352 -0.9967 0.0738
vn 0.0165 -0.9989 0.0434
vn 0.3971 -0.1414 0.9068
vn 0.3247 -0.1415 0.9352
vn 0.4671 -0.1409 0.8729
vn 0.0236 -0.9989 0.0399
vn 0.5342 -0.1404 0.8336
vn 0.0468 -0.9966 0.0671
vn 0.0574 -0.9966 0.0587
vn 0.0301 -0.9989 0.0356
vn 0.6583 -0.1389 0.7398
vn 0.5981 -0.1397 0.7892
vn 0.7144 -0.1381 0.6860
vn 0.0360 -0.9989 0.0302
vn 0.7662 -0.1370 0.6279
vn 0.0664 -0.9966 0.0489
vn 0.0738 -0.9966 0.0376
vn 0.0408 -0.9989 0.0239
vn 0.8553 -0.1345 0.5004
vn 0.8132 -0.1359 0.5659
vn 0.8921 -0.1333 0.4318
vn 0.0447 -0.9989 0.0172
vn 0.9234 -0.1320 0.3605
vn 0.0794 -0.9965 0.0255
vn 0.0830 -0.9965 0.0126
vn 0.0473 -0.9988 0.0098
vn 0.9688 -0.1291 0.2117
vn 0.9490 -0.1306 0.2870
vn 0.9826 -0.1275 0.1350
vn 0.0488 -0.9988 0.0020
vn 0.9904 -0.1260 0.0575
vn 0.0844 -0.9964 -0.0007
vn 0.0838 -0.9964 -0.0142
vn 0.0492 -0.9988 -0.0058
vn 0.9875 -0.1230 -0.0982
vn 0.9920 -0.1246 -0.0204
vn 0.9770 -0.1217 -0.1754
vn 0.0481 -0.9988 -0.0136
vn 0.9604 -0.1201 -0.2515
vn 0.0812 -0.9963 -0.0272
vn 0.0763 -0.9963 -0.0398
vn 0.0459 -0.9987 -0.0211
vn 0.9095 -0.1173 -0.3989
vn 0.9379 -0.1188 -0.3261
vn 0.8756 -0.1160 -0.4690
vn 0.0425 -0.9987 -0.0282
vn 0.8362 -0.1148 -0.5363
vn 0.0697 -0.9962 -0.0513
vn 0.0613 -0.9962 -0.0617
vn 0.0382 -0.9987 -0.0346
vn 0.7422 -0.1123 -0.6607
vn 0.7917 -0.1136 -0.6003
vn 0.6883 -0.1111 -0.7169
vn 0.0328 -0.9986 -0.0405
vn 0.6299 -0.1104 -0.7688
vn 0.0516 -0.9962 -0.0709
vn 0.0404 -0.9961 -0.0783
vn 0.0268 -0.9986 -0.0454
vn 0.5021 -0.1085 -0.8580
vn 0.5677 -0.1093 -0.8159
vn 0.4333 -0.1076 -0.8948
vn 0.0199 -0.9986 -0.0491
vn 0.3618 -0.1069 -0.9261
vn 0.0282 -0.9961 -0.0838
vn -0.0140 0.9998 -0.0126
vn -0.0133 0.9998 -0.0136
vn -0.0161 0.9998 -0.0081
vn -0.0157 0.9998 -0.0093
vn -0.0167 0.9999 -0.0032
vn -0.0167 0.9999 -0.0044
vn -0.0014 0.9998 -0.0195
vn -0.0002 0.9998 -0.0195
vn -0.0063 0.9998 -0.0186
vn -0.0051 0.9998 -0.0189
vn 0.0011 0.9998 -0.0194
vn 0.0023 0.9998 -0.0192
vn -0.0039 0.9998 -0.0192
vn -0.0027 0.9998 -0.0194
vn -0.0085 0.9998 -0.0175
vn -0.0096 0.9998 -0.0169
vn -0.0074 0.9998 -0.0181
vn -0.0124 0.9998 -0.0145
vn -0.0116 0.9998 -0.0154
vn -0.0152 0.9998 -0.0104
vn -0.0146 0.9998 -0.0115
vn -0.0166 0.9998 -0.0057
vn -0.0164 0.9998 -0.0069
vn -0.0164 0.9999 -0.0007
vn -0.0161 0.9999 0.0005
vn -0.0166 0.9999 -0.0019
vn -0.0147 0.9999 0.0039
vn -0.0141 0.9999 0.0050
vn -0.0153 0.9999 0.0028
vn -0.0117 0.9999 0.0078
vn -0.0108 0.9999 0.0087
vn -0.0126 0.9999 0.0070
vn -0.0076 0.9999 0.0106
vn -0.0065 0.9999 0.0111
vn -0.0087 0.9999 0.0101
vn -0.0029 0.9999 0.0120
vn -0.0016 0.9999 0.0121
vn -0.0041 0.9999 0.0118
vn 0.0021 0.9999 0.0118
vn 0.0033 0.9999 0.0115
vn 0.0009 0.9999 0.0120
vn 0.0067 0.9999 0.0101
vn 0.0078 0.9999 0.0095
vn 0.0056 0.9999 0.0107
vn 0.0106 0.9999 0.0071
vn 0.0115 0.9999 0.0062
vn 0.0098 0.9999 0.0080
vn 0.0134 0.9999 0.0030
vn 0.0139 0.9999 0.0019
vn 0.0128 0.9999 0.0041
vn 0.0148 0.9999 -0.0017
vn 0.0149 0.9999 -0.0030
vn 0.0146 0.9999 -0.0005
vn 0.0146 0.9999 -0.0067
vn 0.0143 0.9999 -0.0079
vn 0.0148 0.9999 -0.0055
vn 0.0129 0.9999 -0.0113
vn 0.0123 0.9998 -0.0124
vn 0.0135 0.9999 -0.0102
vn 0.0099 0.9998 -0.0152
vn 0.0090 0.9998 -0.0161
vn 0.0108 0.9998 -0.0144
vn 0.0058 0.9998 -0.0180
vn 0.0047 0.9998 -0.0185
vn 0.0069 0.9998 -0.0175
vn -0.0158 0.9999 0.0017
vn -0.0134 0.9999 0.0060
vn -0.0098 0.9999 0.0094
vn -0.0053 0.9999 0.0115
vn -0.0004 0.9999 0.0121
vn 0.0045 0.9999 0.0112
vn 0.0088 0.9999 0.0088
vn 0.0122 0.9999 0.0052
vn 0.0143 0.9999 0.0007
vn 0.0149 0.9999 -0.0042
vn 0.0140 0.9999 -0.0091
vn 0.0116 0.9998 -0.0134
vn 0.0080 0.9998 -0.0168
vn 0.0035 0.9998 -0.0189
vn -0.0106 0.9998 -0.0162
vn -0.0140 -0.9998 -0.0126
vn -0.0133 -0.9998 -0.0136
vn -0.0161 -0.9998 -0.0081
vn -0.0157 -0.9998 -0.0093
vn -0.0167 -0.9999 -0.0032
vn -0.0167 -0.9999 -0.0044
vn -0.0014 -0.9998 -0.0195
vn -0.0002 -0.9998 -0.0195
vn -0.0063 -0.9998 -0.0186
vn -0.0051 -0.9998 -0.0189
vn 0.0011 -0.9998 -0.0194
vn 0.0023 -0.9998 -0.0192
vn -0.0039 -0.9998 -0.0192
vn -0.0027 -0.9998 -0.0194
vn -0.0085 -0.9998 -0.0175
vn -0.0096 -0.9998 -0.0169
vn -0.0074 -0.9998 -0.0181
vn -0.0124 -0.9998 -0.0145
vn -0.0116 -0.9998 -0.0154
vn -0.0152 -0.9998 -0.0104
vn -0.0146 -0.9998 -0.0115
vn -0.0166 -0.9998 -0.0057
vn -0.0164 -0.9998 -0.0069
vn -0.0164 -0.9999 -0.0007
vn -0.0161 -0.9999 0.0005
vn -0.0166 -0.9999 -0.0019
vn -0.0148 -0.9999 0.0039
vn -0.0141 -0.9999 0.0050
vn -0.0153 -0.9999 0.0028
vn -0.0117 -0.9999 0.0078
vn -0.0108 -0.9999 0.0087
vn -0.0126 -0.9999 0.0070
vn -0.0076 -0.9999 0.0106
vn -0.0065 -0.9999 0.0111
vn -0.0087 -0.9999 0.0101
vn -0.0029 -0.9999 0.0120
vn -0.0016 -0.9999 0.0121
vn -0.0041 -0.9999 0.0118
vn 0.0021 -0.9999 0.0118
vn 0.0033 -0.9999 0.0116
vn 0.0009 -0.9999 0.0120
vn 0.0067 -0.9999 0.0101
vn 0.0078 -0.9999 0.0095
vn 0.0056 -0.9999 0.0107
vn 0.0106 -0.9999 0.0071
vn 0.0115 -0.9999 0.0062
vn 0.0098 -0.9999 0.0080
vn 0.0134 -0.9999 0.0030
vn 0.0139 -0.9999 0.0019
vn 0.0128 -0.9999 0.0041
vn 0.0148 -0.9999 -0.0017
vn 0.0149 -0.9999 -0.0030
vn 0.0146 -0.9999 -0.0005
vn 0.0146 -0.9999 -0.0067
vn 0.0143 -0.9999 -0.0079
vn 0.0148 -0.9999 -0.0055
vn 0.0129 -0.9999 -0.0113
vn 0.0123 -0.9998 -0.0124
vn 0.0135 -0.9999 -0.0102
vn 0.0099 -0.9998 -0.0152
vn 0.0090 -0.9998 -0.0161
vn 0.0108 -0.9998 -0.0144
vn 0.0058 -0.9998 -0.0180
vn 0.0047 -0.9998 -0.0185
vn 0.0069 -0.9998 -0.0174
vn -0.0158 -0.9999 0.0017
vn -0.0134 -0.9999 0.0060
vn -0.0098 -0.9999 0.0094
vn -0.0053 -0.9999 0.0115
vn -0.0004 -0.9999 0.0121
vn 0.0045 -0.9999 0.0112
vn 0.0088 -0.9999 0.0088
vn 0.0122 -0.9999 0.0052
vn 0.0143 -0.9999 0.0007
vn 0.0149 -0.9999 -0.0042
vn 0.0140 -0.9999 -0.0091
vn 0.0116 -0.9998 -0.0134
vn 0.0080 -0.9998 -0.0168
vn 0.0035 -0.9998 -0.0189
vn -0.0106 -0.9998 -0.0162
vn -0.1107 -0.0000 0.9939
vn -0.1366 -0.0000 0.9906
vn -0.1883 -0.0000 0.9821
vn -0.2139 -0.0000 0.9769
vn 0.2018 -0.0000 0.9794
vn 0.1761 -0.0000 0.9844
vn 0.1244 -0.0000 0.9922
vn 0.0984 -0.0000 0.9951
vn 0.4946 -0.0000 0.8691
vn 0.4717 -0.0000 0.8818
vn 0.4248 -0.0000 0.9053
vn 0.4010 -0.0000 0.9161
vn 0.7389 -0.0000 0.6738
vn 0.7210 -0.0000 0.6929
vn 0.6838 -0.0000 0.7297
vn 0.6645 -0.0000 0.7473
vn 0.9110 -0.0000 0.4125
vn 0.8998 -0.0000 0.4362
vn 0.8758 -0.0000 0.4827
vn 0.8629 -0.0000 0.5054
vn 0.9938 -0.0000 0.1108
vn 0.9906 -0.0000 0.1368
vn 0.9821 -0.0000 0.1884
vn 0.9768 -0.0000 0.2141
vn 0.9794 -0.0000 -0.2017
vn 0.9844 -0.0000 -0.1760
vn 0.9922 -0.0000 -0.1243
vn 0.9952 -0.0000 -0.0982
vn 0.8692 -0.0000 -0.4945
vn 0.8818 -0.0000 -0.4716
vn 0.9053 -0.0000 -0.4248
vn 0.9161 -0.0000 -0.4009
vn 0.6738 -0.0000 -0.7389
vn 0.6929 -0.0000 -0.7210
vn 0.7297 -0.0000 -0.6838
vn 0.7474 -0.0000 -0.6644
vn 0.4125 -0.0000 -0.9110
vn 0.4362 -0.0000 -0.8998
vn 0.4827 -0.0000 -0.8758
vn 0.5055 -0.0000 -0.8628
vn 0.1107 -0.0000 -0.9939
vn 0.1368 -0.0000 -0.9906
vn 0.1884 -0.0000 -0.9821
vn 0.2141 -0.0000 -0.9768
vn -0.2018 -0.0000 -0.9794
vn -0.1761 -0.0000 -0.9844
vn -0.1243 -0.0000 -0.9922
vn -0.0983 -0.0000 -0.9952
vn -0.4947 -0.0000 -0.8691
vn -0.4717 -0.0000 -0.8818
vn -0.4249 -0.0000 -0.9052
vn -0.4011 -0.0000 -0.9160
vn -0.7390 -0.0000 -0.6737
vn -0.7211 -0.0000 -0.6928
vn -0.6839 -0.0000 -0.7296
vn -0.6645 -0.0000 -0.7473
vn -0.9110 -0.0000 -0.4123
vn -0.8999 -0.0000 -0.4360
vn -0.8759 -0.0000 -0.4825
vn -0.8629 -0.0000 -0.5053
vn -0.9939 -0.0000 -0.1106
vn -0.9906 -0.0000 -0.1365
vn -0.9821 -0.0000 -0.1882
vn -0.9769 -0.0000 -0.2139
vn -0.9794 -0.0000 0.2020
vn -0.9844 -0.0000 0.1762
vn -0.9922 -0.0000 0.1245
vn -0.9951 -0.0000 0.0984
vn -0.8691 -0.0000 0.4947
vn -0.8817 -0.0000 0.4718
vn -0.9052 -0.0000 0.4250
vn -0.9160 -0.0000 0.4011
vn -0.6736 -0.0000 0.7391
vn -0.6928 -0.0000 0.7211
vn -0.7296 -0.0000 0.6839
vn -0.7472 -0.0000 0.6646
vn -0.4124 -0.0000 0.9110
vn -0.4360 -0.0000 0.8999
vn -0.4825 -0.0000 0.8759
vn -0.5053 -0.0000 0.8629
vn 0.8352 -0.0000 0.5499
vn 0.8206 -0.0000 0.5715
vn 0.7895 -0.0000 0.6137
vn 0.7732 -0.0000 0.6342
vn 0.9643 -0.0000 0.2649
vn 0.9570 -0.0000 0.2901
vn 0.9405 -0.0000 0.3398
vn 0.9313 -0.0000 0.3642
vn 0.9989 -0.0000 -0.0460
vn 0.9998 -0.0000 -0.0198
vn 0.9995 -0.0000 0.0325
vn 0.9983 -0.0000 0.0587
vn 0.9358 -0.0000 -0.3525
vn 0.9447 -0.0000 -0.3278
vn 0.9606 -0.0000 -0.2779
vn 0.9676 -0.0000 -0.2527
vn 0.7811 -0.0000 -0.6244
vn 0.7972 -0.0000 -0.6037
vn 0.8277 -0.0000 -0.5612
vn 0.8421 -0.0000 -0.5393
vn 0.5499 -0.0000 -0.8352
vn 0.5716 -0.0000 -0.8205
vn 0.6137 -0.0000 -0.7895
vn 0.6342 -0.0000 -0.7732
vn 0.2649 -0.0000 -0.9643
vn 0.2900 -0.0000 -0.9570
vn 0.3397 -0.0000 -0.9405
vn 0.3642 -0.0000 -0.9313
vn -0.0461 -0.0000 -0.9989
vn -0.0200 -0.0000 -0.9998
vn 0.0324 -0.0000 -0.9995
vn 0.0586 -0.0000 -0.9983
vn -0.3526 -0.0000 -0.9358
vn -0.3280 -0.0000 -0.9447
vn -0.2780 -0.0000 -0.9606
vn -0.2528 -0.0000 -0.9675
vn -0.6245 -0.0000 -0.7810
vn -0.6039 -0.0000 -0.7971
vn -0.5613 -0.0000 -0.8276
vn -0.5394 -0.0000 -0.8420
vn -0.8353 -0.0000 -0.5498
vn -0.8206 -0.0000 -0.5715
vn -0.7896 -0.0000 -0.6136
vn -0.7733 -0.0000 -0.6341
vn -0.9643 -0.0000 -0.2647
vn -0.9571 -0.0000 -0.2899
vn -0.9406 -0.0000 -0.3396
vn -0.9314 -0.0000 -0.3641
vn -0.9989 -0.0000 0.0463
vn -0.9998 -0.0000 0.0201
vn -0.9995 -0.0000 -0.0323
vn -0.9983 -0.0000 -0.0584
vn -0.9357 -0.0000 0.3527
vn -0.9446 -0.0000 0.3281
vn -0.9605 -0.0000 0.2782
vn -0.9675 -0.0000 0.2529
vn -0.7810 -0.0000 0.6246
vn -0.7970 -0.0000 0.6039
vn -0.8276 -0.0000 0.5614
vn -0.8420 -0.0000 0.5395
vn -0.5498 -0.0000 0.8353
vn -0.5714 -0.0000 0.8207
vn -0.6136 -0.0000 0.7896
vn -0.6341 -0.0000 0.7733
vn -0.2648 -0.0000 0.9643
vn -0.2899 -0.0000 0.9571
vn -0.3396 -0.0000 0.9406
vn -0.3641 -0.0000 0.9314
vn 0.0461 -0.0000 0.9989
vn 0.0200 -0.0000 0.9998
vn -0.0324 -0.0000 0.9995
vn -0.0585 -0.0000 0.9983
vn 0.3525 -0.0000 0.9358
vn 0.3279 -0.0000 0.9447
vn 0.2780 -0.0000 0.9606
vn 0.2528 -0.0000 0.9675
vn 0.6244 -0.0000 0.7811
vn 0.6038 -0.0000 0.7971
vn 0.5612 -0.0000 0.8277
vn 0.5394 -0.0000 0.8420
vn 0.1099 0.1048 -0.9884
vn 0.2631 0.1057 -0.9589
vn 0.3375 0.1063 -0.9353
vn 0.4795 0.1077 -0.8709
vn 0.5463 0.1085 -0.8305
vn 0.6097 0.1094 -0.7851
vn 0.6693 0.1104 -0.7347
vn 0.7231 0.1425 -0.6759
vn 0.7777 0.1125 -0.6185
vn 0.8237 0.1136 -0.5556
vn 0.8646 0.1149 -0.4891
vn 0.9002 0.1161 -0.4197
vn 0.9302 0.1176 -0.3477
vn 0.9545 0.1188 -0.2736
vn 0.9728 0.1203 -0.1977
vn 0.9914 0.1233 -0.0431
vn 0.9856 0.1263 0.1127
vn 0.9735 0.1278 0.1896
vn 0.9601 0.0904 0.2645
vn 0.9327 0.1306 0.3362
vn 0.8279 0.1348 0.5445
vn 0.7825 0.1358 0.6077
vn 0.7322 0.1371 0.6672
vn 0.6775 0.1380 0.7224
vn 0.5560 0.1396 0.8194
vn 0.4898 0.1403 0.8605
vn 0.4208 0.1408 0.8961
vn 0.3491 0.1412 0.9264
vn 0.2752 0.1413 0.9509
vn 0.0455 0.1408 0.9890
vn -0.1099 0.1400 0.9840
vn -0.1868 0.1392 0.9725
vn -0.2626 0.1385 0.9549
vn -0.3368 0.1374 0.9315
vn -0.4785 0.1352 0.8676
vn -0.5453 0.1339 0.8275
vn -0.6683 0.1313 0.7322
vn -0.7239 0.1299 0.6776
vn -0.7749 0.1284 0.6189
vn -0.8213 0.1269 0.5563
vn -0.8625 0.1253 0.4902
vn -0.8985 0.1239 0.4211
vn -0.9289 0.1225 0.3494
vn -0.9537 0.1209 0.2755
vn -0.9725 0.1195 0.1998
vn -0.9854 0.1181 0.1229
vn -0.9928 0.1154 -0.0327
vn -0.9873 0.1142 -0.1105
vn -0.9757 0.1130 -0.1876
vn -0.9053 0.1098 -0.4103
vn -0.8704 0.1089 -0.4801
vn -0.7848 0.1072 -0.6104
vn -0.7346 0.1066 -0.6701
vn -0.6798 0.1059 -0.7257
vn -0.6208 0.1054 -0.7768
vn -0.5580 0.1049 -0.8232
vn -0.4918 0.1046 -0.8644
vn -0.4225 0.1044 -0.9004
vn -0.3506 0.1042 -0.9307
vn -0.2765 0.1040 -0.9554
vn -0.2008 0.1041 -0.9741
vn -0.1237 0.1041 -0.9868
vn -0.0460 0.1043 -0.9935
vn 0.0322 0.1044 -0.9940
vn -0.6240 -0.0000 0.7814
vn 0.6240 -0.0000 -0.7814
vn -0.7814 -0.0000 -0.6240
vn -0.0000 1.0000 -0.0000
vn 0.7814 -0.0000 0.6240
vn -0.0000 -1.0000 -0.0000
vn -0.1095 -0.0502 -0.9927
vn 0.1095 0.0502 0.9927
vn 0.9898 0.0861 -0.1135
vn -0.0912 0.9950 -0.0403
vn -0.9898 -0.0861 0.1135
vn 0.0912 -0.9950 0.0403
vn 0.0204 0.9961 -0.0862
vn -0.0072 0.9961 -0.0882
vn 0.0107 0.9961 -0.0881
vn -0.0171 0.9961 -0.0871
vn -0.0341 0.9961 -0.0817
vn -0.0431 0.9961 -0.0776
vn -0.0577 0.9961 -0.0672
vn -0.0650 0.9960 -0.0605
vn -0.0756 0.9961 -0.0459
vn -0.0805 0.9961 -0.0374
vn -0.0862 0.9961 -0.0204
vn -0.0881 0.9961 -0.0107
vn -0.0882 0.9961 0.0072
vn -0.0871 0.9961 0.0171
vn -0.0817 0.9961 0.0340
vn -0.0776 0.9961 0.0431
vn -0.0672 0.9961 0.0577
vn -0.0605 0.9961 0.0650
vn -0.0459 0.9961 0.0756
vn -0.0374 0.9961 0.0805
vn -0.0204 0.9961 0.0861
vn -0.0107 0.9961 0.0881
vn 0.0072 0.9961 0.0882
vn 0.0171 0.9961 0.0871
vn 0.0340 0.9961 0.0817
vn 0.0431 0.9961 0.0776
vn 0.0577 0.9961 0.0672
vn 0.0650 0.9961 0.0605
vn 0.0756 0.9961 0.0459
vn 0.0805 0.9961 0.0374
vn 0.0861 0.9961 0.0204
vn 0.0881 0.9961 0.0107
vn 0.0882 0.9961 -0.0071
vn 0.0871 0.9961 -0.0171
vn 0.0817 0.9961 -0.0341
vn 0.0776 0.9961 -0.0431
vn 0.0672 0.9961 -0.0577
vn 0.0605 0.9961 -0.0650
vn 0.0459 0.9961 -0.0756
vn 0.0374 0.9961 -0.0805
vn 0.0203 -0.9961 -0.0862
vn 0.0107 -0.9961 -0.0881
vn -0.0072 -0.9961 -0.0882
vn -0.0170 -0.9961 -0.0871
vn -0.0341 -0.9961 -0.0817
vn -0.0431 -0.9961 -0.0776
vn -0.0577 -0.9961 -0.0672
vn -0.0650 -0.9960 -0.0605
vn -0.0756 -0.9961 -0.0459
vn -0.0805 -0.9961 -0.0374
vn -0.0862 -0.9961 -0.0204
vn -0.0881 -0.9961 -0.0107
vn -0.0882 -0.9961 0.0072
vn -0.0871 -0.9961 0.0171
vn -0.0817 -0.9961 0.0340
vn -0.0776 -0.9961 0.0431
vn -0.0672 -0.9961 0.0577
vn -0.0605 -0.9961 0.0650
vn -0.0460 -0.9961 0.0756
vn -0.0374 -0.9961 0.0805
vn -0.0204 -0.9961 0.0861
vn -0.0107 -0.9961 0.0881
vn 0.0072 -0.9961 0.0882
vn 0.0171 -0.9961 0.0871
vn 0.0340 -0.9961 0.0817
vn 0.0431 -0.9961 0.0776
vn 0.0577 -0.9961 0.0672
vn 0.0650 -0.9961 0.0605
vn 0.0756 -0.9961 0.0460
vn 0.0805 -0.9961 0.0374
vn 0.0861 -0.9961 0.0204
vn 0.0881 -0.9961 0.0107
vn 0.0882 -0.9961 -0.0070
vn 0.0871 -0.9961 -0.0171
vn 0.0817 -0.9961 -0.0341
vn 0.0776 -0.9961 -0.0431
vn 0.0672 -0.9961 -0.0577
vn 0.0605 -0.9961 -0.0650
vn 0.0459 -0.9961 -0.0756
vn 0.0374 -0.9961 -0.0805
vn -0.2525 -0.0000 0.9676
vn 0.0588 -0.0000 0.9983
vn -0.1493 -0.0000 0.9888
vn 0.1636 -0.0000 0.9865
vn 0.3645 -0.0000 0.9312
vn 0.4604 -0.0000 0.8877
vn 0.6344 -0.0000 0.7730
vn 0.7122 -0.0000 0.7020
vn 0.8422 -0.0000 0.5392
vn 0.8943 -0.0000 0.4475
vn 0.9676 -0.0000 0.2525
vn 0.9888 -0.0000 0.1493
vn 0.9983 -0.0000 -0.0588
vn 0.9865 -0.0000 -0.1636
vn 0.9312 -0.0000 -0.3644
vn 0.8877 -0.0000 -0.4604
vn 0.7731 -0.0000 -0.6343
vn 0.7020 -0.0000 -0.7122
vn 0.5392 -0.0000 -0.8422
vn 0.4475 -0.0000 -0.8943
vn 0.2525 -0.0000 -0.9676
vn 0.1493 -0.0000 -0.9888
vn -0.0589 -0.0000 -0.9983
vn -0.1636 -0.0000 -0.9865
vn -0.3645 -0.0000 -0.9312
vn -0.4604 -0.0000 -0.8877
vn -0.6344 -0.0000 -0.7730
vn -0.7122 -0.0000 -0.7020
vn -0.8422 -0.0000 -0.5392
vn -0.8943 -0.0000 -0.4475
vn -0.9676 -0.0000 -0.2525
vn -0.9888 -0.0000 -0.1493
vn -0.9983 -0.0000 0.0588
vn -0.9865 -0.0000 0.1636
vn -0.9312 -0.0000 0.3644
vn -0.8877 -0.0000 0.4604
vn -0.7730 -0.0000 0.6344
vn -0.7020 -0.0000 0.7122
vn -0.5392 -0.0000 0.8422
vn -0.4475 -0.0000 0.8943
vn -0.0588 -0.0000 -0.9983
vn -0.3644 -0.0000 -0.9312
vn -0.6343 -0.0000 -0.7731
vn -0.9676 -0.0000 -0.2524
vn -0.9983 -0.0000 0.0589
vn -0.9866 -0.0000 0.1635
vn -0.5391 -0.0000 0.8422
vn -0.4477 -0.0000 0.8942
vn -0.2526 -0.0000 0.9676
vn 0.3644 -0.0000 0.9312
vn 0.6343 -0.0000 0.7731
vn 0.9676 -0.0000 0.2526
vn 0.7730 -0.0000 -0.6344
vn 0.4476 -0.0000 -0.8942
vn 0.2526 -0.0000 -0.9676
vn -0.9503 -0.0333 -0.3095
vn 0.9503 0.0333 0.3095
vn 0.3113 -0.1166 -0.9431
vn 0.0047 0.9926 -0.1212
vn -0.3113 0.1166 0.9431
vn -0.0047 -0.9926 0.1212
vn -0.4522 -0.0435 -0.8909
vn 0.4521 0.0435 0.8909
vn 0.8919 -0.0226 -0.4516
vn 0.8919 -0.0227 -0.4516
vn 0.0005 0.9988 -0.0490
vn -0.8919 0.0226 0.4516
vn -0.0005 -0.9988 0.0490
vn -0.1322 0.7199 0.6814
vn -0.1855 0.7198 0.6689
vn -0.1500 0.7199 0.6777
vn -0.2030 0.7198 0.6638
vn -0.0961 0.7200 0.6873
vn -0.0781 0.7200 0.6896
vn -0.0417 0.7200 0.6927
vn -0.0234 0.7200 0.6935
vn 0.0859 0.7201 0.6885
vn 0.0313 0.7201 0.6932
vn 0.0678 0.7201 0.6905
vn 0.0131 0.7201 0.6938
vn 0.1220 0.7201 0.6830
vn 0.1400 0.7201 0.6796
vn 0.1755 0.7201 0.6713
vn 0.1931 0.7201 0.6664
vn 0.2955 0.7201 0.6278
vn 0.2451 0.7201 0.6491
vn 0.2789 0.7201 0.6353
vn 0.2279 0.7201 0.6553
vn 0.3282 0.7201 0.6114
vn 0.3441 0.7200 0.6026
vn 0.3754 0.7200 0.5837
vn 0.3906 0.7200 0.5736
vn 0.4760 0.7198 0.5052
vn 0.4347 0.7199 0.5411
vn 0.4625 0.7200 0.5174
vn 0.4203 0.7199 0.5523
vn 0.5019 0.7198 0.4795
vn 0.5144 0.7198 0.4662
vn 0.5440 0.7196 0.4315
vn 0.6097 0.7193 0.3329
vn 0.6007 0.7194 0.3488
vn 0.5815 0.7195 0.3798
vn 0.5712 0.7195 0.3949
vn 0.6264 0.7193 0.3004
vn 0.6341 0.7192 0.2839
vn 0.6483 0.7191 0.2503
vn 0.6547 0.7190 0.2332
vn 0.6835 0.7187 0.1277
vn 0.6799 0.7187 0.1456
vn 0.6712 0.7188 0.1810
vn 0.6661 0.7189 0.1986
vn 0.6894 0.7186 0.0917
vn 0.6916 0.7185 0.0736
vn 0.6946 0.7184 0.0372
vn 0.6955 0.7183 0.0190
vn 0.6902 0.7180 -0.0901
vn 0.6923 0.7180 -0.0720
vn 0.6950 0.7181 -0.0356
vn 0.6956 0.7182 -0.0174
vn 0.6847 0.7178 -0.1262
vn 0.6813 0.7177 -0.1440
vn 0.6729 0.7176 -0.1796
vn 0.6680 0.7176 -0.1971
vn 0.6293 0.7172 -0.2993
vn 0.6369 0.7173 -0.2827
vn 0.6507 0.7174 -0.2490
vn 0.6569 0.7174 -0.2319
vn 0.6129 0.7171 -0.3319
vn 0.6041 0.7170 -0.3477
vn 0.5852 0.7169 -0.3790
vn 0.5752 0.7168 -0.3942
vn 0.5069 0.7164 -0.4793
vn 0.5191 0.7165 -0.4660
vn 0.5427 0.7166 -0.4381
vn 0.5539 0.7167 -0.4238
vn 0.4812 0.7163 -0.5053
vn 0.4679 0.7163 -0.5177
vn 0.4403 0.7162 -0.5415
vn 0.4261 0.7161 -0.5528
vn 0.3348 0.7158 -0.6127
vn 0.3507 0.7159 -0.6038
vn 0.3816 0.7160 -0.5846
vn 0.3967 0.7160 -0.5744
vn 0.3025 0.7158 -0.6294
vn 0.2860 0.7157 -0.6371
vn 0.2439 0.7157 -0.6545
vn 0.2438 0.7157 -0.6545
vn 0.1300 0.7154 -0.6865
vn 0.1832 0.7155 -0.6741
vn 0.1479 0.7155 -0.6828
vn 0.2007 0.7155 -0.6691
vn 0.0941 0.7154 -0.6924
vn 0.0761 0.7153 -0.6946
vn 0.0398 0.7153 -0.6977
vn 0.0216 0.7153 -0.6985
vn -0.0874 0.7152 -0.6934
vn -0.0330 0.7153 -0.6981
vn -0.0693 0.7152 -0.6955
vn -0.0148 0.7153 -0.6987
vn -0.1233 0.7152 -0.6879
vn -0.1412 0.7152 -0.6845
vn -0.1766 0.7152 -0.6762
vn -0.1942 0.7152 -0.6714
vn -0.2963 0.7153 -0.6329
vn -0.2460 0.7152 -0.6542
vn -0.2798 0.7152 -0.6404
vn -0.2289 0.7152 -0.6603
vn -0.3289 0.7153 -0.6166
vn -0.3448 0.7153 -0.6078
vn -0.3760 0.7153 -0.5890
vn -0.3912 0.7154 -0.5790
vn -0.4764 0.7155 -0.5109
vn -0.4351 0.7154 -0.5466
vn -0.4630 0.7155 -0.5232
vn -0.4208 0.7154 -0.5578
vn -0.5024 0.7156 -0.4854
vn -0.5148 0.7156 -0.4721
vn -0.5386 0.7157 -0.4446
vn -0.5500 0.7157 -0.4304
vn -0.6101 0.7160 -0.3393
vn -0.5819 0.7159 -0.3859
vn -0.6011 0.7159 -0.3551
vn -0.5717 0.7158 -0.4010
vn -0.6269 0.7161 -0.3069
vn -0.6345 0.7163 -0.2904
vn -0.6488 0.7163 -0.2569
vn -0.6553 0.7163 -0.2398
vn -0.6843 0.7166 -0.1346
vn -0.6719 0.7165 -0.1878
vn -0.6806 0.7166 -0.1525
vn -0.6668 0.7164 -0.2053
vn -0.6903 0.7167 -0.0987
vn -0.6926 0.7168 -0.0806
vn -0.6957 0.7169 -0.0442
vn -0.6967 0.7169 -0.0261
vn -0.6917 0.7174 0.0831
vn -0.6963 0.7172 0.0286
vn -0.6937 0.7173 0.0650
vn -0.6969 0.7171 0.0104
vn -0.6863 0.7175 0.1191
vn -0.6829 0.7176 0.1370
vn -0.6746 0.7177 0.1725
vn -0.6698 0.7178 0.1901
vn -0.6315 0.7182 0.2924
vn -0.6526 0.7180 0.2420
vn -0.6390 0.7181 0.2758
vn -0.6588 0.7179 0.2249
vn -0.6151 0.7183 0.3251
vn -0.6063 0.7184 0.3410
vn -0.5876 0.7185 0.3723
vn -0.5775 0.7185 0.3876
vn -0.5094 0.7189 0.4730
vn -0.5451 0.7187 0.4316
vn -0.5217 0.7188 0.4596
vn -0.5563 0.7186 0.4172
vn -0.4838 0.7190 0.4990
vn -0.4704 0.7190 0.5115
vn -0.4429 0.7191 0.5354
vn -0.4286 0.7192 0.5468
vn -0.3373 0.7195 0.6071
vn -0.3841 0.7194 0.5788
vn -0.3532 0.7194 0.5981
vn -0.3993 0.7193 0.5685
vn -0.3048 0.7197 0.6238
vn -0.2884 0.7196 0.6317
vn -0.2548 0.7196 0.6460
vn -0.2377 0.7196 0.6524
vn 0.0295 0.9888 -0.1466
vn 0.0107 0.9955 -0.0941
vn 0.1874 0.0913 -0.9780
vn 0.1100 0.0910 -0.9898
vn 0.2635 0.0918 -0.9603
vn 0.0246 0.9955 -0.0910
vn 0.0070 0.9887 -0.1498
vn 0.0321 0.0907 -0.9954
vn -0.0158 0.9887 -0.1493
vn -0.0174 0.9955 -0.0935
vn -0.1239 0.0902 -0.9882
vn -0.2010 0.0903 -0.9754
vn -0.0461 0.0905 -0.9948
vn -0.0034 0.9955 -0.0950
vn -0.0382 0.9887 -0.1452
vn -0.2769 0.0903 -0.9567
vn -0.0598 0.9887 -0.1376
vn -0.0440 0.9955 -0.0840
vn -0.4231 0.0906 -0.9016
vn -0.4925 0.0908 -0.8656
vn -0.3510 0.0904 -0.9320
vn -0.0311 0.9955 -0.0899
vn -0.0798 0.9887 -0.1268
vn -0.5588 0.0911 -0.8243
vn -0.0979 0.9888 -0.1129
vn -0.0663 0.9956 -0.0669
vn -0.6807 0.0919 -0.7268
vn -0.7356 0.0925 -0.6711
vn -0.6217 0.0916 -0.7779
vn -0.0557 0.9955 -0.0765
vn -0.1133 0.9889 -0.0964
vn -0.7859 0.0931 -0.6113
vn -0.1263 0.9890 -0.0776
vn -0.0820 0.9957 -0.0436
vn -0.8717 0.0945 -0.4808
vn -0.9066 0.0953 -0.4111
vn -0.8314 0.0939 -0.5477
vn -0.0750 0.9956 -0.0560
vn -0.1359 0.9891 -0.0570
vn -0.9360 0.0962 -0.3385
vn -0.1422 0.9892 -0.0353
vn -0.0894 0.9959 -0.0166
vn -0.9773 0.0981 -0.1880
vn -0.9889 0.0991 -0.1107
vn -0.9596 0.0972 -0.2641
vn -0.0866 0.9958 -0.0305
vn -0.1450 0.9894 -0.0129
vn -0.9944 0.1003 -0.0328
vn -0.1444 0.9895 0.0097
vn -0.0882 0.9960 0.0111
vn -0.9871 0.1027 0.1231
vn -0.9743 0.1038 0.2001
vn -0.9938 0.1014 0.0453
vn -0.0899 0.9960 -0.0028
vn -0.1401 0.9896 0.0318
vn -0.9554 0.1051 0.2759
vn -0.1325 0.9898 0.0531
vn -0.0784 0.9962 0.0369
vn -0.9002 0.1076 0.4219
vn -0.8643 0.1090 0.4911
vn -0.9307 0.1064 0.3499
vn -0.0845 0.9961 0.0245
vn -0.1215 0.9899 0.0727
vn -0.8229 0.1103 0.5573
vn -0.1077 0.9901 0.0904
vn -0.0616 0.9964 0.0584
vn -0.7254 0.1128 0.6790
vn -0.6697 0.1140 0.7338
vn -0.7766 0.1116 0.6201
vn -0.0709 0.9963 0.0482
vn -0.0913 0.9902 0.1058
vn -0.6100 0.1152 0.7840
vn -0.0729 0.9903 0.1183
vn -0.0388 0.9965 0.0735
vn -0.4797 0.1174 0.8696
vn -0.4099 0.1185 0.9044
vn -0.5465 0.1164 0.8293
vn -0.0508 0.9965 0.0670
vn -0.0526 0.9904 0.1280
vn -0.3376 0.1195 0.9337
vn -0.0312 0.9905 0.1342
vn -0.0127 0.9966 0.0810
vn -0.1872 0.1208 0.9749
vn -0.1101 0.1215 0.9865
vn -0.2632 0.1202 0.9572
vn -0.0260 0.9966 0.0784
vn -0.0091 0.9905 0.1371
vn -0.0323 0.1220 0.9920
vn 0.0131 0.9906 0.1365
vn 0.0144 0.9967 0.0804
vn 0.1234 0.1225 0.9848
vn 0.2003 0.1227 0.9720
vn 0.0456 0.1224 0.9914
vn 0.0009 0.9967 0.0818
vn 0.0350 0.9906 0.1325
vn 0.2760 0.1227 0.9533
vn 0.0560 0.9905 0.1252
vn 0.0399 0.9967 0.0713
vn 0.4219 0.1222 0.8984
vn 0.4911 0.1218 0.8626
vn 0.3500 0.1225 0.9287
vn 0.0275 0.9967 0.0768
vn 0.0757 0.9905 0.1148
vn 0.5573 0.1213 0.8214
vn 0.0935 0.9905 0.1012
vn 0.0752 0.9949 0.0668
vn 0.6792 0.1200 0.7241
vn 0.7359 0.0830 0.6720
vn 0.6202 0.1206 0.7751
vn 0.0514 0.9966 0.0641
vn 0.7824 0.1182 0.6115
vn 0.1097 0.9904 0.0844
vn 0.8686 0.1160 0.4818
vn 0.1236 0.9902 0.0643
vn 0.9039 0.1147 0.4120
vn 0.0774 0.9965 0.0330
vn 0.0713 0.9965 0.0433
vn 0.8280 0.1170 0.5483
vn 0.9336 0.1136 0.3398
vn 0.1321 0.9902 0.0462
vn 0.9756 0.1109 0.1896
vn 0.1392 0.9900 0.0225
vn 0.9876 0.1098 0.1124
vn 0.0856 0.9963 0.0071
vn 0.0831 0.9964 0.0186
vn 0.9575 0.1124 0.2655
vn 0.9935 0.1083 0.0345
vn 0.1418 0.9899 0.0026
vn 0.9869 0.1058 -0.1215
vn 0.1411 0.9897 -0.0223
vn 0.9745 0.1044 -0.1986
vn 0.0858 0.9961 -0.0204
vn 0.0868 0.9962 -0.0086
vn 0.9933 0.1072 -0.0436
vn 0.9560 0.1033 -0.2745
vn 0.1376 0.9896 -0.0420
vn 0.9015 0.1010 -0.4208
vn 0.1294 0.9894 -0.0656
vn 0.8658 0.0998 -0.4903
vn 0.0771 0.9959 -0.0468
vn 0.0819 0.9960 -0.0357
vn 0.9317 0.1020 -0.3487
vn 0.8248 0.0987 -0.5567
vn 0.1196 0.9893 -0.0834
vn 0.7276 0.0967 -0.6791
vn 0.1044 0.9892 -0.1032
vn 0.6722 0.0959 -0.7342
vn 0.0605 0.9957 -0.0694
vn 0.0686 0.9958 -0.0601
vn 0.7786 0.0977 -0.6199
vn 0.6126 0.0950 -0.7847
vn 0.0897 0.9890 -0.1173
vn 0.4824 0.0936 -0.8709
vn 0.0690 0.9889 -0.1315
vn 0.4126 0.0928 -0.9062
vn 0.0376 0.9956 -0.0859
vn 0.0484 0.9957 -0.0794
vn 0.5492 0.0943 -0.8304
vn 0.3384 0.1189 -0.9335
vn 0.0383 0.9934 -0.1082
vn -0.1767 0.7152 -0.6762
vn 0.0350 0.9906 0.1326
vn 0.2760 0.1228 0.9533
vn -0.1501 -0.7199 0.6777
vn -0.0962 -0.7200 0.6873
vn -0.1323 -0.7199 0.6814
vn -0.0781 -0.7200 0.6896
vn -0.1856 -0.7198 0.6689
vn -0.2031 -0.7198 0.6638
vn -0.0417 -0.7200 0.6927
vn -0.0235 -0.7200 0.6935
vn 0.0677 -0.7201 0.6906
vn 0.1219 -0.7201 0.6831
vn 0.0858 -0.7201 0.6885
vn 0.1399 -0.7201 0.6796
vn 0.0312 -0.7201 0.6932
vn 0.0130 -0.7201 0.6938
vn 0.1754 -0.7202 0.6713
vn 0.1929 -0.7203 0.6663
vn 0.2788 -0.7201 0.6354
vn 0.3281 -0.7201 0.6114
vn 0.2955 -0.7201 0.6279
vn 0.3440 -0.7201 0.6026
vn 0.2450 -0.7201 0.6491
vn 0.2278 -0.7201 0.6554
vn 0.3753 -0.7200 0.5837
vn 0.3906 -0.7200 0.5737
vn 0.4625 -0.7198 0.5176
vn 0.5019 -0.7198 0.4795
vn 0.4760 -0.7198 0.5053
vn 0.5144 -0.7197 0.4663
vn 0.4346 -0.7200 0.5411
vn 0.4202 -0.7199 0.5524
vn 0.5382 -0.7197 0.4386
vn 0.5496 -0.7196 0.4244
vn 0.6007 -0.7194 0.3488
vn 0.6265 -0.7192 0.3004
vn 0.6097 -0.7193 0.3329
vn 0.6342 -0.7192 0.2840
vn 0.5815 -0.7195 0.3798
vn 0.5712 -0.7195 0.3949
vn 0.6483 -0.7191 0.2503
vn 0.6547 -0.7190 0.2332
vn 0.6798 -0.7188 0.1456
vn 0.6894 -0.7186 0.0917
vn 0.6835 -0.7187 0.1277
vn 0.6916 -0.7185 0.0736
vn 0.6712 -0.7189 0.1810
vn 0.6661 -0.7189 0.1986
vn 0.6946 -0.7184 0.0372
vn 0.6955 -0.7183 0.0190
vn 0.6923 -0.7180 -0.0720
vn 0.6847 -0.7178 -0.1262
vn 0.6903 -0.7179 -0.0902
vn 0.6812 -0.7178 -0.1441
vn 0.6950 -0.7181 -0.0357
vn 0.6956 -0.7182 -0.0174
vn 0.6730 -0.7175 -0.1796
vn 0.6680 -0.7175 -0.1971
vn 0.6370 -0.7172 -0.2827
vn 0.6129 -0.7170 -0.3319
vn 0.6293 -0.7172 -0.2993
vn 0.6041 -0.7170 -0.3478
vn 0.6507 -0.7174 -0.2490
vn 0.6569 -0.7174 -0.2319
vn 0.5852 -0.7169 -0.3790
vn 0.5752 -0.7168 -0.3941
vn 0.5191 -0.7165 -0.4659
vn 0.4812 -0.7165 -0.5051
vn 0.5069 -0.7164 -0.4793
vn 0.4679 -0.7163 -0.5177
vn 0.5427 -0.7166 -0.4381
vn 0.5539 -0.7167 -0.4238
vn 0.4403 -0.7162 -0.5415
vn 0.4261 -0.7161 -0.5528
vn 0.3506 -0.7159 -0.6038
vn 0.3025 -0.7158 -0.6294
vn 0.3348 -0.7159 -0.6127
vn 0.2861 -0.7157 -0.6371
vn 0.3816 -0.7160 -0.5846
vn 0.3967 -0.7160 -0.5744
vn 0.2524 -0.7157 -0.6512
vn 0.2354 -0.7156 -0.6576
vn 0.1480 -0.7155 -0.6828
vn 0.0942 -0.7154 -0.6924
vn 0.1301 -0.7154 -0.6865
vn 0.0762 -0.7154 -0.6946
vn 0.1833 -0.7155 -0.6741
vn 0.2008 -0.7155 -0.6691
vn 0.0399 -0.7153 -0.6977
vn 0.0217 -0.7153 -0.6985
vn -0.0692 -0.7151 -0.6956
vn -0.1233 -0.7152 -0.6880
vn -0.0873 -0.7152 -0.6934
vn -0.1412 -0.7152 -0.6845
vn -0.0329 -0.7152 -0.6981
vn -0.0147 -0.7153 -0.6987
vn -0.1766 -0.7152 -0.6762
vn -0.1941 -0.7152 -0.6714
vn -0.2797 -0.7152 -0.6405
vn -0.3288 -0.7153 -0.6167
vn -0.2963 -0.7153 -0.6330
vn -0.3447 -0.7153 -0.6079
vn -0.2460 -0.7152 -0.6542
vn -0.2288 -0.7152 -0.6604
vn -0.3759 -0.7153 -0.5891
vn -0.3911 -0.7154 -0.5791
vn -0.4629 -0.7155 -0.5232
vn -0.5023 -0.7156 -0.4854
vn -0.4764 -0.7155 -0.5110
vn -0.5147 -0.7156 -0.4721
vn -0.4351 -0.7154 -0.5467
vn -0.4207 -0.7154 -0.5579
vn -0.5444 -0.7157 -0.4375
vn -0.5443 -0.7157 -0.4375
vn -0.6011 -0.7159 -0.3551
vn -0.6101 -0.7160 -0.3392
vn -0.6269 -0.7161 -0.3069
vn -0.6346 -0.7162 -0.2905
vn -0.5819 -0.7159 -0.3859
vn -0.5717 -0.7158 -0.4010
vn -0.6488 -0.7162 -0.2569
vn -0.6553 -0.7163 -0.2399
vn -0.6807 -0.7166 -0.1525
vn -0.6843 -0.7166 -0.1346
vn -0.6903 -0.7168 -0.0986
vn -0.6926 -0.7168 -0.0806
vn -0.6719 -0.7165 -0.1878
vn -0.6668 -0.7164 -0.2053
vn -0.6957 -0.7169 -0.0443
vn -0.6966 -0.7170 -0.0261
vn -0.6937 -0.7173 0.0650
vn -0.6917 -0.7174 0.0831
vn -0.6863 -0.7175 0.1191
vn -0.6829 -0.7176 0.1370
vn -0.6963 -0.7172 0.0286
vn -0.6969 -0.7171 0.0104
vn -0.6746 -0.7177 0.1726
vn -0.6698 -0.7178 0.1901
vn -0.6390 -0.7181 0.2759
vn -0.6315 -0.7182 0.2924
vn -0.6151 -0.7183 0.3251
vn -0.6063 -0.7184 0.3410
vn -0.6526 -0.7180 0.2421
vn -0.6588 -0.7179 0.2249
vn -0.5875 -0.7185 0.3723
vn -0.5775 -0.7185 0.3875
vn -0.5216 -0.7188 0.4596
vn -0.5094 -0.7189 0.4730
vn -0.4838 -0.7190 0.4990
vn -0.4704 -0.7190 0.5115
vn -0.5451 -0.7187 0.4316
vn -0.5563 -0.7186 0.4172
vn -0.4429 -0.7191 0.5354
vn -0.4286 -0.7192 0.5468
vn -0.3532 -0.7194 0.5981
vn -0.3373 -0.7195 0.6071
vn -0.3049 -0.7196 0.6239
vn -0.2884 -0.7196 0.6317
vn -0.3841 -0.7194 0.5788
vn -0.3993 -0.7193 0.5685
vn -0.2463 -0.7197 0.6491
vn -0.2462 -0.7198 0.6491
vn 0.0265 -0.9888 -0.1472
vn 0.0230 -0.9955 -0.0915
vn 0.2127 -0.0917 -0.9728
vn 0.2885 -0.0921 -0.9530
vn 0.1359 -0.0912 -0.9865
vn 0.0091 -0.9955 -0.0943
vn 0.0582 -0.0909 -0.9942
vn 0.0039 -0.9887 -0.1498
vn -0.0189 -0.9887 -0.1490
vn -0.0049 -0.9955 -0.0950
vn -0.0980 -0.0904 -0.9911
vn -0.0201 -0.0906 -0.9957
vn -0.1755 -0.0905 -0.9803
vn -0.0189 -0.9955 -0.0932
vn -0.2518 -0.0903 -0.9636
vn -0.0412 -0.9887 -0.1444
vn -0.0626 -0.9887 -0.1365
vn -0.0327 -0.9955 -0.0895
vn -0.3993 -0.0906 -0.9123
vn -0.3265 -0.0903 -0.9409
vn -0.4697 -0.0908 -0.8782
vn -0.0453 -0.9955 -0.0833
vn -0.5370 -0.0910 -0.8386
vn -0.0822 -0.9887 -0.1252
vn -0.1001 -0.9888 -0.1109
vn -0.0570 -0.9955 -0.0755
vn -0.6615 -0.0918 -0.7443
vn -0.6011 -0.0912 -0.7940
vn -0.7178 -0.0921 -0.6901
vn -0.0675 -0.9956 -0.0656
vn -0.7685 -0.1195 -0.6286
vn -0.0875 -0.9934 -0.0739
vn -0.8602 -0.0940 -0.5013
vn -0.1262 -0.9890 -0.0775
vn -0.8182 -0.0933 -0.5673
vn -0.0759 -0.9956 -0.0545
vn -0.0819 -0.9957 -0.0435
vn -0.8968 -0.0948 -0.4322
vn -0.1359 -0.9891 -0.0570
vn -0.9278 -0.0957 -0.3605
vn -0.9727 -0.0974 -0.2109
vn -0.1422 -0.9892 -0.0353
vn -0.9532 -0.0965 -0.2866
vn -0.0872 -0.9958 -0.0287
vn -0.0894 -0.9959 -0.0167
vn -0.9861 -0.0984 -0.1339
vn -0.1449 -0.9894 -0.0129
vn -0.9935 -0.0995 -0.0561
vn -0.9898 -0.1018 0.1000
vn -0.1444 -0.9895 0.0097
vn -0.9947 -0.1006 0.0220
vn -0.0898 -0.9960 -0.0008
vn -0.0882 -0.9960 0.0111
vn -0.9787 -0.1031 0.1773
vn -0.1401 -0.9896 0.0318
vn -0.9617 -0.1042 0.2535
vn -0.9099 -0.1067 0.4008
vn -0.1322 -0.9898 0.0531
vn -0.9387 -0.1055 0.3282
vn -0.0836 -0.9962 0.0261
vn -0.0785 -0.9962 0.0368
vn -0.8755 -0.1080 0.4710
vn -0.1215 -0.9899 0.0727
vn -0.8357 -0.1094 0.5382
vn -0.7410 -0.1120 0.6621
vn -0.1077 -0.9901 0.0903
vn -0.7908 -0.1106 0.6020
vn -0.0697 -0.9963 0.0498
vn -0.0614 -0.9964 0.0585
vn -0.6866 -0.1132 0.7182
vn -0.0914 -0.9902 0.1058
vn -0.6280 -0.1144 0.7698
vn -0.4996 -0.1167 0.8584
vn -0.0728 -0.9903 0.1183
vn -0.5656 -0.1157 0.8166
vn -0.0493 -0.9965 0.0677
vn -0.0388 -0.9965 0.0735
vn -0.4306 -0.1179 0.8948
vn -0.0623 -0.9855 0.1580
vn -0.3622 -0.0828 0.9284
vn -0.0283 -0.9905 0.1348
vn -0.0245 -0.9966 0.0788
vn -0.2128 -0.1206 0.9696
vn -0.2882 -0.1196 0.9501
vn -0.1360 -0.1212 0.9833
vn -0.0112 -0.9966 0.0812
vn -0.0583 -0.1218 0.9908
vn -0.0061 -0.9905 0.1372
vn 0.0162 -0.9906 0.1362
vn 0.0024 -0.9966 0.0818
vn 0.0975 -0.1225 0.9877
vn 0.0197 -0.1222 0.9923
vn 0.1747 -0.1228 0.9769
vn 0.0159 -0.9967 0.0800
vn 0.2509 -0.1229 0.9602
vn 0.0380 -0.9906 0.1317
vn 0.0590 -0.9905 0.1239
vn 0.0291 -0.9967 0.0762
vn 0.3982 -0.1224 0.9091
vn 0.3255 -0.1227 0.9376
vn 0.4683 -0.1223 0.8751
vn 0.0414 -0.9966 0.0706
vn 0.5356 -0.1217 0.8357
vn 0.0783 -0.9905 0.1131
vn 0.0957 -0.9905 0.0991
vn 0.0527 -0.9966 0.0631
vn 0.6599 -0.1205 0.7416
vn 0.5996 -0.1212 0.7911
vn 0.7162 -0.1196 0.6876
vn 0.0628 -0.9966 0.0539
vn 0.7680 -0.1188 0.6293
vn 0.1110 -0.9904 0.0829
vn 0.1235 -0.9903 0.0642
vn 0.0713 -0.9965 0.0432
vn 0.8573 -0.1166 0.5014
vn 0.8151 -0.1178 0.5672
vn 0.8941 -0.1156 0.4327
vn 0.0783 -0.9964 0.0314
vn 0.9254 -0.1144 0.3613
vn 0.1329 -0.9902 0.0440
vn 0.1392 -0.9900 0.0225
vn 0.0831 -0.9964 0.0186
vn 0.9708 -0.1119 0.2121
vn 0.9511 -0.1131 0.2876
vn 0.9846 -0.1105 0.1352
vn 0.0859 -0.9963 0.0052
vn 0.9924 -0.1092 0.0575
vn 0.1419 -0.9899 0.0002
vn 0.1412 -0.9897 -0.0223
vn 0.0868 -0.9962 -0.0085
vn 0.9894 -0.1067 -0.0984
vn 0.9939 -0.1080 -0.0204
vn 0.9788 -0.1053 -0.1758
vn 0.0853 -0.9961 -0.0223
vn 0.9621 -0.1042 -0.2520
vn 0.1369 -0.9896 -0.0444
vn 0.1293 -0.9894 -0.0657
vn 0.0819 -0.9960 -0.0357
vn 0.9110 -0.1016 -0.3996
vn 0.9395 -0.1030 -0.3268
vn 0.8770 -0.1006 -0.4698
vn 0.0762 -0.9959 -0.0486
vn 0.8376 -0.0994 -0.5372
vn 0.1184 -0.9893 -0.0856
vn 0.1044 -0.9892 -0.1033
vn 0.0685 -0.9958 -0.0602
vn 0.7434 -0.0974 -0.6617
vn 0.7930 -0.0983 -0.6013
vn 0.6893 -0.0964 -0.7181
vn 0.0592 -0.9957 -0.0707
vn 0.6309 -0.0954 -0.7700
vn 0.0878 -0.9890 -0.1188
vn 0.0691 -0.9889 -0.1315
vn 0.0483 -0.9957 -0.0794
vn 0.5028 -0.0939 -0.8593
vn 0.5685 -0.0948 -0.8172
vn 0.4339 -0.0932 -0.8961
vn 0.0362 -0.9956 -0.0864
vn 0.3623 -0.0928 -0.9274
vn 0.0485 -0.9888 -0.1411
vn -0.1942 -0.7152 -0.6714
vn 0.2509 -0.1228 0.9602
vn -0.0267 0.9994 -0.0223
vn -0.0254 0.9994 -0.0242
vn -0.0304 0.9994 -0.0134
vn -0.0298 0.9994 -0.0157
vn -0.0310 0.9995 -0.0040
vn -0.0311 0.9995 -0.0063
vn -0.0022 0.9993 -0.0363
vn 0.0002 0.9993 -0.0362
vn -0.0119 0.9993 -0.0344
vn -0.0095 0.9993 -0.0352
vn 0.0026 0.9994 -0.0359
vn 0.0051 0.9994 -0.0355
vn -0.0071 0.9993 -0.0357
vn -0.0047 0.9993 -0.0361
vn -0.0163 0.9993 -0.0323
vn -0.0184 0.9993 -0.0310
vn -0.0142 0.9993 -0.0335
vn -0.0239 0.9994 -0.0262
vn -0.0222 0.9994 -0.0279
vn -0.0289 0.9994 -0.0180
vn -0.0279 0.9994 -0.0201
vn -0.0311 0.9995 -0.0087
vn -0.0308 0.9995 -0.0110
vn -0.0302 0.9995 0.0006
vn -0.0295 0.9996 0.0029
vn -0.0307 0.9995 -0.0016
vn -0.0265 0.9996 0.0090
vn -0.0252 0.9996 0.0109
vn -0.0276 0.9996 0.0071
vn -0.0206 0.9997 0.0157
vn -0.0188 0.9997 0.0171
vn -0.0222 0.9997 0.0143
vn -0.0130 0.9997 0.0203
vn -0.0110 0.9997 0.0210
vn -0.0150 0.9997 0.0194
vn -0.0046 0.9997 0.0224
vn -0.0024 0.9997 0.0225
vn -0.0067 0.9997 0.0221
vn 0.0040 0.9998 0.0220
vn 0.0062 0.9998 0.0215
vn 0.0018 0.9997 0.0223
vn 0.0121 0.9997 0.0191
vn 0.0139 0.9997 0.0180
vn 0.0101 0.9997 0.0201
vn 0.0191 0.9997 0.0140
vn 0.0205 0.9997 0.0124
vn 0.0174 0.9997 0.0155
vn 0.0243 0.9997 0.0070
vn 0.0253 0.9997 0.0050
vn 0.0232 0.9997 0.0089
vn 0.0273 0.9996 -0.0014
vn 0.0276 0.9996 -0.0036
vn 0.0268 0.9996 0.0008
vn 0.0276 0.9996 -0.0105
vn 0.0272 0.9995 -0.0127
vn 0.0278 0.9996 -0.0082
vn 0.0250 0.9995 -0.0194
vn 0.0239 0.9995 -0.0215
vn 0.0259 0.9995 -0.0172
vn 0.0196 0.9994 -0.0272
vn 0.0179 0.9994 -0.0289
vn 0.0212 0.9995 -0.0254
vn 0.0119 0.9994 -0.0330
vn 0.0097 0.9994 -0.0340
vn 0.0140 0.9994 -0.0317
vn -0.0287 0.9996 0.0049
vn -0.0238 0.9996 0.0126
vn -0.0170 0.9997 0.0183
vn -0.0089 0.9997 0.0216
vn -0.0003 0.9997 0.0225
vn 0.0081 0.9997 0.0208
vn 0.0059 0.9998 0.0215
vn 0.0158 0.9997 0.0168
vn 0.0219 0.9997 0.0107
vn 0.0261 0.9997 0.0029
vn 0.0278 0.9996 -0.0059
vn 0.0266 0.9995 -0.0151
vn 0.0226 0.9995 -0.0235
vn 0.0160 0.9994 -0.0304
vn 0.0074 0.9994 -0.0348
vn -0.0204 0.9994 -0.0296
vn -0.0267 -0.9994 -0.0223
vn -0.0254 -0.9994 -0.0243
vn -0.0304 -0.9994 -0.0134
vn -0.0298 -0.9994 -0.0157
vn -0.0310 -0.9995 -0.0040
vn -0.0311 -0.9995 -0.0063
vn -0.0022 -0.9993 -0.0363
vn 0.0002 -0.9993 -0.0362
vn -0.0119 -0.9993 -0.0344
vn -0.0095 -0.9993 -0.0352
vn 0.0026 -0.9994 -0.0359
vn 0.0051 -0.9994 -0.0355
vn -0.0071 -0.9993 -0.0358
vn -0.0047 -0.9993 -0.0361
vn -0.0163 -0.9993 -0.0324
vn -0.0184 -0.9993 -0.0310
vn -0.0142 -0.9993 -0.0335
vn -0.0239 -0.9994 -0.0262
vn -0.0222 -0.9994 -0.0279
vn -0.0289 -0.9994 -0.0180
vn -0.0280 -0.9994 -0.0201
vn -0.0311 -0.9995 -0.0087
vn -0.0308 -0.9995 -0.0110
vn -0.0302 -0.9995 0.0006
vn -0.0295 -0.9996 0.0029
vn -0.0307 -0.9995 -0.0016
vn -0.0265 -0.9996 0.0090
vn -0.0252 -0.9996 0.0109
vn -0.0276 -0.9996 0.0071
vn -0.0206 -0.9997 0.0157
vn -0.0188 -0.9997 0.0171
vn -0.0222 -0.9997 0.0143
vn -0.0131 -0.9997 0.0203
vn -0.0110 -0.9997 0.0210
vn -0.0150 -0.9997 0.0194
vn -0.0046 -0.9997 0.0224
vn -0.0024 -0.9997 0.0225
vn -0.0067 -0.9997 0.0221
vn 0.0040 -0.9998 0.0220
vn 0.0057 -0.9998 0.0216
vn 0.0018 -0.9997 0.0223
vn 0.0121 -0.9997 0.0191
vn 0.0139 -0.9997 0.0181
vn 0.0101 -0.9997 0.0201
vn 0.0191 -0.9997 0.0140
vn 0.0205 -0.9997 0.0124
vn 0.0174 -0.9997 0.0155
vn 0.0243 -0.9997 0.0070
vn 0.0253 -0.9997 0.0050
vn 0.0232 -0.9997 0.0089
vn 0.0273 -0.9996 -0.0014
vn 0.0276 -0.9996 -0.0036
vn 0.0268 -0.9996 0.0008
vn 0.0275 -0.9996 -0.0105
vn 0.0272 -0.9995 -0.0127
vn 0.0278 -0.9996 -0.0082
vn 0.0250 -0.9995 -0.0194
vn 0.0239 -0.9995 -0.0215
vn 0.0259 -0.9995 -0.0172
vn 0.0196 -0.9994 -0.0272
vn 0.0179 -0.9994 -0.0289
vn 0.0212 -0.9995 -0.0254
vn 0.0119 -0.9994 -0.0330
vn 0.0097 -0.9994 -0.0340
vn 0.0140 -0.9994 -0.0317
vn -0.0287 -0.9996 0.0049
vn -0.0238 -0.9996 0.0126
vn -0.0170 -0.9997 0.0183
vn -0.0089 -0.9997 0.0216
vn -0.0003 -0.9997 0.0225
vn 0.0081 -0.9997 0.0208
vn 0.0062 -0.9998 0.0215
vn 0.0157 -0.9997 0.0168
vn 0.0219 -0.9997 0.0107
vn 0.0261 -0.9997 0.0029
vn 0.0278 -0.9996 -0.0059
vn 0.0266 -0.9995 -0.0151
vn 0.0226 -0.9995 -0.0235
vn 0.0160 -0.9994 -0.0304
vn 0.0074 -0.9994 -0.0348
vn -0.0204 -0.9994 -0.0296
vn -0.2139 -0.0000 0.9768
vn 0.9109 -0.0000 0.4125
vn 0.8999 -0.0000 0.4362
vn 0.9795 -0.0000 -0.2017
vn 0.9161 -0.0000 -0.4010
vn 0.7298 -0.0000 -0.6837
vn 0.4125 -0.0000 -0.9109
vn 0.5054 -0.0000 -0.8629
vn 0.1108 -0.0000 -0.9938
vn 0.1367 -0.0000 -0.9906
vn 0.2140 -0.0000 -0.9768
vn -0.4946 -0.0000 -0.8691
vn -0.7212 -0.0000 -0.6928
vn -0.6646 -0.0000 -0.7472
vn -0.9906 -0.0000 -0.1366
vn -0.9768 -0.0000 -0.2139
vn -0.9794 -0.0000 0.2019
vn -0.9843 -0.0000 0.1763
vn -0.8691 -0.0000 0.4946
vn -0.6737 -0.0000 0.7390
vn -0.6927 -0.0000 0.7212
vn -0.4123 -0.0000 0.9110
vn -0.4361 -0.0000 0.8999
vn 0.8206 -0.0000 0.5716
vn 0.9313 -0.0000 0.3643
vn 0.9998 -0.0000 -0.0199
vn 0.9983 -0.0000 0.0586
vn 0.9675 -0.0000 -0.2527
vn 0.6138 -0.0000 -0.7895
vn 0.2901 -0.0000 -0.9570
vn 0.3643 -0.0000 -0.9313
vn -0.0460 -0.0000 -0.9989
vn -0.2781 -0.0000 -0.9605
vn -0.5395 -0.0000 -0.8420
vn -0.8207 -0.0000 -0.5714
vn -0.9989 -0.0000 0.0462
vn -0.9995 -0.0000 -0.0324
vn -0.9983 -0.0000 -0.0585
vn -0.9447 -0.0000 0.3280
vn -0.7810 -0.0000 0.6245
vn -0.7971 -0.0000 0.6039
vn -0.8276 -0.0000 0.5613
vn -0.5715 -0.0000 0.8206
vn 0.3280 -0.0000 0.9447
vn 0.7484 -0.4973 -0.4389
vn 0.6392 -0.6715 -0.3748
vn 0.3532 -0.9123 -0.2072
vn 0.1768 -0.9788 -0.1036
vn -0.1768 -0.9788 0.1035
vn -0.3533 -0.9123 0.2071
vn -0.6392 -0.6715 0.3749
vn -0.7484 -0.4973 0.4389
vn -0.8576 -0.1077 0.5030
vn -0.8576 0.1076 0.5030
vn -0.7483 0.4973 0.4389
vn -0.6392 0.6715 0.3750
vn -0.3535 0.9122 0.2073
vn -0.1767 0.9788 0.1037
vn -0.3532 0.9123 0.2072
vn -0.1765 0.9788 0.1036
vn 0.1768 0.9788 -0.1036
vn 0.3532 0.9123 -0.2071
vn 0.6392 0.6715 -0.3748
vn 0.7484 0.4973 -0.4388
vn 0.8576 0.1076 -0.5030
vn 0.8576 -0.1076 -0.5030
vn -0.5059 -0.0000 -0.8626
vn 0.5059 -0.0000 0.8626
vn 0.5059 0.0001 0.8626
vn 0.5060 -0.0000 0.8626
vn 0.5059 -0.0001 0.8626
vn 0.4287 -0.4974 -0.7542
vn 0.3660 -0.6715 -0.6443
vn 0.2023 -0.9123 -0.3560
vn 0.1012 -0.9788 -0.1783
vn -0.1012 -0.9788 0.1782
vn -0.2023 -0.9123 0.3560
vn -0.3661 -0.6715 0.6443
vn -0.4286 -0.4974 0.7543
vn -0.4912 -0.1077 0.8644
vn -0.4912 0.1076 0.8644
vn -0.4287 0.4971 0.7544
vn -0.3661 0.6714 0.6443
vn -0.4286 0.4974 0.7543
vn -0.3660 0.6716 0.6442
vn -0.2024 0.9123 0.3560
vn -0.1012 0.9788 0.1781
vn 0.1012 0.9788 -0.1782
vn 0.2022 0.9123 -0.3561
vn 0.3661 0.6715 -0.6443
vn 0.4288 0.4973 -0.7542
vn 0.4912 0.1077 -0.8644
vn 0.4912 -0.1077 -0.8644
vn -0.8694 -0.0000 -0.4940
vn -0.8694 -0.0000 -0.4941
vn 0.8695 -0.0000 0.4940
vn 0.8694 -0.0000 0.4941
vn 0.8694 -0.0000 0.4940
vn -0.0060 -0.4974 -0.8675
vn -0.0051 -0.6715 -0.7410
vn -0.0028 -0.9123 -0.4095
vn -0.0014 -0.9788 -0.2048
vn 0.0014 -0.9788 0.2048
vn 0.0028 -0.9123 0.4094
vn 0.0052 -0.6715 0.7410
vn 0.0060 -0.4973 0.8675
vn 0.0068 -0.1076 0.9942
vn 0.0068 0.1076 0.9942
vn 0.0059 0.4973 0.8675
vn 0.0049 0.6714 0.7410
vn 0.0028 0.9122 0.4097
vn 0.0012 0.9788 0.2049
vn 0.0028 0.9123 0.4095
vn 0.0014 0.9788 0.2047
vn -0.0014 0.9788 -0.2049
vn -0.0027 0.9123 -0.4096
vn -0.0050 0.6714 -0.7410
vn -0.0059 0.4973 -0.8675
vn -0.0068 0.1077 -0.9942
vn -0.0068 -0.1076 -0.9942
vn -1.0000 -0.0000 0.0069
vn -1.0000 -0.0000 0.0068
vn 1.0000 -0.0000 -0.0069
vn 1.0000 -0.0000 -0.0068
vn -0.4390 -0.4974 -0.7483
vn -0.3749 -0.6714 -0.6393
vn -0.2072 -0.9123 -0.3532
vn -0.1037 -0.9788 -0.1767
vn 0.1036 -0.9788 0.1765
vn 0.2072 -0.9123 0.3532
vn 0.1035 -0.9788 0.1769
vn 0.2073 -0.9122 0.3535
vn 0.3749 -0.6715 0.6392
vn 0.4389 -0.4973 0.7484
vn 0.5030 -0.1076 0.8576
vn 0.5030 0.1076 0.8576
vn 0.4389 0.4973 0.7484
vn 0.3749 0.6714 0.6392
vn 0.2072 0.9123 0.3531
vn 0.1036 0.9788 0.1768
vn -0.1037 0.9788 -0.1768
vn -0.2071 0.9123 -0.3533
vn -0.3748 0.6715 -0.6393
vn -0.4388 0.4974 -0.7484
vn -0.5030 0.1075 -0.8576
vn -0.5030 -0.1075 -0.8576
vn -0.8626 -0.0000 0.5059
vn 0.8626 -0.0000 -0.5059
vn -0.7543 -0.4974 -0.4286
vn -0.6443 -0.6714 -0.3661
vn -0.3564 -0.9121 -0.2025
vn -0.1782 -0.9788 -0.1013
vn -0.3561 -0.9123 -0.2022
vn -0.1780 -0.9788 -0.1011
vn 0.1782 -0.9788 0.1013
vn 0.3560 -0.9123 0.2023
vn 0.6443 -0.6715 0.3661
vn 0.7543 -0.4973 0.4286
vn 0.8644 -0.1076 0.4912
vn 0.8644 0.1076 0.4912
vn 0.7543 0.4974 0.4286
vn 0.6443 0.6715 0.3661
vn 0.3560 0.9123 0.2024
vn 0.1782 0.9788 0.1012
vn -0.1781 0.9788 -0.1013
vn -0.3560 0.9123 -0.2025
vn -0.6443 0.6715 -0.3661
vn -0.7543 0.4973 -0.4286
vn -0.8644 0.1076 -0.4912
vn -0.8644 -0.1077 -0.4912
vn -0.4940 -0.0000 0.8694
vn -0.4941 -0.0000 0.8694
vn -0.4940 -0.0000 0.8695
vn 0.4940 -0.0000 -0.8694
vn 0.4941 -0.0000 -0.8694
vn -0.8675 -0.4974 0.0059
vn -0.7410 -0.6715 0.0051
vn -0.4095 -0.9123 0.0027
vn -0.2048 -0.9788 0.0014
vn 0.2048 -0.9788 -0.0014
vn 0.4095 -0.9123 -0.0027
vn 0.7410 -0.6715 -0.0050
vn 0.8676 -0.4973 -0.0059
vn 0.9942 -0.1075 -0.0068
vn 0.9942 0.1076 -0.0068
vn 0.8675 0.4974 -0.0059
vn 0.7410 0.6715 -0.0051
vn 0.4095 0.9123 -0.0028
vn 0.2048 0.9788 -0.0014
vn -0.2048 0.9788 0.0014
vn -0.4095 0.9123 0.0028
vn -0.7410 0.6715 0.0050
vn -0.8675 0.4974 0.0060
vn -0.9942 0.1078 0.0068
vn -0.9942 -0.1075 0.0068
vn -0.9942 0.1075 0.0068
vn -0.9942 -0.1078 0.0068
vn 0.0069 -0.0000 1.0000
vn 0.0068 -0.0000 1.0000
vn -0.0069 -0.0000 -1.0000
vn -0.0068 -0.0000 -1.0000
vn -0.6393 -0.6715 0.3748
vn -0.1766 -0.9788 0.1037
vn 0.1765 -0.9788 -0.1036
vn 0.1768 -0.9788 -0.1037
vn 0.3535 -0.9122 -0.2073
vn 0.6393 -0.6714 -0.3748
vn 0.7483 -0.4973 -0.4389
vn 0.8576 -0.1077 -0.5030
vn 0.7484 0.4973 -0.4389
vn 0.6393 0.6714 -0.3749
vn 0.3532 0.9123 -0.2072
vn 0.1767 0.9788 -0.1036
vn -0.1768 0.9788 0.1037
vn -0.3533 0.9123 0.2072
vn -0.6392 0.6715 0.3749
vn -0.7483 0.4974 0.4389
vn -0.8576 0.1075 0.5030
vn -0.8576 -0.1075 0.5030
vn 0.0058 -0.4974 0.8675
vn 0.0051 -0.6715 0.7410
vn 0.0028 -0.9122 0.4098
vn 0.0016 -0.9788 0.2050
vn 0.0028 -0.9123 0.4095
vn 0.0014 -0.9788 0.2047
vn -0.0028 -0.9123 -0.4096
vn -0.0068 -0.1077 -0.9942
vn -0.0068 0.1076 -0.9942
vn -0.0059 0.4974 -0.8675
vn -0.0051 0.6715 -0.7410
vn -0.0029 0.9123 -0.4095
vn -0.0014 0.9788 -0.2048
vn 0.0014 0.9788 0.2049
vn 0.0051 0.6714 0.7410
vn 0.0058 0.4974 0.8675
vn 0.0068 0.1077 0.9942
vn 0.9641 -0.0000 -0.2654
vn -0.9641 -0.0000 0.2654
vn 0.2654 -0.0000 0.9641
vn -0.2654 -0.0000 -0.9641
vn 0.0726 -0.0698 0.9949
vn -0.2384 -0.0697 0.9687
vn 0.0408 -0.7862 0.6167
vn -0.1518 -0.7862 0.5991
vn 0.2295 -0.7861 0.5740
vn 0.3765 -0.0698 0.9238
vn 0.3956 -0.7861 0.4749
vn 0.6436 -0.0698 0.7622
vn 0.5230 -0.7861 0.3294
vn 0.8476 -0.0697 0.5260
vn 0.5992 -0.7861 0.1517
vn 0.9687 -0.0699 0.2383
vn 0.6168 -0.7861 -0.0408
vn 0.9949 -0.0698 -0.0726
vn 0.5739 -0.7861 -0.2293
vn 0.9238 -0.0699 -0.3765
vn 0.4750 -0.7861 -0.3956
vn 0.7622 -0.0699 -0.6436
vn 0.3295 -0.7861 -0.5230
vn 0.5260 -0.0698 -0.8476
vn 0.1518 -0.7861 -0.5992
vn 0.2384 -0.0698 -0.9687
vn -0.0408 -0.7861 -0.6168
vn -0.0726 -0.0699 -0.9949
vn -0.2295 -0.7861 -0.5740
vn -0.3765 -0.0698 -0.9238
vn -0.3956 -0.7860 -0.4750
vn -0.6436 -0.0698 -0.7622
vn -0.5229 -0.7862 -0.3294
vn -0.8476 -0.0698 -0.5261
vn -0.5992 -0.7861 -0.1518
vn -0.9687 -0.0698 -0.2384
vn -0.6167 -0.7861 0.0408
vn -0.9949 -0.0698 0.0726
vn -0.5739 -0.7861 0.2293
vn -0.9238 -0.0699 0.3765
vn -0.4749 -0.7861 0.3956
vn -0.7622 -0.0698 0.6436
vn -0.3295 -0.7861 0.5230
vn -0.5260 -0.0698 0.8476
vn 0.0117 -0.9995 0.0300
vn 0.0204 -0.9995 0.0248
vn 0.2579 -0.8348 0.4865
vn 0.3956 -0.8348 0.3830
vn 0.0950 -0.8348 0.5424
vn 0.0018 -0.9995 0.0322
vn -0.0773 -0.8348 0.5451
vn -0.0082 -0.9995 0.0312
vn 0.0270 -0.9995 0.0174
vn 0.4946 -0.8348 0.2420
vn 0.0311 -0.9995 0.0082
vn 0.5452 -0.8348 0.0773
vn 0.0321 -0.9995 -0.0019
vn 0.5424 -0.8348 -0.0949
vn 0.0299 -0.9995 -0.0117
vn 0.4865 -0.8348 -0.2579
vn 0.0249 -0.9995 -0.0204
vn 0.3830 -0.8347 -0.3957
vn 0.0173 -0.9995 -0.0271
vn 0.2420 -0.8348 -0.4946
vn 0.0081 -0.9995 -0.0311
vn 0.0774 -0.8347 -0.5452
vn -0.0018 -0.9995 -0.0322
vn -0.0950 -0.8347 -0.5424
vn -0.0117 -0.9995 -0.0300
vn -0.2579 -0.8348 -0.4865
vn -0.0203 -0.9995 -0.0249
vn -0.3956 -0.8348 -0.3830
vn -0.0271 -0.9995 -0.0174
vn -0.4946 -0.8348 -0.2420
vn -0.0312 -0.9995 -0.0081
vn -0.5452 -0.8347 -0.0773
vn -0.0322 -0.9995 0.0018
vn -0.5423 -0.8348 0.0949
vn -0.0299 -0.9995 0.0117
vn -0.4865 -0.8348 0.2579
vn -0.0249 -0.9995 0.0204
vn -0.3830 -0.8348 0.3955
vn -0.0173 -0.9995 0.0270
vn -0.2420 -0.8348 0.4946
vn 0.7121 -0.0000 0.7020
vn -0.7121 -0.0000 -0.7020
vn -0.9888 -0.0000 -0.1494
vn -0.4476 -0.0000 0.8942
vn -0.0049 -0.9996 -0.0292
vn 0.0045 -0.9996 -0.0292
vn -0.0404 -0.7110 -0.7020
vn 0.1785 -0.7109 -0.6802
vn -0.3625 -0.1018 -0.9264
vn -0.0136 -0.9996 -0.0264
vn 0.0132 -0.9996 -0.0264
vn 0.5365 -0.1020 -0.8377
vn -0.6309 -0.1019 -0.7692
vn -0.0210 -0.9996 -0.0208
vn -0.5917 -0.7111 -0.3798
vn -0.0264 -0.9996 -0.0132
vn -0.6801 -0.7111 -0.1784
vn -0.0293 -0.9996 -0.0044
vn -0.9931 -0.1020 0.0584
vn -0.0291 -0.9996 0.0048
vn -0.9265 -0.1018 0.3623
vn -0.0263 -0.9996 0.0135
vn -0.7690 -0.1020 0.6310
vn -0.4943 -0.7109 0.5003
vn -0.5365 -0.1019 0.8377
vn -0.3155 -0.7109 0.6285
vn -0.2514 -0.1019 0.9625
vn -0.1059 -0.7110 0.6952
vn 0.0583 -0.1018 0.9931
vn 0.1142 -0.7110 0.6939
vn 0.3625 -0.1019 0.9264
vn 0.3230 -0.7109 0.6247
vn 0.6310 -0.1018 0.7691
vn 0.5003 -0.7109 0.4943
vn 0.8378 -0.1018 0.5365
vn 0.6285 -0.7109 0.3155
vn 0.9625 -0.1018 0.2513
vn 0.6953 -0.7109 0.1059
vn 0.9931 -0.1018 -0.0584
vn 0.6940 -0.7109 -0.1141
vn 0.9264 -0.1018 -0.3624
vn 0.6247 -0.7110 -0.3230
vn 0.7691 -0.1018 -0.6310
vn 0.0207 -0.9996 -0.0211
vn -0.1635 -0.0000 -0.9865
vn -0.8422 -0.0000 -0.5391
vn -0.9865 -0.0000 0.1635
vn -0.7019 -0.0000 0.7123
vn -0.4476 -0.0000 0.8943
vn -0.1494 -0.0000 0.9888
vn 0.1637 -0.0000 0.9865
vn 0.9865 -0.0000 -0.1635
vn -0.1790 -0.7109 0.6801
vn 0.0399 -0.7109 0.7022
vn -0.1486 -0.1088 0.9829
vn 0.1624 -0.1089 0.9807
vn -0.4451 -0.1089 0.8888
vn -0.3804 -0.7109 0.5915
vn 0.2550 -0.7109 0.6555
vn 0.4575 -0.1088 0.8825
vn 0.4450 -0.7109 0.5446
vn 0.7078 -0.1090 0.6980
vn 0.5915 -0.7109 0.3804
vn 0.8888 -0.1089 0.4451
vn 0.6801 -0.7109 0.1790
vn 0.9829 -0.1088 0.1487
vn 0.7022 -0.7109 -0.0399
vn 0.9807 -0.1088 -0.1622
vn 0.0770 -0.9966 -0.0300
vn 0.6248 -0.7111 -0.3225
vn 0.0640 -0.9966 -0.0524
vn 0.6979 -0.1089 -0.7079
vn 0.0446 -0.9966 -0.0695
vn 0.4451 -0.1088 -0.8888
vn 0.0210 -0.9966 -0.0799
vn 0.1487 -0.1088 -0.9829
vn -0.0047 -0.9966 -0.0825
vn -0.1625 -0.1088 -0.9807
vn -0.2551 -0.7109 -0.6554
vn -0.4575 -0.1088 -0.8825
vn -0.4451 -0.7108 -0.5446
vn -0.7078 -0.1089 -0.6980
vn -0.5915 -0.7109 -0.3805
vn -0.8889 -0.1088 -0.4450
vn -0.6802 -0.7109 -0.1790
vn -0.9829 -0.1089 -0.1487
vn -0.7022 -0.7109 0.0399
vn -0.9807 -0.1089 0.1624
vn -0.6555 -0.7109 0.2550
vn -0.8825 -0.1089 0.4574
vn -0.5446 -0.7109 0.4450
vn -0.6980 -0.1088 0.7078
vn 0.0589 -0.0000 0.9983
vn -0.2524 -0.0000 0.9676
vn 0.8422 -0.0000 0.5391
vn 0.9676 -0.0000 0.2524
vn 0.9983 -0.0000 -0.0589
vn 0.9313 -0.0000 -0.3643
vn 0.5391 -0.0000 -0.8422
vn 0.2527 -0.0000 -0.9676
vn -0.9983 -0.0000 0.0587
vn -0.9312 -0.0000 0.3645
vn -0.7731 -0.0000 0.6343
vn -0.5403 -0.0000 0.8415
vn -0.6047 -0.0000 0.7965
vn -0.6653 -0.0000 0.7465
vn -0.7217 -0.0000 0.6922
vn -0.7739 -0.0000 0.6333
vn -0.8212 -0.0000 0.5707
vn -0.8635 -0.0000 0.5044
vn -0.9003 -0.0001 0.4353
vn -0.9003 -0.0001 0.4352
vn -0.9003 -0.0000 0.4352
vn -0.9317 -0.0000 0.3632
vn -0.9573 -0.0000 0.2890
vn -0.9771 -0.0000 0.2130
vn -0.9908 -0.0000 0.1357
vn -0.9983 -0.0000 0.0576
vn -0.9983 -0.0000 0.0575
vn -0.9983 0.0003 0.0575
vn -0.9983 0.0002 0.0575
vn -0.9998 -0.0000 -0.0210
vn -0.9951 -0.0000 -0.0994
vn -0.9842 -0.0000 -0.1771
vn -0.9672 -0.0000 -0.2538
vn -0.9443 -0.0000 -0.3289
vn -0.9156 -0.0000 -0.4021
vn -0.8813 -0.0000 -0.4726
vn -0.8415 -0.0000 -0.5403
vn -0.7965 -0.0000 -0.6047
vn -0.7466 -0.0000 -0.6653
vn -0.6921 -0.0000 -0.7218
vn -0.6333 -0.0000 -0.7739
vn -0.5706 -0.0000 -0.8212
vn -0.5044 -0.0000 -0.8634
vn -0.5045 -0.0000 -0.8634
vn -0.4353 -0.0000 -0.9003
vn -0.3632 -0.0000 -0.9317
vn -0.2890 -0.0000 -0.9573
vn -0.2890 0.0001 -0.9573
vn -0.2130 -0.0000 -0.9770
vn -0.1357 -0.0000 -0.9908
vn -0.0575 -0.0000 -0.9983
vn 0.0210 -0.0000 -0.9998
vn 0.0994 -0.0000 -0.9951
vn 0.1772 -0.0000 -0.9842
vn 0.2538 -0.0000 -0.9673
vn 0.3290 -0.0000 -0.9443
vn 0.3289 -0.0000 -0.9444
vn 0.3289 -0.0000 -0.9443
vn 0.4020 -0.0000 -0.9157
vn 0.4726 -0.0000 -0.8813
vn 0.5403 -0.0000 -0.8415
vn 0.6046 -0.0000 -0.7965
vn 0.6653 -0.0000 -0.7466
vn 0.7218 -0.0000 -0.6921
vn 0.7218 0.0002 -0.6921
vn 0.7218 0.0001 -0.6921
vn 0.7739 -0.0000 -0.6333
vn 0.8212 -0.0000 -0.5706
vn 0.8634 -0.0000 -0.5045
vn 0.9003 -0.0000 -0.4352
vn 0.9317 -0.0000 -0.3631
vn 0.9573 -0.0000 -0.2892
vn 0.9574 -0.0000 -0.2889
vn 0.9770 -0.0000 -0.2130
vn 0.9908 -0.0000 -0.1357
vn 0.9983 -0.0000 -0.0575
vn 0.9998 -0.0000 0.0210
vn 0.9951 -0.0000 0.0994
vn 0.9842 -0.0000 0.1771
vn 0.9672 -0.0000 0.2538
vn 0.9444 -0.0000 0.3289
vn 0.9156 -0.0000 0.4021
vn 0.8813 -0.0000 0.4726
vn 0.8415 -0.0000 0.5402
vn 0.8415 0.0002 0.5402
vn 0.8415 0.0001 0.5403
vn 0.7965 -0.0000 0.6047
vn 0.7466 -0.0000 0.6653
vn 0.6921 -0.0000 0.7218
vn 0.6332 -0.0000 0.7740
vn 0.5707 -0.0000 0.8212
vn 0.5044 -0.0000 0.8635
vn 0.4352 -0.0002 0.9003
vn 0.4351 -0.0001 0.9004
vn 0.4351 -0.0000 0.9004
vn 0.3632 -0.0000 0.9317
vn 0.2891 -0.0000 0.9573
vn 0.2890 -0.0000 0.9573
vn 0.2130 -0.0000 0.9771
vn 0.1357 -0.0000 0.9908
vn 0.0575 -0.0000 0.9983
vn -0.0209 -0.0000 0.9998
vn -0.0995 -0.0000 0.9950
vn -0.1771 -0.0000 0.9842
vn -0.2538 -0.0000 0.9673
vn -0.3290 -0.0000 0.9443
vn -0.3289 -0.0000 0.9443
vn -0.4020 -0.0000 0.9156
vn -0.4726 -0.0000 0.8813
vn -0.9882 -0.0000 -0.1531
vn 0.5504 -0.0000 0.8349
vn -0.9732 -0.0000 -0.2301
vn 0.4832 -0.0000 0.8755
vn -0.9521 -0.0000 -0.3058
vn 0.4131 -0.0000 0.9107
vn -0.9252 -0.0000 -0.3795
vn 0.3403 -0.0000 0.9403
vn -0.8926 -0.0000 -0.4509
vn -0.8925 -0.0000 -0.4509
vn 0.2655 -0.0000 0.9641
vn -0.8544 -0.0000 -0.5196
vn 0.1891 -0.0000 0.9820
vn -0.8110 -0.0000 -0.5850
vn 0.1114 -0.0000 0.9938
vn -0.7626 -0.0000 -0.6469
vn 0.0331 -0.0000 0.9995
vn 0.0331 -0.0002 0.9995
vn 0.0331 -0.0004 0.9995
vn -0.7095 -0.0000 -0.7047
vn -0.0454 -0.0000 0.9990
vn -0.6521 -0.0000 -0.7582
vn -0.1236 -0.0000 0.9923
vn -0.5905 -0.0000 -0.8070
vn -0.5906 -0.0000 -0.8070
vn -0.2011 -0.0000 0.9796
vn -0.5254 -0.0000 -0.8509
vn -0.2773 -0.0000 0.9608
vn -0.4570 -0.0000 -0.8895
vn -0.4570 0.0005 -0.8895
vn -0.4570 0.0002 -0.8894
vn -0.3519 -0.0000 0.9360
vn -0.3858 -0.0000 -0.9226
vn -0.4242 -0.0000 0.9056
vn -0.3123 -0.0000 -0.9500
vn -0.2368 -0.0000 -0.9716
vn -0.5607 -0.0000 0.8280
vn -0.1598 -0.0000 -0.9871
vn -0.6239 -0.0000 0.7815
vn -0.0819 -0.0000 -0.9966
vn -0.6833 -0.0000 0.7301
vn -0.6833 -0.0000 0.7302
vn -0.0034 -0.0000 -1.0000
vn -0.7385 -0.0000 0.6743
vn 0.0750 -0.0000 -0.9972
vn -0.7891 -0.0000 0.6143
vn 0.1530 -0.0000 -0.9882
vn -0.8349 -0.0000 0.5505
vn 0.2301 -0.0000 -0.9732
vn -0.8755 -0.0000 0.4833
vn 0.3058 -0.0000 -0.9521
vn -0.9107 -0.0000 0.4131
vn 0.3795 -0.0000 -0.9252
vn -0.9403 -0.0000 0.3403
vn 0.4509 -0.0000 -0.8926
vn 0.4510 -0.0000 -0.8925
vn 0.4509 -0.0000 -0.8925
vn -0.9641 -0.0000 0.2655
vn 0.5196 -0.0000 -0.8544
vn -0.9820 -0.0000 0.1891
vn 0.5850 -0.0000 -0.8110
vn -0.9938 -0.0000 0.1114
vn 0.6469 -0.0000 -0.7626
vn -0.9995 -0.0000 0.0331
vn 0.7047 -0.0000 -0.7095
vn -0.9990 -0.0000 -0.0454
vn 0.7582 -0.0000 -0.6521
vn 0.7582 -0.0003 -0.6520
vn 0.7582 -0.0000 -0.6520
vn 0.7582 -0.0001 -0.6520
vn -0.9923 -0.0000 -0.1236
vn 0.8070 -0.0000 -0.5905
vn -0.9796 -0.0000 -0.2011
vn 0.8509 -0.0000 -0.5254
vn -0.9608 -0.0000 -0.2774
vn 0.8895 -0.0000 -0.4570
vn -0.9361 -0.0000 -0.3518
vn 0.9226 -0.0000 -0.3859
vn -0.9055 -0.0000 -0.4243
vn -0.9055 -0.0000 -0.4242
vn 0.9500 -0.0000 -0.3123
vn -0.8695 -0.0000 -0.4940
vn 0.9716 -0.0000 -0.2368
vn -0.8280 -0.0000 -0.5607
vn 0.9871 -0.0000 -0.1598
vn -0.7815 -0.0000 -0.6239
vn 0.9966 -0.0000 -0.0819
vn -0.7301 -0.0000 -0.6833
vn 1.0000 -0.0000 -0.0034
vn -0.6743 -0.0000 -0.7385
vn 0.9972 -0.0000 0.0750
vn -0.6143 -0.0000 -0.7891
vn 0.9882 -0.0000 0.1531
vn -0.5504 -0.0000 -0.8349
vn 0.9732 -0.0000 0.2302
vn -0.4832 -0.0000 -0.8755
vn 0.9521 -0.0000 0.3058
vn -0.4130 -0.0000 -0.9107
vn -0.4131 -0.0000 -0.9107
vn 0.9252 -0.0000 0.3796
vn 0.9252 0.0003 0.3795
vn 0.9252 0.0002 0.3795
vn -0.3403 -0.0000 -0.9403
vn 0.8926 -0.0000 0.4509
vn -0.2655 -0.0000 -0.9641
vn 0.8544 -0.0000 0.5196
vn -0.1891 -0.0000 -0.9820
vn 0.8110 -0.0000 0.5850
vn -0.1114 -0.0000 -0.9938
vn 0.7626 -0.0000 0.6468
vn -0.0331 -0.0000 -0.9995
vn 0.7095 -0.0000 0.7047
vn 0.0454 -0.0000 -0.9990
vn 0.6521 -0.0000 0.7582
vn 0.1236 -0.0000 -0.9923
vn 0.5905 -0.0000 0.8070
vn 0.5906 -0.0000 0.8070
vn 0.2011 -0.0000 -0.9796
vn 0.5254 -0.0000 0.8509
vn 0.2774 -0.0000 -0.9608
vn 0.4570 -0.0000 0.8894
vn 0.3519 -0.0000 -0.9361
vn 0.3858 -0.0000 0.9226
vn 0.4242 -0.0000 -0.9056
vn 0.3123 -0.0000 0.9500
vn 0.4940 -0.0000 -0.8695
vn 0.2368 -0.0000 0.9716
vn 0.5606 -0.0000 -0.8281
vn 0.1598 -0.0000 0.9871
vn 0.1599 -0.0000 0.9871
vn 0.6239 -0.0000 -0.7815
vn 0.0819 -0.0000 0.9966
vn 0.6833 -0.0000 -0.7301
vn 0.0034 -0.0000 1.0000
vn 0.7385 -0.0000 -0.6743
vn -0.0751 -0.0000 0.9972
vn 0.7891 -0.0000 -0.6143
vn -0.1531 -0.0000 0.9882
vn -0.1531 -0.0001 0.9882
vn 0.8349 -0.0000 -0.5504
vn -0.2301 -0.0000 0.9732
vn 0.8755 -0.0000 -0.4833
vn -0.3058 -0.0000 0.9521
vn 0.9107 -0.0000 -0.4131
vn -0.3795 -0.0000 0.9252
vn 0.9403 -0.0000 -0.3404
vn -0.4509 -0.0000 0.8926
vn -0.4509 -0.0000 0.8925
vn 0.9641 -0.0000 -0.2655
vn -0.5196 -0.0000 0.8544
vn 0.9820 -0.0000 -0.1891
vn -0.5850 -0.0000 0.8110
vn 0.9938 -0.0000 -0.1114
vn -0.6469 -0.0000 0.7626
vn 0.9995 -0.0000 -0.0331
vn 0.9995 -0.0002 -0.0331
vn 0.9995 -0.0004 -0.0331
vn -0.7047 -0.0000 0.7095
vn 0.9990 -0.0000 0.0454
vn -0.7582 -0.0000 0.6520
vn 0.9923 -0.0000 0.1236
vn -0.8070 0.0003 0.5905
vn -0.8070 -0.0000 0.5905
vn -0.8070 0.0001 0.5905
vn 0.9796 -0.0000 0.2011
vn -0.8508 -0.0000 0.5254
vn 0.9608 -0.0002 0.2774
vn 0.9608 -0.0000 0.2773
vn 0.9608 0.0001 0.2773
vn -0.8895 -0.0000 0.4570
vn 0.9360 -0.0000 0.3519
vn -0.9226 -0.0000 0.3858
vn 0.9055 -0.0000 0.4243
vn 0.9055 -0.0000 0.4242
vn -0.9500 -0.0000 0.3122
vn -0.9716 -0.0000 0.2368
vn 0.8280 -0.0000 0.5607
vn -0.9871 -0.0000 0.1598
vn 0.7815 -0.0000 0.6239
vn -0.9966 -0.0000 0.0819
vn 0.7301 -0.0000 0.6833
vn -1.0000 -0.0000 0.0034
vn 0.6743 -0.0000 0.7385
vn -0.9972 -0.0000 -0.0751
vn 0.6142 -0.0000 0.7891
vn -0.2533 -0.0638 0.9653
vn -0.1829 -0.6932 0.6971
vn -0.2483 -0.2075 0.9462
vn -0.1829 -0.6933 0.6971
vn -0.0992 -0.0637 0.9930
vn -0.0716 -0.6933 0.7171
vn -0.0972 -0.2076 0.9734
vn -0.0716 -0.6932 0.7171
vn 0.0574 -0.0637 0.9963
vn 0.0414 -0.6933 0.7195
vn 0.0563 -0.2077 0.9766
vn 0.2126 -0.0637 0.9751
vn 0.1535 -0.6933 0.7041
vn 0.2083 -0.2075 0.9558
vn 0.1535 -0.6933 0.7042
vn 0.3625 -0.0639 0.9298
vn 0.2617 -0.6933 0.6714
vn 0.3554 -0.2075 0.9114
vn 0.2617 -0.6933 0.6715
vn 0.5034 -0.0637 0.8617
vn 0.3635 -0.6933 0.6223
vn 0.4935 -0.2076 0.8446
vn 0.3635 -0.6933 0.6222
vn 0.6320 -0.0638 0.7723
vn 0.4564 -0.6932 0.5577
vn 0.6196 -0.2076 0.7570
vn 0.4564 -0.6933 0.5577
vn 0.7451 -0.0638 0.6639
vn 0.5381 -0.6933 0.4795
vn 0.7303 -0.2076 0.6508
vn 0.5381 -0.6933 0.4794
vn 0.8398 -0.0638 0.5392
vn 0.6064 -0.6933 0.3893
vn 0.8232 -0.2077 0.5284
vn 0.6065 -0.6932 0.3894
vn 0.9138 -0.0637 0.4012
vn 0.6599 -0.6933 0.2897
vn 0.8957 -0.2077 0.3932
vn 0.6598 -0.6933 0.2897
vn 0.9653 -0.0638 0.2533
vn 0.6970 -0.6933 0.1829
vn 0.9462 -0.2075 0.2483
vn 0.6971 -0.6933 0.1829
vn 0.9930 -0.0639 0.0992
vn 0.7171 -0.6933 0.0716
vn 0.9734 -0.2077 0.0972
vn 0.9963 -0.0637 -0.0574
vn 0.7195 -0.6933 -0.0414
vn 0.9766 -0.2075 -0.0563
vn 0.9751 -0.0637 -0.2126
vn 0.7041 -0.6933 -0.1535
vn 0.9557 -0.2077 -0.2084
vn 0.9298 -0.0637 -0.3625
vn 0.6715 -0.6933 -0.2618
vn 0.9114 -0.2075 -0.3554
vn 0.6714 -0.6933 -0.2617
vn 0.8617 -0.0637 -0.5035
vn 0.6222 -0.6933 -0.3636
vn 0.8446 -0.2077 -0.4935
vn 0.6223 -0.6933 -0.3636
vn 0.7723 -0.0638 -0.6320
vn 0.5577 -0.6933 -0.4564
vn 0.7570 -0.2076 -0.6196
vn 0.6639 -0.0637 -0.7451
vn 0.4795 -0.6932 -0.5381
vn 0.6508 -0.2075 -0.7304
vn 0.5392 -0.0637 -0.8398
vn 0.3894 -0.6933 -0.6064
vn 0.5285 -0.2076 -0.8232
vn 0.4012 -0.0637 -0.9138
vn 0.2897 -0.6933 -0.6599
vn 0.3932 -0.2077 -0.8957
vn 0.2533 -0.0637 -0.9653
vn 0.1829 -0.6932 -0.6971
vn 0.2483 -0.2075 -0.9462
vn 0.1829 -0.6933 -0.6971
vn 0.0992 -0.0637 -0.9930
vn 0.0716 -0.6933 -0.7171
vn 0.0972 -0.2075 -0.9734
vn -0.0574 -0.0638 -0.9963
vn -0.0414 -0.6933 -0.7195
vn -0.0563 -0.2075 -0.9766
vn -0.2125 -0.0638 -0.9751
vn -0.1535 -0.6932 -0.7042
vn -0.2083 -0.2076 -0.9558
vn -0.1535 -0.6933 -0.7041
vn -0.3624 -0.0637 -0.9298
vn -0.2618 -0.6932 -0.6715
vn -0.3553 -0.2076 -0.9114
vn -0.2617 -0.6933 -0.6714
vn -0.5034 -0.0638 -0.8617
vn -0.3636 -0.6933 -0.6223
vn -0.4935 -0.2077 -0.8446
vn -0.3636 -0.6932 -0.6223
vn -0.6321 -0.0636 -0.7723
vn -0.4565 -0.6932 -0.5577
vn -0.6196 -0.2075 -0.7570
vn -0.4565 -0.6933 -0.5577
vn -0.7451 -0.0637 -0.6639
vn -0.5381 -0.6932 -0.4795
vn -0.7304 -0.2075 -0.6507
vn -0.8398 -0.0637 -0.5392
vn -0.6065 -0.6933 -0.3894
vn -0.8232 -0.2076 -0.5285
vn -0.6065 -0.6932 -0.3894
vn -0.9138 -0.0637 -0.4012
vn -0.6599 -0.6933 -0.2897
vn -0.8957 -0.2075 -0.3933
vn -0.9653 -0.0637 -0.2533
vn -0.6971 -0.6933 -0.1829
vn -0.9462 -0.2076 -0.2483
vn -0.9930 -0.0637 -0.0992
vn -0.7171 -0.6933 -0.0716
vn -0.9734 -0.2076 -0.0972
vn -0.9963 -0.0637 0.0574
vn -0.7195 -0.6933 0.0414
vn -0.9766 -0.2077 0.0563
vn -0.9751 -0.0637 0.2125
vn -0.7041 -0.6933 0.1535
vn -0.9558 -0.2075 0.2083
vn -0.9298 -0.0637 0.3624
vn -0.6715 -0.6933 0.2617
vn -0.9114 -0.2075 0.3553
vn -0.8617 -0.0637 0.5035
vn -0.6223 -0.6933 0.3636
vn -0.8446 -0.2075 0.4936
vn -0.6223 -0.6932 0.3636
vn -0.7723 -0.0637 0.6321
vn -0.5577 -0.6933 0.4564
vn -0.7570 -0.2076 0.6196
vn -0.6639 -0.0638 0.7451
vn -0.4794 -0.6933 0.5381
vn -0.6508 -0.2075 0.7304
vn -0.4794 -0.6933 0.5380
vn -0.5392 -0.0637 0.8398
vn -0.3894 -0.6933 0.6065
vn -0.5285 -0.2076 0.8232
vn -0.3893 -0.6933 0.6064
vn -0.4012 -0.0637 0.9138
vn -0.2897 -0.6933 0.6599
vn -0.3932 -0.2076 0.8957
vn -0.2897 -0.6932 0.6599
vn -0.3779 -0.0000 0.9259
vn -0.3708 -0.0000 0.9287
vn -0.3040 -0.0000 0.9527
vn -0.2736 -0.0000 0.9618
vn -0.2284 -0.0000 0.9736
vn -0.2209 -0.0000 0.9753
vn -0.1513 -0.0000 0.9885
vn -0.1198 -0.0000 0.9928
vn -0.0732 -0.0000 0.9973
vn -0.0656 -0.0000 0.9978
vn 0.0052 -0.0000 1.0000
vn 0.0370 -0.0000 0.9993
vn 0.0836 -0.0000 0.9965
vn 0.0913 -0.0000 0.9958
vn 0.1616 -0.0000 0.9869
vn 0.1928 -0.0000 0.9812
vn 0.2386 -0.0000 0.9711
vn 0.2458 -0.0000 0.9693
vn 0.3140 -0.0000 0.9494
vn 0.3440 -0.0000 0.9390
vn 0.3875 -0.0000 0.9219
vn 0.3945 -0.0000 0.9189
vn 0.4586 -0.0000 0.8886
vn 0.4866 -0.0000 0.8736
vn 0.5269 -0.0000 0.8499
vn 0.5334 -0.0000 0.8459
vn 0.5920 -0.0000 0.8059
vn 0.6173 -0.0000 0.7867
vn 0.6534 -0.0000 0.7570
vn 0.6592 -0.0000 0.7520
vn 0.7108 -0.0000 0.7034
vn 0.7328 -0.0000 0.6804
vn 0.7638 -0.0000 0.6454
vn 0.7687 -0.0000 0.6396
vn 0.8121 -0.0000 0.5835
vn 0.8302 -0.0000 0.5575
vn 0.8553 -0.0000 0.5181
vn 0.8593 -0.0000 0.5115
vn 0.8934 -0.0000 0.4493
vn 0.9072 -0.0000 0.4208
vn 0.9258 -0.0000 0.3779
vn 0.9287 -0.0000 0.3708
vn 0.9526 -0.0000 0.3041
vn 0.9618 -0.0000 0.2736
vn 0.9736 -0.0000 0.2284
vn 0.9753 -0.0000 0.2209
vn 0.9885 -0.0000 0.1513
vn 0.9928 -0.0000 0.1198
vn 0.9973 -0.0000 0.0733
vn 0.9978 -0.0000 0.0656
vn 1.0000 -0.0000 -0.0052
vn 0.9993 -0.0000 -0.0370
vn 0.9965 -0.0000 -0.0836
vn 0.9958 -0.0000 -0.0912
vn 0.9869 -0.0000 -0.1616
vn 0.9812 -0.0000 -0.1929
vn 0.9711 -0.0000 -0.2385
vn 0.9693 -0.0000 -0.2459
vn 0.9494 -0.0000 -0.3140
vn 0.9390 -0.0000 -0.3439
vn 0.9219 -0.0000 -0.3875
vn 0.9189 -0.0000 -0.3945
vn 0.8886 -0.0000 -0.4586
vn 0.8736 -0.0000 -0.4866
vn 0.8499 -0.0000 -0.5269
vn 0.8458 -0.0000 -0.5334
vn 0.8059 -0.0000 -0.5920
vn 0.7867 -0.0000 -0.6173
vn 0.7570 -0.0000 -0.6534
vn 0.7520 -0.0000 -0.6592
vn 0.7034 -0.0000 -0.7108
vn 0.6805 -0.0000 -0.7327
vn 0.6455 -0.0000 -0.7638
vn 0.6396 -0.0000 -0.7687
vn 0.5836 -0.0000 -0.8121
vn 0.5575 -0.0000 -0.8302
vn 0.5181 -0.0000 -0.8553
vn 0.5115 -0.0000 -0.8593
vn 0.4493 -0.0000 -0.8934
vn 0.4208 -0.0000 -0.9072
vn 0.3779 -0.0000 -0.9259
vn 0.3708 -0.0000 -0.9287
vn 0.3041 -0.0000 -0.9526
vn 0.2737 -0.0000 -0.9618
vn 0.2284 -0.0000 -0.9736
vn 0.2209 -0.0000 -0.9753
vn 0.1513 -0.0000 -0.9885
vn 0.1198 -0.0000 -0.9928
vn 0.0733 -0.0000 -0.9973
vn 0.0656 -0.0000 -0.9978
vn -0.0052 -0.0000 -1.0000
vn -0.0369 -0.0000 -0.9993
vn -0.0836 -0.0000 -0.9965
vn -0.0913 -0.0000 -0.9958
vn -0.1616 -0.0000 -0.9869
vn -0.1929 -0.0000 -0.9812
vn -0.2385 -0.0000 -0.9711
vn -0.2459 -0.0000 -0.9693
vn -0.3140 -0.0000 -0.9494
vn -0.3440 -0.0000 -0.9390
vn -0.3874 -0.0000 -0.9219
vn -0.3945 -0.0000 -0.9189
vn -0.4587 -0.0000 -0.8886
vn -0.4866 -0.0000 -0.8736
vn -0.5269 -0.0000 -0.8499
vn -0.5334 -0.0000 -0.8459
vn -0.5920 -0.0000 -0.8059
vn -0.6173 -0.0000 -0.7867
vn -0.6535 -0.0000 -0.7570
vn -0.6592 -0.0000 -0.7520
vn -0.7108 -0.0000 -0.7034
vn -0.7327 -0.0000 -0.6805
vn -0.7638 -0.0000 -0.6454
vn -0.7687 -0.0000 -0.6396
vn -0.8121 -0.0000 -0.5836
vn -0.8302 -0.0000 -0.5575
vn -0.8553 -0.0000 -0.5181
vn -0.8593 -0.0000 -0.5115
vn -0.8934 -0.0000 -0.4493
vn -0.9072 -0.0000 -0.4207
vn -0.9259 -0.0000 -0.3779
vn -0.9287 -0.0000 -0.3708
vn -0.9526 -0.0000 -0.3041
vn -0.9618 -0.0000 -0.2737
vn -0.9736 -0.0000 -0.2284
vn -0.9753 -0.0000 -0.2209
vn -0.9885 -0.0000 -0.1513
vn -0.9928 -0.0000 -0.1198
vn -0.9973 -0.0000 -0.0733
vn -0.9978 -0.0000 -0.0656
vn -1.0000 -0.0000 0.0052
vn -0.9993 -0.0000 0.0370
vn -0.9965 -0.0000 0.0836
vn -0.9958 -0.0000 0.0913
vn -0.9869 -0.0000 0.1616
vn -0.9812 -0.0000 0.1929
vn -0.9711 -0.0000 0.2385
vn -0.9693 -0.0000 0.2459
vn -0.9494 -0.0000 0.3140
vn -0.9390 -0.0000 0.3439
vn -0.9219 -0.0000 0.3875
vn -0.9189 -0.0000 0.3944
vn -0.8887 -0.0000 0.4586
vn -0.8736 -0.0000 0.4866
vn -0.8499 -0.0000 0.5269
vn -0.8458 -0.0000 0.5334
vn -0.8059 -0.0000 0.5920
vn -0.7867 -0.0000 0.6173
vn -0.7570 -0.0000 0.6534
vn -0.7520 -0.0000 0.6592
vn -0.7034 -0.0000 0.7108
vn -0.6805 -0.0000 0.7328
vn -0.6455 -0.0000 0.7638
vn -0.6396 -0.0000 0.7687
vn -0.5836 -0.0000 0.8121
vn -0.5575 -0.0000 0.8302
vn -0.5181 -0.0000 0.8553
vn -0.5115 -0.0000 0.8593
vn -0.4494 -0.0000 0.8933
vn -0.4207 -0.0000 0.9072
vn 0.9765 -0.0000 0.2157
vn -0.9566 -0.0000 -0.2914
vn -0.9566 -0.0000 -0.2915
vn -0.9565 -0.0000 -0.2916
vn 0.9982 -0.0000 0.0604
vn 0.9982 -0.0000 0.0603
vn -0.9904 -0.0000 -0.1380
vn -0.9904 -0.0000 -0.1382
vn -0.9904 -0.0000 -0.1383
vn 0.9953 -0.0000 -0.0969
vn 0.9953 -0.0000 -0.0968
vn 0.9953 -0.0000 -0.0967
vn -0.9998 -0.0000 0.0185
vn -0.9998 -0.0000 0.0184
vn -0.9998 -0.0000 0.0183
vn 0.9680 -0.0000 -0.2510
vn 0.9680 -0.0000 -0.2511
vn 0.9679 -0.0000 -0.2512
vn -0.9847 -0.0000 0.1745
vn 0.9168 -0.0000 -0.3994
vn 0.9168 -0.0000 -0.3995
vn 0.9167 -0.0000 -0.3995
vn -0.9453 -0.0000 0.3262
vn -0.9453 -0.0000 0.3263
vn 0.8429 -0.0000 -0.5381
vn 0.8429 -0.0000 -0.5380
vn -0.8826 -0.0000 0.4701
vn -0.8826 -0.0000 0.4702
vn 0.7483 -0.0000 -0.6634
vn 0.7484 -0.0000 -0.6633
vn -0.7981 -0.0000 0.6025
vn 0.6354 -0.0000 -0.7722
vn 0.6354 -0.0000 -0.7721
vn -0.6939 -0.0000 0.7200
vn -0.6940 -0.0000 0.7200
vn -0.6939 -0.0000 0.7201
vn -0.6940 -0.0000 0.7199
vn 0.5068 -0.0000 -0.8621
vn 0.5068 -0.0000 -0.8620
vn -0.5727 -0.0000 0.8198
vn -0.5728 -0.0000 0.8197
vn -0.5729 -0.0000 0.8196
vn 0.3660 -0.0000 -0.9306
vn 0.3659 -0.0000 -0.9306
vn 0.3656 -0.0000 -0.9308
vn 0.3657 -0.0000 -0.9307
vn -0.4379 -0.0000 0.8990
vn -0.4376 -0.0000 0.8992
vn -0.4375 -0.0000 0.8992
vn 0.2157 -0.0000 -0.9765
vn 0.2156 -0.0000 -0.9765
vn -0.2917 -0.0000 0.9565
vn -0.2916 -0.0000 0.9565
vn 0.0600 -0.0000 -0.9982
vn 0.0601 -0.0000 -0.9982
vn 0.0602 -0.0000 -0.9982
vn -0.1384 -0.0000 0.9904
vn -0.0969 -0.0000 -0.9953
vn -0.0968 -0.0000 -0.9953
vn -0.0967 -0.0000 -0.9953
vn 0.0185 -0.0000 0.9998
vn 0.0184 -0.0000 0.9998
vn 0.0183 -0.0000 0.9998
vn -0.2510 -0.0000 -0.9680
vn -0.2511 -0.0000 -0.9680
vn -0.2511 -0.0000 -0.9679
vn 0.1741 -0.0000 0.9847
vn 0.1743 -0.0000 0.9847
vn 0.1744 -0.0000 0.9847
vn -0.3997 -0.0000 -0.9166
vn -0.3996 -0.0000 -0.9167
vn -0.3995 -0.0000 -0.9167
vn 0.3264 -0.0000 0.9452
vn -0.5378 -0.0000 -0.8431
vn -0.5382 -0.0000 -0.8428
vn -0.5379 -0.0000 -0.8430
vn -0.5380 -0.0000 -0.8430
vn 0.4701 -0.0000 0.8826
vn 0.4702 -0.0000 0.8826
vn -0.6631 -0.0000 -0.7485
vn -0.6632 -0.0000 -0.7484
vn 0.6027 -0.0000 0.7980
vn 0.6026 -0.0000 0.7981
vn 0.6024 -0.0000 0.7982
vn 0.6025 -0.0000 0.7981
vn -0.7725 -0.0000 -0.6350
vn -0.7720 -0.0000 -0.6356
vn -0.7721 -0.0000 -0.6355
vn 0.7201 -0.0000 0.6939
vn 0.7200 -0.0000 0.6940
vn 0.7199 -0.0000 0.6941
vn -0.8619 -0.0000 -0.5071
vn -0.8620 -0.0000 -0.5069
vn 0.8195 -0.0000 0.5731
vn 0.8196 -0.0000 0.5730
vn 0.8196 -0.0000 0.5729
vn -0.9306 -0.0000 -0.3661
vn -0.9307 -0.0000 -0.3657
vn 0.8992 -0.0000 0.4375
vn 0.8992 -0.0000 0.4376
vn -0.9765 -0.0000 -0.2157
vn -0.9765 -0.0000 -0.2156
vn 0.9566 -0.0000 0.2914
vn 0.9566 -0.0000 0.2915
vn 0.9566 -0.0000 0.2916
vn -0.9982 -0.0000 -0.0603
vn -0.9982 -0.0000 -0.0602
vn 0.9904 -0.0000 0.1384
vn -0.9953 -0.0000 0.0965
vn -0.9953 -0.0000 0.0966
vn 0.9998 -0.0000 -0.0186
vn 0.9998 -0.0000 -0.0182
vn 0.9998 -0.0000 -0.0181
vn -0.9680 -0.0000 0.2510
vn -0.9680 -0.0000 0.2511
vn -0.9679 -0.0000 0.2511
vn 0.9847 -0.0000 -0.1742
vn 0.9847 -0.0000 -0.1743
vn 0.9847 -0.0000 -0.1744
vn -0.9166 -0.0000 0.3997
vn -0.9167 -0.0000 0.3996
vn -0.9167 -0.0000 0.3995
vn 0.9452 -0.0000 -0.3265
vn 0.9452 -0.0000 -0.3264
vn -0.8429 -0.0000 0.5380
vn -0.8430 -0.0000 0.5380
vn 0.8826 -0.0000 -0.4701
vn 0.8826 -0.0000 -0.4702
vn -0.7485 -0.0000 0.6631
vn -0.7485 -0.0000 0.6632
vn -0.7484 -0.0000 0.6632
vn 0.7981 -0.0000 -0.6025
vn 0.7982 -0.0000 -0.6025
vn -0.6350 -0.0000 0.7725
vn -0.6356 -0.0000 0.7721
vn -0.6355 -0.0000 0.7721
vn 0.6941 -0.0000 -0.7199
vn -0.5068 -0.0000 0.8621
vn -0.5068 -0.0000 0.8620
vn 0.5728 -0.0000 -0.8197
vn 0.5729 -0.0000 -0.8196
vn -0.3656 -0.0000 0.9308
vn -0.3657 -0.0000 0.9307
vn 0.4375 -0.0000 -0.8992
vn 0.4376 -0.0000 -0.8992
vn -0.2157 -0.0000 0.9765
vn -0.2156 -0.0000 0.9765
vn 0.2918 -0.0000 -0.9565
vn 0.2917 -0.0000 -0.9565
vn 0.2916 -0.0000 -0.9565
vn -0.0598 -0.0000 0.9982
vn -0.0603 -0.0000 0.9982
vn -0.0602 -0.0000 0.9982
vn 0.1384 -0.0000 -0.9904
vn 0.0965 -0.0000 0.9953
vn 0.0966 -0.0000 0.9953
vn -0.0181 -0.0000 -0.9998
vn -0.0182 -0.0000 -0.9998
vn 0.2514 -0.0000 0.9679
vn 0.2513 -0.0000 0.9679
vn 0.2512 -0.0000 0.9679
vn -0.1745 -0.0000 -0.9847
vn -0.1744 -0.0000 -0.9847
vn 0.3994 -0.0000 0.9168
vn 0.3995 -0.0000 0.9167
vn -0.3264 -0.0000 -0.9452
vn 0.5383 -0.0000 0.8428
vn 0.5381 -0.0000 0.8429
vn -0.4706 -0.0000 -0.8824
vn -0.4704 -0.0000 -0.8825
vn -0.4706 -0.0000 -0.8823
vn -0.4703 -0.0000 -0.8825
vn 0.6634 -0.0000 0.7483
vn 0.6635 -0.0000 0.7482
vn 0.6633 -0.0000 0.7484
vn -0.6025 -0.0000 -0.7981
vn -0.6025 -0.0000 -0.7982
vn 0.7722 -0.0000 0.6354
vn 0.7721 -0.0000 0.6354
vn -0.7201 -0.0000 -0.6939
vn -0.7200 -0.0000 -0.6940
vn -0.7199 -0.0000 -0.6940
vn 0.8620 -0.0000 0.5069
vn -0.8197 -0.0000 -0.5728
vn -0.8196 -0.0000 -0.5729
vn 0.9308 -0.0000 0.3656
vn 0.9306 -0.0000 0.3661
vn 0.9307 -0.0000 0.3657
vn -0.8991 -0.0000 -0.4378
vn -0.8991 -0.0000 -0.4377
vn -0.8994 -0.0000 -0.4372
vn 0.9573 -0.0000 -0.2890
vn 0.9908 -0.0000 -0.1356
vn 0.9842 -0.0000 0.1772
vn 0.7965 -0.0000 0.6046
vn 0.5706 -0.0000 0.8212
vn 0.4352 -0.0000 0.9003
vn 0.1356 -0.0000 0.9908
vn -0.0210 -0.0000 0.9998
vn -0.3289 -0.0000 0.9444
vn -0.7218 -0.0000 0.6921
vn -0.9908 -0.0000 0.1356
vn -0.9444 -0.0000 -0.3289
vn -0.4352 -0.0000 -0.9003
vn 0.1771 -0.0000 -0.9842
vn 0.6047 -0.0000 -0.7965
vn 0.8212 -0.0000 -0.5707
vn 0.0002 -1.0000 -0.0001
vn 0.0003 -1.0000 -0.0001
vn 0.3263 -0.0000 0.9453
vn 0.3261 -0.0000 0.9453
vn -0.2512 -0.0000 -0.9679
vn -0.2513 -0.0000 -0.9679
vn 0.1745 -0.0000 0.9847
vn -0.0966 -0.0000 -0.9953
vn 0.0003 -1.0000 -0.0000
vn 0.0606 -0.0000 -0.9982
vn 0.2155 -0.0000 -0.9765
vn 0.0003 -1.0000 0.0001
vn 0.0002 -1.0000 0.0001
vn 0.5067 -0.0000 -0.8621
vn 0.0003 -1.0000 0.0002
vn 0.0002 -1.0000 0.0002
vn -0.6941 -0.0000 0.7199
vn 0.7484 -0.0000 -0.6632
vn 0.7485 -0.0000 -0.6632
vn -0.7982 -0.0000 0.6025
vn 0.8430 -0.0000 -0.5380
vn 0.0001 -1.0000 0.0002
vn 0.0002 -1.0000 0.0003
vn -0.8825 -0.0000 0.4702
vn 0.0001 -1.0000 0.0003
vn 0.9679 -0.0000 -0.2511
vn -0.9847 -0.0000 0.1744
vn 0.9953 -0.0000 -0.0966
vn -0.0000 -1.0000 0.0003
vn 0.9982 -0.0000 0.0602
vn 0.9982 -0.0000 0.0601
vn -0.9904 -0.0000 -0.1384
vn -0.9904 -0.0000 -0.1386
vn -0.9904 -0.0000 -0.1385
vn 0.9765 -0.0000 0.2156
vn -0.0001 -1.0000 0.0003
vn 0.9307 -0.0000 0.3658
vn -0.0001 -1.0000 0.0002
vn -0.8992 -0.0000 -0.4376
vn -0.8992 -0.0000 -0.4375
vn 0.8620 -0.0000 0.5068
vn 0.8621 -0.0000 0.5067
vn -0.0002 -1.0000 0.0003
vn 0.7721 -0.0000 0.6355
vn -0.0002 -1.0000 0.0002
vn -0.7199 -0.0000 -0.6941
vn 0.6631 -0.0000 0.7485
vn 0.6632 -0.0000 0.7484
vn 0.6633 -0.0000 0.7483
vn 0.5379 -0.0000 0.8430
vn 0.5380 -0.0000 0.8430
vn -0.0002 -1.0000 0.0001
vn -0.0003 -1.0000 0.0002
vn -0.4702 -0.0000 -0.8826
vn -0.4701 -0.0000 -0.8826
vn -0.0003 -1.0000 0.0001
vn -0.3263 -0.0000 -0.9453
vn 0.0968 -0.0000 0.9953
vn 0.0967 -0.0000 0.9953
vn -0.0003 -1.0000 -0.0000
vn -0.0183 -0.0000 -0.9998
vn -0.0597 -0.0000 0.9982
vn -0.0604 -0.0000 0.9982
vn -0.0003 -1.0000 -0.0001
vn -0.3658 -0.0000 0.9307
vn -0.0002 -1.0000 -0.0001
vn -0.5067 -0.0000 0.8621
vn -0.0003 -1.0000 -0.0002
vn 0.5730 -0.0000 -0.8195
vn 0.5730 -0.0000 -0.8196
vn -0.6354 -0.0000 0.7722
vn -0.0002 -1.0000 -0.0002
vn -0.0001 -1.0000 -0.0002
vn -0.0002 -1.0000 -0.0003
vn 0.8825 -0.0000 -0.4703
vn 0.8825 -0.0000 -0.4702
vn -0.0001 -1.0000 -0.0003
vn 0.9453 -0.0000 -0.3263
vn -0.9679 -0.0000 0.2512
vn -0.9679 -0.0000 0.2513
vn 0.9847 -0.0000 -0.1745
vn -0.9953 -0.0000 0.0967
vn -0.0000 -1.0000 -0.0003
vn 0.9998 -0.0000 -0.0183
vn -0.9982 -0.0000 -0.0604
vn 0.9904 -0.0000 0.1381
vn 0.0001 -1.0000 -0.0003
vn 0.9565 -0.0000 0.2916
vn 0.9565 -0.0000 0.2917
vn -0.9307 -0.0000 -0.3658
vn 0.0001 -1.0000 -0.0002
vn -0.8620 -0.0000 -0.5068
vn 0.0002 -1.0000 -0.0003
vn 0.8195 -0.0000 0.5730
vn -0.7721 -0.0000 -0.6354
vn 0.0002 -1.0000 -0.0002
vn 0.6026 -0.0000 0.7980
vn -0.5380 -0.0000 -0.8429
vn 0.0003 -1.0000 -0.0002
vn 0.4703 -0.0000 0.8825
vn 0.4702 -0.0000 0.8825
vn 0.7042 -0.6932 -0.1535
vn 0.7042 -0.6933 -0.1535
vn 0.7195 -0.6933 -0.0415
vn 0.7195 -0.6932 -0.0415
vn -0.1383 -0.0000 0.9904
vn 0.2159 -0.0000 -0.9764
vn 0.6971 -0.6932 0.1829
vn 0.6599 -0.6932 0.2897
vn 0.6064 -0.6933 0.3894
vn 0.5381 -0.6932 0.4794
vn 0.4565 -0.6933 0.5577
vn 0.3636 -0.6933 0.6222
vn 0.3636 -0.6932 0.6223
vn -0.8825 -0.0000 0.4703
vn 0.9679 -0.0000 -0.2513
vn 0.0415 -0.6933 0.7195
vn 0.0415 -0.6932 0.7195
vn -0.9903 -0.0000 -0.1387
vn -0.9566 -0.0000 -0.2913
vn -0.3894 -0.6933 0.6064
vn -0.8196 -0.0000 -0.5730
vn -0.4795 -0.6933 0.5381
vn -0.4795 -0.6932 0.5381
vn 0.6630 -0.0000 0.7486
vn -0.6222 -0.6933 0.3636
vn -0.4700 -0.0000 -0.8827
vn 0.0970 -0.0000 0.9953
vn -0.7195 -0.6933 0.0415
vn -0.7195 -0.6932 0.0415
vn -0.7172 -0.6932 -0.0716
vn -0.6971 -0.6932 -0.1829
vn -0.6970 -0.6933 -0.1829
vn -0.3659 -0.0000 0.9307
vn -0.6599 -0.6932 -0.2897
vn -0.5381 -0.6933 -0.4794
vn -0.4564 -0.6933 -0.5577
vn -0.3636 -0.6933 -0.6222
vn -0.2617 -0.6933 -0.6715
vn 0.9904 -0.0000 0.1383
vn 0.1829 -0.6933 -0.6970
vn 0.9566 -0.0000 0.2913
vn 0.2897 -0.6932 -0.6599
vn 0.3894 -0.6932 -0.6065
vn 0.3894 -0.6933 -0.6065
vn 0.4795 -0.6933 -0.5381
vn -0.6632 -0.0000 -0.7485
vn 0.5577 -0.6932 -0.4565
vn 0.5577 -0.6933 -0.4565
vn 0.6223 -0.6932 -0.3636
vn 0.6715 -0.6932 -0.2618
vn 0.7196 -0.6932 -0.0415
vn 0.7170 -0.6933 0.0716
vn 0.5380 -0.6933 0.4794
vn 0.0414 -0.6932 0.7196
vn -0.0716 -0.6932 0.7172
vn -0.2897 -0.6933 0.6598
vn -0.2898 -0.6932 0.6600
vn -0.5576 -0.6934 0.4564
vn -0.6222 -0.6933 0.3635
vn -0.6714 -0.6933 0.2617
vn -0.7043 -0.6931 0.1535
vn -0.7195 -0.6932 0.0414
vn -0.7172 -0.6931 -0.0716
vn -0.6972 -0.6932 -0.1830
vn -0.6970 -0.6934 -0.1829
vn -0.6596 -0.6936 -0.2895
vn -0.0414 -0.6934 -0.7194
vn 0.0716 -0.6934 -0.7170
vn 0.1830 -0.6932 -0.6972
vn 0.1829 -0.6934 -0.6970
vn 0.2897 -0.6933 -0.6598
vn 0.5578 -0.6932 -0.4565
vn 0.6716 -0.6932 -0.2618
vn 0.6716 -0.6931 -0.2618
vn 0.3772 -0.0591 -0.9242
vn 0.3036 -0.0591 -0.9510
vn 0.2687 -0.6502 -0.7106
vn 0.2121 -0.6502 -0.7295
vn 0.3237 -0.6503 -0.6873
vn 0.4486 -0.0591 -0.8918
vn 0.3766 -0.6503 -0.6598
vn 0.5172 -0.0591 -0.8538
vn 0.2279 -0.0591 -0.9719
vn 0.1543 -0.6503 -0.7439
vn 0.1511 -0.0592 -0.9868
vn 0.0954 -0.6503 -0.7537
vn 0.0731 -0.0591 -0.9956
vn 0.0360 -0.6503 -0.7589
vn -0.0052 -0.0591 -0.9982
vn -0.0237 -0.6503 -0.7593
vn -0.0836 -0.0592 -0.9947
vn -0.0832 -0.6503 -0.7551
vn -0.1613 -0.0591 -0.9851
vn -0.1422 -0.6502 -0.7463
vn -0.2380 -0.0592 -0.9695
vn -0.2003 -0.6503 -0.7328
vn -0.3134 -0.0591 -0.9478
vn -0.2572 -0.6502 -0.7149
vn -0.3868 -0.0591 -0.9203
vn -0.3124 -0.6503 -0.6925
vn -0.4578 -0.0591 -0.8871
vn -0.3658 -0.6503 -0.6658
vn -0.5259 -0.0591 -0.8485
vn -0.4169 -0.6503 -0.6351
vn -0.5909 -0.0591 -0.8045
vn -0.4655 -0.6503 -0.6004
vn -0.6523 -0.0591 -0.7557
vn -0.5111 -0.6503 -0.5620
vn -0.7095 -0.0593 -0.7022
vn -0.5536 -0.6503 -0.5202
vn -0.7624 -0.0592 -0.6444
vn -0.5928 -0.6503 -0.4752
vn -0.8106 -0.0590 -0.5825
vn -0.6283 -0.6502 -0.4272
vn -0.8538 -0.0592 -0.5172
vn -0.6598 -0.6503 -0.3765
vn -0.8918 -0.0591 -0.4485
vn -0.6873 -0.6503 -0.3236
vn -0.9242 -0.0591 -0.3772
vn -0.7106 -0.6503 -0.2687
vn -0.9510 -0.0591 -0.3035
vn -0.7295 -0.6503 -0.2121
vn -0.9718 -0.0591 -0.2281
vn -0.7439 -0.6503 -0.1543
vn -0.9868 -0.0591 -0.1511
vn -0.7537 -0.6503 -0.0954
vn -0.9956 -0.0592 -0.0731
vn -0.7589 -0.6503 -0.0360
vn -0.9982 -0.0591 0.0052
vn -0.7593 -0.6503 0.0237
vn -0.9948 -0.0591 0.0835
vn -0.7551 -0.6503 0.0832
vn -0.9851 -0.0591 0.1612
vn -0.7463 -0.6502 0.1422
vn -0.9695 -0.0591 0.2380
vn -0.7328 -0.6503 0.2003
vn -0.9478 -0.0591 0.3134
vn -0.7149 -0.6503 0.2571
vn -0.9202 -0.0591 0.3868
vn -0.6925 -0.6503 0.3124
vn -0.8871 -0.0591 0.4577
vn -0.6658 -0.6503 0.3658
vn -0.8484 -0.0591 0.5261
vn -0.6351 -0.6503 0.4169
vn -0.8046 -0.0591 0.5909
vn -0.6004 -0.6503 0.4655
vn -0.7557 -0.0591 0.6523
vn -0.5620 -0.6503 0.5111
vn -0.7022 -0.0592 0.7095
vn -0.5202 -0.6503 0.5537
vn -0.6444 -0.0592 0.7624
vn -0.4752 -0.6503 0.5927
vn -0.5826 -0.0590 0.8106
vn -0.4272 -0.6503 0.6282
vn -0.5172 -0.0591 0.8538
vn -0.3766 -0.6503 0.6598
vn -0.4486 -0.0591 0.8918
vn -0.3236 -0.6503 0.6873
vn -0.3771 -0.0591 0.9243
vn -0.2687 -0.6503 0.7106
vn -0.3036 -0.0591 0.9510
vn -0.2121 -0.6503 0.7295
vn -0.2279 -0.0590 0.9719
vn -0.1543 -0.6503 0.7439
vn -0.1511 -0.0592 0.9868
vn -0.0954 -0.6503 0.7537
vn -0.0731 -0.0591 0.9956
vn -0.0360 -0.6503 0.7589
vn 0.0052 -0.0591 0.9982
vn 0.0237 -0.6503 0.7593
vn 0.0835 -0.0591 0.9947
vn 0.0832 -0.6503 0.7551
vn 0.1612 -0.0591 0.9851
vn 0.1422 -0.6502 0.7463
vn 0.2380 -0.0591 0.9695
vn 0.2003 -0.6503 0.7328
vn 0.3134 -0.0592 0.9478
vn 0.2572 -0.6502 0.7149
vn 0.3868 -0.0591 0.9203
vn 0.3125 -0.6503 0.6925
vn 0.4578 -0.0591 0.8871
vn 0.3658 -0.6503 0.6658
vn 0.5261 -0.0591 0.8484
vn 0.4169 -0.6503 0.6351
vn 0.5909 -0.0591 0.8046
vn 0.4655 -0.6503 0.6004
vn 0.6523 -0.0591 0.7557
vn 0.5111 -0.6503 0.5620
vn 0.7095 -0.0591 0.7022
vn 0.5537 -0.6503 0.5202
vn 0.7624 -0.0592 0.6444
vn 0.5927 -0.6503 0.4752
vn 0.8106 -0.0591 0.5826
vn 0.6282 -0.6502 0.4272
vn 0.8538 -0.0592 0.5172
vn 0.6598 -0.6502 0.3766
vn 0.8918 -0.0590 0.4486
vn 0.6873 -0.6502 0.3237
vn 0.9242 -0.0591 0.3772
vn 0.7106 -0.6503 0.2687
vn 0.9510 -0.0591 0.3036
vn 0.7295 -0.6503 0.2121
vn 0.9719 -0.0591 0.2279
vn 0.7439 -0.6503 0.1542
vn 0.9868 -0.0592 0.1511
vn 0.7537 -0.6503 0.0954
vn 0.9956 -0.0591 0.0731
vn 0.7589 -0.6502 0.0360
vn 0.9982 -0.0593 -0.0051
vn 0.7594 -0.6502 -0.0237
vn 0.9947 -0.0591 -0.0835
vn 0.7552 -0.6502 -0.0832
vn 0.9851 -0.0591 -0.1614
vn 0.7463 -0.6503 -0.1422
vn 0.9695 -0.0591 -0.2380
vn 0.7328 -0.6503 -0.2003
vn 0.9478 -0.0591 -0.3135
vn 0.7149 -0.6503 -0.2572
vn 0.9203 -0.0591 -0.3867
vn 0.6925 -0.6503 -0.3124
vn 0.8871 -0.0591 -0.4578
vn 0.6658 -0.6503 -0.3658
vn 0.8484 -0.0591 -0.5260
vn 0.6351 -0.6503 -0.4169
vn 0.8046 -0.0591 -0.5909
vn 0.6004 -0.6503 -0.4655
vn 0.7557 -0.0591 -0.6522
vn 0.5620 -0.6503 -0.5112
vn 0.7022 -0.0591 -0.7095
vn 0.5202 -0.6503 -0.5537
vn 0.6444 -0.0591 -0.7624
vn 0.4752 -0.6503 -0.5928
vn 0.5826 -0.0590 -0.8106
vn 0.4272 -0.6503 -0.6282
vn 0.4930 0.1017 -0.8641
vn 0.5592 0.1018 -0.8228
vn 0.3912 0.6554 -0.6461
vn 0.4405 0.6555 -0.6134
vn 0.3393 0.6554 -0.6748
vn 0.4236 0.1017 -0.9001
vn 0.2853 0.6554 -0.6993
vn 0.3517 0.1018 -0.9306
vn 0.6221 0.1018 -0.7763
vn 0.4874 0.6555 -0.5769
vn 0.6811 0.1018 -0.7251
vn 0.5311 0.6555 -0.5369
vn 0.7358 0.1018 -0.6695
vn 0.5716 0.6555 -0.4936
vn 0.7861 0.1018 -0.6097
vn 0.6086 0.6555 -0.4472
vn 0.8315 0.1018 -0.5461
vn 0.6418 0.6554 -0.3981
vn 0.8718 0.1017 -0.4792
vn 0.6711 0.6555 -0.3465
vn 0.9067 0.1017 -0.4093
vn 0.6962 0.6554 -0.2928
vn 0.9360 0.1017 -0.3369
vn 0.7170 0.6555 -0.2372
vn 0.9596 0.1017 -0.2624
vn 0.7334 0.6554 -0.1803
vn 0.9772 0.1017 -0.1864
vn 0.7453 0.6554 -0.1222
vn 0.9888 0.1018 -0.1091
vn 0.7526 0.6555 -0.0633
vn 0.9943 0.1018 -0.0312
vn 0.7552 0.6554 -0.0041
vn 0.9937 0.1018 0.0469
vn 0.7532 0.6555 0.0552
vn 0.9870 0.1018 0.1247
vn 0.7466 0.6554 0.1141
vn 0.9741 0.1017 0.2018
vn 0.7353 0.6555 0.1724
vn 0.9553 0.1018 0.2776
vn 0.7195 0.6555 0.2295
vn 0.9306 0.1018 0.3517
vn 0.6993 0.6555 0.2853
vn 0.9001 0.1017 0.4236
vn 0.6748 0.6554 0.3393
vn 0.8641 0.1018 0.4929
vn 0.6461 0.6554 0.3911
vn 0.8228 0.1017 0.5592
vn 0.6134 0.6554 0.4406
vn 0.7763 0.1017 0.6221
vn 0.5769 0.6554 0.4874
vn 0.7252 0.1018 0.6810
vn 0.5369 0.6555 0.5311
vn 0.6695 0.1017 0.7358
vn 0.4937 0.6554 0.5716
vn 0.6097 0.1017 0.7861
vn 0.4472 0.6555 0.6086
vn 0.5461 0.1018 0.8315
vn 0.3981 0.6555 0.6418
vn 0.4792 0.1017 0.8718
vn 0.3466 0.6554 0.6711
vn 0.4093 0.1018 0.9067
vn 0.2928 0.6555 0.6962
vn 0.3369 0.1017 0.9360
vn 0.2372 0.6554 0.7170
vn 0.2625 0.1018 0.9596
vn 0.1803 0.6554 0.7334
vn 0.1864 0.1017 0.9772
vn 0.1222 0.6554 0.7453
vn 0.1091 0.1017 0.9888
vn 0.0633 0.6555 0.7526
vn 0.0312 0.1017 0.9943
vn 0.0041 0.6555 0.7552
vn -0.0469 0.1018 0.9937
vn -0.0552 0.6555 0.7532
vn -0.1247 0.1017 0.9870
vn -0.1141 0.6554 0.7466
vn -0.2018 0.1018 0.9741
vn -0.1724 0.6555 0.7353
vn -0.2776 0.1018 0.9553
vn -0.2295 0.6555 0.7195
vn -0.3517 0.1017 0.9306
vn -0.2853 0.6554 0.6993
vn -0.4236 0.1018 0.9001
vn -0.3392 0.6555 0.6747
vn -0.4929 0.1018 0.8641
vn -0.3911 0.6554 0.6461
vn -0.5592 0.1018 0.8227
vn -0.4406 0.6555 0.6134
vn -0.6221 0.1017 0.7763
vn -0.4874 0.6555 0.5769
vn -0.6810 0.1017 0.7251
vn -0.5312 0.6554 0.5369
vn -0.7358 0.1017 0.6695
vn -0.5716 0.6554 0.4936
vn -0.7861 0.1017 0.6097
vn -0.6086 0.6554 0.4473
vn -0.8315 0.1017 0.5461
vn -0.6418 0.6554 0.3981
vn -0.8718 0.1017 0.4792
vn -0.6710 0.6555 0.3465
vn -0.9067 0.1017 0.4093
vn -0.6962 0.6554 0.2928
vn -0.9360 0.1017 0.3369
vn -0.7170 0.6554 0.2373
vn -0.9596 0.1017 0.2624
vn -0.7334 0.6554 0.1803
vn -0.9772 0.1018 0.1864
vn -0.7453 0.6554 0.1222
vn -0.9888 0.1018 0.1091
vn -0.7526 0.6555 0.0633
vn -0.9943 0.1018 0.0312
vn -0.7552 0.6554 0.0041
vn -0.9937 0.1017 -0.0469
vn -0.7532 0.6554 -0.0552
vn -0.9870 0.1017 -0.1247
vn -0.7466 0.6554 -0.1141
vn -0.9741 0.1017 -0.2018
vn -0.7353 0.6554 -0.1724
vn -0.9553 0.1018 -0.2776
vn -0.7195 0.6555 -0.2295
vn -0.9306 0.1017 -0.3517
vn -0.6993 0.6555 -0.2852
vn -0.9001 0.1018 -0.4236
vn -0.6748 0.6555 -0.3392
vn -0.8641 0.1018 -0.4929
vn -0.6460 0.6555 -0.3911
vn -0.8228 0.1018 -0.5592
vn -0.6134 0.6555 -0.4405
vn -0.7763 0.1018 -0.6221
vn -0.5769 0.6555 -0.4874
vn -0.7252 0.1018 -0.6810
vn -0.5369 0.6555 -0.5311
vn -0.6695 0.1018 -0.7358
vn -0.4936 0.6555 -0.5716
vn -0.6097 0.1017 -0.7861
vn -0.4472 0.6554 -0.6086
vn -0.5461 0.1017 -0.8315
vn -0.3982 0.6554 -0.6418
vn -0.4792 0.1017 -0.8718
vn -0.3466 0.6554 -0.6711
vn -0.4093 0.1017 -0.9067
vn -0.2928 0.6554 -0.6962
vn -0.3369 0.1017 -0.9360
vn -0.2372 0.6554 -0.7170
vn -0.2624 0.1017 -0.9596
vn -0.1804 0.6554 -0.7334
vn -0.1864 0.1018 -0.9772
vn -0.1222 0.6555 -0.7453
vn -0.1091 0.1018 -0.9888
vn -0.0633 0.6555 -0.7526
vn -0.0312 0.1018 -0.9943
vn -0.0041 0.6555 -0.7552
vn 0.0469 0.1017 -0.9937
vn 0.0552 0.6554 -0.7532
vn 0.1247 0.1017 -0.9870
vn 0.1141 0.6555 -0.7466
vn 0.2018 0.1017 -0.9741
vn 0.1724 0.6555 -0.7353
vn 0.2776 0.1018 -0.9553
vn 0.2295 0.6555 -0.7195
vn -0.2130 0.0061 0.9770
vn -0.2280 -0.0592 0.9719
vn -0.2890 0.0061 0.9573
vn -0.3036 -0.0592 0.9510
vn -0.1356 0.0061 0.9907
vn -0.1511 -0.0592 0.9867
vn -0.0575 0.0061 0.9983
vn -0.0732 -0.0592 0.9956
vn 0.0209 0.0061 0.9998
vn 0.0051 -0.0592 0.9982
vn 0.0993 0.0061 0.9950
vn 0.0834 -0.0592 0.9948
vn 0.1771 0.0061 0.9842
vn 0.1612 -0.0592 0.9851
vn 0.2538 0.0061 0.9672
vn 0.2380 -0.0592 0.9695
vn 0.3288 0.0061 0.9444
vn 0.4020 0.0061 0.9156
vn 0.3868 -0.0592 0.9203
vn 0.4726 0.0061 0.8813
vn 0.4578 -0.0592 0.8871
vn 0.5402 0.0061 0.8415
vn 0.5260 -0.0592 0.8484
vn 0.6046 0.0061 0.7965
vn 0.5909 -0.0592 0.8046
vn 0.6652 0.0061 0.7466
vn 0.6522 -0.0592 0.7557
vn 0.7218 0.0061 0.6921
vn 0.7095 -0.0592 0.7022
vn 0.7738 0.0061 0.6334
vn 0.8212 0.0061 0.5706
vn 0.8106 -0.0592 0.5826
vn 0.8634 0.0061 0.5045
vn 0.9003 0.0061 0.4352
vn 0.8918 -0.0592 0.4486
vn 0.9317 0.0061 0.3632
vn 0.9242 -0.0592 0.3773
vn 0.9573 0.0061 0.2890
vn 0.9510 -0.0592 0.3036
vn 0.9770 0.0061 0.2130
vn 0.9719 -0.0592 0.2280
vn 0.9907 0.0061 0.1356
vn 0.9867 -0.0592 0.1511
vn 0.9983 0.0061 0.0575
vn 0.9956 -0.0592 0.0732
vn 0.9998 0.0061 -0.0208
vn 0.9982 -0.0592 -0.0051
vn 0.9950 0.0061 -0.0993
vn 0.9947 -0.0592 -0.0835
vn 0.9842 0.0061 -0.1771
vn 0.9851 -0.0592 -0.1612
vn 0.9673 0.0061 -0.2537
vn 0.9695 -0.0592 -0.2380
vn 0.9444 0.0061 -0.3288
vn 0.9478 -0.0592 -0.3134
vn 0.9156 0.0061 -0.4020
vn 0.9203 -0.0592 -0.3868
vn 0.8813 0.0061 -0.4725
vn 0.8871 -0.0592 -0.4578
vn 0.8415 0.0061 -0.5402
vn 0.8484 -0.0592 -0.5260
vn 0.7965 0.0061 -0.6046
vn 0.8046 -0.0592 -0.5909
vn 0.7467 0.0061 -0.6652
vn 0.7557 -0.0592 -0.6522
vn 0.6921 0.0061 -0.7218
vn 0.7022 -0.0592 -0.7095
vn 0.6333 0.0061 -0.7739
vn 0.6444 -0.0592 -0.7624
vn 0.5707 0.0061 -0.8212
vn 0.5826 -0.0592 -0.8106
vn 0.5046 0.0061 -0.8634
vn 0.5172 -0.0592 -0.8538
vn 0.4352 0.0061 -0.9003
vn 0.4486 -0.0592 -0.8918
vn 0.3632 0.0061 -0.9317
vn 0.3773 -0.0592 -0.9242
vn 0.2890 0.0061 -0.9573
vn 0.3036 -0.0592 -0.9510
vn 0.2130 0.0061 -0.9770
vn 0.2280 -0.0592 -0.9719
vn 0.1356 0.0061 -0.9907
vn 0.1511 -0.0592 -0.9867
vn 0.0575 0.0061 -0.9983
vn 0.0732 -0.0592 -0.9956
vn -0.0209 0.0061 -0.9998
vn -0.0051 -0.0592 -0.9982
vn -0.0993 0.0061 -0.9950
vn -0.0835 -0.0592 -0.9947
vn -0.1771 0.0061 -0.9842
vn -0.1612 -0.0592 -0.9851
vn -0.2538 0.0061 -0.9672
vn -0.3287 0.0061 -0.9444
vn -0.3134 -0.0592 -0.9478
vn -0.4019 0.0061 -0.9156
vn -0.3868 -0.0592 -0.9203
vn -0.4725 0.0061 -0.8813
vn -0.4578 -0.0592 -0.8871
vn -0.5403 0.0061 -0.8414
vn -0.5260 -0.0592 -0.8484
vn -0.6046 0.0061 -0.7965
vn -0.5909 -0.0592 -0.8046
vn -0.6651 0.0061 -0.7467
vn -0.6522 -0.0592 -0.7557
vn -0.7218 0.0061 -0.6921
vn -0.7095 -0.0592 -0.7022
vn -0.7738 0.0061 -0.6334
vn -0.8211 0.0061 -0.5707
vn -0.8106 -0.0592 -0.5826
vn -0.8634 0.0061 -0.5045
vn -0.9003 0.0061 -0.4351
vn -0.8918 -0.0592 -0.4486
vn -0.9317 0.0061 -0.3633
vn -0.9242 -0.0592 -0.3773
vn -0.9573 0.0061 -0.2890
vn -0.9510 -0.0592 -0.3036
vn -0.9770 0.0061 -0.2131
vn -0.9719 -0.0593 -0.2280
vn -0.9907 0.0061 -0.1357
vn -0.9867 -0.0592 -0.1511
vn -0.9983 0.0061 -0.0575
vn -0.9956 -0.0592 -0.0732
vn -0.9998 0.0061 0.0209
vn -0.9982 -0.0592 0.0052
vn -0.9950 0.0061 0.0993
vn -0.9948 -0.0592 0.0834
vn -0.9842 0.0061 0.1771
vn -0.9851 -0.0592 0.1612
vn -0.9673 0.0061 0.2537
vn -0.9695 -0.0592 0.2380
vn -0.9444 0.0061 0.3288
vn -0.9478 -0.0592 0.3134
vn -0.9156 0.0061 0.4020
vn -0.9203 -0.0592 0.3868
vn -0.8813 0.0061 0.4726
vn -0.8871 -0.0592 0.4578
vn -0.8415 0.0061 0.5402
vn -0.8484 -0.0592 0.5260
vn -0.7965 0.0061 0.6046
vn -0.8046 -0.0592 0.5909
vn -0.7466 0.0061 0.6652
vn -0.7557 -0.0592 0.6522
vn -0.6921 0.0061 0.7217
vn -0.6334 0.0061 0.7738
vn -0.5706 0.0061 0.8212
vn -0.5826 -0.0592 0.8106
vn -0.5045 0.0061 0.8634
vn -0.5172 -0.0592 0.8538
vn -0.4352 0.0061 0.9003
vn -0.4486 -0.0592 0.8918
vn -0.3632 0.0061 0.9317
vn -0.3773 -0.0593 0.9242
vn 0.9252 -0.0000 0.3795
vn 0.2537 -0.0000 -0.9673
vn -0.6332 -0.0000 -0.7740
vn -0.9003 -0.0000 0.4353
vn -0.8212 -0.0000 0.5706
vn -0.7218 -0.0000 0.6922
vn -0.4021 -0.0000 0.9156
vn -0.2537 -0.0000 0.9673
vn 0.9608 -0.0000 0.2774
vn -0.7582 -0.0000 0.6521
vn 0.8925 -0.0000 0.4509
vn 0.8925 -0.0000 0.4510
vn -0.5505 -0.0000 -0.8349
vn 0.1768 -0.0000 -0.9843
vn 0.0994 -0.0000 -0.9950
vn -0.2130 -0.0000 -0.9771
vn 0.6468 -0.0000 -0.7626
vn -0.9984 -0.0000 0.0570
vn -0.8925 -0.0000 -0.4510
vn 0.5505 -0.0000 0.8349
vn 0.8695 -0.0000 0.4939
vn -0.8070 -0.0000 0.5906
vn -0.6468 -0.0000 0.7626
vn 0.4352 0.0001 0.9003
vn 0.4352 0.0002 0.9003
vn 0.4353 -0.0000 0.9003
vn 0.9995 -0.0001 -0.0331
vn 0.9995 0.0002 -0.0331
vn 0.4570 -0.0000 0.8895
vn 0.9004 -0.0000 -0.4352
vn 0.8411 -0.0000 0.5408
vn 0.7739 0.0061 0.6333
vn 0.6653 0.0061 0.7466
vn 0.5403 0.0061 0.8415
vn 0.4726 0.0061 0.8812
vn 0.1770 0.0061 0.9842
vn 0.0210 0.0061 0.9998
vn -0.0576 0.0061 0.9983
vn -0.1357 0.0061 0.9907
vn -0.2891 0.0061 0.9573
vn -0.6333 0.0061 0.7739
vn -0.6921 0.0061 0.7218
vn -0.7467 0.0061 0.6652
vn -0.9673 0.0061 0.2536
vn -0.9950 0.0061 0.0994
vn -0.9573 0.0061 -0.2891
vn -0.9003 0.0061 -0.4353
vn -0.7739 0.0061 -0.6333
vn -0.6653 0.0061 -0.7466
vn -0.4020 0.0061 -0.9156
vn -0.3288 0.0061 -0.9444
vn -0.0992 0.0061 -0.9950
vn -0.0210 0.0061 -0.9998
vn 0.1357 0.0061 -0.9907
vn 0.2129 0.0061 -0.9770
vn 0.2891 0.0061 -0.9573
vn 0.5706 0.0061 -0.8212
vn 0.6334 0.0061 -0.7738
vn 0.7466 0.0061 -0.6653
vn 0.8415 0.0061 -0.5403
vn 0.9672 0.0061 -0.2538
vn 0.9842 0.0061 -0.1772
vn 0.9950 0.0061 -0.0994
vn 0.9998 0.0061 -0.0210
vn 0.9907 0.0061 0.1357
vn 0.9003 0.0061 0.4353
vn -0.0001 -1.0000 -0.0000
vn -0.0000 -1.0000 -0.0001
vn -0.1392 -0.0000 -0.9903
vn -0.3366 -0.0001 -0.9417
vn -0.5483 -0.0000 -0.8363
vn -0.7062 -0.0000 -0.7080
vn -0.9988 -0.0000 0.0500
vn -0.9778 -0.0000 0.2094
vn -0.9759 -0.0000 0.2181
vn -0.9970 -0.0000 0.0772
vn 0.4461 -0.0001 -0.8950
vn 0.5690 -0.0000 -0.8224
vn 0.5615 -0.0000 -0.8275
vn 0.4216 -0.0000 -0.9068
vn -0.3907 -0.0000 -0.9205
vn -0.5688 -0.0002 -0.8224
vn -0.7461 -0.0000 -0.6658
vn -0.8654 -0.0000 -0.5011
vn -0.9518 -0.0000 0.3068
vn -0.8904 0.0001 0.4552
vn -0.8862 -0.0000 0.4632
vn -0.9431 0.0001 0.3325
vn 0.2005 0.0001 -0.9797
vn 0.3371 -0.0000 -0.9415
vn 0.3316 -0.0004 -0.9434
vn 0.1808 -0.0000 -0.9835
vn -0.6237 -0.0000 -0.7817
vn -0.7660 0.0001 -0.6429
vn -0.8924 0.0001 -0.4512
vn -0.9650 -0.0000 -0.2622
vn -0.8400 -0.0000 0.5426
vn -0.7422 -0.0002 0.6702
vn -0.7361 -0.0000 0.6769
vn -0.8249 -0.0000 0.5652
vn -0.0610 0.0001 -0.9981
vn 0.0815 -0.0000 -0.9967
vn 0.0725 -0.0001 -0.9974
vn -0.0882 -0.0000 -0.9961
vn -0.7986 -0.0000 -0.6018
vn -0.9039 -0.0000 -0.4278
vn -0.9791 -0.0002 -0.2035
vn -1.0000 -0.0000 -0.0013
vn -0.6709 -0.0000 0.7416
vn -0.5434 -0.0002 0.8395
vn -0.5358 -0.0000 0.8444
vn -0.6504 -0.0000 0.7596
vn -0.3174 0.0001 -0.9483
vn -0.1792 -0.0000 -0.9838
vn -0.1880 -0.0002 -0.9822
vn -0.3430 -0.0000 -0.9393
vn -0.9272 -0.0000 -0.3746
vn -0.9838 -0.0001 -0.1793
vn -0.9984 -0.0001 0.0567
vn -0.9663 -0.0000 0.2576
vn -0.4562 -0.0000 0.8899
vn -0.3076 0.0002 0.9515
vn -0.2991 -0.0000 0.9542
vn -0.4317 -0.0000 0.9020
vn -0.5519 -0.0001 -0.8339
vn -0.4278 -0.0000 -0.9039
vn -0.4358 -0.0000 -0.9001
vn -0.5745 -0.0000 -0.8185
vn -0.9925 -0.0000 -0.1219
vn -0.9967 0.0001 0.0815
vn -0.9497 0.0001 0.3133
vn -0.8667 -0.0000 0.4989
vn -0.2102 -0.0000 0.9776
vn -0.0509 -0.0000 0.9987
vn -0.0419 -0.0000 0.9991
vn -0.1836 0.0001 0.9830
vn -0.7490 -0.0000 -0.6625
vn -0.6472 -0.0000 -0.7624
vn -0.6540 -0.0000 -0.7565
vn -0.7667 -0.0000 -0.6420
vn -0.9903 -0.0000 0.1392
vn -0.9417 -0.0001 0.3366
vn -0.8363 -0.0000 0.5483
vn -0.7080 -0.0000 0.7062
vn 0.0500 -0.0000 0.9988
vn 0.2094 0.0003 0.9778
vn 0.2181 -0.0000 0.9759
vn 0.0772 -0.0000 0.9970
vn -0.8950 -0.0000 -0.4461
vn -0.8224 -0.0000 -0.5689
vn -0.8275 -0.0000 -0.5615
vn -0.9068 -0.0000 -0.4216
vn -0.9205 -0.0000 0.3908
vn -0.8224 0.0001 0.5688
vn -0.6658 -0.0000 0.7461
vn -0.5011 -0.0000 0.8654
vn 0.3068 -0.0000 0.9518
vn 0.4552 -0.0000 0.8904
vn 0.4632 -0.0000 0.8862
vn 0.3325 -0.0000 0.9431
vn -0.9799 -0.0000 -0.1994
vn -0.9416 -0.0000 -0.3366
vn -0.9446 -0.0001 -0.3281
vn -0.9850 -0.0000 -0.1725
vn -0.7880 -0.0000 0.6156
vn -0.6472 -0.0001 0.7623
vn -0.4500 -0.0001 0.8930
vn -0.2600 -0.0000 0.9656
vn 0.5425 -0.0000 0.8400
vn 0.6702 0.0001 0.7422
vn 0.6768 -0.0000 0.7361
vn 0.5652 0.0001 0.8249
vn -0.9981 -0.0001 0.0610
vn -0.9967 -0.0000 -0.0815
vn -0.9974 0.0001 -0.0725
vn -0.9961 -0.0000 0.0882
vn -0.6018 -0.0000 0.7986
vn -0.4278 -0.0003 0.9039
vn -0.2035 -0.0000 0.9791
vn -0.0013 -0.0000 1.0000
vn 0.7415 -0.0000 0.6709
vn 0.8395 0.0001 0.5434
vn 0.8444 -0.0000 0.5358
vn 0.7596 0.0001 0.6504
vn -0.9483 -0.0000 0.3174
vn -0.9838 -0.0000 0.1792
vn -0.9822 -0.0000 0.1879
vn -0.9393 -0.0000 0.3431
vn -0.3746 -0.0000 0.9272
vn -0.1793 0.0002 0.9838
vn 0.0567 0.0001 0.9984
vn 0.2575 -0.0000 0.9663
vn 0.8899 -0.0000 0.4562
vn 0.9515 -0.0000 0.3076
vn 0.9543 -0.0000 0.2990
vn 0.9020 0.0001 0.4318
vn -0.8339 -0.0000 0.5519
vn -0.9039 -0.0000 0.4278
vn -0.9001 -0.0000 0.4357
vn -0.8185 -0.0000 0.5744
vn -0.1218 -0.0000 0.9926
vn 0.0815 -0.0001 0.9967
vn 0.3133 0.0001 0.9497
vn 0.4988 -0.0000 0.8667
vn 0.9777 -0.0000 0.2102
vn 0.9987 0.0004 0.0509
vn 0.9991 -0.0000 0.0420
vn 0.9830 -0.0000 0.1836
vn -0.6625 0.0001 0.7490
vn -0.7624 -0.0000 0.6472
vn -0.7565 -0.0000 0.6540
vn -0.6420 -0.0000 0.7667
vn 0.1392 -0.0000 0.9903
vn 0.3366 -0.0000 0.9417
vn 0.5483 0.0001 0.8363
vn 0.7062 -0.0000 0.7081
vn 0.9988 -0.0000 -0.0500
vn 0.9778 -0.0000 -0.2093
vn 0.9759 -0.0000 -0.2181
vn 0.9970 -0.0000 -0.0772
vn -0.4461 -0.0002 0.8950
vn -0.5688 -0.0000 0.8225
vn -0.5615 -0.0001 0.8275
vn -0.4216 -0.0000 0.9068
vn 0.3907 -0.0000 0.9205
vn 0.5688 -0.0003 0.8224
vn 0.7461 -0.0000 0.6658
vn 0.8654 -0.0000 0.5011
vn 0.9518 -0.0000 -0.3068
vn 0.8904 -0.0000 -0.4553
vn 0.8862 -0.0000 -0.4632
vn 0.9431 -0.0000 -0.3325
vn -0.1994 -0.0000 0.9799
vn -0.3366 -0.0000 0.9416
vn -0.3283 -0.0001 0.9446
vn -0.1725 -0.0000 0.9850
vn 0.6156 -0.0000 0.7881
vn 0.7623 -0.0001 0.6472
vn 0.8930 -0.0001 0.4500
vn 0.9656 -0.0000 0.2601
vn 0.8400 -0.0000 -0.5426
vn 0.7422 0.0001 -0.6702
vn 0.7361 -0.0000 -0.6768
vn 0.8248 -0.0000 -0.5654
vn 0.0610 -0.0000 0.9981
vn -0.0815 -0.0000 0.9967
vn -0.0725 0.0001 0.9974
vn 0.0882 -0.0000 0.9961
vn 0.7986 -0.0000 0.6019
vn 0.9039 -0.0001 0.4278
vn 0.9791 -0.0001 0.2035
vn 1.0000 -0.0000 0.0013
vn 0.6709 -0.0000 -0.7416
vn 0.5434 -0.0000 -0.8395
vn 0.5358 -0.0000 -0.8444
vn 0.6504 0.0002 -0.7596
vn 0.3174 -0.0000 0.9483
vn 0.1793 -0.0000 0.9838
vn 0.1880 -0.0000 0.9822
vn 0.3430 -0.0000 0.9393
vn 0.9272 -0.0000 0.3746
vn 0.9838 -0.0000 0.1793
vn 0.9984 0.0001 -0.0567
vn 0.9663 -0.0000 -0.2576
vn 0.4562 -0.0000 -0.8899
vn 0.3076 -0.0001 -0.9515
vn 0.2990 -0.0000 -0.9543
vn 0.4318 -0.0000 -0.9020
vn 0.5520 -0.0000 0.8339
vn 0.4278 -0.0000 0.9039
vn 0.4357 -0.0000 0.9001
vn 0.5745 -0.0000 0.8185
vn 0.9925 -0.0000 0.1219
vn 0.9967 0.0001 -0.0815
vn 0.9497 -0.0000 -0.3133
vn 0.8667 -0.0000 -0.4988
vn 0.2102 -0.0000 -0.9776
vn 0.0509 -0.0000 -0.9987
vn 0.0420 -0.0000 -0.9991
vn 0.1836 -0.0000 -0.9830
vn 0.7490 -0.0000 0.6625
vn 0.6472 -0.0000 0.7624
vn 0.6540 -0.0000 0.7565
vn 0.7667 -0.0000 0.6420
vn 0.9903 -0.0000 -0.1391
vn 0.9417 -0.0000 -0.3366
vn 0.8363 -0.0003 -0.5483
vn 0.7080 -0.0000 -0.7062
vn -0.0500 -0.0000 -0.9988
vn -0.2094 -0.0000 -0.9778
vn -0.2181 -0.0000 -0.9759
vn -0.0771 -0.0001 -0.9970
vn 0.8950 -0.0000 0.4461
vn 0.8224 -0.0000 0.5690
vn 0.8275 -0.0000 0.5615
vn 0.9068 -0.0000 0.4217
vn 0.9205 -0.0000 -0.3907
vn 0.8224 -0.0002 -0.5688
vn 0.6658 -0.0002 -0.7461
vn 0.5012 -0.0000 -0.8654
vn -0.3068 -0.0000 -0.9518
vn -0.4553 -0.0001 -0.8904
vn -0.4632 -0.0000 -0.8862
vn -0.3325 -0.0000 -0.9431
vn 0.9799 -0.0000 0.1993
vn 0.9416 -0.0000 0.3366
vn 0.9446 -0.0000 0.3281
vn 0.9850 -0.0000 0.1725
vn 0.7880 -0.0000 -0.6157
vn 0.6472 0.0001 -0.7624
vn 0.4501 0.0002 -0.8930
vn 0.2601 -0.0000 -0.9656
vn -0.5425 -0.0000 -0.8400
vn -0.6702 -0.0000 -0.7422
vn -0.6768 -0.0000 -0.7362
vn -0.5654 -0.0000 -0.8248
vn 0.9981 -0.0000 -0.0610
vn 0.9967 -0.0000 0.0815
vn 0.9974 -0.0000 0.0726
vn 0.9961 -0.0000 -0.0882
vn 0.6018 -0.0000 -0.7987
vn 0.4278 -0.0000 -0.9039
vn 0.2035 -0.0001 -0.9791
vn 0.0012 -0.0000 -1.0000
vn -0.7416 -0.0000 -0.6709
vn -0.8395 0.0002 -0.5434
vn -0.8444 -0.0000 -0.5358
vn -0.7596 0.0001 -0.6504
vn 0.9483 -0.0000 -0.3174
vn 0.9838 -0.0000 -0.1792
vn 0.9822 0.0002 -0.1880
vn 0.9393 -0.0000 -0.3430
vn 0.3747 -0.0000 -0.9272
vn 0.1793 0.0001 -0.9838
vn -0.0567 -0.0000 -0.9984
vn -0.2576 -0.0000 -0.9663
vn -0.8899 -0.0000 -0.4562
vn -0.9515 -0.0000 -0.3076
vn -0.9543 -0.0000 -0.2990
vn -0.9020 -0.0000 -0.4317
vn 0.8339 -0.0001 -0.5519
vn 0.9039 -0.0000 -0.4278
vn 0.9001 -0.0000 -0.4358
vn 0.8185 -0.0000 -0.5745
vn 0.1219 -0.0000 -0.9925
vn -0.0815 -0.0001 -0.9967
vn -0.3133 -0.0000 -0.9497
vn -0.4989 -0.0000 -0.8667
vn -0.9776 -0.0000 -0.2102
vn -0.9987 -0.0000 -0.0509
vn -0.9991 -0.0000 -0.0420
vn -0.9830 -0.0000 -0.1836
vn 0.6625 0.0001 -0.7490
vn 0.7624 -0.0000 -0.6472
vn 0.7565 -0.0004 -0.6539
vn 0.6420 -0.0000 -0.7667
vn 0.3991 -0.0000 -0.9169
vn 0.4779 -0.0000 -0.8784
vn 0.6229 -0.0000 -0.7823
vn 0.6889 -0.0000 -0.7248
vn 0.8041 -0.0000 -0.5945
vn 0.8531 -0.0000 -0.5218
vn 0.9306 -0.0000 -0.3660
vn 0.9590 -0.0000 -0.2832
vn 0.9936 -0.0000 -0.1128
vn 0.9997 -0.0000 -0.0253
vn 0.9890 -0.0000 0.1482
vn 0.9722 -0.0000 0.2343
vn 0.9169 -0.0000 0.3991
vn 0.8784 -0.0000 0.4779
vn 0.7823 -0.0000 0.6229
vn 0.7248 -0.0000 0.6889
vn 0.5945 -0.0000 0.8041
vn 0.5218 -0.0000 0.8531
vn 0.3660 -0.0000 0.9306
vn 0.2832 -0.0000 0.9590
vn 0.1128 -0.0000 0.9936
vn 0.0253 -0.0000 0.9997
vn -0.1482 -0.0000 0.9890
vn -0.2343 -0.0000 0.9722
vn -0.3991 -0.0000 0.9169
vn -0.4779 -0.0000 0.8784
vn -0.6229 -0.0000 0.7823
vn -0.6889 -0.0000 0.7248
vn -0.8041 -0.0000 0.5945
vn -0.8531 -0.0000 0.5218
vn -0.9306 -0.0000 0.3660
vn -0.9590 -0.0000 0.2832
vn -0.9936 -0.0000 0.1128
vn -0.9997 -0.0000 0.0253
vn -0.9890 -0.0000 -0.1482
vn -0.9722 -0.0000 -0.2343
vn -0.9169 -0.0000 -0.3991
vn -0.8784 -0.0000 -0.4779
vn -0.7823 -0.0000 -0.6229
vn -0.7248 -0.0000 -0.6889
vn -0.5945 -0.0000 -0.8041
vn -0.5218 -0.0000 -0.8531
vn -0.3660 -0.0000 -0.9306
vn -0.2832 -0.0000 -0.9590
vn -0.1128 -0.0000 -0.9936
vn -0.0253 -0.0000 -0.9997
vn 0.1482 -0.0000 -0.9890
vn 0.2343 -0.0000 -0.9722
vn -0.7633 -0.0000 0.6461
vn -0.8451 -0.0000 -0.5347
vn -0.5700 -0.0000 0.8216
vn -0.9546 -0.0000 -0.2977
vn -0.3380 -0.0000 0.9412
vn -0.9992 -0.0000 -0.0405
vn -0.0828 -0.0000 0.9966
vn -0.9756 -0.0000 0.2195
vn 0.1779 -0.0000 0.9841
vn 0.1779 -0.0000 0.9840
vn -0.8856 -0.0000 0.4645
vn 0.4265 -0.0000 0.9045
vn -0.7352 -0.0000 0.6779
vn 0.6461 -0.0000 0.7633
vn -0.5347 -0.0000 0.8451
vn 0.8216 -0.0000 0.5700
vn -0.2977 -0.0000 0.9546
vn 0.9412 -0.0000 0.3379
vn -0.0405 -0.0000 0.9992
vn 0.9966 -0.0000 0.0829
vn 0.2195 -0.0000 0.9756
vn 0.9840 -0.0000 -0.1779
vn 0.4645 -0.0000 0.8856
vn 0.9045 -0.0000 -0.4265
vn 0.6779 -0.0000 0.7352
vn 0.7633 -0.0000 -0.6461
vn 0.8450 -0.0000 0.5347
vn 0.8451 -0.0000 0.5347
vn 0.5701 -0.0000 -0.8216
vn 0.9546 -0.0000 0.2977
vn 0.3380 -0.0000 -0.9412
vn 0.9992 -0.0000 0.0405
vn 0.0828 -0.0000 -0.9966
vn 0.9756 -0.0000 -0.2194
vn -0.1779 -0.0000 -0.9840
vn 0.8856 -0.0000 -0.4645
vn -0.4265 -0.0000 -0.9045
vn 0.7352 -0.0000 -0.6779
vn -0.6461 -0.0000 -0.7633
vn 0.5347 -0.0000 -0.8451
vn -0.8216 -0.0000 -0.5700
vn 0.2977 -0.0000 -0.9546
vn -0.9412 -0.0000 -0.3380
vn 0.0405 -0.0000 -0.9992
vn -0.9966 -0.0000 -0.0829
vn -0.2195 -0.0000 -0.9756
vn -0.9841 -0.0000 0.1779
vn -0.4645 -0.0000 -0.8856
vn -0.9045 -0.0000 0.4265
vn -0.6779 -0.0000 -0.7352
vn -0.1442 -0.0000 0.9895
vn 0.4649 0.0001 0.8853
vn 0.0708 -0.0000 0.9975
vn 0.6436 -0.0001 0.7654
vn 0.7248 -0.0000 0.6890
vn 0.5218 -0.0000 0.8530
vn -0.5847 -0.0000 0.8112
vn 0.0038 -0.0002 1.0000
vn -0.3977 -0.0001 0.9175
vn 0.2177 -0.0001 0.9760
vn 0.6984 -0.0000 -0.7157
vn 0.1442 -0.0001 -0.9895
vn 0.5290 0.0001 -0.8486
vn -0.0708 -0.0000 -0.9975
vn -0.9857 -0.0000 0.1686
vn -0.6984 -0.0001 0.7157
vn -0.9268 -0.0000 0.3756
vn -0.5291 -0.0000 0.8486
vn -0.8965 -0.0000 -0.4430
vn -0.9706 -0.0000 -0.2408
vn 0.9499 -0.0000 -0.3126
vn 0.5847 -0.0000 -0.8112
vn 0.8610 -0.0000 -0.5086
vn 0.3977 -0.0000 -0.9175
vn -0.0038 -0.0001 -1.0000
vn -0.2177 -0.0001 -0.9760
vn -0.5908 -0.0000 -0.8068
vn -0.7498 -0.0000 -0.6617
vn 0.8965 -0.0000 0.4430
vn 0.9706 -0.0000 0.2408
vn 0.9857 -0.0000 -0.1686
vn 0.9268 -0.0000 -0.3756
vn 0.3661 -0.0000 0.9306
vn 0.2832 -0.0000 0.9591
vn -0.4649 -0.0000 -0.8853
vn -0.6436 -0.0000 -0.7654
vn -0.9499 -0.0000 0.3126
vn -0.8610 -0.0000 0.5086
vn 0.9169 -0.0000 0.3992
vn -0.9522 -0.0000 -0.3054
vn -0.9955 -0.0000 -0.0947
vn 0.5908 -0.0000 0.8068
vn 0.9522 -0.0000 0.3054
vn 0.7497 -0.0000 0.6617
vn 0.9955 -0.0000 0.0947
vn -0.4650 -0.0000 -0.8853
vn -0.6435 -0.0000 -0.7654
vn -0.7248 -0.0000 -0.6890
vn -0.5218 -0.0000 -0.8530
vn -0.0038 -0.0000 -1.0000
vn -0.6984 -0.0000 0.7157
vn -0.1442 -0.0001 0.9895
vn -0.5290 -0.0000 0.8486
vn 0.5291 -0.0000 -0.8486
vn 0.8965 -0.0001 0.4430
vn -0.3977 -0.0000 0.9175
vn 0.0038 -0.0000 1.0000
vn 0.2177 -0.0000 0.9760
vn 0.5908 0.0001 0.8068
vn -0.8965 -0.0001 -0.4430
vn -0.3661 -0.0000 -0.9306
vn -0.2832 -0.0000 -0.9591
vn 0.4649 -0.0000 0.8853
vn 0.8610 -0.0001 -0.5086
vn -0.9169 -0.0000 -0.3992
vn -0.5909 -0.0001 -0.8068
vn -0.7497 0.0001 -0.6617
vn 0.9895 -0.0001 0.1442
vn 0.8853 -0.0001 -0.4649
vn 0.9975 -0.0000 -0.0708
vn 0.7654 0.0001 -0.6436
vn 0.6890 -0.0000 -0.7248
vn 0.8530 -0.0000 -0.5218
vn 0.8112 0.0001 0.5847
vn 1.0000 -0.0000 -0.0038
vn 0.9175 -0.0001 0.3977
vn 0.9760 -0.0001 -0.2176
vn -0.7157 -0.0000 -0.6984
vn -0.9895 -0.0001 -0.1442
vn -0.8486 -0.0001 -0.5290
vn -0.9975 -0.0000 0.0708
vn 0.1686 -0.0000 0.9857
vn 0.7157 -0.0000 0.6984
vn 0.3756 -0.0000 0.9268
vn 0.8486 -0.0000 0.5291
vn -0.4430 -0.0001 0.8965
vn -0.2408 -0.0000 0.9706
vn -0.3126 -0.0001 -0.9499
vn -0.8112 -0.0000 -0.5847
vn -0.5086 0.0001 -0.8610
vn -0.9175 -0.0000 -0.3977
vn -1.0000 -0.0001 0.0038
vn -0.9760 -0.0000 0.2176
vn -0.8068 -0.0000 0.5908
vn -0.6617 -0.0001 0.7497
vn 0.4430 -0.0000 -0.8965
vn 0.2408 -0.0000 -0.9706
vn -0.1686 0.0001 -0.9857
vn -0.3756 -0.0001 -0.9268
vn 0.9306 -0.0000 -0.3661
vn 0.9591 -0.0000 -0.2832
vn -0.8853 -0.0000 0.4649
vn -0.7654 -0.0000 0.6436
vn 0.3126 -0.0000 0.9499
vn 0.5086 -0.0000 0.8610
vn 0.3992 -0.0000 -0.9169
vn -0.3054 -0.0000 0.9522
vn -0.0947 -0.0000 0.9955
vn 0.8068 -0.0000 -0.5908
vn 0.3054 -0.0000 -0.9522
vn 0.6617 -0.0000 -0.7497
vn 0.0947 -0.0000 -0.9955
vn -0.7654 0.0001 0.6436
vn -0.6890 -0.0000 0.7248
vn -0.8530 -0.0000 0.5218
vn -0.8112 -0.0001 -0.5847
vn -1.0000 -0.0000 0.0038
vn -0.9760 -0.0000 0.2177
vn 0.7157 -0.0001 0.6984
vn 0.9895 -0.0000 0.1442
vn 0.8486 -0.0000 0.5290
vn -0.1686 -0.0000 -0.9857
vn -0.3756 0.0001 -0.9268
vn -0.8486 -0.0000 -0.5291
vn 0.4430 -0.0001 -0.8965
vn 0.2409 -0.0001 -0.9706
vn 0.8112 -0.0001 0.5847
vn 0.5086 -0.0001 0.8610
vn 0.9175 -0.0000 0.3977
vn 1.0000 -0.0001 -0.0038
vn 0.9760 -0.0000 -0.2177
vn -0.4430 -0.0000 0.8965
vn -0.9306 -0.0000 0.3661
vn -0.9591 -0.0000 0.2832
vn 0.7654 -0.0000 -0.6436
vn -0.3126 -0.0000 -0.9499
vn -0.5086 -0.0000 -0.8610
vn -0.3992 -0.0000 0.9169
vn -0.8068 -0.0001 0.5908
vn -0.3054 -0.0001 0.9522
vn -0.6617 -0.0000 0.7497
vn -0.0947 -0.0001 0.9955
vn 0.9936 -0.0000 -0.1127
vn 0.9889 -0.0000 0.1483
vn 0.1127 -0.0000 0.9936
vn -0.6228 -0.0000 0.7824
vn -0.9936 -0.0000 0.1127
vn -0.9889 -0.0000 -0.1483
vn -0.7824 -0.0000 -0.6228
vn -0.1127 -0.0000 -0.9936
vn 0.1483 -0.0000 -0.9889
vn 0.4389 -0.4974 0.7483
vn 0.2071 -0.9123 0.3533
vn 0.1037 -0.9788 0.1768
vn -0.1037 -0.9788 -0.1768
vn -0.2073 -0.9123 -0.3533
vn -0.3749 -0.6716 -0.6391
vn -0.4389 -0.4974 -0.7483
vn -0.3749 -0.6714 -0.6392
vn -0.4390 -0.4971 -0.7484
vn -0.5030 -0.1076 -0.8576
vn -0.5030 0.1076 -0.8576
vn -0.4388 0.4973 -0.7484
vn -0.3750 0.6714 -0.6392
vn -0.2072 0.9123 -0.3532
vn -0.1037 0.9788 -0.1767
vn 0.1036 0.9788 0.1767
vn 0.2072 0.9123 0.3532
vn 0.3749 0.6715 0.6392
vn 0.4389 0.4974 0.7483
vn 0.5030 0.1075 0.8576
vn 0.5030 -0.1077 0.8576
vn 0.8626 -0.0000 -0.5060
vn -0.8626 0.0001 0.5059
vn -0.8626 -0.0000 0.5060
vn 0.7542 -0.4974 0.4286
vn 0.6443 -0.6714 0.3661
vn 0.1781 -0.9788 0.1013
vn -0.1781 -0.9788 -0.1012
vn -0.3560 -0.9123 -0.2024
vn -0.6442 -0.6716 -0.3661
vn -0.7542 -0.4974 -0.4286
vn -0.6444 -0.6714 -0.3661
vn -0.7544 -0.4971 -0.4287
vn -0.7543 0.4973 -0.4285
vn -0.6443 0.6714 -0.3661
vn -0.3560 0.9123 -0.2023
vn -0.1781 0.9788 -0.1012
vn 0.7542 0.4974 0.4286
vn 0.8644 -0.1077 0.4912
vn 0.8675 -0.4973 -0.0058
vn 0.7410 -0.6715 -0.0051
vn 0.2048 -0.9788 -0.0015
vn -0.2049 -0.9788 0.0014
vn -0.4095 -0.9123 0.0028
vn -0.7409 -0.6716 0.0051
vn -0.8675 -0.4973 0.0058
vn -0.7411 -0.6714 0.0051
vn -0.8677 -0.4971 0.0059
vn -0.9942 -0.1077 0.0068
vn -0.9942 0.1076 0.0068
vn -0.8675 0.4974 0.0061
vn -0.7410 0.6714 0.0051
vn -0.4095 0.9123 0.0027
vn -0.2049 0.9788 0.0014
vn 0.2048 0.9788 -0.0015
vn 0.4096 0.9123 -0.0028
vn 0.7410 0.6715 -0.0050
vn 0.8675 0.4973 -0.0059
vn 0.9942 0.1077 -0.0068
vn 0.9942 -0.1076 -0.0068
vt 0.356185 0.656192
vt 0.359855 0.657753
vt 0.356016 0.656544
vt 0.359716 0.658113
vt 0.352469 0.654659
vt 0.352661 0.654325
vt 0.349057 0.652535
vt 0.349278 0.652213
vt 0.343078 0.647209
vt 0.346090 0.649822
vt 0.342810 0.647492
vt 0.345847 0.650122
vt 0.340017 0.644608
vt 0.340303 0.644350
vt 0.337428 0.641537
vt 0.337737 0.641299
vt 0.333384 0.634629
vt 0.335442 0.638042
vt 0.333042 0.634816
vt 0.335119 0.638253
vt 0.331274 0.631212
vt 0.331625 0.631054
vt 0.329758 0.627491
vt 0.330125 0.627360
vt 0.328041 0.619669
vt 0.328946 0.623553
vt 0.327658 0.619741
vt 0.328574 0.623654
vt 0.327088 0.615765
vt 0.327471 0.615723
vt 0.326793 0.611754
vt 0.327183 0.611743
vt 0.327570 0.603778
vt 0.327235 0.607755
vt 0.327182 0.603729
vt 0.326850 0.607737
vt 0.327865 0.599767
vt 0.328243 0.599845
vt 0.328819 0.595857
vt 0.329194 0.595966
vt 0.332023 0.588500
vt 0.330475 0.592184
vt 0.331669 0.588333
vt 0.330114 0.592048
vt 0.333547 0.584771
vt 0.333882 0.584963
vt 0.335665 0.581343
vt 0.335989 0.581563
vt 0.340709 0.575059
vt 0.340994 0.575326
vt 0.338079 0.578116
vt 0.338380 0.578358
vt 0.343859 0.572533
vt 0.343599 0.572247
vt 0.346916 0.569945
vt 0.346676 0.569636
vt 0.353422 0.565211
vt 0.353611 0.565554
vt 0.349973 0.567310
vt 0.350185 0.567633
vt 0.357203 0.563781
vt 0.357043 0.563429
vt 0.360779 0.561894
vt 0.360912 0.562262
vt 0.368636 0.560154
vt 0.364738 0.561073
vt 0.368562 0.559769
vt 0.364635 0.560701
vt 0.372554 0.559195
vt 0.372597 0.559580
vt 0.376579 0.558890
vt 0.376591 0.559282
vt 0.384589 0.559668
vt 0.380595 0.559336
vt 0.384638 0.559278
vt 0.380613 0.558949
vt 0.388616 0.559971
vt 0.388538 0.560350
vt 0.392543 0.560927
vt 0.392433 0.561304
vt 0.399929 0.564153
vt 0.396229 0.562598
vt 0.400097 0.563798
vt 0.396366 0.562236
vt 0.403670 0.565692
vt 0.403478 0.566028
vt 0.407112 0.567820
vt 0.406890 0.568144
vt 0.413143 0.573180
vt 0.410103 0.570554
vt 0.413413 0.572894
vt 0.410345 0.570252
vt 0.416226 0.575804
vt 0.415940 0.576064
vt 0.418842 0.578895
vt 0.418531 0.579135
vt 0.422916 0.585866
vt 0.420840 0.582424
vt 0.423261 0.585678
vt 0.421164 0.582212
vt 0.425030 0.589318
vt 0.424677 0.589476
vt 0.426555 0.593069
vt 0.426185 0.593201
vt 0.428264 0.600956
vt 0.427358 0.597042
vt 0.428650 0.600885
vt 0.427732 0.596941
vt 0.429206 0.604892
vt 0.428821 0.604933
vt 0.429494 0.608930
vt 0.429102 0.608939
vt 0.428678 0.616953
vt 0.429029 0.612953
vt 0.429067 0.617004
vt 0.429415 0.612974
vt 0.428356 0.620984
vt 0.427978 0.620903
vt 0.427381 0.624908
vt 0.427005 0.624795
vt 0.424125 0.632274
vt 0.425696 0.628585
vt 0.424479 0.632444
vt 0.426056 0.628724
vt 0.422573 0.636003
vt 0.422239 0.635809
vt 0.420432 0.639426
vt 0.420110 0.639203
vt 0.415052 0.645414
vt 0.417692 0.642397
vt 0.415335 0.645685
vt 0.417991 0.642641
vt 0.412417 0.648476
vt 0.412160 0.648188
vt 0.409317 0.651063
vt 0.409081 0.650751
vt 0.402353 0.655085
vt 0.405793 0.653037
vt 0.402538 0.655430
vt 0.406002 0.653361
vt 0.398908 0.657181
vt 0.398752 0.656828
vt 0.395167 0.658681
vt 0.395039 0.658312
vt 0.387318 0.660355
vt 0.391214 0.659470
vt 0.387387 0.660739
vt 0.391312 0.659843
vt 0.383401 0.661285
vt 0.383362 0.660901
vt 0.379387 0.661557
vt 0.379379 0.661166
vt 0.371416 0.660728
vt 0.375390 0.661088
vt 0.371364 0.661114
vt 0.375368 0.661473
vt 0.367409 0.660406
vt 0.367490 0.660029
vt 0.363511 0.659427
vt 0.363623 0.659053
vt 0.358545 0.651275
vt 0.355387 0.649620
vt 0.358714 0.650924
vt 0.355581 0.649284
vt 0.361967 0.652315
vt 0.361826 0.652676
vt 0.352369 0.647725
vt 0.352589 0.647405
vt 0.346827 0.643256
vt 0.344338 0.640710
vt 0.347094 0.642974
vt 0.344625 0.640451
vt 0.349754 0.645297
vt 0.349511 0.645598
vt 0.342054 0.637977
vt 0.342362 0.637741
vt 0.338165 0.632018
vt 0.336583 0.628829
vt 0.338505 0.631832
vt 0.336936 0.628670
vt 0.340318 0.634862
vt 0.339994 0.635073
vt 0.335254 0.625525
vt 0.335619 0.625394
vt 0.333394 0.618654
vt 0.332875 0.615129
vt 0.333775 0.618582
vt 0.333260 0.615086
vt 0.334564 0.622024
vt 0.334190 0.622126
vt 0.332631 0.611572
vt 0.333019 0.611560
vt 0.332981 0.604455
vt 0.333573 0.600939
vt 0.333367 0.604502
vt 0.333953 0.601017
vt 0.333056 0.608023
vt 0.332669 0.608006
vt 0.334437 0.597479
vt 0.334811 0.597586
vt 0.336968 0.590813
vt 0.338620 0.587648
vt 0.337321 0.590977
vt 0.338958 0.587839
vt 0.335936 0.594233
vt 0.335572 0.594097
vt 0.340514 0.584621
vt 0.340837 0.584838
vt 0.344987 0.579055
vt 0.347539 0.576552
vt 0.345272 0.579320
vt 0.347802 0.576837
vt 0.342946 0.581992
vt 0.342642 0.581751
vt 0.350280 0.574254
vt 0.350520 0.574560
vt 0.356261 0.570336
vt 0.359466 0.568741
vt 0.356451 0.570676
vt 0.359628 0.569094
vt 0.353409 0.572502
vt 0.353194 0.572179
vt 0.362786 0.567400
vt 0.362921 0.567765
vt 0.369680 0.565522
vt 0.373212 0.564998
vt 0.369756 0.565904
vt 0.373257 0.565384
vt 0.366309 0.566698
vt 0.366203 0.566324
vt 0.376775 0.564751
vt 0.376789 0.565141
vt 0.383910 0.565102
vt 0.387438 0.565698
vt 0.383863 0.565489
vt 0.387359 0.566079
vt 0.380332 0.565176
vt 0.380349 0.564787
vt 0.390909 0.566567
vt 0.390801 0.566942
vt 0.397596 0.569112
vt 0.400770 0.570773
vt 0.397430 0.569466
vt 0.400577 0.571111
vt 0.394164 0.568073
vt 0.394302 0.567709
vt 0.403806 0.572677
vt 0.403586 0.572999
vt 0.409384 0.577171
vt 0.411891 0.579734
vt 0.409116 0.577455
vt 0.411603 0.579996
vt 0.406438 0.575119
vt 0.406682 0.574815
vt 0.414191 0.582484
vt 0.413882 0.582723
vt 0.418100 0.588485
vt 0.419686 0.591699
vt 0.417757 0.588671
vt 0.419330 0.591857
vt 0.415940 0.585620
vt 0.416266 0.585407
vt 0.421016 0.595028
vt 0.420648 0.595158
vt 0.422873 0.601947
vt 0.423387 0.605494
vt 0.422489 0.602017
vt 0.423000 0.605534
vt 0.421703 0.598551
vt 0.422080 0.598451
vt 0.423624 0.609070
vt 0.423233 0.609079
vt 0.423250 0.616219
vt 0.422642 0.619748
vt 0.422863 0.616167
vt 0.422262 0.619665
vt 0.423188 0.612630
vt 0.423577 0.612652
vt 0.421761 0.623218
vt 0.421388 0.623105
vt 0.418846 0.629723
vt 0.419197 0.629893
vt 0.417195 0.632859
vt 0.417530 0.633055
vt 0.420609 0.626607
vt 0.420247 0.626465
vt 0.415304 0.635853
vt 0.415623 0.636077
vt 0.410835 0.641351
vt 0.411115 0.641621
vt 0.408285 0.643820
vt 0.408542 0.644111
vt 0.413484 0.638935
vt 0.413186 0.638688
vt 0.405550 0.646082
vt 0.405784 0.646393
vt 0.399597 0.649925
vt 0.399780 0.650268
vt 0.396416 0.651483
vt 0.396571 0.651839
vt 0.402857 0.648448
vt 0.402648 0.648120
vt 0.393124 0.652787
vt 0.393251 0.653155
vt 0.386357 0.654984
vt 0.382827 0.655487
vt 0.386290 0.654602
vt 0.382789 0.655101
vt 0.389839 0.654204
vt 0.389742 0.653828
vt 0.379268 0.655714
vt 0.379261 0.655325
vt 0.372157 0.655325
vt 0.368648 0.654713
vt 0.372210 0.654941
vt 0.368731 0.654335
vt 0.375728 0.655271
vt 0.375705 0.655658
vt 0.365197 0.653830
vt 0.365310 0.653458
vt 0.354754 0.659183
vt 0.351026 0.657151
vt 0.354924 0.658827
vt 0.351216 0.656821
vt 0.358823 0.660421
vt 0.358686 0.660776
vt 0.347389 0.654962
vt 0.347613 0.654637
vt 0.340777 0.649638
vt 0.337861 0.646550
vt 0.341048 0.649352
vt 0.338143 0.646295
vt 0.344264 0.652075
vt 0.344025 0.652370
vt 0.335083 0.643341
vt 0.335395 0.643101
vt 0.330449 0.636229
vt 0.328637 0.632390
vt 0.330795 0.636041
vt 0.328983 0.632234
vt 0.333007 0.639627
vt 0.332689 0.639834
vt 0.326992 0.628478
vt 0.327363 0.628346
vt 0.324796 0.620280
vt 0.324264 0.616068
vt 0.325183 0.620207
vt 0.324642 0.616027
vt 0.326172 0.624302
vt 0.325805 0.624401
vt 0.323914 0.611840
vt 0.324308 0.611829
vt 0.324365 0.603369
vt 0.325162 0.599202
vt 0.324756 0.603419
vt 0.325534 0.599279
vt 0.324429 0.607617
vt 0.324049 0.607598
vt 0.326136 0.595074
vt 0.326515 0.595185
vt 0.329189 0.587163
vt 0.331239 0.583450
vt 0.329545 0.587332
vt 0.331570 0.583639
vt 0.327934 0.591220
vt 0.327578 0.591085
vt 0.333445 0.579830
vt 0.333771 0.580053
vt 0.338795 0.573258
vt 0.341891 0.570363
vt 0.339082 0.573529
vt 0.342147 0.570646
vt 0.336348 0.576725
vt 0.336051 0.576486
vt 0.345105 0.567606
vt 0.345346 0.567918
vt 0.352215 0.563012
vt 0.356048 0.561218
vt 0.352405 0.563359
vt 0.356204 0.561566
vt 0.348821 0.565552
vt 0.348612 0.565232
vt 0.359950 0.559589
vt 0.360083 0.559961
vt 0.368113 0.557418
vt 0.372302 0.556893
vt 0.368187 0.557806
vt 0.372344 0.557273
vt 0.364111 0.558784
vt 0.364011 0.558416
vt 0.376506 0.556547
vt 0.376518 0.556943
vt 0.384928 0.556997
vt 0.389071 0.557789
vt 0.384878 0.557389
vt 0.388993 0.558163
vt 0.380704 0.557064
vt 0.380723 0.556683
vt 0.393176 0.558755
vt 0.393065 0.559135
vt 0.401050 0.561779
vt 0.404748 0.563809
vt 0.400880 0.562137
vt 0.404558 0.564141
vt 0.397010 0.560541
vt 0.397145 0.560184
vt 0.408357 0.565993
vt 0.408134 0.566320
vt 0.414921 0.571294
vt 0.417817 0.574364
vt 0.414649 0.571582
vt 0.417534 0.574621
vt 0.411456 0.568872
vt 0.411695 0.568574
vt 0.420580 0.577554
vt 0.420267 0.577796
vt 0.425193 0.584623
vt 0.427001 0.588438
vt 0.424846 0.584813
vt 0.426652 0.588595
vt 0.422642 0.581249
vt 0.422962 0.581040
vt 0.428645 0.592326
vt 0.428272 0.592459
vt 0.430855 0.600474
vt 0.431401 0.604663
vt 0.430466 0.600547
vt 0.431021 0.604703
vt 0.429467 0.596477
vt 0.429836 0.596377
vt 0.431769 0.608870
vt 0.431374 0.608880
vt 0.431364 0.617308
vt 0.430593 0.621463
vt 0.430972 0.617256
vt 0.430219 0.621384
vt 0.431274 0.613073
vt 0.431656 0.613093
vt 0.429647 0.625581
vt 0.429267 0.625469
vt 0.426657 0.633488
vt 0.424639 0.637205
vt 0.426300 0.633317
vt 0.424309 0.637014
vt 0.427879 0.629430
vt 0.428236 0.629567
vt 0.422465 0.640833
vt 0.422139 0.640608
vt 0.416878 0.647160
vt 0.417163 0.647433
vt 0.413831 0.650062
vt 0.414086 0.650346
vt 0.419885 0.644190
vt 0.419589 0.643949
vt 0.410647 0.652810
vt 0.410886 0.653124
vt 0.403606 0.657415
vt 0.403794 0.657763
vt 0.399810 0.659234
vt 0.399964 0.659581
vt 0.407389 0.655519
vt 0.407182 0.655199
vt 0.396062 0.661236
vt 0.395932 0.660863
vt 0.387881 0.663457
vt 0.383676 0.664003
vt 0.387810 0.663069
vt 0.383637 0.663624
vt 0.391897 0.662066
vt 0.391995 0.662434
vt 0.379452 0.664368
vt 0.379443 0.663974
vt 0.370983 0.663946
vt 0.366814 0.663162
vt 0.371035 0.663555
vt 0.366894 0.662790
vt 0.375233 0.663868
vt 0.375213 0.664248
vt 0.362683 0.662201
vt 0.362796 0.661824
vt 0.352453 0.664016
vt 0.356716 0.665921
vt 0.352281 0.664378
vt 0.356579 0.666283
vt 0.348086 0.662259
vt 0.348278 0.661924
vt 0.344137 0.659705
vt 0.344363 0.659375
vt 0.337099 0.653522
vt 0.340566 0.656654
vt 0.336824 0.653813
vt 0.340324 0.656955
vt 0.333489 0.650499
vt 0.333776 0.650239
vt 0.330525 0.646846
vt 0.330843 0.646602
vt 0.325751 0.638786
vt 0.328076 0.642838
vt 0.325400 0.638977
vt 0.327753 0.643049
vt 0.323258 0.634792
vt 0.323611 0.634635
vt 0.321574 0.630401
vt 0.321951 0.630268
vt 0.319535 0.621260
vt 0.320489 0.625832
vt 0.319142 0.621332
vt 0.320115 0.625933
vt 0.318403 0.616691
vt 0.318788 0.616651
vt 0.318163 0.611996
vt 0.318563 0.611986
vt 0.319055 0.602676
vt 0.318547 0.607317
vt 0.318659 0.602623
vt 0.318160 0.607297
vt 0.319391 0.597981
vt 0.319769 0.598062
vt 0.320616 0.593442
vt 0.320999 0.593556
vt 0.323991 0.584682
vt 0.324352 0.584855
vt 0.322066 0.588971
vt 0.322429 0.589111
vt 0.326462 0.580691
vt 0.326127 0.580497
vt 0.329029 0.576792
vt 0.328700 0.576564
vt 0.334619 0.569287
vt 0.334908 0.569564
vt 0.331464 0.572766
vt 0.331764 0.573012
vt 0.338199 0.566259
vt 0.337941 0.565970
vt 0.341842 0.563348
vt 0.341599 0.563029
vt 0.349466 0.557942
vt 0.349656 0.558295
vt 0.345396 0.560274
vt 0.345606 0.560600
vt 0.353800 0.556171
vt 0.353644 0.555816
vt 0.358157 0.554530
vt 0.358024 0.554151
vt 0.367057 0.551747
vt 0.367129 0.552140
vt 0.362477 0.552705
vt 0.362576 0.553080
vt 0.371676 0.551011
vt 0.371716 0.551397
vt 0.376346 0.550777
vt 0.376356 0.551178
vt 0.385618 0.551667
vt 0.381001 0.551159
vt 0.385671 0.551270
vt 0.381021 0.550771
vt 0.390289 0.551993
vt 0.390209 0.552374
vt 0.394804 0.553212
vt 0.394690 0.553597
vt 0.403352 0.556919
vt 0.399115 0.555011
vt 0.403524 0.556557
vt 0.399254 0.554648
vt 0.407696 0.558669
vt 0.407502 0.559006
vt 0.411617 0.561220
vt 0.411390 0.561551
vt 0.418611 0.567381
vt 0.415166 0.564260
vt 0.418887 0.567089
vt 0.415411 0.563957
vt 0.422208 0.570385
vt 0.421920 0.570646
vt 0.425154 0.574022
vt 0.424837 0.574267
vt 0.429911 0.582043
vt 0.427596 0.578010
vt 0.430263 0.581850
vt 0.427921 0.577797
vt 0.432407 0.586012
vt 0.432052 0.586171
vt 0.434087 0.590381
vt 0.433709 0.590517
vt 0.436139 0.599480
vt 0.435179 0.594929
vt 0.436533 0.599405
vt 0.435555 0.594826
vt 0.437290 0.604025
vt 0.436903 0.604068
vt 0.437544 0.608701
vt 0.437143 0.608714
vt 0.436694 0.617994
vt 0.437182 0.613366
vt 0.437092 0.618045
vt 0.437571 0.613384
vt 0.436387 0.622676
vt 0.436007 0.622598
vt 0.435187 0.627207
vt 0.434802 0.627095
vt 0.431508 0.635791
vt 0.433403 0.631536
vt 0.431871 0.635962
vt 0.433766 0.631673
vt 0.429767 0.640153
vt 0.429430 0.639961
vt 0.427221 0.644095
vt 0.426890 0.643869
vt 0.421055 0.651126
vt 0.424180 0.647663
vt 0.421347 0.651401
vt 0.424483 0.647906
vt 0.418041 0.654736
vt 0.417781 0.654448
vt 0.414395 0.657696
vt 0.414150 0.657379
vt 0.406351 0.662474
vt 0.410395 0.660147
vt 0.406543 0.662826
vt 0.410607 0.660472
vt 0.402368 0.664974
vt 0.402209 0.664621
vt 0.397985 0.666664
vt 0.397850 0.666287
vt 0.388858 0.668723
vt 0.393424 0.667759
vt 0.388932 0.669116
vt 0.393525 0.668132
vt 0.384296 0.669868
vt 0.384254 0.669484
vt 0.379605 0.670121
vt 0.379594 0.669721
vt 0.370286 0.669254
vt 0.374927 0.669750
vt 0.370235 0.669651
vt 0.374908 0.670137
vt 0.365593 0.668931
vt 0.365672 0.668552
vt 0.361052 0.667720
vt 0.361165 0.667336
vt 0.346919 0.664291
vt 0.351274 0.666512
vt 0.355753 0.668451
vt 0.360399 0.669959
vt 0.365124 0.671171
vt 0.369946 0.671931
vt 0.374798 0.672386
vt 0.379676 0.672377
vt 0.384536 0.672064
vt 0.389347 0.671288
vt 0.394093 0.670218
vt 0.398717 0.668697
vt 0.403233 0.666898
vt 0.407558 0.664673
vt 0.411733 0.662192
vt 0.415653 0.659319
vt 0.419386 0.656218
vt 0.422803 0.652768
vt 0.426002 0.649125
vt 0.428830 0.645185
vt 0.431414 0.641092
vt 0.433584 0.636764
vt 0.435493 0.632324
vt 0.436958 0.627717
vt 0.438151 0.623040
vt 0.438879 0.618266
vt 0.439330 0.613466
vt 0.439306 0.608643
vt 0.439007 0.603836
vt 0.438235 0.599079
vt 0.437196 0.594379
vt 0.435696 0.589802
vt 0.433941 0.585322
vt 0.431749 0.581035
vt 0.429321 0.576882
vt 0.426490 0.572988
vt 0.423447 0.569264
vt 0.420047 0.565858
vt 0.416464 0.562652
vt 0.412579 0.559814
vt 0.408542 0.557202
vt 0.404263 0.555000
vt 0.399870 0.553046
vt 0.395301 0.551533
vt 0.390655 0.550285
vt 0.385904 0.549500
vt 0.381119 0.548989
vt 0.376301 0.548951
vt 0.371491 0.549192
vt 0.366722 0.549904
vt 0.362002 0.550891
vt 0.357391 0.552336
vt 0.352872 0.554050
vt 0.348533 0.556200
vt 0.344329 0.558605
vt 0.340371 0.561410
vt 0.336590 0.564448
vt 0.333113 0.567842
vt 0.329850 0.571440
vt 0.326942 0.575342
vt 0.324280 0.579414
vt 0.322016 0.583730
vt 0.320025 0.588176
vt 0.318469 0.592800
vt 0.317206 0.597508
vt 0.316395 0.602321
vt 0.315888 0.607171
vt 0.315844 0.612054
vt 0.316106 0.616927
vt 0.316831 0.621759
vt 0.317859 0.626532
vt 0.319337 0.631194
vt 0.321107 0.635747
vt 0.323303 0.640118
vt 0.325770 0.644336
vt 0.328629 0.648306
vt 0.331732 0.652082
vt 0.335183 0.655552
vt 0.338843 0.658790
vt 0.342796 0.661671
vt 0.803124 0.254812
vt 0.839592 0.254807
vt 0.803127 0.278555
vt 0.839595 0.278550
vt 0.803165 0.551072
vt 0.803162 0.527329
vt 0.839633 0.551067
vt 0.839629 0.527324
vt 0.779419 0.527332
vt 0.779384 0.278558
vt 0.863373 0.527321
vt 0.863338 0.278547
vt 0.899841 0.527315
vt 0.899805 0.278541
vt 0.839626 0.278554
vt 0.803158 0.278550
vt 0.839628 0.254811
vt 0.803160 0.254807
vt 0.839598 0.527329
vt 0.839596 0.551072
vt 0.803131 0.527324
vt 0.803128 0.551067
vt 0.863342 0.527331
vt 0.863369 0.278557
vt 0.899809 0.527335
vt 0.899837 0.278561
vt 0.779388 0.527322
vt 0.779415 0.278548
vt 0.164944 0.583230
vt 0.169882 0.569920
vt 0.187299 0.587720
vt 0.189755 0.581102
vt 0.178694 0.558790
vt 0.194137 0.575570
vt 0.190514 0.550929
vt 0.200013 0.571660
vt 0.204184 0.547109
vt 0.206811 0.569763
vt 0.218364 0.547701
vt 0.213862 0.570061
vt 0.231663 0.552643
vt 0.220470 0.572522
vt 0.242786 0.561446
vt 0.226010 0.576894
vt 0.250651 0.573257
vt 0.229926 0.582767
vt 0.254481 0.586923
vt 0.231832 0.589564
vt 0.253899 0.601106
vt 0.231541 0.596614
vt 0.248961 0.614415
vt 0.229088 0.603233
vt 0.240149 0.625545
vt 0.224706 0.608767
vt 0.228328 0.633404
vt 0.218827 0.612672
vt 0.214660 0.637225
vt 0.212033 0.614567
vt 0.200483 0.636637
vt 0.204980 0.614280
vt 0.187179 0.631699
vt 0.198363 0.611825
vt 0.176052 0.622891
vt 0.192829 0.607443
vt 0.168191 0.611076
vt 0.188923 0.601568
vt 0.164363 0.597413
vt 0.187013 0.594773
vt 0.247420 0.539052
vt 0.272828 0.537251
vt 0.250794 0.553592
vt 0.274401 0.544027
vt 0.258496 0.566377
vt 0.277993 0.549985
vt 0.269772 0.576157
vt 0.283248 0.554542
vt 0.283518 0.581973
vt 0.289655 0.557252
vt 0.298388 0.583257
vt 0.296586 0.557850
vt 0.312928 0.579883
vt 0.303362 0.556276
vt 0.325713 0.572181
vt 0.309321 0.552685
vt 0.335492 0.560906
vt 0.313878 0.547429
vt 0.341309 0.547160
vt 0.316588 0.541022
vt 0.342593 0.532289
vt 0.317185 0.534091
vt 0.339219 0.517750
vt 0.315612 0.527315
vt 0.331517 0.504965
vt 0.312020 0.521356
vt 0.320241 0.495185
vt 0.306765 0.516799
vt 0.306495 0.489369
vt 0.300358 0.514089
vt 0.291625 0.488085
vt 0.293427 0.513492
vt 0.277085 0.491459
vt 0.286651 0.515066
vt 0.264300 0.499160
vt 0.280692 0.518656
vt 0.254521 0.510436
vt 0.276135 0.523913
vt 0.248704 0.524182
vt 0.273425 0.530320
vt 0.156287 0.581550
vt 0.162168 0.565646
vt 0.172679 0.552340
vt 0.186789 0.542936
vt 0.203112 0.538355
vt 0.220049 0.539044
vt 0.235939 0.544928
vt 0.249235 0.555429
vt 0.258642 0.569527
vt 0.263234 0.585845
vt 0.262557 0.602786
vt 0.256674 0.618690
vt 0.246163 0.631995
vt 0.232054 0.641398
vt 0.215734 0.645979
vt 0.198799 0.645295
vt 0.182903 0.639413
vt 0.169602 0.628907
vt 0.160199 0.614806
vt 0.155610 0.598490
vt 0.193413 0.583188
vt 0.196971 0.578683
vt 0.201745 0.575499
vt 0.207269 0.573949
vt 0.213003 0.574183
vt 0.218388 0.576180
vt 0.222900 0.579735
vt 0.226089 0.584506
vt 0.227646 0.590028
vt 0.227419 0.595763
vt 0.225430 0.601147
vt 0.221873 0.605650
vt 0.217099 0.608833
vt 0.211570 0.610384
vt 0.205832 0.610155
vt 0.200449 0.608166
vt 0.195943 0.604610
vt 0.192756 0.599830
vt 0.191198 0.594304
vt 0.191424 0.588570
vt 0.371589 0.676646
vt 0.379649 0.676595
vt 0.371595 0.677622
vt 0.379655 0.677572
vt 0.363533 0.677673
vt 0.363527 0.676696
vt 0.355472 0.677723
vt 0.355466 0.676746
vt 0.339343 0.676846
vt 0.347404 0.676796
vt 0.339349 0.677823
vt 0.347410 0.677773
vt 0.331287 0.677873
vt 0.331281 0.676897
vt 0.323225 0.677924
vt 0.323219 0.676947
vt 0.307095 0.677047
vt 0.315157 0.676997
vt 0.307101 0.678024
vt 0.315163 0.677974
vt 0.299039 0.678074
vt 0.299033 0.677097
vt 0.290977 0.678124
vt 0.290971 0.677148
vt 0.274847 0.677248
vt 0.282909 0.677198
vt 0.274854 0.678225
vt 0.282915 0.678175
vt 0.266792 0.678275
vt 0.266785 0.677298
vt 0.258732 0.678325
vt 0.258726 0.677348
vt 0.242611 0.678426
vt 0.242605 0.677449
vt 0.250671 0.678375
vt 0.250665 0.677399
vt 0.234544 0.677499
vt 0.234550 0.678476
vt 0.226485 0.677549
vt 0.226491 0.678526
vt 0.210372 0.678626
vt 0.210365 0.677649
vt 0.218430 0.678576
vt 0.218424 0.677599
vt 0.202306 0.677700
vt 0.202312 0.678676
vt 0.194248 0.677750
vt 0.194254 0.678727
vt 0.178138 0.678827
vt 0.178132 0.677850
vt 0.186195 0.678777
vt 0.186189 0.677800
vt 0.170073 0.677900
vt 0.170079 0.678877
vt 0.162017 0.677950
vt 0.162023 0.678927
vt 0.145910 0.679028
vt 0.145904 0.678051
vt 0.153966 0.678977
vt 0.153959 0.678001
vt 0.137847 0.678101
vt 0.137853 0.679078
vt 0.129792 0.678151
vt 0.129798 0.679128
vt 0.113688 0.679228
vt 0.113682 0.678251
vt 0.121742 0.679178
vt 0.121736 0.678201
vt 0.105626 0.678302
vt 0.105632 0.679278
vt 0.097573 0.678352
vt 0.097579 0.679329
vt 0.081471 0.679429
vt 0.081465 0.678452
vt 0.089524 0.679379
vt 0.089518 0.678402
vt 0.073410 0.678502
vt 0.073416 0.679479
vt 0.065356 0.678552
vt 0.065362 0.679529
vt 0.049247 0.678653
vt 0.057301 0.678602
vt 0.049253 0.679629
vt 0.057307 0.679579
vt 0.041196 0.679680
vt 0.041190 0.678703
vt 0.033135 0.679730
vt 0.033129 0.678753
vt 0.016949 0.678854
vt 0.025053 0.678803
vt 0.016955 0.679831
vt 0.025059 0.679780
vt 0.008845 0.679881
vt 0.008839 0.678904
vt 0.000823 0.679931
vt 0.000817 0.678954
vt 0.629449 0.675040
vt 0.637595 0.674989
vt 0.629455 0.676017
vt 0.637601 0.675966
vt 0.621352 0.676067
vt 0.621346 0.675091
vt 0.613279 0.676118
vt 0.613273 0.675141
vt 0.597158 0.675241
vt 0.605213 0.675191
vt 0.597165 0.676218
vt 0.605219 0.676168
vt 0.589112 0.676268
vt 0.589106 0.675291
vt 0.581060 0.676318
vt 0.581054 0.675341
vt 0.564949 0.675442
vt 0.573001 0.675392
vt 0.564955 0.676419
vt 0.573007 0.676368
vt 0.556902 0.676469
vt 0.556896 0.675492
vt 0.548849 0.676519
vt 0.548843 0.675542
vt 0.532737 0.675642
vt 0.540790 0.675592
vt 0.532743 0.676619
vt 0.540796 0.676569
vt 0.524689 0.676669
vt 0.524683 0.675692
vt 0.516636 0.676719
vt 0.516629 0.675743
vt 0.500520 0.675843
vt 0.508575 0.675793
vt 0.500527 0.676820
vt 0.508581 0.676770
vt 0.492471 0.676870
vt 0.492465 0.675893
vt 0.484416 0.676920
vt 0.484410 0.675943
vt 0.468298 0.676044
vt 0.476354 0.675993
vt 0.468304 0.677020
vt 0.476360 0.676970
vt 0.460247 0.677071
vt 0.460241 0.676094
vt 0.452190 0.677121
vt 0.452183 0.676144
vt 0.436067 0.676244
vt 0.444126 0.676194
vt 0.436073 0.677221
vt 0.444132 0.677171
vt 0.428015 0.677271
vt 0.428009 0.676294
vt 0.419956 0.677321
vt 0.419950 0.676345
vt 0.403831 0.676445
vt 0.411890 0.676395
vt 0.403837 0.677422
vt 0.411896 0.677372
vt 0.395777 0.677472
vt 0.395771 0.676495
vt 0.387716 0.677522
vt 0.387710 0.676545
vt 0.371722 0.698034
vt 0.363660 0.698084
vt 0.371716 0.697091
vt 0.363654 0.697141
vt 0.379777 0.697041
vt 0.379783 0.697984
vt 0.355599 0.698135
vt 0.355594 0.697191
vt 0.339476 0.698235
vt 0.331414 0.698285
vt 0.339470 0.697292
vt 0.331408 0.697342
vt 0.347532 0.697242
vt 0.347538 0.698185
vt 0.323352 0.698335
vt 0.323346 0.697392
vt 0.307228 0.698436
vt 0.299166 0.698486
vt 0.307223 0.697492
vt 0.299160 0.697543
vt 0.315284 0.697442
vt 0.315290 0.698386
vt 0.291104 0.698536
vt 0.291099 0.697593
vt 0.274981 0.698637
vt 0.266919 0.698687
vt 0.274975 0.697693
vt 0.266913 0.697744
vt 0.283036 0.697643
vt 0.283042 0.698586
vt 0.258859 0.698737
vt 0.258853 0.697794
vt 0.242738 0.698837
vt 0.234677 0.698888
vt 0.242732 0.697894
vt 0.234671 0.697944
vt 0.250792 0.697844
vt 0.250798 0.698787
vt 0.226618 0.698938
vt 0.226612 0.697994
vt 0.210499 0.699038
vt 0.202439 0.699088
vt 0.210493 0.698095
vt 0.202433 0.698145
vt 0.218551 0.698045
vt 0.218557 0.698988
vt 0.194381 0.699138
vt 0.194375 0.698195
vt 0.178265 0.699239
vt 0.170206 0.699289
vt 0.178259 0.698295
vt 0.170201 0.698346
vt 0.186316 0.698245
vt 0.186322 0.699189
vt 0.162150 0.699339
vt 0.162144 0.698396
vt 0.146037 0.699439
vt 0.137980 0.699490
vt 0.146031 0.698496
vt 0.137974 0.698546
vt 0.154087 0.698446
vt 0.154093 0.699389
vt 0.129925 0.699540
vt 0.129919 0.698596
vt 0.113815 0.699640
vt 0.105759 0.699690
vt 0.113809 0.698697
vt 0.105754 0.698747
vt 0.121863 0.698647
vt 0.121869 0.699590
vt 0.097706 0.699740
vt 0.097700 0.698797
vt 0.081598 0.699841
vt 0.073543 0.699891
vt 0.081592 0.698897
vt 0.073538 0.698947
vt 0.089645 0.698847
vt 0.089651 0.699791
vt 0.065489 0.699941
vt 0.065484 0.698998
vt 0.049380 0.700041
vt 0.041323 0.700091
vt 0.049374 0.699098
vt 0.041317 0.699148
vt 0.057428 0.699048
vt 0.057434 0.699991
vt 0.033262 0.700142
vt 0.033256 0.699198
vt 0.017082 0.700242
vt 0.008973 0.700293
vt 0.017076 0.699299
vt 0.008967 0.699349
vt 0.025180 0.699249
vt 0.025186 0.700192
vt 0.000950 0.700343
vt 0.000944 0.699399
vt 0.629582 0.696429
vt 0.621479 0.696479
vt 0.629576 0.695485
vt 0.621473 0.695536
vt 0.637722 0.695435
vt 0.637728 0.696378
vt 0.613406 0.696530
vt 0.613400 0.695586
vt 0.597292 0.696630
vt 0.589239 0.696680
vt 0.597286 0.695687
vt 0.589233 0.695737
vt 0.605340 0.695636
vt 0.605346 0.696580
vt 0.581181 0.695787
vt 0.581187 0.696730
vt 0.565076 0.695887
vt 0.565082 0.696830
vt 0.557023 0.695937
vt 0.557029 0.696881
vt 0.573135 0.696780
vt 0.573129 0.695837
vt 0.548971 0.695987
vt 0.548977 0.696931
vt 0.532864 0.696088
vt 0.532870 0.697031
vt 0.524811 0.696138
vt 0.524817 0.697081
vt 0.540923 0.696981
vt 0.540917 0.696038
vt 0.516757 0.696188
vt 0.516763 0.697131
vt 0.500648 0.696288
vt 0.500654 0.697232
vt 0.492593 0.696338
vt 0.492598 0.697282
vt 0.508708 0.697181
vt 0.508702 0.696238
vt 0.484537 0.696388
vt 0.484543 0.697332
vt 0.468425 0.696489
vt 0.468431 0.697432
vt 0.460368 0.696539
vt 0.460374 0.697482
vt 0.476487 0.697382
vt 0.476481 0.696439
vt 0.452311 0.696589
vt 0.452317 0.697533
vt 0.436195 0.696689
vt 0.436201 0.697633
vt 0.428136 0.696740
vt 0.428142 0.697683
vt 0.444259 0.697583
vt 0.444253 0.696639
vt 0.420077 0.696790
vt 0.420083 0.697733
vt 0.403958 0.696890
vt 0.403964 0.697834
vt 0.395898 0.696940
vt 0.395904 0.697884
vt 0.412024 0.697783
vt 0.412018 0.696840
vt 0.387837 0.696991
vt 0.387843 0.697934
vt 0.645658 0.675916
vt 0.645652 0.674939
vt 0.645785 0.696328
vt 0.645779 0.695385
vt 0.371633 0.683823
vt 0.363572 0.683873
vt 0.371627 0.682852
vt 0.363566 0.682902
vt 0.379688 0.682802
vt 0.379694 0.683773
vt 0.355511 0.683923
vt 0.355505 0.682952
vt 0.339388 0.684024
vt 0.331325 0.684074
vt 0.339382 0.683053
vt 0.331319 0.683103
vt 0.347443 0.683002
vt 0.347449 0.683974
vt 0.323264 0.684124
vt 0.323258 0.683153
vt 0.307140 0.684225
vt 0.299077 0.684275
vt 0.307134 0.683253
vt 0.299071 0.683304
vt 0.315195 0.683203
vt 0.315201 0.684174
vt 0.291016 0.684325
vt 0.291010 0.683354
vt 0.274892 0.684425
vt 0.266830 0.684476
vt 0.274886 0.683454
vt 0.266824 0.683504
vt 0.282947 0.683404
vt 0.282953 0.684375
vt 0.258770 0.684526
vt 0.258764 0.683555
vt 0.242650 0.684626
vt 0.234589 0.684676
vt 0.242644 0.683655
vt 0.234582 0.683705
vt 0.250704 0.683605
vt 0.250710 0.684576
vt 0.226529 0.684726
vt 0.226523 0.683755
vt 0.210410 0.684827
vt 0.202350 0.684877
vt 0.210404 0.683856
vt 0.202344 0.683906
vt 0.218463 0.683805
vt 0.218469 0.684777
vt 0.194293 0.684927
vt 0.194286 0.683956
vt 0.178176 0.685028
vt 0.170118 0.685078
vt 0.178170 0.684056
vt 0.170112 0.684106
vt 0.186227 0.684006
vt 0.186233 0.684977
vt 0.162062 0.685128
vt 0.162056 0.684157
vt 0.145949 0.685228
vt 0.137892 0.685278
vt 0.145942 0.684257
vt 0.137886 0.684307
vt 0.153998 0.684207
vt 0.154004 0.685178
vt 0.129837 0.685329
vt 0.129831 0.684357
vt 0.113726 0.685429
vt 0.105671 0.685479
vt 0.113720 0.684458
vt 0.105665 0.684508
vt 0.121775 0.684407
vt 0.121781 0.685379
vt 0.097617 0.685529
vt 0.097611 0.684558
vt 0.081509 0.685629
vt 0.073455 0.685680
vt 0.081503 0.684658
vt 0.073449 0.684708
vt 0.089557 0.684608
vt 0.089563 0.685579
vt 0.065401 0.685730
vt 0.065395 0.684758
vt 0.049292 0.685830
vt 0.041235 0.685880
vt 0.049286 0.684859
vt 0.041229 0.684909
vt 0.057340 0.684809
vt 0.057346 0.685780
vt 0.033173 0.685930
vt 0.033167 0.684959
vt 0.016994 0.686031
vt 0.008884 0.686082
vt 0.016988 0.685060
vt 0.008878 0.685110
vt 0.025092 0.685009
vt 0.025098 0.685981
vt 0.000862 0.686132
vt 0.000856 0.685160
vt 0.629494 0.682218
vt 0.621391 0.682268
vt 0.629488 0.681246
vt 0.621385 0.681297
vt 0.637634 0.681196
vt 0.637640 0.682167
vt 0.613318 0.682318
vt 0.613312 0.681347
vt 0.597203 0.682419
vt 0.589150 0.682469
vt 0.597197 0.681447
vt 0.589144 0.681498
vt 0.605251 0.681397
vt 0.605257 0.682368
vt 0.581099 0.682519
vt 0.581092 0.681548
vt 0.564988 0.681648
vt 0.564994 0.682619
vt 0.556935 0.681698
vt 0.556941 0.682669
vt 0.573046 0.682569
vt 0.573040 0.681598
vt 0.548882 0.681748
vt 0.548888 0.682719
vt 0.532776 0.681849
vt 0.532782 0.682820
vt 0.524722 0.681899
vt 0.524728 0.682870
vt 0.540835 0.682770
vt 0.540829 0.681798
vt 0.516668 0.681949
vt 0.516674 0.682920
vt 0.500559 0.682049
vt 0.500565 0.683020
vt 0.492504 0.682099
vt 0.492510 0.683070
vt 0.508620 0.682970
vt 0.508614 0.681999
vt 0.484448 0.682149
vt 0.484455 0.683121
vt 0.468336 0.682250
vt 0.468342 0.683221
vt 0.460279 0.682300
vt 0.460285 0.683271
vt 0.476398 0.683171
vt 0.476392 0.682199
vt 0.452222 0.682350
vt 0.452228 0.683321
vt 0.436106 0.682450
vt 0.436112 0.683422
vt 0.428047 0.682501
vt 0.428053 0.683472
vt 0.444170 0.683371
vt 0.444164 0.682400
vt 0.419989 0.682551
vt 0.419995 0.683522
vt 0.403869 0.682651
vt 0.403875 0.683622
vt 0.395809 0.682701
vt 0.395815 0.683672
vt 0.411935 0.683572
vt 0.411929 0.682601
vt 0.387749 0.682751
vt 0.387755 0.683723
vt 0.371681 0.691470
vt 0.379742 0.691420
vt 0.371687 0.692414
vt 0.379747 0.692364
vt 0.363625 0.692464
vt 0.363620 0.691520
vt 0.355564 0.692515
vt 0.355559 0.691570
vt 0.339435 0.691671
vt 0.347497 0.691620
vt 0.339441 0.692615
vt 0.347503 0.692565
vt 0.331379 0.692665
vt 0.331373 0.691721
vt 0.323317 0.692715
vt 0.323312 0.691771
vt 0.307188 0.691871
vt 0.315249 0.691821
vt 0.307193 0.692816
vt 0.315255 0.692765
vt 0.299131 0.692866
vt 0.299125 0.691922
vt 0.291069 0.692916
vt 0.291063 0.691972
vt 0.274940 0.692072
vt 0.283001 0.692022
vt 0.274946 0.693016
vt 0.283007 0.692966
vt 0.266884 0.693067
vt 0.266878 0.692122
vt 0.258824 0.693117
vt 0.258818 0.692173
vt 0.242703 0.693217
vt 0.242697 0.692273
vt 0.250763 0.693167
vt 0.250757 0.692223
vt 0.234636 0.692323
vt 0.234642 0.693267
vt 0.226577 0.692373
vt 0.226583 0.693318
vt 0.210464 0.693418
vt 0.210458 0.692474
vt 0.218522 0.693368
vt 0.218516 0.692423
vt 0.202398 0.692524
vt 0.202404 0.693468
vt 0.194340 0.692574
vt 0.194346 0.693518
vt 0.178230 0.693619
vt 0.178224 0.692674
vt 0.186287 0.693568
vt 0.186281 0.692624
vt 0.170166 0.692724
vt 0.170171 0.693669
vt 0.162109 0.692775
vt 0.162115 0.693719
vt 0.146002 0.693819
vt 0.145996 0.692875
vt 0.154058 0.693769
vt 0.154052 0.692825
vt 0.137939 0.692925
vt 0.137945 0.693869
vt 0.129884 0.692975
vt 0.129890 0.693920
vt 0.113780 0.694020
vt 0.113774 0.693076
vt 0.121834 0.693970
vt 0.121828 0.693025
vt 0.105718 0.693126
vt 0.105724 0.694070
vt 0.097665 0.693176
vt 0.097671 0.694120
vt 0.081563 0.694220
vt 0.081557 0.693276
vt 0.089616 0.694170
vt 0.089610 0.693226
vt 0.073503 0.693326
vt 0.073508 0.694271
vt 0.065449 0.693377
vt 0.065454 0.694321
vt 0.049339 0.693477
vt 0.057393 0.693427
vt 0.049345 0.694421
vt 0.057399 0.694371
vt 0.041288 0.694471
vt 0.041282 0.693527
vt 0.033227 0.694521
vt 0.033221 0.693577
vt 0.017041 0.693678
vt 0.025145 0.693627
vt 0.017047 0.694622
vt 0.025151 0.694572
vt 0.008938 0.694673
vt 0.008932 0.693728
vt 0.000915 0.694723
vt 0.000909 0.693778
vt 0.629541 0.689864
vt 0.637687 0.689814
vt 0.629547 0.690809
vt 0.637693 0.690758
vt 0.621444 0.690859
vt 0.621438 0.689915
vt 0.613371 0.690909
vt 0.613365 0.689965
vt 0.597251 0.690065
vt 0.605305 0.690015
vt 0.597257 0.691010
vt 0.605311 0.690960
vt 0.589204 0.691060
vt 0.589198 0.690115
vt 0.581152 0.691110
vt 0.581146 0.690166
vt 0.565041 0.690266
vt 0.573094 0.690216
vt 0.565047 0.691210
vt 0.573099 0.691160
vt 0.556994 0.691260
vt 0.556988 0.690316
vt 0.548942 0.691311
vt 0.548936 0.690366
vt 0.532829 0.690467
vt 0.540882 0.690416
vt 0.532835 0.691411
vt 0.540888 0.691361
vt 0.524782 0.691461
vt 0.524776 0.690517
vt 0.516728 0.691511
vt 0.516722 0.690567
vt 0.500613 0.690667
vt 0.508667 0.690617
vt 0.500619 0.691611
vt 0.508673 0.691561
vt 0.492563 0.691662
vt 0.492558 0.690717
vt 0.484508 0.691712
vt 0.484502 0.690767
vt 0.468390 0.690868
vt 0.476446 0.690818
vt 0.468396 0.691812
vt 0.476452 0.691762
vt 0.460339 0.691862
vt 0.460333 0.690918
vt 0.452282 0.691912
vt 0.452276 0.690968
vt 0.436160 0.691068
vt 0.444218 0.691018
vt 0.436166 0.692013
vt 0.444224 0.691963
vt 0.428107 0.692063
vt 0.428101 0.691119
vt 0.420048 0.692113
vt 0.420042 0.691169
vt 0.403923 0.691269
vt 0.411983 0.691219
vt 0.403929 0.692213
vt 0.411989 0.692163
vt 0.395869 0.692264
vt 0.395863 0.691319
vt 0.387808 0.692314
vt 0.387803 0.691369
vt 0.645696 0.682117
vt 0.645690 0.681145
vt 0.645750 0.690708
vt 0.645744 0.689763
vt 0.250846 0.706471
vt 0.258907 0.706421
vt 0.218605 0.706672
vt 0.226666 0.706622
vt 0.186370 0.706873
vt 0.194429 0.706823
vt 0.347585 0.705869
vt 0.355647 0.705819
vt 0.315338 0.706070
vt 0.323400 0.706020
vt 0.363708 0.705769
vt 0.371770 0.705719
vt 0.331462 0.705970
vt 0.339524 0.705919
vt 0.299214 0.706170
vt 0.291152 0.706221
vt 0.307276 0.706120
vt 0.266966 0.706371
vt 0.275028 0.706321
vt 0.234725 0.706572
vt 0.242786 0.706522
vt 0.202487 0.706773
vt 0.210546 0.706722
vt 0.170254 0.706973
vt 0.162198 0.707023
vt 0.178313 0.706923
vt 0.138028 0.707174
vt 0.129973 0.707224
vt 0.146085 0.707124
vt 0.105807 0.707375
vt 0.097754 0.707425
vt 0.113863 0.707324
vt 0.073591 0.707575
vt 0.065537 0.707625
vt 0.081646 0.707525
vt 0.041371 0.707776
vt 0.033310 0.707826
vt 0.049428 0.707726
vt 0.009020 0.707977
vt 0.000998 0.708027
vt 0.017130 0.707927
vt 0.621527 0.704164
vt 0.613454 0.704214
vt 0.629630 0.704113
vt 0.589287 0.704364
vt 0.581235 0.704414
vt 0.597340 0.704314
vt 0.557077 0.704565
vt 0.549024 0.704615
vt 0.565130 0.704515
vt 0.524864 0.704765
vt 0.516811 0.704816
vt 0.532918 0.704715
vt 0.492646 0.704966
vt 0.484591 0.705016
vt 0.500702 0.704916
vt 0.460421 0.705167
vt 0.452364 0.705217
vt 0.468478 0.705117
vt 0.428190 0.705367
vt 0.420131 0.705418
vt 0.436248 0.705317
vt 0.395952 0.705568
vt 0.387891 0.705618
vt 0.404012 0.705518
vt 0.154140 0.707074
vt 0.121917 0.707274
vt 0.089699 0.707475
vt 0.057482 0.707675
vt 0.025234 0.707876
vt 0.637776 0.704062
vt 0.645833 0.704012
vt 0.605394 0.704264
vt 0.573182 0.704465
vt 0.540971 0.704665
vt 0.508756 0.704866
vt 0.476535 0.705066
vt 0.444306 0.705267
vt 0.412071 0.705468
vt 0.379830 0.705668
vt 0.283090 0.706271
vt 0.757622 0.005161
vt 0.757022 0.050291
vt 0.743676 0.004976
vt 0.743077 0.050105
vt 0.729731 0.004791
vt 0.729131 0.049921
vt 0.715785 0.004605
vt 0.715185 0.049735
vt 0.701839 0.004420
vt 0.701240 0.049550
vt 0.687893 0.004234
vt 0.687294 0.049365
vt 0.673947 0.004050
vt 0.673348 0.049180
vt 0.813405 0.005903
vt 0.812806 0.051032
vt 0.799460 0.005717
vt 0.798860 0.050847
vt 0.785514 0.005532
vt 0.784914 0.050661
vt 0.771568 0.005347
vt 0.770968 0.050476
vt 0.742955 0.126210
vt 0.776401 0.103483
vt 0.762702 0.141529
vt 0.735984 0.102211
vt 0.744451 0.078697
vt 0.765121 0.064650
vt 0.790101 0.065437
vt 0.809847 0.080756
vt 0.816819 0.104755
vt 0.808351 0.128269
vt 0.787681 0.142315
vt 0.764526 0.143143
vt 0.775669 0.182015
vt 0.743806 0.157116
vt 0.735257 0.180600
vt 0.742144 0.204624
vt 0.761836 0.220012
vt 0.786813 0.220886
vt 0.807532 0.206912
vt 0.816082 0.183429
vt 0.809195 0.159405
vt 0.789503 0.144017
vt 0.594528 0.587359
vt 0.582028 0.586431
vt 0.594426 0.586147
vt 0.582306 0.585246
vt 0.606231 0.583258
vt 0.606703 0.584380
vt 0.616565 0.576864
vt 0.617360 0.577785
vt 0.624417 0.567588
vt 0.625458 0.568218
vt 0.629019 0.556340
vt 0.630203 0.556618
vt 0.629919 0.544222
vt 0.631132 0.544119
vt 0.627032 0.532416
vt 0.628153 0.531944
vt 0.620637 0.522082
vt 0.621557 0.521287
vt 0.611361 0.514230
vt 0.611991 0.513189
vt 0.600113 0.509628
vt 0.600391 0.508443
vt 0.587994 0.508727
vt 0.587892 0.507514
vt 0.576188 0.511616
vt 0.575716 0.510494
vt 0.565855 0.518010
vt 0.565060 0.517089
vt 0.558002 0.527285
vt 0.556961 0.526655
vt 0.553400 0.538533
vt 0.552216 0.538256
vt 0.552499 0.550652
vt 0.551287 0.550754
vt 0.555388 0.562458
vt 0.554266 0.562929
vt 0.561783 0.572792
vt 0.560862 0.573587
vt 0.571058 0.580644
vt 0.570428 0.581685
vt 0.601944 0.572915
vt 0.609292 0.568352
vt 0.602407 0.574016
vt 0.610073 0.569255
vt 0.593646 0.576176
vt 0.593545 0.574986
vt 0.584645 0.575522
vt 0.584917 0.574359
vt 0.614870 0.561741
vt 0.615892 0.562358
vt 0.618132 0.553728
vt 0.619295 0.554000
vt 0.618758 0.545103
vt 0.619948 0.545002
vt 0.616689 0.536702
vt 0.617790 0.536238
vt 0.612124 0.529355
vt 0.613028 0.528574
vt 0.605513 0.523777
vt 0.606131 0.522755
vt 0.597502 0.520515
vt 0.597774 0.519352
vt 0.588876 0.519887
vt 0.588774 0.518697
vt 0.580475 0.521959
vt 0.580011 0.520858
vt 0.573129 0.526521
vt 0.572347 0.525618
vt 0.567550 0.533133
vt 0.566528 0.532515
vt 0.564288 0.541144
vt 0.563125 0.540873
vt 0.563661 0.549771
vt 0.562471 0.549872
vt 0.565731 0.558171
vt 0.564630 0.558634
vt 0.570295 0.565519
vt 0.569391 0.566300
vt 0.576906 0.571097
vt 0.576288 0.572119
vt 0.595136 0.594294
vt 0.609424 0.590787
vt 0.621928 0.583037
vt 0.631426 0.571802
vt 0.636986 0.558182
vt 0.638066 0.543511
vt 0.634560 0.529223
vt 0.626810 0.516719
vt 0.615575 0.507221
vt 0.601955 0.501660
vt 0.587283 0.500580
vt 0.572995 0.504087
vt 0.560492 0.511836
vt 0.550994 0.523071
vt 0.545433 0.536691
vt 0.544353 0.551362
vt 0.547859 0.565650
vt 0.555609 0.578155
vt 0.566844 0.587653
vt 0.580464 0.593214
vt 0.592552 0.563229
vt 0.587606 0.562871
vt 0.592500 0.562626
vt 0.587744 0.562281
vt 0.597131 0.561483
vt 0.597366 0.562041
vt 0.583013 0.561002
vt 0.583326 0.560483
vt 0.601182 0.558966
vt 0.601578 0.559424
vt 0.604256 0.555320
vt 0.604775 0.555633
vt 0.606054 0.550902
vt 0.606644 0.551040
vt 0.606398 0.546147
vt 0.607001 0.546095
vt 0.605256 0.541515
vt 0.605814 0.541280
vt 0.602739 0.537465
vt 0.603197 0.537069
vt 0.599093 0.534390
vt 0.599406 0.533872
vt 0.594676 0.532593
vt 0.594813 0.532003
vt 0.589919 0.532248
vt 0.589868 0.531645
vt 0.585288 0.533391
vt 0.585053 0.532833
vt 0.581238 0.535907
vt 0.580842 0.535450
vt 0.578163 0.539553
vt 0.577645 0.539240
vt 0.576366 0.543971
vt 0.575776 0.543833
vt 0.576021 0.548727
vt 0.575418 0.548779
vt 0.577163 0.553358
vt 0.576605 0.553593
vt 0.579680 0.557409
vt 0.579223 0.557805
vt 0.588614 0.558696
vt 0.592220 0.558947
vt 0.595727 0.558071
vt 0.598792 0.556155
vt 0.601115 0.553385
vt 0.602469 0.550032
vt 0.602720 0.546427
vt 0.601844 0.542919
vt 0.599928 0.539854
vt 0.597158 0.537531
vt 0.593806 0.536178
vt 0.590200 0.535926
vt 0.586692 0.536803
vt 0.583627 0.538718
vt 0.581304 0.541489
vt 0.579951 0.544841
vt 0.579699 0.548447
vt 0.580575 0.551955
vt 0.582492 0.555020
vt 0.585261 0.557343
vt 0.589018 0.556953
vt 0.592066 0.557164
vt 0.595030 0.556424
vt 0.597620 0.554804
vt 0.599582 0.552462
vt 0.600726 0.549628
vt 0.600937 0.546581
vt 0.600196 0.543617
vt 0.598576 0.541026
vt 0.596235 0.539064
vt 0.593402 0.537921
vt 0.590354 0.537710
vt 0.587390 0.538450
vt 0.584800 0.540070
vt 0.582837 0.542412
vt 0.581694 0.545245
vt 0.581482 0.548293
vt 0.582223 0.551257
vt 0.583843 0.553847
vt 0.586184 0.555810
vt 0.516383 0.520107
vt 0.523705 0.519315
vt 0.516292 0.522084
vt 0.524228 0.521223
vt 0.508477 0.520450
vt 0.509175 0.518599
vt 0.530423 0.516298
vt 0.531511 0.517951
vt 0.535881 0.511353
vt 0.537426 0.512590
vt 0.539543 0.504964
vt 0.541395 0.505662
vt 0.541052 0.497755
vt 0.543029 0.497847
vt 0.540259 0.490434
vt 0.542167 0.489911
vt 0.537242 0.483714
vt 0.538896 0.482627
vt 0.532297 0.478258
vt 0.533534 0.476713
vt 0.525908 0.474596
vt 0.526606 0.472745
vt 0.518699 0.473087
vt 0.518791 0.471110
vt 0.511378 0.473879
vt 0.510855 0.471971
vt 0.504659 0.476897
vt 0.503571 0.475244
vt 0.499203 0.481841
vt 0.497658 0.480605
vt 0.495540 0.488231
vt 0.493688 0.487533
vt 0.494032 0.495440
vt 0.492055 0.495348
vt 0.494824 0.502760
vt 0.492916 0.503284
vt 0.497841 0.509479
vt 0.496187 0.510566
vt 0.502785 0.514937
vt 0.501549 0.516481
vt 0.517542 0.496598
vt 0.526988 0.531942
vt 0.515605 0.533132
vt 0.537448 0.527293
vt 0.545959 0.519639
vt 0.551689 0.509730
vt 0.554076 0.498534
vt 0.552887 0.487151
vt 0.548237 0.476689
vt 0.540583 0.468179
vt 0.530673 0.462450
vt 0.519478 0.460063
vt 0.508095 0.461252
vt 0.497633 0.465903
vt 0.489124 0.473555
vt 0.483394 0.483465
vt 0.481008 0.494660
vt 0.482197 0.506044
vt 0.486846 0.516504
vt 0.494499 0.525015
vt 0.504409 0.530745
vt 0.271989 0.413182
vt 0.271953 0.413230
vt 0.271874 0.413110
vt 0.271829 0.413134
vt 0.271489 0.412283
vt 0.271449 0.412328
vt 0.271381 0.412203
vt 0.271333 0.412223
vt 0.271061 0.411350
vt 0.271017 0.411391
vt 0.270959 0.411261
vt 0.270910 0.411277
vt 0.270706 0.410388
vt 0.270659 0.410426
vt 0.270611 0.410292
vt 0.270561 0.410304
vt 0.270426 0.409403
vt 0.270377 0.409437
vt 0.270339 0.409300
vt 0.270288 0.409308
vt 0.270224 0.408399
vt 0.270172 0.408429
vt 0.270145 0.408289
vt 0.270094 0.408294
vt 0.270101 0.407382
vt 0.270047 0.407409
vt 0.270031 0.407267
vt 0.269979 0.407268
vt 0.270058 0.406359
vt 0.270002 0.406381
vt 0.269997 0.406239
vt 0.269946 0.406235
vt 0.270095 0.405336
vt 0.270037 0.405353
vt 0.270043 0.405211
vt 0.269993 0.405204
vt 0.270212 0.404318
vt 0.270153 0.404331
vt 0.270171 0.404190
vt 0.270121 0.404179
vt 0.270409 0.403313
vt 0.270349 0.403321
vt 0.270378 0.403182
vt 0.270329 0.403167
vt 0.270684 0.402326
vt 0.270624 0.402330
vt 0.270663 0.402193
vt 0.270615 0.402174
vt 0.271036 0.401364
vt 0.270975 0.401363
vt 0.271025 0.401229
vt 0.270979 0.401207
vt 0.271462 0.400432
vt 0.271402 0.400426
vt 0.271462 0.400297
vt 0.271418 0.400271
vt 0.271960 0.399536
vt 0.271900 0.399526
vt 0.271970 0.399402
vt 0.271929 0.399372
vt 0.272526 0.398683
vt 0.272468 0.398668
vt 0.272547 0.398549
vt 0.272508 0.398517
vt 0.273158 0.397876
vt 0.273101 0.397856
vt 0.273190 0.397745
vt 0.273153 0.397709
vt 0.273852 0.397121
vt 0.273796 0.397097
vt 0.273894 0.396993
vt 0.273860 0.396954
vt 0.274602 0.396424
vt 0.274549 0.396395
vt 0.274654 0.396299
vt 0.274623 0.396258
vt 0.275405 0.395787
vt 0.275354 0.395754
vt 0.275466 0.395667
vt 0.275439 0.395623
vt 0.276255 0.395215
vt 0.276207 0.395179
vt 0.276326 0.395100
vt 0.276302 0.395055
vt 0.277148 0.394712
vt 0.277102 0.394672
vt 0.277227 0.394603
vt 0.277207 0.394555
vt 0.278077 0.394280
vt 0.278035 0.394236
vt 0.278164 0.394177
vt 0.278148 0.394129
vt 0.279037 0.393922
vt 0.278999 0.393876
vt 0.279132 0.393827
vt 0.279120 0.393777
vt 0.280022 0.393641
vt 0.279988 0.393591
vt 0.280125 0.393553
vt 0.280116 0.393503
vt 0.281027 0.393438
vt 0.280996 0.393386
vt 0.281136 0.393359
vt 0.281131 0.393308
vt 0.282044 0.393314
vt 0.282017 0.393260
vt 0.282159 0.393244
vt 0.282158 0.393193
vt 0.283067 0.393271
vt 0.283045 0.393215
vt 0.283188 0.393210
vt 0.283191 0.393158
vt 0.284091 0.393308
vt 0.284074 0.393250
vt 0.284216 0.393256
vt 0.284223 0.393205
vt 0.285109 0.393425
vt 0.285096 0.393366
vt 0.285238 0.393383
vt 0.285249 0.393333
vt 0.286115 0.393621
vt 0.286107 0.393561
vt 0.286246 0.393590
vt 0.286261 0.393541
vt 0.287102 0.393896
vt 0.287098 0.393836
vt 0.287235 0.393875
vt 0.287255 0.393827
vt 0.288065 0.394247
vt 0.288066 0.394187
vt 0.288199 0.394237
vt 0.288222 0.394191
vt 0.288997 0.394673
vt 0.289002 0.394613
vt 0.289131 0.394673
vt 0.289158 0.394629
vt 0.289892 0.395171
vt 0.289902 0.395112
vt 0.290026 0.395182
vt 0.290056 0.395140
vt 0.290745 0.395737
vt 0.290760 0.395679
vt 0.290878 0.395758
vt 0.290911 0.395719
vt 0.291551 0.396369
vt 0.291571 0.396312
vt 0.291682 0.396400
vt 0.291718 0.396364
vt 0.292305 0.397061
vt 0.292329 0.397006
vt 0.292434 0.397103
vt 0.292472 0.397069
vt 0.293003 0.397811
vt 0.293031 0.397757
vt 0.293127 0.397862
vt 0.293168 0.397831
vt 0.293640 0.398612
vt 0.293672 0.398561
vt 0.293760 0.398673
vt 0.293803 0.398646
vt 0.294213 0.399461
vt 0.294249 0.399412
vt 0.294328 0.399531
vt 0.294373 0.399507
vt 0.294719 0.400352
vt 0.294759 0.400306
vt 0.294829 0.400430
vt 0.294876 0.400410
vt 0.295157 0.401280
vt 0.295200 0.401238
vt 0.295260 0.401367
vt 0.295309 0.401351
vt 0.295524 0.402242
vt 0.295570 0.402204
vt 0.295620 0.402337
vt 0.295671 0.402323
vt 0.295801 0.403232
vt 0.295851 0.403198
vt 0.295888 0.403336
vt 0.295939 0.403328
vt 0.296000 0.404241
vt 0.296052 0.404211
vt 0.296078 0.404351
vt 0.296130 0.404347
vt 0.296120 0.405260
vt 0.296174 0.405234
vt 0.296190 0.405376
vt 0.296241 0.405375
vt 0.296161 0.406284
vt 0.296217 0.406262
vt 0.296222 0.406404
vt 0.296273 0.406408
vt 0.296122 0.407307
vt 0.296180 0.407290
vt 0.296174 0.407432
vt 0.296224 0.407440
vt 0.296005 0.408324
vt 0.296064 0.408311
vt 0.296046 0.408452
vt 0.296096 0.408464
vt 0.295808 0.409329
vt 0.295868 0.409321
vt 0.295839 0.409460
vt 0.295888 0.409476
vt 0.295533 0.410315
vt 0.295593 0.410312
vt 0.295554 0.410449
vt 0.295602 0.410468
vt 0.295182 0.411277
vt 0.295242 0.411278
vt 0.295192 0.411412
vt 0.295238 0.411435
vt 0.294756 0.412209
vt 0.294816 0.412215
vt 0.294756 0.412344
vt 0.294800 0.412370
vt 0.294258 0.413105
vt 0.294317 0.413115
vt 0.294247 0.413239
vt 0.294289 0.413269
vt 0.293691 0.413958
vt 0.293750 0.413973
vt 0.293670 0.414092
vt 0.293710 0.414124
vt 0.293060 0.414765
vt 0.293117 0.414785
vt 0.293028 0.414896
vt 0.293065 0.414932
vt 0.292366 0.415520
vt 0.292422 0.415544
vt 0.292324 0.415648
vt 0.292358 0.415687
vt 0.291616 0.416218
vt 0.291669 0.416246
vt 0.291564 0.416342
vt 0.291595 0.416383
vt 0.290813 0.416854
vt 0.290864 0.416887
vt 0.290752 0.416974
vt 0.290779 0.417018
vt 0.289963 0.417427
vt 0.290011 0.417463
vt 0.289892 0.417541
vt 0.289916 0.417587
vt 0.289070 0.417930
vt 0.289116 0.417970
vt 0.288991 0.418039
vt 0.289011 0.418086
vt 0.288141 0.418362
vt 0.288183 0.418406
vt 0.288053 0.418465
vt 0.288070 0.418513
vt 0.287181 0.418720
vt 0.287219 0.418767
vt 0.287085 0.418816
vt 0.287098 0.418865
vt 0.286195 0.419002
vt 0.286230 0.419051
vt 0.286092 0.419089
vt 0.286101 0.419140
vt 0.285190 0.419205
vt 0.285221 0.419257
vt 0.285081 0.419284
vt 0.285086 0.419335
vt 0.284173 0.419328
vt 0.284199 0.419382
vt 0.284058 0.419398
vt 0.284058 0.419450
vt 0.283149 0.419372
vt 0.283171 0.419428
vt 0.283029 0.419433
vt 0.283025 0.419484
vt 0.282125 0.419335
vt 0.282143 0.419392
vt 0.282000 0.419386
vt 0.281993 0.419437
vt 0.281107 0.419217
vt 0.281120 0.419276
vt 0.280979 0.419259
vt 0.280967 0.419309
vt 0.280102 0.419021
vt 0.280110 0.419080
vt 0.279971 0.419052
vt 0.279955 0.419101
vt 0.279115 0.418746
vt 0.279119 0.418806
vt 0.278982 0.418767
vt 0.278962 0.418814
vt 0.278153 0.418394
vt 0.278152 0.418455
vt 0.278018 0.418405
vt 0.277995 0.418451
vt 0.277221 0.417968
vt 0.277215 0.418028
vt 0.277086 0.417968
vt 0.277060 0.418012
vt 0.276326 0.417471
vt 0.276316 0.417530
vt 0.276192 0.417460
vt 0.276162 0.417502
vt 0.275473 0.416905
vt 0.275458 0.416963
vt 0.275340 0.416884
vt 0.275307 0.416923
vt 0.274666 0.416274
vt 0.274646 0.416331
vt 0.274535 0.416243
vt 0.274499 0.416279
vt 0.273910 0.415582
vt 0.273886 0.415638
vt 0.273782 0.415541
vt 0.273743 0.415575
vt 0.273209 0.414833
vt 0.273182 0.414887
vt 0.273085 0.414782
vt 0.273044 0.414813
vt 0.272568 0.414032
vt 0.272536 0.414083
vt 0.272447 0.413971
vt 0.272404 0.413998
vt 0.272579 0.413363
vt 0.272060 0.412514
vt 0.271965 0.412550
vt 0.253567 0.398787
vt 0.253017 0.397469
vt 0.254256 0.396478
vt 0.252968 0.397123
vt 0.272488 0.413406
vt 0.271611 0.411625
vt 0.271514 0.411653
vt 0.253078 0.401144
vt 0.252417 0.399879
vt 0.252338 0.399539
vt 0.271233 0.410705
vt 0.271134 0.410725
vt 0.252776 0.403532
vt 0.252020 0.402326
vt 0.251914 0.401994
vt 0.270927 0.409759
vt 0.270827 0.409771
vt 0.252662 0.405934
vt 0.251814 0.404793
vt 0.251683 0.404470
vt 0.270696 0.408792
vt 0.270595 0.408797
vt 0.252735 0.408336
vt 0.251802 0.407266
vt 0.251645 0.406954
vt 0.270541 0.407811
vt 0.270440 0.407808
vt 0.252996 0.410723
vt 0.251982 0.409730
vt 0.251802 0.409432
vt 0.270462 0.406821
vt 0.270362 0.406810
vt 0.253443 0.413081
vt 0.252354 0.412171
vt 0.252151 0.411888
vt 0.270462 0.405828
vt 0.270363 0.405809
vt 0.254072 0.415395
vt 0.252916 0.414574
vt 0.252691 0.414308
vt 0.270540 0.404838
vt 0.270442 0.404811
vt 0.254880 0.417652
vt 0.253663 0.416924
vt 0.253419 0.416676
vt 0.270695 0.403857
vt 0.270600 0.403822
vt 0.255861 0.419837
vt 0.254591 0.419207
vt 0.254328 0.418979
vt 0.270926 0.402891
vt 0.270834 0.402849
vt 0.257010 0.421938
vt 0.255694 0.421409
vt 0.255415 0.421203
vt 0.271233 0.401946
vt 0.271144 0.401897
vt 0.258318 0.423941
vt 0.256966 0.423517
vt 0.256671 0.423334
vt 0.271612 0.401028
vt 0.271528 0.400972
vt 0.259779 0.425835
vt 0.258398 0.425518
vt 0.258090 0.425359
vt 0.272063 0.400142
vt 0.271983 0.400080
vt 0.261383 0.427609
vt 0.259981 0.427401
vt 0.259662 0.427266
vt 0.272582 0.399294
vt 0.272507 0.399226
vt 0.263120 0.429251
vt 0.261707 0.429153
vt 0.261377 0.429043
vt 0.273166 0.398490
vt 0.273097 0.398416
vt 0.264980 0.430751
vt 0.263563 0.430765
vt 0.263226 0.430681
vt 0.273811 0.397734
vt 0.273748 0.397655
vt 0.266950 0.432102
vt 0.265539 0.432226
vt 0.265197 0.432169
vt 0.274514 0.397031
vt 0.274457 0.396948
vt 0.269020 0.433294
vt 0.267622 0.433528
vt 0.267277 0.433498
vt 0.275269 0.396386
vt 0.275219 0.396298
vt 0.271176 0.434320
vt 0.269801 0.434662
vt 0.269454 0.434660
vt 0.276073 0.395801
vt 0.276030 0.395710
vt 0.273405 0.435174
vt 0.272061 0.435623
vt 0.271715 0.435647
vt 0.276920 0.395282
vt 0.276884 0.395187
vt 0.275694 0.435852
vt 0.274389 0.436404
vt 0.274046 0.436455
vt 0.277805 0.394830
vt 0.277777 0.394733
vt 0.278029 0.436348
vt 0.276771 0.437001
vt 0.276433 0.437078
vt 0.278723 0.394450
vt 0.278702 0.394351
vt 0.280395 0.436660
vt 0.279191 0.437409
vt 0.278861 0.437513
vt 0.279667 0.394142
vt 0.279655 0.394042
vt 0.282777 0.436786
vt 0.281636 0.437627
vt 0.281315 0.437756
vt 0.280634 0.393910
vt 0.280629 0.393809
vt 0.285163 0.436725
vt 0.284091 0.437653
vt 0.283780 0.437807
vt 0.281615 0.393754
vt 0.281618 0.393653
vt 0.287535 0.436477
vt 0.286539 0.437486
vt 0.286242 0.437664
vt 0.282605 0.393676
vt 0.282617 0.393575
vt 0.289882 0.436045
vt 0.288967 0.437129
vt 0.288684 0.437330
vt 0.283599 0.393675
vt 0.283618 0.393576
vt 0.292187 0.435431
vt 0.291360 0.436583
vt 0.291094 0.436805
vt 0.284590 0.393752
vt 0.284617 0.393655
vt 0.294437 0.434638
vt 0.293702 0.435852
vt 0.293454 0.436094
vt 0.285571 0.393907
vt 0.285606 0.393812
vt 0.296618 0.433672
vt 0.295980 0.434939
vt 0.295752 0.435200
vt 0.286538 0.394138
vt 0.286580 0.394046
vt 0.298716 0.432538
vt 0.298180 0.433851
vt 0.297972 0.434129
vt 0.287483 0.394445
vt 0.287532 0.394356
vt 0.300720 0.431243
vt 0.300288 0.432594
vt 0.300102 0.432888
vt 0.288401 0.394824
vt 0.288457 0.394740
vt 0.302616 0.429795
vt 0.302290 0.431176
vt 0.302129 0.431483
vt 0.289287 0.395275
vt 0.289349 0.395195
vt 0.304393 0.428203
vt 0.304176 0.429606
vt 0.304039 0.429925
vt 0.290134 0.395793
vt 0.290202 0.395719
vt 0.306040 0.426477
vt 0.305933 0.427893
vt 0.305822 0.428222
vt 0.290938 0.396377
vt 0.291011 0.396308
vt 0.307547 0.424628
vt 0.307551 0.426048
vt 0.307465 0.426384
vt 0.291693 0.397021
vt 0.291772 0.396958
vt 0.308904 0.422666
vt 0.309020 0.424081
vt 0.308960 0.424423
vt 0.292396 0.397723
vt 0.292479 0.397666
vt 0.310104 0.420604
vt 0.310330 0.422006
vt 0.310298 0.422351
vt 0.293041 0.398478
vt 0.293129 0.398427
vt 0.311139 0.418453
vt 0.311474 0.419834
vt 0.311469 0.420181
vt 0.293627 0.399280
vt 0.293718 0.399237
vt 0.312003 0.416229
vt 0.312444 0.417579
vt 0.312466 0.417925
vt 0.294149 0.400126
vt 0.294243 0.400090
vt 0.312690 0.413943
vt 0.313235 0.415255
vt 0.313285 0.415599
vt 0.294605 0.401011
vt 0.294701 0.400982
vt 0.313196 0.411610
vt 0.313842 0.412875
vt 0.313918 0.413215
vt 0.294991 0.401929
vt 0.295090 0.401908
vt 0.313517 0.409245
vt 0.314261 0.410456
vt 0.314363 0.410788
vt 0.295301 0.402874
vt 0.295401 0.402861
vt 0.313653 0.406861
vt 0.314489 0.408011
vt 0.314617 0.408334
vt 0.295529 0.403844
vt 0.295630 0.403840
vt 0.313602 0.404474
vt 0.314526 0.405554
vt 0.314678 0.405867
vt 0.295681 0.404828
vt 0.295782 0.404832
vt 0.313364 0.402097
vt 0.314370 0.403103
vt 0.314546 0.403402
vt 0.295757 0.405820
vt 0.295857 0.405832
vt 0.312941 0.399746
vt 0.314022 0.400670
vt 0.314222 0.400955
vt 0.295756 0.406814
vt 0.295855 0.406833
vt 0.312335 0.397435
vt 0.313485 0.398272
vt 0.313706 0.398541
vt 0.295678 0.407804
vt 0.295775 0.407831
vt 0.311549 0.395179
vt 0.312762 0.395923
vt 0.313003 0.396173
vt 0.295522 0.408785
vt 0.295617 0.408819
vt 0.310589 0.392990
vt 0.311856 0.393637
vt 0.312117 0.393868
vt 0.295291 0.409751
vt 0.295383 0.409793
vt 0.309460 0.390882
vt 0.310774 0.391429
vt 0.311052 0.391639
vt 0.294984 0.410696
vt 0.295073 0.410745
vt 0.308169 0.388870
vt 0.309522 0.389312
vt 0.309816 0.389499
vt 0.294605 0.411614
vt 0.294689 0.411669
vt 0.306724 0.386964
vt 0.308108 0.387299
vt 0.308415 0.387462
vt 0.294154 0.412499
vt 0.294234 0.412561
vt 0.305134 0.385176
vt 0.306540 0.385402
vt 0.306859 0.385541
vt 0.293636 0.413347
vt 0.293710 0.413415
vt 0.303407 0.383519
vt 0.304827 0.383634
vt 0.305156 0.383748
vt 0.293052 0.414151
vt 0.293121 0.414225
vt 0.301555 0.382003
vt 0.302980 0.382006
vt 0.303317 0.382094
vt 0.292407 0.414907
vt 0.292470 0.414986
vt 0.299590 0.380636
vt 0.301011 0.380527
vt 0.301354 0.380588
vt 0.291704 0.415610
vt 0.291761 0.415693
vt 0.297523 0.379427
vt 0.298931 0.379208
vt 0.299278 0.379242
vt 0.290949 0.416255
vt 0.290999 0.416343
vt 0.295367 0.378384
vt 0.296754 0.378055
vt 0.297102 0.378062
vt 0.290145 0.416840
vt 0.290188 0.416931
vt 0.293136 0.377513
vt 0.294493 0.377076
vt 0.294841 0.377056
vt 0.289298 0.417360
vt 0.289334 0.417454
vt 0.290843 0.376819
vt 0.292161 0.376278
vt 0.292507 0.376230
vt 0.288413 0.417811
vt 0.288441 0.417909
vt 0.288502 0.376307
vt 0.289774 0.375664
vt 0.290115 0.375589
vt 0.287495 0.418192
vt 0.287515 0.418291
vt 0.286127 0.375981
vt 0.287346 0.375239
vt 0.287679 0.375138
vt 0.286550 0.418500
vt 0.286563 0.418600
vt 0.283734 0.375841
vt 0.284890 0.375007
vt 0.285215 0.374879
vt 0.285584 0.418733
vt 0.285588 0.418834
vt 0.281336 0.375890
vt 0.282424 0.374967
vt 0.282738 0.374815
vt 0.284602 0.418888
vt 0.284599 0.418989
vt 0.278949 0.376127
vt 0.279961 0.375122
vt 0.280262 0.374945
vt 0.283611 0.418967
vt 0.283600 0.419067
vt 0.276587 0.376550
vt 0.277517 0.375469
vt 0.277804 0.375269
vt 0.282617 0.418967
vt 0.282598 0.419067
vt 0.274265 0.377159
vt 0.275108 0.376007
vt 0.275378 0.375786
vt 0.281627 0.418890
vt 0.281600 0.418987
vt 0.271997 0.377947
vt 0.272747 0.376733
vt 0.272999 0.376491
vt 0.280645 0.418735
vt 0.280611 0.418830
vt 0.269797 0.378912
vt 0.270450 0.377643
vt 0.270682 0.377381
vt 0.279679 0.418503
vt 0.279637 0.418596
vt 0.267679 0.380047
vt 0.268230 0.378730
vt 0.268441 0.378452
vt 0.278734 0.418197
vt 0.278685 0.418286
vt 0.265656 0.381346
vt 0.266102 0.379989
vt 0.266291 0.379695
vt 0.277816 0.417817
vt 0.277761 0.417902
vt 0.263741 0.382800
vt 0.264079 0.381412
vt 0.264244 0.381104
vt 0.276931 0.417367
vt 0.276869 0.417447
vt 0.261945 0.384400
vt 0.262174 0.382990
vt 0.262314 0.382670
vt 0.276084 0.416848
vt 0.276016 0.416923
vt 0.260281 0.386138
vt 0.260397 0.384714
vt 0.260512 0.384384
vt 0.275279 0.416265
vt 0.275206 0.416335
vt 0.258757 0.388001
vt 0.258762 0.386573
vt 0.258850 0.386234
vt 0.274523 0.415621
vt 0.274444 0.415685
vt 0.257385 0.389980
vt 0.257277 0.388555
vt 0.257338 0.388211
vt 0.273817 0.414920
vt 0.273734 0.414977
vt 0.256172 0.392061
vt 0.255952 0.390650
vt 0.255986 0.390301
vt 0.273168 0.414166
vt 0.273081 0.414216
vt 0.255127 0.394231
vt 0.254796 0.392842
vt 0.254802 0.392492
vt 0.253815 0.395120
vt 0.253794 0.394771
vt 0.274406 0.413167
vt 0.274971 0.413828
vt 0.275586 0.414443
vt 0.276246 0.415007
vt 0.276949 0.415519
vt 0.277690 0.415973
vt 0.278464 0.416368
vt 0.279267 0.416701
vt 0.280093 0.416970
vt 0.280938 0.417174
vt 0.281796 0.417311
vt 0.282663 0.417380
vt 0.283532 0.417381
vt 0.284398 0.417313
vt 0.285257 0.417178
vt 0.286102 0.416976
vt 0.286929 0.416708
vt 0.287732 0.416376
vt 0.288507 0.415983
vt 0.289249 0.415529
vt 0.289952 0.415019
vt 0.290614 0.414455
vt 0.291229 0.413841
vt 0.291794 0.413181
vt 0.292306 0.412478
vt 0.292761 0.411738
vt 0.293156 0.410964
vt 0.293490 0.410161
vt 0.293759 0.409335
vt 0.293964 0.408490
vt 0.294101 0.407631
vt 0.294171 0.406764
vt 0.294172 0.405895
vt 0.294105 0.405029
vt 0.293971 0.404170
vt 0.293769 0.403325
vt 0.293501 0.402498
vt 0.293169 0.401694
vt 0.292774 0.400920
vt 0.292320 0.400179
vt 0.291809 0.399476
vt 0.291245 0.398815
vt 0.290631 0.398200
vt 0.289970 0.397635
vt 0.289268 0.397124
vt 0.288527 0.396669
vt 0.287753 0.396274
vt 0.286951 0.395941
vt 0.286124 0.395672
vt 0.285279 0.395468
vt 0.284421 0.395331
vt 0.283555 0.395262
vt 0.282685 0.395261
vt 0.281819 0.395329
vt 0.280961 0.395464
vt 0.280115 0.395666
vt 0.279289 0.395934
vt 0.278485 0.396265
vt 0.277710 0.396659
vt 0.276969 0.397112
vt 0.276265 0.397623
vt 0.275604 0.398186
vt 0.274989 0.398800
vt 0.274424 0.399460
vt 0.273912 0.400163
vt 0.273457 0.400903
vt 0.273062 0.401677
vt 0.272728 0.402480
vt 0.272459 0.403306
vt 0.272255 0.404151
vt 0.272118 0.405009
vt 0.272049 0.405875
vt 0.272048 0.406744
vt 0.272114 0.407610
vt 0.272249 0.408469
vt 0.272450 0.409315
vt 0.272718 0.410142
vt 0.273049 0.410946
vt 0.273442 0.411721
vt 0.273895 0.412463
vt 0.242073 0.448313
vt 0.242447 0.448162
vt 0.245660 0.451515
vt 0.245718 0.451147
vt 0.247589 0.450745
vt 0.247826 0.450366
vt 0.249600 0.451866
vt 0.249854 0.451604
vt 0.249493 0.454301
vt 0.249820 0.454076
vt 0.253563 0.456722
vt 0.253551 0.456350
vt 0.255287 0.455609
vt 0.255444 0.455193
vt 0.257411 0.456348
vt 0.257616 0.456046
vt 0.257719 0.458760
vt 0.257995 0.458482
vt 0.262017 0.460460
vt 0.261950 0.460096
vt 0.263516 0.459086
vt 0.263601 0.458650
vt 0.265679 0.459480
vt 0.265834 0.459149
vt 0.266338 0.461814
vt 0.266565 0.461498
vt 0.270759 0.462845
vt 0.270643 0.462495
vt 0.272026 0.461264
vt 0.272043 0.460821
vt 0.274191 0.461333
vt 0.274297 0.460984
vt 0.275171 0.463548
vt 0.275348 0.463202
vt 0.279652 0.463924
vt 0.279489 0.463595
vt 0.280672 0.462176
vt 0.280624 0.461735
vt 0.282811 0.461928
vt 0.282865 0.461567
vt 0.284093 0.463978
vt 0.284218 0.463610
vt 0.288569 0.463693
vt 0.288361 0.463392
vt 0.289324 0.461813
vt 0.289211 0.461382
vt 0.291401 0.461248
vt 0.291401 0.460883
vt 0.292966 0.463087
vt 0.293037 0.462704
vt 0.297353 0.462132
vt 0.297103 0.461865
vt 0.297823 0.460156
vt 0.297648 0.459747
vt 0.299794 0.459279
vt 0.299740 0.458918
vt 0.301616 0.460862
vt 0.301629 0.460471
vt 0.305815 0.459240
vt 0.305527 0.459014
vt 0.305982 0.457211
vt 0.305747 0.456833
vt 0.307798 0.456035
vt 0.307690 0.455688
vt 0.309839 0.457321
vt 0.309793 0.456931
vt 0.313743 0.455062
vt 0.313425 0.454883
vt 0.313598 0.453027
vt 0.313309 0.452688
vt 0.315213 0.451580
vt 0.315053 0.451253
vt 0.317427 0.452536
vt 0.317321 0.452157
vt 0.320937 0.449693
vt 0.320595 0.449566
vt 0.320482 0.447702
vt 0.320144 0.447412
vt 0.321856 0.446020
vt 0.321648 0.445721
vt 0.324190 0.446623
vt 0.324027 0.446264
vt 0.327223 0.443266
vt 0.326865 0.443193
vt 0.326468 0.441367
vt 0.326090 0.441132
vt 0.327569 0.439489
vt 0.327317 0.439225
vt 0.329968 0.439725
vt 0.329753 0.439395
vt 0.332455 0.435933
vt 0.332090 0.435916
vt 0.331420 0.434169
vt 0.331010 0.433995
vt 0.332223 0.432137
vt 0.331934 0.431916
vt 0.334631 0.432001
vt 0.334369 0.431707
vt 0.336517 0.427855
vt 0.336154 0.427896
vt 0.335226 0.426268
vt 0.334794 0.426159
vt 0.335714 0.424125
vt 0.335394 0.423952
vt 0.338076 0.423614
vt 0.337771 0.423363
vt 0.339314 0.419197
vt 0.338961 0.419294
vt 0.337796 0.417824
vt 0.337352 0.417784
vt 0.337952 0.415611
vt 0.337609 0.415492
vt 0.340209 0.414723
vt 0.339870 0.414521
vt 0.340747 0.410111
vt 0.340414 0.410267
vt 0.339031 0.408994
vt 0.338587 0.409028
vt 0.338831 0.406755
vt 0.338472 0.406696
vt 0.340913 0.405488
vt 0.340545 0.405343
vt 0.340673 0.400785
vt 0.340370 0.400999
vt 0.338785 0.399970
vt 0.338354 0.400079
vt 0.338201 0.397772
vt 0.337836 0.397778
vt 0.340038 0.396149
vt 0.339651 0.396070
vt 0.338989 0.391523
vt 0.338729 0.391788
vt 0.336991 0.391055
vt 0.336588 0.391238
vt 0.336034 0.389021
vt 0.335676 0.389089
vt 0.337548 0.387100
vt 0.337154 0.387093
vt 0.335685 0.382789
vt 0.335476 0.383093
vt 0.333640 0.382715
vt 0.333276 0.382967
vt 0.332359 0.380937
vt 0.332016 0.381069
vt 0.333515 0.378799
vt 0.333130 0.378869
vt 0.331041 0.374987
vt 0.330881 0.375318
vt 0.329042 0.375264
vt 0.328726 0.375573
vt 0.327542 0.373750
vt 0.327225 0.373932
vt 0.328355 0.371475
vt 0.327991 0.371608
vt 0.325406 0.368165
vt 0.325296 0.368516
vt 0.323484 0.368751
vt 0.323217 0.369106
vt 0.321796 0.367476
vt 0.321508 0.367703
vt 0.322283 0.365107
vt 0.321943 0.365291
vt 0.318920 0.362258
vt 0.318860 0.362620
vt 0.317098 0.363106
vt 0.316884 0.363495
vt 0.315249 0.362087
vt 0.314996 0.362350
vt 0.315404 0.359676
vt 0.315092 0.359906
vt 0.311663 0.357340
vt 0.311655 0.357705
vt 0.309973 0.358439
vt 0.309816 0.358855
vt 0.307990 0.357702
vt 0.307776 0.357998
vt 0.307798 0.355297
vt 0.307520 0.355569
vt 0.303739 0.353537
vt 0.303783 0.353899
vt 0.302219 0.354873
vt 0.302124 0.355308
vt 0.300139 0.354441
vt 0.299971 0.354766
vt 0.299595 0.352092
vt 0.299359 0.352403
vt 0.295298 0.350962
vt 0.295397 0.351313
vt 0.293988 0.352512
vt 0.293958 0.352957
vt 0.291856 0.352402
vt 0.291739 0.352747
vt 0.290964 0.350161
vt 0.290776 0.350505
vt 0.286527 0.349699
vt 0.286678 0.350031
vt 0.285462 0.351432
vt 0.285499 0.351876
vt 0.283329 0.351651
vt 0.283266 0.352010
vt 0.282104 0.349574
vt 0.281969 0.349942
vt 0.277631 0.349803
vt 0.277832 0.350108
vt 0.276842 0.351681
vt 0.276946 0.352114
vt 0.274761 0.352229
vt 0.274754 0.352594
vt 0.273227 0.350368
vt 0.273150 0.350753
vt 0.268831 0.351294
vt 0.269077 0.351563
vt 0.268340 0.353273
vt 0.268511 0.353685
vt 0.266364 0.354141
vt 0.266415 0.354502
vt 0.264557 0.352543
vt 0.264541 0.352935
vt 0.260351 0.354150
vt 0.260637 0.354377
vt 0.260175 0.356182
vt 0.260407 0.356563
vt 0.258355 0.357353
vt 0.258462 0.357701
vt 0.256319 0.356058
vt 0.256365 0.356449
vt 0.252412 0.358310
vt 0.252731 0.358489
vt 0.252557 0.360345
vt 0.252847 0.360684
vt 0.250943 0.361788
vt 0.251103 0.362115
vt 0.248728 0.360830
vt 0.248835 0.361209
vt 0.245223 0.363670
vt 0.245566 0.363796
vt 0.245687 0.365657
vt 0.246026 0.365946
vt 0.244320 0.367335
vt 0.244530 0.367633
vt 0.241982 0.366738
vt 0.242147 0.367095
vt 0.238969 0.370092
vt 0.239328 0.370164
vt 0.239740 0.371981
vt 0.240120 0.372214
vt 0.238656 0.373852
vt 0.238910 0.374114
vt 0.236254 0.373629
vt 0.236473 0.373956
vt 0.233811 0.377410
vt 0.234176 0.377424
vt 0.234870 0.379154
vt 0.235281 0.379324
vt 0.234096 0.381167
vt 0.234387 0.381387
vt 0.231692 0.381321
vt 0.231959 0.381608
vt 0.229878 0.385425
vt 0.230240 0.385383
vt 0.231195 0.386982
vt 0.231628 0.387087
vt 0.230749 0.389085
vt 0.231070 0.389257
vt 0.228401 0.389603
vt 0.228710 0.389846
vt 0.227252 0.393921
vt 0.227602 0.393826
vt 0.228793 0.395258
vt 0.229237 0.395296
vt 0.228679 0.397397
vt 0.229022 0.397519
vt 0.226440 0.398260
vt 0.226783 0.398452
vt 0.225967 0.402685
vt 0.226298 0.402540
vt 0.227692 0.403778
vt 0.228137 0.403749
vt 0.227905 0.405904
vt 0.228262 0.405975
vt 0.225822 0.407081
vt 0.226190 0.407222
vt 0.226015 0.411519
vt 0.226321 0.411328
vt 0.227882 0.412352
vt 0.228318 0.412260
vt 0.228408 0.414426
vt 0.228771 0.414446
vt 0.226518 0.415886
vt 0.226903 0.415974
vt 0.227354 0.420258
vt 0.227629 0.420027
vt 0.229322 0.420828
vt 0.229741 0.420675
vt 0.230146 0.422820
vt 0.230508 0.422787
vt 0.228482 0.424531
vt 0.228876 0.424567
vt 0.229939 0.428784
vt 0.230179 0.428516
vt 0.231972 0.429084
vt 0.232365 0.428874
vt 0.233083 0.430973
vt 0.233435 0.430887
vt 0.231681 0.432918
vt 0.232078 0.432902
vt 0.233768 0.437006
vt 0.233965 0.436701
vt 0.235829 0.437018
vt 0.236186 0.436750
vt 0.237235 0.438773
vt 0.237567 0.438628
vt 0.236159 0.440943
vt 0.236552 0.440868
vt 0.238942 0.444765
vt 0.239082 0.444422
vt 0.240984 0.444424
vt 0.241290 0.444098
vt 0.242706 0.445949
vt 0.243005 0.445738
vt 0.239871 0.450486
vt 0.243761 0.453995
vt 0.247857 0.456911
vt 0.252195 0.459517
vt 0.256562 0.461607
vt 0.261106 0.463432
vt 0.265613 0.464800
vt 0.270278 0.465916
vt 0.274867 0.466606
vt 0.279601 0.467034
vt 0.284219 0.467050
vt 0.288957 0.466780
vt 0.293532 0.466109
vt 0.298188 0.465129
vt 0.302623 0.463767
vt 0.307090 0.462079
vt 0.311276 0.460041
vt 0.315437 0.457673
vt 0.319263 0.455003
vt 0.323012 0.452014
vt 0.326383 0.448779
vt 0.329629 0.445241
vt 0.332464 0.441521
vt 0.335133 0.437519
vt 0.337371 0.433397
vt 0.339403 0.429018
vt 0.340994 0.424577
vt 0.342343 0.419902
vt 0.343241 0.415219
vt 0.343849 0.410320
vt 0.343985 0.405469
vt 0.343767 0.400447
vt 0.343062 0.395567
vt 0.341965 0.390609
vt 0.340400 0.385938
vt 0.338430 0.381318
vt 0.336109 0.377133
vt 0.333494 0.373076
vt 0.330659 0.369441
vt 0.327562 0.365922
vt 0.324292 0.362779
vt 0.320758 0.359747
vt 0.317080 0.357098
vt 0.313139 0.354599
vt 0.309097 0.352509
vt 0.304809 0.350613
vt 0.300476 0.349145
vt 0.295926 0.347912
vt 0.291396 0.347115
vt 0.286687 0.346589
vt 0.282065 0.346497
vt 0.277311 0.346706
vt 0.272712 0.347334
vt 0.268032 0.348284
vt 0.263574 0.349627
vt 0.259089 0.351303
vt 0.254889 0.353334
vt 0.250717 0.355698
vt 0.246885 0.358366
vt 0.243136 0.361359
vt 0.239772 0.364597
vt 0.236542 0.368141
vt 0.233734 0.371864
vt 0.231108 0.375864
vt 0.228926 0.379972
vt 0.226967 0.384318
vt 0.225461 0.388696
vt 0.224207 0.393271
vt 0.223398 0.397804
vt 0.222860 0.402490
vt 0.222747 0.407069
vt 0.222912 0.411764
vt 0.223472 0.416297
vt 0.224314 0.420917
vt 0.225519 0.425339
vt 0.227014 0.429833
vt 0.228854 0.434111
vt 0.231019 0.438452
vt 0.233550 0.442555
vt 0.236493 0.446681
vt 0.332688 0.410961
vt 0.332246 0.412315
vt 0.326833 0.409225
vt 0.326582 0.412780
vt 0.332836 0.403058
vt 0.332646 0.404465
vt 0.326766 0.402391
vt 0.327118 0.405909
vt 0.331258 0.418700
vt 0.330602 0.419964
vt 0.325763 0.416024
vt 0.324958 0.419503
vt 0.328656 0.426092
vt 0.327813 0.427237
vt 0.323649 0.422583
vt 0.322322 0.425895
vt 0.324967 0.432972
vt 0.323960 0.433973
vt 0.320561 0.428732
vt 0.318746 0.431795
vt 0.320280 0.439186
vt 0.319132 0.440020
vt 0.316576 0.434322
vt 0.314318 0.437063
vt 0.314703 0.444593
vt 0.313441 0.445239
vt 0.311789 0.439220
vt 0.309139 0.441575
vt 0.308364 0.449063
vt 0.307019 0.449507
vt 0.306309 0.443312
vt 0.303328 0.445226
vt 0.301412 0.452491
vt 0.300014 0.452723
vt 0.300262 0.446502
vt 0.297019 0.447927
vt 0.294018 0.454796
vt 0.292600 0.454813
vt 0.293789 0.448710
vt 0.290362 0.449620
vt 0.286357 0.455946
vt 0.284951 0.455752
vt 0.287043 0.449901
vt 0.283508 0.450285
vt 0.278592 0.455939
vt 0.277225 0.455541
vt 0.280172 0.450066
vt 0.276605 0.449922
vt 0.270872 0.454789
vt 0.269572 0.454197
vt 0.273323 0.449215
vt 0.269802 0.448546
vt 0.263343 0.452502
vt 0.262142 0.451720
vt 0.266651 0.447360
vt 0.263266 0.446167
vt 0.256192 0.449063
vt 0.255136 0.448092
vt 0.260344 0.444512
vt 0.257214 0.442794
vt 0.249713 0.444436
vt 0.248870 0.443279
vt 0.254647 0.440678
vt 0.251915 0.438426
vt 0.240042 0.431972
vt 0.239677 0.430596
vt 0.245915 0.430203
vt 0.244110 0.427109
vt 0.244303 0.438637
vt 0.243715 0.437335
vt 0.249815 0.435863
vt 0.247548 0.433121
vt 0.236877 0.424805
vt 0.236715 0.423397
vt 0.242939 0.423969
vt 0.241608 0.420651
vt 0.234790 0.417332
vt 0.234827 0.415920
vt 0.240905 0.417390
vt 0.240069 0.413935
vt 0.233807 0.409687
vt 0.234045 0.408297
vt 0.239849 0.410625
vt 0.239530 0.407106
vt 0.233961 0.402005
vt 0.234401 0.400667
vt 0.239803 0.403817
vt 0.240014 0.400302
vt 0.235275 0.394438
vt 0.235912 0.393181
vt 0.240782 0.397101
vt 0.241528 0.393667
vt 0.237743 0.387155
vt 0.238567 0.386010
vt 0.242780 0.390627
vt 0.244051 0.387352
vt 0.241325 0.380335
vt 0.242318 0.379332
vt 0.245765 0.384545
vt 0.247535 0.381510
vt 0.245939 0.374156
vt 0.247078 0.373322
vt 0.249669 0.379007
vt 0.251895 0.376287
vt 0.251471 0.368777
vt 0.252728 0.368132
vt 0.254397 0.374150
vt 0.257023 0.371815
vt 0.257781 0.364335
vt 0.259123 0.363897
vt 0.259830 0.370099
vt 0.262789 0.368206
vt 0.264707 0.360943
vt 0.266102 0.360721
vt 0.265831 0.366954
vt 0.269049 0.365551
vt 0.272072 0.358684
vt 0.273483 0.358684
vt 0.272248 0.364793
vt 0.275644 0.363913
vt 0.279686 0.357606
vt 0.281079 0.357826
vt 0.278919 0.363665
vt 0.282408 0.363326
vt 0.287360 0.357723
vt 0.288702 0.358155
vt 0.285680 0.363590
vt 0.289176 0.363793
vt 0.294909 0.359015
vt 0.296170 0.359646
vt 0.292367 0.364555
vt 0.295790 0.365289
vt 0.302161 0.361439
vt 0.303314 0.362252
vt 0.298829 0.366530
vt 0.302103 0.367776
vt 0.308960 0.364929
vt 0.309983 0.365903
vt 0.304925 0.369466
vt 0.307984 0.371195
vt 0.315176 0.369392
vt 0.316053 0.370505
vt 0.310537 0.373297
vt 0.313325 0.375468
vt 0.320713 0.374705
vt 0.321432 0.375935
vt 0.315571 0.377933
vt 0.318053 0.380487
vt 0.319991 0.383241
vt 0.325099 0.381136
vt 0.321871 0.386283
vt 0.326293 0.381841
vt 0.323399 0.389244
vt 0.328827 0.387965
vt 0.324749 0.392503
vt 0.329933 0.388804
vt 0.325713 0.395661
vt 0.331258 0.395365
vt 0.326431 0.399122
vt 0.332122 0.396445
vt 0.334389 0.408651
vt 0.334221 0.406847
vt 0.337232 0.410918
vt 0.336976 0.413379
vt 0.333403 0.414918
vt 0.333279 0.416718
vt 0.335722 0.419409
vt 0.335091 0.421779
vt 0.331339 0.422711
vt 0.330942 0.424465
vt 0.332941 0.427497
vt 0.331962 0.429730
vt 0.328123 0.430060
vt 0.327465 0.431727
vt 0.328979 0.435025
vt 0.327675 0.437075
vt 0.323837 0.436804
vt 0.322934 0.438347
vt 0.323928 0.441834
vt 0.322328 0.443655
vt 0.318579 0.442794
vt 0.317452 0.444177
vt 0.317901 0.447770
vt 0.316042 0.449321
vt 0.312471 0.447889
vt 0.311145 0.449080
vt 0.311038 0.452694
vt 0.308963 0.453936
vt 0.305653 0.451969
vt 0.304160 0.452939
vt 0.303502 0.456485
vt 0.301263 0.457389
vt 0.298289 0.454935
vt 0.296667 0.455661
vt 0.295481 0.459057
vt 0.293133 0.459606
vt 0.290562 0.456729
vt 0.288849 0.457201
vt 0.287170 0.460373
vt 0.284767 0.460565
vt 0.282644 0.457336
vt 0.280878 0.457548
vt 0.278745 0.460434
vt 0.276332 0.460272
vt 0.274694 0.456766
vt 0.272908 0.456718
vt 0.270355 0.459258
vt 0.267974 0.458745
vt 0.266853 0.455034
vt 0.265080 0.454722
vt 0.262136 0.456848
vt 0.259829 0.455978
vt 0.259277 0.452134
vt 0.257557 0.451545
vt 0.254256 0.453171
vt 0.252088 0.451919
vt 0.252194 0.448033
vt 0.250596 0.447145
vt 0.247024 0.448152
vt 0.245129 0.446494
vt 0.246017 0.442688
vt 0.244646 0.441491
vt 0.240985 0.441775
vt 0.239489 0.439769
vt 0.241062 0.436215
vt 0.239926 0.434798
vt 0.236285 0.434461
vt 0.235144 0.432282
vt 0.237253 0.429080
vt 0.236347 0.427526
vt 0.232804 0.426666
vt 0.231994 0.424383
vt 0.234546 0.421563
vt 0.233872 0.419913
vt 0.230491 0.418571
vt 0.230012 0.416219
vt 0.232947 0.413810
vt 0.232516 0.412090
vt 0.229366 0.410290
vt 0.229231 0.407901
vt 0.232492 0.405947
vt 0.232319 0.404187
vt 0.229469 0.401951
vt 0.229691 0.399568
vt 0.233216 0.398115
vt 0.233311 0.396349
vt 0.230831 0.393713
vt 0.231415 0.391386
vt 0.235131 0.390478
vt 0.235497 0.388746
vt 0.233453 0.385761
vt 0.234395 0.383547
vt 0.238215 0.383218
vt 0.238849 0.381562
vt 0.237297 0.378294
vt 0.238576 0.376251
vt 0.242409 0.376518
vt 0.243296 0.374982
vt 0.242276 0.371511
vt 0.243863 0.369693
vt 0.247610 0.370557
vt 0.248729 0.369178
vt 0.248266 0.365590
vt 0.250120 0.364044
vt 0.253687 0.365486
vt 0.255008 0.364300
vt 0.255115 0.360686
vt 0.257189 0.359451
vt 0.260484 0.361435
vt 0.261975 0.360473
vt 0.262645 0.356922
vt 0.264885 0.356029
vt 0.267828 0.358507
vt 0.269449 0.357791
vt 0.270662 0.354391
vt 0.273010 0.353861
vt 0.275527 0.356769
vt 0.277238 0.356316
vt 0.278957 0.353149
vt 0.281353 0.352990
vt 0.283387 0.356254
vt 0.285144 0.356071
vt 0.287321 0.353209
vt 0.289706 0.353422
vt 0.291214 0.356959
vt 0.292974 0.357046
vt 0.295550 0.354552
vt 0.297869 0.355123
vt 0.298823 0.358849
vt 0.300546 0.359201
vt 0.303454 0.357127
vt 0.305655 0.358038
vt 0.306044 0.361868
vt 0.307692 0.362473
vt 0.310862 0.360855
vt 0.312900 0.362080
vt 0.312731 0.365933
vt 0.314273 0.366772
vt 0.317632 0.365633
vt 0.319473 0.367139
vt 0.318767 0.370937
vt 0.320178 0.371987
vt 0.323659 0.371333
vt 0.325279 0.373083
vt 0.324052 0.376745
vt 0.325304 0.377976
vt 0.328810 0.377824
vt 0.330198 0.379883
vt 0.328436 0.383377
vt 0.329494 0.384808
vt 0.333030 0.385229
vt 0.334090 0.387533
vt 0.331739 0.390730
vt 0.332525 0.392353
vt 0.335939 0.393454
vt 0.336540 0.395948
vt 0.333664 0.398689
vt 0.334142 0.400446
vt 0.337345 0.402198
vt 0.337504 0.404696
vt 0.337476 0.410837
vt 0.334732 0.408660
vt 0.337203 0.413524
vt 0.333762 0.414968
vt 0.333615 0.416785
vt 0.335974 0.419368
vt 0.335291 0.421959
vt 0.331685 0.422819
vt 0.331263 0.424584
vt 0.333196 0.427496
vt 0.332132 0.429939
vt 0.328448 0.430220
vt 0.327764 0.431894
vt 0.329231 0.435063
vt 0.327811 0.437308
vt 0.324133 0.437013
vt 0.323203 0.438558
vt 0.324171 0.441911
vt 0.322426 0.443906
vt 0.318840 0.443045
vt 0.317686 0.444426
vt 0.318130 0.447883
vt 0.316101 0.449583
vt 0.312689 0.448178
vt 0.311338 0.449362
vt 0.311247 0.452841
vt 0.308981 0.454204
vt 0.305825 0.452287
vt 0.304308 0.453247
vt 0.303686 0.456662
vt 0.301240 0.457656
vt 0.298411 0.455276
vt 0.296766 0.455988
vt 0.295636 0.459260
vt 0.293071 0.459867
vt 0.290632 0.457084
vt 0.288898 0.457538
vt 0.287294 0.460596
vt 0.284667 0.460813
vt 0.282661 0.457697
vt 0.280876 0.457890
vt 0.278835 0.460673
vt 0.276197 0.460503
vt 0.274658 0.457126
vt 0.272855 0.457055
vt 0.270411 0.459507
vt 0.267806 0.458955
vt 0.266764 0.455385
vt 0.264975 0.455047
vt 0.262154 0.457104
vt 0.259630 0.456162
vt 0.259131 0.452467
vt 0.257398 0.451850
vt 0.254229 0.453426
vt 0.251859 0.452071
vt 0.251990 0.448335
vt 0.250382 0.447419
vt 0.246941 0.448398
vt 0.244873 0.446603
vt 0.245758 0.442949
vt 0.244384 0.441720
vt 0.240853 0.441999
vt 0.239221 0.439818
vt 0.240763 0.436423
vt 0.239632 0.434977
vt 0.236122 0.434658
vt 0.234874 0.432283
vt 0.236927 0.429235
vt 0.236030 0.427656
vt 0.232617 0.426837
vt 0.231728 0.424344
vt 0.234201 0.421668
vt 0.233539 0.419994
vt 0.230283 0.418715
vt 0.229755 0.416143
vt 0.232590 0.413863
vt 0.232176 0.412123
vt 0.229139 0.410403
vt 0.228987 0.407790
vt 0.232131 0.405947
vt 0.231978 0.404170
vt 0.229228 0.402030
vt 0.229465 0.399422
vt 0.232859 0.398061
vt 0.232975 0.396282
vt 0.230580 0.393755
vt 0.231214 0.391208
vt 0.234785 0.390371
vt 0.235176 0.388630
vt 0.233199 0.385764
vt 0.234222 0.383341
vt 0.237890 0.383059
vt 0.238549 0.381397
vt 0.237044 0.378257
vt 0.238438 0.376020
vt 0.242112 0.376311
vt 0.243025 0.374772
vt 0.242032 0.371435
vt 0.243762 0.369443
vt 0.247349 0.370305
vt 0.248494 0.368929
vt 0.248037 0.365477
vt 0.250061 0.363781
vt 0.253468 0.365197
vt 0.254816 0.364017
vt 0.254907 0.360538
vt 0.257171 0.359182
vt 0.260314 0.361115
vt 0.261829 0.360163
vt 0.262463 0.356743
vt 0.264910 0.355761
vt 0.267709 0.358164
vt 0.269353 0.357462
vt 0.270510 0.354186
vt 0.273076 0.353600
vt 0.275464 0.356412
vt 0.277194 0.355976
vt 0.278838 0.352922
vt 0.281458 0.352743
vt 0.283379 0.355892
vt 0.285152 0.355729
vt 0.287238 0.352968
vt 0.289848 0.353194
vt 0.291261 0.356599
vt 0.293034 0.356710
vt 0.295505 0.354301
vt 0.298043 0.354920
vt 0.298923 0.358501
vt 0.300655 0.358878
vt 0.303447 0.356872
vt 0.305856 0.357862
vt 0.306194 0.361538
vt 0.307848 0.362169
vt 0.310891 0.360601
vt 0.313124 0.361935
vt 0.312927 0.365628
vt 0.314470 0.366495
vt 0.317696 0.365386
vt 0.319715 0.367027
vt 0.319003 0.370663
vt 0.320412 0.371740
vt 0.323757 0.371097
vt 0.325535 0.373007
vt 0.324325 0.376507
vt 0.325574 0.377768
vt 0.328930 0.377603
vt 0.330464 0.379842
vt 0.328744 0.383185
vt 0.329798 0.384645
vt 0.333177 0.385028
vt 0.334353 0.387556
vt 0.332074 0.390588
vt 0.332848 0.392240
vt 0.336129 0.393287
vt 0.336805 0.396002
vt 0.334020 0.398611
vt 0.334482 0.400394
vt 0.337572 0.402076
vt 0.337754 0.404799
vt 0.334585 0.406834
vt 0.259139 0.431218
vt 0.261104 0.432983
vt 0.258278 0.432073
vt 0.260328 0.433890
vt 0.256439 0.430062
vt 0.257333 0.429303
vt 0.254724 0.427911
vt 0.255681 0.427199
vt 0.263205 0.434580
vt 0.262488 0.435556
vt 0.265440 0.436004
vt 0.264824 0.437006
vt 0.267787 0.437244
vt 0.267240 0.438301
vt 0.270231 0.438294
vt 0.269792 0.439362
vt 0.272748 0.439148
vt 0.272392 0.440260
vt 0.275330 0.439802
vt 0.275086 0.440910
vt 0.277974 0.440257
vt 0.277806 0.441398
vt 0.280646 0.440507
vt 0.280577 0.441633
vt 0.283324 0.440553
vt 0.283340 0.441702
vt 0.285998 0.440391
vt 0.286113 0.441513
vt 0.288653 0.440028
vt 0.288852 0.441161
vt 0.291273 0.439460
vt 0.291561 0.440553
vt 0.293835 0.438697
vt 0.294211 0.439789
vt 0.296329 0.437737
vt 0.296793 0.438772
vt 0.298739 0.436581
vt 0.299288 0.437599
vt 0.301059 0.435237
vt 0.301677 0.436189
vt 0.303264 0.433724
vt 0.303963 0.434647
vt 0.305350 0.432039
vt 0.306108 0.432887
vt 0.307295 0.430205
vt 0.308129 0.431011
vt 0.309096 0.428219
vt 0.309977 0.428940
vt 0.310736 0.426107
vt 0.311686 0.426775
vt 0.312209 0.423868
vt 0.313194 0.424446
vt 0.313496 0.421536
vt 0.314545 0.422044
vt 0.314601 0.419102
vt 0.315669 0.419513
vt 0.315511 0.416597
vt 0.316631 0.416934
vt 0.316222 0.414022
vt 0.317348 0.414262
vt 0.316726 0.411414
vt 0.317895 0.411571
vt 0.317022 0.408768
vt 0.318180 0.408828
vt 0.317107 0.406118
vt 0.318290 0.406094
vt 0.316979 0.403465
vt 0.318128 0.403352
vt 0.316620 0.400840
vt 0.317789 0.400632
vt 0.316050 0.398252
vt 0.317192 0.397965
vt 0.315276 0.395726
vt 0.316409 0.395343
vt 0.314297 0.393266
vt 0.315378 0.392814
vt 0.313125 0.390898
vt 0.314175 0.390350
vt 0.311764 0.388629
vt 0.312747 0.388014
vt 0.310233 0.386481
vt 0.311169 0.385781
vt 0.308531 0.384458
vt 0.309373 0.383698
vt 0.306674 0.382564
vt 0.307469 0.381732
vt 0.304675 0.380822
vt 0.305378 0.379944
vt 0.302554 0.379243
vt 0.303200 0.378294
vt 0.300317 0.377834
vt 0.300865 0.376851
vt 0.297978 0.376600
vt 0.298465 0.375558
vt 0.295549 0.375553
vt 0.295940 0.374491
vt 0.293053 0.374699
vt 0.293372 0.373583
vt 0.290495 0.374045
vt 0.290714 0.372915
vt 0.287886 0.373549
vt 0.288033 0.372393
vt 0.285245 0.373260
vt 0.285300 0.372120
vt 0.282600 0.373177
vt 0.282574 0.372014
vt 0.279954 0.373304
vt 0.279835 0.372167
vt 0.277333 0.373636
vt 0.277130 0.372487
vt 0.274742 0.374175
vt 0.274453 0.373067
vt 0.272209 0.374913
vt 0.271833 0.373807
vt 0.269738 0.375852
vt 0.269281 0.374799
vt 0.267354 0.376978
vt 0.266811 0.375942
vt 0.265060 0.378295
vt 0.264448 0.377325
vt 0.262882 0.379783
vt 0.262188 0.378842
vt 0.260824 0.381445
vt 0.260070 0.380580
vt 0.258905 0.383259
vt 0.258076 0.382435
vt 0.257132 0.385227
vt 0.256257 0.384486
vt 0.255520 0.387323
vt 0.254576 0.386633
vt 0.254075 0.389548
vt 0.253096 0.388946
vt 0.252808 0.391861
vt 0.251772 0.391329
vt 0.251723 0.394279
vt 0.250671 0.393843
vt 0.250830 0.396770
vt 0.249731 0.396405
vt 0.250132 0.399335
vt 0.249032 0.399065
vt 0.249635 0.401938
vt 0.248500 0.401749
vt 0.249340 0.404586
vt 0.248219 0.404492
vt 0.249249 0.407246
vt 0.248102 0.407233
vt 0.249363 0.409919
vt 0.248240 0.409994
vt 0.249674 0.412549
vt 0.248541 0.412722
vt 0.250192 0.415163
vt 0.249097 0.415430
vt 0.250906 0.417725
vt 0.249810 0.418085
vt 0.251822 0.420237
vt 0.250773 0.420681
vt 0.252920 0.422652
vt 0.251882 0.423196
vt 0.254213 0.424984
vt 0.253234 0.425608
vt 0.266826 0.400714
vt 0.266439 0.402013
vt 0.266358 0.400555
vt 0.265960 0.401890
vt 0.266861 0.399254
vt 0.267316 0.399450
vt 0.267466 0.397998
vt 0.267903 0.398228
vt 0.266155 0.403339
vt 0.265668 0.403254
vt 0.265977 0.404683
vt 0.265485 0.404637
vt 0.265905 0.406037
vt 0.265412 0.406030
vt 0.265941 0.407393
vt 0.265448 0.407425
vt 0.266082 0.408742
vt 0.265594 0.408812
vt 0.266329 0.410075
vt 0.265848 0.410185
vt 0.266680 0.411386
vt 0.266209 0.411532
vt 0.267132 0.412664
vt 0.266675 0.412847
vt 0.267683 0.413903
vt 0.267242 0.414122
vt 0.268330 0.415095
vt 0.267907 0.415347
vt 0.269067 0.416232
vt 0.268666 0.416517
vt 0.269892 0.417308
vt 0.269514 0.417624
vt 0.270798 0.418315
vt 0.270446 0.418660
vt 0.271780 0.419249
vt 0.271456 0.419621
vt 0.272832 0.420103
vt 0.272538 0.420499
vt 0.273947 0.420873
vt 0.273685 0.421290
vt 0.275119 0.421552
vt 0.274890 0.421988
vt 0.276340 0.422137
vt 0.276146 0.422590
vt 0.277603 0.422625
vt 0.277445 0.423092
vt 0.278900 0.423012
vt 0.278779 0.423490
vt 0.280223 0.423297
vt 0.280140 0.423783
vt 0.281564 0.423477
vt 0.281519 0.423967
vt 0.282915 0.423551
vt 0.282909 0.424044
vt 0.284267 0.423519
vt 0.284299 0.424011
vt 0.285613 0.423382
vt 0.285683 0.423869
vt 0.286943 0.423139
vt 0.287051 0.423620
vt 0.288250 0.422793
vt 0.288396 0.423264
vt 0.289526 0.422345
vt 0.289708 0.422803
vt 0.290763 0.421799
vt 0.290980 0.422242
vt 0.291953 0.421158
vt 0.292204 0.421582
vt 0.293089 0.420425
vt 0.293372 0.420828
vt 0.294164 0.419606
vt 0.294478 0.419986
vt 0.295171 0.418704
vt 0.295514 0.419059
vt 0.296105 0.417727
vt 0.296474 0.418053
vt 0.296959 0.416679
vt 0.297353 0.416976
vt 0.297728 0.415568
vt 0.298144 0.415833
vt 0.298408 0.414400
vt 0.298844 0.414631
vt 0.298995 0.413181
vt 0.299447 0.413378
vt 0.299483 0.411921
vt 0.299950 0.412082
vt 0.299872 0.410626
vt 0.300350 0.410750
vt 0.300158 0.409304
vt 0.300644 0.409391
vt 0.300340 0.407964
vt 0.300831 0.408013
vt 0.300416 0.406614
vt 0.300909 0.406624
vt 0.300386 0.405262
vt 0.300879 0.405233
vt 0.300251 0.403916
vt 0.300739 0.403849
vt 0.300010 0.402585
vt 0.300492 0.402480
vt 0.299666 0.401277
vt 0.300138 0.401135
vt 0.299220 0.400000
vt 0.299680 0.399821
vt 0.298676 0.398761
vt 0.299120 0.398547
vt 0.298035 0.397569
vt 0.298461 0.397320
vt 0.297304 0.396431
vt 0.297709 0.396149
vt 0.296485 0.395353
vt 0.296867 0.395040
vt 0.295584 0.394342
vt 0.295940 0.394000
vt 0.294607 0.393404
vt 0.294935 0.393035
vt 0.293560 0.392545
vt 0.293856 0.392152
vt 0.292445 0.391773
vt 0.292711 0.391358
vt 0.291273 0.391091
vt 0.291506 0.390656
vt 0.290052 0.390502
vt 0.290249 0.390050
vt 0.288788 0.390010
vt 0.288949 0.389545
vt 0.287489 0.389619
vt 0.287614 0.389142
vt 0.286164 0.389331
vt 0.286250 0.388846
vt 0.284819 0.389147
vt 0.284868 0.388657
vt 0.283465 0.389070
vt 0.283475 0.388577
vt 0.282108 0.389099
vt 0.282079 0.388606
vt 0.280758 0.389234
vt 0.280690 0.388746
vt 0.279422 0.389475
vt 0.279316 0.388993
vt 0.278110 0.389819
vt 0.277966 0.389348
vt 0.276828 0.390266
vt 0.276648 0.389807
vt 0.275585 0.390812
vt 0.275369 0.390369
vt 0.274389 0.391453
vt 0.274139 0.391028
vt 0.273248 0.392187
vt 0.272964 0.391783
vt 0.272167 0.393008
vt 0.271852 0.392628
vt 0.271154 0.393911
vt 0.270811 0.393557
vt 0.270216 0.394891
vt 0.269845 0.394565
vt 0.269358 0.395942
vt 0.268962 0.395646
vt 0.268585 0.397057
vt 0.268168 0.396792
vt 0.292850 0.400732
vt 0.290541 0.402050
vt 0.292388 0.399995
vt 0.290190 0.401491
vt 0.293252 0.401503
vt 0.290847 0.402636
vt 0.293593 0.402302
vt 0.291106 0.403244
vt 0.293870 0.403127
vt 0.291317 0.403870
vt 0.294081 0.403970
vt 0.291478 0.404510
vt 0.294225 0.404827
vt 0.291588 0.405162
vt 0.294302 0.405693
vt 0.291647 0.405820
vt 0.294311 0.406563
vt 0.291653 0.406480
vt 0.294251 0.407430
vt 0.291608 0.407140
vt 0.294123 0.408290
vt 0.291512 0.407793
vt 0.293929 0.409138
vt 0.291364 0.408437
vt 0.293668 0.409967
vt 0.291166 0.409067
vt 0.293343 0.410774
vt 0.290920 0.409680
vt 0.292956 0.411552
vt 0.290626 0.410272
vt 0.292509 0.412298
vt 0.290286 0.410839
vt 0.292005 0.413006
vt 0.289904 0.411377
vt 0.291447 0.413673
vt 0.289480 0.411884
vt 0.290838 0.414293
vt 0.289017 0.412356
vt 0.290182 0.414864
vt 0.288519 0.412790
vt 0.289484 0.415382
vt 0.287989 0.413184
vt 0.288747 0.415844
vt 0.287429 0.413535
vt 0.287976 0.416246
vt 0.286844 0.413841
vt 0.287176 0.416587
vt 0.286236 0.414100
vt 0.286352 0.416863
vt 0.285610 0.414310
vt 0.285509 0.417074
vt 0.284969 0.414471
vt 0.284651 0.417219
vt 0.284318 0.414581
vt 0.283785 0.417295
vt 0.283660 0.414640
vt 0.282916 0.417304
vt 0.282999 0.414646
vt 0.282049 0.417244
vt 0.282340 0.414601
vt 0.281189 0.417116
vt 0.281686 0.414505
vt 0.280342 0.416921
vt 0.281042 0.414357
vt 0.279512 0.416661
vt 0.280412 0.414159
vt 0.278706 0.416336
vt 0.279799 0.413913
vt 0.277928 0.415949
vt 0.279207 0.413619
vt 0.277182 0.415502
vt 0.278640 0.413280
vt 0.276474 0.414998
vt 0.278102 0.412897
vt 0.275807 0.414440
vt 0.277595 0.412473
vt 0.275186 0.413832
vt 0.277123 0.412011
vt 0.274615 0.413176
vt 0.276689 0.411513
vt 0.274097 0.412478
vt 0.276295 0.410982
vt 0.273636 0.411741
vt 0.275944 0.410423
vt 0.273233 0.410970
vt 0.275638 0.409837
vt 0.272893 0.410170
vt 0.275379 0.409230
vt 0.272616 0.409346
vt 0.275169 0.408603
vt 0.272405 0.408503
vt 0.275008 0.407962
vt 0.272260 0.407645
vt 0.274898 0.407311
vt 0.272184 0.406779
vt 0.274839 0.406653
vt 0.272175 0.405910
vt 0.274832 0.405992
vt 0.272235 0.405043
vt 0.274877 0.405333
vt 0.272362 0.404182
vt 0.274974 0.404680
vt 0.272557 0.403335
vt 0.275122 0.404036
vt 0.272818 0.402506
vt 0.275319 0.403405
vt 0.273143 0.401699
vt 0.275566 0.402793
vt 0.273530 0.400921
vt 0.275860 0.402201
vt 0.273977 0.400175
vt 0.276199 0.401634
vt 0.274481 0.399467
vt 0.276582 0.401096
vt 0.275039 0.398800
vt 0.277006 0.400589
vt 0.275648 0.398179
vt 0.277468 0.400117
vt 0.276304 0.397608
vt 0.277966 0.399683
vt 0.277002 0.397090
vt 0.278497 0.399289
vt 0.277739 0.396629
vt 0.279056 0.398938
vt 0.278510 0.396227
vt 0.279642 0.398632
vt 0.279309 0.395886
vt 0.280250 0.398373
vt 0.280133 0.395610
vt 0.280876 0.398163
vt 0.280977 0.395399
vt 0.281517 0.398002
vt 0.281834 0.395254
vt 0.282168 0.397892
vt 0.282700 0.395177
vt 0.282826 0.397833
vt 0.283569 0.395169
vt 0.283487 0.397826
vt 0.284437 0.395229
vt 0.284146 0.397871
vt 0.285297 0.395356
vt 0.284800 0.397968
vt 0.286144 0.395551
vt 0.285443 0.398115
vt 0.286974 0.395811
vt 0.286074 0.398313
vt 0.287780 0.396136
vt 0.286687 0.398560
vt 0.288558 0.396523
vt 0.287278 0.398854
vt 0.289304 0.396971
vt 0.287845 0.399193
vt 0.290012 0.397475
vt 0.288384 0.399576
vt 0.290679 0.398033
vt 0.288890 0.400000
vt 0.291300 0.398642
vt 0.289362 0.400462
vt 0.291871 0.399297
vt 0.289797 0.400960
vt 0.296805 0.404729
vt 0.296992 0.405144
vt 0.296906 0.404266
vt 0.296861 0.404058
vt 0.296642 0.403658
vt 0.296707 0.403187
vt 0.296646 0.402982
vt 0.296396 0.402597
vt 0.296424 0.402117
vt 0.296343 0.401916
vt 0.296056 0.401554
vt 0.296041 0.401078
vt 0.295945 0.400888
vt 0.295635 0.400553
vt 0.295584 0.400082
vt 0.295475 0.399900
vt 0.295141 0.399591
vt 0.295055 0.399126
vt 0.294932 0.398953
vt 0.294575 0.398671
vt 0.294454 0.398214
vt 0.294318 0.398050
vt 0.293940 0.397797
vt 0.293784 0.397351
vt 0.293636 0.397198
vt 0.293240 0.396975
vt 0.293048 0.396542
vt 0.292889 0.396402
vt 0.292476 0.396210
vt 0.292252 0.395793
vt 0.292082 0.395666
vt 0.291655 0.395507
vt 0.291399 0.395109
vt 0.291219 0.394995
vt 0.290781 0.394870
vt 0.290494 0.394493
vt 0.290306 0.394394
vt 0.289860 0.394303
vt 0.289544 0.393951
vt 0.289349 0.393866
vt 0.288896 0.393811
vt 0.288554 0.393484
vt 0.288352 0.393415
vt 0.287897 0.393395
vt 0.287530 0.393096
vt 0.287323 0.393044
vt 0.286868 0.393060
vt 0.286478 0.392790
vt 0.286268 0.392754
vt 0.285816 0.392806
vt 0.285406 0.392568
vt 0.285194 0.392548
vt 0.284747 0.392635
vt 0.284320 0.392430
vt 0.284107 0.392427
vt 0.283668 0.392549
vt 0.283227 0.392378
vt 0.283014 0.392392
vt 0.282586 0.392548
vt 0.282133 0.392412
vt 0.281922 0.392442
vt 0.281507 0.392631
vt 0.281045 0.392531
vt 0.280837 0.392578
vt 0.280438 0.392799
vt 0.279969 0.392736
vt 0.279766 0.392798
vt 0.279386 0.393050
vt 0.278913 0.393024
vt 0.278715 0.393102
vt 0.278356 0.393383
vt 0.277883 0.393394
vt 0.277692 0.393488
vt 0.277356 0.393796
vt 0.276885 0.393844
vt 0.276702 0.393952
vt 0.276391 0.394286
vt 0.275925 0.394370
vt 0.275751 0.394493
vt 0.275468 0.394850
vt 0.275010 0.394971
vt 0.274846 0.395106
vt 0.274591 0.395484
vt 0.274144 0.395641
vt 0.273992 0.395789
vt 0.273767 0.396186
vt 0.273334 0.396377
vt 0.273193 0.396537
vt 0.273001 0.396950
vt 0.272584 0.397175
vt 0.272456 0.397345
vt 0.272296 0.397772
vt 0.271898 0.398029
vt 0.271784 0.398209
vt 0.271659 0.398647
vt 0.271282 0.398934
vt 0.271183 0.399122
vt 0.271092 0.399569
vt 0.270739 0.399885
vt 0.270655 0.400080
vt 0.270599 0.400532
vt 0.270272 0.400875
vt 0.270204 0.401076
vt 0.270184 0.401532
vt 0.269885 0.401899
vt 0.269832 0.402105
vt 0.269848 0.402560
vt 0.269579 0.402949
vt 0.269542 0.403159
vt 0.269594 0.403612
vt 0.269356 0.404021
vt 0.269336 0.404233
vt 0.269423 0.404680
vt 0.269218 0.405106
vt 0.269215 0.405319
vt 0.269336 0.405758
vt 0.269165 0.406199
vt 0.269179 0.406411
vt 0.269335 0.406839
vt 0.269199 0.407292
vt 0.269229 0.407503
vt 0.269418 0.407917
vt 0.269318 0.408379
vt 0.269364 0.408587
vt 0.269585 0.408985
vt 0.269521 0.409453
vt 0.269584 0.409656
vt 0.269835 0.410036
vt 0.269807 0.410508
vt 0.269885 0.410706
vt 0.270165 0.411065
vt 0.270174 0.411538
vt 0.270267 0.411730
vt 0.270574 0.412067
vt 0.270620 0.412539
vt 0.270727 0.412724
vt 0.271060 0.413039
vt 0.271144 0.413510
vt 0.271267 0.413686
vt 0.271629 0.413972
vt 0.271754 0.414432
vt 0.271891 0.414595
vt 0.272271 0.414849
vt 0.272430 0.415296
vt 0.272579 0.415448
vt 0.272976 0.415671
vt 0.273169 0.416103
vt 0.273329 0.416243
vt 0.273742 0.416435
vt 0.273967 0.416851
vt 0.274137 0.416978
vt 0.274564 0.417137
vt 0.274820 0.417534
vt 0.275000 0.417648
vt 0.275438 0.417773
vt 0.275725 0.418149
vt 0.275913 0.418248
vt 0.276359 0.418339
vt 0.276674 0.418691
vt 0.276869 0.418775
vt 0.277321 0.418831
vt 0.277664 0.419158
vt 0.277865 0.419226
vt 0.278320 0.419246
vt 0.278687 0.419545
vt 0.278893 0.419598
vt 0.279349 0.419582
vt 0.279738 0.419851
vt 0.279948 0.419887
vt 0.280400 0.419836
vt 0.280810 0.420074
vt 0.281022 0.420094
vt 0.281469 0.420006
vt 0.281896 0.420211
vt 0.282108 0.420215
vt 0.282548 0.420093
vt 0.282989 0.420264
vt 0.283201 0.420250
vt 0.283630 0.420094
vt 0.284083 0.420230
vt 0.284294 0.420200
vt 0.284709 0.420011
vt 0.285172 0.420111
vt 0.285380 0.420065
vt 0.285778 0.419843
vt 0.286248 0.419907
vt 0.286451 0.419844
vt 0.286832 0.419592
vt 0.287305 0.419618
vt 0.287502 0.419540
vt 0.287862 0.419259
vt 0.288335 0.419248
vt 0.288526 0.419154
vt 0.288862 0.418846
vt 0.289333 0.418798
vt 0.289517 0.418689
vt 0.289827 0.418356
vt 0.290293 0.418271
vt 0.290467 0.418148
vt 0.290751 0.417791
vt 0.291209 0.417670
vt 0.291372 0.417534
vt 0.291627 0.417157
vt 0.292074 0.417000
vt 0.292227 0.416852
vt 0.292451 0.416455
vt 0.292884 0.416264
vt 0.293025 0.416104
vt 0.293218 0.415691
vt 0.293634 0.415466
vt 0.293762 0.415296
vt 0.293922 0.414869
vt 0.294320 0.414612
vt 0.294434 0.414432
vt 0.294559 0.413994
vt 0.294935 0.413707
vt 0.295035 0.413519
vt 0.295126 0.413072
vt 0.295478 0.412757
vt 0.295563 0.412561
vt 0.295618 0.412109
vt 0.295945 0.411767
vt 0.296014 0.411565
vt 0.296033 0.411110
vt 0.296332 0.410744
vt 0.296385 0.410537
vt 0.296369 0.410082
vt 0.296638 0.409693
vt 0.296674 0.409484
vt 0.296623 0.409031
vt 0.296861 0.408623
vt 0.296881 0.408411
vt 0.296794 0.407964
vt 0.296999 0.407539
vt 0.297002 0.407326
vt 0.296881 0.406888
vt 0.297053 0.406447
vt 0.297040 0.406235
vt 0.296885 0.405807
vt 0.297021 0.405355
vt 0.313568 0.402100
vt 0.314327 0.400951
vt 0.314478 0.403034
vt 0.314652 0.403407
vt 0.313805 0.404492
vt 0.314639 0.405495
vt 0.314783 0.405880
vt 0.313854 0.406895
vt 0.314607 0.407960
vt 0.314721 0.408355
vt 0.313715 0.409295
vt 0.314383 0.410414
vt 0.314465 0.410817
vt 0.313389 0.411675
vt 0.313967 0.412844
vt 0.314017 0.413252
vt 0.312877 0.414023
vt 0.313362 0.415233
vt 0.313380 0.415643
vt 0.312184 0.416323
vt 0.312572 0.417567
vt 0.312559 0.417977
vt 0.311312 0.418561
vt 0.311602 0.419832
vt 0.311557 0.420240
vt 0.310268 0.420725
vt 0.310458 0.422013
vt 0.310381 0.422417
vt 0.309058 0.422800
vt 0.309147 0.424099
vt 0.309038 0.424495
vt 0.307690 0.424773
vt 0.307677 0.426075
vt 0.307537 0.426462
vt 0.306171 0.426633
vt 0.306056 0.427930
vt 0.305887 0.428305
vt 0.304511 0.428369
vt 0.304296 0.429653
vt 0.304098 0.430013
vt 0.302721 0.429970
vt 0.302406 0.431232
vt 0.302181 0.431576
vt 0.300811 0.431425
vt 0.300398 0.432659
vt 0.300147 0.432984
vt 0.298793 0.432726
vt 0.298285 0.433924
vt 0.298009 0.434228
vt 0.296680 0.433866
vt 0.296080 0.435020
vt 0.295781 0.435302
vt 0.294484 0.434837
vt 0.293795 0.435941
vt 0.293475 0.436198
vt 0.292218 0.435633
vt 0.291445 0.436679
vt 0.291106 0.436910
vt 0.289897 0.436249
vt 0.289045 0.437231
vt 0.288689 0.437436
vt 0.287535 0.436681
vt 0.286609 0.437594
vt 0.286238 0.437770
vt 0.285146 0.436928
vt 0.284152 0.437766
vt 0.283768 0.437912
vt 0.282745 0.436987
vt 0.281688 0.437744
vt 0.281295 0.437860
vt 0.280347 0.436858
vt 0.279234 0.437530
vt 0.278833 0.437615
vt 0.277965 0.436541
vt 0.276804 0.437125
vt 0.276397 0.437178
vt 0.275616 0.436040
vt 0.274412 0.436531
vt 0.274003 0.436552
vt 0.273313 0.435356
vt 0.272075 0.435751
vt 0.271664 0.435740
vt 0.271070 0.434494
vt 0.269804 0.434791
vt 0.269396 0.434748
vt 0.268900 0.433459
vt 0.267616 0.433656
vt 0.267212 0.433581
vt 0.266818 0.432257
vt 0.265522 0.432353
vt 0.265126 0.432247
vt 0.264836 0.430896
vt 0.263536 0.430891
vt 0.263149 0.430754
vt 0.262966 0.429383
vt 0.261670 0.429277
vt 0.261295 0.429110
vt 0.261219 0.427729
vt 0.259936 0.427521
vt 0.259575 0.427326
vt 0.259606 0.425943
vt 0.258343 0.425635
vt 0.257998 0.425412
vt 0.258137 0.424035
vt 0.256902 0.423629
vt 0.256576 0.423379
vt 0.256822 0.422017
vt 0.255622 0.421515
vt 0.255316 0.421241
vt 0.255668 0.419901
vt 0.254511 0.419307
vt 0.254227 0.419010
vt 0.254682 0.417701
vt 0.253575 0.417017
vt 0.253315 0.416699
vt 0.253871 0.415429
vt 0.252821 0.414660
vt 0.252587 0.414322
vt 0.253240 0.413099
vt 0.252252 0.412250
vt 0.252046 0.411894
vt 0.252792 0.410725
vt 0.251874 0.409801
vt 0.251696 0.409430
vt 0.252532 0.408322
vt 0.251689 0.407328
vt 0.251540 0.406944
vt 0.252460 0.405904
vt 0.251697 0.404846
vt 0.251579 0.404451
vt 0.252577 0.403486
vt 0.251899 0.402370
vt 0.251812 0.401967
vt 0.252883 0.401082
vt 0.252293 0.399913
vt 0.252238 0.399503
vt 0.253379 0.398708
vt 0.252891 0.397492
vt 0.252872 0.397079
vt 0.254075 0.396385
vt 0.253687 0.395132
vt 0.253702 0.394719
vt 0.254954 0.394124
vt 0.254667 0.392844
vt 0.254714 0.392434
vt 0.256008 0.391940
vt 0.255824 0.390641
vt 0.255903 0.390236
vt 0.257231 0.389846
vt 0.257149 0.388537
vt 0.257260 0.388139
vt 0.258615 0.387856
vt 0.258636 0.386545
vt 0.258778 0.386156
vt 0.260150 0.385981
vt 0.260275 0.384676
vt 0.260447 0.384300
vt 0.261827 0.384234
vt 0.262054 0.382943
vt 0.262255 0.382582
vt 0.263636 0.382624
vt 0.263964 0.381355
vt 0.264193 0.381011
vt 0.265566 0.381163
vt 0.265992 0.379923
vt 0.266247 0.379599
vt 0.267603 0.379858
vt 0.268126 0.378656
vt 0.268405 0.378352
vt 0.269736 0.378717
vt 0.270351 0.377560
vt 0.270654 0.377280
vt 0.271952 0.377748
vt 0.272655 0.376643
vt 0.272979 0.376387
vt 0.274235 0.376957
vt 0.275023 0.375910
vt 0.275366 0.375681
vt 0.276574 0.376347
vt 0.277441 0.375366
vt 0.277800 0.375164
vt 0.278952 0.375923
vt 0.279893 0.375013
vt 0.280267 0.374839
vt 0.281355 0.375687
vt 0.282364 0.374853
vt 0.282751 0.374710
vt 0.283768 0.375640
vt 0.284840 0.374889
vt 0.285237 0.374776
vt 0.286177 0.375783
vt 0.287304 0.375118
vt 0.287709 0.375036
vt 0.288567 0.376114
vt 0.289743 0.375540
vt 0.290152 0.375490
vt 0.290923 0.376632
vt 0.292140 0.376151
vt 0.292552 0.376134
vt 0.293231 0.377333
vt 0.294481 0.376949
vt 0.294893 0.376964
vt 0.295476 0.378212
vt 0.296752 0.377927
vt 0.297161 0.377974
vt 0.297645 0.379264
vt 0.298939 0.379080
vt 0.299344 0.379159
vt 0.299724 0.380483
vt 0.301029 0.380400
vt 0.301426 0.380511
vt 0.301702 0.381861
vt 0.303009 0.381881
vt 0.303396 0.382022
vt 0.303564 0.383389
vt 0.304865 0.383512
vt 0.305240 0.383683
vt 0.305300 0.385059
vt 0.306588 0.385283
vt 0.306947 0.385483
vt 0.306899 0.386859
vt 0.308165 0.387184
vt 0.308508 0.387411
vt 0.308352 0.388779
vt 0.309588 0.389201
vt 0.309912 0.389455
vt 0.309650 0.390807
vt 0.310849 0.391324
vt 0.311152 0.391602
vt 0.310784 0.392929
vt 0.311938 0.393539
vt 0.312219 0.393840
vt 0.311748 0.395133
vt 0.312851 0.395831
vt 0.313107 0.396153
vt 0.312536 0.397406
vt 0.313582 0.398188
vt 0.313811 0.398529
vt 0.313144 0.399733
vt 0.314125 0.400593
vt 0.251573 0.398225
vt 0.250807 0.399215
vt 0.251372 0.397100
vt 0.251472 0.396667
vt 0.252318 0.395750
vt 0.252207 0.394615
vt 0.252341 0.394193
vt 0.253255 0.393350
vt 0.253233 0.392211
vt 0.253400 0.391801
vt 0.254377 0.391033
vt 0.254444 0.389896
vt 0.254643 0.389501
vt 0.255676 0.388813
vt 0.255833 0.387685
vt 0.256062 0.387306
vt 0.257147 0.386703
vt 0.257392 0.385591
vt 0.257650 0.385232
vt 0.258778 0.384716
vt 0.259110 0.383627
vt 0.259395 0.383289
vt 0.260560 0.382864
vt 0.260976 0.381805
vt 0.261287 0.381491
vt 0.262481 0.381159
vt 0.262979 0.380136
vt 0.263313 0.379847
vt 0.264529 0.379611
vt 0.265106 0.378630
vt 0.265462 0.378369
vt 0.266692 0.378229
vt 0.267344 0.377297
vt 0.267719 0.377064
vt 0.268956 0.377022
vt 0.269679 0.376144
vt 0.270071 0.375942
vt 0.271307 0.375997
vt 0.272096 0.375179
vt 0.272503 0.375008
vt 0.273731 0.375160
vt 0.274581 0.374406
vt 0.275000 0.374268
vt 0.276212 0.374516
vt 0.277118 0.373832
vt 0.277547 0.373727
vt 0.278735 0.374069
vt 0.279692 0.373458
vt 0.280127 0.373387
vt 0.281284 0.373822
vt 0.282286 0.373288
vt 0.282725 0.373251
vt 0.283844 0.373776
vt 0.284885 0.373322
vt 0.285326 0.373320
vt 0.286399 0.373930
vt 0.287472 0.373559
vt 0.287912 0.373592
vt 0.288934 0.374285
vt 0.290032 0.373999
vt 0.290468 0.374066
vt 0.291432 0.374837
vt 0.292549 0.374638
vt 0.292978 0.374739
vt 0.293879 0.375583
vt 0.295008 0.375472
vt 0.295427 0.375606
vt 0.296259 0.376518
vt 0.297393 0.376496
vt 0.297801 0.376663
vt 0.298558 0.377637
vt 0.299690 0.377704
vt 0.300084 0.377902
vt 0.300762 0.378932
vt 0.301886 0.379087
vt 0.302262 0.379315
vt 0.302858 0.380396
vt 0.303965 0.380639
vt 0.304323 0.380896
vt 0.304832 0.382020
vt 0.305916 0.382349
vt 0.306253 0.382633
vt 0.306672 0.383793
vt 0.307727 0.384206
vt 0.308040 0.384516
vt 0.308366 0.385705
vt 0.309385 0.386199
vt 0.309673 0.386532
vt 0.309905 0.387744
vt 0.310882 0.388316
vt 0.311142 0.388670
vt 0.311278 0.389896
vt 0.312207 0.390542
vt 0.312439 0.390916
vt 0.312479 0.392148
vt 0.313354 0.392865
vt 0.313556 0.393256
vt 0.313499 0.394488
vt 0.314315 0.395271
vt 0.314486 0.395676
vt 0.314332 0.396899
vt 0.315085 0.397743
vt 0.315223 0.398161
vt 0.314974 0.399368
vt 0.315658 0.400268
vt 0.315764 0.400695
vt 0.315421 0.401879
vt 0.316032 0.402830
vt 0.316104 0.403263
vt 0.315670 0.404416
vt 0.316205 0.405412
vt 0.316242 0.405850
vt 0.315719 0.406965
vt 0.316174 0.408000
vt 0.316178 0.408439
vt 0.315569 0.409510
vt 0.315942 0.410576
vt 0.315911 0.411015
vt 0.315220 0.412035
vt 0.315508 0.413127
vt 0.315443 0.413561
vt 0.314675 0.414524
vt 0.314877 0.415635
vt 0.314778 0.416063
vt 0.313936 0.416963
vt 0.314051 0.418086
vt 0.313919 0.418505
vt 0.313010 0.419336
vt 0.313036 0.420465
vt 0.312871 0.420872
vt 0.311900 0.421630
vt 0.311838 0.422757
vt 0.311642 0.423150
vt 0.310614 0.423829
vt 0.310465 0.424948
vt 0.310239 0.425324
vt 0.309161 0.425921
vt 0.308924 0.427024
vt 0.308669 0.427382
vt 0.307548 0.427893
vt 0.307226 0.428974
vt 0.306944 0.429311
vt 0.305786 0.429732
vt 0.305380 0.430785
vt 0.305073 0.431098
vt 0.303886 0.431428
vt 0.303399 0.432445
vt 0.303068 0.432734
vt 0.301859 0.432969
vt 0.301294 0.433946
vt 0.300941 0.434207
vt 0.299717 0.434348
vt 0.299078 0.435277
vt 0.298706 0.435510
vt 0.297474 0.435554
vt 0.296764 0.436431
vt 0.296375 0.436634
vt 0.295144 0.436582
vt 0.294368 0.437400
vt 0.293964 0.437572
vt 0.292740 0.437424
vt 0.291903 0.438178
vt 0.291487 0.438319
vt 0.290278 0.438075
vt 0.289384 0.438762
vt 0.288958 0.438869
vt 0.287772 0.438532
vt 0.286828 0.439147
vt 0.286395 0.439221
vt 0.285238 0.438792
vt 0.284249 0.439330
vt 0.283811 0.439370
vt 0.282692 0.438852
vt 0.281663 0.439312
vt 0.281224 0.439317
vt 0.280148 0.438713
vt 0.279087 0.439091
vt 0.278649 0.439062
vt 0.277623 0.438376
vt 0.276536 0.438669
vt 0.276101 0.438606
vt 0.275132 0.437842
vt 0.274025 0.438049
vt 0.273596 0.437953
vt 0.272690 0.437115
vt 0.271570 0.437235
vt 0.271150 0.437105
vt 0.270312 0.436199
vt 0.269185 0.436231
vt 0.268777 0.436069
vt 0.268012 0.435100
vt 0.266887 0.435044
vt 0.266492 0.434850
vt 0.265805 0.433824
vt 0.264687 0.433680
vt 0.264309 0.433456
vt 0.263704 0.432379
vt 0.262601 0.432148
vt 0.262241 0.431896
vt 0.261721 0.430774
vt 0.260640 0.430458
vt 0.260301 0.430178
vt 0.259870 0.429018
vt 0.258816 0.428618
vt 0.258500 0.428313
vt 0.258161 0.427123
vt 0.257141 0.426641
vt 0.256850 0.426312
vt 0.256605 0.425099
vt 0.255626 0.424539
vt 0.255361 0.424187
vt 0.255211 0.422958
vt 0.254279 0.422323
vt 0.254042 0.421952
vt 0.253988 0.420714
vt 0.253108 0.420008
vt 0.252902 0.419619
vt 0.252944 0.418380
vt 0.252122 0.417607
vt 0.251946 0.417203
vt 0.252085 0.415970
vt 0.251326 0.415134
vt 0.251183 0.414718
vt 0.251417 0.413499
vt 0.250726 0.412606
vt 0.250615 0.412179
vt 0.250944 0.410982
vt 0.250325 0.410036
vt 0.250248 0.409602
vt 0.250669 0.408433
vt 0.250125 0.407441
vt 0.250082 0.407002
vt 0.250594 0.405869
vt 0.250130 0.404837
vt 0.250121 0.404395
vt 0.250720 0.403305
vt 0.250337 0.402238
vt 0.250363 0.401797
vt 0.251045 0.400755
vt 0.250746 0.399655
vt 0.278548 0.419844
vt 0.279624 0.420165
vt 0.280723 0.420402
vt 0.281836 0.420551
vt 0.282958 0.420613
vt 0.284080 0.420587
vt 0.285196 0.420472
vt 0.286300 0.420271
vt 0.287385 0.419983
vt 0.288443 0.419612
vt 0.289470 0.419159
vt 0.290458 0.418626
vt 0.291401 0.418018
vt 0.292293 0.417338
vt 0.293129 0.416590
vt 0.293904 0.415779
vt 0.294612 0.414909
vt 0.295250 0.413986
vt 0.295814 0.413016
vt 0.296300 0.412005
vt 0.296705 0.410959
vt 0.297027 0.409883
vt 0.297263 0.408786
vt 0.297413 0.407673
vt 0.297475 0.406551
vt 0.297448 0.405428
vt 0.297336 0.404312
vt 0.297136 0.403209
vt 0.296850 0.402124
vt 0.296480 0.401065
vt 0.296027 0.400038
vt 0.295495 0.399049
vt 0.294887 0.398105
vt 0.294207 0.397211
vt 0.293460 0.396374
vt 0.292649 0.395598
vt 0.291779 0.394887
vt 0.290855 0.394247
vt 0.289883 0.393681
vt 0.288869 0.393192
vt 0.287819 0.392784
vt 0.286740 0.392459
vt 0.285642 0.392221
vt 0.284528 0.392070
vt 0.283405 0.392007
vt 0.282280 0.392032
vt 0.281160 0.392145
vt 0.280053 0.392346
vt 0.278965 0.392632
vt 0.277902 0.393003
vt 0.276872 0.393456
vt 0.275881 0.393989
vt 0.274935 0.394597
vt 0.274039 0.395278
vt 0.273200 0.396027
vt 0.272423 0.396839
vt 0.271712 0.397710
vt 0.271071 0.398634
vt 0.270506 0.399607
vt 0.270020 0.400621
vt 0.269615 0.401670
vt 0.269294 0.402747
vt 0.269058 0.403846
vt 0.268910 0.404961
vt 0.268850 0.406083
vt 0.268878 0.407206
vt 0.268994 0.408325
vt 0.269198 0.409431
vt 0.269488 0.410517
vt 0.269862 0.411576
vt 0.270318 0.412604
vt 0.270853 0.413592
vt 0.271464 0.414534
vt 0.272146 0.415426
vt 0.272899 0.416264
vt 0.273715 0.417040
vt 0.274588 0.417749
vt 0.275514 0.418388
vt 0.276487 0.418952
vt 0.277500 0.419439
vt 0.342385 0.485521
vt 0.345172 0.489944
vt 0.341984 0.486914
vt 0.343566 0.489441
vt 0.338866 0.468316
vt 0.340387 0.473307
vt 0.338112 0.469549
vt 0.338971 0.472398
vt 0.339909 0.450847
vt 0.340092 0.456047
vt 0.338862 0.451844
vt 0.338958 0.454809
vt 0.345214 0.434232
vt 0.344154 0.439360
vt 0.343957 0.434960
vt 0.343346 0.437882
vt 0.354885 0.419431
vt 0.352425 0.424038
vt 0.353475 0.419771
vt 0.352066 0.422395
vt 0.366597 0.407691
vt 0.367985 0.407775
vt 0.364576 0.409936
vt 0.364455 0.411600
vt 0.383675 0.399925
vt 0.379260 0.402694
vt 0.382287 0.399518
vt 0.379765 0.401090
vt 0.400814 0.396362
vt 0.395837 0.397897
vt 0.399579 0.395611
vt 0.396738 0.396478
vt 0.418281 0.397339
vt 0.413079 0.397541
vt 0.417281 0.396295
vt 0.414314 0.396401
vt 0.434909 0.402778
vt 0.429827 0.401635
vt 0.434210 0.401511
vt 0.431314 0.400851
vt 0.449584 0.412328
vt 0.444968 0.409909
vt 0.449234 0.410923
vt 0.446606 0.409537
vt 0.472991 0.458082
vt 0.471357 0.453108
vt 0.473720 0.456821
vt 0.472793 0.453980
vt 0.471981 0.475737
vt 0.471813 0.470521
vt 0.473032 0.474736
vt 0.472945 0.471761
vt 0.466549 0.492405
vt 0.467671 0.487299
vt 0.467815 0.491692
vt 0.468462 0.488783
vt 0.456903 0.507179
vt 0.459358 0.502567
vt 0.458312 0.506835
vt 0.459719 0.504209
vt 0.443775 0.518853
vt 0.447333 0.515033
vt 0.445222 0.518887
vt 0.447257 0.516715
vt 0.428105 0.526742
vt 0.432526 0.523968
vt 0.429495 0.527148
vt 0.432020 0.525573
vt 0.410933 0.530320
vt 0.415919 0.528782
vt 0.412171 0.531070
vt 0.415016 0.530201
vt 0.393420 0.529339
vt 0.398633 0.529141
vt 0.394422 0.530384
vt 0.397395 0.530280
vt 0.376752 0.523867
vt 0.381841 0.525022
vt 0.377451 0.525136
vt 0.380351 0.525803
vt 0.362062 0.514270
vt 0.366679 0.516702
vt 0.362409 0.515677
vt 0.365038 0.517071
vt 0.350346 0.501201
vt 0.354181 0.504742
vt 0.350319 0.502650
vt 0.352500 0.504675
vt 0.469203 0.440974
vt 0.466416 0.436583
vt 0.469601 0.439580
vt 0.468018 0.437072
vt 0.461292 0.425363
vt 0.457460 0.421830
vt 0.461318 0.423914
vt 0.459139 0.421894
vt 0.348348 0.446498
vt 0.354518 0.432088
vt 0.360789 0.450076
vt 0.365703 0.438854
vt 0.345908 0.461964
vt 0.358899 0.462190
vt 0.347557 0.477539
vt 0.360201 0.474377
vt 0.353213 0.492138
vt 0.364604 0.485813
vt 0.362493 0.504775
vt 0.371837 0.495725
vt 0.374718 0.514585
vt 0.381395 0.503427
vt 0.389060 0.520899
vt 0.392622 0.508394
vt 0.404543 0.523293
vt 0.404752 0.510294
vt 0.420120 0.521604
vt 0.416965 0.508993
vt 0.434735 0.515947
vt 0.428429 0.504577
vt 0.447401 0.506711
vt 0.438362 0.497342
vt 0.457257 0.494517
vt 0.446090 0.487770
vt 0.463509 0.480112
vt 0.451027 0.476519
vt 0.466001 0.464605
vt 0.452924 0.464381
vt 0.464125 0.449031
vt 0.451550 0.452208
vt 0.458430 0.434427
vt 0.447103 0.440784
vt 0.449160 0.421816
vt 0.439856 0.430898
vt 0.436944 0.412049
vt 0.430297 0.423228
vt 0.422628 0.405774
vt 0.419082 0.418292
vt 0.407187 0.403392
vt 0.406980 0.416394
vt 0.391645 0.405071
vt 0.394791 0.417686
vt 0.377053 0.410711
vt 0.383346 0.422088
vt 0.364383 0.419918
vt 0.373423 0.429307
vt 0.346895 0.448221
vt 0.344872 0.459943
vt 0.344944 0.463996
vt 0.346029 0.475850
vt 0.347148 0.479753
vt 0.351294 0.490913
vt 0.353405 0.494384
vt 0.360324 0.504087
vt 0.363259 0.506895
vt 0.372445 0.514481
vt 0.376005 0.516435
vt 0.386837 0.521386
vt 0.390780 0.522353
vt 0.402522 0.524338
vt 0.406580 0.524253
vt 0.418437 0.523136
vt 0.422336 0.522005
vt 0.433504 0.517862
vt 0.436980 0.515762
vt 0.446705 0.508880
vt 0.449526 0.505953
vt 0.457150 0.496788
vt 0.459106 0.493219
vt 0.464004 0.482333
vt 0.464974 0.478382
vt 0.467035 0.466624
vt 0.466954 0.462554
vt 0.465675 0.450690
vt 0.464510 0.446801
vt 0.460339 0.435648
vt 0.458237 0.432182
vt 0.451325 0.422499
vt 0.448394 0.419701
vt 0.439213 0.412147
vt 0.435659 0.410204
vt 0.424845 0.405282
vt 0.420913 0.404322
vt 0.409202 0.402346
vt 0.405155 0.402431
vt 0.393324 0.403541
vt 0.389434 0.404668
vt 0.378282 0.408798
vt 0.374811 0.410892
vt 0.365080 0.417752
vt 0.362258 0.420671
vt 0.354626 0.429819
vt 0.347880 0.444296
vt 0.352635 0.433372
vt 0.400488 0.390925
vt 0.395550 0.391125
vt 0.393685 0.392312
vt 0.390270 0.397625
vt 0.388804 0.398180
vt 0.384074 0.395158
vt 0.381958 0.394756
vt 0.377239 0.396223
vt 0.375741 0.397852
vt 0.373811 0.403868
vt 0.372542 0.404784
vt 0.367164 0.403066
vt 0.365101 0.403196
vt 0.360859 0.405867
vt 0.359830 0.407806
vt 0.359483 0.414127
vt 0.358479 0.415351
vt 0.352852 0.415099
vt 0.350813 0.415809
vt 0.347443 0.419444
vt 0.346952 0.421608
vt 0.348258 0.427809
vt 0.347577 0.429274
vt 0.342020 0.430634
vt 0.340268 0.431906
vt 0.338075 0.436354
vt 0.338223 0.438558
vt 0.341229 0.444061
vt 0.340967 0.445565
vt 0.335989 0.448127
vt 0.334579 0.449751
vt 0.333481 0.454561
vt 0.334138 0.456669
vt 0.338368 0.461345
vt 0.338519 0.462905
vt 0.334371 0.466681
vt 0.333430 0.468617
vt 0.333612 0.473557
vt 0.334792 0.475431
vt 0.340101 0.478878
vt 0.340652 0.480360
vt 0.337619 0.485119
vt 0.337220 0.487251
vt 0.338711 0.491990
vt 0.340350 0.493487
vt 0.346384 0.495417
vt 0.347311 0.496699
vt 0.345642 0.502075
vt 0.345814 0.504226
vt 0.348475 0.508398
vt 0.350440 0.509415
vt 0.356750 0.509706
vt 0.357969 0.510704
vt 0.357742 0.516327
vt 0.358461 0.518360
vt 0.362108 0.521705
vt 0.364269 0.522181
vt 0.370442 0.520833
vt 0.371878 0.521480
vt 0.373111 0.526969
vt 0.374330 0.528747
vt 0.378716 0.531036
vt 0.380927 0.530938
vt 0.386542 0.528039
vt 0.388095 0.528293
vt 0.390701 0.533275
vt 0.392338 0.534678
vt 0.397165 0.535758
vt 0.399276 0.535092
vt 0.403952 0.530841
vt 0.405518 0.530684
vt 0.409321 0.534824
vt 0.411264 0.535757
vt 0.416207 0.535554
vt 0.418074 0.534366
vt 0.421496 0.529050
vt 0.422969 0.528493
vt 0.427709 0.531510
vt 0.429827 0.531910
vt 0.434550 0.530438
vt 0.436048 0.528808
vt 0.437983 0.522788
vt 0.439262 0.521869
vt 0.444620 0.523562
vt 0.446769 0.523403
vt 0.450954 0.520763
vt 0.451983 0.518802
vt 0.452305 0.512484
vt 0.453311 0.511263
vt 0.458941 0.511507
vt 0.460979 0.510794
vt 0.464345 0.507154
vt 0.464832 0.504989
vt 0.463516 0.498787
vt 0.464180 0.497324
vt 0.469691 0.496023
vt 0.471461 0.494781
vt 0.473713 0.490367
vt 0.473596 0.488157
vt 0.470654 0.482583
vt 0.470910 0.481048
vt 0.475901 0.478459
vt 0.477315 0.476829
vt 0.478421 0.472002
vt 0.477768 0.469886
vt 0.473548 0.465170
vt 0.473413 0.463551
vt 0.477557 0.459591
vt 0.478437 0.457600
vt 0.478108 0.452634
vt 0.476874 0.450798
vt 0.471518 0.447509
vt 0.470967 0.446067
vt 0.473961 0.441316
vt 0.474351 0.439198
vt 0.472857 0.434495
vt 0.471225 0.433014
vt 0.465229 0.431130
vt 0.464320 0.429856
vt 0.465993 0.424483
vt 0.465822 0.422334
vt 0.463160 0.418166
vt 0.461195 0.417152
vt 0.454892 0.416874
vt 0.453675 0.415882
vt 0.453899 0.410262
vt 0.453177 0.408232
vt 0.449528 0.404897
vt 0.447368 0.404426
vt 0.441206 0.405792
vt 0.439776 0.405151
vt 0.438545 0.399670
vt 0.437326 0.397895
vt 0.432942 0.395615
vt 0.430734 0.395718
vt 0.425135 0.398629
vt 0.423591 0.398380
vt 0.420997 0.393402
vt 0.419364 0.392000
vt 0.414543 0.390923
vt 0.412435 0.391589
vt 0.407773 0.395843
vt 0.406216 0.396000
vt 0.402427 0.391859
vt 0.376276 0.491533
vt 0.369985 0.482916
vt 0.366145 0.472959
vt 0.364992 0.462349
vt 0.366623 0.451821
vt 0.370923 0.442055
vt 0.377616 0.433735
vt 0.386246 0.427451
vt 0.396202 0.423617
vt 0.406808 0.422488
vt 0.417354 0.424145
vt 0.427127 0.428439
vt 0.435448 0.435112
vt 0.441753 0.443704
vt 0.445618 0.453642
vt 0.446798 0.464244
vt 0.445178 0.474791
vt 0.440873 0.484584
vt 0.434175 0.492937
vt 0.425523 0.499225
vt 0.415545 0.503066
vt 0.404919 0.504200
vt 0.394359 0.502549
vt 0.384590 0.498230
vt 0.341367 0.444932
vt 0.338734 0.462176
vt 0.340671 0.479593
vt 0.347125 0.495956
vt 0.357601 0.510034
vt 0.371349 0.520929
vt 0.387442 0.527898
vt 0.404786 0.530471
vt 0.422206 0.528477
vt 0.438521 0.522051
vt 0.452638 0.511632
vt 0.463620 0.497869
vt 0.470512 0.481692
vt 0.473190 0.464315
vt 0.470946 0.446818
vt 0.464498 0.430597
vt 0.454043 0.416549
vt 0.440302 0.405699
vt 0.424240 0.398773
vt 0.406945 0.396213
vt 0.389563 0.398196
vt 0.373277 0.404604
vt 0.359151 0.414982
vt 0.348146 0.428728
vt 0.422350 0.471066
vt 0.416139 0.471053
vt 0.423846 0.467875
vt 0.415697 0.465958
vt 0.422670 0.465427
vt 0.415534 0.464553
vt 0.421788 0.463820
vt 0.415394 0.463527
vt 0.433621 0.466420
vt 0.433770 0.462153
vt 0.437981 0.467111
vt 0.438027 0.458863
vt 0.429010 0.444925
vt 0.423053 0.439903
vt 0.431159 0.442696
vt 0.425047 0.437136
vt 0.418858 0.448760
vt 0.417713 0.446840
vt 0.423492 0.445103
vt 0.420951 0.442896
vt 0.432887 0.476067
vt 0.431647 0.482871
vt 0.429720 0.477886
vt 0.428880 0.480877
vt 0.413228 0.452648
vt 0.425032 0.463910
vt 0.430045 0.463733
vt 0.426682 0.465555
vt 0.430848 0.465923
vt 0.427243 0.466059
vt 0.431122 0.466463
vt 0.433859 0.468989
vt 0.423779 0.462702
vt 0.429674 0.462531
vt 0.434190 0.459161
vt 0.435645 0.453663
vt 0.421936 0.475544
vt 0.423153 0.474696
vt 0.425886 0.478776
vt 0.426001 0.477387
vt 0.434486 0.472620
vt 0.436080 0.475561
vt 0.433683 0.448270
vt 0.436017 0.450226
vt 0.417191 0.454100
vt 0.419164 0.459507
vt 0.414100 0.456847
vt 0.414895 0.460566
vt 0.388610 0.455534
vt 0.394823 0.455548
vt 0.387122 0.458724
vt 0.395268 0.460645
vt 0.388295 0.461170
vt 0.395431 0.462051
vt 0.389178 0.462777
vt 0.395571 0.463077
vt 0.377344 0.460180
vt 0.377196 0.464450
vt 0.372986 0.459491
vt 0.372939 0.467734
vt 0.381940 0.481679
vt 0.387903 0.486700
vt 0.379790 0.483908
vt 0.385909 0.489466
vt 0.392085 0.477838
vt 0.393236 0.479755
vt 0.387466 0.481499
vt 0.390004 0.483704
vt 0.378071 0.450535
vt 0.379310 0.443731
vt 0.381236 0.448714
vt 0.382078 0.445725
vt 0.397728 0.473957
vt 0.385929 0.462686
vt 0.380919 0.462869
vt 0.384279 0.461046
vt 0.380115 0.460679
vt 0.383718 0.460543
vt 0.379841 0.460138
vt 0.377107 0.457610
vt 0.387182 0.463889
vt 0.381291 0.464072
vt 0.376775 0.467442
vt 0.375316 0.472930
vt 0.389021 0.451058
vt 0.387804 0.451905
vt 0.385073 0.447827
vt 0.384959 0.449217
vt 0.376475 0.453986
vt 0.374880 0.451044
vt 0.377269 0.478333
vt 0.374938 0.476369
vt 0.393765 0.472503
vt 0.391804 0.467097
vt 0.396861 0.469758
vt 0.396069 0.466038
vt 0.413240 0.446430
vt 0.410051 0.444943
vt 0.408133 0.453092
vt 0.407606 0.446117
vt 0.406729 0.453255
vt 0.406000 0.446999
vt 0.405703 0.453395
vt 0.408597 0.435165
vt 0.404328 0.435017
vt 0.409288 0.430807
vt 0.401044 0.430760
vt 0.387097 0.439762
vt 0.384869 0.437612
vt 0.390939 0.449907
vt 0.387278 0.445288
vt 0.418244 0.435893
vt 0.420064 0.439060
vt 0.406091 0.443750
vt 0.405908 0.438739
vt 0.407731 0.442099
vt 0.408098 0.437935
vt 0.408234 0.441538
vt 0.408639 0.437662
vt 0.411168 0.434928
vt 0.404888 0.445003
vt 0.404704 0.439112
vt 0.401335 0.434596
vt 0.395847 0.433137
vt 0.416868 0.445624
vt 0.419560 0.442782
vt 0.414792 0.434297
vt 0.417735 0.432702
vt 0.390444 0.435091
vt 0.392408 0.432759
vt 0.396275 0.451587
vt 0.401681 0.449625
vt 0.399022 0.454682
vt 0.402742 0.453892
vt 0.397712 0.480169
vt 0.400901 0.481661
vt 0.402825 0.473514
vt 0.403349 0.480487
vt 0.404230 0.473352
vt 0.404956 0.479605
vt 0.405257 0.473211
vt 0.402360 0.491437
vt 0.406629 0.491585
vt 0.401667 0.495797
vt 0.409912 0.495843
vt 0.423860 0.486841
vt 0.426088 0.488991
vt 0.420019 0.476695
vt 0.423679 0.481315
vt 0.392713 0.490702
vt 0.390894 0.487541
vt 0.404863 0.482852
vt 0.405048 0.487862
vt 0.403222 0.484503
vt 0.402858 0.488666
vt 0.402719 0.485064
vt 0.402317 0.488938
vt 0.399791 0.491677
vt 0.406068 0.481599
vt 0.406251 0.487490
vt 0.409621 0.492006
vt 0.415109 0.493466
vt 0.394083 0.480972
vt 0.391393 0.483818
vt 0.396161 0.492304
vt 0.393219 0.493895
vt 0.420512 0.491512
vt 0.418548 0.493844
vt 0.414684 0.475016
vt 0.409277 0.476978
vt 0.411939 0.471921
vt 0.408219 0.472713
vt 0.408839 0.471104
vt 0.406665 0.471739
vt 0.404433 0.471800
vt 0.402293 0.471258
vt 0.400403 0.470174
vt 0.398822 0.468608
vt 0.397679 0.466657
vt 0.397045 0.464485
vt 0.396983 0.462254
vt 0.397524 0.460114
vt 0.398608 0.458224
vt 0.400172 0.456643
vt 0.402123 0.455501
vt 0.404296 0.454867
vt 0.406528 0.454807
vt 0.408666 0.455348
vt 0.410557 0.456432
vt 0.412140 0.457997
vt 0.413285 0.459947
vt 0.413920 0.462120
vt 0.413982 0.464351
vt 0.413440 0.466490
vt 0.412355 0.468379
vt 0.410790 0.469961
vt 0.425995 0.469487
vt 0.425025 0.471332
vt 0.442092 0.458172
vt 0.442093 0.467608
vt 0.427503 0.433773
vt 0.434419 0.440210
vt 0.424550 0.448150
vt 0.421548 0.450402
vt 0.429011 0.475308
vt 0.430904 0.474362
vt 0.430061 0.468876
vt 0.427923 0.468538
vt 0.431571 0.470378
vt 0.424674 0.459608
vt 0.428434 0.459578
vt 0.431419 0.457380
vt 0.432485 0.453828
vt 0.425373 0.473420
vt 0.426899 0.474951
vt 0.439856 0.477026
vt 0.435008 0.485330
vt 0.431880 0.472469
vt 0.428239 0.448096
vt 0.439686 0.448615
vt 0.431262 0.450282
vt 0.420425 0.453942
vt 0.421625 0.457464
vt 0.384972 0.457127
vt 0.385933 0.455271
vt 0.368873 0.468417
vt 0.368874 0.458993
vt 0.383451 0.492827
vt 0.376530 0.486391
vt 0.386392 0.478460
vt 0.389393 0.476189
vt 0.381944 0.451287
vt 0.380052 0.452236
vt 0.380906 0.457724
vt 0.383043 0.458065
vt 0.379404 0.456218
vt 0.386299 0.466978
vt 0.382535 0.467023
vt 0.379549 0.469222
vt 0.378486 0.472783
vt 0.385582 0.453183
vt 0.384051 0.451653
vt 0.371104 0.449580
vt 0.375948 0.441274
vt 0.379078 0.454125
vt 0.382712 0.478511
vt 0.371265 0.477974
vt 0.379688 0.476327
vt 0.390527 0.472655
vt 0.389334 0.469130
vt 0.411649 0.442792
vt 0.413504 0.443753
vt 0.400360 0.426694
vt 0.409786 0.426695
vt 0.382385 0.434352
vt 0.390317 0.444215
vt 0.392589 0.447215
vt 0.417491 0.439766
vt 0.416542 0.437873
vt 0.411054 0.438726
vt 0.410711 0.440863
vt 0.412560 0.437224
vt 0.401800 0.444120
vt 0.401754 0.440356
vt 0.399555 0.437370
vt 0.395993 0.436307
vt 0.415593 0.443402
vt 0.417124 0.441872
vt 0.419200 0.428927
vt 0.414653 0.436899
vt 0.390266 0.440534
vt 0.390803 0.429086
vt 0.392449 0.437510
vt 0.396122 0.448349
vt 0.399648 0.447156
vt 0.399300 0.483810
vt 0.397443 0.482846
vt 0.410594 0.499909
vt 0.401166 0.499908
vt 0.428571 0.492251
vt 0.420640 0.482388
vt 0.418369 0.479388
vt 0.393468 0.486828
vt 0.394425 0.488718
vt 0.399903 0.487881
vt 0.400238 0.485740
vt 0.398401 0.489389
vt 0.409157 0.482482
vt 0.409202 0.486246
vt 0.411401 0.489233
vt 0.414963 0.490295
vt 0.395358 0.483193
vt 0.393827 0.484719
vt 0.391752 0.497671
vt 0.396309 0.489702
vt 0.420691 0.486069
vt 0.420152 0.497517
vt 0.418507 0.489093
vt 0.414835 0.478254
vt 0.411310 0.479447
vt 0.406216 0.468663
vt 0.407581 0.468286
vt 0.404802 0.468675
vt 0.403438 0.468320
vt 0.402215 0.467621
vt 0.401214 0.466625
vt 0.400500 0.465402
vt 0.400122 0.464036
vt 0.400109 0.462623
vt 0.400463 0.461259
vt 0.401162 0.460037
vt 0.402157 0.459035
vt 0.403381 0.458321
vt 0.404746 0.457945
vt 0.406160 0.457933
vt 0.407524 0.458288
vt 0.408748 0.458986
vt 0.409751 0.459981
vt 0.410465 0.461204
vt 0.410843 0.462569
vt 0.410856 0.463982
vt 0.410500 0.465346
vt 0.409800 0.466568
vt 0.408805 0.467571
s 1
usemtl part_03.008
f 1/1/1 3/2/2 2/3/3
f 3/2/2 4/4/4 2/3/3
f 2/3/3 5/5/5 1/1/1
f 5/5/5 6/6/6 1/1/1
f 5/5/5 7/7/7 6/6/6
f 7/7/7 8/8/8 6/6/6
f 9/9/9 11/10/10 10/11/11
f 11/10/10 12/12/12 10/11/11
f 10/11/11 13/13/13 9/9/9
f 13/13/13 14/14/14 9/9/9
f 13/13/13 15/15/15 14/14/14
f 15/15/15 16/16/16 14/14/14
f 17/17/17 19/18/18 18/19/19
f 19/18/18 20/20/20 18/19/19
f 18/19/19 21/21/21 17/17/17
f 21/21/21 22/22/22 17/17/17
f 21/21/21 23/23/23 22/22/22
f 23/23/23 24/24/24 22/22/22
f 25/25/25 27/26/26 26/27/27
f 27/26/26 28/28/28 26/27/27
f 26/27/27 29/29/29 25/25/25
f 29/29/29 30/30/30 25/25/25
f 29/29/29 31/31/31 30/30/30
f 31/31/31 32/32/32 30/30/30
f 33/33/33 35/34/34 34/35/35
f 35/34/34 36/36/36 34/35/35
f 34/35/35 37/37/37 33/33/33
f 37/37/37 38/38/38 33/33/33
f 37/37/37 39/39/39 38/38/38
f 39/39/39 40/40/40 38/38/38
f 41/41/41 43/42/42 42/43/43
f 43/42/42 44/44/44 42/43/43
f 42/43/43 45/45/45 41/41/41
f 45/45/45 46/46/46 41/41/41
f 45/45/45 47/47/47 46/46/46
f 47/47/47 48/48/48 46/46/46
f 49/49/49 51/50/50 50/51/51
f 51/50/50 52/52/52 50/51/51
f 51/50/50 49/49/49 53/53/53
f 49/49/49 54/54/54 53/53/53
f 53/53/53 54/54/54 55/55/55
f 54/54/54 56/56/56 55/55/55
f 57/57/57 59/58/58 58/59/59
f 59/58/58 60/60/60 58/59/59
f 59/58/58 57/57/57 61/61/61
f 57/57/57 62/62/62 61/61/61
f 62/62/62 63/63/63 61/61/61
f 63/63/63 64/64/64 61/61/61
f 65/65/65 67/66/66 66/67/67
f 67/66/66 68/68/68 66/67/67
f 66/67/67 69/69/69 65/65/65
f 69/69/69 70/70/70 65/65/65
f 69/69/69 71/71/71 70/70/70
f 71/71/71 72/72/72 70/70/70
f 73/73/73 75/74/74 74/75/75
f 75/74/74 76/76/76 74/75/75
f 74/75/75 77/77/77 73/73/73
f 77/77/77 78/78/78 73/73/73
f 77/77/77 79/79/79 78/78/78
f 79/79/79 80/80/80 78/78/78
f 81/81/81 83/82/82 82/83/83
f 83/82/82 84/84/84 82/83/83
f 82/83/83 85/85/85 81/81/81
f 85/85/85 86/86/86 81/81/81
f 85/85/85 87/87/87 86/86/86
f 87/87/87 88/88/88 86/86/86
f 89/89/89 91/90/90 90/91/91
f 91/90/90 92/92/92 90/91/91
f 90/91/91 93/93/93 89/89/89
f 93/93/93 94/94/94 89/89/89
f 93/93/93 95/95/95 94/94/94
f 95/95/95 96/96/96 94/94/94
f 97/97/97 99/98/98 98/99/99
f 99/98/98 100/100/100 98/99/99
f 98/99/99 101/101/101 97/97/97
f 101/101/101 102/102/102 97/97/97
f 101/101/101 103/103/103 102/102/102
f 103/103/103 104/104/104 102/102/102
f 105/105/105 107/106/106 106/107/107
f 107/106/106 108/108/108 106/107/107
f 106/107/107 109/109/109 105/105/105
f 109/109/109 110/110/110 105/105/105
f 109/109/109 111/111/111 110/110/110
f 111/111/111 112/112/112 110/110/110
f 113/113/113 115/114/114 114/115/115
f 115/114/114 116/116/116 114/115/115
f 114/115/115 117/117/117 113/113/113
f 117/117/117 118/118/118 113/113/113
f 117/117/117 119/119/119 118/118/118
f 119/119/119 120/120/120 118/118/118
f 121/121/121 123/122/122 122/123/123
f 123/122/122 124/124/124 122/123/123
f 122/123/123 125/125/125 121/121/121
f 125/125/125 126/126/126 121/121/121
f 125/125/125 127/127/127 126/126/126
f 127/127/127 128/128/128 126/126/126
f 129/129/129 131/130/130 130/131/131
f 131/130/130 132/132/132 130/131/131
f 130/131/131 133/133/133 129/129/129
f 133/133/133 134/134/134 129/129/129
f 133/133/133 135/135/135 134/134/134
f 135/135/135 136/136/136 134/134/134
f 137/137/137 139/138/138 138/139/139
f 139/138/138 140/140/140 138/139/139
f 138/139/139 141/141/141 137/137/137
f 141/141/141 142/142/142 137/137/137
f 141/141/141 143/143/143 142/142/142
f 143/143/143 144/144/144 142/142/142
f 145/145/145 147/146/146 146/147/147
f 147/146/146 148/148/148 146/147/147
f 146/147/147 149/149/149 145/145/145
f 149/149/149 150/150/150 145/145/145
f 149/149/149 151/151/151 150/150/150
f 151/151/151 152/152/152 150/150/150
f 153/153/153 155/154/154 154/155/155
f 155/154/154 156/156/156 154/155/155
f 154/155/155 157/157/157 153/153/153
f 157/157/157 158/158/158 153/153/153
f 157/157/157 159/159/159 158/158/158
f 159/159/159 160/160/160 158/158/158
f 161/161/161 163/162/162 162/163/163
f 163/162/162 164/164/164 162/163/163
f 162/163/163 165/165/165 161/161/161
f 165/165/165 166/166/166 161/161/161
f 163/162/162 167/167/167 164/164/164
f 167/167/167 168/168/168 164/164/164
f 169/169/169 171/170/170 170/171/171
f 171/170/170 172/172/172 170/171/171
f 170/171/171 173/173/173 169/169/169
f 173/173/173 174/174/174 169/169/169
f 171/170/170 175/175/175 172/172/172
f 175/175/175 176/176/176 172/172/172
f 177/177/177 179/178/178 178/179/179
f 179/178/178 180/180/180 178/179/179
f 178/179/179 181/181/181 177/177/177
f 181/181/181 182/182/182 177/177/177
f 179/178/178 183/183/183 180/180/180
f 183/183/183 184/184/184 180/180/180
f 185/185/185 187/186/186 186/187/187
f 187/186/186 188/188/188 186/187/187
f 186/187/187 189/189/189 185/185/185
f 189/189/189 190/190/190 185/185/185
f 187/186/186 191/191/191 188/188/188
f 191/191/191 192/192/192 188/188/188
f 193/193/193 195/194/194 194/195/195
f 195/194/194 196/196/196 194/195/195
f 194/195/195 197/197/197 193/193/193
f 197/197/197 198/198/198 193/193/193
f 195/194/194 199/199/199 196/196/196
f 199/199/199 200/200/200 196/196/196
f 201/201/201 203/202/202 202/203/203
f 203/202/202 204/204/204 202/203/203
f 202/203/203 205/205/205 201/201/201
f 205/205/205 206/206/206 201/201/201
f 203/202/202 207/207/207 204/204/204
f 207/207/207 208/208/208 204/204/204
f 209/209/209 211/210/210 210/211/211
f 211/210/210 212/212/212 210/211/211
f 210/211/211 213/213/213 209/209/209
f 213/213/213 214/214/214 209/209/209
f 211/210/210 215/215/215 212/212/212
f 215/215/215 216/216/216 212/212/212
f 217/217/217 219/218/218 218/219/219
f 219/218/218 220/220/220 218/219/219
f 218/219/219 221/221/221 217/217/217
f 221/221/221 222/222/222 217/217/217
f 219/218/218 223/223/223 220/220/220
f 223/223/223 224/224/224 220/220/220
f 225/225/225 227/226/226 226/227/227
f 227/226/226 228/228/228 226/227/227
f 226/227/227 229/229/229 225/225/225
f 229/229/229 230/230/230 225/225/225
f 227/226/226 231/231/231 228/228/228
f 231/231/231 232/232/232 228/228/228
f 233/233/233 235/234/234 234/235/235
f 235/234/234 236/236/236 234/235/235
f 234/235/235 237/237/237 233/233/233
f 237/237/237 238/238/238 233/233/233
f 235/234/234 239/239/239 236/236/236
f 239/239/239 240/240/240 236/236/236
f 241/241/241 243/242/242 242/243/243
f 243/242/242 244/244/244 242/243/243
f 242/243/243 245/245/245 241/241/241
f 245/245/245 246/246/246 241/241/241
f 243/242/242 247/247/247 244/244/244
f 247/247/247 248/248/248 244/244/244
f 249/249/249 251/250/250 250/251/251
f 251/250/250 252/252/252 250/251/251
f 250/251/251 253/253/253 249/249/249
f 253/253/253 254/254/254 249/249/249
f 251/250/250 255/255/255 252/252/252
f 255/255/255 256/256/256 252/252/252
f 257/257/257 259/258/258 258/259/259
f 259/258/258 260/260/260 258/259/259
f 258/259/259 261/261/261 257/257/257
f 261/261/261 262/262/262 257/257/257
f 259/258/258 263/263/263 260/260/260
f 263/263/263 264/264/264 260/260/260
f 265/265/265 267/266/266 266/267/267
f 267/266/266 268/268/268 266/267/267
f 266/267/267 269/269/269 265/265/265
f 269/269/269 270/270/270 265/265/265
f 267/266/266 271/271/271 268/268/268
f 271/271/271 272/272/272 268/268/268
f 273/273/273 275/274/274 274/275/275
f 275/274/274 276/276/276 274/275/275
f 274/275/275 277/277/277 273/273/273
f 277/277/277 278/278/278 273/273/273
f 275/274/274 279/279/279 276/276/276
f 279/279/279 280/280/280 276/276/276
f 281/281/281 283/282/282 282/283/283
f 283/282/282 284/284/284 282/283/283
f 283/282/282 281/281/281 285/285/285
f 281/281/281 286/286/286 285/285/285
f 282/283/283 284/284/284 287/287/287
f 284/284/284 288/288/288 287/287/287
f 289/289/289 291/290/290 290/291/291
f 291/290/290 292/292/292 290/291/291
f 291/290/290 289/289/289 293/293/293
f 289/289/289 294/294/294 293/293/293
f 290/291/291 292/292/292 295/295/295
f 292/292/292 296/296/296 295/295/295
f 297/297/297 299/298/298 298/299/299
f 299/298/298 300/300/300 298/299/299
f 299/298/298 297/297/297 301/301/301
f 297/297/297 302/302/302 301/301/301
f 298/299/299 300/300/300 303/303/303
f 300/300/300 304/304/304 303/303/303
f 305/305/305 307/306/306 306/307/307
f 307/306/306 308/308/308 306/307/307
f 305/305/305 306/307/307 309/309/309
f 306/307/307 310/310/310 309/309/309
f 307/306/306 311/311/311 308/308/308
f 311/311/311 312/312/312 308/308/308
f 313/313/313 315/314/314 314/315/315
f 315/314/314 316/316/316 314/315/315
f 314/315/315 317/317/317 313/313/313
f 317/317/317 318/318/318 313/313/313
f 315/314/314 319/319/319 316/316/316
f 319/319/319 320/320/320 316/316/316
f 191/191/191 198/198/198 192/192/192
f 198/198/198 197/197/197 192/192/192
f 31/31/31 36/36/36 32/32/32
f 36/36/36 35/34/34 32/32/32
f 39/39/39 44/44/44 40/40/40
f 44/44/44 43/42/42 40/40/40
f 199/199/199 206/206/206 200/200/200
f 206/206/206 205/205/205 200/200/200
f 48/48/48 47/47/47 52/52/52
f 47/47/47 50/51/51 52/52/52
f 207/207/207 214/214/214 208/208/208
f 214/214/214 213/213/213 208/208/208
f 55/55/55 56/56/56 60/60/60
f 56/56/56 58/59/59 60/60/60
f 215/215/215 222/222/222 216/216/216
f 222/222/222 221/221/221 216/216/216
f 63/63/63 68/68/68 64/64/64
f 68/68/68 67/66/66 64/64/64
f 223/223/223 230/230/230 224/224/224
f 230/230/230 229/229/229 224/224/224
f 71/71/71 76/76/76 72/72/72
f 76/76/76 75/74/74 72/72/72
f 231/231/231 238/238/238 232/232/232
f 238/238/238 237/237/237 232/232/232
f 79/79/79 84/84/84 80/80/80
f 84/84/84 83/82/82 80/80/80
f 239/239/239 246/246/246 240/240/240
f 246/246/246 245/245/245 240/240/240
f 87/87/87 92/92/92 88/88/88
f 92/92/92 91/90/90 88/88/88
f 247/247/247 254/254/254 248/248/248
f 254/254/254 253/253/253 248/248/248
f 95/95/95 100/100/100 96/96/96
f 100/100/100 99/98/98 96/96/96
f 255/255/255 262/262/262 256/256/256
f 262/262/262 261/261/261 256/256/256
f 103/103/103 108/108/108 104/104/104
f 108/108/108 107/106/106 104/104/104
f 263/263/263 270/270/270 264/264/264
f 270/270/270 269/269/269 264/264/264
f 111/111/111 116/116/116 112/112/112
f 116/116/116 115/114/114 112/112/112
f 271/271/271 278/278/278 272/272/272
f 278/278/278 277/277/277 272/272/272
f 119/119/119 124/124/124 120/120/120
f 124/124/124 123/122/122 120/120/120
f 279/279/279 285/285/285 280/280/280
f 285/285/285 286/286/286 280/280/280
f 127/127/127 132/132/132 128/128/128
f 132/132/132 131/130/130 128/128/128
f 287/287/287 288/288/288 294/294/294
f 288/288/288 293/293/293 294/294/294
f 135/135/135 140/140/140 136/136/136
f 140/140/140 139/138/138 136/136/136
f 295/295/295 296/296/296 302/302/302
f 296/296/296 301/301/301 302/302/302
f 143/143/143 148/148/148 144/144/144
f 148/148/148 147/146/146 144/144/144
f 303/303/303 304/304/304 310/310/310
f 304/304/304 309/309/309 310/310/310
f 151/151/151 156/156/156 152/152/152
f 156/156/156 155/154/154 152/152/152
f 311/311/311 318/318/318 312/312/312
f 318/318/318 317/317/317 312/312/312
f 159/159/159 4/4/4 160/160/160
f 4/4/4 3/2/2 160/160/160
f 319/319/319 166/166/166 320/320/320
f 166/166/166 165/165/165 320/320/320
f 167/167/167 174/174/174 168/168/168
f 174/174/174 173/173/173 168/168/168
f 7/7/7 12/12/12 8/8/8
f 12/12/12 11/10/10 8/8/8
f 175/175/175 182/182/182 176/176/176
f 182/182/182 181/181/181 176/176/176
f 15/15/15 20/20/20 16/16/16
f 20/20/20 19/18/18 16/16/16
f 23/23/23 28/28/28 24/24/24
f 28/28/28 27/26/26 24/24/24
f 183/183/183 190/190/190 184/184/184
f 190/190/190 189/189/189 184/184/184
f 321/321/321 323/322/322 322/323/323
f 323/322/322 324/324/324 322/323/323
f 322/323/323 325/325/325 321/321/321
f 325/325/325 326/326/326 321/321/321
f 323/322/322 327/327/327 324/324/324
f 327/327/327 328/328/328 324/324/324
f 329/329/329 331/330/330 330/331/331
f 331/330/330 332/332/332 330/331/331
f 330/331/331 333/333/333 329/329/329
f 333/333/333 334/334/334 329/329/329
f 331/330/330 335/335/335 332/332/332
f 335/335/335 336/336/336 332/332/332
f 337/337/337 339/338/338 338/339/339
f 339/338/338 340/340/340 338/339/339
f 338/339/339 341/341/341 337/337/337
f 341/341/341 342/342/342 337/337/337
f 339/338/338 343/343/343 340/340/340
f 343/343/343 344/344/344 340/340/340
f 345/345/345 347/346/346 346/347/347
f 347/346/346 348/348/348 346/347/347
f 346/347/347 349/349/349 345/345/345
f 349/349/349 350/350/350 345/345/345
f 347/346/346 351/351/351 348/348/348
f 351/351/351 352/352/352 348/348/348
f 353/353/353 355/354/354 354/355/355
f 355/354/354 356/356/356 354/355/355
f 354/355/355 357/357/357 353/353/353
f 357/357/357 358/358/358 353/353/353
f 355/354/354 359/359/359 356/356/356
f 359/359/359 360/360/360 356/356/356
f 361/361/361 363/362/362 362/363/363
f 363/362/362 364/364/364 362/363/363
f 362/363/363 365/365/365 361/361/361
f 365/365/365 366/366/366 361/361/361
f 363/362/362 367/367/367 364/364/364
f 367/367/367 368/368/368 364/364/364
f 369/369/369 371/370/370 370/371/371
f 371/370/370 372/372/372 370/371/371
f 370/371/371 373/373/373 369/369/369
f 373/373/373 374/374/374 369/369/369
f 371/370/370 375/375/375 372/372/372
f 375/375/375 376/376/376 372/372/372
f 377/377/377 379/378/378 378/379/379
f 379/378/378 380/380/380 378/379/379
f 378/379/379 381/381/381 377/377/377
f 381/381/381 382/382/382 377/377/377
f 379/378/378 383/383/383 380/380/380
f 383/383/383 384/384/384 380/380/380
f 385/385/385 387/386/386 386/387/387
f 387/386/386 388/388/388 386/387/387
f 386/387/387 389/389/389 385/385/385
f 389/389/389 390/390/390 385/385/385
f 387/386/386 391/391/391 388/388/388
f 391/391/391 392/392/392 388/388/388
f 393/393/393 395/394/394 394/395/395
f 395/394/394 396/396/396 394/395/395
f 394/395/395 397/397/397 393/393/393
f 397/397/397 398/398/398 393/393/393
f 395/394/394 399/399/399 396/396/396
f 399/399/399 400/400/400 396/396/396
f 401/401/401 403/402/402 402/403/403
f 403/402/402 404/404/404 402/403/403
f 402/403/403 405/405/405 401/401/401
f 405/405/405 406/406/406 401/401/401
f 403/402/402 407/407/407 404/404/404
f 407/407/407 408/408/408 404/404/404
f 409/409/409 411/410/410 410/411/411
f 411/410/410 412/412/412 410/411/411
f 410/411/411 413/413/413 409/409/409
f 413/413/413 414/414/414 409/409/409
f 411/410/410 415/415/415 412/412/412
f 415/415/415 416/416/416 412/412/412
f 417/417/417 419/418/418 418/419/419
f 419/418/418 420/420/420 418/419/419
f 418/419/419 421/421/421 417/417/417
f 421/421/421 422/422/422 417/417/417
f 419/418/418 423/423/423 420/420/420
f 423/423/423 424/424/424 420/420/420
f 425/425/425 427/426/426 426/427/427
f 427/426/426 428/428/428 426/427/427
f 426/427/427 429/429/429 425/425/425
f 429/429/429 430/430/430 425/425/425
f 427/426/426 431/431/431 428/428/428
f 431/431/431 432/432/432 428/428/428
f 433/433/433 435/434/434 434/435/435
f 435/434/434 436/436/436 434/435/435
f 434/435/435 437/437/437 433/433/433
f 437/437/437 438/438/438 433/433/433
f 435/434/434 439/439/439 436/436/436
f 439/439/439 440/440/440 436/436/436
f 441/441/441 443/442/442 442/443/443
f 443/442/442 444/444/444 442/443/443
f 442/443/443 445/445/445 441/441/441
f 445/445/445 446/446/446 441/441/441
f 443/442/442 447/447/447 444/444/444
f 447/447/447 448/448/447 444/444/444
f 449/449/448 451/450/449 450/451/450
f 451/450/449 452/452/451 450/451/450
f 451/450/449 449/449/448 453/453/452
f 449/449/448 454/454/453 453/453/452
f 450/451/450 452/452/451 455/455/454
f 452/452/451 456/456/455 455/455/454
f 457/457/456 459/458/457 458/459/458
f 459/458/457 460/460/459 458/459/458
f 459/458/457 457/457/456 461/461/460
f 457/457/456 462/462/461 461/461/460
f 460/460/459 463/463/462 458/459/458
f 463/463/462 464/464/463 458/459/458
f 465/465/464 467/466/465 466/467/466
f 467/466/465 468/468/467 466/467/466
f 466/467/466 469/469/468 465/465/464
f 469/469/468 470/470/469 465/465/464
f 467/466/465 471/471/470 468/468/467
f 471/471/470 472/472/471 468/468/467
f 473/473/472 475/474/473 474/475/474
f 475/474/473 476/476/475 474/475/474
f 474/475/474 477/477/476 473/473/472
f 477/477/476 478/478/477 473/473/472
f 475/474/473 479/479/478 476/476/475
f 479/479/478 480/480/479 476/476/475
f 481/481/480 483/482/481 482/483/482
f 483/482/481 484/484/483 482/483/482
f 482/483/482 485/485/484 481/481/480
f 485/485/484 486/486/485 481/481/480
f 485/485/484 487/487/486 486/486/485
f 487/487/486 488/488/487 486/486/485
f 489/489/488 491/490/489 490/491/490
f 491/490/489 492/492/491 490/491/490
f 490/491/490 493/493/492 489/489/488
f 493/493/492 494/494/493 489/489/488
f 493/493/492 495/495/494 494/494/493
f 495/495/494 496/496/495 494/494/493
f 497/497/496 499/498/497 498/499/498
f 499/498/497 500/500/499 498/499/498
f 498/499/498 501/501/500 497/497/496
f 501/501/500 502/502/501 497/497/496
f 501/501/500 503/503/502 502/502/501
f 503/503/502 504/504/503 502/502/501
f 505/505/504 507/506/505 506/507/506
f 507/506/505 508/508/507 506/507/506
f 506/507/506 509/509/508 505/505/504
f 509/509/508 510/510/509 505/505/504
f 509/509/508 511/511/510 510/510/509
f 511/511/510 512/512/511 510/510/509
f 513/513/512 515/514/513 514/515/514
f 515/514/513 516/516/515 514/515/514
f 514/515/514 517/517/516 513/513/512
f 517/517/516 518/518/517 513/513/512
f 517/517/516 519/519/518 518/518/517
f 519/519/518 520/520/519 518/518/517
f 521/521/520 523/522/521 522/523/522
f 523/522/521 524/524/523 522/523/522
f 523/522/521 521/521/520 525/525/524
f 521/521/520 526/526/525 525/525/524
f 525/525/524 526/526/525 527/527/526
f 526/526/525 528/528/527 527/527/526
f 529/529/528 531/530/529 530/531/530
f 531/530/529 532/532/531 530/531/530
f 531/530/529 529/529/528 533/533/532
f 529/529/528 534/534/533 533/533/532
f 533/533/532 534/534/533 535/535/534
f 534/534/533 536/536/535 535/535/534
f 537/537/536 539/538/537 538/539/538
f 539/538/537 540/540/539 538/539/538
f 539/538/537 537/537/536 541/541/540
f 537/537/536 542/542/541 541/541/540
f 541/541/540 542/542/541 543/543/542
f 542/542/541 544/544/543 543/543/542
f 545/545/544 547/546/545 546/547/546
f 547/546/545 548/548/547 546/547/546
f 545/545/544 549/549/548 547/546/545
f 549/549/548 550/550/549 547/546/545
f 549/549/548 551/551/550 550/550/549
f 551/551/550 552/552/551 550/550/549
f 553/553/552 555/554/553 554/555/554
f 555/554/553 556/556/555 554/555/554
f 554/555/554 557/557/556 553/553/552
f 557/557/556 558/558/557 553/553/552
f 557/557/556 559/559/558 558/558/557
f 559/559/558 560/560/559 558/558/557
f 561/561/560 563/562/561 562/563/562
f 563/562/561 564/564/563 562/563/562
f 562/563/562 565/565/564 561/561/560
f 565/565/564 566/566/565 561/561/560
f 565/565/564 567/567/566 566/566/565
f 567/567/566 568/568/567 566/566/565
f 569/569/568 571/570/569 570/571/570
f 571/570/569 572/572/571 570/571/570
f 570/571/570 573/573/572 569/569/568
f 573/573/572 574/574/573 569/569/568
f 573/573/572 575/575/574 574/574/573
f 575/575/574 576/576/575 574/574/573
f 577/577/576 579/578/577 578/579/578
f 579/578/577 580/580/579 578/579/578
f 578/579/578 581/581/580 577/577/576
f 581/581/580 582/582/581 577/577/576
f 581/581/580 583/583/582 582/582/581
f 583/583/582 584/584/583 582/582/581
f 585/585/584 587/586/585 586/587/586
f 587/586/585 588/588/587 586/587/586
f 586/587/586 589/589/588 585/585/584
f 589/589/588 590/590/589 585/585/584
f 589/589/588 591/591/590 590/590/589
f 591/591/590 592/592/591 590/590/589
f 593/593/592 595/594/593 594/595/594
f 595/594/593 596/596/595 594/595/594
f 594/595/594 597/597/596 593/593/592
f 597/597/596 598/598/597 593/593/592
f 597/597/596 599/599/598 598/598/597
f 599/599/598 600/600/599 598/598/597
f 601/601/600 603/602/601 602/603/602
f 603/602/601 604/604/603 602/603/602
f 602/603/602 605/605/604 601/601/600
f 605/605/604 606/606/605 601/601/600
f 605/605/604 607/607/606 606/606/605
f 607/607/606 608/608/607 606/606/605
f 609/609/608 611/610/609 610/611/610
f 611/610/609 612/612/611 610/611/610
f 610/611/610 613/613/612 609/609/608
f 613/613/612 614/614/613 609/609/608
f 613/613/612 615/615/614 614/614/613
f 615/615/614 616/616/615 614/614/613
f 617/617/616 619/618/617 618/619/618
f 619/618/617 620/620/619 618/619/618
f 618/619/618 621/621/620 617/617/616
f 621/621/620 622/622/621 617/617/616
f 621/621/620 623/623/622 622/622/621
f 623/623/622 624/624/623 622/622/621
f 625/625/624 627/626/625 626/627/626
f 627/626/625 628/628/627 626/627/626
f 626/627/626 629/629/628 625/625/624
f 629/629/628 630/630/629 625/625/624
f 629/629/628 631/631/630 630/630/629
f 631/631/630 632/632/631 630/630/629
f 633/633/632 635/634/633 634/635/634
f 635/634/633 636/636/635 634/635/634
f 634/635/634 637/637/636 633/633/632
f 637/637/636 638/638/637 633/633/632
f 637/637/636 639/639/638 638/638/637
f 639/639/638 640/640/639 638/638/637
f 511/511/510 516/516/515 512/512/511
f 516/516/515 515/514/513 512/512/511
f 351/351/351 358/358/358 352/352/352
f 358/358/358 357/357/357 352/352/352
f 359/359/359 366/366/366 360/360/360
f 366/366/366 365/365/365 360/360/360
f 519/519/518 522/523/522 520/520/519
f 522/523/522 524/524/523 520/520/519
f 367/367/367 374/374/374 368/368/368
f 374/374/374 373/373/373 368/368/368
f 527/527/526 528/528/527 532/532/531
f 528/528/527 530/531/530 532/532/531
f 375/375/375 382/382/382 376/376/376
f 382/382/382 381/381/381 376/376/376
f 535/535/534 536/536/535 540/540/539
f 536/536/535 538/539/538 540/540/539
f 383/383/383 390/390/390 384/384/384
f 390/390/390 389/389/389 384/384/384
f 543/543/542 544/544/543 548/548/547
f 544/544/543 546/547/546 548/548/547
f 391/391/391 398/398/398 392/392/392
f 398/398/398 397/397/397 392/392/392
f 551/551/550 556/556/555 552/552/551
f 556/556/555 555/554/553 552/552/551
f 399/399/399 406/406/406 400/400/400
f 406/406/406 405/405/405 400/400/400
f 559/559/558 564/564/563 560/560/559
f 564/564/563 563/562/561 560/560/559
f 407/407/407 414/414/414 408/408/408
f 414/414/414 413/413/413 408/408/408
f 567/567/566 572/572/571 568/568/567
f 572/572/571 571/570/569 568/568/567
f 415/415/415 422/422/422 416/416/416
f 422/422/422 421/421/421 416/416/416
f 575/575/574 580/580/579 576/576/575
f 580/580/579 579/578/577 576/576/575
f 423/423/423 430/430/430 424/424/424
f 430/430/430 429/429/429 424/424/424
f 583/583/582 588/588/587 584/584/583
f 588/588/587 587/586/585 584/584/583
f 431/431/431 438/438/438 432/432/432
f 438/438/438 437/437/437 432/432/432
f 591/591/590 596/596/595 592/592/591
f 596/596/595 595/594/593 592/592/591
f 439/439/439 446/446/446 440/440/440
f 446/446/446 445/445/445 440/440/440
f 599/599/598 604/604/603 600/600/599
f 604/604/603 603/602/601 600/600/599
f 448/448/447 447/447/447 454/454/453
f 447/447/447 453/453/452 454/454/453
f 607/607/606 612/612/611 608/608/607
f 612/612/611 611/610/609 608/608/607
f 455/455/454 456/456/455 462/462/461
f 456/456/455 461/461/460 462/462/461
f 615/615/614 620/620/619 616/616/615
f 620/620/619 619/618/617 616/616/615
f 463/463/462 470/470/469 464/464/463
f 470/470/469 469/469/468 464/464/463
f 623/623/622 628/628/627 624/624/623
f 628/628/627 627/626/625 624/624/623
f 471/471/470 478/478/477 472/472/471
f 478/478/477 477/477/476 472/472/471
f 631/631/630 636/636/635 632/632/631
f 636/636/635 635/634/633 632/632/631
f 479/479/478 326/326/326 480/480/479
f 326/326/326 325/325/325 480/480/479
f 639/639/638 484/484/483 640/640/639
f 484/484/483 483/482/481 640/640/639
f 487/487/486 492/492/491 488/488/487
f 492/492/491 491/490/489 488/488/487
f 327/327/327 334/334/334 328/328/328
f 334/334/334 333/333/333 328/328/328
f 495/495/494 500/500/499 496/496/495
f 500/500/499 499/498/497 496/496/495
f 335/335/335 342/342/342 336/336/336
f 342/342/342 341/341/341 336/336/336
f 343/343/343 350/350/350 344/344/344
f 350/350/350 349/349/349 344/344/344
f 503/503/502 508/508/507 504/504/503
f 508/508/507 507/506/505 504/504/503
f 9297/34/640 198/198/198 8668/32/641
f 198/198/198 191/191/191 8668/32/641
f 9301/42/642 206/206/206 8758/40/643
f 206/206/206 199/199/199 8758/40/643
f 8842/52/644 214/214/214 8471/48/645
f 214/214/214 207/207/207 8471/48/645
f 8677/10/646 174/174/174 9511/8/647
f 174/174/174 167/167/167 9511/8/647
f 8969/18/648 182/182/182 9064/16/649
f 182/182/182 175/175/175 9064/16/649
f 9285/6/650 9511/8/647 163/162/162
f 9511/8/647 167/167/167 163/162/162
f 9285/6/650 163/162/162 9950/1/651
f 163/162/162 161/161/161 9950/1/651
f 9289/14/652 9064/16/649 171/170/170
f 9064/16/649 175/175/175 171/170/170
f 9289/14/652 171/170/170 8822/9/653
f 171/170/170 169/169/169 8822/9/653
f 8457/22/654 8380/24/655 179/178/178
f 8380/24/655 183/183/183 179/178/178
f 8457/22/654 179/178/178 8877/17/656
f 179/178/178 177/177/177 8877/17/656
f 9629/30/657 8668/32/641 187/186/186
f 8668/32/641 191/191/191 187/186/186
f 9629/30/657 187/186/186 8530/25/658
f 187/186/186 185/185/185 8530/25/658
f 8464/38/659 8758/40/643 195/194/194
f 8758/40/643 199/199/199 195/194/194
f 8464/38/659 195/194/194 8958/33/660
f 195/194/194 193/193/193 8958/33/660
f 9362/46/661 8471/48/645 203/202/202
f 8471/48/645 207/207/207 203/202/202
f 9362/46/661 203/202/202 8874/41/662
f 203/202/202 201/201/201 8874/41/662
f 8393/53/663 9308/55/664 211/210/210
f 9308/55/664 215/215/215 211/210/210
f 8393/53/663 211/210/210 10195/50/665
f 211/210/210 209/209/209 10195/50/665
f 8483/61/666 9067/64/667 219/218/218
f 9067/64/667 223/223/223 219/218/218
f 8483/61/666 219/218/218 9251/58/668
f 219/218/218 217/217/217 9251/58/668
f 9810/70/669 9413/72/670 227/226/226
f 9413/72/670 231/231/231 227/226/226
f 9810/70/669 227/226/226 9310/65/671
f 227/226/226 225/225/225 9310/65/671
f 9192/78/672 9314/80/673 235/234/234
f 9314/80/673 239/239/239 235/234/234
f 9192/78/672 235/234/234 8326/73/674
f 235/234/234 233/233/233 8326/73/674
f 9316/86/675 9811/88/676 243/242/242
f 9811/88/676 247/247/247 243/242/242
f 9316/86/675 243/242/242 9315/81/677
f 243/242/242 241/241/241 9315/81/677
f 8785/94/678 9322/96/679 251/250/250
f 9322/96/679 255/255/255 251/250/250
f 8785/94/678 251/250/250 9320/89/680
f 251/250/250 249/249/249 9320/89/680
f 9677/102/681 9325/104/682 259/258/258
f 9325/104/682 263/263/263 259/258/258
f 9677/102/681 259/258/258 9621/97/683
f 259/258/258 257/257/257 9621/97/683
f 9253/110/684 9680/112/685 267/266/266
f 9680/112/685 271/271/271 267/266/266
f 9253/110/684 267/266/266 8752/105/686
f 267/266/266 265/265/265 8752/105/686
f 9238/118/687 10047/120/688 275/274/274
f 10047/120/688 279/279/279 275/274/274
f 9238/118/687 275/274/274 9329/113/689
f 275/274/274 273/273/273 9329/113/689
f 8378/126/690 9338/128/691 284/284/284
f 9338/128/691 288/288/288 284/284/284
f 8378/126/690 284/284/284 9615/121/692
f 284/284/284 283/282/282 9615/121/692
f 9562/134/693 9961/136/694 292/292/292
f 9961/136/694 296/296/296 292/292/292
f 9562/134/693 292/292/292 9609/129/695
f 292/292/292 291/290/290 9609/129/695
f 8720/142/696 9971/144/697 300/300/300
f 9971/144/697 304/304/304 300/300/300
f 8720/142/696 300/300/300 8985/137/698
f 300/300/300 299/298/298 8985/137/698
f 9074/150/699 8721/152/700 307/306/306
f 8721/152/700 311/311/311 307/306/306
f 9074/150/699 307/306/306 9992/145/701
f 307/306/306 305/305/305 9992/145/701
f 9070/158/702 9186/160/703 315/314/314
f 9186/160/703 319/319/319 315/314/314
f 9070/158/702 315/314/314 9344/153/704
f 315/314/314 313/313/313 9344/153/704
f 9297/34/640 8958/33/660 198/198/198
f 8958/33/660 193/193/193 198/198/198
f 9301/42/642 8874/41/662 206/206/206
f 8874/41/662 201/201/201 206/206/206
f 8842/52/644 10195/50/665 214/214/214
f 10195/50/665 209/209/209 214/214/214
f 9309/60/705 9251/58/668 222/222/222
f 9251/58/668 217/217/217 222/222/222
f 9309/60/705 222/222/222 9308/55/664
f 222/222/222 215/215/215 9308/55/664
f 9242/66/706 9310/65/671 230/230/230
f 9310/65/671 225/225/225 230/230/230
f 9242/66/706 230/230/230 9067/64/667
f 230/230/230 223/223/223 9067/64/667
f 9519/74/707 8326/73/674 238/238/238
f 8326/73/674 233/233/233 238/238/238
f 9519/74/707 238/238/238 9413/72/670
f 238/238/238 231/231/231 9413/72/670
f 9165/82/708 9315/81/677 246/246/246
f 9315/81/677 241/241/241 246/246/246
f 9165/82/708 246/246/246 9314/80/673
f 246/246/246 239/239/239 9314/80/673
f 9552/90/709 9320/89/680 254/254/254
f 9320/89/680 249/249/249 254/254/254
f 9552/90/709 254/254/254 9811/88/676
f 254/254/254 247/247/247 9811/88/676
f 8929/98/710 9621/97/683 262/262/262
f 9621/97/683 257/257/257 262/262/262
f 8929/98/710 262/262/262 9322/96/679
f 262/262/262 255/255/255 9322/96/679
f 9327/106/711 8752/105/686 270/270/270
f 8752/105/686 265/265/265 270/270/270
f 9327/106/711 270/270/270 9325/104/682
f 270/270/270 263/263/263 9325/104/682
f 9331/114/712 9329/113/689 278/278/278
f 9329/113/689 273/273/273 278/278/278
f 9331/114/712 278/278/278 9680/112/685
f 278/278/278 271/271/271 9680/112/685
f 8704/122/713 9615/121/692 285/285/285
f 9615/121/692 283/282/282 285/285/285
f 8704/122/713 285/285/285 10047/120/688
f 285/285/285 279/279/279 10047/120/688
f 9556/130/714 9609/129/695 293/293/293
f 9609/129/695 291/290/290 293/293/293
f 9556/130/714 293/293/293 9338/128/691
f 293/293/293 288/288/288 9338/128/691
f 9116/138/715 8985/137/698 301/301/301
f 8985/137/698 299/298/298 301/301/301
f 9116/138/715 301/301/301 9961/136/694
f 301/301/301 296/296/296 9961/136/694
f 8800/146/716 9992/145/701 309/309/309
f 9992/145/701 305/305/305 309/309/309
f 8800/146/716 309/309/309 9971/144/697
f 309/309/309 304/304/304 9971/144/697
f 9345/154/717 9344/153/704 318/318/318
f 9344/153/704 313/313/313 318/318/318
f 9345/154/717 318/318/318 8721/152/700
f 318/318/318 311/311/311 8721/152/700
f 9551/2/718 9950/1/651 166/166/166
f 9950/1/651 161/161/161 166/166/166
f 9551/2/718 166/166/166 9186/160/703
f 166/166/166 319/319/319 9186/160/703
f 8677/10/646 8822/9/653 174/174/174
f 8822/9/653 169/169/169 174/174/174
f 8969/18/648 8877/17/656 182/182/182
f 8877/17/656 177/177/177 182/182/182
f 9028/26/719 8530/25/658 190/190/190
f 8530/25/658 185/185/185 190/190/190
f 9028/26/719 190/190/190 8380/24/655
f 190/190/190 183/183/183 8380/24/655
f 9412/358/720 9805/351/721 515/514/513
f 9805/351/721 512/512/511 515/514/513
f 8678/366/722 9164/359/723 524/524/523
f 9164/359/723 520/520/519 524/524/523
f 8757/374/724 9524/367/725 532/532/531
f 9524/367/725 527/527/526 532/532/531
f 9464/334/726 9384/327/727 491/490/489
f 9384/327/727 488/488/487 491/490/489
f 9400/342/728 8563/335/729 499/498/497
f 8563/335/729 496/496/495 499/498/497
f 8890/322/730 486/486/485 9384/327/727
f 486/486/485 488/488/487 9384/327/727
f 8890/322/730 8759/321/731 486/486/485
f 8759/321/731 481/481/480 486/486/485
f 9390/330/732 494/494/493 8563/335/729
f 494/494/493 496/496/495 8563/335/729
f 9390/330/732 9387/329/733 494/494/493
f 9387/329/733 489/489/488 494/494/493
f 9394/338/734 502/502/501 9582/343/735
f 502/502/501 504/504/503 9582/343/735
f 9394/338/734 9393/337/736 502/502/501
f 9393/337/736 497/497/496 502/502/501
f 9364/346/737 510/510/509 9805/351/721
f 510/510/509 512/512/511 9805/351/721
f 9364/346/737 10040/345/738 510/510/509
f 10040/345/738 505/505/504 510/510/509
f 8770/354/739 518/518/517 9164/359/723
f 518/518/517 520/520/519 9164/359/723
f 8770/354/739 9125/353/740 518/518/517
f 9125/353/740 513/513/512 518/518/517
f 9528/362/741 525/525/524 9524/367/725
f 525/525/524 527/527/526 9524/367/725
f 9528/362/741 9877/361/742 525/525/524
f 9877/361/742 523/522/521 525/525/524
f 9133/370/743 533/533/532 8835/375/744
f 533/533/532 535/535/534 8835/375/744
f 9133/370/743 9240/369/745 533/533/532
f 9240/369/745 531/530/529 533/533/532
f 9418/378/746 541/541/540 9095/383/747
f 541/541/540 543/543/542 9095/383/747
f 9418/378/746 8626/377/748 541/541/540
f 8626/377/748 539/538/537 541/541/540
f 9106/386/749 550/550/549 9426/391/750
f 550/550/549 552/552/551 9426/391/750
f 9106/386/749 8885/385/751 550/550/549
f 8885/385/751 547/546/545 550/550/549
f 8832/394/752 558/558/557 9887/399/753
f 558/558/557 560/560/559 9887/399/753
f 8832/394/752 9428/393/754 558/558/557
f 9428/393/754 553/553/552 558/558/557
f 9102/402/755 566/566/565 9122/407/756
f 566/566/565 568/568/567 9122/407/756
f 9102/402/755 9047/401/757 566/566/565
f 9047/401/757 561/561/560 566/566/565
f 8882/410/758 574/574/573 9438/415/759
f 574/574/573 576/576/575 9438/415/759
f 8882/410/758 9436/409/760 574/574/573
f 9436/409/760 569/569/568 574/574/573
f 9440/418/761 582/582/581 9368/423/762
f 582/582/581 584/584/583 9368/423/762
f 9440/418/761 9245/417/763 582/582/581
f 9245/417/763 577/577/576 582/582/581
f 9864/426/764 590/590/589 9392/431/765
f 590/590/589 592/592/591 9392/431/765
f 9864/426/764 9000/425/766 590/590/589
f 9000/425/766 585/585/584 590/590/589
f 9583/434/767 598/598/597 9449/439/768
f 598/598/597 600/600/599 9449/439/768
f 9583/434/767 9855/433/769 598/598/597
f 9855/433/769 593/593/592 598/598/597
f 9270/442/770 606/606/605 9453/447/771
f 606/606/605 608/608/607 9453/447/771
f 9270/442/770 9801/441/772 606/606/605
f 9801/441/772 601/601/600 606/606/605
f 9103/452/773 614/614/613 8664/456/774
f 614/614/613 616/616/615 8664/456/774
f 9103/452/773 9890/450/775 614/614/613
f 9890/450/775 609/609/608 614/614/613
f 9592/460/776 622/622/621 9069/463/777
f 622/622/621 624/624/623 9069/463/777
f 9592/460/776 9459/458/778 622/622/621
f 9459/458/778 617/617/616 622/622/621
f 8986/466/779 630/630/629 9460/471/780
f 630/630/629 632/632/631 9460/471/780
f 8986/466/779 9541/465/781 630/630/629
f 9541/465/781 625/625/624 630/630/629
f 8936/474/782 638/638/637 10182/479/783
f 638/638/637 640/640/639 10182/479/783
f 8936/474/782 9462/473/784 638/638/637
f 9462/473/784 633/633/632 638/638/637
f 9412/358/720 515/514/513 9125/353/740
f 515/514/513 513/513/512 9125/353/740
f 8678/366/722 524/524/523 9877/361/742
f 524/524/523 523/522/521 9877/361/742
f 8757/374/724 532/532/531 9240/369/745
f 532/532/531 531/530/529 9240/369/745
f 10149/382/785 540/540/539 8626/377/748
f 540/540/539 539/538/537 8626/377/748
f 10149/382/785 8835/375/744 540/540/539
f 8835/375/744 535/535/534 540/540/539
f 8538/390/786 548/548/547 8885/385/751
f 548/548/547 547/546/545 8885/385/751
f 8538/390/786 9095/383/747 548/548/547
f 9095/383/747 543/543/542 548/548/547
f 9430/398/787 555/554/553 9428/393/754
f 555/554/553 553/553/552 9428/393/754
f 9430/398/787 9426/391/750 555/554/553
f 9426/391/750 552/552/551 555/554/553
f 9254/406/788 563/562/561 9047/401/757
f 563/562/561 561/561/560 9047/401/757
f 9254/406/788 9887/399/753 563/562/561
f 9887/399/753 560/560/559 563/562/561
f 9283/414/789 571/570/569 9436/409/760
f 571/570/569 569/569/568 9436/409/760
f 9283/414/789 9122/407/756 571/570/569
f 9122/407/756 568/568/567 571/570/569
f 8459/422/790 579/578/577 9245/417/763
f 579/578/577 577/577/576 9245/417/763
f 8459/422/790 9438/415/759 579/578/577
f 9438/415/759 576/576/575 579/578/577
f 9446/430/791 587/586/585 9000/425/766
f 587/586/585 585/585/584 9000/425/766
f 9446/430/791 9368/423/762 587/586/585
f 9368/423/762 584/584/583 587/586/585
f 9139/438/792 595/594/593 9855/433/769
f 595/594/593 593/593/592 9855/433/769
f 9139/438/792 9392/431/765 595/594/593
f 9392/431/765 592/592/591 595/594/593
f 9451/446/793 603/602/601 9801/441/772
f 603/602/601 601/601/600 9801/441/772
f 9451/446/793 9449/439/768 603/602/601
f 9449/439/768 600/600/599 603/602/601
f 9456/453/794 611/610/609 9890/450/775
f 611/610/609 609/609/608 9890/450/775
f 9456/453/794 9453/447/771 611/610/609
f 9453/447/771 608/608/607 611/610/609
f 8930/461/795 619/618/617 9459/458/778
f 619/618/617 617/617/616 9459/458/778
f 8930/461/795 8664/456/774 619/618/617
f 8664/456/774 616/616/615 619/618/617
f 9136/470/796 627/626/625 9541/465/781
f 627/626/625 625/625/624 9541/465/781
f 9136/470/796 9069/463/777 627/626/625
f 9069/463/777 624/624/623 627/626/625
f 9234/478/797 635/634/633 9462/473/784
f 635/634/633 633/633/632 9462/473/784
f 9234/478/797 9460/471/780 635/634/633
f 9460/471/780 632/632/631 635/634/633
f 9381/326/798 483/482/481 8759/321/731
f 483/482/481 481/481/480 8759/321/731
f 9381/326/798 10182/479/783 483/482/481
f 10182/479/783 640/640/639 483/482/481
f 9464/334/726 491/490/489 9387/329/733
f 491/490/489 489/489/488 9387/329/733
f 9400/342/728 499/498/497 9393/337/736
f 499/498/497 497/497/496 9393/337/736
f 9406/350/799 507/506/505 10040/345/738
f 507/506/505 505/505/504 10040/345/738
f 9406/350/799 9582/343/735 507/506/505
f 9582/343/735 504/504/503 507/506/505
f 9376/324/800 9171/5/801 8837/323/802
f 9171/5/801 9483/3/803 8837/323/802
f 9391/332/804 9252/13/805 9388/331/806
f 9252/13/805 9286/11/807 9388/331/806
f 9776/340/808 9291/21/809 9299/339/810
f 9291/21/809 8478/19/811 9299/339/810
f 10101/348/812 8964/29/813 9404/347/814
f 8964/29/813 10236/27/815 9404/347/814
f 9011/356/816 9665/37/817 9410/355/818
f 9665/37/817 9066/35/819 9410/355/818
f 9288/364/820 9576/45/821 10035/363/822
f 9576/45/821 10048/43/823 10035/363/822
f 9713/372/824 9569/54/825 9414/371/826
f 9569/54/825 8814/49/827 9414/371/826
f 9420/380/828 8896/62/829 9452/379/830
f 8896/62/829 8318/57/831 9452/379/830
f 9424/388/832 9311/69/833 8970/387/834
f 9311/69/833 8784/67/835 8970/387/834
f 9043/396/836 8786/77/837 9429/395/838
f 8786/77/837 9711/75/839 9429/395/838
f 8345/404/840 9469/85/841 9175/403/842
f 9469/85/841 9262/83/843 9175/403/842
f 9437/412/844 8591/93/845 9287/411/846
f 8591/93/845 8554/91/847 9287/411/846
f 9443/420/848 9215/101/849 8918/419/850
f 9215/101/849 10046/99/851 8918/419/850
f 9829/428/852 9328/109/853 9853/427/854
f 9328/109/853 9326/107/855 9853/427/854
f 9447/436/856 9041/117/857 9237/435/858
f 9041/117/857 9330/115/859 9237/435/858
f 10160/444/860 9336/125/861 8886/443/862
f 9336/125/861 9335/123/863 8886/443/862
f 9455/451/864 8405/133/865 9454/449/866
f 8405/133/865 8493/131/867 9454/449/866
f 9458/459/868 9342/141/869 9038/457/870
f 9342/141/869 9341/139/871 9038/457/870
f 8592/468/872 9343/149/873 9808/467/874
f 9343/149/873 8825/147/875 9808/467/874
f 9463/476/876 9349/157/877 9265/475/878
f 9349/157/877 8939/155/879 9265/475/878
f 9411/357/880 9298/36/881 9250/352/882
f 9298/36/881 9529/31/883 9250/352/882
f 9692/365/884 9302/44/885 9857/360/886
f 9302/44/885 9300/39/887 9857/360/886
f 8921/373/888 9306/51/889 9902/368/890
f 9306/51/889 9305/47/891 9902/368/890
f 9421/381/892 9255/59/893 8429/376/894
f 9255/59/893 8851/56/895 8429/376/894
f 9425/389/896 8910/68/897 8806/384/898
f 8910/68/897 9147/63/899 8806/384/898
f 9361/397/900 8827/76/901 9427/392/902
f 8827/76/901 9054/71/903 9427/392/902
f 9431/405/904 9246/84/905 9160/400/906
f 9246/84/905 9977/79/907 9160/400/906
f 9146/413/908 8312/92/909 9178/408/910
f 8312/92/909 9959/87/911 9178/408/910
f 9323/421/912 9324/100/913 9439/416/914
f 9324/100/913 8739/95/915 9439/416/914
f 8782/429/916 9015/108/917 9822/424/918
f 9015/108/917 8621/103/919 9822/424/918
f 8794/437/920 9389/116/921 8690/432/922
f 9389/116/921 8715/111/923 8690/432/922
f 9450/445/924 9537/124/925 8667/440/926
f 9537/124/925 10210/119/927 8667/440/926
f 9457/454/928 9339/132/929 8423/448/930
f 9339/132/929 9337/127/931 8423/448/930
f 9068/462/932 9296/140/933 9209/455/934
f 9296/140/933 9340/135/935 9209/455/934
f 9128/469/936 8883/148/937 8815/464/938
f 8883/148/937 8628/143/939 8815/464/938
f 8709/477/940 9078/156/941 9461/472/942
f 9078/156/941 8927/151/943 9461/472/942
f 9379/325/944 8963/4/945 9033/480/946
f 8963/4/945 8367/159/947 9033/480/946
f 8573/333/948 8620/12/949 9714/328/950
f 8620/12/949 8907/7/951 9714/328/950
f 9397/341/952 9276/20/953 9530/336/954
f 9276/20/953 9263/15/955 9530/336/954
f 9405/349/956 9203/28/957 8458/344/958
f 9203/28/957 9024/23/959 8458/344/958
f 9714/328/950 8907/7/951 9376/324/800
f 8907/7/951 9171/5/801 9376/324/800
f 9530/336/954 9263/15/955 9391/332/804
f 9263/15/955 9252/13/805 9391/332/804
f 8458/344/958 9024/23/959 9776/340/808
f 9024/23/959 9291/21/809 9776/340/808
f 9250/352/882 9529/31/883 10101/348/812
f 9529/31/883 8964/29/813 10101/348/812
f 9857/360/886 9300/39/887 9011/356/816
f 9300/39/887 9665/37/817 9011/356/816
f 9902/368/890 9305/47/891 9288/364/820
f 9305/47/891 9576/45/821 9288/364/820
f 8429/376/894 8851/56/895 9713/372/824
f 8851/56/895 9569/54/825 9713/372/824
f 8806/384/898 9147/63/899 9420/380/828
f 9147/63/899 8896/62/829 9420/380/828
f 9427/392/902 9054/71/903 9424/388/832
f 9054/71/903 9311/69/833 9424/388/832
f 9160/400/906 9977/79/907 9043/396/836
f 9977/79/907 8786/77/837 9043/396/836
f 9178/408/910 9959/87/911 8345/404/840
f 9959/87/911 9469/85/841 8345/404/840
f 9439/416/914 8739/95/915 9437/412/844
f 8739/95/915 8591/93/845 9437/412/844
f 9822/424/918 8621/103/919 9443/420/848
f 8621/103/919 9215/101/849 9443/420/848
f 8690/432/922 8715/111/923 9829/428/852
f 8715/111/923 9328/109/853 9829/428/852
f 8667/440/926 10210/119/927 9447/436/856
f 10210/119/927 9041/117/857 9447/436/856
f 8423/448/930 9337/127/931 10160/444/860
f 9337/127/931 9336/125/861 10160/444/860
f 9209/455/934 9340/135/935 9455/451/864
f 9340/135/935 8405/133/865 9455/451/864
f 8815/464/938 8628/143/939 9458/459/868
f 8628/143/939 9342/141/869 9458/459/868
f 9461/472/942 8927/151/943 8592/468/872
f 8927/151/943 9343/149/873 8592/468/872
f 9033/480/946 8367/159/947 9463/476/876
f 8367/159/947 9349/157/877 9463/476/876
f 9410/355/818 9066/35/819 9411/357/880
f 9066/35/819 9298/36/881 9411/357/880
f 10035/363/822 10048/43/823 9692/365/884
f 10048/43/823 9302/44/885 9692/365/884
f 9414/371/826 8814/49/827 8921/373/888
f 8814/49/827 9306/51/889 8921/373/888
f 9452/379/830 8318/57/831 9421/381/892
f 8318/57/831 9255/59/893 9421/381/892
f 8970/387/834 8784/67/835 9425/389/896
f 8784/67/835 8910/68/897 9425/389/896
f 9429/395/838 9711/75/839 9361/397/900
f 9711/75/839 8827/76/901 9361/397/900
f 9175/403/842 9262/83/843 9431/405/904
f 9262/83/843 9246/84/905 9431/405/904
f 9287/411/846 8554/91/847 9146/413/908
f 8554/91/847 8312/92/909 9146/413/908
f 8918/419/850 10046/99/851 9323/421/912
f 10046/99/851 9324/100/913 9323/421/912
f 9853/427/854 9326/107/855 8782/429/916
f 9326/107/855 9015/108/917 8782/429/916
f 9237/435/858 9330/115/859 8794/437/920
f 9330/115/859 9389/116/921 8794/437/920
f 8886/443/862 9335/123/863 9450/445/924
f 9335/123/863 9537/124/925 9450/445/924
f 9454/449/866 8493/131/867 9457/454/928
f 8493/131/867 9339/132/929 9457/454/928
f 9038/457/870 9341/139/871 9068/462/932
f 9341/139/871 9296/140/933 9068/462/932
f 9808/467/874 8825/147/875 9128/469/936
f 8825/147/875 8883/148/937 9128/469/936
f 9265/475/878 8939/155/879 8709/477/940
f 8939/155/879 9078/156/941 8709/477/940
f 8837/323/802 9483/3/803 9379/325/944
f 9483/3/803 8963/4/945 9379/325/944
f 9388/331/806 9286/11/807 8573/333/948
f 9286/11/807 8620/12/949 8573/333/948
f 9299/339/810 8478/19/811 9397/341/952
f 8478/19/811 9276/20/953 9397/341/952
f 9404/347/814 10236/27/815 9405/349/956
f 10236/27/815 9203/28/957 9405/349/956
f 641/641/960 485/485/484 642/642/163
f 485/485/484 482/483/482 642/642/163
f 642/642/163 482/483/482 643/643/961
f 482/483/482 484/484/483 643/643/961
f 643/643/961 484/484/483 644/644/962
f 484/484/483 639/639/638 644/644/962
f 644/644/962 639/639/638 645/645/316
f 639/639/638 637/637/636 645/645/316
f 645/645/316 637/637/636 646/646/963
f 637/637/636 634/635/634 646/646/963
f 646/646/963 634/635/634 647/647/964
f 634/635/634 636/636/635 647/647/964
f 647/647/964 636/636/635 648/648/965
f 636/636/635 631/631/630 648/648/965
f 648/648/965 631/631/630 649/649/966
f 631/631/630 629/629/628 649/649/966
f 649/649/966 629/629/628 650/650/967
f 629/629/628 626/627/626 650/650/967
f 650/650/967 626/627/626 651/651/968
f 626/627/626 628/628/627 651/651/968
f 651/651/968 628/628/627 652/652/969
f 628/628/627 623/623/622 652/652/969
f 652/652/969 623/623/622 653/653/970
f 623/623/622 621/621/620 653/653/970
f 653/653/970 621/621/620 654/654/971
f 621/621/620 618/619/618 654/654/971
f 654/654/971 618/619/618 655/655/972
f 618/619/618 620/620/619 655/655/972
f 655/655/972 620/620/619 656/656/973
f 620/620/619 615/615/614 656/656/973
f 656/656/973 615/615/614 657/657/974
f 615/615/614 613/613/612 657/657/974
f 657/657/974 613/613/612 658/658/289
f 613/613/612 610/611/610 658/658/289
f 658/658/289 610/611/610 659/659/975
f 610/611/610 612/612/611 659/659/975
f 659/659/975 612/612/611 660/660/287
f 612/612/611 607/607/606 660/660/287
f 660/660/287 607/607/606 661/661/976
f 607/607/606 605/605/604 661/661/976
f 661/661/976 605/605/604 662/662/977
f 605/605/604 602/603/602 662/662/977
f 662/662/977 602/603/602 663/663/978
f 602/603/602 604/604/603 663/663/978
f 663/663/978 604/604/603 664/664/979
f 604/604/603 599/599/598 664/664/979
f 664/664/979 599/599/598 665/665/276
f 599/599/598 597/597/596 665/665/276
f 665/665/276 597/597/596 666/666/275
f 597/597/596 594/595/594 666/666/275
f 666/666/275 594/595/594 667/667/980
f 594/595/594 596/596/595 667/667/980
f 667/667/980 596/596/595 668/668/981
f 596/596/595 591/591/590 668/668/981
f 668/668/981 591/591/590 669/669/982
f 591/591/590 589/589/588 669/669/982
f 669/669/982 589/589/588 670/670/983
f 589/589/588 586/587/586 670/670/983
f 670/670/983 586/587/586 671/671/269
f 586/587/586 588/588/587 671/671/269
f 671/671/269 588/588/587 672/672/984
f 588/588/587 583/583/582 672/672/984
f 672/672/984 583/583/582 673/673/985
f 583/583/582 581/581/580 673/673/985
f 673/673/985 581/581/580 674/674/986
f 581/581/580 578/579/578 674/674/986
f 674/674/986 578/579/578 675/675/987
f 578/579/578 580/580/579 675/675/987
f 675/675/987 580/580/579 676/676/988
f 580/580/579 575/575/574 676/676/988
f 676/676/988 575/575/574 677/677/252
f 575/575/574 573/573/572 677/677/252
f 677/677/252 573/573/572 678/678/251
f 573/573/572 570/571/570 678/678/251
f 678/678/251 570/571/570 679/679/989
f 570/571/570 572/572/571 679/679/989
f 679/679/989 572/572/571 680/680/248
f 572/572/571 567/567/566 680/680/248
f 680/680/248 567/567/566 681/681/990
f 567/567/566 565/565/564 681/681/990
f 681/681/990 565/565/564 682/682/991
f 565/565/564 562/563/562 682/682/991
f 682/682/991 562/563/562 683/683/992
f 562/563/562 564/564/563 683/683/992
f 683/683/992 564/564/563 684/684/993
f 564/564/563 559/559/558 684/684/993
f 684/684/993 559/559/558 685/685/236
f 559/559/558 557/557/556 685/685/236
f 685/685/236 557/557/556 686/686/994
f 557/557/556 554/555/554 686/686/994
f 686/686/994 554/555/554 687/687/995
f 554/555/554 556/556/555 687/687/995
f 687/687/995 556/556/555 688/688/232
f 556/556/555 551/551/550 688/688/232
f 688/688/232 551/551/550 689/689/996
f 551/551/550 549/549/548 689/689/996
f 689/689/996 549/549/548 690/690/997
f 549/549/548 545/545/544 690/690/997
f 690/690/997 545/545/544 691/691/998
f 545/545/544 546/547/546 691/691/998
f 691/691/998 546/547/546 692/692/999
f 546/547/546 544/544/543 692/692/999
f 692/692/999 544/544/543 693/693/1000
f 544/544/543 542/542/541 693/693/1000
f 693/693/1000 542/542/541 694/694/1001
f 542/542/541 537/537/536 694/694/1001
f 694/694/1001 537/537/536 695/695/1002
f 537/537/536 538/539/538 695/695/1002
f 695/695/1002 538/539/538 696/696/1003
f 538/539/538 536/536/535 696/696/1003
f 696/696/1003 536/536/535 697/697/1004
f 536/536/535 534/534/533 697/697/1004
f 697/697/1004 534/534/533 698/698/1005
f 534/534/533 529/529/528 698/698/1005
f 698/698/1005 529/529/528 699/699/213
f 529/529/528 530/531/530 699/699/213
f 699/699/213 530/531/530 700/700/1006
f 530/531/530 528/528/527 700/700/1006
f 700/700/1006 528/528/527 701/701/1007
f 528/528/527 526/526/525 701/701/1007
f 701/701/1007 526/526/525 702/702/1008
f 526/526/525 521/521/520 702/702/1008
f 702/702/1008 521/521/520 703/703/205
f 521/521/520 522/523/522 703/703/205
f 703/703/205 522/523/522 704/704/200
f 522/523/522 519/519/518 704/704/200
f 704/704/200 519/519/518 705/705/1009
f 519/519/518 517/517/516 705/705/1009
f 705/705/1009 517/517/516 706/706/1010
f 517/517/516 514/515/514 706/706/1010
f 706/706/1010 514/515/514 707/707/197
f 514/515/514 516/516/515 707/707/197
f 707/707/197 516/516/515 708/708/1011
f 516/516/515 511/511/510 708/708/1011
f 708/708/1011 511/511/510 709/709/1012
f 511/511/510 509/509/508 709/709/1012
f 709/709/1012 509/509/508 710/710/1013
f 509/509/508 506/507/506 710/710/1013
f 710/710/1013 506/507/506 711/711/1014
f 506/507/506 508/508/507 711/711/1014
f 711/711/1014 508/508/507 712/712/1015
f 508/508/507 503/503/502 712/712/1015
f 712/712/1015 503/503/502 713/713/1016
f 503/503/502 501/501/500 713/713/1016
f 713/713/1016 501/501/500 714/714/1017
f 501/501/500 498/499/498 714/714/1017
f 714/714/1017 498/499/498 715/715/1018
f 498/499/498 500/500/499 715/715/1018
f 715/715/1018 500/500/499 716/716/1019
f 500/500/499 495/495/494 716/716/1019
f 716/716/1019 495/495/494 717/717/1020
f 495/495/494 493/493/492 717/717/1020
f 717/717/1020 493/493/492 718/718/1021
f 493/493/492 490/491/490 718/718/1021
f 718/718/1021 490/491/490 719/719/1022
f 490/491/490 492/492/491 719/719/1022
f 719/719/1022 492/492/491 720/720/1023
f 492/492/491 487/487/486 720/720/1023
f 720/720/1023 487/487/486 641/641/960
f 487/487/486 485/485/484 641/641/960
f 721/721/1024 723/722/1024 722/723/1024
f 723/722/1024 724/724/1024 722/723/1024
f 725/725/1025 727/726/1025 726/727/1025
f 727/726/1025 728/728/1025 726/727/1025
f 729/729/1026 730/730/1026 9488/726/1026
f 730/730/1026 9485/723/1026 9488/726/1026
f 9489/726/1027 9486/723/1027 8901/728/1027
f 9486/723/1027 9465/724/1027 8901/728/1027
f 8902/728/1028 9466/724/1028 731/731/1028
f 9466/724/1028 732/732/1028 731/731/1028
f 9476/731/1029 9487/732/1029 733/733/1029
f 9487/732/1029 734/734/1029 733/733/1029
f 735/735/1030 737/736/1030 736/737/1030
f 737/736/1030 738/738/1030 736/737/1030
f 739/739/1031 741/740/1031 740/741/1031
f 741/740/1031 742/742/1031 740/741/1031
f 9353/739/1032 9492/735/1032 743/743/1032
f 9492/735/1032 744/744/1032 743/743/1032
f 9496/743/1033 9332/744/1033 745/745/1033
f 9332/744/1033 746/746/1033 745/745/1033
f 747/747/1034 748/748/1034 9494/741/1034
f 748/748/1034 9182/736/1034 9494/741/1034
f 9495/741/1035 9183/736/1035 9354/739/1035
f 9183/736/1035 9493/735/1035 9354/739/1035
f 749/749/1036 751/750/1037 750/751/1038
f 751/750/1037 752/752/1039 750/751/1038
f 751/750/1037 753/753/1040 752/752/1039
f 753/753/1040 754/754/1041 752/752/1039
f 753/753/1040 755/755/1042 754/754/1041
f 755/755/1042 756/756/1043 754/754/1041
f 755/755/1042 757/757/1044 756/756/1043
f 757/757/1044 758/758/1045 756/756/1043
f 757/757/1044 759/759/1046 758/758/1045
f 759/759/1046 760/760/1047 758/758/1045
f 759/759/1046 761/761/1048 760/760/1047
f 761/761/1048 762/762/1049 760/760/1047
f 761/761/1048 763/763/1050 762/762/1049
f 763/763/1050 764/764/1051 762/762/1049
f 763/763/1050 765/765/1052 764/764/1051
f 765/765/1052 766/766/1053 764/764/1051
f 765/765/1052 767/767/1054 766/766/1053
f 767/767/1054 768/768/1055 766/766/1053
f 767/767/1054 769/769/1056 768/768/1055
f 769/769/1056 770/770/1057 768/768/1055
f 769/769/1056 771/771/1058 770/770/1057
f 771/771/1058 772/772/1059 770/770/1057
f 771/771/1058 773/773/1060 772/772/1059
f 773/773/1060 774/774/1061 772/772/1059
f 773/773/1060 775/775/1062 774/774/1061
f 775/775/1062 776/776/1063 774/774/1061
f 775/775/1062 777/777/1064 776/776/1063
f 777/777/1064 778/778/1065 776/776/1063
f 777/777/1064 779/779/1066 778/778/1065
f 779/779/1066 780/780/1067 778/778/1065
f 779/779/1066 781/781/1068 780/780/1067
f 781/781/1068 782/782/1069 780/780/1067
f 781/781/1068 783/783/1070 782/782/1069
f 783/783/1070 784/784/1071 782/782/1069
f 783/783/1070 785/785/1072 784/784/1071
f 785/785/1072 786/786/1073 784/784/1071
f 785/785/1072 787/787/1074 786/786/1073
f 787/787/1074 788/788/1075 786/786/1073
f 787/787/1074 749/749/1036 788/788/1075
f 749/749/1036 750/751/1038 788/788/1075
f 789/789/1076 791/790/1077 790/791/1078
f 791/790/1077 792/792/1079 790/791/1078
f 790/791/1078 792/792/1079 793/793/1080
f 792/792/1079 794/794/1081 793/793/1080
f 793/793/1080 794/794/1081 795/795/1082
f 794/794/1081 796/796/1083 795/795/1082
f 795/795/1082 796/796/1083 797/797/1084
f 796/796/1083 798/798/1085 797/797/1084
f 797/797/1084 798/798/1085 799/799/1086
f 798/798/1085 800/800/1087 799/799/1086
f 799/799/1086 800/800/1087 801/801/1088
f 800/800/1087 802/802/1089 801/801/1088
f 801/801/1088 802/802/1089 803/803/1090
f 802/802/1089 804/804/1091 803/803/1090
f 803/803/1090 804/804/1091 805/805/1092
f 804/804/1091 806/806/1093 805/805/1092
f 805/805/1092 806/806/1093 807/807/1094
f 806/806/1093 808/808/1095 807/807/1094
f 807/807/1094 808/808/1095 809/809/1096
f 808/808/1095 810/810/1097 809/809/1096
f 809/809/1096 810/810/1097 811/811/1098
f 810/810/1097 812/812/1099 811/811/1098
f 811/811/1098 812/812/1099 813/813/1100
f 812/812/1099 814/814/1101 813/813/1100
f 813/813/1100 814/814/1101 815/815/1102
f 814/814/1101 816/816/1103 815/815/1102
f 815/815/1102 816/816/1103 817/817/1104
f 816/816/1103 818/818/1105 817/817/1104
f 817/817/1104 818/818/1105 819/819/1106
f 818/818/1105 820/820/1107 819/819/1106
f 819/819/1106 820/820/1107 821/821/1108
f 820/820/1107 822/822/1109 821/821/1108
f 821/821/1108 822/822/1109 823/823/1110
f 822/822/1109 824/824/1111 823/823/1110
f 823/823/1110 824/824/1111 825/825/1112
f 824/824/1111 826/826/1113 825/825/1112
f 825/825/1112 826/826/1113 827/827/1114
f 826/826/1113 828/828/1115 827/827/1114
f 827/827/1114 828/828/1115 789/789/1076
f 828/828/1115 791/790/1077 789/789/1076
f 829/829/1116 830/830/1117 9491/749/1118
f 830/830/1117 9039/750/1119 9491/749/1118
f 830/830/1117 831/831/1120 9039/750/1119
f 831/831/1120 9236/753/1121 9039/750/1119
f 831/831/1120 832/832/1122 9236/753/1121
f 832/832/1122 9161/755/1123 9236/753/1121
f 832/832/1122 833/833/1124 9161/755/1123
f 833/833/1124 9577/757/1125 9161/755/1123
f 833/833/1124 834/834/1126 9577/757/1125
f 834/834/1126 8535/759/1127 9577/757/1125
f 834/834/1126 835/835/1128 8535/759/1127
f 835/835/1128 10201/761/1129 8535/759/1127
f 835/835/1128 836/836/1130 10201/761/1129
f 836/836/1130 8911/763/1131 10201/761/1129
f 836/836/1130 837/837/1132 8911/763/1131
f 837/837/1132 9012/765/1133 8911/763/1131
f 837/837/1132 838/838/1134 9012/765/1133
f 838/838/1134 9166/767/1135 9012/765/1133
f 838/838/1134 839/839/1136 9166/767/1135
f 839/839/1136 9013/769/1137 9166/767/1135
f 839/839/1136 840/840/1138 9013/769/1137
f 840/840/1138 8912/771/1139 9013/769/1137
f 840/840/1138 841/841/1140 8912/771/1139
f 841/841/1140 10203/773/1141 8912/771/1139
f 841/841/1140 842/842/1142 10203/773/1141
f 842/842/1142 8536/775/1143 10203/773/1141
f 842/842/1142 843/843/1144 8536/775/1143
f 843/843/1144 9578/777/1145 8536/775/1143
f 843/843/1144 844/844/1146 9578/777/1145
f 844/844/1146 9162/779/1147 9578/777/1145
f 844/844/1146 845/845/1148 9162/779/1147
f 845/845/1148 9022/781/1149 9162/779/1147
f 845/845/1148 846/846/1150 9022/781/1149
f 846/846/1150 9040/783/1151 9022/781/1149
f 846/846/1150 847/847/1152 9040/783/1151
f 847/847/1152 9490/785/1153 9040/783/1151
f 847/847/1152 848/848/1154 9490/785/1153
f 848/848/1154 8470/787/1155 9490/785/1153
f 848/848/1154 829/829/1116 8470/787/1155
f 829/829/1116 9491/749/1118 8470/787/1155
f 849/849/1156 10256/752/1139 850/850/1157
f 10256/752/1139 9497/754/1141 850/850/1157
f 850/850/1157 9497/754/1141 851/851/1158
f 9497/754/1141 9499/756/1143 851/851/1158
f 851/851/1158 9499/756/1143 852/852/1144
f 9499/756/1143 8411/758/1145 852/852/1144
f 852/852/1144 8411/758/1145 853/853/1159
f 8411/758/1145 9670/760/1147 853/853/1159
f 853/853/1159 9670/760/1147 854/854/1160
f 9670/760/1147 9317/762/1161 854/854/1160
f 854/854/1160 9317/762/1161 855/855/1150
f 9317/762/1161 8948/764/1151 855/855/1150
f 855/855/1150 8948/764/1151 856/856/1152
f 8948/764/1151 9559/766/1153 856/856/1152
f 856/856/1152 9559/766/1153 857/857/1162
f 9559/766/1153 8597/768/1163 857/857/1162
f 857/857/1162 8597/768/1163 858/858/1164
f 8597/768/1163 9560/770/1118 858/858/1164
f 858/858/1164 9560/770/1118 859/859/1117
f 9560/770/1118 8949/772/1119 859/859/1117
f 859/859/1117 8949/772/1119 860/860/1165
f 8949/772/1119 9318/774/1121 860/860/1165
f 860/860/1165 9318/774/1121 861/861/1166
f 9318/774/1121 9671/776/1123 861/861/1166
f 861/861/1166 9671/776/1123 862/862/1124
f 9671/776/1123 8412/778/1125 862/862/1124
f 862/862/1124 8412/778/1125 863/863/1167
f 8412/778/1125 9500/780/1127 863/863/1167
f 863/863/1167 9500/780/1127 864/864/1128
f 9500/780/1127 9498/782/1129 864/864/1128
f 864/864/1128 9498/782/1129 865/865/1130
f 9498/782/1129 9561/784/1131 865/865/1130
f 865/865/1130 9561/784/1131 866/866/1168
f 9561/784/1131 9739/786/1133 866/866/1168
f 866/866/1168 9739/786/1133 867/867/1134
f 9739/786/1133 9930/788/1169 867/867/1134
f 867/867/1134 9930/788/1169 868/868/1170
f 9930/788/1169 9738/751/1137 868/868/1170
f 868/868/1170 9738/751/1137 849/849/1156
f 9738/751/1137 10256/752/1139 849/849/1156
f 869/721/1171 871/722/1171 870/723/1171
f 871/722/1171 872/724/1171 870/723/1171
f 873/725/1172 875/726/1172 874/727/1172
f 875/726/1172 876/728/1172 874/727/1172
f 877/729/1173 878/730/1173 8734/726/1173
f 878/730/1173 9148/723/1173 8734/726/1173
f 8735/726/1174 9149/723/1174 8321/728/1174
f 9149/723/1174 8323/724/1174 8321/728/1174
f 8322/728/1175 8324/724/1175 879/731/1175
f 8324/724/1175 880/732/1175 879/731/1175
f 8608/731/1176 9850/732/1176 881/733/1176
f 9850/732/1176 882/734/1176 881/733/1176
f 883/735/1177 885/736/1177 884/737/1177
f 885/736/1177 886/738/1177 884/737/1177
f 887/739/1178 889/740/1178 888/741/1178
f 889/740/1178 890/742/1178 888/741/1178
f 9150/739/1179 8489/735/1180 891/743/1179
f 8489/735/1180 892/744/1180 891/743/1179
f 8716/743/1181 8361/744/1181 893/745/1181
f 8361/744/1181 894/746/1181 893/745/1181
f 895/747/1182 896/748/1182 9216/741/1182
f 896/748/1182 9355/736/1182 9216/741/1182
f 9217/741/1183 9356/736/1183 9151/739/1183
f 9356/736/1183 8490/735/1183 9151/739/1183
f 897/869/1184 899/870/1185 898/871/1186
f 899/870/1185 900/872/1187 898/871/1186
f 898/871/1186 901/873/1188 897/869/1184
f 901/873/1188 902/874/1189 897/869/1184
f 901/873/1188 903/875/1190 902/874/1189
f 903/875/1190 904/876/1191 902/874/1189
f 905/877/1192 907/878/1193 906/879/1194
f 907/878/1193 908/880/1195 906/879/1194
f 906/879/1194 909/881/1196 905/877/1192
f 909/881/1196 910/882/1197 905/877/1192
f 909/881/1196 911/883/1198 910/882/1197
f 911/883/1198 912/884/1199 910/882/1197
f 913/885/1200 915/886/1201 914/887/1202
f 915/886/1201 916/888/1203 914/887/1202
f 914/887/1202 917/889/1204 913/885/1200
f 917/889/1204 918/890/1205 913/885/1200
f 917/889/1204 919/891/1206 918/890/1205
f 919/891/1206 920/892/1207 918/890/1205
f 921/893/1208 923/894/1209 922/895/1210
f 923/894/1209 924/896/1211 922/895/1210
f 922/895/1210 925/897/1212 921/893/1208
f 925/897/1212 926/898/1213 921/893/1208
f 925/897/1212 927/899/1214 926/898/1213
f 927/899/1214 928/900/1214 926/898/1213
f 929/901/1215 931/902/1216 930/903/1217
f 931/902/1216 932/904/1218 930/903/1217
f 931/902/1216 929/901/1215 933/905/1219
f 929/901/1215 934/906/1220 933/905/1219
f 933/905/1219 934/906/1220 935/907/1221
f 934/906/1220 936/908/1222 935/907/1221
f 937/909/1223 939/910/1224 938/911/1225
f 939/910/1224 940/912/1226 938/911/1225
f 939/910/1224 937/909/1223 941/913/1227
f 937/909/1223 942/914/1228 941/913/1227
f 941/913/1227 942/914/1228 943/915/1229
f 942/914/1228 944/916/1230 943/915/1229
f 945/917/1231 947/918/1232 946/919/1233
f 947/918/1232 948/920/1234 946/919/1233
f 947/918/1232 945/917/1231 949/921/1235
f 945/917/1231 950/922/1236 949/921/1235
f 949/921/1235 950/922/1236 951/923/1237
f 950/922/1236 952/924/1238 951/923/1237
f 953/925/1239 955/926/1240 954/927/1241
f 955/926/1240 956/928/1242 954/927/1241
f 955/926/1240 953/925/1239 957/929/1243
f 953/925/1239 958/930/1244 957/929/1243
f 957/929/1243 958/930/1244 959/931/1245
f 958/930/1244 960/932/1246 959/931/1245
f 961/933/1247 963/934/1248 962/935/1249
f 963/934/1248 964/936/1250 962/935/1249
f 963/934/1248 961/933/1247 965/937/1251
f 961/933/1247 966/938/1252 965/937/1251
f 965/937/1251 966/938/1252 967/939/1253
f 966/938/1252 968/940/1254 967/939/1253
f 969/941/1255 971/942/1256 970/943/1257
f 971/942/1256 972/944/1258 970/943/1257
f 971/942/1256 969/941/1255 973/945/1259
f 969/941/1255 974/946/1260 973/945/1259
f 973/945/1259 974/946/1260 975/947/1261
f 974/946/1260 976/948/1262 975/947/1261
f 977/949/1263 979/950/1264 978/951/1265
f 979/950/1264 980/952/1266 978/951/1265
f 978/951/1265 981/953/1267 977/949/1263
f 981/953/1267 982/954/1268 977/949/1263
f 981/953/1267 983/955/1269 982/954/1268
f 983/955/1269 984/956/1270 982/954/1268
f 985/957/1271 987/958/1272 986/959/1273
f 987/958/1272 988/960/1274 986/959/1273
f 986/959/1273 989/961/1275 985/957/1271
f 989/961/1275 990/962/1276 985/957/1271
f 989/961/1275 991/963/1277 990/962/1276
f 991/963/1277 992/964/1278 990/962/1276
f 993/965/1279 995/966/1280 994/967/1281
f 995/966/1280 996/968/1282 994/967/1281
f 994/967/1281 997/969/1283 993/965/1279
f 997/969/1283 998/970/1284 993/965/1279
f 997/969/1283 999/971/1285 998/970/1284
f 999/971/1285 1000/972/1286 998/970/1284
f 1001/973/1287 1003/974/1288 1002/975/1289
f 1003/974/1288 1004/976/1290 1002/975/1289
f 1002/975/1289 1005/977/1291 1001/973/1287
f 1005/977/1291 1006/978/1292 1001/973/1287
f 1005/977/1291 1007/979/1293 1006/978/1292
f 1007/979/1293 1008/980/1294 1006/978/1292
f 1009/981/1295 1011/982/1296 1010/983/1297
f 1011/982/1296 1012/984/1298 1010/983/1297
f 1010/983/1297 1013/985/1299 1009/981/1295
f 1013/985/1299 1014/986/1300 1009/981/1295
f 1013/985/1299 1015/987/1301 1014/986/1300
f 1015/987/1301 1016/988/1302 1014/986/1300
f 1017/989/1303 1019/990/1304 1018/991/1305
f 1019/990/1304 1020/992/1306 1018/991/1305
f 1018/991/1305 1021/993/1307 1017/989/1303
f 1021/993/1307 1022/994/1308 1017/989/1303
f 1021/993/1307 1023/995/1309 1022/994/1308
f 1023/995/1309 1024/996/1310 1022/994/1308
f 1025/997/1311 1027/998/1312 1026/999/1313
f 1027/998/1312 1028/1000/1314 1026/999/1313
f 1026/999/1313 1029/1001/1315 1025/997/1311
f 1029/1001/1315 1030/1002/1316 1025/997/1311
f 1029/1001/1315 1031/1003/1317 1030/1002/1316
f 1031/1003/1317 1032/1004/1318 1030/1002/1316
f 1033/1005/1319 1035/1006/1320 1034/1007/1321
f 1035/1006/1320 1036/1008/1322 1034/1007/1321
f 1034/1007/1321 1037/1009/1323 1033/1005/1319
f 1037/1009/1323 1038/1010/1324 1033/1005/1319
f 1037/1009/1323 1039/1011/1325 1038/1010/1324
f 1039/1011/1325 1040/1012/1326 1038/1010/1324
f 1041/1013/1327 1043/1014/1328 1042/1015/1329
f 1043/1014/1328 1044/1016/1330 1042/1015/1329
f 1042/1015/1329 1045/1017/1331 1041/1013/1327
f 1045/1017/1331 1046/1018/1332 1041/1013/1327
f 1045/1017/1331 1047/1019/1333 1046/1018/1332
f 1047/1019/1333 1048/1020/1334 1046/1018/1332
f 1049/1021/1335 1051/1022/1336 1050/1023/1337
f 1051/1022/1336 1052/1024/1338 1050/1023/1337
f 1050/1023/1337 1053/1025/1339 1049/1021/1335
f 1053/1025/1339 1054/1026/1340 1049/1021/1335
f 1053/1025/1339 1055/1027/1341 1054/1026/1340
f 1055/1027/1341 1056/1028/1342 1054/1026/1340
f 1057/1029/1343 1059/1030/1344 1058/1031/1345
f 1059/1030/1344 1060/1032/1346 1058/1031/1345
f 1058/1031/1345 1061/1033/1347 1057/1029/1343
f 1061/1033/1347 1062/1034/1348 1057/1029/1343
f 1059/1030/1344 1063/1035/1349 1060/1032/1346
f 1063/1035/1349 1064/1036/1350 1060/1032/1346
f 1065/1037/1351 1067/1038/1352 1066/1039/1353
f 1067/1038/1352 1068/1040/1354 1066/1039/1353
f 1066/1039/1353 1069/1041/1355 1065/1037/1351
f 1069/1041/1355 1070/1042/1356 1065/1037/1351
f 1067/1038/1352 1071/1043/1357 1068/1040/1354
f 1071/1043/1357 1072/1044/1358 1068/1040/1354
f 1073/1045/1359 1075/1046/1360 1074/1047/1361
f 1075/1046/1360 1076/1048/1362 1074/1047/1361
f 1074/1047/1361 1077/1049/1363 1073/1045/1359
f 1077/1049/1363 1078/1050/1364 1073/1045/1359
f 1075/1046/1360 1079/1051/1365 1076/1048/1362
f 1079/1051/1365 1080/1052/1366 1076/1048/1362
f 1081/1053/1367 1083/1054/1368 1082/1055/1369
f 1083/1054/1368 1084/1056/1370 1082/1055/1369
f 1082/1055/1369 1085/1057/1371 1081/1053/1367
f 1085/1057/1371 1086/1058/1372 1081/1053/1367
f 1083/1054/1368 1087/1059/1373 1084/1056/1370
f 1087/1059/1373 1088/1060/1374 1084/1056/1370
f 1089/1061/1375 1091/1062/1376 1090/1063/1377
f 1091/1062/1376 1092/1064/1378 1090/1063/1377
f 1090/1063/1377 1093/1065/1379 1089/1061/1375
f 1093/1065/1379 1094/1066/1380 1089/1061/1375
f 1091/1062/1376 1095/1067/1381 1092/1064/1378
f 1095/1067/1381 1096/1068/1382 1092/1064/1378
f 1097/1069/1383 1099/1070/1384 1098/1071/1385
f 1099/1070/1384 1100/1072/1386 1098/1071/1385
f 1098/1071/1385 1101/1073/1387 1097/1069/1383
f 1101/1073/1387 1102/1074/1388 1097/1069/1383
f 1099/1070/1384 1103/1075/1389 1100/1072/1386
f 1103/1075/1389 1104/1076/1390 1100/1072/1386
f 1105/1077/1391 1107/1078/1392 1106/1079/1393
f 1107/1078/1392 1108/1080/1394 1106/1079/1393
f 1106/1079/1393 1109/1081/1395 1105/1077/1391
f 1109/1081/1395 1110/1082/1396 1105/1077/1391
f 1107/1078/1392 1111/1083/1397 1108/1080/1394
f 1111/1083/1397 1112/1084/1398 1108/1080/1394
f 1113/1085/1399 1115/1086/1400 1114/1087/1401
f 1115/1086/1400 1116/1088/1402 1114/1087/1401
f 1114/1087/1401 1117/1089/1403 1113/1085/1399
f 1117/1089/1403 1118/1090/1404 1113/1085/1399
f 1115/1086/1400 1119/1091/1405 1116/1088/1402
f 1119/1091/1405 1120/1092/1406 1116/1088/1402
f 1121/1093/1407 1123/1094/1408 1122/1095/1409
f 1123/1094/1408 1124/1096/1410 1122/1095/1409
f 1122/1095/1409 1125/1097/1411 1121/1093/1407
f 1125/1097/1411 1126/1098/1412 1121/1093/1407
f 1123/1094/1408 1127/1099/1413 1124/1096/1410
f 1127/1099/1413 1128/1100/1414 1124/1096/1410
f 1129/1101/1415 1131/1102/1416 1130/1103/1417
f 1131/1102/1416 1132/1104/1418 1130/1103/1417
f 1130/1103/1417 1133/1105/1419 1129/1101/1415
f 1133/1105/1419 1134/1106/1420 1129/1101/1415
f 1131/1102/1416 1135/1107/1421 1132/1104/1418
f 1135/1107/1421 1136/1108/1422 1132/1104/1418
f 1137/1109/1423 1139/1110/1424 1138/1111/1425
f 1139/1110/1424 1140/1112/1426 1138/1111/1425
f 1138/1111/1425 1141/1113/1427 1137/1109/1423
f 1141/1113/1427 1142/1114/1428 1137/1109/1423
f 1139/1110/1424 1143/1115/1429 1140/1112/1426
f 1143/1115/1429 1144/1116/1430 1140/1112/1426
f 1145/1117/1431 1147/1118/1432 1146/1119/1433
f 1147/1118/1432 1148/1120/1434 1146/1119/1433
f 1146/1119/1433 1149/1121/1435 1145/1117/1431
f 1149/1121/1435 1150/1122/1436 1145/1117/1431
f 1147/1118/1432 1151/1123/1437 1148/1120/1434
f 1151/1123/1437 1152/1124/1438 1148/1120/1434
f 1153/1125/1439 1155/1126/1440 1154/1127/1441
f 1155/1126/1440 1156/1128/1442 1154/1127/1441
f 1154/1127/1441 1157/1129/1443 1153/1125/1439
f 1157/1129/1443 1158/1130/1444 1153/1125/1439
f 1155/1126/1440 1159/1131/1445 1156/1128/1442
f 1159/1131/1445 1160/1132/1446 1156/1128/1442
f 1161/1133/1447 1163/1134/1448 1162/1135/1449
f 1163/1134/1448 1164/1136/1450 1162/1135/1449
f 1162/1135/1449 1165/1137/1451 1161/1133/1447
f 1165/1137/1451 1166/1138/1452 1161/1133/1447
f 1164/1136/1450 1163/1134/1448 1167/1139/1453
f 1163/1134/1448 1168/1140/1454 1167/1139/1453
f 1169/1141/1455 1171/1142/1456 1170/1143/1457
f 1171/1142/1456 1172/1144/1458 1170/1143/1457
f 1171/1142/1456 1169/1141/1455 1173/1145/1459
f 1169/1141/1455 1174/1146/1460 1173/1145/1459
f 1170/1143/1457 1172/1144/1458 1175/1147/1461
f 1172/1144/1458 1176/1148/1462 1175/1147/1461
f 1177/1149/1463 1179/1150/1464 1178/1151/1465
f 1179/1150/1464 1180/1152/1466 1178/1151/1465
f 1179/1150/1464 1177/1149/1463 1181/1153/1467
f 1177/1149/1463 1182/1154/1468 1181/1153/1467
f 1178/1151/1465 1180/1152/1466 1183/1155/1469
f 1180/1152/1466 1184/1156/1470 1183/1155/1469
f 1185/1157/1471 1187/1158/1472 1186/1159/1473
f 1187/1158/1472 1188/1160/1474 1186/1159/1473
f 1187/1158/1472 1185/1157/1471 1189/1161/1475
f 1185/1157/1471 1190/1162/1476 1189/1161/1475
f 1186/1159/1473 1188/1160/1474 1191/1163/1477
f 1188/1160/1474 1192/1164/1478 1191/1163/1477
f 1193/1165/1479 1195/1166/1480 1194/1167/1481
f 1195/1166/1480 1196/1168/1482 1194/1167/1481
f 1195/1166/1480 1193/1165/1479 1197/1169/1483
f 1193/1165/1479 1198/1170/1484 1197/1169/1483
f 1194/1167/1481 1196/1168/1482 1199/1171/1485
f 1196/1168/1482 1200/1172/1486 1199/1171/1485
f 1201/1173/1487 1203/1174/1488 1202/1175/1489
f 1203/1174/1488 1204/1176/1490 1202/1175/1489
f 1203/1174/1488 1201/1173/1487 1205/1177/1491
f 1201/1173/1487 1206/1178/1492 1205/1177/1491
f 1202/1175/1489 1204/1176/1490 1207/1179/1493
f 1204/1176/1490 1208/1180/1494 1207/1179/1493
f 1209/1181/1495 1211/1182/1496 1210/1183/1497
f 1211/1182/1496 1212/1184/1498 1210/1183/1497
f 1211/1182/1496 1209/1181/1495 1213/1185/1499
f 1209/1181/1495 1214/1186/1500 1213/1185/1499
f 1210/1183/1497 1212/1184/1498 1215/1187/1501
f 1212/1184/1498 1216/1188/1502 1215/1187/1501
f 1087/1059/1373 1094/1066/1380 1088/1060/1374
f 1094/1066/1380 1093/1065/1379 1088/1060/1374
f 928/900/1214 927/899/1214 932/904/1218
f 927/899/1214 930/903/1217 932/904/1218
f 935/907/1221 936/908/1222 940/912/1226
f 936/908/1222 938/911/1225 940/912/1226
f 1095/1067/1381 1102/1074/1388 1096/1068/1382
f 1102/1074/1388 1101/1073/1387 1096/1068/1382
f 943/915/1229 944/916/1230 948/920/1234
f 944/916/1230 946/919/1233 948/920/1234
f 1103/1075/1389 1110/1082/1396 1104/1076/1390
f 1110/1082/1396 1109/1081/1395 1104/1076/1390
f 951/923/1237 952/924/1238 956/928/1242
f 952/924/1238 954/927/1241 956/928/1242
f 1111/1083/1397 1118/1090/1404 1112/1084/1398
f 1118/1090/1404 1117/1089/1403 1112/1084/1398
f 959/931/1245 960/932/1246 964/936/1250
f 960/932/1246 962/935/1249 964/936/1250
f 1119/1091/1405 1126/1098/1412 1120/1092/1406
f 1126/1098/1412 1125/1097/1411 1120/1092/1406
f 967/939/1253 968/940/1254 972/944/1258
f 968/940/1254 970/943/1257 972/944/1258
f 1127/1099/1413 1134/1106/1420 1128/1100/1414
f 1134/1106/1420 1133/1105/1419 1128/1100/1414
f 976/948/1262 980/952/1266 975/947/1261
f 980/952/1266 979/950/1264 975/947/1261
f 1135/1107/1421 1142/1114/1428 1136/1108/1422
f 1142/1114/1428 1141/1113/1427 1136/1108/1422
f 983/955/1269 988/960/1274 984/956/1270
f 988/960/1274 987/958/1272 984/956/1270
f 1143/1115/1429 1150/1122/1436 1144/1116/1430
f 1150/1122/1436 1149/1121/1435 1144/1116/1430
f 1217/1189/1503 996/968/1282 1218/1190/1278
f 996/968/1282 995/966/1280 1218/1190/1278
f 1219/1191/1504 1158/1130/1444 1220/1192/1505
f 1158/1130/1444 1157/1129/1443 1220/1192/1505
f 999/971/1285 1004/976/1290 1000/972/1286
f 1004/976/1290 1003/974/1288 1000/972/1286
f 1159/1131/1445 1166/1138/1452 1160/1132/1446
f 1166/1138/1452 1165/1137/1451 1160/1132/1446
f 1007/979/1293 1012/984/1298 1008/980/1294
f 1012/984/1298 1011/982/1296 1008/980/1294
f 1167/1139/1453 1168/1140/1454 1174/1146/1460
f 1168/1140/1454 1173/1145/1459 1174/1146/1460
f 1015/987/1301 1020/992/1306 1016/988/1302
f 1020/992/1306 1019/990/1304 1016/988/1302
f 1175/1147/1461 1176/1148/1462 1182/1154/1468
f 1176/1148/1462 1181/1153/1467 1182/1154/1468
f 1023/995/1309 1028/1000/1314 1024/996/1310
f 1028/1000/1314 1027/998/1312 1024/996/1310
f 1183/1155/1469 1184/1156/1470 1190/1162/1476
f 1184/1156/1470 1189/1161/1475 1190/1162/1476
f 1031/1003/1317 1036/1008/1322 1032/1004/1318
f 1036/1008/1322 1035/1006/1320 1032/1004/1318
f 1191/1163/1477 1192/1164/1478 1198/1170/1484
f 1192/1164/1478 1197/1169/1483 1198/1170/1484
f 1039/1011/1325 1044/1016/1330 1040/1012/1326
f 1044/1016/1330 1043/1014/1328 1040/1012/1326
f 1199/1171/1485 1200/1172/1486 1206/1178/1492
f 1200/1172/1486 1205/1177/1491 1206/1178/1492
f 1047/1019/1333 1052/1024/1338 1048/1020/1334
f 1052/1024/1338 1051/1022/1336 1048/1020/1334
f 1207/1179/1493 1208/1180/1494 1214/1186/1500
f 1208/1180/1494 1213/1185/1499 1214/1186/1500
f 1055/1027/1341 900/872/1187 1056/1028/1342
f 900/872/1187 899/870/1185 1056/1028/1342
f 1216/1188/1502 1062/1034/1348 1215/1187/1501
f 1062/1034/1348 1061/1033/1347 1215/1187/1501
f 1063/1035/1349 1070/1042/1356 1064/1036/1350
f 1070/1042/1356 1069/1041/1355 1064/1036/1350
f 903/875/1190 908/880/1195 904/876/1191
f 908/880/1195 907/878/1193 904/876/1191
f 1071/1043/1357 1078/1050/1364 1072/1044/1358
f 1078/1050/1364 1077/1049/1363 1072/1044/1358
f 911/883/1198 916/888/1203 912/884/1199
f 916/888/1203 915/886/1201 912/884/1199
f 919/891/1206 924/896/1211 920/892/1207
f 924/896/1211 923/894/1209 920/892/1207
f 1079/1051/1365 1086/1058/1372 1080/1052/1366
f 1086/1058/1372 1085/1057/1371 1080/1052/1366
f 1221/1193/1506 1223/1194/1507 1222/1195/1508
f 1223/1194/1507 1224/1196/1509 1222/1195/1508
f 1222/1195/1508 1225/1197/1510 1221/1193/1506
f 1225/1197/1510 1226/1198/1511 1221/1193/1506
f 1223/1194/1507 1227/1199/1512 1224/1196/1509
f 1227/1199/1512 1228/1200/1513 1224/1196/1509
f 1229/1201/1514 1231/1202/1515 1230/1203/1516
f 1231/1202/1515 1232/1204/1517 1230/1203/1516
f 1230/1203/1516 1233/1205/1518 1229/1201/1514
f 1233/1205/1518 1234/1206/1519 1229/1201/1514
f 1231/1202/1515 1235/1207/1520 1232/1204/1517
f 1235/1207/1520 1236/1208/1521 1232/1204/1517
f 1237/1209/1522 1239/1210/1523 1238/1211/1524
f 1239/1210/1523 1240/1212/1525 1238/1211/1524
f 1238/1211/1524 1241/1213/1526 1237/1209/1522
f 1241/1213/1526 1242/1214/1527 1237/1209/1522
f 1239/1210/1523 1243/1215/1528 1240/1212/1525
f 1243/1215/1528 1244/1216/1529 1240/1212/1525
f 1245/1217/1530 1247/1218/1531 1246/1219/1532
f 1247/1218/1531 1248/1220/1533 1246/1219/1532
f 1246/1219/1532 1249/1221/1534 1245/1217/1530
f 1249/1221/1534 1250/1222/1535 1245/1217/1530
f 1247/1218/1531 1251/1223/1536 1248/1220/1533
f 1251/1223/1536 1252/1224/1537 1248/1220/1533
f 1253/1225/1538 1255/1226/1539 1254/1227/1540
f 1255/1226/1539 1256/1228/1541 1254/1227/1540
f 1254/1227/1540 1257/1229/1542 1253/1225/1538
f 1257/1229/1542 1258/1230/1543 1253/1225/1538
f 1255/1226/1539 1259/1231/1544 1256/1228/1541
f 1259/1231/1544 1260/1232/1545 1256/1228/1541
f 1261/1233/1546 1263/1234/1547 1262/1235/1548
f 1263/1234/1547 1264/1236/1549 1262/1235/1548
f 1262/1235/1548 1265/1237/1550 1261/1233/1546
f 1265/1237/1550 1266/1238/1551 1261/1233/1546
f 1263/1234/1547 1267/1239/1552 1264/1236/1549
f 1267/1239/1552 1268/1240/1553 1264/1236/1549
f 1269/1241/1554 1271/1242/1555 1270/1243/1556
f 1271/1242/1555 1272/1244/1557 1270/1243/1556
f 1270/1243/1556 1273/1245/1558 1269/1241/1554
f 1273/1245/1558 1274/1246/1559 1269/1241/1554
f 1271/1242/1555 1275/1247/1560 1272/1244/1557
f 1275/1247/1560 1276/1248/1561 1272/1244/1557
f 1277/1249/1562 1279/1250/1563 1278/1251/1564
f 1279/1250/1563 1280/1252/1565 1278/1251/1564
f 1278/1251/1564 1281/1253/1566 1277/1249/1562
f 1281/1253/1566 1282/1254/1567 1277/1249/1562
f 1279/1250/1563 1283/1255/1568 1280/1252/1565
f 1283/1255/1568 1284/1256/1569 1280/1252/1565
f 1285/1257/1570 1287/1258/1571 1286/1259/1572
f 1287/1258/1571 1288/1260/1573 1286/1259/1572
f 1286/1259/1572 1289/1261/1574 1285/1257/1570
f 1289/1261/1574 1290/1262/1575 1285/1257/1570
f 1287/1258/1571 1291/1263/1576 1288/1260/1573
f 1291/1263/1576 1292/1264/1577 1288/1260/1573
f 1293/1265/1578 1295/1266/1579 1294/1267/1580
f 1295/1266/1579 1296/1268/1581 1294/1267/1580
f 1294/1267/1580 1297/1269/1582 1293/1265/1578
f 1297/1269/1582 1298/1270/1583 1293/1265/1578
f 1295/1266/1579 1299/1271/1584 1296/1268/1581
f 1299/1271/1584 1300/1272/1585 1296/1268/1581
f 1301/1273/1586 1303/1274/1587 1302/1275/1588
f 1303/1274/1587 1304/1276/1589 1302/1275/1588
f 1302/1275/1588 1305/1277/1590 1301/1273/1586
f 1305/1277/1590 1306/1278/1591 1301/1273/1586
f 1303/1274/1587 1307/1279/1592 1304/1276/1589
f 1307/1279/1592 1308/1280/1593 1304/1276/1589
f 1309/1281/1594 1311/1282/1595 1310/1283/1596
f 1311/1282/1595 1312/1284/1597 1310/1283/1596
f 1310/1283/1596 1313/1285/1598 1309/1281/1594
f 1313/1285/1598 1314/1286/1599 1309/1281/1594
f 1311/1282/1595 1315/1287/1600 1312/1284/1597
f 1315/1287/1600 1316/1288/1601 1312/1284/1597
f 1317/1289/1602 1319/1290/1603 1318/1291/1604
f 1319/1290/1603 1320/1292/1605 1318/1291/1604
f 1318/1291/1604 1321/1293/1606 1317/1289/1602
f 1321/1293/1606 1322/1294/1607 1317/1289/1602
f 1319/1290/1603 1323/1295/1608 1320/1292/1605
f 1323/1295/1608 1324/1296/1609 1320/1292/1605
f 1325/1297/1610 1327/1298/1611 1326/1299/1612
f 1327/1298/1611 1328/1300/1613 1326/1299/1612
f 1326/1299/1612 1329/1301/1614 1325/1297/1610
f 1329/1301/1614 1330/1302/1615 1325/1297/1610
f 1327/1298/1611 1331/1303/1616 1328/1300/1613
f 1331/1303/1616 1332/1304/1617 1328/1300/1613
f 1333/1305/1618 1335/1306/1619 1334/1307/1620
f 1335/1306/1619 1336/1308/1621 1334/1307/1620
f 1335/1306/1619 1333/1305/1618 1337/1309/1622
f 1333/1305/1618 1338/1310/1623 1337/1309/1622
f 1334/1307/1620 1336/1308/1621 1339/1311/1624
f 1336/1308/1621 1340/1312/1625 1339/1311/1624
f 1341/1313/1626 1343/1314/1627 1342/1315/1628
f 1343/1314/1627 1344/1316/1629 1342/1315/1628
f 1343/1314/1627 1341/1313/1626 1345/1317/1630
f 1341/1313/1626 1346/1318/1631 1345/1317/1630
f 1342/1315/1628 1344/1316/1629 1347/1319/1632
f 1344/1316/1629 1348/1320/1633 1347/1319/1632
f 1349/1321/1634 1351/1322/1635 1350/1323/1636
f 1351/1322/1635 1352/1324/1637 1350/1323/1636
f 1351/1322/1635 1349/1321/1634 1353/1325/1638
f 1349/1321/1634 1354/1326/1639 1353/1325/1638
f 1350/1323/1636 1352/1324/1637 1355/1327/1640
f 1352/1324/1637 1356/1328/1641 1355/1327/1640
f 1357/1329/1642 1359/1330/1643 1358/1331/1644
f 1359/1330/1643 1360/1332/1645 1358/1331/1644
f 1359/1330/1643 1357/1329/1642 1361/1333/1646
f 1357/1329/1642 1362/1334/1647 1361/1333/1646
f 1358/1331/1644 1360/1332/1645 1363/1335/1648
f 1360/1332/1645 1364/1336/1649 1363/1335/1648
f 1365/1337/1650 1367/1338/1651 1366/1339/1652
f 1367/1338/1651 1368/1340/1653 1366/1339/1652
f 1367/1338/1651 1365/1337/1650 1369/1341/1654
f 1365/1337/1650 1370/1342/1655 1369/1341/1654
f 1366/1339/1652 1368/1340/1653 1371/1343/1656
f 1368/1340/1653 1372/1344/1657 1371/1343/1656
f 1373/1345/1658 1375/1346/1659 1374/1347/1660
f 1375/1346/1659 1376/1348/1661 1374/1347/1660
f 1375/1346/1659 1373/1345/1658 1377/1349/1662
f 1373/1345/1658 1378/1350/1663 1377/1349/1662
f 1374/1347/1660 1376/1348/1661 1379/1351/1664
f 1376/1348/1661 1380/1352/1665 1379/1351/1664
f 1381/1353/1666 1383/1354/1667 1382/1355/1668
f 1383/1354/1667 1384/1356/1669 1382/1355/1668
f 1382/1355/1668 1385/1357/1670 1381/1353/1666
f 1385/1357/1670 1386/1358/1671 1381/1353/1666
f 1385/1357/1670 1387/1359/1672 1386/1358/1671
f 1387/1359/1672 1388/1360/1673 1386/1358/1671
f 1389/1361/1674 1391/1362/1675 1390/1363/1676
f 1391/1362/1675 1392/1364/1677 1390/1363/1676
f 1390/1363/1676 1393/1365/1678 1389/1361/1674
f 1393/1365/1678 1394/1366/1679 1389/1361/1674
f 1393/1365/1678 1395/1367/1680 1394/1366/1679
f 1395/1367/1680 1396/1368/1681 1394/1366/1679
f 1397/1369/1682 1399/1370/1683 1398/1371/1684
f 1399/1370/1683 1400/1372/1685 1398/1371/1684
f 1398/1371/1684 1401/1373/1686 1397/1369/1682
f 1401/1373/1686 1402/1374/1687 1397/1369/1682
f 1401/1373/1686 1403/1375/1688 1402/1374/1687
f 1403/1375/1688 1404/1376/1689 1402/1374/1687
f 1405/1377/1690 1407/1378/1691 1406/1379/1692
f 1407/1378/1691 1408/1380/1693 1406/1379/1692
f 1406/1379/1692 1409/1381/1694 1405/1377/1690
f 1409/1381/1694 1410/1382/1695 1405/1377/1690
f 1409/1381/1694 1411/1383/1696 1410/1382/1695
f 1411/1383/1696 1412/1384/1697 1410/1382/1695
f 1413/1385/1698 1415/1386/1699 1414/1387/1700
f 1415/1386/1699 1416/1388/1701 1414/1387/1700
f 1415/1386/1699 1413/1385/1698 1417/1389/1702
f 1413/1385/1698 1418/1390/1703 1417/1389/1702
f 1417/1389/1702 1418/1390/1703 1419/1391/1704
f 1418/1390/1703 1420/1392/1705 1419/1391/1704
f 1421/1393/1706 1423/1394/1707 1422/1395/1708
f 1423/1394/1707 1424/1396/1709 1422/1395/1708
f 1423/1394/1707 1421/1393/1706 1425/1397/1710
f 1421/1393/1706 1426/1398/1711 1425/1397/1710
f 1425/1397/1710 1426/1398/1711 1427/1399/1712
f 1426/1398/1711 1428/1400/1713 1427/1399/1712
f 1429/1401/1714 1431/1402/1715 1430/1403/1716
f 1431/1402/1715 1432/1404/1717 1430/1403/1716
f 1431/1402/1715 1429/1401/1714 1433/1405/1718
f 1429/1401/1714 1434/1406/1719 1433/1405/1718
f 1433/1405/1718 1434/1406/1719 1435/1407/1720
f 1434/1406/1719 1436/1408/1721 1435/1407/1720
f 1437/1409/1722 1439/1410/1723 1438/1411/1724
f 1439/1410/1723 1440/1412/1725 1438/1411/1724
f 1439/1410/1723 1437/1409/1722 1441/1413/1726
f 1437/1409/1722 1442/1414/1727 1441/1413/1726
f 1441/1413/1726 1442/1414/1727 1443/1415/1728
f 1442/1414/1727 1444/1416/1729 1443/1415/1728
f 1445/1417/1730 1447/1418/1731 1446/1419/1732
f 1447/1418/1731 1448/1420/1733 1446/1419/1732
f 1447/1418/1731 1445/1417/1730 1449/1421/1734
f 1445/1417/1730 1450/1422/1735 1449/1421/1734
f 1449/1421/1734 1450/1422/1735 1451/1423/1736
f 1450/1422/1735 1452/1424/1737 1451/1423/1736
f 1453/1425/1738 1455/1426/1739 1454/1427/1740
f 1455/1426/1739 1456/1428/1741 1454/1427/1740
f 1455/1426/1739 1453/1425/1738 1457/1429/1742
f 1453/1425/1738 1458/1430/1743 1457/1429/1742
f 1457/1429/1742 1458/1430/1743 1459/1431/1744
f 1458/1430/1743 1460/1432/1745 1459/1431/1744
f 1461/1433/1746 1463/1434/1747 1462/1435/1748
f 1463/1434/1747 1464/1436/1749 1462/1435/1748
f 1462/1435/1748 1465/1437/1750 1461/1433/1746
f 1465/1437/1750 1466/1438/1751 1461/1433/1746
f 1465/1437/1750 1467/1439/1752 1466/1438/1751
f 1467/1439/1752 1468/1440/1753 1466/1438/1751
f 1469/1441/1754 1471/1442/1755 1470/1443/1756
f 1471/1442/1755 1472/1444/1757 1470/1443/1756
f 1470/1443/1756 1473/1445/1758 1469/1441/1754
f 1473/1445/1758 1474/1446/1759 1469/1441/1754
f 1473/1445/1758 1475/1447/1760 1474/1446/1759
f 1475/1447/1760 1476/1448/1761 1474/1446/1759
f 1477/1449/1762 1479/1450/1763 1478/1451/1764
f 1479/1450/1763 1480/1452/1765 1478/1451/1764
f 1478/1451/1764 1481/1453/1766 1477/1449/1762
f 1481/1453/1766 1482/1454/1767 1477/1449/1762
f 1481/1453/1766 1483/1455/1768 1482/1454/1767
f 1483/1455/1768 1484/1456/1769 1482/1454/1767
f 1485/1457/1770 1487/1458/1771 1486/1459/1772
f 1487/1458/1771 1488/1460/1773 1486/1459/1772
f 1486/1459/1772 1489/1461/1774 1485/1457/1770
f 1489/1461/1774 1490/1462/1775 1485/1457/1770
f 1489/1461/1774 1491/1463/1776 1490/1462/1775
f 1491/1463/1776 1492/1464/1777 1490/1462/1775
f 1493/1465/1778 1495/1466/1779 1494/1467/1780
f 1495/1466/1779 1496/1468/1781 1494/1467/1780
f 1494/1467/1780 1497/1469/1782 1493/1465/1778
f 1497/1469/1782 1498/1470/1783 1493/1465/1778
f 1497/1469/1782 1499/1471/1784 1498/1470/1783
f 1499/1471/1784 1500/1472/1785 1498/1470/1783
f 1501/1473/1786 1503/1474/1787 1502/1475/1788
f 1503/1474/1787 1504/1476/1789 1502/1475/1788
f 1502/1475/1788 1505/1477/1790 1501/1473/1786
f 1505/1477/1790 1506/1478/1791 1501/1473/1786
f 1505/1477/1790 1507/1479/1792 1506/1478/1791
f 1507/1479/1792 1508/1480/1793 1506/1478/1791
f 1509/1481/1794 1511/1482/1795 1510/1483/1796
f 1511/1482/1795 1512/1484/1797 1510/1483/1796
f 1510/1483/1796 1513/1485/1798 1509/1481/1794
f 1513/1485/1798 1514/1486/1799 1509/1481/1794
f 1513/1485/1798 1515/1487/1800 1514/1486/1799
f 1515/1487/1800 1516/1488/1801 1514/1486/1799
f 1517/1489/1802 1519/1490/1803 1518/1491/1804
f 1519/1490/1803 1520/1492/1805 1518/1491/1804
f 1518/1491/1804 1521/1493/1806 1517/1489/1802
f 1521/1493/1806 1522/1494/1807 1517/1489/1802
f 1521/1493/1806 1523/1495/1808 1522/1494/1807
f 1523/1495/1808 1524/1496/1809 1522/1494/1807
f 1525/1497/1810 1527/1498/1811 1526/1499/1812
f 1527/1498/1811 1528/1500/1813 1526/1499/1812
f 1526/1499/1812 1529/1501/1814 1525/1497/1810
f 1529/1501/1814 1530/1502/1815 1525/1497/1810
f 1529/1501/1814 1531/1503/1816 1530/1502/1815
f 1531/1503/1816 1532/1504/1817 1530/1502/1815
f 1533/1505/1818 1535/1506/1819 1534/1507/1820
f 1535/1506/1819 1536/1508/1821 1534/1507/1820
f 1534/1507/1820 1537/1509/1822 1533/1505/1818
f 1537/1509/1822 1538/1510/1823 1533/1505/1818
f 1537/1509/1822 1539/1511/1824 1538/1510/1823
f 1539/1511/1824 1540/1512/1825 1538/1510/1823
f 1412/1384/1697 1411/1383/1696 1416/1388/1701
f 1411/1383/1696 1414/1387/1700 1416/1388/1701
f 1251/1223/1536 1258/1230/1543 1252/1224/1537
f 1258/1230/1543 1257/1229/1542 1252/1224/1537
f 1259/1231/1544 1266/1238/1551 1260/1232/1545
f 1266/1238/1551 1265/1237/1550 1260/1232/1545
f 1419/1391/1704 1420/1392/1705 1424/1396/1709
f 1420/1392/1705 1422/1395/1708 1424/1396/1709
f 1267/1239/1552 1274/1246/1559 1268/1240/1553
f 1274/1246/1559 1273/1245/1558 1268/1240/1553
f 1427/1399/1712 1428/1400/1713 1432/1404/1717
f 1428/1400/1713 1430/1403/1716 1432/1404/1717
f 1275/1247/1560 1282/1254/1567 1276/1248/1561
f 1282/1254/1567 1281/1253/1566 1276/1248/1561
f 1435/1407/1720 1436/1408/1721 1440/1412/1725
f 1436/1408/1721 1438/1411/1724 1440/1412/1725
f 1283/1255/1568 1290/1262/1575 1284/1256/1569
f 1290/1262/1575 1289/1261/1574 1284/1256/1569
f 1443/1415/1728 1444/1416/1729 1448/1420/1733
f 1444/1416/1729 1446/1419/1732 1448/1420/1733
f 1291/1263/1576 1298/1270/1583 1292/1264/1577
f 1298/1270/1583 1297/1269/1582 1292/1264/1577
f 1451/1423/1736 1452/1424/1737 1456/1428/1741
f 1452/1424/1737 1454/1427/1740 1456/1428/1741
f 1299/1271/1584 1306/1278/1591 1300/1272/1585
f 1306/1278/1591 1305/1277/1590 1300/1272/1585
f 1460/1432/1745 1464/1436/1749 1459/1431/1744
f 1464/1436/1749 1463/1434/1747 1459/1431/1744
f 1307/1279/1592 1314/1286/1599 1308/1280/1593
f 1314/1286/1599 1313/1285/1598 1308/1280/1593
f 1467/1439/1752 1472/1444/1757 1468/1440/1753
f 1472/1444/1757 1471/1442/1755 1468/1440/1753
f 1541/1513/1600 1322/1294/1607 1542/1514/1826
f 1322/1294/1607 1321/1293/1606 1542/1514/1826
f 1543/1515/1827 1480/1452/1765 1544/1516/1761
f 1480/1452/1765 1479/1450/1763 1544/1516/1761
f 1323/1295/1608 1330/1302/1615 1324/1296/1609
f 1330/1302/1615 1329/1301/1614 1324/1296/1609
f 1483/1455/1768 1488/1460/1773 1484/1456/1769
f 1488/1460/1773 1487/1458/1771 1484/1456/1769
f 1332/1304/1617 1331/1303/1616 1338/1310/1623
f 1331/1303/1616 1337/1309/1622 1338/1310/1623
f 1491/1463/1776 1496/1468/1781 1492/1464/1777
f 1496/1468/1781 1495/1466/1779 1492/1464/1777
f 1339/1311/1624 1340/1312/1625 1346/1318/1631
f 1340/1312/1625 1345/1317/1630 1346/1318/1631
f 1499/1471/1784 1504/1476/1789 1500/1472/1785
f 1504/1476/1789 1503/1474/1787 1500/1472/1785
f 1347/1319/1632 1348/1320/1633 1354/1326/1639
f 1348/1320/1633 1353/1325/1638 1354/1326/1639
f 1507/1479/1792 1512/1484/1797 1508/1480/1793
f 1512/1484/1797 1511/1482/1795 1508/1480/1793
f 1355/1327/1640 1356/1328/1641 1362/1334/1647
f 1356/1328/1641 1361/1333/1646 1362/1334/1647
f 1515/1487/1800 1520/1492/1805 1516/1488/1801
f 1520/1492/1805 1519/1490/1803 1516/1488/1801
f 1363/1335/1648 1364/1336/1649 1370/1342/1655
f 1364/1336/1649 1369/1341/1654 1370/1342/1655
f 1523/1495/1808 1528/1500/1813 1524/1496/1809
f 1528/1500/1813 1527/1498/1811 1524/1496/1809
f 1371/1343/1656 1372/1344/1657 1378/1350/1663
f 1372/1344/1657 1377/1349/1662 1378/1350/1663
f 1531/1503/1816 1536/1508/1821 1532/1504/1817
f 1536/1508/1821 1535/1506/1819 1532/1504/1817
f 1380/1352/1665 1226/1198/1511 1379/1351/1664
f 1226/1198/1511 1225/1197/1510 1379/1351/1664
f 1539/1511/1824 1384/1356/1669 1540/1512/1825
f 1384/1356/1669 1383/1354/1667 1540/1512/1825
f 1387/1359/1672 1392/1364/1677 1388/1360/1673
f 1392/1364/1677 1391/1362/1675 1388/1360/1673
f 1227/1199/1512 1234/1206/1519 1228/1200/1513
f 1234/1206/1519 1233/1205/1518 1228/1200/1513
f 1395/1367/1680 1400/1372/1685 1396/1368/1681
f 1400/1372/1685 1399/1370/1683 1396/1368/1681
f 1235/1207/1520 1242/1214/1527 1236/1208/1521
f 1242/1214/1527 1241/1213/1526 1236/1208/1521
f 1243/1215/1528 1250/1222/1535 1244/1216/1529
f 1250/1222/1535 1249/1221/1534 1244/1216/1529
f 1403/1375/1688 1408/1380/1693 1404/1376/1689
f 1408/1380/1693 1407/1378/1691 1404/1376/1689
f 1545/1517/1828 1094/1066/1380 1546/1518/1829
f 1094/1066/1380 1087/1059/1373 1546/1518/1829
f 1547/1519/1830 1102/1074/1388 1548/1520/1831
f 1102/1074/1388 1095/1067/1381 1548/1520/1831
f 1549/1521/1832 1110/1082/1396 1550/1522/1833
f 1110/1082/1396 1103/1075/1389 1550/1522/1833
f 1551/1523/1834 1070/1042/1356 1552/1524/1835
f 1070/1042/1356 1063/1035/1349 1552/1524/1835
f 1553/1525/1836 1078/1050/1364 1554/1526/1837
f 1078/1050/1364 1071/1043/1357 1554/1526/1837
f 1555/1527/1838 1552/1524/1835 1059/1030/1344
f 1552/1524/1835 1063/1035/1349 1059/1030/1344
f 1555/1527/1838 1059/1030/1344 1556/1528/1839
f 1059/1030/1344 1057/1029/1343 1556/1528/1839
f 1557/1529/1840 1554/1526/1837 1067/1038/1352
f 1554/1526/1837 1071/1043/1357 1067/1038/1352
f 1557/1529/1840 1067/1038/1352 1558/1530/1841
f 1067/1038/1352 1065/1037/1351 1558/1530/1841
f 1559/1531/1842 1560/1532/1843 1075/1046/1360
f 1560/1532/1843 1079/1051/1365 1075/1046/1360
f 1559/1531/1842 1075/1046/1360 1561/1533/1844
f 1075/1046/1360 1073/1045/1359 1561/1533/1844
f 1562/1534/1845 1546/1518/1829 1083/1054/1368
f 1546/1518/1829 1087/1059/1373 1083/1054/1368
f 1562/1534/1845 1083/1054/1368 1563/1535/1846
f 1083/1054/1368 1081/1053/1367 1563/1535/1846
f 1564/1536/1847 1548/1520/1831 1091/1062/1376
f 1548/1520/1831 1095/1067/1381 1091/1062/1376
f 1564/1536/1847 1091/1062/1376 1565/1537/1848
f 1091/1062/1376 1089/1061/1375 1565/1537/1848
f 1566/1538/1849 1550/1522/1833 1099/1070/1384
f 1550/1522/1833 1103/1075/1389 1099/1070/1384
f 1566/1538/1849 1099/1070/1384 1567/1539/1850
f 1099/1070/1384 1097/1069/1383 1567/1539/1850
f 1568/1540/1851 1569/1541/1852 1107/1078/1392
f 1569/1541/1852 1111/1083/1397 1107/1078/1392
f 1568/1540/1851 1107/1078/1392 1570/1542/1853
f 1107/1078/1392 1105/1077/1391 1570/1542/1853
f 1571/1543/1854 1572/1544/1855 1115/1086/1400
f 1572/1544/1855 1119/1091/1405 1115/1086/1400
f 1571/1543/1854 1115/1086/1400 1573/1545/1856
f 1115/1086/1400 1113/1085/1399 1573/1545/1856
f 1574/1546/1857 1575/1547/1858 1123/1094/1408
f 1575/1547/1858 1127/1099/1413 1123/1094/1408
f 1574/1546/1857 1123/1094/1408 1576/1548/1859
f 1123/1094/1408 1121/1093/1407 1576/1548/1859
f 1577/1549/1860 1578/1550/1861 1131/1102/1416
f 1578/1550/1861 1135/1107/1421 1131/1102/1416
f 1577/1549/1860 1131/1102/1416 1579/1551/1862
f 1131/1102/1416 1129/1101/1415 1579/1551/1862
f 1580/1552/1863 1581/1553/1864 1139/1110/1424
f 1581/1553/1864 1143/1115/1429 1139/1110/1424
f 1580/1552/1863 1139/1110/1424 1582/1554/1865
f 1139/1110/1424 1137/1109/1423 1582/1554/1865
f 1583/1555/1866 1584/1556/1867 1147/1118/1432
f 1584/1556/1867 1151/1123/1437 1147/1118/1432
f 1583/1555/1866 1147/1118/1432 1585/1557/1868
f 1147/1118/1432 1145/1117/1431 1585/1557/1868
f 1586/1558/1869 1587/1559/1870 1155/1126/1440
f 1587/1559/1870 1159/1131/1445 1155/1126/1440
f 1586/1558/1869 1155/1126/1440 1588/1560/1871
f 1155/1126/1440 1153/1125/1439 1588/1560/1871
f 1589/1561/1872 1590/1562/1873 1163/1134/1448
f 1590/1562/1873 1168/1140/1454 1163/1134/1448
f 1589/1561/1872 1163/1134/1448 1591/1563/1874
f 1163/1134/1448 1161/1133/1447 1591/1563/1874
f 1592/1564/1875 1593/1565/1876 1172/1144/1458
f 1593/1565/1876 1176/1148/1462 1172/1144/1458
f 1592/1564/1875 1172/1144/1458 1594/1566/1877
f 1172/1144/1458 1171/1142/1456 1594/1566/1877
f 1595/1567/1878 1596/1568/1879 1180/1152/1466
f 1596/1568/1879 1184/1156/1470 1180/1152/1466
f 1595/1567/1878 1180/1152/1466 1597/1569/1880
f 1180/1152/1466 1179/1150/1464 1597/1569/1880
f 1598/1570/1881 1599/1571/1882 1188/1160/1474
f 1599/1571/1882 1192/1164/1478 1188/1160/1474
f 1598/1570/1881 1188/1160/1474 1600/1572/1883
f 1188/1160/1474 1187/1158/1472 1600/1572/1883
f 1601/1573/1884 1602/1574/1885 1196/1168/1482
f 1602/1574/1885 1200/1172/1486 1196/1168/1482
f 1601/1573/1884 1196/1168/1482 1603/1575/1886
f 1196/1168/1482 1195/1166/1480 1603/1575/1886
f 1604/1576/1887 1605/1577/1888 1204/1176/1490
f 1605/1577/1888 1208/1180/1494 1204/1176/1490
f 1604/1576/1887 1204/1176/1490 1606/1578/1889
f 1204/1176/1490 1203/1174/1488 1606/1578/1889
f 1607/1579/1890 1608/1580/1891 1212/1184/1498
f 1608/1580/1891 1216/1188/1502 1212/1184/1498
f 1607/1579/1890 1212/1184/1498 1609/1581/1892
f 1212/1184/1498 1211/1182/1496 1609/1581/1892
f 1545/1517/1828 1565/1537/1848 1094/1066/1380
f 1565/1537/1848 1089/1061/1375 1094/1066/1380
f 1547/1519/1830 1567/1539/1850 1102/1074/1388
f 1567/1539/1850 1097/1069/1383 1102/1074/1388
f 1549/1521/1832 1570/1542/1853 1110/1082/1396
f 1570/1542/1853 1105/1077/1391 1110/1082/1396
f 1610/1582/1893 1573/1545/1856 1118/1090/1404
f 1573/1545/1856 1113/1085/1399 1118/1090/1404
f 1610/1582/1893 1118/1090/1404 1569/1541/1852
f 1118/1090/1404 1111/1083/1397 1569/1541/1852
f 1611/1583/1894 1576/1548/1859 1126/1098/1412
f 1576/1548/1859 1121/1093/1407 1126/1098/1412
f 1611/1583/1894 1126/1098/1412 1572/1544/1855
f 1126/1098/1412 1119/1091/1405 1572/1544/1855
f 1612/1584/1895 1579/1551/1862 1134/1106/1420
f 1579/1551/1862 1129/1101/1415 1134/1106/1420
f 1612/1584/1895 1134/1106/1420 1575/1547/1858
f 1134/1106/1420 1127/1099/1413 1575/1547/1858
f 1613/1585/1896 1582/1554/1865 1142/1114/1428
f 1582/1554/1865 1137/1109/1423 1142/1114/1428
f 1613/1585/1896 1142/1114/1428 1578/1550/1861
f 1142/1114/1428 1135/1107/1421 1578/1550/1861
f 1614/1586/1897 1585/1557/1868 1150/1122/1436
f 1585/1557/1868 1145/1117/1431 1150/1122/1436
f 1614/1586/1897 1150/1122/1436 1581/1553/1864
f 1150/1122/1436 1143/1115/1429 1581/1553/1864
f 1615/1587/1898 1588/1560/1871 1158/1130/1444
f 1588/1560/1871 1153/1125/1439 1158/1130/1444
f 1615/1587/1898 1158/1130/1444 1616/1588/1899
f 1158/1130/1444 1219/1191/1504 1616/1588/1899
f 1617/1589/1900 1591/1563/1874 1166/1138/1452
f 1591/1563/1874 1161/1133/1447 1166/1138/1452
f 1617/1589/1900 1166/1138/1452 1587/1559/1870
f 1166/1138/1452 1159/1131/1445 1587/1559/1870
f 1618/1590/1901 1594/1566/1877 1173/1145/1459
f 1594/1566/1877 1171/1142/1456 1173/1145/1459
f 1618/1590/1901 1173/1145/1459 1590/1562/1873
f 1173/1145/1459 1168/1140/1454 1590/1562/1873
f 1619/1591/1902 1597/1569/1880 1181/1153/1467
f 1597/1569/1880 1179/1150/1464 1181/1153/1467
f 1619/1591/1902 1181/1153/1467 1593/1565/1876
f 1181/1153/1467 1176/1148/1462 1593/1565/1876
f 1620/1592/1903 1600/1572/1883 1189/1161/1475
f 1600/1572/1883 1187/1158/1472 1189/1161/1475
f 1620/1592/1903 1189/1161/1475 1596/1568/1879
f 1189/1161/1475 1184/1156/1470 1596/1568/1879
f 1621/1593/1904 1603/1575/1886 1197/1169/1483
f 1603/1575/1886 1195/1166/1480 1197/1169/1483
f 1621/1593/1904 1197/1169/1483 1599/1571/1882
f 1197/1169/1483 1192/1164/1478 1599/1571/1882
f 1622/1594/1905 1606/1578/1889 1205/1177/1491
f 1606/1578/1889 1203/1174/1488 1205/1177/1491
f 1622/1594/1905 1205/1177/1491 1602/1574/1885
f 1205/1177/1491 1200/1172/1486 1602/1574/1885
f 1623/1595/1906 1609/1581/1892 1213/1185/1499
f 1609/1581/1892 1211/1182/1496 1213/1185/1499
f 1623/1595/1906 1213/1185/1499 1605/1577/1888
f 1213/1185/1499 1208/1180/1494 1605/1577/1888
f 1624/1596/1907 1556/1528/1839 1062/1034/1348
f 1556/1528/1839 1057/1029/1343 1062/1034/1348
f 1624/1596/1907 1062/1034/1348 1608/1580/1891
f 1062/1034/1348 1216/1188/1502 1608/1580/1891
f 1551/1523/1834 1558/1530/1841 1070/1042/1356
f 1558/1530/1841 1065/1037/1351 1070/1042/1356
f 1553/1525/1836 1561/1533/1844 1078/1050/1364
f 1561/1533/1844 1073/1045/1359 1078/1050/1364
f 1625/1597/1908 1563/1535/1846 1086/1058/1372
f 1563/1535/1846 1081/1053/1367 1086/1058/1372
f 1625/1597/1908 1086/1058/1372 1560/1532/1843
f 1086/1058/1372 1079/1051/1365 1560/1532/1843
f 8388/1230/1909 10063/1223/1910 1416/1388/1701
f 10063/1223/1910 1412/1384/1697 1416/1388/1701
f 10071/1238/1911 10002/1231/1912 1424/1396/1709
f 10002/1231/1912 1419/1391/1704 1424/1396/1709
f 10076/1246/1913 9641/1239/1914 1432/1404/1717
f 9641/1239/1914 1427/1399/1712 1432/1404/1717
f 10058/1206/1915 8553/1199/1916 1391/1362/1675
f 8553/1199/1916 1388/1360/1673 1391/1362/1675
f 10061/1214/1917 9570/1207/1918 1399/1370/1683
f 9570/1207/1918 1396/1368/1681 1399/1370/1683
f 10053/1194/1919 1386/1358/1671 8553/1199/1916
f 1386/1358/1671 1388/1360/1673 8553/1199/1916
f 10053/1194/1919 8465/1193/1920 1386/1358/1671
f 8465/1193/1920 1381/1353/1666 1386/1358/1671
f 9933/1202/1921 1394/1366/1679 9570/1207/1918
f 1394/1366/1679 1396/1368/1681 9570/1207/1918
f 9933/1202/1921 8686/1201/1922 1394/1366/1679
f 8686/1201/1922 1389/1361/1674 1394/1366/1679
f 9261/1210/1923 1402/1374/1687 8511/1215/1924
f 1402/1374/1687 1404/1376/1689 8511/1215/1924
f 9261/1210/1923 10294/1209/1925 1402/1374/1687
f 10294/1209/1925 1397/1369/1682 1402/1374/1687
f 9778/1218/1926 1410/1382/1695 10063/1223/1910
f 1410/1382/1695 1412/1384/1697 10063/1223/1910
f 9778/1218/1926 8305/1217/1927 1410/1382/1695
f 8305/1217/1927 1405/1377/1690 1410/1382/1695
f 10065/1226/1928 1417/1389/1702 10002/1231/1912
f 1417/1389/1702 1419/1391/1704 10002/1231/1912
f 10065/1226/1928 10064/1225/1929 1417/1389/1702
f 10064/1225/1929 1415/1386/1699 1417/1389/1702
f 9061/1234/1930 1425/1397/1710 9641/1239/1914
f 1425/1397/1710 1427/1399/1712 9641/1239/1914
f 9061/1234/1930 10067/1233/1931 1425/1397/1710
f 10067/1233/1931 1423/1394/1707 1425/1397/1710
f 10074/1242/1932 1433/1405/1718 9358/1247/1933
f 1433/1405/1718 1435/1407/1720 9358/1247/1933
f 10074/1242/1932 10073/1241/1934 1433/1405/1718
f 10073/1241/1934 1431/1402/1715 1433/1405/1718
f 9348/1250/1935 1441/1413/1726 9931/1255/1936
f 1441/1413/1726 1443/1415/1728 9931/1255/1936
f 9348/1250/1935 9960/1249/1937 1441/1413/1726
f 9960/1249/1937 1439/1410/1723 1441/1413/1726
f 10082/1258/1938 1449/1421/1734 8498/1263/1939
f 1449/1421/1734 1451/1423/1736 8498/1263/1939
f 10082/1258/1938 10282/1257/1940 1449/1421/1734
f 10282/1257/1940 1447/1418/1731 1449/1421/1734
f 10087/1266/1941 1457/1429/1742 9467/1271/1942
f 1457/1429/1742 1459/1431/1744 9467/1271/1942
f 10087/1266/1941 10086/1265/1943 1457/1429/1742
f 10086/1265/1943 1455/1426/1739 1457/1429/1742
f 9586/1274/1944 1466/1438/1751 10094/1279/1945
f 1466/1438/1751 1468/1440/1753 10094/1279/1945
f 9586/1274/1944 9932/1273/1946 1466/1438/1751
f 9932/1273/1946 1461/1433/1746 1466/1438/1751
f 8753/1282/1947 1474/1446/1759 9806/1287/1948
f 1474/1446/1759 1476/1448/1761 9806/1287/1948
f 8753/1282/1947 10216/1281/1949 1474/1446/1759
f 10216/1281/1949 1469/1441/1754 1474/1446/1759
f 9668/1290/1950 1482/1454/1767 8330/1295/1951
f 1482/1454/1767 1484/1456/1769 8330/1295/1951
f 9668/1290/1950 9673/1289/1952 1482/1454/1767
f 9673/1289/1952 1477/1449/1762 1482/1454/1767
f 8613/1298/1953 1490/1462/1775 8828/1303/1954
f 1490/1462/1775 1492/1464/1777 8828/1303/1954
f 8613/1298/1953 9503/1297/1955 1490/1462/1775
f 9503/1297/1955 1485/1457/1770 1490/1462/1775
f 10109/1308/1956 1498/1470/1783 10110/1312/1957
f 1498/1470/1783 1500/1472/1785 10110/1312/1957
f 10109/1308/1956 10108/1306/1958 1498/1470/1783
f 10108/1306/1958 1493/1465/1778 1498/1470/1783
f 8456/1316/1959 1506/1478/1791 10116/1320/1960
f 1506/1478/1791 1508/1480/1793 10116/1320/1960
f 8456/1316/1959 10114/1314/1961 1506/1478/1791
f 10114/1314/1961 1501/1473/1786 1506/1478/1791
f 10118/1324/1962 1514/1486/1799 9804/1328/1963
f 1514/1486/1799 1516/1488/1801 9804/1328/1963
f 10118/1324/1962 10117/1322/1964 1514/1486/1799
f 10117/1322/1964 1509/1481/1794 1514/1486/1799
f 10126/1332/1965 1522/1494/1807 8387/1336/1966
f 1522/1494/1807 1524/1496/1809 8387/1336/1966
f 10126/1332/1965 10125/1330/1967 1522/1494/1807
f 10125/1330/1967 1517/1489/1802 1522/1494/1807
f 10133/1340/1968 1530/1502/1815 10136/1344/1969
f 1530/1502/1815 1532/1504/1817 10136/1344/1969
f 10133/1340/1968 10132/1338/1970 1530/1502/1815
f 10132/1338/1970 1525/1497/1810 1530/1502/1815
f 9682/1348/1971 1538/1510/1823 9666/1352/1972
f 1538/1510/1823 1540/1512/1825 9666/1352/1972
f 9682/1348/1971 10141/1346/1973 1538/1510/1823
f 10141/1346/1973 1533/1505/1818 1538/1510/1823
f 8388/1230/1909 1416/1388/1701 10064/1225/1929
f 1416/1388/1701 1415/1386/1699 10064/1225/1929
f 10071/1238/1911 1424/1396/1709 10067/1233/1931
f 1424/1396/1709 1423/1394/1707 10067/1233/1931
f 10076/1246/1913 1432/1404/1717 10073/1241/1934
f 1432/1404/1717 1431/1402/1715 10073/1241/1934
f 10079/1254/1974 1440/1412/1725 9960/1249/1937
f 1440/1412/1725 1439/1410/1723 9960/1249/1937
f 10079/1254/1974 9358/1247/1933 1440/1412/1725
f 9358/1247/1933 1435/1407/1720 1440/1412/1725
f 10083/1262/1975 1448/1420/1733 10282/1257/1940
f 1448/1420/1733 1447/1418/1731 10282/1257/1940
f 10083/1262/1975 9931/1255/1936 1448/1420/1733
f 9931/1255/1936 1443/1415/1728 1448/1420/1733
f 8858/1270/1976 1456/1428/1741 10086/1265/1943
f 1456/1428/1741 1455/1426/1739 10086/1265/1943
f 8858/1270/1976 8498/1263/1939 1456/1428/1741
f 8498/1263/1939 1451/1423/1736 1456/1428/1741
f 10093/1278/1977 1463/1434/1747 9932/1273/1946
f 1463/1434/1747 1461/1433/1746 9932/1273/1946
f 10093/1278/1977 9467/1271/1942 1463/1434/1747
f 9467/1271/1942 1459/1431/1744 1463/1434/1747
f 9833/1286/1978 1471/1442/1755 10216/1281/1949
f 1471/1442/1755 1469/1441/1754 10216/1281/1949
f 9833/1286/1978 10094/1279/1945 1471/1442/1755
f 10094/1279/1945 1468/1440/1753 1471/1442/1755
f 10097/1294/1979 1479/1450/1763 9673/1289/1952
f 1479/1450/1763 1477/1449/1762 9673/1289/1952
f 10097/1294/1979 9807/1513/1980 1479/1450/1763
f 9807/1513/1980 1544/1516/1761 1479/1450/1763
f 9369/1302/1981 1487/1458/1771 9503/1297/1955
f 1487/1458/1771 1485/1457/1770 9503/1297/1955
f 9369/1302/1981 8330/1295/1951 1487/1458/1771
f 8330/1295/1951 1484/1456/1769 1487/1458/1771
f 9195/1309/1982 1495/1466/1779 10108/1306/1958
f 1495/1466/1779 1493/1465/1778 10108/1306/1958
f 9195/1309/1982 8828/1303/1954 1495/1466/1779
f 8828/1303/1954 1492/1464/1777 1495/1466/1779
f 8398/1317/1983 1503/1474/1787 10114/1314/1961
f 1503/1474/1787 1501/1473/1786 10114/1314/1961
f 8398/1317/1983 10110/1312/1957 1503/1474/1787
f 10110/1312/1957 1500/1472/1785 1503/1474/1787
f 10120/1325/1984 1511/1482/1795 10117/1322/1964
f 1511/1482/1795 1509/1481/1794 10117/1322/1964
f 10120/1325/1984 10116/1320/1960 1511/1482/1795
f 10116/1320/1960 1508/1480/1793 1511/1482/1795
f 10127/1333/1985 1519/1490/1803 10125/1330/1967
f 1519/1490/1803 1517/1489/1802 10125/1330/1967
f 10127/1333/1985 9804/1328/1963 1519/1490/1803
f 9804/1328/1963 1516/1488/1801 1519/1490/1803
f 9218/1341/1986 1527/1498/1811 10132/1338/1970
f 1527/1498/1811 1525/1497/1810 10132/1338/1970
f 9218/1341/1986 8387/1336/1966 1527/1498/1811
f 8387/1336/1966 1524/1496/1809 1527/1498/1811
f 10142/1349/1987 1535/1506/1819 10141/1346/1973
f 1535/1506/1819 1533/1505/1818 10141/1346/1973
f 10142/1349/1987 10136/1344/1969 1535/1506/1819
f 10136/1344/1969 1532/1504/1817 1535/1506/1819
f 10055/1198/1988 1383/1354/1667 8465/1193/1920
f 1383/1354/1667 1381/1353/1666 8465/1193/1920
f 10055/1198/1988 9666/1352/1972 1383/1354/1667
f 9666/1352/1972 1540/1512/1825 1383/1354/1667
f 10058/1206/1915 1391/1362/1675 8686/1201/1922
f 1391/1362/1675 1389/1361/1674 8686/1201/1922
f 10061/1214/1917 1399/1370/1683 10294/1209/1925
f 1399/1370/1683 1397/1369/1682 10294/1209/1925
f 9809/1222/1989 1407/1378/1691 8305/1217/1927
f 1407/1378/1691 1405/1377/1690 8305/1217/1927
f 9809/1222/1989 8511/1215/1924 1407/1378/1691
f 8511/1215/1924 1404/1376/1689 1407/1378/1691
f 9540/1196/800 8384/873/801 9260/1195/802
f 8384/873/801 9993/871/1990 9260/1195/802
f 9899/1204/804 9782/881/805 8940/1203/806
f 9782/881/805 9940/879/807 8940/1203/806
f 9956/1212/808 9998/889/809 9944/1211/810
f 9998/889/809 9997/887/811 9944/1211/810
f 8662/1220/812 10000/897/813 8558/1219/814
f 10000/897/813 8708/895/815 8558/1219/814
f 8371/1228/1991 10003/906/1992 9861/1227/818
f 10003/906/1992 10298/901/819 9861/1227/818
f 10069/1236/820 9631/914/821 10068/1235/822
f 9631/914/821 10005/909/823 10068/1235/822
f 10075/1244/1993 10008/922/825 9820/1243/826
f 10008/922/825 9690/917/827 9820/1243/826
f 9836/1252/828 9557/930/829 10077/1251/830
f 9557/930/829 10263/925/1994 10077/1251/830
f 9880/1260/832 10012/938/833 10081/1259/1995
f 10012/938/833 10011/933/835 10081/1259/1995
f 10089/1268/1996 10015/946/837 9669/1267/838
f 10015/946/837 10013/941/1997 9669/1267/838
f 10092/1276/1998 8774/953/1999 8574/1275/842
f 8774/953/1999 8727/951/2000 8574/1275/842
f 8817/1284/844 10025/961/845 9689/1283/846
f 10025/961/845 9037/959/847 9689/1283/846
f 10096/1292/2001 9869/969/849 9187/1291/850
f 9869/969/849 9360/967/851 9187/1291/850
f 10103/1300/852 10281/977/2002 10102/1299/854
f 10281/977/2002 9518/975/2003 10102/1299/854
f 10107/1307/856 10027/985/857 10104/1305/858
f 10027/985/857 8722/983/859 10104/1305/858
f 10113/1315/860 9612/993/2004 8871/1313/862
f 9612/993/2004 10276/991/2005 8871/1313/862
f 9667/1323/2006 9350/1001/2007 8751/1321/866
f 9350/1001/2007 10032/999/867 8751/1321/866
f 10124/1331/2008 9637/1009/869 10121/1329/870
f 9637/1009/869 8392/1007/871 10121/1329/870
f 10273/1339/2009 9050/1017/2010 10131/1337/874
f 9050/1017/2010 9409/1015/875 10131/1337/874
f 10140/1347/2011 10038/1025/2012 10137/1345/878
f 10038/1025/2012 9228/1023/879 10137/1345/878
f 9517/1229/880 10001/903/2013 9706/1224/882
f 10001/903/2013 8795/899/883 9706/1224/882
f 10070/1237/884 8672/911/885 10066/1232/886
f 8672/911/885 10004/908/2014 10066/1232/886
f 9963/1245/888 10007/919/2015 10072/1240/890
f 10007/919/2015 9784/916/2016 10072/1240/890
f 10078/1253/892 10009/927/893 10234/1248/894
f 10009/927/893 9566/924/2017 10234/1248/894
f 9159/1261/896 9239/935/897 10080/1256/898
f 9239/935/897 9525/932/899 10080/1256/898
f 10090/1269/900 8370/943/901 8328/1264/2018
f 8370/943/901 10243/940/903 8328/1264/2018
f 9611/1277/904 10023/952/2019 10091/1272/906
f 10023/952/2019 10016/948/2020 10091/1272/906
f 10095/1285/2021 9832/960/909 10303/1280/910
f 9832/960/909 10024/955/911 10303/1280/910
f 8740/1293/912 8991/968/913 10240/1514/2022
f 8991/968/913 9021/1189/915 10240/1514/2022
f 8945/1301/916 9840/976/917 10098/1296/918
f 9840/976/917 8524/971/2023 10098/1296/918
f 9017/1310/920 9513/984/2024 9823/1304/922
f 9513/984/2024 9746/979/923 9823/1304/922
f 10115/1318/924 10029/992/925 9605/1311/926
f 10029/992/925 10028/987/927 9605/1311/926
f 9981/1326/2025 9919/1000/929 9917/1319/2026
f 9919/1000/929 9892/995/2027 9917/1319/2026
f 10128/1334/932 9647/1008/2028 8884/1327/934
f 9647/1008/2028 10034/1003/935 8884/1327/934
f 10134/1342/2029 10037/1016/2030 10130/1335/2031
f 10037/1016/2030 10036/1011/939 10130/1335/2031
f 8555/1350/940 9966/1024/2032 10135/1343/942
f 9966/1024/2032 9712/1019/943 10135/1343/942
f 9946/1197/944 9994/872/945 10143/1351/946
f 9994/872/945 8441/1027/947 10143/1351/946
f 10057/1205/948 9134/880/949 10056/1200/950
f 9134/880/949 9995/875/951 10056/1200/950
f 10060/1213/952 8955/888/2033 10059/1208/954
f 8955/888/2033 9996/883/955 10059/1208/954
f 9957/1221/956 9999/896/957 10062/1216/958
f 9999/896/957 8531/891/959 10062/1216/958
f 10056/1200/950 9995/875/951 9540/1196/800
f 9995/875/951 8384/873/801 9540/1196/800
f 10059/1208/954 9996/883/955 9899/1204/804
f 9996/883/955 9782/881/805 9899/1204/804
f 10062/1216/958 8531/891/959 9956/1212/808
f 8531/891/959 9998/889/809 9956/1212/808
f 9706/1224/882 8795/899/883 8662/1220/812
f 8795/899/883 10000/897/813 8662/1220/812
f 10066/1232/886 10004/908/2014 8371/1228/1991
f 10004/908/2014 10003/906/1992 8371/1228/1991
f 10072/1240/890 9784/916/2016 10069/1236/820
f 9784/916/2016 9631/914/821 10069/1236/820
f 10234/1248/894 9566/924/2017 10075/1244/1993
f 9566/924/2017 10008/922/825 10075/1244/1993
f 10080/1256/898 9525/932/899 9836/1252/828
f 9525/932/899 9557/930/829 9836/1252/828
f 8328/1264/2018 10243/940/903 9880/1260/832
f 10243/940/903 10012/938/833 9880/1260/832
f 10091/1272/906 10016/948/2020 10089/1268/1996
f 10016/948/2020 10015/946/837 10089/1268/1996
f 10303/1280/910 10024/955/911 10092/1276/1998
f 10024/955/911 8774/953/1999 10092/1276/1998
f 10239/1288/914 9020/963/915 8817/1284/844
f 9020/963/915 10025/961/845 8817/1284/844
f 10098/1296/918 8524/971/2023 10096/1292/2001
f 8524/971/2023 9869/969/849 10096/1292/2001
f 9823/1304/922 9746/979/923 10103/1300/852
f 9746/979/923 10281/977/2002 10103/1300/852
f 9605/1311/926 10028/987/927 10107/1307/856
f 10028/987/927 10027/985/857 10107/1307/856
f 9917/1319/2026 9892/995/2027 10113/1315/860
f 9892/995/2027 9612/993/2004 10113/1315/860
f 8884/1327/934 10034/1003/935 9667/1323/2006
f 10034/1003/935 9350/1001/2007 9667/1323/2006
f 10130/1335/2031 10036/1011/939 10124/1331/2008
f 10036/1011/939 9637/1009/869 10124/1331/2008
f 10135/1343/942 9712/1019/943 10273/1339/2009
f 9712/1019/943 9050/1017/2010 10273/1339/2009
f 10143/1351/946 8441/1027/947 10140/1347/2011
f 8441/1027/947 10038/1025/2012 10140/1347/2011
f 9861/1227/818 10298/901/819 9517/1229/880
f 10298/901/819 10001/903/2013 9517/1229/880
f 10068/1235/822 10005/909/823 10070/1237/884
f 10005/909/823 8672/911/885 10070/1237/884
f 9820/1243/826 9690/917/827 9963/1245/888
f 9690/917/827 10007/919/2015 9963/1245/888
f 10077/1251/830 10263/925/1994 10078/1253/892
f 10263/925/1994 10009/927/893 10078/1253/892
f 10081/1259/1995 10011/933/835 9159/1261/896
f 10011/933/835 9239/935/897 9159/1261/896
f 9669/1267/838 10013/941/1997 10090/1269/900
f 10013/941/1997 8370/943/901 10090/1269/900
f 8574/1275/842 8727/951/2000 9611/1277/904
f 8727/951/2000 10023/952/2019 9611/1277/904
f 9689/1283/846 9037/959/847 10095/1285/2021
f 9037/959/847 9832/960/909 10095/1285/2021
f 9187/1291/850 9360/967/851 8740/1293/912
f 9360/967/851 8991/968/913 8740/1293/912
f 10102/1299/854 9518/975/2003 8945/1301/916
f 9518/975/2003 9840/976/917 8945/1301/916
f 10104/1305/858 8722/983/859 9017/1310/920
f 8722/983/859 9513/984/2024 9017/1310/920
f 8871/1313/862 10276/991/2005 10115/1318/924
f 10276/991/2005 10029/992/925 10115/1318/924
f 8751/1321/866 10032/999/867 9981/1326/2025
f 10032/999/867 9919/1000/929 9981/1326/2025
f 10121/1329/870 8392/1007/871 10128/1334/932
f 8392/1007/871 9647/1008/2028 10128/1334/932
f 10131/1337/874 9409/1015/875 10134/1342/2029
f 9409/1015/875 10037/1016/2030 10134/1342/2029
f 10137/1345/878 9228/1023/879 8555/1350/940
f 9228/1023/879 9966/1024/2032 8555/1350/940
f 9260/1195/802 9993/871/1990 9946/1197/944
f 9993/871/1990 9994/872/945 9946/1197/944
f 8940/1203/806 9940/879/807 10057/1205/948
f 9940/879/807 9134/880/949 10057/1205/948
f 9944/1211/810 9997/887/811 10060/1213/952
f 9997/887/811 8955/888/2033 10060/1213/952
f 8558/1219/814 8708/895/815 9957/1221/956
f 8708/895/815 9999/896/957 9957/1221/956
f 1060/1032/1346 1385/1357/1670 1058/1031/1345
f 1385/1357/1670 1382/1355/1668 1058/1031/1345
f 1058/1031/1345 1382/1355/1668 1061/1033/1347
f 1382/1355/1668 1384/1356/1669 1061/1033/1347
f 1061/1033/1347 1384/1356/1669 1215/1187/1501
f 1384/1356/1669 1539/1511/1824 1215/1187/1501
f 1215/1187/1501 1539/1511/1824 1210/1183/1497
f 1539/1511/1824 1537/1509/1822 1210/1183/1497
f 1210/1183/1497 1537/1509/1822 1209/1181/1495
f 1537/1509/1822 1534/1507/1820 1209/1181/1495
f 1209/1181/1495 1534/1507/1820 1214/1186/1500
f 1534/1507/1820 1536/1508/1821 1214/1186/1500
f 1214/1186/1500 1536/1508/1821 1207/1179/1493
f 1536/1508/1821 1531/1503/1816 1207/1179/1493
f 1207/1179/1493 1531/1503/1816 1202/1175/1489
f 1531/1503/1816 1529/1501/1814 1202/1175/1489
f 1202/1175/1489 1529/1501/1814 1201/1173/1487
f 1529/1501/1814 1526/1499/1812 1201/1173/1487
f 1201/1173/1487 1526/1499/1812 1206/1178/1492
f 1526/1499/1812 1528/1500/1813 1206/1178/1492
f 1206/1178/1492 1528/1500/1813 1199/1171/1485
f 1528/1500/1813 1523/1495/1808 1199/1171/1485
f 1199/1171/1485 1523/1495/1808 1194/1167/1481
f 1523/1495/1808 1521/1493/1806 1194/1167/1481
f 1194/1167/1481 1521/1493/1806 1193/1165/1479
f 1521/1493/1806 1518/1491/1804 1193/1165/1479
f 1193/1165/1479 1518/1491/1804 1198/1170/1484
f 1518/1491/1804 1520/1492/1805 1198/1170/1484
f 1198/1170/1484 1520/1492/1805 1191/1163/1477
f 1520/1492/1805 1515/1487/1800 1191/1163/1477
f 1191/1163/1477 1515/1487/1800 1186/1159/1473
f 1515/1487/1800 1513/1485/1798 1186/1159/1473
f 1186/1159/1473 1513/1485/1798 1185/1157/1471
f 1513/1485/1798 1510/1483/1796 1185/1157/1471
f 1185/1157/1471 1510/1483/1796 1190/1162/1476
f 1510/1483/1796 1512/1484/1797 1190/1162/1476
f 1190/1162/1476 1512/1484/1797 1183/1155/1469
f 1512/1484/1797 1507/1479/1792 1183/1155/1469
f 1183/1155/1469 1507/1479/1792 1178/1151/1465
f 1507/1479/1792 1505/1477/1790 1178/1151/1465
f 1178/1151/1465 1505/1477/1790 1177/1149/1463
f 1505/1477/1790 1502/1475/1788 1177/1149/1463
f 1177/1149/1463 1502/1475/1788 1182/1154/1468
f 1502/1475/1788 1504/1476/1789 1182/1154/1468
f 1182/1154/1468 1504/1476/1789 1175/1147/1461
f 1504/1476/1789 1499/1471/1784 1175/1147/1461
f 1175/1147/1461 1499/1471/1784 1170/1143/1457
f 1499/1471/1784 1497/1469/1782 1170/1143/1457
f 1170/1143/1457 1497/1469/1782 1169/1141/1455
f 1497/1469/1782 1494/1467/1780 1169/1141/1455
f 1169/1141/1455 1494/1467/1780 1174/1146/1460
f 1494/1467/1780 1496/1468/1781 1174/1146/1460
f 1174/1146/1460 1496/1468/1781 1167/1139/1453
f 1496/1468/1781 1491/1463/1776 1167/1139/1453
f 1167/1139/1453 1491/1463/1776 1164/1136/1450
f 1491/1463/1776 1489/1461/1774 1164/1136/1450
f 1164/1136/1450 1489/1461/1774 1162/1135/1449
f 1489/1461/1774 1486/1459/1772 1162/1135/1449
f 1162/1135/1449 1486/1459/1772 1165/1137/1451
f 1486/1459/1772 1488/1460/1773 1165/1137/1451
f 1165/1137/1451 1488/1460/1773 1160/1132/1446
f 1488/1460/1773 1483/1455/1768 1160/1132/1446
f 1160/1132/1446 1483/1455/1768 1156/1128/1442
f 1483/1455/1768 1481/1453/1766 1156/1128/1442
f 1156/1128/1442 1481/1453/1766 1154/1127/1441
f 1481/1453/1766 1478/1451/1764 1154/1127/1441
f 1154/1127/1441 1478/1451/1764 1157/1129/1443
f 1478/1451/1764 1480/1452/1765 1157/1129/1443
f 1157/1129/1443 1480/1452/1765 1220/1192/1505
f 1480/1452/1765 1543/1515/1827 1220/1192/1505
f 1152/1124/1438 1475/1447/1760 1148/1120/1434
f 1475/1447/1760 1473/1445/1758 1148/1120/1434
f 1148/1120/1434 1473/1445/1758 1146/1119/1433
f 1473/1445/1758 1470/1443/1756 1146/1119/1433
f 1146/1119/1433 1470/1443/1756 1149/1121/1435
f 1470/1443/1756 1472/1444/1757 1149/1121/1435
f 1149/1121/1435 1472/1444/1757 1144/1116/1430
f 1472/1444/1757 1467/1439/1752 1144/1116/1430
f 1144/1116/1430 1467/1439/1752 1140/1112/1426
f 1467/1439/1752 1465/1437/1750 1140/1112/1426
f 1140/1112/1426 1465/1437/1750 1138/1111/1425
f 1465/1437/1750 1462/1435/1748 1138/1111/1425
f 1138/1111/1425 1462/1435/1748 1141/1113/1427
f 1462/1435/1748 1464/1436/1749 1141/1113/1427
f 1141/1113/1427 1464/1436/1749 1136/1108/1422
f 1464/1436/1749 1460/1432/1745 1136/1108/1422
f 1136/1108/1422 1460/1432/1745 1132/1104/1418
f 1460/1432/1745 1458/1430/1743 1132/1104/1418
f 1132/1104/1418 1458/1430/1743 1130/1103/1417
f 1458/1430/1743 1453/1425/1738 1130/1103/1417
f 1130/1103/1417 1453/1425/1738 1133/1105/1419
f 1453/1425/1738 1454/1427/1740 1133/1105/1419
f 1133/1105/1419 1454/1427/1740 1128/1100/1414
f 1454/1427/1740 1452/1424/1737 1128/1100/1414
f 1128/1100/1414 1452/1424/1737 1124/1096/1410
f 1452/1424/1737 1450/1422/1735 1124/1096/1410
f 1124/1096/1410 1450/1422/1735 1122/1095/1409
f 1450/1422/1735 1445/1417/1730 1122/1095/1409
f 1122/1095/1409 1445/1417/1730 1125/1097/1411
f 1445/1417/1730 1446/1419/1732 1125/1097/1411
f 1125/1097/1411 1446/1419/1732 1120/1092/1406
f 1446/1419/1732 1444/1416/1729 1120/1092/1406
f 1120/1092/1406 1444/1416/1729 1116/1088/1402
f 1444/1416/1729 1442/1414/1727 1116/1088/1402
f 1116/1088/1402 1442/1414/1727 1114/1087/1401
f 1442/1414/1727 1437/1409/1722 1114/1087/1401
f 1114/1087/1401 1437/1409/1722 1117/1089/1403
f 1437/1409/1722 1438/1411/1724 1117/1089/1403
f 1117/1089/1403 1438/1411/1724 1112/1084/1398
f 1438/1411/1724 1436/1408/1721 1112/1084/1398
f 1112/1084/1398 1436/1408/1721 1108/1080/1394
f 1436/1408/1721 1434/1406/1719 1108/1080/1394
f 1108/1080/1394 1434/1406/1719 1106/1079/1393
f 1434/1406/1719 1429/1401/1714 1106/1079/1393
f 1106/1079/1393 1429/1401/1714 1109/1081/1395
f 1429/1401/1714 1430/1403/1716 1109/1081/1395
f 1109/1081/1395 1430/1403/1716 1104/1076/1390
f 1430/1403/1716 1428/1400/1713 1104/1076/1390
f 1104/1076/1390 1428/1400/1713 1100/1072/1386
f 1428/1400/1713 1426/1398/1711 1100/1072/1386
f 1100/1072/1386 1426/1398/1711 1098/1071/1385
f 1426/1398/1711 1421/1393/1706 1098/1071/1385
f 1098/1071/1385 1421/1393/1706 1101/1073/1387
f 1421/1393/1706 1422/1395/1708 1101/1073/1387
f 1101/1073/1387 1422/1395/1708 1096/1068/1382
f 1422/1395/1708 1420/1392/1705 1096/1068/1382
f 1096/1068/1382 1420/1392/1705 1092/1064/1378
f 1420/1392/1705 1418/1390/1703 1092/1064/1378
f 1092/1064/1378 1418/1390/1703 1090/1063/1377
f 1418/1390/1703 1413/1385/1698 1090/1063/1377
f 1090/1063/1377 1413/1385/1698 1093/1065/1379
f 1413/1385/1698 1414/1387/1700 1093/1065/1379
f 1093/1065/1379 1414/1387/1700 1088/1060/1374
f 1414/1387/1700 1411/1383/1696 1088/1060/1374
f 1088/1060/1374 1411/1383/1696 1084/1056/1370
f 1411/1383/1696 1409/1381/1694 1084/1056/1370
f 1084/1056/1370 1409/1381/1694 1082/1055/1369
f 1409/1381/1694 1406/1379/1692 1082/1055/1369
f 1082/1055/1369 1406/1379/1692 1085/1057/1371
f 1406/1379/1692 1408/1380/1693 1085/1057/1371
f 1085/1057/1371 1408/1380/1693 1080/1052/1366
f 1408/1380/1693 1403/1375/1688 1080/1052/1366
f 1080/1052/1366 1403/1375/1688 1076/1048/1362
f 1403/1375/1688 1401/1373/1686 1076/1048/1362
f 1076/1048/1362 1401/1373/1686 1074/1047/1361
f 1401/1373/1686 1398/1371/1684 1074/1047/1361
f 1074/1047/1361 1398/1371/1684 1077/1049/1363
f 1398/1371/1684 1400/1372/1685 1077/1049/1363
f 1077/1049/1363 1400/1372/1685 1072/1044/1358
f 1400/1372/1685 1395/1367/1680 1072/1044/1358
f 1072/1044/1358 1395/1367/1680 1068/1040/1354
f 1395/1367/1680 1393/1365/1678 1068/1040/1354
f 1068/1040/1354 1393/1365/1678 1066/1039/1353
f 1393/1365/1678 1390/1363/1676 1066/1039/1353
f 1066/1039/1353 1390/1363/1676 1069/1041/1355
f 1390/1363/1676 1392/1364/1677 1069/1041/1355
f 1069/1041/1355 1392/1364/1677 1064/1036/1350
f 1392/1364/1677 1387/1359/1672 1064/1036/1350
f 1064/1036/1350 1387/1359/1672 1060/1032/1346
f 1387/1359/1672 1385/1357/1670 1060/1032/1346
f 1626/1598/2034 1628/1599/2035 1627/1600/2036
f 1628/1599/2035 1629/1601/2037 1627/1600/2036
f 1627/1600/2036 1629/1601/2037 1630/1602/2038
f 1629/1601/2037 1631/1603/2039 1630/1602/2038
f 1630/1602/2038 1631/1603/2039 1632/1604/2040
f 1631/1603/2039 1633/1605/2041 1632/1604/2040
f 1632/1604/2040 1633/1605/2041 1634/1606/2042
f 1633/1605/2041 1635/1607/2043 1634/1606/2042
f 1634/1606/2042 1635/1607/2043 1636/1608/2044
f 1635/1607/2043 1637/1609/2045 1636/1608/2044
f 1636/1608/2044 1637/1609/2045 1638/1610/2046
f 1637/1609/2045 1639/1611/2047 1638/1610/2046
f 1640/1612/2048 1642/1613/2049 1641/1614/2050
f 1642/1613/2049 1643/1615/2051 1641/1614/2050
f 1641/1614/2050 1643/1615/2051 1644/1616/2052
f 1643/1615/2051 1645/1617/2053 1644/1616/2052
f 1644/1616/2052 1645/1617/2053 1646/1618/2054
f 1645/1617/2053 1647/1619/2055 1646/1618/2054
f 1646/1618/2054 1647/1619/2055 1626/1598/2034
f 1647/1619/2055 1628/1599/2035 1626/1598/2034
f 1648/1620/2056 1650/1621/2056 1649/1622/2056
f 1651/1623/2056 1650/1621/2056 1648/1620/2056
f 1652/1624/2056 1650/1621/2056 1651/1623/2056
f 1653/1625/2056 1650/1621/2056 1652/1624/2056
f 1654/1626/2056 1650/1621/2056 1653/1625/2056
f 1655/1627/2056 1650/1621/2056 1654/1626/2056
f 1656/1628/2056 1650/1621/2056 1655/1627/2056
f 1657/1629/2056 1650/1621/2056 1656/1628/2056
f 1658/1630/2056 1650/1621/2056 1657/1629/2056
f 1649/1622/2056 1650/1621/2056 1658/1630/2056
f 1659/1631/2057 1661/1632/2057 1660/1633/2058
f 1660/1633/2058 1661/1632/2057 1662/1634/2058
f 1662/1634/2058 1661/1632/2057 1663/1635/2057
f 1663/1635/2057 1661/1632/2057 1664/1636/2059
f 1664/1636/2059 1661/1632/2057 1665/1637/2057
f 1665/1637/2057 1661/1632/2057 1666/1638/2060
f 1666/1638/2060 1661/1632/2057 1667/1639/2060
f 1667/1639/2060 1661/1632/2057 1668/1640/2057
f 1668/1640/2057 1661/1632/2057 1669/1641/2057
f 1669/1641/2057 1661/1632/2057 1659/1631/2057
f 1670/1600/2061 1672/1601/2062 1671/1602/2063
f 1672/1601/2062 1673/1603/2064 1671/1602/2063
f 1671/1602/2063 1673/1603/2064 1674/1604/2065
f 1673/1603/2064 1675/1605/2066 1674/1604/2065
f 1674/1604/2065 1675/1605/2066 1676/1606/2067
f 1675/1605/2066 1677/1607/2068 1676/1606/2067
f 1676/1606/2067 1677/1607/2068 1678/1608/2069
f 1677/1607/2068 1679/1609/2070 1678/1608/2069
f 1678/1608/2069 1679/1609/2070 1680/1610/2071
f 1679/1609/2070 1681/1611/2072 1680/1610/2071
f 1682/1612/2073 1684/1613/2074 1683/1614/2075
f 1684/1613/2074 1685/1615/2076 1683/1614/2075
f 1683/1614/2075 1685/1615/2076 1686/1616/2077
f 1685/1615/2076 1687/1617/2078 1686/1616/2077
f 1686/1616/2077 1687/1617/2078 1688/1618/2079
f 1687/1617/2078 1689/1619/2080 1688/1618/2079
f 1688/1618/2079 1689/1619/2080 1690/1598/2081
f 1689/1619/2080 1691/1599/2082 1690/1598/2081
f 1690/1598/2081 1691/1599/2082 1670/1600/2061
f 1691/1599/2082 1672/1601/2062 1670/1600/2061
f 1692/1623/2083 1694/1621/2084 1693/1620/2083
f 1695/1624/2084 1694/1621/2084 1692/1623/2083
f 1696/1625/2084 1694/1621/2084 1695/1624/2084
f 1697/1626/2084 1694/1621/2084 1696/1625/2084
f 1698/1627/2084 1694/1621/2084 1697/1626/2084
f 1699/1628/2084 1694/1621/2084 1698/1627/2084
f 1700/1629/2084 1694/1621/2084 1699/1628/2084
f 1701/1630/2084 1694/1621/2084 1700/1629/2084
f 1702/1622/2084 1694/1621/2084 1701/1630/2084
f 1693/1620/2083 1694/1621/2084 1702/1622/2084
f 1703/1633/2085 1705/1632/2086 1704/1634/2086
f 1704/1634/2086 1705/1632/2086 1706/1635/2086
f 1706/1635/2086 1705/1632/2086 1707/1636/2087
f 1707/1636/2087 1705/1632/2086 1708/1637/2086
f 1708/1637/2086 1705/1632/2086 1709/1638/2087
f 1709/1638/2087 1705/1632/2086 1710/1639/2087
f 1710/1639/2087 1705/1632/2086 1711/1640/2086
f 1711/1640/2086 1705/1632/2086 1712/1641/2086
f 1712/1641/2086 1705/1632/2086 1713/1631/2086
f 1713/1631/2086 1705/1632/2086 1703/1633/2085
f 1714/1598/2088 1716/1599/2089 1715/1600/2090
f 1716/1599/2089 1717/1601/2091 1715/1600/2090
f 1715/1600/2090 1717/1601/2091 1718/1602/2092
f 1717/1601/2091 1719/1603/2093 1718/1602/2092
f 1718/1602/2092 1719/1603/2093 1720/1604/2094
f 1719/1603/2093 1721/1605/2095 1720/1604/2094
f 1720/1604/2094 1721/1605/2095 1722/1606/2096
f 1721/1605/2095 1723/1607/2097 1722/1606/2096
f 1722/1606/2096 1723/1607/2097 1724/1608/2098
f 1723/1607/2097 1725/1609/2099 1724/1608/2098
f 1724/1608/2098 1725/1609/2099 1726/1610/2100
f 1725/1609/2099 1727/1611/2101 1726/1610/2100
f 1728/1612/2102 1730/1613/2103 1729/1614/2104
f 1730/1613/2103 1731/1615/2105 1729/1614/2104
f 1729/1614/2104 1731/1615/2105 1732/1616/2106
f 1731/1615/2105 1733/1617/2107 1732/1616/2106
f 1732/1616/2106 1733/1617/2107 1734/1618/2108
f 1733/1617/2107 1735/1619/2109 1734/1618/2108
f 1734/1618/2108 1735/1619/2109 1714/1598/2088
f 1735/1619/2109 1716/1599/2089 1714/1598/2088
f 1736/1620/2110 1738/1621/2110 1737/1622/2110
f 1739/1623/2110 1738/1621/2110 1736/1620/2110
f 1740/1624/2111 1738/1621/2110 1739/1623/2110
f 1741/1625/2111 1738/1621/2110 1740/1624/2111
f 1742/1626/2111 1738/1621/2110 1741/1625/2111
f 1743/1627/2110 1738/1621/2110 1742/1626/2111
f 1744/1628/2111 1738/1621/2110 1743/1627/2110
f 1745/1629/2111 1738/1621/2110 1744/1628/2111
f 1746/1630/2110 1738/1621/2110 1745/1629/2111
f 1737/1622/2110 1738/1621/2110 1746/1630/2110
f 1747/1631/2112 1749/1632/2112 1748/1633/2112
f 1748/1633/2112 1749/1632/2112 1750/1634/2113
f 1750/1634/2113 1749/1632/2112 1751/1635/2113
f 1751/1635/2113 1749/1632/2112 1752/1636/2113
f 1752/1636/2113 1749/1632/2112 1753/1637/2113
f 1753/1637/2113 1749/1632/2112 1754/1638/2112
f 1754/1638/2112 1749/1632/2112 1755/1639/2113
f 1755/1639/2113 1749/1632/2112 1756/1640/2113
f 1756/1640/2113 1749/1632/2112 1757/1641/2112
f 1757/1641/2112 1749/1632/2112 1747/1631/2112
f 1758/1606/2114 1760/1607/2115 1759/1608/2116
f 1760/1607/2115 1761/1609/2117 1759/1608/2116
f 1759/1608/2116 1761/1609/2117 1762/1610/2118
f 1761/1609/2117 1763/1611/2119 1762/1610/2118
f 1764/1612/2120 1766/1613/2121 1765/1614/2122
f 1766/1613/2121 1767/1615/2123 1765/1614/2122
f 1765/1614/2122 1767/1615/2123 1768/1616/2124
f 1767/1615/2123 1769/1617/2125 1768/1616/2124
f 1768/1616/2124 1769/1617/2125 1770/1618/2126
f 1769/1617/2125 1771/1619/2127 1770/1618/2126
f 1770/1618/2126 1771/1619/2127 1772/1598/2128
f 1771/1619/2127 1773/1599/2129 1772/1598/2128
f 1772/1598/2128 1773/1599/2129 1774/1600/2130
f 1773/1599/2129 1775/1601/2131 1774/1600/2130
f 1774/1600/2130 1775/1601/2131 1776/1602/2132
f 1775/1601/2131 1777/1603/2133 1776/1602/2132
f 1776/1602/2132 1777/1603/2133 1778/1604/2134
f 1777/1603/2133 1779/1605/2135 1778/1604/2134
f 1778/1604/2134 1779/1605/2135 1758/1606/2114
f 1779/1605/2135 1760/1607/2115 1758/1606/2114
f 1780/1626/2136 1782/1621/2136 1781/1625/2136
f 1783/1627/2136 1782/1621/2136 1780/1626/2136
f 1784/1628/2136 1782/1621/2136 1783/1627/2136
f 1785/1629/2136 1782/1621/2136 1784/1628/2136
f 1786/1630/2136 1782/1621/2136 1785/1629/2136
f 1787/1622/2136 1782/1621/2136 1786/1630/2136
f 1788/1620/2136 1782/1621/2136 1787/1622/2136
f 1789/1623/2136 1782/1621/2136 1788/1620/2136
f 1790/1624/2136 1782/1621/2136 1789/1623/2136
f 1781/1625/2136 1782/1621/2136 1790/1624/2136
f 1791/1636/2137 1793/1632/2137 1792/1637/2137
f 1792/1637/2137 1793/1632/2137 1794/1638/2137
f 1794/1638/2137 1793/1632/2137 1795/1639/2137
f 1795/1639/2137 1793/1632/2137 1796/1640/2137
f 1796/1640/2137 1793/1632/2137 1797/1641/2137
f 1797/1641/2137 1793/1632/2137 1798/1631/2137
f 1798/1631/2137 1793/1632/2137 1799/1633/2137
f 1799/1633/2137 1793/1632/2137 1800/1634/2137
f 1800/1634/2137 1793/1632/2137 1801/1635/2137
f 1801/1635/2137 1793/1632/2137 1791/1636/2137
f 1802/1608/2138 1804/1609/2139 1803/1610/2140
f 1804/1609/2139 1805/1611/2141 1803/1610/2140
f 1806/1612/2142 1808/1613/2143 1807/1614/2144
f 1808/1613/2143 1809/1615/2145 1807/1614/2144
f 1807/1614/2144 1809/1615/2145 1810/1616/2146
f 1809/1615/2145 1811/1617/2147 1810/1616/2146
f 1810/1616/2146 1811/1617/2147 1812/1618/2148
f 1811/1617/2147 1813/1619/2149 1812/1618/2148
f 1812/1618/2148 1813/1619/2149 1814/1598/2150
f 1813/1619/2149 1815/1599/2151 1814/1598/2150
f 1814/1598/2150 1815/1599/2151 1816/1600/2152
f 1815/1599/2151 1817/1601/2153 1816/1600/2152
f 1816/1600/2152 1817/1601/2153 1818/1602/2154
f 1817/1601/2153 1819/1603/2155 1818/1602/2154
f 1818/1602/2154 1819/1603/2155 1820/1604/2156
f 1819/1603/2155 1821/1605/2157 1820/1604/2156
f 1820/1604/2156 1821/1605/2157 1822/1606/2158
f 1821/1605/2157 1823/1607/2159 1822/1606/2158
f 1822/1606/2158 1823/1607/2159 1802/1608/2138
f 1823/1607/2159 1804/1609/2139 1802/1608/2138
f 1824/1627/2160 1826/1621/2160 1825/1626/2161
f 1827/1628/2162 1826/1621/2160 1824/1627/2160
f 1828/1629/2160 1826/1621/2160 1827/1628/2162
f 1829/1630/2161 1826/1621/2160 1828/1629/2160
f 1830/1622/2160 1826/1621/2160 1829/1630/2161
f 1831/1620/2162 1826/1621/2160 1830/1622/2160
f 1832/1623/2160 1826/1621/2160 1831/1620/2162
f 1833/1624/2161 1826/1621/2160 1832/1623/2160
f 1834/1625/2161 1826/1621/2160 1833/1624/2161
f 1825/1626/2161 1826/1621/2160 1834/1625/2161
f 1835/1637/2163 1837/1632/2164 1836/1638/2163
f 1836/1638/2163 1837/1632/2164 1838/1639/2164
f 1838/1639/2164 1837/1632/2164 1839/1640/2164
f 1839/1640/2164 1837/1632/2164 1840/1641/2164
f 1840/1641/2164 1837/1632/2164 1841/1631/2164
f 1841/1631/2164 1837/1632/2164 1842/1633/2164
f 1842/1633/2164 1837/1632/2164 1843/1634/2164
f 1843/1634/2164 1837/1632/2164 1844/1635/2164
f 1844/1635/2164 1837/1632/2164 1845/1636/2164
f 1845/1636/2164 1837/1632/2164 1835/1637/2163
f 1846/1614/2165 1848/1615/2166 1847/1616/2167
f 1848/1615/2166 1849/1617/2168 1847/1616/2167
f 1847/1616/2167 1849/1617/2168 1850/1618/2169
f 1849/1617/2168 1851/1619/2170 1850/1618/2169
f 1850/1618/2169 1851/1619/2170 1852/1598/2171
f 1851/1619/2170 1853/1599/2172 1852/1598/2171
f 1852/1598/2171 1853/1599/2172 1854/1600/2173
f 1853/1599/2172 1855/1601/2174 1854/1600/2173
f 1854/1600/2173 1855/1601/2174 1856/1602/2175
f 1855/1601/2174 1857/1603/2176 1856/1602/2175
f 1856/1602/2175 1857/1603/2176 1858/1604/2177
f 1857/1603/2176 1859/1605/2178 1858/1604/2177
f 1858/1604/2177 1859/1605/2178 1860/1606/2179
f 1859/1605/2178 1861/1607/2180 1860/1606/2179
f 1860/1606/2179 1861/1607/2180 1862/1608/2181
f 1861/1607/2180 1863/1609/2182 1862/1608/2181
f 1862/1608/2181 1863/1609/2182 1864/1610/2183
f 1863/1609/2182 1865/1611/2184 1864/1610/2183
f 1866/1612/2185 1867/1613/2186 1846/1614/2165
f 1867/1613/2186 1848/1615/2166 1846/1614/2165
f 1868/1629/2187 1870/1621/2187 1869/1628/2187
f 1871/1630/2187 1870/1621/2187 1868/1629/2187
f 1872/1622/2188 1870/1621/2187 1871/1630/2187
f 1873/1620/2188 1870/1621/2187 1872/1622/2188
f 1874/1623/2188 1870/1621/2187 1873/1620/2188
f 1875/1624/2187 1870/1621/2187 1874/1623/2188
f 1876/1625/2187 1870/1621/2187 1875/1624/2187
f 1877/1626/2188 1870/1621/2187 1876/1625/2187
f 1878/1627/2187 1870/1621/2187 1877/1626/2188
f 1869/1628/2187 1870/1621/2187 1878/1627/2187
f 1879/1639/2189 1881/1632/2189 1880/1640/2189
f 1880/1640/2189 1881/1632/2189 1882/1641/2190
f 1882/1641/2190 1881/1632/2189 1883/1631/2190
f 1883/1631/2190 1881/1632/2189 1884/1633/2190
f 1884/1633/2190 1881/1632/2189 1885/1634/2190
f 1885/1634/2190 1881/1632/2189 1886/1635/2189
f 1886/1635/2189 1881/1632/2189 1887/1636/2189
f 1887/1636/2189 1881/1632/2189 1888/1637/2189
f 1888/1637/2189 1881/1632/2189 1889/1638/2189
f 1889/1638/2189 1881/1632/2189 1879/1639/2189
f 1890/1617/2041 1892/1616/2191 1891/1615/2039
f 1892/1616/2191 1893/1614/2192 1891/1615/2039
f 1891/1615/2039 1893/1614/2192 1894/1613/2193
f 1893/1614/2192 1895/1612/2036 1894/1613/2193
f 1896/1611/2194 1898/1610/2195 1897/1609/2196
f 1898/1610/2195 1899/1608/2197 1897/1609/2196
f 1897/1609/2196 1899/1608/2197 1900/1607/2198
f 1899/1608/2197 1901/1606/2054 1900/1607/2198
f 1900/1607/2198 1901/1606/2054 1902/1605/2199
f 1901/1606/2054 1903/1604/2200 1902/1605/2199
f 1902/1605/2199 1903/1604/2200 1904/1603/2201
f 1903/1604/2200 1905/1602/2202 1904/1603/2201
f 1904/1603/2201 1905/1602/2202 1906/1601/2203
f 1905/1602/2202 1907/1600/2204 1906/1601/2203
f 1906/1601/2203 1907/1600/2204 1908/1599/2205
f 1907/1600/2204 1909/1598/2206 1908/1599/2205
f 1908/1599/2205 1909/1598/2206 1910/1619/2207
f 1909/1598/2206 1911/1618/2208 1910/1619/2207
f 1910/1619/2207 1911/1618/2208 1890/1617/2041
f 1911/1618/2208 1892/1616/2191 1890/1617/2041
f 1912/1639/2057 1914/1632/2057 1913/1640/2057
f 1915/1638/2057 1914/1632/2057 1912/1639/2057
f 1916/1637/2057 1914/1632/2057 1915/1638/2057
f 1917/1636/2057 1914/1632/2057 1916/1637/2057
f 1918/1635/2057 1914/1632/2057 1917/1636/2057
f 1919/1634/2057 1914/1632/2057 1918/1635/2057
f 1920/1633/2057 1914/1632/2057 1919/1634/2057
f 1921/1631/2057 1914/1632/2057 1920/1633/2057
f 1922/1641/2057 1914/1632/2057 1921/1631/2057
f 1913/1640/2057 1914/1632/2057 1922/1641/2057
f 1923/1629/2056 1925/1621/2056 1924/1628/2056
f 1924/1628/2056 1925/1621/2056 1926/1627/2056
f 1926/1627/2056 1925/1621/2056 1927/1626/2056
f 1927/1626/2056 1925/1621/2056 1928/1625/2056
f 1928/1625/2056 1925/1621/2056 1929/1624/2056
f 1929/1624/2056 1925/1621/2056 1930/1623/2056
f 1930/1623/2056 1925/1621/2056 1931/1620/2056
f 1931/1620/2056 1925/1621/2056 1932/1622/2056
f 1932/1622/2056 1925/1621/2056 1933/1630/2056
f 1933/1630/2056 1925/1621/2056 1923/1629/2056
f 1934/1615/2209 1936/1614/2210 1935/1613/2211
f 1936/1614/2210 1937/1612/2212 1935/1613/2211
f 1938/1611/2213 1940/1610/2214 1939/1609/2091
f 1940/1610/2214 1941/1608/2215 1939/1609/2091
f 1939/1609/2091 1941/1608/2215 1942/1607/2089
f 1941/1608/2215 1943/1606/2088 1942/1607/2089
f 1942/1607/2089 1943/1606/2088 1944/1605/2216
f 1943/1606/2088 1945/1604/2217 1944/1605/2216
f 1944/1605/2216 1945/1604/2217 1946/1603/2218
f 1945/1604/2217 1947/1602/2219 1946/1603/2218
f 1946/1603/2218 1947/1602/2219 1948/1601/2220
f 1947/1602/2219 1949/1600/2221 1948/1601/2220
f 1948/1601/2220 1949/1600/2221 1950/1599/2222
f 1949/1600/2221 1951/1598/2102 1950/1599/2222
f 1950/1599/2222 1951/1598/2102 1952/1619/2223
f 1951/1598/2102 1953/1618/2224 1952/1619/2223
f 1952/1619/2223 1953/1618/2224 1954/1617/2225
f 1953/1618/2224 1955/1616/2096 1954/1617/2225
f 1954/1617/2225 1955/1616/2096 1934/1615/2209
f 1955/1616/2096 1936/1614/2210 1934/1615/2209
f 1956/1638/2112 1958/1632/2113 1957/1639/2113
f 1959/1637/2113 1958/1632/2113 1956/1638/2112
f 1960/1636/2113 1958/1632/2113 1959/1637/2113
f 1961/1635/2113 1958/1632/2113 1960/1636/2113
f 1962/1634/2113 1958/1632/2113 1961/1635/2113
f 1963/1633/2113 1958/1632/2113 1962/1634/2113
f 1964/1631/2112 1958/1632/2113 1963/1633/2113
f 1965/1641/2113 1958/1632/2113 1964/1631/2112
f 1966/1640/2113 1958/1632/2113 1965/1641/2113
f 1957/1639/2113 1958/1632/2113 1966/1640/2113
f 1967/1628/2111 1969/1621/2111 1968/1627/2110
f 1968/1627/2110 1969/1621/2111 1970/1626/2111
f 1970/1626/2111 1969/1621/2111 1971/1625/2111
f 1971/1625/2111 1969/1621/2111 1972/1624/2110
f 1972/1624/2110 1969/1621/2111 1973/1623/2111
f 1973/1623/2111 1969/1621/2111 1974/1620/2111
f 1974/1620/2111 1969/1621/2111 1975/1622/2110
f 1975/1622/2110 1969/1621/2111 1976/1630/2111
f 1976/1630/2111 1969/1621/2111 1977/1629/2111
f 1977/1629/2111 1969/1621/2111 1967/1628/2111
f 1978/735/2226 1980/736/2226 1979/737/2226
f 1980/736/2226 1981/738/2226 1979/737/2226
f 1982/739/2227 1984/740/2227 1983/741/2227
f 1984/740/2227 1985/742/2227 1983/741/2227
f 9504/739/2228 8054/735/2228 1986/743/2228
f 8054/735/2228 1987/744/2228 1986/743/2228
f 10202/743/1027 8053/744/1027 1988/745/1027
f 8053/744/1027 1989/746/1027 1988/745/1027
f 1990/747/2229 1991/748/2229 8049/741/2229
f 1991/748/2229 8051/736/2229 8049/741/2229
f 8050/741/1029 8052/736/1029 9505/739/1029
f 8052/736/1029 8055/735/1029 9505/739/1029
f 1992/1642/2230 1994/1643/2231 1993/1644/2232
f 1994/1643/2231 1995/1645/2233 1993/1644/2232
f 1993/1644/2232 1996/1646/2234 1992/1642/2230
f 1996/1646/2234 1997/1647/2235 1992/1642/2230
f 1996/1646/2234 1998/1648/2236 1997/1647/2235
f 1998/1648/2236 1999/1649/2237 1997/1647/2235
f 1998/1648/2236 2000/1650/2238 1999/1649/2237
f 2000/1650/2238 2001/1651/2239 1999/1649/2237
f 2000/1650/2238 2002/1652/2240 2001/1651/2239
f 2002/1652/2240 2003/1653/2241 2001/1651/2239
f 2002/1652/2240 2004/1654/2242 2003/1653/2241
f 2004/1654/2242 2005/1655/2243 2003/1653/2241
f 2004/1654/2242 2006/1656/2244 2005/1655/2243
f 2006/1656/2244 2007/1657/2245 2005/1655/2243
f 2006/1656/2244 2008/1658/2246 2007/1657/2245
f 2008/1658/2246 2009/1659/2247 2007/1657/2245
f 2008/1658/2246 2010/1660/2248 2009/1659/2247
f 2010/1660/2248 2011/1661/2249 2009/1659/2247
f 2010/1660/2248 2012/1662/2250 2011/1661/2249
f 2012/1662/2250 2013/1663/2251 2011/1661/2249
f 2012/1662/2250 2014/1664/2252 2013/1663/2251
f 2014/1664/2252 2015/1665/2253 2013/1663/2251
f 2014/1664/2252 2016/1666/2254 2015/1665/2253
f 2016/1666/2254 2017/1667/2255 2015/1665/2253
f 2016/1666/2254 2018/1668/2256 2017/1667/2255
f 2018/1668/2256 2019/1669/2257 2017/1667/2255
f 2018/1668/2256 2020/1670/2258 2019/1669/2257
f 2020/1670/2258 2021/1671/2259 2019/1669/2257
f 2020/1670/2258 2022/1672/2260 2021/1671/2259
f 2022/1672/2260 2023/1673/2261 2021/1671/2259
f 2022/1672/2260 2024/1674/2262 2023/1673/2261
f 2024/1674/2262 2025/1675/2263 2023/1673/2261
f 2024/1674/2262 2026/1676/2264 2025/1675/2263
f 2026/1676/2264 2027/1677/2265 2025/1675/2263
f 2026/1676/2264 2028/1678/2266 2027/1677/2265
f 2028/1678/2266 2029/1679/2267 2027/1677/2265
f 2028/1678/2266 2030/1680/2268 2029/1679/2267
f 2030/1680/2268 2031/1681/2269 2029/1679/2267
f 2030/1680/2268 1995/1645/2233 2031/1681/2269
f 1995/1645/2233 1994/1643/2231 2031/1681/2269
f 2032/1682/2270 2034/1683/2271 2033/1684/2272
f 2034/1683/2271 2035/1685/2273 2033/1684/2272
f 2033/1684/2272 2036/1686/2274 2032/1682/2270
f 2036/1686/2274 2037/1687/2275 2032/1682/2270
f 2036/1686/2274 2038/1688/2276 2037/1687/2275
f 2038/1688/2276 2039/1689/2277 2037/1687/2275
f 2034/1683/2271 2040/1690/2278 2035/1685/2273
f 2040/1690/2278 2041/1691/2279 2035/1685/2273
f 2040/1690/2278 2042/1692/2280 2041/1691/2279
f 2042/1692/2280 2043/1693/2281 2041/1691/2279
f 2042/1692/2280 2044/1694/2282 2043/1693/2281
f 2044/1694/2282 2045/1695/2283 2043/1693/2281
f 2044/1694/2282 2046/1696/2284 2045/1695/2283
f 2046/1696/2284 2047/1697/2285 2045/1695/2283
f 2046/1696/2284 2048/1698/2286 2047/1697/2285
f 2048/1698/2286 2049/1699/2287 2047/1697/2285
f 2048/1698/2286 2050/1700/2288 2049/1699/2287
f 2050/1700/2288 2051/1701/2289 2049/1699/2287
f 2050/1700/2288 2052/1702/2290 2051/1701/2289
f 2052/1702/2290 2053/1703/2291 2051/1701/2289
f 2052/1702/2290 2054/1704/2292 2053/1703/2291
f 2054/1704/2292 2055/1705/2293 2053/1703/2291
f 2054/1704/2292 2056/1706/2294 2055/1705/2293
f 2056/1706/2294 2057/1707/2295 2055/1705/2293
f 2056/1706/2294 2058/1708/2296 2057/1707/2295
f 2058/1708/2296 2059/1709/2297 2057/1707/2295
f 2058/1708/2296 2060/1710/2298 2059/1709/2297
f 2060/1710/2298 2061/1711/2299 2059/1709/2297
f 2060/1710/2298 2062/1712/2300 2061/1711/2299
f 2062/1712/2300 2063/1713/2301 2061/1711/2299
f 2062/1712/2300 2064/1714/2302 2063/1713/2301
f 2064/1714/2302 2065/1715/2303 2063/1713/2301
f 2064/1714/2302 2066/1716/2304 2065/1715/2303
f 2066/1716/2304 2067/1717/2305 2065/1715/2303
f 2066/1716/2304 2068/1718/2306 2067/1717/2305
f 2068/1718/2306 2069/1719/2307 2067/1717/2305
f 2068/1718/2306 2070/1720/2308 2069/1719/2307
f 2070/1720/2308 2071/1721/2309 2069/1719/2307
f 2070/1720/2308 2039/1689/2277 2071/1721/2309
f 2039/1689/2277 2038/1688/2276 2071/1721/2309
f 1992/1642/2230 1997/1647/2235 2072/1722/1119
f 1997/1647/2235 2073/1723/1121 2072/1722/1119
f 1997/1647/2235 1999/1649/2237 2073/1723/1121
f 1999/1649/2237 2074/1724/2310 2073/1723/1121
f 1999/1649/2237 2001/1651/2239 2074/1724/2310
f 2001/1651/2239 2075/1725/1125 2074/1724/2310
f 2001/1651/2239 2003/1653/2241 2075/1725/1125
f 2003/1653/2241 2076/1726/1127 2075/1725/1125
f 2003/1653/2241 2005/1655/2243 2076/1726/1127
f 2005/1655/2243 2077/1727/1129 2076/1726/1127
f 2005/1655/2243 2007/1657/2245 2077/1727/1129
f 2007/1657/2245 2078/1728/1131 2077/1727/1129
f 2007/1657/2245 2009/1659/2247 2078/1728/1131
f 2009/1659/2247 2079/1729/1133 2078/1728/1131
f 2009/1659/2247 2011/1661/2249 2079/1729/1133
f 2011/1661/2249 2080/1730/1135 2079/1729/1133
f 2011/1661/2249 2013/1663/2251 2080/1730/1135
f 2013/1663/2251 2081/1731/1137 2080/1730/1135
f 2013/1663/2251 2015/1665/2253 2081/1731/1137
f 2015/1665/2253 2082/1732/1139 2081/1731/1137
f 2015/1665/2253 2017/1667/2255 2082/1732/1139
f 2017/1667/2255 2083/1733/1141 2082/1732/1139
f 2017/1667/2255 2019/1669/2257 2083/1733/1141
f 2019/1669/2257 2084/1734/2311 2083/1733/1141
f 2019/1669/2257 2021/1671/2259 2084/1734/2311
f 2021/1671/2259 2085/1735/1145 2084/1734/2311
f 2021/1671/2259 2023/1673/2261 2085/1735/1145
f 2023/1673/2261 2086/1736/2312 2085/1735/1145
f 2023/1673/2261 2025/1675/2263 2086/1736/2312
f 2025/1675/2263 2087/1737/1149 2086/1736/2312
f 2025/1675/2263 2027/1677/2265 2087/1737/1149
f 2027/1677/2265 2088/1738/1151 2087/1737/1149
f 2027/1677/2265 2029/1679/2267 2088/1738/1151
f 2029/1679/2267 2089/1739/1153 2088/1738/1151
f 2029/1679/2267 2031/1681/2269 2089/1739/1153
f 2031/1681/2269 2090/1740/2313 2089/1739/1153
f 2031/1681/2269 1994/1643/2231 2090/1740/2313
f 1994/1643/2231 2091/1741/1118 2090/1740/2313
f 1994/1643/2231 1992/1642/2230 2091/1741/1118
f 1992/1642/2230 2072/1722/1119 2091/1741/1118
f 1993/1644/2232 2036/1686/2274 1996/1646/2234
f 2036/1686/2274 2033/1684/2272 1996/1646/2234
f 1996/1646/2234 2033/1684/2272 1998/1648/2236
f 2033/1684/2272 2035/1685/2273 1998/1648/2236
f 1998/1648/2236 2035/1685/2273 2000/1650/2238
f 2035/1685/2273 2041/1691/2279 2000/1650/2238
f 2000/1650/2238 2041/1691/2279 2002/1652/2240
f 2041/1691/2279 2043/1693/2281 2002/1652/2240
f 2002/1652/2240 2043/1693/2281 2004/1654/2242
f 2043/1693/2281 2045/1695/2283 2004/1654/2242
f 2004/1654/2242 2045/1695/2283 2006/1656/2244
f 2045/1695/2283 2047/1697/2285 2006/1656/2244
f 2006/1656/2244 2047/1697/2285 2008/1658/2246
f 2047/1697/2285 2049/1699/2287 2008/1658/2246
f 2008/1658/2246 2049/1699/2287 2010/1660/2248
f 2049/1699/2287 2051/1701/2289 2010/1660/2248
f 2010/1660/2248 2051/1701/2289 2012/1662/2250
f 2051/1701/2289 2053/1703/2291 2012/1662/2250
f 2012/1662/2250 2053/1703/2291 2014/1664/2252
f 2053/1703/2291 2055/1705/2293 2014/1664/2252
f 2014/1664/2252 2055/1705/2293 2016/1666/2254
f 2055/1705/2293 2057/1707/2295 2016/1666/2254
f 2016/1666/2254 2057/1707/2295 2018/1668/2256
f 2057/1707/2295 2059/1709/2297 2018/1668/2256
f 2018/1668/2256 2059/1709/2297 2020/1670/2258
f 2059/1709/2297 2061/1711/2299 2020/1670/2258
f 2020/1670/2258 2061/1711/2299 2022/1672/2260
f 2061/1711/2299 2063/1713/2301 2022/1672/2260
f 2022/1672/2260 2063/1713/2301 2024/1674/2262
f 2063/1713/2301 2065/1715/2303 2024/1674/2262
f 2024/1674/2262 2065/1715/2303 2026/1676/2264
f 2065/1715/2303 2067/1717/2305 2026/1676/2264
f 2026/1676/2264 2067/1717/2305 2028/1678/2266
f 2067/1717/2305 2069/1719/2307 2028/1678/2266
f 2028/1678/2266 2069/1719/2307 2030/1680/2268
f 2069/1719/2307 2071/1721/2309 2030/1680/2268
f 2030/1680/2268 2071/1721/2309 1995/1645/2233
f 2071/1721/2309 2038/1688/2276 1995/1645/2233
f 1995/1645/2233 2038/1688/2276 1993/1644/2232
f 2038/1688/2276 2036/1686/2274 1993/1644/2232
f 2092/1742/2314 2094/1743/2315 2093/1744/2316
f 2094/1743/2315 2095/1745/2317 2093/1744/2316
f 2093/1744/2316 2096/1746/2318 2092/1742/2314
f 2096/1746/2318 2097/1747/2319 2092/1742/2314
f 2094/1743/2315 2098/1748/2320 2095/1745/2317
f 2098/1748/2320 2099/1749/2321 2095/1745/2317
f 2096/1746/2318 2100/1750/2322 2097/1747/2319
f 2100/1750/2322 2101/1751/2323 2097/1747/2319
f 2100/1750/2322 2102/1752/2324 2101/1751/2323
f 2102/1752/2324 2103/1753/2325 2101/1751/2323
f 2102/1752/2324 2104/1754/2326 2103/1753/2325
f 2104/1754/2326 2105/1755/2327 2103/1753/2325
f 2104/1754/2326 2106/1756/2328 2105/1755/2327
f 2106/1756/2328 2107/1757/2329 2105/1755/2327
f 2106/1756/2328 2108/1758/2330 2107/1757/2329
f 2108/1758/2330 2109/1759/2331 2107/1757/2329
f 2108/1758/2330 2110/1760/2332 2109/1759/2331
f 2110/1760/2332 2111/1761/2333 2109/1759/2331
f 2110/1760/2332 2112/1762/2334 2111/1761/2333
f 2112/1762/2334 2113/1763/2335 2111/1761/2333
f 2112/1762/2334 2114/1764/2336 2113/1763/2335
f 2114/1764/2336 2115/1765/2337 2113/1763/2335
f 2114/1764/2336 2116/1766/2338 2115/1765/2337
f 2116/1766/2338 2117/1767/2339 2115/1765/2337
f 2116/1766/2338 2118/1768/2340 2117/1767/2339
f 2118/1768/2340 2119/1769/2341 2117/1767/2339
f 2118/1768/2340 2120/1770/2342 2119/1769/2341
f 2120/1770/2342 2121/1771/2343 2119/1769/2341
f 2120/1770/2342 2122/1772/2344 2121/1771/2343
f 2122/1772/2344 2123/1773/2345 2121/1771/2343
f 2122/1772/2344 2124/1774/2346 2123/1773/2345
f 2124/1774/2346 2125/1775/2347 2123/1773/2345
f 2124/1774/2346 2126/1776/2348 2125/1775/2347
f 2126/1776/2348 2127/1777/2349 2125/1775/2347
f 2126/1776/2348 2128/1778/2350 2127/1777/2349
f 2128/1778/2350 2129/1779/2351 2127/1777/2349
f 2128/1778/2350 2130/1780/2352 2129/1779/2351
f 2130/1780/2352 2131/1781/2353 2129/1779/2351
f 2130/1780/2352 2099/1749/2321 2131/1781/2353
f 2099/1749/2321 2098/1748/2320 2131/1781/2353
f 2037/1687/2275 2039/1689/2277 2092/1742/2314
f 2039/1689/2277 2094/1743/2315 2092/1742/2314
f 2032/1682/2270 2037/1687/2275 2097/1747/2319
f 2037/1687/2275 2092/1742/2314 2097/1747/2319
f 2034/1683/2271 2032/1682/2270 2101/1751/2323
f 2032/1682/2270 2097/1747/2319 2101/1751/2323
f 2040/1690/2278 2034/1683/2271 2103/1753/2325
f 2034/1683/2271 2101/1751/2323 2103/1753/2325
f 2042/1692/2280 2040/1690/2278 2105/1755/2327
f 2040/1690/2278 2103/1753/2325 2105/1755/2327
f 2044/1694/2282 2042/1692/2280 2107/1757/2329
f 2042/1692/2280 2105/1755/2327 2107/1757/2329
f 2046/1696/2284 2044/1694/2282 2109/1759/2331
f 2044/1694/2282 2107/1757/2329 2109/1759/2331
f 2048/1698/2286 2046/1696/2284 8482/1761/1029
f 2046/1696/2284 2109/1759/2331 8482/1761/1029
f 2050/1700/2288 2048/1698/2286 8038/1763/1029
f 2048/1698/2286 8482/1761/1029 8038/1763/1029
f 2052/1702/2290 2050/1700/2288 8481/1765/1029
f 2050/1700/2288 8038/1763/1029 8481/1765/1029
f 2054/1704/2292 2052/1702/2290 10169/1767/1029
f 2052/1702/2290 8481/1765/1029 10169/1767/1029
f 2056/1706/2294 2054/1704/2292 9851/1769/1029
f 2054/1704/2292 10169/1767/1029 9851/1769/1029
f 2058/1708/2296 2056/1706/2294 8039/1771/1029
f 2056/1706/2294 9851/1769/1029 8039/1771/1029
f 2060/1710/2298 2058/1708/2296 8041/1773/1029
f 2058/1708/2296 8039/1771/1029 8041/1773/1029
f 2062/1712/2300 2060/1710/2298 9765/1775/1029
f 2060/1710/2298 8041/1773/1029 9765/1775/1029
f 2064/1714/2302 2062/1712/2300 8043/1777/1029
f 2062/1712/2300 9765/1775/1029 8043/1777/1029
f 2066/1716/2304 2064/1714/2302 9635/1779/1029
f 2064/1714/2302 8043/1777/1029 9635/1779/1029
f 2068/1718/2306 2066/1716/2304 2131/1781/2353
f 2066/1716/2304 9635/1779/1029 2131/1781/2353
f 2070/1720/2308 2068/1718/2306 2098/1748/2320
f 2068/1718/2306 2131/1781/2353 2098/1748/2320
f 2039/1689/2277 2070/1720/2308 2094/1743/2315
f 2070/1720/2308 2098/1748/2320 2094/1743/2315
f 9593/1745/1170 2132/1782/1137 8044/1744/1138
f 2132/1782/1137 2133/1783/2354 8044/1744/1138
f 8044/1744/1138 2133/1783/2354 2096/1746/2318
f 2133/1783/2354 2134/1784/1141 2096/1746/2318
f 2096/1746/2318 2134/1784/1141 2100/1750/2322
f 2134/1784/1141 2135/1785/2311 2100/1750/2322
f 2100/1750/2322 2135/1785/2311 8042/1752/2355
f 2135/1785/2311 2136/1786/1145 8042/1752/2355
f 8042/1752/2355 2136/1786/1145 8040/1754/1146
f 2136/1786/1145 2137/1787/1147 8040/1754/1146
f 8040/1754/1146 2137/1787/1147 2106/1756/2328
f 2137/1787/1147 2138/1788/2356 2106/1756/2328
f 2106/1756/2328 2138/1788/2356 2108/1758/2330
f 2138/1788/2356 2139/1789/1151 2108/1758/2330
f 2108/1758/2330 2139/1789/1151 2110/1760/2332
f 2139/1789/1151 2140/1790/2357 2110/1760/2332
f 2110/1760/2332 2140/1790/2357 2112/1762/2334
f 2140/1790/2357 2141/1791/2358 2112/1762/2334
f 2112/1762/2334 2141/1791/2358 2114/1764/2336
f 2141/1791/2358 2142/1792/2359 2114/1764/2336
f 2114/1764/2336 2142/1792/2359 2116/1766/2338
f 2142/1792/2359 2143/1793/2360 2116/1766/2338
f 2116/1766/2338 2143/1793/2360 2118/1768/2340
f 2143/1793/2360 2144/1794/1121 2118/1768/2340
f 2118/1768/2340 2144/1794/1121 2120/1770/2342
f 2144/1794/1121 2145/1795/1123 2120/1770/2342
f 2120/1770/2342 2145/1795/1123 2122/1772/2344
f 2145/1795/1123 2146/1796/1125 2122/1772/2344
f 2122/1772/2344 2146/1796/1125 2124/1774/2346
f 2146/1796/1125 2147/1797/1127 2124/1774/2346
f 2124/1774/2346 2147/1797/1127 2126/1776/2348
f 2147/1797/1127 2148/1798/2361 2126/1776/2348
f 2126/1776/2348 2148/1798/2361 2128/1778/2350
f 2148/1798/2361 2149/1799/1131 2128/1778/2350
f 2128/1778/2350 2149/1799/1131 2130/1780/2352
f 2149/1799/1131 2150/1800/1133 2130/1780/2352
f 2130/1780/2352 2150/1800/1133 2099/1749/2321
f 2150/1800/1133 2151/1801/1135 2099/1749/2321
f 2099/1749/2321 2151/1801/1135 9593/1745/1170
f 2151/1801/1135 2132/1782/1137 9593/1745/1170
f 10226/1782/1029 2152/1802/1029 8850/1783/1029
f 2152/1802/1029 2153/1803/1029 8850/1783/1029
f 8850/1783/1029 2153/1803/1029 9155/1784/1029
f 2153/1803/1029 2154/1804/1029 9155/1784/1029
f 9155/1784/1029 2154/1804/1029 9844/1785/1029
f 2154/1804/1029 2155/1805/1029 9844/1785/1029
f 9844/1785/1029 2155/1805/1029 8096/1786/1029
f 2155/1805/1029 2156/1806/1029 8096/1786/1029
f 8096/1786/1029 2156/1806/1029 8241/1787/1029
f 2156/1806/1029 2157/1807/1029 8241/1787/1029
f 8241/1787/1029 2157/1807/1029 10253/1788/1029
f 2157/1807/1029 2158/1808/1029 10253/1788/1029
f 10253/1788/1029 2158/1808/1029 8037/1789/1029
f 2158/1808/1029 2159/1809/1029 8037/1789/1029
f 8037/1789/1029 2159/1809/1029 8035/1790/1029
f 2159/1809/1029 2160/1810/1029 8035/1790/1029
f 8035/1790/1029 2160/1810/1029 9725/1791/1029
f 2160/1810/1029 2161/1811/1029 9725/1791/1029
f 9725/1791/1029 2161/1811/1029 8034/1792/1029
f 2161/1811/1029 2162/1812/1029 8034/1792/1029
f 8034/1792/1029 2162/1812/1029 8036/1793/1029
f 2162/1812/1029 2163/1813/1029 8036/1793/1029
f 8036/1793/1029 2163/1813/1029 10252/1794/1029
f 2163/1813/1029 2164/1814/1029 10252/1794/1029
f 10252/1794/1029 2164/1814/1029 8240/1795/1029
f 2164/1814/1029 2165/1815/1029 8240/1795/1029
f 8240/1795/1029 2165/1815/1029 8095/1796/1029
f 2165/1815/1029 2166/1816/1029 8095/1796/1029
f 8095/1796/1029 2166/1816/1029 9843/1797/1029
f 2166/1816/1029 2167/1817/1029 9843/1797/1029
f 9843/1797/1029 2167/1817/1029 9154/1798/1029
f 2167/1817/1029 2168/1818/1029 9154/1798/1029
f 9154/1798/1029 2168/1818/1029 8849/1799/1029
f 2168/1818/1029 2169/1819/1029 8849/1799/1029
f 8849/1799/1029 2169/1819/1029 10225/1800/1029
f 2169/1819/1029 2170/1820/1029 10225/1800/1029
f 10225/1800/1029 2170/1820/1029 8151/1801/1029
f 2170/1820/1029 2171/1821/1029 8151/1801/1029
f 8151/1801/1029 2171/1821/1029 10226/1782/1029
f 2171/1821/1029 2152/1802/1029 10226/1782/1029
f 2172/1822/2362 2174/1823/2363 2173/1824/2364
f 2174/1823/2363 2175/1825/2365 2173/1824/2364
f 2173/1824/2364 2176/1826/2366 2172/1822/2362
f 2176/1826/2366 2177/1827/2367 2172/1822/2362
f 2174/1823/2363 2178/1828/2368 2175/1825/2365
f 2178/1828/2368 2179/1829/2369 2175/1825/2365
f 2178/1828/2368 2180/1830/2370 2179/1829/2369
f 2180/1830/2370 2181/1831/2371 2179/1829/2369
f 2180/1830/2370 2182/1832/2372 2181/1831/2371
f 2182/1832/2372 2183/1833/2373 2181/1831/2371
f 2182/1832/2372 2184/1834/2374 2183/1833/2373
f 2184/1834/2374 2185/1835/2375 2183/1833/2373
f 2184/1834/2374 2186/1836/2376 2185/1835/2375
f 2186/1836/2376 2187/1837/2377 2185/1835/2375
f 2186/1836/2376 2188/1838/2378 2187/1837/2377
f 2188/1838/2378 2189/1839/2379 2187/1837/2377
f 2188/1838/2378 2190/1840/2380 2189/1839/2379
f 2190/1840/2380 2191/1841/2381 2189/1839/2379
f 2190/1840/2380 2192/1842/2382 2191/1841/2381
f 2192/1842/2382 2193/1843/2383 2191/1841/2381
f 2192/1842/2382 2194/1844/2384 2193/1843/2383
f 2194/1844/2384 2195/1845/2385 2193/1843/2383
f 2194/1844/2384 2196/1846/2386 2195/1845/2385
f 2196/1846/2386 2197/1847/2387 2195/1845/2385
f 2196/1846/2386 2198/1848/2388 2197/1847/2387
f 2198/1848/2388 2199/1849/2389 2197/1847/2387
f 2198/1848/2388 2200/1850/2390 2199/1849/2389
f 2200/1850/2390 2201/1851/2391 2199/1849/2389
f 2200/1850/2390 2202/1852/2392 2201/1851/2391
f 2202/1852/2392 2203/1853/2393 2201/1851/2391
f 2202/1852/2392 2204/1854/2394 2203/1853/2393
f 2204/1854/2394 2205/1855/2395 2203/1853/2393
f 2204/1854/2394 2206/1856/2396 2205/1855/2395
f 2206/1856/2396 2207/1857/2397 2205/1855/2395
f 2206/1856/2396 2208/1858/2398 2207/1857/2397
f 2208/1858/2398 2209/1859/2399 2207/1857/2397
f 2208/1858/2398 2210/1860/2400 2209/1859/2399
f 2210/1860/2400 2211/1861/2401 2209/1859/2399
f 2210/1860/2400 2177/1827/2367 2211/1861/2401
f 2177/1827/2367 2176/1826/2366 2211/1861/2401
f 9770/1822/1029 2212/1862/1029 8033/1823/1029
f 8033/1823/1029 2212/1862/1029 8030/1828/1029
f 8030/1828/1029 2212/1862/1029 9831/1830/1029
f 9831/1830/1029 2212/1862/1029 8028/1832/1029
f 8028/1832/1029 2212/1862/1029 8026/1834/1029
f 8026/1834/1029 2212/1862/1029 9634/1836/1029
f 9634/1836/1029 2212/1862/1029 2188/1838/2378
f 2188/1838/2378 2212/1862/1029 2190/1840/2380
f 2190/1840/2380 2212/1862/1029 2192/1842/2382
f 2192/1842/2382 2212/1862/1029 2194/1844/2384
f 2194/1844/2384 2212/1862/1029 2196/1846/2386
f 2196/1846/2386 2212/1862/1029 9633/1848/1029
f 9633/1848/1029 2212/1862/1029 8025/1850/1029
f 8025/1850/1029 2212/1862/1029 8027/1852/1029
f 8027/1852/1029 2212/1862/1029 8636/1854/1029
f 8636/1854/1029 2212/1862/1029 8029/1856/1029
f 8029/1856/1029 2212/1862/1029 8032/1858/1029
f 8032/1858/1029 2212/1862/1029 9769/1860/1029
f 9769/1860/1029 2212/1862/1029 8031/1827/1029
f 8031/1827/1029 2212/1862/1029 9770/1822/1029
f 2175/1825/2365 2213/1863/2402 2173/1824/2364
f 2213/1863/2402 2214/1864/2403 2173/1824/2364
f 2179/1829/2369 2215/1865/1120 2175/1825/2365
f 2215/1865/1120 2213/1863/2402 2175/1825/2365
f 2181/1831/2371 2216/1866/1166 2179/1829/2369
f 2216/1866/1166 2215/1865/1120 2179/1829/2369
f 2183/1833/2373 2217/1867/2404 2181/1831/2371
f 2217/1867/2404 2216/1866/1166 2181/1831/2371
f 2185/1835/2375 2218/1868/2405 2183/1833/2373
f 2218/1868/2405 2217/1867/2404 2183/1833/2373
f 2187/1837/2377 2219/1869/2406 2185/1835/2375
f 2219/1869/2406 2218/1868/2405 2185/1835/2375
f 9145/1839/1131 2220/1870/2407 2187/1837/2377
f 2220/1870/2407 2219/1869/2406 2187/1837/2377
f 2191/1841/2381 2221/1871/1168 9145/1839/1131
f 2221/1871/1168 2220/1870/2407 9145/1839/1131
f 2193/1843/2383 2222/1872/2408 2191/1841/2381
f 2222/1872/2408 2221/1871/1168 2191/1841/2381
f 2195/1845/2385 2223/1873/2409 2193/1843/2383
f 2223/1873/2409 2222/1872/2408 2193/1843/2383
f 2197/1847/2387 2224/1874/1156 2195/1845/2385
f 2224/1874/1156 2223/1873/2409 2195/1845/2385
f 2199/1849/2389 2225/1875/1140 2197/1847/2387
f 2225/1875/1140 2224/1874/1156 2197/1847/2387
f 2201/1851/2391 2226/1876/1142 2199/1849/2389
f 2226/1876/1142 2225/1875/1140 2199/1849/2389
f 2203/1853/2393 2227/1877/1144 2201/1851/2391
f 2227/1877/1144 2226/1876/1142 2201/1851/2391
f 2205/1855/2395 2228/1878/1159 2203/1853/2393
f 2228/1878/1159 2227/1877/1144 2203/1853/2393
f 2207/1857/2397 2229/1879/2410 2205/1855/2395
f 2229/1879/2410 2228/1878/1159 2205/1855/2395
f 2209/1859/2399 2230/1880/2411 2207/1857/2397
f 2230/1880/2411 2229/1879/2410 2207/1857/2397
f 2211/1861/2401 2231/1881/2412 2209/1859/2399
f 2231/1881/2412 2230/1880/2411 2209/1859/2399
f 2176/1826/2366 2232/1882/1154 2211/1861/2401
f 2232/1882/1154 2231/1881/2412 2211/1861/2401
f 2173/1824/2364 2214/1864/2403 2176/1826/2366
f 2214/1864/2403 2232/1882/1154 2176/1826/2366
f 2233/1883/2413 2235/1884/2413 2234/1885/2413
f 2235/1884/2413 2236/1886/2413 2234/1885/2413
f 2237/1887/2414 2239/1888/2414 2238/1889/2414
f 2239/1888/2414 2240/1890/2414 2238/1889/2414
f 2241/1891/2415 2243/1892/2415 2242/1893/2415
f 2243/1892/2415 2244/1894/2415 2242/1893/2415
f 2245/1895/2416 2247/1896/2416 2246/1897/2416
f 2247/1896/2416 2248/1898/2416 2246/1897/2416
f 2249/1899/2417 2251/1900/2417 2250/1901/2417
f 2251/1900/2417 2252/1902/2417 2250/1901/2417
f 2253/1903/2418 2255/1904/2418 2254/1905/2418
f 2255/1904/2418 2256/1906/2418 2254/1905/2418
f 2257/1907/2419 2259/1908/2419 2258/1909/2419
f 2259/1908/2419 2260/1910/2419 2258/1909/2419
f 2261/1911/2420 2263/1912/2421 2262/1913/2422
f 2263/1912/2421 2264/1914/2422 2262/1913/2422
f 2265/1915/2423 2267/1916/2423 2266/1917/2423
f 2267/1916/2423 2268/1918/2423 2266/1917/2423
f 2269/1919/2424 2271/1920/2424 2270/1921/2424
f 2271/1920/2424 2272/1922/2424 2270/1921/2424
f 2273/1923/2425 2275/1924/2425 2274/1925/2425
f 2275/1924/2425 2276/1926/2425 2274/1925/2425
f 2277/1927/2426 2279/1928/2426 2278/1929/2426
f 2279/1928/2426 2280/1930/2426 2278/1929/2426
f 2281/1931/2427 2283/1932/2428 2282/1933/2429
f 2283/1932/2428 2284/1934/2430 2282/1933/2429
f 2285/1935/2431 2287/1936/2431 2286/1937/2431
f 2287/1936/2431 2288/1938/2431 2286/1937/2431
f 2289/1939/2432 2291/1940/2432 2290/1941/2432
f 2291/1940/2432 2292/1942/2432 2290/1941/2432
f 2293/1943/2433 2295/1944/2433 2294/1945/2433
f 2295/1944/2433 2296/1946/2433 2294/1945/2433
f 2297/1947/2434 2299/1948/2434 2298/1949/2434
f 2299/1948/2434 2300/1950/2434 2298/1949/2434
f 2301/1951/2435 2303/1952/2435 2302/1953/2435
f 2303/1952/2435 2304/1954/2435 2302/1953/2435
f 2305/1955/2436 2307/1956/2436 2306/1957/2436
f 2307/1956/2436 2308/1958/2436 2306/1957/2436
f 2309/1959/2437 2311/1960/2437 2310/1961/2437
f 2311/1960/2437 2312/1962/2437 2310/1961/2437
f 2313/1963/2438 2315/1964/2438 2314/1965/2438
f 2315/1964/2438 2316/1966/2438 2314/1965/2438
f 2317/1967/2439 2319/1968/2439 2318/1969/2439
f 2319/1968/2439 2320/1970/2439 2318/1969/2439
f 2321/1971/2440 2323/1972/2440 2322/1973/2440
f 2323/1972/2440 2324/1974/2440 2322/1973/2440
f 2325/1975/2441 2327/1976/2441 2326/1977/2441
f 2327/1976/2441 2328/1978/2441 2326/1977/2441
f 2329/1979/2442 2331/1980/2442 2330/1981/2442
f 2331/1980/2442 2332/1982/2442 2330/1981/2442
f 2333/1983/2443 2335/1984/2443 2334/1985/2443
f 2335/1984/2443 2336/1986/2443 2334/1985/2443
f 2337/1987/2444 2339/1988/2444 2338/1989/2444
f 2339/1988/2444 2340/1990/2445 2338/1989/2444
f 2341/1991/2446 2343/1992/2446 2342/1993/2446
f 2343/1992/2446 2344/1994/2446 2342/1993/2446
f 2345/1995/2447 2347/1996/2447 2346/1997/2447
f 2347/1996/2447 2348/1998/2447 2346/1997/2447
f 2349/1999/2448 2351/2000/2448 2350/2001/2449
f 2351/2000/2448 2352/2002/2449 2350/2001/2449
f 2353/2003/2450 2355/2004/2450 2354/2005/2450
f 2355/2004/2450 2356/2006/2450 2354/2005/2450
f 2357/2007/2451 2359/2008/2451 2358/2009/2451
f 2359/2008/2451 2360/2010/2451 2358/2009/2451
f 2361/2011/2452 2363/2012/2452 2362/2013/2452
f 2363/2012/2452 2364/2014/2452 2362/2013/2452
f 2365/2015/2453 2367/2016/2453 2366/2017/2453
f 2367/2016/2453 2368/2018/2453 2366/2017/2453
f 2369/2019/2454 2371/2020/2454 2370/2021/2454
f 2371/2020/2454 2372/2022/2454 2370/2021/2454
f 2373/2023/2455 2375/2024/2455 2374/2025/2455
f 2375/2024/2455 2376/2026/2455 2374/2025/2455
f 2377/2027/2456 2379/2028/2456 2378/2029/2456
f 2379/2028/2456 2380/2030/2456 2378/2029/2456
f 2381/2031/2457 2383/2032/2457 2382/2033/2458
f 2383/2032/2457 2384/2034/2459 2382/2033/2458
f 2385/2035/2460 2387/2036/2460 2386/2037/2460
f 2387/2036/2460 2388/2038/2460 2386/2037/2460
f 2389/2039/2461 2391/2040/2461 2390/2041/2461
f 2391/2040/2461 2392/2042/2461 2390/2041/2461
f 2393/2043/2462 2395/2044/2462 2394/2045/2462
f 2395/2044/2462 2396/2046/2462 2394/2045/2462
f 2397/2047/2463 2399/2048/2463 2398/2049/2463
f 2399/2048/2463 2400/2050/2463 2398/2049/2463
f 2401/2051/2464 2403/2052/2464 2402/2053/2464
f 2403/2052/2464 2404/2054/2464 2402/2053/2464
f 2405/2055/2465 2407/2056/2465 2406/2057/2466
f 2407/2056/2465 2408/2058/2467 2406/2057/2466
f 2409/2059/2468 2411/2060/2468 2410/2061/2468
f 2411/2060/2468 2412/2062/2468 2410/2061/2468
f 2413/2063/2469 2415/2064/2469 2414/2065/2469
f 2415/2064/2469 2416/2066/2469 2414/2065/2469
f 2417/2067/2470 2419/2068/2470 2418/2069/2470
f 2419/2068/2470 2420/2070/2470 2418/2069/2470
f 2421/2071/2471 2423/2072/2471 2422/2073/2471
f 2423/2072/2471 2424/2074/2471 2422/2073/2471
f 2425/2075/2472 2427/2076/2472 2426/2077/2472
f 2427/2076/2472 2428/2078/2472 2426/2077/2472
f 2429/2079/2473 2431/2080/2474 2430/2081/2474
f 2431/2080/2474 2432/2082/2474 2430/2081/2474
f 2433/2083/2475 2435/2084/2475 2434/2085/2475
f 2435/2084/2475 2436/2086/2475 2434/2085/2475
f 2437/2087/2476 2439/2088/2476 2438/2089/2476
f 2439/2088/2476 2440/2090/2476 2438/2089/2476
f 2441/2091/2477 2443/2092/2477 2442/2093/2477
f 2443/2092/2477 2444/2094/2477 2442/2093/2477
f 2445/2095/2478 2447/2096/2478 2446/2097/2478
f 2447/2096/2478 2448/2098/2478 2446/2097/2478
f 2449/2099/2479 2451/2100/2479 2450/2101/2479
f 2451/2100/2479 2452/2102/2479 2450/2101/2479
f 2453/2103/2480 2455/2104/2480 2454/2105/2480
f 2455/2104/2480 2456/2106/2480 2454/2105/2480
f 2457/2107/2481 2459/2108/2481 2458/2109/2481
f 2459/2108/2481 2460/2110/2481 2458/2109/2481
f 2461/2111/2482 2463/2112/2482 2462/2113/2482
f 2463/2112/2482 2464/2114/2482 2462/2113/2482
f 2465/2115/2483 2467/2116/2483 2466/2117/2483
f 2467/2116/2483 2468/2118/2483 2466/2117/2483
f 2469/2119/2484 2471/2120/2484 2470/2121/2484
f 2471/2120/2484 2472/2122/2484 2470/2121/2484
f 2473/2123/2485 2475/2124/2485 2474/2125/2486
f 2475/2124/2485 2476/2126/2487 2474/2125/2486
f 2477/2127/2488 2479/2128/2488 2478/2129/2488
f 2479/2128/2488 2480/2130/2488 2478/2129/2488
f 2481/2131/2489 2483/2132/2489 2482/2133/2489
f 2483/2132/2489 2484/2134/2489 2482/2133/2489
f 2485/2135/2490 2487/2136/2490 2486/2137/2490
f 2487/2136/2490 2488/2138/2490 2486/2137/2490
f 2489/2139/2491 2491/2140/2491 2490/2141/2491
f 2491/2140/2491 2492/2142/2491 2490/2141/2491
f 2493/2143/2492 2495/2144/2492 2494/2145/2492
f 2495/2144/2492 2496/2146/2492 2494/2145/2492
f 2497/2147/2493 2499/2148/2493 2498/2149/2493
f 2499/2148/2493 2500/2150/2493 2498/2149/2493
f 2501/2151/2494 2503/2152/2495 2502/2153/2496
f 2503/2152/2495 2504/2154/2496 2502/2153/2496
f 2505/2155/2497 2507/2156/2497 2506/2157/2497
f 2507/2156/2497 2508/2158/2497 2506/2157/2497
f 2509/2159/2498 2511/2160/2498 2510/2161/2498
f 2511/2160/2498 2512/2162/2499 2510/2161/2498
f 2513/2163/2500 2515/2164/2500 2514/2165/2500
f 2515/2164/2500 2516/2166/2500 2514/2165/2500
f 2517/2167/2501 2519/2168/2501 2518/2169/2501
f 2519/2168/2501 2520/2170/2501 2518/2169/2501
f 2521/2171/2502 2523/2172/2502 2522/2173/2502
f 2523/2172/2502 2524/2174/2502 2522/2173/2502
f 2525/2175/2503 2527/2176/2503 2526/2177/2503
f 2527/2176/2503 2528/2178/2503 2526/2177/2503
f 2529/2179/2504 2531/2180/2504 2530/2181/2504
f 2531/2180/2504 2532/2182/2504 2530/2181/2504
f 2533/2183/2505 2535/2184/2505 2534/2185/2505
f 2535/2184/2505 2536/2186/2505 2534/2185/2505
f 2537/2187/2506 2539/2188/2506 2538/2189/2506
f 2539/2188/2506 2540/2190/2506 2538/2189/2506
f 2541/2191/2507 2543/2192/2507 2542/2193/2508
f 2543/2192/2507 2544/2194/2508 2542/2193/2508
f 2545/2195/2509 2547/2196/2509 2546/2197/2509
f 2547/2196/2509 2548/2198/2509 2546/2197/2509
f 2549/2199/2510 2551/2200/2510 2550/2201/2510
f 2551/2200/2510 2552/2202/2510 2550/2201/2510
f 2553/2203/1029 8022/1883/1029 2554/2204/1029
f 8022/1883/1029 8020/1885/1029 2554/2204/1029
f 8170/2204/2511 8021/1885/2511 2555/2205/2511
f 8021/1885/2511 8733/1886/2511 2555/2205/2511
f 2556/2206/1027 2558/2207/1027 2557/2208/1027
f 2558/2207/1027 2559/2209/1027 2557/2208/1027
f 2560/2210/2512 9065/1884/2512 7894/2203/2512
f 9065/1884/2512 8023/1883/2512 7894/2203/2512
f 2554/2204/1029 8017/1887/1029 2561/2211/1029
f 8017/1887/1029 8015/1889/1029 2561/2211/1029
f 8713/2211/2513 8016/1889/2513 2562/2212/2513
f 8016/1889/2513 8726/1890/2513 2562/2212/2513
f 2563/2213/1027 2564/2214/1027 2556/2206/1027
f 2564/2214/1027 2565/2215/1027 2556/2206/1027
f 10050/2205/2514 9906/1888/2514 8171/2204/2514
f 9906/1888/2514 8018/1887/2514 8171/2204/2514
f 2561/2211/1029 8013/1891/1029 2566/2216/1029
f 8013/1891/1029 9100/1893/1029 2566/2216/1029
f 8556/2216/2515 9101/1893/2515 2567/2217/2515
f 9101/1893/2515 8011/1894/2515 2567/2217/2515
f 2568/2218/1027 2569/2219/1027 2563/2213/1027
f 2569/2219/1027 2570/2220/1027 2563/2213/1027
f 7732/2212/2516 8012/1892/2516 8714/2211/2516
f 8012/1892/2516 8014/1891/2516 8714/2211/2516
f 2566/2216/1029 8009/1895/1029 2571/2221/1029
f 8009/1895/1029 10163/1897/1029 2571/2221/1029
f 9062/2221/2517 10164/1897/2517 2572/2222/2517
f 10164/1897/2517 8007/1898/2517 2572/2222/2517
f 2573/2223/1027 2574/2224/1027 2568/2218/1027
f 2574/2224/1027 2575/2225/1027 2568/2218/1027
f 7725/2217/2518 8008/1896/2518 8557/2216/2518
f 8008/1896/2518 8010/1895/2518 8557/2216/2518
f 2571/2221/1029 8005/1899/1029 2576/2226/1029
f 8005/1899/1029 8003/1901/1029 2576/2226/1029
f 9129/2226/2519 8004/1901/2520 2577/2227/2519
f 8004/1901/2520 8002/1902/2520 2577/2227/2519
f 2578/2228/1027 2579/2229/1027 2573/2223/1027
f 2579/2229/1027 2580/2230/1027 2573/2223/1027
f 7720/2222/2521 9879/1900/2521 9063/2221/2521
f 9879/1900/2521 8006/1899/2521 9063/2221/2521
f 2576/2226/1029 8065/1903/1029 2581/2231/1029
f 8065/1903/1029 8000/1905/1029 2581/2231/1029
f 8564/2231/2522 8001/1905/2522 2582/2232/2522
f 8001/1905/2522 9307/1906/2522 2582/2232/2522
f 2583/2233/1027 2584/2234/1027 2578/2228/1027
f 2584/2234/1027 2585/2235/1027 2578/2228/1027
f 7715/2227/2523 7999/1904/2523 9130/2226/2523
f 7999/1904/2523 8066/1903/2523 9130/2226/2523
f 2581/2231/1029 8228/1907/1029 2586/2236/1029
f 8228/1907/1029 7997/1909/1029 2586/2236/1029
f 9751/2236/2524 7998/1909/2524 2587/2237/2524
f 7998/1909/2524 7995/1910/2524 2587/2237/2524
f 2588/2238/1027 2589/2239/1027 2583/2233/1027
f 2589/2239/1027 2590/2240/1027 2583/2233/1027
f 7708/2232/2525 7996/1908/2525 8565/2231/2525
f 7996/1908/2525 8229/1907/2525 8565/2231/2525
f 2586/2236/1029 8106/1911/1029 2591/2241/1029
f 8106/1911/1029 8261/1913/1029 2591/2241/1029
f 7698/2241/2526 8262/1913/2526 2592/2242/2526
f 8262/1913/2526 7993/1914/2526 2592/2242/2526
f 2593/2243/1027 2594/2244/1027 2588/2238/1027
f 2594/2244/1027 2595/2245/1027 2588/2238/1027
f 7705/2237/2527 7994/1912/2528 9752/2236/2527
f 7994/1912/2528 8107/1911/2529 9752/2236/2527
f 2591/2241/1029 8359/1915/1029 2596/2246/1029
f 8359/1915/1029 8655/1917/1029 2596/2246/1029
f 7692/2246/2530 8656/1917/2530 2597/2247/2530
f 8656/1917/2530 8546/1918/2530 2597/2247/2530
f 2598/2248/1027 2599/2249/1027 2593/2243/1027
f 2599/2249/1027 2600/2250/1027 2593/2243/1027
f 8220/2242/2531 7992/1916/2531 7699/2241/2531
f 7992/1916/2531 8360/1915/2531 7699/2241/2531
f 2596/2246/1029 8121/1919/1029 2601/2251/1029
f 8121/1919/1029 8201/1921/1029 2601/2251/1029
f 7683/2251/2532 8202/1921/2532 2602/2252/2532
f 8202/1921/2532 8178/1922/2532 2602/2252/2532
f 2603/2253/1027 2604/2254/1027 2598/2248/1027
f 2604/2254/1027 2605/2255/1027 2598/2248/1027
f 7691/2247/2533 7991/1920/2533 7693/2246/2533
f 7991/1920/2533 8122/1919/2533 7693/2246/2533
f 2601/2251/1029 7989/1923/1029 2606/2256/1029
f 7989/1923/1029 8134/1925/1029 2606/2256/1029
f 7672/2256/2534 8135/1925/2535 2607/2257/2534
f 8135/1925/2535 9273/1926/2534 2607/2257/2534
f 2608/2258/1027 2609/2259/1027 2603/2253/1027
f 2609/2259/1027 2610/2260/1027 2603/2253/1027
f 7680/2252/2536 7988/1924/2536 7684/2251/2536
f 7988/1924/2536 7990/1923/2536 7684/2251/2536
f 2606/2256/1029 8221/1927/1029 2611/2261/1029
f 8221/1927/1029 8252/1929/1029 2611/2261/1029
f 7665/2261/2537 8253/1929/2537 2612/2262/2537
f 8253/1929/2537 8443/1930/2537 2612/2262/2537
f 2613/2263/1027 2614/2264/1027 2608/2258/1027
f 2614/2264/1027 2615/2265/1027 2608/2258/1027
f 7671/2257/2538 7987/1928/2538 7673/2256/2538
f 7987/1928/2538 8222/1927/2538 7673/2256/2538
f 2611/2261/1029 7985/1931/1029 2616/2266/1029
f 7985/1931/1029 8145/1933/1029 2616/2266/1029
f 8212/2266/2539 8146/1933/2540 2617/2267/2539
f 8146/1933/2540 8509/1934/2541 2617/2267/2539
f 2618/2268/1027 2619/2269/1027 2613/2263/1027
f 2619/2269/1027 2620/2270/1027 2613/2263/1027
f 10208/2262/2542 7984/1932/2542 7666/2261/2542
f 7984/1932/2542 7986/1931/2542 7666/2261/2542
f 2616/2266/1029 7982/1935/1029 2621/2271/1029
f 7982/1935/1029 7980/1937/1029 2621/2271/1029
f 7659/2271/2543 7981/1937/2543 2622/2272/2543
f 7981/1937/2543 7979/1938/2543 2622/2272/2543
f 2623/2273/1027 2624/2274/1027 2618/2268/1027
f 2624/2274/1027 2625/2275/1027 2618/2268/1027
f 9854/2267/2544 9365/1936/2544 8213/2266/2544
f 9365/1936/2544 7983/1935/2544 8213/2266/2544
f 2621/2271/1029 7977/1939/1029 2626/2276/1029
f 7977/1939/1029 9693/1941/1029 2626/2276/1029
f 7653/2276/2545 9694/1941/2545 2627/2277/2545
f 9694/1941/2545 10193/1942/2545 2627/2277/2545
f 2628/2278/1027 2629/2279/1027 2623/2273/1027
f 2629/2279/1027 2630/2280/1027 2623/2273/1027
f 8342/2272/2162 7976/1940/2162 7660/2271/2162
f 7976/1940/2162 7978/1939/2162 7660/2271/2162
f 2626/2276/1029 7974/1943/1029 2631/2281/1029
f 7974/1943/1029 7972/1945/1029 2631/2281/1029
f 9870/2281/2546 7973/1945/2546 2632/2282/2546
f 7973/1945/2546 7970/1946/2546 2632/2282/2546
f 2633/2283/1027 2634/2284/1027 2628/2278/1027
f 2634/2284/1027 2635/2285/1027 2628/2278/1027
f 10251/2277/2547 7971/1944/2547 7654/2276/2547
f 7971/1944/2547 7975/1943/2547 7654/2276/2547
f 2631/2281/1029 8570/1947/1029 2636/2286/1029
f 8570/1947/1029 7968/1949/1029 2636/2286/1029
f 9571/2286/2548 7969/1949/2548 2637/2287/2548
f 7969/1949/2548 7966/1950/2548 2637/2287/2548
f 2638/2288/1027 2639/2289/1027 2633/2283/1027
f 2639/2289/1027 2640/2290/1027 2633/2283/1027
f 7644/2282/2549 7967/1948/2549 9871/2281/2549
f 7967/1948/2549 8571/1947/2549 9871/2281/2549
f 2636/2286/1029 7964/1951/1029 2641/2291/1029
f 7964/1951/1029 8764/1953/1029 2641/2291/1029
f 7629/2291/2550 8765/1953/2550 2642/2292/2550
f 8765/1953/2550 9672/1954/2550 2642/2292/2550
f 2643/2293/1027 2644/2294/1027 2638/2288/1027
f 2644/2294/1027 2645/2295/1027 2638/2288/1027
f 7639/2287/2551 8162/1952/2552 9572/2286/2551
f 8162/1952/2552 7965/1951/2551 9572/2286/2551
f 2641/2291/1029 8953/1955/1029 2646/2296/1029
f 8953/1955/1029 8588/1957/1029 2646/2296/1029
f 7620/2296/2553 8589/1957/2553 2647/2297/2553
f 8589/1957/2553 10150/1958/2553 2647/2297/2553
f 2648/2298/1027 2649/2299/1027 2643/2293/1027
f 2649/2299/1027 2650/2300/1027 2643/2293/1027
f 7628/2292/2554 7963/1956/2554 7630/2291/2554
f 7963/1956/2554 8954/1955/2554 7630/2291/2554
f 2646/2296/1029 7961/1959/1029 2651/2301/1029
f 7961/1959/1029 7958/1961/1029 2651/2301/1029
f 7617/2301/2555 7959/1961/2555 2652/2302/2555
f 7959/1961/2555 7957/1962/2555 2652/2302/2555
f 2653/2303/1027 2654/2304/1027 2648/2298/1027
f 2654/2304/1027 2655/2305/1027 2648/2298/1027
f 7619/2297/2556 9967/1960/2556 7621/2296/2556
f 9967/1960/2556 7962/1959/2556 7621/2296/2556
f 2651/2301/1029 8998/1963/1029 2656/2306/1029
f 8998/1963/1029 9678/1965/1029 2656/2306/1029
f 7610/2306/2557 9679/1965/2557 2657/2307/2557
f 9679/1965/2557 8153/1966/2557 2657/2307/2557
f 2658/2308/1027 2659/2309/1027 2653/2303/1027
f 2659/2309/1027 2660/2310/1027 2653/2303/1027
f 7616/2302/2558 7956/1964/2558 7618/2301/2558
f 7956/1964/2558 8999/1963/2558 7618/2301/2558
f 2656/2306/1029 7954/1967/1029 2661/2311/1029
f 7954/1967/1029 7952/1969/1029 2661/2311/1029
f 7605/2311/2559 7953/1969/2559 2662/2312/2559
f 7953/1969/2559 7949/1970/2559 2662/2312/2559
f 2663/2313/1027 2664/2314/1027 2658/2308/1027
f 2664/2314/1027 2665/2315/1027 2658/2308/1027
f 7609/2307/2560 7951/1968/2560 7611/2306/2560
f 7951/1968/2560 7955/1967/2560 7611/2306/2560
f 2661/2311/1029 7947/1971/1029 2666/2316/1029
f 7947/1971/1029 7945/1973/1029 2666/2316/1029
f 7599/2316/2561 7946/1973/2561 2667/2317/2561
f 7946/1973/2561 9732/1974/2561 2667/2317/2561
f 2668/2318/1027 2669/2319/1027 2663/2313/1027
f 2669/2319/1027 2670/2320/1027 2663/2313/1027
f 8618/2312/2562 7944/1972/2562 7606/2311/2562
f 7944/1972/2562 7948/1971/2562 7606/2311/2562
f 2666/2316/1029 7941/1975/1029 2671/2321/1029
f 7941/1975/1029 8981/1977/1029 2671/2321/1029
f 7592/2321/2563 8982/1977/2563 2672/2322/2563
f 8982/1977/2563 9512/1978/2563 2672/2322/2563
f 2673/2323/1027 2674/2324/1027 2668/2318/1027
f 2674/2324/1027 2675/2325/1027 2668/2318/1027
f 7598/2317/2564 7940/1976/2564 7600/2316/2564
f 7940/1976/2564 7942/1975/2564 7600/2316/2564
f 2671/2321/1029 7938/1979/1029 2676/2326/1029
f 7938/1979/1029 10051/1981/1029 2676/2326/1029
f 7585/2326/2565 10052/1981/2566 2677/2327/2567
f 10052/1981/2566 7936/1982/2566 2677/2327/2567
f 2678/2328/1027 2679/2329/1027 2673/2323/1027
f 2679/2329/1027 2680/2330/1027 2673/2323/1027
f 7591/2322/2568 7937/1980/2568 7593/2321/2568
f 7937/1980/2568 7939/1979/2568 7593/2321/2568
f 2676/2326/1029 7934/1983/1029 2681/2331/1029
f 7934/1983/1029 8356/1985/1029 2681/2331/1029
f 9937/2331/2569 8357/1985/2569 2682/2332/2569
f 8357/1985/2569 7933/1986/2569 2682/2332/2569
f 2683/2333/1027 2684/2334/1027 2678/2328/1027
f 2684/2334/1027 2685/2335/1027 2678/2328/1027
f 7584/2327/2570 8086/1984/2570 7586/2326/2570
f 8086/1984/2570 7935/1983/2570 7586/2326/2570
f 2681/2331/1029 7931/1987/1029 2686/2336/1029
f 7931/1987/1029 7929/1989/1029 2686/2336/1029
f 7575/2336/2571 7930/1989/2571 2687/2337/2571
f 7930/1989/2571 7928/1990/2571 2687/2337/2571
f 2688/2338/1027 2689/2339/1027 2683/2333/1027
f 2689/2339/1027 2690/2340/1027 2683/2333/1027
f 7579/2332/2572 9872/1988/2572 9938/2331/2572
f 9872/1988/2572 7932/1987/2572 9938/2331/2572
f 2686/2336/1029 7925/1991/1029 2691/2341/1029
f 7925/1991/1029 8206/1993/1029 2691/2341/1029
f 9726/2341/2573 8207/1993/2573 2692/2342/2573
f 8207/1993/2573 7923/1994/2573 2692/2342/2573
f 2693/2343/1027 2694/2344/1027 2688/2338/1027
f 2694/2344/1027 2695/2345/1027 2688/2338/1027
f 9264/2337/2574 8707/1992/2574 7576/2336/2574
f 8707/1992/2574 7926/1991/2574 7576/2336/2574
f 2691/2341/1029 8622/1995/1029 2696/2346/1029
f 8622/1995/1029 7921/1997/1029 2696/2346/1029
f 8434/2346/2575 7922/1997/2575 2697/2347/2575
f 7922/1997/2575 7920/1998/2575 2697/2347/2575
f 2698/2348/1027 2699/2349/1027 2693/2343/1027
f 2699/2349/1027 2700/2350/1027 2693/2343/1027
f 7571/2342/2576 8960/1996/2576 9727/2341/2576
f 8960/1996/2576 8623/1995/2576 9727/2341/2576
f 2696/2346/1029 7916/1999/1029 2701/2351/1029
f 7916/1999/1029 8174/2001/1029 2701/2351/1029
f 7564/2351/2577 8175/2001/2578 2702/2352/2579
f 8175/2001/2578 8062/2002/2580 2702/2352/2579
f 2703/2353/1027 2704/2354/1027 2698/2348/1027
f 2704/2354/1027 2705/2355/1027 2698/2348/1027
f 7568/2347/2581 7915/2000/2581 8435/2346/2581
f 7915/2000/2581 7917/1999/2581 8435/2346/2581
f 2701/2351/1029 9141/2003/1029 2706/2356/1029
f 9141/2003/1029 8580/2005/1029 2706/2356/1029
f 7555/2356/2582 8581/2005/2582 2707/2357/2582
f 8581/2005/2582 9632/2006/2582 2707/2357/2582
f 2708/2358/1027 2709/2359/1027 2703/2353/1027
f 2709/2359/1027 2710/2360/1027 2703/2353/1027
f 7563/2352/2583 10246/2004/2583 7565/2351/2583
f 10246/2004/2583 9142/2003/2583 7565/2351/2583
f 2706/2356/1029 7911/2007/1029 2711/2361/1029
f 7911/2007/1029 7909/2009/1029 2711/2361/1029
f 7550/2361/2584 7910/2009/2584 2712/2362/2584
f 7910/2009/2584 7908/2010/2584 2712/2362/2584
f 2713/2363/1027 2714/2364/1027 2708/2358/1027
f 2714/2364/1027 2715/2365/1027 2708/2358/1027
f 7554/2357/2585 8961/2008/2585 7556/2356/2585
f 8961/2008/2585 7912/2007/2585 7556/2356/2585
f 2711/2361/1029 7906/2011/1029 2716/2366/1029
f 7906/2011/1029 7904/2013/1029 2716/2366/1029
f 9654/2366/2586 7905/2013/2586 2717/2367/2586
f 7905/2013/2586 9484/2014/2586 2717/2367/2586
f 2718/2368/1027 2719/2369/1027 2713/2363/1027
f 2719/2369/1027 2720/2370/1027 2713/2363/1027
f 9905/2362/2587 8959/2012/2587 7551/2361/2587
f 8959/2012/2587 7907/2011/2587 7551/2361/2587
f 2716/2366/1029 7902/2015/1029 2721/2371/1029
f 7902/2015/1029 9509/2017/1029 2721/2371/1029
f 7541/2371/2588 9510/2017/2588 2722/2372/2588
f 9510/2017/2588 8510/2018/2588 2722/2372/2588
f 2723/2373/1027 2724/2374/1027 2718/2368/1027
f 2724/2374/1027 2725/2375/1027 2718/2368/1027
f 7547/2367/2589 8431/2016/2590 9655/2366/2589
f 8431/2016/2590 7903/2015/2590 9655/2366/2589
f 2721/2371/1029 7900/2019/1029 2726/2376/1029
f 7900/2019/1029 7898/2021/1029 2726/2376/1029
f 9587/2376/2591 7899/2021/2591 2727/2377/2591
f 7899/2021/2591 7896/2022/2591 2727/2377/2591
f 2728/2378/1027 2729/2379/1027 2723/2373/1027
f 2729/2379/1027 2730/2380/1027 2723/2373/1027
f 7540/2372/2592 7897/2020/2592 7542/2371/2592
f 7897/2020/2592 7901/2019/2592 7542/2371/2592
f 2726/2376/1029 8280/2023/1029 2731/2381/1029
f 8280/2023/1029 7892/2025/1029 2731/2381/1029
f 8139/2381/2593 7893/2025/2593 2732/2382/2593
f 7893/2025/2593 7891/2026/2593 2732/2382/2593
f 2733/2383/1027 2734/2384/1027 2728/2378/1027
f 2734/2384/1027 2735/2385/1027 2728/2378/1027
f 7537/2377/2594 8074/2024/2594 9588/2376/2594
f 8074/2024/2594 8281/2023/2594 9588/2376/2594
f 2731/2381/1029 7889/2027/1029 2736/2386/1029
f 7889/2027/1029 8319/2029/1029 2736/2386/1029
f 7526/2386/2595 8320/2029/2595 2737/2387/2595
f 8320/2029/2595 7888/2030/2595 2737/2387/2595
f 2738/2388/1027 2739/2389/1027 2733/2383/1027
f 2739/2389/1027 2740/2390/1027 2733/2383/1027
f 9366/2382/2596 8802/2028/2596 8140/2381/2596
f 8802/2028/2596 7890/2027/2596 8140/2381/2596
f 2736/2386/1029 7886/2031/1029 2741/2391/1029
f 7886/2031/1029 7884/2033/1029 2741/2391/1029
f 7519/2391/2597 7885/2033/2597 2742/2392/2597
f 7885/2033/2597 7882/2034/2597 2742/2392/2597
f 2743/2393/1027 2744/2394/1027 2738/2388/1027
f 2744/2394/1027 2745/2395/1027 2738/2388/1027
f 7525/2387/2598 7883/2032/2598 7527/2386/2598
f 7883/2032/2598 7887/2031/2598 7527/2386/2598
f 2741/2391/1029 8466/2035/1029 2746/2396/1029
f 8466/2035/1029 7880/2037/1029 2746/2396/1029
f 7510/2396/2599 7881/2037/2599 2747/2397/2599
f 7881/2037/2599 7878/2038/2599 2747/2397/2599
f 2748/2398/1027 2749/2399/1027 2743/2393/1027
f 2749/2399/1027 2750/2400/1027 2743/2393/1027
f 7518/2392/2600 7879/2036/2600 7520/2391/2600
f 7879/2036/2600 8467/2035/2600 7520/2391/2600
f 2746/2396/1029 9701/2039/1029 2751/2401/1029
f 9701/2039/1029 7876/2041/1029 2751/2401/1029
f 8747/2401/2601 7877/2041/2601 2752/2402/2601
f 7877/2041/2601 8248/2042/2601 2752/2402/2601
f 2753/2403/1027 2754/2404/1027 2748/2398/1027
f 2754/2404/1027 2755/2405/1027 2748/2398/1027
f 8141/2397/2602 9921/2040/2602 7511/2396/2602
f 9921/2040/2602 9702/2039/2602 7511/2396/2602
f 2751/2401/1029 8072/2043/1029 2756/2406/1029
f 8072/2043/1029 7874/2045/1029 2756/2406/1029
f 7499/2406/2603 7875/2045/2603 2757/2407/2603
f 7875/2045/2603 7872/2046/2603 2757/2407/2603
f 2758/2408/1027 2759/2409/1027 2753/2403/1027
f 2759/2409/1027 2760/2410/1027 2753/2403/1027
f 7503/2402/2604 7873/2044/2604 8748/2401/2604
f 7873/2044/2604 8073/2043/2604 8748/2401/2604
f 2756/2406/1029 8820/2047/1029 2761/2411/1029
f 8820/2047/1029 7868/2049/1029 2761/2411/1029
f 9025/2411/2605 7869/2049/2605 2762/2412/2605
f 7869/2049/2605 7866/2050/2605 2762/2412/2605
f 2763/2413/1027 2764/2414/1027 2758/2408/1027
f 2764/2414/1027 2765/2415/1027 2758/2408/1027
f 8968/2407/2606 7867/2048/2606 7500/2406/2606
f 7867/2048/2606 8821/2047/2606 7500/2406/2606
f 2761/2411/1029 9718/2051/1029 2766/2416/1029
f 9718/2051/1029 9137/2053/1029 2766/2416/1029
f 7490/2416/2607 9138/2053/2607 2767/2417/2607
f 9138/2053/2607 7865/2054/2607 2767/2417/2607
f 2768/2418/1027 2769/2419/1027 2763/2413/1027
f 2769/2419/1027 2770/2420/1027 2763/2413/1027
f 7494/2412/2608 8895/2052/2608 9026/2411/2609
f 8895/2052/2608 9719/2051/2608 9026/2411/2609
f 2766/2416/1029 7863/2055/1029 2771/2421/1029
f 7863/2055/1029 10084/2057/1029 2771/2421/1029
f 7484/2421/2610 10085/2057/2611 2772/2422/2610
f 10085/2057/2611 9479/2058/2612 2772/2422/2610
f 2773/2423/1027 2774/2424/1027 2768/2418/1027
f 2774/2424/1027 2775/2425/1027 2768/2418/1027
f 9027/2417/2613 7862/2056/2613 7491/2416/2613
f 7862/2056/2613 7864/2055/2613 7491/2416/2613
f 2771/2421/1029 7860/2059/1029 2776/2426/1029
f 7860/2059/1029 8400/2061/1029 2776/2426/1029
f 9097/2426/2614 8401/2061/2614 2777/2427/2614
f 8401/2061/2614 7859/2062/2614 2777/2427/2614
f 2778/2428/1027 2779/2429/1027 2773/2423/1027
f 2779/2429/1027 2780/2430/1027 2773/2423/1027
f 7483/2422/2615 10295/2060/2615 7485/2421/2615
f 10295/2060/2615 7861/2059/2615 7485/2421/2615
f 2776/2426/1029 9506/2063/1029 2781/2431/1029
f 9506/2063/1029 7857/2065/1029 2781/2431/1029
f 9221/2431/2616 7858/2065/2616 2782/2432/2616
f 7858/2065/2616 7855/2066/2616 2782/2432/2616
f 2783/2433/1027 2784/2434/1027 2778/2428/1027
f 2784/2434/1027 2785/2435/1027 2778/2428/1027
f 7478/2427/2617 7856/2064/2617 9098/2426/2617
f 7856/2064/2617 9507/2063/2617 9098/2426/2617
f 2781/2431/1029 7853/2067/1029 2786/2436/1029
f 7853/2067/1029 7851/2069/1029 2786/2436/1029
f 7465/2436/2618 7852/2069/2618 2787/2437/2618
f 7852/2069/2618 7850/2070/2618 2787/2437/2618
f 2788/2438/1027 2789/2439/1027 2783/2433/1027
f 2789/2439/1027 2790/2440/1027 2783/2433/1027
f 7473/2432/2619 10272/2068/2619 9222/2431/2619
f 10272/2068/2619 7854/2067/2619 9222/2431/2619
f 2786/2436/1029 7848/2071/1029 2791/2441/1029
f 7848/2071/1029 7846/2073/1029 2791/2441/1029
f 8444/2441/2620 7847/2073/2620 2792/2442/2620
f 7847/2073/2620 7844/2074/2620 2792/2442/2620
f 2793/2443/1027 2794/2444/1027 2788/2438/1027
f 2794/2444/1027 2795/2445/1027 2788/2438/1027
f 7464/2437/2621 8499/2072/2621 7466/2436/2621
f 8499/2072/2621 7849/2071/2621 7466/2436/2621
f 2791/2441/1029 7842/2075/1029 2796/2446/1029
f 7842/2075/1029 9982/2077/1029 2796/2446/1029
f 7454/2446/2622 9983/2077/2622 2797/2447/2622
f 9983/2077/2622 7840/2078/2622 2797/2447/2622
f 2798/2448/1027 2799/2449/1027 2793/2443/1027
f 2799/2449/1027 2800/2450/1027 2793/2443/1027
f 9153/2442/2623 7841/2076/2623 8445/2441/2623
f 7841/2076/2623 7843/2075/2623 8445/2441/2623
f 2796/2446/1029 8163/2079/1029 2801/2451/1029
f 8163/2079/1029 9882/2081/1029 2801/2451/1029
f 8683/2451/2624 9883/2081/2624 2802/2452/2624
f 9883/2081/2624 7838/2082/2624 2802/2452/2624
f 2803/2453/1027 2804/2454/1027 2798/2448/1027
f 2804/2454/1027 2805/2455/1027 2798/2448/1027
f 7453/2447/2625 7839/2080/2625 7455/2446/2625
f 7839/2080/2625 8164/2079/2625 7455/2446/2625
f 2801/2451/1029 8226/2083/1029 2806/2456/1029
f 8226/2083/1029 8665/2085/1029 2806/2456/1029
f 8798/2456/2626 8666/2085/2627 2807/2457/2626
f 8666/2085/2627 7836/2086/2626 2807/2457/2626
f 2808/2458/1027 2809/2459/1027 2803/2453/1027
f 2809/2459/1027 2810/2460/1027 2803/2453/1027
f 9839/2452/2628 7837/2084/2628 8684/2451/2628
f 7837/2084/2628 8227/2083/2628 8684/2451/2628
f 2806/2456/1029 9184/2087/1029 2811/2461/1029
f 9184/2087/1029 8966/2089/1029 2811/2461/1029
f 7437/2461/2629 8967/2089/2629 2812/2462/2629
f 8967/2089/2629 7835/2090/2629 2812/2462/2629
f 2813/2463/1027 2814/2464/1027 2808/2458/1027
f 2814/2464/1027 2815/2465/1027 2808/2458/1027
f 10174/2457/2630 8997/2088/2630 8799/2456/2630
f 8997/2088/2630 9185/2087/2630 8799/2456/2630
f 2811/2461/1029 7833/2091/1029 2816/2466/1029
f 7833/2091/1029 7831/2093/1029 2816/2466/1029
f 7428/2466/2631 7832/2093/2631 2817/2467/2631
f 7832/2093/2631 7829/2094/2631 2817/2467/2631
f 2818/2468/1027 2819/2469/1027 2813/2463/1027
f 2819/2469/1027 2820/2470/1027 2813/2463/1027
f 9206/2462/2632 7830/2092/2632 7438/2461/2632
f 7830/2092/2632 7834/2091/2632 7438/2461/2632
f 2816/2466/1029 9696/2095/1029 2821/2471/1029
f 9696/2095/1029 8644/2097/1029 2821/2471/1029
f 7425/2471/2633 8645/2097/2633 2822/2472/2633
f 8645/2097/2633 7828/2098/2633 2822/2472/2633
f 2823/2473/1027 2824/2474/1027 2818/2468/1027
f 2824/2474/1027 2825/2475/1027 2818/2468/1027
f 7427/2467/2634 8131/2096/2634 7429/2466/2634
f 8131/2096/2634 9697/2095/2634 7429/2466/2634
f 2821/2471/1029 7826/2099/1029 2826/2476/1029
f 7826/2099/1029 7824/2101/1029 2826/2476/1029
f 7418/2476/2635 7825/2101/2635 2827/2477/2635
f 7825/2101/2635 8486/2102/2635 2827/2477/2635
f 2828/2478/1027 2829/2479/1027 2823/2473/1027
f 2829/2479/1027 2830/2480/1027 2823/2473/1027
f 7424/2472/2636 8332/2100/2636 7426/2471/2636
f 8332/2100/2636 7827/2099/2636 7426/2471/2636
f 2826/2476/1029 8728/2103/1029 2831/2481/1029
f 8728/2103/1029 7822/2105/1029 2831/2481/1029
f 7412/2481/2637 7823/2105/2637 2832/2482/2637
f 7823/2105/2637 7820/2106/2637 2832/2482/2637
f 2833/2483/1027 2834/2484/1027 2828/2478/1027
f 2834/2484/1027 2835/2485/1027 2828/2478/1027
f 8578/2477/2638 7821/2104/2638 7419/2476/2638
f 7821/2104/2638 8729/2103/2638 7419/2476/2638
f 2831/2481/1029 7818/2107/1029 2836/2486/1029
f 7818/2107/1029 8651/2109/1029 2836/2486/1029
f 7409/2486/2639 8652/2109/2640 2837/2487/2639
f 8652/2109/2640 7816/2110/2640 2837/2487/2639
f 2838/2488/1027 2839/2489/1027 2833/2483/1027
f 2839/2489/1027 2840/2490/1027 2833/2483/1027
f 7411/2482/2641 7817/2108/2641 7413/2481/2641
f 7817/2108/2641 7819/2107/2641 7413/2481/2641
f 2836/2486/1029 8286/2111/1029 2841/2491/1029
f 8286/2111/1029 8863/2113/1029 2841/2491/1029
f 9231/2491/2642 8864/2113/2642 2842/2492/2642
f 8864/2113/2642 7814/2114/2642 2842/2492/2642
f 2843/2493/1027 2844/2494/1027 2838/2488/1027
f 2844/2494/1027 2845/2495/1027 2838/2488/1027
f 7406/2487/2643 7815/2112/2643 7410/2486/2643
f 7815/2112/2643 8287/2111/2643 7410/2486/2643
f 2841/2491/1029 7812/2115/1029 2846/2496/1029
f 7812/2115/1029 9292/2117/1029 2846/2496/1029
f 7398/2496/2644 9293/2117/2644 2847/2497/2644
f 9293/2117/2644 7811/2118/2644 2847/2497/2644
f 2848/2498/1027 2849/2499/1027 2843/2493/1027
f 2849/2499/1027 2850/2500/1027 2843/2493/1027
f 9140/2492/2645 8390/2116/2645 9232/2491/2645
f 8390/2116/2645 7813/2115/2645 9232/2491/2645
f 2846/2496/1029 7809/2119/1029 2851/2501/1029
f 7809/2119/1029 7807/2121/1029 2851/2501/1029
f 7391/2501/2646 7808/2121/2646 2852/2502/2646
f 7808/2121/2646 7803/2122/2646 2852/2502/2646
f 2853/2503/1027 2854/2504/1027 2848/2498/1027
f 2854/2504/1027 2855/2505/1027 2848/2498/1027
f 7397/2497/2647 7806/2120/2647 7399/2496/2647
f 7806/2120/2647 7810/2119/2647 7399/2496/2647
f 2851/2501/1029 10122/2123/1029 2856/2506/1029
f 10122/2123/1029 7800/2125/1029 2856/2506/1029
f 7382/2506/2648 7801/2125/2649 2857/2507/2648
f 7801/2125/2649 7799/2126/2648 2857/2507/2648
f 2858/2508/1027 2859/2509/1027 2853/2503/1027
f 2859/2509/1027 2860/2510/1027 2853/2503/1027
f 7388/2502/2650 10286/2124/2650 7392/2501/2650
f 10286/2124/2650 10123/2123/2650 7392/2501/2650
f 2856/2506/1029 8681/2127/1029 2861/2511/1029
f 8681/2127/1029 9756/2129/1029 2861/2511/1029
f 10175/2511/2651 9757/2129/2651 2862/2512/2651
f 9757/2129/2651 7797/2130/2651 2862/2512/2651
f 2863/2513/1027 2864/2514/1027 2858/2508/1027
f 2864/2514/1027 2865/2515/1027 2858/2508/1027
f 8980/2507/2652 7798/2128/2652 7383/2506/2652
f 7798/2128/2652 8682/2127/2652 7383/2506/2652
f 2861/2511/1029 7795/2131/1029 2866/2516/1029
f 7795/2131/1029 9048/2133/1029 2866/2516/1029
f 9952/2516/2653 9049/2133/2653 2867/2517/2653
f 9049/2133/2653 7794/2134/2653 2867/2517/2653
f 2868/2518/1027 2869/2519/1027 2863/2513/1027
f 2869/2519/1027 2870/2520/1027 2863/2513/1027
f 7373/2512/2654 8737/2132/2654 10176/2511/2654
f 8737/2132/2654 7796/2131/2654 10176/2511/2654
f 2866/2516/1029 7792/2135/1029 2871/2521/1029
f 7792/2135/1029 10044/2137/1029 2871/2521/1029
f 9708/2521/2655 10045/2137/2655 2872/2522/2655
f 10045/2137/2655 9616/2138/2655 2872/2522/2655
f 2873/2523/1027 2874/2524/1027 2868/2518/1027
f 2874/2524/1027 2875/2525/1027 2868/2518/1027
f 7366/2517/2656 9558/2136/2656 9953/2516/2656
f 9558/2136/2656 7793/2135/2656 9953/2516/2656
f 2871/2521/1029 7790/2139/1029 2876/2526/1029
f 7790/2139/1029 9715/2141/1029 2876/2526/1029
f 7352/2526/2657 9716/2141/2658 2877/2527/2657
f 9716/2141/2658 7789/2142/2658 2877/2527/2657
f 2878/2528/1027 2879/2529/1027 2873/2523/1027
f 2879/2529/1027 2880/2530/1027 2873/2523/1027
f 10231/2522/2659 9775/2140/2659 9709/2521/2659
f 9775/2140/2659 7791/2139/2659 9709/2521/2659
f 2876/2526/1029 9703/2143/1029 2881/2531/1029
f 9703/2143/1029 7787/2145/1029 2881/2531/1029
f 7345/2531/2660 7788/2145/2660 2882/2532/2660
f 7788/2145/2660 7785/2146/2660 2882/2532/2660
f 2883/2533/1027 2884/2534/1027 2878/2528/1027
f 2884/2534/1027 2885/2535/1027 2878/2528/1027
f 7351/2527/2661 7786/2144/2661 7353/2526/2661
f 7786/2144/2661 9704/2143/2661 7353/2526/2661
f 2881/2531/1029 8147/2147/1029 2886/2536/1029
f 8147/2147/1029 7783/2149/1029 2886/2536/1029
f 7338/2536/2662 7784/2149/2662 2887/2537/2662
f 7784/2149/2662 10014/2150/2662 2887/2537/2662
f 2888/2538/1027 2889/2539/1027 2883/2533/1027
f 2889/2539/1027 2890/2540/1027 2883/2533/1027
f 7344/2532/2663 8679/2148/2663 7346/2531/2663
f 8679/2148/2663 8148/2147/2663 7346/2531/2663
f 2886/2536/1029 7781/2151/1029 2891/2541/1029
f 7781/2151/1029 9131/2153/1029 2891/2541/1029
f 8658/2541/2664 9132/2153/2664 2892/2542/2664
f 9132/2153/2664 9856/2154/2664 2892/2542/2664
f 2893/2543/1027 2894/2544/1027 2888/2538/1027
f 2894/2544/1027 2895/2545/1027 2888/2538/1027
f 10159/2537/2665 7780/2152/2666 7339/2536/2665
f 7780/2152/2666 7782/2151/2667 7339/2536/2665
f 2891/2541/1029 7778/2155/1029 2896/2546/1029
f 7778/2155/1029 7776/2157/1029 2896/2546/1029
f 7331/2546/2668 7777/2157/2668 2897/2547/2668
f 7777/2157/2668 7773/2158/2668 2897/2547/2668
f 2898/2548/1027 2899/2549/1027 2893/2543/1027
f 2899/2549/1027 2900/2550/1027 2893/2543/1027
f 7335/2542/2669 7774/2156/2669 8659/2541/2669
f 7774/2156/2669 7779/2155/2669 8659/2541/2669
f 2896/2546/1029 9091/2159/1029 2901/2551/1029
f 9091/2159/1029 9834/2161/1029 2901/2551/1029
f 7323/2551/2670 9835/2161/2670 2902/2552/2670
f 9835/2161/2670 7771/2162/2670 2902/2552/2670
f 2903/2553/1027 2904/2554/1027 2898/2548/1027
f 2904/2554/1027 2905/2555/1027 2898/2548/1027
f 7330/2547/2671 7772/2160/2671 7332/2546/2671
f 7772/2160/2671 9092/2159/2671 7332/2546/2671
f 2901/2551/1029 8415/2163/1029 2906/2556/1029
f 8415/2163/1029 8484/2165/1029 2906/2556/1029
f 7315/2556/2672 8485/2165/2673 2907/2557/2674
f 8485/2165/2673 9549/2166/2673 2907/2557/2674
f 2908/2558/1027 2909/2559/1027 2903/2553/1027
f 2909/2559/1027 2910/2560/1027 2903/2553/1027
f 8290/2552/2675 7770/2164/2675 7324/2551/2675
f 7770/2164/2675 8416/2163/2675 7324/2551/2675
f 2906/2556/1029 8425/2167/1029 2911/2561/1029
f 8425/2167/1029 7768/2169/1029 2911/2561/1029
f 7306/2561/2676 7769/2169/2676 2912/2562/2676
f 7769/2169/2676 7767/2170/2676 2912/2562/2676
f 2913/2563/1027 2914/2564/1027 2908/2558/1027
f 2914/2564/1027 2915/2565/1027 2908/2558/1027
f 7314/2557/2677 8762/2168/2678 7316/2556/2679
f 8762/2168/2678 8426/2167/2678 7316/2556/2679
f 2911/2561/1029 7765/2171/1029 2916/2566/1029
f 7765/2171/1029 7763/2173/1029 2916/2566/1029
f 9896/2566/2680 7764/2173/2680 2917/2567/2680
f 7764/2173/2680 9399/2174/2680 2917/2567/2680
f 2918/2568/1027 2919/2569/1027 2913/2563/1027
f 2919/2569/1027 2920/2570/1027 2913/2563/1027
f 7305/2562/2681 8476/2172/2681 7307/2561/2681
f 8476/2172/2681 7766/2171/2681 7307/2561/2681
f 2916/2566/1029 8154/2175/1029 2921/2571/1029
f 8154/2175/1029 8743/2177/1029 2921/2571/1029
f 8861/2571/2682 8744/2177/2682 2922/2572/2682
f 8744/2177/2682 7761/2178/2682 2922/2572/2682
f 2923/2573/1027 2924/2574/1027 2918/2568/1027
f 2924/2574/1027 2925/2575/1027 2918/2568/1027
f 10171/2567/2683 7762/2176/2684 9897/2566/2683
f 7762/2176/2684 8155/2175/2684 9897/2566/2683
f 2921/2571/1029 9847/2179/1029 2926/2576/1029
f 9847/2179/1029 8374/2181/1029 2926/2576/1029
f 7299/2576/2685 8375/2181/2685 2927/2577/2685
f 8375/2181/2685 7759/2182/2685 2927/2577/2685
f 2928/2578/1027 2929/2579/1027 2923/2573/1027
f 2929/2579/1027 2930/2580/1027 2923/2573/1027
f 8632/2572/2085 7760/2180/2085 8862/2571/2085
f 7760/2180/2085 9848/2179/2085 8862/2571/2085
f 2926/2576/1029 7757/2183/1029 2931/2581/1029
f 7757/2183/1029 7753/2185/1029 2931/2581/1029
f 7292/2581/2686 7754/2185/2686 2932/2582/2686
f 7754/2185/2686 9787/2186/2686 2932/2582/2686
f 2933/2583/1027 2934/2584/1027 2928/2578/1027
f 2934/2584/1027 2935/2585/1027 2928/2578/1027
f 7298/2577/2687 7752/2184/2687 7300/2576/2687
f 7752/2184/2687 7758/2183/2687 7300/2576/2687
f 2931/2581/1029 8749/2187/1029 2936/2586/1029
f 8749/2187/1029 9407/2189/1029 2936/2586/1029
f 8879/2586/2688 9408/2189/2688 2937/2587/2688
f 9408/2189/2688 8149/2190/2688 2937/2587/2688
f 2938/2588/1027 2939/2589/1027 2933/2583/1027
f 2939/2589/1027 2940/2590/1027 2933/2583/1027
f 7291/2582/2689 10288/2188/2689 7293/2581/2689
f 10288/2188/2689 8750/2187/2689 7293/2581/2689
f 2936/2586/1029 7750/2191/1029 2941/2591/1029
f 7750/2191/1029 7748/2193/1029 2941/2591/1029
f 7282/2591/2690 7749/2193/2690 2942/2592/2690
f 7749/2193/2690 7746/2194/2690 2942/2592/2690
f 2943/2593/1027 2944/2594/1027 2938/2588/1027
f 2944/2594/1027 2945/2595/1027 2938/2588/1027
f 7288/2587/2691 7747/2192/2691 8880/2586/2691
f 7747/2192/2691 7751/2191/2691 8880/2586/2691
f 2941/2591/1029 7742/2195/1029 2946/2596/1029
f 7742/2195/1029 9119/2197/1029 2946/2596/1029
f 8710/2596/2692 9120/2197/2692 2947/2597/2692
f 9120/2197/2692 9774/2198/2692 2947/2597/2692
f 2948/2598/1027 2949/2599/1027 2943/2593/1027
f 2949/2599/1027 2950/2600/1027 2943/2593/1027
f 7281/2592/2693 7741/2196/2693 7283/2591/2693
f 7741/2196/2693 7743/2195/2693 7283/2591/2693
f 2946/2596/1029 8812/2199/1029 2553/2203/1029
f 8812/2199/1029 7739/2201/1029 2553/2203/1029
f 7895/2203/2694 7740/2201/2694 8440/2210/2694
f 7740/2201/2694 9988/2202/2694 8440/2210/2694
f 2557/2208/1027 2951/2601/1027 2948/2598/1027
f 2951/2601/1027 2952/2602/1027 2948/2598/1027
f 7276/2597/2695 9970/2200/2695 8711/2596/2695
f 9970/2200/2695 8813/2199/2695 8711/2596/2695
f 2946/2596/1029 2953/2603/1029 2941/2591/1029
f 2953/2603/1029 2954/2604/1029 2941/2591/1029
f 2941/2591/1029 2954/2604/1029 2936/2586/1029
f 2954/2604/1029 2955/2605/1029 2936/2586/1029
f 2936/2586/1029 2955/2605/1029 2931/2581/1029
f 2955/2605/1029 2956/2606/1029 2931/2581/1029
f 2931/2581/1029 2956/2606/1029 2926/2576/1029
f 2956/2606/1029 2957/2607/1029 2926/2576/1029
f 2926/2576/1029 2957/2607/1029 2921/2571/1029
f 2957/2607/1029 2958/2608/1029 2921/2571/1029
f 2921/2571/1029 2958/2608/1029 2916/2566/1029
f 2958/2608/1029 2959/2609/1029 2916/2566/1029
f 2916/2566/1029 2959/2609/1029 2911/2561/1029
f 2959/2609/1029 2960/2610/1029 2911/2561/1029
f 2911/2561/1029 2960/2610/1029 2906/2556/1029
f 2960/2610/1029 2961/2611/1029 2906/2556/1029
f 2906/2556/1029 2961/2611/1029 2901/2551/1029
f 2961/2611/1029 2962/2612/1029 2901/2551/1029
f 2901/2551/1029 2962/2612/1029 2896/2546/1029
f 2962/2612/1029 2963/2613/1029 2896/2546/1029
f 2896/2546/1029 2963/2613/1029 2891/2541/1029
f 2963/2613/1029 2964/2614/1029 2891/2541/1029
f 2891/2541/1029 2964/2614/1029 2886/2536/1029
f 2964/2614/1029 2965/2615/1029 2886/2536/1029
f 2886/2536/1029 2965/2615/1029 2881/2531/1029
f 2965/2615/1029 2966/2616/1029 2881/2531/1029
f 2881/2531/1029 2966/2616/1029 2876/2526/1029
f 2966/2616/1029 2967/2617/1029 2876/2526/1029
f 2876/2526/1029 2967/2617/1029 2871/2521/1029
f 2967/2617/1029 2968/2618/1029 2871/2521/1029
f 2871/2521/1029 2968/2618/1029 2866/2516/1029
f 2968/2618/1029 2969/2619/1029 2866/2516/1029
f 2866/2516/1029 2969/2619/1029 2861/2511/1029
f 2969/2619/1029 2970/2620/1029 2861/2511/1029
f 2861/2511/1029 2970/2620/1029 2856/2506/1029
f 2970/2620/1029 2971/2621/1029 2856/2506/1029
f 2856/2506/1029 2971/2621/1029 2851/2501/1029
f 2971/2621/1029 2972/2622/1029 2851/2501/1029
f 2851/2501/1029 2972/2622/1029 2846/2496/1029
f 2972/2622/1029 2973/2623/1029 2846/2496/1029
f 2846/2496/1029 2973/2623/1029 2841/2491/1029
f 2973/2623/1029 2974/2624/1029 2841/2491/1029
f 2841/2491/1029 2974/2624/1029 2836/2486/1029
f 2974/2624/1029 2975/2625/1029 2836/2486/1029
f 2836/2486/1029 2975/2625/1029 2831/2481/1029
f 2975/2625/1029 2976/2626/1029 2831/2481/1029
f 2831/2481/1029 2976/2626/1029 2826/2476/1029
f 2976/2626/1029 2977/2627/1029 2826/2476/1029
f 2826/2476/1029 2977/2627/1029 2821/2471/1029
f 2977/2627/1029 2978/2628/1029 2821/2471/1029
f 2821/2471/1029 2978/2628/1029 2816/2466/1029
f 2978/2628/1029 2979/2629/1029 2816/2466/1029
f 2816/2466/1029 2979/2629/1029 2811/2461/1029
f 2979/2629/1029 2980/2630/1029 2811/2461/1029
f 2811/2461/1029 2980/2630/1029 2806/2456/1029
f 2980/2630/1029 2981/2631/1029 2806/2456/1029
f 2806/2456/1029 2981/2631/1029 2801/2451/1029
f 2981/2631/1029 2982/2632/1029 2801/2451/1029
f 2801/2451/1029 2982/2632/1029 2796/2446/1029
f 2982/2632/1029 2983/2633/1029 2796/2446/1029
f 2796/2446/1029 2983/2633/1029 2791/2441/1029
f 2983/2633/1029 2984/2634/1029 2791/2441/1029
f 2791/2441/1029 2984/2634/1029 2786/2436/1029
f 2984/2634/1029 2985/2635/1029 2786/2436/1029
f 2786/2436/1029 2985/2635/1029 2781/2431/1029
f 2985/2635/1029 2986/2636/1029 2781/2431/1029
f 2781/2431/1029 2986/2636/1029 2776/2426/1029
f 2986/2636/1029 2987/2637/1029 2776/2426/1029
f 2776/2426/1029 2987/2637/1029 2771/2421/1029
f 2987/2637/1029 2988/2638/1029 2771/2421/1029
f 2771/2421/1029 2988/2638/1029 2766/2416/1029
f 2988/2638/1029 2989/2639/1029 2766/2416/1029
f 2766/2416/1029 2989/2639/1029 2761/2411/1029
f 2989/2639/1029 2990/2640/1029 2761/2411/1029
f 2761/2411/1029 2990/2640/1029 2756/2406/1029
f 2990/2640/1029 2991/2641/1029 2756/2406/1029
f 2756/2406/1029 2991/2641/1029 2751/2401/1029
f 2991/2641/1029 2992/2642/1029 2751/2401/1029
f 2751/2401/1029 2992/2642/1029 2746/2396/1029
f 2992/2642/1029 2993/2643/1029 2746/2396/1029
f 2746/2396/1029 2993/2643/1029 2741/2391/1029
f 2993/2643/1029 2994/2644/1029 2741/2391/1029
f 2741/2391/1029 2994/2644/1029 2736/2386/1029
f 2994/2644/1029 2995/2645/1029 2736/2386/1029
f 2736/2386/1029 2995/2645/1029 2731/2381/1029
f 2995/2645/1029 2996/2646/1029 2731/2381/1029
f 2731/2381/1029 2996/2646/1029 2726/2376/1029
f 2996/2646/1029 2997/2647/1029 2726/2376/1029
f 2726/2376/1029 2997/2647/1029 2721/2371/1029
f 2997/2647/1029 2998/2648/1029 2721/2371/1029
f 2721/2371/1029 2998/2648/1029 2716/2366/1029
f 2998/2648/1029 2999/2649/1029 2716/2366/1029
f 2716/2366/1029 2999/2649/1029 2711/2361/1029
f 2999/2649/1029 3000/2650/1029 2711/2361/1029
f 2711/2361/1029 3000/2650/1029 2706/2356/1029
f 3000/2650/1029 3001/2651/1029 2706/2356/1029
f 2706/2356/1029 3001/2651/1029 2701/2351/1029
f 3001/2651/1029 3002/2652/1029 2701/2351/1029
f 2701/2351/1029 3002/2652/1029 2696/2346/1029
f 3002/2652/1029 3003/2653/1029 2696/2346/1029
f 2696/2346/1029 3003/2653/1029 2691/2341/1029
f 3003/2653/1029 3004/2654/1029 2691/2341/1029
f 2691/2341/1029 3004/2654/1029 2686/2336/1029
f 3004/2654/1029 3005/2655/1029 2686/2336/1029
f 2686/2336/1029 3005/2655/1029 2681/2331/1029
f 3005/2655/1029 3006/2656/1029 2681/2331/1029
f 2681/2331/1029 3006/2656/1029 2676/2326/1029
f 3006/2656/1029 3007/2657/1029 2676/2326/1029
f 2676/2326/1029 3007/2657/1029 2671/2321/1029
f 3007/2657/1029 3008/2658/1029 2671/2321/1029
f 2671/2321/1029 3008/2658/1029 2666/2316/1029
f 3008/2658/1029 3009/2659/1029 2666/2316/1029
f 2666/2316/1029 3009/2659/1029 2661/2311/1029
f 3009/2659/1029 3010/2660/1029 2661/2311/1029
f 2661/2311/1029 3010/2660/1029 2656/2306/1029
f 3010/2660/1029 3011/2661/1029 2656/2306/1029
f 2656/2306/1029 3011/2661/1029 2651/2301/1029
f 3011/2661/1029 3012/2662/1029 2651/2301/1029
f 2651/2301/1029 3012/2662/1029 2646/2296/1029
f 3012/2662/1029 3013/2663/1029 2646/2296/1029
f 2646/2296/1029 3013/2663/1029 2641/2291/1029
f 3013/2663/1029 3014/2664/1029 2641/2291/1029
f 2641/2291/1029 3014/2664/1029 2636/2286/1029
f 3014/2664/1029 3015/2665/1029 2636/2286/1029
f 2636/2286/1029 3015/2665/1029 2631/2281/1029
f 3015/2665/1029 3016/2666/1029 2631/2281/1029
f 2631/2281/1029 3016/2666/1029 2626/2276/1029
f 3016/2666/1029 3017/2667/1029 2626/2276/1029
f 2626/2276/1029 3017/2667/1029 2621/2271/1029
f 3017/2667/1029 3018/2668/1029 2621/2271/1029
f 2621/2271/1029 3018/2668/1029 2616/2266/1029
f 3018/2668/1029 3019/2669/1029 2616/2266/1029
f 2616/2266/1029 3019/2669/1029 2611/2261/1029
f 3019/2669/1029 3020/2670/1029 2611/2261/1029
f 2611/2261/1029 3020/2670/1029 2606/2256/1029
f 3020/2670/1029 3021/2671/1029 2606/2256/1029
f 2606/2256/1029 3021/2671/1029 2601/2251/1029
f 3021/2671/1029 3022/2672/1029 2601/2251/1029
f 2601/2251/1029 3022/2672/1029 2596/2246/1029
f 3022/2672/1029 3023/2673/1029 2596/2246/1029
f 2596/2246/1029 3023/2673/1029 2591/2241/1029
f 3023/2673/1029 3024/2674/1029 2591/2241/1029
f 2591/2241/1029 3024/2674/1029 2586/2236/1029
f 3024/2674/1029 3025/2675/1029 2586/2236/1029
f 2586/2236/1029 3025/2675/1029 2581/2231/1029
f 3025/2675/1029 3026/2676/1029 2581/2231/1029
f 2581/2231/1029 3026/2676/1029 2576/2226/1029
f 3026/2676/1029 3027/2677/1029 2576/2226/1029
f 2576/2226/1029 3027/2677/1029 2571/2221/1029
f 3027/2677/1029 3028/2678/1029 2571/2221/1029
f 2571/2221/1029 3028/2678/1029 2566/2216/1029
f 3028/2678/1029 3029/2679/1029 2566/2216/1029
f 2566/2216/1029 3029/2679/1029 2561/2211/1029
f 3029/2679/1029 3030/2680/1029 2561/2211/1029
f 2561/2211/1029 3030/2680/1029 2554/2204/1029
f 3030/2680/1029 3031/2681/1029 2554/2204/1029
f 2554/2204/1029 3031/2681/1029 2553/2203/1029
f 3031/2681/1029 3032/2682/1029 2553/2203/1029
f 2553/2203/1029 3032/2682/1029 2946/2596/1029
f 3032/2682/1029 2953/2603/1029 2946/2596/1029
f 3033/2683/1029 3035/2684/1029 3034/2685/1029
f 3035/2684/1029 3036/2686/1029 3034/2685/1029
f 3037/2687/2696 3039/2688/2697 3038/2689/2698
f 3039/2688/2697 3040/2690/2699 3038/2689/2698
f 3041/2691/1029 3043/2692/1029 3042/2693/1029
f 3043/2692/1029 3044/2694/1029 3042/2693/1029
f 3045/2695/2700 3047/2696/2701 3046/2697/2702
f 3047/2696/2701 3048/2698/2703 3046/2697/2702
f 3049/2699/1029 3051/2700/1029 3050/2701/1029
f 3051/2700/1029 3052/2702/1029 3050/2701/1029
f 3053/2703/2704 3055/2704/2705 3054/2705/2706
f 3055/2704/2705 3056/2706/2705 3054/2705/2706
f 3057/2707/1029 3059/2708/1029 3058/2709/1029
f 3059/2708/1029 3060/2710/1029 3058/2709/1029
f 3061/2711/2707 3063/2712/2708 3062/2713/2709
f 3063/2712/2708 3064/2714/2710 3062/2713/2709
f 3065/2715/1029 3067/2716/1029 3066/2717/1029
f 3067/2716/1029 3068/2718/1029 3066/2717/1029
f 3069/2719/2711 3071/2720/2712 3070/2721/2713
f 3071/2720/2712 3072/2722/2714 3070/2721/2713
f 3073/2723/1029 3075/2724/1029 3074/2725/1029
f 3075/2724/1029 3076/2726/1029 3074/2725/1029
f 3077/2727/2715 3079/2728/2716 3078/2729/2717
f 3079/2728/2716 3080/2730/2718 3078/2729/2717
f 3081/2731/1029 3083/2732/1029 3082/2733/1029
f 3083/2732/1029 3084/2734/1029 3082/2733/1029
f 3085/2735/2719 3087/2736/2720 3086/2737/2721
f 3087/2736/2720 3088/2738/2722 3086/2737/2721
f 3089/2739/1029 3091/2740/1029 3090/2741/1029
f 3091/2740/1029 3092/2742/1029 3090/2741/1029
f 3093/2743/2723 3095/2744/2724 3094/2745/2725
f 3095/2744/2724 3096/2746/2726 3094/2745/2725
f 3097/2747/1029 3099/2748/1029 3098/2749/1029
f 3099/2748/1029 3100/2750/1029 3098/2749/1029
f 3101/2751/2727 3103/2752/2728 3102/2753/2729
f 3103/2752/2728 3104/2754/2730 3102/2753/2729
f 3105/2755/1029 3107/2756/1029 3106/2757/1029
f 3107/2756/1029 3108/2758/1029 3106/2757/1029
f 3109/2759/2731 3111/2760/2732 3110/2761/2733
f 3111/2760/2732 3112/2762/2734 3110/2761/2733
f 3113/2763/1029 3115/2764/1029 3114/2765/1029
f 3115/2764/1029 3116/2766/1029 3114/2765/1029
f 3117/2767/2735 3119/2768/2736 3118/2769/2737
f 3119/2768/2736 3120/2770/2738 3118/2769/2737
f 3121/2771/1029 3123/2772/1029 3122/2773/1029
f 3123/2772/1029 3124/2774/1029 3122/2773/1029
f 3125/2775/2739 3127/2776/2740 3126/2777/2741
f 3127/2776/2740 3128/2778/2740 3126/2777/2741
f 3129/2779/1029 3131/2780/1029 3130/2781/1029
f 3131/2780/1029 3132/2782/1029 3130/2781/1029
f 3133/2783/2742 3135/2784/2743 3134/2785/2744
f 3135/2784/2743 3136/2786/2743 3134/2785/2744
f 3137/2787/1029 3139/2788/1029 3138/2789/1029
f 3139/2788/1029 3140/2790/1029 3138/2789/1029
f 3141/2791/2745 3143/2792/2746 3142/2793/2747
f 3143/2792/2746 3144/2794/2746 3142/2793/2747
f 3145/2795/1029 3147/2796/1029 3146/2797/1029
f 3147/2796/1029 3148/2798/1029 3146/2797/1029
f 3149/2799/2748 3151/2800/2749 3150/2801/2750
f 3151/2800/2749 3152/2802/2751 3150/2801/2750
f 3153/2803/1029 3155/2804/1029 3154/2805/1029
f 3155/2804/1029 3156/2806/1029 3154/2805/1029
f 3157/2807/2752 3159/2808/2753 3158/2809/2754
f 3159/2808/2753 3160/2810/2755 3158/2809/2754
f 3161/2811/1029 3163/2812/1029 3162/2813/1029
f 3163/2812/1029 3164/2814/1029 3162/2813/1029
f 3165/2815/2756 3167/2816/2757 3166/2817/2758
f 3167/2816/2757 3168/2818/2757 3166/2817/2758
f 3169/2819/1029 3171/2820/1029 3170/2821/1029
f 3171/2820/1029 3172/2822/1029 3170/2821/1029
f 3173/2823/2759 3175/2824/2760 3174/2825/2761
f 3175/2824/2760 3176/2826/2760 3174/2825/2761
f 3177/2827/1029 3179/2828/1029 3178/2829/1029
f 3179/2828/1029 3180/2830/1029 3178/2829/1029
f 3181/2831/2762 3183/2832/2763 3182/2833/2764
f 3183/2832/2763 3184/2834/2763 3182/2833/2764
f 3185/2835/1029 3187/2836/1029 3186/2837/1029
f 3187/2836/1029 3188/2838/1029 3186/2837/1029
f 3189/2839/2765 3191/2840/2766 3190/2841/2767
f 3191/2840/2766 3192/2842/2766 3190/2841/2767
f 3193/2843/1029 3195/2844/1029 3194/2845/1029
f 3195/2844/1029 3196/2846/1029 3194/2845/1029
f 3197/2847/2768 3199/2848/2769 3198/2849/2770
f 3199/2848/2769 3200/2850/2771 3198/2849/2770
f 3201/2851/1029 3203/2852/1029 3202/2853/1029
f 3203/2852/1029 3204/2854/1029 3202/2853/1029
f 3205/2855/2772 3207/2856/2773 3206/2857/2774
f 3207/2856/2773 3208/2858/2773 3206/2857/2774
f 3209/2859/1029 3211/2860/1029 3210/2861/1029
f 3211/2860/1029 3212/2862/1029 3210/2861/1029
f 3213/2863/2775 3215/2864/2776 3214/2865/2777
f 3215/2864/2776 3216/2866/2776 3214/2865/2777
f 3217/2867/1029 3219/2868/1029 3218/2869/1029
f 3219/2868/1029 3220/2870/1029 3218/2869/1029
f 3221/2871/2778 3223/2872/2779 3222/2873/2780
f 3223/2872/2779 3224/2874/2781 3222/2873/2780
f 3225/2875/1029 3227/2876/1029 3226/2877/1029
f 3227/2876/1029 3228/2878/1029 3226/2877/1029
f 3229/2879/2782 3231/2880/2783 3230/2881/2784
f 3231/2880/2783 3232/2882/2785 3230/2881/2784
f 3233/2883/1029 3235/2884/1029 3234/2885/1029
f 3235/2884/1029 3236/2886/1029 3234/2885/1029
f 3237/2887/2786 3239/2888/2787 3238/2889/2788
f 3239/2888/2787 3240/2890/2789 3238/2889/2788
f 3241/2891/1029 3243/2892/1029 3242/2893/1029
f 3243/2892/1029 3244/2894/1029 3242/2893/1029
f 3245/2895/2790 3247/2896/2791 3246/2897/2792
f 3247/2896/2791 3248/2898/2793 3246/2897/2792
f 3249/2899/1029 3251/2900/1029 3250/2901/1029
f 3251/2900/1029 3252/2902/1029 3250/2901/1029
f 3253/2903/2794 3255/2904/2795 3254/2905/2796
f 3255/2904/2795 3256/2906/2795 3254/2905/2796
f 3257/2907/1029 3259/2908/1029 3258/2909/1029
f 3259/2908/1029 3260/2910/1029 3258/2909/1029
f 3261/2911/2797 3263/2912/2798 3262/2913/2799
f 3263/2912/2798 3264/2914/2800 3262/2913/2799
f 3265/2915/1029 3267/2916/1029 3266/2917/1029
f 3267/2916/1029 3268/2918/1029 3266/2917/1029
f 3269/2919/2801 3271/2920/2802 3270/2921/2803
f 3271/2920/2802 3272/2922/2802 3270/2921/2803
f 3273/2923/1029 3275/2924/1029 3274/2925/1029
f 3275/2924/1029 3276/2926/1029 3274/2925/1029
f 3277/2927/2804 3279/2928/2805 3278/2929/2806
f 3279/2928/2805 3280/2930/2805 3278/2929/2806
f 3281/2931/1029 3283/2932/1029 3282/2933/1029
f 3283/2932/1029 3284/2934/1029 3282/2933/1029
f 3285/2935/2807 3287/2936/2808 3286/2937/2809
f 3287/2936/2808 3288/2938/2808 3286/2937/2809
f 3289/2939/1029 3291/2940/1029 3290/2941/1029
f 3291/2940/1029 3292/2942/1029 3290/2941/1029
f 3293/2943/2810 3295/2944/2811 3294/2945/2812
f 3295/2944/2811 3296/2946/2811 3294/2945/2812
f 3297/2947/1029 3299/2948/1029 3298/2949/1029
f 3299/2948/1029 3300/2950/1029 3298/2949/1029
f 3301/2951/2813 3303/2952/2814 3302/2953/2815
f 3303/2952/2814 3304/2954/2814 3302/2953/2815
f 3305/2955/1029 3307/2956/1029 3306/2957/1029
f 3307/2956/1029 3308/2958/1029 3306/2957/1029
f 3309/2959/2816 3311/2960/2817 3310/2961/2818
f 3311/2960/2817 3312/2962/2817 3310/2961/2818
f 3313/2963/1029 3315/2964/1029 3314/2965/1029
f 3315/2964/1029 3316/2966/1029 3314/2965/1029
f 3317/2967/2819 3319/2968/2820 3318/2969/2821
f 3319/2968/2820 3320/2970/2822 3318/2969/2821
f 3321/2971/1029 3323/2972/1029 3322/2973/1029
f 3323/2972/1029 3324/2974/1029 3322/2973/1029
f 3325/2975/2823 3327/2976/2824 3326/2977/2825
f 3327/2976/2824 3328/2978/2824 3326/2977/2825
f 3329/2979/1029 3331/2980/1029 3330/2981/1029
f 3331/2980/1029 3332/2982/1029 3330/2981/1029
f 3333/2983/2826 3335/2984/2827 3334/2985/2828
f 3335/2984/2827 3336/2986/2829 3334/2985/2828
f 3337/2987/1029 3339/2988/1029 3338/2989/1029
f 3339/2988/1029 3340/2990/1029 3338/2989/1029
f 3341/2991/2830 3343/2992/2831 3342/2993/2832
f 3343/2992/2831 3344/2994/2833 3342/2993/2832
f 3345/2995/1029 3347/2996/1029 3346/2997/1029
f 3347/2996/1029 3348/2998/1029 3346/2997/1029
f 3349/2999/2834 3351/3000/2835 3350/3001/2836
f 3351/3000/2835 3352/3002/2837 3350/3001/2836
f 3353/3003/2838 7271/2683/2839 3354/3004/2840
f 7271/2683/2839 7269/2685/2841 3354/3004/2840
f 3354/3004/2840 7269/2685/2841 3355/3005/2842
f 7269/2685/2841 7262/2691/2843 3355/3005/2842
f 3355/3005/2842 7262/2691/2843 3356/3006/2844
f 7262/2691/2843 8566/2693/2845 3356/3006/2844
f 3356/3006/2844 8566/2693/2845 3357/3007/2846
f 8566/2693/2845 7257/2699/2847 3357/3007/2846
f 3357/3007/2846 7257/2699/2847 3358/3008/2848
f 7257/2699/2847 10259/2701/2849 3358/3008/2848
f 3358/3008/2848 10259/2701/2849 3359/3009/2850
f 10259/2701/2849 7251/2707/2851 3359/3009/2850
f 3359/3009/2850 7251/2707/2851 3360/3010/2852
f 7251/2707/2851 10214/2709/2853 3360/3010/2852
f 3360/3010/2852 10214/2709/2853 3361/3011/2854
f 10214/2709/2853 8582/2715/2855 3361/3011/2854
f 3361/3011/2854 8582/2715/2855 3362/3012/2856
f 8582/2715/2855 7245/2717/2857 3362/3012/2856
f 3362/3012/2856 7245/2717/2857 3363/3013/2858
f 7245/2717/2857 7239/2723/2859 3363/3013/2858
f 3363/3013/2858 7239/2723/2859 3364/3014/2860
f 7239/2723/2859 9044/2725/2861 3364/3014/2860
f 3364/3014/2860 9044/2725/2861 3365/3015/2862
f 9044/2725/2861 7234/2731/2863 3365/3015/2862
f 3365/3015/2862 7234/2731/2863 3366/3016/2864
f 7234/2731/2863 7232/2733/2865 3366/3016/2864
f 3366/3016/2864 7232/2733/2865 3367/3017/2866
f 7232/2733/2865 7227/2739/2867 3367/3017/2866
f 3367/3017/2866 7227/2739/2867 3368/3018/2868
f 7227/2739/2867 7224/2741/2869 3368/3018/2868
f 3368/3018/2868 7224/2741/2869 3369/3019/2870
f 7224/2741/2869 8687/2747/2871 3369/3019/2870
f 3369/3019/2870 8687/2747/2871 3370/3020/2872
f 8687/2747/2871 7221/2749/2873 3370/3020/2872
f 3370/3020/2872 7221/2749/2873 3371/3021/2874
f 7221/2749/2873 7216/2755/2875 3371/3021/2874
f 3371/3021/2874 7216/2755/2875 3372/3022/2876
f 7216/2755/2875 7214/2757/2877 3372/3022/2876
f 3372/3022/2876 7214/2757/2877 3373/3023/2878
f 7214/2757/2877 10172/2763/2879 3373/3023/2878
f 3373/3023/2878 10172/2763/2879 3374/3024/2880
f 10172/2763/2879 7210/2765/2881 3374/3024/2880
f 3374/3024/2880 7210/2765/2881 3375/3025/2882
f 7210/2765/2881 10157/2771/2883 3375/3025/2882
f 3375/3025/2882 10157/2771/2883 3376/3026/2884
f 10157/2771/2883 10283/2773/2885 3376/3026/2884
f 3376/3026/2884 10283/2773/2885 3377/3027/2886
f 10283/2773/2885 7203/2779/2887 3377/3027/2886
f 3377/3027/2886 7203/2779/2887 3378/3028/2888
f 7203/2779/2887 8630/2781/2889 3378/3028/2888
f 3378/3028/2888 8630/2781/2889 3379/3029/2890
f 8630/2781/2889 8705/2787/2891 3379/3029/2890
f 3379/3029/2890 8705/2787/2891 3380/3030/2892
f 8705/2787/2891 7198/2789/2893 3380/3030/2892
f 3380/3030/2892 7198/2789/2893 3381/3031/2894
f 7198/2789/2893 7501/2795/2895 3381/3031/2894
f 3381/3031/2894 7501/2795/2895 3382/3032/2896
f 7501/2795/2895 7194/2797/2897 3382/3032/2896
f 3382/3032/2896 7194/2797/2897 3383/3033/2898
f 7194/2797/2897 9395/2803/2899 3383/3033/2898
f 3383/3033/2898 9395/2803/2899 3384/3034/2900
f 9395/2803/2899 7190/2805/2901 3384/3034/2900
f 3384/3034/2900 7190/2805/2901 3385/3035/2902
f 7190/2805/2901 7186/2811/2903 3385/3035/2902
f 3385/3035/2902 7186/2811/2903 3386/3036/2904
f 7186/2811/2903 7184/2813/2905 3386/3036/2904
f 3386/3036/2904 7184/2813/2905 3387/3037/2906
f 7184/2813/2905 9126/2819/2907 3387/3037/2906
f 3387/3037/2906 9126/2819/2907 3388/3038/2908
f 9126/2819/2907 8249/2821/2909 3388/3038/2908
f 3388/3038/2908 8249/2821/2909 3389/3039/2910
f 8249/2821/2909 7176/2827/2911 3389/3039/2910
f 3389/3039/2910 7176/2827/2911 3390/3040/2912
f 7176/2827/2911 9402/2829/2913 3390/3040/2912
f 3390/3040/2912 9402/2829/2913 3391/3041/2914
f 9402/2829/2913 8098/2835/2915 3391/3041/2914
f 3391/3041/2914 8098/2835/2915 3392/3042/2916
f 8098/2835/2915 7171/2837/2917 3392/3042/2916
f 3392/3042/2916 7171/2837/2917 3393/3043/2918
f 7171/2837/2917 9157/2843/2919 3393/3043/2918
f 3393/3043/2918 9157/2843/2919 3394/3044/2920
f 9157/2843/2919 7164/2845/2921 3394/3044/2920
f 3394/3044/2920 7164/2845/2921 3395/3045/2922
f 7164/2845/2921 8995/2851/2923 3395/3045/2922
f 3395/3045/2922 8995/2851/2923 3396/3046/2924
f 8995/2851/2923 7158/2853/2925 3396/3046/2924
f 3396/3046/2924 7158/2853/2925 3397/3047/2926
f 7158/2853/2925 7153/2859/2927 3397/3047/2926
f 3397/3047/2926 7153/2859/2927 3398/3048/2928
f 7153/2859/2927 8903/2861/2929 3398/3048/2928
f 3398/3048/2928 8903/2861/2929 3399/3049/2930
f 8903/2861/2929 8989/2867/2931 3399/3049/2930
f 3399/3049/2930 8989/2867/2931 3400/3050/2932
f 8989/2867/2931 7147/2869/2933 3400/3050/2932
f 3400/3050/2932 7147/2869/2933 3401/3051/2934
f 7147/2869/2933 7142/2875/2935 3401/3051/2934
f 3401/3051/2934 7142/2875/2935 3402/3052/2936
f 7142/2875/2935 8925/2877/2937 3402/3052/2936
f 3402/3052/2936 8925/2877/2937 3403/3053/2938
f 8925/2877/2937 7136/2883/2939 3403/3053/2938
f 3403/3053/2938 7136/2883/2939 3404/3054/2940
f 7136/2883/2939 8396/2885/2941 3404/3054/2940
f 3404/3054/2940 8396/2885/2941 3405/3055/2942
f 8396/2885/2941 7134/2891/2943 3405/3055/2942
f 3405/3055/2942 7134/2891/2943 3406/3056/2944
f 7134/2891/2943 8568/2893/2945 3406/3056/2944
f 3406/3056/2944 8568/2893/2945 3407/3057/2946
f 8568/2893/2945 8983/2899/2947 3407/3057/2946
f 3407/3057/2946 8983/2899/2947 3408/3058/2948
f 8983/2899/2947 8184/2901/2949 3408/3058/2948
f 3408/3058/2948 8184/2901/2949 3409/3059/2950
f 8184/2901/2949 9089/2907/2951 3409/3059/2950
f 3409/3059/2950 9089/2907/2951 3410/3060/2952
f 9089/2907/2951 7744/2909/2953 3410/3060/2952
f 3410/3060/2952 7744/2909/2953 3411/3061/2954
f 7744/2909/2953 7121/2915/2955 3411/3061/2954
f 3411/3061/2954 7121/2915/2955 3412/3062/2956
f 7121/2915/2955 7119/2917/2957 3412/3062/2956
f 3412/3062/2956 7119/2917/2957 3413/3063/2958
f 7119/2917/2957 9797/2923/2959 3413/3063/2958
f 3413/3063/2958 9797/2923/2959 3414/3064/2960
f 9797/2923/2959 7113/2925/2961 3414/3064/2960
f 3414/3064/2960 7113/2925/2961 3415/3065/2962
f 7113/2925/2961 10223/2931/2963 3415/3065/2962
f 3415/3065/2962 10223/2931/2963 3416/3066/2964
f 10223/2931/2963 7109/2933/2965 3416/3066/2964
f 3416/3066/2964 7109/2933/2965 3417/3067/2966
f 7109/2933/2965 7103/2939/2967 3417/3067/2966
f 3417/3067/2966 7103/2939/2967 3418/3068/2968
f 7103/2939/2967 7101/2941/2969 3418/3068/2968
f 3418/3068/2968 7101/2941/2969 3419/3069/2970
f 7101/2941/2969 7096/2947/2971 3419/3069/2970
f 3419/3069/2970 7096/2947/2971 3420/3070/2972
f 7096/2947/2971 8167/2949/2973 3420/3070/2972
f 3420/3070/2972 8167/2949/2973 3421/3071/2974
f 8167/2949/2973 7090/2955/2975 3421/3071/2974
f 3421/3071/2974 7090/2955/2975 3422/3072/2976
f 7090/2955/2975 8299/2957/2977 3422/3072/2976
f 3422/3072/2976 8299/2957/2977 3423/3073/2978
f 8299/2957/2977 7086/2963/2979 3423/3073/2978
f 3423/3073/2978 7086/2963/2979 3424/3074/2980
f 7086/2963/2979 7084/2965/2981 3424/3074/2980
f 3424/3074/2980 7084/2965/2981 3425/3075/2982
f 7084/2965/2981 9520/2971/2983 3425/3075/2982
f 3425/3075/2982 9520/2971/2983 3426/3076/2984
f 9520/2971/2983 7081/2973/2985 3426/3076/2984
f 3426/3076/2984 7081/2973/2985 3427/3077/2986
f 7081/2973/2985 8468/2979/2987 3427/3077/2986
f 3427/3077/2986 8468/2979/2987 3428/3078/2988
f 8468/2979/2987 9607/2981/2989 3428/3078/2988
f 3428/3078/2988 9607/2981/2989 3429/3079/2990
f 9607/2981/2989 7074/2987/2991 3429/3079/2990
f 3429/3079/2990 7074/2987/2991 3430/3080/2992
f 7074/2987/2991 8188/2989/2993 3430/3080/2992
f 3430/3080/2992 8188/2989/2993 3431/3081/2994
f 8188/2989/2993 7065/2995/2995 3431/3081/2994
f 3431/3081/2994 7065/2995/2995 3432/3082/2996
f 7065/2995/2995 8244/2997/2997 3432/3082/2996
f 3432/3082/2996 8244/2997/2997 3353/3003/2838
f 8244/2997/2997 7271/2683/2839 3353/3003/2838
f 7269/2685/2841 3037/2687/2696 7262/2691/2843
f 3037/2687/2696 3038/2689/2698 7262/2691/2843
f 7263/2691/2998 7266/2689/2998 10186/2692/2998
f 7266/2689/2998 7264/2690/2998 10186/2692/2998
f 7270/2685/2999 7268/2686/3000 7267/2687/2999
f 7268/2686/3000 9477/2688/3001 7267/2687/2999
f 8566/2693/2845 3045/2695/2700 7257/2699/2847
f 3045/2695/2700 3046/2697/2702 7257/2699/2847
f 7258/2699/3002 7260/2697/3002 9705/2700/3003
f 7260/2697/3002 8266/2698/3003 9705/2700/3003
f 8567/2693/3004 7261/2694/3005 8480/2695/3004
f 7261/2694/3005 7259/2696/3006 8480/2695/3004
f 10259/2701/2849 3053/2703/2704 7251/2707/2851
f 3053/2703/2704 3054/2705/2706 7251/2707/2851
f 7252/2707/3007 8358/2705/3007 7250/2708/3008
f 8358/2705/3007 7253/2706/3009 7250/2708/3008
f 10260/2701/3010 7256/2702/3011 7255/2703/3010
f 7256/2702/3011 7254/2704/3012 7255/2703/3010
f 10214/2709/2853 3061/2711/2707 8582/2715/2855
f 3061/2711/2707 3062/2713/2709 8582/2715/2855
f 8583/2715/3013 7248/2713/3013 7244/2716/3014
f 7248/2713/3013 7247/2714/3015 7244/2716/3014
f 10215/2709/3016 7249/2710/3016 8314/2711/3016
f 7249/2710/3016 8928/2712/3016 8314/2711/3016
f 7245/2717/2857 3069/2719/2711 7239/2723/2859
f 3069/2719/2711 3070/2721/2713 7239/2723/2859
f 7240/2723/3017 9911/2721/3017 9094/2724/3018
f 9911/2721/3017 7241/2722/3019 9094/2724/3018
f 7246/2717/3020 7243/2718/3021 7242/2719/3020
f 7243/2718/3021 8947/2720/3021 7242/2719/3020
f 9044/2725/2861 3077/2727/2715 7234/2731/2863
f 3077/2727/2715 3078/2729/2717 7234/2731/2863
f 7235/2731/3022 7237/2729/3022 7231/2732/3023
f 7237/2729/3022 7236/2730/3023 7231/2732/3023
f 9045/2725/3024 7238/2726/3025 9710/2727/3024
f 7238/2726/3025 8888/2728/3025 9710/2727/3024
f 7232/2733/2865 3085/2735/2719 7227/2739/2867
f 3085/2735/2719 3086/2737/2721 7227/2739/2867
f 7228/2739/3026 7230/2737/3026 9244/2740/3027
f 7230/2737/3026 7229/2738/3027 9244/2740/3027
f 7233/2733/3028 8660/2734/3028 8962/2735/3028
f 8660/2734/3028 8596/2736/3028 8962/2735/3028
f 7224/2741/2869 3093/2743/2723 8687/2747/2871
f 3093/2743/2723 3094/2745/2725 8687/2747/2871
f 8688/2747/3029 9077/2745/3029 7220/2748/3029
f 9077/2745/3029 8643/2746/3030 7220/2748/3029
f 7225/2741/3031 9976/2742/3032 8854/2743/3033
f 9976/2742/3032 7223/2744/3034 8854/2743/3033
f 7221/2749/2873 3101/2751/2727 7216/2755/2875
f 3101/2751/2727 3102/2753/2729 7216/2755/2875
f 7217/2755/3035 7700/2753/3035 8547/2756/3035
f 7700/2753/3035 9109/2754/3036 8547/2756/3035
f 7222/2749/3037 7219/2750/3038 7218/2751/3039
f 7219/2750/3038 8173/2752/3039 7218/2751/3039
f 7214/2757/2877 3109/2759/2731 10172/2763/2879
f 3109/2759/2731 3110/2761/2733 10172/2763/2879
f 10173/2763/3040 8180/2761/3041 7209/2764/3042
f 8180/2761/3041 7212/2762/3043 7209/2764/3042
f 7215/2757/3044 9548/2758/3045 8075/2759/3046
f 9548/2758/3045 7213/2760/3045 8075/2759/3046
f 7210/2765/2881 3117/2767/2735 10157/2771/2883
f 3117/2767/2735 3118/2769/2737 10157/2771/2883
f 10158/2771/3047 7206/2769/3047 8712/2772/3048
f 7206/2769/3047 8745/2770/3048 8712/2772/3048
f 7211/2765/3049 7208/2766/3050 7207/2767/3049
f 7208/2766/3050 10161/2768/3050 7207/2767/3049
f 10283/2773/2885 3125/2775/2739 7203/2779/2887
f 3125/2775/2739 3126/2777/2741 7203/2779/2887
f 7204/2779/3051 8763/2777/3051 8373/2780/3052
f 8763/2777/3051 7205/2778/3053 8373/2780/3052
f 10284/2773/3054 8892/2774/3054 8562/2775/3054
f 8892/2774/3054 8943/2776/3054 8562/2775/3054
f 8630/2781/2889 3133/2783/2742 8705/2787/2891
f 3133/2783/2742 3134/2785/2744 8705/2787/2891
f 8706/2787/3055 8703/2785/3055 8181/2788/3056
f 8703/2785/3055 7200/2786/3057 8181/2788/3056
f 8631/2781/3058 7201/2782/3059 9656/2783/3058
f 7201/2782/3059 8078/2784/3060 9656/2783/3058
f 7198/2789/2893 3141/2791/2745 7501/2795/2895
f 3141/2791/2745 3142/2793/2747 7501/2795/2895
f 7502/2795/3061 7196/2793/3061 8661/2796/3062
f 7196/2793/3061 9258/2794/3063 8661/2796/3062
f 7199/2789/3064 9830/2790/3065 7197/2791/3064
f 9830/2790/3065 8344/2792/3066 7197/2791/3064
f 7194/2797/2897 3149/2799/2748 9395/2803/2899
f 3149/2799/2748 3150/2801/2750 9395/2803/2899
f 9396/2803/3067 9817/2801/3067 7189/2804/3068
f 9817/2801/3067 7192/2802/3069 7189/2804/3068
f 7195/2797/3070 8136/2798/3070 9096/2799/3070
f 8136/2798/3070 7193/2800/3070 9096/2799/3070
f 7190/2805/2901 3157/2807/2752 7186/2811/2903
f 3157/2807/2752 3158/2809/2754 7186/2811/2903
f 7187/2811/3071 8267/2809/3072 9053/2812/3073
f 8267/2809/3072 9156/2810/3074 9053/2812/3073
f 7191/2805/3075 8987/2806/3076 7273/2807/3075
f 8987/2806/3076 7188/2808/3076 7273/2807/3075
f 7184/2813/2905 3165/2815/2756 9126/2819/2907
f 3165/2815/2756 3166/2817/2758 9126/2819/2907
f 9127/2819/3077 9644/2817/3077 7181/2820/3078
f 9644/2817/3077 7182/2818/3078 7181/2820/3078
f 7185/2813/3079 8274/2814/3080 9052/2815/3081
f 8274/2814/3080 7183/2816/3082 9052/2815/3081
f 8249/2821/2909 3173/2823/2759 7176/2827/2911
f 3173/2823/2759 3174/2825/2761 7176/2827/2911
f 7177/2827/3083 7178/2825/3084 9468/2828/3085
f 7178/2825/3084 8056/2826/3085 9468/2828/3085
f 8250/2821/3086 7180/2822/3087 7179/2823/3088
f 7180/2822/3087 9978/2824/3088 7179/2823/3088
f 9402/2829/2913 3181/2831/2762 8098/2835/2915
f 3181/2831/2762 3182/2833/2764 8098/2835/2915
f 8099/2835/3089 9290/2833/3089 7170/2836/3090
f 9290/2833/3089 7175/2834/3090 7170/2836/3090
f 9403/2829/3091 8272/2830/3092 9198/2831/3091
f 8272/2830/3092 8409/2832/3093 9198/2831/3091
f 7171/2837/2917 3189/2839/2765 9157/2843/2919
f 3189/2839/2765 3190/2841/2767 9157/2843/2919
f 9158/2843/3094 7167/2841/3094 7163/2844/3095
f 7167/2841/3094 7166/2842/3095 7163/2844/3095
f 7172/2837/3096 7169/2838/3097 7168/2839/3096
f 7169/2838/3097 8876/2840/3097 7168/2839/3096
f 7164/2845/2921 3197/2847/2768 8995/2851/2923
f 3197/2847/2768 3198/2849/2770 8995/2851/2923
f 8996/2851/3098 7161/2849/3098 8950/2852/3099
f 7161/2849/3098 9676/2850/3099 8950/2852/3099
f 7165/2845/3100 9555/2846/3101 7162/2847/3100
f 9555/2846/3101 7160/2848/3102 7162/2847/3100
f 7158/2853/2925 3205/2855/2772 7153/2859/2927
f 3205/2855/2772 3206/2857/2774 7153/2859/2927
f 7154/2859/3103 7156/2857/3103 9764/2860/3103
f 7156/2857/3103 8640/2858/3104 9764/2860/3103
f 7159/2853/3105 8451/2854/3105 7157/2855/3105
f 8451/2854/3105 7155/2856/3105 7157/2855/3105
f 8903/2861/2929 3213/2863/2775 8989/2867/2931
f 3213/2863/2775 3214/2865/2777 8989/2867/2931
f 8990/2867/3106 7151/2865/3106 9821/2868/3107
f 7151/2865/3106 7149/2866/3107 9821/2868/3107
f 8904/2861/3108 9619/2862/3109 7152/2863/3110
f 9619/2862/3109 7150/2864/3109 7152/2863/3110
f 7147/2869/2933 3221/2871/2778 7142/2875/2935
f 3221/2871/2778 3222/2873/2780 7142/2875/2935
f 7143/2875/3111 7145/2873/3111 7141/2876/3112
f 7145/2873/3111 7144/2874/3113 7141/2876/3112
f 7148/2869/3114 7265/2870/3115 7146/2871/3114
f 7265/2870/3115 9936/2872/3116 7146/2871/3114
f 8925/2877/2937 3229/2879/2782 7136/2883/2939
f 3229/2879/2782 3230/2881/2784 7136/2883/2939
f 7137/2883/3117 8120/2881/3117 8293/2884/3118
f 8120/2881/3117 7138/2882/3119 8293/2884/3118
f 8926/2877/3120 7140/2878/3121 7139/2879/3120
f 7140/2878/3121 8350/2880/3121 7139/2879/3120
f 8396/2885/2941 3237/2887/2786 7134/2891/2943
f 3237/2887/2786 3238/2889/2788 7134/2891/2943
f 7135/2891/3122 10218/2889/3122 8463/2892/3123
f 10218/2889/3122 9766/2890/3123 8463/2892/3123
f 8397/2885/3124 9373/2886/3125 8333/2887/3124
f 9373/2886/3125 8427/2888/3125 8333/2887/3124
f 8568/2893/2945 3245/2895/2790 8983/2899/2947
f 3245/2895/2790 3246/2897/2792 8983/2899/2947
f 8984/2899/3126 7132/2897/3127 7130/2900/3128
f 7132/2897/3127 10033/2898/3128 7130/2900/3128
f 8569/2893/3129 7365/2894/3129 7133/2895/3130
f 7365/2894/3129 7131/2896/3130 7133/2895/3130
f 8184/2901/2949 3253/2903/2794 9089/2907/2951
f 3253/2903/2794 3254/2905/2796 9089/2907/2951
f 9090/2907/3131 7128/2905/3132 9532/2908/3133
f 7128/2905/3132 8061/2906/3133 9532/2908/3133
f 8185/2901/3134 7129/2902/3134 8211/2903/3134
f 7129/2902/3134 9036/2904/3134 8211/2903/3134
f 7744/2909/2953 3261/2911/2797 7121/2915/2955
f 3261/2911/2797 3262/2913/2799 7121/2915/2955
f 7122/2915/3135 10264/2913/3135 7118/2916/3135
f 10264/2913/3135 8325/2914/3136 7118/2916/3135
f 7745/2909/3137 7126/2910/3138 7125/2911/3137
f 7126/2910/3138 7123/2912/3138 7125/2911/3137
f 7119/2917/2957 3269/2919/2801 9797/2923/2959
f 3269/2919/2801 3270/2921/2803 9797/2923/2959
f 9798/2923/3139 7117/2921/3139 8767/2924/3140
f 7117/2921/3139 7115/2922/3140 8767/2924/3140
f 7120/2917/3141 8424/2918/3142 8335/2919/3141
f 8424/2918/3142 7116/2920/3142 8335/2919/3141
f 7113/2925/2961 3277/2927/2804 10223/2931/2963
f 3277/2927/2804 3278/2929/2806 10223/2931/2963
f 10224/2931/3143 7112/2929/3143 7108/2932/3144
f 7112/2929/3143 7111/2930/3144 7108/2932/3144
f 7114/2925/3145 9163/2926/3146 9642/2927/3145
f 9163/2926/3146 9401/2928/3147 9642/2927/3145
f 7109/2933/2965 3285/2935/2807 7103/2939/2967
f 3285/2935/2807 3286/2937/2809 7103/2939/2967
f 7104/2939/3148 8254/2937/3149 7100/2940/3149
f 8254/2937/3149 10156/2938/3150 7100/2940/3149
f 7110/2933/3151 7107/2934/3151 7106/2935/3151
f 7107/2934/3151 7105/2936/3151 7106/2935/3151
f 7101/2941/2969 3293/2943/2810 7096/2947/2971
f 3293/2943/2810 3294/2945/2812 7096/2947/2971
f 7097/2947/3152 9010/2945/3152 9803/2948/3153
f 9010/2945/3152 8801/2946/3153 9803/2948/3153
f 7102/2941/3154 7099/2942/3155 7098/2943/3154
f 7099/2942/3155 8619/2944/3155 7098/2943/3154
f 8167/2949/2973 3301/2951/2813 7090/2955/2975
f 3301/2951/2813 3302/2953/2815 7090/2955/2975
f 7091/2955/3156 7094/2953/3156 7089/2956/3157
f 7094/2953/3156 7092/2954/3158 7089/2956/3157
f 8168/2949/3159 8343/2950/3159 7095/2951/3159
f 8343/2950/3159 7093/2952/3160 7095/2951/3159
f 8299/2957/2977 3309/2959/2816 7086/2963/2979
f 3309/2959/2816 3310/2961/2818 7086/2963/2979
f 7087/2963/3161 9475/2961/3161 8308/2964/3161
f 9475/2961/3161 8117/2962/3162 8308/2964/3161
f 8300/2957/3163 7088/2958/3163 8657/2959/3163
f 7088/2958/3163 8723/2960/3163 8657/2959/3163
f 7084/2965/2981 3317/2967/2819 9520/2971/2983
f 3317/2967/2819 3318/2969/2821 9520/2971/2983
f 9521/2971/3164 8974/2969/3164 8669/2972/3165
f 8974/2969/3164 7083/2970/3165 8669/2972/3165
f 7085/2965/3166 9604/2966/3167 8887/2967/3168
f 9604/2966/3167 8938/2968/3169 8887/2967/3168
f 7081/2973/2985 3325/2975/2823 8468/2979/2987
f 3325/2975/2823 3326/2977/2825 8468/2979/2987
f 8469/2979/3170 7080/2977/3171 7079/2980/3172
f 7080/2977/3171 9707/2978/3172 7079/2980/3172
f 7082/2973/3173 8932/2974/3173 9636/2975/3174
f 8932/2974/3173 8190/2976/3174 9636/2975/3174
f 9607/2981/2989 3333/2983/2826 7074/2987/2991
f 3333/2983/2826 3334/2985/2828 7074/2987/2991
f 7075/2987/3175 7077/2985/3175 7071/2988/3175
f 7077/2985/3175 9080/2986/3176 7071/2988/3175
f 9608/2981/3177 7574/2982/3178 7078/2983/3177
f 7574/2982/3178 7076/2984/3179 7078/2983/3177
f 8188/2989/2993 3341/2991/2830 7065/2995/2995
f 3341/2991/2830 3342/2993/2832 7065/2995/2995
f 7066/2995/3180 10026/2993/3180 7064/2996/3180
f 10026/2993/3180 7067/2994/3180 7064/2996/3180
f 8189/2989/3181 7070/2990/3182 7069/2991/3181
f 7070/2990/3182 7068/2992/3182 7069/2991/3181
f 8244/2997/2997 3349/2999/2834 7271/2683/2839
f 3349/2999/2834 3350/3001/2836 7271/2683/2839
f 7272/2683/3183 8442/3001/3184 8675/2684/3185
f 8442/3001/3184 7061/3002/3185 8675/2684/3185
f 8245/2997/3186 7063/2998/3187 7062/2999/3188
f 7063/2998/3187 8663/3000/3187 7062/2999/3188
f 3433/3083/3189 3435/3084/3189 3434/3085/3189
f 3435/3084/3189 3436/3086/3189 3434/3085/3189
f 3437/3087/2471 3439/3088/2471 3438/3089/2471
f 3439/3088/2471 3440/3090/2471 3438/3089/2471
f 3441/3091/3190 3443/3092/3190 3442/3093/3190
f 3443/3092/3190 3444/3094/3190 3442/3093/3190
f 3445/3095/2478 3447/3096/2478 3446/3097/2478
f 3447/3096/2478 3448/3098/2478 3446/3097/2478
f 3449/3099/3191 3451/3100/3191 3450/3101/3191
f 3451/3100/3191 3452/3102/3191 3450/3101/3191
f 3453/3103/2482 3455/3104/2482 3454/3105/2482
f 3455/3104/2482 3456/3106/2482 3454/3105/2482
f 3457/3107/2484 3459/3108/2484 3458/3109/2484
f 3459/3108/2484 3460/3110/2484 3458/3109/2484
f 3461/3111/3192 3463/3112/3192 3462/3113/3192
f 3463/3112/3192 3464/3114/3192 3462/3113/3192
f 3465/3115/2490 3467/3116/2490 3466/3117/2490
f 3467/3116/2490 3468/3118/2490 3466/3117/2490
f 3469/3119/3193 3471/3120/3193 3470/3121/3193
f 3471/3120/3193 3472/3122/3193 3470/3121/3193
f 3473/3123/3194 3475/3124/3194 3474/3125/3194
f 3475/3124/3194 3476/3126/3194 3474/3125/3194
f 3477/3127/2499 3479/3128/2499 3478/3129/2499
f 3479/3128/2499 3480/3130/2499 3478/3129/2499
f 3481/3131/3195 3483/3132/3195 3482/3133/3195
f 3483/3132/3195 3484/3134/3195 3482/3133/3195
f 3485/3135/3196 3487/3136/3196 3486/3137/3196
f 3487/3136/3196 3488/3138/3196 3486/3137/3196
f 3489/3139/2505 3491/3140/2505 3490/3141/2505
f 3491/3140/2505 3492/3142/2505 3490/3141/2505
f 3493/3143/3197 3495/3144/3197 3494/3145/3197
f 3495/3144/3197 3496/3146/3197 3494/3145/3197
f 3497/3147/2414 3499/3148/2414 3498/3149/2414
f 3499/3148/2414 3500/3150/2414 3498/3149/2414
f 3501/3151/2510 3503/3152/2510 3502/3153/2510
f 3503/3152/2510 3504/3154/2510 3502/3153/2510
f 3505/3155/3198 3507/3156/3198 3506/3157/3198
f 3507/3156/3198 3508/3158/3198 3506/3157/3198
f 3509/3159/2418 3511/3160/2418 3510/3161/2418
f 3511/3160/2418 3512/3162/2418 3510/3161/2418
f 3513/3163/2422 3515/3164/2422 3514/3165/2422
f 3515/3164/2422 3516/3166/2422 3514/3165/2422
f 3517/3167/2424 3519/3168/2424 3518/3169/2424
f 3519/3168/2424 3520/3170/2424 3518/3169/2424
f 3521/3171/3199 3523/3172/3199 3522/3173/3199
f 3523/3172/3199 3524/3174/3199 3522/3173/3199
f 3525/3175/2431 3527/3176/2431 3526/3177/2431
f 3527/3176/2431 3528/3178/2431 3526/3177/2431
f 3529/3179/2433 3531/3180/2433 3530/3181/2433
f 3531/3180/2433 3532/3182/2433 3530/3181/2433
f 3533/3183/3200 3535/3184/3200 3534/3185/3200
f 3535/3184/3200 3536/3186/3200 3534/3185/3200
f 3537/3187/2437 3539/3188/2437 3538/3189/2437
f 3539/3188/2437 3540/3190/2437 3538/3189/2437
f 3541/3191/2439 3543/3192/2439 3542/3193/2439
f 3543/3192/2439 3544/3194/2439 3542/3193/2439
f 3545/3195/2441 3547/3196/2441 3546/3197/2441
f 3547/3196/2441 3548/3198/2441 3546/3197/2441
f 3549/3199/2443 3551/3200/2443 3550/3201/2443
f 3551/3200/2443 3552/3202/2443 3550/3201/2443
f 3553/3203/3201 3555/3204/3201 3554/3205/3201
f 3555/3204/3201 3556/3206/3201 3554/3205/3201
f 3557/3207/2448 3559/3208/2448 3558/3209/2448
f 3559/3208/2448 3560/3210/2448 3558/3209/2448
f 3561/3211/2451 3563/3212/2451 3562/3213/2451
f 3563/3212/2451 3564/3214/2451 3562/3213/2451
f 3565/3215/2453 3567/3216/2453 3566/3217/2453
f 3567/3216/2453 3568/3218/2453 3566/3217/2453
f 3569/3219/3202 3571/3220/3202 3570/3221/3202
f 3571/3220/3202 3572/3222/3202 3570/3221/3202
f 3573/3223/2458 3575/3224/2458 3574/3225/2458
f 3575/3224/2458 3576/3226/2458 3574/3225/2458
f 3577/3227/2461 3579/3228/2461 3578/3229/2461
f 3579/3228/2461 3580/3230/2461 3578/3229/2461
f 3581/3231/3203 3583/3232/3203 3582/3233/3203
f 3583/3232/3203 3584/3234/3203 3582/3233/3203
f 3585/3235/2465 3587/3236/2465 3586/3237/2465
f 3587/3236/2465 3588/3238/2465 3586/3237/2465
f 3589/3239/3204 3591/3240/3204 3590/3241/3204
f 3591/3240/3204 3592/3242/3204 3590/3241/3204
f 3593/3243/3205 7055/3085/3206 3594/3244/3205
f 7055/3085/3206 8624/3090/3206 3594/3244/3205
f 7057/3083/3070 7056/3085/3207 3595/3245/3208
f 7056/3085/3207 6890/3243/3070 3595/3245/3208
f 3596/3246/1029 8191/3084/1029 8976/3245/1029
f 8191/3084/1029 7058/3083/1029 8976/3245/1029
f 3597/3247/3209 7053/3086/3209 6887/3246/3210
f 7053/3086/3209 8192/3084/3209 6887/3246/3210
f 3598/3248/3206 7045/3093/3206 6885/3247/3206
f 7045/3093/3206 7054/3086/3206 6885/3247/3206
f 7047/3091/3211 7046/3093/3211 3599/3249/3211
f 7046/3093/3211 6883/3248/3211 3599/3249/3211
f 3600/3250/1029 9954/3092/1029 8552/3249/1029
f 9954/3092/1029 7048/3091/1029 8552/3249/1029
f 3601/3251/3212 7043/3094/3057 7202/3250/3212
f 7043/3094/3057 9955/3092/3057 7202/3250/3212
f 3602/3252/3213 7041/3097/3213 8277/3251/3213
f 7041/3097/3213 7044/3094/3213 8277/3251/3213
f 8550/3095/3060 7042/3097/3060 3603/3253/3060
f 7042/3097/3060 9018/3252/3060 3603/3253/3060
f 3604/3254/1029 8609/3096/1029 6882/3253/1029
f 8609/3096/1029 8551/3095/1029 6882/3253/1029
f 3605/3255/3053 7039/3098/3053 6881/3254/3214
f 7039/3098/3053 8610/3096/3053 6881/3254/3214
f 3606/3256/3213 9599/3101/3213 6879/3255/3213
f 9599/3101/3213 7040/3098/3213 6879/3255/3213
f 7037/3099/3054 9600/3101/3054 3607/3257/3054
f 9600/3101/3054 7645/3256/3054 3607/3257/3054
f 3608/3258/1029 9223/3100/1029 9168/3257/1029
f 9223/3100/1029 7038/3099/1029 9168/3257/1029
f 3609/3259/3215 8159/3102/3047 7534/3258/3047
f 8159/3102/3047 9224/3100/3047 7534/3258/3047
f 3610/3260/3216 7035/3105/3216 6877/3259/3216
f 7035/3105/3216 8160/3102/3216 6877/3259/3216
f 9544/3103/3050 7036/3105/3050 3611/3261/3050
f 7036/3105/3050 6875/3260/3050 3611/3261/3050
f 3612/3262/1029 7033/3104/1029 8161/3261/1029
f 7033/3104/1029 9545/3103/1029 8161/3261/1029
f 3613/3263/3043 7031/3106/3043 6874/3262/3043
f 7031/3106/3043 7034/3104/3043 6874/3262/3043
f 3614/3264/3217 9480/3109/3216 9277/3263/3217
f 9480/3109/3216 7032/3106/3216 9277/3263/3217
f 8403/3107/3045 9481/3109/3045 3615/3265/3045
f 9481/3109/3045 10196/3264/3045 3615/3265/3045
f 3616/3266/1029 7029/3108/1029 6873/3265/1029
f 7029/3108/1029 8404/3107/1029 6873/3265/1029
f 3617/3267/3035 10267/3110/3036 6872/3266/3218
f 10267/3110/3036 7030/3108/3036 6872/3266/3218
f 3618/3268/3217 9434/3113/3219 6870/3267/3217
f 9434/3113/3219 10268/3110/3219 6870/3267/3217
f 7027/3111/3039 9435/3113/3039 3619/3269/3039
f 9435/3113/3039 6868/3268/3039 3619/3269/3039
f 3620/3270/1029 8606/3112/1029 6867/3269/1029
f 8606/3112/1029 7028/3111/1029 6867/3269/1029
f 3621/3271/3029 7025/3114/3030 9818/3270/3029
f 7025/3114/3030 8607/3112/3030 9818/3270/3029
f 3622/3272/3220 7021/3117/3220 6865/3271/3220
f 7021/3117/3220 7026/3114/3220 6865/3271/3220
f 7023/3115/3221 7022/3117/3221 3623/3273/3221
f 7022/3117/3221 9002/3272/3221 3623/3273/3221
f 3624/3274/1029 8199/3116/1029 6864/3273/1029
f 8199/3116/1029 7024/3115/1029 6864/3273/1029
f 3625/3275/3222 8899/3118/3222 6863/3274/3223
f 8899/3118/3222 8200/3116/3222 6863/3274/3223
f 3626/3276/3220 8575/3121/3220 6861/3275/3220
f 8575/3121/3220 8900/3118/3220 6861/3275/3220
f 7019/3119/3224 8576/3121/3224 3627/3277/3028
f 8576/3121/3224 6859/3276/3028 3627/3277/3028
f 3628/3278/1029 9815/3120/1029 10217/3277/1029
f 9815/3120/1029 7020/3119/1029 10217/3277/1029
f 3629/3279/3023 7017/3122/3225 8823/3278/3023
f 7017/3122/3225 9816/3120/3225 8823/3278/3023
f 3630/3280/3226 9441/3125/3227 9123/3279/3226
f 9441/3125/3227 7018/3122/3227 9123/3279/3226
f 10177/3123/3025 9442/3125/3025 3631/3281/3024
f 9442/3125/3025 9903/3280/3228 3631/3281/3024
f 3632/3282/1029 9563/3124/1029 8497/3281/1029
f 9563/3124/1029 10178/3123/1029 8497/3281/1029
f 3633/3283/3019 7015/3126/3019 8224/3282/3019
f 7015/3126/3019 9564/3124/3019 8224/3282/3019
f 3634/3284/3226 7013/3129/3229 9169/3283/3226
f 7013/3129/3229 7016/3126/3229 9169/3283/3226
f 8830/3127/3021 7014/3129/3021 3635/3285/3021
f 7014/3129/3021 6857/3284/3021 3635/3285/3021
f 3636/3286/1029 7011/3128/1029 7358/3285/1029
f 7011/3128/1029 8831/3127/1029 7358/3285/1029
f 3637/3287/3015 8406/3130/3230 9448/3286/3015
f 8406/3130/3230 7012/3128/3230 9448/3286/3015
f 3638/3288/3229 8754/3133/3229 8129/3287/3229
f 8754/3133/3229 8407/3130/3229 8129/3287/3229
f 7009/3131/3231 8755/3133/3231 3639/3289/3231
f 8755/3133/3231 9377/3288/3231 3639/3289/3231
f 3640/3290/1029 7007/3132/1029 9523/3289/1029
f 7007/3132/1029 7010/3131/1029 9523/3289/1029
f 3641/3291/3232 7005/3134/3009 6856/3290/3232
f 7005/3134/3009 7008/3132/3009 6856/3290/3232
f 3642/3292/3233 7003/3137/3233 9266/3291/3233
f 7003/3137/3233 7006/3134/3233 9266/3291/3233
f 9082/3135/3012 7004/3137/3012 3643/3293/3012
f 7004/3137/3012 6854/3292/3012 3643/3293/3012
f 3644/3294/1029 7001/3136/1029 8045/3293/1029
f 7001/3136/1029 9083/3135/1029 8045/3293/1029
f 3645/3295/3234 6999/3138/3234 9042/3294/3235
f 6999/3138/3234 7002/3136/3234 9042/3294/3235
f 3646/3296/3233 9374/3141/3233 9470/3295/3233
f 9374/3141/3233 7000/3138/3233 9470/3295/3233
f 6997/3139/3236 9375/3141/3236 3647/3297/3237
f 9375/3141/3236 9370/3296/3238 3647/3297/3237
f 3648/3298/1029 6995/3140/1029 6853/3297/1029
f 6995/3140/1029 6998/3139/1029 6853/3297/1029
f 3649/3299/2998 6993/3142/3239 6852/3298/2998
f 6993/3142/3239 6996/3140/3239 6852/3298/2998
f 3650/3300/3240 6991/3145/3240 9729/3299/3240
f 6991/3145/3240 6994/3142/3240 9729/3299/3240
f 8772/3143/3001 6992/3145/3001 3651/3301/2999
f 6992/3145/3001 8796/3300/3000 3651/3301/2999
f 3652/3302/1029 6989/3144/1029 8846/3301/1029
f 6989/3144/1029 8773/3143/1029 8846/3301/1029
f 3653/3303/3241 6987/3146/3185 6851/3302/3185
f 6987/3146/3185 6990/3144/3185 6851/3302/3185
f 3654/3304/3242 6979/3153/3240 9942/3303/3242
f 6979/3153/3240 6988/3146/3240 9942/3303/3242
f 7407/3151/3243 6980/3153/3243 3655/3305/3244
f 6980/3153/3243 6849/3304/3243 3655/3305/3244
f 3656/3306/1029 8500/3152/1029 6848/3305/1029
f 8500/3152/1029 7408/3151/1029 6848/3305/1029
f 3657/3307/3180 8114/3154/3245 9531/3306/3246
f 8114/3154/3245 8501/3152/3245 9531/3306/3246
f 3658/3308/3242 6983/3149/3247 6846/3307/3242
f 6983/3149/3247 8115/3154/3247 6846/3307/3242
f 6985/3147/3182 6984/3149/3182 3659/3309/3182
f 6984/3149/3182 6844/3308/3182 3659/3309/3182
f 3660/3310/1029 6981/3148/1029 6843/3309/1029
f 6981/3148/1029 6986/3147/1029 6843/3309/1029
f 3661/3311/3248 8611/3150/3175 6842/3310/3248
f 8611/3150/3175 6982/3148/3175 6842/3310/3248
f 3662/3312/3249 6977/3157/3249 10184/3311/3249
f 6977/3157/3249 8612/3150/3249 10184/3311/3249
f 10301/3155/3250 6978/3157/3250 3663/3313/3250
f 6978/3157/3250 8673/3312/3250 3663/3313/3250
f 3664/3314/1029 9826/3156/1029 8179/3313/1029
f 9826/3156/1029 10302/3155/1029 8179/3313/1029
f 3665/3315/3251 6975/3158/3252 6841/3314/3253
f 6975/3158/3252 9827/3156/3252 6841/3314/3253
f 3666/3316/3249 6973/3161/3249 8310/3315/3249
f 6973/3161/3249 6976/3158/3249 8310/3315/3249
f 9071/3159/3174 6974/3161/3174 3667/3317/3173
f 6974/3161/3174 6839/3316/3173 3667/3317/3173
f 3668/3318/1029 6971/3160/1029 9753/3317/1029
f 6971/3160/1029 9072/3159/1029 9753/3317/1029
f 3669/3319/3254 10138/3162/3255 9550/3318/3254
f 10138/3162/3255 6972/3160/3255 9550/3318/3254
f 3670/3320/3256 6967/3165/3257 8507/3319/3256
f 6967/3165/3257 10139/3162/3257 8507/3319/3256
f 6969/3163/3258 6968/3165/3258 3671/3321/3259
f 6968/3165/3258 6837/3320/3259 3671/3321/3259
f 3672/3322/1029 6965/3164/1029 8257/3321/1029
f 6965/3164/1029 6970/3163/1029 8257/3321/1029
f 3673/3323/3162 9698/3166/3162 8327/3322/3162
f 9698/3166/3162 6966/3164/3162 8327/3322/3162
f 3674/3324/3256 8699/3169/3260 8132/3323/3256
f 8699/3169/3260 9699/3166/3260 8132/3323/3256
f 6963/3167/3261 8700/3169/3261 3675/3325/3261
f 8700/3169/3261 6835/3324/3261 3675/3325/3261
f 3676/3326/1029 8893/3168/1029 8756/3325/1029
f 8893/3168/1029 6964/3167/1029 8756/3325/1029
f 3677/3327/3158 6961/3170/3158 6834/3326/3157
f 6961/3170/3158 8894/3168/3158 6834/3326/3157
f 3678/3328/3260 10111/3173/3260 9535/3327/3260
f 10111/3173/3260 6962/3170/3260 9535/3327/3260
f 6959/3171/3159 10112/3173/3159 3679/3329/3160
f 10112/3173/3159 8859/3328/3159 3679/3329/3160
f 3680/3330/1029 9567/3172/1029 8372/3329/1029
f 9567/3172/1029 6960/3171/1029 8372/3329/1029
f 3681/3331/3262 6957/3174/3153 6833/3330/3153
f 6957/3174/3153 9568/3172/3263 6833/3330/3153
f 3682/3332/3264 8718/3177/3264 8454/3331/3264
f 8718/3177/3264 6958/3174/3264 8454/3331/3264
f 8376/3175/3265 8719/3177/3265 3683/3333/3265
f 8719/3177/3265 6830/3332/3265 3683/3333/3265
f 3684/3334/1029 8362/3176/1029 6829/3333/1029
f 8362/3176/1029 8377/3175/1029 6829/3333/1029
f 3685/3335/3266 7059/3178/3150 9740/3334/3267
f 7059/3178/3150 8363/3176/3150 9740/3334/3267
f 3686/3336/3264 8230/3181/3264 9112/3335/3264
f 8230/3181/3264 7060/3178/3264 9112/3335/3264
f 6955/3179/3151 8231/3181/3151 3687/3337/3151
f 8231/3181/3151 6827/3336/3151 3687/3337/3151
f 3688/3338/1029 8649/3180/1029 6826/3337/1029
f 8649/3180/1029 6956/3179/1029 6826/3337/1029
f 3689/3339/3144 8897/3182/3144 8602/3338/3144
f 8897/3182/3144 8650/3180/3144 8602/3338/3144
f 3690/3340/3268 8124/3185/3268 6824/3339/3268
f 8124/3185/3268 8898/3182/3268 6824/3339/3268
f 6953/3183/3147 8125/3185/3147 3691/3341/3146
f 8125/3185/3147 9837/3340/3147 3691/3341/3146
f 3692/3342/1029 6951/3184/1029 8689/3341/1029
f 6951/3184/1029 6954/3183/1029 8689/3341/1029
f 3693/3343/3269 9720/3186/3140 9958/3342/3269
f 9720/3186/3140 6952/3184/3140 9958/3342/3269
f 3694/3344/3270 9799/3189/3268 6822/3343/3270
f 9799/3189/3268 9721/3186/3268 6822/3343/3270
f 6949/3187/3142 9800/3189/3142 3695/3345/3142
f 9800/3189/3142 6820/3344/3142 3695/3345/3142
f 3696/3346/1029 6947/3188/1029 9243/3345/1029
f 6947/3188/1029 6950/3187/1029 9243/3345/1029
f 3697/3347/3135 8933/3190/3136 9638/3346/3271
f 8933/3190/3136 6948/3188/3136 9638/3346/3271
f 3698/3348/3270 6942/3193/3272 6818/3347/3270
f 6942/3193/3272 8934/3190/3272 6818/3347/3270
f 6945/3191/3138 6943/3193/3138 3699/3349/3273
f 6943/3193/3138 6816/3348/3274 3699/3349/3273
f 3700/3350/1029 6940/3192/1029 6815/3349/1029
f 6940/3192/1029 6946/3191/1029 6815/3349/1029
f 3701/3351/3133 6938/3194/3275 9211/3350/3275
f 6938/3194/3275 6941/3192/3275 9211/3350/3275
f 3702/3352/3276 6936/3197/3276 6813/3351/3276
f 6936/3197/3276 6939/3194/3276 6813/3351/3276
f 8084/3195/3134 6937/3197/3134 3703/3353/3134
f 6937/3197/3134 8446/3352/3134 3703/3353/3134
f 3704/3354/1029 8104/3196/1029 8494/3353/1029
f 8104/3196/1029 8085/3195/1029 8494/3353/1029
f 3705/3355/3128 10189/3198/3128 8292/3354/3127
f 10189/3198/3128 8105/3196/3128 8292/3354/3127
f 3706/3356/3276 6934/3201/3276 6811/3355/3276
f 6934/3201/3276 10190/3198/3276 6811/3355/3276
f 9472/3199/3129 6935/3201/3129 3707/3357/3129
f 6935/3201/3129 8539/3356/3129 3707/3357/3129
f 3708/3358/1029 6932/3200/1029 6810/3357/1029
f 6932/3200/1029 9473/3199/1029 6810/3357/1029
f 3709/3359/3122 6930/3202/3122 6809/3358/3122
f 6930/3202/3122 6933/3200/3122 6809/3358/3122
f 3710/3360/3277 9086/3205/3278 8865/3359/3277
f 9086/3205/3278 6931/3202/3278 8865/3359/3277
f 6928/3203/3125 9087/3205/3125 3711/3361/3279
f 9087/3205/3125 6807/3360/3280 3711/3361/3279
f 3712/3362/1029 7376/3204/1029 6806/3361/1029
f 7376/3204/1029 6929/3203/1029 6806/3361/1029
f 3713/3363/3119 6926/3206/3119 7802/3362/3119
f 6926/3206/3119 7377/3204/3119 7802/3362/3119
f 3714/3364/3277 9248/3209/3281 9812/3363/3277
f 9248/3209/3281 6927/3206/3281 9812/3363/3277
f 8070/3207/3282 9249/3209/3282 3715/3365/3121
f 9249/3209/3282 6804/3364/3121 3715/3365/3121
f 3716/3366/1029 8057/3208/1029 6803/3365/1029
f 8057/3208/1029 8071/3207/1029 6803/3365/1029
f 3717/3367/3283 6924/3210/3283 7927/3366/3284
f 6924/3210/3283 8058/3208/3283 7927/3366/3284
f 3718/3368/3281 6920/3213/3281 8544/3367/3281
f 6920/3213/3281 6925/3210/3281 8544/3367/3281
f 6922/3211/3285 6921/3213/3285 3719/3369/3116
f 6921/3213/3285 6801/3368/3116 3719/3369/3116
f 3720/3370/1029 9176/3212/1029 6800/3369/1029
f 9176/3212/1029 6923/3211/1029 6800/3369/1029
f 3721/3371/3107 8775/3214/3286 8836/3370/3107
f 8775/3214/3286 9177/3212/3286 8836/3370/3107
f 3722/3372/3287 6916/3217/3287 6798/3371/3287
f 6916/3217/3287 8776/3214/3287 6798/3371/3287
f 6918/3215/3288 6917/3217/3288 3723/3373/3288
f 6917/3217/3288 8804/3372/3288 3723/3373/3288
f 3724/3374/1029 6914/3216/1029 6797/3373/1029
f 6914/3216/1029 6919/3215/1029 6797/3373/1029
f 3725/3375/3103 8474/3218/3104 6796/3374/3289
f 8474/3218/3104 6915/3216/3104 6796/3374/3289
f 3726/3376/3287 8436/3221/3287 6794/3375/3287
f 8436/3221/3287 8475/3218/3287 6794/3375/3287
f 8526/3219/3105 8437/3221/3105 3727/3377/3290
f 8437/3221/3105 9762/3376/3105 3727/3377/3290
f 3728/3378/1029 6912/3220/1029 6793/3377/1029
f 6912/3220/1029 8527/3219/1029 6793/3377/1029
f 3729/3379/3099 9912/3222/3099 6792/3378/3098
f 9912/3222/3099 6913/3220/3099 6792/3378/3098
f 3730/3380/3291 9382/3225/3291 9385/3379/3291
f 9382/3225/3291 9913/3222/3291 9385/3379/3291
f 8810/3223/3292 9383/3225/3292 3731/3381/3293
f 9383/3225/3292 6790/3380/3292 3731/3381/3293
f 3732/3382/1029 6910/3224/1029 6789/3381/1029
f 6910/3224/1029 8811/3223/1029 6789/3381/1029
f 3733/3383/3095 6908/3226/3095 6788/3382/3294
f 6908/3226/3095 6911/3224/3095 6788/3382/3294
f 3734/3384/3295 6904/3229/3291 8417/3383/3295
f 6904/3229/3291 6909/3226/3291 8417/3383/3295
f 6906/3227/3097 6905/3229/3097 3735/3385/3097
f 6905/3229/3097 8614/3384/3097 3735/3385/3097
f 3736/3386/1029 6902/3228/1029 8586/3385/1029
f 6902/3228/1029 6907/3227/1029 8586/3385/1029
f 3737/3387/3090 10167/3230/3296 9924/3386/3090
f 10167/3230/3296 6903/3228/3296 9924/3386/3090
f 3738/3388/3295 6900/3231/3297 9256/3387/3295
f 6900/3231/3297 10168/3230/3297 9256/3387/3295
f 8076/3232/3093 6901/3231/3093 3739/3389/3298
f 6901/3231/3093 6786/3388/3092 3739/3389/3298
f 3740/3390/1029 6896/3234/1029 9023/3389/1029
f 6896/3234/1029 8077/3232/1029 9023/3389/1029
f 3741/3391/3085 6898/3233/3299 8627/3390/3085
f 6898/3233/3299 6897/3234/3299 8627/3390/3085
f 3742/3392/3300 9760/3235/3300 8081/3391/3300
f 9760/3235/3300 6899/3233/3300 8081/3391/3300
f 8852/3236/3088 9761/3235/3088 3743/3393/3088
f 9761/3235/3088 6784/3392/3088 3743/3393/3088
f 3744/3394/1029 6892/3238/1029 6783/3393/1029
f 6892/3238/1029 8853/3236/1029 6783/3393/1029
f 3745/3395/3078 6894/3237/3078 6782/3394/3078
f 6894/3237/3078 6893/3238/3078 6782/3394/3078
f 3746/3396/3300 9596/3239/3300 8760/3395/3300
f 9596/3239/3300 6895/3237/3300 8760/3395/3300
f 8354/3240/3082 9597/3239/3082 3747/3397/3301
f 9597/3239/3082 6780/3396/3080 3747/3397/3301
f 3748/3398/1029 8972/3242/1029 6779/3397/1029
f 8972/3242/1029 8355/3240/1029 6779/3397/1029
f 3749/3399/3302 10254/3241/3074 8742/3398/3072
f 10254/3241/3074 8973/3242/3074 8742/3398/3072
f 3750/3400/3205 9788/3089/3303 6777/3399/3205
f 9788/3089/3303 10255/3241/3303 6777/3399/3205
f 7051/3087/3076 9789/3089/3076 3751/3401/3304
f 9789/3089/3076 9281/3400/3305 3751/3401/3304
f 3752/3402/1029 7049/3088/1029 6776/3401/1029
f 7049/3088/1029 7052/3087/1029 6776/3401/1029
f 6888/3244/3068 8625/3090/3069 6775/3402/3068
f 8625/3090/3069 7050/3088/3069 6775/3402/3068
f 8136/2798/3070 3753/3403/3208 7193/2800/3070
f 3753/3403/3208 3754/3404/3070 7193/2800/3070
f 3147/2796/1029 3755/3405/1029 3148/2798/1029
f 3755/3405/1029 6774/3403/1029 3148/2798/1029
f 8661/2796/3062 9258/2794/3063 6772/3405/3210
f 9258/2794/3063 3756/3406/3210 6772/3405/3210
f 3143/2792/2746 3757/3407/3306 3144/2794/2746
f 3757/3407/3306 8433/3406/3307 3144/2794/2746
f 9830/2790/3065 3758/3408/3211 8344/2792/3066
f 3758/3408/3211 6771/3407/3211 8344/2792/3066
f 3139/2788/1029 3759/3409/1029 3140/2790/1029
f 3759/3409/1029 9284/3408/1029 3140/2790/1029
f 8181/2788/3056 7200/2786/3057 10152/3409/3212
f 7200/2786/3057 3760/3410/3212 10152/3409/3212
f 3135/2784/2743 3761/3411/3308 3136/2786/2743
f 3761/3411/3308 6770/3410/3309 3136/2786/2743
f 7201/2782/3059 3762/3412/3060 8078/2784/3060
f 3762/3412/3060 10269/3411/3060 8078/2784/3060
f 3131/2780/1029 3763/3413/1029 3132/2782/1029
f 3763/3413/1029 6769/3412/1029 3132/2782/1029
f 8373/2780/3052 7205/2778/3053 7325/3413/3052
f 7205/2778/3053 3764/3414/3052 7325/3413/3052
f 3127/2776/2740 3765/3415/2740 3128/2778/2740
f 3765/3415/2740 8595/3414/2740 3128/2778/2740
f 8892/2774/3054 3766/3416/3310 8943/2776/3054
f 3766/3416/3310 9814/3415/3310 8943/2776/3054
f 3123/2772/1029 3767/3417/1029 3124/2774/1029
f 3767/3417/1029 8766/3416/1029 3124/2774/1029
f 8712/2772/3048 8745/2770/3048 7950/3417/3047
f 8745/2770/3048 3768/3418/3311 7950/3417/3047
f 3119/2768/2736 3769/3419/2738 3120/2770/2738
f 3769/3419/2738 9845/3418/3312 3120/2770/2738
f 7208/2766/3050 3770/3420/3050 10161/2768/3050
f 3770/3420/3050 6768/3419/3050 10161/2768/3050
f 3115/2764/1029 3771/3421/1029 3116/2766/1029
f 3771/3421/1029 10205/3420/1029 3116/2766/1029
f 7209/2764/3042 7212/2762/3043 8702/3421/3043
f 7212/2762/3043 3772/3422/3043 8702/3421/3043
f 3111/2760/2732 3773/3423/3313 3112/2762/2734
f 3773/3423/3313 9093/3422/2732 3112/2762/2734
f 9548/2758/3045 3774/3424/3045 7213/2760/3045
f 3774/3424/3045 8353/3423/3045 7213/2760/3045
f 3107/2756/1029 3775/3425/1029 3108/2758/1029
f 3775/3425/1029 6767/3424/1029 3108/2758/1029
f 8547/2756/3035 9109/2754/3036 6765/3425/3218
f 9109/2754/3036 3776/3426/3218 6765/3425/3218
f 3103/2752/2728 3777/3427/3314 3104/2754/2730
f 3777/3427/3314 10088/3426/2730 3104/2754/2730
f 7219/2750/3038 3778/3428/3039 8173/2752/3039
f 3778/3428/3039 6764/3427/3039 8173/2752/3039
f 3099/2748/1029 3779/3429/1029 3100/2750/1029
f 3779/3429/1029 10209/3428/1029 3100/2750/1029
f 7220/2748/3029 8643/2746/3030 6763/3429/3029
f 8643/2746/3030 3780/3430/3029 6763/3429/3029
f 3095/2744/2724 3781/3431/3315 3096/2746/2726
f 3781/3431/3315 9640/3430/2726 3096/2746/2726
f 9976/2742/3032 3782/3432/3221 7223/2744/3034
f 3782/3432/3221 9598/3431/3221 7223/2744/3034
f 3091/2740/1029 3783/3433/1029 3092/2742/1029
f 3783/3433/1029 8297/3432/1029 3092/2742/1029
f 9244/2740/3027 7229/2738/3027 6762/3433/3223
f 7229/2738/3027 3784/3434/3223 6762/3433/3223
f 3087/2736/2720 3785/3435/2722 3088/2738/2722
f 3785/3435/2722 9606/3434/3316 3088/2738/2722
f 8660/2734/3028 3786/3436/3028 8596/2736/3028
f 3786/3436/3028 6761/3435/3028 8596/2736/3028
f 3083/2732/1029 3787/3437/1029 3084/2734/1029
f 3787/3437/1029 6760/3436/1029 3084/2734/1029
f 7231/2732/3023 7236/2730/3023 8824/3437/3023
f 7236/2730/3023 3788/3438/3023 8824/3437/3023
f 3079/2728/2716 3789/3439/3317 3080/2730/2718
f 3789/3439/3317 6759/3438/3318 3080/2730/2718
f 7238/2726/3025 3790/3440/3024 8888/2728/3025
f 3790/3440/3024 6758/3439/3319 8888/2728/3025
f 3075/2724/1029 3791/3441/1029 3076/2726/1029
f 3791/3441/1029 8946/3440/1029 3076/2726/1029
f 9094/2724/3018 7241/2722/3019 6757/3441/3019
f 7241/2722/3019 3792/3442/3019 6757/3441/3019
f 3071/2720/2712 3793/3443/2712 3072/2722/2714
f 3793/3443/2712 9717/3442/2714 3072/2722/2714
f 7243/2718/3021 3794/3444/3021 8947/2720/3021
f 3794/3444/3021 6756/3443/3021 8947/2720/3021
f 3067/2716/1029 3795/3445/1029 3068/2718/1029
f 3795/3445/1029 6755/3444/1029 3068/2718/1029
f 7244/2716/3014 7247/2714/3015 8635/3445/3320
f 7247/2714/3015 3796/3446/3320 8635/3445/3320
f 3063/2712/2708 3797/3447/2708 3064/2714/2710
f 3797/3447/2708 8059/3446/2710 3064/2714/2710
f 7249/2710/3016 3798/3448/3016 8928/2712/3016
f 3798/3448/3016 6754/3447/3231 8928/2712/3016
f 3059/2708/1029 3799/3449/1029 3060/2710/1029
f 3799/3449/1029 8698/3448/1029 3060/2710/1029
f 7250/2708/3008 7253/2706/3009 6753/3449/3232
f 7253/2706/3009 3800/3450/3232 6753/3449/3232
f 3055/2704/2705 3801/3451/3321 3056/2706/2705
f 3801/3451/3321 8479/3450/3322 3056/2706/2705
f 7256/2702/3011 3802/3452/3012 7254/2704/3012
f 3802/3452/3012 6752/3451/3012 7254/2704/3012
f 3051/2700/1029 3803/3453/1029 3052/2702/1029
f 3803/3453/1029 6751/3452/1029 3052/2702/1029
f 9705/2700/3003 8266/2698/3003 6750/3453/3235
f 8266/2698/3003 3804/3454/3235 6750/3453/3235
f 3047/2696/2701 3805/3455/2701 3048/2698/2703
f 3805/3455/2701 6749/3454/2703 3048/2698/2703
f 7261/2694/3005 3806/3456/3237 7259/2696/3006
f 3806/3456/3237 8205/3455/3323 7259/2696/3006
f 3043/2692/1029 3807/3457/1029 3044/2694/1029
f 3807/3457/1029 9923/3456/1029 3044/2694/1029
f 10186/2692/2998 7264/2690/2998 9979/3457/2998
f 7264/2690/2998 3808/3458/2998 9979/3457/2998
f 3039/2688/2697 3809/3459/2699 3040/2690/2699
f 3809/3459/2699 6748/3458/2697 3040/2690/2699
f 7268/2686/3000 3810/3460/2999 9477/2688/3001
f 3810/3460/2999 9773/3459/3324 9477/2688/3001
f 3035/2684/1029 3811/3461/1029 3036/2686/1029
f 3811/3461/1029 7775/3460/1029 3036/2686/1029
f 8675/2684/3185 7061/3002/3185 6747/3461/3185
f 7061/3002/3185 3812/3462/3241 6747/3461/3185
f 3351/3000/2835 3813/3463/2835 3352/3002/2837
f 3813/3463/2835 6746/3462/2837 3352/3002/2837
f 7063/2998/3187 3814/3464/3244 8663/3000/3187
f 3814/3464/3244 6745/3463/3244 8663/3000/3187
f 3347/2996/1029 3815/3465/1029 3348/2998/1029
f 3815/3465/1029 6744/3464/1029 3348/2998/1029
f 7064/2996/3180 7067/2994/3180 6944/3465/3246
f 7067/2994/3180 3816/3466/3180 6944/3465/3246
f 3343/2992/2831 3817/3467/3325 3344/2994/2833
f 3817/3467/3325 6743/3466/3325 3344/2994/2833
f 7070/2990/3182 3818/3468/3182 7068/2992/3182
f 3818/3468/3182 8977/3467/3326 7068/2992/3182
f 3339/2988/1029 3819/3469/1029 3340/2990/1029
f 3819/3469/1029 9980/3468/1029 3340/2990/1029
f 7071/2988/3175 9080/2986/3176 6742/3469/3248
f 9080/2986/3176 3820/3470/3248 6742/3469/3248
f 3335/2984/2827 3821/3471/3327 3336/2986/2829
f 3821/3471/3327 6741/3470/3328 3336/2986/2829
f 7574/2982/3178 3822/3472/3250 7076/2984/3179
f 3822/3472/3250 8548/3471/3250 7076/2984/3179
f 3331/2980/1029 3823/3473/1029 3332/2982/1029
f 3823/3473/1029 6739/3472/1029 3332/2982/1029
f 7079/2980/3172 9707/2978/3172 6738/3473/3253
f 9707/2978/3172 3824/3474/3329 6738/3473/3253
f 3327/2976/2824 3825/3475/2824 3328/2978/2824
f 3825/3475/2824 6737/3474/2824 3328/2978/2824
f 8932/2974/3173 3826/3476/3173 8190/2976/3174
f 3826/3476/3173 8271/3475/3173 8190/2976/3174
f 3323/2972/1029 3827/3477/1029 3324/2974/1029
f 3827/3477/1029 8047/3476/1029 3324/2974/1029
f 8669/2972/3165 7083/2970/3165 6736/3477/3254
f 7083/2970/3165 3828/3478/3254 6736/3477/3254
f 3319/2968/2820 3829/3479/2822 3320/2970/2822
f 3829/3479/2822 6735/3478/3330 3320/2970/2822
f 9604/2966/3167 3830/3480/3259 8938/2968/3169
f 3830/3480/3259 6734/3479/3331 8938/2968/3169
f 3315/2964/1029 3831/3481/1029 3316/2966/1029
f 3831/3481/1029 6733/3480/1029 3316/2966/1029
f 8308/2964/3161 8117/2962/3162 6732/3481/3162
f 8117/2962/3162 3832/3482/3162 6732/3481/3162
f 3311/2960/2817 3833/3483/2817 3312/2962/2817
f 3833/3483/2817 6731/3482/2817 3312/2962/2817
f 7088/2958/3163 3834/3484/3163 8723/2960/3163
f 3834/3484/3163 6730/3483/3163 8723/2960/3163
f 3307/2956/1029 3835/3485/1029 3308/2958/1029
f 3835/3485/1029 6729/3484/1029 3308/2958/1029
f 7089/2956/3157 7092/2954/3158 9748/3485/3158
f 7092/2954/3158 3836/3486/3157 9748/3485/3158
f 3303/2952/2814 3837/3487/2814 3304/2954/2814
f 3837/3487/2814 7226/3486/2814 3304/2954/2814
f 8343/2950/3159 3838/3488/3160 7093/2952/3160
f 3838/3488/3160 6728/3487/3160 7093/2952/3160
f 3299/2948/1029 3839/3489/1029 3300/2950/1029
f 3839/3489/1029 6727/3488/1029 3300/2950/1029
f 9803/2948/3153 8801/2946/3153 6726/3489/3153
f 8801/2946/3153 3840/3490/3332 6726/3489/3153
f 3295/2944/2811 3841/3491/3333 3296/2946/2811
f 3841/3491/3333 6725/3490/3334 3296/2946/2811
f 7099/2942/3155 3842/3492/3265 8619/2944/3155
f 3842/3492/3265 9546/3491/3265 8619/2944/3155
f 3291/2940/1029 3843/3493/1029 3292/2942/1029
f 3843/3493/1029 6724/3492/1029 3292/2942/1029
f 7100/2940/3149 10156/2938/3150 6723/3493/3267
f 10156/2938/3150 3844/3494/3267 6723/3493/3267
f 3287/2936/2808 3845/3495/3335 3288/2938/2808
f 3845/3495/3335 6722/3494/3335 3288/2938/2808
f 7107/2934/3151 3846/3496/3151 7105/2936/3151
f 3846/3496/3151 6720/3495/3151 7105/2936/3151
f 3283/2932/1029 3847/3497/1029 3284/2934/1029
f 3847/3497/1029 10194/3496/1029 3284/2934/1029
f 7108/2932/3144 7111/2930/3144 8867/3497/3144
f 7111/2930/3144 3848/3498/3144 8867/3497/3144
f 3279/2928/2805 3849/3499/3336 3280/2930/2805
f 3849/3499/3336 6719/3498/3337 3280/2930/2805
f 9163/2926/3146 3850/3500/3146 9401/2928/3147
f 3850/3500/3146 7943/3499/3146 9401/2928/3147
f 3275/2924/1029 3851/3501/1029 3276/2926/1029
f 3851/3501/1029 8503/3500/1029 3276/2926/1029
f 8767/2924/3140 7115/2922/3140 6718/3501/3269
f 7115/2922/3140 3852/3502/3338 6718/3501/3269
f 3271/2920/2802 3853/3503/3339 3272/2922/2802
f 3853/3503/3339 6717/3502/3339 3272/2922/2802
f 8424/2918/3142 3854/3504/3142 7116/2920/3142
f 3854/3504/3142 9415/3503/3142 7116/2920/3142
f 3267/2916/1029 3855/3505/1029 3268/2918/1029
f 3855/3505/1029 9516/3504/1029 3268/2918/1029
f 7118/2916/3135 8325/2914/3136 6716/3505/3271
f 8325/2914/3136 3856/3506/3271 6716/3505/3271
f 3263/2912/2798 3857/3507/2800 3264/2914/2800
f 3857/3507/2800 10039/3506/2800 3264/2914/2800
f 7126/2910/3138 3858/3508/3273 7123/2912/3138
f 3858/3508/3273 6715/3507/3137 7123/2912/3138
f 3259/2908/1029 3859/3509/1029 3260/2910/1029
f 3859/3509/1029 10170/3508/1029 3260/2910/1029
f 9532/2908/3133 8061/2906/3133 6714/3509/3275
f 8061/2906/3133 3860/3510/3133 6714/3509/3275
f 3255/2904/2795 3861/3511/3340 3256/2906/2795
f 3861/3511/3340 8917/3510/2795 3256/2906/2795
f 7129/2902/3134 3862/3512/3134 9036/2904/3134
f 3862/3512/3134 9105/3511/3134 9036/2904/3134
f 3251/2900/1029 3863/3513/1029 3252/2902/1029
f 3863/3513/1029 9034/3512/1029 3252/2902/1029
f 7130/2900/3128 10033/2898/3128 6713/3513/3128
f 10033/2898/3128 3864/3514/3127 6713/3513/3128
f 3247/2896/2791 3865/3515/3341 3248/2898/2793
f 3865/3515/3341 8430/3514/2793 3248/2898/2793
f 7365/2894/3129 3866/3516/3129 7131/2896/3130
f 3866/3516/3129 8127/3515/3129 7131/2896/3130
f 3243/2892/1029 3867/3517/1029 3244/2894/1029
f 3867/3517/1029 8778/3516/1029 3244/2894/1029
f 8463/2892/3123 9766/2890/3123 6712/3517/3122
f 9766/2890/3123 3868/3518/3122 6712/3517/3122
f 3239/2888/2787 3869/3519/3342 3240/2890/2789
f 3869/3519/3342 10129/3518/2789 3240/2890/2789
f 9373/2886/3125 3870/3520/3280 8427/2888/3125
f 3870/3520/3280 6711/3519/3279 8427/2888/3125
f 3235/2884/1029 3871/3521/1029 3236/2886/1029
f 3871/3521/1029 9849/3520/1029 3236/2886/1029
f 8293/2884/3118 7138/2882/3119 6710/3521/3119
f 7138/2882/3119 3872/3522/3119 6710/3521/3119
f 3231/2880/2783 3873/3523/2783 3232/2882/2785
f 3873/3523/2783 6709/3522/3343 3232/2882/2785
f 7140/2878/3121 3874/3524/3121 8350/2880/3121
f 3874/3524/3121 6708/3523/3120 8350/2880/3121
f 3227/2876/1029 3875/3525/1029 3228/2878/1029
f 3875/3525/1029 7124/3524/1029 3228/2878/1029
f 7141/2876/3112 7144/2874/3113 8210/3525/3284
f 7144/2874/3113 3876/3526/3284 8210/3525/3284
f 3223/2872/2779 3877/3527/2781 3224/2874/2781
f 3877/3527/2781 6707/3526/2781 3224/2874/2781
f 7265/2870/3115 3878/3528/3116 9936/2872/3116
f 3878/3528/3116 6706/3527/3116 9936/2872/3116
f 3219/2868/1029 3879/3529/1029 3220/2870/1029
f 3879/3529/1029 6705/3528/1029 3220/2870/1029
f 9821/2868/3107 7149/2866/3107 7960/3529/3286
f 7149/2866/3107 3880/3530/3107 7960/3529/3286
f 3215/2864/2776 3881/3531/2776 3216/2866/2776
f 3881/3531/2776 8276/3530/2776 3216/2866/2776
f 9619/2862/3109 3882/3532/3288 7150/2864/3109
f 3882/3532/3288 6704/3531/3288 7150/2864/3109
f 3211/2860/1029 3883/3533/1029 3212/2862/1029
f 3883/3533/1029 8777/3532/1029 3212/2862/1029
f 9764/2860/3103 8640/2858/3104 8399/3533/3103
f 8640/2858/3104 3884/3534/3289 8399/3533/3103
f 3207/2856/2773 3885/3535/2773 3208/2858/2773
f 3885/3535/2773 10219/3534/2773 3208/2858/2773
f 8451/2854/3105 3886/3536/3290 7155/2856/3105
f 3886/3536/3290 9852/3535/3344 7155/2856/3105
f 3203/2852/1029 3887/3537/1029 3204/2854/1029
f 3887/3537/1029 6703/3536/1029 3204/2854/1029
f 8950/2852/3099 9676/2850/3099 6702/3537/3098
f 9676/2850/3099 3888/3538/3099 6702/3537/3098
f 3199/2848/2769 3889/3539/2769 3200/2850/2771
f 3889/3539/2769 6701/3538/3345 3200/2850/2771
f 9555/2846/3101 3890/3540/3293 7160/2848/3102
f 3890/3540/3293 10293/3539/3346 7160/2848/3102
f 3195/2844/1029 3891/3541/1029 3196/2846/1029
f 3891/3541/1029 6700/3540/1029 3196/2846/1029
f 7163/2844/3095 7166/2842/3095 8083/3541/3294
f 7166/2842/3095 3892/3542/3095 8083/3541/3294
f 3191/2840/2766 3893/3543/3347 3192/2842/2766
f 3893/3543/3347 6699/3542/2766 3192/2842/2766
f 7169/2838/3097 3894/3544/3097 8876/2840/3097
f 3894/3544/3097 6698/3543/3097 8876/2840/3097
f 3187/2836/1029 3895/3545/1029 3188/2838/1029
f 3895/3545/1029 6697/3544/1029 3188/2838/1029
f 7170/2836/3090 7175/2834/3090 6696/3545/3090
f 7175/2834/3090 3896/3546/3090 6696/3545/3090
f 3183/2832/2763 3897/3547/3348 3184/2834/2763
f 3897/3547/3348 8537/3546/3349 3184/2834/2763
f 8272/2830/3092 3898/3548/3298 8409/2832/3093
f 3898/3548/3298 8790/3547/3091 8409/2832/3093
f 3179/2828/1029 3899/3549/1029 3180/2830/1029
f 3899/3549/1029 6695/3548/1029 3180/2830/1029
f 9468/2828/3085 8056/2826/3085 7924/3549/3085
f 8056/2826/3085 3900/3550/3085 7924/3549/3085
f 3175/2824/2760 3901/3551/3350 3176/2826/2760
f 3901/3551/3350 9768/3550/2760 3176/2826/2760
f 7180/2822/3087 3902/3552/3088 9978/2824/3088
f 3902/3552/3088 8024/3551/3088 9978/2824/3088
f 3171/2820/1029 3903/3553/1029 3172/2822/1029
f 3903/3553/1029 6694/3552/1029 3172/2822/1029
f 7181/2820/3078 7182/2818/3078 6693/3553/3078
f 7182/2818/3078 3904/3554/3351 6693/3553/3078
f 3167/2816/2757 3905/3555/3352 3168/2818/2757
f 3905/3555/3352 9205/3554/3353 3168/2818/2757
f 8274/2814/3080 3906/3556/3301 7183/2816/3082
f 3906/3556/3301 6692/3555/3079 7183/2816/3082
f 3163/2812/1029 3907/3557/1029 3164/2814/1029
f 3907/3557/1029 6689/3556/1029 3164/2814/1029
f 9053/2812/3073 9156/2810/3074 6688/3557/3072
f 9156/2810/3074 3908/3558/3302 6688/3557/3072
f 3159/2808/2753 3909/3559/2753 3160/2810/2755
f 3909/3559/2753 6687/3558/3354 3160/2810/2755
f 8987/2806/3076 3910/3560/3305 7188/2808/3076
f 3910/3560/3305 6686/3559/3304 7188/2808/3076
f 3155/2804/1029 3911/3561/1029 3156/2806/1029
f 3911/3561/1029 6685/3560/1029 3156/2806/1029
f 7189/2804/3068 7192/2802/3069 8204/3561/3068
f 7192/2802/3069 3912/3562/3068 8204/3561/3068
f 3151/2800/2749 6773/3404/3355 3152/2802/2751
f 6773/3404/3355 8394/3562/3355 3152/2802/2751
f 3753/3403/3208 3595/3245/3208 3754/3404/3070
f 3595/3245/3208 6890/3243/3070 3754/3404/3070
f 3755/3405/1029 3596/3246/1029 6774/3403/1029
f 3596/3246/1029 8976/3245/1029 6774/3403/1029
f 6772/3405/3210 3756/3406/3210 6887/3246/3210
f 3756/3406/3210 3597/3247/3209 6887/3246/3210
f 3757/3407/3306 6884/3248/3306 8433/3406/3307
f 6884/3248/3306 6886/3247/2746 8433/3406/3307
f 3758/3408/3211 3599/3249/3211 6771/3407/3211
f 3599/3249/3211 6883/3248/3211 6771/3407/3211
f 3759/3409/1029 3600/3250/1029 9284/3408/1029
f 3600/3250/1029 8552/3249/1029 9284/3408/1029
f 10152/3409/3212 3760/3410/3212 7202/3250/3212
f 3760/3410/3212 3601/3251/3212 7202/3250/3212
f 3761/3411/3308 9019/3252/3308 6770/3410/3309
f 9019/3252/3308 8278/3251/3356 6770/3410/3309
f 3762/3412/3060 3603/3253/3060 10269/3411/3060
f 3603/3253/3060 9018/3252/3060 10269/3411/3060
f 3763/3413/1029 3604/3254/1029 6769/3412/1029
f 3604/3254/1029 6882/3253/1029 6769/3412/1029
f 7325/3413/3052 3764/3414/3052 6881/3254/3214
f 3764/3414/3052 3605/3255/3053 6881/3254/3214
f 3765/3415/2740 7646/3256/2740 8595/3414/2740
f 7646/3256/2740 6880/3255/3357 8595/3414/2740
f 3766/3416/3310 3607/3257/3054 9814/3415/3310
f 3607/3257/3054 7645/3256/3054 9814/3415/3310
f 3767/3417/1029 3608/3258/1029 8766/3416/1029
f 3608/3258/1029 9168/3257/1029 8766/3416/1029
f 7950/3417/3047 3768/3418/3311 7534/3258/3047
f 3768/3418/3311 3609/3259/3215 7534/3258/3047
f 3769/3419/2738 6876/3260/2738 9845/3418/3312
f 6876/3260/2738 6878/3259/3312 9845/3418/3312
f 3770/3420/3050 3611/3261/3050 6768/3419/3050
f 3611/3261/3050 6875/3260/3050 6768/3419/3050
f 3771/3421/1029 3612/3262/1029 10205/3420/1029
f 3612/3262/1029 8161/3261/1029 10205/3420/1029
f 8702/3421/3043 3772/3422/3043 6874/3262/3043
f 3772/3422/3043 3613/3263/3043 6874/3262/3043
f 3773/3423/3313 10197/3264/3313 9093/3422/2732
f 10197/3264/3313 9278/3263/2734 9093/3422/2732
f 3774/3424/3045 3615/3265/3045 8353/3423/3045
f 3615/3265/3045 10196/3264/3045 8353/3423/3045
f 3775/3425/1029 3616/3266/1029 6767/3424/1029
f 3616/3266/1029 6873/3265/1029 6767/3424/1029
f 6765/3425/3218 3776/3426/3218 6872/3266/3218
f 3776/3426/3218 3617/3267/3035 6872/3266/3218
f 3777/3427/3314 6869/3268/3314 10088/3426/2730
f 6869/3268/3314 6871/3267/2730 10088/3426/2730
f 3778/3428/3039 3619/3269/3039 6764/3427/3039
f 3619/3269/3039 6868/3268/3039 6764/3427/3039
f 3779/3429/1029 3620/3270/1029 10209/3428/1029
f 3620/3270/1029 6867/3269/1029 10209/3428/1029
f 6763/3429/3029 3780/3430/3029 9818/3270/3029
f 3780/3430/3029 3621/3271/3029 9818/3270/3029
f 3781/3431/3315 9003/3272/2726 9640/3430/2726
f 9003/3272/2726 6866/3271/3358 9640/3430/2726
f 3782/3432/3221 3623/3273/3221 9598/3431/3221
f 3623/3273/3221 9002/3272/3221 9598/3431/3221
f 3783/3433/1029 3624/3274/1029 8297/3432/1029
f 3624/3274/1029 6864/3273/1029 8297/3432/1029
f 6762/3433/3223 3784/3434/3223 6863/3274/3223
f 3784/3434/3223 3625/3275/3222 6863/3274/3223
f 3785/3435/2722 6860/3276/2722 9606/3434/3316
f 6860/3276/2722 6862/3275/3316 9606/3434/3316
f 3786/3436/3028 3627/3277/3028 6761/3435/3028
f 3627/3277/3028 6859/3276/3028 6761/3435/3028
f 3787/3437/1029 3628/3278/1029 6760/3436/1029
f 3628/3278/1029 10217/3277/1029 6760/3436/1029
f 8824/3437/3023 3788/3438/3023 8823/3278/3023
f 3788/3438/3023 3629/3279/3023 8823/3278/3023
f 3789/3439/3317 9904/3280/3317 6759/3438/3318
f 9904/3280/3317 9124/3279/3318 6759/3438/3318
f 3790/3440/3024 3631/3281/3024 6758/3439/3319
f 3631/3281/3024 9903/3280/3228 6758/3439/3319
f 3791/3441/1029 3632/3282/1029 8946/3440/1029
f 3632/3282/1029 8497/3281/1029 8946/3440/1029
f 6757/3441/3019 3792/3442/3019 8224/3282/3019
f 3792/3442/3019 3633/3283/3019 8224/3282/3019
f 3793/3443/2712 6858/3284/2712 9717/3442/2714
f 6858/3284/2712 9170/3283/2712 9717/3442/2714
f 3794/3444/3021 3635/3285/3021 6756/3443/3021
f 3635/3285/3021 6857/3284/3021 6756/3443/3021
f 3795/3445/1029 3636/3286/1029 6755/3444/1029
f 3636/3286/1029 7358/3285/1029 6755/3444/1029
f 8635/3445/3320 3796/3446/3320 9448/3286/3015
f 3796/3446/3320 3637/3287/3015 9448/3286/3015
f 3797/3447/2708 9378/3288/2708 8059/3446/2710
f 9378/3288/2708 8130/3287/2708 8059/3446/2710
f 3798/3448/3016 3639/3289/3231 6754/3447/3231
f 3639/3289/3231 9377/3288/3231 6754/3447/3231
f 3799/3449/1029 3640/3290/1029 8698/3448/1029
f 3640/3290/1029 9523/3289/1029 8698/3448/1029
f 6753/3449/3232 3800/3450/3232 6856/3290/3232
f 3800/3450/3232 3641/3291/3232 6856/3290/3232
f 3801/3451/3321 6855/3292/3321 8479/3450/3322
f 6855/3292/3321 9267/3291/3359 8479/3450/3322
f 3802/3452/3012 3643/3293/3012 6752/3451/3012
f 3643/3293/3012 6854/3292/3012 6752/3451/3012
f 3803/3453/1029 3644/3294/1029 6751/3452/1029
f 3644/3294/1029 8045/3293/1029 6751/3452/1029
f 6750/3453/3235 3804/3454/3235 9042/3294/3235
f 3804/3454/3235 3645/3295/3234 9042/3294/3235
f 3805/3455/2701 9371/3296/2701 6749/3454/2703
f 9371/3296/2701 9471/3295/3360 6749/3454/2703
f 3806/3456/3237 3647/3297/3237 8205/3455/3323
f 3647/3297/3237 9370/3296/3238 8205/3455/3323
f 3807/3457/1029 3648/3298/1029 9923/3456/1029
f 3648/3298/1029 6853/3297/1029 9923/3456/1029
f 9979/3457/2998 3808/3458/2998 6852/3298/2998
f 3808/3458/2998 3649/3299/2998 6852/3298/2998
f 3809/3459/2699 8797/3300/2699 6748/3458/2697
f 8797/3300/2699 9730/3299/2697 6748/3458/2697
f 3810/3460/2999 3651/3301/2999 9773/3459/3324
f 3651/3301/2999 8796/3300/3000 9773/3459/3324
f 3811/3461/1029 3652/3302/1029 7775/3460/1029
f 3652/3302/1029 8846/3301/1029 7775/3460/1029
f 6747/3461/3185 3812/3462/3241 6851/3302/3185
f 3812/3462/3241 3653/3303/3241 6851/3302/3185
f 3813/3463/2835 6850/3304/3361 6746/3462/2837
f 6850/3304/3361 9943/3303/3362 6746/3462/2837
f 3814/3464/3244 3655/3305/3244 6745/3463/3244
f 3655/3305/3244 6849/3304/3243 6745/3463/3244
f 3815/3465/1029 3656/3306/1029 6744/3464/1029
f 3656/3306/1029 6848/3305/1029 6744/3464/1029
f 6944/3465/3246 3816/3466/3180 9531/3306/3246
f 3816/3466/3180 3657/3307/3180 9531/3306/3246
f 3817/3467/3325 6845/3308/2833 6743/3466/3325
f 6845/3308/2833 6847/3307/3325 6743/3466/3325
f 3818/3468/3182 3659/3309/3182 8977/3467/3326
f 3659/3309/3182 6844/3308/3182 8977/3467/3326
f 3819/3469/1029 3660/3310/1029 9980/3468/1029
f 3660/3310/1029 6843/3309/1029 9980/3468/1029
f 6742/3469/3248 3820/3470/3248 6842/3310/3248
f 3820/3470/3248 3661/3311/3248 6842/3310/3248
f 3821/3471/3327 8674/3312/3328 6741/3470/3328
f 8674/3312/3328 10185/3311/3328 6741/3470/3328
f 3822/3472/3250 3663/3313/3250 8548/3471/3250
f 3663/3313/3250 8673/3312/3250 8548/3471/3250
f 3823/3473/1029 3664/3314/1029 6739/3472/1029
f 3664/3314/1029 8179/3313/1029 6739/3472/1029
f 6738/3473/3253 3824/3474/3329 6841/3314/3253
f 3824/3474/3329 3665/3315/3251 6841/3314/3253
f 3825/3475/2824 6840/3316/2824 6737/3474/2824
f 6840/3316/2824 8311/3315/3363 6737/3474/2824
f 3826/3476/3173 3667/3317/3173 8271/3475/3173
f 3667/3317/3173 6839/3316/3173 8271/3475/3173
f 3827/3477/1029 3668/3318/1029 8047/3476/1029
f 3668/3318/1029 9753/3317/1029 8047/3476/1029
f 6736/3477/3254 3828/3478/3254 9550/3318/3254
f 3828/3478/3254 3669/3319/3254 9550/3318/3254
f 3829/3479/2822 6838/3320/2822 6735/3478/3330
f 6838/3320/2822 8508/3319/3364 6735/3478/3330
f 3830/3480/3259 3671/3321/3259 6734/3479/3331
f 3671/3321/3259 6837/3320/3259 6734/3479/3331
f 3831/3481/1029 3672/3322/1029 6733/3480/1029
f 3672/3322/1029 8257/3321/1029 6733/3480/1029
f 6732/3481/3162 3832/3482/3162 8327/3322/3162
f 3832/3482/3162 3673/3323/3162 8327/3322/3162
f 3833/3483/2817 6836/3324/3365 6731/3482/2817
f 6836/3324/3365 8133/3323/3365 6731/3482/2817
f 3834/3484/3163 3675/3325/3261 6730/3483/3163
f 3675/3325/3261 6835/3324/3261 6730/3483/3163
f 3835/3485/1029 3676/3326/1029 6729/3484/1029
f 3676/3326/1029 8756/3325/1029 6729/3484/1029
f 9748/3485/3158 3836/3486/3157 6834/3326/3157
f 3836/3486/3157 3677/3327/3158 6834/3326/3157
f 3837/3487/2814 8860/3328/3366 7226/3486/2814
f 8860/3328/3366 9536/3327/2814 7226/3486/2814
f 3838/3488/3160 3679/3329/3160 6728/3487/3160
f 3679/3329/3160 8859/3328/3159 6728/3487/3160
f 3839/3489/1029 3680/3330/1029 6727/3488/1029
f 3680/3330/1029 8372/3329/1029 6727/3488/1029
f 6726/3489/3153 3840/3490/3332 6833/3330/3153
f 3840/3490/3332 3681/3331/3262 6833/3330/3153
f 3841/3491/3333 6831/3332/3333 6725/3490/3334
f 6831/3332/3333 8455/3331/3367 6725/3490/3334
f 3842/3492/3265 3683/3333/3265 9546/3491/3265
f 3683/3333/3265 6830/3332/3265 9546/3491/3265
f 3843/3493/1029 3684/3334/1029 6724/3492/1029
f 3684/3334/1029 6829/3333/1029 6724/3492/1029
f 6723/3493/3267 3844/3494/3267 9740/3334/3267
f 3844/3494/3267 3685/3335/3266 9740/3334/3267
f 3845/3495/3335 6828/3336/3368 6722/3494/3335
f 6828/3336/3368 9113/3335/3335 6722/3494/3335
f 3846/3496/3151 3687/3337/3151 6720/3495/3151
f 3687/3337/3151 6827/3336/3151 6720/3495/3151
f 3847/3497/1029 3688/3338/1029 10194/3496/1029
f 3688/3338/1029 6826/3337/1029 10194/3496/1029
f 8867/3497/3144 3848/3498/3144 8602/3338/3144
f 3848/3498/3144 3689/3339/3144 8602/3338/3144
f 3849/3499/3336 9838/3340/3369 6719/3498/3337
f 9838/3340/3369 6825/3339/3370 6719/3498/3337
f 3850/3500/3146 3691/3341/3146 7943/3499/3146
f 3691/3341/3146 9837/3340/3147 7943/3499/3146
f 3851/3501/1029 3692/3342/1029 8503/3500/1029
f 3692/3342/1029 8689/3341/1029 8503/3500/1029
f 6718/3501/3269 3852/3502/3338 9958/3342/3269
f 3852/3502/3338 3693/3343/3269 9958/3342/3269
f 3853/3503/3339 6821/3344/3339 6717/3502/3339
f 6821/3344/3339 6823/3343/3371 6717/3502/3339
f 3854/3504/3142 3695/3345/3142 9415/3503/3142
f 3695/3345/3142 6820/3344/3142 9415/3503/3142
f 3855/3505/1029 3696/3346/1029 9516/3504/1029
f 3696/3346/1029 9243/3345/1029 9516/3504/1029
f 6716/3505/3271 3856/3506/3271 9638/3346/3271
f 3856/3506/3271 3697/3347/3135 9638/3346/3271
f 3857/3507/2800 6817/3348/2800 10039/3506/2800
f 6817/3348/2800 6819/3347/2800 10039/3506/2800
f 3858/3508/3273 3699/3349/3273 6715/3507/3137
f 3699/3349/3273 6816/3348/3274 6715/3507/3137
f 3859/3509/1029 3700/3350/1029 10170/3508/1029
f 3700/3350/1029 6815/3349/1029 10170/3508/1029
f 6714/3509/3275 3860/3510/3133 9211/3350/3275
f 3860/3510/3133 3701/3351/3133 9211/3350/3275
f 3861/3511/3340 8447/3352/2795 8917/3510/2795
f 8447/3352/2795 6814/3351/2795 8917/3510/2795
f 3862/3512/3134 3703/3353/3134 9105/3511/3134
f 3703/3353/3134 8446/3352/3134 9105/3511/3134
f 3863/3513/1029 3704/3354/1029 9034/3512/1029
f 3704/3354/1029 8494/3353/1029 9034/3512/1029
f 6713/3513/3128 3864/3514/3127 8292/3354/3127
f 3864/3514/3127 3705/3355/3128 8292/3354/3127
f 3865/3515/3341 8540/3356/3341 8430/3514/2793
f 8540/3356/3341 6812/3355/2793 8430/3514/2793
f 3866/3516/3129 3707/3357/3129 8127/3515/3129
f 3707/3357/3129 8539/3356/3129 8127/3515/3129
f 3867/3517/1029 3708/3358/1029 8778/3516/1029
f 3708/3358/1029 6810/3357/1029 8778/3516/1029
f 6712/3517/3122 3868/3518/3122 6809/3358/3122
f 3868/3518/3122 3709/3359/3122 6809/3358/3122
f 3869/3519/3342 6808/3360/3342 10129/3518/2789
f 6808/3360/3342 8866/3359/2789 10129/3518/2789
f 3870/3520/3280 3711/3361/3279 6711/3519/3279
f 3711/3361/3279 6807/3360/3280 6711/3519/3279
f 3871/3521/1029 3712/3362/1029 9849/3520/1029
f 3712/3362/1029 6806/3361/1029 9849/3520/1029
f 6710/3521/3119 3872/3522/3119 7802/3362/3119
f 3872/3522/3119 3713/3363/3119 7802/3362/3119
f 3873/3523/2783 6805/3364/2783 6709/3522/3343
f 6805/3364/2783 9813/3363/2785 6709/3522/3343
f 3874/3524/3121 3715/3365/3121 6708/3523/3120
f 3715/3365/3121 6804/3364/3121 6708/3523/3120
f 3875/3525/1029 3716/3366/1029 7124/3524/1029
f 3716/3366/1029 6803/3365/1029 7124/3524/1029
f 8210/3525/3284 3876/3526/3284 7927/3366/3284
f 3876/3526/3284 3717/3367/3283 7927/3366/3284
f 3877/3527/2781 6802/3368/2781 6707/3526/2781
f 6802/3368/2781 8545/3367/2781 6707/3526/2781
f 3878/3528/3116 3719/3369/3116 6706/3527/3116
f 3719/3369/3116 6801/3368/3116 6706/3527/3116
f 3879/3529/1029 3720/3370/1029 6705/3528/1029
f 3720/3370/1029 6800/3369/1029 6705/3528/1029
f 7960/3529/3286 3880/3530/3107 8836/3370/3107
f 3880/3530/3107 3721/3371/3107 8836/3370/3107
f 3881/3531/2776 8805/3372/2776 8276/3530/2776
f 8805/3372/2776 6799/3371/3372 8276/3530/2776
f 3882/3532/3288 3723/3373/3288 6704/3531/3288
f 3723/3373/3288 8804/3372/3288 6704/3531/3288
f 3883/3533/1029 3724/3374/1029 8777/3532/1029
f 3724/3374/1029 6797/3373/1029 8777/3532/1029
f 8399/3533/3103 3884/3534/3289 6796/3374/3289
f 3884/3534/3289 3725/3375/3103 6796/3374/3289
f 3885/3535/2773 9763/3376/2773 10219/3534/2773
f 9763/3376/2773 6795/3375/3373 10219/3534/2773
f 3886/3536/3290 3727/3377/3290 9852/3535/3344
f 3727/3377/3290 9762/3376/3105 9852/3535/3344
f 3887/3537/1029 3728/3378/1029 6703/3536/1029
f 3728/3378/1029 6793/3377/1029 6703/3536/1029
f 6702/3537/3098 3888/3538/3099 6792/3378/3098
f 3888/3538/3099 3729/3379/3099 6792/3378/3098
f 3889/3539/2769 6791/3380/3374 6701/3538/3345
f 6791/3380/3374 9386/3379/3375 6701/3538/3345
f 3890/3540/3293 3731/3381/3293 10293/3539/3346
f 3731/3381/3293 6790/3380/3292 10293/3539/3346
f 3891/3541/1029 3732/3382/1029 6700/3540/1029
f 3732/3382/1029 6789/3381/1029 6700/3540/1029
f 8083/3541/3294 3892/3542/3095 6788/3382/3294
f 3892/3542/3095 3733/3383/3095 6788/3382/3294
f 3893/3543/3347 8615/3384/3347 6699/3542/2766
f 8615/3384/3347 8418/3383/3376 6699/3542/2766
f 3894/3544/3097 3735/3385/3097 6698/3543/3097
f 3735/3385/3097 8614/3384/3097 6698/3543/3097
f 3895/3545/1029 3736/3386/1029 6697/3544/1029
f 3736/3386/1029 8586/3385/1029 6697/3544/1029
f 6696/3545/3090 3896/3546/3090 9924/3386/3090
f 3896/3546/3090 3737/3387/3090 9924/3386/3090
f 3897/3547/3348 6787/3388/3348 8537/3546/3349
f 6787/3388/3348 9257/3387/3349 8537/3546/3349
f 3898/3548/3298 3739/3389/3298 8790/3547/3091
f 3739/3389/3298 6786/3388/3092 8790/3547/3091
f 3899/3549/1029 3740/3390/1029 6695/3548/1029
f 3740/3390/1029 9023/3389/1029 6695/3548/1029
f 7924/3549/3085 3900/3550/3085 8627/3390/3085
f 3900/3550/3085 3741/3391/3085 8627/3390/3085
f 3901/3551/3350 6785/3392/2760 9768/3550/2760
f 6785/3392/2760 8082/3391/2760 9768/3550/2760
f 3902/3552/3088 3743/3393/3088 8024/3551/3088
f 3743/3393/3088 6784/3392/3088 8024/3551/3088
f 3903/3553/1029 3744/3394/1029 6694/3552/1029
f 3744/3394/1029 6783/3393/1029 6694/3552/1029
f 6693/3553/3078 3904/3554/3351 6782/3394/3078
f 3904/3554/3351 3745/3395/3078 6782/3394/3078
f 3905/3555/3352 6781/3396/3377 9205/3554/3353
f 6781/3396/3377 8761/3395/3352 9205/3554/3353
f 3906/3556/3301 3747/3397/3301 6692/3555/3079
f 3747/3397/3301 6780/3396/3080 6692/3555/3079
f 3907/3557/1029 3748/3398/1029 6689/3556/1029
f 3748/3398/1029 6779/3397/1029 6689/3556/1029
f 6688/3557/3072 3908/3558/3302 8742/3398/3072
f 3908/3558/3302 3749/3399/3302 8742/3398/3072
f 3909/3559/2753 9282/3400/2753 6687/3558/3354
f 9282/3400/2753 6778/3399/3354 6687/3558/3354
f 3910/3560/3305 3751/3401/3304 6686/3559/3304
f 3751/3401/3304 9281/3400/3305 6686/3559/3304
f 3911/3561/1029 3752/3402/1029 6685/3560/1029
f 3752/3402/1029 6776/3401/1029 6685/3560/1029
f 8204/3561/3068 3912/3562/3068 6775/3402/3068
f 3912/3562/3068 6888/3244/3068 6775/3402/3068
f 6773/3404/3355 6891/3243/3378 8394/3562/3355
f 6891/3243/3378 6889/3244/3379 8394/3562/3355
f 3913/3563/3380 3915/3564/3381 3914/3565/3382
f 3915/3564/3381 3916/3566/3383 3914/3565/3382
f 3914/3565/3382 3917/3567/3384 3913/3563/3380
f 3917/3567/3384 3918/3568/3385 3913/3563/3380
f 3917/3567/3384 3919/3569/3386 3918/3568/3385
f 3919/3569/3386 3920/3570/3387 3918/3568/3385
f 3915/3564/3381 3921/3571/3388 3916/3566/3383
f 3921/3571/3388 3922/3572/3389 3916/3566/3383
f 3921/3571/3388 3923/3573/3390 3922/3572/3389
f 3923/3573/3390 3924/3574/3391 3922/3572/3389
f 3923/3573/3390 3925/3575/3392 3924/3574/3391
f 3925/3575/3392 3926/3576/3393 3924/3574/3391
f 3925/3575/3392 3927/3577/3394 3926/3576/3393
f 3927/3577/3394 3928/3578/3395 3926/3576/3393
f 3927/3577/3394 3929/3579/3396 3928/3578/3395
f 3929/3579/3396 3930/3580/3397 3928/3578/3395
f 3929/3579/3396 3931/3581/3398 3930/3580/3397
f 3931/3581/3398 3932/3582/3399 3930/3580/3397
f 3931/3581/3398 3933/3583/3400 3932/3582/3399
f 3933/3583/3400 3934/3584/3401 3932/3582/3399
f 3933/3583/3400 3935/3585/3402 3934/3584/3401
f 3935/3585/3402 3936/3586/3403 3934/3584/3401
f 3935/3585/3402 3937/3587/3404 3936/3586/3403
f 3937/3587/3404 3938/3588/3405 3936/3586/3403
f 3937/3587/3404 3939/3589/3406 3938/3588/3405
f 3939/3589/3406 3940/3590/3407 3938/3588/3405
f 3939/3589/3406 3941/3591/3408 3940/3590/3407
f 3941/3591/3408 3942/3592/3409 3940/3590/3407
f 3941/3591/3408 3943/3593/3410 3942/3592/3409
f 3943/3593/3410 3944/3594/3411 3942/3592/3409
f 3943/3593/3410 3945/3595/3412 3944/3594/3411
f 3945/3595/3412 3946/3596/3413 3944/3594/3411
f 3945/3595/3412 3947/3597/3414 3946/3596/3413
f 3947/3597/3414 3948/3598/3415 3946/3596/3413
f 3947/3597/3414 3949/3599/3416 3948/3598/3415
f 3949/3599/3416 3950/3600/3417 3948/3598/3415
f 3949/3599/3416 3951/3601/3418 3950/3600/3417
f 3951/3601/3418 3952/3602/3419 3950/3600/3417
f 3951/3601/3418 3953/3603/3420 3952/3602/3419
f 3953/3603/3420 3954/3604/3421 3952/3602/3419
f 3953/3603/3420 3955/3605/3422 3954/3604/3421
f 3955/3605/3422 3956/3606/3423 3954/3604/3421
f 3955/3605/3422 3957/3607/3424 3956/3606/3423
f 3957/3607/3424 3958/3608/3425 3956/3606/3423
f 3957/3607/3424 3959/3609/3426 3958/3608/3425
f 3959/3609/3426 3960/3610/3427 3958/3608/3425
f 3959/3609/3426 3961/3611/3428 3960/3610/3427
f 3961/3611/3428 3962/3612/3429 3960/3610/3427
f 3961/3611/3428 3963/3613/3430 3962/3612/3429
f 3963/3613/3430 3964/3614/3431 3962/3612/3429
f 3963/3613/3430 3965/3615/3432 3964/3614/3431
f 3965/3615/3432 3966/3616/3433 3964/3614/3431
f 3965/3615/3432 3967/3617/3434 3966/3616/3433
f 3967/3617/3434 3968/3618/3435 3966/3616/3433
f 3967/3617/3434 3969/3619/3436 3968/3618/3435
f 3969/3619/3436 3970/3620/3437 3968/3618/3435
f 3969/3619/3436 3971/3621/3438 3970/3620/3437
f 3971/3621/3438 3972/3622/3439 3970/3620/3437
f 3971/3621/3438 3973/3623/3440 3972/3622/3439
f 3973/3623/3440 3974/3624/3441 3972/3622/3439
f 3973/3623/3440 3975/3625/3442 3974/3624/3441
f 3975/3625/3442 3976/3626/3443 3974/3624/3441
f 3975/3625/3442 3977/3627/3444 3976/3626/3443
f 3977/3627/3444 3978/3628/3445 3976/3626/3443
f 3977/3627/3444 3979/3629/3446 3978/3628/3445
f 3979/3629/3446 3980/3630/3447 3978/3628/3445
f 3979/3629/3446 3981/3631/3448 3980/3630/3447
f 3981/3631/3448 3982/3632/3449 3980/3630/3447
f 3981/3631/3448 3983/3633/3450 3982/3632/3449
f 3983/3633/3450 3984/3634/3451 3982/3632/3449
f 3983/3633/3450 3985/3635/3452 3984/3634/3451
f 3985/3635/3452 3986/3636/3453 3984/3634/3451
f 3985/3635/3452 3987/3637/3454 3986/3636/3453
f 3987/3637/3454 3988/3638/3455 3986/3636/3453
f 3987/3637/3454 3989/3639/3456 3988/3638/3455
f 3989/3639/3456 3990/3640/3457 3988/3638/3455
f 3989/3639/3456 3991/3641/3458 3990/3640/3457
f 3991/3641/3458 3992/3642/3459 3990/3640/3457
f 3991/3641/3458 3993/3643/3460 3992/3642/3459
f 3993/3643/3460 3994/3644/3461 3992/3642/3459
f 3993/3643/3460 3995/3645/3462 3994/3644/3461
f 3995/3645/3462 3996/3646/3463 3994/3644/3461
f 3995/3645/3462 3997/3647/3464 3996/3646/3463
f 3997/3647/3464 3998/3648/3465 3996/3646/3463
f 3997/3647/3464 3999/3649/3466 3998/3648/3465
f 3999/3649/3466 4000/3650/3467 3998/3648/3465
f 3999/3649/3466 4001/3651/3468 4000/3650/3467
f 4001/3651/3468 4002/3652/3469 4000/3650/3467
f 4001/3651/3468 4003/3653/3470 4002/3652/3469
f 4003/3653/3470 4004/3654/3471 4002/3652/3469
f 4003/3653/3470 4005/3655/3472 4004/3654/3471
f 4005/3655/3472 4006/3656/3473 4004/3654/3471
f 4005/3655/3472 4007/3657/3474 4006/3656/3473
f 4007/3657/3474 4008/3658/3475 4006/3656/3473
f 4007/3657/3474 4009/3659/3476 4008/3658/3475
f 4009/3659/3476 4010/3660/3477 4008/3658/3475
f 4009/3659/3476 4011/3661/3478 4010/3660/3477
f 4011/3661/3478 4012/3662/3479 4010/3660/3477
f 4011/3661/3478 4013/3663/3480 4012/3662/3479
f 4013/3663/3480 4014/3664/3481 4012/3662/3479
f 4013/3663/3480 4015/3665/3482 4014/3664/3481
f 4015/3665/3482 4016/3666/3483 4014/3664/3481
f 4015/3665/3482 4017/3667/3484 4016/3666/3483
f 4017/3667/3484 4018/3668/3485 4016/3666/3483
f 4017/3667/3484 4019/3669/3486 4018/3668/3485
f 4019/3669/3486 4020/3670/3487 4018/3668/3485
f 4019/3669/3486 4021/3671/3488 4020/3670/3487
f 4021/3671/3488 4022/3672/3489 4020/3670/3487
f 4021/3671/3488 4023/3673/3490 4022/3672/3489
f 4023/3673/3490 4024/3674/3491 4022/3672/3489
f 4023/3673/3490 4025/3675/3492 4024/3674/3491
f 4025/3675/3492 4026/3676/3493 4024/3674/3491
f 4025/3675/3492 4027/3677/3494 4026/3676/3493
f 4027/3677/3494 4028/3678/3495 4026/3676/3493
f 4027/3677/3494 4029/3679/3496 4028/3678/3495
f 4029/3679/3496 4030/3680/3497 4028/3678/3495
f 4029/3679/3496 4031/3681/3498 4030/3680/3497
f 4031/3681/3498 4032/3682/3499 4030/3680/3497
f 4031/3681/3498 4033/3683/3500 4032/3682/3499
f 4033/3683/3500 4034/3684/3501 4032/3682/3499
f 4033/3683/3500 4035/3685/3502 4034/3684/3501
f 4035/3685/3502 4036/3686/3503 4034/3684/3501
f 4035/3685/3502 4037/3687/3504 4036/3686/3503
f 4037/3687/3504 4038/3688/3505 4036/3686/3503
f 4037/3687/3504 4039/3689/3506 4038/3688/3505
f 4039/3689/3506 4040/3690/3507 4038/3688/3505
f 4039/3689/3506 4041/3691/3508 4040/3690/3507
f 4041/3691/3508 4042/3692/3509 4040/3690/3507
f 4041/3691/3508 4043/3693/3510 4042/3692/3509
f 4043/3693/3510 4044/3694/3511 4042/3692/3509
f 4043/3693/3510 4045/3695/3512 4044/3694/3511
f 4045/3695/3512 4046/3696/3513 4044/3694/3511
f 4045/3695/3512 4047/3697/3514 4046/3696/3513
f 4047/3697/3514 4048/3698/3515 4046/3696/3513
f 4047/3697/3514 4049/3699/3516 4048/3698/3515
f 4049/3699/3516 4050/3700/3517 4048/3698/3515
f 4049/3699/3516 4051/3701/3518 4050/3700/3517
f 4051/3701/3518 4052/3702/3519 4050/3700/3517
f 4051/3701/3518 4053/3703/3520 4052/3702/3519
f 4053/3703/3520 4054/3704/3521 4052/3702/3519
f 4053/3703/3520 4055/3705/3522 4054/3704/3521
f 4055/3705/3522 4056/3706/3523 4054/3704/3521
f 4055/3705/3522 4057/3707/3524 4056/3706/3523
f 4057/3707/3524 4058/3708/3525 4056/3706/3523
f 4057/3707/3524 4059/3709/3526 4058/3708/3525
f 4059/3709/3526 4060/3710/3527 4058/3708/3525
f 4059/3709/3526 4061/3711/3528 4060/3710/3527
f 4061/3711/3528 4062/3712/3529 4060/3710/3527
f 4061/3711/3528 4063/3713/3530 4062/3712/3529
f 4063/3713/3530 4064/3714/3531 4062/3712/3529
f 4063/3713/3530 4065/3715/3532 4064/3714/3531
f 4065/3715/3532 4066/3716/3533 4064/3714/3531
f 4065/3715/3532 4067/3717/3534 4066/3716/3533
f 4067/3717/3534 4068/3718/3535 4066/3716/3533
f 4067/3717/3534 4069/3719/3536 4068/3718/3535
f 4069/3719/3536 4070/3720/3537 4068/3718/3535
f 4069/3719/3536 4071/3721/3538 4070/3720/3537
f 4071/3721/3538 4072/3722/3539 4070/3720/3537
f 4071/3721/3538 3920/3570/3387 4072/3722/3539
f 3920/3570/3387 3919/3569/3386 4072/3722/3539
f 4073/3723/3540 4075/3724/3541 4074/3725/3542
f 4075/3724/3541 4076/3726/3543 4074/3725/3542
f 4074/3725/3542 4077/3727/3544 4073/3723/3540
f 4077/3727/3544 4078/3728/3545 4073/3723/3540
f 4077/3727/3544 4079/3729/3546 4078/3728/3545
f 4079/3729/3546 4080/3730/3547 4078/3728/3545
f 4075/3724/3541 4081/3731/3548 4076/3726/3543
f 4081/3731/3548 4082/3732/3549 4076/3726/3543
f 4081/3731/3548 4083/3733/3550 4082/3732/3549
f 4083/3733/3550 4084/3734/3551 4082/3732/3549
f 4083/3733/3550 4085/3735/3552 4084/3734/3551
f 4085/3735/3552 4086/3736/3553 4084/3734/3551
f 4085/3735/3552 4087/3737/3554 4086/3736/3553
f 4087/3737/3554 4088/3738/3555 4086/3736/3553
f 4087/3737/3554 4089/3739/3556 4088/3738/3555
f 4089/3739/3556 4090/3740/3557 4088/3738/3555
f 4089/3739/3556 4091/3741/3558 4090/3740/3557
f 4091/3741/3558 4092/3742/3559 4090/3740/3557
f 4091/3741/3558 4093/3743/3560 4092/3742/3559
f 4093/3743/3560 4094/3744/3561 4092/3742/3559
f 4093/3743/3560 4095/3745/3562 4094/3744/3561
f 4095/3745/3562 4096/3746/3563 4094/3744/3561
f 4095/3745/3562 4097/3747/3564 4096/3746/3563
f 4097/3747/3564 4098/3748/3565 4096/3746/3563
f 4097/3747/3564 4099/3749/3566 4098/3748/3565
f 4099/3749/3566 4100/3750/3567 4098/3748/3565
f 4099/3749/3566 4101/3751/3568 4100/3750/3567
f 4101/3751/3568 4102/3752/3569 4100/3750/3567
f 4101/3751/3568 4103/3753/3570 4102/3752/3569
f 4103/3753/3570 4104/3754/3571 4102/3752/3569
f 4103/3753/3570 4105/3755/3572 4104/3754/3571
f 4105/3755/3572 4106/3756/3573 4104/3754/3571
f 4105/3755/3572 4107/3757/3574 4106/3756/3573
f 4107/3757/3574 4108/3758/3575 4106/3756/3573
f 4107/3757/3574 4109/3759/3576 4108/3758/3575
f 4109/3759/3576 4110/3760/3577 4108/3758/3575
f 4109/3759/3576 4111/3761/3578 4110/3760/3577
f 4111/3761/3578 4112/3762/3579 4110/3760/3577
f 4111/3761/3578 4113/3763/3580 4112/3762/3579
f 4113/3763/3580 4114/3764/3581 4112/3762/3579
f 4113/3763/3580 4115/3765/3582 4114/3764/3581
f 4115/3765/3582 4116/3766/3583 4114/3764/3581
f 4115/3765/3582 4117/3767/3584 4116/3766/3583
f 4117/3767/3584 4118/3768/3585 4116/3766/3583
f 4117/3767/3584 4119/3769/3586 4118/3768/3585
f 4119/3769/3586 4120/3770/3587 4118/3768/3585
f 4119/3769/3586 4121/3771/3588 4120/3770/3587
f 4121/3771/3588 4122/3772/3589 4120/3770/3587
f 4121/3771/3588 4123/3773/3590 4122/3772/3589
f 4123/3773/3590 4124/3774/3591 4122/3772/3589
f 4123/3773/3590 4125/3775/3592 4124/3774/3591
f 4125/3775/3592 4126/3776/3593 4124/3774/3591
f 4125/3775/3592 4127/3777/3594 4126/3776/3593
f 4127/3777/3594 4128/3778/3595 4126/3776/3593
f 4127/3777/3594 4129/3779/3596 4128/3778/3595
f 4129/3779/3596 4130/3780/3597 4128/3778/3595
f 4129/3779/3596 4131/3781/3598 4130/3780/3597
f 4131/3781/3598 4132/3782/3599 4130/3780/3597
f 4131/3781/3598 4133/3783/3600 4132/3782/3599
f 4133/3783/3600 4134/3784/3601 4132/3782/3599
f 4133/3783/3600 4135/3785/3602 4134/3784/3601
f 4135/3785/3602 4136/3786/3603 4134/3784/3601
f 4135/3785/3602 4137/3787/3604 4136/3786/3603
f 4137/3787/3604 4138/3788/3605 4136/3786/3603
f 4137/3787/3604 4139/3789/3606 4138/3788/3605
f 4139/3789/3606 4140/3790/3607 4138/3788/3605
f 4139/3789/3606 4141/3791/3608 4140/3790/3607
f 4141/3791/3608 4142/3792/3609 4140/3790/3607
f 4141/3791/3608 4143/3793/3610 4142/3792/3609
f 4143/3793/3610 4144/3794/3611 4142/3792/3609
f 4143/3793/3610 4145/3795/3612 4144/3794/3611
f 4145/3795/3612 4146/3796/3613 4144/3794/3611
f 4145/3795/3612 4147/3797/3614 4146/3796/3613
f 4147/3797/3614 4148/3798/3615 4146/3796/3613
f 4147/3797/3614 4149/3799/3616 4148/3798/3615
f 4149/3799/3616 4150/3800/3617 4148/3798/3615
f 4149/3799/3616 4151/3801/3618 4150/3800/3617
f 4151/3801/3618 4152/3802/3619 4150/3800/3617
f 4151/3801/3618 4153/3803/3620 4152/3802/3619
f 4153/3803/3620 4154/3804/3621 4152/3802/3619
f 4153/3803/3620 4155/3805/3622 4154/3804/3621
f 4155/3805/3622 4156/3806/3623 4154/3804/3621
f 4155/3805/3622 4157/3807/3624 4156/3806/3623
f 4157/3807/3624 4158/3808/3625 4156/3806/3623
f 4157/3807/3624 4159/3809/3626 4158/3808/3625
f 4159/3809/3626 4160/3810/3627 4158/3808/3625
f 4159/3809/3626 4161/3811/3628 4160/3810/3627
f 4161/3811/3628 4162/3812/3629 4160/3810/3627
f 4161/3811/3628 4163/3813/3630 4162/3812/3629
f 4163/3813/3630 4164/3814/3631 4162/3812/3629
f 4163/3813/3630 4165/3815/3632 4164/3814/3631
f 4165/3815/3632 4166/3816/3633 4164/3814/3631
f 4165/3815/3632 4167/3817/3634 4166/3816/3633
f 4167/3817/3634 4168/3818/3635 4166/3816/3633
f 4167/3817/3634 4169/3819/3636 4168/3818/3635
f 4169/3819/3636 4170/3820/3637 4168/3818/3635
f 4169/3819/3636 4171/3821/3638 4170/3820/3637
f 4171/3821/3638 4172/3822/3639 4170/3820/3637
f 4171/3821/3638 4173/3823/3640 4172/3822/3639
f 4173/3823/3640 4174/3824/3641 4172/3822/3639
f 4173/3823/3640 4175/3825/3642 4174/3824/3641
f 4175/3825/3642 4176/3826/3643 4174/3824/3641
f 4175/3825/3642 4177/3827/3644 4176/3826/3643
f 4177/3827/3644 4178/3828/3645 4176/3826/3643
f 4177/3827/3644 4179/3829/3646 4178/3828/3645
f 4179/3829/3646 4180/3830/3647 4178/3828/3645
f 4179/3829/3646 4181/3831/3648 4180/3830/3647
f 4181/3831/3648 4182/3832/3649 4180/3830/3647
f 4181/3831/3648 4183/3833/3650 4182/3832/3649
f 4183/3833/3650 4184/3834/3651 4182/3832/3649
f 4183/3833/3650 4185/3835/3652 4184/3834/3651
f 4185/3835/3652 4186/3836/3653 4184/3834/3651
f 4185/3835/3652 4187/3837/3654 4186/3836/3653
f 4187/3837/3654 4188/3838/3655 4186/3836/3653
f 4187/3837/3654 4189/3839/3656 4188/3838/3655
f 4189/3839/3656 4190/3840/3657 4188/3838/3655
f 4189/3839/3656 4191/3841/3658 4190/3840/3657
f 4191/3841/3658 4192/3842/3659 4190/3840/3657
f 4191/3841/3658 4193/3843/3660 4192/3842/3659
f 4193/3843/3660 4194/3844/3661 4192/3842/3659
f 4193/3843/3660 4195/3845/3662 4194/3844/3661
f 4195/3845/3662 4196/3846/3663 4194/3844/3661
f 4195/3845/3662 4197/3847/3664 4196/3846/3663
f 4197/3847/3664 4198/3848/3665 4196/3846/3663
f 4197/3847/3664 4199/3849/3666 4198/3848/3665
f 4199/3849/3666 4200/3850/3667 4198/3848/3665
f 4199/3849/3666 4201/3851/3668 4200/3850/3667
f 4201/3851/3668 4202/3852/3669 4200/3850/3667
f 4201/3851/3668 4203/3853/3670 4202/3852/3669
f 4203/3853/3670 4204/3854/3671 4202/3852/3669
f 4203/3853/3670 4205/3855/3672 4204/3854/3671
f 4205/3855/3672 4206/3856/3673 4204/3854/3671
f 4205/3855/3672 4207/3857/3674 4206/3856/3673
f 4207/3857/3674 4208/3858/3675 4206/3856/3673
f 4207/3857/3674 4209/3859/3676 4208/3858/3675
f 4209/3859/3676 4210/3860/3677 4208/3858/3675
f 4209/3859/3676 4211/3861/3678 4210/3860/3677
f 4211/3861/3678 4212/3862/3679 4210/3860/3677
f 4211/3861/3678 4213/3863/3680 4212/3862/3679
f 4213/3863/3680 4214/3864/3681 4212/3862/3679
f 4213/3863/3680 4215/3865/3682 4214/3864/3681
f 4215/3865/3682 4216/3866/3683 4214/3864/3681
f 4215/3865/3682 4217/3867/3684 4216/3866/3683
f 4217/3867/3684 4218/3868/3685 4216/3866/3683
f 4217/3867/3684 4219/3869/3686 4218/3868/3685
f 4219/3869/3686 4220/3870/3687 4218/3868/3685
f 4219/3869/3686 4221/3871/3688 4220/3870/3687
f 4221/3871/3688 4222/3872/3689 4220/3870/3687
f 4221/3871/3688 4223/3873/3690 4222/3872/3689
f 4223/3873/3690 4224/3874/3691 4222/3872/3689
f 4223/3873/3690 4225/3875/3692 4224/3874/3691
f 4225/3875/3692 4226/3876/3693 4224/3874/3691
f 4225/3875/3692 4227/3877/3694 4226/3876/3693
f 4227/3877/3694 4228/3878/3695 4226/3876/3693
f 4227/3877/3694 4229/3879/3696 4228/3878/3695
f 4229/3879/3696 4230/3880/3697 4228/3878/3695
f 4229/3879/3696 4231/3881/3698 4230/3880/3697
f 4231/3881/3698 4232/3882/3699 4230/3880/3697
f 4231/3881/3698 4080/3730/3547 4232/3882/3699
f 4080/3730/3547 4079/3729/3546 4232/3882/3699
f 6979/3153/3240 8313/3567/3240 6988/3146/3240
f 8313/3567/3240 8543/3565/3240 6988/3146/3240
f 6988/3146/3240 8543/3565/3240 6991/3145/3240
f 8543/3565/3240 6684/3566/3240 6991/3145/3240
f 6991/3145/3240 6684/3566/3240 6994/3142/3240
f 6684/3566/3240 8931/3572/3240 6994/3142/3240
f 6994/3142/3240 8931/3572/3240 9374/3141/3233
f 8931/3572/3240 6682/3574/3233 9374/3141/3233
f 9374/3141/3233 6682/3574/3233 7000/3138/3233
f 6682/3574/3233 6681/3576/3233 7000/3138/3233
f 7000/3138/3233 6681/3576/3233 7003/3137/3233
f 6681/3576/3233 6680/3578/3233 7003/3137/3233
f 7003/3137/3233 6680/3578/3233 7006/3134/3233
f 6680/3578/3233 6679/3580/3233 7006/3134/3233
f 7006/3134/3233 6679/3580/3233 8754/3133/3229
f 6679/3580/3233 9526/3582/3229 8754/3133/3229
f 8754/3133/3229 9526/3582/3229 8407/3130/3229
f 9526/3582/3229 6678/3584/3229 8407/3130/3229
f 8407/3130/3229 6678/3584/3229 7013/3129/3229
f 6678/3584/3229 8214/3586/3229 7013/3129/3229
f 7013/3129/3229 8214/3586/3229 7016/3126/3229
f 8214/3586/3229 6677/3588/3229 7016/3126/3229
f 7016/3126/3229 6677/3588/3229 9441/3125/3227
f 6677/3588/3229 8152/3590/3227 9441/3125/3227
f 9441/3125/3227 8152/3590/3227 7018/3122/3227
f 8152/3590/3227 6676/3592/3227 7018/3122/3227
f 7018/3122/3227 6676/3592/3227 8575/3121/3220
f 6676/3592/3227 6675/3594/3227 8575/3121/3220
f 8575/3121/3220 6675/3594/3227 8900/3118/3220
f 6675/3594/3227 8878/3596/3227 8900/3118/3220
f 8900/3118/3220 8878/3596/3227 7021/3117/3220
f 8878/3596/3227 6674/3598/3220 7021/3117/3220
f 7021/3117/3220 6674/3598/3220 7026/3114/3220
f 6674/3598/3220 6673/3600/3219 7026/3114/3220
f 7026/3114/3220 6673/3600/3219 9434/3113/3219
f 6673/3600/3219 6672/3602/3219 9434/3113/3219
f 9434/3113/3219 6672/3602/3219 10268/3110/3219
f 6672/3602/3219 8572/3604/3219 10268/3110/3219
f 10268/3110/3219 8572/3604/3219 9480/3109/3216
f 8572/3604/3219 6671/3606/3216 9480/3109/3216
f 9480/3109/3216 6671/3606/3216 7032/3106/3216
f 6671/3606/3216 8203/3608/3216 7032/3106/3216
f 7032/3106/3216 8203/3608/3216 7035/3105/3216
f 8203/3608/3216 8273/3610/3216 7035/3105/3216
f 7035/3105/3216 8273/3610/3216 8160/3102/3216
f 8273/3610/3216 6670/3612/3216 8160/3102/3216
f 8160/3102/3216 6670/3612/3216 9599/3101/3213
f 6670/3612/3216 9846/3614/3213 9599/3101/3213
f 9599/3101/3213 9846/3614/3213 7040/3098/3213
f 9846/3614/3213 6669/3616/3213 7040/3098/3213
f 7040/3098/3213 6669/3616/3213 7041/3097/3213
f 6669/3616/3213 9591/3618/3213 7041/3097/3213
f 7041/3097/3213 9591/3618/3213 7044/3094/3213
f 9591/3618/3213 6668/3620/3213 7044/3094/3213
f 7044/3094/3213 6668/3620/3213 7045/3093/3206
f 6668/3620/3213 6667/3622/3206 7045/3093/3206
f 7045/3093/3206 6667/3622/3206 7054/3086/3206
f 6667/3622/3206 6666/3624/3206 7054/3086/3206
f 7054/3086/3206 6666/3624/3206 7055/3085/3206
f 6666/3624/3206 6665/3626/3206 7055/3085/3206
f 7055/3085/3206 6665/3626/3206 8624/3090/3206
f 6665/3626/3206 6664/3628/3206 8624/3090/3206
f 8624/3090/3206 6664/3628/3206 9788/3089/3303
f 6664/3628/3206 6663/3630/3303 9788/3089/3303
f 9788/3089/3303 6663/3630/3303 10255/3241/3303
f 6663/3630/3303 6662/3632/3303 10255/3241/3303
f 10255/3241/3303 6662/3632/3303 9596/3239/3300
f 6662/3632/3303 8048/3634/3303 9596/3239/3300
f 9596/3239/3300 8048/3634/3303 6895/3237/3300
f 8048/3634/3303 6661/3636/3303 6895/3237/3300
f 6895/3237/3300 6661/3636/3303 9760/3235/3300
f 6661/3636/3303 6660/3638/3300 9760/3235/3300
f 9760/3235/3300 6660/3638/3300 6899/3233/3300
f 6660/3638/3300 6659/3640/3297 6899/3233/3300
f 6899/3233/3300 6659/3640/3297 6900/3231/3297
f 6659/3640/3297 6658/3642/3297 6900/3231/3297
f 6900/3231/3297 6658/3642/3297 10168/3230/3297
f 6658/3642/3297 10262/3644/3297 10168/3230/3297
f 10168/3230/3297 10262/3644/3297 6904/3229/3291
f 10262/3644/3297 8477/3646/3291 6904/3229/3291
f 6904/3229/3291 8477/3646/3291 6909/3226/3291
f 8477/3646/3291 9922/3648/3291 6909/3226/3291
f 6909/3226/3291 9922/3648/3291 9382/3225/3291
f 9922/3648/3291 8103/3650/3291 9382/3225/3291
f 9382/3225/3291 8103/3650/3291 9913/3222/3291
f 8103/3650/3291 6657/3652/3291 9913/3222/3291
f 9913/3222/3291 6657/3652/3291 8436/3221/3287
f 6657/3652/3291 8304/3654/3287 8436/3221/3287
f 8436/3221/3287 8304/3654/3287 8475/3218/3287
f 8304/3654/3287 9212/3656/3287 8475/3218/3287
f 8475/3218/3287 9212/3656/3287 6916/3217/3287
f 9212/3656/3287 6656/3658/3287 6916/3217/3287
f 6916/3217/3287 6656/3658/3287 8776/3214/3287
f 6656/3658/3287 10213/3660/3287 8776/3214/3287
f 8776/3214/3287 10213/3660/3287 6920/3213/3281
f 10213/3660/3287 9925/3662/3281 6920/3213/3281
f 6920/3213/3281 9925/3662/3281 6925/3210/3281
f 9925/3662/3281 8502/3664/3281 6925/3210/3281
f 6925/3210/3281 8502/3664/3281 9248/3209/3281
f 8502/3664/3281 6655/3666/3281 9248/3209/3281
f 9248/3209/3281 6655/3666/3281 6927/3206/3281
f 6655/3666/3281 6654/3668/3281 6927/3206/3281
f 6927/3206/3281 6654/3668/3281 9086/3205/3278
f 6654/3668/3281 6653/3670/3278 9086/3205/3278
f 9086/3205/3278 6653/3670/3278 6931/3202/3278
f 6653/3670/3278 6652/3672/3278 6931/3202/3278
f 6931/3202/3278 6652/3672/3278 6934/3201/3276
f 6652/3672/3278 6651/3674/3278 6934/3201/3276
f 6934/3201/3276 6651/3674/3278 10190/3198/3276
f 6651/3674/3278 8634/3676/3278 10190/3198/3276
f 10190/3198/3276 8634/3676/3278 6936/3197/3276
f 8634/3676/3278 9819/3678/3276 6936/3197/3276
f 6936/3197/3276 9819/3678/3276 6939/3194/3276
f 9819/3678/3276 9991/3680/3272 6939/3194/3276
f 6939/3194/3276 9991/3680/3272 6942/3193/3272
f 9991/3680/3272 10119/3682/3272 6942/3193/3272
f 6942/3193/3272 10119/3682/3272 8934/3190/3272
f 10119/3682/3272 6649/3684/3272 8934/3190/3272
f 8934/3190/3272 6649/3684/3272 9799/3189/3268
f 6649/3684/3272 6648/3686/3268 9799/3189/3268
f 9799/3189/3268 6648/3686/3268 9721/3186/3268
f 6648/3686/3268 6647/3688/3268 9721/3186/3268
f 9721/3186/3268 6647/3688/3268 8124/3185/3268
f 6647/3688/3268 6646/3690/3268 8124/3185/3268
f 8124/3185/3268 6646/3690/3268 8898/3182/3268
f 6646/3690/3268 9514/3692/3268 8898/3182/3268
f 8898/3182/3268 9514/3692/3268 8230/3181/3264
f 9514/3692/3268 8060/3694/3264 8230/3181/3264
f 8230/3181/3264 8060/3694/3264 7060/3178/3264
f 8060/3694/3264 9630/3696/3264 7060/3178/3264
f 7060/3178/3264 9630/3696/3264 8718/3177/3264
f 9630/3696/3264 9108/3698/3264 8718/3177/3264
f 8718/3177/3264 9108/3698/3264 6958/3174/3264
f 9108/3698/3264 6645/3700/3264 6958/3174/3264
f 6958/3174/3264 6645/3700/3264 10111/3173/3260
f 6645/3700/3264 6644/3702/3260 10111/3173/3260
f 10111/3173/3260 6644/3702/3260 6962/3170/3260
f 6644/3702/3260 9380/3704/3260 6962/3170/3260
f 6962/3170/3260 9380/3704/3260 8699/3169/3260
f 9380/3704/3260 8549/3706/3260 8699/3169/3260
f 8699/3169/3260 8549/3706/3260 9699/3166/3260
f 8549/3706/3260 6643/3708/3260 9699/3166/3260
f 9699/3166/3260 6643/3708/3260 6967/3165/3257
f 6643/3708/3260 10241/3710/3257 6967/3165/3257
f 6967/3165/3257 10241/3710/3257 10139/3162/3257
f 10241/3710/3257 8092/3712/3257 10139/3162/3257
f 10139/3162/3257 8092/3712/3257 6973/3161/3249
f 8092/3712/3257 9575/3714/3257 6973/3161/3249
f 6973/3161/3249 9575/3714/3257 6976/3158/3249
f 9575/3714/3257 6642/3716/3257 6976/3158/3249
f 6976/3158/3249 6642/3716/3257 6977/3157/3249
f 6642/3716/3257 6641/3718/3249 6977/3157/3249
f 6977/3157/3249 6641/3718/3249 8612/3150/3249
f 6641/3718/3249 8488/3720/3247 8612/3150/3249
f 8612/3150/3249 8488/3720/3247 6983/3149/3247
f 8488/3720/3247 6640/3722/3247 6983/3149/3247
f 6983/3149/3247 6640/3722/3247 8115/3154/3247
f 6640/3722/3247 6683/3569/3247 8115/3154/3247
f 8115/3154/3247 6683/3569/3247 6979/3153/3240
f 6683/3569/3247 8313/3567/3240 6979/3153/3240
f 2948/2598/1027 6638/3727/1027 2557/2208/1027
f 6638/3727/1027 6639/3725/1027 2557/2208/1027
f 2557/2208/1027 6639/3725/1027 2556/2206/1027
f 6639/3725/1027 9945/3726/1027 2556/2206/1027
f 2556/2206/1027 9945/3726/1027 2563/2213/1027
f 9945/3726/1027 6637/3732/1027 2563/2213/1027
f 2563/2213/1027 6637/3732/1027 2568/2218/1027
f 6637/3732/1027 8347/3734/1027 2568/2218/1027
f 2568/2218/1027 8347/3734/1027 2573/2223/1027
f 8347/3734/1027 6636/3736/1027 2573/2223/1027
f 2573/2223/1027 6636/3736/1027 2578/2228/1027
f 6636/3736/1027 8351/3738/1027 2578/2228/1027
f 2578/2228/1027 8351/3738/1027 2583/2233/1027
f 8351/3738/1027 9121/3740/1027 2583/2233/1027
f 2583/2233/1027 9121/3740/1027 2588/2238/1027
f 9121/3740/1027 6635/3742/1027 2588/2238/1027
f 2588/2238/1027 6635/3742/1027 2593/2243/1027
f 6635/3742/1027 6634/3744/1027 2593/2243/1027
f 2593/2243/1027 6634/3744/1027 2598/2248/1027
f 6634/3744/1027 8736/3746/1027 2598/2248/1027
f 2598/2248/1027 8736/3746/1027 2603/2253/1027
f 8736/3746/1027 6633/3748/1027 2603/2253/1027
f 2603/2253/1027 6633/3748/1027 2608/2258/1027
f 6633/3748/1027 6632/3750/1027 2608/2258/1027
f 2608/2258/1027 6632/3750/1027 2613/2263/1027
f 6632/3750/1027 6631/3752/1027 2613/2263/1027
f 2613/2263/1027 6631/3752/1027 2618/2268/1027
f 6631/3752/1027 6630/3754/1027 2618/2268/1027
f 2618/2268/1027 6630/3754/1027 2623/2273/1027
f 6630/3754/1027 6629/3756/1027 2623/2273/1027
f 2623/2273/1027 6629/3756/1027 2628/2278/1027
f 6629/3756/1027 9478/3758/1027 2628/2278/1027
f 2628/2278/1027 9478/3758/1027 2633/2283/1027
f 9478/3758/1027 6628/3760/1027 2633/2283/1027
f 2633/2283/1027 6628/3760/1027 2638/2288/1027
f 6628/3760/1027 6627/3762/1027 2638/2288/1027
f 2638/2288/1027 6627/3762/1027 2643/2293/1027
f 6627/3762/1027 6650/3764/1027 2643/2293/1027
f 2643/2293/1027 6650/3764/1027 2648/2298/1027
f 6650/3764/1027 8381/3766/1027 2648/2298/1027
f 2648/2298/1027 8381/3766/1027 2653/2303/1027
f 8381/3766/1027 8196/3768/1027 2653/2303/1027
f 2653/2303/1027 8196/3768/1027 2658/2308/1027
f 8196/3768/1027 9828/3770/1027 2658/2308/1027
f 2658/2308/1027 9828/3770/1027 2663/2313/1027
f 9828/3770/1027 8840/3772/1027 2663/2313/1027
f 2663/2313/1027 8840/3772/1027 2668/2318/1027
f 8840/3772/1027 9731/3774/1027 2668/2318/1027
f 2668/2318/1027 9731/3774/1027 2673/2323/1027
f 9731/3774/1027 8069/3776/1027 2673/2323/1027
f 2673/2323/1027 8069/3776/1027 2678/2328/1027
f 8069/3776/1027 9051/3778/1027 2678/2328/1027
f 2678/2328/1027 9051/3778/1027 2683/2333/1027
f 9051/3778/1027 9009/3780/1027 2683/2333/1027
f 2683/2333/1027 9009/3780/1027 2688/2338/1027
f 9009/3780/1027 8263/3782/1027 2688/2338/1027
f 2688/2338/1027 8263/3782/1027 2693/2343/1027
f 8263/3782/1027 8294/3784/1027 2693/2343/1027
f 2693/2343/1027 8294/3784/1027 2698/2348/1027
f 8294/3784/1027 6626/3786/1027 2698/2348/1027
f 2698/2348/1027 6626/3786/1027 2703/2353/1027
f 6626/3786/1027 6625/3788/1027 2703/2353/1027
f 2703/2353/1027 6625/3788/1027 2708/2358/1027
f 6625/3788/1027 6624/3790/1027 2708/2358/1027
f 2708/2358/1027 6624/3790/1027 2713/2363/1027
f 6624/3790/1027 9686/3792/1027 2713/2363/1027
f 2713/2363/1027 9686/3792/1027 2718/2368/1027
f 9686/3792/1027 6623/3794/1027 2718/2368/1027
f 2718/2368/1027 6623/3794/1027 2723/2373/1027
f 6623/3794/1027 9886/3796/1027 2723/2373/1027
f 2723/2373/1027 9886/3796/1027 2728/2378/1027
f 9886/3796/1027 6622/3798/1027 2728/2378/1027
f 2728/2378/1027 6622/3798/1027 2733/2383/1027
f 6622/3798/1027 9749/3800/1027 2733/2383/1027
f 2733/2383/1027 9749/3800/1027 2738/2388/1027
f 9749/3800/1027 6621/3802/1027 2738/2388/1027
f 2738/2388/1027 6621/3802/1027 2743/2393/1027
f 6621/3802/1027 6620/3804/1027 2743/2393/1027
f 2743/2393/1027 6620/3804/1027 2748/2398/1027
f 6620/3804/1027 6619/3806/1027 2748/2398/1027
f 2748/2398/1027 6619/3806/1027 2753/2403/1027
f 6619/3806/1027 8691/3808/1027 2753/2403/1027
f 2753/2403/1027 8691/3808/1027 2758/2408/1027
f 8691/3808/1027 8587/3810/1027 2758/2408/1027
f 2758/2408/1027 8587/3810/1027 2763/2413/1027
f 8587/3810/1027 10054/3812/1027 2763/2413/1027
f 2763/2413/1027 10054/3812/1027 2768/2418/1027
f 10054/3812/1027 6618/3814/1027 2768/2418/1027
f 2768/2418/1027 6618/3814/1027 2773/2423/1027
f 6618/3814/1027 8803/3816/1027 2773/2423/1027
f 2773/2423/1027 8803/3816/1027 2778/2428/1027
f 8803/3816/1027 6617/3818/1027 2778/2428/1027
f 2778/2428/1027 6617/3818/1027 2783/2433/1027
f 6617/3818/1027 6616/3820/1027 2783/2433/1027
f 2783/2433/1027 6616/3820/1027 2788/2438/1027
f 6616/3820/1027 10162/3822/1027 2788/2438/1027
f 2788/2438/1027 10162/3822/1027 2793/2443/1027
f 10162/3822/1027 8439/3824/1027 2793/2443/1027
f 2793/2443/1027 8439/3824/1027 2798/2448/1027
f 8439/3824/1027 6615/3826/1027 2798/2448/1027
f 2798/2448/1027 6615/3826/1027 2803/2453/1027
f 6615/3826/1027 6613/3828/1027 2803/2453/1027
f 2803/2453/1027 6613/3828/1027 2808/2458/1027
f 6613/3828/1027 9909/3830/1027 2808/2458/1027
f 2808/2458/1027 9909/3830/1027 2813/2463/1027
f 9909/3830/1027 9359/3832/1027 2813/2463/1027
f 2813/2463/1027 9359/3832/1027 2818/2468/1027
f 9359/3832/1027 6612/3834/1027 2818/2468/1027
f 2818/2468/1027 6612/3834/1027 2823/2473/1027
f 6612/3834/1027 10235/3836/1027 2823/2473/1027
f 2823/2473/1027 10235/3836/1027 2828/2478/1027
f 10235/3836/1027 6611/3838/1027 2828/2478/1027
f 2828/2478/1027 6611/3838/1027 2833/2483/1027
f 6611/3838/1027 6609/3840/1027 2833/2483/1027
f 2833/2483/1027 6609/3840/1027 2838/2488/1027
f 6609/3840/1027 6608/3842/1027 2838/2488/1027
f 2838/2488/1027 6608/3842/1027 2843/2493/1027
f 6608/3842/1027 8402/3844/1027 2843/2493/1027
f 2843/2493/1027 8402/3844/1027 2848/2498/1027
f 8402/3844/1027 6607/3846/1027 2848/2498/1027
f 2848/2498/1027 6607/3846/1027 2853/2503/1027
f 6607/3846/1027 6606/3848/1027 2853/2503/1027
f 2853/2503/1027 6606/3848/1027 2858/2508/1027
f 6606/3848/1027 6605/3850/1027 2858/2508/1027
f 2858/2508/1027 6605/3850/1027 2863/2513/1027
f 6605/3850/1027 8291/3852/1027 2863/2513/1027
f 2863/2513/1027 8291/3852/1027 2868/2518/1027
f 8291/3852/1027 6604/3854/1027 2868/2518/1027
f 2868/2518/1027 6604/3854/1027 2873/2523/1027
f 6604/3854/1027 8296/3856/1027 2873/2523/1027
f 2873/2523/1027 8296/3856/1027 2878/2528/1027
f 8296/3856/1027 6603/3858/1027 2878/2528/1027
f 2878/2528/1027 6603/3858/1027 2883/2533/1027
f 6603/3858/1027 6602/3860/1027 2883/2533/1027
f 2883/2533/1027 6602/3860/1027 2888/2538/1027
f 6602/3860/1027 6601/3862/1027 2888/2538/1027
f 2888/2538/1027 6601/3862/1027 2893/2543/1027
f 6601/3862/1027 9565/3864/1027 2893/2543/1027
f 2893/2543/1027 9565/3864/1027 2898/2548/1027
f 9565/3864/1027 6600/3866/1027 2898/2548/1027
f 2898/2548/1027 6600/3866/1027 2903/2553/1027
f 6600/3866/1027 6599/3868/1027 2903/2553/1027
f 2903/2553/1027 6599/3868/1027 2908/2558/1027
f 6599/3868/1027 6598/3870/1027 2908/2558/1027
f 2908/2558/1027 6598/3870/1027 2913/2563/1027
f 6598/3870/1027 8783/3872/1027 2913/2563/1027
f 2913/2563/1027 8783/3872/1027 2918/2568/1027
f 8783/3872/1027 9225/3874/1027 2918/2568/1027
f 2918/2568/1027 9225/3874/1027 2923/2573/1027
f 9225/3874/1027 9073/3876/1027 2923/2573/1027
f 2923/2573/1027 9073/3876/1027 2928/2578/1027
f 9073/3876/1027 6597/3878/1027 2928/2578/1027
f 2928/2578/1027 6597/3878/1027 2933/2583/1027
f 6597/3878/1027 8080/3880/1027 2933/2583/1027
f 2933/2583/1027 8080/3880/1027 2938/2588/1027
f 8080/3880/1027 6596/3882/1027 2938/2588/1027
f 2938/2588/1027 6596/3882/1027 2943/2593/1027
f 6596/3882/1027 9910/3729/1027 2943/2593/1027
f 2943/2593/1027 9910/3729/1027 2948/2598/1027
f 9910/3729/1027 6638/3727/1027 2948/2598/1027
f 4233/3883/3700 4235/3884/3701 4234/3885/3702
f 4235/3884/3701 4236/3886/3703 4234/3885/3702
f 4237/3887/3704 4238/3888/3705 4233/3883/3700
f 4238/3888/3705 4235/3884/3701 4233/3883/3700
f 4239/3889/3706 4240/3890/3707 4237/3887/3704
f 4240/3890/3707 4238/3888/3705 4237/3887/3704
f 4241/3891/3708 4242/3892/3709 4239/3889/3706
f 4242/3892/3709 4240/3890/3707 4239/3889/3706
f 4243/3893/3710 4244/3894/3711 4241/3891/3708
f 4244/3894/3711 4242/3892/3709 4241/3891/3708
f 4245/3895/3712 4246/3896/3713 4243/3893/3710
f 4246/3896/3713 4244/3894/3711 4243/3893/3710
f 4247/3897/3714 4248/3898/3715 4245/3895/3712
f 4248/3898/3715 4246/3896/3713 4245/3895/3712
f 4249/3899/3716 4250/3900/3482 4247/3897/3714
f 4250/3900/3482 4248/3898/3715 4247/3897/3714
f 4251/3901/3717 4252/3902/3718 4249/3899/3716
f 4252/3902/3718 4250/3900/3482 4249/3899/3716
f 4253/3903/3719 4254/3904/3720 4251/3901/3717
f 4254/3904/3720 4252/3902/3718 4251/3901/3717
f 4255/3905/3721 4256/3906/3722 4253/3903/3719
f 4256/3906/3722 4254/3904/3720 4253/3903/3719
f 4257/3907/3723 4258/3908/3724 4255/3905/3721
f 4258/3908/3724 4256/3906/3722 4255/3905/3721
f 4259/3909/3725 4260/3910/3726 4257/3907/3723
f 4260/3910/3726 4258/3908/3724 4257/3907/3723
f 4261/3911/3727 4262/3912/3728 4259/3909/3725
f 4262/3912/3728 4260/3910/3726 4259/3909/3725
f 4263/3913/3729 4264/3914/3496 4261/3911/3727
f 4264/3914/3496 4262/3912/3728 4261/3911/3727
f 4265/3915/3730 4266/3916/3731 4263/3913/3729
f 4266/3916/3731 4264/3914/3496 4263/3913/3729
f 4267/3917/3732 4268/3918/3500 4265/3915/3730
f 4268/3918/3500 4266/3916/3731 4265/3915/3730
f 4269/3919/3733 4270/3920/3734 4267/3917/3732
f 4270/3920/3734 4268/3918/3500 4267/3917/3732
f 4271/3921/3735 4272/3922/3736 4269/3919/3733
f 4272/3922/3736 4270/3920/3734 4269/3919/3733
f 4273/3923/3737 4274/3924/3738 4271/3921/3735
f 4274/3924/3738 4272/3922/3736 4271/3921/3735
f 4275/3925/3739 4276/3926/3740 4273/3923/3737
f 4276/3926/3740 4274/3924/3738 4273/3923/3737
f 4277/3927/3741 4278/3928/3742 4275/3925/3739
f 4278/3928/3742 4276/3926/3740 4275/3925/3739
f 4279/3929/3743 4280/3930/3744 4277/3927/3741
f 4280/3930/3744 4278/3928/3742 4277/3927/3741
f 4281/3931/3745 4282/3932/3746 4279/3929/3743
f 4282/3932/3746 4280/3930/3744 4279/3929/3743
f 4283/3933/3747 4284/3934/3748 4281/3931/3745
f 4284/3934/3748 4282/3932/3746 4281/3931/3745
f 4285/3935/3749 4286/3936/3750 4283/3933/3747
f 4286/3936/3750 4284/3934/3748 4283/3933/3747
f 4287/3937/3751 4288/3938/3752 4285/3935/3749
f 4288/3938/3752 4286/3936/3750 4285/3935/3749
f 4289/3939/3753 4290/3940/3754 4287/3937/3751
f 4290/3940/3754 4288/3938/3752 4287/3937/3751
f 4291/3941/3755 4292/3942/3756 4289/3939/3753
f 4292/3942/3756 4290/3940/3754 4289/3939/3753
f 4293/3943/3757 4294/3944/3758 4291/3941/3755
f 4294/3944/3758 4292/3942/3756 4291/3941/3755
f 4295/3945/3759 4296/3946/3760 4293/3943/3757
f 4296/3946/3760 4294/3944/3758 4293/3943/3757
f 4297/3947/3761 4298/3948/3762 4295/3945/3759
f 4298/3948/3762 4296/3946/3760 4295/3945/3759
f 4299/3949/3763 4300/3950/3764 4297/3947/3761
f 4300/3950/3764 4298/3948/3762 4297/3947/3761
f 4301/3951/3765 4302/3952/3766 4299/3949/3763
f 4302/3952/3766 4300/3950/3764 4299/3949/3763
f 4303/3953/3767 4304/3954/3768 4301/3951/3765
f 4304/3954/3768 4302/3952/3766 4301/3951/3765
f 4305/3955/3769 4306/3956/3770 4303/3953/3767
f 4306/3956/3770 4304/3954/3768 4303/3953/3767
f 4307/3957/3771 4308/3958/3772 4305/3955/3769
f 4308/3958/3772 4306/3956/3770 4305/3955/3769
f 4309/3959/3773 4310/3960/3774 4307/3957/3771
f 4310/3960/3774 4308/3958/3772 4307/3957/3771
f 4311/3961/3775 4312/3962/3776 4309/3959/3773
f 4312/3962/3776 4310/3960/3774 4309/3959/3773
f 4313/3963/3777 4314/3964/3778 4311/3961/3775
f 4314/3964/3778 4312/3962/3776 4311/3961/3775
f 4315/3965/3779 4316/3966/3780 4313/3963/3777
f 4316/3966/3780 4314/3964/3778 4313/3963/3777
f 4317/3967/3781 4318/3968/3782 4315/3965/3779
f 4318/3968/3782 4316/3966/3780 4315/3965/3779
f 4319/3969/3783 4320/3970/3784 4317/3967/3781
f 4320/3970/3784 4318/3968/3782 4317/3967/3781
f 4321/3971/3785 4322/3972/3786 4319/3969/3783
f 4322/3972/3786 4320/3970/3784 4319/3969/3783
f 4323/3973/3787 4324/3974/3788 4321/3971/3785
f 4324/3974/3788 4322/3972/3786 4321/3971/3785
f 4325/3975/3789 4326/3976/3790 4323/3973/3787
f 4326/3976/3790 4324/3974/3788 4323/3973/3787
f 4327/3977/3791 4328/3978/3400 4325/3975/3789
f 4328/3978/3400 4326/3976/3790 4325/3975/3789
f 4329/3979/3792 4330/3980/3793 4327/3977/3791
f 4330/3980/3793 4328/3978/3400 4327/3977/3791
f 4331/3981/3794 4332/3982/3795 4329/3979/3792
f 4332/3982/3795 4330/3980/3793 4329/3979/3792
f 4333/3983/3796 4334/3984/3797 4331/3981/3794
f 4334/3984/3797 4332/3982/3795 4331/3981/3794
f 4335/3985/3798 4336/3986/3799 4333/3983/3796
f 4336/3986/3799 4334/3984/3797 4333/3983/3796
f 4337/3987/3800 4338/3988/3801 4335/3985/3798
f 4338/3988/3801 4336/3986/3799 4335/3985/3798
f 4339/3989/3802 4340/3990/3803 4337/3987/3800
f 4340/3990/3803 4338/3988/3801 4337/3987/3800
f 4341/3991/3804 4342/3992/3805 4339/3989/3802
f 4342/3992/3805 4340/3990/3803 4339/3989/3802
f 4343/3993/3806 4344/3994/3416 4341/3991/3804
f 4344/3994/3416 4342/3992/3805 4341/3991/3804
f 4345/3995/3807 4346/3996/3808 4343/3993/3806
f 4346/3996/3808 4344/3994/3416 4343/3993/3806
f 4347/3997/3809 4348/3998/3420 4345/3995/3807
f 4348/3998/3420 4346/3996/3808 4345/3995/3807
f 4349/3999/3810 4350/4000/3811 4347/3997/3809
f 4350/4000/3811 4348/3998/3420 4347/3997/3809
f 4351/4001/3812 4352/4002/3813 4349/3999/3810
f 4352/4002/3813 4350/4000/3811 4349/3999/3810
f 4353/4003/3814 4354/4004/3815 4351/4001/3812
f 4354/4004/3815 4352/4002/3813 4351/4001/3812
f 4355/4005/3816 4356/4006/3817 4353/4003/3814
f 4356/4006/3817 4354/4004/3815 4353/4003/3814
f 4357/4007/3818 4358/4008/3819 4355/4005/3816
f 4358/4008/3819 4356/4006/3817 4355/4005/3816
f 4359/4009/3820 4360/4010/3821 4357/4007/3818
f 4360/4010/3821 4358/4008/3819 4357/4007/3818
f 4361/4011/3822 4362/4012/3823 4359/4009/3820
f 4362/4012/3823 4360/4010/3821 4359/4009/3820
f 4363/4013/3824 4364/4014/3825 4361/4011/3822
f 4364/4014/3825 4362/4012/3823 4361/4011/3822
f 4365/4015/3826 4366/4016/3827 4363/4013/3824
f 4366/4016/3827 4364/4014/3825 4363/4013/3824
f 4367/4017/3828 4368/4018/3829 4365/4015/3826
f 4368/4018/3829 4366/4016/3827 4365/4015/3826
f 4369/4019/3830 4370/4020/3831 4367/4017/3828
f 4370/4020/3831 4368/4018/3829 4367/4017/3828
f 4371/4021/3832 4372/4022/3833 4369/4019/3830
f 4372/4022/3833 4370/4020/3831 4369/4019/3830
f 4373/4023/3834 4374/4024/3835 4371/4021/3832
f 4374/4024/3835 4372/4022/3833 4371/4021/3832
f 4375/4025/3836 4376/4026/3837 4373/4023/3834
f 4376/4026/3837 4374/4024/3835 4373/4023/3834
f 4377/4027/3838 4378/4028/3839 4375/4025/3836
f 4378/4028/3839 4376/4026/3837 4375/4025/3836
f 4379/4029/3840 4380/4030/3841 4377/4027/3838
f 4380/4030/3841 4378/4028/3839 4377/4027/3838
f 4381/4031/3842 4382/4032/3454 4379/4029/3840
f 4382/4032/3454 4380/4030/3841 4379/4029/3840
f 4383/4033/3843 4384/4034/3456 4381/4031/3842
f 4384/4034/3456 4382/4032/3454 4381/4031/3842
f 4385/4035/3844 4386/4036/3845 4383/4033/3843
f 4386/4036/3845 4384/4034/3456 4383/4033/3843
f 4387/4037/3846 4388/4038/3847 4385/4035/3844
f 4388/4038/3847 4386/4036/3845 4385/4035/3844
f 4389/4039/3848 4390/4040/3849 4387/4037/3846
f 4390/4040/3849 4388/4038/3847 4387/4037/3846
f 4391/4041/3850 4392/4042/3851 4389/4039/3848
f 4392/4042/3851 4390/4040/3849 4389/4039/3848
f 4234/3885/3702 4236/3886/3703 4391/4041/3850
f 4236/3886/3703 4392/4042/3851 4391/4041/3850
f 4393/4043/2619 4394/4044/2619 7473/2432/2619
f 4394/4044/2619 10272/2068/2619 7473/2432/2619
f 7855/2066/2616 4395/4045/2616 2782/2432/2616
f 4395/4045/2616 7274/4043/2616 2782/2432/2616
f 2415/2064/2469 4396/4046/2469 2416/2066/2469
f 4396/4046/2469 6592/4045/2469 2416/2066/2469
f 4397/4047/2617 8165/4046/2617 7478/2427/2617
f 8165/4046/2617 7856/2064/2617 7478/2427/2617
f 7859/2062/2614 4398/4048/2614 2777/2427/2614
f 4398/4048/2614 6590/4047/2614 2777/2427/2614
f 2411/2060/2468 4399/4049/2468 2412/2062/2468
f 4399/4049/2468 7389/4048/2468 2412/2062/2468
f 4400/4050/2615 10221/4049/2615 7483/2422/2615
f 10221/4049/2615 10295/2060/2615 7483/2422/2615
f 9479/2058/2612 4401/4051/3852 2772/2422/2610
f 4401/4051/3852 10290/4050/2610 2772/2422/2610
f 2407/2056/2465 4402/4052/2465 2408/2058/2467
f 4402/4052/2465 7635/4051/2465 2408/2058/2467
f 4403/4053/2613 8768/4052/2613 9027/2417/2613
f 8768/4052/2613 7862/2056/2613 9027/2417/2613
f 7865/2054/2607 4404/4054/2607 2767/2417/2607
f 4404/4054/2607 9416/4053/2607 2767/2417/2607
f 2403/2052/2464 4405/4055/2464 2404/2054/2464
f 4405/4055/2464 6588/4054/2464 2404/2054/2464
f 4406/4056/2608 6586/4055/2608 7494/2412/2608
f 6586/4055/2608 8895/2052/2608 7494/2412/2608
f 7866/2050/2605 4407/4057/2605 2762/2412/2605
f 4407/4057/2605 6584/4056/2605 2762/2412/2605
f 2399/2048/2463 4408/4058/2463 2400/2050/2463
f 4408/4058/2463 8844/4057/2463 2400/2050/2463
f 4409/4059/2606 6582/4058/2606 8968/2407/2606
f 6582/4058/2606 7867/2048/2606 8968/2407/2606
f 7872/2046/2603 4410/4060/2603 2757/2407/2603
f 4410/4060/2603 6580/4059/2603 2757/2407/2603
f 2395/2044/2462 4411/4061/2462 2396/2046/2462
f 4411/4061/2462 9219/4060/2462 2396/2046/2462
f 4412/4062/2604 6578/4061/2604 7503/2402/2604
f 6578/4061/2604 7873/2044/2604 7503/2402/2604
f 8248/2042/2601 4413/4063/2601 2752/2402/2601
f 4413/4063/2601 6576/4062/2601 2752/2402/2601
f 2391/2040/2461 4414/4064/2461 2392/2042/2461
f 4414/4064/2461 9785/4063/2461 2392/2042/2461
f 4415/4065/2602 6574/4064/2602 8141/2397/2602
f 6574/4064/2602 9921/2040/2602 8141/2397/2602
f 7878/2038/2599 4416/4066/2599 2747/2397/2599
f 4416/4066/2599 8792/4065/2599 2747/2397/2599
f 2387/2036/2460 4417/4067/2460 2388/2038/2460
f 4417/4067/2460 9190/4066/2460 2388/2038/2460
f 4418/4068/2600 8419/4067/2600 7518/2392/2600
f 8419/4067/2600 7879/2036/2600 7518/2392/2600
f 7882/2034/2597 4419/4069/2597 2742/2392/2597
f 4419/4069/2597 6690/4068/2597 2742/2392/2597
f 2383/2032/2457 4420/4070/2459 2384/2034/2459
f 4420/4070/2459 6572/4069/2459 2384/2034/2459
f 4421/4071/2598 9875/4070/2598 7525/2387/2598
f 9875/4070/2598 7883/2032/2598 7525/2387/2598
f 7888/2030/2595 4422/4072/2595 2737/2387/2595
f 4422/4072/2595 6570/4071/2595 2737/2387/2595
f 2379/2028/2456 4423/4073/3853 2380/2030/2456
f 4423/4073/3853 8089/4072/3853 2380/2030/2456
f 4424/4074/2596 6568/4073/2596 9366/2382/2596
f 6568/4073/2596 8802/2028/2596 9366/2382/2596
f 7891/2026/2593 4425/4075/2593 2732/2382/2593
f 4425/4075/2593 8156/4074/2593 2732/2382/2593
f 2375/2024/2455 4426/4076/2455 2376/2026/2455
f 4426/4076/2455 6566/4075/2455 2376/2026/2455
f 4427/4077/2594 6564/4076/2594 7537/2377/2594
f 6564/4076/2594 8074/2024/2594 7537/2377/2594
f 7896/2022/2591 4428/4078/2591 2727/2377/2591
f 4428/4078/2591 10146/4077/2591 2727/2377/2591
f 2371/2020/2454 4429/4079/2454 2372/2022/2454
f 4429/4079/2454 6562/4078/2454 2372/2022/2454
f 4430/4080/2592 9623/4079/2592 7540/2372/2592
f 9623/4079/2592 7897/2020/2592 7540/2372/2592
f 8510/2018/2588 4431/4081/2588 2722/2372/2588
f 4431/4081/2588 9533/4080/2588 2722/2372/2588
f 2367/2016/2453 4432/4082/2453 2368/2018/2453
f 4432/4082/2453 8460/4081/2453 2368/2018/2453
f 4433/4083/2590 9780/4082/2590 7547/2367/2589
f 9780/4082/2590 8431/2016/2590 7547/2367/2589
f 9484/2014/2586 4434/4084/2586 2717/2367/2586
f 4434/4084/2586 8598/4083/2586 2717/2367/2586
f 2363/2012/2452 4435/4085/2452 2364/2014/2452
f 4435/4085/2452 6560/4084/2452 2364/2014/2452
f 4436/4086/2587 6558/4085/2587 9905/2362/2587
f 6558/4085/2587 8959/2012/2587 9905/2362/2587
f 7908/2010/2584 4437/4087/2584 2712/2362/2584
f 4437/4087/2584 6556/4086/2584 2712/2362/2584
f 2359/2008/2451 4438/4088/2451 2360/2010/2451
f 4438/4088/2451 6554/4087/2451 2360/2010/2451
f 4439/4089/2585 8838/4088/2585 7554/2357/2585
f 8838/4088/2585 8961/2008/2585 7554/2357/2585
f 9632/2006/2582 4440/4090/2582 2707/2357/2582
f 4440/4090/2582 8193/4089/2582 2707/2357/2582
f 2355/2004/2450 4441/4091/2450 2356/2006/2450
f 4441/4091/2450 8869/4090/2450 2356/2006/2450
f 4442/4092/2583 6552/4091/2583 7563/2352/2583
f 6552/4091/2583 10246/2004/2583 7563/2352/2583
f 8062/2002/2580 4443/4093/2579 2702/2352/2579
f 4443/4093/2579 9758/4092/2577 2702/2352/2579
f 2351/2000/2448 4444/4094/2448 2352/2002/2449
f 4444/4094/2448 6550/4093/2448 2352/2002/2449
f 4445/4095/2581 6548/4094/2581 7568/2347/2581
f 6548/4094/2581 7915/2000/2581 7568/2347/2581
f 7920/1998/2575 4446/4096/2575 2697/2347/2575
f 4446/4096/2575 8692/4095/2575 2697/2347/2575
f 2347/1996/2447 4447/4097/2447 2348/1998/2447
f 4447/4097/2447 6546/4096/2447 2348/1998/2447
f 4448/4098/2576 8382/4097/2576 7571/2342/2576
f 8382/4097/2576 8960/1996/2576 7571/2342/2576
f 7923/1994/2573 4449/4099/2573 2692/2342/2573
f 4449/4099/2573 6544/4098/2573 2692/2342/2573
f 2343/1992/2446 4450/4100/2446 2344/1994/2446
f 4450/4100/2446 10299/4099/2446 2344/1994/2446
f 4451/4101/2574 8218/4100/2574 9264/2337/2574
f 8218/4100/2574 8707/1992/2574 9264/2337/2574
f 7928/1990/2571 4452/4102/2571 2687/2337/2571
f 4452/4102/2571 6542/4101/2571 2687/2337/2571
f 2339/1988/2444 4453/4103/2445 2340/1990/2445
f 4453/4103/2445 9645/4102/2445 2340/1990/2445
f 4454/4104/2572 6540/4103/2572 7579/2332/2572
f 6540/4103/2572 9872/1988/2572 7579/2332/2572
f 7933/1986/2569 4455/4105/2569 2682/2332/2569
f 4455/4105/2569 6538/4104/2569 2682/2332/2569
f 2335/1984/2443 4456/4106/2443 2336/1986/2443
f 4456/4106/2443 6536/4105/2443 2336/1986/2443
f 4457/4107/2570 10206/4106/2570 7584/2327/2570
f 10206/4106/2570 8086/1984/2570 7584/2327/2570
f 7936/1982/2566 4458/4108/2567 2677/2327/2567
f 4458/4108/2567 9303/4107/2567 2677/2327/2567
f 2331/1980/2442 4459/4109/2442 2332/1982/2442
f 4459/4109/2442 10227/4108/3854 2332/1982/2442
f 4460/4110/2568 8259/4109/2568 7591/2322/2568
f 8259/4109/2568 7937/1980/2568 7591/2322/2568
f 9512/1978/2563 4461/4111/2563 2672/2322/2563
f 4461/4111/2563 6534/4110/2563 2672/2322/2563
f 2327/1976/2441 4462/4112/2441 2328/1978/2441
f 4462/4112/2441 7804/4111/2441 2328/1978/2441
f 4463/4113/2564 8616/4112/2564 7598/2317/2564
f 8616/4112/2564 7940/1976/2564 7598/2317/2564
f 9732/1974/2561 4464/4114/2561 2667/2317/2561
f 4464/4114/2561 8232/4113/2561 2667/2317/2561
f 2323/1972/2440 4465/4115/2440 2324/1974/2440
f 4465/4115/2440 6532/4114/2440 2324/1974/2440
f 4466/4116/2562 8283/4115/2562 8618/2312/2562
f 8283/4115/2562 7944/1972/2562 8618/2312/2562
f 7949/1970/2559 4467/4117/2559 2662/2312/2559
f 4467/4117/2559 6530/4116/2559 2662/2312/2559
f 2319/1968/2439 4468/4118/2439 2320/1970/2439
f 4468/4118/2439 8242/4117/2439 2320/1970/2439
f 4469/4119/2560 8855/4118/2560 7609/2307/2560
f 8855/4118/2560 7951/1968/2560 7609/2307/2560
f 8153/1966/2557 4470/4120/2557 2657/2307/2557
f 4470/4120/2557 6528/4119/2557 2657/2307/2557
f 2315/1964/2438 4471/4121/2438 2316/1966/2438
f 4471/4121/2438 6526/4120/2438 2316/1966/2438
f 4472/4122/2558 6524/4121/2558 7616/2302/2558
f 6524/4121/2558 7956/1964/2558 7616/2302/2558
f 7957/1962/2555 4473/4123/2555 2652/2302/2555
f 4473/4123/2555 6522/4122/2555 2652/2302/2555
f 2311/1960/2437 4474/4124/2437 2312/1962/2437
f 4474/4124/2437 6520/4123/2437 2312/1962/2437
f 4475/4125/2556 9884/4124/2556 7619/2297/2556
f 9884/4124/2556 9967/1960/2556 7619/2297/2556
f 10150/1958/2553 4476/4126/2553 2647/2297/2553
f 4476/4126/2553 9793/4125/2553 2647/2297/2553
f 2307/1956/2436 4477/4127/2436 2308/1958/2436
f 4477/4127/2436 6518/4126/2436 2308/1958/2436
f 4478/4128/2554 9226/4127/2554 7628/2292/2554
f 9226/4127/2554 7963/1956/2554 7628/2292/2554
f 9672/1954/2550 4479/4129/2550 2642/2292/2550
f 4479/4129/2550 6516/4128/2550 2642/2292/2550
f 2303/1952/2435 4480/4130/2435 2304/1954/2435
f 4480/4130/2435 9589/4129/2435 2304/1954/2435
f 4481/4131/2551 6514/4130/2552 7639/2287/2551
f 6514/4130/2552 8162/1952/2552 7639/2287/2551
f 7966/1950/2548 4482/4132/2548 2637/2287/2548
f 4482/4132/2548 9188/4131/2548 2637/2287/2548
f 2299/1948/2434 4483/4133/2434 2300/1950/2434
f 4483/4133/2434 6512/4132/2434 2300/1950/2434
f 4484/4134/2549 9031/4133/2549 7644/2282/2549
f 9031/4133/2549 7967/1948/2549 7644/2282/2549
f 7970/1946/2546 4485/4135/2546 2632/2282/2546
f 4485/4135/2546 9110/4134/2546 2632/2282/2546
f 2295/1944/2433 4486/4136/2433 2296/1946/2433
f 4486/4136/2433 6510/4135/2433 2296/1946/2433
f 4487/4137/2547 10099/4136/2547 10251/2277/2547
f 10099/4136/2547 7971/1944/2547 10251/2277/2547
f 10193/1942/2545 4488/4138/2545 2627/2277/2545
f 4488/4138/2545 9617/4137/2545 2627/2277/2545
f 2291/1940/2432 4489/4139/2432 2292/1942/2432
f 4489/4139/2432 6508/4138/2432 2292/1942/2432
f 4490/4140/2162 6506/4139/2162 8342/2272/2162
f 6506/4139/2162 7976/1940/2162 8342/2272/2162
f 7979/1938/2543 4491/4141/2543 2622/2272/2543
f 4491/4141/2543 6504/4140/2543 2622/2272/2543
f 2287/1936/2431 4492/4142/2431 2288/1938/2431
f 4492/4142/2431 6502/4141/2431 2288/1938/2431
f 4493/4143/2544 6500/4142/2544 9854/2267/2544
f 6500/4142/2544 9365/1936/2544 9854/2267/2544
f 8509/1934/2541 4494/4144/2539 2617/2267/2539
f 4494/4144/2539 6498/4143/2539 2617/2267/2539
f 2283/1932/2428 4495/4145/2427 2284/1934/2430
f 4495/4145/2427 8641/4144/2427 2284/1934/2430
f 4496/4146/2542 6496/4145/2542 10208/2262/2542
f 6496/4145/2542 7984/1932/2542 10208/2262/2542
f 8443/1930/2537 4497/4147/2537 2612/2262/2537
f 4497/4147/2537 6494/4146/2537 2612/2262/2537
f 2279/1928/2426 4498/4148/2426 2280/1930/2426
f 4498/4148/2426 6492/4147/2426 2280/1930/2426
f 4499/4149/2538 10153/4148/2538 7671/2257/2538
f 10153/4148/2538 7987/1928/2538 7671/2257/2538
f 9273/1926/2534 4500/4150/2534 2607/2257/2534
f 4500/4150/2534 9114/4149/2534 2607/2257/2534
f 2275/1924/2425 4501/4151/2425 2276/1926/2425
f 4501/4151/2425 6490/4150/2425 2276/1926/2425
f 4502/4152/2536 6488/4151/2536 7680/2252/2536
f 6488/4151/2536 7988/1924/2536 7680/2252/2536
f 8178/1922/2532 4503/4153/2532 2602/2252/2532
f 4503/4153/2532 8638/4152/2532 2602/2252/2532
f 2271/1920/2424 4504/4154/2424 2272/1922/2424
f 4504/4154/2424 6486/4153/2424 2272/1922/2424
f 4505/4155/2533 6484/4154/2533 7691/2247/2533
f 6484/4154/2533 7991/1920/2533 7691/2247/2533
f 8546/1918/2530 4506/4156/2530 2597/2247/2530
f 4506/4156/2530 6482/4155/2530 2597/2247/2530
f 2267/1916/2423 4507/4157/2423 2268/1918/2423
f 4507/4157/2423 8919/4156/2423 2268/1918/2423
f 4508/4158/2531 6480/4157/2531 8220/2242/2531
f 6480/4157/2531 7992/1916/2531 8220/2242/2531
f 7993/1914/2526 4509/4159/2526 2592/2242/2526
f 4509/4159/2526 8176/4158/2526 2592/2242/2526
f 2263/1912/2421 4510/4160/2422 2264/1914/2422
f 4510/4160/2422 8101/4159/3855 2264/1914/2422
f 4511/4161/2527 6478/4160/2527 7705/2237/2527
f 6478/4160/2527 7994/1912/2528 7705/2237/2527
f 7995/1910/2524 4512/4162/2524 2587/2237/2524
f 4512/4162/2524 6476/4161/2524 2587/2237/2524
f 2259/1908/2419 4513/4163/2419 2260/1910/2419
f 4513/4163/2419 6474/4162/2419 2260/1910/2419
f 4514/4164/2525 6472/4163/2525 7708/2232/2525
f 6472/4163/2525 7996/1908/2525 7708/2232/2525
f 9307/1906/2522 4515/4165/2522 2582/2232/2522
f 4515/4165/2522 10105/4164/2522 2582/2232/2522
f 2255/1904/2418 4516/4166/3856 2256/1906/2418
f 4516/4166/3856 6470/4165/3856 2256/1906/2418
f 4517/4167/2523 9444/4166/2523 7715/2227/2523
f 9444/4166/2523 7999/1904/2523 7715/2227/2523
f 8002/1902/2520 4518/4168/2519 2577/2227/2519
f 4518/4168/2519 10187/4167/2519 2577/2227/2519
f 2251/1900/2417 4519/4169/2417 2252/1902/2417
f 4519/4169/2417 8993/4168/2417 2252/1902/2417
f 4520/4170/2521 8306/4169/2521 7720/2222/2521
f 8306/4169/2521 9879/1900/2521 7720/2222/2521
f 8007/1898/2517 4521/4171/2517 2572/2222/2517
f 4521/4171/2517 9229/4170/2517 2572/2222/2517
f 2247/1896/2416 4522/4172/2416 2248/1898/2416
f 4522/4172/2416 6468/4171/3857 2248/1898/2416
f 4523/4173/2518 9579/4172/2518 7725/2217/2518
f 9579/4172/2518 8008/1896/2518 7725/2217/2518
f 8011/1894/2515 4524/4174/2515 2567/2217/2515
f 4524/4174/2515 9501/4173/2515 2567/2217/2515
f 2243/1892/2415 4525/4175/2415 2244/1894/2415
f 4525/4175/2415 6466/4174/2415 2244/1894/2415
f 4526/4176/2516 6464/4175/2516 7732/2212/2516
f 6464/4175/2516 8012/1892/2516 7732/2212/2516
f 8726/1890/2513 4527/4177/2513 2562/2212/2513
f 4527/4177/2513 8653/4176/2513 2562/2212/2513
f 2239/1888/2414 4528/4178/2414 2240/1890/2414
f 4528/4178/2414 7072/4177/2414 2240/1890/2414
f 4529/4179/2514 9542/4178/2514 10050/2205/2514
f 9542/4178/2514 9906/1888/2514 10050/2205/2514
f 8733/1886/2511 4530/4180/2511 2555/2205/2511
f 4530/4180/2511 8807/4179/2511 2555/2205/2511
f 2235/1884/2413 4531/4181/2413 2236/1886/2413
f 4531/4181/2413 6462/4180/2413 2236/1886/2413
f 4532/4182/2512 6460/4181/2512 2560/2210/2512
f 6460/4181/2512 9065/1884/2512 2560/2210/2512
f 9988/2202/2694 4533/4183/2694 8440/2210/2694
f 4533/4183/2694 6458/4182/2694 8440/2210/2694
f 2551/2200/2510 4534/4184/2510 2552/2202/2510
f 4534/4184/2510 6456/4183/2510 2552/2202/2510
f 4535/4185/2695 9893/4184/2695 7276/2597/2695
f 9893/4184/2695 9970/2200/2695 7276/2597/2695
f 9774/2198/2692 4536/4186/2692 2947/2597/2692
f 4536/4186/2692 6454/4185/2692 2947/2597/2692
f 2547/2196/2509 4537/4187/3858 2548/2198/2509
f 4537/4187/3858 6452/4186/3858 2548/2198/2509
f 4538/4188/2693 6450/4187/2693 7281/2592/2693
f 6450/4187/2693 7741/2196/2693 7281/2592/2693
f 7746/2194/2690 4539/4189/2690 2942/2592/2690
f 4539/4189/2690 6448/4188/2690 2942/2592/2690
f 2543/2192/2507 4540/4190/2508 2544/2194/2508
f 4540/4190/2508 8600/4189/2508 2544/2194/2508
f 4541/4191/2691 6446/4190/2691 7288/2587/2691
f 6446/4190/2691 7747/2192/2691 7288/2587/2691
f 8149/2190/2688 4542/4192/2688 2937/2587/2688
f 4542/4192/2688 9684/4191/2688 2937/2587/2688
f 2539/2188/2506 4543/4193/3859 2540/2190/2506
f 4543/4193/3859 8365/4192/3859 2540/2190/2506
f 4544/4194/2689 7870/4193/2689 7291/2582/2689
f 7870/4193/2689 10288/2188/2689 7291/2582/2689
f 9787/2186/2686 4545/4195/2686 2932/2582/2686
f 4545/4195/2686 6444/4194/2686 2932/2582/2686
f 2535/2184/2505 4546/4196/2505 2536/2186/2505
f 4546/4196/2505 6442/4195/2505 2536/2186/2505
f 4547/4197/2687 6440/4196/2687 7298/2577/2687
f 6440/4196/2687 7752/2184/2687 7298/2577/2687
f 7759/2182/2685 4548/4198/2685 2927/2577/2685
f 4548/4198/2685 6438/4197/2685 2927/2577/2685
f 2531/2180/2504 4549/4199/2504 2532/2182/2504
f 4549/4199/2504 6436/4198/2504 2532/2182/2504
f 4550/4200/2085 6434/4199/2085 8632/2572/2085
f 6434/4199/2085 7760/2180/2085 8632/2572/2085
f 7761/2178/2682 4551/4201/2682 2922/2572/2682
f 4551/4201/2682 6432/4200/2682 2922/2572/2682
f 2527/2176/2503 4552/4202/2503 2528/2178/2503
f 4552/4202/2503 6430/4201/2503 2528/2178/2503
f 4553/4203/2684 10229/4202/2684 10171/2567/2683
f 10229/4202/2684 7762/2176/2684 10171/2567/2683
f 9399/2174/2680 4554/4204/2680 2917/2567/2680
f 4554/4204/2680 6428/4203/2680 2917/2567/2680
f 2523/2172/2502 4555/4205/2502 2524/2174/2502
f 4555/4205/2502 8847/4204/2502 2524/2174/2502
f 4556/4206/2681 9117/4205/2681 7305/2562/2681
f 9117/4205/2681 8476/2172/2681 7305/2562/2681
f 7767/2170/2676 4557/4207/2676 2912/2562/2676
f 4557/4207/2676 9674/4206/2676 2912/2562/2676
f 2519/2168/2501 4558/4208/2501 2520/2170/2501
f 4558/4208/2501 6426/4207/2501 2520/2170/2501
f 4559/4209/3860 6424/4208/3860 7314/2557/2677
f 6424/4208/3860 8762/2168/2678 7314/2557/2677
f 9549/2166/2673 4560/4210/2673 2907/2557/2674
f 4560/4210/2673 10019/4209/2673 2907/2557/2674
f 2515/2164/2500 4561/4211/2500 2516/2166/2500
f 4561/4211/2500 6422/4210/2500 2516/2166/2500
f 4562/4212/2675 6420/4211/2675 8290/2552/2675
f 6420/4211/2675 7770/2164/2675 8290/2552/2675
f 7771/2162/2670 4563/4213/2670 2902/2552/2670
f 4563/4213/2670 6418/4212/3861 2902/2552/2670
f 2511/2160/2498 4564/4214/2499 2512/2162/2499
f 4564/4214/2499 6416/4213/2499 2512/2162/2499
f 4565/4215/2671 10257/4214/2671 7330/2547/2671
f 10257/4214/2671 7772/2160/2671 7330/2547/2671
f 7773/2158/2668 4566/4216/2668 2897/2547/2668
f 4566/4216/2668 6414/4215/2668 2897/2547/2668
f 2507/2156/2497 4567/4217/2497 2508/2158/2497
f 4567/4217/2497 6412/4216/2497 2508/2158/2497
f 4568/4218/2669 8518/4217/2669 7335/2542/2669
f 8518/4217/2669 7774/2156/2669 7335/2542/2669
f 9856/2154/2664 4569/4219/2664 2892/2542/2664
f 4569/4219/2664 8787/4218/2664 2892/2542/2664
f 2503/2152/2495 4570/4220/3194 2504/2154/2496
f 4570/4220/3194 6410/4219/3194 2504/2154/2496
f 4571/4221/2665 6408/4220/2665 10159/2537/2665
f 6408/4220/2665 7780/2152/2666 10159/2537/2665
f 10014/2150/2662 4572/4222/2662 2887/2537/2662
f 4572/4222/2662 8208/4221/2662 2887/2537/2662
f 2499/2148/2493 4573/4223/2493 2500/2150/2493
f 4573/4223/2493 6405/4222/2493 2500/2150/2493
f 4574/4224/2663 10249/4223/2663 7344/2532/2663
f 10249/4223/2663 8679/2148/2663 7344/2532/2663
f 7785/2146/2660 4575/4225/2660 2882/2532/2660
f 4575/4225/2660 6403/4224/2660 2882/2532/2660
f 2495/2144/2492 4576/4226/2492 2496/2146/2492
f 4576/4226/2492 6401/4225/2492 2496/2146/2492
f 4577/4227/2661 8093/4226/2661 7351/2527/2661
f 8093/4226/2661 7786/2144/2661 7351/2527/2661
f 7789/2142/2658 4578/4228/2658 2877/2527/2657
f 4578/4228/2658 6399/4227/2658 2877/2527/2657
f 2491/2140/2491 4579/4229/2491 2492/2142/2491
f 4579/4229/2491 6397/4228/2491 2492/2142/2491
f 4580/4230/2659 6394/4229/2659 10231/2522/2659
f 6394/4229/2659 9775/2140/2659 10231/2522/2659
f 9616/2138/2655 4581/4231/2655 2872/2522/2655
f 4581/4231/2655 6392/4230/2655 2872/2522/2655
f 2487/2136/2490 4582/4232/2490 2488/2138/2490
f 4582/4232/2490 9432/4231/2490 2488/2138/2490
f 4583/4233/2656 6390/4232/2656 7366/2517/2656
f 6390/4232/2656 9558/2136/2656 7366/2517/2656
f 7794/2134/2653 4584/4234/2653 2867/2517/2653
f 4584/4234/2653 9795/4233/2653 2867/2517/2653
f 2483/2132/2489 4585/4235/2489 2484/2134/2489
f 4585/4235/2489 8340/4234/2489 2484/2134/2489
f 4586/4236/2654 10274/4235/2654 7373/2512/2654
f 10274/4235/2654 8737/2132/2654 7373/2512/2654
f 7797/2130/2651 4587/4237/2651 2862/2512/2651
f 4587/4237/2651 6388/4236/2651 2862/2512/2651
f 2479/2128/2488 4588/4238/2488 2480/2130/2488
f 4588/4238/2488 6386/4237/2488 2480/2130/2488
f 4589/4239/2652 6384/4238/2652 8980/2507/2652
f 6384/4238/2652 7798/2128/2652 8980/2507/2652
f 7799/2126/2648 4590/4240/2648 2857/2507/2648
f 4590/4240/2648 8978/4239/2648 2857/2507/2648
f 2475/2124/2485 4591/4241/2485 2476/2126/2487
f 4591/4241/2485 9346/4240/2485 2476/2126/2487
f 4592/4242/2650 9989/4241/2650 7388/2502/2650
f 9989/4241/2650 10286/2124/2650 7388/2502/2650
f 7803/2122/2646 4593/4243/2646 2852/2502/2646
f 4593/4243/2646 9734/4242/2646 2852/2502/2646
f 2471/2120/2484 4594/4244/2484 2472/2122/2484
f 4594/4244/2484 6382/4243/2484 2472/2122/2484
f 4595/4245/2647 10165/4244/2647 7397/2497/2647
f 10165/4244/2647 7806/2120/2647 7397/2497/2647
f 7811/2118/2644 4596/4246/2644 2847/2497/2644
f 4596/4246/2644 7363/4245/2644 2847/2497/2644
f 2467/2116/2483 4597/4247/2483 2468/2118/2483
f 4597/4247/2483 6380/4246/2483 2468/2118/2483
f 4598/4248/2645 9723/4247/2645 9140/2492/2645
f 9723/4247/2645 8390/2116/2645 9140/2492/2645
f 7814/2114/2642 4599/4249/2642 2842/2492/2642
f 4599/4249/2642 6378/4248/2642 2842/2492/2642
f 2463/2112/2482 4600/4250/2482 2464/2114/2482
f 4600/4250/2482 6376/4249/2482 2464/2114/2482
f 4601/4251/2643 6374/4250/2643 7406/2487/2643
f 6374/4250/2643 7815/2112/2643 7406/2487/2643
f 7816/2110/2640 4602/4252/2640 2837/2487/2639
f 4602/4252/2640 6372/4251/2640 2837/2487/2639
f 2459/2108/2481 4603/4253/2481 2460/2110/2481
f 4603/4253/2481 8520/4252/2481 2460/2110/2481
f 4604/4254/2641 6370/4253/2641 7411/2482/2641
f 6370/4253/2641 7817/2108/2641 7411/2482/2641
f 7820/2106/2637 4605/4255/2637 2832/2482/2637
f 4605/4255/2637 7173/4254/2637 2832/2482/2637
f 2455/2104/2480 4606/4256/2480 2456/2106/2480
f 4606/4256/2480 6368/4255/2480 2456/2106/2480
f 4607/4257/2638 9972/4256/2638 8578/2477/2638
f 9972/4256/2638 7821/2104/2638 8578/2477/2638
f 8486/2102/2635 4608/4258/2635 2827/2477/2635
f 4608/4258/2635 8730/4257/2635 2827/2477/2635
f 2451/2100/2479 4609/4259/2479 2452/2102/2479
f 4609/4259/2479 8908/4258/2479 2452/2102/2479
f 4610/4260/2636 8913/4259/2636 7424/2472/2636
f 8913/4259/2636 8332/2100/2636 7424/2472/2636
f 7828/2098/2633 4611/4261/2633 2822/2472/2633
f 4611/4261/2633 6366/4260/2633 2822/2472/2633
f 2447/2096/2478 4612/4262/2478 2448/2098/2478
f 4612/4262/2478 9736/4261/2478 2448/2098/2478
f 4613/4263/2634 10270/4262/2634 7427/2467/2634
f 10270/4262/2634 8131/2096/2634 7427/2467/2634
f 7829/2094/2631 4614/4264/2631 2817/2467/2631
f 4614/4264/2631 8087/4263/2631 2817/2467/2631
f 2443/2092/2477 4615/4265/2477 2444/2094/2477
f 4615/4265/2477 6364/4264/2477 2444/2094/2477
f 4616/4266/2632 6362/4265/2632 9206/2462/2632
f 6362/4265/2632 7830/2092/2632 9206/2462/2632
f 7835/2090/2629 4617/4267/2629 2812/2462/2629
f 4617/4267/2629 9351/4266/2629 2812/2462/2629
f 2439/2088/2476 4618/4268/2476 2440/2090/2476
f 4618/4268/2476 8269/4267/2476 2440/2090/2476
f 4619/4269/2630 6360/4268/2630 10174/2457/2630
f 6360/4268/2630 8997/2088/2630 10174/2457/2630
f 7836/2086/2626 4620/4270/2626 2807/2457/2626
f 4620/4270/2626 6358/4269/2626 2807/2457/2626
f 2435/2084/2475 4621/4271/2475 2436/2086/2475
f 4621/4271/2475 8491/4270/2475 2436/2086/2475
f 4622/4272/2628 10030/4271/2628 9839/2452/2628
f 10030/4271/2628 7837/2084/2628 9839/2452/2628
f 7838/2082/2624 4623/4273/2624 2802/2452/2624
f 4623/4273/2624 10296/4272/2624 2802/2452/2624
f 2431/2080/2474 4624/4274/2474 2432/2082/2474
f 4624/4274/2474 6356/4273/2474 2432/2082/2474
f 4625/4275/2625 6354/4274/2625 7453/2447/2625
f 6354/4274/2625 7839/2080/2625 7453/2447/2625
f 7840/2078/2622 4626/4276/2622 2797/2447/2622
f 4626/4276/2622 10247/4275/2622 2797/2447/2622
f 2427/2076/2472 4627/4277/2472 2428/2078/2472
f 4627/4277/2472 6352/4276/2472 2428/2078/2472
f 4628/4278/2623 6350/4277/2623 9153/2442/2623
f 6350/4277/2623 7841/2076/2623 9153/2442/2623
f 7844/2074/2620 4629/4279/2620 2792/2442/2620
f 4629/4279/2620 8348/4278/2620 2792/2442/2620
f 2423/2072/2471 4630/4280/2471 2424/2074/2471
f 4630/4280/2471 9213/4279/2471 2424/2074/2471
f 4631/4281/2621 6348/4280/2621 7464/2437/2621
f 6348/4280/2621 8499/2072/2621 7464/2437/2621
f 7850/2070/2618 4632/4282/2618 2787/2437/2618
f 4632/4282/2618 6346/4281/2618 2787/2437/2618
f 2419/2068/2470 9968/4044/2470 2420/2070/2470
f 9968/4044/2470 6344/4282/2470 2420/2070/2470
f 7471/2433/2619 8067/2440/2619 4633/4283/2619
f 8067/2440/2619 4634/4284/2619 4633/4283/2619
f 4635/4285/2616 7469/2434/2616 9653/4283/2616
f 7469/2434/2616 7472/2433/2616 9653/4283/2616
f 4636/4286/2469 7467/2435/2469 6342/4285/2469
f 7467/2435/2469 7470/2434/2469 6342/4285/2469
f 8584/2428/2617 7468/2435/2617 4637/4287/2617
f 7468/2435/2617 6341/4286/2617 4637/4287/2617
f 4638/4288/2614 7476/2429/2614 8336/4287/3862
f 7476/2429/2614 8585/2428/3863 8336/4287/3862
f 4639/4289/2468 7474/2430/2468 9916/4288/2468
f 7474/2430/2468 7477/2429/2468 9916/4288/2468
f 8238/2423/2615 7475/2430/2615 4640/4290/2615
f 7475/2430/2615 8379/4289/2615 4640/4290/2615
f 4641/4291/2610 7481/2424/2610 6340/4290/2610
f 7481/2424/2610 8239/2423/2610 6340/4290/2610
f 4642/4292/2465 7479/2425/2465 6339/4291/2465
f 7479/2425/2465 7482/2424/2465 6339/4291/2465
f 7488/2418/2613 7480/2425/2613 4643/4293/2613
f 7480/2425/2613 8301/4292/2613 4643/4293/2613
f 4644/4294/2607 9984/2419/2607 6338/4293/2607
f 9984/2419/2607 7489/2418/2607 6338/4293/2607
f 4645/4295/2464 7486/2420/2464 8826/4294/2464
f 7486/2420/2464 9985/2419/2464 8826/4294/2464
f 10232/2413/2608 7487/2420/2608 4646/4296/2608
f 7487/2420/2608 8256/4295/2608 4646/4296/2608
f 4647/4297/2605 8235/2414/2605 8975/4296/2605
f 8235/2414/2605 10233/2413/2605 8975/4296/2605
f 4648/4298/2463 7492/2415/2463 6337/4297/2463
f 7492/2415/2463 8236/2414/2463 6337/4297/2463
f 9657/2408/2606 7493/2415/2606 4649/4299/2606
f 7493/2415/2606 10265/4298/2606 4649/4299/2606
f 4650/4300/2603 7497/2409/2603 9842/4299/2603
f 7497/2409/2603 9658/2408/2603 9842/4299/2603
f 4651/4301/2462 7495/2410/2462 6336/4300/2462
f 7495/2410/2462 7498/2409/2462 6336/4300/2462
f 10017/2403/3864 7496/2410/3864 4652/4302/3864
f 7496/2410/3864 6335/4301/3864 4652/4302/3864
f 4653/4303/2601 8472/2404/2601 8100/4302/2601
f 8472/2404/2601 10018/2403/2601 8100/4302/2601
f 4654/4304/2461 9858/2405/2461 10179/4303/2461
f 9858/2405/2461 8473/2404/2461 10179/4303/2461
f 7508/2398/2602 9859/2405/2602 4655/4305/2602
f 9859/2405/2602 6334/4304/2602 4655/4305/2602
f 4656/4306/2599 7506/2399/2599 10198/4305/2599
f 7506/2399/2599 7509/2398/2599 10198/4305/2599
f 4657/4307/2460 7504/2400/2460 6333/4306/2460
f 7504/2400/2460 7507/2399/2460 6333/4306/2460
f 7516/2393/2600 7505/2400/2600 4658/4308/2600
f 7505/2400/2600 6332/4307/2600 4658/4308/2600
f 4659/4309/2597 7514/2394/2597 6331/4308/2597
f 7514/2394/2597 7517/2393/2597 6331/4308/2597
f 4660/4310/2459 7512/2395/2457 8534/4309/2459
f 7512/2395/2457 7515/2394/2457 8534/4309/2459
f 7523/2388/2598 7513/2395/2598 4661/4311/2598
f 7513/2395/2598 6330/4310/2598 4661/4311/2598
f 4662/4312/2595 7521/2389/2595 6832/4311/2595
f 7521/2389/2595 7524/2388/2595 6832/4311/2595
f 4663/4313/3853 9888/2390/3853 6329/4312/3853
f 9888/2390/3853 7522/2389/3853 6329/4312/3853
f 8818/2383/2596 9889/2390/2596 4664/4314/2596
f 9889/2390/2596 6328/4313/2596 4664/4314/2596
f 4665/4315/2593 7530/2384/2593 6327/4314/2593
f 7530/2384/2593 8819/2383/2593 6327/4314/2593
f 4666/4316/2455 7528/2385/2455 6326/4315/3865
f 7528/2385/2455 7531/2384/2455 6326/4315/3865
f 7535/2378/2594 7529/2385/2594 4667/4317/2594
f 7529/2385/2594 6325/4316/2594 4667/4317/2594
f 4668/4318/2591 9907/2379/2591 9659/4317/2591
f 9907/2379/2591 7536/2378/2591 9659/4317/2591
f 4669/4319/2454 7532/2380/2454 10049/4318/2454
f 7532/2380/2454 9908/2379/3866 10049/4318/2454
f 9926/2373/2592 7533/2380/2592 4670/4320/2592
f 7533/2380/2592 6324/4319/2592 4670/4320/2592
f 4671/4321/2588 9928/2374/2588 6323/4320/2588
f 9928/2374/2588 9927/2373/2588 6323/4320/2588
f 4672/4322/2453 7538/2375/2453 6322/4321/2453
f 7538/2375/2453 9929/2374/2453 6322/4321/2453
f 7545/2368/2589 7539/2375/2590 4673/4323/2589
f 7539/2375/2590 6321/4322/2590 4673/4323/2589
f 4674/4324/2586 9193/2369/2586 6320/4323/2586
f 9193/2369/2586 7546/2368/2586 6320/4323/2586
f 4675/4325/2452 7543/2370/2452 6319/4324/2452
f 7543/2370/2452 9194/2369/2452 6319/4324/2452
f 8452/2363/2587 7544/2370/2587 4676/4326/2587
f 7544/2370/2587 6318/4325/2587 4676/4326/2587
f 4677/4327/2584 7548/2364/2584 8364/4326/2584
f 7548/2364/2584 8453/2363/2584 8364/4326/2584
f 4678/4328/2451 8905/2365/2451 6317/4327/2451
f 8905/2365/2451 7549/2364/2451 6317/4327/2451
f 9594/2358/2585 8906/2365/2585 4679/4329/2585
f 8906/2365/2585 8169/4328/2585 4679/4329/2585
f 4680/4330/2582 7681/2359/2582 8695/4329/2582
f 7681/2359/2582 9595/2358/2582 8695/4329/2582
f 4681/4331/2450 7552/2360/2450 8779/4330/3867
f 7552/2360/2450 7682/2359/3867 8779/4330/3867
f 7561/2353/2583 7553/2360/2583 4682/4332/2583
f 7553/2360/2583 6316/4331/2583 4682/4332/2583
f 4683/4333/2577 7559/2354/2577 9722/4332/2577
f 7559/2354/2577 7562/2353/2577 9722/4332/2577
f 4684/4334/2448 7557/2355/2448 6315/4333/2448
f 7557/2355/2448 7560/2354/2448 6315/4333/2448
f 8528/2348/2581 7558/2355/2581 4685/4335/2581
f 7558/2355/2581 8128/4334/2581 4685/4335/2581
f 4686/4336/2575 7566/2349/2575 10292/4335/2575
f 7566/2349/2575 8529/2348/2575 10292/4335/2575
f 4687/4337/2447 9914/2350/2447 6314/4336/2447
f 9914/2350/2447 7567/2349/2447 6314/4336/2447
f 7569/2343/2576 9915/2350/2576 4688/4338/2576
f 9915/2350/2576 9088/4337/2576 4688/4338/2576
f 4689/4339/2573 9279/2344/2573 6313/4338/2573
f 9279/2344/2573 7570/2343/3868 6313/4338/2573
f 4690/4340/2446 10211/2345/2446 6312/4339/2446
f 10211/2345/2446 9280/2344/2446 6312/4339/2446
f 9274/2338/2574 10212/2345/2574 4691/4341/2574
f 10212/2345/2574 6311/4340/2574 4691/4341/2574
f 4692/4342/2571 9271/2339/2571 6310/4341/2571
f 9271/2339/2571 9275/2338/2571 6310/4341/2571
f 4693/4343/2445 7572/2340/2445 6309/4342/2445
f 7572/2340/2445 9272/2339/2445 6309/4342/2445
f 9613/2333/2572 7573/2340/2572 4694/4344/2572
f 7573/2340/2572 8331/4343/2572 4694/4344/2572
f 4695/4345/2569 7577/2334/2569 8541/4344/2569
f 7577/2334/2569 9614/2333/2569 8541/4344/2569
f 4696/4346/2443 9268/2335/2443 6308/4345/2443
f 9268/2335/2443 7578/2334/2443 6308/4345/2443
f 7582/2328/2570 9269/2335/2570 4697/4347/2570
f 9269/2335/2570 8971/4346/2570 4697/4347/2570
f 4698/4348/2565 7580/2329/2565 6307/4347/2565
f 7580/2329/2565 7583/2328/2565 6307/4347/2565
f 4699/4349/3854 9180/2330/3854 6306/4348/3854
f 9180/2330/3854 7581/2329/3854 6306/4348/3854
f 7589/2323/2568 9181/2330/2568 4700/4350/2568
f 9181/2330/2568 6305/4349/2568 4700/4350/2568
f 4701/4351/2563 9650/2324/2563 6304/4350/2563
f 9650/2324/2563 7590/2323/2563 6304/4350/2563
f 4702/4352/2441 7587/2325/2441 8432/4351/2441
f 7587/2325/2441 9651/2324/2441 8432/4351/2441
f 7596/2318/2564 7588/2325/2564 4703/4353/2564
f 7588/2325/2564 6303/4352/2564 4703/4353/2564
f 4704/4354/2561 7594/2319/2561 8123/4353/2561
f 7594/2319/2561 7597/2318/2561 8123/4353/2561
f 4705/4355/2440 8956/2320/2440 6302/4354/2440
f 8956/2320/2440 7595/2319/2440 6302/4354/2440
f 7603/2313/2562 8957/2320/2562 4706/4356/2562
f 8957/2320/2562 8237/4355/2562 4706/4356/2562
f 4707/4357/2559 9900/2314/2559 6301/4356/2559
f 9900/2314/2559 7604/2313/2559 6301/4356/2559
f 4708/4358/2439 7601/2315/2439 9508/4357/2439
f 7601/2315/2439 9901/2314/2439 9508/4357/2439
f 7607/2308/2560 7602/2315/2560 4709/4359/2560
f 7602/2315/2560 8504/4358/2560 4709/4359/2560
f 4710/4360/2557 8108/2309/2557 8279/4359/2557
f 8108/2309/2557 7608/2308/2557 8279/4359/2557
f 4711/4361/2438 8522/2310/2438 6300/4360/2438
f 8522/2310/2438 8109/2309/2438 6300/4360/2438
f 7614/2303/2558 8523/2310/2558 4712/4362/2558
f 8523/2310/2558 9079/4361/2558 4712/4362/2558
f 4713/4363/2555 10191/2304/2555 6299/4362/2555
f 10191/2304/2555 7615/2303/2555 6299/4362/2555
f 4714/4364/2437 7612/2305/2437 8438/4363/2437
f 7612/2305/2437 10192/2304/2437 8438/4363/2437
f 9865/2298/2556 7613/2305/2556 4715/4365/2556
f 7613/2305/2556 8881/4364/2556 4715/4365/2556
f 4716/4366/2553 9741/2299/2553 8091/4365/2553
f 9741/2299/2553 9866/2298/2553 8091/4365/2553
f 4717/4367/2436 8315/2300/2436 6298/4366/2436
f 8315/2300/2436 9742/2299/2436 6298/4366/2436
f 7626/2293/2554 8316/2300/2554 4718/4368/2554
f 8316/2300/2554 9367/4367/2554 4718/4368/2554
f 4719/4369/2550 7624/2294/2550 6297/4368/2550
f 7624/2294/2550 7627/2293/2550 6297/4368/2550
f 4720/4370/2435 7622/2295/2435 6296/4369/2435
f 7622/2295/2435 7625/2294/2435 6296/4369/2435
f 7637/2288/2552 7623/2295/2551 4721/4371/2552
f 7623/2295/2551 6721/4370/2551 4721/4371/2552
f 4722/4372/2548 7633/2289/2548 7658/4371/2548
f 7633/2289/2548 7638/2288/2548 7658/4371/2548
f 4723/4373/2434 7631/2290/2434 6295/4372/2434
f 7631/2290/2434 7634/2289/2434 6295/4372/2434
f 7642/2283/2549 7632/2290/2549 4724/4374/2549
f 7632/2290/2549 6294/4373/2549 4724/4374/2549
f 4725/4375/2546 7640/2284/2546 6293/4374/2546
f 7640/2284/2546 7643/2283/2546 6293/4374/2546
f 4726/4376/2433 9059/2285/2433 9204/4375/2433
f 9059/2285/2433 7641/2284/2433 9204/4375/2433
f 7651/2278/2547 9060/2285/2547 4727/4377/2547
f 9060/2285/2547 8732/4376/2547 4727/4377/2547
f 4728/4378/2545 7649/2279/2545 8258/4377/2545
f 7649/2279/2545 7652/2278/2545 8258/4377/2545
f 4729/4379/2432 7647/2280/2432 6292/4378/2432
f 7647/2280/2432 7650/2279/2432 6292/4378/2432
f 7655/2273/2162 7648/2280/2162 4730/4380/2162
f 7648/2280/2162 8922/4379/2162 4730/4380/2162
f 4731/4381/2543 9934/2274/2543 8126/4380/2543
f 9934/2274/2543 7656/2273/2543 8126/4380/2543
f 4732/4382/2431 9663/2275/2431 6291/4381/2431
f 9663/2275/2431 9935/2274/2431 6291/4381/2431
f 8495/2268/2544 9664/2275/2544 4733/4383/2544
f 9664/2275/2544 10155/4382/2544 4733/4383/2544
f 4734/4384/2539 8646/2269/2539 8143/4383/2539
f 8646/2269/2539 8496/2268/2539 8143/4383/2539
f 4735/4385/2427 8515/2270/2427 8965/4384/2427
f 8515/2270/2427 8647/2269/3869 8965/4384/2427
f 7663/2263/2542 8516/2270/2542 4736/4386/2542
f 8516/2270/2542 6290/4385/2542 4736/4386/2542
f 4737/4387/2537 7661/2264/2537 9474/4386/2537
f 7661/2264/2537 7664/2263/2537 9474/4386/2537
f 4738/4388/2426 8215/2265/2426 6289/4387/2426
f 8215/2265/2426 7662/2264/2426 6289/4387/2426
f 10042/2258/2538 8216/2265/2538 4739/4389/2538
f 8216/2265/2538 6288/4388/2538 4739/4389/2538
f 4740/4390/2534 7669/2259/2534 10010/4389/2534
f 7669/2259/2534 10043/2258/2534 10010/4389/2534
f 4741/4391/2425 7667/2260/2425 6287/4390/2425
f 7667/2260/2425 7670/2259/2425 6287/4390/2425
f 7678/2253/2536 7668/2260/2536 4742/4392/2536
f 7668/2260/2536 8389/4391/2536 4742/4392/2536
f 4743/4393/2532 7676/2254/2532 6286/4392/2532
f 7676/2254/2532 7679/2253/2532 6286/4392/2532
f 4744/4394/2424 7674/2255/2424 6285/4393/2424
f 7674/2255/2424 7677/2254/2424 6285/4393/2424
f 7689/2248/2533 7675/2255/2533 4745/4395/2533
f 7675/2255/2533 9398/4394/2533 4745/4395/2533
f 4746/4396/2530 7687/2249/2530 6284/4395/2530
f 7687/2249/2530 7690/2248/2530 6284/4395/2530
f 4747/4397/2423 7685/2250/2423 6283/4396/2423
f 7685/2250/2423 7688/2249/2423 6283/4396/2423
f 7696/2243/2531 7686/2250/2531 4748/4398/2531
f 7686/2250/2531 8298/4397/2531 4748/4398/2531
f 4749/4399/2526 7694/2244/2526 6282/4398/2526
f 7694/2244/2526 7697/2243/2526 6282/4398/2526
f 4750/4400/3855 9601/2245/3855 10237/4399/3855
f 9601/2245/3855 7695/2244/2422 10237/4399/3855
f 8532/2238/2527 9602/2245/2527 4751/4401/2527
f 9602/2245/2527 6281/4400/2527 4751/4401/2527
f 4752/4402/2524 7703/2239/2524 6280/4401/2524
f 7703/2239/2524 8533/2238/2524 6280/4401/2524
f 4753/4403/2419 7701/2240/2419 6279/4402/2419
f 7701/2240/2419 7704/2239/2419 6279/4402/2419
f 10144/2233/2525 7702/2240/2525 4754/4404/2525
f 7702/2240/2525 6278/4403/2525 4754/4404/2525
f 4755/4405/2522 9312/2234/2522 9628/4404/2522
f 9312/2234/2522 10145/2233/2522 9628/4404/2522
f 4756/4406/3856 7706/2235/3856 6277/4405/3856
f 7706/2235/3856 9313/2234/3856 6277/4405/3856
f 7713/2228/2523 7707/2235/2523 4757/4407/2523
f 7707/2235/2523 9790/4406/2523 4757/4407/2523
f 4758/4408/2519 7711/2229/2519 8696/4407/2520
f 7711/2229/2519 7714/2228/3870 8696/4407/2520
f 4759/4409/2417 7709/2230/2417 8915/4408/2417
f 7709/2230/2417 7712/2229/2417 8915/4408/2417
f 7718/2223/2521 7710/2230/2521 4760/4410/2521
f 7710/2230/2521 8289/4409/2521 4760/4410/2521
f 4761/4411/2517 9201/2224/2517 6276/4410/2517
f 9201/2224/2517 7719/2223/2517 6276/4410/2517
f 4762/4412/2416 7716/2225/3857 8346/4411/2416
f 7716/2225/3857 9202/2224/2416 8346/4411/2416
f 7723/2218/2518 7717/2225/2518 4763/4413/2518
f 7717/2225/2518 6275/4412/2518 4763/4413/2518
f 4764/4414/2515 8063/2219/2515 9620/4413/2515
f 8063/2219/2515 7724/2218/2515 9620/4413/2515
f 4765/4415/2415 7721/2220/2415 9538/4414/2415
f 7721/2220/2415 8064/2219/2415 9538/4414/2415
f 7730/2213/2516 7722/2220/2516 4766/4416/2516
f 7722/2220/2516 8829/4415/2516 4766/4416/2516
f 4767/4417/2513 7728/2214/2513 6274/4416/2513
f 7728/2214/2513 7731/2213/2513 6274/4416/2513
f 4768/4418/2414 7726/2215/2414 6273/4417/2414
f 7726/2215/2414 7729/2214/2414 6273/4417/2414
f 8951/2206/2514 7727/2215/2514 4769/4419/2514
f 7727/2215/2514 9522/4418/2514 4769/4419/2514
f 4770/4420/2511 7735/2207/2511 8988/4419/2511
f 7735/2207/2511 8952/2206/2511 8988/4419/2511
f 4771/4421/2413 7733/2209/2413 6272/4420/2413
f 7733/2209/2413 7736/2207/2413 6272/4420/2413
f 7737/2208/3871 7734/2209/3871 4772/4422/3871
f 7734/2209/3871 9014/4421/3871 4772/4422/3871
f 4773/4423/2694 8670/2601/2694 9862/4422/2694
f 8670/2601/2694 7738/2208/2694 9862/4422/2694
f 4774/4424/2510 8186/2602/2510 10280/4423/2510
f 8186/2602/2510 8671/2601/2510 10280/4423/2510
f 9771/2598/2695 8187/2602/2695 4775/4425/2695
f 8187/2602/2695 6271/4424/2695 4775/4425/2695
f 4776/4426/2692 8413/2599/2692 9920/4425/2692
f 8413/2599/2692 9772/2598/2692 9920/4425/2692
f 4777/4427/2509 8449/2600/2509 9626/4426/2509
f 8449/2600/2509 8414/2599/2509 9626/4426/2509
f 8512/2593/2693 8450/2600/2693 4778/4428/2693
f 8450/2600/2693 8935/4427/2693 4778/4428/2693
f 4779/4429/2690 7279/2594/2690 8561/4428/2690
f 7279/2594/2690 8513/2593/2690 8561/4428/2690
f 4780/4430/2507 7277/2595/2507 6270/4429/2507
f 7277/2595/2507 7280/2594/2507 6270/4429/2507
f 7286/2588/2691 7278/2595/2691 4781/4431/2691
f 7278/2595/2691 7432/4430/2691 4781/4431/2691
f 4782/4432/2688 7284/2589/2688 6269/4431/2688
f 7284/2589/2688 7287/2588/2688 6269/4431/2688
f 4783/4433/3859 9294/2590/3859 8680/4432/3859
f 9294/2590/3859 7285/2589/3859 8680/4432/3859
f 7913/2583/2689 9295/2590/2689 4784/4434/2689
f 9295/2590/2689 9527/4433/2689 4784/4434/2689
f 4785/4435/2686 7443/2584/2686 6268/4434/2686
f 7443/2584/2686 7914/2583/2686 6268/4434/2686
f 4786/4436/2505 7289/2585/2505 6267/4435/2505
f 7289/2585/2505 7444/2584/2505 6267/4435/2505
f 7296/2578/2687 7290/2585/2687 4787/4437/2687
f 7290/2585/2687 6265/4436/2687 4787/4437/2687
f 4788/4438/2685 8780/2579/2685 9547/4437/2685
f 8780/2579/2685 7297/2578/2685 9547/4437/2685
f 4789/4439/2504 7294/2580/2504 8944/4438/2504
f 7294/2580/2504 8781/2579/2504 8944/4438/2504
f 9004/2573/2085 7295/2580/3872 4790/4440/2085
f 7295/2580/3872 6264/4439/3872 4790/4440/2085
f 4791/4441/2682 7301/2574/2682 8217/4440/2682
f 7301/2574/2682 9005/2573/2682 8217/4440/2682
f 4792/4442/2503 7755/2575/2503 6263/4441/2503
f 7755/2575/2503 7302/2574/2503 6263/4441/2503
f 8264/2568/2684 7756/2575/2684 4793/4443/2684
f 7756/2575/2684 8234/4442/2684 4793/4443/2684
f 4794/4444/2680 10277/2569/2680 6262/4443/2680
f 10277/2569/2680 8265/2568/2680 6262/4443/2680
f 4795/4445/2502 8302/2570/2502 9733/4444/2502
f 8302/2570/2502 10278/2569/2502 9733/4444/2502
f 7303/2563/2681 8303/2570/2681 4796/4446/2681
f 8303/2570/2681 8697/4445/2681 4796/4446/2681
f 4797/4447/2676 9791/2564/2676 8992/4446/2676
f 9791/2564/2676 7304/2563/2676 8992/4446/2676
f 4798/4448/2501 10199/2565/2501 6261/4447/2501
f 10199/2565/2501 9792/2564/2501 6261/4447/2501
f 7312/2558/2678 10200/2565/2678 4799/4449/2678
f 10200/2565/2678 6260/4448/2678 4799/4449/2678
f 4800/4450/2673 7310/2559/3873 6259/4449/2673
f 7310/2559/3873 7313/2558/2673 6259/4449/2673
f 4801/4451/2500 7308/2560/2500 6258/4450/2500
f 7308/2560/2500 7311/2559/2500 6258/4450/2500
f 7321/2553/2675 7309/2560/2675 4802/4452/2675
f 7309/2560/2675 6257/4451/2675 4802/4452/2675
f 4803/4453/3861 7319/2554/3861 10289/4452/3861
f 7319/2554/3861 7322/2553/3861 10289/4452/3861
f 4804/4454/2499 7317/2555/2499 8542/4453/2499
f 7317/2555/2499 7320/2554/2499 8542/4453/2499
f 7328/2548/2671 7318/2555/2671 4805/4455/2671
f 7318/2555/2671 6256/4454/2671 4805/4455/2671
f 4806/4456/2668 7326/2549/2668 6255/4455/2668
f 7326/2549/2668 7329/2548/2668 6255/4455/2668
f 4807/4457/2497 9056/2550/2497 8329/4456/2497
f 9056/2550/2497 7327/2549/2497 8329/4456/2497
f 8421/2543/2669 9057/2550/2669 4808/4458/2669
f 9057/2550/2669 6254/4457/2669 4808/4458/2669
f 4809/4459/2664 9573/2544/2664 6253/4458/2664
f 9573/2544/2664 8422/2543/3874 6253/4458/2664
f 4810/4460/3875 7333/2545/3876 9603/4459/3194
f 7333/2545/3876 9574/2544/3877 9603/4459/3194
f 7336/2538/2665 7334/2545/3878 4811/4461/2665
f 7334/2545/3878 8112/4460/3879 4811/4461/2665
f 4812/4462/2662 8385/2539/2662 6252/4461/2662
f 8385/2539/2662 7337/2538/2662 6252/4461/2662
f 4813/4463/2493 8941/2540/2493 6251/4462/2493
f 8941/2540/2493 8386/2539/2493 6251/4462/2493
f 7342/2533/2663 8942/2540/2663 4814/4464/2663
f 8942/2540/2663 9891/4463/2663 4814/4464/2663
f 4815/4465/2660 9974/2534/2660 6250/4464/2660
f 9974/2534/2660 7343/2533/2660 6250/4464/2660
f 4816/4466/2492 7340/2535/2492 9860/4465/2492
f 7340/2535/2492 9975/2534/2492 9860/4465/2492
f 7349/2528/2661 7341/2535/2661 4817/4467/2661
f 7341/2535/2661 6249/4466/2661 4817/4467/2661
f 4818/4468/2657 9553/2529/2657 9824/4467/2657
f 9553/2529/2657 7350/2528/2657 9824/4467/2657
f 4819/4469/2491 7347/2530/2491 6407/4468/2491
f 7347/2530/2491 9554/2529/2491 6407/4468/2491
f 7918/2523/2659 7348/2530/2659 4820/4470/2659
f 7348/2530/2659 6594/4469/2659 4820/4470/2659
f 4821/4471/2655 7356/2524/2655 6248/4470/2655
f 7356/2524/2655 7919/2523/2655 6248/4470/2655
f 4822/4472/2490 7354/2525/2490 6247/4471/2490
f 7354/2525/2490 7357/2524/2490 6247/4471/2490
f 9199/2518/2656 7355/2525/2656 4823/4473/2656
f 7355/2525/2656 8334/4472/2656 4823/4473/2656
f 4824/4474/2653 7361/2519/2653 6246/4473/2653
f 7361/2519/2653 9200/2518/2653 6246/4473/2653
f 4825/4475/2489 7359/2520/2489 6245/4474/2489
f 7359/2520/2489 7362/2519/2489 6245/4474/2489
f 7371/2513/2654 7360/2520/2654 4826/4476/2654
f 7360/2520/2654 6244/4475/2654 4826/4476/2654
f 4827/4477/2651 7369/2514/2651 9172/4476/2651
f 7369/2514/2651 7372/2513/2651 9172/4476/2651
f 4828/4478/2488 7367/2515/2488 6243/4477/2488
f 7367/2515/2488 7370/2514/2488 6243/4477/2488
f 7380/2508/2652 7368/2515/2652 4829/4479/2652
f 7368/2515/2652 6242/4478/2652 4829/4479/2652
f 4830/4480/2648 7378/2509/2648 8408/4479/2648
f 7378/2509/2648 7381/2508/2648 8408/4479/2648
f 4831/4481/2485 7374/2510/2485 8741/4480/2485
f 7374/2510/2485 7379/2509/2485 8741/4480/2485
f 8182/2503/2650 7375/2510/2650 4832/4482/2650
f 7375/2510/2650 8560/4481/2650 4832/4482/2650
f 4833/4483/2646 7386/2504/2646 6241/4482/2646
f 7386/2504/2646 8183/2503/2646 6241/4482/2646
f 4834/4484/2484 7384/2505/2484 6240/4483/2484
f 7384/2505/2484 7387/2504/2484 6240/4483/2484
f 10021/2498/2647 7385/2505/2647 4835/4485/2647
f 7385/2505/2647 6239/4484/2647 4835/4485/2647
f 4836/4486/2644 7395/2499/2644 9941/4485/2644
f 7395/2499/2644 10022/2498/2644 9941/4485/2644
f 4837/4487/2483 7393/2500/2483 6238/4486/2483
f 7393/2500/2483 7396/2499/2483 6238/4486/2483
f 7402/2493/2645 7394/2500/2645 4838/4488/2645
f 7394/2500/2645 6237/4487/2645 4838/4488/2645
f 4839/4489/2642 7400/2494/2642 8633/4488/2642
f 7400/2494/2642 7403/2493/2642 8633/4488/2642
f 4840/4490/2482 9207/2495/2482 9107/4489/2482
f 9207/2495/2482 7401/2494/2482 9107/4489/2482
f 8338/2488/2643 9208/2495/2643 4841/4491/2643
f 9208/2495/2643 6236/4490/2643 4841/4491/2643
f 4842/4492/2640 9143/2489/2640 6235/4491/2639
f 9143/2489/2640 8339/2488/2639 6235/4491/2639
f 4843/4493/2481 7404/2490/2481 10181/4492/2481
f 7404/2490/2481 9144/2489/2481 10181/4492/2481
f 9006/2483/2641 7405/2490/2641 4844/4494/2641
f 7405/2490/2641 6234/4493/2641 4844/4494/2641
f 4845/4495/2637 9196/2484/2637 6233/4494/2637
f 9196/2484/2637 9007/2483/2637 6233/4494/2637
f 4846/4496/2480 9422/2485/2480 6232/4495/2480
f 9422/2485/2480 9197/2484/2480 6232/4495/2480
f 7416/2478/2638 9423/2485/2638 4847/4497/2638
f 9423/2485/2638 6231/4496/2638 4847/4497/2638
f 4848/4498/2635 7414/2479/2635 8875/4497/2635
f 7414/2479/2635 7417/2478/2635 8875/4497/2635
f 4849/4499/2479 9964/2480/2479 6230/4498/2479
f 9964/2480/2479 7415/2479/2479 6230/4498/2479
f 7422/2473/2636 9965/2480/2636 4850/4500/2636
f 9965/2480/2636 9895/4499/2636 4850/4500/2636
f 4851/4501/2633 7420/2474/2633 6229/4500/2633
f 7420/2474/2633 7423/2473/2633 6229/4500/2633
f 4852/4502/2478 9873/2475/2478 9357/4501/2478
f 9873/2475/2478 7421/2474/2478 9357/4501/2478
f 9173/2468/2634 9874/2475/2634 4853/4503/2634
f 9874/2475/2634 9515/4502/2634 4853/4503/2634
f 4854/4504/2631 9029/2469/2631 9008/4503/2631
f 9029/2469/2631 9174/2468/3880 9008/4503/2631
f 4855/4505/2477 9947/2470/2477 6228/4504/2477
f 9947/2470/2477 9030/2469/2477 6228/4504/2477
f 7435/2463/2632 9948/2470/2632 4856/4506/2632
f 9948/2470/2632 8150/4505/2632 4856/4506/2632
f 4857/4507/2629 7433/2464/2629 8843/4506/2629
f 7433/2464/2629 7436/2463/2629 8843/4506/2629
f 4858/4508/2476 7430/2465/2476 9419/4507/2476
f 7430/2465/2476 7434/2464/2476 9419/4507/2476
f 7445/2458/2630 7431/2465/2630 4859/4509/2630
f 7431/2465/2630 9825/4508/2630 4859/4509/2630
f 4860/4510/2626 7441/2459/2626 6266/4509/2626
f 7441/2459/2626 7446/2458/2626 6266/4509/2626
f 4861/4511/2475 7439/2460/2475 6227/4510/2475
f 7439/2460/2475 7442/2459/2475 6227/4510/2475
f 7447/2453/2628 7440/2460/2628 4862/4512/2628
f 7440/2460/2628 6226/4511/2628 4862/4512/2628
f 4863/4513/2624 9867/2454/2624 6225/4512/2624
f 9867/2454/2624 7448/2453/2624 6225/4512/2624
f 4864/4514/2474 8724/2455/2474 6224/4513/2474
f 8724/2455/2474 9868/2454/2474 6224/4513/2474
f 7451/2448/2625 8725/2455/2625 4865/4515/2625
f 8725/2455/2625 6223/4514/2625 4865/4515/2625
f 4866/4516/2622 9584/2449/2622 8391/4515/2622
f 9584/2449/2622 7452/2448/2622 8391/4515/2622
f 4867/4517/2472 7449/2450/2472 8717/4516/2472
f 7449/2450/2472 9585/2449/2472 8717/4516/2472
f 7458/2443/2623 7450/2450/2623 4868/4518/2623
f 7450/2450/2623 6222/4517/2623 4868/4518/2623
f 4869/4519/2620 7456/2444/2620 6221/4518/2620
f 7456/2444/2620 7459/2443/2620 6221/4518/2620
f 4870/4520/2471 8505/2445/3881 8833/4519/3881
f 8505/2445/3881 7457/2444/3881 8833/4519/3881
f 7462/2438/2621 8506/2445/2621 4871/4521/2621
f 8506/2445/2621 6220/4520/2621 4871/4521/2621
f 4872/4522/2618 7460/2439/2618 6396/4521/2618
f 7460/2439/2618 7463/2438/2618 6396/4521/2618
f 6343/4284/2470 8068/2440/2470 9627/4522/2470
f 8068/2440/2470 7461/2439/2470 9627/4522/2470
f 4769/4419/2514 9522/4418/2514 4873/4523/2514
f 9522/4418/2514 9543/4524/2514 4873/4523/2514
f 4875/4525/2511 4770/4420/2511 8808/4523/2511
f 4770/4420/2511 8988/4419/2511 8808/4523/2511
f 4876/4526/2413 4771/4421/2413 6463/4525/2413
f 4771/4421/2413 6272/4420/2413 6463/4525/2413
f 4772/4422/3871 9014/4421/3871 4877/4527/2512
f 9014/4421/3871 6461/4526/2512 4877/4527/2512
f 4878/4528/2694 4773/4423/2694 6459/4527/2694
f 4773/4423/2694 9862/4422/2694 6459/4527/2694
f 4879/4529/2510 4774/4424/2510 6457/4528/2510
f 4774/4424/2510 10280/4423/2510 6457/4528/2510
f 4775/4425/2695 6271/4424/2695 4880/4530/2695
f 6271/4424/2695 9894/4529/2695 4880/4530/2695
f 4881/4531/2692 4776/4426/2692 6455/4530/2692
f 4776/4426/2692 9920/4425/2692 6455/4530/2692
f 4882/4532/3858 4777/4427/2509 6453/4531/3858
f 4777/4427/2509 9626/4426/2509 6453/4531/3858
f 4778/4428/2693 8935/4427/2693 4883/4533/2693
f 8935/4427/2693 6451/4532/2693 4883/4533/2693
f 4884/4534/2690 4779/4429/2690 6449/4533/2690
f 4779/4429/2690 8561/4428/2690 6449/4533/2690
f 4885/4535/2508 4780/4430/2507 8601/4534/2507
f 4780/4430/2507 6270/4429/2507 8601/4534/2507
f 4781/4431/2691 7432/4430/2691 4886/4536/2691
f 7432/4430/2691 6447/4535/2691 4886/4536/2691
f 4887/4537/2688 4782/4432/2688 9685/4536/2688
f 4782/4432/2688 6269/4431/2688 9685/4536/2688
f 4888/4538/3859 4783/4433/3859 8366/4537/3859
f 4783/4433/3859 8680/4432/3859 8366/4537/3859
f 4784/4434/2689 9527/4433/2689 4889/4539/2689
f 9527/4433/2689 7871/4538/2689 4889/4539/2689
f 4890/4540/2686 4785/4435/2686 6445/4539/2686
f 4785/4435/2686 6268/4434/2686 6445/4539/2686
f 4891/4541/2505 4786/4436/2505 6443/4540/2505
f 4786/4436/2505 6267/4435/2505 6443/4540/2505
f 4787/4437/2687 6265/4436/2687 4892/4542/2687
f 6265/4436/2687 6441/4541/2687 4892/4542/2687
f 4893/4543/2685 4788/4438/2685 6439/4542/2685
f 4788/4438/2685 9547/4437/2685 6439/4542/2685
f 4894/4544/2504 4789/4439/2504 6437/4543/2504
f 4789/4439/2504 8944/4438/2504 6437/4543/2504
f 4790/4440/2085 6264/4439/3872 4895/4545/2085
f 6264/4439/3872 6435/4544/2085 4895/4545/2085
f 4896/4546/2682 4791/4441/2682 6433/4545/2682
f 4791/4441/2682 8217/4440/2682 6433/4545/2682
f 4897/4547/2503 4792/4442/2503 6431/4546/2503
f 4792/4442/2503 6263/4441/2503 6431/4546/2503
f 4793/4443/2684 8234/4442/2684 4898/4548/2684
f 8234/4442/2684 10230/4547/2684 4898/4548/2684
f 4899/4549/2680 4794/4444/2680 6429/4548/2680
f 4794/4444/2680 6262/4443/2680 6429/4548/2680
f 4900/4550/2502 4795/4445/2502 8848/4549/2502
f 4795/4445/2502 9733/4444/2502 8848/4549/2502
f 4796/4446/2681 8697/4445/2681 4901/4551/2681
f 8697/4445/2681 9118/4550/2681 4901/4551/2681
f 4902/4552/2676 4797/4447/2676 9675/4551/2676
f 4797/4447/2676 8992/4446/2676 9675/4551/2676
f 4903/4553/2501 4798/4448/2501 6427/4552/2501
f 4798/4448/2501 6261/4447/2501 6427/4552/2501
f 4799/4449/2678 6260/4448/2678 4904/4554/2678
f 6260/4448/2678 6425/4553/3860 4904/4554/2678
f 4905/4555/2673 4800/4450/2673 10020/4554/2673
f 4800/4450/2673 6259/4449/2673 10020/4554/2673
f 4906/4556/2500 4801/4451/2500 6423/4555/2500
f 4801/4451/2500 6258/4450/2500 6423/4555/2500
f 4802/4452/2675 6257/4451/2675 4907/4557/2675
f 6257/4451/2675 6421/4556/2675 4907/4557/2675
f 4908/4558/3861 4803/4453/3861 6419/4557/3861
f 4803/4453/3861 10289/4452/3861 6419/4557/3861
f 4909/4559/2499 4804/4454/2499 6417/4558/2499
f 4804/4454/2499 8542/4453/2499 6417/4558/2499
f 4805/4455/2671 6256/4454/2671 4910/4560/2671
f 6256/4454/2671 10258/4559/2671 4910/4560/2671
f 4911/4561/2668 4806/4456/2668 6415/4560/2668
f 4806/4456/2668 6255/4455/2668 6415/4560/2668
f 4912/4562/2497 4807/4457/2497 6413/4561/2497
f 4807/4457/2497 8329/4456/2497 6413/4561/2497
f 4808/4458/2669 6254/4457/2669 4913/4563/2669
f 6254/4457/2669 8519/4562/2669 4913/4563/2669
f 4914/4564/2664 4809/4459/2664 8788/4563/2664
f 4809/4459/2664 6253/4458/2664 8788/4563/2664
f 4915/4565/3194 4810/4460/3875 6411/4564/3194
f 4810/4460/3875 9603/4459/3194 6411/4564/3194
f 4811/4461/2665 8112/4460/3879 4916/4566/2665
f 8112/4460/3879 6409/4565/2665 4916/4566/2665
f 4917/4567/2662 4812/4462/2662 8209/4566/2662
f 4812/4462/2662 6252/4461/2662 8209/4566/2662
f 4918/4568/2493 4813/4463/2493 6406/4567/2493
f 4813/4463/2493 6251/4462/2493 6406/4567/2493
f 4814/4464/2663 9891/4463/2663 4919/4569/2663
f 9891/4463/2663 10250/4568/2663 4919/4569/2663
f 4920/4570/2660 4815/4465/2660 6404/4569/2660
f 4815/4465/2660 6250/4464/2660 6404/4569/2660
f 4921/4571/2492 4816/4466/2492 6402/4570/2492
f 4816/4466/2492 9860/4465/2492 6402/4570/2492
f 4817/4467/2661 6249/4466/2661 4922/4572/2661
f 6249/4466/2661 8094/4571/2661 4922/4572/2661
f 4923/4573/2657 4818/4468/2657 6400/4572/2657
f 4818/4468/2657 9824/4467/2657 6400/4572/2657
f 4924/4574/2491 4819/4469/2491 6398/4573/2491
f 4819/4469/2491 6407/4468/2491 6398/4573/2491
f 4820/4470/2659 6594/4469/2659 4925/4575/2659
f 6594/4469/2659 6395/4574/2659 4925/4575/2659
f 4926/4576/2655 4821/4471/2655 6393/4575/2655
f 4821/4471/2655 6248/4470/2655 6393/4575/2655
f 4927/4577/2490 4822/4472/2490 9433/4576/2490
f 4822/4472/2490 6247/4471/2490 9433/4576/2490
f 4823/4473/2656 8334/4472/2656 4928/4578/2656
f 8334/4472/2656 6391/4577/2656 4928/4578/2656
f 4929/4579/2653 4824/4474/2653 9796/4578/2653
f 4824/4474/2653 6246/4473/2653 9796/4578/2653
f 4930/4580/2489 4825/4475/2489 8341/4579/2489
f 4825/4475/2489 6245/4474/2489 8341/4579/2489
f 4826/4476/2654 6244/4475/2654 4931/4581/2654
f 6244/4475/2654 10275/4580/2654 4931/4581/2654
f 4932/4582/2651 4827/4477/2651 6389/4581/2651
f 4827/4477/2651 9172/4476/2651 6389/4581/2651
f 4933/4583/2488 4828/4478/2488 6387/4582/2488
f 4828/4478/2488 6243/4477/2488 6387/4582/2488
f 4829/4479/2652 6242/4478/2652 4934/4584/2652
f 6242/4478/2652 6385/4583/2652 4934/4584/2652
f 4935/4585/2648 4830/4480/2648 8979/4584/2648
f 4830/4480/2648 8408/4479/2648 8979/4584/2648
f 4936/4586/3882 4831/4481/2485 9347/4585/2485
f 4831/4481/2485 8741/4480/2485 9347/4585/2485
f 4832/4482/2650 8560/4481/2650 4937/4587/2650
f 8560/4481/2650 9990/4586/2650 4937/4587/2650
f 4938/4588/2646 4833/4483/2646 9735/4587/2646
f 4833/4483/2646 6241/4482/2646 9735/4587/2646
f 4939/4589/2484 4834/4484/2484 6383/4588/2484
f 4834/4484/2484 6240/4483/2484 6383/4588/2484
f 4835/4485/2647 6239/4484/2647 4940/4590/2647
f 6239/4484/2647 10166/4589/2647 4940/4590/2647
f 4941/4591/2644 4836/4486/2644 7364/4590/2644
f 4836/4486/2644 9941/4485/2644 7364/4590/2644
f 4942/4592/2483 4837/4487/2483 6381/4591/2483
f 4837/4487/2483 6238/4486/2483 6381/4591/2483
f 4838/4488/2645 6237/4487/2645 4943/4593/2645
f 6237/4487/2645 9724/4592/2645 4943/4593/2645
f 4944/4594/2642 4839/4489/2642 6379/4593/2642
f 4839/4489/2642 8633/4488/2642 6379/4593/2642
f 4945/4595/2482 4840/4490/2482 6377/4594/2482
f 4840/4490/2482 9107/4489/2482 6377/4594/2482
f 4841/4491/2643 6236/4490/2643 4946/4596/2643
f 6236/4490/2643 6375/4595/2643 4946/4596/2643
f 4947/4597/2640 4842/4492/2640 6373/4596/2640
f 4842/4492/2640 6235/4491/2639 6373/4596/2640
f 4948/4598/2481 4843/4493/2481 8521/4597/2481
f 4843/4493/2481 10181/4492/2481 8521/4597/2481
f 4844/4494/2641 6234/4493/2641 4949/4599/2641
f 6234/4493/2641 6371/4598/2641 4949/4599/2641
f 4950/4600/2637 4845/4495/2637 7174/4599/2637
f 4845/4495/2637 6233/4494/2637 7174/4599/2637
f 4951/4601/2480 4846/4496/2480 6369/4600/2480
f 4846/4496/2480 6232/4495/2480 6369/4600/2480
f 4847/4497/2638 6231/4496/2638 4952/4602/2638
f 6231/4496/2638 9973/4601/2638 4952/4602/2638
f 4953/4603/2635 4848/4498/2635 8731/4602/2635
f 4848/4498/2635 8875/4497/2635 8731/4602/2635
f 4954/4604/2479 4849/4499/2479 8909/4603/2479
f 4849/4499/2479 6230/4498/2479 8909/4603/2479
f 4850/4500/2636 9895/4499/2636 4955/4605/2636
f 9895/4499/2636 8914/4604/2636 4955/4605/2636
f 4956/4606/2633 4851/4501/2633 6367/4605/2633
f 4851/4501/2633 6229/4500/2633 6367/4605/2633
f 4957/4607/2478 4852/4502/2478 9737/4606/2478
f 4852/4502/2478 9357/4501/2478 9737/4606/2478
f 4853/4503/2634 9515/4502/2634 4958/4608/2634
f 9515/4502/2634 10271/4607/2634 4958/4608/2634
f 4959/4609/2631 4854/4504/2631 8088/4608/2631
f 4854/4504/2631 9008/4503/2631 8088/4608/2631
f 4960/4610/2477 4855/4505/2477 6365/4609/2477
f 4855/4505/2477 6228/4504/2477 6365/4609/2477
f 4856/4506/2632 8150/4505/2632 4961/4611/2632
f 8150/4505/2632 6363/4610/2632 4961/4611/2632
f 4962/4612/2629 4857/4507/2629 9352/4611/2629
f 4857/4507/2629 8843/4506/2629 9352/4611/2629
f 4963/4613/2476 4858/4508/2476 8270/4612/2476
f 4858/4508/2476 9419/4507/2476 8270/4612/2476
f 4859/4509/2630 9825/4508/2630 4964/4614/2630
f 9825/4508/2630 6361/4613/2630 4964/4614/2630
f 4965/4615/2626 4860/4510/2626 6359/4614/2626
f 4860/4510/2626 6266/4509/2626 6359/4614/2626
f 4966/4616/2475 4861/4511/2475 8492/4615/2475
f 4861/4511/2475 6227/4510/2475 8492/4615/2475
f 4862/4512/2628 6226/4511/2628 4967/4617/2628
f 6226/4511/2628 10031/4616/2628 4967/4617/2628
f 4968/4618/2624 4863/4513/2624 10297/4617/2624
f 4863/4513/2624 6225/4512/2624 10297/4617/2624
f 4969/4619/2474 4864/4514/2474 6357/4618/2474
f 4864/4514/2474 6224/4513/2474 6357/4618/2474
f 4865/4515/2625 6223/4514/2625 4970/4620/2625
f 6223/4514/2625 6355/4619/2625 4970/4620/2625
f 4971/4621/2622 4866/4516/2622 10248/4620/2622
f 4866/4516/2622 8391/4515/2622 10248/4620/2622
f 4972/4622/2472 4867/4517/2472 6353/4621/2472
f 4867/4517/2472 8717/4516/2472 6353/4621/2472
f 4868/4518/2623 6222/4517/2623 4973/4623/2623
f 6222/4517/2623 6351/4622/2623 4973/4623/2623
f 4974/4624/2620 4869/4519/2620 8349/4623/2620
f 4869/4519/2620 6221/4518/2620 8349/4623/2620
f 4975/4625/2471 4870/4520/2471 9214/4624/2471
f 4870/4520/2471 8833/4519/3881 9214/4624/2471
f 4871/4521/2621 6220/4520/2621 4976/4626/2621
f 6220/4520/2621 6349/4625/2621 4976/4626/2621
f 4977/4627/2618 4872/4522/2618 6347/4626/2618
f 4872/4522/2618 6396/4521/2618 6347/4626/2618
f 9969/4628/2470 6343/4284/2470 6345/4627/2470
f 6343/4284/2470 9627/4522/2470 6345/4627/2470
f 4633/4283/2619 4634/4284/2619 4979/4629/2619
f 4634/4284/2619 4978/4628/2619 4979/4629/2619
f 4980/4630/2616 4635/4285/2616 7275/4629/2616
f 4635/4285/2616 9653/4283/2616 7275/4629/2616
f 4981/4631/2469 4636/4286/2469 6593/4630/2469
f 4636/4286/2469 6342/4285/2469 6593/4630/2469
f 4637/4287/2617 6341/4286/2617 4982/4632/2617
f 6341/4286/2617 8166/4631/2617 4982/4632/2617
f 4983/4633/2614 4638/4288/2614 6591/4632/2614
f 4638/4288/2614 8336/4287/3862 6591/4632/2614
f 4984/4634/2468 4639/4289/2468 7390/4633/2468
f 4639/4289/2468 9916/4288/2468 7390/4633/2468
f 4640/4290/2615 8379/4289/2615 4985/4635/2615
f 8379/4289/2615 10222/4634/2615 4985/4635/2615
f 4986/4636/2610 4641/4291/2610 10291/4635/2610
f 4641/4291/2610 6340/4290/2610 10291/4635/2610
f 4987/4637/2465 4642/4292/2465 7636/4636/2465
f 4642/4292/2465 6339/4291/2465 7636/4636/2465
f 4643/4293/2613 8301/4292/2613 4988/4638/2613
f 8301/4292/2613 8769/4637/2613 4988/4638/2613
f 4989/4639/2607 4644/4294/2607 9417/4638/2607
f 4644/4294/2607 6338/4293/2607 9417/4638/2607
f 4990/4640/2464 4645/4295/2464 6589/4639/2464
f 4645/4295/2464 8826/4294/2464 6589/4639/2464
f 4646/4296/2608 8256/4295/2608 4991/4641/2608
f 8256/4295/2608 6587/4640/2608 4991/4641/2608
f 4992/4642/2605 4647/4297/2605 6585/4641/2605
f 4647/4297/2605 8975/4296/2605 6585/4641/2605
f 4993/4643/2463 4648/4298/2463 8845/4642/2463
f 4648/4298/2463 6337/4297/2463 8845/4642/2463
f 4649/4299/2606 10265/4298/2606 4994/4644/2606
f 10265/4298/2606 6583/4643/2606 4994/4644/2606
f 4995/4645/2603 4650/4300/2603 6581/4644/2603
f 4650/4300/2603 9842/4299/2603 6581/4644/2603
f 4996/4646/2462 4651/4301/2462 9220/4645/2462
f 4651/4301/2462 6336/4300/2462 9220/4645/2462
f 4652/4302/3864 6335/4301/3864 4997/4647/2604
f 6335/4301/3864 6579/4646/2604 4997/4647/2604
f 4998/4648/2601 4653/4303/2601 6577/4647/2601
f 4653/4303/2601 8100/4302/2601 6577/4647/2601
f 4999/4649/2461 4654/4304/2461 9786/4648/2461
f 4654/4304/2461 10179/4303/2461 9786/4648/2461
f 4655/4305/2602 6334/4304/2602 5000/4650/2602
f 6334/4304/2602 6575/4649/2602 5000/4650/2602
f 5001/4651/2599 4656/4306/2599 8793/4650/2599
f 4656/4306/2599 10198/4305/2599 8793/4650/2599
f 5002/4652/2460 4657/4307/2460 9191/4651/2460
f 4657/4307/2460 6333/4306/2460 9191/4651/2460
f 4658/4308/2600 6332/4307/2600 5003/4653/2600
f 6332/4307/2600 8420/4652/2600 5003/4653/2600
f 5004/4654/2597 4659/4309/2597 6691/4653/2597
f 4659/4309/2597 6331/4308/2597 6691/4653/2597
f 5005/4655/2459 4660/4310/2459 6573/4654/2459
f 4660/4310/2459 8534/4309/2459 6573/4654/2459
f 4661/4311/2598 6330/4310/2598 5006/4656/2598
f 6330/4310/2598 9876/4655/2598 5006/4656/2598
f 5007/4657/2595 4662/4312/2595 6571/4656/2595
f 4662/4312/2595 6832/4311/2595 6571/4656/2595
f 5008/4658/3853 4663/4313/3853 8090/4657/3853
f 4663/4313/3853 6329/4312/3853 8090/4657/3853
f 4664/4314/2596 6328/4313/2596 5009/4659/2596
f 6328/4313/2596 6569/4658/2596 5009/4659/2596
f 5010/4660/2593 4665/4315/2593 8157/4659/2593
f 4665/4315/2593 6327/4314/2593 8157/4659/2593
f 5011/4661/2455 4666/4316/2455 6567/4660/2455
f 4666/4316/2455 6326/4315/3865 6567/4660/2455
f 4667/4317/2594 6325/4316/2594 5012/4662/2594
f 6325/4316/2594 6565/4661/2594 5012/4662/2594
f 5013/4663/2591 4668/4318/2591 10147/4662/2591
f 4668/4318/2591 9659/4317/2591 10147/4662/2591
f 5014/4664/2454 4669/4319/2454 6563/4663/2454
f 4669/4319/2454 10049/4318/2454 6563/4663/2454
f 4670/4320/2592 6324/4319/2592 5015/4665/2592
f 6324/4319/2592 9624/4664/2592 5015/4665/2592
f 5016/4666/2588 4671/4321/2588 9534/4665/2588
f 4671/4321/2588 6323/4320/2588 9534/4665/2588
f 5017/4667/2453 4672/4322/2453 8461/4666/2453
f 4672/4322/2453 6322/4321/2453 8461/4666/2453
f 4673/4323/2589 6321/4322/2590 5018/4668/2590
f 6321/4322/2590 9781/4667/2590 5018/4668/2590
f 5019/4669/2586 4674/4324/2586 8599/4668/2586
f 4674/4324/2586 6320/4323/2586 8599/4668/2586
f 5020/4670/2452 4675/4325/2452 6561/4669/2452
f 4675/4325/2452 6319/4324/2452 6561/4669/2452
f 4676/4326/2587 6318/4325/2587 5021/4671/2587
f 6318/4325/2587 6559/4670/2587 5021/4671/2587
f 5022/4672/2584 4677/4327/2584 6557/4671/2584
f 4677/4327/2584 8364/4326/2584 6557/4671/2584
f 5023/4673/2451 4678/4328/2451 6555/4672/2451
f 4678/4328/2451 6317/4327/2451 6555/4672/2451
f 4679/4329/2585 8169/4328/2585 5024/4674/2585
f 8169/4328/2585 8839/4673/2585 5024/4674/2585
f 5025/4675/2582 4680/4330/2582 8194/4674/2582
f 4680/4330/2582 8695/4329/2582 8194/4674/2582
f 5026/4676/2450 4681/4331/2450 8870/4675/2450
f 4681/4331/2450 8779/4330/3867 8870/4675/2450
f 4682/4332/2583 6316/4331/2583 5027/4677/2583
f 6316/4331/2583 6553/4676/2583 5027/4677/2583
f 5028/4678/2577 4683/4333/2577 9759/4677/2577
f 4683/4333/2577 9722/4332/2577 9759/4677/2577
f 5029/4679/2448 4684/4334/2448 6551/4678/2448
f 4684/4334/2448 6315/4333/2448 6551/4678/2448
f 4685/4335/2581 8128/4334/2581 5030/4680/2581
f 8128/4334/2581 6549/4679/2581 5030/4680/2581
f 5031/4681/2575 4686/4336/2575 8693/4680/2575
f 4686/4336/2575 10292/4335/2575 8693/4680/2575
f 5032/4682/2447 4687/4337/2447 6547/4681/2447
f 4687/4337/2447 6314/4336/2447 6547/4681/2447
f 4688/4338/2576 9088/4337/2576 5033/4683/2576
f 9088/4337/2576 8383/4682/2576 5033/4683/2576
f 5034/4684/2573 4689/4339/2573 6545/4683/2573
f 4689/4339/2573 6313/4338/2573 6545/4683/2573
f 5035/4685/2446 4690/4340/2446 10300/4684/2446
f 4690/4340/2446 6312/4339/2446 10300/4684/2446
f 4691/4341/2574 6311/4340/2574 5036/4686/2574
f 6311/4340/2574 8219/4685/2574 5036/4686/2574
f 5037/4687/2571 4692/4342/2571 6543/4686/2571
f 4692/4342/2571 6310/4341/2571 6543/4686/2571
f 5038/4688/2445 4693/4343/2445 9646/4687/2445
f 4693/4343/2445 6309/4342/2445 9646/4687/2445
f 4694/4344/2572 8331/4343/2572 5039/4689/2572
f 8331/4343/2572 6541/4688/2572 5039/4689/2572
f 5040/4690/2569 4695/4345/2569 6539/4689/2569
f 4695/4345/2569 8541/4344/2569 6539/4689/2569
f 5041/4691/2443 4696/4346/2443 6537/4690/2443
f 4696/4346/2443 6308/4345/2443 6537/4690/2443
f 4697/4347/2570 8971/4346/2570 5042/4692/2570
f 8971/4346/2570 10207/4691/2570 5042/4692/2570
f 5043/4693/2567 4698/4348/2565 9304/4692/2565
f 4698/4348/2565 6307/4347/2565 9304/4692/2565
f 5044/4694/3854 4699/4349/3854 10228/4693/3854
f 4699/4349/3854 6306/4348/3854 10228/4693/3854
f 4700/4350/2568 6305/4349/2568 5045/4695/2568
f 6305/4349/2568 8260/4694/2568 5045/4695/2568
f 5046/4696/2563 4701/4351/2563 6535/4695/2563
f 4701/4351/2563 6304/4350/2563 6535/4695/2563
f 5047/4697/2441 4702/4352/2441 7805/4696/2441
f 4702/4352/2441 8432/4351/2441 7805/4696/2441
f 4703/4353/2564 6303/4352/2564 5048/4698/2564
f 6303/4352/2564 8617/4697/2564 5048/4698/2564
f 5049/4699/2561 4704/4354/2561 8233/4698/2561
f 4704/4354/2561 8123/4353/2561 8233/4698/2561
f 5050/4700/2440 4705/4355/2440 6533/4699/2440
f 4705/4355/2440 6302/4354/2440 6533/4699/2440
f 4706/4356/2562 8237/4355/2562 5051/4701/2562
f 8237/4355/2562 8284/4700/2562 5051/4701/2562
f 5052/4702/2559 4707/4357/2559 6531/4701/2559
f 4707/4357/2559 6301/4356/2559 6531/4701/2559
f 5053/4703/2439 4708/4358/2439 8243/4702/2439
f 4708/4358/2439 9508/4357/2439 8243/4702/2439
f 4709/4359/2560 8504/4358/2560 5054/4704/2560
f 8504/4358/2560 8856/4703/2560 5054/4704/2560
f 5055/4705/2557 4710/4360/2557 6529/4704/2557
f 4710/4360/2557 8279/4359/2557 6529/4704/2557
f 5056/4706/2438 4711/4361/2438 6527/4705/2438
f 4711/4361/2438 6300/4360/2438 6527/4705/2438
f 4712/4362/2558 9079/4361/2558 5057/4707/2558
f 9079/4361/2558 6525/4706/2558 5057/4707/2558
f 5058/4708/2555 4713/4363/2555 6523/4707/2555
f 4713/4363/2555 6299/4362/2555 6523/4707/2555
f 5059/4709/2437 4714/4364/2437 6521/4708/2437
f 4714/4364/2437 8438/4363/2437 6521/4708/2437
f 4715/4365/2556 8881/4364/2556 5060/4710/2556
f 8881/4364/2556 9885/4709/2556 5060/4710/2556
f 5061/4711/2553 4716/4366/2553 9794/4710/2553
f 4716/4366/2553 8091/4365/2553 9794/4710/2553
f 5062/4712/2436 4717/4367/2436 6519/4711/2436
f 4717/4367/2436 6298/4366/2436 6519/4711/2436
f 4718/4368/2554 9367/4367/2554 5063/4713/2554
f 9367/4367/2554 9227/4712/2554 5063/4713/2554
f 5064/4714/2550 4719/4369/2550 6517/4713/2550
f 4719/4369/2550 6297/4368/2550 6517/4713/2550
f 5065/4715/2435 4720/4370/2435 9590/4714/2435
f 4720/4370/2435 6296/4369/2435 9590/4714/2435
f 4721/4371/2552 6721/4370/2551 5066/4716/2552
f 6721/4370/2551 6515/4715/2552 5066/4716/2552
f 5067/4717/2548 4722/4372/2548 9189/4716/2548
f 4722/4372/2548 7658/4371/2548 9189/4716/2548
f 5068/4718/2434 4723/4373/2434 6513/4717/2434
f 4723/4373/2434 6295/4372/2434 6513/4717/2434
f 4724/4374/2549 6294/4373/2549 5069/4719/2549
f 6294/4373/2549 9032/4718/2549 5069/4719/2549
f 5070/4720/2546 4725/4375/2546 9111/4719/2546
f 4725/4375/2546 6293/4374/2546 9111/4719/2546
f 5071/4721/2433 4726/4376/2433 6511/4720/2433
f 4726/4376/2433 9204/4375/2433 6511/4720/2433
f 4727/4377/2547 8732/4376/2547 5072/4722/2547
f 8732/4376/2547 10100/4721/2547 5072/4722/2547
f 5073/4723/2545 4728/4378/2545 9618/4722/2545
f 4728/4378/2545 8258/4377/2545 9618/4722/2545
f 5074/4724/2432 4729/4379/2432 6509/4723/2432
f 4729/4379/2432 6292/4378/2432 6509/4723/2432
f 4730/4380/2162 8922/4379/2162 5075/4725/2162
f 8922/4379/2162 6507/4724/2162 5075/4725/2162
f 5076/4726/2543 4731/4381/2543 6505/4725/2543
f 4731/4381/2543 8126/4380/2543 6505/4725/2543
f 5077/4727/2431 4732/4382/2431 6503/4726/2431
f 4732/4382/2431 6291/4381/2431 6503/4726/2431
f 4733/4383/2544 10155/4382/2544 5078/4728/2544
f 10155/4382/2544 6501/4727/2544 5078/4728/2544
f 5079/4729/2539 4734/4384/2539 6499/4728/2539
f 4734/4384/2539 8143/4383/2539 6499/4728/2539
f 5080/4730/2427 4735/4385/2427 8642/4729/2427
f 4735/4385/2427 8965/4384/2427 8642/4729/2427
f 4736/4386/2542 6290/4385/2542 5081/4731/2542
f 6290/4385/2542 6497/4730/2542 5081/4731/2542
f 5082/4732/2537 4737/4387/2537 6495/4731/2537
f 4737/4387/2537 9474/4386/2537 6495/4731/2537
f 5083/4733/2426 4738/4388/2426 6493/4732/2426
f 4738/4388/2426 6289/4387/2426 6493/4732/2426
f 4739/4389/2538 6288/4388/2538 5084/4734/2538
f 6288/4388/2538 10154/4733/2538 5084/4734/2538
f 5085/4735/2534 4740/4390/2534 9115/4734/2534
f 4740/4390/2534 10010/4389/2534 9115/4734/2534
f 5086/4736/2425 4741/4391/2425 6491/4735/2425
f 4741/4391/2425 6287/4390/2425 6491/4735/2425
f 4742/4392/2536 8389/4391/2536 5087/4737/2536
f 8389/4391/2536 6489/4736/2536 5087/4737/2536
f 5088/4738/2532 4743/4393/2532 8639/4737/2532
f 4743/4393/2532 6286/4392/2532 8639/4737/2532
f 5089/4739/2424 4744/4394/2424 6487/4738/2424
f 4744/4394/2424 6285/4393/2424 6487/4738/2424
f 4745/4395/2533 9398/4394/2533 5090/4740/2533
f 9398/4394/2533 6485/4739/2533 5090/4740/2533
f 5091/4741/2530 4746/4396/2530 6483/4740/2530
f 4746/4396/2530 6284/4395/2530 6483/4740/2530
f 5092/4742/2423 4747/4397/2423 8920/4741/2423
f 4747/4397/2423 6283/4396/2423 8920/4741/2423
f 4748/4398/2531 8298/4397/2531 5093/4743/2531
f 8298/4397/2531 6481/4742/2531 5093/4743/2531
f 5094/4744/2526 4749/4399/2526 8177/4743/2526
f 4749/4399/2526 6282/4398/2526 8177/4743/2526
f 5095/4745/3855 4750/4400/3855 8102/4744/3855
f 4750/4400/3855 10237/4399/3855 8102/4744/3855
f 4751/4401/2527 6281/4400/2527 5096/4746/2527
f 6281/4400/2527 6479/4745/2527 5096/4746/2527
f 5097/4747/2524 4752/4402/2524 6477/4746/2524
f 4752/4402/2524 6280/4401/2524 6477/4746/2524
f 5098/4748/2419 4753/4403/2419 6475/4747/2419
f 4753/4403/2419 6279/4402/2419 6475/4747/2419
f 4754/4404/2525 6278/4403/2525 5099/4749/2525
f 6278/4403/2525 6473/4748/2525 5099/4749/2525
f 5100/4750/2522 4755/4405/2522 10106/4749/2522
f 4755/4405/2522 9628/4404/2522 10106/4749/2522
f 5101/4751/3856 4756/4406/3856 6471/4750/3856
f 4756/4406/3856 6277/4405/3856 6471/4750/3856
f 4757/4407/2523 9790/4406/2523 5102/4752/2523
f 9790/4406/2523 9445/4751/2523 5102/4752/2523
f 5103/4753/2520 4758/4408/2519 10188/4752/2520
f 4758/4408/2519 8696/4407/2520 10188/4752/2520
f 5104/4754/2417 4759/4409/2417 8994/4753/2417
f 4759/4409/2417 8915/4408/2417 8994/4753/2417
f 4760/4410/2521 8289/4409/2521 5105/4755/2521
f 8289/4409/2521 8307/4754/2521 5105/4755/2521
f 5106/4756/2517 4761/4411/2517 9230/4755/2517
f 4761/4411/2517 6276/4410/2517 9230/4755/2517
f 5107/4757/2416 4762/4412/2416 6469/4756/2416
f 4762/4412/2416 8346/4411/2416 6469/4756/2416
f 4763/4413/2518 6275/4412/2518 5108/4758/2518
f 6275/4412/2518 9580/4757/2518 5108/4758/2518
f 5109/4759/2515 4764/4414/2515 9502/4758/2515
f 4764/4414/2515 9620/4413/2515 9502/4758/2515
f 5110/4760/2415 4765/4415/2415 6467/4759/2415
f 4765/4415/2415 9538/4414/2415 6467/4759/2415
f 4766/4416/2516 8829/4415/2516 5111/4761/2516
f 8829/4415/2516 6465/4760/2516 5111/4761/2516
f 5112/4762/2513 4767/4417/2513 8654/4761/2513
f 4767/4417/2513 6274/4416/2513 8654/4761/2513
f 4874/4524/2414 4768/4418/2414 7073/4762/2414
f 4768/4418/2414 6273/4417/2414 7073/4762/2414
f 4117/3767/3584 5113/4763/3732 4119/3769/3586
f 5113/4763/3732 5114/4764/3730 4119/3769/3586
f 4119/3769/3586 5114/4764/3730 4121/3771/3588
f 5114/4764/3730 5115/4765/3883 4121/3771/3588
f 4121/3771/3588 5115/4765/3883 4123/3773/3590
f 5115/4765/3883 5116/4766/3727 4123/3773/3590
f 4123/3773/3590 5116/4766/3727 4125/3775/3592
f 5116/4766/3727 5117/4767/3884 4125/3775/3592
f 4125/3775/3592 5117/4767/3884 4127/3777/3594
f 5117/4767/3884 5118/4768/3723 4127/3777/3594
f 4127/3777/3594 5118/4768/3723 4129/3779/3596
f 5118/4768/3723 5119/4769/3885 4129/3779/3596
f 4129/3779/3596 5119/4769/3885 4131/3781/3598
f 5119/4769/3885 5120/4770/3886 4131/3781/3598
f 4131/3781/3598 5120/4770/3886 4133/3783/3600
f 5120/4770/3886 5121/4771/3717 4133/3783/3600
f 4133/3783/3600 5121/4771/3717 4135/3785/3602
f 5121/4771/3717 5122/4772/3716 4135/3785/3602
f 4135/3785/3602 5122/4772/3716 4137/3787/3604
f 5122/4772/3716 5123/4773/3714 4137/3787/3604
f 4137/3787/3604 5123/4773/3714 4139/3789/3606
f 5123/4773/3714 5124/4774/3887 4139/3789/3606
f 4139/3789/3606 5124/4774/3887 4141/3791/3608
f 5124/4774/3887 5125/4775/3710 4141/3791/3608
f 4141/3791/3608 5125/4775/3710 4143/3793/3610
f 5125/4775/3710 5126/4776/3888 4143/3793/3610
f 4143/3793/3610 5126/4776/3888 4145/3795/3612
f 5126/4776/3888 5127/4777/3889 4145/3795/3612
f 4145/3795/3612 5127/4777/3889 4147/3797/3614
f 5127/4777/3889 5128/4778/3890 4147/3797/3614
f 4147/3797/3614 5128/4778/3890 4149/3799/3616
f 5128/4778/3890 5129/4779/3700 4149/3799/3616
f 4149/3799/3616 5129/4779/3700 4151/3801/3618
f 5129/4779/3700 5130/4780/3891 4151/3801/3618
f 4151/3801/3618 5130/4780/3891 4153/3803/3620
f 5130/4780/3891 5131/4781/3850 4153/3803/3620
f 4153/3803/3620 5131/4781/3850 4155/3805/3622
f 5131/4781/3850 5132/4782/3848 4155/3805/3622
f 4155/3805/3622 5132/4782/3848 4157/3807/3624
f 5132/4782/3848 5133/4783/3846 4157/3807/3624
f 4157/3807/3624 5133/4783/3846 4159/3809/3626
f 5133/4783/3846 5134/4784/3844 4159/3809/3626
f 4159/3809/3626 5134/4784/3844 4161/3811/3628
f 5134/4784/3844 5135/4785/3892 4161/3811/3628
f 4161/3811/3628 5135/4785/3892 4163/3813/3630
f 5135/4785/3892 5136/4786/3893 4163/3813/3630
f 4163/3813/3630 5136/4786/3893 4165/3815/3632
f 5136/4786/3893 5137/4787/3894 4165/3815/3632
f 4165/3815/3632 5137/4787/3894 4167/3817/3634
f 5137/4787/3894 5138/4788/3838 4167/3817/3634
f 4167/3817/3634 5138/4788/3838 4169/3819/3636
f 5138/4788/3838 5139/4789/3836 4169/3819/3636
f 4169/3819/3636 5139/4789/3836 4171/3821/3638
f 5139/4789/3836 5140/4790/3834 4171/3821/3638
f 4171/3821/3638 5140/4790/3834 4173/3823/3640
f 5140/4790/3834 5141/4791/3832 4173/3823/3640
f 4173/3823/3640 5141/4791/3832 4175/3825/3642
f 5141/4791/3832 5142/4792/3830 4175/3825/3642
f 4175/3825/3642 5142/4792/3830 4177/3827/3644
f 5142/4792/3830 5143/4793/3895 4177/3827/3644
f 4177/3827/3644 5143/4793/3895 4179/3829/3646
f 5143/4793/3895 5144/4794/3826 4179/3829/3646
f 4179/3829/3646 5144/4794/3826 4181/3831/3648
f 5144/4794/3826 5145/4795/3896 4181/3831/3648
f 4181/3831/3648 5145/4795/3896 4183/3833/3650
f 5145/4795/3896 5146/4796/3822 4183/3833/3650
f 4183/3833/3650 5146/4796/3822 4185/3835/3652
f 5146/4796/3822 5147/4797/3820 4185/3835/3652
f 4185/3835/3652 5147/4797/3820 4187/3837/3654
f 5147/4797/3820 5148/4798/3818 4187/3837/3654
f 4187/3837/3654 5148/4798/3818 4189/3839/3656
f 5148/4798/3818 5149/4799/3816 4189/3839/3656
f 4189/3839/3656 5149/4799/3816 4191/3841/3658
f 5149/4799/3816 5150/4800/3897 4191/3841/3658
f 4191/3841/3658 5150/4800/3897 4193/3843/3660
f 5150/4800/3897 5151/4801/3812 4193/3843/3660
f 4193/3843/3660 5151/4801/3812 4195/3845/3662
f 5151/4801/3812 5152/4802/3898 4195/3845/3662
f 4195/3845/3662 5152/4802/3898 4197/3847/3664
f 5152/4802/3898 5153/4803/3809 4197/3847/3664
f 4197/3847/3664 5153/4803/3809 4199/3849/3666
f 5153/4803/3809 5154/4804/3807 4199/3849/3666
f 4199/3849/3666 5154/4804/3807 4201/3851/3668
f 5154/4804/3807 5155/4805/3899 4201/3851/3668
f 4201/3851/3668 5155/4805/3899 4203/3853/3670
f 5155/4805/3899 5156/4806/3804 4203/3853/3670
f 4203/3853/3670 5156/4806/3804 4205/3855/3672
f 5156/4806/3804 5157/4807/3900 4205/3855/3672
f 4205/3855/3672 5157/4807/3900 4207/3857/3674
f 5157/4807/3900 5158/4808/3800 4207/3857/3674
f 4207/3857/3674 5158/4808/3800 4209/3859/3676
f 5158/4808/3800 5159/4809/3798 4209/3859/3676
f 4209/3859/3676 5159/4809/3798 4211/3861/3678
f 5159/4809/3798 5160/4810/3796 4211/3861/3678
f 4211/3861/3678 5160/4810/3796 4213/3863/3680
f 5160/4810/3796 5161/4811/3901 4213/3863/3680
f 4213/3863/3680 5161/4811/3901 4215/3865/3682
f 5161/4811/3901 5162/4812/3902 4215/3865/3682
f 4215/3865/3682 5162/4812/3902 4217/3867/3684
f 5162/4812/3902 5163/4813/3791 4217/3867/3684
f 4217/3867/3684 5163/4813/3791 4219/3869/3686
f 5163/4813/3791 5164/4814/3789 4219/3869/3686
f 4219/3869/3686 5164/4814/3789 4221/3871/3688
f 5164/4814/3789 5165/4815/3903 4221/3871/3688
f 4221/3871/3688 5165/4815/3903 4223/3873/3690
f 5165/4815/3903 5166/4816/3904 4223/3873/3690
f 4223/3873/3690 5166/4816/3904 4225/3875/3692
f 5166/4816/3904 5167/4817/3783 4225/3875/3692
f 4225/3875/3692 5167/4817/3783 4227/3877/3694
f 5167/4817/3783 5168/4818/3905 4227/3877/3694
f 4227/3877/3694 5168/4818/3905 4229/3879/3696
f 5168/4818/3905 5169/4819/3906 4229/3879/3696
f 4229/3879/3696 5169/4819/3906 4231/3881/3698
f 5169/4819/3906 5170/4820/3907 4231/3881/3698
f 4231/3881/3698 5170/4820/3907 4080/3730/3547
f 5170/4820/3907 5171/4821/3775 4080/3730/3547
f 4080/3730/3547 5171/4821/3775 4078/3728/3545
f 5171/4821/3775 5172/4822/3773 4078/3728/3545
f 4078/3728/3545 5172/4822/3773 4073/3723/3540
f 5172/4822/3773 5173/4823/3771 4073/3723/3540
f 4073/3723/3540 5173/4823/3771 4075/3724/3541
f 5173/4823/3771 5174/4824/3908 4075/3724/3541
f 4075/3724/3541 5174/4824/3908 4081/3731/3548
f 5174/4824/3908 5175/4825/3909 4081/3731/3548
f 4081/3731/3548 5175/4825/3909 4083/3733/3550
f 5175/4825/3909 5176/4826/3765 4083/3733/3550
f 4083/3733/3550 5176/4826/3765 4085/3735/3552
f 5176/4826/3765 5177/4827/3910 4085/3735/3552
f 4085/3735/3552 5177/4827/3910 4087/3737/3554
f 5177/4827/3910 5178/4828/3761 4087/3737/3554
f 4087/3737/3554 5178/4828/3761 4089/3739/3556
f 5178/4828/3761 5179/4829/3911 4089/3739/3556
f 4089/3739/3556 5179/4829/3911 4091/3741/3558
f 5179/4829/3911 5180/4830/3757 4091/3741/3558
f 4091/3741/3558 5180/4830/3757 4093/3743/3560
f 5180/4830/3757 5181/4831/3755 4093/3743/3560
f 4093/3743/3560 5181/4831/3755 4095/3745/3562
f 5181/4831/3755 5182/4832/3753 4095/3745/3562
f 4095/3745/3562 5182/4832/3753 4097/3747/3564
f 5182/4832/3753 5183/4833/3912 4097/3747/3564
f 4097/3747/3564 5183/4833/3912 4099/3749/3566
f 5183/4833/3912 5184/4834/3913 4099/3749/3566
f 4099/3749/3566 5184/4834/3913 4101/3751/3568
f 5184/4834/3913 5185/4835/3914 4101/3751/3568
f 4101/3751/3568 5185/4835/3914 4103/3753/3570
f 5185/4835/3914 5186/4836/3915 4103/3753/3570
f 4103/3753/3570 5186/4836/3915 4105/3755/3572
f 5186/4836/3915 5187/4837/3743 4105/3755/3572
f 4105/3755/3572 5187/4837/3743 4107/3757/3574
f 5187/4837/3743 5188/4838/3916 4107/3757/3574
f 4107/3757/3574 5188/4838/3916 4109/3759/3576
f 5188/4838/3916 5189/4839/3739 4109/3759/3576
f 4109/3759/3576 5189/4839/3739 4111/3761/3578
f 5189/4839/3739 5190/4840/3737 4111/3761/3578
f 4111/3761/3578 5190/4840/3737 4113/3763/3580
f 5190/4840/3737 5191/4841/3735 4113/3763/3580
f 4113/3763/3580 5191/4841/3735 4115/3765/3582
f 5191/4841/3735 5192/4842/3917 4115/3765/3582
f 4115/3765/3582 5192/4842/3917 4117/3767/3584
f 5192/4842/3917 5113/4763/3732 4117/3767/3584
f 5193/4843/1029 5195/4844/1029 5194/4845/1029
f 5195/4844/1029 5196/4846/1029 5194/4845/1029
f 5197/4847/1029 5199/4848/1029 5198/4849/1029
f 5199/4848/1029 5200/4850/1029 5198/4849/1029
f 5201/4851/1029 5203/4852/1029 5202/4853/1029
f 5203/4852/1029 5204/4854/1029 5202/4853/1029
f 5205/4855/1029 5207/4856/1029 5206/4857/1029
f 5207/4856/1029 5208/4858/3918 5206/4857/1029
f 5209/4859/1029 5211/4860/1029 5210/4861/1029
f 5211/4860/1029 5212/4862/1029 5210/4861/1029
f 5213/4863/1029 5215/4864/1029 5214/4865/1029
f 5215/4864/1029 5216/4866/1029 5214/4865/1029
f 5217/4867/1029 5219/4868/1029 5218/4869/1029
f 5219/4868/1029 5220/4870/1029 5218/4869/1029
f 5221/4871/1029 5223/4872/1029 5222/4873/1029
f 5223/4872/1029 5224/4874/1029 5222/4873/1029
f 5225/4875/1029 5227/4876/1029 5226/4877/1029
f 5227/4876/1029 5228/4878/1029 5226/4877/1029
f 5229/4879/1029 5231/4880/1029 5230/4881/1029
f 5231/4880/1029 5232/4882/1029 5230/4881/1029
f 5233/4883/1029 5235/4884/1029 5234/4885/1029
f 5235/4884/1029 5236/4886/3919 5234/4885/1029
f 5237/4887/1029 5239/4888/1029 5238/4889/1029
f 5239/4888/1029 5240/4890/1029 5238/4889/1029
f 5241/4891/1029 5243/4892/1029 5242/4893/1029
f 5243/4892/1029 5244/4894/1029 5242/4893/1029
f 5245/4895/1029 5247/4896/1029 5246/4897/1029
f 5247/4896/1029 5248/4898/1029 5246/4897/1029
f 5249/4899/1029 5251/4900/1029 5250/4901/1029
f 5251/4900/1029 5252/4902/1029 5250/4901/1029
f 5253/4903/1029 5255/4904/1029 5254/4905/1029
f 5255/4904/1029 5256/4906/1029 5254/4905/1029
f 5257/4907/1029 5259/4908/1029 5258/4909/1029
f 5259/4908/1029 5260/4910/1029 5258/4909/1029
f 5261/4911/1029 5263/4912/1029 5262/4913/1029
f 5263/4912/1029 5264/4914/1029 5262/4913/1029
f 5265/4915/1029 5267/4916/1029 5266/4917/1029
f 5267/4916/1029 5268/4918/1029 5266/4917/1029
f 5269/4919/1029 5271/4920/1029 5270/4921/1029
f 5271/4920/1029 5272/4922/1029 5270/4921/1029
f 5273/4923/1029 5275/4924/1029 5274/4925/1029
f 5275/4924/1029 5276/4926/1029 5274/4925/1029
f 5277/4927/1029 5279/4928/1029 5278/4929/1029
f 5279/4928/1029 5280/4930/1029 5278/4929/1029
f 5281/4931/1029 5283/4932/1029 5282/4933/1029
f 5283/4932/1029 5284/4934/1029 5282/4933/1029
f 5285/4935/1029 5287/4936/1029 5286/4937/1029
f 5287/4936/1029 5288/4938/1029 5286/4937/1029
f 5289/4939/1029 5291/4940/1029 5290/4941/1029
f 5291/4940/1029 5292/4942/1029 5290/4941/1029
f 5289/4939/1029 5290/4941/1029 5293/4943/1029
f 5290/4941/1029 5294/4944/1029 5293/4943/1029
f 5293/4943/1029 5294/4944/1029 5295/4945/1029
f 5294/4944/1029 5296/4946/1029 5295/4945/1029
f 5295/4945/1029 5296/4946/1029 5297/4947/1029
f 5296/4946/1029 5298/4948/1029 5297/4947/1029
f 5297/4947/1029 5298/4948/1029 5299/4949/1029
f 5298/4948/1029 5300/4950/1029 5299/4949/1029
f 5299/4949/1029 5300/4950/1029 5301/4951/1029
f 5300/4950/1029 5302/4952/1029 5301/4951/1029
f 5301/4951/1029 5302/4952/1029 5303/4953/1029
f 5302/4952/1029 5304/4954/1029 5303/4953/1029
f 5303/4953/1029 5304/4954/1029 5305/4955/1029
f 5304/4954/1029 5306/4956/1029 5305/4955/1029
f 5305/4955/1029 5306/4956/1029 5307/4957/1029
f 5306/4956/1029 5308/4958/1029 5307/4957/1029
f 5307/4957/1029 5308/4958/1029 5309/4959/1029
f 5308/4958/1029 5310/4960/1029 5309/4959/1029
f 5309/4959/1029 5310/4960/1029 5311/4961/1029
f 5310/4960/1029 5312/4962/1029 5311/4961/1029
f 5311/4961/1029 5312/4962/1029 5313/4963/1029
f 5312/4962/1029 5314/4964/1029 5313/4963/1029
f 5315/4965/1029 5317/4966/1029 5316/4967/1029
f 5317/4966/1029 5318/4968/1029 5316/4967/1029
f 5319/4969/1029 5321/4970/1029 5320/4971/1029
f 5321/4970/1029 5322/4972/1029 5320/4971/1029
f 5320/4971/1029 5322/4972/1029 5323/4973/1029
f 5322/4972/1029 5324/4974/1029 5323/4973/1029
f 5323/4973/1029 5324/4974/1029 5325/4975/1029
f 5324/4974/1029 5326/4976/1029 5325/4975/1029
f 5325/4975/1029 5326/4976/1029 5327/4977/1029
f 5326/4976/1029 5328/4978/1029 5327/4977/1029
f 5327/4977/1029 5328/4978/1029 5329/4979/1029
f 5328/4978/1029 5330/4980/1029 5329/4979/1029
f 5329/4979/1029 5330/4980/1029 5331/4981/1029
f 5330/4980/1029 5332/4982/1029 5331/4981/1029
f 5331/4981/1029 5332/4982/1029 5333/4983/1029
f 5332/4982/1029 5334/4984/1029 5333/4983/1029
f 5333/4983/1029 5334/4984/1029 5335/4985/1029
f 5334/4984/1029 5336/4986/1029 5335/4985/1029
f 5335/4985/1029 5336/4986/1029 5291/4940/1029
f 5336/4986/1029 5292/4942/1029 5291/4940/1029
f 5289/4939/1029 5293/4943/1029 5337/4987/1029
f 5293/4943/1029 5338/4988/1029 5337/4987/1029
f 5293/4943/1029 5295/4945/1029 5339/4989/1029
f 5295/4945/1029 5340/4990/1029 5339/4989/1029
f 5295/4945/1029 5297/4947/1029 5341/4991/1029
f 5297/4947/1029 5342/4992/1029 5341/4991/1029
f 5297/4947/1029 5299/4949/1029 5343/4993/1029
f 5299/4949/1029 5344/4994/1029 5343/4993/1029
f 5299/4949/1029 5301/4951/1029 5345/4995/1029
f 5301/4951/1029 5346/4996/1029 5345/4995/1029
f 5301/4951/1029 5303/4953/1029 5347/4997/1029
f 5303/4953/1029 5348/4998/1029 5347/4997/1029
f 5303/4953/1029 5305/4955/1029 5349/4999/1029
f 5305/4955/1029 5350/5000/1029 5349/4999/1029
f 5305/4955/1029 5307/4957/1029 5351/5001/1029
f 5307/4957/1029 5352/5002/1029 5351/5001/1029
f 5307/4957/1029 5309/4959/1029 5353/5003/1029
f 5309/4959/1029 5354/5004/1029 5353/5003/1029
f 5309/4959/1029 5311/4961/1029 5355/5005/1029
f 5311/4961/1029 5356/5006/1029 5355/5005/1029
f 5311/4961/1029 5313/4963/1029 5357/5007/1029
f 5313/4963/1029 5358/5008/1029 5357/5007/1029
f 5313/4963/1029 5315/4965/1029 5359/5009/1029
f 5315/4965/1029 5360/5010/1029 5359/5009/1029
f 5315/4965/1029 5316/4967/1029 5361/5011/1029
f 5316/4967/1029 5362/5012/1029 5361/5011/1029
f 5316/4967/1029 5319/4969/1029 5363/5013/1029
f 5319/4969/1029 5364/5014/1029 5363/5013/1029
f 5319/4969/1029 5320/4971/1029 5365/5015/1029
f 5320/4971/1029 5366/5016/1029 5365/5015/1029
f 5320/4971/1029 5323/4973/1029 5367/5017/1029
f 5323/4973/1029 5368/5018/1029 5367/5017/1029
f 5323/4973/1029 5325/4975/1029 5369/5019/1029
f 5325/4975/1029 5370/5020/1029 5369/5019/1029
f 5325/4975/1029 5327/4977/1029 5371/5021/1029
f 5327/4977/1029 5372/5022/1029 5371/5021/1029
f 5327/4977/1029 5329/4979/1029 5373/5023/1029
f 5329/4979/1029 5374/5024/1029 5373/5023/1029
f 5329/4979/1029 5331/4981/1029 5375/5025/1029
f 5331/4981/1029 5376/5026/1029 5375/5025/1029
f 5331/4981/1029 5333/4983/1029 5377/5027/1029
f 5333/4983/1029 5378/5028/1029 5377/5027/1029
f 5333/4983/1029 5335/4985/1029 5379/5029/1029
f 5335/4985/1029 5380/5030/1029 5379/5029/1029
f 5335/4985/1029 5291/4940/1029 5381/5031/1029
f 5291/4940/1029 5382/5032/1029 5381/5031/1029
f 5289/4939/1029 5383/5033/1029 5291/4940/1029
f 5383/5033/1029 5384/5034/1029 5291/4940/1029
f 5318/4968/1029 5321/4970/1029 5316/4967/1029
f 5321/4970/1029 5319/4969/1029 5316/4967/1029
f 5314/4964/1029 5317/4966/1029 5313/4963/1029
f 5317/4966/1029 5315/4965/1029 5313/4963/1029
f 5362/5012/1029 5243/4892/1029 5361/5011/1029
f 5243/4892/1029 5241/4891/1029 5361/5011/1029
f 5364/5014/1029 5239/4888/1029 5363/5013/1029
f 5239/4888/1029 5237/4887/1029 5363/5013/1029
f 5366/5016/1029 5283/4932/1029 5365/5015/1029
f 5283/4932/1029 5281/4931/1029 5365/5015/1029
f 5368/5018/1029 5287/4936/1029 5367/5017/1029
f 5287/4936/1029 5285/4935/1029 5367/5017/1029
f 5370/5020/1029 5235/4884/1029 5369/5019/1029
f 5235/4884/1029 5233/4883/1029 5369/5019/1029
f 5372/5022/1029 5231/4880/1029 5371/5021/1029
f 5231/4880/1029 5229/4879/1029 5371/5021/1029
f 5374/5024/1029 5227/4876/1029 5373/5023/1029
f 5227/4876/1029 5225/4875/1029 5373/5023/1029
f 5376/5026/1029 5223/4872/1029 5375/5025/1029
f 5223/4872/1029 5221/4871/1029 5375/5025/1029
f 5378/5028/1029 5219/4868/1029 5377/5027/1029
f 5219/4868/1029 5217/4867/1029 5377/5027/1029
f 5380/5030/1029 5216/4866/1029 5379/5029/1029
f 5216/4866/1029 5215/4864/1029 5379/5029/1029
f 5382/5032/1029 5211/4860/1029 5381/5031/1029
f 5211/4860/1029 5209/4859/1029 5381/5031/1029
f 5383/5033/1029 5207/4856/1029 5384/5034/1029
f 5207/4856/1029 5205/4855/1029 5384/5034/1029
f 5338/4988/1029 5203/4852/1029 5337/4987/1029
f 5203/4852/1029 5201/4851/1029 5337/4987/1029
f 5340/4990/1029 5199/4848/1029 5339/4989/1029
f 5199/4848/1029 5197/4847/1029 5339/4989/1029
f 5342/4992/1029 5195/4844/1029 5341/4991/1029
f 5195/4844/1029 5193/4843/1029 5341/4991/1029
f 5344/4994/1029 5279/4928/1029 5343/4993/1029
f 5279/4928/1029 5277/4927/1029 5343/4993/1029
f 5346/4996/1029 5275/4924/1029 5345/4995/1029
f 5275/4924/1029 5273/4923/1029 5345/4995/1029
f 5348/4998/1029 5271/4920/1029 5347/4997/1029
f 5271/4920/1029 5269/4919/1029 5347/4997/1029
f 5350/5000/1029 5267/4916/1029 5349/4999/1029
f 5267/4916/1029 5265/4915/1029 5349/4999/1029
f 5352/5002/1029 5263/4912/1029 5351/5001/1029
f 5263/4912/1029 5261/4911/1029 5351/5001/1029
f 5354/5004/1029 5259/4908/1029 5353/5003/1029
f 5259/4908/1029 5257/4907/1029 5353/5003/1029
f 5356/5006/1029 5255/4904/1029 5355/5005/1029
f 5255/4904/1029 5253/4903/1029 5355/5005/1029
f 5358/5008/1029 5251/4900/1029 5357/5007/1029
f 5251/4900/1029 5249/4899/1029 5357/5007/1029
f 5360/5010/1029 5247/4896/1029 5359/5009/1029
f 5247/4896/1029 5245/4895/1029 5359/5009/1029
f 5385/5035/3920 6202/4873/3921 5386/5036/3922
f 6202/4873/3921 10220/4874/3923 5386/5036/3922
f 5386/5036/3922 10220/4874/3923 5387/5037/3924
f 10220/4874/3923 8525/4872/3925 5387/5037/3924
f 5387/5037/3924 8525/4872/3925 5388/5038/3926
f 8525/4872/3925 6117/5026/3927 5388/5038/3926
f 5389/5039/3928 6116/5027/3929 5390/5040/3930
f 6116/5027/3929 6206/4867/3931 5390/5040/3930
f 5390/5040/3930 6206/4867/3931 5391/5041/3932
f 6206/4867/3931 6205/4869/3933 5391/5041/3932
f 5391/5041/3932 6205/4869/3933 5392/5042/3934
f 6205/4869/3933 6204/4870/3935 5392/5042/3934
f 5392/5042/3934 6204/4870/3935 5393/5043/3936
f 6204/4870/3935 8868/4868/3937 5393/5043/3936
f 5393/5043/3936 8868/4868/3937 5394/5044/3938
f 8868/4868/3937 8158/5028/3939 5394/5044/3938
f 5395/5045/3940 6115/5029/3941 5396/5046/3942
f 6115/5029/3941 6208/4864/3943 5396/5046/3942
f 5397/5047/3944 10287/4863/3945 5398/5048/3946
f 10287/4863/3945 6209/4865/3947 5398/5048/3946
f 5398/5048/3946 6209/4865/3947 5399/5049/3948
f 6209/4865/3947 6207/4866/3949 5399/5049/3948
f 5399/5049/3948 6207/4866/3949 5400/5050/3950
f 6207/4866/3949 6114/5030/3951 5400/5050/3950
f 5401/5051/3952 6113/5031/3953 5402/5052/3954
f 6113/5031/3953 8889/4859/3955 5402/5052/3954
f 5402/5052/3954 8889/4859/3955 5403/5053/3956
f 8889/4859/3955 6211/4861/3957 5403/5053/3956
f 5403/5053/3956 6211/4861/3957 5404/5054/3958
f 6211/4861/3957 6210/4862/3959 5404/5054/3958
f 5404/5054/3958 6210/4862/3959 5405/5055/3960
f 6210/4862/3959 9319/4860/3961 5405/5055/3960
f 5405/5055/3960 9319/4860/3961 5406/5056/3962
f 9319/4860/3961 6112/5032/3963 5406/5056/3962
f 5407/5057/3964 6109/5034/3965 5408/5058/3966
f 6109/5034/3965 6214/4855/3967 5408/5058/3966
f 5408/5058/3966 6214/4855/3967 5409/5059/3968
f 6214/4855/3967 6213/4857/3969 5409/5059/3968
f 5409/5059/3968 6213/4857/3969 5410/5060/3970
f 6213/4857/3969 6610/4858/3971 5410/5060/3970
f 5410/5060/3970 6610/4858/3971 5411/5061/3972
f 6610/4858/3971 6212/4856/3973 5411/5061/3972
f 5411/5061/3972 6212/4856/3973 5412/5062/3974
f 6212/4856/3973 6110/5033/3975 5412/5062/3974
f 5413/5063/3976 6137/4987/3977 5414/5064/3978
f 6137/4987/3977 6218/4851/3979 5414/5064/3978
f 5414/5064/3978 6218/4851/3979 5415/5065/3980
f 6218/4851/3979 6217/4853/3981 5415/5065/3980
f 5415/5065/3980 6217/4853/3981 5416/5066/3982
f 6217/4853/3981 6215/4854/3983 5416/5066/3982
f 5416/5066/3982 6215/4854/3983 5417/5067/3984
f 6215/4854/3983 6216/4852/3985 5417/5067/3984
f 5417/5067/3984 6216/4852/3985 5418/5068/3986
f 6216/4852/3985 9372/4988/3987 5418/5068/3986
f 5419/5069/3988 6136/4989/3989 5420/5070/3990
f 6136/4989/3989 8771/4847/3991 5420/5070/3990
f 5420/5070/3990 8771/4847/3991 5421/5071/3992
f 8771/4847/3991 10266/4849/3993 5421/5071/3992
f 5421/5071/3992 10266/4849/3993 5422/5072/3994
f 10266/4849/3993 8142/4850/3995 5422/5072/3994
f 5422/5072/3994 8142/4850/3995 5423/5073/3996
f 8142/4850/3995 6219/4848/3997 5423/5073/3996
f 5423/5073/3996 6219/4848/3997 5424/5074/3998
f 6219/4848/3997 9649/4990/3999 5424/5074/3998
f 5425/5075/4000 9986/4991/4001 5426/5076/4002
f 9986/4991/4001 9247/4843/4003 5426/5076/4002
f 5426/5076/4002 9247/4843/4003 5427/5077/4004
f 9247/4843/4003 8514/4845/4005 5427/5077/4004
f 5427/5077/4004 8514/4845/4005 5428/5078/4006
f 8514/4845/4005 9767/4846/4007 5428/5078/4006
f 5428/5078/4006 9767/4846/4007 5429/5079/4008
f 9767/4846/4007 9779/4844/4009 5429/5079/4008
f 5429/5079/4008 9779/4844/4009 5430/5080/4010
f 9779/4844/4009 8198/4992/4011 5430/5080/4010
f 5431/5081/4012 6135/4993/4013 5432/5082/4014
f 6135/4993/4013 6183/4927/4015 5432/5082/4014
f 5432/5082/4014 6183/4927/4015 5433/5083/4016
f 6183/4927/4015 6182/4929/4017 5433/5083/4016
f 5433/5083/4016 6182/4929/4017 5434/5084/4018
f 6182/4929/4017 8337/4930/4019 5434/5084/4018
f 5434/5084/4018 8337/4930/4019 5435/5085/4020
f 8337/4930/4019 9691/4928/4021 5435/5085/4020
f 5435/5085/4020 9691/4928/4021 5436/5086/4022
f 9691/4928/4021 6134/4994/4023 5436/5086/4022
f 5437/5087/4024 8637/4995/4025 5438/5088/4026
f 8637/4995/4025 6185/4923/4027 5438/5088/4026
f 5438/5088/4026 6185/4923/4027 5439/5089/4028
f 6185/4923/4027 10242/4925/4029 5439/5089/4028
f 5439/5089/4028 10242/4925/4029 5440/5090/4030
f 10242/4925/4029 9750/4926/4031 5440/5090/4030
f 5440/5090/4030 9750/4926/4031 5441/5091/4032
f 9750/4926/4031 6184/4924/4033 5441/5091/4032
f 5441/5091/4032 6184/4924/4033 5442/5092/4034
f 6184/4924/4033 6133/4996/4035 5442/5092/4034
f 5443/5093/4036 6132/4997/4037 5444/5094/4038
f 6132/4997/4037 6187/4919/4039 5444/5094/4038
f 5444/5094/4038 6187/4919/4039 5445/5095/4040
f 6187/4919/4039 9745/4921/4041 5445/5095/4040
f 5445/5095/4040 9745/4921/4041 5446/5096/4042
f 9745/4921/4041 6186/4922/4043 5446/5096/4042
f 5446/5096/4042 6186/4922/4043 5447/5097/4044
f 6186/4922/4043 8197/4920/4045 5447/5097/4044
f 5447/5097/4044 8197/4920/4045 5448/5098/4046
f 8197/4920/4045 8577/4998/4047 5448/5098/4046
f 5449/5099/4048 6131/4999/4049 5450/5100/4050
f 6131/4999/4049 6189/4915/4051 5450/5100/4050
f 5450/5100/4050 6189/4915/4051 5451/5101/4052
f 6189/4915/4051 10204/4917/4053 5451/5101/4052
f 5451/5101/4052 10204/4917/4053 5452/5102/4054
f 10204/4917/4053 6188/4918/4055 5452/5102/4054
f 5452/5102/4054 6188/4918/4055 5453/5103/4056
f 6188/4918/4055 8255/4916/4057 5453/5103/4056
f 5453/5103/4056 8255/4916/4057 5454/5104/4058
f 8255/4916/4057 6130/5000/4059 5454/5104/4058
f 5455/5105/4060 9747/5001/4061 5456/5106/4062
f 9747/5001/4061 10183/4911/4063 5456/5106/4062
f 5456/5106/4062 10183/4911/4063 5457/5107/4064
f 10183/4911/4063 6191/4913/4065 5457/5107/4064
f 5457/5107/4064 6191/4913/4065 5458/5108/4066
f 6191/4913/4065 8816/4914/4067 5458/5108/4066
f 5458/5108/4066 8816/4914/4067 5459/5109/4068
f 8816/4914/4067 6190/4912/4069 5459/5109/4068
f 5459/5109/4068 6190/4912/4069 5460/5110/4070
f 6190/4912/4069 10261/5002/4071 5460/5110/4070
f 5461/5111/4072 8923/5003/4073 5462/5112/4074
f 8923/5003/4073 9744/4907/4075 5462/5112/4074
f 5462/5112/4074 9744/4907/4075 5463/5113/4076
f 9744/4907/4075 9167/4909/4077 5463/5113/4076
f 5463/5113/4076 9167/4909/4077 5464/5114/4078
f 9167/4909/4077 9016/4910/4079 5464/5114/4078
f 5464/5114/4078 9016/4910/4079 5465/5115/4080
f 9016/4910/4079 6192/4908/4081 5465/5115/4080
f 5465/5115/4080 6192/4908/4081 5466/5116/4082
f 6192/4908/4081 6129/5004/4083 5466/5116/4082
f 5467/5117/4084 9622/5005/4085 5468/5118/4086
f 9622/5005/4085 9152/4903/4087 5468/5118/4086
f 5468/5118/4086 9152/4903/4087 5469/5119/4088
f 9152/4903/4087 8701/4905/4089 5469/5119/4088
f 5469/5119/4088 8701/4905/4089 5470/5120/4090
f 8701/4905/4089 8410/4906/4091 5470/5120/4090
f 5470/5120/4090 8410/4906/4091 5471/5121/4092
f 8410/4906/4091 9581/4904/4093 5471/5121/4092
f 5471/5121/4092 9581/4904/4093 5472/5122/4094
f 9581/4904/4093 9104/5006/4095 5472/5122/4094
f 5473/5123/4096 6128/5007/4097 5474/5124/4098
f 6128/5007/4097 8019/4899/4099 5474/5124/4098
f 5474/5124/4098 8019/4899/4099 5475/5125/4100
f 8019/4899/4099 6193/4901/4101 5475/5125/4100
f 5475/5125/4100 6193/4901/4101 5476/5126/4102
f 6193/4901/4101 9802/4902/4103 5476/5126/4102
f 5476/5126/4102 9802/4902/4103 5477/5127/4104
f 9802/4902/4103 9482/4900/4105 5477/5127/4104
f 5477/5127/4104 9482/4900/4105 5478/5128/4106
f 9482/4900/4105 8462/5008/4107 5478/5128/4106
f 5479/5129/4108 8282/5009/4109 5480/5130/4110
f 8282/5009/4109 7845/4895/4111 5480/5130/4110
f 5480/5130/4110 7845/4895/4111 5481/5131/4112
f 7845/4895/4111 9783/4897/4113 5481/5131/4112
f 5481/5131/4112 9783/4897/4113 5482/5132/4114
f 9783/4897/4113 6194/4898/4115 5482/5132/4114
f 5482/5132/4114 6194/4898/4115 5483/5133/4116
f 6194/4898/4115 8738/4896/4117 5483/5133/4116
f 5483/5133/4116 8738/4896/4117 5484/5134/4118
f 8738/4896/4117 9233/5010/4119 5484/5134/4118
f 5485/5135/4120 8046/5011/4121 5486/5136/4122
f 8046/5011/4121 6195/4891/4123 5486/5136/4122
f 5486/5136/4122 6195/4891/4123 5487/5137/4124
f 6195/4891/4123 9695/4893/4125 5487/5137/4124
f 5487/5137/4124 9695/4893/4125 5488/5138/4126
f 9695/4893/4125 9081/4894/4127 5488/5138/4126
f 5488/5138/4126 9081/4894/4127 5489/5139/4128
f 9081/4894/4127 9881/4892/4129 5489/5139/4128
f 5489/5139/4128 9881/4892/4129 5490/5140/4130
f 9881/4892/4129 6127/5012/4131 5490/5140/4130
f 5491/5141/4132 6126/5013/4133 5492/5142/4134
f 6126/5013/4133 8251/4887/4135 5492/5142/4134
f 5492/5142/4134 8251/4887/4135 5493/5143/4136
f 8251/4887/4135 8268/4889/4137 5493/5143/4136
f 5493/5143/4136 8268/4889/4137 5494/5144/4138
f 8268/4889/4137 8916/4890/4139 5494/5144/4138
f 5494/5144/4138 8916/4890/4139 5495/5145/4140
f 8916/4890/4139 6196/4888/4141 5495/5145/4140
f 5495/5145/4140 6196/4888/4141 5496/5146/4142
f 6196/4888/4141 8891/5014/4143 5496/5146/4142
f 5497/5147/4144 6125/5015/4145 5498/5148/4146
f 6125/5015/4145 9241/4931/4147 5498/5148/4146
f 5498/5148/4146 9241/4931/4147 5499/5149/4148
f 9241/4931/4147 9683/4933/4149 5499/5149/4148
f 5499/5149/4148 9683/4933/4149 5500/5150/4150
f 9683/4933/4149 9610/4934/4151 5500/5150/4150
f 5500/5150/4150 9610/4934/4151 5501/5151/4152
f 9610/4934/4151 9235/4932/4153 5501/5151/4152
f 5501/5151/4152 9235/4932/4153 5502/5152/4154
f 9235/4932/4153 10041/5016/4155 5502/5152/4154
f 5503/5153/4156 6124/5017/4157 5504/5154/4158
f 6124/5017/4157 6181/4935/4159 5504/5154/4158
f 5504/5154/4158 6181/4935/4159 5505/5155/4160
f 6181/4935/4159 6180/4937/4161 5505/5155/4160
f 5505/5155/4160 6180/4937/4161 5506/5156/4162
f 6180/4937/4161 6179/4938/4163 5506/5156/4162
f 5506/5156/4162 6179/4938/4163 5507/5157/4164
f 6179/4938/4163 8834/4936/4165 5507/5157/4164
f 5507/5157/4164 8834/4936/4165 5508/5158/4166
f 8834/4936/4165 10238/5018/4167 5508/5158/4166
f 5509/5159/4168 6123/5019/4169 5510/5160/4170
f 6123/5019/4169 9743/4883/4171 5510/5160/4170
f 5510/5160/4170 9743/4883/4171 5511/5161/4172
f 9743/4883/4171 6198/4885/4173 5511/5161/4172
f 5511/5161/4172 6198/4885/4173 5512/5162/4174
f 6198/4885/4173 6197/4886/4175 5512/5162/4174
f 5512/5162/4174 6197/4886/4175 5513/5163/4176
f 6197/4886/4175 9918/4884/4177 5513/5163/4176
f 5513/5163/4176 9918/4884/4177 5514/5164/4178
f 9918/4884/4177 8172/5020/4179 5514/5164/4178
f 5515/5165/4180 6122/5021/4181 5516/5166/4182
f 6122/5021/4181 8685/4879/4183 5516/5166/4182
f 5516/5166/4182 8685/4879/4183 5517/5167/4184
f 8685/4879/4183 9951/4881/4185 5517/5167/4184
f 5517/5167/4184 9951/4881/4185 5518/5168/4186
f 9951/4881/4185 9001/4882/4187 5518/5168/4186
f 5518/5168/4186 9001/4882/4187 5519/5169/4188
f 9001/4882/4187 6199/4880/4189 5519/5169/4188
f 5519/5169/4188 6199/4880/4189 5520/5170/4190
f 6199/4880/4189 6121/5022/4191 5520/5170/4190
f 5521/5171/4192 6120/5023/4193 5522/5172/4194
f 6120/5023/4193 9962/4875/4195 5522/5172/4194
f 5522/5172/4194 9962/4875/4195 5523/5173/4196
f 9962/4875/4195 6201/4877/4197 5523/5173/4196
f 5523/5173/4196 6201/4877/4197 5524/5174/4198
f 6201/4877/4197 6200/4878/4199 5524/5174/4198
f 5524/5174/4198 6200/4878/4199 5525/5175/4200
f 6200/4878/4199 8676/4876/4201 5525/5175/4200
f 5525/5175/4200 8676/4876/4201 5526/5176/4202
f 8676/4876/4201 6119/5024/4203 5526/5176/4202
f 5527/5177/4204 6118/5025/4205 5528/5178/4206
f 6118/5025/4205 6203/4871/4207 5528/5178/4206
f 5528/5178/4206 6203/4871/4207 5385/5035/3920
f 6203/4871/4207 6202/4873/3921 5385/5035/3920
f 5529/5179/4208 9662/4950/4209 5530/5180/4210
f 9662/4950/4209 6172/4948/4211 5530/5180/4210
f 5530/5180/4210 6172/4948/4211 5531/5181/4212
f 6172/4948/4211 6175/4946/4213 5531/5181/4212
f 5531/5181/4212 6175/4946/4213 5532/5182/4214
f 6175/4946/4213 6178/4944/4215 5532/5182/4214
f 5532/5182/4214 6178/4944/4215 5533/5183/4216
f 6178/4944/4215 8448/4941/4217 5533/5183/4216
f 5533/5183/4216 8448/4941/4217 5534/5184/4218
f 8448/4941/4217 8395/4942/4219 5534/5184/4218
f 5534/5184/4218 8395/4942/4219 5535/5185/4220
f 8395/4942/4219 8590/4986/4221 5535/5185/4220
f 5535/5185/4220 8590/4986/4221 5536/5186/4222
f 8590/4986/4221 9363/4984/4223 5536/5186/4222
f 5536/5186/4222 9363/4984/4223 5537/5187/4224
f 9363/4984/4223 9949/4982/4225 5537/5187/4224
f 5537/5187/4224 9949/4982/4225 5538/5188/4226
f 9949/4982/4225 6140/4980/4227 5538/5188/4226
f 5538/5188/4226 6140/4980/4227 5539/5189/4228
f 6140/4980/4227 8309/4978/4229 5539/5189/4228
f 5539/5189/4228 8309/4978/4229 5540/5190/4230
f 8309/4978/4229 6143/4976/4231 5540/5190/4230
f 5540/5190/4230 6143/4976/4231 5541/5191/4232
f 6143/4976/4231 6146/4974/4233 5541/5191/4232
f 5541/5191/4232 6146/4974/4233 5542/5192/4234
f 6146/4974/4233 6740/4972/4235 5542/5192/4234
f 5542/5192/4234 6740/4972/4235 5543/5193/4236
f 6740/4972/4235 8791/4970/4237 5543/5193/4236
f 5543/5193/4236 8791/4970/4237 5544/5194/4238
f 8791/4970/4237 6153/4968/4239 5544/5194/4238
f 5544/5194/4238 6153/4968/4239 5545/5195/4240
f 6153/4968/4239 6154/4966/4241 5545/5195/4240
f 5545/5195/4240 6154/4966/4241 5546/5196/4242
f 6154/4966/4241 6159/4964/4243 5546/5196/4242
f 5546/5196/4242 6159/4964/4243 5547/5197/4244
f 6159/4964/4243 6162/4962/4245 5547/5197/4244
f 5547/5197/4244 6162/4962/4245 5548/5198/4246
f 6162/4962/4245 8809/4960/4247 5548/5198/4246
f 5548/5198/4246 8809/4960/4247 5549/5199/4248
f 8809/4960/4247 6163/4958/4249 5549/5199/4248
f 5549/5199/4248 6163/4958/4249 5550/5200/4250
f 6163/4958/4249 8113/4956/4251 5550/5200/4250
f 5550/5200/4250 8113/4956/4251 5551/5201/4252
f 8113/4956/4251 6166/4954/4253 5551/5201/4252
f 5551/5201/4252 6166/4954/4253 5552/5202/4254
f 6166/4954/4253 6167/4952/4255 5552/5202/4254
f 5552/5202/4254 6167/4952/4255 5529/5179/4208
f 6167/4952/4255 9662/4950/4209 5529/5179/4208
f 5396/5046/3942 6208/4864/3943 5397/5047/3944
f 6208/4864/3943 10287/4863/3945 5397/5047/3944
f 5412/5062/3974 6110/5033/3975 5553/5203/4256
f 6110/5033/3975 8604/4939/4256 5553/5203/4256
f 6108/5203/4257 8605/4939/4257 5413/5063/3976
f 8605/4939/4257 6137/4987/3977 5413/5063/3976
f 5418/5068/3986 9372/4988/3987 5554/5204/4258
f 9372/4988/3987 8246/4943/4258 5554/5204/4258
f 6107/5204/4259 8247/4943/4259 5419/5069/3988
f 8247/4943/4259 6136/4989/3989 5419/5069/3988
f 5424/5074/3998 9649/4990/3999 5555/5205/4260
f 9649/4990/3999 6176/4945/4260 5555/5205/4260
f 6106/5205/4261 6177/4945/4261 5425/5075/4000
f 6177/4945/4261 9986/4991/4001 5425/5075/4000
f 5430/5080/4010 8198/4992/4011 5556/5206/4262
f 8198/4992/4011 6173/4947/4262 5556/5206/4262
f 6105/5206/4263 6174/4947/4263 5431/5081/4012
f 6174/4947/4263 6135/4993/4013 5431/5081/4012
f 5436/5086/4022 6134/4994/4023 5557/5207/4264
f 6134/4994/4023 6170/4949/4265 5557/5207/4264
f 8579/5207/4266 6171/4949/4266 5437/5087/4024
f 6171/4949/4266 8637/4995/4025 5437/5087/4024
f 5442/5092/4034 6133/4996/4035 5558/5208/4267
f 6133/4996/4035 6168/4951/4267 5558/5208/4267
f 10285/5208/4268 6169/4951/4268 5443/5093/4036
f 6169/4951/4268 6132/4997/4037 5443/5093/4036
f 5448/5098/4046 8577/4998/4047 5559/5209/4269
f 8577/4998/4047 8137/4953/4269 5559/5209/4269
f 6104/5209/4270 8138/4953/4270 5449/5099/4048
f 8138/4953/4270 6131/4999/4049 5449/5099/4048
f 5454/5104/4058 6130/5000/4059 5560/5210/4271
f 6130/5000/4059 6164/4955/4271 5560/5210/4271
f 8111/5210/4272 6165/4955/4272 5455/5105/4060
f 6165/4955/4272 9747/5001/4061 5455/5105/4060
f 5460/5110/4070 10261/5002/4071 5561/5211/4273
f 10261/5002/4071 8593/4957/4273 5561/5211/4273
f 6103/5211/4274 8594/4957/4274 5461/5111/4072
f 8594/4957/4274 8923/5003/4073 5461/5111/4072
f 5466/5116/4082 6129/5004/4083 5562/5212/4275
f 6129/5004/4083 10244/4959/4275 5562/5212/4275
f 8789/5212/4276 10245/4959/4276 5467/5117/4084
f 10245/4959/4276 9622/5005/4085 5467/5117/4084
f 5472/5122/4094 9104/5006/4095 5563/5213/4277
f 9104/5006/4095 9084/4961/4277 5563/5213/4277
f 6102/5213/4278 9085/4961/4278 5473/5123/4096
f 9085/4961/4278 6128/5007/4097 5473/5123/4096
f 5478/5128/4106 8462/5008/4107 5564/5214/4279
f 8462/5008/4107 6160/4963/4279 5564/5214/4279
f 6101/5214/4280 6161/4963/4280 5479/5129/4108
f 6161/4963/4280 8282/5009/4109 5479/5129/4108
f 5484/5134/4118 9233/5010/4119 5565/5215/4281
f 9233/5010/4119 6157/4965/4281 5565/5215/4281
f 9841/5215/4282 6158/4965/4283 5485/5135/4120
f 6158/4965/4283 8046/5011/4121 5485/5135/4120
f 5490/5140/4130 6127/5012/4131 5566/5216/4284
f 6127/5012/4131 6155/4967/4284 5566/5216/4284
f 9075/5216/4285 6156/4967/4285 5491/5141/4132
f 6156/4967/4285 6126/5013/4133 5491/5141/4132
f 5496/5146/4142 8891/5014/4143 5567/5217/4286
f 8891/5014/4143 6151/4969/4286 5567/5217/4286
f 8746/5217/4287 6152/4969/4287 5497/5147/4144
f 6152/4969/4287 6125/5015/4145 5497/5147/4144
f 5502/5152/4154 10041/5016/4155 5568/5218/4288
f 10041/5016/4155 6149/4971/4288 5568/5218/4288
f 9058/5218/4289 6150/4971/4289 5503/5153/4156
f 6150/4971/4289 6124/5017/4157 5503/5153/4156
f 5508/5158/4166 10238/5018/4167 5569/5219/4290
f 10238/5018/4167 6147/4973/4290 5569/5219/4290
f 6614/5219/4291 6148/4973/4291 5509/5159/4168
f 6148/4973/4291 6123/5019/4169 5509/5159/4168
f 5514/5164/4178 8172/5020/4179 5570/5220/4292
f 8172/5020/4179 6144/4975/4292 5570/5220/4292
f 6100/5220/4293 6145/4975/4293 5515/5165/4180
f 6145/4975/4293 6122/5021/4181 5515/5165/4180
f 5520/5170/4190 6121/5022/4191 5571/5221/4294
f 6121/5022/4191 6141/4977/4294 5571/5221/4294
f 8937/5221/4295 6142/4977/4295 5521/5171/4192
f 6142/4977/4295 6120/5023/4193 5521/5171/4192
f 5526/5176/4202 6119/5024/4203 5572/5222/4296
f 6119/5024/4203 8872/4979/4296 5572/5222/4296
f 6099/5222/4297 8873/4979/4297 5527/5177/4204
f 8873/4979/4297 6118/5025/4205 5527/5177/4204
f 5388/5038/3926 6117/5026/3927 5573/5223/4298
f 6117/5026/3927 8118/4981/4298 5573/5223/4298
f 8295/5223/4299 8119/4981/4299 5389/5039/3928
f 8119/4981/4299 6116/5027/3929 5389/5039/3928
f 5394/5044/3938 8158/5028/3939 5574/5224/4300
f 8158/5028/3939 6138/4983/4300 5574/5224/4300
f 10279/5224/4301 6139/4983/4301 5395/5045/3940
f 6139/4983/4301 6115/5029/3941 5395/5045/3940
f 5400/5050/3950 6114/5030/3951 5575/5225/4302
f 6114/5030/3951 9660/4985/4302 5575/5225/4302
f 8288/5225/4303 9661/4985/4303 5401/5051/3952
f 9661/4985/4303 6113/5031/3953 5401/5051/3952
f 5406/5056/3962 6112/5032/3963 5576/5226/4304
f 6112/5032/3963 8368/4940/4304 5576/5226/4304
f 6098/5226/4305 8369/4940/4305 5407/5057/3964
f 8369/4940/4305 6109/5034/3965 5407/5057/3964
f 5577/5227/1029 5579/5228/1029 5578/5229/1029
f 5579/5228/1029 5580/5230/1029 5578/5229/1029
f 5581/5231/1029 5583/5232/1029 5582/5233/1029
f 5583/5232/1029 5584/5234/1029 5582/5233/1029
f 5585/5235/1029 5587/5236/1029 5586/5237/1029
f 5587/5236/1029 5588/5238/1029 5586/5237/1029
f 5589/5239/1029 5591/5240/1029 5590/5241/1029
f 5591/5240/1029 5592/5242/1029 5590/5241/1029
f 5593/5243/1029 5595/5244/1029 5594/5245/1029
f 5595/5244/1029 5596/5246/1029 5594/5245/1029
f 5597/5247/1029 5599/5248/1029 5598/5249/1029
f 5599/5248/1029 5600/5250/1029 5598/5249/1029
f 5595/5244/1029 5593/5243/1029 5601/5251/1029
f 5602/5252/1029 5604/5253/1029 5603/5254/1029
f 5604/5253/1029 5605/5255/1029 5603/5254/1029
f 5603/5254/1029 5605/5255/1029 5606/5256/1029
f 5605/5255/1029 5607/5257/1029 5606/5256/1029
f 5608/5258/1029 5607/5257/1029 5585/5235/1029
f 5607/5257/1029 5605/5255/1029 5585/5235/1029
f 5605/5255/1029 5604/5253/1029 5585/5235/1029
f 5604/5253/1029 5587/5236/1029 5585/5235/1029
f 5609/5259/1029 5610/5260/1029 5602/5252/1029
f 5610/5260/1029 5604/5253/1029 5602/5252/1029
f 5604/5253/1029 5610/5260/1029 5587/5236/1029
f 5610/5260/1029 5611/5261/1029 5587/5236/1029
f 5612/5262/1029 5588/5238/1029 5611/5261/1029
f 5588/5238/1029 5587/5236/1029 5611/5261/1029
f 5582/5233/1029 5602/5252/1029 5581/5231/1029
f 5602/5252/1029 5603/5254/1029 5581/5231/1029
f 5606/5256/1029 5578/5229/1029 5603/5254/1029
f 5578/5229/1029 5581/5231/1029 5603/5254/1029
f 5579/5228/1029 5577/5227/1029 5613/5263/1029
f 5577/5227/1029 5614/5264/1029 5613/5263/1029
f 5615/5265/1029 5613/5263/1029 5616/5266/1029
f 5613/5263/1029 5614/5264/1029 5616/5266/1029
f 5616/5266/1029 5598/5249/1029 5615/5265/1029
f 5598/5249/1029 5600/5250/1029 5615/5265/1029
f 5617/5267/1029 5618/5268/1029 5597/5247/1029
f 5618/5268/1029 5599/5248/1029 5597/5247/1029
f 5618/5268/1029 5617/5267/1029 5586/5237/1029
f 5585/5235/1029 5586/5237/1029 5608/5258/1029
f 5586/5237/1029 5617/5267/1029 5608/5258/1029
f 5596/5246/1029 5591/5240/1029 5594/5245/1029
f 5591/5240/1029 5589/5239/1029 5594/5245/1029
f 5619/5269/1029 5620/5270/1029 5612/5262/1029
f 5620/5270/1029 5588/5238/1029 5612/5262/1029
f 5620/5270/1029 5619/5269/1029 5590/5241/1029
f 5619/5269/1029 5589/5239/1029 5590/5241/1029
f 5621/5271/1029 5623/5272/1029 5622/5273/1029
f 5623/5272/1029 5624/5274/1029 5622/5273/1029
f 5602/5252/1029 5582/5233/1029 5609/5259/1029
f 5582/5233/1029 5623/5272/1029 5609/5259/1029
f 5582/5233/1029 5584/5234/1029 5623/5272/1029
f 5584/5234/1029 5624/5274/1029 5623/5272/1029
f 5593/5243/1029 5621/5271/1029 5601/5251/1029
f 5621/5271/1029 5622/5273/1029 5601/5251/1029
f 5578/5229/1029 5580/5230/1029 5581/5231/1029
f 5580/5230/1029 5583/5232/1029 5581/5231/1029
f 5625/5275/1029 5627/5276/1029 5626/5277/1029
f 5627/5276/1029 5628/5278/1029 5626/5277/1029
f 5629/5279/1029 5631/5280/1029 5630/5281/1029
f 5631/5280/1029 5632/5282/1029 5630/5281/1029
f 5633/5283/1029 5635/5284/1029 5634/5285/1029
f 5635/5284/1029 5636/5286/1029 5634/5285/1029
f 5637/5287/1029 5639/5288/1029 5638/5289/1029
f 5639/5288/1029 5640/5290/1029 5638/5289/1029
f 5641/5291/1029 5643/5292/1029 5642/5293/1029
f 5643/5292/1029 5644/5294/1029 5642/5293/1029
f 5645/5295/1029 5647/5296/1029 5646/5297/1029
f 5647/5296/1029 5648/5298/1029 5646/5297/1029
f 5643/5292/1029 5641/5291/1029 5649/5299/1029
f 5650/5300/1029 5652/5301/1029 5651/5302/1029
f 5652/5301/1029 5653/5303/1029 5651/5302/1029
f 5651/5302/1029 5653/5303/1029 5654/5304/1029
f 5653/5303/1029 5655/5305/1029 5654/5304/1029
f 5656/5306/1029 5655/5305/1029 5633/5283/1029
f 5655/5305/1029 5653/5303/1029 5633/5283/1029
f 5653/5303/1029 5652/5301/1029 5633/5283/1029
f 5652/5301/1029 5635/5284/1029 5633/5283/1029
f 5657/5307/1029 5658/5308/1029 5650/5300/1029
f 5658/5308/1029 5652/5301/1029 5650/5300/1029
f 5652/5301/1029 5658/5308/1029 5635/5284/1029
f 5658/5308/1029 5659/5309/1029 5635/5284/1029
f 5660/5310/1029 5636/5286/1029 5659/5309/1029
f 5636/5286/1029 5635/5284/1029 5659/5309/1029
f 5630/5281/1029 5650/5300/1029 5629/5279/1029
f 5650/5300/1029 5651/5302/1029 5629/5279/1029
f 5654/5304/1029 5626/5277/1029 5651/5302/1029
f 5626/5277/1029 5629/5279/1029 5651/5302/1029
f 5627/5276/1029 5625/5275/1029 5661/5311/1029
f 5625/5275/1029 5662/5312/1029 5661/5311/1029
f 5663/5313/1029 5661/5311/1029 5664/5314/1029
f 5661/5311/1029 5662/5312/1029 5664/5314/1029
f 5664/5314/1029 5646/5297/1029 5663/5313/1029
f 5646/5297/1029 5648/5298/1029 5663/5313/1029
f 5665/5315/1029 5666/5316/1029 5645/5295/1029
f 5666/5316/1029 5647/5296/1029 5645/5295/1029
f 5666/5316/1029 5665/5315/1029 5634/5285/1029
f 5633/5283/1029 5634/5285/1029 5656/5306/1029
f 5634/5285/1029 5665/5315/1029 5656/5306/1029
f 5644/5294/1029 5639/5288/1029 5642/5293/1029
f 5639/5288/1029 5637/5287/1029 5642/5293/1029
f 5667/5317/1029 5668/5318/1029 5660/5310/1029
f 5668/5318/1029 5636/5286/1029 5660/5310/1029
f 5668/5318/1029 5667/5317/1029 5638/5289/1029
f 5667/5317/1029 5637/5287/1029 5638/5289/1029
f 5669/5319/1029 5671/5320/1029 5670/5321/1029
f 5671/5320/1029 5672/5322/1029 5670/5321/1029
f 5650/5300/1029 5630/5281/1029 5657/5307/1029
f 5630/5281/1029 5671/5320/1029 5657/5307/1029
f 5630/5281/1029 5632/5282/1029 5671/5320/1029
f 5632/5282/1029 5672/5322/1029 5671/5320/1029
f 5641/5291/1029 5669/5319/1029 5649/5299/1029
f 5669/5319/1029 5670/5321/1029 5649/5299/1029
f 5626/5277/1029 5628/5278/1029 5629/5279/1029
f 5628/5278/1029 5631/5280/1029 5629/5279/1029
f 5673/5323/1029 5601/5251/1029 5674/5324/1029
f 5601/5251/1029 5675/5325/1029 5674/5324/1029
f 5676/5326/1029 5678/5327/1029 5677/5328/1029
f 5678/5327/1029 5679/5329/1029 5677/5328/1029
f 5680/5330/1029 5682/5331/1029 5681/5332/1029
f 5682/5331/1029 5683/5333/1029 5681/5332/1029
f 5684/5334/1029 5648/5298/1029 5685/5335/1029
f 5648/5298/1029 5647/5296/1029 5685/5335/1029
f 5686/5336/1029 5661/5311/1029 5687/5337/1029
f 5661/5311/1029 5663/5313/1029 5687/5337/1029
f 5688/5338/1029 5592/5242/1029 5689/5339/1029
f 5592/5242/1029 5591/5240/1029 5689/5339/1029
f 5661/5311/1029 5686/5336/1029 5627/5276/1029
f 5690/5340/1029 5692/5341/1029 5691/5342/1029
f 5692/5341/1029 5693/5343/1029 5691/5342/1029
f 5691/5342/1029 5693/5343/1029 5694/5344/1029
f 5693/5343/1029 5695/5345/1029 5694/5344/1029
f 5696/5346/1029 5695/5345/1029 5680/5330/1029
f 5695/5345/1029 5693/5343/1029 5680/5330/1029
f 5693/5343/1029 5692/5341/1029 5680/5330/1029
f 5692/5341/1029 5682/5331/1029 5680/5330/1029
f 5697/5347/1029 5698/5348/1029 5690/5340/1029
f 5698/5348/1029 5692/5341/1029 5690/5340/1029
f 5692/5341/1029 5698/5348/1029 5682/5331/1029
f 5698/5348/1029 5699/5349/1029 5682/5331/1029
f 5700/5350/1029 5683/5333/1029 5699/5349/1029
f 5683/5333/1029 5682/5331/1029 5699/5349/1029
f 5677/5328/1029 5690/5340/1029 5676/5326/1029
f 5690/5340/1029 5691/5342/1029 5676/5326/1029
f 5694/5344/1029 5674/5324/1029 5691/5342/1029
f 5674/5324/1029 5676/5326/1029 5691/5342/1029
f 5601/5251/1029 5673/5323/1029 5595/5244/1029
f 5673/5323/1029 5701/5351/1029 5595/5244/1029
f 5596/5246/1029 5595/5244/1029 5702/5352/1029
f 5595/5244/1029 5701/5351/1029 5702/5352/1029
f 5702/5352/1029 5689/5339/1029 5596/5246/1029
f 5689/5339/1029 5591/5240/1029 5596/5246/1029
f 5703/5353/1029 5704/5354/1029 5688/5338/1029
f 5704/5354/1029 5592/5242/1029 5688/5338/1029
f 5704/5354/1029 5703/5353/1029 5681/5332/1029
f 5680/5330/1029 5681/5332/1029 5696/5346/1029
f 5681/5332/1029 5703/5353/1029 5696/5346/1029
f 5663/5313/1029 5648/5298/1029 5687/5337/1029
f 5648/5298/1029 5684/5334/1029 5687/5337/1029
f 5705/5355/1029 5706/5356/1029 5700/5350/1029
f 5706/5356/1029 5683/5333/1029 5700/5350/1029
f 5706/5356/1029 5705/5355/1029 5685/5335/1029
f 5705/5355/1029 5684/5334/1029 5685/5335/1029
f 5707/5357/1029 5709/5358/1029 5708/5359/1029
f 5709/5358/1029 5710/5360/1029 5708/5359/1029
f 5690/5340/1029 5677/5328/1029 5697/5347/1029
f 5677/5328/1029 5709/5358/1029 5697/5347/1029
f 5677/5328/1029 5679/5329/1029 5709/5358/1029
f 5679/5329/1029 5710/5360/1029 5709/5358/1029
f 5686/5336/1029 5707/5357/1029 5627/5276/1029
f 5707/5357/1029 5708/5359/1029 5627/5276/1029
f 5674/5324/1029 5675/5325/1029 5676/5326/1029
f 5675/5325/1029 5678/5327/1029 5676/5326/1029
f 5711/5361/1029 5649/5299/1029 5712/5362/1029
f 5649/5299/1029 5713/5363/1029 5712/5362/1029
f 5714/5364/1029 5716/5365/1029 5715/5366/1029
f 5716/5365/1029 5717/5367/1029 5715/5366/1029
f 5718/5368/1029 5720/5369/1029 5719/5370/1029
f 5720/5369/1029 5721/5371/1029 5719/5370/1029
f 5722/5372/1029 5600/5250/1029 5723/5373/1029
f 5600/5250/1029 5599/5248/1029 5723/5373/1029
f 5724/5374/1029 5613/5263/1029 5725/5375/1029
f 5613/5263/1029 5615/5265/1029 5725/5375/1029
f 5726/5376/1029 5640/5290/1029 5727/5377/1029
f 5640/5290/1029 5639/5288/1029 5727/5377/1029
f 5613/5263/1029 5724/5374/1029 5579/5228/1029
f 5728/5378/1029 5730/5379/1029 5729/5380/1029
f 5730/5379/1029 5731/5381/1029 5729/5380/1029
f 5729/5380/1029 5731/5381/1029 5732/5382/1029
f 5731/5381/1029 5733/5383/1029 5732/5382/1029
f 5734/5384/1029 5733/5383/1029 5718/5368/1029
f 5733/5383/1029 5731/5381/1029 5718/5368/1029
f 5731/5381/1029 5730/5379/1029 5718/5368/1029
f 5730/5379/1029 5720/5369/1029 5718/5368/1029
f 5735/5385/1029 5736/5386/1029 5728/5378/1029
f 5736/5386/1029 5730/5379/1029 5728/5378/1029
f 5730/5379/1029 5736/5386/1029 5720/5369/1029
f 5736/5386/1029 5737/5387/1029 5720/5369/1029
f 5738/5388/1029 5721/5371/1029 5737/5387/1029
f 5721/5371/1029 5720/5369/1029 5737/5387/1029
f 5715/5366/1029 5728/5378/1029 5714/5364/1029
f 5728/5378/1029 5729/5380/1029 5714/5364/1029
f 5732/5382/1029 5712/5362/1029 5729/5380/1029
f 5712/5362/1029 5714/5364/1029 5729/5380/1029
f 5649/5299/1029 5711/5361/1029 5643/5292/1029
f 5711/5361/1029 5739/5389/1029 5643/5292/1029
f 5644/5294/1029 5643/5292/1029 5740/5390/1029
f 5643/5292/1029 5739/5389/1029 5740/5390/1029
f 5740/5390/1029 5727/5377/1029 5644/5294/1029
f 5727/5377/1029 5639/5288/1029 5644/5294/1029
f 5741/5391/1029 5742/5392/1029 5726/5376/1029
f 5742/5392/1029 5640/5290/1029 5726/5376/1029
f 5742/5392/1029 5741/5391/1029 5719/5370/1029
f 5718/5368/1029 5719/5370/1029 5734/5384/1029
f 5719/5370/1029 5741/5391/1029 5734/5384/1029
f 5615/5265/1029 5600/5250/1029 5725/5375/1029
f 5600/5250/1029 5722/5372/1029 5725/5375/1029
f 5743/5393/1029 5744/5394/1029 5738/5388/1029
f 5744/5394/1029 5721/5371/1029 5738/5388/1029
f 5744/5394/1029 5743/5393/1029 5723/5373/1029
f 5743/5393/1029 5722/5372/1029 5723/5373/1029
f 5745/5395/1029 5747/5396/1029 5746/5397/1029
f 5747/5396/1029 5748/5398/1029 5746/5397/1029
f 5728/5378/1029 5715/5366/1029 5735/5385/1029
f 5715/5366/1029 5747/5396/1029 5735/5385/1029
f 5715/5366/1029 5717/5367/1029 5747/5396/1029
f 5717/5367/1029 5748/5398/1029 5747/5396/1029
f 5724/5374/1029 5745/5395/1029 5579/5228/1029
f 5745/5395/1029 5746/5397/1029 5579/5228/1029
f 5712/5362/1029 5713/5363/1029 5714/5364/1029
f 5713/5363/1029 5716/5365/1029 5714/5364/1029
f 5749/5399/1029 5748/5398/1029 5750/5400/1029
f 5748/5398/1029 5717/5367/1029 5750/5400/1029
f 5750/5400/1029 5717/5367/1029 5751/5401/1029
f 5717/5367/1029 5716/5365/1029 5751/5401/1029
f 5752/5402/1029 5751/5401/1029 5713/5363/1029
f 5751/5401/1029 5716/5365/1029 5713/5363/1029
f 5649/5299/1029 5753/5403/1029 5713/5363/1029
f 5753/5403/1029 5752/5402/1029 5713/5363/1029
f 5754/5404/1029 5753/5403/1029 5670/5321/1029
f 5753/5403/1029 5649/5299/1029 5670/5321/1029
f 5754/5404/1029 5670/5321/1029 5755/5405/1029
f 5670/5321/1029 5672/5322/1029 5755/5405/1029
f 5755/5405/1029 5672/5322/1029 5756/5406/1029
f 5672/5322/1029 5632/5282/1029 5756/5406/1029
f 5756/5406/1029 5632/5282/1029 5757/5407/1029
f 5632/5282/1029 5631/5280/1029 5757/5407/1029
f 5758/5408/1029 5757/5407/1029 5628/5278/1029
f 5757/5407/1029 5631/5280/1029 5628/5278/1029
f 5627/5276/1029 5759/5409/1029 5628/5278/1029
f 5759/5409/1029 5758/5408/1029 5628/5278/1029
f 5760/5410/1029 5759/5409/1029 5708/5359/1029
f 5759/5409/1029 5627/5276/1029 5708/5359/1029
f 5760/5410/1029 5708/5359/1029 5761/5411/1029
f 5708/5359/1029 5710/5360/1029 5761/5411/1029
f 5761/5411/1029 5710/5360/1029 5762/5412/1029
f 5710/5360/1029 5679/5329/1029 5762/5412/1029
f 5762/5412/1029 5679/5329/1029 5763/5413/1029
f 5679/5329/1029 5678/5327/1029 5763/5413/1029
f 5764/5414/1029 5763/5413/1029 5675/5325/1029
f 5763/5413/1029 5678/5327/1029 5675/5325/1029
f 5601/5251/1029 5765/5415/1029 5675/5325/1029
f 5765/5415/1029 5764/5414/1029 5675/5325/1029
f 5766/5416/1029 5765/5415/1029 5622/5273/1029
f 5765/5415/1029 5601/5251/1029 5622/5273/1029
f 5766/5416/1029 5622/5273/1029 5767/5417/1029
f 5622/5273/1029 5624/5274/1029 5767/5417/1029
f 5767/5417/1029 5624/5274/1029 5768/5418/1029
f 5624/5274/1029 5584/5234/1029 5768/5418/1029
f 5768/5418/1029 5584/5234/1029 5769/5419/1029
f 5584/5234/1029 5583/5232/1029 5769/5419/1029
f 5770/5420/1029 5769/5419/1029 5580/5230/1029
f 5769/5419/1029 5583/5232/1029 5580/5230/1029
f 5579/5228/1029 5771/5421/1029 5580/5230/1029
f 5771/5421/1029 5770/5420/1029 5580/5230/1029
f 5772/5422/1029 5771/5421/1029 5746/5397/1029
f 5771/5421/1029 5579/5228/1029 5746/5397/1029
f 5772/5422/1029 5746/5397/1029 5749/5399/1029
f 5746/5397/1029 5748/5398/1029 5749/5399/1029
f 5773/5423/4306 5774/5424/4307 6097/5229/4308
f 5774/5424/4307 9777/5227/4309 6097/5229/4308
f 5775/5425/4222 5776/5426/4224 8116/5238/4310
f 5776/5426/4224 6096/5237/4311 8116/5238/4310
f 5777/5427/4216 5778/5428/4218 9643/5242/4217
f 5778/5428/4218 9099/5241/4219 9643/5242/4217
f 5779/5429/4312 5780/5430/4313 10148/5245/4314
f 5780/5430/4313 6094/5243/4315 10148/5245/4314
f 5781/5431/4316 5782/5432/4317 9639/5249/4318
f 5782/5432/4317 6093/5247/4319 9639/5249/4318
f 5783/5433/4320 5784/5434/4321 6092/5257/4322
f 5784/5434/4321 9987/5256/4323 6092/5257/4322
f 5785/5435/4324 5783/5433/4320 9321/5258/4325
f 5783/5433/4320 6092/5257/4322 9321/5258/4325
f 5786/5436/4326 5787/5437/4327 8428/5259/4328
f 5787/5437/4327 6091/5260/4329 8428/5259/4328
f 5787/5437/4327 5788/5438/4330 6091/5260/4329
f 5788/5438/4330 8517/5261/4331 6091/5260/4329
f 5788/5438/4330 5789/5439/4332 8517/5261/4331
f 5789/5439/4332 6090/5262/4333 8517/5261/4331
f 5784/5434/4321 5773/5423/4306 9987/5256/4323
f 5773/5423/4306 6097/5229/4308 9987/5256/4323
f 5774/5424/4307 5790/5440/4334 9777/5227/4309
f 5790/5440/4334 6089/5264/4335 9777/5227/4309
f 5790/5440/4334 5791/5441/4336 6089/5264/4335
f 5791/5441/4336 9539/5266/4337 6089/5264/4335
f 5791/5441/4336 5781/5431/4316 9539/5266/4337
f 5781/5431/4316 9639/5249/4318 9539/5266/4337
f 5792/5442/4338 5793/5443/4228 9076/5268/4339
f 5793/5443/4228 9688/5248/4229 9076/5268/4339
f 5782/5432/4317 5794/5444/4340 6093/5247/4319
f 5794/5444/4340 6088/5267/4341 6093/5247/4319
f 5776/5426/4224 5792/5442/4338 6096/5237/4311
f 5792/5442/4338 9076/5268/4339 6096/5237/4311
f 5794/5444/4340 5785/5435/4324 6088/5267/4341
f 5785/5435/4324 9321/5258/4325 6088/5267/4341
f 5795/5445/4342 5779/5429/4312 6095/5239/4343
f 5779/5429/4312 10148/5245/4314 6095/5239/4343
f 5796/5446/4344 5775/5425/4222 8694/5270/4221
f 5775/5425/4222 8116/5238/4310 8694/5270/4221
f 5789/5439/4332 5797/5447/4345 6090/5262/4333
f 5797/5447/4345 6087/5269/4346 6090/5262/4333
f 5797/5447/4345 5795/5445/4342 6087/5269/4346
f 5795/5445/4342 6095/5239/4343 6087/5269/4346
f 5778/5428/4218 5796/5446/4344 9099/5241/4219
f 5796/5446/4344 8694/5270/4221 9099/5241/4219
f 5798/5448/4347 5799/5449/4348 7127/5271/4349
f 5799/5449/4348 9878/5272/4350 7127/5271/4349
f 5799/5449/4348 5786/5436/4326 9878/5272/4350
f 5786/5436/4326 8428/5259/4328 9878/5272/4350
f 5780/5430/4313 5798/5448/4347 6094/5243/4315
f 5798/5448/4347 7127/5271/4349 6094/5243/4315
f 5800/5450/4317 5801/5451/4351 6085/5277/4319
f 5801/5451/4351 6086/5275/4352 6085/5277/4319
f 5802/5452/4246 5803/5453/4248 9259/5286/4353
f 5803/5453/4248 6084/5285/4354 9259/5286/4353
f 5804/5454/4240 5805/5455/4242 10180/5290/4241
f 5805/5455/4242 8225/5289/4243 10180/5290/4241
f 5806/5456/4327 5807/5457/4355 6081/5293/4329
f 5807/5457/4355 6082/5291/4331 6081/5293/4329
f 5808/5458/4356 5809/5459/4357 6079/5297/4358
f 5809/5459/4357 6080/5295/4308 6079/5297/4358
f 5810/5460/4336 5811/5461/4316 6076/5305/4337
f 5811/5461/4316 6077/5304/4359 6076/5305/4337
f 5812/5462/4360 5810/5460/4336 6075/5306/4335
f 5810/5460/4336 6076/5305/4337 6075/5306/4335
f 5813/5463/4342 5814/5464/4312 8079/5307/4343
f 5814/5464/4312 10006/5308/4361 8079/5307/4343
f 5814/5464/4312 5815/5465/4362 10006/5308/4361
f 5815/5465/4362 9055/5309/4363 10006/5308/4361
f 5815/5465/4362 5816/5466/4364 9055/5309/4363
f 5816/5466/4364 8285/5310/4349 9055/5309/4363
f 5811/5461/4316 5800/5450/4317 6077/5304/4359
f 5800/5450/4317 6085/5277/4319 6077/5304/4359
f 5801/5451/4351 5817/5467/4365 6086/5275/4352
f 5817/5467/4365 6074/5312/4325 6086/5275/4352
f 5817/5467/4365 5818/5468/4320 6074/5312/4325
f 5818/5468/4320 8924/5314/4322 6074/5312/4325
f 5818/5468/4320 5808/5458/4356 8924/5314/4322
f 5808/5458/4356 6079/5297/4358 8924/5314/4322
f 5819/5469/4366 5820/5470/4252 6072/5316/4367
f 5820/5470/4252 6078/5296/4253 6072/5316/4367
f 5809/5459/4357 5821/5471/4368 6080/5295/4308
f 5821/5471/4368 6073/5315/4309 6080/5295/4308
f 5803/5453/4248 5819/5469/4366 6084/5285/4354
f 5819/5469/4366 6072/5316/4367 6084/5285/4354
f 5821/5471/4368 5812/5462/4360 6073/5315/4309
f 5812/5462/4360 6075/5306/4335 6073/5315/4309
f 5822/5472/4326 5806/5456/4327 6083/5287/4369
f 5806/5456/4327 6081/5293/4329 6083/5287/4369
f 5823/5473/4370 5802/5452/4246 6069/5318/4245
f 5802/5452/4246 9259/5286/4353 6069/5318/4245
f 5816/5466/4364 5824/5474/4348 8285/5310/4349
f 5824/5474/4348 6071/5317/4350 8285/5310/4349
f 5824/5474/4348 5822/5472/4326 6071/5317/4350
f 5822/5472/4326 6083/5287/4369 6071/5317/4350
f 5805/5455/4242 5823/5473/4370 8225/5289/4243
f 5823/5473/4370 6069/5318/4245 8225/5289/4243
f 5825/5475/4371 5826/5476/4345 6070/5319/4372
f 5826/5476/4345 6068/5320/4346 6070/5319/4372
f 5826/5476/4345 5813/5463/4342 6068/5320/4346
f 5813/5463/4342 8079/5307/4343 6068/5320/4346
f 5807/5457/4355 5825/5475/4371 6082/5291/4331
f 5825/5475/4371 6070/5319/4372 6082/5291/4331
f 5827/5477/4373 5828/5478/4374 9863/5324/4375
f 5828/5478/4374 9648/5323/4376 9863/5324/4375
f 5829/5479/4210 5830/5480/4212 6066/5333/4377
f 5830/5480/4212 6067/5332/4378 6066/5333/4377
f 5820/5470/4252 5831/5481/4254 6078/5296/4253
f 5831/5481/4254 6065/5335/4255 6078/5296/4253
f 5832/5482/4379 5833/5483/4380 6062/5337/4381
f 5833/5483/4380 6064/5336/4382 6062/5337/4381
f 5834/5484/4383 5835/5485/4384 8317/5339/4385
f 5835/5485/4384 9939/5338/4386 8317/5339/4385
f 5836/5486/4387 5837/5487/4388 6061/5345/4389
f 5837/5487/4388 9035/5344/4390 6061/5345/4389
f 5838/5488/4391 5836/5486/4387 8223/5346/4392
f 5836/5486/4387 6061/5345/4389 8223/5346/4392
f 5839/5489/4393 5840/5490/4394 6063/5347/4395
f 5840/5490/4394 6060/5348/4396 6063/5347/4395
f 5840/5490/4394 5841/5491/4397 6060/5348/4396
f 5841/5491/4397 9754/5349/4398 6060/5348/4396
f 5841/5491/4397 5842/5492/4399 9754/5349/4398
f 5842/5492/4399 6059/5350/4400 9754/5349/4398
f 5837/5487/4388 5827/5477/4373 9035/5344/4390
f 5827/5477/4373 9863/5324/4375 9035/5344/4390
f 5828/5478/4374 5843/5493/4401 9648/5323/4376
f 5843/5493/4401 8648/5351/4402 9648/5323/4376
f 5843/5493/4401 5844/5494/4403 8648/5351/4402
f 5844/5494/4403 8195/5352/4404 8648/5351/4402
f 5844/5494/4403 5834/5484/4383 8195/5352/4404
f 5834/5484/4383 8317/5339/4385 8195/5352/4404
f 5845/5495/4405 5777/5427/4216 6058/5354/4406
f 5777/5427/4216 9643/5242/4217 6058/5354/4406
f 5835/5485/4384 5846/5496/4407 9939/5338/4386
f 5846/5496/4407 6595/5353/4408 9939/5338/4386
f 5830/5480/4212 5845/5495/4405 6067/5332/4378
f 5845/5495/4405 6058/5354/4406 6067/5332/4378
f 5846/5496/4407 5838/5488/4391 6595/5353/4408
f 5838/5488/4391 8223/5346/4392 6595/5353/4408
f 5847/5497/4409 5832/5482/4379 9755/5334/4410
f 5832/5482/4379 6062/5337/4381 9755/5334/4410
f 5848/5498/4411 5829/5479/4210 6056/5356/4209
f 5829/5479/4210 6066/5333/4377 6056/5356/4209
f 5842/5492/4399 5849/5499/4412 6059/5350/4400
f 5849/5499/4412 6057/5355/4413 6059/5350/4400
f 5849/5499/4412 5847/5497/4409 6057/5355/4413
f 5847/5497/4409 9755/5334/4410 6057/5355/4413
f 5831/5481/4254 5848/5498/4411 6065/5335/4255
f 5848/5498/4411 6056/5356/4209 6065/5335/4255
f 5850/5500/4414 5851/5501/4415 9046/5357/4416
f 5851/5501/4415 6055/5358/4417 9046/5357/4416
f 5851/5501/4415 5839/5489/4393 6055/5358/4417
f 5839/5489/4393 6063/5347/4395 6055/5358/4417
f 5833/5483/4380 5850/5500/4414 6064/5336/4382
f 5850/5500/4414 9046/5357/4416 6064/5336/4382
f 5852/5502/4384 5853/5503/4407 8110/5362/4386
f 5853/5503/4407 6054/5361/4418 8110/5362/4386
f 5854/5504/4234 5855/5505/4236 8559/5371/4419
f 5855/5505/4236 9687/5370/4420 8559/5371/4419
f 5793/5443/4228 5856/5506/4230 9688/5248/4229
f 5856/5506/4230 6052/5373/4231 9688/5248/4229
f 5857/5507/4421 5858/5508/4422 6050/5375/4396
f 5858/5508/4422 6051/5374/4423 6050/5375/4396
f 5859/5509/4424 5860/5510/4425 6049/5377/4426
f 5860/5510/4425 9700/5376/4375 6049/5377/4426
f 5861/5511/4427 5862/5512/4383 10151/5383/4428
f 5862/5512/4383 8275/5382/4429 10151/5383/4428
f 5863/5513/4430 5861/5511/4427 9135/5384/4431
f 5861/5511/4427 10151/5383/4428 9135/5384/4431
f 5864/5514/4409 5865/5515/4432 6048/5385/4433
f 5865/5515/4432 8841/5386/4434 6048/5385/4433
f 5865/5515/4432 5866/5516/4435 8841/5386/4434
f 5866/5516/4435 9681/5387/4436 8841/5386/4434
f 5866/5516/4435 5867/5517/4414 9681/5387/4436
f 5867/5517/4414 8097/5388/4416 9681/5387/4436
f 5862/5512/4383 5852/5502/4384 8275/5382/4429
f 5852/5502/4384 8110/5362/4386 8275/5382/4429
f 5853/5503/4407 5868/5518/4437 6054/5361/4418
f 5868/5518/4437 6047/5389/4392 6054/5361/4418
f 5868/5518/4437 5869/5519/4387 6047/5389/4392
f 5869/5519/4387 8144/5390/4389 6047/5389/4392
f 5869/5519/4387 5859/5509/4424 8144/5390/4389
f 5859/5509/4424 6049/5377/4426 8144/5390/4389
f 5870/5520/4438 5804/5454/4240 6046/5392/4439
f 5804/5454/4240 10180/5290/4241 6046/5392/4439
f 5860/5510/4425 5871/5521/4374 9700/5376/4375
f 5871/5521/4374 9210/5391/4440 9700/5376/4375
f 5855/5505/4236 5870/5520/4438 9687/5370/4420
f 5870/5520/4438 6046/5392/4439 9687/5370/4420
f 5871/5521/4374 5863/5513/4430 9210/5391/4440
f 5863/5513/4430 9135/5384/4431 9210/5391/4440
f 5872/5522/4441 5857/5507/4421 6053/5372/4442
f 5857/5507/4421 6050/5375/4396 6053/5372/4442
f 5873/5523/4443 5854/5504/4234 6045/5394/4233
f 5854/5504/4234 8559/5371/4419 6045/5394/4233
f 5867/5517/4414 5874/5524/4415 8097/5388/4416
f 5874/5524/4415 8487/5393/4417 8097/5388/4416
f 5874/5524/4415 5872/5522/4441 8487/5393/4417
f 5872/5522/4441 6053/5372/4442 8487/5393/4417
f 5856/5506/4230 5873/5523/4443 6052/5373/4231
f 5873/5523/4443 6045/5394/4233 6052/5373/4231
f 5875/5525/4444 5876/5526/4445 9728/5395/4446
f 5876/5526/4445 9334/5396/4447 9728/5395/4446
f 5876/5526/4445 5864/5514/4409 9334/5396/4447
f 5864/5514/4409 6048/5385/4433 9334/5396/4447
f 5858/5508/4422 5875/5525/4444 6051/5374/4423
f 5875/5525/4444 9728/5395/4446 6051/5374/4423
f 5877/5527/4377 5878/5528/4209 6044/5400/4210
f 5878/5528/4209 8352/5399/4208 6044/5400/4210
f 5879/5529/4213 5877/5527/4377 8629/5401/4212
f 5877/5527/4377 6044/5400/4210 8629/5401/4212
f 5880/5530/4406 5879/5529/4213 9652/5402/4405
f 5879/5529/4213 8629/5401/4212 9652/5402/4405
f 5881/5531/4217 5880/5530/4406 6766/5403/4448
f 5880/5530/4406 9652/5402/4405 6766/5403/4448
f 5882/5532/4219 5881/5531/4217 6043/5404/4449
f 5881/5531/4217 6766/5403/4448 6043/5404/4449
f 5883/5533/4221 5882/5532/4219 8603/5405/4344
f 5882/5532/4219 6043/5404/4449 8603/5405/4344
f 5884/5534/4310 5883/5533/4221 6042/5406/4222
f 5883/5533/4221 8603/5405/4344 6042/5406/4222
f 5885/5535/4225 5884/5534/4310 6041/5407/4224
f 5884/5534/4310 6042/5406/4222 6041/5407/4224
f 5886/5536/4339 5885/5535/4225 6040/5408/4338
f 5885/5535/4225 6041/5407/4224 6040/5408/4338
f 5887/5537/4229 5886/5536/4339 9625/5409/4450
f 5886/5536/4339 6040/5408/4338 9625/5409/4450
f 5888/5538/4231 5887/5537/4229 6039/5410/4230
f 5887/5537/4229 9625/5409/4450 6039/5410/4230
f 5889/5539/4233 5888/5538/4231 6038/5411/4443
f 5888/5538/4231 6039/5410/4230 6038/5411/4443
f 5890/5540/4419 5889/5539/4233 6037/5412/4451
f 5889/5539/4233 6038/5411/4443 6037/5412/4451
f 5891/5541/4237 5890/5540/4419 8857/5413/4236
f 5890/5540/4419 6037/5412/4451 8857/5413/4236
f 5892/5542/4439 5891/5541/4237 6036/5414/4438
f 5891/5541/4237 8857/5413/4236 6036/5414/4438
f 5893/5543/4241 5892/5542/4439 6035/5415/4452
f 5892/5542/4439 6036/5414/4438 6035/5415/4452
f 5894/5544/4243 5893/5543/4241 6034/5416/4453
f 5893/5543/4241 6035/5415/4452 6034/5416/4453
f 5895/5545/4245 5894/5544/4243 6033/5417/4370
f 5894/5544/4243 6034/5416/4453 6033/5417/4370
f 5896/5546/4353 5895/5545/4245 9179/5418/4454
f 5895/5545/4245 6033/5417/4370 9179/5418/4454
f 5897/5547/4249 5896/5546/4353 9333/5419/4248
f 5896/5546/4353 9179/5418/4454 9333/5419/4248
f 5898/5548/4367 5897/5547/4249 7657/5420/4366
f 5897/5547/4249 9333/5419/4248 7657/5420/4366
f 5899/5549/4253 5898/5548/4367 6111/5421/4455
f 5898/5548/4367 7657/5420/4366 6111/5421/4455
f 5900/5550/4255 5899/5549/4253 9898/5422/4456
f 5899/5549/4253 6111/5421/4455 9898/5422/4456
f 5878/5528/4209 5900/5550/4255 8352/5399/4208
f 5900/5550/4255 9898/5422/4456 8352/5399/4208
f 5901/1619/4457 5903/1618/2122 5902/1617/4458
f 5903/1618/2122 5904/1616/4459 5902/1617/4458
f 5902/1617/4458 5904/1616/4459 5905/1615/4460
f 5904/1616/4459 5906/1614/4461 5905/1615/4460
f 5905/1615/4460 5906/1614/4461 5907/1613/4462
f 5906/1614/4461 5908/1612/4463 5907/1613/4462
f 5909/1611/4464 5911/1610/4465 5910/1609/4466
f 5911/1610/4465 5912/1608/4467 5910/1609/4466
f 5910/1609/4466 5912/1608/4467 5913/1607/4468
f 5912/1608/4467 5914/1606/4469 5913/1607/4468
f 5913/1607/4468 5914/1606/4469 5915/1605/4470
f 5914/1606/4469 5916/1604/4471 5915/1605/4470
f 5915/1605/4470 5916/1604/4471 5917/1603/4472
f 5916/1604/4471 5918/1602/4473 5917/1603/4472
f 5917/1603/4472 5918/1602/4473 5919/1601/4474
f 5918/1602/4473 5920/1600/4475 5919/1601/4474
f 5919/1601/4474 5920/1600/4475 5921/1599/4476
f 5920/1600/4475 5922/1598/4477 5921/1599/4476
f 5921/1599/4476 5922/1598/4477 5901/1619/4457
f 5922/1598/4477 5903/1618/2122 5901/1619/4457
f 5923/1640/2137 5925/1632/2137 5924/1641/2137
f 5926/1639/2137 5925/1632/2137 5923/1640/2137
f 5927/1638/2137 5925/1632/2137 5926/1639/2137
f 5928/1637/2137 5925/1632/2137 5927/1638/2137
f 5929/1636/2137 5925/1632/2137 5928/1637/2137
f 5930/1635/2137 5925/1632/2137 5929/1636/2137
f 5931/1634/2137 5925/1632/2137 5930/1635/2137
f 5932/1633/2137 5925/1632/2137 5931/1634/2137
f 5933/1631/4478 5925/1632/2137 5932/1633/2137
f 5924/1641/2137 5925/1632/2137 5933/1631/4478
f 5934/1630/2136 5936/1621/2136 5935/1629/4479
f 5935/1629/4479 5936/1621/2136 5937/1628/2136
f 5937/1628/2136 5936/1621/2136 5938/1627/2136
f 5938/1627/2136 5936/1621/2136 5939/1626/4480
f 5939/1626/4480 5936/1621/2136 5940/1625/2136
f 5940/1625/2136 5936/1621/2136 5941/1624/2136
f 5941/1624/2136 5936/1621/2136 5942/1623/2136
f 5942/1623/2136 5936/1621/2136 5943/1620/2136
f 5943/1620/2136 5936/1621/2136 5944/1622/2136
f 5944/1622/2136 5936/1621/2136 5934/1630/2136
f 5945/1619/4481 5947/1618/4482 5946/1617/2145
f 5947/1618/4482 5948/1616/4483 5946/1617/2145
f 5946/1617/2145 5948/1616/4483 5949/1615/4484
f 5948/1616/4483 5950/1614/4485 5949/1615/4484
f 5949/1615/4484 5950/1614/4485 5951/1613/4486
f 5950/1614/4485 5952/1612/4487 5951/1613/4486
f 5953/1611/4488 5955/1610/4489 5954/1609/2159
f 5955/1610/4489 5956/1608/2158 5954/1609/2159
f 5954/1609/2159 5956/1608/2158 5957/1607/4490
f 5956/1608/2158 5958/1606/4491 5957/1607/4490
f 5957/1607/4490 5958/1606/4491 5959/1605/4492
f 5958/1606/4491 5960/1604/4493 5959/1605/4492
f 5959/1605/4492 5960/1604/4493 5961/1603/2153
f 5960/1604/4493 5962/1602/2152 5961/1603/2153
f 5961/1603/2153 5962/1602/2152 5963/1601/2151
f 5962/1602/2152 5964/1600/4494 5963/1601/2151
f 5963/1601/2151 5964/1600/4494 5965/1599/2149
f 5964/1600/4494 5966/1598/4495 5965/1599/2149
f 5965/1599/2149 5966/1598/4495 5945/1619/4481
f 5966/1598/4495 5947/1618/4482 5945/1619/4481
f 5967/1640/2163 5969/1632/2164 5968/1641/2163
f 5970/1639/2163 5969/1632/2164 5967/1640/2163
f 5971/1638/2164 5969/1632/2164 5970/1639/2163
f 5972/1637/2164 5969/1632/2164 5971/1638/2164
f 5973/1636/2164 5969/1632/2164 5972/1637/2164
f 5974/1635/2163 5969/1632/2164 5973/1636/2164
f 5975/1634/2164 5969/1632/2164 5974/1635/2163
f 5976/1633/2164 5969/1632/2164 5975/1634/2164
f 5977/1631/2164 5969/1632/2164 5976/1633/2164
f 5968/1641/2163 5969/1632/2164 5977/1631/2164
f 5978/1630/2160 5980/1621/2161 5979/1629/2160
f 5979/1629/2160 5980/1621/2161 5981/1628/2161
f 5981/1628/2161 5980/1621/2161 5982/1627/2161
f 5982/1627/2161 5980/1621/2161 5983/1626/2161
f 5983/1626/2161 5980/1621/2161 5984/1625/2161
f 5984/1625/2161 5980/1621/2161 5985/1624/2160
f 5985/1624/2160 5980/1621/2161 5986/1623/2160
f 5986/1623/2160 5980/1621/2161 5987/1620/2161
f 5987/1620/2161 5980/1621/2161 5988/1622/2161
f 5988/1622/2161 5980/1621/2161 5978/1630/2160
f 5989/1619/4496 5991/1618/4497 5990/1617/2170
f 5991/1618/4497 5992/1616/4498 5990/1617/2170
f 5990/1617/2170 5992/1616/4498 5993/1615/4499
f 5992/1616/4498 5994/1614/4500 5993/1615/4499
f 5993/1615/4499 5994/1614/4500 5995/1613/4501
f 5994/1614/4500 5996/1612/4502 5995/1613/4501
f 5997/1611/4503 5999/1610/4504 5998/1609/4505
f 5999/1610/4504 6000/1608/4506 5998/1609/4505
f 5998/1609/4505 6000/1608/4506 6001/1607/4507
f 6000/1608/4506 6002/1606/4508 6001/1607/4507
f 6001/1607/4507 6002/1606/4508 6003/1605/4509
f 6002/1606/4508 6004/1604/4510 6003/1605/4509
f 6003/1605/4509 6004/1604/4510 6005/1603/4511
f 6004/1604/4510 6006/1602/4512 6005/1603/4511
f 6005/1603/4511 6006/1602/4512 6007/1601/4513
f 6006/1602/4512 6008/1600/4514 6007/1601/4513
f 6007/1601/4513 6008/1600/4514 6009/1599/4515
f 6008/1600/4514 6010/1598/4516 6009/1599/4515
f 6009/1599/4515 6010/1598/4516 5989/1619/4496
f 6010/1598/4516 5991/1618/4497 5989/1619/4496
f 6011/1640/2189 6013/1632/2189 6012/1641/2189
f 6014/1639/2189 6013/1632/2189 6011/1640/2189
f 6015/1638/2190 6013/1632/2189 6014/1639/2189
f 6016/1637/2190 6013/1632/2189 6015/1638/2190
f 6017/1636/2190 6013/1632/2189 6016/1637/2190
f 6018/1635/2189 6013/1632/2189 6017/1636/2190
f 6019/1634/2190 6013/1632/2189 6018/1635/2189
f 6020/1633/2190 6013/1632/2189 6019/1634/2190
f 6021/1631/2189 6013/1632/2189 6020/1633/2190
f 6012/1641/2189 6013/1632/2189 6021/1631/2189
f 6022/1630/2188 6024/1621/2188 6023/1629/2187
f 6023/1629/2187 6024/1621/2188 6025/1628/2188
f 6025/1628/2188 6024/1621/2188 6026/1627/2188
f 6026/1627/2188 6024/1621/2188 6027/1626/2187
f 6027/1626/2187 6024/1621/2188 6028/1625/2188
f 6028/1625/2188 6024/1621/2188 6029/1624/2188
f 6029/1624/2188 6024/1621/2188 6030/1623/2187
f 6030/1623/2187 6024/1621/2188 6031/1620/2188
f 6031/1620/2188 6024/1621/2188 6032/1622/2188
f 6032/1622/2188 6024/1621/2188 6022/1630/2188
