# Blender 5.0.1
# www.blender.org
mtllib taladro.mtl
o defaultMaterial.056
v 0.039953 -0.912719 0.000825
v 0.050413 -0.911696 0.006649
v 0.050596 -0.912270 0.018655
v 0.023911 -0.913597 0.022539
v 0.053916 -0.911260 0.030180
v 0.045599 -0.912016 0.038751
v 0.039828 -0.911159 0.049219
v 0.027889 -0.912107 0.049342
v 0.016402 -0.911453 0.052615
v 0.007842 -0.912489 0.044224
v -0.002640 -0.911968 0.038377
v -0.002802 -0.912937 0.026394
v -0.006144 -0.912402 0.014846
v 0.002195 -0.913189 0.006298
v 0.007944 -0.912502 -0.004194
v 0.019904 -0.913099 -0.004293
v 0.031370 -0.912210 -0.007588
v 0.310304 0.799947 -0.188478
v 0.297926 0.805095 -0.181196
v 0.342730 0.807865 -0.052582
v 0.356957 0.802820 -0.054557
v 0.337303 0.810007 0.083309
v 0.351306 0.805042 0.086944
v 0.353918 0.785302 -0.053822
v 0.348319 0.787503 0.086377
v 0.307694 0.782455 -0.186511
v 0.278535 0.811133 0.205583
v 0.290114 0.806207 0.214263
v 0.178939 0.811150 0.297330
v 0.186407 0.806224 0.309796
v 0.287689 0.788659 0.212525
v 0.184937 0.788675 0.307179
v 0.051027 0.809970 0.341642
v 0.053218 0.804995 0.355936
v -0.084395 0.807850 0.335500
v -0.087794 0.802794 0.349540
v 0.052973 0.787457 0.352895
v -0.086743 0.785276 0.346559
v -0.206527 0.805056 0.275889
v -0.214964 0.799893 0.287469
v -0.298451 0.802046 0.175451
v -0.310683 0.796768 0.182888
v -0.212742 0.782402 0.285058
v -0.307580 0.779306 0.181439
v -0.343256 0.799278 0.046836
v -0.357336 0.793897 0.048964
v -0.337831 0.797141 -0.089059
v -0.351687 0.791679 -0.092538
v -0.353806 0.776460 0.048747
v -0.348208 0.774264 -0.091454
v -0.279064 0.796021 -0.211333
v -0.290496 0.790519 -0.219858
v -0.179468 0.796005 -0.303079
v -0.186789 0.790506 -0.315390
v -0.287578 0.773115 -0.217602
v -0.184827 0.773102 -0.312256
v -0.186789 0.790506 -0.315390
v -0.179468 0.796005 -0.303079
v -0.051555 0.797185 -0.347391
v -0.053599 0.791733 -0.361530
v 0.083868 0.799298 -0.341248
v 0.087413 0.793928 -0.355135
v -0.052861 0.774317 -0.357972
v 0.086853 0.776492 -0.351635
v -0.184827 0.773102 -0.312256
v 0.206001 0.802087 -0.281635
v 0.214585 0.796824 -0.293061
v 0.212855 0.779362 -0.290132
v 0.081662 0.614768 -0.319176
v 0.083591 0.674846 -0.331234
v 0.202773 0.677559 -0.273059
v 0.196814 0.617390 -0.262969
v 0.292478 0.680486 -0.175047
v 0.283486 0.620217 -0.168270
v 0.190748 0.556144 -0.252698
v 0.274333 0.558870 -0.161373
v 0.079698 0.553615 -0.306903
v -0.166625 0.611669 -0.283188
v -0.173387 0.671638 -0.293986
v -0.048563 0.672787 -0.337228
v -0.046023 0.612779 -0.324968
v -0.043437 0.551698 -0.312488
v -0.159742 0.550627 -0.272197
v -0.315937 0.612732 -0.081397
v -0.327925 0.672738 -0.085134
v -0.270577 0.671651 -0.204455
v -0.260529 0.611681 -0.196685
v -0.173387 0.671638 -0.293986
v -0.166625 0.611669 -0.283188
v -0.250300 0.550639 -0.188776
v -0.159742 0.550627 -0.272197
v -0.303735 0.551652 -0.077596
v -0.278808 0.617339 0.167995
v -0.289496 0.677507 0.172989
v -0.333221 0.674816 0.047479
v -0.321053 0.614739 0.046730
v -0.308668 0.553588 0.045967
v -0.267929 0.556095 0.162913
v -0.076986 0.622795 0.318898
v -0.080610 0.683155 0.329173
v -0.199791 0.680436 0.271001
v -0.192137 0.620169 0.262692
v -0.184345 0.558824 0.254236
v -0.073297 0.561358 0.308438
v 0.171299 0.625901 0.282909
v 0.176366 0.686369 0.291925
v 0.051543 0.685218 0.335166
v 0.050698 0.624788 0.324688
v 0.049838 0.563280 0.314022
v 0.166142 0.564353 0.273732
v 0.320612 0.624830 0.081119
v 0.330905 0.685261 0.083072
v 0.273556 0.686354 0.202394
v 0.265203 0.625886 0.196405
v 0.256701 0.564339 0.190310
v 0.310136 0.563320 0.079132
v 0.336201 0.683179 -0.049538
v 0.325730 0.622818 -0.047007
v 0.315071 0.561380 -0.044429
v 0.077735 0.492463 -0.294629
v 0.184683 0.494899 -0.242426
v 0.265179 0.497524 -0.154476
v 0.178616 0.433653 -0.232155
v 0.256024 0.436178 -0.147579
v 0.075772 0.431311 -0.282355
v -0.152859 0.489587 -0.261205
v -0.040851 0.490617 -0.300008
v -0.038265 0.429536 -0.287528
v -0.145977 0.428544 -0.250213
v -0.291533 0.490573 -0.073794
v -0.240072 0.489597 -0.180865
v -0.152859 0.489587 -0.261205
v -0.229844 0.428554 -0.172956
v -0.145977 0.428544 -0.250213
v -0.279331 0.429493 -0.069991
v -0.257049 0.494852 0.157829
v -0.296284 0.492437 0.045205
v -0.283899 0.431285 0.044442
v -0.246170 0.433608 0.152745
v -0.069608 0.499919 0.297980
v -0.176554 0.497480 0.245780
v -0.168762 0.436135 0.237321
v -0.065919 0.438481 0.287520
v 0.160986 0.502803 0.264555
v 0.048978 0.501771 0.303356
v 0.048118 0.440262 0.292691
v 0.155829 0.441255 0.255378
v 0.299659 0.501809 0.077143
v 0.248198 0.502790 0.184215
v 0.239696 0.441242 0.178119
v 0.289183 0.440298 0.075156
v 0.304412 0.499941 -0.041853
v 0.293753 0.438502 -0.039276
v 0.073809 0.370159 -0.270081
v 0.172550 0.372408 -0.221885
v 0.246871 0.374833 -0.140681
v 0.166485 0.311163 -0.211614
v 0.237718 0.313486 -0.133783
v 0.071846 0.309007 -0.257807
v -0.139094 0.367502 -0.239223
v -0.035679 0.368454 -0.275047
v -0.033093 0.307373 -0.262567
v -0.132211 0.306461 -0.228231
v -0.267128 0.368414 -0.066189
v -0.219616 0.367513 -0.165047
v -0.139094 0.367502 -0.239223
v -0.209388 0.306471 -0.157137
v -0.132211 0.306461 -0.228231
v -0.254926 0.307334 -0.062386
v -0.235291 0.372364 0.147663
v -0.271515 0.370135 0.043679
v -0.259129 0.308984 0.042917
v -0.224411 0.311121 0.142580
v -0.062229 0.377043 0.277060
v -0.160970 0.374790 0.228865
v -0.153179 0.313445 0.220407
v -0.058541 0.315605 0.266601
v 0.150672 0.379706 0.246201
v 0.047258 0.378752 0.282025
v 0.046398 0.317244 0.271360
v 0.145516 0.318157 0.237023
v 0.278706 0.378788 0.073168
v 0.231195 0.379693 0.172025
v 0.222692 0.318146 0.165930
v 0.268231 0.317278 0.071181
v 0.283095 0.377064 -0.036699
v 0.272436 0.315624 -0.034122
v 0.069883 0.247855 -0.245534
v 0.160419 0.249917 -0.201341
v 0.228563 0.252140 -0.126886
v 0.154353 0.188671 -0.191071
v 0.219410 0.190793 -0.119990
v 0.067919 0.186703 -0.233260
v -0.125328 0.245420 -0.217238
v -0.030507 0.246292 -0.250087
v -0.027921 0.185211 -0.237607
v -0.118446 0.184378 -0.206247
v -0.242724 0.246255 -0.058585
v -0.199159 0.245429 -0.149226
v -0.125328 0.245420 -0.217238
v -0.188931 0.184386 -0.141318
v -0.118446 0.184378 -0.206247
v -0.230522 0.185176 -0.054783
v -0.213531 0.249877 0.137497
v -0.246745 0.247833 0.042154
v -0.234361 0.186682 0.041391
v -0.202652 0.188634 0.132414
v -0.054851 0.254167 0.256142
v -0.145387 0.252102 0.211950
v -0.137595 0.190757 0.203494
v -0.051162 0.192729 0.245682
v 0.140359 0.256609 0.227846
v 0.045538 0.255733 0.260694
v 0.044678 0.194226 0.250029
v 0.135202 0.195060 0.218669
v 0.257754 0.255767 0.069192
v 0.214189 0.256597 0.159834
v 0.205688 0.195050 0.153739
v 0.247277 0.194257 0.067204
v 0.261777 0.254185 -0.031545
v 0.251118 0.192746 -0.028968
v 0.065955 0.125551 -0.220987
v 0.148287 0.127426 -0.180800
v 0.210256 0.129448 -0.113092
v 0.142222 0.066181 -0.170529
v 0.201103 0.068101 -0.106196
v 0.063993 0.064399 -0.208713
v -0.111563 0.123336 -0.195256
v -0.025335 0.124130 -0.225127
v -0.022749 0.063048 -0.212647
v -0.104680 0.062295 -0.184264
v -0.218319 0.124095 -0.050980
v -0.178703 0.123344 -0.133408
v -0.111563 0.123336 -0.195256
v -0.168475 0.062302 -0.125499
v -0.104680 0.062295 -0.184264
v -0.206117 0.063016 -0.047178
v -0.191772 0.127389 0.127331
v -0.221977 0.125531 0.040628
v -0.209592 0.064379 0.039865
v -0.180893 0.066145 0.122247
v -0.047474 0.131291 0.235223
v -0.129804 0.129412 0.195037
v -0.122013 0.068068 0.186580
v -0.043785 0.069852 0.224763
v 0.130045 0.133511 0.209491
v 0.043818 0.132716 0.239363
v 0.042957 0.071207 0.228697
v 0.124889 0.071962 0.200314
v 0.236801 0.132746 0.065216
v 0.197184 0.133501 0.147643
v 0.188682 0.071952 0.141548
v 0.226325 0.071235 0.063229
v 0.240460 0.131307 -0.026391
v 0.229800 0.069869 -0.023814
v 0.062029 0.003247 -0.196440
v 0.136155 0.004934 -0.160258
v 0.191949 0.006755 -0.099298
v 0.130090 -0.056310 -0.149986
v 0.182794 -0.054591 -0.092401
v 0.060067 -0.057906 -0.184166
v -0.097799 0.001253 -0.173274
v -0.020164 0.001967 -0.200168
v -0.017578 -0.059114 -0.187688
v -0.090916 -0.059789 -0.162281
v -0.193915 0.001937 -0.043376
v -0.158246 0.001261 -0.117589
v -0.097799 0.001253 -0.173274
v -0.148019 -0.059782 -0.109680
v -0.090916 -0.059789 -0.162281
v -0.181712 -0.059143 -0.039574
v -0.170014 0.004901 0.117164
v -0.197207 0.003228 0.039103
v -0.184822 -0.057923 0.038341
v -0.159134 -0.056342 0.112081
v -0.040095 0.008415 0.214304
v -0.114221 0.006724 0.178123
v -0.106429 -0.054622 0.169667
v -0.036407 -0.053023 0.203845
v 0.119732 0.010414 0.191137
v 0.042097 0.009698 0.218031
v 0.041237 -0.051812 0.207365
v 0.114575 -0.051135 0.181960
v 0.215848 0.009726 0.061241
v 0.180180 0.010404 0.135452
v 0.171677 -0.051144 0.129357
v 0.205371 -0.051786 0.059253
v 0.219142 0.008430 -0.021238
v 0.208483 -0.053009 -0.018661
v 0.058103 -0.119058 -0.171892
v 0.124024 -0.117556 -0.139716
v 0.173642 -0.115938 -0.085504
v 0.117958 -0.178802 -0.129444
v 0.164487 -0.177284 -0.078607
v 0.056140 -0.180210 -0.159618
v -0.084033 -0.120831 -0.151290
v -0.014992 -0.120195 -0.175208
v -0.012406 -0.181277 -0.162727
v -0.077150 -0.181873 -0.140298
v -0.169510 -0.120222 -0.035772
v -0.137790 -0.120824 -0.101770
v -0.084033 -0.120831 -0.151290
v -0.127562 -0.181866 -0.093860
v -0.077150 -0.181873 -0.140298
v -0.157308 -0.181302 -0.031969
v -0.148255 -0.117586 0.106999
v -0.172438 -0.119074 0.037578
v -0.160053 -0.180225 0.036815
v -0.137375 -0.178829 0.101915
v -0.032718 -0.114462 0.193385
v -0.098638 -0.115966 0.161209
v -0.090846 -0.177310 0.152752
v -0.029028 -0.175900 0.182926
v 0.109418 -0.112684 0.172783
v 0.040377 -0.113320 0.196700
v 0.039517 -0.174830 0.186034
v 0.104261 -0.174232 0.163606
v 0.194895 -0.113296 0.057264
v 0.163175 -0.112692 0.123262
v 0.154673 -0.174239 0.117166
v 0.184418 -0.174807 0.055277
v 0.197825 -0.114448 -0.016083
v 0.187165 -0.175887 -0.013507
v 0.054177 -0.241361 -0.147345
v 0.111892 -0.240047 -0.119173
v 0.155334 -0.238630 -0.071708
v 0.105827 -0.301293 -0.108902
v 0.146181 -0.299976 -0.064811
v 0.052214 -0.302514 -0.135071
v -0.070268 -0.242914 -0.129308
v -0.009820 -0.242358 -0.150248
v -0.007234 -0.303439 -0.137768
v -0.063385 -0.303956 -0.118315
v -0.145105 -0.242381 -0.028167
v -0.117333 -0.242908 -0.085951
v -0.070268 -0.242914 -0.129308
v -0.107105 -0.303951 -0.078041
v -0.063385 -0.303956 -0.118315
v -0.132902 -0.303462 -0.024365
v -0.126495 -0.240073 0.096832
v -0.147669 -0.241376 0.036052
v -0.135284 -0.302527 0.035290
v -0.115616 -0.301316 0.091750
v -0.025340 -0.237338 0.172467
v -0.083054 -0.238655 0.144296
v -0.075263 -0.299999 0.135839
v -0.021650 -0.298776 0.162007
v 0.099105 -0.235781 0.154428
v 0.038657 -0.236339 0.175368
v 0.037797 -0.297848 0.164703
v 0.093948 -0.297330 0.145250
v 0.173942 -0.236317 0.053289
v 0.146170 -0.235788 0.111072
v 0.137668 -0.297337 0.104975
v 0.163465 -0.297829 0.051301
v 0.176507 -0.237326 -0.010930
v 0.165848 -0.298765 -0.008353
v 0.050250 -0.363666 -0.122797
v 0.099762 -0.362539 -0.098631
v 0.137027 -0.361322 -0.057914
v 0.093695 -0.423784 -0.088360
v 0.127872 -0.422669 -0.051018
v 0.048288 -0.424818 -0.110524
v -0.056502 -0.364998 -0.107324
v -0.004648 -0.364520 -0.125288
v -0.002062 -0.425602 -0.112807
v -0.049620 -0.426040 -0.096334
v -0.120700 -0.364541 -0.020564
v -0.096878 -0.364993 -0.070132
v -0.056502 -0.364998 -0.107324
v -0.086649 -0.426035 -0.062222
v -0.049620 -0.426040 -0.096334
v -0.108498 -0.425621 -0.016761
v -0.104736 -0.362561 0.086666
v -0.122900 -0.363678 0.034527
v -0.110515 -0.424829 0.033764
v -0.093857 -0.423804 0.081583
v -0.017961 -0.360214 0.151548
v -0.067471 -0.361344 0.127382
v -0.059680 -0.422688 0.118925
v -0.014272 -0.421653 0.141088
v 0.088791 -0.358878 0.136074
v 0.036937 -0.359357 0.154037
v 0.036077 -0.420866 0.143372
v 0.083634 -0.420428 0.126896
v 0.152989 -0.359340 0.049313
v 0.129165 -0.358885 0.098881
v 0.120663 -0.420434 0.092785
v 0.142512 -0.420850 0.047325
v 0.155189 -0.360204 -0.005777
v 0.144530 -0.421643 -0.003199
v 0.046324 -0.485970 -0.098250
v 0.087629 -0.485029 -0.078089
v 0.118719 -0.484015 -0.044120
v 0.081564 -0.546275 -0.067818
v 0.109565 -0.545362 -0.037222
v 0.044360 -0.547123 -0.085977
v -0.042737 -0.487082 -0.085342
v 0.000524 -0.486683 -0.100327
v 0.003109 -0.547764 -0.087849
v -0.035854 -0.548124 -0.074350
v -0.096296 -0.486701 -0.012959
v -0.076421 -0.487077 -0.054312
v -0.042737 -0.487082 -0.085342
v -0.066193 -0.548120 -0.046403
v -0.035854 -0.548124 -0.074350
v -0.084093 -0.547780 -0.009157
v -0.082978 -0.485048 0.076499
v -0.098131 -0.485980 0.033001
v -0.085746 -0.547132 0.032239
v -0.072098 -0.546292 0.071416
v -0.010583 -0.483090 0.130629
v -0.051888 -0.484033 0.110468
v -0.044097 -0.545379 0.102011
v -0.006894 -0.544529 0.120169
v 0.078478 -0.481977 0.117720
v 0.035217 -0.482376 0.132706
v 0.034357 -0.543885 0.122040
v 0.073320 -0.543526 0.108542
v 0.132036 -0.482361 0.045337
v 0.112161 -0.481981 0.086690
v 0.103658 -0.543529 0.080595
v 0.121560 -0.543871 0.043349
v 0.133872 -0.483082 -0.000622
v 0.123213 -0.544521 0.001955
v 0.042398 -0.608275 -0.073703
v 0.075498 -0.607521 -0.057546
v 0.100411 -0.606708 -0.030326
v 0.069432 -0.668767 -0.047276
v 0.091258 -0.668054 -0.023428
v 0.040435 -0.669427 -0.061429
v -0.028971 -0.609164 -0.063358
v 0.005695 -0.608846 -0.075368
v 0.008281 -0.669927 -0.062888
v -0.022089 -0.670207 -0.052367
v -0.071891 -0.608859 -0.005354
v -0.055964 -0.609161 -0.038493
v -0.028971 -0.609164 -0.063358
v -0.045736 -0.670203 -0.030583
v -0.022089 -0.670207 -0.052367
v -0.059689 -0.669939 -0.001552
v -0.061218 -0.607535 0.066334
v -0.073362 -0.608283 0.031475
v -0.060977 -0.669433 0.030713
v -0.050339 -0.668778 0.061251
v -0.003205 -0.605968 0.109709
v -0.036305 -0.606722 0.093554
v -0.028514 -0.668067 0.085097
v 0.000484 -0.667406 0.099250
v 0.068163 -0.605074 0.099365
v 0.033497 -0.605394 0.111375
v 0.032638 -0.666903 0.100708
v 0.063007 -0.666623 0.090188
v 0.111083 -0.605381 0.041361
v 0.095156 -0.605078 0.074500
v 0.086654 -0.666626 0.068404
v 0.100607 -0.666892 0.039373
v 0.112554 -0.605960 0.004532
v 0.101896 -0.667399 0.007108
v 0.038471 -0.730579 -0.049156
v 0.063366 -0.730011 -0.037004
v 0.082104 -0.729400 -0.016531
v 0.057398 -0.790265 -0.026899
v 0.073098 -0.789754 -0.009746
v 0.036540 -0.790741 -0.037081
v -0.015206 -0.731248 -0.041375
v 0.010867 -0.731008 -0.050408
v 0.013411 -0.791100 -0.038130
v -0.008435 -0.791301 -0.030562
v -0.047486 -0.731018 0.002250
v -0.035508 -0.731246 -0.022674
v -0.015206 -0.731248 -0.041375
v -0.025445 -0.791299 -0.014892
v -0.008435 -0.791301 -0.030562
v -0.035481 -0.791109 0.005992
v -0.039459 -0.730023 0.056167
v -0.048593 -0.730585 0.029950
v -0.036408 -0.790746 0.029200
v -0.028756 -0.790274 0.051167
v 0.004173 -0.728844 0.088791
v -0.020722 -0.729411 0.076641
v -0.013056 -0.789763 0.068320
v 0.007802 -0.789286 0.078501
v 0.057850 -0.728172 0.081010
v 0.031778 -0.728412 0.090043
v 0.030931 -0.788925 0.079550
v 0.052777 -0.788724 0.071982
v 0.090130 -0.728402 0.037385
v 0.078151 -0.728174 0.062309
v 0.069787 -0.788725 0.056312
v 0.079824 -0.788916 0.035430
v 0.091237 -0.728838 0.009686
v 0.080750 -0.789282 0.012221
v 0.034672 -0.848922 -0.025404
v 0.051628 -0.848535 -0.017127
v 0.064390 -0.848119 -0.003184
v 0.047275 -0.892486 -0.009756
v 0.057821 -0.892140 0.001767
v 0.033263 -0.892805 -0.016595
v -0.001887 -0.849378 -0.020104
v 0.015871 -0.849214 -0.026256
v 0.017727 -0.893046 -0.017301
v 0.003052 -0.893182 -0.012217
v -0.023872 -0.849221 0.009609
v -0.015714 -0.849376 -0.007367
v -0.001887 -0.849378 -0.020104
v -0.008374 -0.893180 -0.001691
v 0.003052 -0.893182 -0.012217
v -0.015116 -0.893052 0.012336
v -0.018406 -0.848543 0.046331
v -0.024626 -0.848925 0.028474
v -0.015738 -0.892807 0.027928
v -0.010598 -0.892492 0.042683
v 0.011312 -0.847739 0.068550
v -0.005644 -0.848127 0.060274
v -0.000052 -0.892148 0.054206
v 0.013959 -0.891828 0.061044
v 0.047871 -0.847282 0.063251
v 0.030113 -0.847445 0.069402
v 0.029496 -0.891585 0.061749
v 0.044170 -0.891450 0.056665
v 0.069856 -0.847438 0.033539
v 0.061698 -0.847284 0.050513
v 0.055596 -0.891451 0.046139
v 0.062338 -0.891579 0.032112
v 0.070610 -0.847735 0.014672
v 0.062961 -0.891825 0.016522
v 0.032709 -0.910074 -0.013129
v 0.045562 -0.909781 -0.006857
v 0.055236 -0.909464 0.003714
v 0.039953 -0.912719 0.000825
v 0.050413 -0.911696 0.006649
v 0.031370 -0.912210 -0.007588
v 0.004995 -0.910420 -0.009113
v 0.018457 -0.910295 -0.013776
v 0.019904 -0.913099 -0.004293
v 0.007944 -0.912502 -0.004194
v -0.011670 -0.910300 0.013410
v -0.005485 -0.910417 0.000543
v 0.004995 -0.910420 -0.009113
v 0.002195 -0.913189 0.006298
v 0.007944 -0.912502 -0.004194
v -0.006144 -0.912402 0.014846
v -0.007526 -0.909786 0.041247
v -0.012241 -0.910076 0.027712
v -0.002802 -0.912937 0.026394
v -0.002640 -0.911968 0.038377
v 0.015000 -0.909178 0.058090
v 0.002148 -0.909471 0.051816
v 0.007842 -0.912489 0.044224
v 0.016402 -0.911453 0.052615
v 0.042714 -0.908830 0.054073
v 0.029253 -0.908955 0.058737
v 0.027889 -0.912107 0.049342
v 0.039828 -0.911159 0.049219
v 0.059379 -0.908950 0.031550
v 0.053195 -0.908831 0.044419
v 0.045599 -0.912016 0.038751
v 0.053916 -0.911260 0.030180
v 0.059951 -0.909174 0.017249
v 0.050596 -0.912270 0.018655
v 0.085450 0.732776 -0.342861
v 0.208520 0.735578 -0.282789
v 0.301151 0.738600 -0.181580
v -0.179907 0.729464 -0.304399
v -0.051014 0.730652 -0.349050
v -0.339485 0.730600 -0.088736
v -0.280267 0.729477 -0.211949
v -0.179907 0.729464 -0.304399
v -0.299803 0.735524 0.177805
v -0.344952 0.732745 0.048202
v -0.084105 0.741356 0.339081
v -0.207173 0.738548 0.279011
v 0.181251 0.744675 0.300619
v 0.052358 0.743487 0.345270
v 0.340829 0.743531 0.084955
v 0.281611 0.744660 0.208168
v 0.346299 0.741380 -0.051980
v 0.259505 0.811923 -0.158383
v 0.179394 0.809271 -0.245914
v 0.072959 0.806817 -0.297866
v 0.151099 0.815742 -0.207885
v 0.061365 0.813643 -0.251686
v 0.218639 0.818013 -0.134091
v -0.045062 0.804960 -0.303218
v -0.156535 0.803929 -0.264602
v -0.038136 0.812060 -0.256199
v -0.132117 0.811184 -0.223641
v -0.156535 0.803929 -0.264602
v -0.243332 0.803949 -0.184646
v -0.294547 0.804943 -0.078086
v -0.205294 0.811211 -0.156232
v -0.248472 0.812070 -0.066393
v -0.132117 0.811184 -0.223641
v -0.299275 0.806831 0.040343
v -0.260228 0.809273 0.152430
v -0.252460 0.813694 0.033453
v -0.219541 0.815790 0.127951
v -0.180118 0.811927 0.239959
v -0.073683 0.814387 0.291910
v -0.152001 0.818063 0.201744
v -0.062267 0.820167 0.245543
v 0.044335 0.816249 0.297261
v 0.155809 0.817283 0.258645
v 0.037232 0.821756 0.250054
v 0.131213 0.822634 0.217497
v 0.242605 0.817260 0.178688
v 0.293820 0.816260 0.072129
v 0.204390 0.822604 0.150087
v 0.247569 0.821739 0.060248
v 0.298551 0.814366 -0.046298
v 0.251558 0.820110 -0.039595
v 0.189698 0.828125 -0.117040
v 0.192049 0.823425 -0.118323
v 0.132681 0.821402 -0.183188
v 0.131033 0.826125 -0.181138
v 0.053806 0.819535 -0.221688
v 0.053091 0.824276 -0.219182
v 0.130869 0.836877 -0.181322
v 0.052926 0.835028 -0.219366
v 0.189533 0.838878 -0.117225
v -0.033654 0.818129 -0.225654
v -0.033334 0.822886 -0.223101
v -0.116264 0.817354 -0.197036
v -0.114965 0.822121 -0.194821
v -0.033499 0.833639 -0.223286
v -0.115131 0.832873 -0.195007
v -0.114965 0.822121 -0.194821
v -0.116264 0.817354 -0.197036
v -0.180586 0.817386 -0.137783
v -0.178527 0.822152 -0.136270
v -0.218541 0.818158 -0.058816
v -0.216032 0.822916 -0.058237
v -0.178692 0.832904 -0.136456
v -0.216197 0.833669 -0.058422
v -0.115131 0.832873 -0.195007
v -0.222046 0.819610 0.028948
v -0.219496 0.824353 0.028488
v -0.193111 0.821479 0.112011
v -0.190903 0.826203 0.110568
v -0.219661 0.835106 0.028303
v -0.191067 0.836956 0.110382
v -0.133744 0.823505 0.176875
v -0.132239 0.828209 0.174664
v -0.054869 0.825379 0.215373
v -0.054297 0.830063 0.212706
v -0.132404 0.838962 0.174479
v -0.054462 0.840814 0.212521
v 0.032591 0.826791 0.219339
v 0.032127 0.831459 0.216625
v 0.115200 0.827566 0.190721
v 0.113759 0.832225 0.188346
v 0.031962 0.842210 0.216440
v 0.113593 0.842977 0.188160
v 0.179522 0.827533 0.131468
v 0.177319 0.832191 0.129794
v 0.217478 0.826754 0.052500
v 0.214825 0.831421 0.051762
v 0.177154 0.842944 0.129609
v 0.214660 0.842173 0.051576
v 0.220984 0.825297 -0.035262
v 0.218290 0.829978 -0.034962
v 0.218125 0.840730 -0.035148
v 0.189216 0.859509 -0.117580
v 0.130552 0.857506 -0.181678
v 0.052610 0.855659 -0.219721
v 0.130160 0.883076 -0.182117
v 0.052217 0.881228 -0.220161
v 0.188824 0.885077 -0.118020
v 0.214343 0.862803 0.051221
v 0.217808 0.861361 -0.035503
v 0.217416 0.886930 -0.035942
v 0.213951 0.888371 0.050781
v 0.113277 0.863607 0.187805
v 0.176838 0.863573 0.129254
v 0.176446 0.889143 0.128814
v 0.112884 0.889177 0.187365
v -0.054779 0.861445 0.212166
v 0.031645 0.862841 0.216085
v 0.031253 0.888410 0.215645
v -0.055171 0.887014 0.211726
v -0.191384 0.857587 0.110027
v -0.132721 0.859591 0.174124
v -0.133113 0.885159 0.173684
v -0.191776 0.883156 0.109587
v -0.216513 0.854298 -0.058777
v -0.219977 0.855736 0.027948
v -0.220368 0.881305 0.027508
v -0.216905 0.879867 -0.059217
v -0.115447 0.853503 -0.195361
v -0.179008 0.853534 -0.136810
v -0.179401 0.879103 -0.137250
v -0.115839 0.879072 -0.195801
v -0.033815 0.854267 -0.223640
v -0.115447 0.853503 -0.195361
v -0.034208 0.879837 -0.224080
v -0.115839 0.879072 -0.195801
v 0.198925 0.820950 -0.122372
v 0.137449 0.818864 -0.189541
v 0.055772 0.816936 -0.229408
v 0.225257 0.824382 0.054518
v 0.228887 0.822881 -0.036361
v 0.119348 0.825215 0.197647
v 0.185954 0.825182 0.136289
v -0.056761 0.822956 0.223174
v 0.033805 0.824414 0.227281
v -0.199912 0.818934 0.116141
v -0.138436 0.821023 0.183309
v -0.226246 0.815509 -0.060752
v -0.229875 0.817005 0.030129
v -0.120337 0.814685 -0.203881
v -0.186943 0.814714 -0.142524
v -0.034794 0.815484 -0.233515
v -0.120337 0.814685 -0.203881
vn -0.0810 0.9941 0.0724
vn -0.1242 0.9923 0.0001
vn -0.1516 0.9863 0.0657
vn -0.0148 0.9998 -0.0163
vn -0.1032 0.9913 -0.0816
vn -0.1693 0.9841 -0.0544
vn -0.0305 0.9917 -0.1250
vn -0.0963 0.9836 -0.1525
vn 0.0514 0.9932 -0.1047
vn 0.0248 0.9851 -0.1703
vn 0.0947 0.9950 -0.0325
vn 0.1223 0.9877 -0.0978
vn 0.0737 0.9961 0.0493
vn 0.1400 0.9899 0.0223
vn 0.0010 0.9957 0.0927
vn 0.0670 0.9905 0.1205
vn -0.0542 0.9889 0.1383
vn -0.7846 -0.3949 0.4781
vn -0.1996 -0.9787 0.0479
vn -0.1711 -0.9771 0.1267
vn -0.9038 -0.4039 0.1413
vn -0.1958 -0.9800 -0.0363
vn -0.8872 -0.4074 -0.2166
vn -0.9743 0.1750 0.1417
vn -0.9557 0.1705 -0.2400
vn -0.8462 0.1825 0.5006
vn -0.1595 -0.9807 -0.1128
vn -0.7327 -0.4128 -0.5410
vn -0.0966 -0.9807 -0.1700
vn -0.4663 -0.4107 -0.7835
vn -0.7920 0.1676 -0.5871
vn -0.5065 0.1685 -0.8456
vn -0.0165 -0.9800 -0.1983
vn -0.1265 -0.4099 -0.9033
vn 0.0682 -0.9786 -0.1941
vn 0.2326 -0.4016 -0.8858
vn -0.1436 0.1710 -0.9748
vn 0.2401 0.1769 -0.9545
vn 0.1442 -0.9769 -0.1575
vn 0.5559 -0.3964 -0.7306
vn 0.2002 -0.9751 -0.0949
vn 0.7961 -0.3866 -0.4657
vn 0.5854 0.1832 -0.7898
vn 0.8406 0.1914 -0.5066
vn 0.2275 -0.9736 -0.0158
vn 0.9150 -0.3823 -0.1285
vn 0.2227 -0.9725 0.0677
vn 0.8980 -0.3755 0.2291
vn 0.9690 0.1981 -0.1478
vn 0.9505 0.2045 0.2340
vn 0.1862 -0.9720 0.1430
vn 0.7435 -0.3758 0.5531
vn 0.1240 -0.9721 0.1990
vn 0.4775 -0.3740 0.7950
vn 0.7868 0.2072 0.5813
vn 0.5015 0.2078 0.8398
vn 0.4772 -0.3740 0.7952
vn 0.0451 -0.9728 0.2272
vn 0.1380 -0.3792 0.9150
vn -0.0385 -0.9739 0.2236
vn -0.2208 -0.3816 0.8976
vn 0.1381 0.2039 0.9692
vn -0.2461 0.1983 0.9487
vn 0.5011 0.2078 0.8400
vn -0.1143 -0.9755 0.1882
vn -0.5440 -0.3901 0.7429
vn -0.5911 0.1900 0.7839
vn -0.2457 0.1983 0.9488
vn -0.8462 0.1826 0.5006
vn 0.5015 0.2078 0.8399
vn 0.5014 0.2078 0.8399
vn 0.9505 0.2044 0.2340
vn -0.7920 0.1675 -0.5871
vn 0.5011 0.2078 0.8401
vn 0.7868 0.2072 0.5814
vn -0.9559 0.1705 -0.2391
vn -0.1436 0.1710 -0.9747
vn 0.9689 0.1981 -0.1483
vn 0.5857 0.1832 -0.7896
vn 0.5015 0.2079 0.8398
vn 0.2404 0.1769 -0.9544
vn 0.8407 0.1914 -0.5066
vn -0.7924 0.1675 -0.5866
vn -0.2458 0.1983 0.9488
vn 0.7869 0.2072 0.5813
vn 0.9690 0.1981 -0.1477
vn 0.1380 0.2039 0.9692
vn 0.2400 0.1769 -0.9545
vn 0.5854 0.1833 -0.7898
vn -0.9557 0.1705 -0.2401
vn -0.2306 0.4326 0.8716
vn -0.5494 0.4250 0.7194
vn -0.7848 0.4175 0.4581
vn -0.0810 0.9941 0.0726
vn -0.1518 0.9862 0.0659
vn -0.0542 0.9889 0.1384
vn 0.4586 0.4418 0.7710
vn 0.1236 0.4384 0.8903
vn 0.0011 0.9957 0.0929
vn 0.0670 0.9904 0.1206
vn 0.8736 0.4382 0.2118
vn 0.7224 0.4414 0.5323
vn 0.4589 0.4417 0.7709
vn 0.0739 0.9960 0.0495
vn 0.0672 0.9904 0.1205
vn 0.1402 0.9899 0.0223
vn 0.7723 0.4257 -0.4716
vn 0.8907 0.4323 -0.1405
vn 0.0949 0.9950 -0.0325
vn 0.1225 0.9876 -0.0980
vn 0.2181 0.4126 -0.8844
vn 0.5367 0.4185 -0.7327
vn 0.0516 0.9931 -0.1049
vn 0.0248 0.9850 -0.1705
vn -0.4708 0.4051 -0.7837
vn -0.1359 0.4077 -0.9029
vn -0.0306 0.9917 -0.1252
vn -0.0965 0.9836 -0.1527
vn -0.8854 0.4066 -0.2252
vn -0.7343 0.4044 -0.5453
vn -0.1034 0.9913 -0.0818
vn -0.1695 0.9840 -0.0544
vn -0.9028 0.4108 0.1270
vn -0.1244 0.9922 0.0001
vn -0.1096 -0.9898 0.0907
vn -0.0720 -0.9886 0.1323
vn -0.0208 -0.9876 0.1556
vn -0.0633 -0.9906 0.1214
vn -0.0170 -0.9897 0.1420
vn -0.0978 -0.9917 0.0840
vn 0.0353 -0.9869 0.1576
vn 0.0881 -0.9864 0.1389
vn 0.0335 -0.9890 0.1444
vn 0.0809 -0.9886 0.1270
vn 0.1297 -0.9864 0.1013
vn 0.1540 -0.9868 0.0509
vn 0.1189 -0.9885 0.0935
vn 0.1409 -0.9889 0.0479
vn 0.0810 -0.9886 0.1270
vn 0.1579 -0.9874 -0.0050
vn 0.1395 -0.9885 -0.0580
vn 0.1447 -0.9895 -0.0027
vn 0.1281 -0.9905 -0.0508
vn 0.1023 -0.9897 -0.1006
vn 0.0510 -0.9908 -0.1251
vn 0.0946 -0.9915 -0.0896
vn 0.0479 -0.9926 -0.1119
vn -0.0061 -0.9917 -0.1285
vn -0.0601 -0.9922 -0.1090
vn -0.0040 -0.9933 -0.1153
vn -0.0532 -0.9938 -0.0974
vn -0.1028 -0.9922 -0.0707
vn -0.1268 -0.9917 -0.0188
vn -0.0921 -0.9938 -0.0626
vn -0.1137 -0.9934 -0.0153
vn -0.1295 -0.9909 0.0379
vn -0.1161 -0.9926 0.0363
vn -0.8423 -0.1812 0.5076
vn -0.3064 -0.8433 0.4414
vn -0.4431 -0.8494 0.2867
vn -0.5869 -0.1716 0.7912
vn -0.1179 -0.8421 0.5263
vn -0.2410 -0.1652 0.9564
vn -0.5988 0.0046 0.8009
vn -0.2473 0.0128 0.9688
vn -0.8586 -0.0044 0.5127
vn 0.0888 -0.8374 0.5393
vn 0.1435 -0.1583 0.9769
vn 0.2832 -0.8379 0.4665
vn 0.5074 -0.1560 0.8474
vn 0.1433 0.0192 0.9895
vn 0.5129 0.0226 0.8582
vn 0.5077 -0.1561 0.8473
vn 0.4394 -0.8355 0.3300
vn 0.2833 -0.8380 0.4664
vn 0.7938 -0.1548 0.5882
vn 0.5261 -0.8385 0.1419
vn 0.9577 -0.1589 0.2401
vn 0.8036 0.0226 0.5947
vn 0.9703 0.0190 0.2413
vn 0.5132 0.0226 0.8580
vn 0.5406 -0.8388 -0.0643
vn 0.9762 -0.1637 -0.1422
vn 0.4691 -0.8446 -0.2579
vn 0.8477 -0.1728 -0.5015
vn 0.9890 0.0126 -0.1473
vn 0.8586 0.0043 -0.5127
vn 0.3331 -0.8473 -0.4137
vn 0.5923 -0.1806 -0.7852
vn 0.1444 -0.8541 -0.4997
vn 0.2465 -0.1902 -0.9503
vn 0.5988 -0.0046 -0.8009
vn 0.2473 -0.0129 -0.9689
vn -0.0634 -0.8558 -0.5134
vn -0.1381 -0.1958 -0.9709
vn -0.2589 -0.8597 -0.4403
vn -0.5021 -0.2003 -0.8413
vn -0.1433 -0.0192 -0.9895
vn -0.5130 -0.0227 -0.8581
vn -0.4159 -0.8575 -0.3028
vn -0.7884 -0.1991 -0.5821
vn -0.5023 -0.8572 -0.1135
vn -0.9522 -0.1963 -0.2341
vn -0.8036 -0.0226 -0.5947
vn -0.9703 -0.0191 -0.2413
vn -0.5158 -0.8516 0.0933
vn -0.9708 -0.1885 0.1482
vn -0.9890 -0.0126 0.1473
vn -0.2473 0.0129 0.9688
vn -0.2478 0.0129 0.9687
vn -0.8586 -0.0043 0.5127
vn -0.9703 -0.0190 -0.2413
vn -0.9889 -0.0126 0.1479
vn -0.5130 -0.0226 -0.8581
vn 0.2473 -0.0129 -0.9688
vn 0.8586 0.0044 -0.5127
vn 0.8586 0.0043 -0.5126
vn 0.8036 0.0225 0.5947
vn 0.5129 0.0226 0.8581
vn -0.1285 -0.9864 0.1023
vn -0.0851 -0.9850 0.1504
vn -0.0259 -0.9840 0.1764
vn -0.1482 -0.9887 -0.0238
vn -0.1521 -0.9875 0.0419
vn -0.0714 -0.9892 -0.1277
vn -0.1213 -0.9891 -0.0839
vn 0.0567 -0.9876 -0.1463
vn -0.0091 -0.9885 -0.1510
vn 0.1586 -0.9849 -0.0691
vn 0.1165 -0.9861 -0.1186
vn 0.1753 -0.9829 0.0565
vn 0.1806 -0.9835 -0.0080
vn 0.0990 -0.9826 0.1572
vn 0.1479 -0.9823 0.1148
vn 0.0386 -0.9829 0.1802
vn 0.0990 -0.9826 0.1573
vt 0.886056 0.979668
vt 0.888943 0.980408
vt 0.887283 0.980878
vt 0.888389 0.976576
vt 0.891506 0.978904
vt 0.890670 0.980404
vt 0.892243 0.976036
vt 0.892720 0.977687
vt 0.890724 0.973485
vt 0.892235 0.974320
vt 0.887837 0.972745
vt 0.889496 0.972274
vt 0.885274 0.974249
vt 0.886110 0.972749
vt 0.884536 0.977116
vt 0.884059 0.975466
vt 0.884545 0.978833
vt 0.695143 0.447339
vt 0.682602 0.438314
vt 0.695957 0.445390
vt 0.681713 0.440239
vt 0.669337 0.431330
vt 0.668408 0.433188
vt 0.680645 0.442538
vt 0.667302 0.435402
vt 0.694173 0.449638
vt 0.656503 0.423900
vt 0.655499 0.425783
vt 0.643589 0.416762
vt 0.642554 0.418582
vt 0.654313 0.428005
vt 0.641336 0.420725
vt 0.630928 0.409190
vt 0.629847 0.410998
vt 0.618016 0.401909
vt 0.616891 0.403686
vt 0.628545 0.413158
vt 0.615559 0.405768
vt 0.605335 0.393967
vt 0.604147 0.395713
vt 0.592382 0.386116
vt 0.591124 0.387820
vt 0.602722 0.397807
vt 0.589648 0.389831
vt 0.579753 0.377326
vt 0.578377 0.378987
vt 0.567227 0.367989
vt 0.565746 0.369564
vt 0.576757 0.380993
vt 0.564030 0.371453
vt 0.555180 0.356780
vt 0.553448 0.358300
vt 0.544008 0.342803
vt 0.541771 0.344101
vt 0.551461 0.360133
vt 0.539548 0.346143
vt 0.757828 0.467419
vt 0.740097 0.462431
vt 0.757795 0.464815
vt 0.739699 0.464699
vt 0.724339 0.457819
vt 0.723741 0.459921
vt 0.739137 0.467363
vt 0.722992 0.462365
vt 0.757241 0.470416
vt 0.709938 0.451828
vt 0.709219 0.453866
vt 0.708323 0.456276
vt 0.713966 0.484728
vt 0.702637 0.469935
vt 0.717795 0.476556
vt 0.698828 0.477785
vt 0.688183 0.462909
vt 0.684346 0.470568
vt 0.694568 0.485613
vt 0.680183 0.478215
vt 0.709496 0.492868
vt 0.746897 0.497604
vt 0.734104 0.482489
vt 0.751749 0.487754
vt 0.729974 0.491225
vt 0.725005 0.499911
vt 0.741029 0.507218
vt 0.549483 0.390569
vt 0.541100 0.372126
vt 0.554532 0.383142
vt 0.535730 0.380080
vt 0.527561 0.359626
vt 0.521621 0.368744
vt 0.530820 0.388714
vt 0.516387 0.378599
vt 0.544778 0.398516
vt 0.576755 0.408898
vt 0.567958 0.392836
vt 0.581360 0.401716
vt 0.563170 0.400089
vt 0.558621 0.407707
vt 0.572310 0.416349
vt 0.603598 0.425143
vt 0.594724 0.409980
vt 0.607947 0.417934
vt 0.590238 0.417192
vt 0.585862 0.424586
vt 0.599294 0.432500
vt 0.630089 0.440502
vt 0.621134 0.425607
vt 0.634248 0.433200
vt 0.616868 0.432883
vt 0.612608 0.440253
vt 0.625879 0.447885
vt 0.656720 0.455691
vt 0.647440 0.440686
vt 0.660716 0.448230
vt 0.643372 0.448025
vt 0.639177 0.455469
vt 0.652584 0.463111
vt 0.674289 0.455612
vt 0.670373 0.463149
vt 0.666228 0.470680
vt 0.704480 0.500818
vt 0.689914 0.493279
vt 0.675744 0.485716
vt 0.684872 0.500782
vt 0.671022 0.493075
vt 0.698960 0.508570
vt 0.734410 0.516386
vt 0.719357 0.508351
vt 0.713121 0.516514
vt 0.727183 0.525099
vt 0.540503 0.406823
vt 0.526456 0.397794
vt 0.511903 0.388860
vt 0.522616 0.407228
vt 0.508103 0.399402
vt 0.536645 0.415451
vt 0.568116 0.423956
vt 0.554401 0.415571
vt 0.550506 0.423677
vt 0.564175 0.431726
vt 0.595119 0.439887
vt 0.581677 0.432057
vt 0.577683 0.439619
vt 0.591071 0.447315
vt 0.621688 0.455219
vt 0.608426 0.447604
vt 0.604318 0.454950
vt 0.617512 0.462514
vt 0.648340 0.470447
vt 0.634959 0.462819
vt 0.630700 0.470092
vt 0.643981 0.477697
vt 0.661907 0.478082
vt 0.657396 0.485366
vt 0.692984 0.516112
vt 0.679459 0.508120
vt 0.666019 0.500298
vt 0.673701 0.515293
vt 0.660744 0.507390
vt 0.686601 0.523436
vt 0.719460 0.533359
vt 0.706379 0.524381
vt 0.699205 0.531942
vt 0.711330 0.541178
vt 0.533186 0.424356
vt 0.519274 0.416938
vt 0.504927 0.410135
vt 0.516399 0.426857
vt 0.502321 0.420986
vt 0.530107 0.433492
vt 0.560481 0.439661
vt 0.546929 0.432008
vt 0.543657 0.440546
vt 0.557028 0.447757
vt 0.587148 0.454797
vt 0.573875 0.447286
vt 0.570246 0.455061
vt 0.583345 0.462341
vt 0.613345 0.469780
vt 0.600277 0.462304
vt 0.596299 0.469679
vt 0.609181 0.477030
vt 0.639499 0.484867
vt 0.626390 0.477302
vt 0.622020 0.484461
vt 0.634890 0.491963
vt 0.652689 0.492539
vt 0.647785 0.499611
vt 0.679861 0.530539
vt 0.667625 0.522301
vt 0.655208 0.514356
vt 0.661262 0.529145
vt 0.649431 0.521200
vt 0.672809 0.537420
vt 0.702869 0.548568
vt 0.691666 0.539193
vt 0.683821 0.546138
vt 0.694142 0.555550
vt 0.527386 0.442817
vt 0.513960 0.436929
vt 0.500232 0.431903
vt 0.511924 0.447105
vt 0.498612 0.442839
vt 0.525000 0.452292
vt 0.553802 0.456005
vt 0.540676 0.449267
vt 0.537967 0.458145
vt 0.550792 0.464394
vt 0.579654 0.469955
vt 0.566786 0.462949
vt 0.563485 0.470946
vt 0.576065 0.477645
vt 0.605012 0.484274
vt 0.592374 0.477084
vt 0.588496 0.484528
vt 0.600833 0.491523
vt 0.630152 0.498994
vt 0.617586 0.491582
vt 0.613082 0.498676
vt 0.625285 0.505969
vt 0.642687 0.506588
vt 0.637401 0.513479
vt 0.665491 0.544080
vt 0.654646 0.535828
vt 0.643431 0.527930
vt 0.647807 0.542355
vt 0.637231 0.534551
vt 0.657947 0.550525
vt 0.685204 0.562143
vt 0.675722 0.552785
vt 0.667419 0.559145
vt 0.676106 0.568369
vt 0.522924 0.461882
vt 0.510257 0.457345
vt 0.497416 0.453760
vt 0.508924 0.467616
vt 0.496599 0.464635
vt 0.521132 0.471555
vt 0.547981 0.472909
vt 0.535513 0.467155
vt 0.533291 0.476274
vt 0.545353 0.481537
vt 0.572568 0.485412
vt 0.560330 0.479050
vt 0.557307 0.487255
vt 0.569153 0.493259
vt 0.596638 0.498787
vt 0.584657 0.492018
vt 0.580848 0.499561
vt 0.592422 0.506074
vt 0.620292 0.512898
vt 0.608507 0.505755
vt 0.603860 0.512827
vt 0.615178 0.519791
vt 0.631938 0.520292
vt 0.626310 0.527035
vt 0.650216 0.556765
vt 0.640777 0.548733
vt 0.630853 0.541069
vt 0.633586 0.554970
vt 0.624321 0.547494
vt 0.642334 0.562810
vt 0.666891 0.574255
vt 0.658954 0.565233
vt 0.650366 0.571066
vt 0.657597 0.579824
vt 0.519597 0.481283
vt 0.507891 0.477890
vt 0.496118 0.475441
vt 0.507124 0.488142
vt 0.495932 0.486160
vt 0.518291 0.491043
vt 0.542889 0.490262
vt 0.531281 0.485479
vt 0.529460 0.494749
vt 0.540572 0.499069
vt 0.565809 0.501182
vt 0.554401 0.495551
vt 0.551599 0.503931
vt 0.562523 0.509180
vt 0.588181 0.513391
vt 0.577062 0.507159
vt 0.573291 0.514815
vt 0.583912 0.520744
vt 0.609951 0.526654
vt 0.599142 0.519900
vt 0.594355 0.526983
vt 0.604618 0.533497
vt 0.620532 0.533715
vt 0.614619 0.540340
vt 0.634336 0.568673
vt 0.626264 0.561076
vt 0.617656 0.553832
vt 0.618837 0.567062
vt 0.610883 0.560093
vt 0.626251 0.574370
vt 0.648260 0.585104
vt 0.641690 0.576663
vt 0.632959 0.582045
vt 0.638909 0.590123
vt 0.517186 0.500812
vt 0.506589 0.498353
vt 0.496001 0.496775
vt 0.506253 0.508508
vt 0.496288 0.507277
vt 0.516254 0.510573
vt 0.538382 0.507943
vt 0.527804 0.504065
vt 0.526290 0.513410
vt 0.536301 0.516869
vt 0.559285 0.517249
vt 0.548884 0.512386
vt 0.546242 0.520905
vt 0.556084 0.525382
vt 0.579613 0.528135
vt 0.569528 0.522529
vt 0.565766 0.530299
vt 0.575283 0.535567
vt 0.599190 0.540326
vt 0.589504 0.534081
vt 0.584591 0.541198
vt 0.593676 0.547147
vt 0.608588 0.546918
vt 0.602454 0.553456
vt 0.618107 0.579917
vt 0.611332 0.572940
vt 0.604023 0.566287
vt 0.603773 0.578725
vt 0.597096 0.572424
vt 0.609931 0.585331
vt 0.629572 0.594908
vt 0.624200 0.587233
vt 0.615440 0.592250
vt 0.620271 0.599487
vt 0.515466 0.520311
vt 0.506083 0.518594
vt 0.496755 0.517658
vt 0.506048 0.528601
vt 0.497367 0.527912
vt 0.514795 0.530015
vt 0.534308 0.525836
vt 0.524895 0.522769
vt 0.523594 0.532129
vt 0.532385 0.534830
vt 0.552910 0.533575
vt 0.543658 0.529479
vt 0.541118 0.538097
vt 0.549754 0.541819
vt 0.570922 0.543042
vt 0.562002 0.538124
vt 0.558229 0.545999
vt 0.566529 0.550557
vt 0.588088 0.553967
vt 0.579623 0.548338
vt 0.574605 0.555503
vt 0.582438 0.560789
vt 0.596235 0.559962
vt 0.589947 0.566443
vt 0.601746 0.590631
vt 0.596182 0.584429
vt 0.590122 0.578512
vt 0.588579 0.590067
vt 0.583121 0.584563
vt 0.593572 0.595835
vt 0.611027 0.603889
vt 0.606700 0.597120
vt 0.598000 0.601865
vt 0.601854 0.608142
vt 0.514215 0.539673
vt 0.506117 0.538523
vt 0.498091 0.538038
vt 0.506261 0.548355
vt 0.498897 0.548037
vt 0.513700 0.549279
vt 0.530515 0.543840
vt 0.522367 0.541477
vt 0.521190 0.550806
vt 0.528680 0.552857
vt 0.546605 0.550107
vt 0.538608 0.546749
vt 0.536116 0.555427
vt 0.543458 0.558433
vt 0.562107 0.558112
vt 0.554444 0.553919
vt 0.550645 0.561880
vt 0.557657 0.565703
vt 0.576736 0.567618
vt 0.569544 0.562694
vt 0.564447 0.569911
vt 0.570994 0.574456
vt 0.583607 0.572906
vt 0.577229 0.579356
vt 0.585427 0.600961
vt 0.580983 0.595651
vt 0.576109 0.590585
vt 0.573411 0.601196
vt 0.569103 0.596588
vt 0.577326 0.606027
vt 0.592767 0.612271
vt 0.589355 0.606508
vt 0.580780 0.611071
vt 0.583774 0.616304
vt 0.513226 0.558826
vt 0.506455 0.558097
vt 0.499755 0.557911
vt 0.506673 0.567748
vt 0.500640 0.567667
vt 0.512771 0.568311
vt 0.526863 0.561870
vt 0.520045 0.560106
vt 0.518912 0.569370
vt 0.525051 0.570871
vt 0.540304 0.566786
vt 0.533629 0.564120
vt 0.531139 0.572821
vt 0.537138 0.575159
vt 0.553183 0.573328
vt 0.546828 0.569875
vt 0.542995 0.577896
vt 0.548688 0.580979
vt 0.565225 0.581306
vt 0.559321 0.577153
vt 0.554175 0.584417
vt 0.559439 0.588168
vt 0.570830 0.585800
vt 0.564422 0.592241
vt 0.569282 0.611049
vt 0.565874 0.606713
vt 0.562116 0.602578
vt 0.558385 0.612210
vt 0.555159 0.608559
vt 0.561302 0.616039
vt 0.574879 0.620264
vt 0.572282 0.615575
vt 0.563865 0.620035
vt 0.566082 0.624171
vt 0.512319 0.577734
vt 0.506896 0.577313
vt 0.501532 0.577313
vt 0.507109 0.586797
vt 0.502414 0.586862
vt 0.511855 0.587094
vt 0.523232 0.579852
vt 0.517777 0.578595
vt 0.516630 0.587776
vt 0.521399 0.588808
vt 0.533958 0.583542
vt 0.528638 0.581518
vt 0.526121 0.590205
vt 0.530763 0.591926
vt 0.544177 0.588651
vt 0.539144 0.585935
vt 0.535281 0.593983
vt 0.539657 0.596336
vt 0.553648 0.595042
vt 0.549016 0.591700
vt 0.543855 0.598995
vt 0.547861 0.601924
vt 0.558020 0.598683
vt 0.551635 0.605126
vt 0.553387 0.621004
vt 0.550948 0.617689
vt 0.548242 0.614530
vt 0.543677 0.623050
vt 0.541474 0.620379
vt 0.545652 0.625857
vt 0.557370 0.628042
vt 0.555524 0.624465
vt 0.547374 0.628788
vt 0.548855 0.631814
vt 0.511376 0.596396
vt 0.507306 0.596210
vt 0.503280 0.596330
vt 0.507501 0.605419
vt 0.504135 0.605592
vt 0.510905 0.605498
vt 0.519551 0.597731
vt 0.515466 0.596911
vt 0.514323 0.605854
vt 0.517734 0.606473
vt 0.527556 0.600300
vt 0.523590 0.598871
vt 0.521103 0.607369
vt 0.524404 0.608517
vt 0.535134 0.604022
vt 0.531409 0.602027
vt 0.527605 0.609927
vt 0.530692 0.611572
vt 0.542090 0.608806
vt 0.538698 0.606292
vt 0.533637 0.613458
vt 0.536433 0.615562
vt 0.545276 0.611565
vt 0.539049 0.617879
vt 0.538185 0.630467
vt 0.536661 0.628155
vt 0.534944 0.625969
vt 0.531322 0.631844
vt 0.529976 0.630067
vt 0.532504 0.633745
vt 0.540608 0.635383
vt 0.539496 0.632886
vt 0.533474 0.635759
vt 0.534246 0.637872
vt 0.510517 0.614258
vt 0.507762 0.614291
vt 0.505039 0.614534
vt 0.508193 0.620954
vt 0.505969 0.621308
vt 0.510426 0.620819
vt 0.516031 0.614892
vt 0.513282 0.614461
vt 0.512665 0.620924
vt 0.514875 0.621232
vt 0.521388 0.616443
vt 0.518740 0.615560
vt 0.517048 0.621743
vt 0.519168 0.622434
vt 0.526411 0.618851
vt 0.523949 0.617547
vt 0.521217 0.623307
vt 0.523185 0.624345
vt 0.530971 0.622054
vt 0.528754 0.620362
vt 0.525050 0.625559
vt 0.526822 0.626912
vt 0.533037 0.623932
vt 0.528460 0.628425
vt 0.530237 0.634895
vt 0.529184 0.633224
vt 0.527985 0.631648
vt 0.528002 0.633971
vt 0.527280 0.632204
vt 0.529425 0.635281
vt 0.531613 0.638637
vt 0.531053 0.636675
vt 0.529695 0.637091
vt 0.530666 0.638662
vt 0.510529 0.623361
vt 0.508573 0.623515
vt 0.506586 0.623981
vt 0.508873 0.624903
vt 0.507026 0.624820
vt 0.510587 0.624258
vt 0.514468 0.623744
vt 0.512505 0.623466
vt 0.512430 0.624862
vt 0.514329 0.624630
vt 0.518302 0.624823
vt 0.516406 0.624201
vt 0.516054 0.625554
vt 0.517996 0.625668
vt 0.521903 0.626532
vt 0.520139 0.625602
vt 0.519542 0.626872
vt 0.521447 0.627310
vt 0.525157 0.628839
vt 0.523577 0.627619
vt 0.522762 0.628760
vt 0.524569 0.629520
vt 0.526626 0.630189
vt 0.525622 0.631160
vt 0.720950 0.468518
vt 0.705983 0.462216
vt 0.691668 0.455388
vt 0.755340 0.477939
vt 0.737299 0.473921
vt 0.559806 0.376346
vt 0.546796 0.365044
vt 0.534104 0.351588
vt 0.586012 0.394906
vt 0.572863 0.386035
vt 0.612249 0.410995
vt 0.599220 0.403046
vt 0.638282 0.426104
vt 0.625326 0.418539
vt 0.664495 0.440947
vt 0.651353 0.433505
vt 0.677945 0.448217
vt 0.698366 0.439495
vt 0.711945 0.445849
vt 0.726021 0.451444
vt 0.713940 0.439443
vt 0.727554 0.444552
vt 0.700833 0.433159
vt 0.740942 0.455692
vt 0.757202 0.457146
vt 0.741459 0.448435
vt 0.755849 0.449274
vt 0.550855 0.339399
vt 0.560495 0.352617
vt 0.571811 0.363280
vt 0.566415 0.348460
vt 0.576906 0.358424
vt 0.558263 0.336539
vt 0.583833 0.372535
vt 0.596209 0.381008
vt 0.588276 0.367526
vt 0.600371 0.375620
vt 0.608821 0.388899
vt 0.621421 0.396561
vt 0.612573 0.383535
vt 0.625081 0.390877
vt 0.634086 0.403931
vt 0.646711 0.411265
vt 0.637455 0.398342
vt 0.650041 0.405396
vt 0.659404 0.418485
vt 0.672177 0.425676
vt 0.662475 0.412720
vt 0.675169 0.419622
vt 0.685158 0.432696
vt 0.687823 0.426702
vt 0.702637 0.428297
vt 0.715204 0.435142
vt 0.702374 0.429016
vt 0.715425 0.434385
vt 0.728418 0.440033
vt 0.728563 0.439255
vt 0.715866 0.432878
vt 0.728856 0.437709
vt 0.703166 0.426855
vt 0.741724 0.443618
vt 0.741775 0.442784
vt 0.754804 0.444359
vt 0.754713 0.443536
vt 0.741886 0.441141
vt 0.754710 0.441911
vt 0.563738 0.334568
vt 0.570388 0.345754
vt 0.562990 0.334914
vt 0.571073 0.345280
vt 0.580308 0.355355
vt 0.580896 0.354828
vt 0.572412 0.344335
vt 0.582064 0.353774
vt 0.565119 0.333740
vt 0.591293 0.364220
vt 0.591826 0.363638
vt 0.603119 0.372153
vt 0.603598 0.371554
vt 0.592885 0.362478
vt 0.604559 0.370354
vt 0.615111 0.379949
vt 0.615563 0.379316
vt 0.627472 0.387191
vt 0.627890 0.386553
vt 0.616471 0.378052
vt 0.628732 0.385278
vt 0.639723 0.394587
vt 0.640126 0.393923
vt 0.652207 0.401578
vt 0.652582 0.400915
vt 0.640934 0.392598
vt 0.653333 0.399588
vt 0.664535 0.408836
vt 0.664898 0.408148
vt 0.677089 0.415684
vt 0.677419 0.414999
vt 0.665618 0.406774
vt 0.678080 0.413621
vt 0.689582 0.422673
vt 0.689891 0.421957
vt 0.690504 0.420527
vt 0.704182 0.424072
vt 0.716701 0.429991
vt 0.729414 0.434748
vt 0.717727 0.426420
vt 0.730105 0.431093
vt 0.705445 0.420597
vt 0.679355 0.410958
vt 0.691676 0.417780
vt 0.693129 0.414369
vt 0.680951 0.407627
vt 0.654788 0.397023
vt 0.667002 0.404133
vt 0.668724 0.400850
vt 0.656608 0.393808
vt 0.630359 0.382814
vt 0.642486 0.390052
vt 0.644416 0.386886
vt 0.632395 0.379728
vt 0.606417 0.368042
vt 0.618216 0.375626
vt 0.620383 0.372615
vt 0.608734 0.365154
vt 0.584302 0.351755
vt 0.594919 0.360261
vt 0.597436 0.357520
vt 0.587061 0.349255
vt 0.567713 0.332136
vt 0.574926 0.342528
vt 0.577960 0.340320
vt 0.570855 0.330134
vt 0.742112 0.438037
vt 0.754751 0.438827
vt 0.742406 0.434280
vt 0.754829 0.435063
vt 0.701971 0.430113
vt 0.714871 0.436294
vt 0.728198 0.441229
vt 0.676588 0.416721
vt 0.689113 0.423754
vt 0.651634 0.402588
vt 0.663982 0.409886
vt 0.626839 0.388166
vt 0.639114 0.395594
vt 0.602390 0.373067
vt 0.614429 0.380909
vt 0.579409 0.356158
vt 0.590483 0.365102
vt 0.561763 0.335345
vt 0.569329 0.346480
vt 0.741652 0.444900
vt 0.755069 0.445639
s 1
usemtl standardSurface1_1001.001
f 1/1/1 3/2/2 2/3/3
f 3/2/2 1/1/1 4/4/4
f 3/2/2 6/5/5 5/6/6
f 6/5/5 3/2/2 4/4/4
f 6/5/5 8/7/7 7/8/8
f 8/7/7 6/5/5 4/4/4
f 8/7/7 10/9/9 9/10/10
f 10/9/9 8/7/7 4/4/4
f 10/9/9 12/11/11 11/12/12
f 12/11/11 10/9/9 4/4/4
f 12/11/11 14/13/13 13/14/14
f 14/13/13 12/11/11 4/4/4
f 14/13/13 16/15/15 15/16/16
f 16/15/15 14/13/13 4/4/4
f 16/15/15 1/1/1 17/17/17
f 1/1/1 16/15/15 4/4/4
f 18/18/18 20/19/19 19/20/20
f 20/19/19 18/18/18 21/21/21
f 21/21/21 22/22/22 20/19/19
f 22/22/22 21/21/21 23/23/23
f 24/24/24 23/23/23 21/21/21
f 23/23/23 24/24/24 25/25/25
f 26/26/26 21/21/21 18/18/18
f 21/21/21 26/26/26 24/24/24
f 23/23/23 27/27/27 22/22/22
f 27/27/27 23/23/23 28/28/28
f 28/28/28 29/29/29 27/27/27
f 29/29/29 28/28/28 30/30/30
f 31/31/31 30/30/30 28/28/28
f 30/30/30 31/31/31 32/32/32
f 25/25/25 28/28/28 23/23/23
f 28/28/28 25/25/25 31/31/31
f 30/30/30 33/33/33 29/29/29
f 33/33/33 30/30/30 34/34/34
f 34/34/34 35/35/35 33/33/33
f 35/35/35 34/34/34 36/36/36
f 37/37/37 36/36/36 34/34/34
f 36/36/36 37/37/37 38/38/38
f 32/32/32 34/34/34 30/30/30
f 34/34/34 32/32/32 37/37/37
f 36/36/36 39/39/39 35/35/35
f 39/39/39 36/36/36 40/40/40
f 40/40/40 41/41/41 39/39/39
f 41/41/41 40/40/40 42/42/42
f 43/43/43 42/42/42 40/40/40
f 42/42/42 43/43/43 44/44/44
f 38/38/38 40/40/40 36/36/36
f 40/40/40 38/38/38 43/43/43
f 42/42/42 45/45/45 41/41/41
f 45/45/45 42/42/42 46/46/46
f 46/46/46 47/47/47 45/45/45
f 47/47/47 46/46/46 48/48/48
f 49/49/49 48/48/48 46/46/46
f 48/48/48 49/49/49 50/50/50
f 44/44/44 46/46/46 42/42/42
f 46/46/46 44/44/44 49/49/49
f 48/48/48 51/51/51 47/47/47
f 51/51/51 48/48/48 52/52/52
f 52/52/52 53/53/53 51/51/51
f 53/53/53 52/52/52 54/54/54
f 55/55/55 54/54/54 52/52/52
f 54/54/54 55/55/55 56/56/56
f 50/50/50 52/52/52 48/48/48
f 52/52/52 50/50/50 55/55/55
f 57/57/57 59/58/58 58/59/53
f 59/58/58 57/57/57 60/60/59
f 60/60/59 61/61/60 59/58/58
f 61/61/60 60/60/59 62/62/61
f 63/63/62 62/62/61 60/60/59
f 62/62/61 63/63/62 64/64/63
f 65/65/64 60/60/59 57/57/57
f 60/60/59 65/65/64 63/63/62
f 62/62/61 66/66/65 61/61/60
f 66/66/65 62/62/61 67/67/66
f 67/67/66 19/20/20 66/66/65
f 19/20/20 67/67/66 18/18/18
f 68/68/67 18/18/18 67/67/66
f 18/18/18 68/68/67 26/26/26
f 64/64/63 67/67/66 62/62/61
f 67/67/66 64/64/63 68/68/67
f 69/69/68 71/70/67 70/71/68
f 71/70/67 69/69/68 72/72/67
f 72/72/67 73/73/69 71/70/67
f 73/73/69 72/72/67 74/74/26
f 75/75/67 74/74/26 72/72/67
f 74/74/26 75/75/67 76/76/26
f 77/77/68 72/72/67 69/69/68
f 72/72/67 77/77/68 75/75/67
f 78/78/64 80/79/62 79/80/64
f 80/79/62 78/78/64 81/81/62
f 81/81/62 70/71/68 80/79/62
f 70/71/68 81/81/62 69/69/68
f 82/82/62 69/69/68 81/81/62
f 69/69/68 82/82/62 77/77/68
f 83/83/64 81/81/62 78/78/64
f 81/81/62 83/83/64 82/82/62
f 84/84/50 86/85/55 85/86/50
f 86/85/55 84/84/50 87/87/55
f 87/87/55 88/88/70 86/85/55
f 88/88/70 87/87/55 89/89/71
f 90/90/55 89/89/71 87/87/55
f 89/89/71 90/90/55 91/91/56
f 92/92/72 87/87/55 84/84/50
f 87/87/55 92/92/72 90/90/55
f 93/93/44 95/94/49 94/95/44
f 95/94/49 93/93/44 96/96/49
f 96/96/49 85/86/50 95/94/49
f 85/86/50 96/96/49 84/84/50
f 97/97/49 84/84/50 96/96/49
f 84/84/50 97/97/49 92/92/72
f 98/98/44 96/96/49 93/93/44
f 96/96/49 98/98/44 97/97/49
f 99/99/38 101/100/43 100/101/38
f 101/100/43 99/99/38 102/102/43
f 102/102/43 94/95/44 101/100/43
f 94/95/44 102/102/43 93/93/44
f 103/103/43 93/93/44 102/102/43
f 93/93/44 103/103/43 98/98/44
f 104/104/38 102/102/43 99/99/38
f 102/102/43 104/104/38 103/103/43
f 105/105/32 107/106/37 106/107/32
f 107/106/37 105/105/32 108/108/37
f 108/108/37 100/101/38 107/106/37
f 100/101/38 108/108/37 99/99/38
f 109/109/37 99/99/38 108/108/37
f 99/99/38 109/109/37 104/104/38
f 110/110/32 108/108/37 105/105/32
f 108/108/37 110/110/32 109/109/37
f 111/111/25 113/112/31 112/113/25
f 113/112/31 111/111/25 114/114/73
f 114/114/73 106/107/32 113/112/31
f 106/107/32 114/114/73 105/105/32
f 115/115/73 105/105/32 114/114/73
f 105/105/32 115/115/73 110/110/32
f 116/116/25 114/114/73 111/111/25
f 114/114/73 116/116/25 115/115/73
f 74/74/26 117/117/24 73/73/69
f 117/117/24 74/74/26 118/118/24
f 118/118/24 112/113/25 117/117/24
f 112/113/25 118/118/24 111/111/25
f 119/119/24 111/111/25 118/118/24
f 111/111/25 119/119/24 116/116/25
f 76/76/26 118/118/24 74/74/26
f 118/118/24 76/76/26 119/119/24
f 120/120/68 75/75/67 77/77/68
f 75/75/67 120/120/68 121/121/67
f 121/121/67 76/76/26 75/75/67
f 76/76/26 121/121/67 122/122/69
f 123/123/67 122/122/69 121/121/67
f 122/122/69 123/123/67 124/124/69
f 125/125/68 121/121/67 120/120/68
f 121/121/67 125/125/68 123/123/67
f 126/126/64 82/82/62 83/83/64
f 82/82/62 126/126/64 127/127/62
f 127/127/62 77/77/68 82/82/62
f 77/77/68 127/127/62 120/120/68
f 128/128/62 120/120/68 127/127/62
f 120/120/68 128/128/62 125/125/68
f 129/129/64 127/127/62 126/126/64
f 127/127/62 129/129/64 128/128/62
f 130/130/50 90/90/55 92/92/72
f 90/90/55 130/130/50 131/131/55
f 131/131/55 91/91/56 90/90/55
f 91/91/56 131/131/55 132/132/56
f 133/133/55 132/132/56 131/131/55
f 132/132/56 133/133/55 134/134/71
f 135/135/50 131/131/55 130/130/50
f 131/131/55 135/135/50 133/133/55
f 136/136/44 97/97/49 98/98/44
f 97/97/49 136/136/44 137/137/49
f 137/137/49 92/92/72 97/97/49
f 92/92/72 137/137/49 130/130/50
f 138/138/49 130/130/50 137/137/49
f 130/130/50 138/138/49 135/135/50
f 139/139/44 137/137/49 136/136/44
f 137/137/49 139/139/44 138/138/49
f 140/140/38 103/103/43 104/104/38
f 103/103/43 140/140/38 141/141/43
f 141/141/43 98/98/44 103/103/43
f 98/98/44 141/141/43 136/136/44
f 142/142/43 136/136/44 141/141/43
f 136/136/44 142/142/43 139/139/44
f 143/143/38 141/141/43 140/140/38
f 141/141/43 143/143/38 142/142/43
f 144/144/32 109/109/37 110/110/32
f 109/109/37 144/144/32 145/145/37
f 145/145/37 104/104/38 109/109/37
f 104/104/38 145/145/37 140/140/38
f 146/146/37 140/140/38 145/145/37
f 140/140/38 146/146/37 143/143/38
f 147/147/32 145/145/37 144/144/32
f 145/145/37 147/147/32 146/146/37
f 148/148/25 115/115/73 116/116/25
f 115/115/73 148/148/25 149/149/73
f 149/149/73 110/110/32 115/115/73
f 110/110/32 149/149/73 144/144/32
f 150/150/73 144/144/32 149/149/73
f 144/144/32 150/150/73 147/147/32
f 151/151/25 149/149/73 148/148/25
f 149/149/73 151/151/25 150/150/73
f 122/122/69 119/119/24 76/76/26
f 119/119/24 122/122/69 152/152/24
f 152/152/24 116/116/25 119/119/24
f 116/116/25 152/152/24 148/148/25
f 153/153/24 148/148/25 152/152/24
f 148/148/25 153/153/24 151/151/25
f 124/124/69 152/152/24 122/122/69
f 152/152/24 124/124/69 153/153/24
f 154/154/68 123/123/67 125/125/68
f 123/123/67 154/154/68 155/155/67
f 155/155/67 124/124/69 123/123/67
f 124/124/69 155/155/67 156/156/26
f 157/157/67 156/156/26 155/155/67
f 156/156/26 157/157/67 158/158/69
f 159/159/68 155/155/67 154/154/68
f 155/155/67 159/159/68 157/157/67
f 160/160/64 128/128/62 129/129/64
f 128/128/62 160/160/64 161/161/62
f 161/161/62 125/125/68 128/128/62
f 125/125/68 161/161/62 154/154/68
f 162/162/62 154/154/68 161/161/62
f 154/154/68 162/162/62 159/159/68
f 163/163/74 161/161/62 160/160/64
f 161/161/62 163/163/74 162/162/62
f 164/164/50 133/133/55 135/135/50
f 133/133/55 164/164/50 165/165/55
f 165/165/55 134/134/71 133/133/55
f 134/134/71 165/165/55 166/166/71
f 167/167/55 166/166/71 165/165/55
f 166/166/71 167/167/55 168/168/71
f 169/169/72 165/165/55 164/164/50
f 165/165/55 169/169/72 167/167/55
f 170/170/44 138/138/49 139/139/44
f 138/138/49 170/170/44 171/171/49
f 171/171/49 135/135/50 138/138/49
f 135/135/50 171/171/49 164/164/50
f 172/172/49 164/164/50 171/171/49
f 164/164/50 172/172/49 169/169/72
f 173/173/44 171/171/49 170/170/44
f 171/171/49 173/173/44 172/172/49
f 174/174/38 142/142/43 143/143/38
f 142/142/43 174/174/38 175/175/43
f 175/175/43 139/139/44 142/142/43
f 139/139/44 175/175/43 170/170/44
f 176/176/43 170/170/44 175/175/43
f 170/170/44 176/176/43 173/173/44
f 177/177/38 175/175/43 174/174/38
f 175/175/43 177/177/38 176/176/43
f 178/178/32 146/146/37 147/147/32
f 146/146/37 178/178/32 179/179/37
f 179/179/37 143/143/38 146/146/37
f 143/143/38 179/179/37 174/174/38
f 180/180/37 174/174/38 179/179/37
f 174/174/38 180/180/37 177/177/38
f 181/181/32 179/179/37 178/178/32
f 179/179/37 181/181/32 180/180/37
f 182/182/25 150/150/73 151/151/25
f 150/150/73 182/182/25 183/183/73
f 183/183/73 147/147/32 150/150/73
f 147/147/32 183/183/73 178/178/32
f 184/184/31 178/178/32 183/183/73
f 178/178/32 184/184/31 181/181/32
f 185/185/25 183/183/73 182/182/25
f 183/183/73 185/185/25 184/184/31
f 156/156/26 153/153/24 124/124/69
f 153/153/24 156/156/26 186/186/24
f 186/186/24 151/151/25 153/153/24
f 151/151/25 186/186/24 182/182/25
f 187/187/24 182/182/25 186/186/24
f 182/182/25 187/187/24 185/185/25
f 158/158/69 186/186/24 156/156/26
f 186/186/24 158/158/69 187/187/24
f 188/188/68 157/157/67 159/159/68
f 157/157/67 188/188/68 189/189/67
f 189/189/67 158/158/69 157/157/67
f 158/158/69 189/189/67 190/190/26
f 191/191/67 190/190/26 189/189/67
f 190/190/26 191/191/67 192/192/26
f 193/193/68 189/189/67 188/188/68
f 189/189/67 193/193/68 191/191/67
f 194/194/64 162/162/62 163/163/74
f 162/162/62 194/194/64 195/195/62
f 195/195/62 159/159/68 162/162/62
f 159/159/68 195/195/62 188/188/68
f 196/196/62 188/188/68 195/195/62
f 188/188/68 196/196/62 193/193/68
f 197/197/64 195/195/62 194/194/64
f 195/195/62 197/197/64 196/196/62
f 198/198/50 167/167/55 169/169/72
f 167/167/55 198/198/50 199/199/55
f 199/199/55 168/168/71 167/167/55
f 168/168/71 199/199/55 200/200/71
f 201/201/75 200/200/71 199/199/55
f 200/200/71 201/201/75 202/202/71
f 203/203/50 199/199/55 198/198/50
f 199/199/55 203/203/50 201/201/75
f 204/204/44 172/172/49 173/173/44
f 172/172/49 204/204/44 205/205/49
f 205/205/49 169/169/72 172/172/49
f 169/169/72 205/205/49 198/198/50
f 206/206/49 198/198/50 205/205/49
f 198/198/50 206/206/49 203/203/50
f 207/207/44 205/205/49 204/204/44
f 205/205/49 207/207/44 206/206/49
f 208/208/38 176/176/43 177/177/38
f 176/176/43 208/208/38 209/209/43
f 209/209/43 173/173/44 176/176/43
f 173/173/44 209/209/43 204/204/44
f 210/210/43 204/204/44 209/209/43
f 204/204/44 210/210/43 207/207/44
f 211/211/38 209/209/43 208/208/38
f 209/209/43 211/211/38 210/210/43
f 212/212/32 180/180/37 181/181/32
f 180/180/37 212/212/32 213/213/37
f 213/213/37 177/177/38 180/180/37
f 177/177/38 213/213/37 208/208/38
f 214/214/37 208/208/38 213/213/37
f 208/208/38 214/214/37 211/211/38
f 215/215/32 213/213/37 212/212/32
f 213/213/37 215/215/32 214/214/37
f 216/216/25 184/184/31 185/185/25
f 184/184/31 216/216/25 217/217/73
f 217/217/73 181/181/32 184/184/31
f 181/181/32 217/217/73 212/212/32
f 218/218/31 212/212/32 217/217/73
f 212/212/32 218/218/31 215/215/32
f 219/219/76 217/217/73 216/216/25
f 217/217/73 219/219/76 218/218/31
f 190/190/26 187/187/24 158/158/69
f 187/187/24 190/190/26 220/220/24
f 220/220/24 185/185/25 187/187/24
f 185/185/25 220/220/24 216/216/25
f 221/221/24 216/216/25 220/220/24
f 216/216/25 221/221/24 219/219/76
f 192/192/26 220/220/24 190/190/26
f 220/220/24 192/192/26 221/221/24
f 222/222/68 191/191/67 193/193/68
f 191/191/67 222/222/68 223/223/67
f 223/223/67 192/192/26 191/191/67
f 192/192/26 223/223/67 224/224/26
f 225/225/67 224/224/26 223/223/67
f 224/224/26 225/225/67 226/226/26
f 227/227/68 223/223/67 222/222/68
f 223/223/67 227/227/68 225/225/67
f 228/228/64 196/196/62 197/197/64
f 196/196/62 228/228/64 229/229/62
f 229/229/62 193/193/68 196/196/62
f 193/193/68 229/229/62 222/222/68
f 230/230/62 222/222/68 229/229/62
f 222/222/68 230/230/62 227/227/68
f 231/231/64 229/229/62 228/228/64
f 229/229/62 231/231/64 230/230/62
f 232/232/50 201/201/75 203/203/50
f 201/201/75 232/232/50 233/233/55
f 233/233/55 202/202/71 201/201/75
f 202/202/71 233/233/55 234/234/71
f 235/235/75 234/234/71 233/233/55
f 234/234/71 235/235/75 236/236/71
f 237/237/50 233/233/55 232/232/50
f 233/233/55 237/237/50 235/235/75
f 238/238/44 206/206/49 207/207/44
f 206/206/49 238/238/44 239/239/49
f 239/239/49 203/203/50 206/206/49
f 203/203/50 239/239/49 232/232/50
f 240/240/49 232/232/50 239/239/49
f 232/232/50 240/240/49 237/237/50
f 241/241/44 239/239/49 238/238/44
f 239/239/49 241/241/44 240/240/49
f 242/242/38 210/210/43 211/211/38
f 210/210/43 242/242/38 243/243/43
f 243/243/43 207/207/44 210/210/43
f 207/207/44 243/243/43 238/238/44
f 244/244/43 238/238/44 243/243/43
f 238/238/44 244/244/43 241/241/44
f 245/245/38 243/243/43 242/242/38
f 243/243/43 245/245/38 244/244/43
f 246/246/32 214/214/37 215/215/32
f 214/214/37 246/246/32 247/247/77
f 247/247/77 211/211/38 214/214/37
f 211/211/38 247/247/77 242/242/38
f 248/248/37 242/242/38 247/247/77
f 242/242/38 248/248/37 245/245/38
f 249/249/32 247/247/77 246/246/32
f 247/247/77 249/249/32 248/248/37
f 250/250/25 218/218/31 219/219/76
f 218/218/31 250/250/25 251/251/31
f 251/251/31 215/215/32 218/218/31
f 215/215/32 251/251/31 246/246/32
f 252/252/73 246/246/32 251/251/31
f 246/246/32 252/252/73 249/249/32
f 253/253/25 251/251/31 250/250/25
f 251/251/31 253/253/25 252/252/73
f 224/224/26 221/221/24 192/192/26
f 221/221/24 224/224/26 254/254/24
f 254/254/24 219/219/76 221/221/24
f 219/219/76 254/254/24 250/250/25
f 255/255/24 250/250/25 254/254/24
f 250/250/25 255/255/24 253/253/25
f 226/226/26 254/254/24 224/224/26
f 254/254/24 226/226/26 255/255/24
f 256/256/68 225/225/67 227/227/68
f 225/225/67 256/256/68 257/257/67
f 257/257/67 226/226/26 225/225/67
f 226/226/26 257/257/67 258/258/69
f 259/259/67 258/258/69 257/257/67
f 258/258/69 259/259/67 260/260/26
f 261/261/68 257/257/67 256/256/68
f 257/257/67 261/261/68 259/259/67
f 262/262/64 230/230/62 231/231/64
f 230/230/62 262/262/64 263/263/62
f 263/263/62 227/227/68 230/230/62
f 227/227/68 263/263/62 256/256/68
f 264/264/62 256/256/68 263/263/62
f 256/256/68 264/264/62 261/261/68
f 265/265/64 263/263/62 262/262/64
f 263/263/62 265/265/64 264/264/62
f 266/266/50 235/235/75 237/237/50
f 235/235/75 266/266/50 267/267/55
f 267/267/55 236/236/71 235/235/75
f 236/236/71 267/267/55 268/268/56
f 269/269/55 268/268/56 267/267/55
f 268/268/56 269/269/55 270/270/71
f 271/271/50 267/267/55 266/266/50
f 267/267/55 271/271/50 269/269/55
f 272/272/44 240/240/49 241/241/44
f 240/240/49 272/272/44 273/273/49
f 273/273/49 237/237/50 240/240/49
f 237/237/50 273/273/49 266/266/50
f 274/274/49 266/266/50 273/273/49
f 266/266/50 274/274/49 271/271/50
f 275/275/44 273/273/49 272/272/44
f 273/273/49 275/275/44 274/274/49
f 276/276/38 244/244/43 245/245/38
f 244/244/43 276/276/38 277/277/43
f 277/277/43 241/241/44 244/244/43
f 241/241/44 277/277/43 272/272/44
f 278/278/43 272/272/44 277/277/43
f 272/272/44 278/278/43 275/275/44
f 279/279/38 277/277/43 276/276/38
f 277/277/43 279/279/38 278/278/43
f 280/280/32 248/248/37 249/249/32
f 248/248/37 280/280/32 281/281/37
f 281/281/37 245/245/38 248/248/37
f 245/245/38 281/281/37 276/276/38
f 282/282/37 276/276/38 281/281/37
f 276/276/38 282/282/37 279/279/38
f 283/283/32 281/281/37 280/280/32
f 281/281/37 283/283/32 282/282/37
f 284/284/25 252/252/73 253/253/25
f 252/252/73 284/284/25 285/285/31
f 285/285/31 249/249/32 252/252/73
f 249/249/32 285/285/31 280/280/32
f 286/286/73 280/280/32 285/285/31
f 280/280/32 286/286/73 283/283/32
f 287/287/25 285/285/31 284/284/25
f 285/285/31 287/287/25 286/286/73
f 258/258/69 255/255/24 226/226/26
f 255/255/24 258/258/69 288/288/24
f 288/288/24 253/253/25 255/255/24
f 253/253/25 288/288/24 284/284/25
f 289/289/24 284/284/25 288/288/24
f 284/284/25 289/289/24 287/287/25
f 260/260/26 288/288/24 258/258/69
f 288/288/24 260/260/26 289/289/24
f 290/290/68 259/259/67 261/261/68
f 259/259/67 290/290/68 291/291/67
f 291/291/67 260/260/26 259/259/67
f 260/260/26 291/291/67 292/292/26
f 293/293/67 292/292/26 291/291/67
f 292/292/26 293/293/67 294/294/69
f 295/295/68 291/291/67 290/290/68
f 291/291/67 295/295/68 293/293/67
f 296/296/74 264/264/62 265/265/64
f 264/264/62 296/296/74 297/297/62
f 297/297/62 261/261/68 264/264/62
f 261/261/68 297/297/62 290/290/68
f 298/298/62 290/290/68 297/297/62
f 290/290/68 298/298/62 295/295/68
f 299/299/64 297/297/62 296/296/74
f 297/297/62 299/299/64 298/298/62
f 300/300/50 269/269/55 271/271/50
f 269/269/55 300/300/50 301/301/55
f 301/301/55 270/270/71 269/269/55
f 270/270/71 301/301/55 302/302/70
f 303/303/55 302/302/70 301/301/55
f 302/302/70 303/303/55 304/304/70
f 305/305/50 301/301/55 300/300/50
f 301/301/55 305/305/50 303/303/55
f 306/306/44 274/274/49 275/275/44
f 274/274/49 306/306/44 307/307/78
f 307/307/78 271/271/50 274/274/49
f 271/271/50 307/307/78 300/300/50
f 308/308/49 300/300/50 307/307/78
f 300/300/50 308/308/49 305/305/50
f 309/309/44 307/307/78 306/306/44
f 307/307/78 309/309/44 308/308/49
f 310/310/38 278/278/43 279/279/38
f 278/278/43 310/310/38 311/311/43
f 311/311/43 275/275/44 278/278/43
f 275/275/44 311/311/43 306/306/44
f 312/312/79 306/306/44 311/311/43
f 306/306/44 312/312/79 309/309/44
f 313/313/38 311/311/43 310/310/38
f 311/311/43 313/313/38 312/312/79
f 314/314/32 282/282/37 283/283/32
f 282/282/37 314/314/32 315/315/37
f 315/315/37 279/279/38 282/282/37
f 279/279/38 315/315/37 310/310/38
f 316/316/37 310/310/38 315/315/37
f 310/310/38 316/316/37 313/313/38
f 317/317/32 315/315/37 314/314/32
f 315/315/37 317/317/32 316/316/37
f 318/318/25 286/286/73 287/287/25
f 286/286/73 318/318/25 319/319/73
f 319/319/73 283/283/32 286/286/73
f 283/283/32 319/319/73 314/314/32
f 320/320/73 314/314/32 319/319/73
f 314/314/32 320/320/73 317/317/32
f 321/321/25 319/319/73 318/318/25
f 319/319/73 321/321/25 320/320/73
f 292/292/26 289/289/24 260/260/26
f 289/289/24 292/292/26 322/322/24
f 322/322/24 287/287/25 289/289/24
f 287/287/25 322/322/24 318/318/25
f 323/323/24 318/318/25 322/322/24
f 318/318/25 323/323/24 321/321/25
f 294/294/69 322/322/24 292/292/26
f 322/322/24 294/294/69 323/323/24
f 324/324/68 293/293/67 295/295/68
f 293/293/67 324/324/68 325/325/67
f 325/325/67 294/294/69 293/293/67
f 294/294/69 325/325/67 326/326/26
f 327/327/67 326/326/26 325/325/67
f 326/326/26 327/327/67 328/328/26
f 329/329/68 325/325/67 324/324/68
f 325/325/67 329/329/68 327/327/67
f 330/330/64 298/298/62 299/299/64
f 298/298/62 330/330/64 331/331/62
f 331/331/62 295/295/68 298/298/62
f 295/295/68 331/331/62 324/324/68
f 332/332/62 324/324/68 331/331/62
f 324/324/68 332/332/62 329/329/68
f 333/333/74 331/331/62 330/330/64
f 331/331/62 333/333/74 332/332/62
f 334/334/50 303/303/55 305/305/50
f 303/303/55 334/334/50 335/335/55
f 335/335/55 304/304/70 303/303/55
f 304/304/70 335/335/55 336/336/80
f 337/337/55 336/336/80 335/335/55
f 336/336/80 337/337/55 338/338/71
f 339/339/50 335/335/55 334/334/50
f 335/335/55 339/339/50 337/337/55
f 340/340/44 308/308/49 309/309/44
f 308/308/49 340/340/44 341/341/49
f 341/341/49 305/305/50 308/308/49
f 305/305/50 341/341/49 334/334/50
f 342/342/49 334/334/50 341/341/49
f 334/334/50 342/342/49 339/339/50
f 343/343/44 341/341/49 340/340/44
f 341/341/49 343/343/44 342/342/49
f 344/344/38 312/312/79 313/313/38
f 312/312/79 344/344/38 345/345/43
f 345/345/43 309/309/44 312/312/79
f 309/309/44 345/345/43 340/340/44
f 346/346/43 340/340/44 345/345/43
f 340/340/44 346/346/43 343/343/44
f 347/347/81 345/345/43 344/344/38
f 345/345/43 347/347/81 346/346/43
f 348/348/32 316/316/37 317/317/32
f 316/316/37 348/348/32 349/349/37
f 349/349/37 313/313/38 316/316/37
f 313/313/38 349/349/37 344/344/38
f 350/350/37 344/344/38 349/349/37
f 344/344/38 350/350/37 347/347/81
f 351/351/32 349/349/37 348/348/32
f 349/349/37 351/351/32 350/350/37
f 352/352/25 320/320/73 321/321/25
f 320/320/73 352/352/25 353/353/31
f 353/353/31 317/317/32 320/320/73
f 317/317/32 353/353/31 348/348/32
f 354/354/73 348/348/32 353/353/31
f 348/348/32 354/354/73 351/351/32
f 355/355/25 353/353/31 352/352/25
f 353/353/31 355/355/25 354/354/73
f 326/326/26 323/323/24 294/294/69
f 323/323/24 326/326/26 356/356/24
f 356/356/24 321/321/25 323/323/24
f 321/321/25 356/356/24 352/352/25
f 357/357/24 352/352/25 356/356/24
f 352/352/25 357/357/24 355/355/25
f 328/328/26 356/356/24 326/326/26
f 356/356/24 328/328/26 357/357/24
f 358/358/68 327/327/67 329/329/68
f 327/327/67 358/358/68 359/359/67
f 359/359/67 328/328/26 327/327/67
f 328/328/26 359/359/67 360/360/69
f 361/361/67 360/360/69 359/359/67
f 360/360/69 361/361/67 362/362/69
f 363/363/68 359/359/67 358/358/68
f 359/359/67 363/363/68 361/361/67
f 364/364/74 332/332/62 333/333/74
f 332/332/62 364/364/74 365/365/62
f 365/365/62 329/329/68 332/332/62
f 329/329/68 365/365/62 358/358/68
f 366/366/62 358/358/68 365/365/62
f 358/358/68 366/366/62 363/363/68
f 367/367/74 365/365/62 364/364/74
f 365/365/62 367/367/74 366/366/62
f 368/368/72 337/337/55 339/339/50
f 337/337/55 368/368/72 369/369/55
f 369/369/55 338/338/71 337/337/55
f 338/338/71 369/369/55 370/370/71
f 371/371/55 370/370/71 369/369/55
f 370/370/71 371/371/55 372/372/56
f 373/373/50 369/369/55 368/368/72
f 369/369/55 373/373/50 371/371/55
f 374/374/44 342/342/49 343/343/44
f 342/342/49 374/374/44 375/375/49
f 375/375/49 339/339/50 342/342/49
f 339/339/50 375/375/49 368/368/72
f 376/376/49 368/368/72 375/375/49
f 368/368/72 376/376/49 373/373/50
f 377/377/44 375/375/49 374/374/44
f 375/375/49 377/377/44 376/376/49
f 378/378/38 346/346/43 347/347/81
f 346/346/43 378/378/38 379/379/43
f 379/379/43 343/343/44 346/346/43
f 343/343/44 379/379/43 374/374/44
f 380/380/43 374/374/44 379/379/43
f 374/374/44 380/380/43 377/377/44
f 381/381/38 379/379/43 378/378/38
f 379/379/43 381/381/38 380/380/43
f 382/382/32 350/350/37 351/351/32
f 350/350/37 382/382/32 383/383/37
f 383/383/37 347/347/81 350/350/37
f 347/347/81 383/383/37 378/378/38
f 384/384/37 378/378/38 383/383/37
f 378/378/38 384/384/37 381/381/38
f 385/385/32 383/383/37 382/382/32
f 383/383/37 385/385/32 384/384/37
f 386/386/25 354/354/73 355/355/25
f 354/354/73 386/386/25 387/387/73
f 387/387/73 351/351/32 354/354/73
f 351/351/32 387/387/73 382/382/32
f 388/388/73 382/382/32 387/387/73
f 382/382/32 388/388/73 385/385/32
f 389/389/25 387/387/73 386/386/25
f 387/387/73 389/389/25 388/388/73
f 360/360/69 357/357/24 328/328/26
f 357/357/24 360/360/69 390/390/24
f 390/390/24 355/355/25 357/357/24
f 355/355/25 390/390/24 386/386/25
f 391/391/24 386/386/25 390/390/24
f 386/386/25 391/391/24 389/389/25
f 362/362/69 390/390/24 360/360/69
f 390/390/24 362/362/69 391/391/24
f 392/392/68 361/361/67 363/363/68
f 361/361/67 392/392/68 393/393/67
f 393/393/67 362/362/69 361/361/67
f 362/362/69 393/393/67 394/394/26
f 395/395/67 394/394/26 393/393/67
f 394/394/26 395/395/67 396/396/69
f 397/397/68 393/393/67 392/392/68
f 393/393/67 397/397/68 395/395/67
f 398/398/74 366/366/62 367/367/74
f 366/366/62 398/398/74 399/399/62
f 399/399/62 363/363/68 366/366/62
f 363/363/68 399/399/62 392/392/68
f 400/400/62 392/392/68 399/399/62
f 392/392/68 400/400/62 397/397/68
f 401/401/74 399/399/62 398/398/74
f 399/399/62 401/401/74 400/400/62
f 402/402/50 371/371/55 373/373/50
f 371/371/55 402/402/50 403/403/55
f 403/403/55 372/372/56 371/371/55
f 372/372/56 403/403/55 404/404/56
f 405/405/55 404/404/56 403/403/55
f 404/404/56 405/405/55 406/406/71
f 407/407/50 403/403/55 402/402/50
f 403/403/55 407/407/50 405/405/55
f 408/408/82 376/376/49 377/377/44
f 376/376/49 408/408/82 409/409/49
f 409/409/49 373/373/50 376/376/49
f 373/373/50 409/409/49 402/402/50
f 410/410/49 402/402/50 409/409/49
f 402/402/50 410/410/49 407/407/50
f 411/411/82 409/409/49 408/408/82
f 409/409/49 411/411/82 410/410/49
f 412/412/38 380/380/43 381/381/38
f 380/380/43 412/412/38 413/413/43
f 413/413/43 377/377/44 380/380/43
f 377/377/44 413/413/43 408/408/82
f 414/414/43 408/408/82 413/413/43
f 408/408/82 414/414/43 411/411/82
f 415/415/38 413/413/43 412/412/38
f 413/413/43 415/415/38 414/414/43
f 416/416/32 384/384/37 385/385/32
f 384/384/37 416/416/32 417/417/37
f 417/417/37 381/381/38 384/384/37
f 381/381/38 417/417/37 412/412/38
f 418/418/37 412/412/38 417/417/37
f 412/412/38 418/418/37 415/415/38
f 419/419/32 417/417/37 416/416/32
f 417/417/37 419/419/32 418/418/37
f 420/420/25 388/388/73 389/389/25
f 388/388/73 420/420/25 421/421/73
f 421/421/73 385/385/32 388/388/73
f 385/385/32 421/421/73 416/416/32
f 422/422/31 416/416/32 421/421/73
f 416/416/32 422/422/31 419/419/32
f 423/423/25 421/421/73 420/420/25
f 421/421/73 423/423/25 422/422/31
f 394/394/26 391/391/24 362/362/69
f 391/391/24 394/394/26 424/424/24
f 424/424/24 389/389/25 391/391/24
f 389/389/25 424/424/24 420/420/25
f 425/425/24 420/420/25 424/424/24
f 420/420/25 425/425/24 423/423/25
f 396/396/69 424/424/24 394/394/26
f 424/424/24 396/396/69 425/425/24
f 426/426/68 395/395/67 397/397/68
f 395/395/67 426/426/68 427/427/67
f 427/427/67 396/396/69 395/395/67
f 396/396/69 427/427/67 428/428/26
f 429/429/67 428/428/26 427/427/67
f 428/428/26 429/429/67 430/430/26
f 431/431/68 427/427/67 426/426/68
f 427/427/67 431/431/68 429/429/67
f 432/432/74 400/400/62 401/401/74
f 400/400/62 432/432/74 433/433/62
f 433/433/62 397/397/68 400/400/62
f 397/397/68 433/433/62 426/426/68
f 434/434/62 426/426/68 433/433/62
f 426/426/68 434/434/62 431/431/68
f 435/435/64 433/433/62 432/432/74
f 433/433/62 435/435/64 434/434/62
f 436/436/50 405/405/55 407/407/50
f 405/405/55 436/436/50 437/437/75
f 437/437/75 406/406/71 405/405/55
f 406/406/71 437/437/75 438/438/71
f 439/439/55 438/438/71 437/437/75
f 438/438/71 439/439/55 440/440/71
f 441/441/50 437/437/75 436/436/50
f 437/437/75 441/441/50 439/439/55
f 442/442/44 410/410/49 411/411/82
f 410/410/49 442/442/44 443/443/49
f 443/443/49 407/407/50 410/410/49
f 407/407/50 443/443/49 436/436/50
f 444/444/49 436/436/50 443/443/49
f 436/436/50 444/444/49 441/441/50
f 445/445/82 443/443/49 442/442/44
f 443/443/49 445/445/82 444/444/49
f 446/446/38 414/414/43 415/415/38
f 414/414/43 446/446/38 447/447/43
f 447/447/43 411/411/82 414/414/43
f 411/411/82 447/447/43 442/442/44
f 448/448/43 442/442/44 447/447/43
f 442/442/44 448/448/43 445/445/82
f 449/449/38 447/447/43 446/446/38
f 447/447/43 449/449/38 448/448/43
f 450/450/32 418/418/37 419/419/32
f 418/418/37 450/450/32 451/451/37
f 451/451/37 415/415/38 418/418/37
f 415/415/38 451/451/37 446/446/38
f 452/452/37 446/446/38 451/451/37
f 446/446/38 452/452/37 449/449/38
f 453/453/32 451/451/37 450/450/32
f 451/451/37 453/453/32 452/452/37
f 454/454/25 422/422/31 423/423/25
f 422/422/31 454/454/25 455/455/73
f 455/455/73 419/419/32 422/422/31
f 419/419/32 455/455/73 450/450/32
f 456/456/83 450/450/32 455/455/73
f 450/450/32 456/456/83 453/453/32
f 457/457/25 455/455/73 454/454/25
f 455/455/73 457/457/25 456/456/83
f 428/428/26 425/425/24 396/396/69
f 425/425/24 428/428/26 458/458/24
f 458/458/24 423/423/25 425/425/24
f 423/423/25 458/458/24 454/454/25
f 459/459/24 454/454/25 458/458/24
f 454/454/25 459/459/24 457/457/25
f 430/430/26 458/458/24 428/428/26
f 458/458/24 430/430/26 459/459/24
f 460/460/68 429/429/67 431/431/68
f 429/429/67 460/460/68 461/461/67
f 461/461/67 430/430/26 429/429/67
f 430/430/26 461/461/67 462/462/69
f 463/463/67 462/462/69 461/461/67
f 462/462/69 463/463/67 464/464/26
f 465/465/84 461/461/67 460/460/68
f 461/461/67 465/465/84 463/463/67
f 466/466/74 434/434/62 435/435/64
f 434/434/62 466/466/74 467/467/62
f 467/467/62 431/431/68 434/434/62
f 431/431/68 467/467/62 460/460/68
f 468/468/62 460/460/68 467/467/62
f 460/460/68 468/468/62 465/465/84
f 469/469/64 467/467/62 466/466/74
f 467/467/62 469/469/64 468/468/62
f 470/470/50 439/439/55 441/441/50
f 439/439/55 470/470/50 471/471/55
f 471/471/55 440/440/71 439/439/55
f 440/440/71 471/471/55 472/472/71
f 473/473/85 472/472/71 471/471/55
f 472/472/71 473/473/85 474/474/71
f 475/475/50 471/471/55 470/470/50
f 471/471/55 475/475/50 473/473/85
f 476/476/82 444/444/49 445/445/82
f 444/444/49 476/476/82 477/477/49
f 477/477/49 441/441/50 444/444/49
f 441/441/50 477/477/49 470/470/50
f 478/478/86 470/470/50 477/477/49
f 470/470/50 478/478/86 475/475/50
f 479/479/44 477/477/49 476/476/82
f 477/477/49 479/479/44 478/478/86
f 480/480/38 448/448/43 449/449/38
f 448/448/43 480/480/38 481/481/43
f 481/481/43 445/445/82 448/448/43
f 445/445/82 481/481/43 476/476/82
f 482/482/43 476/476/82 481/481/43
f 476/476/82 482/482/43 479/479/44
f 483/483/38 481/481/43 480/480/38
f 481/481/43 483/483/38 482/482/43
f 484/484/32 452/452/37 453/453/32
f 452/452/37 484/484/32 485/485/77
f 485/485/77 449/449/38 452/452/37
f 449/449/38 485/485/77 480/480/38
f 486/486/37 480/480/38 485/485/77
f 480/480/38 486/486/37 483/483/38
f 487/487/32 485/485/77 484/484/32
f 485/485/77 487/487/32 486/486/37
f 488/488/25 456/456/83 457/457/25
f 456/456/83 488/488/25 489/489/73
f 489/489/73 453/453/32 456/456/83
f 453/453/32 489/489/73 484/484/32
f 490/490/73 484/484/32 489/489/73
f 484/484/32 490/490/73 487/487/32
f 491/491/25 489/489/73 488/488/25
f 489/489/73 491/491/25 490/490/73
f 462/462/69 459/459/24 430/430/26
f 459/459/24 462/462/69 492/492/24
f 492/492/24 457/457/25 459/459/24
f 457/457/25 492/492/24 488/488/25
f 493/493/24 488/488/25 492/492/24
f 488/488/25 493/493/24 491/491/25
f 464/464/26 492/492/24 462/462/69
f 492/492/24 464/464/26 493/493/24
f 494/494/68 463/463/67 465/465/84
f 463/463/67 494/494/68 495/495/67
f 495/495/67 464/464/26 463/463/67
f 464/464/26 495/495/67 496/496/69
f 497/497/67 496/496/69 495/495/67
f 496/496/69 497/497/67 498/498/26
f 499/499/84 495/495/67 494/494/68
f 495/495/67 499/499/84 497/497/67
f 500/500/64 468/468/62 469/469/64
f 468/468/62 500/500/64 501/501/62
f 501/501/62 465/465/84 468/468/62
f 465/465/84 501/501/62 494/494/68
f 502/502/87 494/494/68 501/501/62
f 494/494/68 502/502/87 499/499/84
f 503/503/64 501/501/62 500/500/64
f 501/501/62 503/503/64 502/502/87
f 504/504/72 473/473/85 475/475/50
f 473/473/85 504/504/72 505/505/85
f 505/505/85 474/474/71 473/473/85
f 474/474/71 505/505/85 506/506/70
f 507/507/55 506/506/70 505/505/85
f 506/506/70 507/507/55 508/508/71
f 509/509/50 505/505/85 504/504/72
f 505/505/85 509/509/50 507/507/55
f 510/510/82 478/478/86 479/479/44
f 478/478/86 510/510/82 511/511/86
f 511/511/86 475/475/50 478/478/86
f 475/475/50 511/511/86 504/504/72
f 512/512/49 504/504/72 511/511/86
f 504/504/72 512/512/49 509/509/50
f 513/513/82 511/511/86 510/510/82
f 511/511/86 513/513/82 512/512/49
f 514/514/88 482/482/43 483/483/38
f 482/482/43 514/514/88 515/515/43
f 515/515/43 479/479/44 482/482/43
f 479/479/44 515/515/43 510/510/82
f 516/516/89 510/510/82 515/515/43
f 510/510/82 516/516/89 513/513/82
f 517/517/88 515/515/43 514/514/88
f 515/515/43 517/517/88 516/516/89
f 518/518/32 486/486/37 487/487/32
f 486/486/37 518/518/32 519/519/37
f 519/519/37 483/483/38 486/486/37
f 483/483/38 519/519/37 514/514/88
f 520/520/77 514/514/88 519/519/37
f 514/514/88 520/520/77 517/517/88
f 521/521/32 519/519/37 518/518/32
f 519/519/37 521/521/32 520/520/77
f 522/522/25 490/490/73 491/491/25
f 490/490/73 522/522/25 523/523/73
f 523/523/73 487/487/32 490/490/73
f 487/487/32 523/523/73 518/518/32
f 524/524/73 518/518/32 523/523/73
f 518/518/32 524/524/73 521/521/32
f 525/525/90 523/523/73 522/522/25
f 523/523/73 525/525/90 524/524/73
f 496/496/69 493/493/24 464/464/26
f 493/493/24 496/496/69 526/526/24
f 526/526/24 491/491/25 493/493/24
f 491/491/25 526/526/24 522/522/25
f 527/527/24 522/522/25 526/526/24
f 522/522/25 527/527/24 525/525/90
f 498/498/26 526/526/24 496/496/69
f 526/526/24 498/498/26 527/527/24
f 528/528/91 497/497/67 499/499/84
f 497/497/67 528/528/91 529/529/92
f 529/529/92 498/498/26 497/497/67
f 498/498/26 529/529/92 530/530/93
f 531/531/94 530/530/93 529/529/92
f 530/530/93 531/531/94 532/532/95
f 533/533/96 529/529/92 528/528/91
f 529/529/92 533/533/96 531/531/94
f 534/534/97 502/502/87 503/503/64
f 502/502/87 534/534/97 535/535/98
f 535/535/98 499/499/84 502/502/87
f 499/499/84 535/535/98 528/528/91
f 536/536/99 528/528/91 535/535/98
f 528/528/91 536/536/99 533/533/96
f 537/537/100 535/535/98 534/534/97
f 535/535/98 537/537/100 536/536/99
f 538/538/101 507/507/55 509/509/50
f 507/507/55 538/538/101 539/539/102
f 539/539/102 508/508/71 507/507/55
f 508/508/71 539/539/102 540/540/103
f 541/541/104 540/540/103 539/539/102
f 540/540/103 541/541/104 542/542/105
f 543/543/106 539/539/102 538/538/101
f 539/539/102 543/543/106 541/541/104
f 544/544/107 512/512/49 513/513/82
f 512/512/49 544/544/107 545/545/108
f 545/545/108 509/509/50 512/512/49
f 509/509/50 545/545/108 538/538/101
f 546/546/109 538/538/101 545/545/108
f 538/538/101 546/546/109 543/543/106
f 547/547/110 545/545/108 544/544/107
f 545/545/108 547/547/110 546/546/109
f 548/548/111 516/516/89 517/517/88
f 516/516/89 548/548/111 549/549/112
f 549/549/112 513/513/82 516/516/89
f 513/513/82 549/549/112 544/544/107
f 550/550/113 544/544/107 549/549/112
f 544/544/107 550/550/113 547/547/110
f 551/551/114 549/549/112 548/548/111
f 549/549/112 551/551/114 550/550/113
f 552/552/115 520/520/77 521/521/32
f 520/520/77 552/552/115 553/553/116
f 553/553/116 517/517/88 520/520/77
f 517/517/88 553/553/116 548/548/111
f 554/554/117 548/548/111 553/553/116
f 548/548/111 554/554/117 551/551/114
f 555/555/118 553/553/116 552/552/115
f 553/553/116 555/555/118 554/554/117
f 556/556/119 524/524/73 525/525/90
f 524/524/73 556/556/119 557/557/120
f 557/557/120 521/521/32 524/524/73
f 521/521/32 557/557/120 552/552/115
f 558/558/121 552/552/115 557/557/120
f 552/552/115 558/558/121 555/555/118
f 559/559/122 557/557/120 556/556/119
f 557/557/120 559/559/122 558/558/121
f 530/530/93 527/527/24 498/498/26
f 527/527/24 530/530/93 560/560/123
f 560/560/123 525/525/90 527/527/24
f 525/525/90 560/560/123 556/556/119
f 561/561/124 556/556/119 560/560/123
f 556/556/119 561/561/124 559/559/122
f 532/532/95 560/560/123 530/530/93
f 560/560/123 532/532/95 561/561/124
f 562/562/68 68/68/67 64/64/63
f 68/68/67 562/562/68 563/563/67
f 563/563/67 26/26/26 68/68/67
f 26/26/26 563/563/67 564/564/69
f 71/70/67 564/564/69 563/563/67
f 564/564/69 71/70/67 73/73/69
f 70/71/68 563/563/67 562/562/68
f 563/563/67 70/71/68 71/70/67
f 565/565/64 63/63/62 65/65/64
f 63/63/62 565/565/64 566/566/62
f 566/566/62 64/64/63 63/63/62
f 64/64/63 566/566/62 562/562/68
f 80/79/62 562/562/68 566/566/62
f 562/562/68 80/79/62 70/71/68
f 79/80/64 566/566/62 565/565/64
f 566/566/62 79/80/64 80/79/62
f 567/567/50 55/55/55 50/50/50
f 55/55/55 567/567/50 568/568/55
f 568/568/55 56/56/56 55/55/55
f 56/56/56 568/568/55 569/569/56
f 86/85/55 569/569/56 568/568/55
f 569/569/56 86/85/55 88/88/70
f 85/86/50 568/568/55 567/567/50
f 568/568/55 85/86/50 86/85/55
f 570/570/44 49/49/49 44/44/44
f 49/49/49 570/570/44 571/571/49
f 571/571/49 50/50/50 49/49/49
f 50/50/50 571/571/49 567/567/50
f 95/94/49 567/567/50 571/571/49
f 567/567/50 95/94/49 85/86/50
f 94/95/44 571/571/49 570/570/44
f 571/571/49 94/95/44 95/94/49
f 572/572/38 43/43/43 38/38/38
f 43/43/43 572/572/38 573/573/43
f 573/573/43 44/44/44 43/43/43
f 44/44/44 573/573/43 570/570/44
f 101/100/43 570/570/44 573/573/43
f 570/570/44 101/100/43 94/95/44
f 100/101/38 573/573/43 572/572/38
f 573/573/43 100/101/38 101/100/43
f 574/574/32 37/37/37 32/32/32
f 37/37/37 574/574/32 575/575/77
f 575/575/77 38/38/38 37/37/37
f 38/38/38 575/575/77 572/572/38
f 107/106/37 572/572/38 575/575/77
f 572/572/38 107/106/37 100/101/38
f 106/107/32 575/575/77 574/574/32
f 575/575/77 106/107/32 107/106/37
f 576/576/25 31/31/31 25/25/25
f 31/31/31 576/576/25 577/577/73
f 577/577/73 32/32/32 31/31/31
f 32/32/32 577/577/73 574/574/32
f 113/112/31 574/574/32 577/577/73
f 574/574/32 113/112/31 106/107/32
f 112/113/25 577/577/73 576/576/25
f 577/577/73 112/113/25 113/112/31
f 564/564/69 24/24/24 26/26/26
f 24/24/24 564/564/69 578/578/24
f 578/578/24 25/25/25 24/24/24
f 25/25/25 578/578/24 576/576/25
f 117/117/24 576/576/25 578/578/24
f 576/576/25 117/117/24 112/113/25
f 73/73/69 578/578/24 564/564/69
f 578/578/24 73/73/69 117/117/24
f 579/579/125 66/66/65 19/20/20
f 66/66/65 579/579/125 580/580/126
f 580/580/126 61/61/60 66/66/65
f 61/61/60 580/580/126 581/581/127
f 582/582/128 581/581/127 580/580/126
f 581/581/127 582/582/128 583/583/129
f 584/584/130 580/580/126 579/579/125
f 580/580/126 584/584/130 582/582/128
f 581/581/127 59/58/58 61/61/60
f 59/58/58 581/581/127 585/585/131
f 585/585/131 58/59/53 59/58/58
f 58/59/53 585/585/131 586/586/132
f 587/587/133 586/586/132 585/585/131
f 586/586/132 587/587/133 588/588/134
f 583/583/129 585/585/131 581/581/127
f 585/585/131 583/583/129 587/587/133
f 589/589/132 51/51/51 53/53/53
f 51/51/51 589/589/132 590/590/135
f 590/590/135 47/47/47 51/51/51
f 47/47/47 590/590/135 591/591/136
f 592/592/137 591/591/136 590/590/135
f 591/591/136 592/592/137 593/593/138
f 594/594/139 590/590/135 589/589/132
f 590/590/135 594/594/139 592/592/137
f 591/591/136 45/45/45 47/47/47
f 45/45/45 591/591/136 595/595/140
f 595/595/140 41/41/41 45/45/45
f 41/41/41 595/595/140 596/596/141
f 597/597/142 596/596/141 595/595/140
f 596/596/141 597/597/142 598/598/143
f 593/593/138 595/595/140 591/591/136
f 595/595/140 593/593/138 597/597/142
f 596/596/141 39/39/39 41/41/41
f 39/39/39 596/596/141 599/599/144
f 599/599/144 35/35/35 39/39/39
f 35/35/35 599/599/144 600/600/145
f 601/601/146 600/600/145 599/599/144
f 600/600/145 601/601/146 602/602/147
f 598/598/143 599/599/144 596/596/141
f 599/599/144 598/598/143 601/601/146
f 600/600/145 33/33/33 35/35/35
f 33/33/33 600/600/145 603/603/148
f 603/603/148 29/29/29 33/33/33
f 29/29/29 603/603/148 604/604/149
f 605/605/150 604/604/149 603/603/148
f 604/604/149 605/605/150 606/606/151
f 602/602/147 603/603/148 600/600/145
f 603/603/148 602/602/147 605/605/150
f 604/604/149 27/27/27 29/29/29
f 27/27/27 604/604/149 607/607/152
f 607/607/152 22/22/22 27/27/27
f 22/22/22 607/607/152 608/608/153
f 609/609/154 608/608/153 607/607/152
f 608/608/153 609/609/154 610/610/155
f 606/606/151 607/607/152 604/604/149
f 607/607/152 606/606/151 609/609/154
f 608/608/153 20/19/19 22/22/22
f 20/19/19 608/608/153 611/611/156
f 611/611/156 19/20/20 20/19/19
f 19/20/20 611/611/156 579/579/125
f 612/612/157 579/579/125 611/611/156
f 579/579/125 612/612/157 584/584/130
f 610/610/155 611/611/156 608/608/153
f 611/611/156 610/610/155 612/612/157
f 613/613/158 615/614/159 614/615/160
f 615/614/159 613/613/158 616/616/161
f 616/616/161 617/617/162 615/614/159
f 617/617/162 616/616/161 618/618/163
f 619/619/164 618/618/163 616/616/161
f 618/618/163 619/619/164 620/620/165
f 621/621/166 616/616/161 613/613/158
f 616/616/161 621/621/166 619/619/164
f 618/618/163 622/622/167 617/617/162
f 622/622/167 618/618/163 623/623/168
f 623/623/168 624/624/169 622/622/167
f 624/624/169 623/623/168 625/625/170
f 626/626/171 625/625/170 623/623/168
f 625/625/170 626/626/171 627/627/172
f 620/620/165 623/623/168 618/618/163
f 623/623/168 620/620/165 626/626/171
f 628/628/173 630/629/174 629/630/175
f 630/629/174 628/628/173 631/631/176
f 631/631/176 632/632/177 630/629/174
f 632/632/177 631/631/176 633/633/178
f 634/634/179 633/633/178 631/631/176
f 633/633/178 634/634/179 635/635/180
f 636/636/181 631/631/176 628/628/173
f 631/631/176 636/636/181 634/634/179
f 633/633/178 637/637/182 632/632/177
f 637/637/182 633/633/178 638/638/183
f 638/638/183 639/639/184 637/637/182
f 639/639/184 638/638/183 640/640/185
f 641/641/186 640/640/185 638/638/183
f 640/640/185 641/641/186 642/642/187
f 635/635/180 638/638/183 633/633/178
f 638/638/183 635/635/180 641/641/186
f 640/640/185 643/643/188 639/639/184
f 643/643/188 640/640/185 644/644/189
f 644/644/189 645/645/190 643/643/188
f 645/645/190 644/644/189 646/646/191
f 647/647/192 646/646/191 644/644/189
f 646/646/191 647/647/192 648/648/193
f 642/642/187 644/644/189 640/640/185
f 644/644/189 642/642/187 647/647/192
f 646/646/191 649/649/194 645/645/190
f 649/649/194 646/646/191 650/650/195
f 650/650/195 651/651/196 649/649/194
f 651/651/196 650/650/195 652/652/197
f 653/653/198 652/652/197 650/650/195
f 652/652/197 653/653/198 654/654/199
f 648/648/193 650/650/195 646/646/191
f 650/650/195 648/648/193 653/653/198
f 652/652/197 655/655/200 651/651/196
f 655/655/200 652/652/197 656/656/201
f 656/656/201 657/657/202 655/655/200
f 657/657/202 656/656/201 658/658/203
f 659/659/204 658/658/203 656/656/201
f 658/658/203 659/659/204 660/660/205
f 654/654/199 656/656/201 652/652/197
f 656/656/201 654/654/199 659/659/204
f 658/658/203 661/661/206 657/657/202
f 661/661/206 658/658/203 662/662/207
f 662/662/207 614/615/160 661/661/206
f 614/615/160 662/662/207 613/613/158
f 663/663/208 613/613/158 662/662/207
f 613/613/158 663/663/208 621/621/166
f 660/660/205 662/662/207 658/658/203
f 662/662/207 660/660/205 663/663/208
f 664/664/166 619/619/164 621/621/166
f 619/619/164 664/664/166 665/665/164
f 665/665/164 620/620/165 619/619/164
f 620/620/165 665/665/164 666/666/209
f 667/667/164 666/666/209 665/665/164
f 666/666/209 667/667/164 668/668/210
f 669/669/211 665/665/164 664/664/166
f 665/665/164 669/669/211 667/667/164
f 670/670/212 663/663/208 660/660/205
f 663/663/208 670/670/212 671/671/213
f 671/671/213 621/621/166 663/663/208
f 621/621/166 671/671/213 664/664/166
f 672/672/208 664/664/166 671/671/213
f 664/664/166 672/672/208 669/669/211
f 673/673/212 671/671/213 670/670/212
f 671/671/213 673/673/212 672/672/208
f 674/674/214 659/659/204 654/654/199
f 659/659/204 674/674/214 675/675/204
f 675/675/204 660/660/205 659/659/204
f 660/660/205 675/675/204 670/670/212
f 676/676/204 670/670/212 675/675/204
f 670/670/212 676/676/204 673/673/212
f 677/677/214 675/675/204 674/674/214
f 675/675/204 677/677/214 676/676/204
f 678/678/215 653/653/198 648/648/193
f 653/653/198 678/678/215 679/679/198
f 679/679/198 654/654/199 653/653/198
f 654/654/199 679/679/198 674/674/214
f 680/680/198 674/674/214 679/679/198
f 674/674/214 680/680/198 677/677/214
f 681/681/193 679/679/198 678/678/215
f 679/679/198 681/681/193 680/680/198
f 682/682/216 647/647/192 642/642/187
f 647/647/192 682/682/216 683/683/192
f 683/683/192 648/648/193 647/647/192
f 648/648/193 683/683/192 678/678/215
f 684/684/192 678/678/215 683/683/192
f 678/678/215 684/684/192 681/681/193
f 685/685/217 683/683/192 682/682/216
f 683/683/192 685/685/217 684/684/192
f 686/686/180 641/641/186 635/635/180
f 641/641/186 686/686/180 687/687/186
f 687/687/186 642/642/187 641/641/186
f 642/642/187 687/687/186 682/682/216
f 688/688/186 682/682/216 687/687/186
f 682/682/216 688/688/186 685/685/217
f 689/689/180 687/687/186 686/686/180
f 687/687/186 689/689/180 688/688/186
f 690/690/181 634/634/179 636/636/181
f 634/634/179 690/690/181 691/691/218
f 691/691/218 635/635/180 634/634/179
f 635/635/180 691/691/218 686/686/180
f 692/692/179 686/686/180 691/691/218
f 686/686/180 692/692/179 689/689/180
f 693/693/181 691/691/218 690/690/181
f 691/691/218 693/693/181 692/692/179
f 666/666/209 626/626/171 620/620/165
f 626/626/171 666/666/209 694/694/171
f 694/694/171 627/627/172 626/626/171
f 627/627/172 694/694/171 695/695/219
f 696/696/171 695/695/219 694/694/171
f 695/695/219 696/696/171 697/697/172
f 668/668/210 694/694/171 666/666/209
f 694/694/171 668/668/210 696/696/171
f 698/698/220 582/582/128 584/584/130
f 582/582/128 698/698/220 699/699/221
f 699/699/221 583/583/129 582/582/128
f 583/583/129 699/699/221 700/700/222
f 615/614/159 700/700/222 699/699/221
f 700/700/222 615/614/159 617/617/162
f 614/615/160 699/699/221 698/698/220
f 699/699/221 614/615/160 615/614/159
f 701/701/223 612/612/157 610/610/155
f 612/612/157 701/701/223 702/702/224
f 702/702/224 584/584/130 612/612/157
f 584/584/130 702/702/224 698/698/220
f 661/661/206 698/698/220 702/702/224
f 698/698/220 661/661/206 614/615/160
f 657/657/202 702/702/224 701/701/223
f 702/702/224 657/657/202 661/661/206
f 703/703/225 609/609/154 606/606/151
f 609/609/154 703/703/225 704/704/226
f 704/704/226 610/610/155 609/609/154
f 610/610/155 704/704/226 701/701/223
f 655/655/200 701/701/223 704/704/226
f 701/701/223 655/655/200 657/657/202
f 651/651/196 704/704/226 703/703/225
f 704/704/226 651/651/196 655/655/200
f 705/705/227 605/605/150 602/602/147
f 605/605/150 705/705/227 706/706/228
f 706/706/228 606/606/151 605/605/150
f 606/606/151 706/706/228 703/703/225
f 649/649/194 703/703/225 706/706/228
f 703/703/225 649/649/194 651/651/196
f 645/645/190 706/706/228 705/705/227
f 706/706/228 645/645/190 649/649/194
f 707/707/229 601/601/146 598/598/143
f 601/601/146 707/707/229 708/708/230
f 708/708/230 602/602/147 601/601/146
f 602/602/147 708/708/230 705/705/227
f 643/643/188 705/705/227 708/708/230
f 705/705/227 643/643/188 645/645/190
f 639/639/184 708/708/230 707/707/229
f 708/708/230 639/639/184 643/643/188
f 709/709/231 597/597/142 593/593/138
f 597/597/142 709/709/231 710/710/232
f 710/710/232 598/598/143 597/597/142
f 598/598/143 710/710/232 707/707/229
f 637/637/182 707/707/229 710/710/232
f 707/707/229 637/637/182 639/639/184
f 632/632/177 710/710/232 709/709/231
f 710/710/232 632/632/177 637/637/182
f 711/711/233 592/592/137 594/594/139
f 592/592/137 711/711/233 712/712/234
f 712/712/234 593/593/138 592/592/137
f 593/593/138 712/712/234 709/709/231
f 630/629/174 709/709/231 712/712/234
f 709/709/231 630/629/174 632/632/177
f 629/630/175 712/712/234 711/711/233
f 712/712/234 629/630/175 630/629/174
f 700/700/222 587/587/133 583/583/129
f 587/587/133 700/700/222 713/713/235
f 713/713/235 588/588/134 587/587/133
f 588/588/134 713/713/235 714/714/236
f 622/622/167 714/714/236 713/713/235
f 714/714/236 622/622/167 624/624/169
f 617/617/162 713/713/235 700/700/222
f 713/713/235 617/617/162 622/622/167
o defaultMaterial.057
v -0.036413 0.698921 0.389528
v 0.050287 0.711629 0.377193
v 0.076112 0.720077 0.376597
v -0.043137 0.705647 0.397160
v 0.041734 0.724112 0.379016
v -0.045206 0.716142 0.392237
v -0.196574 0.686067 0.383571
v -0.192819 0.697687 0.375892
v -0.188883 0.679806 0.373211
v -0.325814 0.657309 0.283767
v -0.337900 0.662677 0.292621
v -0.328953 0.675328 0.285119
v -0.435568 0.639837 0.147738
v -0.423030 0.653244 0.143033
v -0.419056 0.635290 0.143294
v -0.440468 0.617606 -0.026103
v -0.458029 0.621917 -0.027653
v -0.444468 0.635611 -0.027255
v -0.410701 0.606997 -0.201100
v -0.398299 0.620708 -0.195089
v -0.395081 0.602640 -0.193233
v -0.287933 0.588778 -0.326900
v -0.298998 0.593167 -0.340152
v -0.289552 0.606814 -0.329813
v -0.144491 0.580087 -0.427708
v -0.139496 0.593646 -0.414669
v -0.139511 0.575640 -0.410930
v 0.029702 0.562846 -0.429141
v 0.031244 0.567418 -0.446667
v 0.030593 0.580922 -0.432899
v 0.200896 0.554756 -0.400162
v 0.194649 0.568202 -0.387541
v 0.193071 0.550061 -0.384582
v 0.323961 0.536951 -0.280293
v 0.337147 0.541694 -0.291329
v 0.326602 0.555050 -0.281636
v 0.423280 0.527931 -0.141072
v 0.410061 0.541218 -0.135813
v 0.406578 0.523160 -0.136109
v 0.425130 0.508343 0.028138
v 0.442571 0.513162 0.029707
v 0.428633 0.526462 0.029301
v 0.397938 0.497409 0.194364
v 0.385145 0.510748 0.188330
v 0.382458 0.492581 0.186494
v 0.281402 0.475961 0.312999
v 0.292297 0.480696 0.326258
v 0.282421 0.494042 0.315901
v 0.146125 0.463290 0.409228
v 0.140674 0.476666 0.396180
v 0.141330 0.458669 0.392437
v -0.018390 0.440892 0.409586
v -0.020096 0.445459 0.427116
v -0.019882 0.458946 0.413335
v -0.180461 0.427615 0.382965
v -0.174623 0.441211 0.370309
v -0.172499 0.423103 0.367400
v -0.295738 0.405772 0.268827
v -0.309065 0.410165 0.279814
v -0.298924 0.423794 0.270043
v -0.390116 0.393343 0.137483
v -0.377305 0.406988 0.132117
v -0.373264 0.389049 0.132590
v -0.390235 0.373078 -0.022593
v -0.407819 0.377381 -0.024208
v -0.394284 0.391088 -0.023888
v -0.365006 0.362381 -0.180034
v -0.352615 0.376117 -0.174048
v -0.349390 0.358027 -0.172151
v -0.253469 0.344058 -0.291511
v -0.349390 0.358027 -0.172151
v -0.365006 0.362381 -0.180034
v -0.264507 0.348441 -0.304768
v -0.352615 0.376117 -0.174048
v -0.255048 0.362102 -0.294437
v -0.125670 0.336003 -0.383275
v -0.120650 0.349557 -0.370246
v -0.120728 0.331552 -0.366486
v 0.030577 0.320895 -0.382888
v 0.032153 0.325505 -0.400418
v 0.031516 0.339003 -0.386665
v 0.184242 0.314181 -0.358775
v 0.177998 0.327621 -0.346136
v 0.176383 0.309426 -0.343230
v 0.292627 0.294493 -0.250023
v 0.305875 0.299262 -0.260923
v 0.295357 0.312597 -0.251102
v 0.382430 0.282880 -0.126016
v 0.369265 0.296143 -0.120550
v 0.365653 0.278127 -0.121253
v 0.381807 0.262365 0.025092
v 0.399290 0.267168 0.026791
v 0.385399 0.280470 0.026529
v 0.359166 0.251409 0.173815
v 0.346376 0.264772 0.167828
v 0.343706 0.246581 0.165906
v 0.253968 0.230156 0.278084
v 0.264770 0.234884 0.291374
v 0.254811 0.248238 0.281044
v 0.134388 0.217768 0.365142
v 0.128798 0.231134 0.352133
v 0.129722 0.213160 0.348303
v -0.011900 0.195668 0.363238
v -0.013692 0.200239 0.380795
v -0.013574 0.213726 0.367047
v -0.156363 0.182681 0.341236
v -0.150557 0.196292 0.328577
v -0.148369 0.178151 0.325695
v -0.257152 0.161083 0.238483
v -0.270517 0.165479 0.249371
v -0.260403 0.179107 0.239508
v -0.342231 0.148855 0.122818
v -0.329460 0.162483 0.117302
v -0.325325 0.144568 0.118067
v -0.339961 0.128710 -0.019088
v -0.357573 0.133030 -0.020799
v -0.344078 0.146727 -0.020581
v -0.319271 0.118038 -0.159023
v -0.306865 0.131773 -0.153073
v -0.303694 0.113645 -0.151096
v -0.219164 0.099510 -0.256073
v -0.230043 0.103910 -0.269393
v -0.220426 0.117560 -0.259104
v -0.107097 0.090371 -0.338512
v -0.101818 0.103911 -0.325551
v -0.102380 0.085938 -0.321637
v 0.030645 0.072561 -0.335406
v 0.032363 0.077147 -0.352986
v 0.031907 0.090656 -0.339287
v 0.166624 0.063917 -0.315667
v 0.160444 0.077392 -0.303039
v 0.158736 0.059182 -0.300133
v 0.260716 0.045606 -0.218571
v 0.273978 0.050361 -0.229407
v 0.263488 0.063716 -0.219527
v 0.341436 0.036246 -0.110721
v 0.328303 0.049508 -0.105153
v 0.324627 0.031491 -0.106045
v 0.338510 0.016502 0.022117
v 0.356011 0.021338 0.023877
v 0.342151 0.034644 0.023683
v 0.320385 0.005663 0.153319
v 0.307587 0.019035 0.147357
v 0.304959 0.000789 0.145377
v 0.226571 -0.015494 0.243197
v 0.237245 -0.010751 0.256538
v 0.227167 0.002591 0.246240
v 0.122667 -0.027696 0.321067
v 0.116879 -0.014355 0.308108
v 0.118186 -0.032290 0.304158
v -0.005356 -0.049543 0.316839
v -0.007270 -0.044962 0.334435
v -0.007291 -0.031474 0.320737
v -0.132255 -0.062230 0.299444
v -0.126498 -0.048598 0.286783
v -0.124215 -0.066795 0.283938
v -0.218555 -0.083590 0.208151
v -0.231975 -0.079186 0.218896
v -0.221898 -0.065560 0.208904
v -0.294341 -0.095605 0.108162
v -0.281630 -0.082004 0.102427
v -0.277360 -0.099879 0.103614
v -0.289615 -0.115611 -0.015537
v -0.307268 -0.111262 -0.017388
v -0.293831 -0.097579 -0.017317
v -0.273445 -0.126225 -0.138031
v -0.261020 -0.112485 -0.132131
v -0.257929 -0.130679 -0.130039
v -0.184920 -0.144977 -0.220630
v -0.257929 -0.130679 -0.130039
v -0.273445 -0.126225 -0.138031
v -0.195566 -0.140555 -0.234044
v -0.261020 -0.112485 -0.132131
v -0.185717 -0.126927 -0.223814
v -0.088619 -0.155238 -0.293763
v -0.082955 -0.141731 -0.280895
v -0.084231 -0.159641 -0.276757
v 0.030493 -0.175806 -0.287870
v 0.032407 -0.171250 -0.305528
v 0.032235 -0.157725 -0.291908
v 0.148834 -0.186424 -0.272512
v 0.142763 -0.172887 -0.259899
v 0.140916 -0.191147 -0.256991
v 0.228704 -0.203336 -0.187143
v 0.241982 -0.198589 -0.197886
v 0.231543 -0.185193 -0.187918
v 0.300405 -0.210379 -0.095464
v 0.287321 -0.197111 -0.089742
v 0.283547 -0.215140 -0.090918
v 0.295131 -0.229327 0.019091
v 0.312658 -0.224433 0.020943
v 0.298849 -0.211111 0.020856
v 0.281494 -0.239997 0.132843
v 0.268691 -0.226603 0.126919
v 0.266123 -0.244955 0.124850
v 0.199193 -0.261085 0.208321
v 0.209669 -0.256317 0.221745
v 0.199410 -0.242993 0.211490
v 0.110974 -0.273119 0.277010
v 0.104876 -0.259823 0.264124
v 0.106773 -0.277685 0.259991
v 0.001298 -0.294726 0.270343
v -0.000805 -0.290124 0.287996
v -0.001043 -0.276633 0.274377
v -0.108126 -0.307101 0.257509
v -0.102445 -0.293422 0.244854
v -0.100015 -0.311731 0.242062
v -0.179945 -0.328229 0.177833
v -0.193453 -0.323811 0.188351
v -0.183431 -0.310185 0.178157
v -0.246479 -0.340085 0.093558
v -0.233851 -0.326526 0.087473
v -0.229373 -0.344321 0.089328
v -0.239181 -0.360111 -0.011778
v -0.256902 -0.355752 -0.013835
v -0.243556 -0.342045 -0.014016
v -0.227462 -0.370803 -0.116893
v -0.215069 -0.356982 -0.111081
v -0.211995 -0.375320 -0.108836
v -0.150442 -0.389669 -0.185199
v -0.160900 -0.385234 -0.198679
v -0.150914 -0.371581 -0.188492
v -0.069778 -0.399237 -0.249347
v -0.063855 -0.385769 -0.236540
v -0.065654 -0.403622 -0.232244
v 0.031234 -0.417645 -0.241348
v 0.033343 -0.413002 -0.259048
v 0.033341 -0.399472 -0.245517
v 0.132286 -0.426785 -0.230708
v 0.126263 -0.413205 -0.218097
v 0.124251 -0.431669 -0.215303
v 0.197424 -0.445627 -0.156899
v 0.210870 -0.440835 -0.167257
v 0.200495 -0.427481 -0.156958
v 0.259636 -0.455303 -0.080470
v 0.246679 -0.442136 -0.074168
v 0.242563 -0.459993 -0.076465
v 0.251483 -0.475243 0.015668
v 0.269117 -0.470340 0.017872
v 0.255456 -0.457006 0.018200
v 0.242230 -0.485923 0.112194
v 0.229462 -0.472418 0.106414
v 0.226959 -0.490980 0.104083
v 0.171767 -0.506811 0.173362
v 0.181888 -0.502034 0.186918
v 0.171338 -0.488700 0.176743
v 0.099327 -0.518510 0.232989
v 0.092695 -0.505303 0.220220
v 0.095614 -0.523008 0.215779
v 0.008198 -0.539845 0.223605
v 0.005773 -0.535188 0.241351
v 0.005149 -0.521678 0.227880
v -0.083950 -0.551862 0.215168
v -0.078410 -0.538065 0.202553
v -0.075712 -0.556656 0.199842
v -0.141349 -0.572776 0.147495
v -0.155022 -0.568323 0.157599
v -0.145088 -0.554702 0.147064
v -0.198698 -0.584415 0.079027
v -0.186202 -0.570969 0.072311
v -0.181364 -0.588574 0.075367
v -0.188405 -0.604423 -0.007737
v -0.206234 -0.599983 -0.010171
v -0.193073 -0.586244 -0.010810
v -0.180907 -0.615047 -0.095752
v -0.168579 -0.601065 -0.090105
v -0.165589 -0.619784 -0.087547
v -0.116030 -0.634116 -0.149795
v -0.125993 -0.629623 -0.163473
v -0.115608 -0.615965 -0.153381
v -0.051244 -0.643855 -0.204911
v -0.044564 -0.630518 -0.192250
v -0.047800 -0.648155 -0.187534
v 0.031035 -0.662641 -0.193815
v 0.033590 -0.657881 -0.211636
v 0.034140 -0.644290 -0.198328
v 0.115013 -0.671919 -0.187344
v 0.109189 -0.658116 -0.174825
v 0.106805 -0.677098 -0.172128
v 0.165840 -0.691047 -0.125969
v 0.179531 -0.686185 -0.135724
v 0.169266 -0.672832 -0.124952
v 0.218936 -0.700809 -0.065519
v 0.206158 -0.687827 -0.058301
v 0.201526 -0.705382 -0.062330
v 0.207250 -0.720994 0.011791
v 0.225023 -0.715921 0.014535
v 0.211652 -0.702494 0.015540
v 0.201861 -0.731458 0.091501
v 0.189240 -0.717627 0.085970
v 0.186842 -0.736925 0.083170
v 0.144144 -0.752217 0.138585
v 0.153518 -0.747353 0.152443
v 0.142414 -0.734024 0.142386
v 0.087860 -0.763536 0.189270
v 0.080114 -0.750603 0.176692
v 0.085145 -0.767858 0.171649
v 0.015837 -0.784835 0.175981
v 0.012748 -0.779936 0.193890
v 0.011279 -0.766289 0.180795
v -0.058182 -0.796292 0.168920
v -0.053145 -0.782017 0.156820
v -0.049840 -0.801685 0.154202
v -0.097949 -0.816944 0.108925
v -0.111292 -0.812343 0.116974
v -0.102213 -0.798721 0.106901
v -0.139496 -0.828084 0.052467
v -0.128702 -0.815019 0.045887
v -0.123125 -0.832039 0.051584
v -0.120003 -0.848395 -0.006393
v -0.135705 -0.843506 -0.010188
v -0.125394 -0.829529 -0.011371
v -0.109337 -0.857792 -0.063798
v -0.100228 -0.843060 -0.059892
v -0.097249 -0.863517 -0.056560
v -0.063525 -0.874910 -0.090472
v -0.069806 -0.870129 -0.101174
v -0.061142 -0.856421 -0.094696
v -0.024891 -0.881012 -0.119388
v -0.017480 -0.868123 -0.112164
v -0.024049 -0.884729 -0.106601
v 0.015967 -0.895128 -0.103423
v 0.017637 -0.890944 -0.115511
v 0.021424 -0.876667 -0.108671
v 0.046764 -0.892360 -0.096375
v 0.040035 -0.879000 -0.094196
v 0.037109 -0.893777 -0.090647
v 0.084391 0.716012 0.365682
v 0.085608 0.721425 0.354171
v 0.113393 0.732728 0.358111
v 0.114874 0.728024 0.365090
v 0.072223 0.738032 0.356468
v 0.071006 0.732617 0.367979
v -0.030381 0.732210 0.348748
v -0.039690 0.724669 0.373857
v -0.176304 0.708707 0.349283
v -0.171056 0.684865 0.345709
v -0.148162 0.695583 0.309634
v -0.018657 0.709249 0.345136
v -0.027966 0.701708 0.370245
v -0.297923 0.689261 0.260811
v -0.322019 0.687240 0.110970
v -0.380117 0.669524 0.129267
v -0.374821 0.645584 0.129615
v -0.316722 0.663300 0.111319
v -0.251667 0.679806 0.226295
v -0.293737 0.665235 0.259008
v -0.336206 0.671458 -0.020631
v -0.398451 0.652689 -0.024525
v -0.300764 0.656461 -0.146826
v -0.356804 0.637752 -0.174581
v -0.352514 0.613661 -0.172106
v -0.296472 0.632371 -0.144350
v -0.330872 0.647451 -0.019096
v -0.393117 0.628681 -0.022990
v -0.218040 0.642224 -0.247736
v -0.259058 0.623708 -0.294915
v -0.104583 0.628538 -0.310935
v -0.124532 0.610315 -0.370568
v -0.124550 0.586307 -0.365581
v -0.104600 0.604531 -0.305949
v -0.215884 0.618177 -0.243852
v -0.256901 0.599660 -0.291032
v 0.023067 0.615194 -0.324000
v 0.027452 0.597331 -0.386585
v 0.145667 0.601859 -0.289324
v 0.173807 0.584355 -0.345729
v 0.171703 0.560168 -0.341784
v 0.143564 0.577673 -0.285377
v 0.021879 0.591094 -0.318990
v 0.026265 0.573231 -0.381576
v 0.243982 0.588205 -0.209306
v 0.291445 0.570983 -0.250766
v 0.305919 0.574037 -0.099989
v 0.365761 0.557003 -0.120431
v 0.361117 0.532926 -0.120826
v 0.301276 0.549961 -0.100382
v 0.240460 0.564071 -0.207514
v 0.287923 0.546850 -0.248974
v 0.319391 0.559168 0.022585
v 0.382149 0.542205 0.026534
v 0.286636 0.543564 0.139973
v 0.343182 0.526542 0.167781
v 0.339600 0.502319 0.165331
v 0.283053 0.519340 0.137523
v 0.314719 0.535008 0.021036
v 0.377478 0.518044 0.024984
v 0.209895 0.527193 0.233733
v 0.251434 0.509971 0.280962
v 0.104700 0.510312 0.292364
v 0.125194 0.492799 0.352044
v 0.126070 0.468804 0.347053
v 0.105576 0.486316 0.287372
v 0.208536 0.503086 0.229864
v 0.250077 0.485864 0.277093
v -0.013415 0.493176 0.304366
v -0.017253 0.475335 0.366991
v -0.126677 0.476031 0.272017
v -0.154277 0.457858 0.328460
v -0.151444 0.433713 0.324582
v -0.123845 0.451885 0.268139
v -0.011424 0.469104 0.299368
v -0.015262 0.451264 0.361993
v -0.217312 0.459127 0.197595
v -0.264251 0.440653 0.239109
v -0.274157 0.442702 0.096133
v -0.333484 0.424002 0.116650
v -0.328095 0.400083 0.117282
v -0.268768 0.418783 0.096765
v -0.213064 0.435098 0.195975
v -0.260002 0.416623 0.237490
v -0.286045 0.426998 -0.017332
v -0.348282 0.408193 -0.021202
v -0.255132 0.411971 -0.125825
v -0.311144 0.393207 -0.153561
v -0.306844 0.369084 -0.151032
v -0.250833 0.387850 -0.123295
v -0.280645 0.402986 -0.015605
v -0.342882 0.384181 -0.019475
v -0.311144 0.393207 -0.153561
v -0.255132 0.411971 -0.125825
v -0.183575 0.397578 -0.212365
v -0.224567 0.379024 -0.259542
v -0.085762 0.384425 -0.266508
v -0.105690 0.366215 -0.326145
v -0.105796 0.342209 -0.321131
v -0.085867 0.360418 -0.261494
v -0.181471 0.373517 -0.208463
v -0.222462 0.354965 -0.255641
v -0.250833 0.387850 -0.123295
v -0.306844 0.369084 -0.151032
v 0.023919 0.373123 -0.277807
v 0.028349 0.355350 -0.340371
v 0.128905 0.361054 -0.247983
v 0.157112 0.343683 -0.304348
v 0.154957 0.319422 -0.300471
v 0.126751 0.336793 -0.244106
v 0.022668 0.348980 -0.272770
v 0.027098 0.331206 -0.335335
v 0.212632 0.345594 -0.178757
v 0.260163 0.328463 -0.220200
v 0.265070 0.328926 -0.084629
v 0.324954 0.311908 -0.105089
v 0.320138 0.287890 -0.106026
v 0.260254 0.304907 -0.085566
v 0.208992 0.321454 -0.177319
v 0.256524 0.304324 -0.218760
v 0.276186 0.313230 0.019904
v 0.338937 0.296235 0.023826
v 0.247942 0.297680 0.119514
v 0.304444 0.280608 0.147305
v 0.300884 0.256353 0.144742
v 0.244382 0.273425 0.116949
v 0.271398 0.289089 0.017987
v 0.334146 0.272094 0.021910
v 0.182292 0.281446 0.198873
v 0.223813 0.264192 0.246110
v 0.092749 0.264782 0.248300
v 0.113261 0.247267 0.307998
v 0.114493 0.223302 0.302892
v 0.093982 0.240817 0.243195
v 0.181166 0.257337 0.194927
v 0.222687 0.240082 0.242163
v -0.007170 0.247939 0.258113
v -0.010988 0.230109 0.320724
v -0.102624 0.231095 0.230351
v -0.130223 0.212935 0.286755
v -0.127304 0.188747 0.282912
v -0.099705 0.206907 0.226508
v -0.004938 0.223862 0.253034
v -0.008756 0.206032 0.315645
v -0.178767 0.214425 0.167053
v -0.225726 0.195960 0.208554
v -0.226291 0.198163 0.081238
v -0.285639 0.179480 0.101773
v -0.280125 0.155593 0.102792
v -0.220777 0.174276 0.082257
v -0.174434 0.190392 0.165685
v -0.221392 0.171926 0.207186
v -0.235883 0.182544 -0.014074
v -0.298101 0.163793 -0.017935
v -0.209450 0.167495 -0.104831
v -0.265417 0.148810 -0.132586
v -0.261190 0.124638 -0.129952
v -0.205224 0.143323 -0.102197
v -0.230393 0.158521 -0.012084
v -0.292611 0.139770 -0.015945
v -0.148901 0.152940 -0.176981
v -0.189893 0.134441 -0.224198
v -0.066744 0.138776 -0.221773
v -0.086733 0.120565 -0.281447
v -0.087481 0.096600 -0.276229
v -0.067492 0.114812 -0.216554
v -0.147217 0.128874 -0.172940
v -0.188209 0.110375 -0.220155
v 0.024511 0.124898 -0.230460
v 0.028857 0.107054 -0.293017
v 0.111491 0.111015 -0.204956
v 0.139626 0.093536 -0.261280
v 0.137349 0.069257 -0.257405
v 0.109212 0.086737 -0.201082
v 0.022829 0.100771 -0.225284
v 0.027175 0.082928 -0.287840
v 0.180820 0.096837 -0.147180
v 0.228323 0.079636 -0.188613
v 0.224116 0.082293 -0.069152
v 0.284002 0.065274 -0.089640
v 0.279101 0.041253 -0.090828
v 0.219215 0.058272 -0.070340
v 0.177124 0.072689 -0.145904
v 0.224626 0.055488 -0.187337
v 0.232994 0.067315 0.017111
v 0.295717 0.050374 0.021016
v 0.209239 0.051814 0.099026
v 0.265688 0.034821 0.126832
v 0.262185 0.010494 0.124192
v 0.205735 0.027488 0.096387
v 0.228139 0.043126 0.015023
v 0.290862 0.026185 0.018928
v 0.154633 0.035705 0.164010
v 0.196139 0.018506 0.211288
v 0.080712 0.019248 0.204231
v 0.101254 0.001754 0.263966
v 0.102997 -0.022159 0.258699
v 0.082455 -0.004665 0.198964
v 0.153837 0.011592 0.159953
v 0.195342 -0.005609 0.207231
v -0.000985 0.002711 0.211858
v -0.004773 -0.015102 0.274446
v -0.078587 -0.013823 0.188671
v -0.106182 -0.031962 0.245006
v -0.103139 -0.056224 0.241212
v -0.075544 -0.038086 0.184877
v 0.001595 -0.021381 0.206661
v -0.002193 -0.039194 0.269249
v -0.140218 -0.030271 0.136446
v -0.187211 -0.048719 0.177922
v -0.178417 -0.046380 0.066243
v -0.237802 -0.065034 0.086807
v -0.232110 -0.088868 0.088388
v -0.172724 -0.070214 0.067825
v -0.135761 -0.054312 0.135443
v -0.182753 -0.072760 0.176918
v -0.185719 -0.061900 -0.010885
v -0.247898 -0.080571 -0.014730
v -0.163743 -0.076961 -0.083855
v -0.219625 -0.095529 -0.111640
v -0.215504 -0.119786 -0.108851
v -0.159622 -0.101219 -0.081066
v -0.180095 -0.085942 -0.008511
v -0.242276 -0.104613 -0.012356
v -0.219625 -0.095529 -0.111640
v -0.163743 -0.076961 -0.083855
v -0.114114 -0.091694 -0.141588
v -0.155107 -0.110108 -0.188877
v -0.047553 -0.106884 -0.177024
v -0.067661 -0.125091 -0.236773
v -0.069362 -0.148971 -0.231255
v -0.049253 -0.130764 -0.171507
v -0.113050 -0.115760 -0.137343
v -0.154042 -0.134174 -0.184631
v -0.159622 -0.101219 -0.081066
v -0.215504 -0.119786 -0.108851
v 0.025221 -0.123321 -0.183105
v 0.029395 -0.141259 -0.245663
v 0.094107 -0.138996 -0.161920
v 0.122087 -0.156624 -0.218184
v 0.119622 -0.180970 -0.214308
v 0.091643 -0.163343 -0.158043
v 0.022897 -0.147429 -0.177721
v 0.027071 -0.165367 -0.240279
v 0.149006 -0.151901 -0.115558
v 0.196441 -0.169197 -0.156981
v 0.183158 -0.164328 -0.053601
v 0.243040 -0.181344 -0.074141
v 0.238006 -0.205384 -0.075710
v 0.178126 -0.188368 -0.055171
v 0.145222 -0.176092 -0.114525
v 0.192656 -0.193388 -0.155948
v 0.189803 -0.178574 0.014371
v 0.252470 -0.195432 0.018245
v 0.170516 -0.194013 0.078553
v 0.226861 -0.210888 0.106387
v 0.223438 -0.235357 0.103629
v 0.167093 -0.218482 0.075794
v 0.184844 -0.202859 0.012017
v 0.247511 -0.219718 0.015891
v 0.126874 -0.210027 0.129138
v 0.168344 -0.227141 0.176498
v 0.068519 -0.226297 0.160148
v 0.089114 -0.243753 0.219957
v 0.091643 -0.267570 0.214445
v 0.071048 -0.250114 0.154636
v 0.126585 -0.234150 0.124914
v 0.168054 -0.251264 0.172274
v 0.005092 -0.242500 0.165599
v 0.001363 -0.260281 0.228143
v -0.054578 -0.258698 0.146967
v -0.082163 -0.276796 0.203168
v -0.078922 -0.301210 0.199445
v -0.051337 -0.283111 0.143244
v 0.008211 -0.266624 0.160220
v 0.004483 -0.284405 0.222763
v -0.101662 -0.274953 0.105723
v -0.148719 -0.293367 0.147146
v -0.130529 -0.290935 0.051061
v -0.189997 -0.309578 0.071692
v -0.184025 -0.333304 0.074165
v -0.124558 -0.314661 0.053535
v -0.097013 -0.299009 0.105289
v -0.144071 -0.317424 0.146712
v -0.135550 -0.306322 -0.007824
v -0.197684 -0.325014 -0.011576
v -0.118070 -0.321361 -0.062916
v -0.173791 -0.339969 -0.090653
v -0.169691 -0.364420 -0.087659
v -0.113971 -0.345811 -0.059923
v -0.129716 -0.330410 -0.004838
v -0.191850 -0.349103 -0.008589
v -0.079431 -0.336301 -0.106202
v -0.120323 -0.354738 -0.153539
v -0.028386 -0.351005 -0.132569
v -0.048483 -0.369170 -0.192390
v -0.050881 -0.392975 -0.186662
v -0.030785 -0.374811 -0.126842
v -0.078802 -0.360420 -0.101811
v -0.119693 -0.378856 -0.149148
v 0.026311 -0.365334 -0.136906
v 0.030529 -0.383111 -0.199366
v 0.077403 -0.379692 -0.120508
v 0.105515 -0.397084 -0.176539
v 0.102832 -0.421702 -0.172813
v 0.074720 -0.404311 -0.116781
v 0.023503 -0.389564 -0.131349
v 0.027720 -0.407341 -0.193809
v 0.117629 -0.394487 -0.084667
v 0.165274 -0.411612 -0.125982
v 0.142265 -0.409487 -0.037704
v 0.202322 -0.426443 -0.058322
v 0.196834 -0.450253 -0.061385
v 0.136775 -0.433297 -0.040767
v 0.113532 -0.418682 -0.084588
v 0.161177 -0.435807 -0.125902
v 0.146586 -0.424460 0.012059
v 0.209176 -0.441322 0.015810
v 0.131748 -0.439759 0.058188
v 0.187824 -0.456654 0.085968
v 0.184485 -0.481404 0.082859
v 0.128411 -0.464509 0.055079
v 0.141288 -0.448777 0.008683
v 0.203878 -0.465637 0.012432
v 0.098911 -0.455736 0.094250
v 0.140257 -0.472848 0.141711
v 0.056000 -0.471875 0.116035
v 0.076690 -0.489291 0.175993
v 0.080580 -0.512898 0.170071
v 0.059890 -0.495482 0.110113
v 0.099485 -0.479884 0.089742
v 0.140830 -0.496996 0.137202
v 0.010940 -0.487663 0.119335
v 0.007340 -0.505370 0.181768
v -0.030633 -0.503452 0.105217
v -0.058191 -0.521460 0.161096
v -0.054594 -0.546249 0.157482
v -0.027035 -0.528240 0.101603
v 0.015005 -0.511885 0.113633
v 0.011405 -0.529592 0.176067
v -0.063084 -0.519600 0.074749
v -0.110300 -0.537937 0.116030
v -0.082605 -0.535531 0.035478
v -0.142266 -0.554105 0.056234
v -0.135811 -0.577578 0.060309
v -0.076152 -0.559003 0.039553
v -0.058100 -0.543697 0.075323
v -0.105315 -0.562035 0.116605
v -0.085381 -0.550671 -0.005044
v -0.147364 -0.569267 -0.008631
v -0.072317 -0.565591 -0.042052
v -0.127609 -0.584079 -0.069754
v -0.123620 -0.609037 -0.066343
v -0.068328 -0.590550 -0.038641
v -0.079157 -0.574909 -0.000946
v -0.141140 -0.593505 -0.004534
v -0.044317 -0.580862 -0.070779
v -0.085014 -0.599193 -0.118322
v -0.008594 -0.595951 -0.087908
v -0.028840 -0.614024 -0.147982
v -0.033153 -0.637541 -0.141693
v -0.012906 -0.619469 -0.081619
v -0.044881 -0.605063 -0.065998
v -0.085578 -0.623393 -0.113541
v 0.027641 -0.610324 -0.090123
v 0.031650 -0.627985 -0.152385
v 0.060474 -0.624769 -0.078205
v 0.088538 -0.642017 -0.133674
v 0.085359 -0.667325 -0.130078
v 0.057295 -0.650076 -0.074610
v 0.023502 -0.634793 -0.084105
v 0.027512 -0.652454 -0.146366
v 0.085992 -0.640079 -0.052933
v 0.133903 -0.657060 -0.093990
v 0.101268 -0.655472 -0.021204
v 0.161646 -0.672288 -0.042018
v 0.155471 -0.695696 -0.047391
v 0.095093 -0.678878 -0.026577
v 0.081424 -0.664365 -0.054287
v 0.129336 -0.681347 -0.095344
v 0.103378 -0.670168 0.010082
v 0.165668 -0.686879 0.013558
v 0.092910 -0.685140 0.037922
v 0.148184 -0.701867 0.065645
v 0.144989 -0.727596 0.061911
v 0.089715 -0.710870 0.034189
v 0.097509 -0.694834 0.005082
v 0.159799 -0.711545 0.008559
v 0.070451 -0.701361 0.059311
v 0.111408 -0.718292 0.107145
v 0.042658 -0.717588 0.071836
v 0.063582 -0.734810 0.132234
v 0.070290 -0.757817 0.125509
v 0.049366 -0.740594 0.065111
v 0.072758 -0.725619 0.054243
v 0.113714 -0.742550 0.102076
v 0.016193 -0.732580 0.073079
v 0.012950 -0.750076 0.135089
v -0.006868 -0.747651 0.063393
v -0.033626 -0.765416 0.117030
v -0.029220 -0.791639 0.113537
v -0.002461 -0.773875 0.059901
v 0.022270 -0.757308 0.066662
v 0.019028 -0.774804 0.128672
v -0.024445 -0.764110 0.043134
v -0.069289 -0.782152 0.079379
v -0.034563 -0.780304 0.018813
v -0.088888 -0.798521 0.033740
v -0.081452 -0.821213 0.041336
v -0.027127 -0.802997 0.026409
v -0.018760 -0.788407 0.045834
v -0.063605 -0.806450 0.082078
v -0.035251 -0.794578 -0.003060
v -0.087275 -0.812754 -0.008282
v -0.026532 -0.808116 -0.021434
v -0.068927 -0.826136 -0.043727
v -0.064956 -0.853411 -0.039284
v -0.022561 -0.835393 -0.016992
v -0.028064 -0.819733 0.003577
v -0.080088 -0.837908 -0.001646
v -0.008431 -0.822103 -0.035266
v -0.038325 -0.839953 -0.069628
v 0.012508 -0.833248 -0.043052
v -0.004002 -0.851595 -0.083074
v -0.012761 -0.873737 -0.075657
v 0.003750 -0.855389 -0.035636
v -0.011607 -0.846753 -0.029632
v -0.041502 -0.864603 -0.063995
v 0.029738 -0.838263 -0.043293
v 0.025506 -0.858450 -0.081151
v 0.040986 -0.843423 -0.039959
v 0.045549 -0.865494 -0.073262
v 0.043982 -0.855001 -0.037023
v 0.051477 -0.877700 -0.068807
v 0.038037 -0.864364 -0.035472
v 0.042600 -0.886435 -0.068774
v 0.022461 -0.862877 -0.036296
v 0.018231 -0.883064 -0.074154
vn -0.1377 0.9753 -0.1727
vn -0.2520 -0.0381 -0.9670
vn -0.1786 0.9383 -0.2962
vn -0.0099 0.1970 -0.9804
vn -0.0346 -0.7145 -0.6988
vn 0.1141 -0.8031 -0.5849
vn 0.3465 0.1686 -0.9228
vn 0.2940 -0.8506 -0.4359
vn -0.1014 0.9831 -0.1522
vn -0.0906 0.9898 -0.1096
vn 0.6966 0.1593 -0.6995
vn 0.4224 -0.8717 -0.2485
vn 0.9215 0.1681 -0.3502
vn 0.4820 -0.8736 -0.0664
vn -0.0787 0.9918 -0.1009
vn -0.0610 0.9931 -0.1005
vn 0.9813 0.1841 0.0569
vn 0.4724 -0.8734 0.1181
vn 0.8829 0.1662 0.4391
vn 0.3932 -0.8748 0.2831
vn -0.0237 0.9941 -0.1062
vn 0.0163 0.9945 -0.1036
vn 0.6473 0.1518 0.7470
vn 0.2539 -0.8776 0.4067
vn 0.3125 0.1581 0.9367
vn 0.0803 -0.8794 0.4693
vn 0.0544 0.9951 -0.0821
vn 0.0803 0.9954 -0.0519
vn -0.0689 0.1682 0.9833
vn -0.1040 -0.8817 0.4602
vn -0.4421 0.1471 0.8848
vn -0.2702 -0.8847 0.3799
vn 0.0916 0.9958 -0.0096
vn 0.0891 0.9955 0.0309
vn -0.7475 0.1307 0.6513
vn -0.3926 -0.8875 0.2414
vn -0.9376 0.1393 0.3186
vn -0.4559 -0.8874 0.0684
vn 0.0673 0.9953 0.0698
vn 0.0363 0.9947 0.0967
vn -0.9860 0.1544 -0.0633
vn -0.4477 -0.8865 -0.1173
vn -0.8873 0.1390 -0.4398
vn -0.3658 -0.8858 -0.2855
vn -0.0078 0.9941 0.1081
vn -0.0499 0.9932 0.1047
vn -0.6513 0.1297 -0.7476
vn -0.2242 -0.8849 -0.4083
vn -0.3171 0.1467 -0.9370
vn -0.0491 -0.8816 -0.4694
vn -0.0896 0.9927 0.0813
vn -0.1161 0.9921 0.0485
vn 0.0636 0.1690 -0.9836
vn 0.1360 -0.8784 -0.4582
vn 0.4376 0.1574 -0.8853
vn 0.3017 -0.8766 -0.3750
vn -0.1265 0.9920 0.0032
vn -0.1220 0.9918 -0.0394
vn 0.7437 0.1489 -0.6517
vn 0.4226 -0.8755 -0.2341
vn 0.9332 0.1650 -0.3192
vn 0.4838 -0.8732 -0.0599
vn -0.0978 0.9920 -0.0793
vn -0.0643 0.9923 -0.1059
vn 0.9809 0.1844 0.0625
vn 0.4735 -0.8718 0.1258
vn 0.8827 0.1673 0.4391
vn 0.3900 -0.8730 0.2929
vn -0.0183 0.9931 -0.1158
vn 0.0226 0.9938 -0.1087
vn 0.8825 0.1673 0.4395
vn -0.0183 0.9931 -0.1157
vn 0.6470 0.1525 0.7471
vn 0.3898 -0.8730 0.2931
vn 0.2490 -0.8762 0.4127
vn 0.3126 0.1608 0.9362
vn 0.0807 -0.8785 0.4708
vn 0.0547 0.9951 -0.0818
vn 0.0780 0.9958 -0.0489
vn -0.0688 0.1663 0.9837
vn -0.1018 -0.8820 0.4601
vn -0.4446 0.1375 0.8851
vn -0.2789 -0.8853 0.3722
vn 0.0992 0.9951 0.0009
vn 0.1028 0.9933 0.0525
vn -0.7497 0.1240 0.6500
vn -0.4071 -0.8861 0.2216
vn -0.9373 0.1419 0.3183
vn -0.4637 -0.8847 0.0479
vn 0.0740 0.9930 0.0919
vn 0.0350 0.9931 0.1118
vn -0.9851 0.1600 -0.0626
vn -0.4484 -0.8841 -0.1317
vn -0.8870 0.1402 -0.4400
vn -0.3619 -0.8838 -0.2966
vn -0.0140 0.9928 0.1188
vn -0.0599 0.9919 0.1119
vn -0.6512 0.1269 -0.7482
vn -0.2161 -0.8831 -0.4164
vn -0.3172 0.1462 -0.9370
vn -0.0383 -0.8798 -0.4737
vn -0.1019 0.9912 0.0839
vn -0.1287 0.9906 0.0460
vn 0.0634 0.1712 -0.9832
vn 0.1480 -0.8764 -0.4583
vn 0.4380 0.1569 -0.8852
vn 0.3130 -0.8747 -0.3701
vn -0.1373 0.9905 -0.0042
vn -0.1292 0.9903 -0.0507
vn 0.7446 0.1454 -0.6515
vn 0.4309 -0.8739 -0.2248
vn 0.9334 0.1646 -0.3188
vn 0.4881 -0.8715 -0.0481
vn -0.1000 0.9907 -0.0926
vn -0.0609 0.9910 -0.1191
vn 0.9804 0.1867 0.0626
vn 0.4731 -0.8700 0.1385
vn 0.8827 0.1652 0.4400
vn 0.3838 -0.8717 0.3047
vn -0.0095 0.9919 -0.1269
vn 0.0378 0.9923 -0.1176
vn 0.6472 0.1451 0.7484
vn 0.2360 -0.8750 0.4226
vn 0.3126 0.1571 0.9368
vn 0.0577 -0.8766 0.4778
vn 0.0801 0.9930 -0.0870
vn 0.1062 0.9932 -0.0467
vn -0.0685 0.1729 0.9826
vn -0.1287 -0.8784 0.4603
vn -0.4429 0.1460 0.8846
vn -0.2932 -0.8816 0.3698
vn 0.1136 0.9935 0.0055
vn 0.1040 0.9931 0.0539
vn -0.7492 0.1235 0.6508
vn -0.4098 -0.8847 0.2222
vn -0.9380 0.1382 0.3180
vn -0.4653 -0.8840 0.0440
vn 0.0728 0.9926 0.0972
vn 0.0307 0.9918 0.1242
vn -0.9851 0.1596 -0.0633
vn -0.4479 -0.8824 -0.1438
vn -0.8869 0.1380 -0.4408
vn -0.3552 -0.8819 -0.3101
vn -0.0238 0.9910 0.1315
vn -0.0745 0.9899 0.1204
vn -0.6509 0.1218 -0.7493
vn -0.2040 -0.8812 -0.4265
vn -0.3171 0.1456 -0.9372
vn -0.0235 -0.8775 -0.4791
vn -0.1187 0.9891 0.0867
vn -0.1452 0.9885 0.0425
vn 0.0631 0.1747 -0.9826
vn 0.1639 -0.8735 -0.4584
vn 0.4386 0.1563 -0.8850
vn 0.3278 -0.8719 -0.3637
vn -0.1512 0.9884 -0.0139
vn -0.1384 0.9882 -0.0656
vn 0.7458 0.1404 -0.6512
vn 0.4418 -0.8716 -0.2125
vn 0.9337 0.1640 -0.3184
vn 0.4938 -0.8690 -0.0326
vn -0.1028 0.9886 -0.1101
vn -0.0564 0.9891 -0.1363
vn 0.9798 0.1900 0.0628
vn 0.4725 -0.8675 0.1553
vn 0.8828 0.1622 0.4408
vn 0.3757 -0.8697 0.3202
vn 0.0023 0.9900 -0.1413
vn 0.0586 0.9899 -0.1289
vn 0.8827 0.1621 0.4412
vn 0.6473 0.1342 0.7503
vn 0.3756 -0.8697 0.3203
vn 0.2184 -0.8733 0.4354
vn 0.3127 0.1522 0.9376
vn 0.0267 -0.8731 0.4869
vn 0.1142 0.9890 -0.0936
vn 0.1439 0.9886 -0.0437
vn -0.0673 0.1825 0.9809
vn -0.1647 -0.8722 0.4606
vn -0.4398 0.1577 0.8842
vn -0.3124 -0.8762 0.3670
vn 0.1326 0.9911 0.0117
vn 0.1048 0.9929 0.0558
vn -0.7481 0.1222 0.6522
vn -0.4134 -0.8827 0.2236
vn -0.9387 0.1333 0.3179
vn -0.4678 -0.8830 0.0391
vn 0.0705 0.9921 0.1041
vn 0.0249 0.9898 0.1406
vn -0.9851 0.1596 -0.0644
vn -0.4476 -0.8798 -0.1599
vn -0.8869 0.1348 -0.4419
vn -0.3462 -0.8789 -0.3281
vn -0.0376 0.9882 0.1482
vn -0.0946 0.9868 0.1314
vn -0.6506 0.1141 -0.7508
vn -0.1875 -0.8784 -0.4397
vn -0.3169 0.1448 -0.9373
vn -0.0032 -0.8738 -0.4863
vn -0.1418 0.9858 0.0903
vn -0.1677 0.9851 0.0374
vn 0.0628 0.1802 -0.9816
vn 0.1856 -0.8690 -0.4587
vn 0.4393 0.1551 -0.8848
vn 0.3479 -0.8677 -0.3549
vn -0.1698 0.9851 -0.0277
vn -0.1506 0.9848 -0.0865
vn 0.7475 0.1320 -0.6510
vn 0.4566 -0.8679 -0.1954
vn 0.9340 0.1628 -0.3179
vn 0.5021 -0.8647 -0.0106
vn -0.1072 0.9850 -0.1350
vn -0.0516 0.9856 -0.1613
vn 0.9784 0.1969 0.0629
vn 0.4736 -0.8622 0.1796
vn 0.8823 0.1634 0.4414
vn 0.3673 -0.8646 0.3428
vn 0.0163 0.9866 -0.1621
vn 0.0772 0.9871 -0.1404
vn 0.6473 0.1298 0.7511
vn 0.2041 -0.8693 0.4502
vn 0.3124 0.1548 0.9372
vn 0.0170 -0.8700 0.4927
vn 0.1265 0.9875 -0.0942
vn 0.1523 0.9877 -0.0362
vn -0.0685 0.1843 0.9805
vn -0.1735 -0.8703 0.4610
vn -0.4443 0.1438 0.8843
vn -0.3349 -0.8741 0.3518
vn 0.1520 0.9878 0.0340
vn 0.1290 0.9869 0.0971
vn -0.7521 0.1061 0.6505
vn -0.4402 -0.8782 0.1871
vn -0.9387 0.1359 0.3167
vn -0.4820 -0.8762 -0.0009
vn 0.0806 0.9857 0.1480
vn 0.0192 0.9845 0.1743
vn -0.9828 0.1732 -0.0642
vn -0.4494 -0.8723 -0.1929
vn -0.8865 0.1358 -0.4424
vn -0.3361 -0.8722 -0.3553
vn -0.0553 0.9834 0.1727
vn -0.1217 0.9817 0.1466
vn -0.6510 0.1018 -0.7522
vn -0.1661 -0.8729 -0.4587
vn -0.3165 0.1429 -0.9378
vn 0.0248 -0.8675 -0.4969
vn -0.1741 0.9802 0.0943
vn -0.1996 0.9794 0.0289
vn 0.0635 0.1901 -0.9797
vn 0.2171 -0.8611 -0.4598
vn 0.4402 0.1537 -0.8847
vn 0.3770 -0.8605 -0.3428
vn -0.1956 0.9795 -0.0489
vn -0.1665 0.9790 -0.1180
vn 0.7497 0.1170 -0.6513
vn 0.4773 -0.8620 -0.1704
vn 0.9349 0.1610 -0.3164
vn 0.5137 -0.8577 0.0217
vn -0.1111 0.9788 -0.1718
vn -0.0417 0.9795 -0.1969
vn 0.9758 0.2088 0.0649
vn 0.4753 -0.8531 0.2152
vn 0.8822 0.1617 0.4423
vn 0.3539 -0.8567 0.3753
vn 0.0403 0.9809 -0.1902
vn 0.1129 0.9811 -0.1572
vn 0.6487 0.1117 0.7528
vn 0.1763 -0.8633 0.4728
vn 0.3111 0.1524 0.9381
vn -0.0191 -0.8625 0.5056
vn 0.1681 0.9809 -0.0978
vn 0.1923 0.9810 -0.0244
vn -0.0714 0.1989 0.9774
vn -0.2137 -0.8600 0.4633
vn -0.4451 0.1417 0.8842
vn -0.3716 -0.8650 0.3372
vn 0.1829 0.9812 0.0617
vn 0.1468 0.9795 0.1378
vn -0.7537 0.0838 0.6519
vn -0.4657 -0.8711 0.1557
vn -0.9401 0.1335 0.3136
vn -0.4972 -0.8666 -0.0422
vn 0.0837 0.9771 0.1955
vn 0.0053 0.9756 0.2193
vn -0.9790 0.1917 -0.0694
vn -0.4533 -0.8588 -0.2388
vn -0.8864 0.1341 -0.4430
vn -0.3210 -0.8601 -0.3964
vn -0.0868 0.9748 0.2056
vn -0.1681 0.9720 0.1640
vn -0.6534 0.0741 -0.7534
vn -0.1315 -0.8638 -0.4863
vn -0.3125 0.1396 -0.9396
vn 0.0712 -0.8550 -0.5138
vn -0.2284 0.9689 0.0956
vn -0.2508 0.9680 0.0099
vn 0.0853 0.2126 -0.9734
vn 0.2767 -0.8395 -0.4676
vn 0.4943 0.1602 -0.8544
vn 0.4536 -0.8297 -0.3252
vn -0.2271 0.9699 -0.0876
vn -0.1795 0.9689 -0.1705
vn 0.8032 0.1028 -0.5868
vn 0.5505 -0.8264 -0.1185
vn 0.9580 0.1641 -0.2353
vn 0.5784 -0.8084 0.1088
vn -0.1036 0.9625 -0.2508
vn -0.0104 0.9583 -0.2855
vn 0.9510 0.2562 0.1732
vn 0.5266 -0.7728 0.3542
vn 0.8186 0.1923 0.5412
vn 0.3730 -0.7570 0.5365
vn 0.0862 0.9641 -0.2513
vn 0.1588 0.9681 -0.1937
vn 0.5659 0.0994 0.8185
vn 0.1655 -0.7535 0.6363
vn 0.2214 0.1553 0.9627
vn -0.0642 -0.7122 0.6990
vn 0.2191 0.9633 -0.1552
vn 0.1923 0.9685 -0.1581
vn -0.1839 0.3204 0.9293
vn -0.3262 -0.6272 0.7073
vn -0.8113 0.3138 0.4933
vn -0.6231 -0.5176 0.5864
vn -0.0451 0.9760 -0.2129
vn -0.1854 0.9714 0.1485
vn -0.6511 -0.6697 -0.3572
vn -0.1577 0.9326 0.3246
vn -0.6978 -0.3180 -0.6418
vn 0.0322 -0.9371 -0.3475
vn -0.0027 -0.8764 -0.4815
vn 0.0689 -0.9538 -0.2925
vn 0.0847 -0.9101 -0.4056
vn 0.2281 -0.9356 -0.2696
vn -0.1905 0.9753 0.1119
vn -0.1425 0.9601 0.2406
vn -0.2042 0.9656 0.1610
vn -0.1410 0.9760 0.1659
vn 0.2948 -0.9552 0.0267
vn 0.3193 -0.9392 -0.1260
vn 0.3244 -0.9459 0.0063
vn -0.2631 0.9642 -0.0325
vn -0.2691 0.9601 0.0760
vn -0.2949 0.9553 -0.0228
vn -0.2431 0.9688 0.0480
vn 0.2766 -0.9529 0.1245
vn 0.3085 -0.9436 0.1204
vn 0.2114 -0.9533 0.2158
vn 0.2426 -0.9441 0.2232
vn -0.1859 0.9629 -0.1958
vn -0.2767 0.9528 -0.1249
vn -0.2118 0.9533 -0.2153
vn -0.2455 0.9622 -0.1182
vn 0.1140 -0.9544 0.2759
vn 0.1397 -0.9455 0.2942
vn 0.0010 -0.9563 0.2923
vn 0.0177 -0.9474 0.3196
vn 0.0041 0.9655 -0.2604
vn -0.1137 0.9544 -0.2760
vn 0.0003 0.9562 -0.2926
vn -0.0979 0.9638 -0.2480
vn -0.1101 -0.9577 0.2657
vn -0.1050 -0.9490 0.2974
vn -0.2022 -0.9593 0.1970
vn -0.2092 -0.9508 0.2284
vn 0.1818 0.9682 -0.1717
vn 0.1105 0.9576 -0.2659
vn 0.2016 0.9593 -0.1975
vn 0.1019 0.9667 -0.2347
vn -0.2616 -0.9600 0.0999
vn -0.2798 -0.9518 0.1260
vn -0.2782 -0.9604 -0.0133
vn -0.3054 -0.9522 0.0040
vn 0.2461 0.9691 0.0186
vn 0.2617 0.9600 -0.0996
vn 0.2785 0.9603 0.0147
vn 0.2335 0.9687 -0.0838
vn -0.2514 -0.9596 -0.1261
vn -0.2833 -0.9514 -0.1204
vn -0.1804 -0.9587 -0.2198
vn -0.2124 -0.9506 -0.2263
vn 0.1551 0.9677 0.1989
vn 0.2515 0.9595 0.1265
vn 0.1809 0.9588 0.2192
vn 0.2200 0.9684 0.1178
vn -0.0802 -0.9570 -0.2787
vn -0.1070 -0.9490 -0.2966
vn 0.0350 -0.9556 -0.2927
vn 0.0169 -0.9474 -0.3197
vn -0.0396 0.9647 0.2604
vn 0.0798 0.9570 0.2789
vn -0.0365 0.9554 0.2930
vn 0.0644 0.9660 0.2502
vn 0.1471 -0.9536 -0.2627
vn 0.1405 -0.9452 -0.2946
vn 0.2385 -0.9523 -0.1902
vn 0.2445 -0.9438 -0.2223
vn -0.2172 0.9620 0.1653
vn -0.1476 0.9535 0.2629
vn -0.2378 0.9524 0.1908
vn -0.1380 0.9630 0.2316
vn 0.2953 -0.9511 -0.0901
vn 0.3128 -0.9426 -0.1170
vn 0.3087 -0.9508 0.0246
vn 0.3355 -0.9420 0.0063
vn -0.2764 0.9606 -0.0292
vn -0.2955 0.9511 0.0897
vn -0.3091 0.9507 -0.0262
vn -0.2668 0.9609 0.0745
vn 0.2786 -0.9505 0.1373
vn 0.3106 -0.9415 0.1305
vn 0.2049 -0.9515 0.2296
vn 0.2374 -0.9425 0.2351
vn -0.1803 0.9615 -0.2076
vn -0.2788 0.9504 -0.1379
vn -0.2055 0.9515 -0.2290
vn -0.2474 0.9604 -0.1283
vn 0.2373 -0.9426 0.2351
vn 0.1052 -0.9529 0.2845
vn 0.1326 -0.9441 0.3017
vn -0.0015 -0.9558 0.2940
vn 0.0165 -0.9469 0.3210
vn 0.0057 0.9652 -0.2613
vn -0.1049 0.9529 -0.2846
vn 0.0032 0.9557 -0.2944
vn -0.0902 0.9627 -0.2551
vn -0.1803 0.9614 -0.2076
vn -0.1100 -0.9582 0.2640
vn -0.1037 -0.9495 0.2961
vn -0.2147 -0.9589 0.1857
vn -0.2203 -0.9506 0.2186
vn 0.1924 0.9680 -0.1613
vn 0.1106 0.9581 -0.2642
vn 0.2140 0.9589 -0.1864
vn 0.1010 0.9673 -0.2326
vn -0.2807 -0.9570 0.0737
vn -0.2972 -0.9493 0.1024
vn -0.2876 -0.9569 -0.0411
vn -0.3140 -0.9492 -0.0208
vn 0.2543 0.9661 0.0441
vn 0.2809 0.9569 -0.0733
vn 0.2880 0.9567 0.0430
vn 0.2506 0.9663 -0.0594
vn -0.2505 -0.9570 -0.1464
vn -0.2829 -0.9492 -0.1381
vn -0.1728 -0.9563 -0.2357
vn -0.2063 -0.9486 -0.2400
vn 0.1485 0.9659 0.2123
vn 0.2507 0.9568 0.1470
vn 0.1736 0.9564 0.2348
vn 0.2190 0.9662 0.1358
vn -0.0669 -0.9546 -0.2903
vn -0.0959 -0.9470 -0.3067
vn 0.0518 -0.9532 -0.2980
vn 0.0311 -0.9454 -0.3245
vn -0.0545 0.9628 0.2646
vn 0.0665 0.9546 0.2905
vn -0.0539 0.9529 0.2984
vn 0.0528 0.9642 0.2599
vn 0.1653 -0.9511 -0.2609
vn 0.1560 -0.9432 -0.2934
vn 0.2551 -0.9498 -0.1812
vn 0.2584 -0.9418 -0.2150
vn -0.2311 0.9601 0.1574
vn -0.1659 0.9509 0.2611
vn -0.2542 0.9499 0.1821
vn -0.1538 0.9610 0.2297
vn 0.3073 -0.9486 -0.0752
vn 0.3232 -0.9405 -0.1045
vn 0.3140 -0.9484 0.0430
vn 0.3402 -0.9401 0.0217
vn -0.2806 0.9587 -0.0456
vn -0.3075 0.9486 0.0748
vn -0.3145 0.9482 -0.0453
vn -0.2767 0.9590 0.0615
vn 0.2761 -0.9482 0.1569
vn 0.3087 -0.9397 0.1470
vn 0.1943 -0.9493 0.2473
vn 0.2286 -0.9408 0.2503
vn -0.1710 0.9599 -0.2221
vn -0.2763 0.9481 -0.1576
vn -0.1952 0.9493 -0.2464
vn -0.2448 0.9587 -0.1449
vn 0.0857 -0.9505 0.2986
vn 0.1159 -0.9423 0.3141
vn -0.0339 -0.9525 0.3027
vn -0.0117 -0.9443 0.3288
vn 0.0351 0.9626 -0.2686
vn -0.0853 0.9505 -0.2988
vn 0.0363 0.9523 -0.3031
vn -0.0730 0.9609 -0.2670
vn -0.1473 -0.9538 0.2620
vn -0.1367 -0.9457 0.2948
vn -0.2361 -0.9552 0.1786
vn -0.2384 -0.9474 0.2135
vn 0.2102 0.9652 -0.1555
vn 0.1480 0.9536 -0.2622
vn 0.2351 0.9552 -0.1797
vn 0.1340 0.9638 -0.2307
vn -0.2862 -0.9556 0.0695
vn -0.3012 -0.9482 0.1005
vn -0.2896 -0.9558 -0.0509
vn -0.3157 -0.9485 -0.0278
vn 0.2552 0.9655 0.0520
vn 0.2864 0.9556 -0.0691
vn 0.2901 0.9555 0.0536
vn 0.2542 0.9655 -0.0569
vn -0.2474 -0.9545 -0.1663
vn -0.2807 -0.9473 -0.1544
vn -0.1605 -0.9531 -0.2565
vn -0.1963 -0.9461 -0.2576
vn 0.1378 0.9636 0.2292
vn 0.2477 0.9543 0.1671
vn 0.1617 0.9532 0.2554
vn 0.2159 0.9644 0.1524
vn -0.0473 -0.9511 -0.3052
vn -0.0796 -0.9443 -0.3193
vn 0.0754 -0.9495 -0.3047
vn 0.0508 -0.9425 -0.3304
vn -0.0752 0.9600 0.2698
vn 0.0468 0.9511 0.3054
vn -0.0784 0.9491 0.3052
vn 0.0359 0.9617 0.2718
vn 0.1902 -0.9472 -0.2582
vn 0.1768 -0.9401 -0.2916
vn 0.2779 -0.9457 -0.1685
vn 0.2776 -0.9386 -0.2049
vn -0.2495 0.9572 0.1466
vn -0.1912 0.9469 0.2585
vn -0.2767 0.9458 0.1699
vn -0.1751 0.9581 0.2269
vn 0.3238 -0.9446 -0.0544
vn 0.3370 -0.9374 -0.0878
vn 0.3212 -0.9445 0.0685
vn 0.3464 -0.9371 0.0425
vn -0.2860 0.9559 -0.0675
vn -0.3240 0.9445 0.0539
vn -0.3218 0.9441 -0.0718
vn -0.2899 0.9560 0.0438
vn 0.2723 -0.9444 0.1841
vn 0.3060 -0.9369 0.1692
vn 0.1790 -0.9455 0.2721
vn 0.2165 -0.9381 0.2704
vn -0.1581 0.9574 -0.2417
vn -0.2727 0.9441 -0.1851
vn -0.1808 0.9456 -0.2705
vn -0.2410 0.9560 -0.1675
vn 0.2165 -0.9381 0.2705
vn 0.0579 -0.9462 0.3183
vn 0.1789 -0.9455 0.2722
vn 0.0929 -0.9392 0.3306
vn -0.0795 -0.9460 0.3143
vn -0.0509 -0.9393 0.3392
vn 0.0758 0.9575 -0.2783
vn -0.0574 0.9462 -0.3185
vn 0.0833 0.9455 -0.3149
vn -0.0490 0.9579 -0.2830
vn -0.1807 0.9456 -0.2706
vn -0.2000 -0.9450 0.2586
vn -0.1818 -0.9388 0.2926
vn -0.2665 -0.9490 0.1683
vn -0.2634 -0.9424 0.2064
vn 0.2345 0.9608 -0.1478
vn 0.2009 0.9447 -0.2591
vn 0.2652 0.9491 -0.1701
vn 0.1798 0.9570 -0.2276
vn -0.2942 -0.9536 0.0635
vn -0.3069 -0.9467 0.0981
vn -0.2924 -0.9541 -0.0650
vn -0.3179 -0.9474 -0.0373
vn 0.2562 0.9646 0.0628
vn 0.2942 0.9536 -0.0632
vn 0.2931 0.9536 0.0689
vn 0.2586 0.9645 -0.0539
vn -0.2428 -0.9503 -0.1947
vn -0.2776 -0.9443 -0.1768
vn -0.1423 -0.9474 -0.2865
vn -0.1821 -0.9421 -0.2816
vn 0.1228 0.9598 0.2524
vn 0.2433 0.9499 0.1961
vn 0.1444 0.9476 0.2848
vn 0.2112 0.9616 0.1753
vn -0.0184 -0.9450 -0.3265
vn -0.0566 -0.9399 -0.3367
vn 0.1098 -0.9430 -0.3141
vn 0.0783 -0.9377 -0.3384
vn -0.1048 0.9552 0.2768
vn 0.0178 0.9450 0.3267
vn -0.1145 0.9422 0.3148
vn 0.0117 0.9574 0.2884
vn 0.2268 -0.9403 -0.2539
vn 0.2060 -0.9349 -0.2890
vn 0.3115 -0.9384 -0.1493
vn 0.3046 -0.9332 -0.1905
vn -0.2754 0.9523 0.1313
vn -0.2284 0.9397 0.2544
vn -0.3095 0.9387 0.1519
vn -0.2051 0.9531 0.2227
vn 0.3479 -0.9372 -0.0231
vn 0.3566 -0.9321 -0.0631
vn 0.3322 -0.9372 0.1066
vn 0.3558 -0.9317 0.0729
vn -0.2941 0.9505 -0.0999
vn -0.3481 0.9372 0.0226
vn -0.3329 0.9363 -0.1120
vn -0.3084 0.9511 0.0182
vn 0.2682 -0.9367 0.2252
vn 0.3038 -0.9311 0.2020
vn 0.1583 -0.9374 0.3102
vn 0.2015 -0.9321 0.3009
vn -0.1420 0.9521 -0.2710
vn -0.2689 0.9360 -0.2271
vn -0.1615 0.9376 -0.3079
vn -0.2371 0.9504 -0.2013
vn 0.0273 -0.9388 0.3435
vn 0.0700 -0.9339 0.3506
vn -0.1047 -0.9408 0.3225
vn -0.0680 -0.9359 0.3456
vn 0.0953 0.9543 -0.2833
vn -0.0269 0.9387 -0.3436
vn 0.1108 0.9398 -0.3232
vn -0.0252 0.9531 -0.3016
vn -0.2232 -0.9414 0.2530
vn -0.1971 -0.9367 0.2894
vn -0.3062 -0.9419 0.1384
vn -0.2944 -0.9380 0.1832
vn 0.2638 0.9566 -0.1237
vn 0.2253 0.9406 -0.2538
vn 0.3035 0.9421 -0.1423
vn 0.1963 0.9551 -0.2220
vn -0.3364 -0.9417 0.0044
vn -0.3419 -0.9384 0.0496
vn -0.3121 -0.9411 -0.1299
vn -0.3346 -0.9381 -0.0900
vn 0.2714 0.9551 0.1188
vn 0.3365 0.9417 -0.0041
vn 0.3129 0.9398 0.1372
vn 0.2921 0.9564 -0.0042
vn -0.2376 -0.9384 -0.2510
vn -0.2749 -0.9357 -0.2211
vn -0.1153 -0.9352 -0.3347
vn -0.1630 -0.9336 -0.3191
vn 0.1027 0.9521 0.2880
vn 0.2387 0.9373 0.2538
vn 0.1201 0.9358 0.3315
vn 0.2065 0.9531 0.2213
vn 0.0259 -0.9324 -0.3606
vn -0.0234 -0.9313 -0.3635
vn 0.1634 -0.9302 -0.3288
vn 0.1190 -0.9290 -0.3504
vn -0.1490 0.9464 0.2867
vn -0.0260 0.9324 0.3605
vn -0.1719 0.9283 0.3296
vn -0.0224 0.9495 0.3130
vn 0.2844 -0.9265 -0.2464
vn 0.2500 -0.9254 -0.2847
vn 0.3651 -0.9236 -0.1168
vn 0.3456 -0.9233 -0.1674
vn -0.3141 0.9433 0.1075
vn -0.2879 0.9251 0.2476
vn -0.3615 0.9242 0.1229
vn -0.2511 0.9436 0.2158
vn 0.3859 -0.9221 0.0288
vn 0.3860 -0.9222 -0.0244
vn 0.3485 -0.9221 0.1684
vn 0.3690 -0.9217 0.1194
vn -0.3048 0.9404 -0.1510
vn -0.3855 0.9223 -0.0286
vn -0.3492 0.9198 -0.1787
vn -0.3351 0.9419 -0.0214
vn 0.2593 -0.9207 0.2915
vn 0.2988 -0.9205 0.2518
vn 0.1201 -0.9204 0.3720
vn 0.1749 -0.9213 0.3473
vn -0.1149 0.9423 -0.3144
vn -0.2608 0.9189 -0.2961
vn -0.1280 0.9211 -0.3676
vn -0.2289 0.9398 -0.2538
vn -0.0335 -0.9215 0.3868
vn 0.0254 -0.9232 0.3835
vn -0.1761 -0.9235 0.3407
vn -0.1209 -0.9250 0.3601
vn 0.1539 0.9431 -0.2947
vn 0.0326 0.9219 -0.3861
vn 0.1888 0.9208 -0.3413
vn 0.0199 0.9435 -0.3308
vn -0.2996 -0.9228 0.2423
vn -0.2537 -0.9248 0.2835
vn -0.3779 -0.9211 0.0934
vn -0.3475 -0.9251 0.1527
vn 0.3130 0.9452 -0.0928
vn 0.3058 0.9203 -0.2441
vn 0.3726 0.9222 -0.1036
vn 0.2567 0.9429 -0.2123
vn -0.3868 -0.9197 -0.0670
vn -0.3796 -0.9251 -0.0020
vn -0.3336 -0.9184 -0.2126
vn -0.3514 -0.9240 -0.1507
vn 0.2844 0.9403 0.1871
vn 0.3856 0.9203 0.0654
vn 0.3340 0.9143 0.2292
vn 0.3249 0.9446 0.0474
vn -0.2254 -0.9132 -0.3395
vn -0.2688 -0.9199 -0.2855
vn -0.0615 -0.9064 -0.4179
vn -0.1278 -0.9163 -0.3795
vn 0.0678 0.9368 0.3431
vn 0.2279 0.9092 0.3485
vn 0.0759 0.9083 0.4114
vn 0.1954 0.9364 0.2916
vn 0.1107 -0.9017 -0.4180
vn 0.0365 -0.9133 -0.4057
vn 0.2596 -0.8991 -0.3524
vn 0.1881 -0.9104 -0.3686
vn -0.2287 0.9261 0.2999
vn -0.1071 0.9032 0.4157
vn -0.2814 0.8927 0.3521
vn -0.0811 0.9339 0.3481
vn 0.3893 -0.8914 -0.2321
vn 0.3269 -0.9031 -0.2785
vn 0.4718 -0.8801 -0.0540
vn 0.4301 -0.8938 -0.1267
vn -0.3867 0.9197 0.0682
vn -0.4025 0.8848 0.2349
vn -0.4636 0.8829 0.0742
vn -0.3361 0.9198 0.2025
vn 0.4669 -0.8748 0.1290
vn 0.4570 -0.8880 0.0504
vn 0.3928 -0.8719 0.2924
vn 0.4143 -0.8828 0.2214
vn -0.3345 0.9033 -0.2688
vn -0.4630 0.8778 -0.1228
vn -0.3901 0.8617 -0.3244
vn -0.3892 0.9165 -0.0921
vn 0.2631 -0.8567 0.4437
vn 0.3165 -0.8652 0.3890
vn 0.0798 -0.8416 0.5341
vn 0.1576 -0.8508 0.5014
vn -0.0986 0.8916 -0.4419
vn -0.2652 0.8446 -0.4652
vn -0.1127 0.8477 -0.5183
vn -0.2284 0.8879 -0.3994
vn -0.0842 -0.8410 0.5344
vn -0.0097 -0.8455 0.5338
vn -0.1874 -0.8473 0.4969
vn -0.1494 -0.8354 0.5289
vn 0.1941 0.8769 -0.4398
vn 0.0563 0.8543 -0.5167
vn 0.2140 0.8417 -0.4958
vn 0.0401 0.8953 -0.4437
vn -0.3298 -0.8177 0.4718
vn -0.3206 -0.7928 0.5184
vn -0.6631 -0.6654 0.3429
vn -0.7004 -0.6041 0.3802
vn -0.9852 -0.0170 -0.1708
vn -0.9849 0.1363 -0.1071
vn -0.1605 0.8148 -0.5571
vn -0.1143 0.8765 -0.4677
vn 0.2434 0.8354 -0.4927
vn 0.2444 0.8635 -0.4411
vt 0.763168 0.516917
vt 0.770084 0.502491
vt 0.769027 0.506110
vt 0.761392 0.516850
vt 0.766484 0.505860
vt 0.759844 0.516060
vt 0.751247 0.534460
vt 0.749650 0.533190
vt 0.753159 0.535060
vt 0.743317 0.554039
vt 0.741211 0.553180
vt 0.739216 0.551717
vt 0.731381 0.572312
vt 0.729100 0.570927
vt 0.733649 0.573290
vt 0.724235 0.592702
vt 0.721875 0.591556
vt 0.719418 0.590254
vt 0.712461 0.611414
vt 0.709977 0.610136
vt 0.714775 0.612528
vt 0.705771 0.632387
vt 0.703454 0.631351
vt 0.700895 0.630133
vt 0.694783 0.651321
vt 0.692223 0.650195
vt 0.697180 0.652316
vt 0.688958 0.672331
vt 0.686532 0.671348
vt 0.683965 0.670236
vt 0.678666 0.691417
vt 0.676098 0.690314
vt 0.681052 0.692369
vt 0.673635 0.712307
vt 0.671250 0.711436
vt 0.668610 0.710397
vt 0.664188 0.731386
vt 0.661556 0.730442
vt 0.666650 0.732212
vt 0.660052 0.752100
vt 0.657567 0.751290
vt 0.654932 0.750358
vt 0.651341 0.771144
vt 0.648710 0.770220
vt 0.653781 0.771927
vt 0.647989 0.791610
vt 0.645555 0.790909
vt 0.642853 0.790055
vt 0.640092 0.810631
vt 0.637402 0.809872
vt 0.642606 0.811281
vt 0.637574 0.830981
vt 0.635033 0.830344
vt 0.632338 0.829596
vt 0.630336 0.850038
vt 0.627644 0.849293
vt 0.632829 0.850652
vt 0.628526 0.870150
vt 0.626052 0.869620
vt 0.623300 0.868952
vt 0.622070 0.889151
vt 0.619361 0.888575
vt 0.624600 0.889620
vt 0.620944 0.909367
vt 0.618427 0.908932
vt 0.615751 0.908352
vt 0.614875 0.930460
vt 0.611960 0.929414
vt 0.617723 0.930450
vt 0.473845 0.475357
vt 0.471366 0.453486
vt 0.474151 0.454084
vt 0.471380 0.475326
vt 0.468322 0.453808
vt 0.468636 0.475280
vt 0.471639 0.494960
vt 0.468882 0.494992
vt 0.474202 0.494881
vt 0.474822 0.514023
vt 0.472210 0.514125
vt 0.469420 0.514163
vt 0.473105 0.533090
vt 0.470303 0.533122
vt 0.475674 0.532981
vt 0.476930 0.551661
vt 0.474398 0.551844
vt 0.471550 0.551966
vt 0.475948 0.570427
vt 0.473155 0.570644
vt 0.478542 0.570162
vt 0.480415 0.588475
vt 0.477802 0.588758
vt 0.475015 0.588983
vt 0.479929 0.606869
vt 0.477142 0.607088
vt 0.482483 0.606587
vt 0.484872 0.624363
vt 0.482366 0.624719
vt 0.479537 0.625037
vt 0.485023 0.642398
vt 0.482250 0.642803
vt 0.487592 0.641958
vt 0.490591 0.659454
vt 0.487998 0.659911
vt 0.485227 0.660320
vt 0.491245 0.677265
vt 0.488472 0.677669
vt 0.493781 0.676813
vt 0.497249 0.693812
vt 0.494769 0.694338
vt 0.491963 0.694846
vt 0.498476 0.711183
vt 0.495737 0.711776
vt 0.501010 0.710570
vt 0.505017 0.727162
vt 0.502464 0.727793
vt 0.499731 0.728386
vt 0.506687 0.744182
vt 0.503953 0.744767
vt 0.509181 0.743562
vt 0.513586 0.759579
vt 0.511155 0.760270
vt 0.508392 0.760963
vt 0.515787 0.776159
vt 0.513095 0.776934
vt 0.518274 0.775374
vt 0.523198 0.791043
vt 0.520688 0.791846
vt 0.517998 0.792621
vt 0.525810 0.807346
vt 0.523115 0.808113
vt 0.528263 0.806559
vt 0.533525 0.821679
vt 0.531143 0.822533
vt 0.528427 0.823411
vt 0.536602 0.837479
vt 0.533968 0.838434
vt 0.539032 0.836528
vt 0.544740 0.851205
vt 0.542290 0.852173
vt 0.539662 0.853122
vt 0.548162 0.866634
vt 0.545527 0.867571
vt 0.550552 0.865689
vt 0.556524 0.879760
vt 0.554212 0.880770
vt 0.551562 0.881822
vt 0.560373 0.894692
vt 0.557810 0.895818
vt 0.562732 0.893577
vt 0.569138 0.907262
vt 0.566754 0.908393
vt 0.564194 0.909512
vt 0.573311 0.921901
vt 0.570741 0.923004
vt 0.575635 0.920802
vt 0.582253 0.933955
vt 0.580029 0.935111
vt 0.577461 0.936323
vt 0.586882 0.948201
vt 0.584428 0.949461
vt 0.589127 0.946946
vt 0.596393 0.960146
vt 0.594142 0.961439
vt 0.591674 0.962664
vt 0.602453 0.975866
vt 0.599413 0.976920
vt 0.604734 0.973992
vt 0.044466 0.627629
vt 0.034565 0.613528
vt 0.037464 0.612777
vt 0.042228 0.628716
vt 0.031850 0.615252
vt 0.039700 0.629950
vt 0.049073 0.641929
vt 0.046604 0.643222
vt 0.051344 0.640669
vt 0.058230 0.653206
vt 0.055889 0.654486
vt 0.053384 0.655764
vt 0.062757 0.666720
vt 0.060215 0.667991
vt 0.065057 0.665470
vt 0.071829 0.677245
vt 0.069626 0.678559
vt 0.067075 0.679961
vt 0.076487 0.690118
vt 0.074033 0.691585
vt 0.078737 0.688691
vt 0.085824 0.700010
vt 0.083544 0.701451
vt 0.081086 0.702898
vt 0.090726 0.712584
vt 0.088247 0.714010
vt 0.092949 0.711185
vt 0.100083 0.721915
vt 0.097972 0.723369
vt 0.095500 0.724925
vt 0.105229 0.733932
vt 0.102875 0.735553
vt 0.107381 0.732350
vt 0.114816 0.742673
vt 0.112626 0.744268
vt 0.110269 0.745868
vt 0.120116 0.754412
vt 0.117724 0.755992
vt 0.122252 0.752872
vt 0.129645 0.762630
vt 0.127632 0.764214
vt 0.125256 0.765927
vt 0.135111 0.773777
vt 0.132869 0.775547
vt 0.137159 0.772063
vt 0.144783 0.781375
vt 0.142697 0.783101
vt 0.140451 0.784841
vt 0.150342 0.792227
vt 0.148055 0.793941
vt 0.152375 0.790564
vt 0.159881 0.799316
vt 0.157980 0.801014
vt 0.155715 0.802864
vt 0.165578 0.809573
vt 0.163446 0.811475
vt 0.167481 0.807757
vt 0.175247 0.816062
vt 0.173222 0.817932
vt 0.171084 0.819803
vt 0.180952 0.826098
vt 0.178759 0.827951
vt 0.182893 0.824311
vt 0.190424 0.832130
vt 0.188628 0.833942
vt 0.186469 0.835931
vt 0.196220 0.841551
vt 0.194208 0.843583
vt 0.198012 0.839623
vt 0.205753 0.846984
vt 0.203833 0.848972
vt 0.201812 0.850964
vt 0.211510 0.856202
vt 0.209422 0.858174
vt 0.213346 0.854308
vt 0.220777 0.861204
vt 0.219101 0.863117
vt 0.217052 0.865226
vt 0.226593 0.869793
vt 0.224681 0.871972
vt 0.228263 0.867761
vt 0.235894 0.874242
vt 0.234080 0.876348
vt 0.232191 0.878414
vt 0.241664 0.882702
vt 0.239680 0.884791
vt 0.243399 0.880702
vt 0.250677 0.886759
vt 0.249117 0.888761
vt 0.247185 0.890989
vt 0.256423 0.894581
vt 0.254647 0.896870
vt 0.257971 0.892460
vt 0.265408 0.898098
vt 0.263704 0.900304
vt 0.261943 0.902467
vt 0.271070 0.905835
vt 0.269197 0.908025
vt 0.272696 0.903747
vt 0.279703 0.909004
vt 0.278269 0.911084
vt 0.276456 0.913413
vt 0.285289 0.916099
vt 0.283644 0.918485
vt 0.286707 0.913889
vt 0.293871 0.918727
vt 0.292276 0.921039
vt 0.290637 0.923299
vt 0.299363 0.925807
vt 0.297595 0.928109
vt 0.300887 0.923617
vt 0.307564 0.928124
vt 0.306256 0.930290
vt 0.304571 0.932738
vt 0.312950 0.934475
vt 0.311482 0.936947
vt 0.314221 0.932197
vt 0.320996 0.936342
vt 0.319515 0.938797
vt 0.318025 0.941206
vt 0.326283 0.942721
vt 0.324650 0.945163
vt 0.327668 0.940463
vt 0.333954 0.944158
vt 0.332765 0.946456
vt 0.331248 0.949039
vt 0.339000 0.949822
vt 0.337759 0.952395
vt 0.340078 0.947472
vt 0.346554 0.950464
vt 0.345232 0.953007
vt 0.344011 0.955510
vt 0.351447 0.956130
vt 0.350142 0.958668
vt 0.352700 0.953881
vt 0.358756 0.956645
vt 0.357743 0.958889
vt 0.356511 0.961684
vt 0.363610 0.961467
vt 0.362742 0.963946
vt 0.364479 0.959160
vt 0.369857 0.961243
vt 0.368775 0.963528
vt 0.367881 0.965962
vt 0.373583 0.965367
vt 0.372598 0.967889
vt 0.374659 0.963351
vt 0.378512 0.965139
vt 0.377739 0.966866
vt 0.377007 0.969381
vt 0.381222 0.968102
vt 0.380979 0.970293
vt 0.381814 0.966369
vt 0.384977 0.967570
vt 0.384282 0.968886
vt 0.384265 0.970813
vt 0.386795 0.969454
vt 0.386383 0.970895
vt 0.386876 0.968306
vt 0.772200 0.502016
vt 0.772549 0.497347
vt 0.774097 0.501882
vt 0.772422 0.498343
vt 0.767012 0.499742
vt 0.768000 0.501305
vt 0.755564 0.510479
vt 0.757854 0.513760
vt 0.746316 0.530033
vt 0.757618 0.536178
vt 0.770262 0.517554
vt 0.763611 0.537582
vt 0.766253 0.517168
vt 0.715967 0.562584
vt 0.734491 0.548151
vt 0.723428 0.567412
vt 0.739793 0.575743
vt 0.756333 0.558177
vt 0.748155 0.578860
vt 0.748856 0.555910
vt 0.705047 0.582605
vt 0.713199 0.587015
vt 0.695361 0.602898
vt 0.703673 0.607050
vt 0.721119 0.615383
vt 0.739137 0.599228
vt 0.729708 0.619037
vt 0.730574 0.595582
vt 0.686055 0.623145
vt 0.694471 0.627159
vt 0.677279 0.643541
vt 0.685776 0.647371
vt 0.703637 0.654946
vt 0.720867 0.638666
vt 0.712355 0.658350
vt 0.712197 0.635142
vt 0.668874 0.663816
vt 0.677447 0.667504
vt 0.660966 0.684152
vt 0.669580 0.687685
vt 0.687581 0.694793
vt 0.704282 0.678148
vt 0.696406 0.697885
vt 0.695494 0.674889
vt 0.653295 0.704453
vt 0.661985 0.707876
vt 0.646184 0.724843
vt 0.654928 0.728076
vt 0.673275 0.734388
vt 0.689156 0.717533
vt 0.682212 0.737175
vt 0.680246 0.714614
vt 0.639466 0.745004
vt 0.648255 0.748089
vt 0.633236 0.765128
vt 0.642047 0.768053
vt 0.660444 0.773880
vt 0.675719 0.756816
vt 0.669443 0.776329
vt 0.666738 0.754192
vt 0.627200 0.785188
vt 0.636084 0.788002
vt 0.621685 0.805339
vt 0.630628 0.807967
vt 0.649367 0.812980
vt 0.663809 0.795707
vt 0.658481 0.815115
vt 0.654731 0.793440
vt 0.616514 0.825308
vt 0.625509 0.827789
vt 0.611822 0.845259
vt 0.620833 0.847585
vt 0.639628 0.852138
vt 0.653565 0.834577
vt 0.648801 0.853944
vt 0.644404 0.832600
vt 0.607340 0.865139
vt 0.616408 0.867358
vt 0.603446 0.884968
vt 0.612531 0.887088
vt 0.631424 0.890783
vt 0.644611 0.873112
vt 0.640684 0.892169
vt 0.635380 0.871500
vt 0.599871 0.904123
vt 0.608953 0.906684
vt 0.595736 0.921503
vt 0.604733 0.926280
vt 0.625460 0.929858
vt 0.637300 0.910855
vt 0.635489 0.928293
vt 0.627857 0.910169
vt 0.460905 0.455629
vt 0.452596 0.476057
vt 0.451575 0.458456
vt 0.461762 0.475514
vt 0.452694 0.495203
vt 0.461940 0.495107
vt 0.481075 0.494676
vt 0.489843 0.475828
vt 0.490349 0.494310
vt 0.480638 0.475490
vt 0.490833 0.458706
vt 0.481469 0.455964
vt 0.453058 0.514446
vt 0.462376 0.514333
vt 0.453956 0.533607
vt 0.463274 0.533366
vt 0.482633 0.532497
vt 0.491156 0.513024
vt 0.491966 0.531624
vt 0.481815 0.513680
vt 0.455092 0.552740
vt 0.464451 0.552361
vt 0.456783 0.571777
vt 0.466118 0.571190
vt 0.485491 0.569403
vt 0.493264 0.549939
vt 0.494805 0.568202
vt 0.483922 0.551023
vt 0.458671 0.590361
vt 0.467979 0.589631
vt 0.460894 0.608681
vt 0.470158 0.607811
vt 0.489378 0.605633
vt 0.496673 0.586276
vt 0.498607 0.604119
vt 0.487389 0.587630
vt 0.463206 0.626899
vt 0.472496 0.625906
vt 0.465995 0.645003
vt 0.475267 0.643813
vt 0.494474 0.640730
vt 0.501017 0.621552
vt 0.503683 0.638888
vt 0.491790 0.623262
vt 0.468980 0.662775
vt 0.478235 0.661436
vt 0.472323 0.680340
vt 0.481533 0.678860
vt 0.500613 0.675385
vt 0.506689 0.656127
vt 0.509737 0.673223
vt 0.497505 0.658132
vt 0.475760 0.697798
vt 0.484982 0.696190
vt 0.479665 0.715064
vt 0.488839 0.713258
vt 0.507795 0.708882
vt 0.513196 0.689891
vt 0.516859 0.706412
vt 0.504090 0.692241
vt 0.483719 0.731909
vt 0.492846 0.729966
vt 0.488065 0.748483
vt 0.497130 0.746410
vt 0.515879 0.741681
vt 0.520819 0.722752
vt 0.524805 0.738897
vt 0.511813 0.725381
vt 0.492453 0.764955
vt 0.501530 0.762759
vt 0.497274 0.781255
vt 0.506311 0.778864
vt 0.524924 0.773221
vt 0.529187 0.754570
vt 0.533790 0.770116
vt 0.520288 0.757548
vt 0.502221 0.797185
vt 0.511220 0.794654
vt 0.507458 0.812867
vt 0.516395 0.810208
vt 0.534839 0.804222
vt 0.538685 0.785536
vt 0.543575 0.800814
vt 0.529870 0.788798
vt 0.512749 0.828452
vt 0.521684 0.825665
vt 0.518463 0.843797
vt 0.527328 0.840817
vt 0.545526 0.833938
vt 0.548785 0.815607
vt 0.554165 0.830234
vt 0.540091 0.819198
vt 0.524250 0.858698
vt 0.533048 0.855595
vt 0.530256 0.873306
vt 0.538979 0.870092
vt 0.556936 0.862923
vt 0.559790 0.844669
vt 0.565391 0.858923
vt 0.551236 0.848525
vt 0.536270 0.887837
vt 0.544993 0.884501
vt 0.542680 0.902151
vt 0.551339 0.898623
vt 0.569030 0.890546
vt 0.571292 0.872652
vt 0.577383 0.886234
vt 0.562890 0.876842
vt 0.549149 0.916061
vt 0.557747 0.912409
vt 0.555839 0.929688
vt 0.564362 0.925936
vt 0.581820 0.917606
vt 0.583717 0.899684
vt 0.589986 0.913009
vt 0.575445 0.904143
vt 0.562549 0.943202
vt 0.571085 0.939377
vt 0.569565 0.956309
vt 0.578151 0.952509
vt 0.595071 0.943413
vt 0.596443 0.925783
vt 0.602970 0.938260
vt 0.588372 0.930604
vt 0.576130 0.968635
vt 0.585177 0.965461
vt 0.580955 0.980129
vt 0.591440 0.978912
vt 0.610424 0.968274
vt 0.609665 0.950050
vt 0.616810 0.959945
vt 0.602198 0.956131
vt 0.025944 0.620650
vt 0.025755 0.638610
vt 0.019090 0.628081
vt 0.033632 0.633498
vt 0.032135 0.650943
vt 0.040424 0.646537
vt 0.057467 0.637376
vt 0.059513 0.621234
vt 0.065728 0.632834
vt 0.050784 0.624785
vt 0.055299 0.610117
vt 0.045256 0.611349
vt 0.038672 0.663404
vt 0.047097 0.659112
vt 0.045505 0.675704
vt 0.053927 0.671367
vt 0.071151 0.661885
vt 0.072507 0.644747
vt 0.079171 0.656749
vt 0.064401 0.649708
vt 0.052322 0.687911
vt 0.060760 0.683489
vt 0.059470 0.699811
vt 0.067832 0.695221
vt 0.084740 0.684842
vt 0.085875 0.668175
vt 0.092633 0.679371
vt 0.077910 0.673507
vt 0.066637 0.711294
vt 0.074918 0.706611
vt 0.073946 0.722516
vt 0.082141 0.717746
vt 0.098813 0.707178
vt 0.099583 0.690452
vt 0.106452 0.701436
vt 0.091819 0.696069
vt 0.081215 0.733723
vt 0.089397 0.728831
vt 0.088813 0.744668
vt 0.096902 0.739577
vt 0.113109 0.728090
vt 0.113449 0.711830
vt 0.120592 0.722049
vt 0.105898 0.717755
vt 0.096337 0.755152
vt 0.104336 0.749967
vt 0.103932 0.765368
vt 0.111845 0.760109
vt 0.127866 0.748488
vt 0.127921 0.732176
vt 0.135120 0.742227
vt 0.120553 0.738336
vt 0.111511 0.775596
vt 0.119398 0.770214
vt 0.119402 0.785516
vt 0.127166 0.779940
vt 0.142611 0.767459
vt 0.142355 0.751683
vt 0.149688 0.760941
vt 0.135197 0.758107
vt 0.127145 0.794924
vt 0.134802 0.789287
vt 0.134877 0.804054
vt 0.142454 0.798381
vt 0.157682 0.785858
vt 0.157160 0.770087
vt 0.164472 0.779138
vt 0.150228 0.776707
vt 0.142563 0.813239
vt 0.150132 0.807466
vt 0.150532 0.822154
vt 0.158002 0.816188
vt 0.172623 0.802804
vt 0.171774 0.787561
vt 0.179206 0.795779
vt 0.165108 0.794461
vt 0.158326 0.830599
vt 0.165692 0.824569
vt 0.166112 0.838797
vt 0.173401 0.832720
vt 0.187926 0.819270
vt 0.186828 0.803933
vt 0.194269 0.812079
vt 0.180382 0.811044
vt 0.173888 0.847065
vt 0.181149 0.840868
vt 0.181929 0.855021
vt 0.189055 0.848624
vt 0.202867 0.834375
vt 0.201600 0.819617
vt 0.209012 0.826937
vt 0.195370 0.826958
vt 0.189721 0.862463
vt 0.196721 0.856035
vt 0.197427 0.869679
vt 0.204353 0.863229
vt 0.218074 0.848995
vt 0.216578 0.834194
vt 0.223948 0.841433
vt 0.210591 0.841688
vt 0.205120 0.877029
vt 0.212020 0.870452
vt 0.213075 0.884088
vt 0.219829 0.877295
vt 0.232796 0.862237
vt 0.231157 0.848038
vt 0.238467 0.854417
vt 0.225403 0.855754
vt 0.220765 0.890625
vt 0.227397 0.883791
vt 0.228337 0.896967
vt 0.234896 0.890131
vt 0.247837 0.875126
vt 0.245969 0.860801
vt 0.253267 0.867215
vt 0.240437 0.868665
vt 0.235939 0.903469
vt 0.242460 0.896502
vt 0.243777 0.909645
vt 0.250126 0.902467
vt 0.262203 0.886709
vt 0.260311 0.873010
vt 0.267416 0.878567
vt 0.255005 0.881063
vt 0.251253 0.915262
vt 0.257480 0.908092
vt 0.258538 0.920721
vt 0.264719 0.913594
vt 0.276821 0.897962
vt 0.274701 0.884148
vt 0.281759 0.889761
vt 0.269646 0.892307
vt 0.265874 0.926415
vt 0.272032 0.919154
vt 0.273444 0.931813
vt 0.279430 0.924317
vt 0.290610 0.907907
vt 0.288487 0.894727
vt 0.295301 0.899429
vt 0.283696 0.903090
vt 0.280613 0.936660
vt 0.286473 0.929171
vt 0.287587 0.941395
vt 0.293397 0.933941
vt 0.304723 0.917592
vt 0.302364 0.904211
vt 0.309197 0.909079
vt 0.297806 0.912694
vt 0.294704 0.946410
vt 0.300429 0.938771
vt 0.302073 0.951085
vt 0.307469 0.943256
vt 0.317796 0.926014
vt 0.315583 0.913306
vt 0.322022 0.917238
vt 0.311251 0.921979
vt 0.309009 0.955061
vt 0.314324 0.947051
vt 0.315628 0.959057
vt 0.320861 0.951259
vt 0.331181 0.934158
vt 0.328752 0.921275
vt 0.335247 0.925387
vt 0.324635 0.930039
vt 0.322539 0.963481
vt 0.327583 0.955405
vt 0.329793 0.967563
vt 0.334315 0.959077
vt 0.343357 0.940785
vt 0.341196 0.928817
vt 0.347232 0.931949
vt 0.337248 0.937705
vt 0.336555 0.970905
vt 0.340824 0.961862
vt 0.343406 0.973150
vt 0.347151 0.964866
vt 0.355895 0.947478
vt 0.353632 0.935407
vt 0.359712 0.939032
vt 0.349627 0.944268
vt 0.350636 0.975480
vt 0.353921 0.967842
vt 0.357688 0.978252
vt 0.360452 0.970325
vt 0.367168 0.952938
vt 0.365028 0.942134
vt 0.370428 0.944973
vt 0.361462 0.950618
vt 0.364143 0.980071
vt 0.366015 0.971818
vt 0.370427 0.980704
vt 0.371194 0.973499
vt 0.377363 0.958374
vt 0.376335 0.948432
vt 0.381685 0.952349
vt 0.372596 0.955613
vt 0.377421 0.980872
vt 0.376494 0.974652
vt 0.383758 0.979397
vt 0.381452 0.974734
vt 0.384406 0.962719
vt 0.385897 0.955670
vt 0.389129 0.959512
vt 0.381010 0.960729
vt 0.387935 0.977047
vt 0.385367 0.973913
vt 0.390130 0.974555
vt 0.388041 0.972006
vt 0.391409 0.971687
vt 0.388838 0.970099
vt 0.391806 0.968694
vt 0.388797 0.968408
vt 0.391514 0.964448
vt 0.387469 0.965339
s 1
usemtl standardSurface1_1001.001
f 715/715/237 717/716/238 716/717/239
f 717/716/238 715/715/237 718/718/240
f 718/718/240 719/719/241 717/716/238
f 719/719/241 718/718/240 720/720/242
f 721/721/243 720/720/242 718/718/240
f 720/720/242 721/721/243 722/722/244
f 723/723/245 718/718/240 715/715/237
f 718/718/240 723/723/245 721/721/243
f 724/724/246 721/721/243 723/723/245
f 721/721/243 724/724/246 725/725/247
f 725/725/247 722/722/244 721/721/243
f 722/722/244 725/725/247 726/726/248
f 727/727/249 726/726/248 725/725/247
f 726/726/248 727/727/249 728/728/250
f 729/729/251 725/725/247 724/724/246
f 725/725/247 729/729/251 727/727/249
f 730/730/252 727/727/249 729/729/251
f 727/727/249 730/730/252 731/731/253
f 731/731/253 728/728/250 727/727/249
f 728/728/250 731/731/253 732/732/254
f 733/733/255 732/732/254 731/731/253
f 732/732/254 733/733/255 734/734/256
f 735/735/257 731/731/253 730/730/252
f 731/731/253 735/735/257 733/733/255
f 736/736/258 733/733/255 735/735/257
f 733/733/255 736/736/258 737/737/259
f 737/737/259 734/734/256 733/733/255
f 734/734/256 737/737/259 738/738/260
f 739/739/261 738/738/260 737/737/259
f 738/738/260 739/739/261 740/740/262
f 741/741/263 737/737/259 736/736/258
f 737/737/259 741/741/263 739/739/261
f 742/742/264 739/739/261 741/741/263
f 739/739/261 742/742/264 743/743/265
f 743/743/265 740/740/262 739/739/261
f 740/740/262 743/743/265 744/744/266
f 745/745/267 744/744/266 743/743/265
f 744/744/266 745/745/267 746/746/268
f 747/747/269 743/743/265 742/742/264
f 743/743/265 747/747/269 745/745/267
f 748/748/270 745/745/267 747/747/269
f 745/745/267 748/748/270 749/749/271
f 749/749/271 746/746/268 745/745/267
f 746/746/268 749/749/271 750/750/272
f 751/751/273 750/750/272 749/749/271
f 750/750/272 751/751/273 752/752/274
f 753/753/275 749/749/271 748/748/270
f 749/749/271 753/753/275 751/751/273
f 754/754/276 751/751/273 753/753/275
f 751/751/273 754/754/276 755/755/277
f 755/755/277 752/752/274 751/751/273
f 752/752/274 755/755/277 756/756/278
f 757/757/279 756/756/278 755/755/277
f 756/756/278 757/757/279 758/758/280
f 759/759/281 755/755/277 754/754/276
f 755/755/277 759/759/281 757/757/279
f 760/760/282 757/757/279 759/759/281
f 757/757/279 760/760/282 761/761/283
f 761/761/283 758/758/280 757/757/279
f 758/758/280 761/761/283 762/762/284
f 763/763/285 762/762/284 761/761/283
f 762/762/284 763/763/285 764/764/286
f 765/765/287 761/761/283 760/760/282
f 761/761/283 765/765/287 763/763/285
f 766/766/288 763/763/285 765/765/287
f 763/763/285 766/766/288 767/767/289
f 767/767/289 764/764/286 763/763/285
f 764/764/286 767/767/289 768/768/290
f 769/769/291 768/768/290 767/767/289
f 768/768/290 769/769/291 770/770/292
f 771/771/293 767/767/289 766/766/288
f 767/767/289 771/771/293 769/769/291
f 772/772/294 769/769/291 771/771/293
f 769/769/291 772/772/294 773/773/295
f 773/773/295 770/770/292 769/769/291
f 770/770/292 773/773/295 774/774/296
f 775/775/297 774/774/296 773/773/295
f 774/774/296 775/775/297 776/776/298
f 777/777/299 773/773/295 772/772/294
f 773/773/295 777/777/299 775/775/297
f 778/778/300 775/775/297 777/777/299
f 775/775/297 778/778/300 779/779/301
f 779/779/301 776/776/298 775/775/297
f 776/776/298 779/779/301 780/780/302
f 781/781/303 780/780/302 779/779/301
f 780/780/302 781/781/303 782/782/304
f 783/783/305 779/779/301 778/778/300
f 779/779/301 783/783/305 781/781/303
f 784/784/306 786/785/307 785/786/308
f 786/785/307 784/784/306 787/787/309
f 787/787/309 788/788/310 786/785/307
f 788/788/310 787/787/309 789/789/311
f 790/790/312 789/789/311 787/787/309
f 789/789/311 790/790/312 791/791/313
f 792/792/314 787/787/309 784/784/306
f 787/787/309 792/792/314 790/790/312
f 793/793/315 790/790/312 792/792/314
f 790/790/312 793/793/315 794/794/316
f 794/794/316 791/791/313 790/790/312
f 791/791/313 794/794/316 795/795/317
f 796/796/318 795/795/317 794/794/316
f 795/795/317 796/796/318 797/797/319
f 798/798/320 794/794/316 793/793/315
f 794/794/316 798/798/320 796/796/318
f 799/799/321 796/796/318 798/798/320
f 796/796/318 799/799/321 800/800/322
f 800/800/322 797/797/319 796/796/318
f 797/797/319 800/800/322 801/801/323
f 802/802/324 801/801/323 800/800/322
f 801/801/323 802/802/324 803/803/325
f 804/804/326 800/800/322 799/799/321
f 800/800/322 804/804/326 802/802/324
f 805/805/327 802/802/324 804/804/326
f 802/802/324 805/805/327 806/806/328
f 806/806/328 803/803/325 802/802/324
f 803/803/325 806/806/328 807/807/329
f 808/808/330 807/807/329 806/806/328
f 807/807/329 808/808/330 809/809/331
f 810/810/332 806/806/328 805/805/327
f 806/806/328 810/810/332 808/808/330
f 811/811/333 808/808/330 810/810/332
f 808/808/330 811/811/333 812/812/334
f 812/812/334 809/809/331 808/808/330
f 809/809/331 812/812/334 813/813/335
f 814/814/336 813/813/335 812/812/334
f 813/813/335 814/814/336 815/815/337
f 816/816/338 812/812/334 811/811/333
f 812/812/334 816/816/338 814/814/336
f 817/817/339 814/814/336 816/816/338
f 814/814/336 817/817/339 818/818/340
f 818/818/340 815/815/337 814/814/336
f 815/815/337 818/818/340 819/819/341
f 820/820/342 819/819/341 818/818/340
f 819/819/341 820/820/342 821/821/343
f 822/822/344 818/818/340 817/817/339
f 818/818/340 822/822/344 820/820/342
f 823/823/345 820/820/342 822/822/344
f 820/820/342 823/823/345 824/824/346
f 824/824/346 821/821/343 820/820/342
f 821/821/343 824/824/346 825/825/347
f 826/826/348 825/825/347 824/824/346
f 825/825/347 826/826/348 827/827/349
f 828/828/350 824/824/346 823/823/345
f 824/824/346 828/828/350 826/826/348
f 829/829/351 826/826/348 828/828/350
f 826/826/348 829/829/351 830/830/352
f 830/830/352 827/827/349 826/826/348
f 827/827/349 830/830/352 831/831/353
f 832/832/354 831/831/353 830/830/352
f 831/831/353 832/832/354 833/833/355
f 834/834/356 830/830/352 829/829/351
f 830/830/352 834/834/356 832/832/354
f 835/835/357 832/832/354 834/834/356
f 832/832/354 835/835/357 836/836/358
f 836/836/358 833/833/355 832/832/354
f 833/833/355 836/836/358 837/837/359
f 838/838/360 837/837/359 836/836/358
f 837/837/359 838/838/360 839/839/361
f 840/840/362 836/836/358 835/835/357
f 836/836/358 840/840/362 838/838/360
f 841/841/363 838/838/360 840/840/362
f 838/838/360 841/841/363 842/842/364
f 842/842/364 839/839/361 838/838/360
f 839/839/361 842/842/364 843/843/365
f 844/844/366 843/843/365 842/842/364
f 843/843/365 844/844/366 845/845/367
f 846/846/368 842/842/364 841/841/363
f 842/842/364 846/846/368 844/844/366
f 847/847/369 844/844/366 846/846/368
f 844/844/366 847/847/369 848/848/370
f 848/848/370 845/845/367 844/844/366
f 845/845/367 848/848/370 849/849/371
f 850/850/372 849/849/371 848/848/370
f 849/849/371 850/850/372 851/851/373
f 852/852/374 848/848/370 847/847/369
f 848/848/370 852/852/374 850/850/372
f 853/853/375 850/850/372 852/852/374
f 850/850/372 853/853/375 854/854/376
f 854/854/376 851/851/373 850/850/372
f 851/851/373 854/854/376 855/855/377
f 856/856/378 855/855/377 854/854/376
f 855/855/377 856/856/378 857/857/379
f 858/858/380 854/854/376 853/853/375
f 854/854/376 858/858/380 856/856/378
f 859/859/381 856/856/378 858/858/380
f 856/856/378 859/859/381 860/860/382
f 860/860/382 857/857/379 856/856/378
f 857/857/379 860/860/382 861/861/383
f 862/862/384 861/861/383 860/860/382
f 861/861/383 862/862/384 863/863/385
f 864/864/386 860/860/382 859/859/381
f 860/860/382 864/864/386 862/862/384
f 865/865/387 862/862/384 864/864/386
f 862/862/384 865/865/387 866/866/388
f 866/866/388 863/863/385 862/862/384
f 863/863/385 866/866/388 867/867/389
f 868/868/390 867/867/389 866/866/388
f 867/867/389 868/868/390 869/869/391
f 870/870/392 866/866/388 865/865/387
f 866/866/388 870/870/392 868/868/390
f 871/871/393 868/868/390 870/870/392
f 868/868/390 871/871/393 872/872/394
f 872/872/394 869/869/391 868/868/390
f 869/869/391 872/872/394 873/873/395
f 874/874/396 873/873/395 872/872/394
f 873/873/395 874/874/396 875/875/397
f 876/876/398 872/872/394 871/871/393
f 872/872/394 876/876/398 874/874/396
f 877/877/399 874/874/396 876/876/398
f 874/874/396 877/877/399 878/878/400
f 878/878/400 875/875/397 874/874/396
f 875/875/397 878/878/400 879/879/401
f 880/880/402 879/879/401 878/878/400
f 879/879/401 880/880/402 881/881/403
f 882/882/404 878/878/400 877/877/399
f 878/878/400 882/882/404 880/880/402
f 883/883/405 885/884/406 884/885/404
f 885/884/406 883/883/405 886/886/407
f 886/886/407 887/887/408 885/884/406
f 887/887/408 886/886/407 888/888/409
f 889/889/410 888/888/409 886/886/407
f 888/888/409 889/889/410 890/890/411
f 891/891/412 886/886/407 883/883/405
f 886/886/407 891/891/412 889/889/410
f 892/892/413 889/889/410 891/891/412
f 889/889/410 892/892/413 893/893/414
f 893/893/414 890/890/411 889/889/410
f 890/890/411 893/893/414 894/894/415
f 895/895/416 894/894/415 893/893/414
f 894/894/415 895/895/416 896/896/417
f 897/897/418 893/893/414 892/892/413
f 893/893/414 897/897/418 895/895/416
f 898/898/419 895/895/416 897/897/418
f 895/895/416 898/898/419 899/899/420
f 899/899/420 896/896/417 895/895/416
f 896/896/417 899/899/420 900/900/421
f 901/901/422 900/900/421 899/899/420
f 900/900/421 901/901/422 902/902/423
f 903/903/424 899/899/420 898/898/419
f 899/899/420 903/903/424 901/901/422
f 904/904/425 901/901/422 903/903/424
f 901/901/422 904/904/425 905/905/426
f 905/905/426 902/902/423 901/901/422
f 902/902/423 905/905/426 906/906/427
f 907/907/428 906/906/427 905/905/426
f 906/906/427 907/907/428 908/908/429
f 909/909/430 905/905/426 904/904/425
f 905/905/426 909/909/430 907/907/428
f 910/910/431 907/907/428 909/909/430
f 907/907/428 910/910/431 911/911/432
f 911/911/432 908/908/429 907/907/428
f 908/908/429 911/911/432 912/912/433
f 913/913/434 912/912/433 911/911/432
f 912/912/433 913/913/434 914/914/435
f 915/915/436 911/911/432 910/910/431
f 911/911/432 915/915/436 913/913/434
f 916/916/437 913/913/434 915/915/436
f 913/913/434 916/916/437 917/917/438
f 917/917/438 914/914/435 913/913/434
f 914/914/435 917/917/438 918/918/439
f 919/919/440 918/918/439 917/917/438
f 918/918/439 919/919/440 920/920/441
f 921/921/442 917/917/438 916/916/437
f 917/917/438 921/921/442 919/919/440
f 922/922/443 919/919/440 921/921/442
f 919/919/440 922/922/443 923/923/444
f 923/923/444 920/920/441 919/919/440
f 920/920/441 923/923/444 924/924/445
f 925/925/446 924/924/445 923/923/444
f 924/924/445 925/925/446 926/926/447
f 927/927/448 923/923/444 922/922/443
f 923/923/444 927/927/448 925/925/446
f 928/928/449 925/925/446 927/927/448
f 925/925/446 928/928/449 929/929/450
f 929/929/450 926/926/447 925/925/446
f 926/926/447 929/929/450 930/930/451
f 931/931/452 930/930/451 929/929/450
f 930/930/451 931/931/452 932/932/453
f 933/933/454 929/929/450 928/928/449
f 929/929/450 933/933/454 931/931/452
f 934/934/455 931/931/452 933/933/454
f 931/931/452 934/934/455 935/935/456
f 935/935/456 932/932/453 931/931/452
f 932/932/453 935/935/456 936/936/457
f 937/937/458 936/936/457 935/935/456
f 936/936/457 937/937/458 938/938/459
f 939/939/460 935/935/456 934/934/455
f 935/935/456 939/939/460 937/937/458
f 940/940/461 937/937/458 939/939/460
f 937/937/458 940/940/461 941/941/462
f 941/941/462 938/938/459 937/937/458
f 938/938/459 941/941/462 942/942/463
f 943/943/464 942/942/463 941/941/462
f 942/942/463 943/943/464 944/944/465
f 945/945/466 941/941/462 940/940/461
f 941/941/462 945/945/466 943/943/464
f 946/946/467 943/943/464 945/945/466
f 943/943/464 946/946/467 947/947/468
f 947/947/468 944/944/465 943/943/464
f 944/944/465 947/947/468 948/948/469
f 949/949/470 948/948/469 947/947/468
f 948/948/469 949/949/470 950/950/471
f 951/951/472 947/947/468 946/946/467
f 947/947/468 951/951/472 949/949/470
f 952/952/473 949/949/470 951/951/472
f 949/949/470 952/952/473 953/953/474
f 953/953/474 950/950/471 949/949/470
f 950/950/471 953/953/474 954/954/475
f 955/955/476 954/954/475 953/953/474
f 954/954/475 955/955/476 956/956/477
f 957/957/478 953/953/474 952/952/473
f 953/953/474 957/957/478 955/955/476
f 958/958/479 955/955/476 957/957/478
f 955/955/476 958/958/479 959/959/480
f 959/959/480 956/956/477 955/955/476
f 956/956/477 959/959/480 960/960/481
f 961/961/482 960/960/481 959/959/480
f 960/960/481 961/961/482 962/962/483
f 963/963/484 959/959/480 958/958/479
f 959/959/480 963/963/484 961/961/482
f 964/964/485 961/961/482 963/963/484
f 961/961/482 964/964/485 965/965/486
f 965/965/486 962/962/483 961/961/482
f 962/962/483 965/965/486 966/966/487
f 967/967/488 966/966/487 965/965/486
f 966/966/487 967/967/488 968/968/489
f 969/969/490 965/965/486 964/964/485
f 965/965/486 969/969/490 967/967/488
f 970/970/491 967/967/488 969/969/490
f 967/967/488 970/970/491 971/971/492
f 971/971/492 968/968/489 967/967/488
f 968/968/489 971/971/492 972/972/493
f 973/973/494 972/972/493 971/971/492
f 972/972/493 973/973/494 974/974/495
f 975/975/496 971/971/492 970/970/491
f 971/971/492 975/975/496 973/973/494
f 976/976/497 973/973/494 975/975/496
f 973/973/494 976/976/497 977/977/498
f 977/977/498 974/974/495 973/973/494
f 974/974/495 977/977/498 978/978/499
f 979/979/500 978/978/499 977/977/498
f 978/978/499 979/979/500 980/980/501
f 981/981/502 977/977/498 976/976/497
f 977/977/498 981/981/502 979/979/500
f 982/982/503 979/979/500 981/981/502
f 979/979/500 982/982/503 983/983/504
f 983/983/504 980/980/501 979/979/500
f 980/980/501 983/983/504 984/984/505
f 985/985/506 984/984/505 983/983/504
f 984/984/505 985/985/506 986/986/507
f 987/987/508 983/983/504 982/982/503
f 983/983/504 987/987/508 985/985/506
f 988/988/509 985/985/506 987/987/508
f 985/985/506 988/988/509 989/989/510
f 989/989/510 986/986/507 985/985/506
f 986/986/507 989/989/510 990/990/511
f 991/991/512 990/990/511 989/989/510
f 990/990/511 991/991/512 992/992/513
f 993/993/514 989/989/510 988/988/509
f 989/989/510 993/993/514 991/991/512
f 994/994/515 991/991/512 993/993/514
f 991/991/512 994/994/515 995/995/516
f 995/995/516 992/992/513 991/991/512
f 992/992/513 995/995/516 996/996/517
f 997/997/518 996/996/517 995/995/516
f 996/996/517 997/997/518 998/998/519
f 999/999/520 995/995/516 994/994/515
f 995/995/516 999/999/520 997/997/518
f 1000/1000/521 997/997/518 999/999/520
f 997/997/518 1000/1000/521 1001/1001/522
f 1001/1001/522 998/998/519 997/997/518
f 998/998/519 1001/1001/522 1002/1002/523
f 1003/1003/524 1002/1002/523 1001/1001/522
f 1002/1002/523 1003/1003/524 1004/1004/525
f 1005/1005/526 1001/1001/522 1000/1000/521
f 1001/1001/522 1005/1005/526 1003/1003/524
f 1006/1006/527 1003/1003/524 1005/1005/526
f 1003/1003/524 1006/1006/527 1007/1007/528
f 1007/1007/528 1004/1004/525 1003/1003/524
f 1004/1004/525 1007/1007/528 1008/1008/529
f 1009/1009/530 1008/1008/529 1007/1007/528
f 1008/1008/529 1009/1009/530 1010/1010/531
f 1011/1011/532 1007/1007/528 1006/1006/527
f 1007/1007/528 1011/1011/532 1009/1009/530
f 1012/1012/533 1009/1009/530 1011/1011/532
f 1009/1009/530 1012/1012/533 1013/1013/534
f 1013/1013/534 1010/1010/531 1009/1009/530
f 1010/1010/531 1013/1013/534 1014/1014/535
f 1015/1015/536 1014/1014/535 1013/1013/534
f 1014/1014/535 1015/1015/536 1016/1016/537
f 1017/1017/538 1013/1013/534 1012/1012/533
f 1013/1013/534 1017/1017/538 1015/1015/536
f 1018/1018/539 1015/1015/536 1017/1017/538
f 1015/1015/536 1018/1018/539 1019/1019/540
f 1019/1019/540 1016/1016/537 1015/1015/536
f 1016/1016/537 1019/1019/540 1020/1020/541
f 1021/1021/542 1020/1020/541 1019/1019/540
f 1020/1020/541 1021/1021/542 1022/1022/543
f 1023/1023/544 1019/1019/540 1018/1018/539
f 1019/1019/540 1023/1023/544 1021/1021/542
f 1024/1024/545 1021/1021/542 1023/1023/544
f 1021/1021/542 1024/1024/545 1025/1025/546
f 1025/1025/546 1022/1022/543 1021/1021/542
f 1022/1022/543 1025/1025/546 1026/1026/547
f 1027/1027/548 1026/1026/547 1025/1025/546
f 1026/1026/547 1027/1027/548 1028/1028/549
f 1029/1029/550 1025/1025/546 1024/1024/545
f 1025/1025/546 1029/1029/550 1027/1027/548
f 1030/1030/551 1027/1027/548 1029/1029/550
f 1027/1027/548 1030/1030/551 1031/1031/552
f 1031/1031/552 1028/1028/549 1027/1027/548
f 1028/1028/549 1031/1031/552 1032/1032/553
f 1033/1033/554 1032/1032/553 1031/1031/552
f 1032/1032/553 1033/1033/554 1034/1034/555
f 1035/1035/556 1031/1031/552 1030/1030/551
f 1031/1031/552 1035/1035/556 1033/1033/554
f 1036/1036/557 1033/1033/554 1035/1035/556
f 1033/1033/554 1036/1036/557 1037/1037/558
f 1037/1037/558 1034/1034/555 1033/1033/554
f 1034/1034/555 1037/1037/558 1038/1038/559
f 1039/1039/560 1038/1038/559 1037/1037/558
f 1038/1038/559 1039/1039/560 1040/1040/561
f 1041/1041/562 1037/1037/558 1036/1036/557
f 1037/1037/558 1041/1041/562 1039/1039/560
f 1042/1042/563 1044/1043/564 1043/1044/565
f 1044/1043/564 1042/1042/563 1045/1045/566
f 1045/1045/566 1046/1046/567 1044/1043/564
f 1046/1046/567 1045/1045/566 1047/1047/568
f 717/716/238 1047/1047/568 1045/1045/566
f 1047/1047/568 717/716/238 719/719/241
f 716/717/239 1045/1045/566 1042/1042/563
f 1045/1045/566 716/717/239 717/716/238
f 1047/1047/568 1048/1048/569 1046/1046/567
f 1048/1048/569 1047/1047/568 1049/1049/570
f 720/720/242 1050/1050/571 1049/1049/570
f 1050/1050/571 720/720/242 722/722/244
f 719/719/241 1049/1049/570 1047/1047/568
f 1049/1049/570 719/719/241 720/720/242
f 1051/1051/572 1053/1052/573 1052/1053/574
f 1053/1052/573 1051/1051/572 1054/1054/575
f 1054/1054/575 1043/1044/565 1053/1052/573
f 1043/1044/565 1054/1054/575 1042/1042/563
f 715/715/237 1042/1042/563 1054/1054/575
f 1042/1042/563 715/715/237 716/717/239
f 723/723/245 1054/1054/575 1051/1051/572
f 1054/1054/575 723/723/245 715/715/237
f 1056/1055/576 1055/1056/577 1057/1057/578
f 726/726/248 1057/1057/578 1055/1056/577
f 1057/1057/578 726/726/248 728/728/250
f 722/722/244 1055/1056/577 1050/1050/571
f 1055/1056/577 722/722/244 726/726/248
f 1058/1058/579 1060/1059/580 1059/1060/581
f 1060/1059/580 1058/1058/579 1061/1061/582
f 1061/1061/582 1052/1053/574 1060/1059/580
f 1052/1053/574 1061/1061/582 1051/1051/572
f 724/724/246 1051/1051/572 1061/1061/582
f 1051/1051/572 724/724/246 723/723/245
f 729/729/251 1061/1061/582 1058/1058/579
f 1061/1061/582 729/729/251 724/724/246
f 1057/1057/578 1062/1062/583 1056/1055/576
f 1062/1062/583 1057/1057/578 1063/1063/584
f 1063/1063/584 1064/1064/585 1062/1062/583
f 1064/1064/585 1063/1063/584 1065/1065/586
f 732/732/254 1065/1065/586 1063/1063/584
f 1065/1065/586 732/732/254 734/734/256
f 728/728/250 1063/1063/584 1057/1057/578
f 1063/1063/584 728/728/250 732/732/254
f 1066/1066/587 1068/1067/588 1067/1068/589
f 1068/1067/588 1066/1066/587 1069/1069/590
f 1069/1069/590 1059/1060/581 1068/1067/588
f 1059/1060/581 1069/1069/590 1058/1058/579
f 730/730/252 1058/1058/579 1069/1069/590
f 1058/1058/579 730/730/252 729/729/251
f 735/735/257 1069/1069/590 1066/1066/587
f 1069/1069/590 735/735/257 730/730/252
f 1065/1065/586 1070/1070/591 1064/1064/585
f 1070/1070/591 1065/1065/586 1071/1071/592
f 1071/1071/592 1072/1072/593 1070/1070/591
f 1072/1072/593 1071/1071/592 1073/1073/594
f 738/738/260 1073/1073/594 1071/1071/592
f 1073/1073/594 738/738/260 740/740/262
f 734/734/256 1071/1071/592 1065/1065/586
f 1071/1071/592 734/734/256 738/738/260
f 1074/1074/595 1076/1075/596 1075/1076/597
f 1076/1075/596 1074/1074/595 1077/1077/598
f 1077/1077/598 1067/1068/589 1076/1075/596
f 1067/1068/589 1077/1077/598 1066/1066/587
f 736/736/258 1066/1066/587 1077/1077/598
f 1066/1066/587 736/736/258 735/735/257
f 741/741/263 1077/1077/598 1074/1074/595
f 1077/1077/598 741/741/263 736/736/258
f 1073/1073/594 1078/1078/599 1072/1072/593
f 1078/1078/599 1073/1073/594 1079/1079/600
f 1079/1079/600 1080/1080/601 1078/1078/599
f 1080/1080/601 1079/1079/600 1081/1081/602
f 744/744/266 1081/1081/602 1079/1079/600
f 1081/1081/602 744/744/266 746/746/268
f 740/740/262 1079/1079/600 1073/1073/594
f 1079/1079/600 740/740/262 744/744/266
f 1082/1082/603 1084/1083/604 1083/1084/605
f 1084/1083/604 1082/1082/603 1085/1085/606
f 1085/1085/606 1075/1076/597 1084/1083/604
f 1075/1076/597 1085/1085/606 1074/1074/595
f 742/742/264 1074/1074/595 1085/1085/606
f 1074/1074/595 742/742/264 741/741/263
f 747/747/269 1085/1085/606 1082/1082/603
f 1085/1085/606 747/747/269 742/742/264
f 1081/1081/602 1086/1086/607 1080/1080/601
f 1086/1086/607 1081/1081/602 1087/1087/608
f 1087/1087/608 1088/1088/609 1086/1086/607
f 1088/1088/609 1087/1087/608 1089/1089/610
f 750/750/272 1089/1089/610 1087/1087/608
f 1089/1089/610 750/750/272 752/752/274
f 746/746/268 1087/1087/608 1081/1081/602
f 1087/1087/608 746/746/268 750/750/272
f 1090/1090/611 1092/1091/612 1091/1092/613
f 1092/1091/612 1090/1090/611 1093/1093/614
f 1093/1093/614 1083/1084/605 1092/1091/612
f 1083/1084/605 1093/1093/614 1082/1082/603
f 748/748/270 1082/1082/603 1093/1093/614
f 1082/1082/603 748/748/270 747/747/269
f 753/753/275 1093/1093/614 1090/1090/611
f 1093/1093/614 753/753/275 748/748/270
f 1089/1089/610 1094/1094/615 1088/1088/609
f 1094/1094/615 1089/1089/610 1095/1095/616
f 1095/1095/616 1096/1096/617 1094/1094/615
f 1096/1096/617 1095/1095/616 1097/1097/618
f 756/756/278 1097/1097/618 1095/1095/616
f 1097/1097/618 756/756/278 758/758/280
f 752/752/274 1095/1095/616 1089/1089/610
f 1095/1095/616 752/752/274 756/756/278
f 1098/1098/619 1100/1099/620 1099/1100/621
f 1100/1099/620 1098/1098/619 1101/1101/622
f 1101/1101/622 1091/1092/613 1100/1099/620
f 1091/1092/613 1101/1101/622 1090/1090/611
f 754/754/276 1090/1090/611 1101/1101/622
f 1090/1090/611 754/754/276 753/753/275
f 759/759/281 1101/1101/622 1098/1098/619
f 1101/1101/622 759/759/281 754/754/276
f 1097/1097/618 1102/1102/623 1096/1096/617
f 1102/1102/623 1097/1097/618 1103/1103/624
f 1103/1103/624 1104/1104/625 1102/1102/623
f 1104/1104/625 1103/1103/624 1105/1105/626
f 762/762/284 1105/1105/626 1103/1103/624
f 1105/1105/626 762/762/284 764/764/286
f 758/758/280 1103/1103/624 1097/1097/618
f 1103/1103/624 758/758/280 762/762/284
f 1106/1106/627 1108/1107/628 1107/1108/629
f 1108/1107/628 1106/1106/627 1109/1109/630
f 1109/1109/630 1099/1100/621 1108/1107/628
f 1099/1100/621 1109/1109/630 1098/1098/619
f 760/760/282 1098/1098/619 1109/1109/630
f 1098/1098/619 760/760/282 759/759/281
f 765/765/287 1109/1109/630 1106/1106/627
f 1109/1109/630 765/765/287 760/760/282
f 1105/1105/626 1110/1110/631 1104/1104/625
f 1110/1110/631 1105/1105/626 1111/1111/632
f 1111/1111/632 1112/1112/633 1110/1110/631
f 1112/1112/633 1111/1111/632 1113/1113/634
f 768/768/290 1113/1113/634 1111/1111/632
f 1113/1113/634 768/768/290 770/770/292
f 764/764/286 1111/1111/632 1105/1105/626
f 1111/1111/632 764/764/286 768/768/290
f 1114/1114/635 1116/1115/636 1115/1116/637
f 1116/1115/636 1114/1114/635 1117/1117/638
f 1117/1117/638 1107/1108/629 1116/1115/636
f 1107/1108/629 1117/1117/638 1106/1106/627
f 766/766/288 1106/1106/627 1117/1117/638
f 1106/1106/627 766/766/288 765/765/287
f 771/771/293 1117/1117/638 1114/1114/635
f 1117/1117/638 771/771/293 766/766/288
f 1113/1113/634 1118/1118/639 1112/1112/633
f 1118/1118/639 1113/1113/634 1119/1119/640
f 1119/1119/640 1120/1120/641 1118/1118/639
f 1120/1120/641 1119/1119/640 1121/1121/642
f 774/774/296 1121/1121/642 1119/1119/640
f 1121/1121/642 774/774/296 776/776/298
f 770/770/292 1119/1119/640 1113/1113/634
f 1119/1119/640 770/770/292 774/774/296
f 1122/1122/643 1124/1123/644 1123/1124/645
f 1124/1123/644 1122/1122/643 1125/1125/646
f 1125/1125/646 1115/1116/637 1124/1123/644
f 1115/1116/637 1125/1125/646 1114/1114/635
f 772/772/294 1114/1114/635 1125/1125/646
f 1114/1114/635 772/772/294 771/771/293
f 777/777/299 1125/1125/646 1122/1122/643
f 1125/1125/646 777/777/299 772/772/294
f 1121/1121/642 1126/1126/647 1120/1120/641
f 1126/1126/647 1121/1121/642 1127/1127/648
f 1127/1127/648 1128/1128/649 1126/1126/647
f 1128/1128/649 1127/1127/648 1129/1129/650
f 780/780/302 1129/1129/650 1127/1127/648
f 1129/1129/650 780/780/302 782/782/304
f 776/776/298 1127/1127/648 1121/1121/642
f 1127/1127/648 776/776/298 780/780/302
f 1130/1130/651 1132/1131/652 1131/1132/653
f 1132/1131/652 1130/1130/651 1133/1133/654
f 1133/1133/654 1123/1124/645 1132/1131/652
f 1123/1124/645 1133/1133/654 1122/1122/643
f 778/778/300 1122/1122/643 1133/1133/654
f 1122/1122/643 778/778/300 777/777/299
f 783/783/305 1133/1133/654 1130/1130/651
f 1133/1133/654 783/783/305 778/778/300
f 1134/1134/655 1136/1135/656 1135/1136/649
f 1136/1135/656 1134/1134/655 1137/1137/657
f 1137/1137/657 1138/1138/658 1136/1135/656
f 1138/1138/658 1137/1137/657 1139/1139/659
f 789/789/311 1139/1139/659 1137/1137/657
f 1139/1139/659 789/789/311 791/791/313
f 788/788/310 1137/1137/657 1134/1134/655
f 1137/1137/657 788/788/310 789/789/311
f 1140/1140/660 1142/1141/661 1141/1142/662
f 1142/1141/661 1140/1140/660 1143/1143/663
f 1143/1143/663 1144/1144/653 1142/1141/661
f 1144/1144/653 1143/1143/663 1145/1145/664
f 784/784/306 1145/1145/664 1143/1143/663
f 1145/1145/664 784/784/306 785/786/308
f 792/792/314 1143/1143/663 1140/1140/660
f 1143/1143/663 792/792/314 784/784/306
f 1139/1139/659 1146/1146/665 1138/1138/658
f 1146/1146/665 1139/1139/659 1147/1147/666
f 1147/1147/666 1148/1148/667 1146/1146/665
f 1148/1148/667 1147/1147/666 1149/1149/668
f 795/795/317 1149/1149/668 1147/1147/666
f 1149/1149/668 795/795/317 797/797/319
f 791/791/313 1147/1147/666 1139/1139/659
f 1147/1147/666 791/791/313 795/795/317
f 1150/1150/669 1152/1151/670 1151/1152/671
f 1152/1151/670 1150/1150/669 1153/1153/672
f 1153/1153/672 1141/1142/662 1152/1151/670
f 1141/1142/662 1153/1153/672 1140/1140/660
f 793/793/315 1140/1140/660 1153/1153/672
f 1140/1140/660 793/793/315 792/792/314
f 798/798/320 1153/1153/672 1150/1150/669
f 1153/1153/672 798/798/320 793/793/315
f 1149/1149/668 1154/1154/673 1148/1148/667
f 1154/1154/673 1149/1149/668 1155/1155/674
f 1155/1155/674 1156/1156/675 1154/1154/673
f 1156/1156/675 1155/1155/674 1157/1157/676
f 801/801/323 1157/1157/676 1155/1155/674
f 1157/1157/676 801/801/323 803/803/325
f 797/797/319 1155/1155/674 1149/1149/668
f 1155/1155/674 797/797/319 801/801/323
f 1158/1158/677 1160/1159/678 1159/1160/679
f 1160/1159/678 1158/1158/677 1161/1161/680
f 1161/1161/680 1151/1152/671 1160/1159/678
f 1151/1152/671 1161/1161/680 1150/1150/669
f 799/799/321 1150/1150/669 1161/1161/680
f 1150/1150/669 799/799/321 798/798/320
f 804/804/326 1161/1161/680 1158/1158/677
f 1161/1161/680 804/804/326 799/799/321
f 1157/1157/676 1162/1162/681 1156/1156/675
f 1162/1162/681 1157/1157/676 1163/1163/682
f 1163/1163/682 1164/1164/683 1162/1162/681
f 1164/1164/683 1163/1163/682 1165/1165/684
f 807/807/329 1165/1165/684 1163/1163/682
f 1165/1165/684 807/807/329 809/809/331
f 803/803/325 1163/1163/682 1157/1157/676
f 1163/1163/682 803/803/325 807/807/329
f 1166/1166/685 1168/1167/686 1167/1168/687
f 1168/1167/686 1166/1166/685 1169/1169/688
f 1169/1169/688 1159/1160/679 1168/1167/686
f 1159/1160/679 1169/1169/688 1158/1158/677
f 805/805/327 1158/1158/677 1169/1169/688
f 1158/1158/677 805/805/327 804/804/326
f 810/810/332 1169/1169/688 1166/1166/685
f 1169/1169/688 810/810/332 805/805/327
f 1165/1165/684 1170/1170/689 1164/1164/683
f 1170/1170/689 1165/1165/684 1171/1171/690
f 1171/1171/690 1172/1172/691 1170/1170/689
f 1172/1172/691 1171/1171/690 1173/1173/692
f 813/813/335 1173/1173/692 1171/1171/690
f 1173/1173/692 813/813/335 815/815/337
f 809/809/331 1171/1171/690 1165/1165/684
f 1171/1171/690 809/809/331 813/813/335
f 1174/1174/693 1176/1175/694 1175/1176/695
f 1176/1175/694 1174/1174/693 1177/1177/696
f 1177/1177/696 1167/1168/687 1176/1175/694
f 1167/1168/687 1177/1177/696 1166/1166/685
f 811/811/333 1166/1166/685 1177/1177/696
f 1166/1166/685 811/811/333 810/810/332
f 816/816/338 1177/1177/696 1174/1174/693
f 1177/1177/696 816/816/338 811/811/333
f 1173/1173/692 1178/1178/697 1172/1172/691
f 1178/1178/697 1173/1173/692 1179/1179/698
f 1179/1179/698 1180/1180/699 1178/1178/697
f 1180/1180/699 1179/1179/698 1181/1181/700
f 819/819/341 1181/1181/700 1179/1179/698
f 1181/1181/700 819/819/341 821/821/343
f 815/815/337 1179/1179/698 1173/1173/692
f 1179/1179/698 815/815/337 819/819/341
f 1182/1182/701 1184/1183/702 1183/1184/703
f 1184/1183/702 1182/1182/701 1185/1185/704
f 1185/1185/704 1175/1176/695 1184/1183/702
f 1175/1176/695 1185/1185/704 1174/1174/693
f 817/817/339 1174/1174/693 1185/1185/704
f 1174/1174/693 817/817/339 816/816/338
f 822/822/344 1185/1185/704 1182/1182/701
f 1185/1185/704 822/822/344 817/817/339
f 1181/1181/700 1186/1186/705 1180/1180/699
f 1186/1186/705 1181/1181/700 1187/1187/706
f 1187/1187/706 1188/1188/707 1186/1186/705
f 1188/1188/707 1187/1187/706 1189/1189/708
f 825/825/347 1189/1189/708 1187/1187/706
f 1189/1189/708 825/825/347 827/827/349
f 821/821/343 1187/1187/706 1181/1181/700
f 1187/1187/706 821/821/343 825/825/347
f 1190/1190/709 1192/1191/710 1191/1192/711
f 1192/1191/710 1190/1190/709 1193/1193/712
f 1193/1193/712 1183/1184/703 1192/1191/710
f 1183/1184/703 1193/1193/712 1182/1182/701
f 823/823/345 1182/1182/701 1193/1193/712
f 1182/1182/701 823/823/345 822/822/344
f 828/828/350 1193/1193/712 1190/1190/709
f 1193/1193/712 828/828/350 823/823/345
f 1189/1189/708 1194/1194/713 1188/1188/707
f 1194/1194/713 1189/1189/708 1195/1195/714
f 1195/1195/714 1196/1196/715 1194/1194/713
f 1196/1196/715 1195/1195/714 1197/1197/716
f 831/831/353 1197/1197/716 1195/1195/714
f 1197/1197/716 831/831/353 833/833/355
f 827/827/349 1195/1195/714 1189/1189/708
f 1195/1195/714 827/827/349 831/831/353
f 1198/1198/717 1200/1199/718 1199/1200/719
f 1200/1199/718 1198/1198/717 1201/1201/720
f 1201/1201/720 1191/1192/711 1200/1199/718
f 1191/1192/711 1201/1201/720 1190/1190/709
f 829/829/351 1190/1190/709 1201/1201/720
f 1190/1190/709 829/829/351 828/828/350
f 834/834/356 1201/1201/720 1198/1198/717
f 1201/1201/720 834/834/356 829/829/351
f 1197/1197/716 1202/1202/721 1196/1196/715
f 1202/1202/721 1197/1197/716 1203/1203/722
f 1203/1203/722 1204/1204/723 1202/1202/721
f 1204/1204/723 1203/1203/722 1205/1205/724
f 837/837/359 1205/1205/724 1203/1203/722
f 1205/1205/724 837/837/359 839/839/361
f 833/833/355 1203/1203/722 1197/1197/716
f 1203/1203/722 833/833/355 837/837/359
f 1206/1206/725 1208/1207/726 1207/1208/727
f 1208/1207/726 1206/1206/725 1209/1209/728
f 1209/1209/728 1199/1200/719 1208/1207/726
f 1199/1200/719 1209/1209/728 1198/1198/717
f 835/835/357 1198/1198/717 1209/1209/728
f 1198/1198/717 835/835/357 834/834/356
f 840/840/362 1209/1209/728 1206/1206/725
f 1209/1209/728 840/840/362 835/835/357
f 1205/1205/724 1210/1210/729 1204/1204/723
f 1210/1210/729 1205/1205/724 1211/1211/730
f 1211/1211/730 1212/1212/731 1210/1210/729
f 1212/1212/731 1211/1211/730 1213/1213/732
f 843/843/365 1213/1213/732 1211/1211/730
f 1213/1213/732 843/843/365 845/845/367
f 839/839/361 1211/1211/730 1205/1205/724
f 1211/1211/730 839/839/361 843/843/365
f 1214/1214/733 1216/1215/734 1215/1216/735
f 1216/1215/734 1214/1214/733 1217/1217/736
f 1217/1217/736 1207/1208/727 1216/1215/734
f 1207/1208/727 1217/1217/736 1206/1206/725
f 841/841/363 1206/1206/725 1217/1217/736
f 1206/1206/725 841/841/363 840/840/362
f 846/846/368 1217/1217/736 1214/1214/733
f 1217/1217/736 846/846/368 841/841/363
f 1213/1213/732 1218/1218/737 1212/1212/731
f 1218/1218/737 1213/1213/732 1219/1219/738
f 1219/1219/738 1220/1220/739 1218/1218/737
f 1220/1220/739 1219/1219/738 1221/1221/740
f 849/849/371 1221/1221/740 1219/1219/738
f 1221/1221/740 849/849/371 851/851/373
f 845/845/367 1219/1219/738 1213/1213/732
f 1219/1219/738 845/845/367 849/849/371
f 1222/1222/741 1224/1223/742 1223/1224/743
f 1224/1223/742 1222/1222/741 1225/1225/744
f 1225/1225/744 1215/1216/735 1224/1223/742
f 1215/1216/735 1225/1225/744 1214/1214/733
f 847/847/369 1214/1214/733 1225/1225/744
f 1214/1214/733 847/847/369 846/846/368
f 852/852/374 1225/1225/744 1222/1222/741
f 1225/1225/744 852/852/374 847/847/369
f 1221/1221/740 1226/1226/745 1220/1220/739
f 1226/1226/745 1221/1221/740 1227/1227/746
f 1227/1227/746 1228/1228/747 1226/1226/745
f 1228/1228/747 1227/1227/746 1229/1229/748
f 855/855/377 1229/1229/748 1227/1227/746
f 1229/1229/748 855/855/377 857/857/379
f 851/851/373 1227/1227/746 1221/1221/740
f 1227/1227/746 851/851/373 855/855/377
f 1230/1230/749 1232/1231/750 1231/1232/751
f 1232/1231/750 1230/1230/749 1233/1233/752
f 1233/1233/752 1223/1224/743 1232/1231/750
f 1223/1224/743 1233/1233/752 1222/1222/741
f 853/853/375 1222/1222/741 1233/1233/752
f 1222/1222/741 853/853/375 852/852/374
f 858/858/380 1233/1233/752 1230/1230/749
f 1233/1233/752 858/858/380 853/853/375
f 1229/1229/748 1234/1234/753 1228/1228/747
f 1234/1234/753 1229/1229/748 1235/1235/754
f 1235/1235/754 1236/1236/755 1234/1234/753
f 1236/1236/755 1235/1235/754 1237/1237/756
f 861/861/383 1237/1237/756 1235/1235/754
f 1237/1237/756 861/861/383 863/863/385
f 857/857/379 1235/1235/754 1229/1229/748
f 1235/1235/754 857/857/379 861/861/383
f 1238/1238/757 1240/1239/758 1239/1240/759
f 1240/1239/758 1238/1238/757 1241/1241/760
f 1241/1241/760 1231/1232/751 1240/1239/758
f 1231/1232/751 1241/1241/760 1230/1230/749
f 859/859/381 1230/1230/749 1241/1241/760
f 1230/1230/749 859/859/381 858/858/380
f 864/864/386 1241/1241/760 1238/1238/757
f 1241/1241/760 864/864/386 859/859/381
f 1237/1237/756 1242/1242/761 1236/1236/755
f 1242/1242/761 1237/1237/756 1243/1243/762
f 1243/1243/762 1244/1244/763 1242/1242/761
f 1244/1244/763 1243/1243/762 1245/1245/764
f 867/867/389 1245/1245/764 1243/1243/762
f 1245/1245/764 867/867/389 869/869/391
f 863/863/385 1243/1243/762 1237/1237/756
f 1243/1243/762 863/863/385 867/867/389
f 1246/1246/765 1248/1247/766 1247/1248/767
f 1248/1247/766 1246/1246/765 1249/1249/768
f 1249/1249/768 1239/1240/759 1248/1247/766
f 1239/1240/759 1249/1249/768 1238/1238/757
f 865/865/387 1238/1238/757 1249/1249/768
f 1238/1238/757 865/865/387 864/864/386
f 870/870/392 1249/1249/768 1246/1246/765
f 1249/1249/768 870/870/392 865/865/387
f 1245/1245/764 1250/1250/769 1244/1244/763
f 1250/1250/769 1245/1245/764 1251/1251/770
f 1251/1251/770 1252/1252/771 1250/1250/769
f 1252/1252/771 1251/1251/770 1253/1253/772
f 873/873/395 1253/1253/772 1251/1251/770
f 1253/1253/772 873/873/395 875/875/397
f 869/869/391 1251/1251/770 1245/1245/764
f 1251/1251/770 869/869/391 873/873/395
f 1254/1254/773 1256/1255/774 1255/1256/775
f 1256/1255/774 1254/1254/773 1257/1257/776
f 1257/1257/776 1247/1248/767 1256/1255/774
f 1247/1248/767 1257/1257/776 1246/1246/765
f 871/871/393 1246/1246/765 1257/1257/776
f 1246/1246/765 871/871/393 870/870/392
f 876/876/398 1257/1257/776 1254/1254/773
f 1257/1257/776 876/876/398 871/871/393
f 1253/1253/772 1258/1258/777 1252/1252/771
f 1258/1258/777 1253/1253/772 1259/1259/778
f 1259/1259/778 1260/1260/779 1258/1258/777
f 1260/1260/779 1259/1259/778 1261/1261/780
f 879/879/401 1261/1261/780 1259/1259/778
f 1261/1261/780 879/879/401 881/881/403
f 875/875/397 1259/1259/778 1253/1253/772
f 1259/1259/778 875/875/397 879/879/401
f 1262/1262/781 1264/1263/782 1263/1264/783
f 1264/1263/782 1262/1262/781 1265/1265/784
f 1265/1265/784 1255/1256/775 1264/1263/782
f 1255/1256/775 1265/1265/784 1254/1254/773
f 877/877/399 1254/1254/773 1265/1265/784
f 1254/1254/773 877/877/399 876/876/398
f 882/882/404 1265/1265/784 1262/1262/781
f 1265/1265/784 882/882/404 877/877/399
f 1266/1266/785 1268/1267/786 1267/1268/787
f 1268/1267/786 1266/1266/785 1269/1269/788
f 1269/1269/788 1270/1270/789 1268/1267/786
f 1270/1270/789 1269/1269/788 1271/1271/790
f 888/888/409 1271/1271/790 1269/1269/788
f 1271/1271/790 888/888/409 890/890/411
f 887/887/408 1269/1269/788 1266/1266/785
f 1269/1269/788 887/887/408 888/888/409
f 1272/1272/791 1274/1273/792 1273/1274/793
f 1274/1273/792 1272/1272/791 1275/1275/794
f 1275/1275/794 1276/1276/795 1274/1273/792
f 1276/1276/795 1275/1275/794 1277/1277/781
f 883/883/405 1277/1277/781 1275/1275/794
f 1277/1277/781 883/883/405 884/885/404
f 891/891/412 1275/1275/794 1272/1272/791
f 1275/1275/794 891/891/412 883/883/405
f 1271/1271/790 1278/1278/796 1270/1270/789
f 1278/1278/796 1271/1271/790 1279/1279/797
f 1279/1279/797 1280/1280/798 1278/1278/796
f 1280/1280/798 1279/1279/797 1281/1281/799
f 894/894/415 1281/1281/799 1279/1279/797
f 1281/1281/799 894/894/415 896/896/417
f 890/890/411 1279/1279/797 1271/1271/790
f 1279/1279/797 890/890/411 894/894/415
f 1282/1282/800 1284/1283/801 1283/1284/802
f 1284/1283/801 1282/1282/800 1285/1285/803
f 1285/1285/803 1273/1274/793 1284/1283/801
f 1273/1274/793 1285/1285/803 1272/1272/791
f 892/892/413 1272/1272/791 1285/1285/803
f 1272/1272/791 892/892/413 891/891/412
f 897/897/418 1285/1285/803 1282/1282/800
f 1285/1285/803 897/897/418 892/892/413
f 1281/1281/799 1286/1286/804 1280/1280/798
f 1286/1286/804 1281/1281/799 1287/1287/805
f 1287/1287/805 1288/1288/806 1286/1286/804
f 1288/1288/806 1287/1287/805 1289/1289/807
f 900/900/421 1289/1289/807 1287/1287/805
f 1289/1289/807 900/900/421 902/902/423
f 896/896/417 1287/1287/805 1281/1281/799
f 1287/1287/805 896/896/417 900/900/421
f 1290/1290/808 1292/1291/809 1291/1292/810
f 1292/1291/809 1290/1290/808 1293/1293/811
f 1293/1293/811 1283/1284/802 1292/1291/809
f 1283/1284/802 1293/1293/811 1282/1282/800
f 898/898/419 1282/1282/800 1293/1293/811
f 1282/1282/800 898/898/419 897/897/418
f 903/903/424 1293/1293/811 1290/1290/808
f 1293/1293/811 903/903/424 898/898/419
f 1289/1289/807 1294/1294/812 1288/1288/806
f 1294/1294/812 1289/1289/807 1295/1295/813
f 1295/1295/813 1296/1296/814 1294/1294/812
f 1296/1296/814 1295/1295/813 1297/1297/815
f 906/906/427 1297/1297/815 1295/1295/813
f 1297/1297/815 906/906/427 908/908/429
f 902/902/423 1295/1295/813 1289/1289/807
f 1295/1295/813 902/902/423 906/906/427
f 1298/1298/816 1300/1299/817 1299/1300/818
f 1300/1299/817 1298/1298/816 1301/1301/819
f 1301/1301/819 1291/1292/810 1300/1299/817
f 1291/1292/810 1301/1301/819 1290/1290/808
f 904/904/425 1290/1290/808 1301/1301/819
f 1290/1290/808 904/904/425 903/903/424
f 909/909/430 1301/1301/819 1298/1298/816
f 1301/1301/819 909/909/430 904/904/425
f 1297/1297/815 1302/1302/820 1296/1296/814
f 1302/1302/820 1297/1297/815 1303/1303/821
f 1303/1303/821 1304/1304/822 1302/1302/820
f 1304/1304/822 1303/1303/821 1305/1305/823
f 912/912/433 1305/1305/823 1303/1303/821
f 1305/1305/823 912/912/433 914/914/435
f 908/908/429 1303/1303/821 1297/1297/815
f 1303/1303/821 908/908/429 912/912/433
f 1306/1306/824 1308/1307/825 1307/1308/826
f 1308/1307/825 1306/1306/824 1309/1309/827
f 1309/1309/827 1299/1300/818 1308/1307/825
f 1299/1300/818 1309/1309/827 1298/1298/816
f 910/910/431 1298/1298/816 1309/1309/827
f 1298/1298/816 910/910/431 909/909/430
f 915/915/436 1309/1309/827 1306/1306/824
f 1309/1309/827 915/915/436 910/910/431
f 1305/1305/823 1310/1310/828 1304/1304/822
f 1310/1310/828 1305/1305/823 1311/1311/829
f 1311/1311/829 1312/1312/830 1310/1310/828
f 1312/1312/830 1311/1311/829 1313/1313/831
f 918/918/439 1313/1313/831 1311/1311/829
f 1313/1313/831 918/918/439 920/920/441
f 914/914/435 1311/1311/829 1305/1305/823
f 1311/1311/829 914/914/435 918/918/439
f 1314/1314/832 1316/1315/833 1315/1316/834
f 1316/1315/833 1314/1314/832 1317/1317/835
f 1317/1317/835 1307/1308/826 1316/1315/833
f 1307/1308/826 1317/1317/835 1306/1306/824
f 916/916/437 1306/1306/824 1317/1317/835
f 1306/1306/824 916/916/437 915/915/436
f 921/921/442 1317/1317/835 1314/1314/832
f 1317/1317/835 921/921/442 916/916/437
f 1313/1313/831 1318/1318/836 1312/1312/830
f 1318/1318/836 1313/1313/831 1319/1319/837
f 1319/1319/837 1320/1320/838 1318/1318/836
f 1320/1320/838 1319/1319/837 1321/1321/839
f 924/924/445 1321/1321/839 1319/1319/837
f 1321/1321/839 924/924/445 926/926/447
f 920/920/441 1319/1319/837 1313/1313/831
f 1319/1319/837 920/920/441 924/924/445
f 1322/1322/840 1324/1323/841 1323/1324/842
f 1324/1323/841 1322/1322/840 1325/1325/843
f 1325/1325/843 1315/1316/834 1324/1323/841
f 1315/1316/834 1325/1325/843 1314/1314/832
f 922/922/443 1314/1314/832 1325/1325/843
f 1314/1314/832 922/922/443 921/921/442
f 927/927/448 1325/1325/843 1322/1322/840
f 1325/1325/843 927/927/448 922/922/443
f 1321/1321/839 1326/1326/844 1320/1320/838
f 1326/1326/844 1321/1321/839 1327/1327/845
f 1327/1327/845 1328/1328/846 1326/1326/844
f 1328/1328/846 1327/1327/845 1329/1329/847
f 930/930/451 1329/1329/847 1327/1327/845
f 1329/1329/847 930/930/451 932/932/453
f 926/926/447 1327/1327/845 1321/1321/839
f 1327/1327/845 926/926/447 930/930/451
f 1330/1330/848 1332/1331/849 1331/1332/850
f 1332/1331/849 1330/1330/848 1333/1333/851
f 1333/1333/851 1323/1324/842 1332/1331/849
f 1323/1324/842 1333/1333/851 1322/1322/840
f 928/928/449 1322/1322/840 1333/1333/851
f 1322/1322/840 928/928/449 927/927/448
f 933/933/454 1333/1333/851 1330/1330/848
f 1333/1333/851 933/933/454 928/928/449
f 1329/1329/847 1334/1334/852 1328/1328/846
f 1334/1334/852 1329/1329/847 1335/1335/853
f 1335/1335/853 1336/1336/854 1334/1334/852
f 1336/1336/854 1335/1335/853 1337/1337/855
f 936/936/457 1337/1337/855 1335/1335/853
f 1337/1337/855 936/936/457 938/938/459
f 932/932/453 1335/1335/853 1329/1329/847
f 1335/1335/853 932/932/453 936/936/457
f 1338/1338/856 1340/1339/857 1339/1340/858
f 1340/1339/857 1338/1338/856 1341/1341/859
f 1341/1341/859 1331/1332/850 1340/1339/857
f 1331/1332/850 1341/1341/859 1330/1330/848
f 934/934/455 1330/1330/848 1341/1341/859
f 1330/1330/848 934/934/455 933/933/454
f 939/939/460 1341/1341/859 1338/1338/856
f 1341/1341/859 939/939/460 934/934/455
f 1337/1337/855 1342/1342/860 1336/1336/854
f 1342/1342/860 1337/1337/855 1343/1343/861
f 1343/1343/861 1344/1344/862 1342/1342/860
f 1344/1344/862 1343/1343/861 1345/1345/863
f 942/942/463 1345/1345/863 1343/1343/861
f 1345/1345/863 942/942/463 944/944/465
f 938/938/459 1343/1343/861 1337/1337/855
f 1343/1343/861 938/938/459 942/942/463
f 1346/1346/864 1348/1347/865 1347/1348/866
f 1348/1347/865 1346/1346/864 1349/1349/867
f 1349/1349/867 1339/1340/858 1348/1347/865
f 1339/1340/858 1349/1349/867 1338/1338/856
f 940/940/461 1338/1338/856 1349/1349/867
f 1338/1338/856 940/940/461 939/939/460
f 945/945/466 1349/1349/867 1346/1346/864
f 1349/1349/867 945/945/466 940/940/461
f 1345/1345/863 1350/1350/868 1344/1344/862
f 1350/1350/868 1345/1345/863 1351/1351/869
f 1351/1351/869 1352/1352/870 1350/1350/868
f 1352/1352/870 1351/1351/869 1353/1353/871
f 948/948/469 1353/1353/871 1351/1351/869
f 1353/1353/871 948/948/469 950/950/471
f 944/944/465 1351/1351/869 1345/1345/863
f 1351/1351/869 944/944/465 948/948/469
f 1354/1354/872 1356/1355/873 1355/1356/874
f 1356/1355/873 1354/1354/872 1357/1357/875
f 1357/1357/875 1347/1348/866 1356/1355/873
f 1347/1348/866 1357/1357/875 1346/1346/864
f 946/946/467 1346/1346/864 1357/1357/875
f 1346/1346/864 946/946/467 945/945/466
f 951/951/472 1357/1357/875 1354/1354/872
f 1357/1357/875 951/951/472 946/946/467
f 1353/1353/871 1358/1358/876 1352/1352/870
f 1358/1358/876 1353/1353/871 1359/1359/877
f 1359/1359/877 1360/1360/878 1358/1358/876
f 1360/1360/878 1359/1359/877 1361/1361/879
f 954/954/475 1361/1361/879 1359/1359/877
f 1361/1361/879 954/954/475 956/956/477
f 950/950/471 1359/1359/877 1353/1353/871
f 1359/1359/877 950/950/471 954/954/475
f 1362/1362/880 1364/1363/881 1363/1364/882
f 1364/1363/881 1362/1362/880 1365/1365/883
f 1365/1365/883 1355/1356/874 1364/1363/881
f 1355/1356/874 1365/1365/883 1354/1354/872
f 952/952/473 1354/1354/872 1365/1365/883
f 1354/1354/872 952/952/473 951/951/472
f 957/957/478 1365/1365/883 1362/1362/880
f 1365/1365/883 957/957/478 952/952/473
f 1361/1361/879 1366/1366/884 1360/1360/878
f 1366/1366/884 1361/1361/879 1367/1367/885
f 1367/1367/885 1368/1368/886 1366/1366/884
f 1368/1368/886 1367/1367/885 1369/1369/887
f 960/960/481 1369/1369/887 1367/1367/885
f 1369/1369/887 960/960/481 962/962/483
f 956/956/477 1367/1367/885 1361/1361/879
f 1367/1367/885 956/956/477 960/960/481
f 1370/1370/888 1372/1371/889 1371/1372/890
f 1372/1371/889 1370/1370/888 1373/1373/891
f 1373/1373/891 1363/1364/882 1372/1371/889
f 1363/1364/882 1373/1373/891 1362/1362/880
f 958/958/479 1362/1362/880 1373/1373/891
f 1362/1362/880 958/958/479 957/957/478
f 963/963/484 1373/1373/891 1370/1370/888
f 1373/1373/891 963/963/484 958/958/479
f 1369/1369/887 1374/1374/892 1368/1368/886
f 1374/1374/892 1369/1369/887 1375/1375/893
f 1375/1375/893 1376/1376/894 1374/1374/892
f 1376/1376/894 1375/1375/893 1377/1377/895
f 966/966/487 1377/1377/895 1375/1375/893
f 1377/1377/895 966/966/487 968/968/489
f 962/962/483 1375/1375/893 1369/1369/887
f 1375/1375/893 962/962/483 966/966/487
f 1378/1378/896 1380/1379/897 1379/1380/898
f 1380/1379/897 1378/1378/896 1381/1381/899
f 1381/1381/899 1371/1372/890 1380/1379/897
f 1371/1372/890 1381/1381/899 1370/1370/888
f 964/964/485 1370/1370/888 1381/1381/899
f 1370/1370/888 964/964/485 963/963/484
f 969/969/490 1381/1381/899 1378/1378/896
f 1381/1381/899 969/969/490 964/964/485
f 1377/1377/895 1382/1382/900 1376/1376/894
f 1382/1382/900 1377/1377/895 1383/1383/901
f 1383/1383/901 1384/1384/902 1382/1382/900
f 1384/1384/902 1383/1383/901 1385/1385/903
f 972/972/493 1385/1385/903 1383/1383/901
f 1385/1385/903 972/972/493 974/974/495
f 968/968/489 1383/1383/901 1377/1377/895
f 1383/1383/901 968/968/489 972/972/493
f 1386/1386/904 1388/1387/905 1387/1388/906
f 1388/1387/905 1386/1386/904 1389/1389/907
f 1389/1389/907 1379/1380/898 1388/1387/905
f 1379/1380/898 1389/1389/907 1378/1378/896
f 970/970/491 1378/1378/896 1389/1389/907
f 1378/1378/896 970/970/491 969/969/490
f 975/975/496 1389/1389/907 1386/1386/904
f 1389/1389/907 975/975/496 970/970/491
f 1385/1385/903 1390/1390/908 1384/1384/902
f 1390/1390/908 1385/1385/903 1391/1391/909
f 1391/1391/909 1392/1392/910 1390/1390/908
f 1392/1392/910 1391/1391/909 1393/1393/911
f 978/978/499 1393/1393/911 1391/1391/909
f 1393/1393/911 978/978/499 980/980/501
f 974/974/495 1391/1391/909 1385/1385/903
f 1391/1391/909 974/974/495 978/978/499
f 1394/1394/912 1396/1395/913 1395/1396/914
f 1396/1395/913 1394/1394/912 1397/1397/915
f 1397/1397/915 1387/1388/906 1396/1395/913
f 1387/1388/906 1397/1397/915 1386/1386/904
f 976/976/497 1386/1386/904 1397/1397/915
f 1386/1386/904 976/976/497 975/975/496
f 981/981/502 1397/1397/915 1394/1394/912
f 1397/1397/915 981/981/502 976/976/497
f 1393/1393/911 1398/1398/916 1392/1392/910
f 1398/1398/916 1393/1393/911 1399/1399/917
f 1399/1399/917 1400/1400/918 1398/1398/916
f 1400/1400/918 1399/1399/917 1401/1401/919
f 984/984/505 1401/1401/919 1399/1399/917
f 1401/1401/919 984/984/505 986/986/507
f 980/980/501 1399/1399/917 1393/1393/911
f 1399/1399/917 980/980/501 984/984/505
f 1402/1402/920 1404/1403/921 1403/1404/922
f 1404/1403/921 1402/1402/920 1405/1405/923
f 1405/1405/923 1395/1396/914 1404/1403/921
f 1395/1396/914 1405/1405/923 1394/1394/912
f 982/982/503 1394/1394/912 1405/1405/923
f 1394/1394/912 982/982/503 981/981/502
f 987/987/508 1405/1405/923 1402/1402/920
f 1405/1405/923 987/987/508 982/982/503
f 1401/1401/919 1406/1406/924 1400/1400/918
f 1406/1406/924 1401/1401/919 1407/1407/925
f 1407/1407/925 1408/1408/926 1406/1406/924
f 1408/1408/926 1407/1407/925 1409/1409/927
f 990/990/511 1409/1409/927 1407/1407/925
f 1409/1409/927 990/990/511 992/992/513
f 986/986/507 1407/1407/925 1401/1401/919
f 1407/1407/925 986/986/507 990/990/511
f 1410/1410/928 1412/1411/929 1411/1412/930
f 1412/1411/929 1410/1410/928 1413/1413/931
f 1413/1413/931 1403/1404/922 1412/1411/929
f 1403/1404/922 1413/1413/931 1402/1402/920
f 988/988/509 1402/1402/920 1413/1413/931
f 1402/1402/920 988/988/509 987/987/508
f 993/993/514 1413/1413/931 1410/1410/928
f 1413/1413/931 993/993/514 988/988/509
f 1409/1409/927 1414/1414/932 1408/1408/926
f 1414/1414/932 1409/1409/927 1415/1415/933
f 1415/1415/933 1416/1416/934 1414/1414/932
f 1416/1416/934 1415/1415/933 1417/1417/935
f 996/996/517 1417/1417/935 1415/1415/933
f 1417/1417/935 996/996/517 998/998/519
f 992/992/513 1415/1415/933 1409/1409/927
f 1415/1415/933 992/992/513 996/996/517
f 1418/1418/936 1420/1419/937 1419/1420/938
f 1420/1419/937 1418/1418/936 1421/1421/939
f 1421/1421/939 1411/1412/930 1420/1419/937
f 1411/1412/930 1421/1421/939 1410/1410/928
f 994/994/515 1410/1410/928 1421/1421/939
f 1410/1410/928 994/994/515 993/993/514
f 999/999/520 1421/1421/939 1418/1418/936
f 1421/1421/939 999/999/520 994/994/515
f 1417/1417/935 1422/1422/940 1416/1416/934
f 1422/1422/940 1417/1417/935 1423/1423/941
f 1423/1423/941 1424/1424/942 1422/1422/940
f 1424/1424/942 1423/1423/941 1425/1425/943
f 1002/1002/523 1425/1425/943 1423/1423/941
f 1425/1425/943 1002/1002/523 1004/1004/525
f 998/998/519 1423/1423/941 1417/1417/935
f 1423/1423/941 998/998/519 1002/1002/523
f 1426/1426/944 1428/1427/945 1427/1428/946
f 1428/1427/945 1426/1426/944 1429/1429/947
f 1429/1429/947 1419/1420/938 1428/1427/945
f 1419/1420/938 1429/1429/947 1418/1418/936
f 1000/1000/521 1418/1418/936 1429/1429/947
f 1418/1418/936 1000/1000/521 999/999/520
f 1005/1005/526 1429/1429/947 1426/1426/944
f 1429/1429/947 1005/1005/526 1000/1000/521
f 1425/1425/943 1430/1430/948 1424/1424/942
f 1430/1430/948 1425/1425/943 1431/1431/949
f 1431/1431/949 1432/1432/950 1430/1430/948
f 1432/1432/950 1431/1431/949 1433/1433/951
f 1008/1008/529 1433/1433/951 1431/1431/949
f 1433/1433/951 1008/1008/529 1010/1010/531
f 1004/1004/525 1431/1431/949 1425/1425/943
f 1431/1431/949 1004/1004/525 1008/1008/529
f 1434/1434/952 1436/1435/953 1435/1436/954
f 1436/1435/953 1434/1434/952 1437/1437/955
f 1437/1437/955 1427/1428/946 1436/1435/953
f 1427/1428/946 1437/1437/955 1426/1426/944
f 1006/1006/527 1426/1426/944 1437/1437/955
f 1426/1426/944 1006/1006/527 1005/1005/526
f 1011/1011/532 1437/1437/955 1434/1434/952
f 1437/1437/955 1011/1011/532 1006/1006/527
f 1433/1433/951 1438/1438/956 1432/1432/950
f 1438/1438/956 1433/1433/951 1439/1439/957
f 1439/1439/957 1440/1440/958 1438/1438/956
f 1440/1440/958 1439/1439/957 1441/1441/959
f 1014/1014/535 1441/1441/959 1439/1439/957
f 1441/1441/959 1014/1014/535 1016/1016/537
f 1010/1010/531 1439/1439/957 1433/1433/951
f 1439/1439/957 1010/1010/531 1014/1014/535
f 1442/1442/960 1444/1443/961 1443/1444/962
f 1444/1443/961 1442/1442/960 1445/1445/963
f 1445/1445/963 1435/1436/954 1444/1443/961
f 1435/1436/954 1445/1445/963 1434/1434/952
f 1012/1012/533 1434/1434/952 1445/1445/963
f 1434/1434/952 1012/1012/533 1011/1011/532
f 1017/1017/538 1445/1445/963 1442/1442/960
f 1445/1445/963 1017/1017/538 1012/1012/533
f 1441/1441/959 1446/1446/964 1440/1440/958
f 1446/1446/964 1441/1441/959 1447/1447/965
f 1447/1447/965 1448/1448/966 1446/1446/964
f 1448/1448/966 1447/1447/965 1449/1449/967
f 1020/1020/541 1449/1449/967 1447/1447/965
f 1449/1449/967 1020/1020/541 1022/1022/543
f 1016/1016/537 1447/1447/965 1441/1441/959
f 1447/1447/965 1016/1016/537 1020/1020/541
f 1450/1450/968 1452/1451/969 1451/1452/970
f 1452/1451/969 1450/1450/968 1453/1453/971
f 1453/1453/971 1443/1444/962 1452/1451/969
f 1443/1444/962 1453/1453/971 1442/1442/960
f 1018/1018/539 1442/1442/960 1453/1453/971
f 1442/1442/960 1018/1018/539 1017/1017/538
f 1023/1023/544 1453/1453/971 1450/1450/968
f 1453/1453/971 1023/1023/544 1018/1018/539
f 1449/1449/967 1454/1454/972 1448/1448/966
f 1454/1454/972 1449/1449/967 1455/1455/973
f 1455/1455/973 1456/1456/974 1454/1454/972
f 1456/1456/974 1455/1455/973 1457/1457/975
f 1026/1026/547 1457/1457/975 1455/1455/973
f 1457/1457/975 1026/1026/547 1028/1028/549
f 1022/1022/543 1455/1455/973 1449/1449/967
f 1455/1455/973 1022/1022/543 1026/1026/547
f 1458/1458/976 1460/1459/977 1459/1460/978
f 1460/1459/977 1458/1458/976 1461/1461/979
f 1461/1461/979 1451/1452/970 1460/1459/977
f 1451/1452/970 1461/1461/979 1450/1450/968
f 1024/1024/545 1450/1450/968 1461/1461/979
f 1450/1450/968 1024/1024/545 1023/1023/544
f 1029/1029/550 1461/1461/979 1458/1458/976
f 1461/1461/979 1029/1029/550 1024/1024/545
f 1457/1457/975 1462/1462/980 1456/1456/974
f 1462/1462/980 1457/1457/975 1463/1463/981
f 1463/1463/981 1464/1464/982 1462/1462/980
f 1464/1464/982 1463/1463/981 1465/1465/983
f 1032/1032/553 1465/1465/983 1463/1463/981
f 1465/1465/983 1032/1032/553 1034/1034/555
f 1028/1028/549 1463/1463/981 1457/1457/975
f 1463/1463/981 1028/1028/549 1032/1032/553
f 1466/1466/984 1468/1467/985 1467/1468/986
f 1468/1467/985 1466/1466/984 1469/1469/987
f 1469/1469/987 1459/1460/978 1468/1467/985
f 1459/1460/978 1469/1469/987 1458/1458/976
f 1030/1030/551 1458/1458/976 1469/1469/987
f 1458/1458/976 1030/1030/551 1029/1029/550
f 1035/1035/556 1469/1469/987 1466/1466/984
f 1469/1469/987 1035/1035/556 1030/1030/551
f 1465/1465/983 1470/1470/988 1464/1464/982
f 1470/1470/988 1465/1465/983 1471/1471/989
f 1471/1471/989 1472/1472/990 1470/1470/988
f 1472/1472/990 1471/1471/989 1473/1473/991
f 1038/1038/559 1473/1473/991 1471/1471/989
f 1473/1473/991 1038/1038/559 1040/1040/561
f 1034/1034/555 1471/1471/989 1465/1465/983
f 1471/1471/989 1034/1034/555 1038/1038/559
f 1473/1473/991 1474/1474/992 1472/1472/990
f 1474/1474/992 1473/1473/991 1475/1475/993
f 1475/1475/993 1476/1476/994 1474/1474/992
f 1476/1476/994 1475/1475/993 1477/1477/995
f 1039/1039/560 1477/1477/995 1475/1475/993
f 1477/1477/995 1039/1039/560 1041/1041/562
f 1040/1040/561 1475/1475/993 1473/1473/991
f 1475/1475/993 1040/1040/561 1039/1039/560
f 1477/1477/995 1478/1478/996 1476/1476/994
f 1478/1478/996 1477/1477/995 1479/1479/997
f 1479/1479/997 1467/1468/986 1478/1478/996
f 1467/1468/986 1479/1479/997 1466/1466/984
f 1036/1036/557 1466/1466/984 1479/1479/997
f 1466/1466/984 1036/1036/557 1035/1035/556
f 1041/1041/562 1479/1479/997 1477/1477/995
f 1479/1479/997 1041/1041/562 1036/1036/557
